/n/home00/zoewu/STEER/pointmaze/diffuser/utils/training.py:161: FutureWarning: You are using `torch.load` with `weights_only=False` (the current default value), which uses the default pickle module implicitly. It is possible to construct malicious pickle data which will execute arbitrary code during unpickling (See https://github.com/pytorch/pytorch/blob/main/SECURITY.md#untrusted-models for more details). In a future release, the default value for `weights_only` will be flipped to `True`. This limits the functions that could be executed during unpickling. Arbitrary objects will no longer be allowed to be loaded via this mode unless they are explicitly allowlisted by the user via `torch.serialization.add_safe_globals`. We recommend you start setting `weights_only=True` for any use case where you don't have full control of the loaded file. Please open an issue on GitHub for any issues related to this experimental feature.
  data = torch.load(loadpath, map_location='cpu')
[ utils/setup ] Reading config: config.pointmaze:pointmaze_giant_navigate_v0
[ utils/setup ] Using overrides | config: config.pointmaze | dataset: pointmaze_giant_navigate_v0
[ utils/setup ] Lazy fstring | diffusion_loadpath : f:diffusion/H{horizon}_T{n_diffusion_steps} --> diffusion/H400_T256
[ utils/setup ] Setting exp_name to: plans/release_H400_T256_LimitsNormalizer_b1_condFalse
[ utils/setup ] Saved args to logs/pointmaze-giant-navigate-v0/plans/release_H400_T256_LimitsNormalizer_b1_condFalse/0/args.json
[ utils/serialization ] Loaded config from logs/pointmaze-giant-navigate-v0/diffusion/H400_T256/dataset_config.pkl

[utils/config ] Config: <class 'diffuser.datasets.sequence.GoalDataset'>
    env: pointmaze-giant-navigate-v0
    horizon: 400
    max_path_length: 40000
    normalizer: LimitsNormalizer
    preprocess_fns: []
    termination_penalty: None
    use_padding: False

[ utils/serialization ] Loaded config from logs/pointmaze-giant-navigate-v0/diffusion/H400_T256/render_config.pkl

[utils/config ] Config: <class 'diffuser.utils.rendering.PointMazeRenderer'>
    env: pointmaze-giant-navigate-v0

[ utils/serialization ] Loaded config from logs/pointmaze-giant-navigate-v0/diffusion/H400_T256/model_config.pkl

[utils/config ] Config: <class 'diffuser.models.temporal.TemporalUnet'>
    cond_dim: 2
    dim_mults: (1, 4, 8)
    horizon: 424
    transition_dim: 4

[ utils/serialization ] Loaded config from logs/pointmaze-giant-navigate-v0/diffusion/H400_T256/diffusion_config.pkl

[utils/config ] Config: <class 'diffuser.models.diffusion.GaussianDiffusion'>
    action_dim: 2
    action_weight: 1
    clip_denoised: True
    horizon: 400
    loss_discount: 1
    loss_type: l2
    loss_weights: None
    n_timesteps: 256
    observation_dim: 2
    predict_epsilon: False

[ utils/serialization ] Loaded config from logs/pointmaze-giant-navigate-v0/diffusion/H400_T256/trainer_config.pkl

[utils/config ] Config: <class 'diffuser.utils.training.Trainer'>
    bucket: None
    ema_decay: 0.995
    gradient_accumulate_every: 2
    label_freq: 40000
    n_reference: 50
    n_samples: 10
    results_folder: logs/pointmaze-giant-navigate-v0/diffusion/H400_T256
    sample_freq: 1000
    save_freq: 1000
    save_parallel: False
    train_batch_size: 32
    train_lr: 0.0002

[ datasets/buffer ] Finalized replay buffer | 1500 episodes
[ datasets/buffer ] Fields:
    observations: (1500, 40000, 2)
    actions: (1500, 40000, 2)
    terminals: (1500, 40000, 1)
    next_observations: (1500, 40000, 2)
    normed_observations: (1500, 40000, 2)
    normed_actions: (1500, 40000, 2)
[ models/temporal ] Channel dimensions: [(4, 32), (32, 128), (128, 256)]
[(4, 32), (32, 128), (128, 256)]

[ utils/serialization ] Loading model epoch: 1200000

i=0 pair=(0,1) lam_t=0.95000 lam_s=0.96429 tsr_diff=0.000000 integral_mean=0.000000 integral_std=0.000000 log_ratio=0.0000 accept=1.0000 swapped=True
i=0 pair=(2,3) lam_t=0.97857 lam_s=0.99286 tsr_diff=0.000000 integral_mean=0.000000 integral_std=0.000000 log_ratio=0.0000 accept=1.0000 swapped=True
i=0 pair=(4,5) lam_t=1.00714 lam_s=1.02143 tsr_diff=0.000000 integral_mean=0.000000 integral_std=0.000000 log_ratio=0.0000 accept=1.0000 swapped=True
i=0 pair=(6,7) lam_t=1.03571 lam_s=1.05000 tsr_diff=0.000000 integral_mean=0.000000 integral_std=0.000000 log_ratio=0.0000 accept=1.0000 swapped=True
i=1 pair=(0,3) lam_t=0.96429 lam_s=0.97857 tsr_diff=0.000153 integral_mean=-0.000006 integral_std=0.000161 log_ratio=-0.0139 accept=0.9861 swapped=True
i=1 pair=(2,5) lam_t=0.99286 lam_s=1.00714 tsr_diff=0.000152 integral_mean=0.000003 integral_std=0.000158 log_ratio=0.0000 accept=1.0000 swapped=True
i=1 pair=(4,7) lam_t=1.02143 lam_s=1.03571 tsr_diff=0.000152 integral_mean=0.000002 integral_std=0.000145 log_ratio=0.0000 accept=1.0000 swapped=True
i=2 pair=(1,3) lam_t=0.95000 lam_s=0.96429 tsr_diff=0.000605 integral_mean=-0.000040 integral_std=0.000687 log_ratio=-0.0954 accept=0.9090 swapped=True
i=2 pair=(0,5) lam_t=0.97857 lam_s=0.99286 tsr_diff=0.000604 integral_mean=0.000018 integral_std=0.000632 log_ratio=0.0000 accept=1.0000 swapped=True
i=2 pair=(2,7) lam_t=1.00714 lam_s=1.02143 tsr_diff=0.000603 integral_mean=-0.000013 integral_std=0.000595 log_ratio=-0.0317 accept=0.9688 swapped=True
i=2 pair=(4,6) lam_t=1.03571 lam_s=1.05000 tsr_diff=0.000601 integral_mean=-0.000026 integral_std=0.000551 log_ratio=-0.0629 accept=0.9391 swapped=True
i=3 pair=(1,5) lam_t=0.96429 lam_s=0.97857 tsr_diff=0.001341 integral_mean=0.000028 integral_std=0.001264 log_ratio=0.0000 accept=1.0000 swapped=True
i=3 pair=(0,7) lam_t=0.99286 lam_s=1.00714 tsr_diff=0.001333 integral_mean=-0.000061 integral_std=0.001356 log_ratio=-0.1467 accept=0.8636 swapped=True
i=3 pair=(2,6) lam_t=1.02143 lam_s=1.03571 tsr_diff=0.001326 integral_mean=-0.000031 integral_std=0.001258 log_ratio=-0.0737 accept=0.9289 swapped=True
i=4 pair=(3,5) lam_t=0.95000 lam_s=0.96429 tsr_diff=0.002344 integral_mean=0.000043 integral_std=0.002260 log_ratio=0.0000 accept=1.0000 swapped=True
i=4 pair=(1,7) lam_t=0.97857 lam_s=0.99286 tsr_diff=0.002322 integral_mean=-0.000053 integral_std=0.002189 log_ratio=-0.1270 accept=0.8807 swapped=True
i=4 pair=(0,6) lam_t=1.00714 lam_s=1.02143 tsr_diff=0.002301 integral_mean=-0.000035 integral_std=0.002067 log_ratio=-0.0845 accept=0.9189 swapped=False
i=4 pair=(2,4) lam_t=1.03571 lam_s=1.05000 tsr_diff=0.002280 integral_mean=0.000061 integral_std=0.002112 log_ratio=0.0000 accept=1.0000 swapped=True
i=5 pair=(3,7) lam_t=0.96429 lam_s=0.97857 tsr_diff=0.003545 integral_mean=0.000036 integral_std=0.003503 log_ratio=0.0000 accept=1.0000 swapped=True
i=5 pair=(1,0) lam_t=0.99286 lam_s=1.00714 tsr_diff=0.003496 integral_mean=-0.000044 integral_std=0.003390 log_ratio=-0.1064 accept=0.8990 swapped=True
i=5 pair=(6,4) lam_t=1.02143 lam_s=1.03571 tsr_diff=0.003447 integral_mean=-0.000338 integral_std=0.003629 log_ratio=-0.8100 accept=0.4448 swapped=True
i=6 pair=(5,7) lam_t=0.95000 lam_s=0.96429 tsr_diff=0.004979 integral_mean=-0.000136 integral_std=0.004710 log_ratio=-0.3276 accept=0.7207 swapped=True
i=6 pair=(3,0) lam_t=0.97857 lam_s=0.99286 tsr_diff=0.004883 integral_mean=0.000117 integral_std=0.004923 log_ratio=0.0000 accept=1.0000 swapped=True
i=6 pair=(1,4) lam_t=1.00714 lam_s=1.02143 tsr_diff=0.004789 integral_mean=-0.000338 integral_std=0.004857 log_ratio=-0.8121 accept=0.4439 swapped=True
i=6 pair=(6,2) lam_t=1.03571 lam_s=1.05000 tsr_diff=0.004698 integral_mean=0.000322 integral_std=0.004388 log_ratio=0.0000 accept=1.0000 swapped=True
i=7 pair=(5,0) lam_t=0.96429 lam_s=0.97857 tsr_diff=0.006435 integral_mean=0.000080 integral_std=0.006015 log_ratio=0.0000 accept=1.0000 swapped=True
i=7 pair=(3,4) lam_t=0.99286 lam_s=1.00714 tsr_diff=0.006274 integral_mean=0.000055 integral_std=0.007003 log_ratio=0.0000 accept=1.0000 swapped=True
i=7 pair=(1,2) lam_t=1.02143 lam_s=1.03571 tsr_diff=0.006120 integral_mean=0.000111 integral_std=0.005172 log_ratio=0.0000 accept=1.0000 swapped=True
i=8 pair=(7,0) lam_t=0.95000 lam_s=0.96429 tsr_diff=0.008123 integral_mean=0.000070 integral_std=0.007219 log_ratio=0.0000 accept=1.0000 swapped=True
i=8 pair=(5,4) lam_t=0.97857 lam_s=0.99286 tsr_diff=0.007872 integral_mean=-0.000177 integral_std=0.007717 log_ratio=-0.4253 accept=0.6536 swapped=True
i=8 pair=(3,2) lam_t=1.00714 lam_s=1.02143 tsr_diff=0.007631 integral_mean=0.000521 integral_std=0.008773 log_ratio=0.0000 accept=1.0000 swapped=True
i=8 pair=(1,6) lam_t=1.03571 lam_s=1.05000 tsr_diff=0.007402 integral_mean=-0.000770 integral_std=0.007679 log_ratio=-1.8477 accept=0.1576 swapped=False
i=9 pair=(7,4) lam_t=0.96429 lam_s=0.97857 tsr_diff=0.009548 integral_mean=0.000050 integral_std=0.008850 log_ratio=0.0000 accept=1.0000 swapped=True
i=9 pair=(5,2) lam_t=0.99286 lam_s=1.00714 tsr_diff=0.009200 integral_mean=0.000154 integral_std=0.008498 log_ratio=0.0000 accept=1.0000 swapped=True
i=9 pair=(3,1) lam_t=1.02143 lam_s=1.03571 tsr_diff=0.008870 integral_mean=0.000682 integral_std=0.010028 log_ratio=0.0000 accept=1.0000 swapped=True
i=10 pair=(0,4) lam_t=0.95000 lam_s=0.96429 tsr_diff=0.011265 integral_mean=-0.000017 integral_std=0.010093 log_ratio=-0.0406 accept=0.9602 swapped=True
i=10 pair=(7,2) lam_t=0.97857 lam_s=0.99286 tsr_diff=0.010789 integral_mean=0.000519 integral_std=0.010546 log_ratio=0.0000 accept=1.0000 swapped=True
i=10 pair=(5,1) lam_t=1.00714 lam_s=1.02143 tsr_diff=0.010342 integral_mean=0.000052 integral_std=0.009561 log_ratio=0.0000 accept=1.0000 swapped=True
i=10 pair=(3,6) lam_t=1.03571 lam_s=1.05000 tsr_diff=0.009923 integral_mean=0.000033 integral_std=0.016174 log_ratio=0.0000 accept=1.0000 swapped=True
i=11 pair=(0,2) lam_t=0.96429 lam_s=0.97857 tsr_diff=0.012354 integral_mean=0.000707 integral_std=0.013606 log_ratio=0.0000 accept=1.0000 swapped=True
i=11 pair=(7,1) lam_t=0.99286 lam_s=1.00714 tsr_diff=0.011778 integral_mean=0.000549 integral_std=0.012907 log_ratio=0.0000 accept=1.0000 swapped=True
i=11 pair=(5,6) lam_t=1.02143 lam_s=1.03571 tsr_diff=0.011242 integral_mean=-0.000583 integral_std=0.013098 log_ratio=-1.4002 accept=0.2465 swapped=True
i=12 pair=(4,2) lam_t=0.95000 lam_s=0.96429 tsr_diff=0.013839 integral_mean=0.000983 integral_std=0.015931 log_ratio=0.0000 accept=1.0000 swapped=True
i=12 pair=(0,1) lam_t=0.97857 lam_s=0.99286 tsr_diff=0.013131 integral_mean=0.001014 integral_std=0.015572 log_ratio=0.0000 accept=1.0000 swapped=True
i=12 pair=(7,6) lam_t=1.00714 lam_s=1.02143 tsr_diff=0.012476 integral_mean=-0.000769 integral_std=0.013548 log_ratio=-1.8453 accept=0.1580 swapped=False
i=12 pair=(5,3) lam_t=1.03571 lam_s=1.05000 tsr_diff=0.011868 integral_mean=-0.001900 integral_std=0.022429 log_ratio=-4.5598 accept=0.0105 swapped=False
i=13 pair=(4,1) lam_t=0.96429 lam_s=0.97857 tsr_diff=0.014342 integral_mean=0.001327 integral_std=0.018304 log_ratio=0.0000 accept=1.0000 swapped=True
i=13 pair=(0,7) lam_t=0.99286 lam_s=1.00714 tsr_diff=0.013574 integral_mean=0.001139 integral_std=0.017804 log_ratio=0.0000 accept=1.0000 swapped=True
i=13 pair=(6,5) lam_t=1.02143 lam_s=1.03571 tsr_diff=0.012866 integral_mean=0.001841 integral_std=0.025906 log_ratio=0.0000 accept=1.0000 swapped=True
i=14 pair=(2,1) lam_t=0.95000 lam_s=0.96429 tsr_diff=0.015346 integral_mean=0.001344 integral_std=0.012160 log_ratio=0.0000 accept=1.0000 swapped=True
i=14 pair=(4,7) lam_t=0.97857 lam_s=0.99286 tsr_diff=0.014482 integral_mean=0.014968 integral_std=0.074832 log_ratio=0.0000 accept=1.0000 swapped=True
i=14 pair=(0,5) lam_t=1.00714 lam_s=1.02143 tsr_diff=0.013689 integral_mean=0.006209 integral_std=0.055999 log_ratio=0.0000 accept=1.0000 swapped=True
i=14 pair=(6,3) lam_t=1.03571 lam_s=1.05000 tsr_diff=0.012959 integral_mean=-0.004401 integral_std=0.131768 log_ratio=-10.5621 accept=0.0000 swapped=False
Best Sample: 1 log probability 0.000
Saved 1 samples to: logs/pointmaze-giant-navigate-v0/inference/plans/release_H400_T256_LimitsNormalizer_b1_condFalse/2026-07-20 18:04:05/1/0.png
Saved 1 samples to: logs/pointmaze-giant-navigate-v0/inference/plans/release_H400_T256_LimitsNormalizer_b1_condFalse/2026-07-20 18:04:05/1/rollout.png
i=0 pair=(0,1) lam_t=0.95000 lam_s=0.96429 tsr_diff=0.000000 integral_mean=0.000000 integral_std=0.000000 log_ratio=0.0000 accept=1.0000 swapped=True
i=0 pair=(2,3) lam_t=0.97857 lam_s=0.99286 tsr_diff=0.000000 integral_mean=0.000000 integral_std=0.000000 log_ratio=0.0000 accept=1.0000 swapped=True
i=0 pair=(4,5) lam_t=1.00714 lam_s=1.02143 tsr_diff=0.000000 integral_mean=0.000000 integral_std=0.000000 log_ratio=0.0000 accept=1.0000 swapped=True
i=0 pair=(6,7) lam_t=1.03571 lam_s=1.05000 tsr_diff=0.000000 integral_mean=0.000000 integral_std=0.000000 log_ratio=0.0000 accept=1.0000 swapped=True
i=1 pair=(0,3) lam_t=0.96429 lam_s=0.97857 tsr_diff=0.000153 integral_mean=-0.000002 integral_std=0.000145 log_ratio=-0.0051 accept=0.9949 swapped=True
i=1 pair=(2,5) lam_t=0.99286 lam_s=1.00714 tsr_diff=0.000152 integral_mean=0.000007 integral_std=0.000156 log_ratio=0.0000 accept=1.0000 swapped=True
i=1 pair=(4,7) lam_t=1.02143 lam_s=1.03571 tsr_diff=0.000152 integral_mean=0.000010 integral_std=0.000152 log_ratio=0.0000 accept=1.0000 swapped=True
i=2 pair=(1,3) lam_t=0.95000 lam_s=0.96429 tsr_diff=0.000605 integral_mean=0.000001 integral_std=0.001000 log_ratio=0.0000 accept=1.0000 swapped=True
i=2 pair=(0,5) lam_t=0.97857 lam_s=0.99286 tsr_diff=0.000604 integral_mean=-0.000001 integral_std=0.000623 log_ratio=-0.0030 accept=0.9970 swapped=True
i=2 pair=(2,7) lam_t=1.00714 lam_s=1.02143 tsr_diff=0.000603 integral_mean=0.000024 integral_std=0.000577 log_ratio=0.0000 accept=1.0000 swapped=True
i=2 pair=(4,6) lam_t=1.03571 lam_s=1.05000 tsr_diff=0.000601 integral_mean=0.000000 integral_std=0.000595 log_ratio=0.0000 accept=1.0000 swapped=True
i=3 pair=(1,5) lam_t=0.96429 lam_s=0.97857 tsr_diff=0.001341 integral_mean=0.000003 integral_std=0.001414 log_ratio=0.0000 accept=1.0000 swapped=True
i=3 pair=(0,7) lam_t=0.99286 lam_s=1.00714 tsr_diff=0.001333 integral_mean=0.000081 integral_std=0.001324 log_ratio=0.0000 accept=1.0000 swapped=True
i=3 pair=(2,6) lam_t=1.02143 lam_s=1.03571 tsr_diff=0.001326 integral_mean=0.000018 integral_std=0.001317 log_ratio=0.0000 accept=1.0000 swapped=True
i=4 pair=(3,5) lam_t=0.95000 lam_s=0.96429 tsr_diff=0.002344 integral_mean=0.000568 integral_std=0.002911 log_ratio=0.0000 accept=1.0000 swapped=True
i=4 pair=(1,7) lam_t=0.97857 lam_s=0.99286 tsr_diff=0.002322 integral_mean=0.000113 integral_std=0.002280 log_ratio=0.0000 accept=1.0000 swapped=True
i=4 pair=(0,6) lam_t=1.00714 lam_s=1.02143 tsr_diff=0.002301 integral_mean=0.000161 integral_std=0.002342 log_ratio=0.0000 accept=1.0000 swapped=True
i=4 pair=(2,4) lam_t=1.03571 lam_s=1.05000 tsr_diff=0.002280 integral_mean=0.000033 integral_std=0.002221 log_ratio=0.0000 accept=1.0000 swapped=True
i=5 pair=(3,7) lam_t=0.96429 lam_s=0.97857 tsr_diff=0.003545 integral_mean=0.000774 integral_std=0.004369 log_ratio=0.0000 accept=1.0000 swapped=True
i=5 pair=(1,6) lam_t=0.99286 lam_s=1.00714 tsr_diff=0.003496 integral_mean=0.000040 integral_std=0.003546 log_ratio=0.0000 accept=1.0000 swapped=True
i=5 pair=(0,4) lam_t=1.02143 lam_s=1.03571 tsr_diff=0.003447 integral_mean=-0.000031 integral_std=0.003446 log_ratio=-0.0751 accept=0.9276 swapped=True
i=6 pair=(5,7) lam_t=0.95000 lam_s=0.96429 tsr_diff=0.004979 integral_mean=-0.000098 integral_std=0.004584 log_ratio=-0.2357 accept=0.7900 swapped=True
i=6 pair=(3,6) lam_t=0.97857 lam_s=0.99286 tsr_diff=0.004883 integral_mean=0.000655 integral_std=0.005735 log_ratio=0.0000 accept=1.0000 swapped=True
i=6 pair=(1,4) lam_t=1.00714 lam_s=1.02143 tsr_diff=0.004789 integral_mean=0.000135 integral_std=0.004713 log_ratio=0.0000 accept=1.0000 swapped=True
i=6 pair=(0,2) lam_t=1.03571 lam_s=1.05000 tsr_diff=0.004698 integral_mean=0.000044 integral_std=0.004291 log_ratio=0.0000 accept=1.0000 swapped=True
i=7 pair=(5,6) lam_t=0.96429 lam_s=0.97857 tsr_diff=0.006435 integral_mean=0.000122 integral_std=0.005552 log_ratio=0.0000 accept=1.0000 swapped=True
i=7 pair=(3,4) lam_t=0.99286 lam_s=1.00714 tsr_diff=0.006274 integral_mean=0.000510 integral_std=0.006842 log_ratio=0.0000 accept=1.0000 swapped=True
i=7 pair=(1,2) lam_t=1.02143 lam_s=1.03571 tsr_diff=0.006120 integral_mean=0.000231 integral_std=0.006304 log_ratio=0.0000 accept=1.0000 swapped=True
i=8 pair=(7,6) lam_t=0.95000 lam_s=0.96429 tsr_diff=0.008123 integral_mean=-0.000036 integral_std=0.006533 log_ratio=-0.0860 accept=0.9176 swapped=True
i=8 pair=(5,4) lam_t=0.97857 lam_s=0.99286 tsr_diff=0.007872 integral_mean=0.000234 integral_std=0.007871 log_ratio=0.0000 accept=1.0000 swapped=True
i=8 pair=(3,2) lam_t=1.00714 lam_s=1.02143 tsr_diff=0.007631 integral_mean=0.000504 integral_std=0.007810 log_ratio=0.0000 accept=1.0000 swapped=True
i=8 pair=(1,0) lam_t=1.03571 lam_s=1.05000 tsr_diff=0.007402 integral_mean=-0.000085 integral_std=0.007716 log_ratio=-0.2040 accept=0.8155 swapped=True
i=9 pair=(7,4) lam_t=0.96429 lam_s=0.97857 tsr_diff=0.009548 integral_mean=0.000016 integral_std=0.007723 log_ratio=0.0000 accept=1.0000 swapped=True
i=9 pair=(5,2) lam_t=0.99286 lam_s=1.00714 tsr_diff=0.009200 integral_mean=0.000198 integral_std=0.009711 log_ratio=0.0000 accept=1.0000 swapped=True
i=9 pair=(3,0) lam_t=1.02143 lam_s=1.03571 tsr_diff=0.008870 integral_mean=0.000700 integral_std=0.009095 log_ratio=0.0000 accept=1.0000 swapped=True
i=10 pair=(6,4) lam_t=0.95000 lam_s=0.96429 tsr_diff=0.011265 integral_mean=-0.000169 integral_std=0.010118 log_ratio=-0.4053 accept=0.6668 swapped=True
i=10 pair=(7,2) lam_t=0.97857 lam_s=0.99286 tsr_diff=0.010789 integral_mean=-0.000433 integral_std=0.009824 log_ratio=-1.0381 accept=0.3541 swapped=False
i=10 pair=(5,0) lam_t=1.00714 lam_s=1.02143 tsr_diff=0.010342 integral_mean=0.000338 integral_std=0.012486 log_ratio=0.0000 accept=1.0000 swapped=True
i=10 pair=(3,1) lam_t=1.03571 lam_s=1.05000 tsr_diff=0.009923 integral_mean=0.002689 integral_std=0.018560 log_ratio=0.0000 accept=1.0000 swapped=True
i=11 pair=(6,7) lam_t=0.96429 lam_s=0.97857 tsr_diff=0.012354 integral_mean=0.000046 integral_std=0.008353 log_ratio=0.0000 accept=1.0000 swapped=True
i=11 pair=(2,0) lam_t=0.99286 lam_s=1.00714 tsr_diff=0.011778 integral_mean=-0.000227 integral_std=0.013677 log_ratio=-0.5444 accept=0.5802 swapped=True
i=11 pair=(5,1) lam_t=1.02143 lam_s=1.03571 tsr_diff=0.011242 integral_mean=0.000444 integral_std=0.014232 log_ratio=0.0000 accept=1.0000 swapped=True
i=12 pair=(4,7) lam_t=0.95000 lam_s=0.96429 tsr_diff=0.013839 integral_mean=0.000639 integral_std=0.013096 log_ratio=0.0000 accept=1.0000 swapped=True
i=12 pair=(6,0) lam_t=0.97857 lam_s=0.99286 tsr_diff=0.013131 integral_mean=0.000087 integral_std=0.014042 log_ratio=0.0000 accept=1.0000 swapped=True
i=12 pair=(2,1) lam_t=1.00714 lam_s=1.02143 tsr_diff=0.012476 integral_mean=-0.000818 integral_std=0.016560 log_ratio=-1.9634 accept=0.1404 swapped=False
i=12 pair=(5,3) lam_t=1.03571 lam_s=1.05000 tsr_diff=0.011868 integral_mean=-0.000544 integral_std=0.025001 log_ratio=-1.3044 accept=0.2713 swapped=False
i=13 pair=(4,0) lam_t=0.96429 lam_s=0.97857 tsr_diff=0.014342 integral_mean=0.000244 integral_std=0.025204 log_ratio=0.0000 accept=1.0000 swapped=True
i=13 pair=(6,2) lam_t=0.99286 lam_s=1.00714 tsr_diff=0.013574 integral_mean=0.000616 integral_std=0.012841 log_ratio=0.0000 accept=1.0000 swapped=True
i=13 pair=(1,5) lam_t=1.02143 lam_s=1.03571 tsr_diff=0.012866 integral_mean=-0.001194 integral_std=0.023743 log_ratio=-2.8651 accept=0.0570 swapped=False
i=14 pair=(7,0) lam_t=0.95000 lam_s=0.96429 tsr_diff=0.015346 integral_mean=0.000803 integral_std=0.037117 log_ratio=0.0000 accept=1.0000 swapped=True
i=14 pair=(4,2) lam_t=0.97857 lam_s=0.99286 tsr_diff=0.014482 integral_mean=0.006871 integral_std=0.060790 log_ratio=0.0000 accept=1.0000 swapped=True
i=14 pair=(6,1) lam_t=1.00714 lam_s=1.02143 tsr_diff=0.013689 integral_mean=-0.000034 integral_std=0.019397 log_ratio=-0.0827 accept=0.9206 swapped=True
i=14 pair=(5,3) lam_t=1.03571 lam_s=1.05000 tsr_diff=0.012959 integral_mean=-0.001042 integral_std=0.063325 log_ratio=-2.5018 accept=0.0819 swapped=False
Best Sample: 7 log probability 0.000
Saved 1 samples to: logs/pointmaze-giant-navigate-v0/inference/plans/release_H400_T256_LimitsNormalizer_b1_condFalse/2026-07-20 18:04:05/2/0.png
Saved 1 samples to: logs/pointmaze-giant-navigate-v0/inference/plans/release_H400_T256_LimitsNormalizer_b1_condFalse/2026-07-20 18:04:05/2/rollout.png
i=0 pair=(0,1) lam_t=0.95000 lam_s=0.96429 tsr_diff=0.000000 integral_mean=0.000000 integral_std=0.000000 log_ratio=0.0000 accept=1.0000 swapped=True
i=0 pair=(2,3) lam_t=0.97857 lam_s=0.99286 tsr_diff=0.000000 integral_mean=0.000000 integral_std=0.000000 log_ratio=0.0000 accept=1.0000 swapped=True
i=0 pair=(4,5) lam_t=1.00714 lam_s=1.02143 tsr_diff=0.000000 integral_mean=0.000000 integral_std=0.000000 log_ratio=0.0000 accept=1.0000 swapped=True
i=0 pair=(6,7) lam_t=1.03571 lam_s=1.05000 tsr_diff=0.000000 integral_mean=0.000000 integral_std=0.000000 log_ratio=0.0000 accept=1.0000 swapped=True
i=1 pair=(0,3) lam_t=0.96429 lam_s=0.97857 tsr_diff=0.000153 integral_mean=0.000004 integral_std=0.000148 log_ratio=0.0000 accept=1.0000 swapped=True
i=1 pair=(2,5) lam_t=0.99286 lam_s=1.00714 tsr_diff=0.000152 integral_mean=0.000002 integral_std=0.000149 log_ratio=0.0000 accept=1.0000 swapped=True
i=1 pair=(4,7) lam_t=1.02143 lam_s=1.03571 tsr_diff=0.000152 integral_mean=-0.000001 integral_std=0.000151 log_ratio=-0.0023 accept=0.9977 swapped=True
i=2 pair=(1,3) lam_t=0.95000 lam_s=0.96429 tsr_diff=0.000605 integral_mean=-0.000003 integral_std=0.000592 log_ratio=-0.0073 accept=0.9927 swapped=True
i=2 pair=(0,5) lam_t=0.97857 lam_s=0.99286 tsr_diff=0.000604 integral_mean=-0.000024 integral_std=0.000606 log_ratio=-0.0576 accept=0.9441 swapped=True
i=2 pair=(2,7) lam_t=1.00714 lam_s=1.02143 tsr_diff=0.000603 integral_mean=-0.000003 integral_std=0.000600 log_ratio=-0.0083 accept=0.9918 swapped=True
i=2 pair=(4,6) lam_t=1.03571 lam_s=1.05000 tsr_diff=0.000601 integral_mean=0.000015 integral_std=0.000658 log_ratio=0.0000 accept=1.0000 swapped=True
i=3 pair=(1,5) lam_t=0.96429 lam_s=0.97857 tsr_diff=0.001341 integral_mean=0.000033 integral_std=0.001359 log_ratio=0.0000 accept=1.0000 swapped=True
i=3 pair=(0,7) lam_t=0.99286 lam_s=1.00714 tsr_diff=0.001333 integral_mean=-0.000034 integral_std=0.001224 log_ratio=-0.0816 accept=0.9217 swapped=True
i=3 pair=(2,6) lam_t=1.02143 lam_s=1.03571 tsr_diff=0.001326 integral_mean=-0.000026 integral_std=0.001268 log_ratio=-0.0633 accept=0.9386 swapped=True
i=4 pair=(3,5) lam_t=0.95000 lam_s=0.96429 tsr_diff=0.002344 integral_mean=0.000118 integral_std=0.002263 log_ratio=0.0000 accept=1.0000 swapped=True
i=4 pair=(1,7) lam_t=0.97857 lam_s=0.99286 tsr_diff=0.002322 integral_mean=-0.000023 integral_std=0.002157 log_ratio=-0.0559 accept=0.9456 swapped=True
i=4 pair=(0,6) lam_t=1.00714 lam_s=1.02143 tsr_diff=0.002301 integral_mean=-0.000047 integral_std=0.002140 log_ratio=-0.1123 accept=0.8938 swapped=False
i=4 pair=(2,4) lam_t=1.03571 lam_s=1.05000 tsr_diff=0.002280 integral_mean=-0.000053 integral_std=0.002070 log_ratio=-0.1263 accept=0.8814 swapped=True
i=5 pair=(3,7) lam_t=0.96429 lam_s=0.97857 tsr_diff=0.003545 integral_mean=0.000101 integral_std=0.003425 log_ratio=0.0000 accept=1.0000 swapped=True
i=5 pair=(1,0) lam_t=0.99286 lam_s=1.00714 tsr_diff=0.003496 integral_mean=0.000047 integral_std=0.003211 log_ratio=0.0000 accept=1.0000 swapped=True
i=5 pair=(6,4) lam_t=1.02143 lam_s=1.03571 tsr_diff=0.003447 integral_mean=-0.000188 integral_std=0.003274 log_ratio=-0.4522 accept=0.6362 swapped=True
i=6 pair=(5,7) lam_t=0.95000 lam_s=0.96429 tsr_diff=0.004979 integral_mean=0.000176 integral_std=0.004589 log_ratio=0.0000 accept=1.0000 swapped=True
i=6 pair=(3,0) lam_t=0.97857 lam_s=0.99286 tsr_diff=0.004883 integral_mean=0.000037 integral_std=0.004391 log_ratio=0.0000 accept=1.0000 swapped=True
i=6 pair=(1,4) lam_t=1.00714 lam_s=1.02143 tsr_diff=0.004789 integral_mean=0.000029 integral_std=0.004792 log_ratio=0.0000 accept=1.0000 swapped=True
i=6 pair=(6,2) lam_t=1.03571 lam_s=1.05000 tsr_diff=0.004698 integral_mean=-0.000084 integral_std=0.004190 log_ratio=-0.2013 accept=0.8176 swapped=True
i=7 pair=(5,0) lam_t=0.96429 lam_s=0.97857 tsr_diff=0.006435 integral_mean=0.000279 integral_std=0.005713 log_ratio=0.0000 accept=1.0000 swapped=True
i=7 pair=(3,4) lam_t=0.99286 lam_s=1.00714 tsr_diff=0.006274 integral_mean=0.000134 integral_std=0.005816 log_ratio=0.0000 accept=1.0000 swapped=True
i=7 pair=(1,2) lam_t=1.02143 lam_s=1.03571 tsr_diff=0.006120 integral_mean=0.000192 integral_std=0.005877 log_ratio=0.0000 accept=1.0000 swapped=True
i=8 pair=(7,0) lam_t=0.95000 lam_s=0.96429 tsr_diff=0.008123 integral_mean=-0.000094 integral_std=0.007384 log_ratio=-0.2261 accept=0.7976 swapped=False
i=8 pair=(5,4) lam_t=0.97857 lam_s=0.99286 tsr_diff=0.007872 integral_mean=-0.000040 integral_std=0.007094 log_ratio=-0.0963 accept=0.9082 swapped=True
i=8 pair=(3,2) lam_t=1.00714 lam_s=1.02143 tsr_diff=0.007631 integral_mean=0.000325 integral_std=0.007940 log_ratio=0.0000 accept=1.0000 swapped=True
i=8 pair=(1,6) lam_t=1.03571 lam_s=1.05000 tsr_diff=0.007402 integral_mean=0.000087 integral_std=0.007019 log_ratio=0.0000 accept=1.0000 swapped=True
i=9 pair=(0,4) lam_t=0.96429 lam_s=0.97857 tsr_diff=0.009548 integral_mean=0.000170 integral_std=0.008866 log_ratio=0.0000 accept=1.0000 swapped=True
i=9 pair=(5,2) lam_t=0.99286 lam_s=1.00714 tsr_diff=0.009200 integral_mean=-0.000292 integral_std=0.008576 log_ratio=-0.7000 accept=0.4966 swapped=True
i=9 pair=(3,6) lam_t=1.02143 lam_s=1.03571 tsr_diff=0.008870 integral_mean=0.000158 integral_std=0.008216 log_ratio=0.0000 accept=1.0000 swapped=True
i=10 pair=(7,4) lam_t=0.95000 lam_s=0.96429 tsr_diff=0.011265 integral_mean=0.000099 integral_std=0.013556 log_ratio=0.0000 accept=1.0000 swapped=True
i=10 pair=(0,2) lam_t=0.97857 lam_s=0.99286 tsr_diff=0.010789 integral_mean=-0.000062 integral_std=0.011359 log_ratio=-0.1490 accept=0.8615 swapped=True
i=10 pair=(5,6) lam_t=1.00714 lam_s=1.02143 tsr_diff=0.010342 integral_mean=-0.000071 integral_std=0.007559 log_ratio=-0.1712 accept=0.8426 swapped=True
i=10 pair=(3,1) lam_t=1.03571 lam_s=1.05000 tsr_diff=0.009923 integral_mean=-0.000361 integral_std=0.009476 log_ratio=-0.8675 accept=0.4200 swapped=True
i=11 pair=(7,2) lam_t=0.96429 lam_s=0.97857 tsr_diff=0.012354 integral_mean=-0.000218 integral_std=0.015603 log_ratio=-0.5231 accept=0.5927 swapped=False
i=11 pair=(0,6) lam_t=0.99286 lam_s=1.00714 tsr_diff=0.011778 integral_mean=0.000608 integral_std=0.009310 log_ratio=0.0000 accept=1.0000 swapped=True
i=11 pair=(5,1) lam_t=1.02143 lam_s=1.03571 tsr_diff=0.011242 integral_mean=-0.000401 integral_std=0.011751 log_ratio=-0.9617 accept=0.3822 swapped=True
i=12 pair=(4,7) lam_t=0.95000 lam_s=0.96429 tsr_diff=0.013839 integral_mean=0.000274 integral_std=0.021952 log_ratio=0.0000 accept=1.0000 swapped=True
i=12 pair=(2,6) lam_t=0.97857 lam_s=0.99286 tsr_diff=0.013131 integral_mean=0.000266 integral_std=0.011606 log_ratio=0.0000 accept=1.0000 swapped=True
i=12 pair=(0,1) lam_t=1.00714 lam_s=1.02143 tsr_diff=0.012476 integral_mean=-0.000963 integral_std=0.013579 log_ratio=-2.3104 accept=0.0992 swapped=False
i=12 pair=(5,3) lam_t=1.03571 lam_s=1.05000 tsr_diff=0.011868 integral_mean=-0.001237 integral_std=0.014130 log_ratio=-2.9679 accept=0.0514 swapped=False
i=13 pair=(4,6) lam_t=0.96429 lam_s=0.97857 tsr_diff=0.014342 integral_mean=0.000986 integral_std=0.015264 log_ratio=0.0000 accept=1.0000 swapped=True
i=13 pair=(2,0) lam_t=0.99286 lam_s=1.00714 tsr_diff=0.013574 integral_mean=-0.000266 integral_std=0.017270 log_ratio=-0.6375 accept=0.5286 swapped=True
i=13 pair=(1,5) lam_t=1.02143 lam_s=1.03571 tsr_diff=0.012866 integral_mean=0.001063 integral_std=0.017583 log_ratio=0.0000 accept=1.0000 swapped=True
i=14 pair=(7,6) lam_t=0.95000 lam_s=0.96429 tsr_diff=0.015346 integral_mean=0.001801 integral_std=0.052104 log_ratio=0.0000 accept=1.0000 swapped=True
i=14 pair=(4,0) lam_t=0.97857 lam_s=0.99286 tsr_diff=0.014482 integral_mean=0.001924 integral_std=0.036991 log_ratio=0.0000 accept=1.0000 swapped=True
i=14 pair=(2,5) lam_t=1.00714 lam_s=1.02143 tsr_diff=0.013689 integral_mean=-0.000098 integral_std=0.033540 log_ratio=-0.2340 accept=0.7913 swapped=False
i=14 pair=(1,3) lam_t=1.03571 lam_s=1.05000 tsr_diff=0.012959 integral_mean=-0.003330 integral_std=0.100029 log_ratio=-7.9914 accept=0.0003 swapped=False
Best Sample: 6 log probability 0.000
Saved 1 samples to: logs/pointmaze-giant-navigate-v0/inference/plans/release_H400_T256_LimitsNormalizer_b1_condFalse/2026-07-20 18:04:05/3/0.png
Saved 1 samples to: logs/pointmaze-giant-navigate-v0/inference/plans/release_H400_T256_LimitsNormalizer_b1_condFalse/2026-07-20 18:04:05/3/rollout.png
i=0 pair=(0,1) lam_t=0.95000 lam_s=0.96429 tsr_diff=0.000000 integral_mean=0.000000 integral_std=0.000000 log_ratio=0.0000 accept=1.0000 swapped=True
i=0 pair=(2,3) lam_t=0.97857 lam_s=0.99286 tsr_diff=0.000000 integral_mean=0.000000 integral_std=0.000000 log_ratio=0.0000 accept=1.0000 swapped=True
i=0 pair=(4,5) lam_t=1.00714 lam_s=1.02143 tsr_diff=0.000000 integral_mean=0.000000 integral_std=0.000000 log_ratio=0.0000 accept=1.0000 swapped=True
i=0 pair=(6,7) lam_t=1.03571 lam_s=1.05000 tsr_diff=0.000000 integral_mean=0.000000 integral_std=0.000000 log_ratio=0.0000 accept=1.0000 swapped=True
i=1 pair=(0,3) lam_t=0.96429 lam_s=0.97857 tsr_diff=0.000153 integral_mean=0.000007 integral_std=0.000160 log_ratio=0.0000 accept=1.0000 swapped=True
i=1 pair=(2,5) lam_t=0.99286 lam_s=1.00714 tsr_diff=0.000152 integral_mean=0.000008 integral_std=0.000157 log_ratio=0.0000 accept=1.0000 swapped=True
i=1 pair=(4,7) lam_t=1.02143 lam_s=1.03571 tsr_diff=0.000152 integral_mean=0.000002 integral_std=0.000145 log_ratio=0.0000 accept=1.0000 swapped=True
i=2 pair=(1,3) lam_t=0.95000 lam_s=0.96429 tsr_diff=0.000605 integral_mean=-0.000036 integral_std=0.000670 log_ratio=-0.0858 accept=0.9177 swapped=True
i=2 pair=(0,5) lam_t=0.97857 lam_s=0.99286 tsr_diff=0.000604 integral_mean=-0.000026 integral_std=0.000599 log_ratio=-0.0617 accept=0.9402 swapped=True
i=2 pair=(2,7) lam_t=1.00714 lam_s=1.02143 tsr_diff=0.000603 integral_mean=-0.000012 integral_std=0.000568 log_ratio=-0.0287 accept=0.9717 swapped=True
i=2 pair=(4,6) lam_t=1.03571 lam_s=1.05000 tsr_diff=0.000601 integral_mean=0.000022 integral_std=0.000601 log_ratio=0.0000 accept=1.0000 swapped=True
i=3 pair=(1,5) lam_t=0.96429 lam_s=0.97857 tsr_diff=0.001341 integral_mean=0.000002 integral_std=0.001386 log_ratio=0.0000 accept=1.0000 swapped=True
i=3 pair=(0,7) lam_t=0.99286 lam_s=1.00714 tsr_diff=0.001333 integral_mean=-0.000012 integral_std=0.001368 log_ratio=-0.0294 accept=0.9710 swapped=True
i=3 pair=(2,6) lam_t=1.02143 lam_s=1.03571 tsr_diff=0.001326 integral_mean=-0.000007 integral_std=0.001305 log_ratio=-0.0159 accept=0.9843 swapped=True
i=4 pair=(3,5) lam_t=0.95000 lam_s=0.96429 tsr_diff=0.002344 integral_mean=0.000036 integral_std=0.002282 log_ratio=0.0000 accept=1.0000 swapped=True
i=4 pair=(1,7) lam_t=0.97857 lam_s=0.99286 tsr_diff=0.002322 integral_mean=-0.000308 integral_std=0.002468 log_ratio=-0.7399 accept=0.4772 swapped=False
i=4 pair=(0,6) lam_t=1.00714 lam_s=1.02143 tsr_diff=0.002301 integral_mean=-0.000035 integral_std=0.002167 log_ratio=-0.0829 accept=0.9205 swapped=True
i=4 pair=(2,4) lam_t=1.03571 lam_s=1.05000 tsr_diff=0.002280 integral_mean=0.000018 integral_std=0.002004 log_ratio=0.0000 accept=1.0000 swapped=True
i=5 pair=(3,1) lam_t=0.96429 lam_s=0.97857 tsr_diff=0.003545 integral_mean=-0.000084 integral_std=0.003331 log_ratio=-0.2026 accept=0.8166 swapped=True
i=5 pair=(7,6) lam_t=0.99286 lam_s=1.00714 tsr_diff=0.003496 integral_mean=0.000081 integral_std=0.003403 log_ratio=0.0000 accept=1.0000 swapped=True
i=5 pair=(0,4) lam_t=1.02143 lam_s=1.03571 tsr_diff=0.003447 integral_mean=-0.000210 integral_std=0.003348 log_ratio=-0.5047 accept=0.6037 swapped=True
i=6 pair=(5,1) lam_t=0.95000 lam_s=0.96429 tsr_diff=0.004979 integral_mean=0.000142 integral_std=0.004827 log_ratio=0.0000 accept=1.0000 swapped=True
i=6 pair=(3,6) lam_t=0.97857 lam_s=0.99286 tsr_diff=0.004883 integral_mean=-0.000041 integral_std=0.004703 log_ratio=-0.0975 accept=0.9071 swapped=False
i=6 pair=(7,4) lam_t=1.00714 lam_s=1.02143 tsr_diff=0.004789 integral_mean=0.000250 integral_std=0.005134 log_ratio=0.0000 accept=1.0000 swapped=True
i=6 pair=(0,2) lam_t=1.03571 lam_s=1.05000 tsr_diff=0.004698 integral_mean=-0.000201 integral_std=0.004300 log_ratio=-0.4818 accept=0.6177 swapped=True
i=7 pair=(5,3) lam_t=0.96429 lam_s=0.97857 tsr_diff=0.006435 integral_mean=-0.000166 integral_std=0.006662 log_ratio=-0.3987 accept=0.6712 swapped=False
i=7 pair=(6,4) lam_t=0.99286 lam_s=1.00714 tsr_diff=0.006274 integral_mean=-0.000059 integral_std=0.005842 log_ratio=-0.1406 accept=0.8689 swapped=True
i=7 pair=(7,2) lam_t=1.02143 lam_s=1.03571 tsr_diff=0.006120 integral_mean=0.000277 integral_std=0.006467 log_ratio=0.0000 accept=1.0000 swapped=True
i=8 pair=(1,5) lam_t=0.95000 lam_s=0.96429 tsr_diff=0.008123 integral_mean=-0.000373 integral_std=0.008005 log_ratio=-0.8964 accept=0.4080 swapped=True
i=8 pair=(3,4) lam_t=0.97857 lam_s=0.99286 tsr_diff=0.007872 integral_mean=0.000975 integral_std=0.009531 log_ratio=0.0000 accept=1.0000 swapped=True
i=8 pair=(6,2) lam_t=1.00714 lam_s=1.02143 tsr_diff=0.007631 integral_mean=-0.000130 integral_std=0.007222 log_ratio=-0.3128 accept=0.7314 swapped=True
i=8 pair=(7,0) lam_t=1.03571 lam_s=1.05000 tsr_diff=0.007402 integral_mean=0.000360 integral_std=0.006892 log_ratio=0.0000 accept=1.0000 swapped=True
i=9 pair=(1,4) lam_t=0.96429 lam_s=0.97857 tsr_diff=0.009548 integral_mean=-0.000442 integral_std=0.008820 log_ratio=-1.0617 accept=0.3459 swapped=False
i=9 pair=(3,2) lam_t=0.99286 lam_s=1.00714 tsr_diff=0.009200 integral_mean=0.001324 integral_std=0.010248 log_ratio=0.0000 accept=1.0000 swapped=True
i=9 pair=(6,0) lam_t=1.02143 lam_s=1.03571 tsr_diff=0.008870 integral_mean=-0.000304 integral_std=0.007102 log_ratio=-0.7299 accept=0.4820 swapped=False
i=10 pair=(5,1) lam_t=0.95000 lam_s=0.96429 tsr_diff=0.011265 integral_mean=0.000729 integral_std=0.012902 log_ratio=0.0000 accept=1.0000 swapped=True
i=10 pair=(4,2) lam_t=0.97857 lam_s=0.99286 tsr_diff=0.010789 integral_mean=0.000581 integral_std=0.015595 log_ratio=0.0000 accept=1.0000 swapped=True
i=10 pair=(3,6) lam_t=1.00714 lam_s=1.02143 tsr_diff=0.010342 integral_mean=0.001486 integral_std=0.013044 log_ratio=0.0000 accept=1.0000 swapped=True
i=10 pair=(0,7) lam_t=1.03571 lam_s=1.05000 tsr_diff=0.009923 integral_mean=-0.000528 integral_std=0.011310 log_ratio=-1.2666 accept=0.2818 swapped=False
i=11 pair=(5,2) lam_t=0.96429 lam_s=0.97857 tsr_diff=0.012354 integral_mean=0.000681 integral_std=0.020232 log_ratio=0.0000 accept=1.0000 swapped=True
i=11 pair=(4,6) lam_t=0.99286 lam_s=1.00714 tsr_diff=0.011778 integral_mean=0.000352 integral_std=0.010990 log_ratio=0.0000 accept=1.0000 swapped=True
i=11 pair=(3,0) lam_t=1.02143 lam_s=1.03571 tsr_diff=0.011242 integral_mean=0.001890 integral_std=0.017885 log_ratio=0.0000 accept=1.0000 swapped=True
i=12 pair=(1,2) lam_t=0.95000 lam_s=0.96429 tsr_diff=0.013839 integral_mean=-0.000534 integral_std=0.020709 log_ratio=-1.2814 accept=0.2776 swapped=True
i=12 pair=(5,6) lam_t=0.97857 lam_s=0.99286 tsr_diff=0.013131 integral_mean=0.002530 integral_std=0.032176 log_ratio=0.0000 accept=1.0000 swapped=True
i=12 pair=(4,0) lam_t=1.00714 lam_s=1.02143 tsr_diff=0.012476 integral_mean=0.000784 integral_std=0.012267 log_ratio=0.0000 accept=1.0000 swapped=True
i=12 pair=(3,7) lam_t=1.03571 lam_s=1.05000 tsr_diff=0.011868 integral_mean=0.001660 integral_std=0.031760 log_ratio=0.0000 accept=1.0000 swapped=True
i=13 pair=(1,6) lam_t=0.96429 lam_s=0.97857 tsr_diff=0.014342 integral_mean=-0.000166 integral_std=0.014202 log_ratio=-0.3986 accept=0.6712 swapped=True
i=13 pair=(5,0) lam_t=0.99286 lam_s=1.00714 tsr_diff=0.013574 integral_mean=0.002648 integral_std=0.030984 log_ratio=0.0000 accept=1.0000 swapped=True
i=13 pair=(4,7) lam_t=1.02143 lam_s=1.03571 tsr_diff=0.012866 integral_mean=-0.000506 integral_std=0.033949 log_ratio=-1.2144 accept=0.2969 swapped=False
i=14 pair=(2,6) lam_t=0.95000 lam_s=0.96429 tsr_diff=0.015346 integral_mean=0.003355 integral_std=0.058016 log_ratio=0.0000 accept=1.0000 swapped=True
i=14 pair=(1,0) lam_t=0.97857 lam_s=0.99286 tsr_diff=0.014482 integral_mean=0.001388 integral_std=0.014316 log_ratio=0.0000 accept=1.0000 swapped=True
i=14 pair=(5,4) lam_t=1.00714 lam_s=1.02143 tsr_diff=0.013689 integral_mean=-0.018610 integral_std=0.185016 log_ratio=-44.6643 accept=0.0000 swapped=False
i=14 pair=(7,3) lam_t=1.03571 lam_s=1.05000 tsr_diff=0.012959 integral_mean=0.010228 integral_std=0.314519 log_ratio=0.0000 accept=1.0000 swapped=True
Best Sample: 1 log probability -11.307
Saved 1 samples to: logs/pointmaze-giant-navigate-v0/inference/plans/release_H400_T256_LimitsNormalizer_b1_condFalse/2026-07-20 18:04:05/4/0.png
Saved 1 samples to: logs/pointmaze-giant-navigate-v0/inference/plans/release_H400_T256_LimitsNormalizer_b1_condFalse/2026-07-20 18:04:05/4/rollout.png
i=0 pair=(0,1) lam_t=0.95000 lam_s=0.96429 tsr_diff=0.000000 integral_mean=0.000000 integral_std=0.000000 log_ratio=0.0000 accept=1.0000 swapped=True
i=0 pair=(2,3) lam_t=0.97857 lam_s=0.99286 tsr_diff=0.000000 integral_mean=0.000000 integral_std=0.000000 log_ratio=0.0000 accept=1.0000 swapped=True
i=0 pair=(4,5) lam_t=1.00714 lam_s=1.02143 tsr_diff=0.000000 integral_mean=0.000000 integral_std=0.000000 log_ratio=0.0000 accept=1.0000 swapped=True
i=0 pair=(6,7) lam_t=1.03571 lam_s=1.05000 tsr_diff=0.000000 integral_mean=0.000000 integral_std=0.000000 log_ratio=0.0000 accept=1.0000 swapped=True
i=1 pair=(0,3) lam_t=0.96429 lam_s=0.97857 tsr_diff=0.000153 integral_mean=-0.000007 integral_std=0.000159 log_ratio=-0.0170 accept=0.9832 swapped=True
i=1 pair=(2,5) lam_t=0.99286 lam_s=1.00714 tsr_diff=0.000152 integral_mean=-0.000005 integral_std=0.000153 log_ratio=-0.0123 accept=0.9878 swapped=True
i=1 pair=(4,7) lam_t=1.02143 lam_s=1.03571 tsr_diff=0.000152 integral_mean=0.000003 integral_std=0.000148 log_ratio=0.0000 accept=1.0000 swapped=True
i=2 pair=(1,3) lam_t=0.95000 lam_s=0.96429 tsr_diff=0.000605 integral_mean=0.000095 integral_std=0.000717 log_ratio=0.0000 accept=1.0000 swapped=True
i=2 pair=(0,5) lam_t=0.97857 lam_s=0.99286 tsr_diff=0.000604 integral_mean=-0.000003 integral_std=0.000641 log_ratio=-0.0061 accept=0.9940 swapped=True
i=2 pair=(2,7) lam_t=1.00714 lam_s=1.02143 tsr_diff=0.000603 integral_mean=-0.000058 integral_std=0.000671 log_ratio=-0.1385 accept=0.8707 swapped=True
i=2 pair=(4,6) lam_t=1.03571 lam_s=1.05000 tsr_diff=0.000601 integral_mean=-0.000037 integral_std=0.000586 log_ratio=-0.0898 accept=0.9141 swapped=True
i=3 pair=(1,5) lam_t=0.96429 lam_s=0.97857 tsr_diff=0.001341 integral_mean=0.000043 integral_std=0.001425 log_ratio=0.0000 accept=1.0000 swapped=True
i=3 pair=(0,7) lam_t=0.99286 lam_s=1.00714 tsr_diff=0.001333 integral_mean=-0.000030 integral_std=0.001325 log_ratio=-0.0710 accept=0.9315 swapped=True
i=3 pair=(2,6) lam_t=1.02143 lam_s=1.03571 tsr_diff=0.001326 integral_mean=-0.000049 integral_std=0.001318 log_ratio=-0.1188 accept=0.8880 swapped=True
i=4 pair=(3,5) lam_t=0.95000 lam_s=0.96429 tsr_diff=0.002344 integral_mean=-0.000092 integral_std=0.002235 log_ratio=-0.2213 accept=0.8015 swapped=True
i=4 pair=(1,7) lam_t=0.97857 lam_s=0.99286 tsr_diff=0.002322 integral_mean=-0.000042 integral_std=0.002253 log_ratio=-0.1005 accept=0.9044 swapped=True
i=4 pair=(0,6) lam_t=1.00714 lam_s=1.02143 tsr_diff=0.002301 integral_mean=-0.000024 integral_std=0.002114 log_ratio=-0.0580 accept=0.9436 swapped=True
i=4 pair=(2,4) lam_t=1.03571 lam_s=1.05000 tsr_diff=0.002280 integral_mean=-0.000027 integral_std=0.002188 log_ratio=-0.0645 accept=0.9375 swapped=True
i=5 pair=(3,7) lam_t=0.96429 lam_s=0.97857 tsr_diff=0.003545 integral_mean=0.000064 integral_std=0.003247 log_ratio=0.0000 accept=1.0000 swapped=True
i=5 pair=(1,6) lam_t=0.99286 lam_s=1.00714 tsr_diff=0.003496 integral_mean=0.000029 integral_std=0.003261 log_ratio=0.0000 accept=1.0000 swapped=True
i=5 pair=(0,4) lam_t=1.02143 lam_s=1.03571 tsr_diff=0.003447 integral_mean=-0.000086 integral_std=0.003145 log_ratio=-0.2057 accept=0.8141 swapped=True
i=6 pair=(5,7) lam_t=0.95000 lam_s=0.96429 tsr_diff=0.004979 integral_mean=-0.000328 integral_std=0.005308 log_ratio=-0.7863 accept=0.4555 swapped=False
i=6 pair=(3,6) lam_t=0.97857 lam_s=0.99286 tsr_diff=0.004883 integral_mean=0.000044 integral_std=0.004567 log_ratio=0.0000 accept=1.0000 swapped=True
i=6 pair=(1,4) lam_t=1.00714 lam_s=1.02143 tsr_diff=0.004789 integral_mean=-0.000133 integral_std=0.004342 log_ratio=-0.3188 accept=0.7270 swapped=True
i=6 pair=(0,2) lam_t=1.03571 lam_s=1.05000 tsr_diff=0.004698 integral_mean=0.000130 integral_std=0.004057 log_ratio=0.0000 accept=1.0000 swapped=True
i=7 pair=(7,6) lam_t=0.96429 lam_s=0.97857 tsr_diff=0.006435 integral_mean=0.000586 integral_std=0.006470 log_ratio=0.0000 accept=1.0000 swapped=True
i=7 pair=(3,4) lam_t=0.99286 lam_s=1.00714 tsr_diff=0.006274 integral_mean=0.000245 integral_std=0.005941 log_ratio=0.0000 accept=1.0000 swapped=True
i=7 pair=(1,2) lam_t=1.02143 lam_s=1.03571 tsr_diff=0.006120 integral_mean=0.000003 integral_std=0.005307 log_ratio=0.0000 accept=1.0000 swapped=True
i=8 pair=(5,6) lam_t=0.95000 lam_s=0.96429 tsr_diff=0.008123 integral_mean=0.000043 integral_std=0.007989 log_ratio=0.0000 accept=1.0000 swapped=True
i=8 pair=(7,4) lam_t=0.97857 lam_s=0.99286 tsr_diff=0.007872 integral_mean=0.000803 integral_std=0.008219 log_ratio=0.0000 accept=1.0000 swapped=True
i=8 pair=(3,2) lam_t=1.00714 lam_s=1.02143 tsr_diff=0.007631 integral_mean=0.000079 integral_std=0.007309 log_ratio=0.0000 accept=1.0000 swapped=True
i=8 pair=(1,0) lam_t=1.03571 lam_s=1.05000 tsr_diff=0.007402 integral_mean=-0.000268 integral_std=0.006760 log_ratio=-0.6436 accept=0.5254 swapped=True
i=9 pair=(5,4) lam_t=0.96429 lam_s=0.97857 tsr_diff=0.009548 integral_mean=0.000420 integral_std=0.008605 log_ratio=0.0000 accept=1.0000 swapped=True
i=9 pair=(7,2) lam_t=0.99286 lam_s=1.00714 tsr_diff=0.009200 integral_mean=0.000626 integral_std=0.009446 log_ratio=0.0000 accept=1.0000 swapped=True
i=9 pair=(3,0) lam_t=1.02143 lam_s=1.03571 tsr_diff=0.008870 integral_mean=0.000028 integral_std=0.009197 log_ratio=0.0000 accept=1.0000 swapped=True
i=10 pair=(6,4) lam_t=0.95000 lam_s=0.96429 tsr_diff=0.011265 integral_mean=0.000081 integral_std=0.010941 log_ratio=0.0000 accept=1.0000 swapped=True
i=10 pair=(5,2) lam_t=0.97857 lam_s=0.99286 tsr_diff=0.010789 integral_mean=0.000079 integral_std=0.010415 log_ratio=0.0000 accept=1.0000 swapped=True
i=10 pair=(7,0) lam_t=1.00714 lam_s=1.02143 tsr_diff=0.010342 integral_mean=0.000636 integral_std=0.010466 log_ratio=0.0000 accept=1.0000 swapped=True
i=10 pair=(3,1) lam_t=1.03571 lam_s=1.05000 tsr_diff=0.009923 integral_mean=0.000733 integral_std=0.012868 log_ratio=0.0000 accept=1.0000 swapped=True
i=11 pair=(6,2) lam_t=0.96429 lam_s=0.97857 tsr_diff=0.012354 integral_mean=-0.000430 integral_std=0.012410 log_ratio=-1.0318 accept=0.3564 swapped=False
i=11 pair=(5,0) lam_t=0.99286 lam_s=1.00714 tsr_diff=0.011778 integral_mean=0.000351 integral_std=0.012997 log_ratio=0.0000 accept=1.0000 swapped=True
i=11 pair=(7,1) lam_t=1.02143 lam_s=1.03571 tsr_diff=0.011242 integral_mean=0.000513 integral_std=0.010931 log_ratio=0.0000 accept=1.0000 swapped=True
i=12 pair=(4,6) lam_t=0.95000 lam_s=0.96429 tsr_diff=0.013839 integral_mean=0.000189 integral_std=0.016273 log_ratio=0.0000 accept=1.0000 swapped=True
i=12 pair=(2,0) lam_t=0.97857 lam_s=0.99286 tsr_diff=0.013131 integral_mean=0.000867 integral_std=0.013325 log_ratio=0.0000 accept=1.0000 swapped=True
i=12 pair=(5,1) lam_t=1.00714 lam_s=1.02143 tsr_diff=0.012476 integral_mean=0.000218 integral_std=0.014126 log_ratio=0.0000 accept=1.0000 swapped=True
i=12 pair=(7,3) lam_t=1.03571 lam_s=1.05000 tsr_diff=0.011868 integral_mean=0.002452 integral_std=0.026889 log_ratio=0.0000 accept=1.0000 swapped=True
i=13 pair=(4,0) lam_t=0.96429 lam_s=0.97857 tsr_diff=0.014342 integral_mean=0.000512 integral_std=0.019221 log_ratio=0.0000 accept=1.0000 swapped=True
i=13 pair=(2,1) lam_t=0.99286 lam_s=1.00714 tsr_diff=0.013574 integral_mean=0.000653 integral_std=0.015069 log_ratio=0.0000 accept=1.0000 swapped=True
i=13 pair=(5,3) lam_t=1.02143 lam_s=1.03571 tsr_diff=0.012866 integral_mean=-0.000891 integral_std=0.027861 log_ratio=-2.1390 accept=0.1178 swapped=False
i=14 pair=(6,0) lam_t=0.95000 lam_s=0.96429 tsr_diff=0.015346 integral_mean=0.001043 integral_std=0.011476 log_ratio=0.0000 accept=1.0000 swapped=True
i=14 pair=(4,1) lam_t=0.97857 lam_s=0.99286 tsr_diff=0.014482 integral_mean=0.001722 integral_std=0.032384 log_ratio=0.0000 accept=1.0000 swapped=True
i=14 pair=(2,5) lam_t=1.00714 lam_s=1.02143 tsr_diff=0.013689 integral_mean=0.001594 integral_std=0.026451 log_ratio=0.0000 accept=1.0000 swapped=True
i=14 pair=(3,7) lam_t=1.03571 lam_s=1.05000 tsr_diff=0.012959 integral_mean=-0.000903 integral_std=0.083928 log_ratio=-2.1675 accept=0.1145 swapped=True
Best Sample: 0 log probability 0.000
Saved 1 samples to: logs/pointmaze-giant-navigate-v0/inference/plans/release_H400_T256_LimitsNormalizer_b1_condFalse/2026-07-20 18:04:05/5/0.png
Saved 1 samples to: logs/pointmaze-giant-navigate-v0/inference/plans/release_H400_T256_LimitsNormalizer_b1_condFalse/2026-07-20 18:04:05/5/rollout.png
i=0 pair=(0,1) lam_t=0.95000 lam_s=0.96429 tsr_diff=0.000000 integral_mean=0.000000 integral_std=0.000000 log_ratio=0.0000 accept=1.0000 swapped=True
i=0 pair=(2,3) lam_t=0.97857 lam_s=0.99286 tsr_diff=0.000000 integral_mean=0.000000 integral_std=0.000000 log_ratio=0.0000 accept=1.0000 swapped=True
i=0 pair=(4,5) lam_t=1.00714 lam_s=1.02143 tsr_diff=0.000000 integral_mean=0.000000 integral_std=0.000000 log_ratio=0.0000 accept=1.0000 swapped=True
i=0 pair=(6,7) lam_t=1.03571 lam_s=1.05000 tsr_diff=0.000000 integral_mean=0.000000 integral_std=0.000000 log_ratio=0.0000 accept=1.0000 swapped=True
i=1 pair=(0,3) lam_t=0.96429 lam_s=0.97857 tsr_diff=0.000153 integral_mean=-0.000007 integral_std=0.000151 log_ratio=-0.0178 accept=0.9823 swapped=True
i=1 pair=(2,5) lam_t=0.99286 lam_s=1.00714 tsr_diff=0.000152 integral_mean=-0.000001 integral_std=0.000159 log_ratio=-0.0031 accept=0.9969 swapped=True
i=1 pair=(4,7) lam_t=1.02143 lam_s=1.03571 tsr_diff=0.000152 integral_mean=-0.000001 integral_std=0.000149 log_ratio=-0.0017 accept=0.9983 swapped=True
i=2 pair=(1,3) lam_t=0.95000 lam_s=0.96429 tsr_diff=0.000605 integral_mean=0.000044 integral_std=0.000662 log_ratio=0.0000 accept=1.0000 swapped=True
i=2 pair=(0,5) lam_t=0.97857 lam_s=0.99286 tsr_diff=0.000604 integral_mean=0.000123 integral_std=0.000779 log_ratio=0.0000 accept=1.0000 swapped=True
i=2 pair=(2,7) lam_t=1.00714 lam_s=1.02143 tsr_diff=0.000603 integral_mean=-0.000027 integral_std=0.000580 log_ratio=-0.0647 accept=0.9374 swapped=True
i=2 pair=(4,6) lam_t=1.03571 lam_s=1.05000 tsr_diff=0.000601 integral_mean=-0.000012 integral_std=0.000598 log_ratio=-0.0292 accept=0.9713 swapped=True
i=3 pair=(1,5) lam_t=0.96429 lam_s=0.97857 tsr_diff=0.001341 integral_mean=-0.000015 integral_std=0.001417 log_ratio=-0.0352 accept=0.9655 swapped=True
i=3 pair=(0,7) lam_t=0.99286 lam_s=1.00714 tsr_diff=0.001333 integral_mean=0.000076 integral_std=0.001366 log_ratio=0.0000 accept=1.0000 swapped=True
i=3 pair=(2,6) lam_t=1.02143 lam_s=1.03571 tsr_diff=0.001326 integral_mean=-0.000026 integral_std=0.001273 log_ratio=-0.0634 accept=0.9386 swapped=True
i=4 pair=(3,5) lam_t=0.95000 lam_s=0.96429 tsr_diff=0.002344 integral_mean=0.000042 integral_std=0.002169 log_ratio=0.0000 accept=1.0000 swapped=True
i=4 pair=(1,7) lam_t=0.97857 lam_s=0.99286 tsr_diff=0.002322 integral_mean=0.000069 integral_std=0.002306 log_ratio=0.0000 accept=1.0000 swapped=True
i=4 pair=(0,6) lam_t=1.00714 lam_s=1.02143 tsr_diff=0.002301 integral_mean=0.000112 integral_std=0.002266 log_ratio=0.0000 accept=1.0000 swapped=True
i=4 pair=(2,4) lam_t=1.03571 lam_s=1.05000 tsr_diff=0.002280 integral_mean=-0.000132 integral_std=0.002299 log_ratio=-0.3167 accept=0.7286 swapped=False
i=5 pair=(3,7) lam_t=0.96429 lam_s=0.97857 tsr_diff=0.003545 integral_mean=-0.000001 integral_std=0.003439 log_ratio=-0.0026 accept=0.9974 swapped=True
i=5 pair=(1,6) lam_t=0.99286 lam_s=1.00714 tsr_diff=0.003496 integral_mean=0.000110 integral_std=0.003545 log_ratio=0.0000 accept=1.0000 swapped=True
i=5 pair=(0,2) lam_t=1.02143 lam_s=1.03571 tsr_diff=0.003447 integral_mean=0.000169 integral_std=0.003281 log_ratio=0.0000 accept=1.0000 swapped=True
i=6 pair=(5,7) lam_t=0.95000 lam_s=0.96429 tsr_diff=0.004979 integral_mean=0.000046 integral_std=0.004470 log_ratio=0.0000 accept=1.0000 swapped=True
i=6 pair=(3,6) lam_t=0.97857 lam_s=0.99286 tsr_diff=0.004883 integral_mean=-0.000060 integral_std=0.004441 log_ratio=-0.1450 accept=0.8650 swapped=True
i=6 pair=(1,2) lam_t=1.00714 lam_s=1.02143 tsr_diff=0.004789 integral_mean=0.000036 integral_std=0.004627 log_ratio=0.0000 accept=1.0000 swapped=True
i=6 pair=(0,4) lam_t=1.03571 lam_s=1.05000 tsr_diff=0.004698 integral_mean=-0.000230 integral_std=0.004451 log_ratio=-0.5516 accept=0.5760 swapped=False
i=7 pair=(5,6) lam_t=0.96429 lam_s=0.97857 tsr_diff=0.006435 integral_mean=0.000139 integral_std=0.005859 log_ratio=0.0000 accept=1.0000 swapped=True
i=7 pair=(3,2) lam_t=0.99286 lam_s=1.00714 tsr_diff=0.006274 integral_mean=0.000054 integral_std=0.005435 log_ratio=0.0000 accept=1.0000 swapped=True
i=7 pair=(1,0) lam_t=1.02143 lam_s=1.03571 tsr_diff=0.006120 integral_mean=0.000061 integral_std=0.005651 log_ratio=0.0000 accept=1.0000 swapped=True
i=8 pair=(7,6) lam_t=0.95000 lam_s=0.96429 tsr_diff=0.008123 integral_mean=-0.000086 integral_std=0.007379 log_ratio=-0.2056 accept=0.8141 swapped=True
i=8 pair=(5,2) lam_t=0.97857 lam_s=0.99286 tsr_diff=0.007872 integral_mean=-0.000033 integral_std=0.007594 log_ratio=-0.0791 accept=0.9240 swapped=True
i=8 pair=(3,0) lam_t=1.00714 lam_s=1.02143 tsr_diff=0.007631 integral_mean=-0.000315 integral_std=0.007421 log_ratio=-0.7570 accept=0.4691 swapped=False
i=8 pair=(1,4) lam_t=1.03571 lam_s=1.05000 tsr_diff=0.007402 integral_mean=-0.000372 integral_std=0.007037 log_ratio=-0.8933 accept=0.4093 swapped=False
i=9 pair=(7,2) lam_t=0.96429 lam_s=0.97857 tsr_diff=0.009548 integral_mean=-0.000326 integral_std=0.008825 log_ratio=-0.7826 accept=0.4572 swapped=False
i=9 pair=(5,3) lam_t=0.99286 lam_s=1.00714 tsr_diff=0.009200 integral_mean=0.000306 integral_std=0.008219 log_ratio=0.0000 accept=1.0000 swapped=True
i=9 pair=(0,1) lam_t=1.02143 lam_s=1.03571 tsr_diff=0.008870 integral_mean=-0.000692 integral_std=0.008478 log_ratio=-1.6618 accept=0.1898 swapped=False
i=10 pair=(6,7) lam_t=0.95000 lam_s=0.96429 tsr_diff=0.011265 integral_mean=-0.000133 integral_std=0.010761 log_ratio=-0.3199 accept=0.7262 swapped=True
i=10 pair=(2,3) lam_t=0.97857 lam_s=0.99286 tsr_diff=0.010789 integral_mean=0.000219 integral_std=0.009356 log_ratio=0.0000 accept=1.0000 swapped=True
i=10 pair=(5,0) lam_t=1.00714 lam_s=1.02143 tsr_diff=0.010342 integral_mean=-0.000503 integral_std=0.009354 log_ratio=-1.2076 accept=0.2989 swapped=True
i=10 pair=(1,4) lam_t=1.03571 lam_s=1.05000 tsr_diff=0.009923 integral_mean=-0.000028 integral_std=0.016258 log_ratio=-0.0661 accept=0.9360 swapped=True
i=11 pair=(6,3) lam_t=0.96429 lam_s=0.97857 tsr_diff=0.012354 integral_mean=0.000188 integral_std=0.008776 log_ratio=0.0000 accept=1.0000 swapped=True
i=11 pair=(2,0) lam_t=0.99286 lam_s=1.00714 tsr_diff=0.011778 integral_mean=-0.000984 integral_std=0.015962 log_ratio=-2.3617 accept=0.0943 swapped=False
i=11 pair=(5,4) lam_t=1.02143 lam_s=1.03571 tsr_diff=0.011242 integral_mean=-0.001266 integral_std=0.015024 log_ratio=-3.0374 accept=0.0480 swapped=False
i=12 pair=(7,3) lam_t=0.95000 lam_s=0.96429 tsr_diff=0.013839 integral_mean=0.000859 integral_std=0.014424 log_ratio=0.0000 accept=1.0000 swapped=True
i=12 pair=(6,2) lam_t=0.97857 lam_s=0.99286 tsr_diff=0.013131 integral_mean=-0.000336 integral_std=0.012584 log_ratio=-0.8069 accept=0.4462 swapped=True
i=12 pair=(0,5) lam_t=1.00714 lam_s=1.02143 tsr_diff=0.012476 integral_mean=0.002179 integral_std=0.016051 log_ratio=0.0000 accept=1.0000 swapped=True
i=12 pair=(4,1) lam_t=1.03571 lam_s=1.05000 tsr_diff=0.011868 integral_mean=0.000273 integral_std=0.024689 log_ratio=0.0000 accept=1.0000 swapped=True
i=13 pair=(7,2) lam_t=0.96429 lam_s=0.97857 tsr_diff=0.014342 integral_mean=0.000572 integral_std=0.021919 log_ratio=0.0000 accept=1.0000 swapped=True
i=13 pair=(6,5) lam_t=0.99286 lam_s=1.00714 tsr_diff=0.013574 integral_mean=-0.000363 integral_std=0.015679 log_ratio=-0.8724 accept=0.4180 swapped=True
i=13 pair=(0,1) lam_t=1.02143 lam_s=1.03571 tsr_diff=0.012866 integral_mean=-0.000247 integral_std=0.027186 log_ratio=-0.5939 accept=0.5522 swapped=False
i=14 pair=(3,2) lam_t=0.95000 lam_s=0.96429 tsr_diff=0.015346 integral_mean=-0.000726 integral_std=0.047077 log_ratio=-1.7425 accept=0.1751 swapped=False
i=14 pair=(7,5) lam_t=0.97857 lam_s=0.99286 tsr_diff=0.014482 integral_mean=0.000325 integral_std=0.007502 log_ratio=0.0000 accept=1.0000 swapped=True
i=14 pair=(6,0) lam_t=1.00714 lam_s=1.02143 tsr_diff=0.013689 integral_mean=-0.001698 integral_std=0.053137 log_ratio=-4.0744 accept=0.0170 swapped=False
i=14 pair=(1,4) lam_t=1.03571 lam_s=1.05000 tsr_diff=0.012959 integral_mean=0.003205 integral_std=0.065130 log_ratio=0.0000 accept=1.0000 swapped=True
Best Sample: 5 log probability -0.053
Saved 1 samples to: logs/pointmaze-giant-navigate-v0/inference/plans/release_H400_T256_LimitsNormalizer_b1_condFalse/2026-07-20 18:04:05/6/0.png
Saved 1 samples to: logs/pointmaze-giant-navigate-v0/inference/plans/release_H400_T256_LimitsNormalizer_b1_condFalse/2026-07-20 18:04:05/6/rollout.png
i=0 pair=(0,1) lam_t=0.95000 lam_s=0.96429 tsr_diff=0.000000 integral_mean=0.000000 integral_std=0.000000 log_ratio=0.0000 accept=1.0000 swapped=True
i=0 pair=(2,3) lam_t=0.97857 lam_s=0.99286 tsr_diff=0.000000 integral_mean=0.000000 integral_std=0.000000 log_ratio=0.0000 accept=1.0000 swapped=True
i=0 pair=(4,5) lam_t=1.00714 lam_s=1.02143 tsr_diff=0.000000 integral_mean=0.000000 integral_std=0.000000 log_ratio=0.0000 accept=1.0000 swapped=True
i=0 pair=(6,7) lam_t=1.03571 lam_s=1.05000 tsr_diff=0.000000 integral_mean=0.000000 integral_std=0.000000 log_ratio=0.0000 accept=1.0000 swapped=True
i=1 pair=(0,3) lam_t=0.96429 lam_s=0.97857 tsr_diff=0.000153 integral_mean=0.000001 integral_std=0.000153 log_ratio=0.0000 accept=1.0000 swapped=True
i=1 pair=(2,5) lam_t=0.99286 lam_s=1.00714 tsr_diff=0.000152 integral_mean=-0.000001 integral_std=0.000151 log_ratio=-0.0034 accept=0.9966 swapped=True
i=1 pair=(4,7) lam_t=1.02143 lam_s=1.03571 tsr_diff=0.000152 integral_mean=0.000004 integral_std=0.000164 log_ratio=0.0000 accept=1.0000 swapped=True
i=2 pair=(1,3) lam_t=0.95000 lam_s=0.96429 tsr_diff=0.000605 integral_mean=-0.000002 integral_std=0.000601 log_ratio=-0.0043 accept=0.9958 swapped=True
i=2 pair=(0,5) lam_t=0.97857 lam_s=0.99286 tsr_diff=0.000604 integral_mean=-0.000013 integral_std=0.000641 log_ratio=-0.0307 accept=0.9698 swapped=True
i=2 pair=(2,7) lam_t=1.00714 lam_s=1.02143 tsr_diff=0.000603 integral_mean=-0.000018 integral_std=0.000608 log_ratio=-0.0443 accept=0.9567 swapped=True
i=2 pair=(4,6) lam_t=1.03571 lam_s=1.05000 tsr_diff=0.000601 integral_mean=0.000044 integral_std=0.000632 log_ratio=0.0000 accept=1.0000 swapped=True
i=3 pair=(1,5) lam_t=0.96429 lam_s=0.97857 tsr_diff=0.001341 integral_mean=-0.000022 integral_std=0.001271 log_ratio=-0.0516 accept=0.9497 swapped=True
i=3 pair=(0,7) lam_t=0.99286 lam_s=1.00714 tsr_diff=0.001333 integral_mean=-0.000017 integral_std=0.001294 log_ratio=-0.0403 accept=0.9605 swapped=True
i=3 pair=(2,6) lam_t=1.02143 lam_s=1.03571 tsr_diff=0.001326 integral_mean=0.000010 integral_std=0.001388 log_ratio=0.0000 accept=1.0000 swapped=True
i=4 pair=(3,5) lam_t=0.95000 lam_s=0.96429 tsr_diff=0.002344 integral_mean=0.000060 integral_std=0.002166 log_ratio=0.0000 accept=1.0000 swapped=True
i=4 pair=(1,7) lam_t=0.97857 lam_s=0.99286 tsr_diff=0.002322 integral_mean=-0.000095 integral_std=0.002203 log_ratio=-0.2289 accept=0.7954 swapped=True
i=4 pair=(0,6) lam_t=1.00714 lam_s=1.02143 tsr_diff=0.002301 integral_mean=0.000019 integral_std=0.002167 log_ratio=0.0000 accept=1.0000 swapped=True
i=4 pair=(2,4) lam_t=1.03571 lam_s=1.05000 tsr_diff=0.002280 integral_mean=0.000008 integral_std=0.002363 log_ratio=0.0000 accept=1.0000 swapped=True
i=5 pair=(3,7) lam_t=0.96429 lam_s=0.97857 tsr_diff=0.003545 integral_mean=-0.000064 integral_std=0.003633 log_ratio=-0.1540 accept=0.8572 swapped=True
i=5 pair=(1,6) lam_t=0.99286 lam_s=1.00714 tsr_diff=0.003496 integral_mean=0.000087 integral_std=0.003257 log_ratio=0.0000 accept=1.0000 swapped=True
i=5 pair=(0,4) lam_t=1.02143 lam_s=1.03571 tsr_diff=0.003447 integral_mean=-0.000068 integral_std=0.003223 log_ratio=-0.1621 accept=0.8503 swapped=True
i=6 pair=(5,7) lam_t=0.95000 lam_s=0.96429 tsr_diff=0.004979 integral_mean=-0.000116 integral_std=0.004909 log_ratio=-0.2787 accept=0.7568 swapped=True
i=6 pair=(3,6) lam_t=0.97857 lam_s=0.99286 tsr_diff=0.004883 integral_mean=0.000157 integral_std=0.004422 log_ratio=0.0000 accept=1.0000 swapped=True
i=6 pair=(1,4) lam_t=1.00714 lam_s=1.02143 tsr_diff=0.004789 integral_mean=-0.000150 integral_std=0.004206 log_ratio=-0.3588 accept=0.6985 swapped=True
i=6 pair=(0,2) lam_t=1.03571 lam_s=1.05000 tsr_diff=0.004698 integral_mean=-0.000126 integral_std=0.004428 log_ratio=-0.3019 accept=0.7394 swapped=True
i=7 pair=(5,6) lam_t=0.96429 lam_s=0.97857 tsr_diff=0.006435 integral_mean=0.000316 integral_std=0.005539 log_ratio=0.0000 accept=1.0000 swapped=True
i=7 pair=(3,4) lam_t=0.99286 lam_s=1.00714 tsr_diff=0.006274 integral_mean=0.000105 integral_std=0.005779 log_ratio=0.0000 accept=1.0000 swapped=True
i=7 pair=(1,2) lam_t=1.02143 lam_s=1.03571 tsr_diff=0.006120 integral_mean=-0.000058 integral_std=0.005802 log_ratio=-0.1402 accept=0.8692 swapped=True
i=8 pair=(7,6) lam_t=0.95000 lam_s=0.96429 tsr_diff=0.008123 integral_mean=0.000200 integral_std=0.007731 log_ratio=0.0000 accept=1.0000 swapped=True
i=8 pair=(5,4) lam_t=0.97857 lam_s=0.99286 tsr_diff=0.007872 integral_mean=-0.000021 integral_std=0.007366 log_ratio=-0.0507 accept=0.9506 swapped=True
i=8 pair=(3,2) lam_t=1.00714 lam_s=1.02143 tsr_diff=0.007631 integral_mean=-0.000105 integral_std=0.007198 log_ratio=-0.2532 accept=0.7763 swapped=True
i=8 pair=(1,0) lam_t=1.03571 lam_s=1.05000 tsr_diff=0.007402 integral_mean=0.000096 integral_std=0.006144 log_ratio=0.0000 accept=1.0000 swapped=True
i=9 pair=(7,4) lam_t=0.96429 lam_s=0.97857 tsr_diff=0.009548 integral_mean=0.000542 integral_std=0.009280 log_ratio=0.0000 accept=1.0000 swapped=True
i=9 pair=(5,2) lam_t=0.99286 lam_s=1.00714 tsr_diff=0.009200 integral_mean=-0.000362 integral_std=0.008693 log_ratio=-0.8690 accept=0.4194 swapped=True
i=9 pair=(3,0) lam_t=1.02143 lam_s=1.03571 tsr_diff=0.008870 integral_mean=-0.000180 integral_std=0.006840 log_ratio=-0.4326 accept=0.6488 swapped=False
i=10 pair=(6,4) lam_t=0.95000 lam_s=0.96429 tsr_diff=0.011265 integral_mean=-0.000224 integral_std=0.011335 log_ratio=-0.5378 accept=0.5840 swapped=True
i=10 pair=(7,2) lam_t=0.97857 lam_s=0.99286 tsr_diff=0.010789 integral_mean=0.000486 integral_std=0.011662 log_ratio=0.0000 accept=1.0000 swapped=True
i=10 pair=(5,3) lam_t=1.00714 lam_s=1.02143 tsr_diff=0.010342 integral_mean=0.000246 integral_std=0.009283 log_ratio=0.0000 accept=1.0000 swapped=True
i=10 pair=(0,1) lam_t=1.03571 lam_s=1.05000 tsr_diff=0.009923 integral_mean=-0.000370 integral_std=0.008212 log_ratio=-0.8889 accept=0.4111 swapped=False
i=11 pair=(6,2) lam_t=0.96429 lam_s=0.97857 tsr_diff=0.012354 integral_mean=0.000072 integral_std=0.010162 log_ratio=0.0000 accept=1.0000 swapped=True
i=11 pair=(7,3) lam_t=0.99286 lam_s=1.00714 tsr_diff=0.011778 integral_mean=0.000943 integral_std=0.013428 log_ratio=0.0000 accept=1.0000 swapped=True
i=11 pair=(5,0) lam_t=1.02143 lam_s=1.03571 tsr_diff=0.011242 integral_mean=0.000253 integral_std=0.010641 log_ratio=0.0000 accept=1.0000 swapped=True
i=12 pair=(4,2) lam_t=0.95000 lam_s=0.96429 tsr_diff=0.013839 integral_mean=-0.001354 integral_std=0.024063 log_ratio=-3.2506 accept=0.0388 swapped=False
i=12 pair=(6,3) lam_t=0.97857 lam_s=0.99286 tsr_diff=0.013131 integral_mean=0.000160 integral_std=0.011950 log_ratio=0.0000 accept=1.0000 swapped=True
i=12 pair=(7,0) lam_t=1.00714 lam_s=1.02143 tsr_diff=0.012476 integral_mean=0.001159 integral_std=0.014090 log_ratio=0.0000 accept=1.0000 swapped=True
i=12 pair=(5,1) lam_t=1.03571 lam_s=1.05000 tsr_diff=0.011868 integral_mean=0.001140 integral_std=0.016321 log_ratio=0.0000 accept=1.0000 swapped=True
i=13 pair=(2,3) lam_t=0.96429 lam_s=0.97857 tsr_diff=0.014342 integral_mean=0.002543 integral_std=0.019195 log_ratio=0.0000 accept=1.0000 swapped=True
i=13 pair=(6,0) lam_t=0.99286 lam_s=1.00714 tsr_diff=0.013574 integral_mean=0.000336 integral_std=0.012589 log_ratio=0.0000 accept=1.0000 swapped=True
i=13 pair=(7,1) lam_t=1.02143 lam_s=1.03571 tsr_diff=0.012866 integral_mean=0.002022 integral_std=0.018402 log_ratio=0.0000 accept=1.0000 swapped=True
i=14 pair=(4,3) lam_t=0.95000 lam_s=0.96429 tsr_diff=0.015346 integral_mean=0.003276 integral_std=0.030132 log_ratio=0.0000 accept=1.0000 swapped=True
i=14 pair=(2,0) lam_t=0.97857 lam_s=0.99286 tsr_diff=0.014482 integral_mean=0.019886 integral_std=0.138287 log_ratio=0.0000 accept=1.0000 swapped=True
i=14 pair=(6,1) lam_t=1.00714 lam_s=1.02143 tsr_diff=0.013689 integral_mean=-0.000618 integral_std=0.017223 log_ratio=-1.4831 accept=0.2269 swapped=True
i=14 pair=(7,5) lam_t=1.03571 lam_s=1.05000 tsr_diff=0.012959 integral_mean=0.006560 integral_std=0.060268 log_ratio=0.0000 accept=1.0000 swapped=True
Best Sample: 0 log probability 0.000
Saved 1 samples to: logs/pointmaze-giant-navigate-v0/inference/plans/release_H400_T256_LimitsNormalizer_b1_condFalse/2026-07-20 18:04:05/7/0.png
Saved 1 samples to: logs/pointmaze-giant-navigate-v0/inference/plans/release_H400_T256_LimitsNormalizer_b1_condFalse/2026-07-20 18:04:05/7/rollout.png
i=0 pair=(0,1) lam_t=0.95000 lam_s=0.96429 tsr_diff=0.000000 integral_mean=0.000000 integral_std=0.000000 log_ratio=0.0000 accept=1.0000 swapped=True
i=0 pair=(2,3) lam_t=0.97857 lam_s=0.99286 tsr_diff=0.000000 integral_mean=0.000000 integral_std=0.000000 log_ratio=0.0000 accept=1.0000 swapped=True
i=0 pair=(4,5) lam_t=1.00714 lam_s=1.02143 tsr_diff=0.000000 integral_mean=0.000000 integral_std=0.000000 log_ratio=0.0000 accept=1.0000 swapped=True
i=0 pair=(6,7) lam_t=1.03571 lam_s=1.05000 tsr_diff=0.000000 integral_mean=0.000000 integral_std=0.000000 log_ratio=0.0000 accept=1.0000 swapped=True
i=1 pair=(0,3) lam_t=0.96429 lam_s=0.97857 tsr_diff=0.000153 integral_mean=0.000004 integral_std=0.000163 log_ratio=0.0000 accept=1.0000 swapped=True
i=1 pair=(2,5) lam_t=0.99286 lam_s=1.00714 tsr_diff=0.000152 integral_mean=0.000006 integral_std=0.000148 log_ratio=0.0000 accept=1.0000 swapped=True
i=1 pair=(4,7) lam_t=1.02143 lam_s=1.03571 tsr_diff=0.000152 integral_mean=-0.000005 integral_std=0.000151 log_ratio=-0.0120 accept=0.9881 swapped=True
i=2 pair=(1,3) lam_t=0.95000 lam_s=0.96429 tsr_diff=0.000605 integral_mean=-0.000020 integral_std=0.000628 log_ratio=-0.0473 accept=0.9538 swapped=True
i=2 pair=(0,5) lam_t=0.97857 lam_s=0.99286 tsr_diff=0.000604 integral_mean=0.000020 integral_std=0.000621 log_ratio=0.0000 accept=1.0000 swapped=True
i=2 pair=(2,7) lam_t=1.00714 lam_s=1.02143 tsr_diff=0.000603 integral_mean=0.000002 integral_std=0.000575 log_ratio=0.0000 accept=1.0000 swapped=True
i=2 pair=(4,6) lam_t=1.03571 lam_s=1.05000 tsr_diff=0.000601 integral_mean=0.000055 integral_std=0.000659 log_ratio=0.0000 accept=1.0000 swapped=True
i=3 pair=(1,5) lam_t=0.96429 lam_s=0.97857 tsr_diff=0.001341 integral_mean=-0.000022 integral_std=0.001262 log_ratio=-0.0525 accept=0.9488 swapped=True
i=3 pair=(0,7) lam_t=0.99286 lam_s=1.00714 tsr_diff=0.001333 integral_mean=-0.000007 integral_std=0.001312 log_ratio=-0.0156 accept=0.9845 swapped=True
i=3 pair=(2,6) lam_t=1.02143 lam_s=1.03571 tsr_diff=0.001326 integral_mean=-0.000524 integral_std=0.002053 log_ratio=-1.2573 accept=0.2844 swapped=False
i=4 pair=(3,5) lam_t=0.95000 lam_s=0.96429 tsr_diff=0.002344 integral_mean=0.000044 integral_std=0.002183 log_ratio=0.0000 accept=1.0000 swapped=True
i=4 pair=(1,7) lam_t=0.97857 lam_s=0.99286 tsr_diff=0.002322 integral_mean=-0.000578 integral_std=0.002965 log_ratio=-1.3864 accept=0.2500 swapped=True
i=4 pair=(0,2) lam_t=1.00714 lam_s=1.02143 tsr_diff=0.002301 integral_mean=0.000026 integral_std=0.002135 log_ratio=0.0000 accept=1.0000 swapped=True
i=4 pair=(6,4) lam_t=1.03571 lam_s=1.05000 tsr_diff=0.002280 integral_mean=0.000431 integral_std=0.002805 log_ratio=0.0000 accept=1.0000 swapped=True
i=5 pair=(3,7) lam_t=0.96429 lam_s=0.97857 tsr_diff=0.003545 integral_mean=-0.000609 integral_std=0.004504 log_ratio=-1.4618 accept=0.2318 swapped=False
i=5 pair=(1,2) lam_t=0.99286 lam_s=1.00714 tsr_diff=0.003496 integral_mean=0.000142 integral_std=0.003114 log_ratio=0.0000 accept=1.0000 swapped=True
i=5 pair=(0,4) lam_t=1.02143 lam_s=1.03571 tsr_diff=0.003447 integral_mean=-0.000167 integral_std=0.003229 log_ratio=-0.4015 accept=0.6693 swapped=True
i=6 pair=(5,3) lam_t=0.95000 lam_s=0.96429 tsr_diff=0.004979 integral_mean=-0.000055 integral_std=0.004489 log_ratio=-0.1320 accept=0.8764 swapped=True
i=6 pair=(7,2) lam_t=0.97857 lam_s=0.99286 tsr_diff=0.004883 integral_mean=0.000713 integral_std=0.006410 log_ratio=0.0000 accept=1.0000 swapped=True
i=6 pair=(1,4) lam_t=1.00714 lam_s=1.02143 tsr_diff=0.004789 integral_mean=-0.000121 integral_std=0.004443 log_ratio=-0.2898 accept=0.7484 swapped=True
i=6 pair=(0,6) lam_t=1.03571 lam_s=1.05000 tsr_diff=0.004698 integral_mean=-0.000188 integral_std=0.004874 log_ratio=-0.4511 accept=0.6369 swapped=False
i=7 pair=(5,2) lam_t=0.96429 lam_s=0.97857 tsr_diff=0.006435 integral_mean=-0.000530 integral_std=0.006852 log_ratio=-1.2713 accept=0.2805 swapped=False
i=7 pair=(7,4) lam_t=0.99286 lam_s=1.00714 tsr_diff=0.006274 integral_mean=0.000853 integral_std=0.008330 log_ratio=0.0000 accept=1.0000 swapped=True
i=7 pair=(1,0) lam_t=1.02143 lam_s=1.03571 tsr_diff=0.006120 integral_mean=0.000045 integral_std=0.005837 log_ratio=0.0000 accept=1.0000 swapped=True
i=8 pair=(3,5) lam_t=0.95000 lam_s=0.96429 tsr_diff=0.008123 integral_mean=-0.000227 integral_std=0.006521 log_ratio=-0.5439 accept=0.5805 swapped=True
i=8 pair=(2,4) lam_t=0.97857 lam_s=0.99286 tsr_diff=0.007872 integral_mean=0.000146 integral_std=0.007426 log_ratio=0.0000 accept=1.0000 swapped=True
i=8 pair=(7,0) lam_t=1.00714 lam_s=1.02143 tsr_diff=0.007631 integral_mean=0.000382 integral_std=0.007220 log_ratio=0.0000 accept=1.0000 swapped=True
i=8 pair=(1,6) lam_t=1.03571 lam_s=1.05000 tsr_diff=0.007402 integral_mean=0.000058 integral_std=0.007026 log_ratio=0.0000 accept=1.0000 swapped=True
i=9 pair=(3,4) lam_t=0.96429 lam_s=0.97857 tsr_diff=0.009548 integral_mean=-0.000058 integral_std=0.008993 log_ratio=-0.1398 accept=0.8695 swapped=True
i=9 pair=(2,0) lam_t=0.99286 lam_s=1.00714 tsr_diff=0.009200 integral_mean=0.000620 integral_std=0.009217 log_ratio=0.0000 accept=1.0000 swapped=True
i=9 pair=(7,6) lam_t=1.02143 lam_s=1.03571 tsr_diff=0.008870 integral_mean=-0.000039 integral_std=0.009878 log_ratio=-0.0938 accept=0.9105 swapped=True
i=10 pair=(5,4) lam_t=0.95000 lam_s=0.96429 tsr_diff=0.011265 integral_mean=-0.000235 integral_std=0.010472 log_ratio=-0.5639 accept=0.5690 swapped=True
i=10 pair=(3,0) lam_t=0.97857 lam_s=0.99286 tsr_diff=0.010789 integral_mean=-0.000016 integral_std=0.007432 log_ratio=-0.0386 accept=0.9622 swapped=True
i=10 pair=(2,6) lam_t=1.00714 lam_s=1.02143 tsr_diff=0.010342 integral_mean=-0.000638 integral_std=0.012434 log_ratio=-1.5309 accept=0.2163 swapped=False
i=10 pair=(7,1) lam_t=1.03571 lam_s=1.05000 tsr_diff=0.009923 integral_mean=0.000100 integral_std=0.010174 log_ratio=0.0000 accept=1.0000 swapped=True
i=11 pair=(5,0) lam_t=0.96429 lam_s=0.97857 tsr_diff=0.012354 integral_mean=-0.000012 integral_std=0.008006 log_ratio=-0.0281 accept=0.9723 swapped=True
i=11 pair=(3,2) lam_t=0.99286 lam_s=1.00714 tsr_diff=0.011778 integral_mean=-0.000552 integral_std=0.012422 log_ratio=-1.3253 accept=0.2657 swapped=False
i=11 pair=(6,1) lam_t=1.02143 lam_s=1.03571 tsr_diff=0.011242 integral_mean=0.000368 integral_std=0.012474 log_ratio=0.0000 accept=1.0000 swapped=True
i=12 pair=(4,0) lam_t=0.95000 lam_s=0.96429 tsr_diff=0.013839 integral_mean=0.000514 integral_std=0.013464 log_ratio=0.0000 accept=1.0000 swapped=True
i=12 pair=(5,3) lam_t=0.97857 lam_s=0.99286 tsr_diff=0.013131 integral_mean=0.000098 integral_std=0.008004 log_ratio=0.0000 accept=1.0000 swapped=True
i=12 pair=(2,1) lam_t=1.00714 lam_s=1.02143 tsr_diff=0.012476 integral_mean=-0.000118 integral_std=0.015076 log_ratio=-0.2829 accept=0.7536 swapped=True
i=12 pair=(6,7) lam_t=1.03571 lam_s=1.05000 tsr_diff=0.011868 integral_mean=0.001271 integral_std=0.020298 log_ratio=0.0000 accept=1.0000 swapped=True
i=13 pair=(4,3) lam_t=0.96429 lam_s=0.97857 tsr_diff=0.014342 integral_mean=0.001382 integral_std=0.018896 log_ratio=0.0000 accept=1.0000 swapped=True
i=13 pair=(5,1) lam_t=0.99286 lam_s=1.00714 tsr_diff=0.013574 integral_mean=0.000197 integral_std=0.015465 log_ratio=0.0000 accept=1.0000 swapped=True
i=13 pair=(2,7) lam_t=1.02143 lam_s=1.03571 tsr_diff=0.012866 integral_mean=-0.000312 integral_std=0.010039 log_ratio=-0.7497 accept=0.4725 swapped=True
i=14 pair=(0,3) lam_t=0.95000 lam_s=0.96429 tsr_diff=0.015346 integral_mean=0.001225 integral_std=0.013125 log_ratio=0.0000 accept=1.0000 swapped=True
i=14 pair=(4,1) lam_t=0.97857 lam_s=0.99286 tsr_diff=0.014482 integral_mean=0.006915 integral_std=0.085795 log_ratio=0.0000 accept=1.0000 swapped=True
i=14 pair=(5,7) lam_t=1.00714 lam_s=1.02143 tsr_diff=0.013689 integral_mean=0.000276 integral_std=0.032280 log_ratio=0.0000 accept=1.0000 swapped=True
i=14 pair=(2,6) lam_t=1.03571 lam_s=1.05000 tsr_diff=0.012959 integral_mean=-0.018107 integral_std=0.116294 log_ratio=-43.4561 accept=0.0000 swapped=False
Best Sample: 0 log probability 0.000
Saved 1 samples to: logs/pointmaze-giant-navigate-v0/inference/plans/release_H400_T256_LimitsNormalizer_b1_condFalse/2026-07-20 18:04:05/8/0.png
Saved 1 samples to: logs/pointmaze-giant-navigate-v0/inference/plans/release_H400_T256_LimitsNormalizer_b1_condFalse/2026-07-20 18:04:05/8/rollout.png
i=0 pair=(0,1) lam_t=0.95000 lam_s=0.96429 tsr_diff=0.000000 integral_mean=0.000000 integral_std=0.000000 log_ratio=0.0000 accept=1.0000 swapped=True
i=0 pair=(2,3) lam_t=0.97857 lam_s=0.99286 tsr_diff=0.000000 integral_mean=0.000000 integral_std=0.000000 log_ratio=0.0000 accept=1.0000 swapped=True
i=0 pair=(4,5) lam_t=1.00714 lam_s=1.02143 tsr_diff=0.000000 integral_mean=0.000000 integral_std=0.000000 log_ratio=0.0000 accept=1.0000 swapped=True
i=0 pair=(6,7) lam_t=1.03571 lam_s=1.05000 tsr_diff=0.000000 integral_mean=0.000000 integral_std=0.000000 log_ratio=0.0000 accept=1.0000 swapped=True
i=1 pair=(0,3) lam_t=0.96429 lam_s=0.97857 tsr_diff=0.000153 integral_mean=-0.000009 integral_std=0.000169 log_ratio=-0.0227 accept=0.9776 swapped=True
i=1 pair=(2,5) lam_t=0.99286 lam_s=1.00714 tsr_diff=0.000152 integral_mean=0.000004 integral_std=0.000158 log_ratio=0.0000 accept=1.0000 swapped=True
i=1 pair=(4,7) lam_t=1.02143 lam_s=1.03571 tsr_diff=0.000152 integral_mean=0.000013 integral_std=0.000159 log_ratio=0.0000 accept=1.0000 swapped=True
i=2 pair=(1,3) lam_t=0.95000 lam_s=0.96429 tsr_diff=0.000605 integral_mean=-0.000007 integral_std=0.000621 log_ratio=-0.0167 accept=0.9834 swapped=True
i=2 pair=(0,5) lam_t=0.97857 lam_s=0.99286 tsr_diff=0.000604 integral_mean=0.000022 integral_std=0.000605 log_ratio=0.0000 accept=1.0000 swapped=True
i=2 pair=(2,7) lam_t=1.00714 lam_s=1.02143 tsr_diff=0.000603 integral_mean=0.000360 integral_std=0.001136 log_ratio=0.0000 accept=1.0000 swapped=True
i=2 pair=(4,6) lam_t=1.03571 lam_s=1.05000 tsr_diff=0.000601 integral_mean=0.000021 integral_std=0.000590 log_ratio=0.0000 accept=1.0000 swapped=True
i=3 pair=(1,5) lam_t=0.96429 lam_s=0.97857 tsr_diff=0.001341 integral_mean=-0.000001 integral_std=0.001326 log_ratio=-0.0033 accept=0.9967 swapped=True
i=3 pair=(0,7) lam_t=0.99286 lam_s=1.00714 tsr_diff=0.001333 integral_mean=0.000003 integral_std=0.001332 log_ratio=0.0000 accept=1.0000 swapped=True
i=3 pair=(2,6) lam_t=1.02143 lam_s=1.03571 tsr_diff=0.001326 integral_mean=0.000133 integral_std=0.001756 log_ratio=0.0000 accept=1.0000 swapped=True
i=4 pair=(3,5) lam_t=0.95000 lam_s=0.96429 tsr_diff=0.002344 integral_mean=0.000032 integral_std=0.002148 log_ratio=0.0000 accept=1.0000 swapped=True
i=4 pair=(1,7) lam_t=0.97857 lam_s=0.99286 tsr_diff=0.002322 integral_mean=0.000030 integral_std=0.002157 log_ratio=0.0000 accept=1.0000 swapped=True
i=4 pair=(0,6) lam_t=1.00714 lam_s=1.02143 tsr_diff=0.002301 integral_mean=0.000057 integral_std=0.002489 log_ratio=0.0000 accept=1.0000 swapped=True
i=4 pair=(2,4) lam_t=1.03571 lam_s=1.05000 tsr_diff=0.002280 integral_mean=0.000167 integral_std=0.002462 log_ratio=0.0000 accept=1.0000 swapped=True
i=5 pair=(3,7) lam_t=0.96429 lam_s=0.97857 tsr_diff=0.003545 integral_mean=-0.000085 integral_std=0.003263 log_ratio=-0.2035 accept=0.8159 swapped=True
i=5 pair=(1,6) lam_t=0.99286 lam_s=1.00714 tsr_diff=0.003496 integral_mean=-0.000035 integral_std=0.003310 log_ratio=-0.0832 accept=0.9201 swapped=True
i=5 pair=(0,4) lam_t=1.02143 lam_s=1.03571 tsr_diff=0.003447 integral_mean=0.000979 integral_std=0.006838 log_ratio=0.0000 accept=1.0000 swapped=True
i=6 pair=(5,7) lam_t=0.95000 lam_s=0.96429 tsr_diff=0.004979 integral_mean=-0.000045 integral_std=0.004592 log_ratio=-0.1083 accept=0.8973 swapped=True
i=6 pair=(3,6) lam_t=0.97857 lam_s=0.99286 tsr_diff=0.004883 integral_mean=0.000056 integral_std=0.004816 log_ratio=0.0000 accept=1.0000 swapped=True
i=6 pair=(1,4) lam_t=1.00714 lam_s=1.02143 tsr_diff=0.004789 integral_mean=-0.000802 integral_std=0.005247 log_ratio=-1.9239 accept=0.1460 swapped=True
i=6 pair=(0,2) lam_t=1.03571 lam_s=1.05000 tsr_diff=0.004698 integral_mean=0.001173 integral_std=0.008170 log_ratio=0.0000 accept=1.0000 swapped=True
i=7 pair=(5,6) lam_t=0.96429 lam_s=0.97857 tsr_diff=0.006435 integral_mean=-0.000141 integral_std=0.007042 log_ratio=-0.3381 accept=0.7131 swapped=True
i=7 pair=(3,4) lam_t=0.99286 lam_s=1.00714 tsr_diff=0.006274 integral_mean=-0.000799 integral_std=0.006433 log_ratio=-1.9164 accept=0.1471 swapped=False
i=7 pair=(1,2) lam_t=1.02143 lam_s=1.03571 tsr_diff=0.006120 integral_mean=-0.000532 integral_std=0.006427 log_ratio=-1.2777 accept=0.2787 swapped=False
i=8 pair=(7,6) lam_t=0.95000 lam_s=0.96429 tsr_diff=0.008123 integral_mean=-0.000174 integral_std=0.007738 log_ratio=-0.4170 accept=0.6590 swapped=True
i=8 pair=(5,3) lam_t=0.97857 lam_s=0.99286 tsr_diff=0.007872 integral_mean=-0.000032 integral_std=0.006623 log_ratio=-0.0762 accept=0.9267 swapped=True
i=8 pair=(4,1) lam_t=1.00714 lam_s=1.02143 tsr_diff=0.007631 integral_mean=0.000888 integral_std=0.008961 log_ratio=0.0000 accept=1.0000 swapped=True
i=8 pair=(2,0) lam_t=1.03571 lam_s=1.05000 tsr_diff=0.007402 integral_mean=-0.000139 integral_std=0.009241 log_ratio=-0.3337 accept=0.7163 swapped=False
i=9 pair=(7,3) lam_t=0.96429 lam_s=0.97857 tsr_diff=0.009548 integral_mean=0.000493 integral_std=0.009742 log_ratio=0.0000 accept=1.0000 swapped=True
i=9 pair=(5,1) lam_t=0.99286 lam_s=1.00714 tsr_diff=0.009200 integral_mean=0.000132 integral_std=0.008407 log_ratio=0.0000 accept=1.0000 swapped=True
i=9 pair=(4,2) lam_t=1.02143 lam_s=1.03571 tsr_diff=0.008870 integral_mean=0.001504 integral_std=0.014543 log_ratio=0.0000 accept=1.0000 swapped=True
i=10 pair=(6,3) lam_t=0.95000 lam_s=0.96429 tsr_diff=0.011265 integral_mean=0.000873 integral_std=0.012931 log_ratio=0.0000 accept=1.0000 swapped=True
i=10 pair=(7,1) lam_t=0.97857 lam_s=0.99286 tsr_diff=0.010789 integral_mean=0.000700 integral_std=0.011041 log_ratio=0.0000 accept=1.0000 swapped=True
i=10 pair=(5,2) lam_t=1.00714 lam_s=1.02143 tsr_diff=0.010342 integral_mean=0.000380 integral_std=0.013450 log_ratio=0.0000 accept=1.0000 swapped=True
i=10 pair=(4,0) lam_t=1.03571 lam_s=1.05000 tsr_diff=0.009923 integral_mean=0.001152 integral_std=0.013582 log_ratio=0.0000 accept=1.0000 swapped=True
i=11 pair=(6,1) lam_t=0.96429 lam_s=0.97857 tsr_diff=0.012354 integral_mean=0.000677 integral_std=0.016555 log_ratio=0.0000 accept=1.0000 swapped=True
i=11 pair=(7,2) lam_t=0.99286 lam_s=1.00714 tsr_diff=0.011778 integral_mean=-0.000123 integral_std=0.011556 log_ratio=-0.2963 accept=0.7435 swapped=True
i=11 pair=(5,0) lam_t=1.02143 lam_s=1.03571 tsr_diff=0.011242 integral_mean=0.000363 integral_std=0.018793 log_ratio=0.0000 accept=1.0000 swapped=True
i=12 pair=(3,1) lam_t=0.95000 lam_s=0.96429 tsr_diff=0.013839 integral_mean=0.000330 integral_std=0.012900 log_ratio=0.0000 accept=1.0000 swapped=True
i=12 pair=(6,2) lam_t=0.97857 lam_s=0.99286 tsr_diff=0.013131 integral_mean=0.001487 integral_std=0.023567 log_ratio=0.0000 accept=1.0000 swapped=True
i=12 pair=(7,0) lam_t=1.00714 lam_s=1.02143 tsr_diff=0.012476 integral_mean=-0.000415 integral_std=0.020598 log_ratio=-0.9950 accept=0.3697 swapped=False
i=12 pair=(5,4) lam_t=1.03571 lam_s=1.05000 tsr_diff=0.011868 integral_mean=-0.002678 integral_std=0.030480 log_ratio=-6.4272 accept=0.0016 swapped=False
i=13 pair=(3,2) lam_t=0.96429 lam_s=0.97857 tsr_diff=0.014342 integral_mean=-0.000473 integral_std=0.023201 log_ratio=-1.1351 accept=0.3214 swapped=False
i=13 pair=(6,7) lam_t=0.99286 lam_s=1.00714 tsr_diff=0.013574 integral_mean=0.002620 integral_std=0.021248 log_ratio=0.0000 accept=1.0000 swapped=True
i=13 pair=(0,5) lam_t=1.02143 lam_s=1.03571 tsr_diff=0.012866 integral_mean=-0.000599 integral_std=0.024982 log_ratio=-1.4387 accept=0.2372 swapped=False
i=14 pair=(1,3) lam_t=0.95000 lam_s=0.96429 tsr_diff=0.015346 integral_mean=0.000158 integral_std=0.026503 log_ratio=0.0000 accept=1.0000 swapped=True
i=14 pair=(2,7) lam_t=0.97857 lam_s=0.99286 tsr_diff=0.014482 integral_mean=-0.001681 integral_std=0.041343 log_ratio=-4.0352 accept=0.0177 swapped=False
i=14 pair=(6,0) lam_t=1.00714 lam_s=1.02143 tsr_diff=0.013689 integral_mean=0.002656 integral_std=0.047967 log_ratio=0.0000 accept=1.0000 swapped=True
i=14 pair=(5,4) lam_t=1.03571 lam_s=1.05000 tsr_diff=0.012959 integral_mean=0.002769 integral_std=0.114178 log_ratio=0.0000 accept=1.0000 swapped=True
Best Sample: 7 log probability -1.038
Saved 1 samples to: logs/pointmaze-giant-navigate-v0/inference/plans/release_H400_T256_LimitsNormalizer_b1_condFalse/2026-07-20 18:04:05/9/0.png
Saved 1 samples to: logs/pointmaze-giant-navigate-v0/inference/plans/release_H400_T256_LimitsNormalizer_b1_condFalse/2026-07-20 18:04:05/9/rollout.png
i=0 pair=(0,1) lam_t=0.95000 lam_s=0.96429 tsr_diff=0.000000 integral_mean=0.000000 integral_std=0.000000 log_ratio=0.0000 accept=1.0000 swapped=True
i=0 pair=(2,3) lam_t=0.97857 lam_s=0.99286 tsr_diff=0.000000 integral_mean=0.000000 integral_std=0.000000 log_ratio=0.0000 accept=1.0000 swapped=True
i=0 pair=(4,5) lam_t=1.00714 lam_s=1.02143 tsr_diff=0.000000 integral_mean=0.000000 integral_std=0.000000 log_ratio=0.0000 accept=1.0000 swapped=True
i=0 pair=(6,7) lam_t=1.03571 lam_s=1.05000 tsr_diff=0.000000 integral_mean=0.000000 integral_std=0.000000 log_ratio=0.0000 accept=1.0000 swapped=True
i=1 pair=(0,3) lam_t=0.96429 lam_s=0.97857 tsr_diff=0.000153 integral_mean=-0.000002 integral_std=0.000148 log_ratio=-0.0036 accept=0.9964 swapped=True
i=1 pair=(2,5) lam_t=0.99286 lam_s=1.00714 tsr_diff=0.000152 integral_mean=-0.000005 integral_std=0.000154 log_ratio=-0.0118 accept=0.9882 swapped=True
i=1 pair=(4,7) lam_t=1.02143 lam_s=1.03571 tsr_diff=0.000152 integral_mean=0.000007 integral_std=0.000152 log_ratio=0.0000 accept=1.0000 swapped=True
i=2 pair=(1,3) lam_t=0.95000 lam_s=0.96429 tsr_diff=0.000605 integral_mean=0.000002 integral_std=0.000605 log_ratio=0.0000 accept=1.0000 swapped=True
i=2 pair=(0,5) lam_t=0.97857 lam_s=0.99286 tsr_diff=0.000604 integral_mean=0.000000 integral_std=0.000617 log_ratio=0.0000 accept=1.0000 swapped=True
i=2 pair=(2,7) lam_t=1.00714 lam_s=1.02143 tsr_diff=0.000603 integral_mean=0.000008 integral_std=0.000615 log_ratio=0.0000 accept=1.0000 swapped=True
i=2 pair=(4,6) lam_t=1.03571 lam_s=1.05000 tsr_diff=0.000601 integral_mean=0.000005 integral_std=0.000582 log_ratio=0.0000 accept=1.0000 swapped=True
i=3 pair=(1,5) lam_t=0.96429 lam_s=0.97857 tsr_diff=0.001341 integral_mean=0.000202 integral_std=0.001552 log_ratio=0.0000 accept=1.0000 swapped=True
i=3 pair=(0,7) lam_t=0.99286 lam_s=1.00714 tsr_diff=0.001333 integral_mean=0.000125 integral_std=0.001487 log_ratio=0.0000 accept=1.0000 swapped=True
i=3 pair=(2,6) lam_t=1.02143 lam_s=1.03571 tsr_diff=0.001326 integral_mean=-0.000016 integral_std=0.001302 log_ratio=-0.0392 accept=0.9615 swapped=True
i=4 pair=(3,5) lam_t=0.95000 lam_s=0.96429 tsr_diff=0.002344 integral_mean=0.000021 integral_std=0.002269 log_ratio=0.0000 accept=1.0000 swapped=True
i=4 pair=(1,7) lam_t=0.97857 lam_s=0.99286 tsr_diff=0.002322 integral_mean=0.000120 integral_std=0.002462 log_ratio=0.0000 accept=1.0000 swapped=True
i=4 pair=(0,6) lam_t=1.00714 lam_s=1.02143 tsr_diff=0.002301 integral_mean=0.000091 integral_std=0.002218 log_ratio=0.0000 accept=1.0000 swapped=True
i=4 pair=(2,4) lam_t=1.03571 lam_s=1.05000 tsr_diff=0.002280 integral_mean=-0.000127 integral_std=0.002204 log_ratio=-0.3038 accept=0.7380 swapped=False
i=5 pair=(3,7) lam_t=0.96429 lam_s=0.97857 tsr_diff=0.003545 integral_mean=-0.000010 integral_std=0.003139 log_ratio=-0.0243 accept=0.9760 swapped=True
i=5 pair=(1,6) lam_t=0.99286 lam_s=1.00714 tsr_diff=0.003496 integral_mean=0.000295 integral_std=0.003621 log_ratio=0.0000 accept=1.0000 swapped=True
i=5 pair=(0,2) lam_t=1.02143 lam_s=1.03571 tsr_diff=0.003447 integral_mean=0.000169 integral_std=0.003394 log_ratio=0.0000 accept=1.0000 swapped=True
i=6 pair=(5,7) lam_t=0.95000 lam_s=0.96429 tsr_diff=0.004979 integral_mean=0.000110 integral_std=0.004540 log_ratio=0.0000 accept=1.0000 swapped=True
i=6 pair=(3,6) lam_t=0.97857 lam_s=0.99286 tsr_diff=0.004883 integral_mean=0.000084 integral_std=0.004550 log_ratio=0.0000 accept=1.0000 swapped=True
i=6 pair=(1,2) lam_t=1.00714 lam_s=1.02143 tsr_diff=0.004789 integral_mean=0.000414 integral_std=0.005226 log_ratio=0.0000 accept=1.0000 swapped=True
i=6 pair=(0,4) lam_t=1.03571 lam_s=1.05000 tsr_diff=0.004698 integral_mean=0.000503 integral_std=0.004507 log_ratio=0.0000 accept=1.0000 swapped=True
i=7 pair=(5,6) lam_t=0.96429 lam_s=0.97857 tsr_diff=0.006435 integral_mean=0.000081 integral_std=0.006165 log_ratio=0.0000 accept=1.0000 swapped=True
i=7 pair=(3,2) lam_t=0.99286 lam_s=1.00714 tsr_diff=0.006274 integral_mean=0.000235 integral_std=0.005734 log_ratio=0.0000 accept=1.0000 swapped=True
i=7 pair=(1,4) lam_t=1.02143 lam_s=1.03571 tsr_diff=0.006120 integral_mean=0.001154 integral_std=0.007302 log_ratio=0.0000 accept=1.0000 swapped=True
i=8 pair=(7,6) lam_t=0.95000 lam_s=0.96429 tsr_diff=0.008123 integral_mean=0.000155 integral_std=0.007606 log_ratio=0.0000 accept=1.0000 swapped=True
i=8 pair=(5,2) lam_t=0.97857 lam_s=0.99286 tsr_diff=0.007872 integral_mean=0.000227 integral_std=0.007403 log_ratio=0.0000 accept=1.0000 swapped=True
i=8 pair=(3,4) lam_t=1.00714 lam_s=1.02143 tsr_diff=0.007631 integral_mean=0.000456 integral_std=0.007175 log_ratio=0.0000 accept=1.0000 swapped=True
i=8 pair=(1,0) lam_t=1.03571 lam_s=1.05000 tsr_diff=0.007402 integral_mean=0.000495 integral_std=0.008007 log_ratio=0.0000 accept=1.0000 swapped=True
i=9 pair=(7,2) lam_t=0.96429 lam_s=0.97857 tsr_diff=0.009548 integral_mean=0.000183 integral_std=0.008065 log_ratio=0.0000 accept=1.0000 swapped=True
i=9 pair=(5,4) lam_t=0.99286 lam_s=1.00714 tsr_diff=0.009200 integral_mean=0.000417 integral_std=0.009692 log_ratio=0.0000 accept=1.0000 swapped=True
i=9 pair=(3,0) lam_t=1.02143 lam_s=1.03571 tsr_diff=0.008870 integral_mean=-0.000121 integral_std=0.010256 log_ratio=-0.2895 accept=0.7486 swapped=True
i=10 pair=(6,2) lam_t=0.95000 lam_s=0.96429 tsr_diff=0.011265 integral_mean=0.000246 integral_std=0.010970 log_ratio=0.0000 accept=1.0000 swapped=True
i=10 pair=(7,4) lam_t=0.97857 lam_s=0.99286 tsr_diff=0.010789 integral_mean=-0.000258 integral_std=0.011815 log_ratio=-0.6185 accept=0.5387 swapped=False
i=10 pair=(5,0) lam_t=1.00714 lam_s=1.02143 tsr_diff=0.010342 integral_mean=-0.004885 integral_std=0.023648 log_ratio=-11.7244 accept=0.0000 swapped=False
i=10 pair=(3,1) lam_t=1.03571 lam_s=1.05000 tsr_diff=0.009923 integral_mean=-0.001390 integral_std=0.013542 log_ratio=-3.3361 accept=0.0356 swapped=False
i=11 pair=(6,7) lam_t=0.96429 lam_s=0.97857 tsr_diff=0.012354 integral_mean=-0.000456 integral_std=0.014917 log_ratio=-1.0932 accept=0.3351 swapped=False
i=11 pair=(4,5) lam_t=0.99286 lam_s=1.00714 tsr_diff=0.011778 integral_mean=0.000419 integral_std=0.015251 log_ratio=0.0000 accept=1.0000 swapped=True
i=11 pair=(0,3) lam_t=1.02143 lam_s=1.03571 tsr_diff=0.011242 integral_mean=0.000826 integral_std=0.013837 log_ratio=0.0000 accept=1.0000 swapped=True
i=12 pair=(2,6) lam_t=0.95000 lam_s=0.96429 tsr_diff=0.013839 integral_mean=0.000029 integral_std=0.014779 log_ratio=0.0000 accept=1.0000 swapped=True
i=12 pair=(7,5) lam_t=0.97857 lam_s=0.99286 tsr_diff=0.013131 integral_mean=-0.000175 integral_std=0.015009 log_ratio=-0.4206 accept=0.6566 swapped=False
i=12 pair=(4,3) lam_t=1.00714 lam_s=1.02143 tsr_diff=0.012476 integral_mean=0.003334 integral_std=0.027502 log_ratio=0.0000 accept=1.0000 swapped=True
i=12 pair=(0,1) lam_t=1.03571 lam_s=1.05000 tsr_diff=0.011868 integral_mean=-0.001694 integral_std=0.021418 log_ratio=-4.0648 accept=0.0172 swapped=False
i=13 pair=(2,7) lam_t=0.96429 lam_s=0.97857 tsr_diff=0.014342 integral_mean=0.000191 integral_std=0.008499 log_ratio=0.0000 accept=1.0000 swapped=True
i=13 pair=(5,3) lam_t=0.99286 lam_s=1.00714 tsr_diff=0.013574 integral_mean=0.001953 integral_std=0.017556 log_ratio=0.0000 accept=1.0000 swapped=True
i=13 pair=(4,0) lam_t=1.02143 lam_s=1.03571 tsr_diff=0.012866 integral_mean=0.000410 integral_std=0.041409 log_ratio=0.0000 accept=1.0000 swapped=True
i=14 pair=(6,7) lam_t=0.95000 lam_s=0.96429 tsr_diff=0.015346 integral_mean=0.000715 integral_std=0.029889 log_ratio=0.0000 accept=1.0000 swapped=True
i=14 pair=(2,3) lam_t=0.97857 lam_s=0.99286 tsr_diff=0.014482 integral_mean=0.000847 integral_std=0.007668 log_ratio=0.0000 accept=1.0000 swapped=True
i=14 pair=(5,0) lam_t=1.00714 lam_s=1.02143 tsr_diff=0.013689 integral_mean=-0.008721 integral_std=0.088549 log_ratio=-20.9294 accept=0.0000 swapped=False
i=14 pair=(4,1) lam_t=1.03571 lam_s=1.05000 tsr_diff=0.012959 integral_mean=-0.003302 integral_std=0.104163 log_ratio=-7.9244 accept=0.0004 swapped=False
Best Sample: 3 log probability 0.000
Saved 1 samples to: logs/pointmaze-giant-navigate-v0/inference/plans/release_H400_T256_LimitsNormalizer_b1_condFalse/2026-07-20 18:04:05/10/0.png
Saved 1 samples to: logs/pointmaze-giant-navigate-v0/inference/plans/release_H400_T256_LimitsNormalizer_b1_condFalse/2026-07-20 18:04:05/10/rollout.png
i=0 pair=(0,1) lam_t=0.95000 lam_s=0.96429 tsr_diff=0.000000 integral_mean=0.000000 integral_std=0.000000 log_ratio=0.0000 accept=1.0000 swapped=True
i=0 pair=(2,3) lam_t=0.97857 lam_s=0.99286 tsr_diff=0.000000 integral_mean=0.000000 integral_std=0.000000 log_ratio=0.0000 accept=1.0000 swapped=True
i=0 pair=(4,5) lam_t=1.00714 lam_s=1.02143 tsr_diff=0.000000 integral_mean=0.000000 integral_std=0.000000 log_ratio=0.0000 accept=1.0000 swapped=True
i=0 pair=(6,7) lam_t=1.03571 lam_s=1.05000 tsr_diff=0.000000 integral_mean=0.000000 integral_std=0.000000 log_ratio=0.0000 accept=1.0000 swapped=True
i=1 pair=(0,3) lam_t=0.96429 lam_s=0.97857 tsr_diff=0.000153 integral_mean=-0.000008 integral_std=0.000155 log_ratio=-0.0192 accept=0.9809 swapped=True
i=1 pair=(2,5) lam_t=0.99286 lam_s=1.00714 tsr_diff=0.000152 integral_mean=-0.000002 integral_std=0.000169 log_ratio=-0.0047 accept=0.9953 swapped=True
i=1 pair=(4,7) lam_t=1.02143 lam_s=1.03571 tsr_diff=0.000152 integral_mean=0.000004 integral_std=0.000149 log_ratio=0.0000 accept=1.0000 swapped=True
i=2 pair=(1,3) lam_t=0.95000 lam_s=0.96429 tsr_diff=0.000605 integral_mean=-0.000018 integral_std=0.000597 log_ratio=-0.0432 accept=0.9577 swapped=True
i=2 pair=(0,5) lam_t=0.97857 lam_s=0.99286 tsr_diff=0.000604 integral_mean=0.000024 integral_std=0.000629 log_ratio=0.0000 accept=1.0000 swapped=True
i=2 pair=(2,7) lam_t=1.00714 lam_s=1.02143 tsr_diff=0.000603 integral_mean=0.000006 integral_std=0.000561 log_ratio=0.0000 accept=1.0000 swapped=True
i=2 pair=(4,6) lam_t=1.03571 lam_s=1.05000 tsr_diff=0.000601 integral_mean=0.000018 integral_std=0.000572 log_ratio=0.0000 accept=1.0000 swapped=True
i=3 pair=(1,5) lam_t=0.96429 lam_s=0.97857 tsr_diff=0.001341 integral_mean=-0.000006 integral_std=0.001306 log_ratio=-0.0145 accept=0.9856 swapped=True
i=3 pair=(0,7) lam_t=0.99286 lam_s=1.00714 tsr_diff=0.001333 integral_mean=0.000076 integral_std=0.001327 log_ratio=0.0000 accept=1.0000 swapped=True
i=3 pair=(2,6) lam_t=1.02143 lam_s=1.03571 tsr_diff=0.001326 integral_mean=-0.000373 integral_std=0.001820 log_ratio=-0.8946 accept=0.4088 swapped=True
i=4 pair=(3,5) lam_t=0.95000 lam_s=0.96429 tsr_diff=0.002344 integral_mean=0.000050 integral_std=0.002314 log_ratio=0.0000 accept=1.0000 swapped=True
i=4 pair=(1,7) lam_t=0.97857 lam_s=0.99286 tsr_diff=0.002322 integral_mean=0.000070 integral_std=0.002101 log_ratio=0.0000 accept=1.0000 swapped=True
i=4 pair=(0,6) lam_t=1.00714 lam_s=1.02143 tsr_diff=0.002301 integral_mean=-0.000058 integral_std=0.002482 log_ratio=-0.1401 accept=0.8692 swapped=True
i=4 pair=(2,4) lam_t=1.03571 lam_s=1.05000 tsr_diff=0.002280 integral_mean=-0.000046 integral_std=0.002082 log_ratio=-0.1101 accept=0.8958 swapped=True
i=5 pair=(3,7) lam_t=0.96429 lam_s=0.97857 tsr_diff=0.003545 integral_mean=0.000019 integral_std=0.003266 log_ratio=0.0000 accept=1.0000 swapped=True
i=5 pair=(1,6) lam_t=0.99286 lam_s=1.00714 tsr_diff=0.003496 integral_mean=0.000187 integral_std=0.003497 log_ratio=0.0000 accept=1.0000 swapped=True
i=5 pair=(0,4) lam_t=1.02143 lam_s=1.03571 tsr_diff=0.003447 integral_mean=-0.000109 integral_std=0.003620 log_ratio=-0.2623 accept=0.7693 swapped=False
i=6 pair=(5,7) lam_t=0.95000 lam_s=0.96429 tsr_diff=0.004979 integral_mean=0.000142 integral_std=0.004806 log_ratio=0.0000 accept=1.0000 swapped=True
i=6 pair=(3,6) lam_t=0.97857 lam_s=0.99286 tsr_diff=0.004883 integral_mean=-0.000822 integral_std=0.005855 log_ratio=-1.9739 accept=0.1389 swapped=False
i=6 pair=(1,0) lam_t=1.00714 lam_s=1.02143 tsr_diff=0.004789 integral_mean=-0.000015 integral_std=0.004507 log_ratio=-0.0359 accept=0.9647 swapped=True
i=6 pair=(4,2) lam_t=1.03571 lam_s=1.05000 tsr_diff=0.004698 integral_mean=0.000318 integral_std=0.004422 log_ratio=0.0000 accept=1.0000 swapped=True
i=7 pair=(5,3) lam_t=0.96429 lam_s=0.97857 tsr_diff=0.006435 integral_mean=0.000025 integral_std=0.005773 log_ratio=0.0000 accept=1.0000 swapped=True
i=7 pair=(6,0) lam_t=0.99286 lam_s=1.00714 tsr_diff=0.006274 integral_mean=0.000142 integral_std=0.006302 log_ratio=0.0000 accept=1.0000 swapped=True
i=7 pair=(1,2) lam_t=1.02143 lam_s=1.03571 tsr_diff=0.006120 integral_mean=0.000083 integral_std=0.005598 log_ratio=0.0000 accept=1.0000 swapped=True
i=8 pair=(7,3) lam_t=0.95000 lam_s=0.96429 tsr_diff=0.008123 integral_mean=0.000144 integral_std=0.006537 log_ratio=0.0000 accept=1.0000 swapped=True
i=8 pair=(5,0) lam_t=0.97857 lam_s=0.99286 tsr_diff=0.007872 integral_mean=-0.000239 integral_std=0.007430 log_ratio=-0.5747 accept=0.5629 swapped=True
i=8 pair=(6,2) lam_t=1.00714 lam_s=1.02143 tsr_diff=0.007631 integral_mean=0.000326 integral_std=0.007787 log_ratio=0.0000 accept=1.0000 swapped=True
i=8 pair=(1,4) lam_t=1.03571 lam_s=1.05000 tsr_diff=0.007402 integral_mean=-0.003403 integral_std=0.015062 log_ratio=-8.1677 accept=0.0003 swapped=False
i=9 pair=(7,0) lam_t=0.96429 lam_s=0.97857 tsr_diff=0.009548 integral_mean=-0.000019 integral_std=0.009744 log_ratio=-0.0445 accept=0.9565 swapped=True
i=9 pair=(5,2) lam_t=0.99286 lam_s=1.00714 tsr_diff=0.009200 integral_mean=-0.000089 integral_std=0.007919 log_ratio=-0.2136 accept=0.8077 swapped=True
i=9 pair=(6,1) lam_t=1.02143 lam_s=1.03571 tsr_diff=0.008870 integral_mean=0.000522 integral_std=0.009324 log_ratio=0.0000 accept=1.0000 swapped=True
i=10 pair=(3,0) lam_t=0.95000 lam_s=0.96429 tsr_diff=0.011265 integral_mean=-0.000152 integral_std=0.012310 log_ratio=-0.3655 accept=0.6938 swapped=False
i=10 pair=(7,2) lam_t=0.97857 lam_s=0.99286 tsr_diff=0.010789 integral_mean=-0.000081 integral_std=0.010764 log_ratio=-0.1932 accept=0.8243 swapped=True
i=10 pair=(5,1) lam_t=1.00714 lam_s=1.02143 tsr_diff=0.010342 integral_mean=0.000274 integral_std=0.008806 log_ratio=0.0000 accept=1.0000 swapped=True
i=10 pair=(6,4) lam_t=1.03571 lam_s=1.05000 tsr_diff=0.009923 integral_mean=-0.001106 integral_std=0.012638 log_ratio=-2.6544 accept=0.0703 swapped=False
i=11 pair=(0,2) lam_t=0.96429 lam_s=0.97857 tsr_diff=0.012354 integral_mean=0.000277 integral_std=0.014105 log_ratio=0.0000 accept=1.0000 swapped=True
i=11 pair=(7,1) lam_t=0.99286 lam_s=1.00714 tsr_diff=0.011778 integral_mean=-0.000010 integral_std=0.008269 log_ratio=-0.0242 accept=0.9761 swapped=False
i=11 pair=(5,6) lam_t=1.02143 lam_s=1.03571 tsr_diff=0.011242 integral_mean=-0.000294 integral_std=0.014665 log_ratio=-0.7067 accept=0.4933 swapped=False
i=12 pair=(3,2) lam_t=0.95000 lam_s=0.96429 tsr_diff=0.013839 integral_mean=0.000123 integral_std=0.015820 log_ratio=0.0000 accept=1.0000 swapped=True
i=12 pair=(0,7) lam_t=0.97857 lam_s=0.99286 tsr_diff=0.013131 integral_mean=0.000564 integral_std=0.016798 log_ratio=0.0000 accept=1.0000 swapped=True
i=12 pair=(1,5) lam_t=1.00714 lam_s=1.02143 tsr_diff=0.012476 integral_mean=-0.000510 integral_std=0.013530 log_ratio=-1.2244 accept=0.2939 swapped=False
i=12 pair=(6,4) lam_t=1.03571 lam_s=1.05000 tsr_diff=0.011868 integral_mean=-0.000928 integral_std=0.020385 log_ratio=-2.2262 accept=0.1079 swapped=False
i=13 pair=(3,7) lam_t=0.96429 lam_s=0.97857 tsr_diff=0.014342 integral_mean=0.000305 integral_std=0.007584 log_ratio=0.0000 accept=1.0000 swapped=True
i=13 pair=(0,1) lam_t=0.99286 lam_s=1.00714 tsr_diff=0.013574 integral_mean=0.001825 integral_std=0.020754 log_ratio=0.0000 accept=1.0000 swapped=True
i=13 pair=(5,6) lam_t=1.02143 lam_s=1.03571 tsr_diff=0.012866 integral_mean=-0.000320 integral_std=0.022443 log_ratio=-0.7680 accept=0.4639 swapped=True
i=14 pair=(2,7) lam_t=0.95000 lam_s=0.96429 tsr_diff=0.015346 integral_mean=0.002136 integral_std=0.037047 log_ratio=0.0000 accept=1.0000 swapped=True
i=14 pair=(3,1) lam_t=0.97857 lam_s=0.99286 tsr_diff=0.014482 integral_mean=0.000631 integral_std=0.007717 log_ratio=0.0000 accept=1.0000 swapped=True
i=14 pair=(0,6) lam_t=1.00714 lam_s=1.02143 tsr_diff=0.013689 integral_mean=-0.001696 integral_std=0.054993 log_ratio=-4.0714 accept=0.0171 swapped=False
i=14 pair=(5,4) lam_t=1.03571 lam_s=1.05000 tsr_diff=0.012959 integral_mean=-0.003305 integral_std=0.052780 log_ratio=-7.9316 accept=0.0004 swapped=False
Best Sample: 7 log probability 0.000
Saved 1 samples to: logs/pointmaze-giant-navigate-v0/inference/plans/release_H400_T256_LimitsNormalizer_b1_condFalse/2026-07-20 18:04:05/11/0.png
Saved 1 samples to: logs/pointmaze-giant-navigate-v0/inference/plans/release_H400_T256_LimitsNormalizer_b1_condFalse/2026-07-20 18:04:05/11/rollout.png
i=0 pair=(0,1) lam_t=0.95000 lam_s=0.96429 tsr_diff=0.000000 integral_mean=0.000000 integral_std=0.000000 log_ratio=0.0000 accept=1.0000 swapped=True
i=0 pair=(2,3) lam_t=0.97857 lam_s=0.99286 tsr_diff=0.000000 integral_mean=0.000000 integral_std=0.000000 log_ratio=0.0000 accept=1.0000 swapped=True
i=0 pair=(4,5) lam_t=1.00714 lam_s=1.02143 tsr_diff=0.000000 integral_mean=0.000000 integral_std=0.000000 log_ratio=0.0000 accept=1.0000 swapped=True
i=0 pair=(6,7) lam_t=1.03571 lam_s=1.05000 tsr_diff=0.000000 integral_mean=0.000000 integral_std=0.000000 log_ratio=0.0000 accept=1.0000 swapped=True
i=1 pair=(0,3) lam_t=0.96429 lam_s=0.97857 tsr_diff=0.000153 integral_mean=0.000001 integral_std=0.000154 log_ratio=0.0000 accept=1.0000 swapped=True
i=1 pair=(2,5) lam_t=0.99286 lam_s=1.00714 tsr_diff=0.000152 integral_mean=-0.000003 integral_std=0.000154 log_ratio=-0.0073 accept=0.9927 swapped=True
i=1 pair=(4,7) lam_t=1.02143 lam_s=1.03571 tsr_diff=0.000152 integral_mean=0.000004 integral_std=0.000147 log_ratio=0.0000 accept=1.0000 swapped=True
i=2 pair=(1,3) lam_t=0.95000 lam_s=0.96429 tsr_diff=0.000605 integral_mean=0.000002 integral_std=0.000603 log_ratio=0.0000 accept=1.0000 swapped=True
i=2 pair=(0,5) lam_t=0.97857 lam_s=0.99286 tsr_diff=0.000604 integral_mean=0.000015 integral_std=0.000576 log_ratio=0.0000 accept=1.0000 swapped=True
i=2 pair=(2,7) lam_t=1.00714 lam_s=1.02143 tsr_diff=0.000603 integral_mean=-0.000014 integral_std=0.000587 log_ratio=-0.0347 accept=0.9659 swapped=True
i=2 pair=(4,6) lam_t=1.03571 lam_s=1.05000 tsr_diff=0.000601 integral_mean=-0.000016 integral_std=0.000586 log_ratio=-0.0395 accept=0.9612 swapped=True
i=3 pair=(1,5) lam_t=0.96429 lam_s=0.97857 tsr_diff=0.001341 integral_mean=0.000004 integral_std=0.001267 log_ratio=0.0000 accept=1.0000 swapped=True
i=3 pair=(0,7) lam_t=0.99286 lam_s=1.00714 tsr_diff=0.001333 integral_mean=-0.000016 integral_std=0.001288 log_ratio=-0.0388 accept=0.9620 swapped=True
i=3 pair=(2,6) lam_t=1.02143 lam_s=1.03571 tsr_diff=0.001326 integral_mean=-0.000012 integral_std=0.001322 log_ratio=-0.0280 accept=0.9724 swapped=True
i=4 pair=(3,5) lam_t=0.95000 lam_s=0.96429 tsr_diff=0.002344 integral_mean=-0.000028 integral_std=0.002183 log_ratio=-0.0677 accept=0.9345 swapped=True
i=4 pair=(1,7) lam_t=0.97857 lam_s=0.99286 tsr_diff=0.002322 integral_mean=-0.000078 integral_std=0.002196 log_ratio=-0.1861 accept=0.8302 swapped=True
i=4 pair=(0,6) lam_t=1.00714 lam_s=1.02143 tsr_diff=0.002301 integral_mean=-0.000380 integral_std=0.002721 log_ratio=-0.9126 accept=0.4015 swapped=False
i=4 pair=(2,4) lam_t=1.03571 lam_s=1.05000 tsr_diff=0.002280 integral_mean=0.000029 integral_std=0.002128 log_ratio=0.0000 accept=1.0000 swapped=True
i=5 pair=(3,7) lam_t=0.96429 lam_s=0.97857 tsr_diff=0.003545 integral_mean=-0.000198 integral_std=0.003424 log_ratio=-0.4743 accept=0.6223 swapped=False
i=5 pair=(1,0) lam_t=0.99286 lam_s=1.00714 tsr_diff=0.003496 integral_mean=0.000018 integral_std=0.003102 log_ratio=0.0000 accept=1.0000 swapped=True
i=5 pair=(6,4) lam_t=1.02143 lam_s=1.03571 tsr_diff=0.003447 integral_mean=0.000186 integral_std=0.003856 log_ratio=0.0000 accept=1.0000 swapped=True
i=6 pair=(5,3) lam_t=0.95000 lam_s=0.96429 tsr_diff=0.004979 integral_mean=-0.000116 integral_std=0.004508 log_ratio=-0.2794 accept=0.7563 swapped=False
i=6 pair=(7,0) lam_t=0.97857 lam_s=0.99286 tsr_diff=0.004883 integral_mean=0.000177 integral_std=0.004609 log_ratio=0.0000 accept=1.0000 swapped=True
i=6 pair=(1,4) lam_t=1.00714 lam_s=1.02143 tsr_diff=0.004789 integral_mean=-0.000364 integral_std=0.004904 log_ratio=-0.8732 accept=0.4176 swapped=True
i=6 pair=(6,2) lam_t=1.03571 lam_s=1.05000 tsr_diff=0.004698 integral_mean=0.000159 integral_std=0.004903 log_ratio=0.0000 accept=1.0000 swapped=True
i=7 pair=(3,0) lam_t=0.96429 lam_s=0.97857 tsr_diff=0.006435 integral_mean=0.000449 integral_std=0.005804 log_ratio=0.0000 accept=1.0000 swapped=True
i=7 pair=(7,4) lam_t=0.99286 lam_s=1.00714 tsr_diff=0.006274 integral_mean=0.000185 integral_std=0.005560 log_ratio=0.0000 accept=1.0000 swapped=True
i=7 pair=(1,2) lam_t=1.02143 lam_s=1.03571 tsr_diff=0.006120 integral_mean=-0.000115 integral_std=0.005710 log_ratio=-0.2755 accept=0.7592 swapped=False
i=8 pair=(5,0) lam_t=0.95000 lam_s=0.96429 tsr_diff=0.008123 integral_mean=0.000446 integral_std=0.007435 log_ratio=0.0000 accept=1.0000 swapped=True
i=8 pair=(3,4) lam_t=0.97857 lam_s=0.99286 tsr_diff=0.007872 integral_mean=0.000539 integral_std=0.006904 log_ratio=0.0000 accept=1.0000 swapped=True
i=8 pair=(7,1) lam_t=1.00714 lam_s=1.02143 tsr_diff=0.007631 integral_mean=0.000664 integral_std=0.007529 log_ratio=0.0000 accept=1.0000 swapped=True
i=8 pair=(2,6) lam_t=1.03571 lam_s=1.05000 tsr_diff=0.007402 integral_mean=-0.000303 integral_std=0.008052 log_ratio=-0.7261 accept=0.4838 swapped=False
i=9 pair=(5,4) lam_t=0.96429 lam_s=0.97857 tsr_diff=0.009548 integral_mean=0.000371 integral_std=0.009418 log_ratio=0.0000 accept=1.0000 swapped=True
i=9 pair=(3,1) lam_t=0.99286 lam_s=1.00714 tsr_diff=0.009200 integral_mean=0.000090 integral_std=0.008151 log_ratio=0.0000 accept=1.0000 swapped=True
i=9 pair=(7,2) lam_t=1.02143 lam_s=1.03571 tsr_diff=0.008870 integral_mean=0.000212 integral_std=0.009045 log_ratio=0.0000 accept=1.0000 swapped=True
i=10 pair=(0,4) lam_t=0.95000 lam_s=0.96429 tsr_diff=0.011265 integral_mean=-0.000334 integral_std=0.010180 log_ratio=-0.8010 accept=0.4489 swapped=True
i=10 pair=(5,1) lam_t=0.97857 lam_s=0.99286 tsr_diff=0.010789 integral_mean=0.000167 integral_std=0.010769 log_ratio=0.0000 accept=1.0000 swapped=True
i=10 pair=(3,2) lam_t=1.00714 lam_s=1.02143 tsr_diff=0.010342 integral_mean=-0.000214 integral_std=0.010445 log_ratio=-0.5145 accept=0.5978 swapped=False
i=10 pair=(7,6) lam_t=1.03571 lam_s=1.05000 tsr_diff=0.009923 integral_mean=0.000029 integral_std=0.013127 log_ratio=0.0000 accept=1.0000 swapped=True
i=11 pair=(0,1) lam_t=0.96429 lam_s=0.97857 tsr_diff=0.012354 integral_mean=-0.000171 integral_std=0.008464 log_ratio=-0.4108 accept=0.6631 swapped=True
i=11 pair=(5,3) lam_t=0.99286 lam_s=1.00714 tsr_diff=0.011778 integral_mean=-0.000081 integral_std=0.010815 log_ratio=-0.1948 accept=0.8230 swapped=True
i=11 pair=(2,6) lam_t=1.02143 lam_s=1.03571 tsr_diff=0.011242 integral_mean=0.001395 integral_std=0.020645 log_ratio=0.0000 accept=1.0000 swapped=True
i=12 pair=(4,1) lam_t=0.95000 lam_s=0.96429 tsr_diff=0.013839 integral_mean=0.001471 integral_std=0.017638 log_ratio=0.0000 accept=1.0000 swapped=True
i=12 pair=(0,3) lam_t=0.97857 lam_s=0.99286 tsr_diff=0.013131 integral_mean=-0.000621 integral_std=0.011540 log_ratio=-1.4903 accept=0.2253 swapped=False
i=12 pair=(5,6) lam_t=1.00714 lam_s=1.02143 tsr_diff=0.012476 integral_mean=0.000805 integral_std=0.023544 log_ratio=0.0000 accept=1.0000 swapped=True
i=12 pair=(2,7) lam_t=1.03571 lam_s=1.05000 tsr_diff=0.011868 integral_mean=-0.000869 integral_std=0.017216 log_ratio=-2.0859 accept=0.1242 swapped=False
i=13 pair=(4,0) lam_t=0.96429 lam_s=0.97857 tsr_diff=0.014342 integral_mean=0.001989 integral_std=0.020554 log_ratio=0.0000 accept=1.0000 swapped=True
i=13 pair=(3,6) lam_t=0.99286 lam_s=1.00714 tsr_diff=0.013574 integral_mean=0.000862 integral_std=0.029299 log_ratio=0.0000 accept=1.0000 swapped=True
i=13 pair=(5,2) lam_t=1.02143 lam_s=1.03571 tsr_diff=0.012866 integral_mean=0.000154 integral_std=0.020184 log_ratio=0.0000 accept=1.0000 swapped=True
i=14 pair=(1,0) lam_t=0.95000 lam_s=0.96429 tsr_diff=0.015346 integral_mean=0.001024 integral_std=0.012514 log_ratio=0.0000 accept=1.0000 swapped=True
i=14 pair=(4,6) lam_t=0.97857 lam_s=0.99286 tsr_diff=0.014482 integral_mean=0.001688 integral_std=0.048982 log_ratio=0.0000 accept=1.0000 swapped=True
i=14 pair=(3,2) lam_t=1.00714 lam_s=1.02143 tsr_diff=0.013689 integral_mean=-0.001592 integral_std=0.053698 log_ratio=-3.8219 accept=0.0219 swapped=False
i=14 pair=(5,7) lam_t=1.03571 lam_s=1.05000 tsr_diff=0.012959 integral_mean=0.005517 integral_std=0.057285 log_ratio=0.0000 accept=1.0000 swapped=True
Best Sample: 0 log probability 0.000
Saved 1 samples to: logs/pointmaze-giant-navigate-v0/inference/plans/release_H400_T256_LimitsNormalizer_b1_condFalse/2026-07-20 18:04:05/12/0.png
Saved 1 samples to: logs/pointmaze-giant-navigate-v0/inference/plans/release_H400_T256_LimitsNormalizer_b1_condFalse/2026-07-20 18:04:05/12/rollout.png
i=0 pair=(0,1) lam_t=0.95000 lam_s=0.96429 tsr_diff=0.000000 integral_mean=0.000000 integral_std=0.000000 log_ratio=0.0000 accept=1.0000 swapped=True
i=0 pair=(2,3) lam_t=0.97857 lam_s=0.99286 tsr_diff=0.000000 integral_mean=0.000000 integral_std=0.000000 log_ratio=0.0000 accept=1.0000 swapped=True
i=0 pair=(4,5) lam_t=1.00714 lam_s=1.02143 tsr_diff=0.000000 integral_mean=0.000000 integral_std=0.000000 log_ratio=0.0000 accept=1.0000 swapped=True
i=0 pair=(6,7) lam_t=1.03571 lam_s=1.05000 tsr_diff=0.000000 integral_mean=0.000000 integral_std=0.000000 log_ratio=0.0000 accept=1.0000 swapped=True
i=1 pair=(0,3) lam_t=0.96429 lam_s=0.97857 tsr_diff=0.000153 integral_mean=-0.000002 integral_std=0.000148 log_ratio=-0.0044 accept=0.9956 swapped=True
i=1 pair=(2,5) lam_t=0.99286 lam_s=1.00714 tsr_diff=0.000152 integral_mean=0.000000 integral_std=0.000153 log_ratio=0.0000 accept=1.0000 swapped=True
i=1 pair=(4,7) lam_t=1.02143 lam_s=1.03571 tsr_diff=0.000152 integral_mean=0.000000 integral_std=0.000151 log_ratio=0.0000 accept=1.0000 swapped=True
i=2 pair=(1,3) lam_t=0.95000 lam_s=0.96429 tsr_diff=0.000605 integral_mean=0.000005 integral_std=0.000589 log_ratio=0.0000 accept=1.0000 swapped=True
i=2 pair=(0,5) lam_t=0.97857 lam_s=0.99286 tsr_diff=0.000604 integral_mean=0.000001 integral_std=0.000580 log_ratio=0.0000 accept=1.0000 swapped=True
i=2 pair=(2,7) lam_t=1.00714 lam_s=1.02143 tsr_diff=0.000603 integral_mean=0.000008 integral_std=0.000606 log_ratio=0.0000 accept=1.0000 swapped=True
i=2 pair=(4,6) lam_t=1.03571 lam_s=1.05000 tsr_diff=0.000601 integral_mean=-0.000002 integral_std=0.000612 log_ratio=-0.0042 accept=0.9958 swapped=True
i=3 pair=(1,5) lam_t=0.96429 lam_s=0.97857 tsr_diff=0.001341 integral_mean=0.000039 integral_std=0.001297 log_ratio=0.0000 accept=1.0000 swapped=True
i=3 pair=(0,7) lam_t=0.99286 lam_s=1.00714 tsr_diff=0.001333 integral_mean=-0.000008 integral_std=0.001350 log_ratio=-0.0198 accept=0.9804 swapped=True
i=3 pair=(2,6) lam_t=1.02143 lam_s=1.03571 tsr_diff=0.001326 integral_mean=0.000069 integral_std=0.001377 log_ratio=0.0000 accept=1.0000 swapped=True
i=4 pair=(3,5) lam_t=0.95000 lam_s=0.96429 tsr_diff=0.002344 integral_mean=0.000017 integral_std=0.002297 log_ratio=0.0000 accept=1.0000 swapped=True
i=4 pair=(1,7) lam_t=0.97857 lam_s=0.99286 tsr_diff=0.002322 integral_mean=0.000035 integral_std=0.002149 log_ratio=0.0000 accept=1.0000 swapped=True
i=4 pair=(0,6) lam_t=1.00714 lam_s=1.02143 tsr_diff=0.002301 integral_mean=-0.000087 integral_std=0.002315 log_ratio=-0.2079 accept=0.8123 swapped=False
i=4 pair=(2,4) lam_t=1.03571 lam_s=1.05000 tsr_diff=0.002280 integral_mean=0.000009 integral_std=0.002340 log_ratio=0.0000 accept=1.0000 swapped=True
i=5 pair=(3,7) lam_t=0.96429 lam_s=0.97857 tsr_diff=0.003545 integral_mean=0.000085 integral_std=0.003469 log_ratio=0.0000 accept=1.0000 swapped=True
i=5 pair=(1,0) lam_t=0.99286 lam_s=1.00714 tsr_diff=0.003496 integral_mean=-0.000059 integral_std=0.003194 log_ratio=-0.1413 accept=0.8683 swapped=True
i=5 pair=(6,4) lam_t=1.02143 lam_s=1.03571 tsr_diff=0.003447 integral_mean=-0.000041 integral_std=0.003238 log_ratio=-0.0973 accept=0.9073 swapped=True
i=6 pair=(5,7) lam_t=0.95000 lam_s=0.96429 tsr_diff=0.004979 integral_mean=0.000014 integral_std=0.004554 log_ratio=0.0000 accept=1.0000 swapped=True
i=6 pair=(3,0) lam_t=0.97857 lam_s=0.99286 tsr_diff=0.004883 integral_mean=0.000105 integral_std=0.004891 log_ratio=0.0000 accept=1.0000 swapped=True
i=6 pair=(1,4) lam_t=1.00714 lam_s=1.02143 tsr_diff=0.004789 integral_mean=0.000010 integral_std=0.004592 log_ratio=0.0000 accept=1.0000 swapped=True
i=6 pair=(6,2) lam_t=1.03571 lam_s=1.05000 tsr_diff=0.004698 integral_mean=0.000195 integral_std=0.004628 log_ratio=0.0000 accept=1.0000 swapped=True
i=7 pair=(5,0) lam_t=0.96429 lam_s=0.97857 tsr_diff=0.006435 integral_mean=0.000012 integral_std=0.006341 log_ratio=0.0000 accept=1.0000 swapped=True
i=7 pair=(3,4) lam_t=0.99286 lam_s=1.00714 tsr_diff=0.006274 integral_mean=-0.000141 integral_std=0.006235 log_ratio=-0.3384 accept=0.7129 swapped=False
i=7 pair=(1,2) lam_t=1.02143 lam_s=1.03571 tsr_diff=0.006120 integral_mean=-0.000035 integral_std=0.005598 log_ratio=-0.0846 accept=0.9189 swapped=True
i=8 pair=(7,0) lam_t=0.95000 lam_s=0.96429 tsr_diff=0.008123 integral_mean=-0.000210 integral_std=0.007501 log_ratio=-0.5044 accept=0.6039 swapped=True
i=8 pair=(5,3) lam_t=0.97857 lam_s=0.99286 tsr_diff=0.007872 integral_mean=0.000191 integral_std=0.008035 log_ratio=0.0000 accept=1.0000 swapped=True
i=8 pair=(4,2) lam_t=1.00714 lam_s=1.02143 tsr_diff=0.007631 integral_mean=0.000428 integral_std=0.008127 log_ratio=0.0000 accept=1.0000 swapped=True
i=8 pair=(1,6) lam_t=1.03571 lam_s=1.05000 tsr_diff=0.007402 integral_mean=-0.000108 integral_std=0.007472 log_ratio=-0.2602 accept=0.7709 swapped=True
i=9 pair=(7,3) lam_t=0.96429 lam_s=0.97857 tsr_diff=0.009548 integral_mean=0.000166 integral_std=0.009149 log_ratio=0.0000 accept=1.0000 swapped=True
i=9 pair=(5,2) lam_t=0.99286 lam_s=1.00714 tsr_diff=0.009200 integral_mean=0.000194 integral_std=0.008403 log_ratio=0.0000 accept=1.0000 swapped=True
i=9 pair=(4,6) lam_t=1.02143 lam_s=1.03571 tsr_diff=0.008870 integral_mean=0.001029 integral_std=0.011199 log_ratio=0.0000 accept=1.0000 swapped=True
i=10 pair=(0,3) lam_t=0.95000 lam_s=0.96429 tsr_diff=0.011265 integral_mean=0.000263 integral_std=0.013085 log_ratio=0.0000 accept=1.0000 swapped=True
i=10 pair=(7,2) lam_t=0.97857 lam_s=0.99286 tsr_diff=0.010789 integral_mean=-0.000297 integral_std=0.010050 log_ratio=-0.7135 accept=0.4899 swapped=True
i=10 pair=(5,6) lam_t=1.00714 lam_s=1.02143 tsr_diff=0.010342 integral_mean=-0.000314 integral_std=0.010136 log_ratio=-0.7536 accept=0.4706 swapped=False
i=10 pair=(4,1) lam_t=1.03571 lam_s=1.05000 tsr_diff=0.009923 integral_mean=0.001503 integral_std=0.017299 log_ratio=0.0000 accept=1.0000 swapped=True
i=11 pair=(0,2) lam_t=0.96429 lam_s=0.97857 tsr_diff=0.012354 integral_mean=0.000331 integral_std=0.015137 log_ratio=0.0000 accept=1.0000 swapped=True
i=11 pair=(7,5) lam_t=0.99286 lam_s=1.00714 tsr_diff=0.011778 integral_mean=0.000240 integral_std=0.008019 log_ratio=0.0000 accept=1.0000 swapped=True
i=11 pair=(6,1) lam_t=1.02143 lam_s=1.03571 tsr_diff=0.011242 integral_mean=0.000274 integral_std=0.015206 log_ratio=0.0000 accept=1.0000 swapped=True
i=12 pair=(3,2) lam_t=0.95000 lam_s=0.96429 tsr_diff=0.013839 integral_mean=-0.007937 integral_std=0.044915 log_ratio=-19.0497 accept=0.0000 swapped=False
i=12 pair=(0,5) lam_t=0.97857 lam_s=0.99286 tsr_diff=0.013131 integral_mean=0.002010 integral_std=0.017128 log_ratio=0.0000 accept=1.0000 swapped=True
i=12 pair=(7,1) lam_t=1.00714 lam_s=1.02143 tsr_diff=0.012476 integral_mean=-0.000909 integral_std=0.014331 log_ratio=-2.1825 accept=0.1128 swapped=False
i=12 pair=(6,4) lam_t=1.03571 lam_s=1.05000 tsr_diff=0.011868 integral_mean=-0.002757 integral_std=0.025617 log_ratio=-6.6167 accept=0.0013 swapped=False
i=13 pair=(2,5) lam_t=0.96429 lam_s=0.97857 tsr_diff=0.014342 integral_mean=0.006354 integral_std=0.035413 log_ratio=0.0000 accept=1.0000 swapped=True
i=13 pair=(0,7) lam_t=0.99286 lam_s=1.00714 tsr_diff=0.013574 integral_mean=0.002555 integral_std=0.022513 log_ratio=0.0000 accept=1.0000 swapped=True
i=13 pair=(1,6) lam_t=1.02143 lam_s=1.03571 tsr_diff=0.012866 integral_mean=0.002061 integral_std=0.026612 log_ratio=0.0000 accept=1.0000 swapped=True
i=14 pair=(3,5) lam_t=0.95000 lam_s=0.96429 tsr_diff=0.015346 integral_mean=0.000246 integral_std=0.022509 log_ratio=0.0000 accept=1.0000 swapped=True
i=14 pair=(2,7) lam_t=0.97857 lam_s=0.99286 tsr_diff=0.014482 integral_mean=0.024477 integral_std=0.129286 log_ratio=0.0000 accept=1.0000 swapped=True
i=14 pair=(0,6) lam_t=1.00714 lam_s=1.02143 tsr_diff=0.013689 integral_mean=0.019649 integral_std=0.089995 log_ratio=0.0000 accept=1.0000 swapped=True
i=14 pair=(1,4) lam_t=1.03571 lam_s=1.05000 tsr_diff=0.012959 integral_mean=-0.001003 integral_std=0.108686 log_ratio=-2.4083 accept=0.0900 swapped=False
Best Sample: 5 log probability 0.000
Saved 1 samples to: logs/pointmaze-giant-navigate-v0/inference/plans/release_H400_T256_LimitsNormalizer_b1_condFalse/2026-07-20 18:04:05/13/0.png
Saved 1 samples to: logs/pointmaze-giant-navigate-v0/inference/plans/release_H400_T256_LimitsNormalizer_b1_condFalse/2026-07-20 18:04:05/13/rollout.png
i=0 pair=(0,1) lam_t=0.95000 lam_s=0.96429 tsr_diff=0.000000 integral_mean=0.000000 integral_std=0.000000 log_ratio=0.0000 accept=1.0000 swapped=True
i=0 pair=(2,3) lam_t=0.97857 lam_s=0.99286 tsr_diff=0.000000 integral_mean=0.000000 integral_std=0.000000 log_ratio=0.0000 accept=1.0000 swapped=True
i=0 pair=(4,5) lam_t=1.00714 lam_s=1.02143 tsr_diff=0.000000 integral_mean=0.000000 integral_std=0.000000 log_ratio=0.0000 accept=1.0000 swapped=True
i=0 pair=(6,7) lam_t=1.03571 lam_s=1.05000 tsr_diff=0.000000 integral_mean=0.000000 integral_std=0.000000 log_ratio=0.0000 accept=1.0000 swapped=True
i=1 pair=(0,3) lam_t=0.96429 lam_s=0.97857 tsr_diff=0.000153 integral_mean=0.000006 integral_std=0.000153 log_ratio=0.0000 accept=1.0000 swapped=True
i=1 pair=(2,5) lam_t=0.99286 lam_s=1.00714 tsr_diff=0.000152 integral_mean=0.000003 integral_std=0.000155 log_ratio=0.0000 accept=1.0000 swapped=True
i=1 pair=(4,7) lam_t=1.02143 lam_s=1.03571 tsr_diff=0.000152 integral_mean=-0.000003 integral_std=0.000154 log_ratio=-0.0072 accept=0.9929 swapped=True
i=2 pair=(1,3) lam_t=0.95000 lam_s=0.96429 tsr_diff=0.000605 integral_mean=-0.000043 integral_std=0.000662 log_ratio=-0.1027 accept=0.9024 swapped=False
i=2 pair=(0,5) lam_t=0.97857 lam_s=0.99286 tsr_diff=0.000604 integral_mean=0.000012 integral_std=0.000604 log_ratio=0.0000 accept=1.0000 swapped=True
i=2 pair=(2,7) lam_t=1.00714 lam_s=1.02143 tsr_diff=0.000603 integral_mean=0.000025 integral_std=0.000601 log_ratio=0.0000 accept=1.0000 swapped=True
i=2 pair=(4,6) lam_t=1.03571 lam_s=1.05000 tsr_diff=0.000601 integral_mean=-0.000005 integral_std=0.000628 log_ratio=-0.0122 accept=0.9879 swapped=True
i=3 pair=(3,5) lam_t=0.96429 lam_s=0.97857 tsr_diff=0.001341 integral_mean=0.000016 integral_std=0.001239 log_ratio=0.0000 accept=1.0000 swapped=True
i=3 pair=(0,7) lam_t=0.99286 lam_s=1.00714 tsr_diff=0.001333 integral_mean=-0.000007 integral_std=0.001336 log_ratio=-0.0173 accept=0.9829 swapped=True
i=3 pair=(2,6) lam_t=1.02143 lam_s=1.03571 tsr_diff=0.001326 integral_mean=0.000005 integral_std=0.001247 log_ratio=0.0000 accept=1.0000 swapped=True
i=4 pair=(1,5) lam_t=0.95000 lam_s=0.96429 tsr_diff=0.002344 integral_mean=0.000014 integral_std=0.002207 log_ratio=0.0000 accept=1.0000 swapped=True
i=4 pair=(3,7) lam_t=0.97857 lam_s=0.99286 tsr_diff=0.002322 integral_mean=0.000080 integral_std=0.002375 log_ratio=0.0000 accept=1.0000 swapped=True
i=4 pair=(0,6) lam_t=1.00714 lam_s=1.02143 tsr_diff=0.002301 integral_mean=-0.000072 integral_std=0.002224 log_ratio=-0.1732 accept=0.8409 swapped=True
i=4 pair=(2,4) lam_t=1.03571 lam_s=1.05000 tsr_diff=0.002280 integral_mean=-0.000057 integral_std=0.002243 log_ratio=-0.1361 accept=0.8728 swapped=True
i=5 pair=(1,7) lam_t=0.96429 lam_s=0.97857 tsr_diff=0.003545 integral_mean=-0.000009 integral_std=0.003151 log_ratio=-0.0216 accept=0.9786 swapped=True
i=5 pair=(3,6) lam_t=0.99286 lam_s=1.00714 tsr_diff=0.003496 integral_mean=-0.000062 integral_std=0.003235 log_ratio=-0.1484 accept=0.8621 swapped=False
i=5 pair=(0,4) lam_t=1.02143 lam_s=1.03571 tsr_diff=0.003447 integral_mean=-0.000177 integral_std=0.003497 log_ratio=-0.4237 accept=0.6546 swapped=True
i=6 pair=(5,7) lam_t=0.95000 lam_s=0.96429 tsr_diff=0.004979 integral_mean=0.000137 integral_std=0.004463 log_ratio=0.0000 accept=1.0000 swapped=True
i=6 pair=(1,3) lam_t=0.97857 lam_s=0.99286 tsr_diff=0.004883 integral_mean=0.000072 integral_std=0.004436 log_ratio=0.0000 accept=1.0000 swapped=True
i=6 pair=(6,4) lam_t=1.00714 lam_s=1.02143 tsr_diff=0.004789 integral_mean=-0.000290 integral_std=0.004458 log_ratio=-0.6958 accept=0.4987 swapped=True
i=6 pair=(0,2) lam_t=1.03571 lam_s=1.05000 tsr_diff=0.004698 integral_mean=-0.000107 integral_std=0.004108 log_ratio=-0.2571 accept=0.7733 swapped=True
i=7 pair=(5,3) lam_t=0.96429 lam_s=0.97857 tsr_diff=0.006435 integral_mean=0.000033 integral_std=0.006043 log_ratio=0.0000 accept=1.0000 swapped=True
i=7 pair=(1,4) lam_t=0.99286 lam_s=1.00714 tsr_diff=0.006274 integral_mean=-0.000385 integral_std=0.006427 log_ratio=-0.9242 accept=0.3968 swapped=False
i=7 pair=(6,2) lam_t=1.02143 lam_s=1.03571 tsr_diff=0.006120 integral_mean=-0.000131 integral_std=0.006053 log_ratio=-0.3147 accept=0.7300 swapped=False
i=8 pair=(7,3) lam_t=0.95000 lam_s=0.96429 tsr_diff=0.008123 integral_mean=0.000227 integral_std=0.007958 log_ratio=0.0000 accept=1.0000 swapped=True
i=8 pair=(5,1) lam_t=0.97857 lam_s=0.99286 tsr_diff=0.007872 integral_mean=-0.000088 integral_std=0.006433 log_ratio=-0.2118 accept=0.8091 swapped=False
i=8 pair=(4,6) lam_t=1.00714 lam_s=1.02143 tsr_diff=0.007631 integral_mean=0.000141 integral_std=0.007200 log_ratio=0.0000 accept=1.0000 swapped=True
i=8 pair=(2,0) lam_t=1.03571 lam_s=1.05000 tsr_diff=0.007402 integral_mean=0.000034 integral_std=0.007107 log_ratio=0.0000 accept=1.0000 swapped=True
i=9 pair=(7,5) lam_t=0.96429 lam_s=0.97857 tsr_diff=0.009548 integral_mean=0.000210 integral_std=0.007279 log_ratio=0.0000 accept=1.0000 swapped=True
i=9 pair=(1,6) lam_t=0.99286 lam_s=1.00714 tsr_diff=0.009200 integral_mean=-0.000031 integral_std=0.008804 log_ratio=-0.0739 accept=0.9288 swapped=True
i=9 pair=(4,0) lam_t=1.02143 lam_s=1.03571 tsr_diff=0.008870 integral_mean=0.000156 integral_std=0.009229 log_ratio=0.0000 accept=1.0000 swapped=True
i=10 pair=(3,5) lam_t=0.95000 lam_s=0.96429 tsr_diff=0.011265 integral_mean=0.001920 integral_std=0.014921 log_ratio=0.0000 accept=1.0000 swapped=True
i=10 pair=(7,6) lam_t=0.97857 lam_s=0.99286 tsr_diff=0.010789 integral_mean=-0.000261 integral_std=0.011654 log_ratio=-0.6256 accept=0.5349 swapped=False
i=10 pair=(1,0) lam_t=1.00714 lam_s=1.02143 tsr_diff=0.010342 integral_mean=0.000055 integral_std=0.010424 log_ratio=0.0000 accept=1.0000 swapped=True
i=10 pair=(4,2) lam_t=1.03571 lam_s=1.05000 tsr_diff=0.009923 integral_mean=0.000355 integral_std=0.013559 log_ratio=0.0000 accept=1.0000 swapped=True
i=11 pair=(3,7) lam_t=0.96429 lam_s=0.97857 tsr_diff=0.012354 integral_mean=0.002651 integral_std=0.019875 log_ratio=0.0000 accept=1.0000 swapped=True
i=11 pair=(6,0) lam_t=0.99286 lam_s=1.00714 tsr_diff=0.011778 integral_mean=0.000559 integral_std=0.014835 log_ratio=0.0000 accept=1.0000 swapped=True
i=11 pair=(1,2) lam_t=1.02143 lam_s=1.03571 tsr_diff=0.011242 integral_mean=0.000229 integral_std=0.011823 log_ratio=0.0000 accept=1.0000 swapped=True
i=12 pair=(5,7) lam_t=0.95000 lam_s=0.96429 tsr_diff=0.013839 integral_mean=0.000097 integral_std=0.008151 log_ratio=0.0000 accept=1.0000 swapped=True
i=12 pair=(3,0) lam_t=0.97857 lam_s=0.99286 tsr_diff=0.013131 integral_mean=0.004231 integral_std=0.027635 log_ratio=0.0000 accept=1.0000 swapped=True
i=12 pair=(6,2) lam_t=1.00714 lam_s=1.02143 tsr_diff=0.012476 integral_mean=0.000980 integral_std=0.016657 log_ratio=0.0000 accept=1.0000 swapped=True
i=12 pair=(1,4) lam_t=1.03571 lam_s=1.05000 tsr_diff=0.011868 integral_mean=-0.002022 integral_std=0.017567 log_ratio=-4.8536 accept=0.0078 swapped=False
i=13 pair=(5,0) lam_t=0.96429 lam_s=0.97857 tsr_diff=0.014342 integral_mean=0.000906 integral_std=0.017842 log_ratio=0.0000 accept=1.0000 swapped=True
i=13 pair=(3,2) lam_t=0.99286 lam_s=1.00714 tsr_diff=0.013574 integral_mean=0.008725 integral_std=0.043548 log_ratio=0.0000 accept=1.0000 swapped=True
i=13 pair=(6,1) lam_t=1.02143 lam_s=1.03571 tsr_diff=0.012866 integral_mean=0.001885 integral_std=0.023139 log_ratio=0.0000 accept=1.0000 swapped=True
i=14 pair=(7,0) lam_t=0.95000 lam_s=0.96429 tsr_diff=0.015346 integral_mean=0.002815 integral_std=0.038715 log_ratio=0.0000 accept=1.0000 swapped=True
i=14 pair=(5,2) lam_t=0.97857 lam_s=0.99286 tsr_diff=0.014482 integral_mean=0.002425 integral_std=0.018486 log_ratio=0.0000 accept=1.0000 swapped=True
i=14 pair=(3,1) lam_t=1.00714 lam_s=1.02143 tsr_diff=0.013689 integral_mean=0.016188 integral_std=0.115204 log_ratio=0.0000 accept=1.0000 swapped=True
i=14 pair=(6,4) lam_t=1.03571 lam_s=1.05000 tsr_diff=0.012959 integral_mean=0.143455 integral_std=0.858235 log_ratio=0.0000 accept=1.0000 swapped=True
Best Sample: 7 log probability -0.037
Saved 1 samples to: logs/pointmaze-giant-navigate-v0/inference/plans/release_H400_T256_LimitsNormalizer_b1_condFalse/2026-07-20 18:04:05/14/0.png
Saved 1 samples to: logs/pointmaze-giant-navigate-v0/inference/plans/release_H400_T256_LimitsNormalizer_b1_condFalse/2026-07-20 18:04:05/14/rollout.png
i=0 pair=(0,1) lam_t=0.95000 lam_s=0.96429 tsr_diff=0.000000 integral_mean=0.000000 integral_std=0.000000 log_ratio=0.0000 accept=1.0000 swapped=True
i=0 pair=(2,3) lam_t=0.97857 lam_s=0.99286 tsr_diff=0.000000 integral_mean=0.000000 integral_std=0.000000 log_ratio=0.0000 accept=1.0000 swapped=True
i=0 pair=(4,5) lam_t=1.00714 lam_s=1.02143 tsr_diff=0.000000 integral_mean=0.000000 integral_std=0.000000 log_ratio=0.0000 accept=1.0000 swapped=True
i=0 pair=(6,7) lam_t=1.03571 lam_s=1.05000 tsr_diff=0.000000 integral_mean=0.000000 integral_std=0.000000 log_ratio=0.0000 accept=1.0000 swapped=True
i=1 pair=(0,3) lam_t=0.96429 lam_s=0.97857 tsr_diff=0.000153 integral_mean=-0.000008 integral_std=0.000148 log_ratio=-0.0188 accept=0.9814 swapped=True
i=1 pair=(2,5) lam_t=0.99286 lam_s=1.00714 tsr_diff=0.000152 integral_mean=-0.000006 integral_std=0.000156 log_ratio=-0.0151 accept=0.9850 swapped=True
i=1 pair=(4,7) lam_t=1.02143 lam_s=1.03571 tsr_diff=0.000152 integral_mean=-0.000003 integral_std=0.000150 log_ratio=-0.0075 accept=0.9925 swapped=True
i=2 pair=(1,3) lam_t=0.95000 lam_s=0.96429 tsr_diff=0.000605 integral_mean=0.000239 integral_std=0.000887 log_ratio=0.0000 accept=1.0000 swapped=True
i=2 pair=(0,5) lam_t=0.97857 lam_s=0.99286 tsr_diff=0.000604 integral_mean=-0.000071 integral_std=0.000695 log_ratio=-0.1708 accept=0.8430 swapped=True
i=2 pair=(2,7) lam_t=1.00714 lam_s=1.02143 tsr_diff=0.000603 integral_mean=-0.000013 integral_std=0.000608 log_ratio=-0.0315 accept=0.9690 swapped=True
i=2 pair=(4,6) lam_t=1.03571 lam_s=1.05000 tsr_diff=0.000601 integral_mean=-0.000008 integral_std=0.000579 log_ratio=-0.0198 accept=0.9804 swapped=False
i=3 pair=(1,5) lam_t=0.96429 lam_s=0.97857 tsr_diff=0.001341 integral_mean=0.000082 integral_std=0.001423 log_ratio=0.0000 accept=1.0000 swapped=True
i=3 pair=(0,7) lam_t=0.99286 lam_s=1.00714 tsr_diff=0.001333 integral_mean=-0.000013 integral_std=0.001260 log_ratio=-0.0303 accept=0.9702 swapped=True
i=3 pair=(2,4) lam_t=1.02143 lam_s=1.03571 tsr_diff=0.001326 integral_mean=-0.000008 integral_std=0.001315 log_ratio=-0.0199 accept=0.9802 swapped=True
i=4 pair=(3,5) lam_t=0.95000 lam_s=0.96429 tsr_diff=0.002344 integral_mean=-0.000117 integral_std=0.002328 log_ratio=-0.2815 accept=0.7546 swapped=False
i=4 pair=(1,7) lam_t=0.97857 lam_s=0.99286 tsr_diff=0.002322 integral_mean=-0.000012 integral_std=0.002304 log_ratio=-0.0285 accept=0.9719 swapped=True
i=4 pair=(0,4) lam_t=1.00714 lam_s=1.02143 tsr_diff=0.002301 integral_mean=-0.000032 integral_std=0.002109 log_ratio=-0.0771 accept=0.9258 swapped=True
i=4 pair=(2,6) lam_t=1.03571 lam_s=1.05000 tsr_diff=0.002280 integral_mean=-0.000007 integral_std=0.002097 log_ratio=-0.0179 accept=0.9823 swapped=True
i=5 pair=(5,7) lam_t=0.96429 lam_s=0.97857 tsr_diff=0.003545 integral_mean=0.000217 integral_std=0.003489 log_ratio=0.0000 accept=1.0000 swapped=True
i=5 pair=(1,4) lam_t=0.99286 lam_s=1.00714 tsr_diff=0.003496 integral_mean=0.000111 integral_std=0.003592 log_ratio=0.0000 accept=1.0000 swapped=True
i=5 pair=(0,6) lam_t=1.02143 lam_s=1.03571 tsr_diff=0.003447 integral_mean=0.000069 integral_std=0.002985 log_ratio=0.0000 accept=1.0000 swapped=True
i=6 pair=(3,7) lam_t=0.95000 lam_s=0.96429 tsr_diff=0.004979 integral_mean=-0.000035 integral_std=0.004552 log_ratio=-0.0847 accept=0.9188 swapped=True
i=6 pair=(5,4) lam_t=0.97857 lam_s=0.99286 tsr_diff=0.004883 integral_mean=0.000460 integral_std=0.005219 log_ratio=0.0000 accept=1.0000 swapped=True
i=6 pair=(1,6) lam_t=1.00714 lam_s=1.02143 tsr_diff=0.004789 integral_mean=0.000131 integral_std=0.004940 log_ratio=0.0000 accept=1.0000 swapped=True
i=6 pair=(0,2) lam_t=1.03571 lam_s=1.05000 tsr_diff=0.004698 integral_mean=0.000077 integral_std=0.004079 log_ratio=0.0000 accept=1.0000 swapped=True
i=7 pair=(3,4) lam_t=0.96429 lam_s=0.97857 tsr_diff=0.006435 integral_mean=0.000061 integral_std=0.005339 log_ratio=0.0000 accept=1.0000 swapped=True
i=7 pair=(5,6) lam_t=0.99286 lam_s=1.00714 tsr_diff=0.006274 integral_mean=0.000293 integral_std=0.006415 log_ratio=0.0000 accept=1.0000 swapped=True
i=7 pair=(1,2) lam_t=1.02143 lam_s=1.03571 tsr_diff=0.006120 integral_mean=0.000370 integral_std=0.006444 log_ratio=0.0000 accept=1.0000 swapped=True
i=8 pair=(7,4) lam_t=0.95000 lam_s=0.96429 tsr_diff=0.008123 integral_mean=0.000032 integral_std=0.007038 log_ratio=0.0000 accept=1.0000 swapped=True
i=8 pair=(3,6) lam_t=0.97857 lam_s=0.99286 tsr_diff=0.007872 integral_mean=-0.000147 integral_std=0.006524 log_ratio=-0.3537 accept=0.7021 swapped=True
i=8 pair=(5,2) lam_t=1.00714 lam_s=1.02143 tsr_diff=0.007631 integral_mean=0.000414 integral_std=0.008855 log_ratio=0.0000 accept=1.0000 swapped=True
i=8 pair=(1,0) lam_t=1.03571 lam_s=1.05000 tsr_diff=0.007402 integral_mean=0.000223 integral_std=0.007772 log_ratio=0.0000 accept=1.0000 swapped=True
i=9 pair=(7,6) lam_t=0.96429 lam_s=0.97857 tsr_diff=0.009548 integral_mean=0.000142 integral_std=0.008696 log_ratio=0.0000 accept=1.0000 swapped=True
i=9 pair=(3,2) lam_t=0.99286 lam_s=1.00714 tsr_diff=0.009200 integral_mean=-0.000044 integral_std=0.007309 log_ratio=-0.1050 accept=0.9004 swapped=True
i=9 pair=(5,0) lam_t=1.02143 lam_s=1.03571 tsr_diff=0.008870 integral_mean=0.001030 integral_std=0.012275 log_ratio=0.0000 accept=1.0000 swapped=True
i=10 pair=(4,6) lam_t=0.95000 lam_s=0.96429 tsr_diff=0.011265 integral_mean=-0.000213 integral_std=0.009041 log_ratio=-0.5115 accept=0.5996 swapped=False
i=10 pair=(7,2) lam_t=0.97857 lam_s=0.99286 tsr_diff=0.010789 integral_mean=0.000348 integral_std=0.011113 log_ratio=0.0000 accept=1.0000 swapped=True
i=10 pair=(3,0) lam_t=1.00714 lam_s=1.02143 tsr_diff=0.010342 integral_mean=0.000155 integral_std=0.007389 log_ratio=0.0000 accept=1.0000 swapped=True
i=10 pair=(5,1) lam_t=1.03571 lam_s=1.05000 tsr_diff=0.009923 integral_mean=0.000892 integral_std=0.012997 log_ratio=0.0000 accept=1.0000 swapped=True
i=11 pair=(6,2) lam_t=0.96429 lam_s=0.97857 tsr_diff=0.012354 integral_mean=0.000049 integral_std=0.009813 log_ratio=0.0000 accept=1.0000 swapped=True
i=11 pair=(7,0) lam_t=0.99286 lam_s=1.00714 tsr_diff=0.011778 integral_mean=0.000513 integral_std=0.011099 log_ratio=0.0000 accept=1.0000 swapped=True
i=11 pair=(3,1) lam_t=1.02143 lam_s=1.03571 tsr_diff=0.011242 integral_mean=-0.000170 integral_std=0.014344 log_ratio=-0.4078 accept=0.6651 swapped=True
i=12 pair=(4,2) lam_t=0.95000 lam_s=0.96429 tsr_diff=0.013839 integral_mean=-0.000671 integral_std=0.011507 log_ratio=-1.6096 accept=0.2000 swapped=False
i=12 pair=(6,0) lam_t=0.97857 lam_s=0.99286 tsr_diff=0.013131 integral_mean=0.000682 integral_std=0.011221 log_ratio=0.0000 accept=1.0000 swapped=True
i=12 pair=(7,1) lam_t=1.00714 lam_s=1.02143 tsr_diff=0.012476 integral_mean=0.000520 integral_std=0.020089 log_ratio=0.0000 accept=1.0000 swapped=True
i=12 pair=(3,5) lam_t=1.03571 lam_s=1.05000 tsr_diff=0.011868 integral_mean=-0.002590 integral_std=0.022962 log_ratio=-6.2159 accept=0.0020 swapped=False
i=13 pair=(2,0) lam_t=0.96429 lam_s=0.97857 tsr_diff=0.014342 integral_mean=0.000984 integral_std=0.009402 log_ratio=0.0000 accept=1.0000 swapped=True
i=13 pair=(6,1) lam_t=0.99286 lam_s=1.00714 tsr_diff=0.013574 integral_mean=0.001778 integral_std=0.024328 log_ratio=0.0000 accept=1.0000 swapped=True
i=13 pair=(7,3) lam_t=1.02143 lam_s=1.03571 tsr_diff=0.012866 integral_mean=0.001469 integral_std=0.018605 log_ratio=0.0000 accept=1.0000 swapped=True
i=14 pair=(4,0) lam_t=0.95000 lam_s=0.96429 tsr_diff=0.015346 integral_mean=0.000960 integral_std=0.010364 log_ratio=0.0000 accept=1.0000 swapped=True
i=14 pair=(2,1) lam_t=0.97857 lam_s=0.99286 tsr_diff=0.014482 integral_mean=0.009006 integral_std=0.038242 log_ratio=0.0000 accept=1.0000 swapped=True
i=14 pair=(6,3) lam_t=1.00714 lam_s=1.02143 tsr_diff=0.013689 integral_mean=0.005874 integral_std=0.037985 log_ratio=0.0000 accept=1.0000 swapped=True
i=14 pair=(7,5) lam_t=1.03571 lam_s=1.05000 tsr_diff=0.012959 integral_mean=-0.001819 integral_std=0.067342 log_ratio=-4.3665 accept=0.0127 swapped=False
Best Sample: 0 log probability 0.000
Saved 1 samples to: logs/pointmaze-giant-navigate-v0/inference/plans/release_H400_T256_LimitsNormalizer_b1_condFalse/2026-07-20 18:04:05/15/0.png
Saved 1 samples to: logs/pointmaze-giant-navigate-v0/inference/plans/release_H400_T256_LimitsNormalizer_b1_condFalse/2026-07-20 18:04:05/15/rollout.png
i=0 pair=(0,1) lam_t=0.95000 lam_s=0.96429 tsr_diff=0.000000 integral_mean=0.000000 integral_std=0.000000 log_ratio=0.0000 accept=1.0000 swapped=True
i=0 pair=(2,3) lam_t=0.97857 lam_s=0.99286 tsr_diff=0.000000 integral_mean=0.000000 integral_std=0.000000 log_ratio=0.0000 accept=1.0000 swapped=True
i=0 pair=(4,5) lam_t=1.00714 lam_s=1.02143 tsr_diff=0.000000 integral_mean=0.000000 integral_std=0.000000 log_ratio=0.0000 accept=1.0000 swapped=True
i=0 pair=(6,7) lam_t=1.03571 lam_s=1.05000 tsr_diff=0.000000 integral_mean=0.000000 integral_std=0.000000 log_ratio=0.0000 accept=1.0000 swapped=True
i=1 pair=(0,3) lam_t=0.96429 lam_s=0.97857 tsr_diff=0.000153 integral_mean=-0.000008 integral_std=0.000172 log_ratio=-0.0203 accept=0.9799 swapped=True
i=1 pair=(2,5) lam_t=0.99286 lam_s=1.00714 tsr_diff=0.000152 integral_mean=-0.000003 integral_std=0.000141 log_ratio=-0.0064 accept=0.9936 swapped=True
i=1 pair=(4,7) lam_t=1.02143 lam_s=1.03571 tsr_diff=0.000152 integral_mean=0.000005 integral_std=0.000160 log_ratio=0.0000 accept=1.0000 swapped=True
i=2 pair=(1,3) lam_t=0.95000 lam_s=0.96429 tsr_diff=0.000605 integral_mean=-0.000048 integral_std=0.000647 log_ratio=-0.1143 accept=0.8920 swapped=True
i=2 pair=(0,5) lam_t=0.97857 lam_s=0.99286 tsr_diff=0.000604 integral_mean=0.000022 integral_std=0.000619 log_ratio=0.0000 accept=1.0000 swapped=True
i=2 pair=(2,7) lam_t=1.00714 lam_s=1.02143 tsr_diff=0.000603 integral_mean=-0.000011 integral_std=0.000635 log_ratio=-0.0256 accept=0.9747 swapped=True
i=2 pair=(4,6) lam_t=1.03571 lam_s=1.05000 tsr_diff=0.000601 integral_mean=0.000011 integral_std=0.000613 log_ratio=0.0000 accept=1.0000 swapped=True
i=3 pair=(1,5) lam_t=0.96429 lam_s=0.97857 tsr_diff=0.001341 integral_mean=0.000016 integral_std=0.001306 log_ratio=0.0000 accept=1.0000 swapped=True
i=3 pair=(0,7) lam_t=0.99286 lam_s=1.00714 tsr_diff=0.001333 integral_mean=-0.000008 integral_std=0.001354 log_ratio=-0.0182 accept=0.9820 swapped=True
i=3 pair=(2,6) lam_t=1.02143 lam_s=1.03571 tsr_diff=0.001326 integral_mean=-0.000023 integral_std=0.001352 log_ratio=-0.0556 accept=0.9459 swapped=True
i=4 pair=(3,5) lam_t=0.95000 lam_s=0.96429 tsr_diff=0.002344 integral_mean=0.000011 integral_std=0.002087 log_ratio=0.0000 accept=1.0000 swapped=True
i=4 pair=(1,7) lam_t=0.97857 lam_s=0.99286 tsr_diff=0.002322 integral_mean=-0.000066 integral_std=0.002367 log_ratio=-0.1573 accept=0.8544 swapped=False
i=4 pair=(0,6) lam_t=1.00714 lam_s=1.02143 tsr_diff=0.002301 integral_mean=0.000020 integral_std=0.002245 log_ratio=0.0000 accept=1.0000 swapped=True
i=4 pair=(2,4) lam_t=1.03571 lam_s=1.05000 tsr_diff=0.002280 integral_mean=0.000002 integral_std=0.002211 log_ratio=0.0000 accept=1.0000 swapped=True
i=5 pair=(3,1) lam_t=0.96429 lam_s=0.97857 tsr_diff=0.003545 integral_mean=0.000123 integral_std=0.003300 log_ratio=0.0000 accept=1.0000 swapped=True
i=5 pair=(7,6) lam_t=0.99286 lam_s=1.00714 tsr_diff=0.003496 integral_mean=0.000122 integral_std=0.003398 log_ratio=0.0000 accept=1.0000 swapped=True
i=5 pair=(0,4) lam_t=1.02143 lam_s=1.03571 tsr_diff=0.003447 integral_mean=0.000082 integral_std=0.003415 log_ratio=0.0000 accept=1.0000 swapped=True
i=6 pair=(5,1) lam_t=0.95000 lam_s=0.96429 tsr_diff=0.004979 integral_mean=0.000138 integral_std=0.004805 log_ratio=0.0000 accept=1.0000 swapped=True
i=6 pair=(3,6) lam_t=0.97857 lam_s=0.99286 tsr_diff=0.004883 integral_mean=-0.000011 integral_std=0.004561 log_ratio=-0.0259 accept=0.9744 swapped=True
i=6 pair=(7,4) lam_t=1.00714 lam_s=1.02143 tsr_diff=0.004789 integral_mean=0.000305 integral_std=0.005078 log_ratio=0.0000 accept=1.0000 swapped=True
i=6 pair=(0,2) lam_t=1.03571 lam_s=1.05000 tsr_diff=0.004698 integral_mean=-0.000068 integral_std=0.004805 log_ratio=-0.1629 accept=0.8496 swapped=True
i=7 pair=(5,6) lam_t=0.96429 lam_s=0.97857 tsr_diff=0.006435 integral_mean=0.000523 integral_std=0.006173 log_ratio=0.0000 accept=1.0000 swapped=True
i=7 pair=(3,4) lam_t=0.99286 lam_s=1.00714 tsr_diff=0.006274 integral_mean=-0.000076 integral_std=0.006403 log_ratio=-0.1817 accept=0.8338 swapped=True
i=7 pair=(7,2) lam_t=1.02143 lam_s=1.03571 tsr_diff=0.006120 integral_mean=-0.000247 integral_std=0.006218 log_ratio=-0.5922 accept=0.5531 swapped=True
i=8 pair=(1,6) lam_t=0.95000 lam_s=0.96429 tsr_diff=0.008123 integral_mean=0.000005 integral_std=0.007258 log_ratio=0.0000 accept=1.0000 swapped=True
i=8 pair=(5,4) lam_t=0.97857 lam_s=0.99286 tsr_diff=0.007872 integral_mean=0.000063 integral_std=0.007955 log_ratio=0.0000 accept=1.0000 swapped=True
i=8 pair=(3,2) lam_t=1.00714 lam_s=1.02143 tsr_diff=0.007631 integral_mean=-0.000089 integral_std=0.007677 log_ratio=-0.2124 accept=0.8086 swapped=True
i=8 pair=(7,0) lam_t=1.03571 lam_s=1.05000 tsr_diff=0.007402 integral_mean=-0.000088 integral_std=0.006416 log_ratio=-0.2106 accept=0.8101 swapped=False
i=9 pair=(1,4) lam_t=0.96429 lam_s=0.97857 tsr_diff=0.009548 integral_mean=-0.000600 integral_std=0.009241 log_ratio=-1.4392 accept=0.2371 swapped=False
i=9 pair=(5,2) lam_t=0.99286 lam_s=1.00714 tsr_diff=0.009200 integral_mean=0.000414 integral_std=0.009080 log_ratio=0.0000 accept=1.0000 swapped=True
i=9 pair=(3,7) lam_t=1.02143 lam_s=1.03571 tsr_diff=0.008870 integral_mean=0.000143 integral_std=0.008106 log_ratio=0.0000 accept=1.0000 swapped=True
i=10 pair=(6,1) lam_t=0.95000 lam_s=0.96429 tsr_diff=0.011265 integral_mean=-0.000051 integral_std=0.011736 log_ratio=-0.1225 accept=0.8847 swapped=True
i=10 pair=(4,2) lam_t=0.97857 lam_s=0.99286 tsr_diff=0.010789 integral_mean=0.000710 integral_std=0.011176 log_ratio=0.0000 accept=1.0000 swapped=True
i=10 pair=(5,7) lam_t=1.00714 lam_s=1.02143 tsr_diff=0.010342 integral_mean=0.000313 integral_std=0.011353 log_ratio=0.0000 accept=1.0000 swapped=True
i=10 pair=(3,0) lam_t=1.03571 lam_s=1.05000 tsr_diff=0.009923 integral_mean=-0.000273 integral_std=0.009952 log_ratio=-0.6543 accept=0.5198 swapped=True
i=11 pair=(6,2) lam_t=0.96429 lam_s=0.97857 tsr_diff=0.012354 integral_mean=0.000413 integral_std=0.014639 log_ratio=0.0000 accept=1.0000 swapped=True
i=11 pair=(4,7) lam_t=0.99286 lam_s=1.00714 tsr_diff=0.011778 integral_mean=0.000857 integral_std=0.016457 log_ratio=0.0000 accept=1.0000 swapped=True
i=11 pair=(5,0) lam_t=1.02143 lam_s=1.03571 tsr_diff=0.011242 integral_mean=0.000364 integral_std=0.012764 log_ratio=0.0000 accept=1.0000 swapped=True
i=12 pair=(1,2) lam_t=0.95000 lam_s=0.96429 tsr_diff=0.013839 integral_mean=0.000285 integral_std=0.015041 log_ratio=0.0000 accept=1.0000 swapped=True
i=12 pair=(6,7) lam_t=0.97857 lam_s=0.99286 tsr_diff=0.013131 integral_mean=0.000007 integral_std=0.016076 log_ratio=0.0000 accept=1.0000 swapped=True
i=12 pair=(4,0) lam_t=1.00714 lam_s=1.02143 tsr_diff=0.012476 integral_mean=0.001633 integral_std=0.022123 log_ratio=0.0000 accept=1.0000 swapped=True
i=12 pair=(5,3) lam_t=1.03571 lam_s=1.05000 tsr_diff=0.011868 integral_mean=0.000379 integral_std=0.015000 log_ratio=0.0000 accept=1.0000 swapped=True
i=13 pair=(1,7) lam_t=0.96429 lam_s=0.97857 tsr_diff=0.014342 integral_mean=0.001564 integral_std=0.018841 log_ratio=0.0000 accept=1.0000 swapped=True
i=13 pair=(6,0) lam_t=0.99286 lam_s=1.00714 tsr_diff=0.013574 integral_mean=0.000418 integral_std=0.019540 log_ratio=0.0000 accept=1.0000 swapped=True
i=13 pair=(4,3) lam_t=1.02143 lam_s=1.03571 tsr_diff=0.012866 integral_mean=0.003426 integral_std=0.027296 log_ratio=0.0000 accept=1.0000 swapped=True
i=14 pair=(2,7) lam_t=0.95000 lam_s=0.96429 tsr_diff=0.015346 integral_mean=0.004065 integral_std=0.043363 log_ratio=0.0000 accept=1.0000 swapped=True
i=14 pair=(1,0) lam_t=0.97857 lam_s=0.99286 tsr_diff=0.014482 integral_mean=0.002319 integral_std=0.035459 log_ratio=0.0000 accept=1.0000 swapped=True
i=14 pair=(6,3) lam_t=1.00714 lam_s=1.02143 tsr_diff=0.013689 integral_mean=0.000887 integral_std=0.045226 log_ratio=0.0000 accept=1.0000 swapped=True
i=14 pair=(4,5) lam_t=1.03571 lam_s=1.05000 tsr_diff=0.012959 integral_mean=0.017504 integral_std=0.099343 log_ratio=0.0000 accept=1.0000 swapped=True
Best Sample: 5 log probability -0.721
Saved 1 samples to: logs/pointmaze-giant-navigate-v0/inference/plans/release_H400_T256_LimitsNormalizer_b1_condFalse/2026-07-20 18:04:05/16/0.png
Saved 1 samples to: logs/pointmaze-giant-navigate-v0/inference/plans/release_H400_T256_LimitsNormalizer_b1_condFalse/2026-07-20 18:04:05/16/rollout.png
i=0 pair=(0,1) lam_t=0.95000 lam_s=0.96429 tsr_diff=0.000000 integral_mean=0.000000 integral_std=0.000000 log_ratio=0.0000 accept=1.0000 swapped=True
i=0 pair=(2,3) lam_t=0.97857 lam_s=0.99286 tsr_diff=0.000000 integral_mean=0.000000 integral_std=0.000000 log_ratio=0.0000 accept=1.0000 swapped=True
i=0 pair=(4,5) lam_t=1.00714 lam_s=1.02143 tsr_diff=0.000000 integral_mean=0.000000 integral_std=0.000000 log_ratio=0.0000 accept=1.0000 swapped=True
i=0 pair=(6,7) lam_t=1.03571 lam_s=1.05000 tsr_diff=0.000000 integral_mean=0.000000 integral_std=0.000000 log_ratio=0.0000 accept=1.0000 swapped=True
i=1 pair=(0,3) lam_t=0.96429 lam_s=0.97857 tsr_diff=0.000153 integral_mean=-0.000001 integral_std=0.000150 log_ratio=-0.0014 accept=0.9986 swapped=True
i=1 pair=(2,5) lam_t=0.99286 lam_s=1.00714 tsr_diff=0.000152 integral_mean=0.000000 integral_std=0.000153 log_ratio=0.0000 accept=1.0000 swapped=True
i=1 pair=(4,7) lam_t=1.02143 lam_s=1.03571 tsr_diff=0.000152 integral_mean=0.000005 integral_std=0.000152 log_ratio=0.0000 accept=1.0000 swapped=True
i=2 pair=(1,3) lam_t=0.95000 lam_s=0.96429 tsr_diff=0.000605 integral_mean=0.000009 integral_std=0.000585 log_ratio=0.0000 accept=1.0000 swapped=True
i=2 pair=(0,5) lam_t=0.97857 lam_s=0.99286 tsr_diff=0.000604 integral_mean=0.000007 integral_std=0.000575 log_ratio=0.0000 accept=1.0000 swapped=True
i=2 pair=(2,7) lam_t=1.00714 lam_s=1.02143 tsr_diff=0.000603 integral_mean=-0.000002 integral_std=0.000597 log_ratio=-0.0042 accept=0.9959 swapped=True
i=2 pair=(4,6) lam_t=1.03571 lam_s=1.05000 tsr_diff=0.000601 integral_mean=0.000015 integral_std=0.000595 log_ratio=0.0000 accept=1.0000 swapped=True
i=3 pair=(1,5) lam_t=0.96429 lam_s=0.97857 tsr_diff=0.001341 integral_mean=0.000055 integral_std=0.001304 log_ratio=0.0000 accept=1.0000 swapped=True
i=3 pair=(0,7) lam_t=0.99286 lam_s=1.00714 tsr_diff=0.001333 integral_mean=-0.000031 integral_std=0.001283 log_ratio=-0.0750 accept=0.9277 swapped=True
i=3 pair=(2,6) lam_t=1.02143 lam_s=1.03571 tsr_diff=0.001326 integral_mean=-0.000030 integral_std=0.001287 log_ratio=-0.0712 accept=0.9313 swapped=True
i=4 pair=(3,5) lam_t=0.95000 lam_s=0.96429 tsr_diff=0.002344 integral_mean=0.000047 integral_std=0.002185 log_ratio=0.0000 accept=1.0000 swapped=True
i=4 pair=(1,7) lam_t=0.97857 lam_s=0.99286 tsr_diff=0.002322 integral_mean=-0.000041 integral_std=0.002338 log_ratio=-0.0991 accept=0.9057 swapped=True
i=4 pair=(0,6) lam_t=1.00714 lam_s=1.02143 tsr_diff=0.002301 integral_mean=0.000091 integral_std=0.002125 log_ratio=0.0000 accept=1.0000 swapped=True
i=4 pair=(2,4) lam_t=1.03571 lam_s=1.05000 tsr_diff=0.002280 integral_mean=0.000138 integral_std=0.002389 log_ratio=0.0000 accept=1.0000 swapped=True
i=5 pair=(3,7) lam_t=0.96429 lam_s=0.97857 tsr_diff=0.003545 integral_mean=-0.000141 integral_std=0.003537 log_ratio=-0.3377 accept=0.7134 swapped=True
i=5 pair=(1,6) lam_t=0.99286 lam_s=1.00714 tsr_diff=0.003496 integral_mean=0.000045 integral_std=0.003117 log_ratio=0.0000 accept=1.0000 swapped=True
i=5 pair=(0,4) lam_t=1.02143 lam_s=1.03571 tsr_diff=0.003447 integral_mean=-0.000389 integral_std=0.003506 log_ratio=-0.9347 accept=0.3927 swapped=True
i=6 pair=(5,7) lam_t=0.95000 lam_s=0.96429 tsr_diff=0.004979 integral_mean=-0.000105 integral_std=0.004477 log_ratio=-0.2514 accept=0.7777 swapped=True
i=6 pair=(3,6) lam_t=0.97857 lam_s=0.99286 tsr_diff=0.004883 integral_mean=0.000437 integral_std=0.005042 log_ratio=0.0000 accept=1.0000 swapped=True
i=6 pair=(1,4) lam_t=1.00714 lam_s=1.02143 tsr_diff=0.004789 integral_mean=-0.000420 integral_std=0.004829 log_ratio=-1.0078 accept=0.3650 swapped=False
i=6 pair=(0,2) lam_t=1.03571 lam_s=1.05000 tsr_diff=0.004698 integral_mean=-0.000528 integral_std=0.004765 log_ratio=-1.2677 accept=0.2815 swapped=False
i=7 pair=(5,6) lam_t=0.96429 lam_s=0.97857 tsr_diff=0.006435 integral_mean=0.000115 integral_std=0.005445 log_ratio=0.0000 accept=1.0000 swapped=True
i=7 pair=(3,1) lam_t=0.99286 lam_s=1.00714 tsr_diff=0.006274 integral_mean=0.000241 integral_std=0.005938 log_ratio=0.0000 accept=1.0000 swapped=True
i=7 pair=(4,0) lam_t=1.02143 lam_s=1.03571 tsr_diff=0.006120 integral_mean=0.000128 integral_std=0.005822 log_ratio=0.0000 accept=1.0000 swapped=True
i=8 pair=(7,6) lam_t=0.95000 lam_s=0.96429 tsr_diff=0.008123 integral_mean=0.000259 integral_std=0.007538 log_ratio=0.0000 accept=1.0000 swapped=True
i=8 pair=(5,1) lam_t=0.97857 lam_s=0.99286 tsr_diff=0.007872 integral_mean=0.000179 integral_std=0.007723 log_ratio=0.0000 accept=1.0000 swapped=True
i=8 pair=(3,0) lam_t=1.00714 lam_s=1.02143 tsr_diff=0.007631 integral_mean=-0.000112 integral_std=0.006547 log_ratio=-0.2691 accept=0.7640 swapped=False
i=8 pair=(4,2) lam_t=1.03571 lam_s=1.05000 tsr_diff=0.007402 integral_mean=-0.000049 integral_std=0.006905 log_ratio=-0.1184 accept=0.8883 swapped=True
i=9 pair=(7,1) lam_t=0.96429 lam_s=0.97857 tsr_diff=0.009548 integral_mean=0.000119 integral_std=0.009693 log_ratio=0.0000 accept=1.0000 swapped=True
i=9 pair=(5,3) lam_t=0.99286 lam_s=1.00714 tsr_diff=0.009200 integral_mean=0.000196 integral_std=0.007328 log_ratio=0.0000 accept=1.0000 swapped=True
i=9 pair=(0,2) lam_t=1.02143 lam_s=1.03571 tsr_diff=0.008870 integral_mean=-0.000125 integral_std=0.009021 log_ratio=-0.2992 accept=0.7414 swapped=True
i=10 pair=(6,1) lam_t=0.95000 lam_s=0.96429 tsr_diff=0.011265 integral_mean=-0.000552 integral_std=0.010671 log_ratio=-1.3253 accept=0.2657 swapped=False
i=10 pair=(7,3) lam_t=0.97857 lam_s=0.99286 tsr_diff=0.010789 integral_mean=0.000509 integral_std=0.010709 log_ratio=0.0000 accept=1.0000 swapped=True
i=10 pair=(5,2) lam_t=1.00714 lam_s=1.02143 tsr_diff=0.010342 integral_mean=-0.000087 integral_std=0.010007 log_ratio=-0.2087 accept=0.8116 swapped=True
i=10 pair=(0,4) lam_t=1.03571 lam_s=1.05000 tsr_diff=0.009923 integral_mean=-0.000458 integral_std=0.009692 log_ratio=-1.0985 accept=0.3334 swapped=False
i=11 pair=(1,3) lam_t=0.96429 lam_s=0.97857 tsr_diff=0.012354 integral_mean=0.000433 integral_std=0.013908 log_ratio=0.0000 accept=1.0000 swapped=True
i=11 pair=(7,2) lam_t=0.99286 lam_s=1.00714 tsr_diff=0.011778 integral_mean=0.000014 integral_std=0.011862 log_ratio=0.0000 accept=1.0000 swapped=True
i=11 pair=(5,0) lam_t=1.02143 lam_s=1.03571 tsr_diff=0.011242 integral_mean=0.000031 integral_std=0.014230 log_ratio=0.0000 accept=1.0000 swapped=True
i=12 pair=(6,3) lam_t=0.95000 lam_s=0.96429 tsr_diff=0.013839 integral_mean=-0.000092 integral_std=0.008596 log_ratio=-0.2217 accept=0.8011 swapped=True
i=12 pair=(1,2) lam_t=0.97857 lam_s=0.99286 tsr_diff=0.013131 integral_mean=0.000021 integral_std=0.022667 log_ratio=0.0000 accept=1.0000 swapped=True
i=12 pair=(7,0) lam_t=1.00714 lam_s=1.02143 tsr_diff=0.012476 integral_mean=0.001211 integral_std=0.017246 log_ratio=0.0000 accept=1.0000 swapped=True
i=12 pair=(5,4) lam_t=1.03571 lam_s=1.05000 tsr_diff=0.011868 integral_mean=-0.000870 integral_std=0.015716 log_ratio=-2.0887 accept=0.1239 swapped=False
i=13 pair=(6,2) lam_t=0.96429 lam_s=0.97857 tsr_diff=0.014342 integral_mean=0.000658 integral_std=0.020932 log_ratio=0.0000 accept=1.0000 swapped=True
i=13 pair=(1,0) lam_t=0.99286 lam_s=1.00714 tsr_diff=0.013574 integral_mean=-0.000071 integral_std=0.019020 log_ratio=-0.1710 accept=0.8428 swapped=True
i=13 pair=(7,5) lam_t=1.02143 lam_s=1.03571 tsr_diff=0.012866 integral_mean=0.001635 integral_std=0.020030 log_ratio=0.0000 accept=1.0000 swapped=True
i=14 pair=(3,2) lam_t=0.95000 lam_s=0.96429 tsr_diff=0.015346 integral_mean=0.002416 integral_std=0.040591 log_ratio=0.0000 accept=1.0000 swapped=True
i=14 pair=(6,0) lam_t=0.97857 lam_s=0.99286 tsr_diff=0.014482 integral_mean=0.000506 integral_std=0.032813 log_ratio=0.0000 accept=1.0000 swapped=True
i=14 pair=(1,5) lam_t=1.00714 lam_s=1.02143 tsr_diff=0.013689 integral_mean=0.000567 integral_std=0.026254 log_ratio=0.0000 accept=1.0000 swapped=True
i=14 pair=(7,4) lam_t=1.03571 lam_s=1.05000 tsr_diff=0.012959 integral_mean=0.000788 integral_std=0.084333 log_ratio=0.0000 accept=1.0000 swapped=True
Best Sample: 3 log probability -0.013
Saved 1 samples to: logs/pointmaze-giant-navigate-v0/inference/plans/release_H400_T256_LimitsNormalizer_b1_condFalse/2026-07-20 18:04:05/17/0.png
Saved 1 samples to: logs/pointmaze-giant-navigate-v0/inference/plans/release_H400_T256_LimitsNormalizer_b1_condFalse/2026-07-20 18:04:05/17/rollout.png
i=0 pair=(0,1) lam_t=0.95000 lam_s=0.96429 tsr_diff=0.000000 integral_mean=0.000000 integral_std=0.000000 log_ratio=0.0000 accept=1.0000 swapped=True
i=0 pair=(2,3) lam_t=0.97857 lam_s=0.99286 tsr_diff=0.000000 integral_mean=0.000000 integral_std=0.000000 log_ratio=0.0000 accept=1.0000 swapped=True
i=0 pair=(4,5) lam_t=1.00714 lam_s=1.02143 tsr_diff=0.000000 integral_mean=0.000000 integral_std=0.000000 log_ratio=0.0000 accept=1.0000 swapped=True
i=0 pair=(6,7) lam_t=1.03571 lam_s=1.05000 tsr_diff=0.000000 integral_mean=0.000000 integral_std=0.000000 log_ratio=0.0000 accept=1.0000 swapped=True
i=1 pair=(0,3) lam_t=0.96429 lam_s=0.97857 tsr_diff=0.000153 integral_mean=0.000003 integral_std=0.000157 log_ratio=0.0000 accept=1.0000 swapped=True
i=1 pair=(2,5) lam_t=0.99286 lam_s=1.00714 tsr_diff=0.000152 integral_mean=0.000004 integral_std=0.000154 log_ratio=0.0000 accept=1.0000 swapped=True
i=1 pair=(4,7) lam_t=1.02143 lam_s=1.03571 tsr_diff=0.000152 integral_mean=-0.000002 integral_std=0.000145 log_ratio=-0.0043 accept=0.9957 swapped=True
i=2 pair=(1,3) lam_t=0.95000 lam_s=0.96429 tsr_diff=0.000605 integral_mean=-0.000221 integral_std=0.000938 log_ratio=-0.5294 accept=0.5890 swapped=False
i=2 pair=(0,5) lam_t=0.97857 lam_s=0.99286 tsr_diff=0.000604 integral_mean=0.000014 integral_std=0.000603 log_ratio=0.0000 accept=1.0000 swapped=True
i=2 pair=(2,7) lam_t=1.00714 lam_s=1.02143 tsr_diff=0.000603 integral_mean=-0.000000 integral_std=0.000587 log_ratio=-0.0004 accept=0.9996 swapped=True
i=2 pair=(4,6) lam_t=1.03571 lam_s=1.05000 tsr_diff=0.000601 integral_mean=-0.000004 integral_std=0.000595 log_ratio=-0.0085 accept=0.9915 swapped=True
i=3 pair=(3,5) lam_t=0.96429 lam_s=0.97857 tsr_diff=0.001341 integral_mean=0.000113 integral_std=0.001432 log_ratio=0.0000 accept=1.0000 swapped=True
i=3 pair=(0,7) lam_t=0.99286 lam_s=1.00714 tsr_diff=0.001333 integral_mean=-0.000190 integral_std=0.001777 log_ratio=-0.4556 accept=0.6340 swapped=False
i=3 pair=(2,6) lam_t=1.02143 lam_s=1.03571 tsr_diff=0.001326 integral_mean=0.000020 integral_std=0.001285 log_ratio=0.0000 accept=1.0000 swapped=True
i=4 pair=(1,5) lam_t=0.95000 lam_s=0.96429 tsr_diff=0.002344 integral_mean=0.000057 integral_std=0.002399 log_ratio=0.0000 accept=1.0000 swapped=True
i=4 pair=(3,0) lam_t=0.97857 lam_s=0.99286 tsr_diff=0.002322 integral_mean=0.000125 integral_std=0.002342 log_ratio=0.0000 accept=1.0000 swapped=True
i=4 pair=(7,6) lam_t=1.00714 lam_s=1.02143 tsr_diff=0.002301 integral_mean=0.000120 integral_std=0.002293 log_ratio=0.0000 accept=1.0000 swapped=True
i=4 pair=(2,4) lam_t=1.03571 lam_s=1.05000 tsr_diff=0.002280 integral_mean=-0.000041 integral_std=0.002277 log_ratio=-0.0980 accept=0.9067 swapped=True
i=5 pair=(1,0) lam_t=0.96429 lam_s=0.97857 tsr_diff=0.003545 integral_mean=0.000197 integral_std=0.003477 log_ratio=0.0000 accept=1.0000 swapped=True
i=5 pair=(3,6) lam_t=0.99286 lam_s=1.00714 tsr_diff=0.003496 integral_mean=0.000402 integral_std=0.003745 log_ratio=0.0000 accept=1.0000 swapped=True
i=5 pair=(7,4) lam_t=1.02143 lam_s=1.03571 tsr_diff=0.003447 integral_mean=0.000041 integral_std=0.003164 log_ratio=0.0000 accept=1.0000 swapped=True
i=6 pair=(5,0) lam_t=0.95000 lam_s=0.96429 tsr_diff=0.004979 integral_mean=-0.000000 integral_std=0.004853 log_ratio=-0.0002 accept=0.9998 swapped=True
i=6 pair=(1,6) lam_t=0.97857 lam_s=0.99286 tsr_diff=0.004883 integral_mean=0.000583 integral_std=0.005029 log_ratio=0.0000 accept=1.0000 swapped=True
i=6 pair=(3,4) lam_t=1.00714 lam_s=1.02143 tsr_diff=0.004789 integral_mean=0.000363 integral_std=0.004872 log_ratio=0.0000 accept=1.0000 swapped=True
i=6 pair=(7,2) lam_t=1.03571 lam_s=1.05000 tsr_diff=0.004698 integral_mean=-0.000030 integral_std=0.004145 log_ratio=-0.0729 accept=0.9297 swapped=True
i=7 pair=(5,6) lam_t=0.96429 lam_s=0.97857 tsr_diff=0.006435 integral_mean=0.000097 integral_std=0.005907 log_ratio=0.0000 accept=1.0000 swapped=True
i=7 pair=(1,4) lam_t=0.99286 lam_s=1.00714 tsr_diff=0.006274 integral_mean=0.000669 integral_std=0.006342 log_ratio=0.0000 accept=1.0000 swapped=True
i=7 pair=(3,2) lam_t=1.02143 lam_s=1.03571 tsr_diff=0.006120 integral_mean=0.000341 integral_std=0.006050 log_ratio=0.0000 accept=1.0000 swapped=True
i=8 pair=(0,6) lam_t=0.95000 lam_s=0.96429 tsr_diff=0.008123 integral_mean=0.000953 integral_std=0.008894 log_ratio=0.0000 accept=1.0000 swapped=True
i=8 pair=(5,4) lam_t=0.97857 lam_s=0.99286 tsr_diff=0.007872 integral_mean=-0.000006 integral_std=0.007695 log_ratio=-0.0156 accept=0.9846 swapped=True
i=8 pair=(1,2) lam_t=1.00714 lam_s=1.02143 tsr_diff=0.007631 integral_mean=0.000698 integral_std=0.007696 log_ratio=0.0000 accept=1.0000 swapped=True
i=8 pair=(3,7) lam_t=1.03571 lam_s=1.05000 tsr_diff=0.007402 integral_mean=0.000303 integral_std=0.008154 log_ratio=0.0000 accept=1.0000 swapped=True
i=9 pair=(0,4) lam_t=0.96429 lam_s=0.97857 tsr_diff=0.009548 integral_mean=0.000616 integral_std=0.008777 log_ratio=0.0000 accept=1.0000 swapped=True
i=9 pair=(5,2) lam_t=0.99286 lam_s=1.00714 tsr_diff=0.009200 integral_mean=0.000141 integral_std=0.008668 log_ratio=0.0000 accept=1.0000 swapped=True
i=9 pair=(1,7) lam_t=1.02143 lam_s=1.03571 tsr_diff=0.008870 integral_mean=0.000845 integral_std=0.010850 log_ratio=0.0000 accept=1.0000 swapped=True
i=10 pair=(6,4) lam_t=0.95000 lam_s=0.96429 tsr_diff=0.011265 integral_mean=-0.000497 integral_std=0.010052 log_ratio=-1.1930 accept=0.3033 swapped=True
i=10 pair=(0,2) lam_t=0.97857 lam_s=0.99286 tsr_diff=0.010789 integral_mean=0.000513 integral_std=0.012424 log_ratio=0.0000 accept=1.0000 swapped=True
i=10 pair=(5,7) lam_t=1.00714 lam_s=1.02143 tsr_diff=0.010342 integral_mean=-0.000157 integral_std=0.010871 log_ratio=-0.3779 accept=0.6853 swapped=True
i=10 pair=(1,3) lam_t=1.03571 lam_s=1.05000 tsr_diff=0.009923 integral_mean=-0.000064 integral_std=0.013496 log_ratio=-0.1531 accept=0.8580 swapped=True
i=11 pair=(6,2) lam_t=0.96429 lam_s=0.97857 tsr_diff=0.012354 integral_mean=0.000184 integral_std=0.012022 log_ratio=0.0000 accept=1.0000 swapped=True
i=11 pair=(0,7) lam_t=0.99286 lam_s=1.00714 tsr_diff=0.011778 integral_mean=0.000988 integral_std=0.016746 log_ratio=0.0000 accept=1.0000 swapped=True
i=11 pair=(5,3) lam_t=1.02143 lam_s=1.03571 tsr_diff=0.011242 integral_mean=-0.000612 integral_std=0.016375 log_ratio=-1.4690 accept=0.2302 swapped=True
i=12 pair=(4,2) lam_t=0.95000 lam_s=0.96429 tsr_diff=0.013839 integral_mean=0.001075 integral_std=0.019248 log_ratio=0.0000 accept=1.0000 swapped=True
i=12 pair=(6,7) lam_t=0.97857 lam_s=0.99286 tsr_diff=0.013131 integral_mean=-0.000012 integral_std=0.015530 log_ratio=-0.0293 accept=0.9711 swapped=True
i=12 pair=(0,3) lam_t=1.00714 lam_s=1.02143 tsr_diff=0.012476 integral_mean=-0.000301 integral_std=0.025487 log_ratio=-0.7230 accept=0.4853 swapped=True
i=12 pair=(5,1) lam_t=1.03571 lam_s=1.05000 tsr_diff=0.011868 integral_mean=-0.000738 integral_std=0.020809 log_ratio=-1.7709 accept=0.1702 swapped=False
i=13 pair=(4,7) lam_t=0.96429 lam_s=0.97857 tsr_diff=0.014342 integral_mean=0.002116 integral_std=0.025971 log_ratio=0.0000 accept=1.0000 swapped=True
i=13 pair=(6,3) lam_t=0.99286 lam_s=1.00714 tsr_diff=0.013574 integral_mean=-0.002055 integral_std=0.026443 log_ratio=-4.9327 accept=0.0072 swapped=False
i=13 pair=(0,5) lam_t=1.02143 lam_s=1.03571 tsr_diff=0.012866 integral_mean=0.001668 integral_std=0.025615 log_ratio=0.0000 accept=1.0000 swapped=True
i=14 pair=(2,7) lam_t=0.95000 lam_s=0.96429 tsr_diff=0.015346 integral_mean=0.001080 integral_std=0.023854 log_ratio=0.0000 accept=1.0000 swapped=True
i=14 pair=(4,6) lam_t=0.97857 lam_s=0.99286 tsr_diff=0.014482 integral_mean=0.006271 integral_std=0.039769 log_ratio=0.0000 accept=1.0000 swapped=True
i=14 pair=(3,5) lam_t=1.00714 lam_s=1.02143 tsr_diff=0.013689 integral_mean=0.002192 integral_std=0.049792 log_ratio=0.0000 accept=1.0000 swapped=True
i=14 pair=(0,1) lam_t=1.03571 lam_s=1.05000 tsr_diff=0.012959 integral_mean=-0.001596 integral_std=0.067466 log_ratio=-3.8308 accept=0.0217 swapped=False
Best Sample: 6 log probability 0.000
Saved 1 samples to: logs/pointmaze-giant-navigate-v0/inference/plans/release_H400_T256_LimitsNormalizer_b1_condFalse/2026-07-20 18:04:05/18/0.png
Saved 1 samples to: logs/pointmaze-giant-navigate-v0/inference/plans/release_H400_T256_LimitsNormalizer_b1_condFalse/2026-07-20 18:04:05/18/rollout.png
i=0 pair=(0,1) lam_t=0.95000 lam_s=0.96429 tsr_diff=0.000000 integral_mean=0.000000 integral_std=0.000000 log_ratio=0.0000 accept=1.0000 swapped=True
i=0 pair=(2,3) lam_t=0.97857 lam_s=0.99286 tsr_diff=0.000000 integral_mean=0.000000 integral_std=0.000000 log_ratio=0.0000 accept=1.0000 swapped=True
i=0 pair=(4,5) lam_t=1.00714 lam_s=1.02143 tsr_diff=0.000000 integral_mean=0.000000 integral_std=0.000000 log_ratio=0.0000 accept=1.0000 swapped=True
i=0 pair=(6,7) lam_t=1.03571 lam_s=1.05000 tsr_diff=0.000000 integral_mean=0.000000 integral_std=0.000000 log_ratio=0.0000 accept=1.0000 swapped=True
i=1 pair=(0,3) lam_t=0.96429 lam_s=0.97857 tsr_diff=0.000153 integral_mean=0.000002 integral_std=0.000145 log_ratio=0.0000 accept=1.0000 swapped=True
i=1 pair=(2,5) lam_t=0.99286 lam_s=1.00714 tsr_diff=0.000152 integral_mean=0.000006 integral_std=0.000161 log_ratio=0.0000 accept=1.0000 swapped=True
i=1 pair=(4,7) lam_t=1.02143 lam_s=1.03571 tsr_diff=0.000152 integral_mean=-0.000001 integral_std=0.000163 log_ratio=-0.0021 accept=0.9979 swapped=True
i=2 pair=(1,3) lam_t=0.95000 lam_s=0.96429 tsr_diff=0.000605 integral_mean=-0.000020 integral_std=0.000617 log_ratio=-0.0479 accept=0.9533 swapped=True
i=2 pair=(0,5) lam_t=0.97857 lam_s=0.99286 tsr_diff=0.000604 integral_mean=-0.000051 integral_std=0.000639 log_ratio=-0.1218 accept=0.8853 swapped=True
i=2 pair=(2,7) lam_t=1.00714 lam_s=1.02143 tsr_diff=0.000603 integral_mean=0.000001 integral_std=0.000609 log_ratio=0.0000 accept=1.0000 swapped=True
i=2 pair=(4,6) lam_t=1.03571 lam_s=1.05000 tsr_diff=0.000601 integral_mean=-0.000011 integral_std=0.000578 log_ratio=-0.0257 accept=0.9746 swapped=True
i=3 pair=(1,5) lam_t=0.96429 lam_s=0.97857 tsr_diff=0.001341 integral_mean=-0.000058 integral_std=0.001348 log_ratio=-0.1402 accept=0.8692 swapped=True
i=3 pair=(0,7) lam_t=0.99286 lam_s=1.00714 tsr_diff=0.001333 integral_mean=0.000012 integral_std=0.001361 log_ratio=0.0000 accept=1.0000 swapped=True
i=3 pair=(2,6) lam_t=1.02143 lam_s=1.03571 tsr_diff=0.001326 integral_mean=0.000032 integral_std=0.001208 log_ratio=0.0000 accept=1.0000 swapped=True
i=4 pair=(3,5) lam_t=0.95000 lam_s=0.96429 tsr_diff=0.002344 integral_mean=-0.000037 integral_std=0.002170 log_ratio=-0.0898 accept=0.9141 swapped=True
i=4 pair=(1,7) lam_t=0.97857 lam_s=0.99286 tsr_diff=0.002322 integral_mean=-0.000101 integral_std=0.002259 log_ratio=-0.2415 accept=0.7854 swapped=False
i=4 pair=(0,6) lam_t=1.00714 lam_s=1.02143 tsr_diff=0.002301 integral_mean=0.000024 integral_std=0.002062 log_ratio=0.0000 accept=1.0000 swapped=True
i=4 pair=(2,4) lam_t=1.03571 lam_s=1.05000 tsr_diff=0.002280 integral_mean=0.000042 integral_std=0.002168 log_ratio=0.0000 accept=1.0000 swapped=True
i=5 pair=(3,1) lam_t=0.96429 lam_s=0.97857 tsr_diff=0.003545 integral_mean=0.000067 integral_std=0.003451 log_ratio=0.0000 accept=1.0000 swapped=True
i=5 pair=(7,6) lam_t=0.99286 lam_s=1.00714 tsr_diff=0.003496 integral_mean=0.000051 integral_std=0.003399 log_ratio=0.0000 accept=1.0000 swapped=True
i=5 pair=(0,4) lam_t=1.02143 lam_s=1.03571 tsr_diff=0.003447 integral_mean=-0.000067 integral_std=0.003200 log_ratio=-0.1598 accept=0.8523 swapped=True
i=6 pair=(5,1) lam_t=0.95000 lam_s=0.96429 tsr_diff=0.004979 integral_mean=-0.000168 integral_std=0.004479 log_ratio=-0.4024 accept=0.6687 swapped=True
i=6 pair=(3,6) lam_t=0.97857 lam_s=0.99286 tsr_diff=0.004883 integral_mean=0.000116 integral_std=0.004835 log_ratio=0.0000 accept=1.0000 swapped=True
i=6 pair=(7,4) lam_t=1.00714 lam_s=1.02143 tsr_diff=0.004789 integral_mean=-0.000052 integral_std=0.004458 log_ratio=-0.1246 accept=0.8828 swapped=True
i=6 pair=(0,2) lam_t=1.03571 lam_s=1.05000 tsr_diff=0.004698 integral_mean=0.000164 integral_std=0.004000 log_ratio=0.0000 accept=1.0000 swapped=True
i=7 pair=(5,6) lam_t=0.96429 lam_s=0.97857 tsr_diff=0.006435 integral_mean=0.000018 integral_std=0.005806 log_ratio=0.0000 accept=1.0000 swapped=True
i=7 pair=(3,4) lam_t=0.99286 lam_s=1.00714 tsr_diff=0.006274 integral_mean=-0.000074 integral_std=0.006150 log_ratio=-0.1766 accept=0.8381 swapped=False
i=7 pair=(7,2) lam_t=1.02143 lam_s=1.03571 tsr_diff=0.006120 integral_mean=0.000539 integral_std=0.006720 log_ratio=0.0000 accept=1.0000 swapped=True
i=8 pair=(1,6) lam_t=0.95000 lam_s=0.96429 tsr_diff=0.008123 integral_mean=0.000145 integral_std=0.007439 log_ratio=0.0000 accept=1.0000 swapped=True
i=8 pair=(5,3) lam_t=0.97857 lam_s=0.99286 tsr_diff=0.007872 integral_mean=-0.000041 integral_std=0.007718 log_ratio=-0.0983 accept=0.9064 swapped=False
i=8 pair=(4,2) lam_t=1.00714 lam_s=1.02143 tsr_diff=0.007631 integral_mean=0.000319 integral_std=0.006982 log_ratio=0.0000 accept=1.0000 swapped=True
i=8 pair=(7,0) lam_t=1.03571 lam_s=1.05000 tsr_diff=0.007402 integral_mean=0.001298 integral_std=0.009586 log_ratio=0.0000 accept=1.0000 swapped=True
i=9 pair=(1,5) lam_t=0.96429 lam_s=0.97857 tsr_diff=0.009548 integral_mean=-0.000225 integral_std=0.009078 log_ratio=-0.5402 accept=0.5826 swapped=False
i=9 pair=(3,2) lam_t=0.99286 lam_s=1.00714 tsr_diff=0.009200 integral_mean=0.000576 integral_std=0.009700 log_ratio=0.0000 accept=1.0000 swapped=True
i=9 pair=(4,0) lam_t=1.02143 lam_s=1.03571 tsr_diff=0.008870 integral_mean=0.000372 integral_std=0.008464 log_ratio=0.0000 accept=1.0000 swapped=True
i=10 pair=(6,1) lam_t=0.95000 lam_s=0.96429 tsr_diff=0.011265 integral_mean=0.000294 integral_std=0.009843 log_ratio=0.0000 accept=1.0000 swapped=True
i=10 pair=(5,2) lam_t=0.97857 lam_s=0.99286 tsr_diff=0.010789 integral_mean=0.000237 integral_std=0.007809 log_ratio=0.0000 accept=1.0000 swapped=True
i=10 pair=(3,0) lam_t=1.00714 lam_s=1.02143 tsr_diff=0.010342 integral_mean=0.001261 integral_std=0.013514 log_ratio=0.0000 accept=1.0000 swapped=True
i=10 pair=(4,7) lam_t=1.03571 lam_s=1.05000 tsr_diff=0.009923 integral_mean=0.000807 integral_std=0.012559 log_ratio=0.0000 accept=1.0000 swapped=True
i=11 pair=(6,2) lam_t=0.96429 lam_s=0.97857 tsr_diff=0.012354 integral_mean=0.000241 integral_std=0.008690 log_ratio=0.0000 accept=1.0000 swapped=True
i=11 pair=(5,0) lam_t=0.99286 lam_s=1.00714 tsr_diff=0.011778 integral_mean=0.000174 integral_std=0.007999 log_ratio=0.0000 accept=1.0000 swapped=True
i=11 pair=(3,7) lam_t=1.02143 lam_s=1.03571 tsr_diff=0.011242 integral_mean=0.001444 integral_std=0.020004 log_ratio=0.0000 accept=1.0000 swapped=True
i=12 pair=(1,2) lam_t=0.95000 lam_s=0.96429 tsr_diff=0.013839 integral_mean=0.000510 integral_std=0.013829 log_ratio=0.0000 accept=1.0000 swapped=True
i=12 pair=(6,0) lam_t=0.97857 lam_s=0.99286 tsr_diff=0.013131 integral_mean=0.000722 integral_std=0.008907 log_ratio=0.0000 accept=1.0000 swapped=True
i=12 pair=(5,7) lam_t=1.00714 lam_s=1.02143 tsr_diff=0.012476 integral_mean=-0.000841 integral_std=0.015569 log_ratio=-2.0173 accept=0.1330 swapped=False
i=12 pair=(3,4) lam_t=1.03571 lam_s=1.05000 tsr_diff=0.011868 integral_mean=0.002688 integral_std=0.034709 log_ratio=0.0000 accept=1.0000 swapped=True
i=13 pair=(1,0) lam_t=0.96429 lam_s=0.97857 tsr_diff=0.014342 integral_mean=0.001198 integral_std=0.022812 log_ratio=0.0000 accept=1.0000 swapped=True
i=13 pair=(6,5) lam_t=0.99286 lam_s=1.00714 tsr_diff=0.013574 integral_mean=0.000191 integral_std=0.008288 log_ratio=0.0000 accept=1.0000 swapped=True
i=13 pair=(7,4) lam_t=1.02143 lam_s=1.03571 tsr_diff=0.012866 integral_mean=-0.001354 integral_std=0.024996 log_ratio=-3.2484 accept=0.0388 swapped=False
i=14 pair=(2,0) lam_t=0.95000 lam_s=0.96429 tsr_diff=0.015346 integral_mean=0.001191 integral_std=0.011516 log_ratio=0.0000 accept=1.0000 swapped=True
i=14 pair=(1,5) lam_t=0.97857 lam_s=0.99286 tsr_diff=0.014482 integral_mean=0.001008 integral_std=0.039138 log_ratio=0.0000 accept=1.0000 swapped=True
i=14 pair=(6,7) lam_t=1.00714 lam_s=1.02143 tsr_diff=0.013689 integral_mean=-0.000752 integral_std=0.034910 log_ratio=-1.8053 accept=0.1644 swapped=False
i=14 pair=(4,3) lam_t=1.03571 lam_s=1.05000 tsr_diff=0.012959 integral_mean=-0.016306 integral_std=0.120392 log_ratio=-39.1347 accept=0.0000 swapped=False
Best Sample: 0 log probability 0.000
Saved 1 samples to: logs/pointmaze-giant-navigate-v0/inference/plans/release_H400_T256_LimitsNormalizer_b1_condFalse/2026-07-20 18:04:05/19/0.png
Saved 1 samples to: logs/pointmaze-giant-navigate-v0/inference/plans/release_H400_T256_LimitsNormalizer_b1_condFalse/2026-07-20 18:04:05/19/rollout.png
i=0 pair=(0,1) lam_t=0.95000 lam_s=0.96429 tsr_diff=0.000000 integral_mean=0.000000 integral_std=0.000000 log_ratio=0.0000 accept=1.0000 swapped=True
i=0 pair=(2,3) lam_t=0.97857 lam_s=0.99286 tsr_diff=0.000000 integral_mean=0.000000 integral_std=0.000000 log_ratio=0.0000 accept=1.0000 swapped=True
i=0 pair=(4,5) lam_t=1.00714 lam_s=1.02143 tsr_diff=0.000000 integral_mean=0.000000 integral_std=0.000000 log_ratio=0.0000 accept=1.0000 swapped=True
i=0 pair=(6,7) lam_t=1.03571 lam_s=1.05000 tsr_diff=0.000000 integral_mean=0.000000 integral_std=0.000000 log_ratio=0.0000 accept=1.0000 swapped=True
i=1 pair=(0,3) lam_t=0.96429 lam_s=0.97857 tsr_diff=0.000153 integral_mean=-0.000003 integral_std=0.000155 log_ratio=-0.0075 accept=0.9925 swapped=True
i=1 pair=(2,5) lam_t=0.99286 lam_s=1.00714 tsr_diff=0.000152 integral_mean=0.000015 integral_std=0.000158 log_ratio=0.0000 accept=1.0000 swapped=True
i=1 pair=(4,7) lam_t=1.02143 lam_s=1.03571 tsr_diff=0.000152 integral_mean=0.000002 integral_std=0.000143 log_ratio=0.0000 accept=1.0000 swapped=True
i=2 pair=(1,3) lam_t=0.95000 lam_s=0.96429 tsr_diff=0.000605 integral_mean=-0.000006 integral_std=0.000606 log_ratio=-0.0137 accept=0.9864 swapped=True
i=2 pair=(0,5) lam_t=0.97857 lam_s=0.99286 tsr_diff=0.000604 integral_mean=0.000036 integral_std=0.000623 log_ratio=0.0000 accept=1.0000 swapped=True
i=2 pair=(2,7) lam_t=1.00714 lam_s=1.02143 tsr_diff=0.000603 integral_mean=-0.000002 integral_std=0.000608 log_ratio=-0.0048 accept=0.9952 swapped=True
i=2 pair=(4,6) lam_t=1.03571 lam_s=1.05000 tsr_diff=0.000601 integral_mean=0.000021 integral_std=0.000614 log_ratio=0.0000 accept=1.0000 swapped=True
i=3 pair=(1,5) lam_t=0.96429 lam_s=0.97857 tsr_diff=0.001341 integral_mean=0.000070 integral_std=0.001476 log_ratio=0.0000 accept=1.0000 swapped=True
i=3 pair=(0,7) lam_t=0.99286 lam_s=1.00714 tsr_diff=0.001333 integral_mean=-0.000001 integral_std=0.001323 log_ratio=-0.0027 accept=0.9973 swapped=True
i=3 pair=(2,6) lam_t=1.02143 lam_s=1.03571 tsr_diff=0.001326 integral_mean=0.000033 integral_std=0.001278 log_ratio=0.0000 accept=1.0000 swapped=True
i=4 pair=(3,5) lam_t=0.95000 lam_s=0.96429 tsr_diff=0.002344 integral_mean=-0.000049 integral_std=0.002330 log_ratio=-0.1169 accept=0.8896 swapped=True
i=4 pair=(1,7) lam_t=0.97857 lam_s=0.99286 tsr_diff=0.002322 integral_mean=0.000141 integral_std=0.002210 log_ratio=0.0000 accept=1.0000 swapped=True
i=4 pair=(0,6) lam_t=1.00714 lam_s=1.02143 tsr_diff=0.002301 integral_mean=-0.000055 integral_std=0.002161 log_ratio=-0.1311 accept=0.8771 swapped=True
i=4 pair=(2,4) lam_t=1.03571 lam_s=1.05000 tsr_diff=0.002280 integral_mean=-0.000008 integral_std=0.002176 log_ratio=-0.0190 accept=0.9812 swapped=True
i=5 pair=(3,7) lam_t=0.96429 lam_s=0.97857 tsr_diff=0.003545 integral_mean=-0.000173 integral_std=0.003566 log_ratio=-0.4159 accept=0.6598 swapped=False
i=5 pair=(1,6) lam_t=0.99286 lam_s=1.00714 tsr_diff=0.003496 integral_mean=-0.000158 integral_std=0.003626 log_ratio=-0.3795 accept=0.6842 swapped=False
i=5 pair=(0,4) lam_t=1.02143 lam_s=1.03571 tsr_diff=0.003447 integral_mean=0.000110 integral_std=0.003379 log_ratio=0.0000 accept=1.0000 swapped=True
i=6 pair=(5,3) lam_t=0.95000 lam_s=0.96429 tsr_diff=0.004979 integral_mean=0.000086 integral_std=0.004767 log_ratio=0.0000 accept=1.0000 swapped=True
i=6 pair=(7,1) lam_t=0.97857 lam_s=0.99286 tsr_diff=0.004883 integral_mean=0.000832 integral_std=0.005982 log_ratio=0.0000 accept=1.0000 swapped=True
i=6 pair=(6,4) lam_t=1.00714 lam_s=1.02143 tsr_diff=0.004789 integral_mean=0.000225 integral_std=0.005081 log_ratio=0.0000 accept=1.0000 swapped=True
i=6 pair=(0,2) lam_t=1.03571 lam_s=1.05000 tsr_diff=0.004698 integral_mean=0.000012 integral_std=0.004311 log_ratio=0.0000 accept=1.0000 swapped=True
i=7 pair=(5,1) lam_t=0.96429 lam_s=0.97857 tsr_diff=0.006435 integral_mean=0.000082 integral_std=0.006496 log_ratio=0.0000 accept=1.0000 swapped=True
i=7 pair=(7,4) lam_t=0.99286 lam_s=1.00714 tsr_diff=0.006274 integral_mean=0.000863 integral_std=0.006804 log_ratio=0.0000 accept=1.0000 swapped=True
i=7 pair=(6,2) lam_t=1.02143 lam_s=1.03571 tsr_diff=0.006120 integral_mean=0.000531 integral_std=0.006566 log_ratio=0.0000 accept=1.0000 swapped=True
i=8 pair=(3,1) lam_t=0.95000 lam_s=0.96429 tsr_diff=0.008123 integral_mean=0.000297 integral_std=0.008828 log_ratio=0.0000 accept=1.0000 swapped=True
i=8 pair=(5,4) lam_t=0.97857 lam_s=0.99286 tsr_diff=0.007872 integral_mean=0.000297 integral_std=0.007238 log_ratio=0.0000 accept=1.0000 swapped=True
i=8 pair=(7,2) lam_t=1.00714 lam_s=1.02143 tsr_diff=0.007631 integral_mean=0.000793 integral_std=0.007931 log_ratio=0.0000 accept=1.0000 swapped=True
i=8 pair=(6,0) lam_t=1.03571 lam_s=1.05000 tsr_diff=0.007402 integral_mean=0.000661 integral_std=0.008080 log_ratio=0.0000 accept=1.0000 swapped=True
i=9 pair=(3,4) lam_t=0.96429 lam_s=0.97857 tsr_diff=0.009548 integral_mean=0.000386 integral_std=0.008681 log_ratio=0.0000 accept=1.0000 swapped=True
i=9 pair=(5,2) lam_t=0.99286 lam_s=1.00714 tsr_diff=0.009200 integral_mean=0.000242 integral_std=0.008315 log_ratio=0.0000 accept=1.0000 swapped=True
i=9 pair=(7,0) lam_t=1.02143 lam_s=1.03571 tsr_diff=0.008870 integral_mean=0.000952 integral_std=0.008964 log_ratio=0.0000 accept=1.0000 swapped=True
i=10 pair=(1,4) lam_t=0.95000 lam_s=0.96429 tsr_diff=0.011265 integral_mean=0.000575 integral_std=0.011934 log_ratio=0.0000 accept=1.0000 swapped=True
i=10 pair=(3,2) lam_t=0.97857 lam_s=0.99286 tsr_diff=0.010789 integral_mean=0.000702 integral_std=0.011138 log_ratio=0.0000 accept=1.0000 swapped=True
i=10 pair=(5,0) lam_t=1.00714 lam_s=1.02143 tsr_diff=0.010342 integral_mean=0.000248 integral_std=0.010485 log_ratio=0.0000 accept=1.0000 swapped=True
i=10 pair=(7,6) lam_t=1.03571 lam_s=1.05000 tsr_diff=0.009923 integral_mean=0.002246 integral_std=0.015958 log_ratio=0.0000 accept=1.0000 swapped=True
i=11 pair=(1,2) lam_t=0.96429 lam_s=0.97857 tsr_diff=0.012354 integral_mean=0.000580 integral_std=0.012419 log_ratio=0.0000 accept=1.0000 swapped=True
i=11 pair=(3,0) lam_t=0.99286 lam_s=1.00714 tsr_diff=0.011778 integral_mean=0.000837 integral_std=0.010791 log_ratio=0.0000 accept=1.0000 swapped=True
i=11 pair=(5,6) lam_t=1.02143 lam_s=1.03571 tsr_diff=0.011242 integral_mean=-0.000643 integral_std=0.019915 log_ratio=-1.5436 accept=0.2136 swapped=False
i=12 pair=(4,2) lam_t=0.95000 lam_s=0.96429 tsr_diff=0.013839 integral_mean=0.000382 integral_std=0.008762 log_ratio=0.0000 accept=1.0000 swapped=True
i=12 pair=(1,0) lam_t=0.97857 lam_s=0.99286 tsr_diff=0.013131 integral_mean=-0.000827 integral_std=0.018789 log_ratio=-1.9837 accept=0.1376 swapped=False
i=12 pair=(3,5) lam_t=1.00714 lam_s=1.02143 tsr_diff=0.012476 integral_mean=0.000189 integral_std=0.011760 log_ratio=0.0000 accept=1.0000 swapped=True
i=12 pair=(6,7) lam_t=1.03571 lam_s=1.05000 tsr_diff=0.011868 integral_mean=-0.002500 integral_std=0.036613 log_ratio=-5.9990 accept=0.0025 swapped=False
i=13 pair=(4,1) lam_t=0.96429 lam_s=0.97857 tsr_diff=0.014342 integral_mean=0.001498 integral_std=0.017478 log_ratio=0.0000 accept=1.0000 swapped=True
i=13 pair=(0,5) lam_t=0.99286 lam_s=1.00714 tsr_diff=0.013574 integral_mean=0.001165 integral_std=0.022881 log_ratio=0.0000 accept=1.0000 swapped=True
i=13 pair=(3,6) lam_t=1.02143 lam_s=1.03571 tsr_diff=0.012866 integral_mean=0.000601 integral_std=0.036093 log_ratio=0.0000 accept=1.0000 swapped=True
i=14 pair=(2,1) lam_t=0.95000 lam_s=0.96429 tsr_diff=0.015346 integral_mean=0.005210 integral_std=0.021245 log_ratio=0.0000 accept=1.0000 swapped=True
i=14 pair=(4,5) lam_t=0.97857 lam_s=0.99286 tsr_diff=0.014482 integral_mean=-0.002147 integral_std=0.039383 log_ratio=-5.1527 accept=0.0058 swapped=False
i=14 pair=(0,6) lam_t=1.00714 lam_s=1.02143 tsr_diff=0.013689 integral_mean=0.007133 integral_std=0.080477 log_ratio=0.0000 accept=1.0000 swapped=True
i=14 pair=(3,7) lam_t=1.03571 lam_s=1.05000 tsr_diff=0.012959 integral_mean=-0.043986 integral_std=0.312213 log_ratio=-105.5662 accept=0.0000 swapped=False
Best Sample: 2 log probability 0.000
Saved 1 samples to: logs/pointmaze-giant-navigate-v0/inference/plans/release_H400_T256_LimitsNormalizer_b1_condFalse/2026-07-20 18:04:05/20/0.png
Saved 1 samples to: logs/pointmaze-giant-navigate-v0/inference/plans/release_H400_T256_LimitsNormalizer_b1_condFalse/2026-07-20 18:04:05/20/rollout.png
i=0 pair=(0,1) lam_t=0.95000 lam_s=0.96429 tsr_diff=0.000000 integral_mean=0.000000 integral_std=0.000000 log_ratio=0.0000 accept=1.0000 swapped=True
i=0 pair=(2,3) lam_t=0.97857 lam_s=0.99286 tsr_diff=0.000000 integral_mean=0.000000 integral_std=0.000000 log_ratio=0.0000 accept=1.0000 swapped=True
i=0 pair=(4,5) lam_t=1.00714 lam_s=1.02143 tsr_diff=0.000000 integral_mean=0.000000 integral_std=0.000000 log_ratio=0.0000 accept=1.0000 swapped=True
i=0 pair=(6,7) lam_t=1.03571 lam_s=1.05000 tsr_diff=0.000000 integral_mean=0.000000 integral_std=0.000000 log_ratio=0.0000 accept=1.0000 swapped=True
i=1 pair=(0,3) lam_t=0.96429 lam_s=0.97857 tsr_diff=0.000153 integral_mean=-0.000001 integral_std=0.000154 log_ratio=-0.0021 accept=0.9979 swapped=True
i=1 pair=(2,5) lam_t=0.99286 lam_s=1.00714 tsr_diff=0.000152 integral_mean=0.000002 integral_std=0.000147 log_ratio=0.0000 accept=1.0000 swapped=True
i=1 pair=(4,7) lam_t=1.02143 lam_s=1.03571 tsr_diff=0.000152 integral_mean=-0.000003 integral_std=0.000153 log_ratio=-0.0071 accept=0.9929 swapped=True
i=2 pair=(1,3) lam_t=0.95000 lam_s=0.96429 tsr_diff=0.000605 integral_mean=0.000016 integral_std=0.000597 log_ratio=0.0000 accept=1.0000 swapped=True
i=2 pair=(0,5) lam_t=0.97857 lam_s=0.99286 tsr_diff=0.000604 integral_mean=-0.000027 integral_std=0.000577 log_ratio=-0.0648 accept=0.9373 swapped=True
i=2 pair=(2,7) lam_t=1.00714 lam_s=1.02143 tsr_diff=0.000603 integral_mean=0.000023 integral_std=0.000618 log_ratio=0.0000 accept=1.0000 swapped=True
i=2 pair=(4,6) lam_t=1.03571 lam_s=1.05000 tsr_diff=0.000601 integral_mean=0.000024 integral_std=0.000564 log_ratio=0.0000 accept=1.0000 swapped=True
i=3 pair=(1,5) lam_t=0.96429 lam_s=0.97857 tsr_diff=0.001341 integral_mean=-0.000330 integral_std=0.001819 log_ratio=-0.7919 accept=0.4530 swapped=True
i=3 pair=(0,7) lam_t=0.99286 lam_s=1.00714 tsr_diff=0.001333 integral_mean=0.000058 integral_std=0.001361 log_ratio=0.0000 accept=1.0000 swapped=True
i=3 pair=(2,6) lam_t=1.02143 lam_s=1.03571 tsr_diff=0.001326 integral_mean=0.000020 integral_std=0.001383 log_ratio=0.0000 accept=1.0000 swapped=True
i=4 pair=(3,5) lam_t=0.95000 lam_s=0.96429 tsr_diff=0.002344 integral_mean=-0.000192 integral_std=0.002467 log_ratio=-0.4614 accept=0.6304 swapped=True
i=4 pair=(1,7) lam_t=0.97857 lam_s=0.99286 tsr_diff=0.002322 integral_mean=0.000054 integral_std=0.002328 log_ratio=0.0000 accept=1.0000 swapped=True
i=4 pair=(0,6) lam_t=1.00714 lam_s=1.02143 tsr_diff=0.002301 integral_mean=-0.000004 integral_std=0.002443 log_ratio=-0.0102 accept=0.9899 swapped=True
i=4 pair=(2,4) lam_t=1.03571 lam_s=1.05000 tsr_diff=0.002280 integral_mean=-0.000040 integral_std=0.002169 log_ratio=-0.0950 accept=0.9094 swapped=True
i=5 pair=(3,7) lam_t=0.96429 lam_s=0.97857 tsr_diff=0.003545 integral_mean=0.000140 integral_std=0.003589 log_ratio=0.0000 accept=1.0000 swapped=True
i=5 pair=(1,6) lam_t=0.99286 lam_s=1.00714 tsr_diff=0.003496 integral_mean=0.000325 integral_std=0.003930 log_ratio=0.0000 accept=1.0000 swapped=True
i=5 pair=(0,4) lam_t=1.02143 lam_s=1.03571 tsr_diff=0.003447 integral_mean=0.000002 integral_std=0.003305 log_ratio=0.0000 accept=1.0000 swapped=True
i=6 pair=(5,7) lam_t=0.95000 lam_s=0.96429 tsr_diff=0.004979 integral_mean=-0.000014 integral_std=0.005244 log_ratio=-0.0335 accept=0.9671 swapped=True
i=6 pair=(3,6) lam_t=0.97857 lam_s=0.99286 tsr_diff=0.004883 integral_mean=-0.000107 integral_std=0.004348 log_ratio=-0.2562 accept=0.7740 swapped=False
i=6 pair=(1,4) lam_t=1.00714 lam_s=1.02143 tsr_diff=0.004789 integral_mean=0.000097 integral_std=0.004763 log_ratio=0.0000 accept=1.0000 swapped=True
i=6 pair=(0,2) lam_t=1.03571 lam_s=1.05000 tsr_diff=0.004698 integral_mean=0.000410 integral_std=0.004615 log_ratio=0.0000 accept=1.0000 swapped=True
i=7 pair=(5,3) lam_t=0.96429 lam_s=0.97857 tsr_diff=0.006435 integral_mean=0.000150 integral_std=0.005872 log_ratio=0.0000 accept=1.0000 swapped=True
i=7 pair=(6,4) lam_t=0.99286 lam_s=1.00714 tsr_diff=0.006274 integral_mean=0.000178 integral_std=0.006866 log_ratio=0.0000 accept=1.0000 swapped=True
i=7 pair=(1,2) lam_t=1.02143 lam_s=1.03571 tsr_diff=0.006120 integral_mean=0.000111 integral_std=0.005917 log_ratio=0.0000 accept=1.0000 swapped=True
i=8 pair=(7,3) lam_t=0.95000 lam_s=0.96429 tsr_diff=0.008123 integral_mean=0.000035 integral_std=0.007813 log_ratio=0.0000 accept=1.0000 swapped=True
i=8 pair=(5,4) lam_t=0.97857 lam_s=0.99286 tsr_diff=0.007872 integral_mean=-0.000210 integral_std=0.008201 log_ratio=-0.5035 accept=0.6044 swapped=True
i=8 pair=(6,2) lam_t=1.00714 lam_s=1.02143 tsr_diff=0.007631 integral_mean=-0.000025 integral_std=0.007192 log_ratio=-0.0608 accept=0.9410 swapped=True
i=8 pair=(1,0) lam_t=1.03571 lam_s=1.05000 tsr_diff=0.007402 integral_mean=-0.000725 integral_std=0.008762 log_ratio=-1.7390 accept=0.1757 swapped=False
i=9 pair=(7,4) lam_t=0.96429 lam_s=0.97857 tsr_diff=0.009548 integral_mean=-0.000117 integral_std=0.010167 log_ratio=-0.2797 accept=0.7560 swapped=True
i=9 pair=(5,2) lam_t=0.99286 lam_s=1.00714 tsr_diff=0.009200 integral_mean=0.000030 integral_std=0.008834 log_ratio=0.0000 accept=1.0000 swapped=True
i=9 pair=(6,1) lam_t=1.02143 lam_s=1.03571 tsr_diff=0.008870 integral_mean=0.000073 integral_std=0.010233 log_ratio=0.0000 accept=1.0000 swapped=True
i=10 pair=(3,4) lam_t=0.95000 lam_s=0.96429 tsr_diff=0.011265 integral_mean=-0.000278 integral_std=0.013677 log_ratio=-0.6660 accept=0.5137 swapped=True
i=10 pair=(7,2) lam_t=0.97857 lam_s=0.99286 tsr_diff=0.010789 integral_mean=0.000567 integral_std=0.013273 log_ratio=0.0000 accept=1.0000 swapped=True
i=10 pair=(5,1) lam_t=1.00714 lam_s=1.02143 tsr_diff=0.010342 integral_mean=-0.001280 integral_std=0.014790 log_ratio=-3.0711 accept=0.0464 swapped=False
i=10 pair=(6,0) lam_t=1.03571 lam_s=1.05000 tsr_diff=0.009923 integral_mean=0.000136 integral_std=0.012357 log_ratio=0.0000 accept=1.0000 swapped=True
i=11 pair=(3,2) lam_t=0.96429 lam_s=0.97857 tsr_diff=0.012354 integral_mean=0.000304 integral_std=0.010928 log_ratio=0.0000 accept=1.0000 swapped=True
i=11 pair=(7,5) lam_t=0.99286 lam_s=1.00714 tsr_diff=0.011778 integral_mean=-0.000068 integral_std=0.014652 log_ratio=-0.1632 accept=0.8494 swapped=False
i=11 pair=(1,0) lam_t=1.02143 lam_s=1.03571 tsr_diff=0.011242 integral_mean=0.001607 integral_std=0.018984 log_ratio=0.0000 accept=1.0000 swapped=True
i=12 pair=(4,2) lam_t=0.95000 lam_s=0.96429 tsr_diff=0.013839 integral_mean=0.000951 integral_std=0.019944 log_ratio=0.0000 accept=1.0000 swapped=True
i=12 pair=(3,7) lam_t=0.97857 lam_s=0.99286 tsr_diff=0.013131 integral_mean=-0.000313 integral_std=0.018121 log_ratio=-0.7511 accept=0.4718 swapped=True
i=12 pair=(5,0) lam_t=1.00714 lam_s=1.02143 tsr_diff=0.012476 integral_mean=0.000145 integral_std=0.015589 log_ratio=0.0000 accept=1.0000 swapped=True
i=12 pair=(1,6) lam_t=1.03571 lam_s=1.05000 tsr_diff=0.011868 integral_mean=0.000675 integral_std=0.023387 log_ratio=0.0000 accept=1.0000 swapped=True
i=13 pair=(4,7) lam_t=0.96429 lam_s=0.97857 tsr_diff=0.014342 integral_mean=0.000942 integral_std=0.030393 log_ratio=0.0000 accept=1.0000 swapped=True
i=13 pair=(3,0) lam_t=0.99286 lam_s=1.00714 tsr_diff=0.013574 integral_mean=-0.001631 integral_std=0.028042 log_ratio=-3.9153 accept=0.0199 swapped=False
i=13 pair=(5,6) lam_t=1.02143 lam_s=1.03571 tsr_diff=0.012866 integral_mean=-0.001290 integral_std=0.015469 log_ratio=-3.0970 accept=0.0452 swapped=False
i=14 pair=(2,7) lam_t=0.95000 lam_s=0.96429 tsr_diff=0.015346 integral_mean=0.000887 integral_std=0.051688 log_ratio=0.0000 accept=1.0000 swapped=True
i=14 pair=(4,3) lam_t=0.97857 lam_s=0.99286 tsr_diff=0.014482 integral_mean=0.003583 integral_std=0.055494 log_ratio=0.0000 accept=1.0000 swapped=True
i=14 pair=(0,5) lam_t=1.00714 lam_s=1.02143 tsr_diff=0.013689 integral_mean=0.002598 integral_std=0.042082 log_ratio=0.0000 accept=1.0000 swapped=True
i=14 pair=(6,1) lam_t=1.03571 lam_s=1.05000 tsr_diff=0.012959 integral_mean=0.033841 integral_std=0.220913 log_ratio=0.0000 accept=1.0000 swapped=True
Best Sample: 2 log probability -0.362
Saved 1 samples to: logs/pointmaze-giant-navigate-v0/inference/plans/release_H400_T256_LimitsNormalizer_b1_condFalse/2026-07-20 18:04:05/21/0.png
Saved 1 samples to: logs/pointmaze-giant-navigate-v0/inference/plans/release_H400_T256_LimitsNormalizer_b1_condFalse/2026-07-20 18:04:05/21/rollout.png
i=0 pair=(0,1) lam_t=0.95000 lam_s=0.96429 tsr_diff=0.000000 integral_mean=0.000000 integral_std=0.000000 log_ratio=0.0000 accept=1.0000 swapped=True
i=0 pair=(2,3) lam_t=0.97857 lam_s=0.99286 tsr_diff=0.000000 integral_mean=0.000000 integral_std=0.000000 log_ratio=0.0000 accept=1.0000 swapped=True
i=0 pair=(4,5) lam_t=1.00714 lam_s=1.02143 tsr_diff=0.000000 integral_mean=0.000000 integral_std=0.000000 log_ratio=0.0000 accept=1.0000 swapped=True
i=0 pair=(6,7) lam_t=1.03571 lam_s=1.05000 tsr_diff=0.000000 integral_mean=0.000000 integral_std=0.000000 log_ratio=0.0000 accept=1.0000 swapped=True
i=1 pair=(0,3) lam_t=0.96429 lam_s=0.97857 tsr_diff=0.000153 integral_mean=0.000002 integral_std=0.000148 log_ratio=0.0000 accept=1.0000 swapped=True
i=1 pair=(2,5) lam_t=0.99286 lam_s=1.00714 tsr_diff=0.000152 integral_mean=-0.000003 integral_std=0.000157 log_ratio=-0.0072 accept=0.9928 swapped=True
i=1 pair=(4,7) lam_t=1.02143 lam_s=1.03571 tsr_diff=0.000152 integral_mean=-0.000008 integral_std=0.000159 log_ratio=-0.0194 accept=0.9808 swapped=True
i=2 pair=(1,3) lam_t=0.95000 lam_s=0.96429 tsr_diff=0.000605 integral_mean=0.000025 integral_std=0.000595 log_ratio=0.0000 accept=1.0000 swapped=True
i=2 pair=(0,5) lam_t=0.97857 lam_s=0.99286 tsr_diff=0.000604 integral_mean=-0.000011 integral_std=0.000606 log_ratio=-0.0274 accept=0.9730 swapped=True
i=2 pair=(2,7) lam_t=1.00714 lam_s=1.02143 tsr_diff=0.000603 integral_mean=0.000004 integral_std=0.000577 log_ratio=0.0000 accept=1.0000 swapped=True
i=2 pair=(4,6) lam_t=1.03571 lam_s=1.05000 tsr_diff=0.000601 integral_mean=0.000007 integral_std=0.000618 log_ratio=0.0000 accept=1.0000 swapped=True
i=3 pair=(1,5) lam_t=0.96429 lam_s=0.97857 tsr_diff=0.001341 integral_mean=-0.000015 integral_std=0.001400 log_ratio=-0.0365 accept=0.9642 swapped=True
i=3 pair=(0,7) lam_t=0.99286 lam_s=1.00714 tsr_diff=0.001333 integral_mean=-0.000066 integral_std=0.001323 log_ratio=-0.1584 accept=0.8535 swapped=True
i=3 pair=(2,6) lam_t=1.02143 lam_s=1.03571 tsr_diff=0.001326 integral_mean=0.000101 integral_std=0.001378 log_ratio=0.0000 accept=1.0000 swapped=True
i=4 pair=(3,5) lam_t=0.95000 lam_s=0.96429 tsr_diff=0.002344 integral_mean=-0.000067 integral_std=0.002315 log_ratio=-0.1618 accept=0.8506 swapped=True
i=4 pair=(1,7) lam_t=0.97857 lam_s=0.99286 tsr_diff=0.002322 integral_mean=0.000054 integral_std=0.002272 log_ratio=0.0000 accept=1.0000 swapped=True
i=4 pair=(0,6) lam_t=1.00714 lam_s=1.02143 tsr_diff=0.002301 integral_mean=-0.000050 integral_std=0.002222 log_ratio=-0.1198 accept=0.8871 swapped=True
i=4 pair=(2,4) lam_t=1.03571 lam_s=1.05000 tsr_diff=0.002280 integral_mean=0.000029 integral_std=0.002266 log_ratio=0.0000 accept=1.0000 swapped=True
i=5 pair=(3,7) lam_t=0.96429 lam_s=0.97857 tsr_diff=0.003545 integral_mean=-0.000083 integral_std=0.003627 log_ratio=-0.1982 accept=0.8202 swapped=True
i=5 pair=(1,6) lam_t=0.99286 lam_s=1.00714 tsr_diff=0.003496 integral_mean=-0.000084 integral_std=0.003223 log_ratio=-0.2021 accept=0.8170 swapped=True
i=5 pair=(0,4) lam_t=1.02143 lam_s=1.03571 tsr_diff=0.003447 integral_mean=-0.000023 integral_std=0.003229 log_ratio=-0.0544 accept=0.9471 swapped=True
i=6 pair=(5,7) lam_t=0.95000 lam_s=0.96429 tsr_diff=0.004979 integral_mean=-0.000162 integral_std=0.004929 log_ratio=-0.3896 accept=0.6773 swapped=False
i=6 pair=(3,6) lam_t=0.97857 lam_s=0.99286 tsr_diff=0.004883 integral_mean=-0.000086 integral_std=0.004421 log_ratio=-0.2068 accept=0.8132 swapped=True
i=6 pair=(1,4) lam_t=1.00714 lam_s=1.02143 tsr_diff=0.004789 integral_mean=0.000133 integral_std=0.004224 log_ratio=0.0000 accept=1.0000 swapped=True
i=6 pair=(0,2) lam_t=1.03571 lam_s=1.05000 tsr_diff=0.004698 integral_mean=0.000061 integral_std=0.004431 log_ratio=0.0000 accept=1.0000 swapped=True
i=7 pair=(7,6) lam_t=0.96429 lam_s=0.97857 tsr_diff=0.006435 integral_mean=-0.000009 integral_std=0.006179 log_ratio=-0.0209 accept=0.9794 swapped=True
i=7 pair=(3,4) lam_t=0.99286 lam_s=1.00714 tsr_diff=0.006274 integral_mean=0.000136 integral_std=0.005628 log_ratio=0.0000 accept=1.0000 swapped=True
i=7 pair=(1,2) lam_t=1.02143 lam_s=1.03571 tsr_diff=0.006120 integral_mean=-0.000008 integral_std=0.006045 log_ratio=-0.0197 accept=0.9805 swapped=True
i=8 pair=(5,6) lam_t=0.95000 lam_s=0.96429 tsr_diff=0.008123 integral_mean=-0.000241 integral_std=0.007744 log_ratio=-0.5795 accept=0.5602 swapped=True
i=8 pair=(7,4) lam_t=0.97857 lam_s=0.99286 tsr_diff=0.007872 integral_mean=0.000261 integral_std=0.007444 log_ratio=0.0000 accept=1.0000 swapped=True
i=8 pair=(3,2) lam_t=1.00714 lam_s=1.02143 tsr_diff=0.007631 integral_mean=0.000072 integral_std=0.007457 log_ratio=0.0000 accept=1.0000 swapped=True
i=8 pair=(1,0) lam_t=1.03571 lam_s=1.05000 tsr_diff=0.007402 integral_mean=0.000001 integral_std=0.006915 log_ratio=0.0000 accept=1.0000 swapped=True
i=9 pair=(5,4) lam_t=0.96429 lam_s=0.97857 tsr_diff=0.009548 integral_mean=0.000176 integral_std=0.009113 log_ratio=0.0000 accept=1.0000 swapped=True
i=9 pair=(7,2) lam_t=0.99286 lam_s=1.00714 tsr_diff=0.009200 integral_mean=0.000307 integral_std=0.009265 log_ratio=0.0000 accept=1.0000 swapped=True
i=9 pair=(3,0) lam_t=1.02143 lam_s=1.03571 tsr_diff=0.008870 integral_mean=-0.000331 integral_std=0.008101 log_ratio=-0.7953 accept=0.4514 swapped=True
i=10 pair=(6,4) lam_t=0.95000 lam_s=0.96429 tsr_diff=0.011265 integral_mean=0.000085 integral_std=0.010601 log_ratio=0.0000 accept=1.0000 swapped=True
i=10 pair=(5,2) lam_t=0.97857 lam_s=0.99286 tsr_diff=0.010789 integral_mean=0.000189 integral_std=0.011480 log_ratio=0.0000 accept=1.0000 swapped=True
i=10 pair=(7,0) lam_t=1.00714 lam_s=1.02143 tsr_diff=0.010342 integral_mean=-0.000111 integral_std=0.009576 log_ratio=-0.2667 accept=0.7659 swapped=True
i=10 pair=(3,1) lam_t=1.03571 lam_s=1.05000 tsr_diff=0.009923 integral_mean=-0.000617 integral_std=0.009826 log_ratio=-1.4812 accept=0.2274 swapped=False
i=11 pair=(6,2) lam_t=0.96429 lam_s=0.97857 tsr_diff=0.012354 integral_mean=0.000493 integral_std=0.014763 log_ratio=0.0000 accept=1.0000 swapped=True
i=11 pair=(5,0) lam_t=0.99286 lam_s=1.00714 tsr_diff=0.011778 integral_mean=-0.000049 integral_std=0.014618 log_ratio=-0.1182 accept=0.8886 swapped=True
i=11 pair=(7,3) lam_t=1.02143 lam_s=1.03571 tsr_diff=0.011242 integral_mean=0.000978 integral_std=0.012051 log_ratio=0.0000 accept=1.0000 swapped=True
i=12 pair=(4,2) lam_t=0.95000 lam_s=0.96429 tsr_diff=0.013839 integral_mean=0.000488 integral_std=0.021350 log_ratio=0.0000 accept=1.0000 swapped=True
i=12 pair=(6,0) lam_t=0.97857 lam_s=0.99286 tsr_diff=0.013131 integral_mean=-0.000912 integral_std=0.014037 log_ratio=-2.1898 accept=0.1119 swapped=False
i=12 pair=(5,3) lam_t=1.00714 lam_s=1.02143 tsr_diff=0.012476 integral_mean=0.000836 integral_std=0.015446 log_ratio=0.0000 accept=1.0000 swapped=True
i=12 pair=(7,1) lam_t=1.03571 lam_s=1.05000 tsr_diff=0.011868 integral_mean=0.000520 integral_std=0.016935 log_ratio=0.0000 accept=1.0000 swapped=True
i=13 pair=(4,6) lam_t=0.96429 lam_s=0.97857 tsr_diff=0.014342 integral_mean=0.000877 integral_std=0.015394 log_ratio=0.0000 accept=1.0000 swapped=True
i=13 pair=(0,3) lam_t=0.99286 lam_s=1.00714 tsr_diff=0.013574 integral_mean=0.002741 integral_std=0.024184 log_ratio=0.0000 accept=1.0000 swapped=True
i=13 pair=(5,1) lam_t=1.02143 lam_s=1.03571 tsr_diff=0.012866 integral_mean=-0.000220 integral_std=0.020002 log_ratio=-0.5290 accept=0.5892 swapped=False
i=14 pair=(2,6) lam_t=0.95000 lam_s=0.96429 tsr_diff=0.015346 integral_mean=-0.006037 integral_std=0.172252 log_ratio=-14.4891 accept=0.0000 swapped=False
i=14 pair=(4,3) lam_t=0.97857 lam_s=0.99286 tsr_diff=0.014482 integral_mean=0.004213 integral_std=0.025135 log_ratio=0.0000 accept=1.0000 swapped=True
i=14 pair=(0,5) lam_t=1.00714 lam_s=1.02143 tsr_diff=0.013689 integral_mean=0.005239 integral_std=0.071576 log_ratio=0.0000 accept=1.0000 swapped=True
i=14 pair=(1,7) lam_t=1.03571 lam_s=1.05000 tsr_diff=0.012959 integral_mean=-0.008489 integral_std=0.087742 log_ratio=-20.3725 accept=0.0000 swapped=False
Best Sample: 3 log probability -0.024
Saved 1 samples to: logs/pointmaze-giant-navigate-v0/inference/plans/release_H400_T256_LimitsNormalizer_b1_condFalse/2026-07-20 18:04:05/22/0.png
Saved 1 samples to: logs/pointmaze-giant-navigate-v0/inference/plans/release_H400_T256_LimitsNormalizer_b1_condFalse/2026-07-20 18:04:05/22/rollout.png
i=0 pair=(0,1) lam_t=0.95000 lam_s=0.96429 tsr_diff=0.000000 integral_mean=0.000000 integral_std=0.000000 log_ratio=0.0000 accept=1.0000 swapped=True
i=0 pair=(2,3) lam_t=0.97857 lam_s=0.99286 tsr_diff=0.000000 integral_mean=0.000000 integral_std=0.000000 log_ratio=0.0000 accept=1.0000 swapped=True
i=0 pair=(4,5) lam_t=1.00714 lam_s=1.02143 tsr_diff=0.000000 integral_mean=0.000000 integral_std=0.000000 log_ratio=0.0000 accept=1.0000 swapped=True
i=0 pair=(6,7) lam_t=1.03571 lam_s=1.05000 tsr_diff=0.000000 integral_mean=0.000000 integral_std=0.000000 log_ratio=0.0000 accept=1.0000 swapped=True
i=1 pair=(0,3) lam_t=0.96429 lam_s=0.97857 tsr_diff=0.000153 integral_mean=0.000006 integral_std=0.000151 log_ratio=0.0000 accept=1.0000 swapped=True
i=1 pair=(2,5) lam_t=0.99286 lam_s=1.00714 tsr_diff=0.000152 integral_mean=0.000000 integral_std=0.000159 log_ratio=0.0000 accept=1.0000 swapped=True
i=1 pair=(4,7) lam_t=1.02143 lam_s=1.03571 tsr_diff=0.000152 integral_mean=-0.000004 integral_std=0.000149 log_ratio=-0.0104 accept=0.9896 swapped=True
i=2 pair=(1,3) lam_t=0.95000 lam_s=0.96429 tsr_diff=0.000605 integral_mean=0.000004 integral_std=0.000566 log_ratio=0.0000 accept=1.0000 swapped=True
i=2 pair=(0,5) lam_t=0.97857 lam_s=0.99286 tsr_diff=0.000604 integral_mean=-0.000001 integral_std=0.000610 log_ratio=-0.0025 accept=0.9975 swapped=True
i=2 pair=(2,7) lam_t=1.00714 lam_s=1.02143 tsr_diff=0.000603 integral_mean=0.000013 integral_std=0.000607 log_ratio=0.0000 accept=1.0000 swapped=True
i=2 pair=(4,6) lam_t=1.03571 lam_s=1.05000 tsr_diff=0.000601 integral_mean=-0.000008 integral_std=0.000611 log_ratio=-0.0189 accept=0.9813 swapped=True
i=3 pair=(1,5) lam_t=0.96429 lam_s=0.97857 tsr_diff=0.001341 integral_mean=-0.000001 integral_std=0.001312 log_ratio=-0.0015 accept=0.9985 swapped=True
i=3 pair=(0,7) lam_t=0.99286 lam_s=1.00714 tsr_diff=0.001333 integral_mean=-0.000051 integral_std=0.001335 log_ratio=-0.1236 accept=0.8838 swapped=True
i=3 pair=(2,6) lam_t=1.02143 lam_s=1.03571 tsr_diff=0.001326 integral_mean=-0.000013 integral_std=0.001378 log_ratio=-0.0322 accept=0.9683 swapped=True
i=4 pair=(3,5) lam_t=0.95000 lam_s=0.96429 tsr_diff=0.002344 integral_mean=0.000084 integral_std=0.002211 log_ratio=0.0000 accept=1.0000 swapped=True
i=4 pair=(1,7) lam_t=0.97857 lam_s=0.99286 tsr_diff=0.002322 integral_mean=-0.000086 integral_std=0.002264 log_ratio=-0.2070 accept=0.8130 swapped=True
i=4 pair=(0,6) lam_t=1.00714 lam_s=1.02143 tsr_diff=0.002301 integral_mean=-0.000074 integral_std=0.002174 log_ratio=-0.1778 accept=0.8371 swapped=True
i=4 pair=(2,4) lam_t=1.03571 lam_s=1.05000 tsr_diff=0.002280 integral_mean=-0.000414 integral_std=0.002884 log_ratio=-0.9935 accept=0.3703 swapped=False
i=5 pair=(3,7) lam_t=0.96429 lam_s=0.97857 tsr_diff=0.003545 integral_mean=0.000095 integral_std=0.003399 log_ratio=0.0000 accept=1.0000 swapped=True
i=5 pair=(1,6) lam_t=0.99286 lam_s=1.00714 tsr_diff=0.003496 integral_mean=-0.000134 integral_std=0.003010 log_ratio=-0.3218 accept=0.7248 swapped=False
i=5 pair=(0,2) lam_t=1.02143 lam_s=1.03571 tsr_diff=0.003447 integral_mean=-0.000125 integral_std=0.003147 log_ratio=-0.2999 accept=0.7409 swapped=True
i=6 pair=(5,7) lam_t=0.95000 lam_s=0.96429 tsr_diff=0.004979 integral_mean=0.000313 integral_std=0.004854 log_ratio=0.0000 accept=1.0000 swapped=True
i=6 pair=(3,1) lam_t=0.97857 lam_s=0.99286 tsr_diff=0.004883 integral_mean=0.000004 integral_std=0.004233 log_ratio=0.0000 accept=1.0000 swapped=True
i=6 pair=(6,2) lam_t=1.00714 lam_s=1.02143 tsr_diff=0.004789 integral_mean=0.000016 integral_std=0.004357 log_ratio=0.0000 accept=1.0000 swapped=True
i=6 pair=(0,4) lam_t=1.03571 lam_s=1.05000 tsr_diff=0.004698 integral_mean=-0.000387 integral_std=0.004640 log_ratio=-0.9298 accept=0.3946 swapped=False
i=7 pair=(5,1) lam_t=0.96429 lam_s=0.97857 tsr_diff=0.006435 integral_mean=0.000356 integral_std=0.006383 log_ratio=0.0000 accept=1.0000 swapped=True
i=7 pair=(3,2) lam_t=0.99286 lam_s=1.00714 tsr_diff=0.006274 integral_mean=-0.000041 integral_std=0.005591 log_ratio=-0.0980 accept=0.9066 swapped=True
i=7 pair=(6,0) lam_t=1.02143 lam_s=1.03571 tsr_diff=0.006120 integral_mean=0.000133 integral_std=0.005352 log_ratio=0.0000 accept=1.0000 swapped=True
i=8 pair=(7,1) lam_t=0.95000 lam_s=0.96429 tsr_diff=0.008123 integral_mean=0.000077 integral_std=0.007698 log_ratio=0.0000 accept=1.0000 swapped=True
i=8 pair=(5,2) lam_t=0.97857 lam_s=0.99286 tsr_diff=0.007872 integral_mean=0.000525 integral_std=0.008499 log_ratio=0.0000 accept=1.0000 swapped=True
i=8 pair=(3,0) lam_t=1.00714 lam_s=1.02143 tsr_diff=0.007631 integral_mean=-0.000054 integral_std=0.005872 log_ratio=-0.1300 accept=0.8781 swapped=True
i=8 pair=(6,4) lam_t=1.03571 lam_s=1.05000 tsr_diff=0.007402 integral_mean=-0.000391 integral_std=0.007285 log_ratio=-0.9378 accept=0.3915 swapped=False
i=9 pair=(7,2) lam_t=0.96429 lam_s=0.97857 tsr_diff=0.009548 integral_mean=-0.000459 integral_std=0.009067 log_ratio=-1.1015 accept=0.3324 swapped=False
i=9 pair=(5,0) lam_t=0.99286 lam_s=1.00714 tsr_diff=0.009200 integral_mean=0.001191 integral_std=0.012453 log_ratio=0.0000 accept=1.0000 swapped=True
i=9 pair=(3,6) lam_t=1.02143 lam_s=1.03571 tsr_diff=0.008870 integral_mean=-0.000307 integral_std=0.007358 log_ratio=-0.7377 accept=0.4782 swapped=True
i=10 pair=(1,7) lam_t=0.95000 lam_s=0.96429 tsr_diff=0.011265 integral_mean=-0.000251 integral_std=0.010876 log_ratio=-0.6030 accept=0.5472 swapped=False
i=10 pair=(2,0) lam_t=0.97857 lam_s=0.99286 tsr_diff=0.010789 integral_mean=0.001717 integral_std=0.012213 log_ratio=0.0000 accept=1.0000 swapped=True
i=10 pair=(5,6) lam_t=1.00714 lam_s=1.02143 tsr_diff=0.010342 integral_mean=0.001177 integral_std=0.014891 log_ratio=0.0000 accept=1.0000 swapped=True
i=10 pair=(3,4) lam_t=1.03571 lam_s=1.05000 tsr_diff=0.009923 integral_mean=-0.000583 integral_std=0.009317 log_ratio=-1.4001 accept=0.2466 swapped=False
i=11 pair=(7,0) lam_t=0.96429 lam_s=0.97857 tsr_diff=0.012354 integral_mean=0.000775 integral_std=0.012327 log_ratio=0.0000 accept=1.0000 swapped=True
i=11 pair=(2,6) lam_t=0.99286 lam_s=1.00714 tsr_diff=0.011778 integral_mean=0.001029 integral_std=0.013989 log_ratio=0.0000 accept=1.0000 swapped=True
i=11 pair=(5,3) lam_t=1.02143 lam_s=1.03571 tsr_diff=0.011242 integral_mean=0.002349 integral_std=0.019776 log_ratio=0.0000 accept=1.0000 swapped=True
i=12 pair=(1,0) lam_t=0.95000 lam_s=0.96429 tsr_diff=0.013839 integral_mean=-0.000019 integral_std=0.008452 log_ratio=-0.0459 accept=0.9552 swapped=True
i=12 pair=(7,6) lam_t=0.97857 lam_s=0.99286 tsr_diff=0.013131 integral_mean=-0.000179 integral_std=0.016324 log_ratio=-0.4308 accept=0.6500 swapped=False
i=12 pair=(2,3) lam_t=1.00714 lam_s=1.02143 tsr_diff=0.012476 integral_mean=0.001347 integral_std=0.014001 log_ratio=0.0000 accept=1.0000 swapped=True
i=12 pair=(5,4) lam_t=1.03571 lam_s=1.05000 tsr_diff=0.011868 integral_mean=0.001140 integral_std=0.033181 log_ratio=0.0000 accept=1.0000 swapped=True
i=13 pair=(1,7) lam_t=0.96429 lam_s=0.97857 tsr_diff=0.014342 integral_mean=0.001412 integral_std=0.015727 log_ratio=0.0000 accept=1.0000 swapped=True
i=13 pair=(6,3) lam_t=0.99286 lam_s=1.00714 tsr_diff=0.013574 integral_mean=0.000864 integral_std=0.012374 log_ratio=0.0000 accept=1.0000 swapped=True
i=13 pair=(2,4) lam_t=1.02143 lam_s=1.03571 tsr_diff=0.012866 integral_mean=-0.009741 integral_std=0.057084 log_ratio=-23.3779 accept=0.0000 swapped=False
i=14 pair=(0,7) lam_t=0.95000 lam_s=0.96429 tsr_diff=0.015346 integral_mean=0.005843 integral_std=0.021513 log_ratio=0.0000 accept=1.0000 swapped=True
i=14 pair=(1,3) lam_t=0.97857 lam_s=0.99286 tsr_diff=0.014482 integral_mean=0.001509 integral_std=0.008564 log_ratio=0.0000 accept=1.0000 swapped=True
i=14 pair=(6,2) lam_t=1.00714 lam_s=1.02143 tsr_diff=0.013689 integral_mean=0.002744 integral_std=0.055764 log_ratio=0.0000 accept=1.0000 swapped=True
i=14 pair=(4,5) lam_t=1.03571 lam_s=1.05000 tsr_diff=0.012959 integral_mean=-0.001931 integral_std=0.164522 log_ratio=-4.6336 accept=0.0097 swapped=False
Best Sample: 0 log probability 0.000
Saved 1 samples to: logs/pointmaze-giant-navigate-v0/inference/plans/release_H400_T256_LimitsNormalizer_b1_condFalse/2026-07-20 18:04:05/23/0.png
Saved 1 samples to: logs/pointmaze-giant-navigate-v0/inference/plans/release_H400_T256_LimitsNormalizer_b1_condFalse/2026-07-20 18:04:05/23/rollout.png
i=0 pair=(0,1) lam_t=0.95000 lam_s=0.96429 tsr_diff=0.000000 integral_mean=0.000000 integral_std=0.000000 log_ratio=0.0000 accept=1.0000 swapped=True
i=0 pair=(2,3) lam_t=0.97857 lam_s=0.99286 tsr_diff=0.000000 integral_mean=0.000000 integral_std=0.000000 log_ratio=0.0000 accept=1.0000 swapped=True
i=0 pair=(4,5) lam_t=1.00714 lam_s=1.02143 tsr_diff=0.000000 integral_mean=0.000000 integral_std=0.000000 log_ratio=0.0000 accept=1.0000 swapped=True
i=0 pair=(6,7) lam_t=1.03571 lam_s=1.05000 tsr_diff=0.000000 integral_mean=0.000000 integral_std=0.000000 log_ratio=0.0000 accept=1.0000 swapped=True
i=1 pair=(0,3) lam_t=0.96429 lam_s=0.97857 tsr_diff=0.000153 integral_mean=0.000003 integral_std=0.000152 log_ratio=0.0000 accept=1.0000 swapped=True
i=1 pair=(2,5) lam_t=0.99286 lam_s=1.00714 tsr_diff=0.000152 integral_mean=-0.000002 integral_std=0.000146 log_ratio=-0.0038 accept=0.9963 swapped=True
i=1 pair=(4,7) lam_t=1.02143 lam_s=1.03571 tsr_diff=0.000152 integral_mean=-0.000003 integral_std=0.000145 log_ratio=-0.0063 accept=0.9937 swapped=True
i=2 pair=(1,3) lam_t=0.95000 lam_s=0.96429 tsr_diff=0.000605 integral_mean=0.000045 integral_std=0.000625 log_ratio=0.0000 accept=1.0000 swapped=True
i=2 pair=(0,5) lam_t=0.97857 lam_s=0.99286 tsr_diff=0.000604 integral_mean=0.000006 integral_std=0.000578 log_ratio=0.0000 accept=1.0000 swapped=True
i=2 pair=(2,7) lam_t=1.00714 lam_s=1.02143 tsr_diff=0.000603 integral_mean=0.000013 integral_std=0.000630 log_ratio=0.0000 accept=1.0000 swapped=True
i=2 pair=(4,6) lam_t=1.03571 lam_s=1.05000 tsr_diff=0.000601 integral_mean=0.000020 integral_std=0.000532 log_ratio=0.0000 accept=1.0000 swapped=True
i=3 pair=(1,5) lam_t=0.96429 lam_s=0.97857 tsr_diff=0.001341 integral_mean=0.000011 integral_std=0.001388 log_ratio=0.0000 accept=1.0000 swapped=True
i=3 pair=(0,7) lam_t=0.99286 lam_s=1.00714 tsr_diff=0.001333 integral_mean=-0.000024 integral_std=0.001292 log_ratio=-0.0574 accept=0.9442 swapped=True
i=3 pair=(2,6) lam_t=1.02143 lam_s=1.03571 tsr_diff=0.001326 integral_mean=0.000020 integral_std=0.001290 log_ratio=0.0000 accept=1.0000 swapped=True
i=4 pair=(3,5) lam_t=0.95000 lam_s=0.96429 tsr_diff=0.002344 integral_mean=-0.000012 integral_std=0.002357 log_ratio=-0.0278 accept=0.9726 swapped=True
i=4 pair=(1,7) lam_t=0.97857 lam_s=0.99286 tsr_diff=0.002322 integral_mean=0.000007 integral_std=0.002243 log_ratio=0.0000 accept=1.0000 swapped=True
i=4 pair=(0,6) lam_t=1.00714 lam_s=1.02143 tsr_diff=0.002301 integral_mean=-0.000020 integral_std=0.002292 log_ratio=-0.0479 accept=0.9532 swapped=True
i=4 pair=(2,4) lam_t=1.03571 lam_s=1.05000 tsr_diff=0.002280 integral_mean=0.000105 integral_std=0.002361 log_ratio=0.0000 accept=1.0000 swapped=True
i=5 pair=(3,7) lam_t=0.96429 lam_s=0.97857 tsr_diff=0.003545 integral_mean=-0.000051 integral_std=0.003674 log_ratio=-0.1230 accept=0.8843 swapped=True
i=5 pair=(1,6) lam_t=0.99286 lam_s=1.00714 tsr_diff=0.003496 integral_mean=-0.000062 integral_std=0.003250 log_ratio=-0.1484 accept=0.8621 swapped=False
i=5 pair=(0,4) lam_t=1.02143 lam_s=1.03571 tsr_diff=0.003447 integral_mean=0.000002 integral_std=0.003227 log_ratio=0.0000 accept=1.0000 swapped=True
i=6 pair=(5,7) lam_t=0.95000 lam_s=0.96429 tsr_diff=0.004979 integral_mean=-0.000119 integral_std=0.004888 log_ratio=-0.2868 accept=0.7507 swapped=True
i=6 pair=(3,1) lam_t=0.97857 lam_s=0.99286 tsr_diff=0.004883 integral_mean=0.000089 integral_std=0.004646 log_ratio=0.0000 accept=1.0000 swapped=True
i=6 pair=(6,4) lam_t=1.00714 lam_s=1.02143 tsr_diff=0.004789 integral_mean=0.000073 integral_std=0.004723 log_ratio=0.0000 accept=1.0000 swapped=True
i=6 pair=(0,2) lam_t=1.03571 lam_s=1.05000 tsr_diff=0.004698 integral_mean=0.000118 integral_std=0.004459 log_ratio=0.0000 accept=1.0000 swapped=True
i=7 pair=(5,1) lam_t=0.96429 lam_s=0.97857 tsr_diff=0.006435 integral_mean=0.000255 integral_std=0.005557 log_ratio=0.0000 accept=1.0000 swapped=True
i=7 pair=(3,4) lam_t=0.99286 lam_s=1.00714 tsr_diff=0.006274 integral_mean=0.000175 integral_std=0.006169 log_ratio=0.0000 accept=1.0000 swapped=True
i=7 pair=(6,2) lam_t=1.02143 lam_s=1.03571 tsr_diff=0.006120 integral_mean=0.000049 integral_std=0.006010 log_ratio=0.0000 accept=1.0000 swapped=True
i=8 pair=(7,1) lam_t=0.95000 lam_s=0.96429 tsr_diff=0.008123 integral_mean=-0.000003 integral_std=0.007316 log_ratio=-0.0071 accept=0.9929 swapped=True
i=8 pair=(5,4) lam_t=0.97857 lam_s=0.99286 tsr_diff=0.007872 integral_mean=0.000155 integral_std=0.006643 log_ratio=0.0000 accept=1.0000 swapped=True
i=8 pair=(3,2) lam_t=1.00714 lam_s=1.02143 tsr_diff=0.007631 integral_mean=0.000391 integral_std=0.007033 log_ratio=0.0000 accept=1.0000 swapped=True
i=8 pair=(6,0) lam_t=1.03571 lam_s=1.05000 tsr_diff=0.007402 integral_mean=-0.000452 integral_std=0.007508 log_ratio=-1.0850 accept=0.3379 swapped=False
i=9 pair=(7,4) lam_t=0.96429 lam_s=0.97857 tsr_diff=0.009548 integral_mean=-0.000263 integral_std=0.009165 log_ratio=-0.6303 accept=0.5324 swapped=True
i=9 pair=(5,2) lam_t=0.99286 lam_s=1.00714 tsr_diff=0.009200 integral_mean=-0.000088 integral_std=0.009109 log_ratio=-0.2101 accept=0.8105 swapped=False
i=9 pair=(3,6) lam_t=1.02143 lam_s=1.03571 tsr_diff=0.008870 integral_mean=0.001095 integral_std=0.010188 log_ratio=0.0000 accept=1.0000 swapped=True
i=10 pair=(1,4) lam_t=0.95000 lam_s=0.96429 tsr_diff=0.011265 integral_mean=-0.000108 integral_std=0.009536 log_ratio=-0.2587 accept=0.7721 swapped=True
i=10 pair=(7,5) lam_t=0.97857 lam_s=0.99286 tsr_diff=0.010789 integral_mean=0.000278 integral_std=0.010077 log_ratio=0.0000 accept=1.0000 swapped=True
i=10 pair=(2,6) lam_t=1.00714 lam_s=1.02143 tsr_diff=0.010342 integral_mean=0.000228 integral_std=0.011610 log_ratio=0.0000 accept=1.0000 swapped=True
i=10 pair=(3,0) lam_t=1.03571 lam_s=1.05000 tsr_diff=0.009923 integral_mean=0.000150 integral_std=0.015031 log_ratio=0.0000 accept=1.0000 swapped=True
i=11 pair=(1,5) lam_t=0.96429 lam_s=0.97857 tsr_diff=0.012354 integral_mean=0.000014 integral_std=0.009145 log_ratio=0.0000 accept=1.0000 swapped=True
i=11 pair=(7,6) lam_t=0.99286 lam_s=1.00714 tsr_diff=0.011778 integral_mean=-0.000311 integral_std=0.015433 log_ratio=-0.7464 accept=0.4741 swapped=True
i=11 pair=(2,0) lam_t=1.02143 lam_s=1.03571 tsr_diff=0.011242 integral_mean=-0.000872 integral_std=0.014410 log_ratio=-2.0917 accept=0.1235 swapped=False
i=12 pair=(4,5) lam_t=0.95000 lam_s=0.96429 tsr_diff=0.013839 integral_mean=0.001138 integral_std=0.019147 log_ratio=0.0000 accept=1.0000 swapped=True
i=12 pair=(1,6) lam_t=0.97857 lam_s=0.99286 tsr_diff=0.013131 integral_mean=-0.000449 integral_std=0.018070 log_ratio=-1.0779 accept=0.3403 swapped=False
i=12 pair=(7,2) lam_t=1.00714 lam_s=1.02143 tsr_diff=0.012476 integral_mean=-0.000325 integral_std=0.017631 log_ratio=-0.7804 accept=0.4582 swapped=False
i=12 pair=(0,3) lam_t=1.03571 lam_s=1.05000 tsr_diff=0.011868 integral_mean=-0.000666 integral_std=0.026341 log_ratio=-1.5978 accept=0.2023 swapped=False
i=13 pair=(4,1) lam_t=0.96429 lam_s=0.97857 tsr_diff=0.014342 integral_mean=0.001693 integral_std=0.031798 log_ratio=0.0000 accept=1.0000 swapped=True
i=13 pair=(6,7) lam_t=0.99286 lam_s=1.00714 tsr_diff=0.013574 integral_mean=0.001874 integral_std=0.025726 log_ratio=0.0000 accept=1.0000 swapped=True
i=13 pair=(2,0) lam_t=1.02143 lam_s=1.03571 tsr_diff=0.012866 integral_mean=-0.002095 integral_std=0.034065 log_ratio=-5.0269 accept=0.0066 swapped=False
i=14 pair=(5,1) lam_t=0.95000 lam_s=0.96429 tsr_diff=0.015346 integral_mean=0.000872 integral_std=0.028770 log_ratio=0.0000 accept=1.0000 swapped=True
i=14 pair=(4,7) lam_t=0.97857 lam_s=0.99286 tsr_diff=0.014482 integral_mean=0.004524 integral_std=0.050238 log_ratio=0.0000 accept=1.0000 swapped=True
i=14 pair=(6,2) lam_t=1.00714 lam_s=1.02143 tsr_diff=0.013689 integral_mean=-0.003455 integral_std=0.053261 log_ratio=-8.2920 accept=0.0003 swapped=False
i=14 pair=(0,3) lam_t=1.03571 lam_s=1.05000 tsr_diff=0.012959 integral_mean=-0.004667 integral_std=0.225321 log_ratio=-11.2000 accept=0.0000 swapped=False
Best Sample: 7 log probability -1.165
Saved 1 samples to: logs/pointmaze-giant-navigate-v0/inference/plans/release_H400_T256_LimitsNormalizer_b1_condFalse/2026-07-20 18:04:05/24/0.png
Saved 1 samples to: logs/pointmaze-giant-navigate-v0/inference/plans/release_H400_T256_LimitsNormalizer_b1_condFalse/2026-07-20 18:04:05/24/rollout.png
i=0 pair=(0,1) lam_t=0.95000 lam_s=0.96429 tsr_diff=0.000000 integral_mean=0.000000 integral_std=0.000000 log_ratio=0.0000 accept=1.0000 swapped=True
i=0 pair=(2,3) lam_t=0.97857 lam_s=0.99286 tsr_diff=0.000000 integral_mean=0.000000 integral_std=0.000000 log_ratio=0.0000 accept=1.0000 swapped=True
i=0 pair=(4,5) lam_t=1.00714 lam_s=1.02143 tsr_diff=0.000000 integral_mean=0.000000 integral_std=0.000000 log_ratio=0.0000 accept=1.0000 swapped=True
i=0 pair=(6,7) lam_t=1.03571 lam_s=1.05000 tsr_diff=0.000000 integral_mean=0.000000 integral_std=0.000000 log_ratio=0.0000 accept=1.0000 swapped=True
i=1 pair=(0,3) lam_t=0.96429 lam_s=0.97857 tsr_diff=0.000153 integral_mean=0.000001 integral_std=0.000135 log_ratio=0.0000 accept=1.0000 swapped=True
i=1 pair=(2,5) lam_t=0.99286 lam_s=1.00714 tsr_diff=0.000152 integral_mean=0.000004 integral_std=0.000150 log_ratio=0.0000 accept=1.0000 swapped=True
i=1 pair=(4,7) lam_t=1.02143 lam_s=1.03571 tsr_diff=0.000152 integral_mean=0.000001 integral_std=0.000145 log_ratio=0.0000 accept=1.0000 swapped=True
i=2 pair=(1,3) lam_t=0.95000 lam_s=0.96429 tsr_diff=0.000605 integral_mean=0.000006 integral_std=0.000585 log_ratio=0.0000 accept=1.0000 swapped=True
i=2 pair=(0,5) lam_t=0.97857 lam_s=0.99286 tsr_diff=0.000604 integral_mean=-0.000014 integral_std=0.000607 log_ratio=-0.0330 accept=0.9675 swapped=True
i=2 pair=(2,7) lam_t=1.00714 lam_s=1.02143 tsr_diff=0.000603 integral_mean=-0.000029 integral_std=0.000868 log_ratio=-0.0693 accept=0.9331 swapped=True
i=2 pair=(4,6) lam_t=1.03571 lam_s=1.05000 tsr_diff=0.000601 integral_mean=-0.000046 integral_std=0.000631 log_ratio=-0.1109 accept=0.8951 swapped=True
i=3 pair=(1,5) lam_t=0.96429 lam_s=0.97857 tsr_diff=0.001341 integral_mean=-0.000012 integral_std=0.001291 log_ratio=-0.0294 accept=0.9710 swapped=True
i=3 pair=(0,7) lam_t=0.99286 lam_s=1.00714 tsr_diff=0.001333 integral_mean=-0.000052 integral_std=0.001469 log_ratio=-0.1258 accept=0.8818 swapped=True
i=3 pair=(2,6) lam_t=1.02143 lam_s=1.03571 tsr_diff=0.001326 integral_mean=0.000001 integral_std=0.001490 log_ratio=0.0000 accept=1.0000 swapped=True
i=4 pair=(3,5) lam_t=0.95000 lam_s=0.96429 tsr_diff=0.002344 integral_mean=-0.000045 integral_std=0.002333 log_ratio=-0.1081 accept=0.8975 swapped=True
i=4 pair=(1,7) lam_t=0.97857 lam_s=0.99286 tsr_diff=0.002322 integral_mean=-0.000176 integral_std=0.002371 log_ratio=-0.4217 accept=0.6559 swapped=True
i=4 pair=(0,6) lam_t=1.00714 lam_s=1.02143 tsr_diff=0.002301 integral_mean=0.000115 integral_std=0.002371 log_ratio=0.0000 accept=1.0000 swapped=True
i=4 pair=(2,4) lam_t=1.03571 lam_s=1.05000 tsr_diff=0.002280 integral_mean=0.000052 integral_std=0.002364 log_ratio=0.0000 accept=1.0000 swapped=True
i=5 pair=(3,7) lam_t=0.96429 lam_s=0.97857 tsr_diff=0.003545 integral_mean=-0.000062 integral_std=0.003361 log_ratio=-0.1481 accept=0.8624 swapped=True
i=5 pair=(1,6) lam_t=0.99286 lam_s=1.00714 tsr_diff=0.003496 integral_mean=-0.000180 integral_std=0.003503 log_ratio=-0.4331 accept=0.6485 swapped=True
i=5 pair=(0,4) lam_t=1.02143 lam_s=1.03571 tsr_diff=0.003447 integral_mean=0.000074 integral_std=0.003288 log_ratio=0.0000 accept=1.0000 swapped=True
i=6 pair=(5,7) lam_t=0.95000 lam_s=0.96429 tsr_diff=0.004979 integral_mean=0.000308 integral_std=0.005025 log_ratio=0.0000 accept=1.0000 swapped=True
i=6 pair=(3,6) lam_t=0.97857 lam_s=0.99286 tsr_diff=0.004883 integral_mean=-0.000369 integral_std=0.005140 log_ratio=-0.8854 accept=0.4126 swapped=True
i=6 pair=(1,4) lam_t=1.00714 lam_s=1.02143 tsr_diff=0.004789 integral_mean=-0.000040 integral_std=0.004418 log_ratio=-0.0951 accept=0.9093 swapped=True
i=6 pair=(0,2) lam_t=1.03571 lam_s=1.05000 tsr_diff=0.004698 integral_mean=-0.002204 integral_std=0.007989 log_ratio=-5.2896 accept=0.0050 swapped=False
i=7 pair=(5,6) lam_t=0.96429 lam_s=0.97857 tsr_diff=0.006435 integral_mean=-0.000058 integral_std=0.007523 log_ratio=-0.1388 accept=0.8704 swapped=True
i=7 pair=(3,4) lam_t=0.99286 lam_s=1.00714 tsr_diff=0.006274 integral_mean=0.000089 integral_std=0.005605 log_ratio=0.0000 accept=1.0000 swapped=True
i=7 pair=(1,0) lam_t=1.02143 lam_s=1.03571 tsr_diff=0.006120 integral_mean=0.000234 integral_std=0.005374 log_ratio=0.0000 accept=1.0000 swapped=True
i=8 pair=(7,6) lam_t=0.95000 lam_s=0.96429 tsr_diff=0.008123 integral_mean=0.000051 integral_std=0.008337 log_ratio=0.0000 accept=1.0000 swapped=True
i=8 pair=(5,4) lam_t=0.97857 lam_s=0.99286 tsr_diff=0.007872 integral_mean=0.000603 integral_std=0.007747 log_ratio=0.0000 accept=1.0000 swapped=True
i=8 pair=(3,0) lam_t=1.00714 lam_s=1.02143 tsr_diff=0.007631 integral_mean=0.000290 integral_std=0.006473 log_ratio=0.0000 accept=1.0000 swapped=True
i=8 pair=(1,2) lam_t=1.03571 lam_s=1.05000 tsr_diff=0.007402 integral_mean=-0.000843 integral_std=0.007416 log_ratio=-2.0240 accept=0.1321 swapped=True
i=9 pair=(7,4) lam_t=0.96429 lam_s=0.97857 tsr_diff=0.009548 integral_mean=0.000501 integral_std=0.010396 log_ratio=0.0000 accept=1.0000 swapped=True
i=9 pair=(5,0) lam_t=0.99286 lam_s=1.00714 tsr_diff=0.009200 integral_mean=0.000422 integral_std=0.009317 log_ratio=0.0000 accept=1.0000 swapped=True
i=9 pair=(3,2) lam_t=1.02143 lam_s=1.03571 tsr_diff=0.008870 integral_mean=-0.000460 integral_std=0.007527 log_ratio=-1.1052 accept=0.3312 swapped=False
i=10 pair=(6,4) lam_t=0.95000 lam_s=0.96429 tsr_diff=0.011265 integral_mean=0.000773 integral_std=0.011719 log_ratio=0.0000 accept=1.0000 swapped=True
i=10 pair=(7,0) lam_t=0.97857 lam_s=0.99286 tsr_diff=0.010789 integral_mean=0.001233 integral_std=0.012438 log_ratio=0.0000 accept=1.0000 swapped=True
i=10 pair=(5,3) lam_t=1.00714 lam_s=1.02143 tsr_diff=0.010342 integral_mean=0.000548 integral_std=0.011208 log_ratio=0.0000 accept=1.0000 swapped=True
i=10 pair=(2,1) lam_t=1.03571 lam_s=1.05000 tsr_diff=0.009923 integral_mean=0.000417 integral_std=0.009827 log_ratio=0.0000 accept=1.0000 swapped=True
i=11 pair=(6,0) lam_t=0.96429 lam_s=0.97857 tsr_diff=0.012354 integral_mean=0.001465 integral_std=0.017152 log_ratio=0.0000 accept=1.0000 swapped=True
i=11 pair=(7,3) lam_t=0.99286 lam_s=1.00714 tsr_diff=0.011778 integral_mean=0.003287 integral_std=0.024647 log_ratio=0.0000 accept=1.0000 swapped=True
i=11 pair=(5,1) lam_t=1.02143 lam_s=1.03571 tsr_diff=0.011242 integral_mean=0.000930 integral_std=0.014308 log_ratio=0.0000 accept=1.0000 swapped=True
i=12 pair=(4,0) lam_t=0.95000 lam_s=0.96429 tsr_diff=0.013839 integral_mean=0.000300 integral_std=0.016475 log_ratio=0.0000 accept=1.0000 swapped=True
i=12 pair=(6,3) lam_t=0.97857 lam_s=0.99286 tsr_diff=0.013131 integral_mean=0.003633 integral_std=0.027946 log_ratio=0.0000 accept=1.0000 swapped=True
i=12 pair=(7,1) lam_t=1.00714 lam_s=1.02143 tsr_diff=0.012476 integral_mean=0.000949 integral_std=0.014285 log_ratio=0.0000 accept=1.0000 swapped=True
i=12 pair=(5,2) lam_t=1.03571 lam_s=1.05000 tsr_diff=0.011868 integral_mean=-0.001666 integral_std=0.018923 log_ratio=-3.9992 accept=0.0183 swapped=False
i=13 pair=(4,3) lam_t=0.96429 lam_s=0.97857 tsr_diff=0.014342 integral_mean=0.000958 integral_std=0.016404 log_ratio=0.0000 accept=1.0000 swapped=True
i=13 pair=(6,1) lam_t=0.99286 lam_s=1.00714 tsr_diff=0.013574 integral_mean=0.004531 integral_std=0.038935 log_ratio=0.0000 accept=1.0000 swapped=True
i=13 pair=(7,5) lam_t=1.02143 lam_s=1.03571 tsr_diff=0.012866 integral_mean=-0.001365 integral_std=0.019970 log_ratio=-3.2764 accept=0.0378 swapped=False
i=14 pair=(0,3) lam_t=0.95000 lam_s=0.96429 tsr_diff=0.015346 integral_mean=0.001514 integral_std=0.038871 log_ratio=0.0000 accept=1.0000 swapped=True
i=14 pair=(4,1) lam_t=0.97857 lam_s=0.99286 tsr_diff=0.014482 integral_mean=0.002589 integral_std=0.023699 log_ratio=0.0000 accept=1.0000 swapped=True
i=14 pair=(6,7) lam_t=1.00714 lam_s=1.02143 tsr_diff=0.013689 integral_mean=0.011441 integral_std=0.087853 log_ratio=0.0000 accept=1.0000 swapped=True
i=14 pair=(5,2) lam_t=1.03571 lam_s=1.05000 tsr_diff=0.012959 integral_mean=0.002768 integral_std=0.063923 log_ratio=0.0000 accept=1.0000 swapped=True
Best Sample: 3 log probability 0.000
Saved 1 samples to: logs/pointmaze-giant-navigate-v0/inference/plans/release_H400_T256_LimitsNormalizer_b1_condFalse/2026-07-20 18:04:05/25/0.png
Saved 1 samples to: logs/pointmaze-giant-navigate-v0/inference/plans/release_H400_T256_LimitsNormalizer_b1_condFalse/2026-07-20 18:04:05/25/rollout.png
i=0 pair=(0,1) lam_t=0.95000 lam_s=0.96429 tsr_diff=0.000000 integral_mean=0.000000 integral_std=0.000000 log_ratio=0.0000 accept=1.0000 swapped=True
i=0 pair=(2,3) lam_t=0.97857 lam_s=0.99286 tsr_diff=0.000000 integral_mean=0.000000 integral_std=0.000000 log_ratio=0.0000 accept=1.0000 swapped=True
i=0 pair=(4,5) lam_t=1.00714 lam_s=1.02143 tsr_diff=0.000000 integral_mean=0.000000 integral_std=0.000000 log_ratio=0.0000 accept=1.0000 swapped=True
i=0 pair=(6,7) lam_t=1.03571 lam_s=1.05000 tsr_diff=0.000000 integral_mean=0.000000 integral_std=0.000000 log_ratio=0.0000 accept=1.0000 swapped=True
i=1 pair=(0,3) lam_t=0.96429 lam_s=0.97857 tsr_diff=0.000153 integral_mean=-0.000004 integral_std=0.000149 log_ratio=-0.0105 accept=0.9895 swapped=True
i=1 pair=(2,5) lam_t=0.99286 lam_s=1.00714 tsr_diff=0.000152 integral_mean=-0.000004 integral_std=0.000148 log_ratio=-0.0096 accept=0.9904 swapped=True
i=1 pair=(4,7) lam_t=1.02143 lam_s=1.03571 tsr_diff=0.000152 integral_mean=-0.000035 integral_std=0.000195 log_ratio=-0.0834 accept=0.9200 swapped=True
i=2 pair=(1,3) lam_t=0.95000 lam_s=0.96429 tsr_diff=0.000605 integral_mean=-0.000015 integral_std=0.000606 log_ratio=-0.0352 accept=0.9654 swapped=True
i=2 pair=(0,5) lam_t=0.97857 lam_s=0.99286 tsr_diff=0.000604 integral_mean=0.000021 integral_std=0.000582 log_ratio=0.0000 accept=1.0000 swapped=True
i=2 pair=(2,7) lam_t=1.00714 lam_s=1.02143 tsr_diff=0.000603 integral_mean=-0.000021 integral_std=0.000635 log_ratio=-0.0508 accept=0.9505 swapped=False
i=2 pair=(4,6) lam_t=1.03571 lam_s=1.05000 tsr_diff=0.000601 integral_mean=0.000002 integral_std=0.000585 log_ratio=0.0000 accept=1.0000 swapped=True
i=3 pair=(1,5) lam_t=0.96429 lam_s=0.97857 tsr_diff=0.001341 integral_mean=-0.000009 integral_std=0.001274 log_ratio=-0.0205 accept=0.9798 swapped=True
i=3 pair=(0,2) lam_t=0.99286 lam_s=1.00714 tsr_diff=0.001333 integral_mean=0.000025 integral_std=0.001310 log_ratio=0.0000 accept=1.0000 swapped=True
i=3 pair=(7,6) lam_t=1.02143 lam_s=1.03571 tsr_diff=0.001326 integral_mean=-0.000226 integral_std=0.001632 log_ratio=-0.5415 accept=0.5819 swapped=True
i=4 pair=(3,5) lam_t=0.95000 lam_s=0.96429 tsr_diff=0.002344 integral_mean=0.000001 integral_std=0.002221 log_ratio=0.0000 accept=1.0000 swapped=True
i=4 pair=(1,2) lam_t=0.97857 lam_s=0.99286 tsr_diff=0.002322 integral_mean=-0.000299 integral_std=0.002614 log_ratio=-0.7172 accept=0.4881 swapped=True
i=4 pair=(0,6) lam_t=1.00714 lam_s=1.02143 tsr_diff=0.002301 integral_mean=-0.000094 integral_std=0.002245 log_ratio=-0.2263 accept=0.7975 swapped=True
i=4 pair=(7,4) lam_t=1.03571 lam_s=1.05000 tsr_diff=0.002280 integral_mean=-0.000010 integral_std=0.002197 log_ratio=-0.0234 accept=0.9769 swapped=True
i=5 pair=(3,2) lam_t=0.96429 lam_s=0.97857 tsr_diff=0.003545 integral_mean=-0.000977 integral_std=0.004337 log_ratio=-2.3437 accept=0.0960 swapped=False
i=5 pair=(1,6) lam_t=0.99286 lam_s=1.00714 tsr_diff=0.003496 integral_mean=-0.000111 integral_std=0.003418 log_ratio=-0.2670 accept=0.7656 swapped=False
i=5 pair=(0,4) lam_t=1.02143 lam_s=1.03571 tsr_diff=0.003447 integral_mean=0.000046 integral_std=0.003245 log_ratio=0.0000 accept=1.0000 swapped=True
i=6 pair=(5,3) lam_t=0.95000 lam_s=0.96429 tsr_diff=0.004979 integral_mean=-0.000098 integral_std=0.004377 log_ratio=-0.2359 accept=0.7899 swapped=False
i=6 pair=(2,1) lam_t=0.97857 lam_s=0.99286 tsr_diff=0.004883 integral_mean=0.000597 integral_std=0.005398 log_ratio=0.0000 accept=1.0000 swapped=True
i=6 pair=(6,4) lam_t=1.00714 lam_s=1.02143 tsr_diff=0.004789 integral_mean=0.000214 integral_std=0.004546 log_ratio=0.0000 accept=1.0000 swapped=True
i=6 pair=(0,7) lam_t=1.03571 lam_s=1.05000 tsr_diff=0.004698 integral_mean=-0.000133 integral_std=0.004480 log_ratio=-0.3181 accept=0.7275 swapped=True
i=7 pair=(3,1) lam_t=0.96429 lam_s=0.97857 tsr_diff=0.006435 integral_mean=-0.000078 integral_std=0.005466 log_ratio=-0.1883 accept=0.8284 swapped=True
i=7 pair=(2,4) lam_t=0.99286 lam_s=1.00714 tsr_diff=0.006274 integral_mean=0.000409 integral_std=0.006135 log_ratio=0.0000 accept=1.0000 swapped=True
i=7 pair=(6,7) lam_t=1.02143 lam_s=1.03571 tsr_diff=0.006120 integral_mean=-0.000054 integral_std=0.006838 log_ratio=-0.1306 accept=0.8776 swapped=False
i=8 pair=(5,1) lam_t=0.95000 lam_s=0.96429 tsr_diff=0.008123 integral_mean=-0.000068 integral_std=0.006619 log_ratio=-0.1636 accept=0.8491 swapped=True
i=8 pair=(3,4) lam_t=0.97857 lam_s=0.99286 tsr_diff=0.007872 integral_mean=0.000025 integral_std=0.007507 log_ratio=0.0000 accept=1.0000 swapped=True
i=8 pair=(2,6) lam_t=1.00714 lam_s=1.02143 tsr_diff=0.007631 integral_mean=0.000255 integral_std=0.007073 log_ratio=0.0000 accept=1.0000 swapped=True
i=8 pair=(7,0) lam_t=1.03571 lam_s=1.05000 tsr_diff=0.007402 integral_mean=0.000014 integral_std=0.006481 log_ratio=0.0000 accept=1.0000 swapped=True
i=9 pair=(5,4) lam_t=0.96429 lam_s=0.97857 tsr_diff=0.009548 integral_mean=0.000132 integral_std=0.010078 log_ratio=0.0000 accept=1.0000 swapped=True
i=9 pair=(3,6) lam_t=0.99286 lam_s=1.00714 tsr_diff=0.009200 integral_mean=-0.000190 integral_std=0.009572 log_ratio=-0.4569 accept=0.6332 swapped=False
i=9 pair=(2,0) lam_t=1.02143 lam_s=1.03571 tsr_diff=0.008870 integral_mean=0.000343 integral_std=0.009105 log_ratio=0.0000 accept=1.0000 swapped=True
i=10 pair=(1,4) lam_t=0.95000 lam_s=0.96429 tsr_diff=0.011265 integral_mean=0.000588 integral_std=0.012022 log_ratio=0.0000 accept=1.0000 swapped=True
i=10 pair=(5,3) lam_t=0.97857 lam_s=0.99286 tsr_diff=0.010789 integral_mean=0.000019 integral_std=0.009031 log_ratio=0.0000 accept=1.0000 swapped=True
i=10 pair=(6,0) lam_t=1.00714 lam_s=1.02143 tsr_diff=0.010342 integral_mean=-0.000007 integral_std=0.010987 log_ratio=-0.0167 accept=0.9834 swapped=True
i=10 pair=(2,7) lam_t=1.03571 lam_s=1.05000 tsr_diff=0.009923 integral_mean=-0.000194 integral_std=0.010883 log_ratio=-0.4662 accept=0.6274 swapped=True
i=11 pair=(1,3) lam_t=0.96429 lam_s=0.97857 tsr_diff=0.012354 integral_mean=-0.000509 integral_std=0.010557 log_ratio=-1.2208 accept=0.2950 swapped=True
i=11 pair=(5,0) lam_t=0.99286 lam_s=1.00714 tsr_diff=0.011778 integral_mean=0.000082 integral_std=0.009189 log_ratio=0.0000 accept=1.0000 swapped=True
i=11 pair=(6,7) lam_t=1.02143 lam_s=1.03571 tsr_diff=0.011242 integral_mean=-0.001227 integral_std=0.013844 log_ratio=-2.9445 accept=0.0526 swapped=False
i=12 pair=(4,3) lam_t=0.95000 lam_s=0.96429 tsr_diff=0.013839 integral_mean=0.000108 integral_std=0.023104 log_ratio=0.0000 accept=1.0000 swapped=True
i=12 pair=(1,0) lam_t=0.97857 lam_s=0.99286 tsr_diff=0.013131 integral_mean=-0.000437 integral_std=0.009822 log_ratio=-1.0482 accept=0.3506 swapped=True
i=12 pair=(5,6) lam_t=1.00714 lam_s=1.02143 tsr_diff=0.012476 integral_mean=-0.000129 integral_std=0.014240 log_ratio=-0.3092 accept=0.7340 swapped=False
i=12 pair=(7,2) lam_t=1.03571 lam_s=1.05000 tsr_diff=0.011868 integral_mean=0.002669 integral_std=0.021339 log_ratio=0.0000 accept=1.0000 swapped=True
i=13 pair=(4,0) lam_t=0.96429 lam_s=0.97857 tsr_diff=0.014342 integral_mean=0.000720 integral_std=0.024919 log_ratio=0.0000 accept=1.0000 swapped=True
i=13 pair=(1,5) lam_t=0.99286 lam_s=1.00714 tsr_diff=0.013574 integral_mean=0.000069 integral_std=0.007581 log_ratio=0.0000 accept=1.0000 swapped=True
i=13 pair=(6,2) lam_t=1.02143 lam_s=1.03571 tsr_diff=0.012866 integral_mean=-0.000091 integral_std=0.014557 log_ratio=-0.2181 accept=0.8040 swapped=False
i=14 pair=(3,0) lam_t=0.95000 lam_s=0.96429 tsr_diff=0.015346 integral_mean=0.002676 integral_std=0.027944 log_ratio=0.0000 accept=1.0000 swapped=True
i=14 pair=(4,5) lam_t=0.97857 lam_s=0.99286 tsr_diff=0.014482 integral_mean=0.003206 integral_std=0.051234 log_ratio=0.0000 accept=1.0000 swapped=True
i=14 pair=(1,6) lam_t=1.00714 lam_s=1.02143 tsr_diff=0.013689 integral_mean=-0.000964 integral_std=0.022584 log_ratio=-2.3147 accept=0.0988 swapped=False
i=14 pair=(2,7) lam_t=1.03571 lam_s=1.05000 tsr_diff=0.012959 integral_mean=-0.008732 integral_std=0.070827 log_ratio=-20.9570 accept=0.0000 swapped=False
Best Sample: 0 log probability -0.052
Saved 1 samples to: logs/pointmaze-giant-navigate-v0/inference/plans/release_H400_T256_LimitsNormalizer_b1_condFalse/2026-07-20 18:04:05/26/0.png
Saved 1 samples to: logs/pointmaze-giant-navigate-v0/inference/plans/release_H400_T256_LimitsNormalizer_b1_condFalse/2026-07-20 18:04:05/26/rollout.png
i=0 pair=(0,1) lam_t=0.95000 lam_s=0.96429 tsr_diff=0.000000 integral_mean=0.000000 integral_std=0.000000 log_ratio=0.0000 accept=1.0000 swapped=True
i=0 pair=(2,3) lam_t=0.97857 lam_s=0.99286 tsr_diff=0.000000 integral_mean=0.000000 integral_std=0.000000 log_ratio=0.0000 accept=1.0000 swapped=True
i=0 pair=(4,5) lam_t=1.00714 lam_s=1.02143 tsr_diff=0.000000 integral_mean=0.000000 integral_std=0.000000 log_ratio=0.0000 accept=1.0000 swapped=True
i=0 pair=(6,7) lam_t=1.03571 lam_s=1.05000 tsr_diff=0.000000 integral_mean=0.000000 integral_std=0.000000 log_ratio=0.0000 accept=1.0000 swapped=True
i=1 pair=(0,3) lam_t=0.96429 lam_s=0.97857 tsr_diff=0.000153 integral_mean=-0.000008 integral_std=0.000152 log_ratio=-0.0187 accept=0.9815 swapped=True
i=1 pair=(2,5) lam_t=0.99286 lam_s=1.00714 tsr_diff=0.000152 integral_mean=-0.000003 integral_std=0.000152 log_ratio=-0.0074 accept=0.9926 swapped=True
i=1 pair=(4,7) lam_t=1.02143 lam_s=1.03571 tsr_diff=0.000152 integral_mean=-0.000002 integral_std=0.000164 log_ratio=-0.0053 accept=0.9947 swapped=True
i=2 pair=(1,3) lam_t=0.95000 lam_s=0.96429 tsr_diff=0.000605 integral_mean=0.000002 integral_std=0.000631 log_ratio=0.0000 accept=1.0000 swapped=True
i=2 pair=(0,5) lam_t=0.97857 lam_s=0.99286 tsr_diff=0.000604 integral_mean=-0.000024 integral_std=0.000631 log_ratio=-0.0571 accept=0.9445 swapped=True
i=2 pair=(2,7) lam_t=1.00714 lam_s=1.02143 tsr_diff=0.000603 integral_mean=-0.000001 integral_std=0.000597 log_ratio=-0.0035 accept=0.9965 swapped=True
i=2 pair=(4,6) lam_t=1.03571 lam_s=1.05000 tsr_diff=0.000601 integral_mean=0.000005 integral_std=0.000589 log_ratio=0.0000 accept=1.0000 swapped=True
i=3 pair=(1,5) lam_t=0.96429 lam_s=0.97857 tsr_diff=0.001341 integral_mean=-0.000054 integral_std=0.001359 log_ratio=-0.1308 accept=0.8774 swapped=True
i=3 pair=(0,7) lam_t=0.99286 lam_s=1.00714 tsr_diff=0.001333 integral_mean=-0.000003 integral_std=0.001256 log_ratio=-0.0078 accept=0.9922 swapped=True
i=3 pair=(2,6) lam_t=1.02143 lam_s=1.03571 tsr_diff=0.001326 integral_mean=-0.000029 integral_std=0.001300 log_ratio=-0.0693 accept=0.9330 swapped=False
i=4 pair=(3,5) lam_t=0.95000 lam_s=0.96429 tsr_diff=0.002344 integral_mean=-0.000080 integral_std=0.002254 log_ratio=-0.1911 accept=0.8261 swapped=True
i=4 pair=(1,7) lam_t=0.97857 lam_s=0.99286 tsr_diff=0.002322 integral_mean=0.000395 integral_std=0.002645 log_ratio=0.0000 accept=1.0000 swapped=True
i=4 pair=(0,2) lam_t=1.00714 lam_s=1.02143 tsr_diff=0.002301 integral_mean=-0.000005 integral_std=0.002128 log_ratio=-0.0125 accept=0.9876 swapped=True
i=4 pair=(6,4) lam_t=1.03571 lam_s=1.05000 tsr_diff=0.002280 integral_mean=-0.000017 integral_std=0.002309 log_ratio=-0.0419 accept=0.9589 swapped=True
i=5 pair=(3,7) lam_t=0.96429 lam_s=0.97857 tsr_diff=0.003545 integral_mean=0.000007 integral_std=0.003329 log_ratio=0.0000 accept=1.0000 swapped=True
i=5 pair=(1,2) lam_t=0.99286 lam_s=1.00714 tsr_diff=0.003496 integral_mean=0.000229 integral_std=0.003518 log_ratio=0.0000 accept=1.0000 swapped=True
i=5 pair=(0,4) lam_t=1.02143 lam_s=1.03571 tsr_diff=0.003447 integral_mean=-0.000160 integral_std=0.003368 log_ratio=-0.3829 accept=0.6818 swapped=True
i=6 pair=(5,7) lam_t=0.95000 lam_s=0.96429 tsr_diff=0.004979 integral_mean=0.000278 integral_std=0.004741 log_ratio=0.0000 accept=1.0000 swapped=True
i=6 pair=(3,2) lam_t=0.97857 lam_s=0.99286 tsr_diff=0.004883 integral_mean=-0.000175 integral_std=0.004291 log_ratio=-0.4212 accept=0.6563 swapped=False
i=6 pair=(1,4) lam_t=1.00714 lam_s=1.02143 tsr_diff=0.004789 integral_mean=0.000187 integral_std=0.004530 log_ratio=0.0000 accept=1.0000 swapped=True
i=6 pair=(0,6) lam_t=1.03571 lam_s=1.05000 tsr_diff=0.004698 integral_mean=0.000274 integral_std=0.004586 log_ratio=0.0000 accept=1.0000 swapped=True
i=7 pair=(5,3) lam_t=0.96429 lam_s=0.97857 tsr_diff=0.006435 integral_mean=0.000105 integral_std=0.006178 log_ratio=0.0000 accept=1.0000 swapped=True
i=7 pair=(2,4) lam_t=0.99286 lam_s=1.00714 tsr_diff=0.006274 integral_mean=0.000083 integral_std=0.006175 log_ratio=0.0000 accept=1.0000 swapped=True
i=7 pair=(1,6) lam_t=1.02143 lam_s=1.03571 tsr_diff=0.006120 integral_mean=0.000205 integral_std=0.005582 log_ratio=0.0000 accept=1.0000 swapped=True
i=8 pair=(7,3) lam_t=0.95000 lam_s=0.96429 tsr_diff=0.008123 integral_mean=-0.000021 integral_std=0.007594 log_ratio=-0.0493 accept=0.9519 swapped=True
i=8 pair=(5,4) lam_t=0.97857 lam_s=0.99286 tsr_diff=0.007872 integral_mean=0.000513 integral_std=0.007337 log_ratio=0.0000 accept=1.0000 swapped=True
i=8 pair=(2,6) lam_t=1.00714 lam_s=1.02143 tsr_diff=0.007631 integral_mean=0.000050 integral_std=0.007609 log_ratio=0.0000 accept=1.0000 swapped=True
i=8 pair=(1,0) lam_t=1.03571 lam_s=1.05000 tsr_diff=0.007402 integral_mean=-0.000167 integral_std=0.008637 log_ratio=-0.4020 accept=0.6690 swapped=False
i=9 pair=(7,4) lam_t=0.96429 lam_s=0.97857 tsr_diff=0.009548 integral_mean=0.000196 integral_std=0.010218 log_ratio=0.0000 accept=1.0000 swapped=True
i=9 pair=(5,6) lam_t=0.99286 lam_s=1.00714 tsr_diff=0.009200 integral_mean=0.000020 integral_std=0.009936 log_ratio=0.0000 accept=1.0000 swapped=True
i=9 pair=(2,1) lam_t=1.02143 lam_s=1.03571 tsr_diff=0.008870 integral_mean=-0.000020 integral_std=0.009046 log_ratio=-0.0478 accept=0.9533 swapped=True
i=10 pair=(3,4) lam_t=0.95000 lam_s=0.96429 tsr_diff=0.011265 integral_mean=-0.000014 integral_std=0.011411 log_ratio=-0.0325 accept=0.9680 swapped=True
i=10 pair=(7,6) lam_t=0.97857 lam_s=0.99286 tsr_diff=0.010789 integral_mean=0.000548 integral_std=0.012328 log_ratio=0.0000 accept=1.0000 swapped=True
i=10 pair=(5,1) lam_t=1.00714 lam_s=1.02143 tsr_diff=0.010342 integral_mean=0.000894 integral_std=0.014471 log_ratio=0.0000 accept=1.0000 swapped=True
i=10 pair=(2,0) lam_t=1.03571 lam_s=1.05000 tsr_diff=0.009923 integral_mean=-0.000064 integral_std=0.010028 log_ratio=-0.1539 accept=0.8573 swapped=False
i=11 pair=(3,6) lam_t=0.96429 lam_s=0.97857 tsr_diff=0.012354 integral_mean=0.000462 integral_std=0.015310 log_ratio=0.0000 accept=1.0000 swapped=True
i=11 pair=(7,1) lam_t=0.99286 lam_s=1.00714 tsr_diff=0.011778 integral_mean=0.001436 integral_std=0.017065 log_ratio=0.0000 accept=1.0000 swapped=True
i=11 pair=(5,2) lam_t=1.02143 lam_s=1.03571 tsr_diff=0.011242 integral_mean=0.000575 integral_std=0.012772 log_ratio=0.0000 accept=1.0000 swapped=True
i=12 pair=(4,6) lam_t=0.95000 lam_s=0.96429 tsr_diff=0.013839 integral_mean=-0.000690 integral_std=0.019198 log_ratio=-1.6568 accept=0.1907 swapped=True
i=12 pair=(3,1) lam_t=0.97857 lam_s=0.99286 tsr_diff=0.013131 integral_mean=0.000788 integral_std=0.016973 log_ratio=0.0000 accept=1.0000 swapped=True
i=12 pair=(7,2) lam_t=1.00714 lam_s=1.02143 tsr_diff=0.012476 integral_mean=0.000188 integral_std=0.015200 log_ratio=0.0000 accept=1.0000 swapped=True
i=12 pair=(5,0) lam_t=1.03571 lam_s=1.05000 tsr_diff=0.011868 integral_mean=0.000124 integral_std=0.017185 log_ratio=0.0000 accept=1.0000 swapped=True
i=13 pair=(4,1) lam_t=0.96429 lam_s=0.97857 tsr_diff=0.014342 integral_mean=0.000571 integral_std=0.017305 log_ratio=0.0000 accept=1.0000 swapped=True
i=13 pair=(3,2) lam_t=0.99286 lam_s=1.00714 tsr_diff=0.013574 integral_mean=-0.001377 integral_std=0.023196 log_ratio=-3.3055 accept=0.0367 swapped=False
i=13 pair=(7,0) lam_t=1.02143 lam_s=1.03571 tsr_diff=0.012866 integral_mean=-0.000313 integral_std=0.024060 log_ratio=-0.7517 accept=0.4716 swapped=True
i=14 pair=(6,1) lam_t=0.95000 lam_s=0.96429 tsr_diff=0.015346 integral_mean=0.002713 integral_std=0.053135 log_ratio=0.0000 accept=1.0000 swapped=True
i=14 pair=(4,3) lam_t=0.97857 lam_s=0.99286 tsr_diff=0.014482 integral_mean=0.001317 integral_std=0.025594 log_ratio=0.0000 accept=1.0000 swapped=True
i=14 pair=(2,0) lam_t=1.00714 lam_s=1.02143 tsr_diff=0.013689 integral_mean=0.000574 integral_std=0.069182 log_ratio=0.0000 accept=1.0000 swapped=True
i=14 pair=(7,5) lam_t=1.03571 lam_s=1.05000 tsr_diff=0.012959 integral_mean=-0.003237 integral_std=0.084351 log_ratio=-7.7687 accept=0.0004 swapped=False
Best Sample: 3 log probability -0.024
Saved 1 samples to: logs/pointmaze-giant-navigate-v0/inference/plans/release_H400_T256_LimitsNormalizer_b1_condFalse/2026-07-20 18:04:05/27/0.png
Saved 1 samples to: logs/pointmaze-giant-navigate-v0/inference/plans/release_H400_T256_LimitsNormalizer_b1_condFalse/2026-07-20 18:04:05/27/rollout.png
i=0 pair=(0,1) lam_t=0.95000 lam_s=0.96429 tsr_diff=0.000000 integral_mean=0.000000 integral_std=0.000000 log_ratio=0.0000 accept=1.0000 swapped=True
i=0 pair=(2,3) lam_t=0.97857 lam_s=0.99286 tsr_diff=0.000000 integral_mean=0.000000 integral_std=0.000000 log_ratio=0.0000 accept=1.0000 swapped=True
i=0 pair=(4,5) lam_t=1.00714 lam_s=1.02143 tsr_diff=0.000000 integral_mean=0.000000 integral_std=0.000000 log_ratio=0.0000 accept=1.0000 swapped=True
i=0 pair=(6,7) lam_t=1.03571 lam_s=1.05000 tsr_diff=0.000000 integral_mean=0.000000 integral_std=0.000000 log_ratio=0.0000 accept=1.0000 swapped=True
i=1 pair=(0,3) lam_t=0.96429 lam_s=0.97857 tsr_diff=0.000153 integral_mean=0.000011 integral_std=0.000169 log_ratio=0.0000 accept=1.0000 swapped=True
i=1 pair=(2,5) lam_t=0.99286 lam_s=1.00714 tsr_diff=0.000152 integral_mean=-0.000001 integral_std=0.000157 log_ratio=-0.0020 accept=0.9980 swapped=True
i=1 pair=(4,7) lam_t=1.02143 lam_s=1.03571 tsr_diff=0.000152 integral_mean=-0.000011 integral_std=0.000162 log_ratio=-0.0270 accept=0.9733 swapped=True
i=2 pair=(1,3) lam_t=0.95000 lam_s=0.96429 tsr_diff=0.000605 integral_mean=0.000008 integral_std=0.000611 log_ratio=0.0000 accept=1.0000 swapped=True
i=2 pair=(0,5) lam_t=0.97857 lam_s=0.99286 tsr_diff=0.000604 integral_mean=0.000042 integral_std=0.000634 log_ratio=0.0000 accept=1.0000 swapped=True
i=2 pair=(2,7) lam_t=1.00714 lam_s=1.02143 tsr_diff=0.000603 integral_mean=-0.000009 integral_std=0.000641 log_ratio=-0.0212 accept=0.9791 swapped=True
i=2 pair=(4,6) lam_t=1.03571 lam_s=1.05000 tsr_diff=0.000601 integral_mean=-0.000008 integral_std=0.000613 log_ratio=-0.0184 accept=0.9818 swapped=True
i=3 pair=(1,5) lam_t=0.96429 lam_s=0.97857 tsr_diff=0.001341 integral_mean=-0.000010 integral_std=0.001272 log_ratio=-0.0244 accept=0.9759 swapped=True
i=3 pair=(0,7) lam_t=0.99286 lam_s=1.00714 tsr_diff=0.001333 integral_mean=0.000024 integral_std=0.001307 log_ratio=0.0000 accept=1.0000 swapped=True
i=3 pair=(2,6) lam_t=1.02143 lam_s=1.03571 tsr_diff=0.001326 integral_mean=0.000192 integral_std=0.001710 log_ratio=0.0000 accept=1.0000 swapped=True
i=4 pair=(3,5) lam_t=0.95000 lam_s=0.96429 tsr_diff=0.002344 integral_mean=0.000154 integral_std=0.002250 log_ratio=0.0000 accept=1.0000 swapped=True
i=4 pair=(1,7) lam_t=0.97857 lam_s=0.99286 tsr_diff=0.002322 integral_mean=-0.000191 integral_std=0.002377 log_ratio=-0.4576 accept=0.6328 swapped=False
i=4 pair=(0,6) lam_t=1.00714 lam_s=1.02143 tsr_diff=0.002301 integral_mean=0.000069 integral_std=0.002493 log_ratio=0.0000 accept=1.0000 swapped=True
i=4 pair=(2,4) lam_t=1.03571 lam_s=1.05000 tsr_diff=0.002280 integral_mean=0.000287 integral_std=0.002996 log_ratio=0.0000 accept=1.0000 swapped=True
i=5 pair=(3,1) lam_t=0.96429 lam_s=0.97857 tsr_diff=0.003545 integral_mean=0.000023 integral_std=0.003333 log_ratio=0.0000 accept=1.0000 swapped=True
i=5 pair=(7,6) lam_t=0.99286 lam_s=1.00714 tsr_diff=0.003496 integral_mean=0.000006 integral_std=0.003428 log_ratio=0.0000 accept=1.0000 swapped=True
i=5 pair=(0,4) lam_t=1.02143 lam_s=1.03571 tsr_diff=0.003447 integral_mean=0.000012 integral_std=0.003394 log_ratio=0.0000 accept=1.0000 swapped=True
i=6 pair=(5,1) lam_t=0.95000 lam_s=0.96429 tsr_diff=0.004979 integral_mean=0.000042 integral_std=0.004657 log_ratio=0.0000 accept=1.0000 swapped=True
i=6 pair=(3,6) lam_t=0.97857 lam_s=0.99286 tsr_diff=0.004883 integral_mean=-0.000017 integral_std=0.004644 log_ratio=-0.0413 accept=0.9595 swapped=True
i=6 pair=(7,4) lam_t=1.00714 lam_s=1.02143 tsr_diff=0.004789 integral_mean=0.000046 integral_std=0.004515 log_ratio=0.0000 accept=1.0000 swapped=True
i=6 pair=(0,2) lam_t=1.03571 lam_s=1.05000 tsr_diff=0.004698 integral_mean=-0.000154 integral_std=0.005127 log_ratio=-0.3685 accept=0.6917 swapped=False
i=7 pair=(5,6) lam_t=0.96429 lam_s=0.97857 tsr_diff=0.006435 integral_mean=-0.000040 integral_std=0.006292 log_ratio=-0.0964 accept=0.9081 swapped=True
i=7 pair=(3,4) lam_t=0.99286 lam_s=1.00714 tsr_diff=0.006274 integral_mean=-0.000297 integral_std=0.005671 log_ratio=-0.7133 accept=0.4900 swapped=True
i=7 pair=(7,0) lam_t=1.02143 lam_s=1.03571 tsr_diff=0.006120 integral_mean=0.000125 integral_std=0.005982 log_ratio=0.0000 accept=1.0000 swapped=True
i=8 pair=(1,6) lam_t=0.95000 lam_s=0.96429 tsr_diff=0.008123 integral_mean=-0.000086 integral_std=0.008318 log_ratio=-0.2054 accept=0.8143 swapped=True
i=8 pair=(5,4) lam_t=0.97857 lam_s=0.99286 tsr_diff=0.007872 integral_mean=-0.000225 integral_std=0.007238 log_ratio=-0.5395 accept=0.5830 swapped=False
i=8 pair=(3,0) lam_t=1.00714 lam_s=1.02143 tsr_diff=0.007631 integral_mean=-0.000117 integral_std=0.007601 log_ratio=-0.2798 accept=0.7559 swapped=True
i=8 pair=(7,2) lam_t=1.03571 lam_s=1.05000 tsr_diff=0.007402 integral_mean=-0.000198 integral_std=0.007037 log_ratio=-0.4763 accept=0.6211 swapped=True
i=9 pair=(1,5) lam_t=0.96429 lam_s=0.97857 tsr_diff=0.009548 integral_mean=0.000175 integral_std=0.008989 log_ratio=0.0000 accept=1.0000 swapped=True
i=9 pair=(4,0) lam_t=0.99286 lam_s=1.00714 tsr_diff=0.009200 integral_mean=-0.000526 integral_std=0.009067 log_ratio=-1.2622 accept=0.2830 swapped=False
i=9 pair=(3,2) lam_t=1.02143 lam_s=1.03571 tsr_diff=0.008870 integral_mean=-0.000406 integral_std=0.010198 log_ratio=-0.9746 accept=0.3773 swapped=False
i=10 pair=(6,5) lam_t=0.95000 lam_s=0.96429 tsr_diff=0.011265 integral_mean=0.000314 integral_std=0.012022 log_ratio=0.0000 accept=1.0000 swapped=True
i=10 pair=(1,4) lam_t=0.97857 lam_s=0.99286 tsr_diff=0.010789 integral_mean=0.000064 integral_std=0.011693 log_ratio=0.0000 accept=1.0000 swapped=True
i=10 pair=(0,3) lam_t=1.00714 lam_s=1.02143 tsr_diff=0.010342 integral_mean=0.000470 integral_std=0.009749 log_ratio=0.0000 accept=1.0000 swapped=True
i=10 pair=(2,7) lam_t=1.03571 lam_s=1.05000 tsr_diff=0.009923 integral_mean=-0.000018 integral_std=0.012399 log_ratio=-0.0429 accept=0.9580 swapped=True
i=11 pair=(6,4) lam_t=0.96429 lam_s=0.97857 tsr_diff=0.012354 integral_mean=0.000314 integral_std=0.017148 log_ratio=0.0000 accept=1.0000 swapped=True
i=11 pair=(1,3) lam_t=0.99286 lam_s=1.00714 tsr_diff=0.011778 integral_mean=0.003057 integral_std=0.018360 log_ratio=0.0000 accept=1.0000 swapped=True
i=11 pair=(0,7) lam_t=1.02143 lam_s=1.03571 tsr_diff=0.011242 integral_mean=-0.000326 integral_std=0.016872 log_ratio=-0.7816 accept=0.4577 swapped=False
i=12 pair=(5,4) lam_t=0.95000 lam_s=0.96429 tsr_diff=0.013839 integral_mean=-0.001060 integral_std=0.020599 log_ratio=-2.5437 accept=0.0786 swapped=False
i=12 pair=(6,3) lam_t=0.97857 lam_s=0.99286 tsr_diff=0.013131 integral_mean=0.001238 integral_std=0.021091 log_ratio=0.0000 accept=1.0000 swapped=True
i=12 pair=(1,0) lam_t=1.00714 lam_s=1.02143 tsr_diff=0.012476 integral_mean=0.002268 integral_std=0.021321 log_ratio=0.0000 accept=1.0000 swapped=True
i=12 pair=(7,2) lam_t=1.03571 lam_s=1.05000 tsr_diff=0.011868 integral_mean=-0.005919 integral_std=0.030592 log_ratio=-14.2059 accept=0.0000 swapped=False
i=13 pair=(4,3) lam_t=0.96429 lam_s=0.97857 tsr_diff=0.014342 integral_mean=0.002316 integral_std=0.030041 log_ratio=0.0000 accept=1.0000 swapped=True
i=13 pair=(6,0) lam_t=0.99286 lam_s=1.00714 tsr_diff=0.013574 integral_mean=0.000100 integral_std=0.027622 log_ratio=0.0000 accept=1.0000 swapped=True
i=13 pair=(1,7) lam_t=1.02143 lam_s=1.03571 tsr_diff=0.012866 integral_mean=0.002325 integral_std=0.023856 log_ratio=0.0000 accept=1.0000 swapped=True
i=14 pair=(5,3) lam_t=0.95000 lam_s=0.96429 tsr_diff=0.015346 integral_mean=0.002613 integral_std=0.037958 log_ratio=0.0000 accept=1.0000 swapped=True
i=14 pair=(4,0) lam_t=0.97857 lam_s=0.99286 tsr_diff=0.014482 integral_mean=-0.001504 integral_std=0.079704 log_ratio=-3.6108 accept=0.0270 swapped=False
i=14 pair=(6,7) lam_t=1.00714 lam_s=1.02143 tsr_diff=0.013689 integral_mean=0.002757 integral_std=0.060586 log_ratio=0.0000 accept=1.0000 swapped=True
i=14 pair=(1,2) lam_t=1.03571 lam_s=1.05000 tsr_diff=0.012959 integral_mean=0.005905 integral_std=0.087421 log_ratio=0.0000 accept=1.0000 swapped=True
Best Sample: 5 log probability -0.016
Saved 1 samples to: logs/pointmaze-giant-navigate-v0/inference/plans/release_H400_T256_LimitsNormalizer_b1_condFalse/2026-07-20 18:04:05/28/0.png
Saved 1 samples to: logs/pointmaze-giant-navigate-v0/inference/plans/release_H400_T256_LimitsNormalizer_b1_condFalse/2026-07-20 18:04:05/28/rollout.png
i=0 pair=(0,1) lam_t=0.95000 lam_s=0.96429 tsr_diff=0.000000 integral_mean=0.000000 integral_std=0.000000 log_ratio=0.0000 accept=1.0000 swapped=True
i=0 pair=(2,3) lam_t=0.97857 lam_s=0.99286 tsr_diff=0.000000 integral_mean=0.000000 integral_std=0.000000 log_ratio=0.0000 accept=1.0000 swapped=True
i=0 pair=(4,5) lam_t=1.00714 lam_s=1.02143 tsr_diff=0.000000 integral_mean=0.000000 integral_std=0.000000 log_ratio=0.0000 accept=1.0000 swapped=True
i=0 pair=(6,7) lam_t=1.03571 lam_s=1.05000 tsr_diff=0.000000 integral_mean=0.000000 integral_std=0.000000 log_ratio=0.0000 accept=1.0000 swapped=True
i=1 pair=(0,3) lam_t=0.96429 lam_s=0.97857 tsr_diff=0.000153 integral_mean=0.000002 integral_std=0.000141 log_ratio=0.0000 accept=1.0000 swapped=True
i=1 pair=(2,5) lam_t=0.99286 lam_s=1.00714 tsr_diff=0.000152 integral_mean=-0.000012 integral_std=0.000159 log_ratio=-0.0278 accept=0.9726 swapped=True
i=1 pair=(4,7) lam_t=1.02143 lam_s=1.03571 tsr_diff=0.000152 integral_mean=-0.000013 integral_std=0.000162 log_ratio=-0.0323 accept=0.9682 swapped=True
i=2 pair=(1,3) lam_t=0.95000 lam_s=0.96429 tsr_diff=0.000605 integral_mean=-0.000002 integral_std=0.000592 log_ratio=-0.0047 accept=0.9953 swapped=True
i=2 pair=(0,5) lam_t=0.97857 lam_s=0.99286 tsr_diff=0.000604 integral_mean=-0.000026 integral_std=0.000608 log_ratio=-0.0623 accept=0.9396 swapped=True
i=2 pair=(2,7) lam_t=1.00714 lam_s=1.02143 tsr_diff=0.000603 integral_mean=-0.000001 integral_std=0.000624 log_ratio=-0.0027 accept=0.9973 swapped=True
i=2 pair=(4,6) lam_t=1.03571 lam_s=1.05000 tsr_diff=0.000601 integral_mean=0.000014 integral_std=0.000632 log_ratio=0.0000 accept=1.0000 swapped=True
i=3 pair=(1,5) lam_t=0.96429 lam_s=0.97857 tsr_diff=0.001341 integral_mean=-0.000019 integral_std=0.001371 log_ratio=-0.0447 accept=0.9563 swapped=True
i=3 pair=(0,7) lam_t=0.99286 lam_s=1.00714 tsr_diff=0.001333 integral_mean=-0.000019 integral_std=0.001297 log_ratio=-0.0460 accept=0.9550 swapped=True
i=3 pair=(2,6) lam_t=1.02143 lam_s=1.03571 tsr_diff=0.001326 integral_mean=-0.000047 integral_std=0.001273 log_ratio=-0.1128 accept=0.8934 swapped=True
i=4 pair=(3,5) lam_t=0.95000 lam_s=0.96429 tsr_diff=0.002344 integral_mean=0.000095 integral_std=0.002128 log_ratio=0.0000 accept=1.0000 swapped=True
i=4 pair=(1,7) lam_t=0.97857 lam_s=0.99286 tsr_diff=0.002322 integral_mean=-0.000290 integral_std=0.002595 log_ratio=-0.6950 accept=0.4991 swapped=False
i=4 pair=(0,6) lam_t=1.00714 lam_s=1.02143 tsr_diff=0.002301 integral_mean=0.000056 integral_std=0.002282 log_ratio=0.0000 accept=1.0000 swapped=True
i=4 pair=(2,4) lam_t=1.03571 lam_s=1.05000 tsr_diff=0.002280 integral_mean=-0.000103 integral_std=0.002284 log_ratio=-0.2465 accept=0.7816 swapped=True
i=5 pair=(3,1) lam_t=0.96429 lam_s=0.97857 tsr_diff=0.003545 integral_mean=0.000054 integral_std=0.003287 log_ratio=0.0000 accept=1.0000 swapped=True
i=5 pair=(7,6) lam_t=0.99286 lam_s=1.00714 tsr_diff=0.003496 integral_mean=0.000119 integral_std=0.003334 log_ratio=0.0000 accept=1.0000 swapped=True
i=5 pair=(0,4) lam_t=1.02143 lam_s=1.03571 tsr_diff=0.003447 integral_mean=0.000063 integral_std=0.003208 log_ratio=0.0000 accept=1.0000 swapped=True
i=6 pair=(5,1) lam_t=0.95000 lam_s=0.96429 tsr_diff=0.004979 integral_mean=-0.000082 integral_std=0.004667 log_ratio=-0.1968 accept=0.8213 swapped=True
i=6 pair=(3,6) lam_t=0.97857 lam_s=0.99286 tsr_diff=0.004883 integral_mean=0.000148 integral_std=0.004765 log_ratio=0.0000 accept=1.0000 swapped=True
i=6 pair=(7,4) lam_t=1.00714 lam_s=1.02143 tsr_diff=0.004789 integral_mean=0.000156 integral_std=0.004783 log_ratio=0.0000 accept=1.0000 swapped=True
i=6 pair=(0,2) lam_t=1.03571 lam_s=1.05000 tsr_diff=0.004698 integral_mean=-0.000047 integral_std=0.004425 log_ratio=-0.1132 accept=0.8930 swapped=True
i=7 pair=(5,6) lam_t=0.96429 lam_s=0.97857 tsr_diff=0.006435 integral_mean=-0.000041 integral_std=0.006320 log_ratio=-0.0982 accept=0.9064 swapped=True
i=7 pair=(3,4) lam_t=0.99286 lam_s=1.00714 tsr_diff=0.006274 integral_mean=0.000244 integral_std=0.005658 log_ratio=0.0000 accept=1.0000 swapped=True
i=7 pair=(7,2) lam_t=1.02143 lam_s=1.03571 tsr_diff=0.006120 integral_mean=0.000160 integral_std=0.005861 log_ratio=0.0000 accept=1.0000 swapped=True
i=8 pair=(1,6) lam_t=0.95000 lam_s=0.96429 tsr_diff=0.008123 integral_mean=-0.000154 integral_std=0.007385 log_ratio=-0.3685 accept=0.6918 swapped=True
i=8 pair=(5,4) lam_t=0.97857 lam_s=0.99286 tsr_diff=0.007872 integral_mean=0.000122 integral_std=0.007288 log_ratio=0.0000 accept=1.0000 swapped=True
i=8 pair=(3,2) lam_t=1.00714 lam_s=1.02143 tsr_diff=0.007631 integral_mean=0.000356 integral_std=0.006857 log_ratio=0.0000 accept=1.0000 swapped=True
i=8 pair=(7,0) lam_t=1.03571 lam_s=1.05000 tsr_diff=0.007402 integral_mean=0.000053 integral_std=0.007658 log_ratio=0.0000 accept=1.0000 swapped=True
i=9 pair=(1,4) lam_t=0.96429 lam_s=0.97857 tsr_diff=0.009548 integral_mean=-0.000074 integral_std=0.008643 log_ratio=-0.1765 accept=0.8382 swapped=True
i=9 pair=(5,2) lam_t=0.99286 lam_s=1.00714 tsr_diff=0.009200 integral_mean=0.000127 integral_std=0.008526 log_ratio=0.0000 accept=1.0000 swapped=True
i=9 pair=(3,0) lam_t=1.02143 lam_s=1.03571 tsr_diff=0.008870 integral_mean=-0.000010 integral_std=0.008299 log_ratio=-0.0247 accept=0.9756 swapped=True
i=10 pair=(6,4) lam_t=0.95000 lam_s=0.96429 tsr_diff=0.011265 integral_mean=0.000688 integral_std=0.012221 log_ratio=0.0000 accept=1.0000 swapped=True
i=10 pair=(1,2) lam_t=0.97857 lam_s=0.99286 tsr_diff=0.010789 integral_mean=-0.000077 integral_std=0.007839 log_ratio=-0.1860 accept=0.8303 swapped=True
i=10 pair=(5,0) lam_t=1.00714 lam_s=1.02143 tsr_diff=0.010342 integral_mean=0.000104 integral_std=0.012065 log_ratio=0.0000 accept=1.0000 swapped=True
i=10 pair=(3,7) lam_t=1.03571 lam_s=1.05000 tsr_diff=0.009923 integral_mean=-0.000444 integral_std=0.010394 log_ratio=-1.0666 accept=0.3442 swapped=True
i=11 pair=(6,2) lam_t=0.96429 lam_s=0.97857 tsr_diff=0.012354 integral_mean=0.001997 integral_std=0.016127 log_ratio=0.0000 accept=1.0000 swapped=True
i=11 pair=(1,0) lam_t=0.99286 lam_s=1.00714 tsr_diff=0.011778 integral_mean=0.000130 integral_std=0.010706 log_ratio=0.0000 accept=1.0000 swapped=True
i=11 pair=(5,7) lam_t=1.02143 lam_s=1.03571 tsr_diff=0.011242 integral_mean=-0.000352 integral_std=0.014644 log_ratio=-0.8436 accept=0.4302 swapped=True
i=12 pair=(4,2) lam_t=0.95000 lam_s=0.96429 tsr_diff=0.013839 integral_mean=0.000841 integral_std=0.017189 log_ratio=0.0000 accept=1.0000 swapped=True
i=12 pair=(6,0) lam_t=0.97857 lam_s=0.99286 tsr_diff=0.013131 integral_mean=0.001052 integral_std=0.019444 log_ratio=0.0000 accept=1.0000 swapped=True
i=12 pair=(1,7) lam_t=1.00714 lam_s=1.02143 tsr_diff=0.012476 integral_mean=-0.001957 integral_std=0.016930 log_ratio=-4.6964 accept=0.0091 swapped=False
i=12 pair=(5,3) lam_t=1.03571 lam_s=1.05000 tsr_diff=0.011868 integral_mean=-0.000871 integral_std=0.016635 log_ratio=-2.0904 accept=0.1236 swapped=False
i=13 pair=(4,0) lam_t=0.96429 lam_s=0.97857 tsr_diff=0.014342 integral_mean=0.000195 integral_std=0.026807 log_ratio=0.0000 accept=1.0000 swapped=True
i=13 pair=(6,1) lam_t=0.99286 lam_s=1.00714 tsr_diff=0.013574 integral_mean=0.003433 integral_std=0.025703 log_ratio=0.0000 accept=1.0000 swapped=True
i=13 pair=(7,5) lam_t=1.02143 lam_s=1.03571 tsr_diff=0.012866 integral_mean=0.002173 integral_std=0.027208 log_ratio=0.0000 accept=1.0000 swapped=True
i=14 pair=(2,0) lam_t=0.95000 lam_s=0.96429 tsr_diff=0.015346 integral_mean=-0.003069 integral_std=0.049684 log_ratio=-7.3657 accept=0.0006 swapped=False
i=14 pair=(4,1) lam_t=0.97857 lam_s=0.99286 tsr_diff=0.014482 integral_mean=0.004043 integral_std=0.049708 log_ratio=0.0000 accept=1.0000 swapped=True
i=14 pair=(6,5) lam_t=1.00714 lam_s=1.02143 tsr_diff=0.013689 integral_mean=0.020443 integral_std=0.095173 log_ratio=0.0000 accept=1.0000 swapped=True
i=14 pair=(7,3) lam_t=1.03571 lam_s=1.05000 tsr_diff=0.012959 integral_mean=-0.002611 integral_std=0.097983 log_ratio=-6.2665 accept=0.0019 swapped=False
Best Sample: 2 log probability 0.000
Saved 1 samples to: logs/pointmaze-giant-navigate-v0/inference/plans/release_H400_T256_LimitsNormalizer_b1_condFalse/2026-07-20 18:04:05/29/0.png
Saved 1 samples to: logs/pointmaze-giant-navigate-v0/inference/plans/release_H400_T256_LimitsNormalizer_b1_condFalse/2026-07-20 18:04:05/29/rollout.png
i=0 pair=(0,1) lam_t=0.95000 lam_s=0.96429 tsr_diff=0.000000 integral_mean=0.000000 integral_std=0.000000 log_ratio=0.0000 accept=1.0000 swapped=True
i=0 pair=(2,3) lam_t=0.97857 lam_s=0.99286 tsr_diff=0.000000 integral_mean=0.000000 integral_std=0.000000 log_ratio=0.0000 accept=1.0000 swapped=True
i=0 pair=(4,5) lam_t=1.00714 lam_s=1.02143 tsr_diff=0.000000 integral_mean=0.000000 integral_std=0.000000 log_ratio=0.0000 accept=1.0000 swapped=True
i=0 pair=(6,7) lam_t=1.03571 lam_s=1.05000 tsr_diff=0.000000 integral_mean=0.000000 integral_std=0.000000 log_ratio=0.0000 accept=1.0000 swapped=True
i=1 pair=(0,3) lam_t=0.96429 lam_s=0.97857 tsr_diff=0.000153 integral_mean=-0.000006 integral_std=0.000162 log_ratio=-0.0137 accept=0.9864 swapped=True
i=1 pair=(2,5) lam_t=0.99286 lam_s=1.00714 tsr_diff=0.000152 integral_mean=0.000002 integral_std=0.000157 log_ratio=0.0000 accept=1.0000 swapped=True
i=1 pair=(4,7) lam_t=1.02143 lam_s=1.03571 tsr_diff=0.000152 integral_mean=0.000005 integral_std=0.000154 log_ratio=0.0000 accept=1.0000 swapped=True
i=2 pair=(1,3) lam_t=0.95000 lam_s=0.96429 tsr_diff=0.000605 integral_mean=-0.000012 integral_std=0.000609 log_ratio=-0.0284 accept=0.9720 swapped=True
i=2 pair=(0,5) lam_t=0.97857 lam_s=0.99286 tsr_diff=0.000604 integral_mean=0.000011 integral_std=0.000603 log_ratio=0.0000 accept=1.0000 swapped=True
i=2 pair=(2,7) lam_t=1.00714 lam_s=1.02143 tsr_diff=0.000603 integral_mean=0.000003 integral_std=0.000599 log_ratio=0.0000 accept=1.0000 swapped=True
i=2 pair=(4,6) lam_t=1.03571 lam_s=1.05000 tsr_diff=0.000601 integral_mean=0.000009 integral_std=0.000599 log_ratio=0.0000 accept=1.0000 swapped=True
i=3 pair=(1,5) lam_t=0.96429 lam_s=0.97857 tsr_diff=0.001341 integral_mean=0.000035 integral_std=0.001293 log_ratio=0.0000 accept=1.0000 swapped=True
i=3 pair=(0,7) lam_t=0.99286 lam_s=1.00714 tsr_diff=0.001333 integral_mean=0.000025 integral_std=0.001260 log_ratio=0.0000 accept=1.0000 swapped=True
i=3 pair=(2,6) lam_t=1.02143 lam_s=1.03571 tsr_diff=0.001326 integral_mean=0.000008 integral_std=0.001248 log_ratio=0.0000 accept=1.0000 swapped=True
i=4 pair=(3,5) lam_t=0.95000 lam_s=0.96429 tsr_diff=0.002344 integral_mean=0.000047 integral_std=0.002280 log_ratio=0.0000 accept=1.0000 swapped=True
i=4 pair=(1,7) lam_t=0.97857 lam_s=0.99286 tsr_diff=0.002322 integral_mean=-0.000034 integral_std=0.002222 log_ratio=-0.0818 accept=0.9215 swapped=False
i=4 pair=(0,6) lam_t=1.00714 lam_s=1.02143 tsr_diff=0.002301 integral_mean=-0.000134 integral_std=0.002243 log_ratio=-0.3216 accept=0.7250 swapped=False
i=4 pair=(2,4) lam_t=1.03571 lam_s=1.05000 tsr_diff=0.002280 integral_mean=0.000020 integral_std=0.002163 log_ratio=0.0000 accept=1.0000 swapped=True
i=5 pair=(3,1) lam_t=0.96429 lam_s=0.97857 tsr_diff=0.003545 integral_mean=-0.000131 integral_std=0.003137 log_ratio=-0.3134 accept=0.7309 swapped=True
i=5 pair=(7,0) lam_t=0.99286 lam_s=1.00714 tsr_diff=0.003496 integral_mean=0.000029 integral_std=0.003183 log_ratio=0.0000 accept=1.0000 swapped=True
i=5 pair=(6,4) lam_t=1.02143 lam_s=1.03571 tsr_diff=0.003447 integral_mean=0.000136 integral_std=0.003265 log_ratio=0.0000 accept=1.0000 swapped=True
i=6 pair=(5,1) lam_t=0.95000 lam_s=0.96429 tsr_diff=0.004979 integral_mean=0.000018 integral_std=0.005109 log_ratio=0.0000 accept=1.0000 swapped=True
i=6 pair=(3,0) lam_t=0.97857 lam_s=0.99286 tsr_diff=0.004883 integral_mean=0.000091 integral_std=0.004330 log_ratio=0.0000 accept=1.0000 swapped=True
i=6 pair=(7,4) lam_t=1.00714 lam_s=1.02143 tsr_diff=0.004789 integral_mean=0.000040 integral_std=0.004778 log_ratio=0.0000 accept=1.0000 swapped=True
i=6 pair=(6,2) lam_t=1.03571 lam_s=1.05000 tsr_diff=0.004698 integral_mean=-0.000092 integral_std=0.004242 log_ratio=-0.2210 accept=0.8017 swapped=False
i=7 pair=(5,0) lam_t=0.96429 lam_s=0.97857 tsr_diff=0.006435 integral_mean=0.000382 integral_std=0.005867 log_ratio=0.0000 accept=1.0000 swapped=True
i=7 pair=(3,4) lam_t=0.99286 lam_s=1.00714 tsr_diff=0.006274 integral_mean=-0.000389 integral_std=0.006525 log_ratio=-0.9346 accept=0.3927 swapped=False
i=7 pair=(7,6) lam_t=1.02143 lam_s=1.03571 tsr_diff=0.006120 integral_mean=-0.000253 integral_std=0.005655 log_ratio=-0.6079 accept=0.5445 swapped=False
i=8 pair=(1,0) lam_t=0.95000 lam_s=0.96429 tsr_diff=0.008123 integral_mean=0.001060 integral_std=0.008014 log_ratio=0.0000 accept=1.0000 swapped=True
i=8 pair=(5,3) lam_t=0.97857 lam_s=0.99286 tsr_diff=0.007872 integral_mean=-0.000280 integral_std=0.007988 log_ratio=-0.6731 accept=0.5101 swapped=False
i=8 pair=(4,7) lam_t=1.00714 lam_s=1.02143 tsr_diff=0.007631 integral_mean=0.000985 integral_std=0.008710 log_ratio=0.0000 accept=1.0000 swapped=True
i=8 pair=(6,2) lam_t=1.03571 lam_s=1.05000 tsr_diff=0.007402 integral_mean=-0.000258 integral_std=0.007029 log_ratio=-0.6193 accept=0.5383 swapped=False
i=9 pair=(1,5) lam_t=0.96429 lam_s=0.97857 tsr_diff=0.009548 integral_mean=0.000068 integral_std=0.010660 log_ratio=0.0000 accept=1.0000 swapped=True
i=9 pair=(3,7) lam_t=0.99286 lam_s=1.00714 tsr_diff=0.009200 integral_mean=0.000305 integral_std=0.007937 log_ratio=0.0000 accept=1.0000 swapped=True
i=9 pair=(4,6) lam_t=1.02143 lam_s=1.03571 tsr_diff=0.008870 integral_mean=0.000537 integral_std=0.010288 log_ratio=0.0000 accept=1.0000 swapped=True
i=10 pair=(0,5) lam_t=0.95000 lam_s=0.96429 tsr_diff=0.011265 integral_mean=-0.000764 integral_std=0.011086 log_ratio=-1.8337 accept=0.1598 swapped=False
i=10 pair=(1,7) lam_t=0.97857 lam_s=0.99286 tsr_diff=0.010789 integral_mean=0.000783 integral_std=0.011053 log_ratio=0.0000 accept=1.0000 swapped=True
i=10 pair=(3,6) lam_t=1.00714 lam_s=1.02143 tsr_diff=0.010342 integral_mean=-0.000143 integral_std=0.010177 log_ratio=-0.3430 accept=0.7096 swapped=False
i=10 pair=(4,2) lam_t=1.03571 lam_s=1.05000 tsr_diff=0.009923 integral_mean=0.001038 integral_std=0.016558 log_ratio=0.0000 accept=1.0000 swapped=True
i=11 pair=(5,7) lam_t=0.96429 lam_s=0.97857 tsr_diff=0.012354 integral_mean=0.000808 integral_std=0.012361 log_ratio=0.0000 accept=1.0000 swapped=True
i=11 pair=(1,3) lam_t=0.99286 lam_s=1.00714 tsr_diff=0.011778 integral_mean=0.000383 integral_std=0.013274 log_ratio=0.0000 accept=1.0000 swapped=True
i=11 pair=(6,2) lam_t=1.02143 lam_s=1.03571 tsr_diff=0.011242 integral_mean=0.001020 integral_std=0.015013 log_ratio=0.0000 accept=1.0000 swapped=True
i=12 pair=(0,7) lam_t=0.95000 lam_s=0.96429 tsr_diff=0.013839 integral_mean=0.000256 integral_std=0.008371 log_ratio=0.0000 accept=1.0000 swapped=True
i=12 pair=(5,3) lam_t=0.97857 lam_s=0.99286 tsr_diff=0.013131 integral_mean=-0.000011 integral_std=0.013226 log_ratio=-0.0259 accept=0.9744 swapped=True
i=12 pair=(1,2) lam_t=1.00714 lam_s=1.02143 tsr_diff=0.012476 integral_mean=0.000437 integral_std=0.020793 log_ratio=0.0000 accept=1.0000 swapped=True
i=12 pair=(6,4) lam_t=1.03571 lam_s=1.05000 tsr_diff=0.011868 integral_mean=-0.001747 integral_std=0.026846 log_ratio=-4.1918 accept=0.0151 swapped=False
i=13 pair=(0,3) lam_t=0.96429 lam_s=0.97857 tsr_diff=0.014342 integral_mean=-0.001458 integral_std=0.019067 log_ratio=-3.4985 accept=0.0302 swapped=False
i=13 pair=(5,2) lam_t=0.99286 lam_s=1.00714 tsr_diff=0.013574 integral_mean=-0.002002 integral_std=0.027902 log_ratio=-4.8039 accept=0.0082 swapped=False
i=13 pair=(1,6) lam_t=1.02143 lam_s=1.03571 tsr_diff=0.012866 integral_mean=-0.000285 integral_std=0.025898 log_ratio=-0.6848 accept=0.5042 swapped=False
i=14 pair=(7,0) lam_t=0.95000 lam_s=0.96429 tsr_diff=0.015346 integral_mean=0.001109 integral_std=0.012023 log_ratio=0.0000 accept=1.0000 swapped=True
i=14 pair=(3,5) lam_t=0.97857 lam_s=0.99286 tsr_diff=0.014482 integral_mean=0.002863 integral_std=0.048349 log_ratio=0.0000 accept=1.0000 swapped=True
i=14 pair=(2,1) lam_t=1.00714 lam_s=1.02143 tsr_diff=0.013689 integral_mean=0.008747 integral_std=0.084211 log_ratio=0.0000 accept=1.0000 swapped=True
i=14 pair=(6,4) lam_t=1.03571 lam_s=1.05000 tsr_diff=0.012959 integral_mean=-0.010691 integral_std=0.234465 log_ratio=-25.6595 accept=0.0000 swapped=False
Best Sample: 0 log probability 0.000
Saved 1 samples to: logs/pointmaze-giant-navigate-v0/inference/plans/release_H400_T256_LimitsNormalizer_b1_condFalse/2026-07-20 18:04:05/30/0.png
Saved 1 samples to: logs/pointmaze-giant-navigate-v0/inference/plans/release_H400_T256_LimitsNormalizer_b1_condFalse/2026-07-20 18:04:05/30/rollout.png
i=0 pair=(0,1) lam_t=0.95000 lam_s=0.96429 tsr_diff=0.000000 integral_mean=0.000000 integral_std=0.000000 log_ratio=0.0000 accept=1.0000 swapped=True
i=0 pair=(2,3) lam_t=0.97857 lam_s=0.99286 tsr_diff=0.000000 integral_mean=0.000000 integral_std=0.000000 log_ratio=0.0000 accept=1.0000 swapped=True
i=0 pair=(4,5) lam_t=1.00714 lam_s=1.02143 tsr_diff=0.000000 integral_mean=0.000000 integral_std=0.000000 log_ratio=0.0000 accept=1.0000 swapped=True
i=0 pair=(6,7) lam_t=1.03571 lam_s=1.05000 tsr_diff=0.000000 integral_mean=0.000000 integral_std=0.000000 log_ratio=0.0000 accept=1.0000 swapped=True
i=1 pair=(0,3) lam_t=0.96429 lam_s=0.97857 tsr_diff=0.000153 integral_mean=-0.000000 integral_std=0.000149 log_ratio=-0.0003 accept=0.9997 swapped=True
i=1 pair=(2,5) lam_t=0.99286 lam_s=1.00714 tsr_diff=0.000152 integral_mean=0.000002 integral_std=0.000160 log_ratio=0.0000 accept=1.0000 swapped=True
i=1 pair=(4,7) lam_t=1.02143 lam_s=1.03571 tsr_diff=0.000152 integral_mean=-0.000004 integral_std=0.000150 log_ratio=-0.0107 accept=0.9894 swapped=True
i=2 pair=(1,3) lam_t=0.95000 lam_s=0.96429 tsr_diff=0.000605 integral_mean=0.000003 integral_std=0.000612 log_ratio=0.0000 accept=1.0000 swapped=True
i=2 pair=(0,5) lam_t=0.97857 lam_s=0.99286 tsr_diff=0.000604 integral_mean=-0.000004 integral_std=0.000592 log_ratio=-0.0107 accept=0.9893 swapped=True
i=2 pair=(2,7) lam_t=1.00714 lam_s=1.02143 tsr_diff=0.000603 integral_mean=0.000002 integral_std=0.000593 log_ratio=0.0000 accept=1.0000 swapped=True
i=2 pair=(4,6) lam_t=1.03571 lam_s=1.05000 tsr_diff=0.000601 integral_mean=-0.000086 integral_std=0.000680 log_ratio=-0.2059 accept=0.8139 swapped=False
i=3 pair=(1,5) lam_t=0.96429 lam_s=0.97857 tsr_diff=0.001341 integral_mean=0.000016 integral_std=0.001306 log_ratio=0.0000 accept=1.0000 swapped=True
i=3 pair=(0,7) lam_t=0.99286 lam_s=1.00714 tsr_diff=0.001333 integral_mean=-0.000027 integral_std=0.001306 log_ratio=-0.0651 accept=0.9370 swapped=True
i=3 pair=(2,4) lam_t=1.02143 lam_s=1.03571 tsr_diff=0.001326 integral_mean=0.000054 integral_std=0.001248 log_ratio=0.0000 accept=1.0000 swapped=True
i=4 pair=(3,5) lam_t=0.95000 lam_s=0.96429 tsr_diff=0.002344 integral_mean=-0.000133 integral_std=0.002159 log_ratio=-0.3196 accept=0.7264 swapped=True
i=4 pair=(1,7) lam_t=0.97857 lam_s=0.99286 tsr_diff=0.002322 integral_mean=0.000117 integral_std=0.002303 log_ratio=0.0000 accept=1.0000 swapped=True
i=4 pair=(0,4) lam_t=1.00714 lam_s=1.02143 tsr_diff=0.002301 integral_mean=0.000068 integral_std=0.002176 log_ratio=0.0000 accept=1.0000 swapped=True
i=4 pair=(2,6) lam_t=1.03571 lam_s=1.05000 tsr_diff=0.002280 integral_mean=-0.000052 integral_std=0.002179 log_ratio=-0.1257 accept=0.8819 swapped=False
i=5 pair=(3,7) lam_t=0.96429 lam_s=0.97857 tsr_diff=0.003545 integral_mean=-0.000048 integral_std=0.003350 log_ratio=-0.1145 accept=0.8918 swapped=True
i=5 pair=(1,4) lam_t=0.99286 lam_s=1.00714 tsr_diff=0.003496 integral_mean=-0.000020 integral_std=0.003174 log_ratio=-0.0475 accept=0.9536 swapped=True
i=5 pair=(0,2) lam_t=1.02143 lam_s=1.03571 tsr_diff=0.003447 integral_mean=0.000233 integral_std=0.003215 log_ratio=0.0000 accept=1.0000 swapped=True
i=6 pair=(5,7) lam_t=0.95000 lam_s=0.96429 tsr_diff=0.004979 integral_mean=-0.001171 integral_std=0.006466 log_ratio=-2.8094 accept=0.0602 swapped=False
i=6 pair=(3,4) lam_t=0.97857 lam_s=0.99286 tsr_diff=0.004883 integral_mean=0.000034 integral_std=0.004401 log_ratio=0.0000 accept=1.0000 swapped=True
i=6 pair=(1,2) lam_t=1.00714 lam_s=1.02143 tsr_diff=0.004789 integral_mean=-0.000022 integral_std=0.004247 log_ratio=-0.0532 accept=0.9482 swapped=True
i=6 pair=(0,6) lam_t=1.03571 lam_s=1.05000 tsr_diff=0.004698 integral_mean=-0.000021 integral_std=0.004670 log_ratio=-0.0499 accept=0.9513 swapped=True
i=7 pair=(7,4) lam_t=0.96429 lam_s=0.97857 tsr_diff=0.006435 integral_mean=0.000527 integral_std=0.006224 log_ratio=0.0000 accept=1.0000 swapped=True
i=7 pair=(3,2) lam_t=0.99286 lam_s=1.00714 tsr_diff=0.006274 integral_mean=0.000657 integral_std=0.006666 log_ratio=0.0000 accept=1.0000 swapped=True
i=7 pair=(1,6) lam_t=1.02143 lam_s=1.03571 tsr_diff=0.006120 integral_mean=0.000120 integral_std=0.005031 log_ratio=0.0000 accept=1.0000 swapped=True
i=8 pair=(5,4) lam_t=0.95000 lam_s=0.96429 tsr_diff=0.008123 integral_mean=0.000275 integral_std=0.007126 log_ratio=0.0000 accept=1.0000 swapped=True
i=8 pair=(7,2) lam_t=0.97857 lam_s=0.99286 tsr_diff=0.007872 integral_mean=0.000444 integral_std=0.008632 log_ratio=0.0000 accept=1.0000 swapped=True
i=8 pair=(3,6) lam_t=1.00714 lam_s=1.02143 tsr_diff=0.007631 integral_mean=0.001100 integral_std=0.008307 log_ratio=0.0000 accept=1.0000 swapped=True
i=8 pair=(1,0) lam_t=1.03571 lam_s=1.05000 tsr_diff=0.007402 integral_mean=-0.000552 integral_std=0.007725 log_ratio=-1.3241 accept=0.2660 swapped=False
i=9 pair=(5,2) lam_t=0.96429 lam_s=0.97857 tsr_diff=0.009548 integral_mean=0.000015 integral_std=0.010266 log_ratio=0.0000 accept=1.0000 swapped=True
i=9 pair=(7,6) lam_t=0.99286 lam_s=1.00714 tsr_diff=0.009200 integral_mean=0.000633 integral_std=0.010590 log_ratio=0.0000 accept=1.0000 swapped=True
i=9 pair=(3,1) lam_t=1.02143 lam_s=1.03571 tsr_diff=0.008870 integral_mean=0.000830 integral_std=0.008714 log_ratio=0.0000 accept=1.0000 swapped=True
i=10 pair=(4,2) lam_t=0.95000 lam_s=0.96429 tsr_diff=0.011265 integral_mean=-0.000555 integral_std=0.010324 log_ratio=-1.3318 accept=0.2640 swapped=False
i=10 pair=(5,6) lam_t=0.97857 lam_s=0.99286 tsr_diff=0.010789 integral_mean=0.000111 integral_std=0.011820 log_ratio=0.0000 accept=1.0000 swapped=True
i=10 pair=(7,1) lam_t=1.00714 lam_s=1.02143 tsr_diff=0.010342 integral_mean=0.001635 integral_std=0.012888 log_ratio=0.0000 accept=1.0000 swapped=True
i=10 pair=(3,0) lam_t=1.03571 lam_s=1.05000 tsr_diff=0.009923 integral_mean=-0.002464 integral_std=0.015955 log_ratio=-5.9144 accept=0.0027 swapped=False
i=11 pair=(2,6) lam_t=0.96429 lam_s=0.97857 tsr_diff=0.012354 integral_mean=0.000162 integral_std=0.015104 log_ratio=0.0000 accept=1.0000 swapped=True
i=11 pair=(5,1) lam_t=0.99286 lam_s=1.00714 tsr_diff=0.011778 integral_mean=0.000838 integral_std=0.013582 log_ratio=0.0000 accept=1.0000 swapped=True
i=11 pair=(7,3) lam_t=1.02143 lam_s=1.03571 tsr_diff=0.011242 integral_mean=0.000815 integral_std=0.016268 log_ratio=0.0000 accept=1.0000 swapped=True
i=12 pair=(4,6) lam_t=0.95000 lam_s=0.96429 tsr_diff=0.013839 integral_mean=0.000402 integral_std=0.014527 log_ratio=0.0000 accept=1.0000 swapped=True
i=12 pair=(2,1) lam_t=0.97857 lam_s=0.99286 tsr_diff=0.013131 integral_mean=0.000965 integral_std=0.016264 log_ratio=0.0000 accept=1.0000 swapped=True
i=12 pair=(5,3) lam_t=1.00714 lam_s=1.02143 tsr_diff=0.012476 integral_mean=-0.000150 integral_std=0.020594 log_ratio=-0.3602 accept=0.6975 swapped=True
i=12 pair=(7,0) lam_t=1.03571 lam_s=1.05000 tsr_diff=0.011868 integral_mean=-0.000938 integral_std=0.038686 log_ratio=-2.2510 accept=0.1053 swapped=False
i=13 pair=(4,1) lam_t=0.96429 lam_s=0.97857 tsr_diff=0.014342 integral_mean=0.000304 integral_std=0.023309 log_ratio=0.0000 accept=1.0000 swapped=True
i=13 pair=(2,3) lam_t=0.99286 lam_s=1.00714 tsr_diff=0.013574 integral_mean=-0.000976 integral_std=0.026015 log_ratio=-2.3414 accept=0.0962 swapped=False
i=13 pair=(5,7) lam_t=1.02143 lam_s=1.03571 tsr_diff=0.012866 integral_mean=-0.005684 integral_std=0.061764 log_ratio=-13.6405 accept=0.0000 swapped=False
i=14 pair=(6,1) lam_t=0.95000 lam_s=0.96429 tsr_diff=0.015346 integral_mean=0.001576 integral_std=0.023048 log_ratio=0.0000 accept=1.0000 swapped=True
i=14 pair=(4,2) lam_t=0.97857 lam_s=0.99286 tsr_diff=0.014482 integral_mean=0.001716 integral_std=0.012661 log_ratio=0.0000 accept=1.0000 swapped=True
i=14 pair=(3,5) lam_t=1.00714 lam_s=1.02143 tsr_diff=0.013689 integral_mean=-0.005284 integral_std=0.091135 log_ratio=-12.6823 accept=0.0000 swapped=False
i=14 pair=(7,0) lam_t=1.03571 lam_s=1.05000 tsr_diff=0.012959 integral_mean=0.003223 integral_std=0.119603 log_ratio=0.0000 accept=1.0000 swapped=True
Best Sample: 4 log probability -0.295
Saved 1 samples to: logs/pointmaze-giant-navigate-v0/inference/plans/release_H400_T256_LimitsNormalizer_b1_condFalse/2026-07-20 18:04:05/31/0.png
Saved 1 samples to: logs/pointmaze-giant-navigate-v0/inference/plans/release_H400_T256_LimitsNormalizer_b1_condFalse/2026-07-20 18:04:05/31/rollout.png
i=0 pair=(0,1) lam_t=0.95000 lam_s=0.96429 tsr_diff=0.000000 integral_mean=0.000000 integral_std=0.000000 log_ratio=0.0000 accept=1.0000 swapped=True
i=0 pair=(2,3) lam_t=0.97857 lam_s=0.99286 tsr_diff=0.000000 integral_mean=0.000000 integral_std=0.000000 log_ratio=0.0000 accept=1.0000 swapped=True
i=0 pair=(4,5) lam_t=1.00714 lam_s=1.02143 tsr_diff=0.000000 integral_mean=0.000000 integral_std=0.000000 log_ratio=0.0000 accept=1.0000 swapped=True
i=0 pair=(6,7) lam_t=1.03571 lam_s=1.05000 tsr_diff=0.000000 integral_mean=0.000000 integral_std=0.000000 log_ratio=0.0000 accept=1.0000 swapped=True
i=1 pair=(0,3) lam_t=0.96429 lam_s=0.97857 tsr_diff=0.000153 integral_mean=0.000003 integral_std=0.000152 log_ratio=0.0000 accept=1.0000 swapped=True
i=1 pair=(2,5) lam_t=0.99286 lam_s=1.00714 tsr_diff=0.000152 integral_mean=-0.000000 integral_std=0.000148 log_ratio=-0.0003 accept=0.9997 swapped=True
i=1 pair=(4,7) lam_t=1.02143 lam_s=1.03571 tsr_diff=0.000152 integral_mean=0.000001 integral_std=0.000153 log_ratio=0.0000 accept=1.0000 swapped=True
i=2 pair=(1,3) lam_t=0.95000 lam_s=0.96429 tsr_diff=0.000605 integral_mean=-0.000025 integral_std=0.000596 log_ratio=-0.0604 accept=0.9414 swapped=True
i=2 pair=(0,5) lam_t=0.97857 lam_s=0.99286 tsr_diff=0.000604 integral_mean=0.000025 integral_std=0.000625 log_ratio=0.0000 accept=1.0000 swapped=True
i=2 pair=(2,7) lam_t=1.00714 lam_s=1.02143 tsr_diff=0.000603 integral_mean=-0.000005 integral_std=0.000569 log_ratio=-0.0129 accept=0.9871 swapped=True
i=2 pair=(4,6) lam_t=1.03571 lam_s=1.05000 tsr_diff=0.000601 integral_mean=0.000004 integral_std=0.000604 log_ratio=0.0000 accept=1.0000 swapped=True
i=3 pair=(1,5) lam_t=0.96429 lam_s=0.97857 tsr_diff=0.001341 integral_mean=0.000072 integral_std=0.001374 log_ratio=0.0000 accept=1.0000 swapped=True
i=3 pair=(0,7) lam_t=0.99286 lam_s=1.00714 tsr_diff=0.001333 integral_mean=0.000134 integral_std=0.001433 log_ratio=0.0000 accept=1.0000 swapped=True
i=3 pair=(2,6) lam_t=1.02143 lam_s=1.03571 tsr_diff=0.001326 integral_mean=-0.000002 integral_std=0.001252 log_ratio=-0.0059 accept=0.9941 swapped=True
i=4 pair=(3,5) lam_t=0.95000 lam_s=0.96429 tsr_diff=0.002344 integral_mean=0.000001 integral_std=0.002346 log_ratio=0.0000 accept=1.0000 swapped=True
i=4 pair=(1,7) lam_t=0.97857 lam_s=0.99286 tsr_diff=0.002322 integral_mean=-0.000528 integral_std=0.002815 log_ratio=-1.2683 accept=0.2813 swapped=False
i=4 pair=(0,6) lam_t=1.00714 lam_s=1.02143 tsr_diff=0.002301 integral_mean=0.000131 integral_std=0.002313 log_ratio=0.0000 accept=1.0000 swapped=True
i=4 pair=(2,4) lam_t=1.03571 lam_s=1.05000 tsr_diff=0.002280 integral_mean=-0.000098 integral_std=0.002172 log_ratio=-0.2358 accept=0.7899 swapped=True
i=5 pair=(3,1) lam_t=0.96429 lam_s=0.97857 tsr_diff=0.003545 integral_mean=0.000051 integral_std=0.003253 log_ratio=0.0000 accept=1.0000 swapped=True
i=5 pair=(7,6) lam_t=0.99286 lam_s=1.00714 tsr_diff=0.003496 integral_mean=-0.000076 integral_std=0.003890 log_ratio=-0.1820 accept=0.8336 swapped=True
i=5 pair=(0,4) lam_t=1.02143 lam_s=1.03571 tsr_diff=0.003447 integral_mean=0.000435 integral_std=0.004058 log_ratio=0.0000 accept=1.0000 swapped=True
i=6 pair=(5,1) lam_t=0.95000 lam_s=0.96429 tsr_diff=0.004979 integral_mean=-0.000055 integral_std=0.004228 log_ratio=-0.1324 accept=0.8760 swapped=True
i=6 pair=(3,6) lam_t=0.97857 lam_s=0.99286 tsr_diff=0.004883 integral_mean=-0.000204 integral_std=0.005111 log_ratio=-0.4901 accept=0.6126 swapped=True
i=6 pair=(7,4) lam_t=1.00714 lam_s=1.02143 tsr_diff=0.004789 integral_mean=0.000185 integral_std=0.004582 log_ratio=0.0000 accept=1.0000 swapped=True
i=6 pair=(0,2) lam_t=1.03571 lam_s=1.05000 tsr_diff=0.004698 integral_mean=0.000115 integral_std=0.004460 log_ratio=0.0000 accept=1.0000 swapped=True
i=7 pair=(5,6) lam_t=0.96429 lam_s=0.97857 tsr_diff=0.006435 integral_mean=-0.000554 integral_std=0.006322 log_ratio=-1.3298 accept=0.2645 swapped=False
i=7 pair=(3,4) lam_t=0.99286 lam_s=1.00714 tsr_diff=0.006274 integral_mean=-0.000052 integral_std=0.005347 log_ratio=-0.1240 accept=0.8834 swapped=True
i=7 pair=(7,2) lam_t=1.02143 lam_s=1.03571 tsr_diff=0.006120 integral_mean=0.000374 integral_std=0.005688 log_ratio=0.0000 accept=1.0000 swapped=True
i=8 pair=(1,5) lam_t=0.95000 lam_s=0.96429 tsr_diff=0.008123 integral_mean=0.000083 integral_std=0.007389 log_ratio=0.0000 accept=1.0000 swapped=True
i=8 pair=(6,4) lam_t=0.97857 lam_s=0.99286 tsr_diff=0.007872 integral_mean=0.002664 integral_std=0.013540 log_ratio=0.0000 accept=1.0000 swapped=True
i=8 pair=(3,2) lam_t=1.00714 lam_s=1.02143 tsr_diff=0.007631 integral_mean=0.000130 integral_std=0.006916 log_ratio=0.0000 accept=1.0000 swapped=True
i=8 pair=(7,0) lam_t=1.03571 lam_s=1.05000 tsr_diff=0.007402 integral_mean=-0.000759 integral_std=0.008481 log_ratio=-1.8205 accept=0.1619 swapped=False
i=9 pair=(1,4) lam_t=0.96429 lam_s=0.97857 tsr_diff=0.009548 integral_mean=0.000212 integral_std=0.008670 log_ratio=0.0000 accept=1.0000 swapped=True
i=9 pair=(6,2) lam_t=0.99286 lam_s=1.00714 tsr_diff=0.009200 integral_mean=0.001841 integral_std=0.011780 log_ratio=0.0000 accept=1.0000 swapped=True
i=9 pair=(3,7) lam_t=1.02143 lam_s=1.03571 tsr_diff=0.008870 integral_mean=-0.000110 integral_std=0.008454 log_ratio=-0.2629 accept=0.7688 swapped=False
i=10 pair=(5,4) lam_t=0.95000 lam_s=0.96429 tsr_diff=0.011265 integral_mean=0.000289 integral_std=0.010178 log_ratio=0.0000 accept=1.0000 swapped=True
i=10 pair=(1,2) lam_t=0.97857 lam_s=0.99286 tsr_diff=0.010789 integral_mean=0.000602 integral_std=0.010298 log_ratio=0.0000 accept=1.0000 swapped=True
i=10 pair=(6,3) lam_t=1.00714 lam_s=1.02143 tsr_diff=0.010342 integral_mean=0.003020 integral_std=0.017326 log_ratio=0.0000 accept=1.0000 swapped=True
i=10 pair=(7,0) lam_t=1.03571 lam_s=1.05000 tsr_diff=0.009923 integral_mean=-0.000643 integral_std=0.015559 log_ratio=-1.5438 accept=0.2136 swapped=False
i=11 pair=(5,2) lam_t=0.96429 lam_s=0.97857 tsr_diff=0.012354 integral_mean=0.000512 integral_std=0.013095 log_ratio=0.0000 accept=1.0000 swapped=True
i=11 pair=(1,3) lam_t=0.99286 lam_s=1.00714 tsr_diff=0.011778 integral_mean=0.000257 integral_std=0.013891 log_ratio=0.0000 accept=1.0000 swapped=True
i=11 pair=(6,7) lam_t=1.02143 lam_s=1.03571 tsr_diff=0.011242 integral_mean=0.002522 integral_std=0.020420 log_ratio=0.0000 accept=1.0000 swapped=True
i=12 pair=(4,2) lam_t=0.95000 lam_s=0.96429 tsr_diff=0.013839 integral_mean=0.000488 integral_std=0.014029 log_ratio=0.0000 accept=1.0000 swapped=True
i=12 pair=(5,3) lam_t=0.97857 lam_s=0.99286 tsr_diff=0.013131 integral_mean=0.000719 integral_std=0.017730 log_ratio=0.0000 accept=1.0000 swapped=True
i=12 pair=(1,7) lam_t=1.00714 lam_s=1.02143 tsr_diff=0.012476 integral_mean=-0.000014 integral_std=0.014867 log_ratio=-0.0329 accept=0.9676 swapped=True
i=12 pair=(6,0) lam_t=1.03571 lam_s=1.05000 tsr_diff=0.011868 integral_mean=0.000239 integral_std=0.019635 log_ratio=0.0000 accept=1.0000 swapped=True
i=13 pair=(4,3) lam_t=0.96429 lam_s=0.97857 tsr_diff=0.014342 integral_mean=0.000323 integral_std=0.011545 log_ratio=0.0000 accept=1.0000 swapped=True
i=13 pair=(5,7) lam_t=0.99286 lam_s=1.00714 tsr_diff=0.013574 integral_mean=0.000184 integral_std=0.022151 log_ratio=0.0000 accept=1.0000 swapped=True
i=13 pair=(1,0) lam_t=1.02143 lam_s=1.03571 tsr_diff=0.012866 integral_mean=-0.001169 integral_std=0.032217 log_ratio=-2.8064 accept=0.0604 swapped=False
i=14 pair=(2,3) lam_t=0.95000 lam_s=0.96429 tsr_diff=0.015346 integral_mean=0.001634 integral_std=0.035518 log_ratio=0.0000 accept=1.0000 swapped=True
i=14 pair=(4,7) lam_t=0.97857 lam_s=0.99286 tsr_diff=0.014482 integral_mean=-0.001736 integral_std=0.059452 log_ratio=-4.1656 accept=0.0155 swapped=False
i=14 pair=(5,1) lam_t=1.00714 lam_s=1.02143 tsr_diff=0.013689 integral_mean=-0.000265 integral_std=0.025383 log_ratio=-0.6365 accept=0.5291 swapped=False
i=14 pair=(0,6) lam_t=1.03571 lam_s=1.05000 tsr_diff=0.012959 integral_mean=0.002429 integral_std=0.072841 log_ratio=0.0000 accept=1.0000 swapped=True
Best Sample: 2 log probability 0.000
Saved 1 samples to: logs/pointmaze-giant-navigate-v0/inference/plans/release_H400_T256_LimitsNormalizer_b1_condFalse/2026-07-20 18:04:05/32/0.png
Saved 1 samples to: logs/pointmaze-giant-navigate-v0/inference/plans/release_H400_T256_LimitsNormalizer_b1_condFalse/2026-07-20 18:04:05/32/rollout.png
i=0 pair=(0,1) lam_t=0.95000 lam_s=0.96429 tsr_diff=0.000000 integral_mean=0.000000 integral_std=0.000000 log_ratio=0.0000 accept=1.0000 swapped=True
i=0 pair=(2,3) lam_t=0.97857 lam_s=0.99286 tsr_diff=0.000000 integral_mean=0.000000 integral_std=0.000000 log_ratio=0.0000 accept=1.0000 swapped=True
i=0 pair=(4,5) lam_t=1.00714 lam_s=1.02143 tsr_diff=0.000000 integral_mean=0.000000 integral_std=0.000000 log_ratio=0.0000 accept=1.0000 swapped=True
i=0 pair=(6,7) lam_t=1.03571 lam_s=1.05000 tsr_diff=0.000000 integral_mean=0.000000 integral_std=0.000000 log_ratio=0.0000 accept=1.0000 swapped=True
i=1 pair=(0,3) lam_t=0.96429 lam_s=0.97857 tsr_diff=0.000153 integral_mean=0.000011 integral_std=0.000150 log_ratio=0.0000 accept=1.0000 swapped=True
i=1 pair=(2,5) lam_t=0.99286 lam_s=1.00714 tsr_diff=0.000152 integral_mean=-0.000001 integral_std=0.000150 log_ratio=-0.0031 accept=0.9969 swapped=True
i=1 pair=(4,7) lam_t=1.02143 lam_s=1.03571 tsr_diff=0.000152 integral_mean=-0.000108 integral_std=0.000310 log_ratio=-0.2590 accept=0.7718 swapped=True
i=2 pair=(1,3) lam_t=0.95000 lam_s=0.96429 tsr_diff=0.000605 integral_mean=-0.000026 integral_std=0.000633 log_ratio=-0.0632 accept=0.9388 swapped=True
i=2 pair=(0,5) lam_t=0.97857 lam_s=0.99286 tsr_diff=0.000604 integral_mean=0.000018 integral_std=0.000619 log_ratio=0.0000 accept=1.0000 swapped=True
i=2 pair=(2,7) lam_t=1.00714 lam_s=1.02143 tsr_diff=0.000603 integral_mean=-0.000078 integral_std=0.000686 log_ratio=-0.1869 accept=0.8295 swapped=True
i=2 pair=(4,6) lam_t=1.03571 lam_s=1.05000 tsr_diff=0.000601 integral_mean=-0.000004 integral_std=0.000615 log_ratio=-0.0105 accept=0.9896 swapped=True
i=3 pair=(1,5) lam_t=0.96429 lam_s=0.97857 tsr_diff=0.001341 integral_mean=0.000092 integral_std=0.001392 log_ratio=0.0000 accept=1.0000 swapped=True
i=3 pair=(0,7) lam_t=0.99286 lam_s=1.00714 tsr_diff=0.001333 integral_mean=-0.000174 integral_std=0.001537 log_ratio=-0.4180 accept=0.6584 swapped=True
i=3 pair=(2,6) lam_t=1.02143 lam_s=1.03571 tsr_diff=0.001326 integral_mean=0.000003 integral_std=0.001209 log_ratio=0.0000 accept=1.0000 swapped=True
i=4 pair=(3,5) lam_t=0.95000 lam_s=0.96429 tsr_diff=0.002344 integral_mean=0.000089 integral_std=0.002233 log_ratio=0.0000 accept=1.0000 swapped=True
i=4 pair=(1,7) lam_t=0.97857 lam_s=0.99286 tsr_diff=0.002322 integral_mean=-0.000062 integral_std=0.002343 log_ratio=-0.1487 accept=0.8619 swapped=True
i=4 pair=(0,6) lam_t=1.00714 lam_s=1.02143 tsr_diff=0.002301 integral_mean=0.000233 integral_std=0.002443 log_ratio=0.0000 accept=1.0000 swapped=True
i=4 pair=(2,4) lam_t=1.03571 lam_s=1.05000 tsr_diff=0.002280 integral_mean=-0.000020 integral_std=0.002124 log_ratio=-0.0487 accept=0.9525 swapped=True
i=5 pair=(3,7) lam_t=0.96429 lam_s=0.97857 tsr_diff=0.003545 integral_mean=0.000004 integral_std=0.003350 log_ratio=0.0000 accept=1.0000 swapped=True
i=5 pair=(1,6) lam_t=0.99286 lam_s=1.00714 tsr_diff=0.003496 integral_mean=0.000044 integral_std=0.003320 log_ratio=0.0000 accept=1.0000 swapped=True
i=5 pair=(0,4) lam_t=1.02143 lam_s=1.03571 tsr_diff=0.003447 integral_mean=-0.000049 integral_std=0.003276 log_ratio=-0.1164 accept=0.8901 swapped=True
i=6 pair=(5,7) lam_t=0.95000 lam_s=0.96429 tsr_diff=0.004979 integral_mean=-0.000240 integral_std=0.004884 log_ratio=-0.5751 accept=0.5626 swapped=True
i=6 pair=(3,6) lam_t=0.97857 lam_s=0.99286 tsr_diff=0.004883 integral_mean=0.000035 integral_std=0.004461 log_ratio=0.0000 accept=1.0000 swapped=True
i=6 pair=(1,4) lam_t=1.00714 lam_s=1.02143 tsr_diff=0.004789 integral_mean=0.000099 integral_std=0.004329 log_ratio=0.0000 accept=1.0000 swapped=True
i=6 pair=(0,2) lam_t=1.03571 lam_s=1.05000 tsr_diff=0.004698 integral_mean=0.000063 integral_std=0.004460 log_ratio=0.0000 accept=1.0000 swapped=True
i=7 pair=(5,6) lam_t=0.96429 lam_s=0.97857 tsr_diff=0.006435 integral_mean=-0.000064 integral_std=0.005610 log_ratio=-0.1527 accept=0.8583 swapped=True
i=7 pair=(3,4) lam_t=0.99286 lam_s=1.00714 tsr_diff=0.006274 integral_mean=-0.000412 integral_std=0.006007 log_ratio=-0.9897 accept=0.3717 swapped=False
i=7 pair=(1,2) lam_t=1.02143 lam_s=1.03571 tsr_diff=0.006120 integral_mean=-0.000067 integral_std=0.005682 log_ratio=-0.1612 accept=0.8511 swapped=True
i=8 pair=(7,6) lam_t=0.95000 lam_s=0.96429 tsr_diff=0.008123 integral_mean=0.000294 integral_std=0.007670 log_ratio=0.0000 accept=1.0000 swapped=True
i=8 pair=(5,3) lam_t=0.97857 lam_s=0.99286 tsr_diff=0.007872 integral_mean=-0.000092 integral_std=0.007084 log_ratio=-0.2203 accept=0.8022 swapped=True
i=8 pair=(4,2) lam_t=1.00714 lam_s=1.02143 tsr_diff=0.007631 integral_mean=0.000729 integral_std=0.007757 log_ratio=0.0000 accept=1.0000 swapped=True
i=8 pair=(1,0) lam_t=1.03571 lam_s=1.05000 tsr_diff=0.007402 integral_mean=-0.000488 integral_std=0.007409 log_ratio=-1.1702 accept=0.3103 swapped=False
i=9 pair=(7,3) lam_t=0.96429 lam_s=0.97857 tsr_diff=0.009548 integral_mean=0.000179 integral_std=0.008013 log_ratio=0.0000 accept=1.0000 swapped=True
i=9 pair=(5,2) lam_t=0.99286 lam_s=1.00714 tsr_diff=0.009200 integral_mean=0.000241 integral_std=0.008335 log_ratio=0.0000 accept=1.0000 swapped=True
i=9 pair=(4,1) lam_t=1.02143 lam_s=1.03571 tsr_diff=0.008870 integral_mean=0.000868 integral_std=0.009136 log_ratio=0.0000 accept=1.0000 swapped=True
i=10 pair=(6,3) lam_t=0.95000 lam_s=0.96429 tsr_diff=0.011265 integral_mean=-0.000190 integral_std=0.010515 log_ratio=-0.4563 accept=0.6336 swapped=False
i=10 pair=(7,2) lam_t=0.97857 lam_s=0.99286 tsr_diff=0.010789 integral_mean=0.000755 integral_std=0.011319 log_ratio=0.0000 accept=1.0000 swapped=True
i=10 pair=(5,1) lam_t=1.00714 lam_s=1.02143 tsr_diff=0.010342 integral_mean=0.000416 integral_std=0.013314 log_ratio=0.0000 accept=1.0000 swapped=True
i=10 pair=(4,0) lam_t=1.03571 lam_s=1.05000 tsr_diff=0.009923 integral_mean=0.000860 integral_std=0.011656 log_ratio=0.0000 accept=1.0000 swapped=True
i=11 pair=(3,2) lam_t=0.96429 lam_s=0.97857 tsr_diff=0.012354 integral_mean=0.000540 integral_std=0.011742 log_ratio=0.0000 accept=1.0000 swapped=True
i=11 pair=(7,1) lam_t=0.99286 lam_s=1.00714 tsr_diff=0.011778 integral_mean=0.001189 integral_std=0.015486 log_ratio=0.0000 accept=1.0000 swapped=True
i=11 pair=(5,0) lam_t=1.02143 lam_s=1.03571 tsr_diff=0.011242 integral_mean=0.001223 integral_std=0.018924 log_ratio=0.0000 accept=1.0000 swapped=True
i=12 pair=(6,2) lam_t=0.95000 lam_s=0.96429 tsr_diff=0.013839 integral_mean=0.000097 integral_std=0.009535 log_ratio=0.0000 accept=1.0000 swapped=True
i=12 pair=(3,1) lam_t=0.97857 lam_s=0.99286 tsr_diff=0.013131 integral_mean=-0.000093 integral_std=0.015131 log_ratio=-0.2226 accept=0.8004 swapped=True
i=12 pair=(7,0) lam_t=1.00714 lam_s=1.02143 tsr_diff=0.012476 integral_mean=-0.000205 integral_std=0.016575 log_ratio=-0.4928 accept=0.6109 swapped=True
i=12 pair=(5,4) lam_t=1.03571 lam_s=1.05000 tsr_diff=0.011868 integral_mean=0.000759 integral_std=0.023108 log_ratio=0.0000 accept=1.0000 swapped=True
i=13 pair=(6,1) lam_t=0.96429 lam_s=0.97857 tsr_diff=0.014342 integral_mean=-0.000341 integral_std=0.020531 log_ratio=-0.8181 accept=0.4413 swapped=False
i=13 pair=(3,0) lam_t=0.99286 lam_s=1.00714 tsr_diff=0.013574 integral_mean=-0.001996 integral_std=0.021835 log_ratio=-4.7907 accept=0.0083 swapped=False
i=13 pair=(7,4) lam_t=1.02143 lam_s=1.03571 tsr_diff=0.012866 integral_mean=-0.000095 integral_std=0.031553 log_ratio=-0.2284 accept=0.7958 swapped=True
i=14 pair=(2,6) lam_t=0.95000 lam_s=0.96429 tsr_diff=0.015346 integral_mean=0.000743 integral_std=0.013488 log_ratio=0.0000 accept=1.0000 swapped=True
i=14 pair=(1,3) lam_t=0.97857 lam_s=0.99286 tsr_diff=0.014482 integral_mean=0.001059 integral_std=0.032232 log_ratio=0.0000 accept=1.0000 swapped=True
i=14 pair=(0,4) lam_t=1.00714 lam_s=1.02143 tsr_diff=0.013689 integral_mean=-0.007027 integral_std=0.108607 log_ratio=-16.8646 accept=0.0000 swapped=False
i=14 pair=(7,5) lam_t=1.03571 lam_s=1.05000 tsr_diff=0.012959 integral_mean=0.001946 integral_std=0.061015 log_ratio=0.0000 accept=1.0000 swapped=True
Best Sample: 3 log probability -0.650
Saved 1 samples to: logs/pointmaze-giant-navigate-v0/inference/plans/release_H400_T256_LimitsNormalizer_b1_condFalse/2026-07-20 18:04:05/33/0.png
Saved 1 samples to: logs/pointmaze-giant-navigate-v0/inference/plans/release_H400_T256_LimitsNormalizer_b1_condFalse/2026-07-20 18:04:05/33/rollout.png
i=0 pair=(0,1) lam_t=0.95000 lam_s=0.96429 tsr_diff=0.000000 integral_mean=0.000000 integral_std=0.000000 log_ratio=0.0000 accept=1.0000 swapped=True
i=0 pair=(2,3) lam_t=0.97857 lam_s=0.99286 tsr_diff=0.000000 integral_mean=0.000000 integral_std=0.000000 log_ratio=0.0000 accept=1.0000 swapped=True
i=0 pair=(4,5) lam_t=1.00714 lam_s=1.02143 tsr_diff=0.000000 integral_mean=0.000000 integral_std=0.000000 log_ratio=0.0000 accept=1.0000 swapped=True
i=0 pair=(6,7) lam_t=1.03571 lam_s=1.05000 tsr_diff=0.000000 integral_mean=0.000000 integral_std=0.000000 log_ratio=0.0000 accept=1.0000 swapped=True
i=1 pair=(0,3) lam_t=0.96429 lam_s=0.97857 tsr_diff=0.000153 integral_mean=0.000002 integral_std=0.000147 log_ratio=0.0000 accept=1.0000 swapped=True
i=1 pair=(2,5) lam_t=0.99286 lam_s=1.00714 tsr_diff=0.000152 integral_mean=-0.000017 integral_std=0.000158 log_ratio=-0.0404 accept=0.9604 swapped=True
i=1 pair=(4,7) lam_t=1.02143 lam_s=1.03571 tsr_diff=0.000152 integral_mean=-0.000002 integral_std=0.000154 log_ratio=-0.0037 accept=0.9964 swapped=True
i=2 pair=(1,3) lam_t=0.95000 lam_s=0.96429 tsr_diff=0.000605 integral_mean=0.000006 integral_std=0.000645 log_ratio=0.0000 accept=1.0000 swapped=True
i=2 pair=(0,5) lam_t=0.97857 lam_s=0.99286 tsr_diff=0.000604 integral_mean=-0.000008 integral_std=0.000586 log_ratio=-0.0200 accept=0.9802 swapped=True
i=2 pair=(2,7) lam_t=1.00714 lam_s=1.02143 tsr_diff=0.000603 integral_mean=-0.000008 integral_std=0.000573 log_ratio=-0.0199 accept=0.9803 swapped=True
i=2 pair=(4,6) lam_t=1.03571 lam_s=1.05000 tsr_diff=0.000601 integral_mean=-0.000025 integral_std=0.000613 log_ratio=-0.0610 accept=0.9409 swapped=True
i=3 pair=(1,5) lam_t=0.96429 lam_s=0.97857 tsr_diff=0.001341 integral_mean=-0.000014 integral_std=0.001340 log_ratio=-0.0343 accept=0.9663 swapped=True
i=3 pair=(0,7) lam_t=0.99286 lam_s=1.00714 tsr_diff=0.001333 integral_mean=0.000003 integral_std=0.001266 log_ratio=0.0000 accept=1.0000 swapped=True
i=3 pair=(2,6) lam_t=1.02143 lam_s=1.03571 tsr_diff=0.001326 integral_mean=0.000015 integral_std=0.001279 log_ratio=0.0000 accept=1.0000 swapped=True
i=4 pair=(3,5) lam_t=0.95000 lam_s=0.96429 tsr_diff=0.002344 integral_mean=0.000111 integral_std=0.002512 log_ratio=0.0000 accept=1.0000 swapped=True
i=4 pair=(1,7) lam_t=0.97857 lam_s=0.99286 tsr_diff=0.002322 integral_mean=-0.000039 integral_std=0.002307 log_ratio=-0.0943 accept=0.9100 swapped=True
i=4 pair=(0,6) lam_t=1.00714 lam_s=1.02143 tsr_diff=0.002301 integral_mean=-0.000030 integral_std=0.002129 log_ratio=-0.0709 accept=0.9315 swapped=True
i=4 pair=(2,4) lam_t=1.03571 lam_s=1.05000 tsr_diff=0.002280 integral_mean=0.000030 integral_std=0.002168 log_ratio=0.0000 accept=1.0000 swapped=True
i=5 pair=(3,7) lam_t=0.96429 lam_s=0.97857 tsr_diff=0.003545 integral_mean=0.000161 integral_std=0.003465 log_ratio=0.0000 accept=1.0000 swapped=True
i=5 pair=(1,6) lam_t=0.99286 lam_s=1.00714 tsr_diff=0.003496 integral_mean=-0.000074 integral_std=0.003296 log_ratio=-0.1783 accept=0.8367 swapped=True
i=5 pair=(0,4) lam_t=1.02143 lam_s=1.03571 tsr_diff=0.003447 integral_mean=-0.000007 integral_std=0.003322 log_ratio=-0.0163 accept=0.9838 swapped=True
i=6 pair=(5,7) lam_t=0.95000 lam_s=0.96429 tsr_diff=0.004979 integral_mean=-0.000077 integral_std=0.004268 log_ratio=-0.1855 accept=0.8307 swapped=True
i=6 pair=(3,6) lam_t=0.97857 lam_s=0.99286 tsr_diff=0.004883 integral_mean=0.000009 integral_std=0.004558 log_ratio=0.0000 accept=1.0000 swapped=True
i=6 pair=(1,4) lam_t=1.00714 lam_s=1.02143 tsr_diff=0.004789 integral_mean=-0.000122 integral_std=0.004630 log_ratio=-0.2921 accept=0.7467 swapped=True
i=6 pair=(0,2) lam_t=1.03571 lam_s=1.05000 tsr_diff=0.004698 integral_mean=0.000007 integral_std=0.004199 log_ratio=0.0000 accept=1.0000 swapped=True
i=7 pair=(5,6) lam_t=0.96429 lam_s=0.97857 tsr_diff=0.006435 integral_mean=-0.000121 integral_std=0.006060 log_ratio=-0.2904 accept=0.7479 swapped=True
i=7 pair=(3,4) lam_t=0.99286 lam_s=1.00714 tsr_diff=0.006274 integral_mean=-0.000157 integral_std=0.006421 log_ratio=-0.3761 accept=0.6866 swapped=True
i=7 pair=(1,2) lam_t=1.02143 lam_s=1.03571 tsr_diff=0.006120 integral_mean=-0.000006 integral_std=0.005386 log_ratio=-0.0133 accept=0.9868 swapped=True
i=8 pair=(7,6) lam_t=0.95000 lam_s=0.96429 tsr_diff=0.008123 integral_mean=-0.000407 integral_std=0.007531 log_ratio=-0.9774 accept=0.3763 swapped=True
i=8 pair=(5,4) lam_t=0.97857 lam_s=0.99286 tsr_diff=0.007872 integral_mean=-0.000321 integral_std=0.008092 log_ratio=-0.7701 accept=0.4630 swapped=True
i=8 pair=(3,2) lam_t=1.00714 lam_s=1.02143 tsr_diff=0.007631 integral_mean=0.000157 integral_std=0.006979 log_ratio=0.0000 accept=1.0000 swapped=True
i=8 pair=(1,0) lam_t=1.03571 lam_s=1.05000 tsr_diff=0.007402 integral_mean=0.000216 integral_std=0.006521 log_ratio=0.0000 accept=1.0000 swapped=True
i=9 pair=(7,4) lam_t=0.96429 lam_s=0.97857 tsr_diff=0.009548 integral_mean=-0.000680 integral_std=0.010919 log_ratio=-1.6323 accept=0.1955 swapped=False
i=9 pair=(5,2) lam_t=0.99286 lam_s=1.00714 tsr_diff=0.009200 integral_mean=0.000264 integral_std=0.007480 log_ratio=0.0000 accept=1.0000 swapped=True
i=9 pair=(3,0) lam_t=1.02143 lam_s=1.03571 tsr_diff=0.008870 integral_mean=0.000304 integral_std=0.009690 log_ratio=0.0000 accept=1.0000 swapped=True
i=10 pair=(6,7) lam_t=0.95000 lam_s=0.96429 tsr_diff=0.011265 integral_mean=0.000365 integral_std=0.012256 log_ratio=0.0000 accept=1.0000 swapped=True
i=10 pair=(4,2) lam_t=0.97857 lam_s=0.99286 tsr_diff=0.010789 integral_mean=0.001836 integral_std=0.015229 log_ratio=0.0000 accept=1.0000 swapped=True
i=10 pair=(5,0) lam_t=1.00714 lam_s=1.02143 tsr_diff=0.010342 integral_mean=0.000319 integral_std=0.009727 log_ratio=0.0000 accept=1.0000 swapped=True
i=10 pair=(3,1) lam_t=1.03571 lam_s=1.05000 tsr_diff=0.009923 integral_mean=-0.000019 integral_std=0.011884 log_ratio=-0.0446 accept=0.9564 swapped=False
i=11 pair=(6,2) lam_t=0.96429 lam_s=0.97857 tsr_diff=0.012354 integral_mean=0.000821 integral_std=0.012533 log_ratio=0.0000 accept=1.0000 swapped=True
i=11 pair=(4,0) lam_t=0.99286 lam_s=1.00714 tsr_diff=0.011778 integral_mean=0.000527 integral_std=0.016146 log_ratio=0.0000 accept=1.0000 swapped=True
i=11 pair=(5,3) lam_t=1.02143 lam_s=1.03571 tsr_diff=0.011242 integral_mean=-0.000994 integral_std=0.011958 log_ratio=-2.3865 accept=0.0919 swapped=False
i=12 pair=(7,2) lam_t=0.95000 lam_s=0.96429 tsr_diff=0.013839 integral_mean=0.000481 integral_std=0.008602 log_ratio=0.0000 accept=1.0000 swapped=True
i=12 pair=(6,0) lam_t=0.97857 lam_s=0.99286 tsr_diff=0.013131 integral_mean=0.000988 integral_std=0.020141 log_ratio=0.0000 accept=1.0000 swapped=True
i=12 pair=(4,5) lam_t=1.00714 lam_s=1.02143 tsr_diff=0.012476 integral_mean=0.002727 integral_std=0.029697 log_ratio=0.0000 accept=1.0000 swapped=True
i=12 pair=(3,1) lam_t=1.03571 lam_s=1.05000 tsr_diff=0.011868 integral_mean=0.001612 integral_std=0.016908 log_ratio=0.0000 accept=1.0000 swapped=True
i=13 pair=(7,0) lam_t=0.96429 lam_s=0.97857 tsr_diff=0.014342 integral_mean=0.000144 integral_std=0.019150 log_ratio=0.0000 accept=1.0000 swapped=True
i=13 pair=(6,5) lam_t=0.99286 lam_s=1.00714 tsr_diff=0.013574 integral_mean=0.001538 integral_std=0.019516 log_ratio=0.0000 accept=1.0000 swapped=True
i=13 pair=(4,1) lam_t=1.02143 lam_s=1.03571 tsr_diff=0.012866 integral_mean=0.002861 integral_std=0.026577 log_ratio=0.0000 accept=1.0000 swapped=True
i=14 pair=(2,0) lam_t=0.95000 lam_s=0.96429 tsr_diff=0.015346 integral_mean=0.001660 integral_std=0.035111 log_ratio=0.0000 accept=1.0000 swapped=True
i=14 pair=(7,5) lam_t=0.97857 lam_s=0.99286 tsr_diff=0.014482 integral_mean=0.000794 integral_std=0.008449 log_ratio=0.0000 accept=1.0000 swapped=True
i=14 pair=(6,1) lam_t=1.00714 lam_s=1.02143 tsr_diff=0.013689 integral_mean=0.008422 integral_std=0.056433 log_ratio=0.0000 accept=1.0000 swapped=True
i=14 pair=(4,3) lam_t=1.03571 lam_s=1.05000 tsr_diff=0.012959 integral_mean=-0.014167 integral_std=0.142224 log_ratio=-34.0008 accept=0.0000 swapped=False
Best Sample: 2 log probability 0.000
Saved 1 samples to: logs/pointmaze-giant-navigate-v0/inference/plans/release_H400_T256_LimitsNormalizer_b1_condFalse/2026-07-20 18:04:05/34/0.png
Saved 1 samples to: logs/pointmaze-giant-navigate-v0/inference/plans/release_H400_T256_LimitsNormalizer_b1_condFalse/2026-07-20 18:04:05/34/rollout.png
i=0 pair=(0,1) lam_t=0.95000 lam_s=0.96429 tsr_diff=0.000000 integral_mean=0.000000 integral_std=0.000000 log_ratio=0.0000 accept=1.0000 swapped=True
i=0 pair=(2,3) lam_t=0.97857 lam_s=0.99286 tsr_diff=0.000000 integral_mean=0.000000 integral_std=0.000000 log_ratio=0.0000 accept=1.0000 swapped=True
i=0 pair=(4,5) lam_t=1.00714 lam_s=1.02143 tsr_diff=0.000000 integral_mean=0.000000 integral_std=0.000000 log_ratio=0.0000 accept=1.0000 swapped=True
i=0 pair=(6,7) lam_t=1.03571 lam_s=1.05000 tsr_diff=0.000000 integral_mean=0.000000 integral_std=0.000000 log_ratio=0.0000 accept=1.0000 swapped=True
i=1 pair=(0,3) lam_t=0.96429 lam_s=0.97857 tsr_diff=0.000153 integral_mean=-0.000001 integral_std=0.000149 log_ratio=-0.0031 accept=0.9969 swapped=True
i=1 pair=(2,5) lam_t=0.99286 lam_s=1.00714 tsr_diff=0.000152 integral_mean=0.000003 integral_std=0.000158 log_ratio=0.0000 accept=1.0000 swapped=True
i=1 pair=(4,7) lam_t=1.02143 lam_s=1.03571 tsr_diff=0.000152 integral_mean=-0.000001 integral_std=0.000144 log_ratio=-0.0030 accept=0.9970 swapped=True
i=2 pair=(1,3) lam_t=0.95000 lam_s=0.96429 tsr_diff=0.000605 integral_mean=-0.000007 integral_std=0.000604 log_ratio=-0.0161 accept=0.9840 swapped=True
i=2 pair=(0,5) lam_t=0.97857 lam_s=0.99286 tsr_diff=0.000604 integral_mean=0.000117 integral_std=0.000793 log_ratio=0.0000 accept=1.0000 swapped=True
i=2 pair=(2,7) lam_t=1.00714 lam_s=1.02143 tsr_diff=0.000603 integral_mean=0.000006 integral_std=0.000579 log_ratio=0.0000 accept=1.0000 swapped=True
i=2 pair=(4,6) lam_t=1.03571 lam_s=1.05000 tsr_diff=0.000601 integral_mean=-0.000018 integral_std=0.000612 log_ratio=-0.0426 accept=0.9583 swapped=True
i=3 pair=(1,5) lam_t=0.96429 lam_s=0.97857 tsr_diff=0.001341 integral_mean=-0.000012 integral_std=0.001297 log_ratio=-0.0277 accept=0.9727 swapped=True
i=3 pair=(0,7) lam_t=0.99286 lam_s=1.00714 tsr_diff=0.001333 integral_mean=0.000074 integral_std=0.001452 log_ratio=0.0000 accept=1.0000 swapped=True
i=3 pair=(2,6) lam_t=1.02143 lam_s=1.03571 tsr_diff=0.001326 integral_mean=0.000007 integral_std=0.001276 log_ratio=0.0000 accept=1.0000 swapped=True
i=4 pair=(3,5) lam_t=0.95000 lam_s=0.96429 tsr_diff=0.002344 integral_mean=0.000067 integral_std=0.002293 log_ratio=0.0000 accept=1.0000 swapped=True
i=4 pair=(1,7) lam_t=0.97857 lam_s=0.99286 tsr_diff=0.002322 integral_mean=-0.000053 integral_std=0.002172 log_ratio=-0.1269 accept=0.8808 swapped=True
i=4 pair=(0,6) lam_t=1.00714 lam_s=1.02143 tsr_diff=0.002301 integral_mean=0.000029 integral_std=0.002314 log_ratio=0.0000 accept=1.0000 swapped=True
i=4 pair=(2,4) lam_t=1.03571 lam_s=1.05000 tsr_diff=0.002280 integral_mean=0.000123 integral_std=0.002124 log_ratio=0.0000 accept=1.0000 swapped=True
i=5 pair=(3,7) lam_t=0.96429 lam_s=0.97857 tsr_diff=0.003545 integral_mean=-0.000066 integral_std=0.003814 log_ratio=-0.1585 accept=0.8534 swapped=True
i=5 pair=(1,6) lam_t=0.99286 lam_s=1.00714 tsr_diff=0.003496 integral_mean=-0.000125 integral_std=0.003238 log_ratio=-0.3001 accept=0.7407 swapped=False
i=5 pair=(0,4) lam_t=1.02143 lam_s=1.03571 tsr_diff=0.003447 integral_mean=0.000052 integral_std=0.003341 log_ratio=0.0000 accept=1.0000 swapped=True
i=6 pair=(5,7) lam_t=0.95000 lam_s=0.96429 tsr_diff=0.004979 integral_mean=-0.000164 integral_std=0.004978 log_ratio=-0.3933 accept=0.6748 swapped=False
i=6 pair=(3,1) lam_t=0.97857 lam_s=0.99286 tsr_diff=0.004883 integral_mean=0.000005 integral_std=0.004420 log_ratio=0.0000 accept=1.0000 swapped=True
i=6 pair=(6,4) lam_t=1.00714 lam_s=1.02143 tsr_diff=0.004789 integral_mean=-0.000079 integral_std=0.004816 log_ratio=-0.1893 accept=0.8275 swapped=True
i=6 pair=(0,2) lam_t=1.03571 lam_s=1.05000 tsr_diff=0.004698 integral_mean=-0.000411 integral_std=0.004792 log_ratio=-0.9872 accept=0.3726 swapped=False
i=7 pair=(7,1) lam_t=0.96429 lam_s=0.97857 tsr_diff=0.006435 integral_mean=0.000031 integral_std=0.005903 log_ratio=0.0000 accept=1.0000 swapped=True
i=7 pair=(3,4) lam_t=0.99286 lam_s=1.00714 tsr_diff=0.006274 integral_mean=-0.000576 integral_std=0.007076 log_ratio=-1.3822 accept=0.2510 swapped=True
i=7 pair=(6,0) lam_t=1.02143 lam_s=1.03571 tsr_diff=0.006120 integral_mean=0.000198 integral_std=0.005312 log_ratio=0.0000 accept=1.0000 swapped=True
i=8 pair=(5,1) lam_t=0.95000 lam_s=0.96429 tsr_diff=0.008123 integral_mean=-0.000156 integral_std=0.007900 log_ratio=-0.3739 accept=0.6880 swapped=True
i=8 pair=(7,4) lam_t=0.97857 lam_s=0.99286 tsr_diff=0.007872 integral_mean=-0.000284 integral_std=0.007519 log_ratio=-0.6815 accept=0.5058 swapped=True
i=8 pair=(3,0) lam_t=1.00714 lam_s=1.02143 tsr_diff=0.007631 integral_mean=0.000256 integral_std=0.006689 log_ratio=0.0000 accept=1.0000 swapped=True
i=8 pair=(6,2) lam_t=1.03571 lam_s=1.05000 tsr_diff=0.007402 integral_mean=-0.000504 integral_std=0.008074 log_ratio=-1.2101 accept=0.2982 swapped=False
i=9 pair=(5,4) lam_t=0.96429 lam_s=0.97857 tsr_diff=0.009548 integral_mean=-0.000059 integral_std=0.008720 log_ratio=-0.1423 accept=0.8674 swapped=True
i=9 pair=(7,0) lam_t=0.99286 lam_s=1.00714 tsr_diff=0.009200 integral_mean=0.000587 integral_std=0.009764 log_ratio=0.0000 accept=1.0000 swapped=True
i=9 pair=(3,6) lam_t=1.02143 lam_s=1.03571 tsr_diff=0.008870 integral_mean=0.000027 integral_std=0.007641 log_ratio=0.0000 accept=1.0000 swapped=True
i=10 pair=(1,4) lam_t=0.95000 lam_s=0.96429 tsr_diff=0.011265 integral_mean=-0.000841 integral_std=0.013807 log_ratio=-2.0188 accept=0.1328 swapped=False
i=10 pair=(5,0) lam_t=0.97857 lam_s=0.99286 tsr_diff=0.010789 integral_mean=0.000155 integral_std=0.009265 log_ratio=0.0000 accept=1.0000 swapped=True
i=10 pair=(7,6) lam_t=1.00714 lam_s=1.02143 tsr_diff=0.010342 integral_mean=-0.001077 integral_std=0.017887 log_ratio=-2.5854 accept=0.0754 swapped=False
i=10 pair=(3,2) lam_t=1.03571 lam_s=1.05000 tsr_diff=0.009923 integral_mean=-0.000657 integral_std=0.012926 log_ratio=-1.5778 accept=0.2064 swapped=False
i=11 pair=(4,0) lam_t=0.96429 lam_s=0.97857 tsr_diff=0.012354 integral_mean=0.000287 integral_std=0.018323 log_ratio=0.0000 accept=1.0000 swapped=True
i=11 pair=(5,7) lam_t=0.99286 lam_s=1.00714 tsr_diff=0.011778 integral_mean=-0.001295 integral_std=0.015252 log_ratio=-3.1069 accept=0.0447 swapped=False
i=11 pair=(6,3) lam_t=1.02143 lam_s=1.03571 tsr_diff=0.011242 integral_mean=0.001891 integral_std=0.014866 log_ratio=0.0000 accept=1.0000 swapped=True
i=12 pair=(1,0) lam_t=0.95000 lam_s=0.96429 tsr_diff=0.013839 integral_mean=0.001110 integral_std=0.016682 log_ratio=0.0000 accept=1.0000 swapped=True
i=12 pair=(4,5) lam_t=0.97857 lam_s=0.99286 tsr_diff=0.013131 integral_mean=0.001061 integral_std=0.015043 log_ratio=0.0000 accept=1.0000 swapped=True
i=12 pair=(7,3) lam_t=1.00714 lam_s=1.02143 tsr_diff=0.012476 integral_mean=0.000038 integral_std=0.020258 log_ratio=0.0000 accept=1.0000 swapped=True
i=12 pair=(6,2) lam_t=1.03571 lam_s=1.05000 tsr_diff=0.011868 integral_mean=-0.000889 integral_std=0.034031 log_ratio=-2.1328 accept=0.1185 swapped=False
i=13 pair=(1,5) lam_t=0.96429 lam_s=0.97857 tsr_diff=0.014342 integral_mean=0.001365 integral_std=0.016801 log_ratio=0.0000 accept=1.0000 swapped=True
i=13 pair=(4,3) lam_t=0.99286 lam_s=1.00714 tsr_diff=0.013574 integral_mean=-0.000462 integral_std=0.027628 log_ratio=-1.1099 accept=0.3296 swapped=False
i=13 pair=(7,6) lam_t=1.02143 lam_s=1.03571 tsr_diff=0.012866 integral_mean=-0.003522 integral_std=0.037253 log_ratio=-8.4522 accept=0.0002 swapped=False
i=14 pair=(0,5) lam_t=0.95000 lam_s=0.96429 tsr_diff=0.015346 integral_mean=0.002553 integral_std=0.023249 log_ratio=0.0000 accept=1.0000 swapped=True
i=14 pair=(1,4) lam_t=0.97857 lam_s=0.99286 tsr_diff=0.014482 integral_mean=0.001756 integral_std=0.048310 log_ratio=0.0000 accept=1.0000 swapped=True
i=14 pair=(3,7) lam_t=1.00714 lam_s=1.02143 tsr_diff=0.013689 integral_mean=0.003054 integral_std=0.069325 log_ratio=0.0000 accept=1.0000 swapped=True
i=14 pair=(6,2) lam_t=1.03571 lam_s=1.05000 tsr_diff=0.012959 integral_mean=0.029493 integral_std=0.180841 log_ratio=0.0000 accept=1.0000 swapped=True
Best Sample: 5 log probability -0.186
Saved 1 samples to: logs/pointmaze-giant-navigate-v0/inference/plans/release_H400_T256_LimitsNormalizer_b1_condFalse/2026-07-20 18:04:05/35/0.png
Saved 1 samples to: logs/pointmaze-giant-navigate-v0/inference/plans/release_H400_T256_LimitsNormalizer_b1_condFalse/2026-07-20 18:04:05/35/rollout.png
i=0 pair=(0,1) lam_t=0.95000 lam_s=0.96429 tsr_diff=0.000000 integral_mean=0.000000 integral_std=0.000000 log_ratio=0.0000 accept=1.0000 swapped=True
i=0 pair=(2,3) lam_t=0.97857 lam_s=0.99286 tsr_diff=0.000000 integral_mean=0.000000 integral_std=0.000000 log_ratio=0.0000 accept=1.0000 swapped=True
i=0 pair=(4,5) lam_t=1.00714 lam_s=1.02143 tsr_diff=0.000000 integral_mean=0.000000 integral_std=0.000000 log_ratio=0.0000 accept=1.0000 swapped=True
i=0 pair=(6,7) lam_t=1.03571 lam_s=1.05000 tsr_diff=0.000000 integral_mean=0.000000 integral_std=0.000000 log_ratio=0.0000 accept=1.0000 swapped=True
i=1 pair=(0,3) lam_t=0.96429 lam_s=0.97857 tsr_diff=0.000153 integral_mean=-0.000004 integral_std=0.000146 log_ratio=-0.0084 accept=0.9916 swapped=True
i=1 pair=(2,5) lam_t=0.99286 lam_s=1.00714 tsr_diff=0.000152 integral_mean=-0.000004 integral_std=0.000154 log_ratio=-0.0094 accept=0.9907 swapped=True
i=1 pair=(4,7) lam_t=1.02143 lam_s=1.03571 tsr_diff=0.000152 integral_mean=-0.000002 integral_std=0.000149 log_ratio=-0.0040 accept=0.9960 swapped=True
i=2 pair=(1,3) lam_t=0.95000 lam_s=0.96429 tsr_diff=0.000605 integral_mean=-0.000063 integral_std=0.000654 log_ratio=-0.1501 accept=0.8607 swapped=True
i=2 pair=(0,5) lam_t=0.97857 lam_s=0.99286 tsr_diff=0.000604 integral_mean=-0.000013 integral_std=0.000648 log_ratio=-0.0308 accept=0.9696 swapped=True
i=2 pair=(2,7) lam_t=1.00714 lam_s=1.02143 tsr_diff=0.000603 integral_mean=0.000017 integral_std=0.000602 log_ratio=0.0000 accept=1.0000 swapped=True
i=2 pair=(4,6) lam_t=1.03571 lam_s=1.05000 tsr_diff=0.000601 integral_mean=0.000004 integral_std=0.000631 log_ratio=0.0000 accept=1.0000 swapped=True
i=3 pair=(1,5) lam_t=0.96429 lam_s=0.97857 tsr_diff=0.001341 integral_mean=-0.000063 integral_std=0.001352 log_ratio=-0.1520 accept=0.8590 swapped=True
i=3 pair=(0,7) lam_t=0.99286 lam_s=1.00714 tsr_diff=0.001333 integral_mean=-0.000018 integral_std=0.001222 log_ratio=-0.0443 accept=0.9567 swapped=True
i=3 pair=(2,6) lam_t=1.02143 lam_s=1.03571 tsr_diff=0.001326 integral_mean=-0.000098 integral_std=0.001348 log_ratio=-0.2352 accept=0.7904 swapped=True
i=4 pair=(3,5) lam_t=0.95000 lam_s=0.96429 tsr_diff=0.002344 integral_mean=-0.000129 integral_std=0.002238 log_ratio=-0.3103 accept=0.7332 swapped=True
i=4 pair=(1,7) lam_t=0.97857 lam_s=0.99286 tsr_diff=0.002322 integral_mean=0.000027 integral_std=0.002127 log_ratio=0.0000 accept=1.0000 swapped=True
i=4 pair=(0,6) lam_t=1.00714 lam_s=1.02143 tsr_diff=0.002301 integral_mean=-0.000071 integral_std=0.002154 log_ratio=-0.1705 accept=0.8432 swapped=True
i=4 pair=(2,4) lam_t=1.03571 lam_s=1.05000 tsr_diff=0.002280 integral_mean=-0.000475 integral_std=0.002998 log_ratio=-1.1393 accept=0.3200 swapped=False
i=5 pair=(3,7) lam_t=0.96429 lam_s=0.97857 tsr_diff=0.003545 integral_mean=0.000017 integral_std=0.003170 log_ratio=0.0000 accept=1.0000 swapped=True
i=5 pair=(1,6) lam_t=0.99286 lam_s=1.00714 tsr_diff=0.003496 integral_mean=0.000054 integral_std=0.003265 log_ratio=0.0000 accept=1.0000 swapped=True
i=5 pair=(0,2) lam_t=1.02143 lam_s=1.03571 tsr_diff=0.003447 integral_mean=-0.000084 integral_std=0.003308 log_ratio=-0.2014 accept=0.8176 swapped=False
i=6 pair=(5,7) lam_t=0.95000 lam_s=0.96429 tsr_diff=0.004979 integral_mean=0.000389 integral_std=0.004933 log_ratio=0.0000 accept=1.0000 swapped=True
i=6 pair=(3,6) lam_t=0.97857 lam_s=0.99286 tsr_diff=0.004883 integral_mean=0.000008 integral_std=0.004635 log_ratio=0.0000 accept=1.0000 swapped=True
i=6 pair=(1,0) lam_t=1.00714 lam_s=1.02143 tsr_diff=0.004789 integral_mean=-0.000110 integral_std=0.004762 log_ratio=-0.2644 accept=0.7676 swapped=True
i=6 pair=(2,4) lam_t=1.03571 lam_s=1.05000 tsr_diff=0.004698 integral_mean=-0.000528 integral_std=0.004972 log_ratio=-1.2682 accept=0.2813 swapped=True
i=7 pair=(5,6) lam_t=0.96429 lam_s=0.97857 tsr_diff=0.006435 integral_mean=0.000590 integral_std=0.006571 log_ratio=0.0000 accept=1.0000 swapped=True
i=7 pair=(3,0) lam_t=0.99286 lam_s=1.00714 tsr_diff=0.006274 integral_mean=-0.000094 integral_std=0.005545 log_ratio=-0.2251 accept=0.7984 swapped=True
i=7 pair=(1,4) lam_t=1.02143 lam_s=1.03571 tsr_diff=0.006120 integral_mean=-0.000346 integral_std=0.005974 log_ratio=-0.8296 accept=0.4362 swapped=True
i=8 pair=(7,6) lam_t=0.95000 lam_s=0.96429 tsr_diff=0.008123 integral_mean=-0.000093 integral_std=0.006421 log_ratio=-0.2222 accept=0.8007 swapped=True
i=8 pair=(5,0) lam_t=0.97857 lam_s=0.99286 tsr_diff=0.007872 integral_mean=0.000310 integral_std=0.008147 log_ratio=0.0000 accept=1.0000 swapped=True
i=8 pair=(3,4) lam_t=1.00714 lam_s=1.02143 tsr_diff=0.007631 integral_mean=-0.000479 integral_std=0.007362 log_ratio=-1.1494 accept=0.3168 swapped=False
i=8 pair=(1,2) lam_t=1.03571 lam_s=1.05000 tsr_diff=0.007402 integral_mean=0.000004 integral_std=0.007000 log_ratio=0.0000 accept=1.0000 swapped=True
i=9 pair=(7,0) lam_t=0.96429 lam_s=0.97857 tsr_diff=0.009548 integral_mean=-0.001212 integral_std=0.010172 log_ratio=-2.9083 accept=0.0546 swapped=False
i=9 pair=(5,3) lam_t=0.99286 lam_s=1.00714 tsr_diff=0.009200 integral_mean=0.000848 integral_std=0.009614 log_ratio=0.0000 accept=1.0000 swapped=True
i=9 pair=(4,2) lam_t=1.02143 lam_s=1.03571 tsr_diff=0.008870 integral_mean=0.000260 integral_std=0.008941 log_ratio=0.0000 accept=1.0000 swapped=True
i=10 pair=(6,7) lam_t=0.95000 lam_s=0.96429 tsr_diff=0.011265 integral_mean=-0.000009 integral_std=0.009175 log_ratio=-0.0221 accept=0.9781 swapped=True
i=10 pair=(0,3) lam_t=0.97857 lam_s=0.99286 tsr_diff=0.010789 integral_mean=0.000589 integral_std=0.009909 log_ratio=0.0000 accept=1.0000 swapped=True
i=10 pair=(5,2) lam_t=1.00714 lam_s=1.02143 tsr_diff=0.010342 integral_mean=0.001147 integral_std=0.012658 log_ratio=0.0000 accept=1.0000 swapped=True
i=10 pair=(4,1) lam_t=1.03571 lam_s=1.05000 tsr_diff=0.009923 integral_mean=0.000609 integral_std=0.011649 log_ratio=0.0000 accept=1.0000 swapped=True
i=11 pair=(6,3) lam_t=0.96429 lam_s=0.97857 tsr_diff=0.012354 integral_mean=0.000247 integral_std=0.014651 log_ratio=0.0000 accept=1.0000 swapped=True
i=11 pair=(0,2) lam_t=0.99286 lam_s=1.00714 tsr_diff=0.011778 integral_mean=0.000875 integral_std=0.014582 log_ratio=0.0000 accept=1.0000 swapped=True
i=11 pair=(5,1) lam_t=1.02143 lam_s=1.03571 tsr_diff=0.011242 integral_mean=0.001956 integral_std=0.014653 log_ratio=0.0000 accept=1.0000 swapped=True
i=12 pair=(7,3) lam_t=0.95000 lam_s=0.96429 tsr_diff=0.013839 integral_mean=0.000724 integral_std=0.016547 log_ratio=0.0000 accept=1.0000 swapped=True
i=12 pair=(6,2) lam_t=0.97857 lam_s=0.99286 tsr_diff=0.013131 integral_mean=-0.000313 integral_std=0.013386 log_ratio=-0.7506 accept=0.4721 swapped=False
i=12 pair=(0,1) lam_t=1.00714 lam_s=1.02143 tsr_diff=0.012476 integral_mean=0.000810 integral_std=0.011818 log_ratio=0.0000 accept=1.0000 swapped=True
i=12 pair=(5,4) lam_t=1.03571 lam_s=1.05000 tsr_diff=0.011868 integral_mean=0.001565 integral_std=0.023937 log_ratio=0.0000 accept=1.0000 swapped=True
i=13 pair=(7,6) lam_t=0.96429 lam_s=0.97857 tsr_diff=0.014342 integral_mean=-0.000113 integral_std=0.015577 log_ratio=-0.2723 accept=0.7616 swapped=True
i=13 pair=(2,1) lam_t=0.99286 lam_s=1.00714 tsr_diff=0.013574 integral_mean=0.001401 integral_std=0.019585 log_ratio=0.0000 accept=1.0000 swapped=True
i=13 pair=(0,4) lam_t=1.02143 lam_s=1.03571 tsr_diff=0.012866 integral_mean=0.000273 integral_std=0.050364 log_ratio=0.0000 accept=1.0000 swapped=True
i=14 pair=(3,6) lam_t=0.95000 lam_s=0.96429 tsr_diff=0.015346 integral_mean=0.003390 integral_std=0.046216 log_ratio=0.0000 accept=1.0000 swapped=True
i=14 pair=(7,1) lam_t=0.97857 lam_s=0.99286 tsr_diff=0.014482 integral_mean=0.002777 integral_std=0.033101 log_ratio=0.0000 accept=1.0000 swapped=True
i=14 pair=(2,4) lam_t=1.00714 lam_s=1.02143 tsr_diff=0.013689 integral_mean=-0.002019 integral_std=0.038153 log_ratio=-4.8449 accept=0.0079 swapped=False
i=14 pair=(0,5) lam_t=1.03571 lam_s=1.05000 tsr_diff=0.012959 integral_mean=-0.000537 integral_std=0.054822 log_ratio=-1.2888 accept=0.2756 swapped=False
Best Sample: 1 log probability -0.004
Saved 1 samples to: logs/pointmaze-giant-navigate-v0/inference/plans/release_H400_T256_LimitsNormalizer_b1_condFalse/2026-07-20 18:04:05/36/0.png
Saved 1 samples to: logs/pointmaze-giant-navigate-v0/inference/plans/release_H400_T256_LimitsNormalizer_b1_condFalse/2026-07-20 18:04:05/36/rollout.png
i=0 pair=(0,1) lam_t=0.95000 lam_s=0.96429 tsr_diff=0.000000 integral_mean=0.000000 integral_std=0.000000 log_ratio=0.0000 accept=1.0000 swapped=True
i=0 pair=(2,3) lam_t=0.97857 lam_s=0.99286 tsr_diff=0.000000 integral_mean=0.000000 integral_std=0.000000 log_ratio=0.0000 accept=1.0000 swapped=True
i=0 pair=(4,5) lam_t=1.00714 lam_s=1.02143 tsr_diff=0.000000 integral_mean=0.000000 integral_std=0.000000 log_ratio=0.0000 accept=1.0000 swapped=True
i=0 pair=(6,7) lam_t=1.03571 lam_s=1.05000 tsr_diff=0.000000 integral_mean=0.000000 integral_std=0.000000 log_ratio=0.0000 accept=1.0000 swapped=True
i=1 pair=(0,3) lam_t=0.96429 lam_s=0.97857 tsr_diff=0.000153 integral_mean=-0.000001 integral_std=0.000151 log_ratio=-0.0015 accept=0.9985 swapped=True
i=1 pair=(2,5) lam_t=0.99286 lam_s=1.00714 tsr_diff=0.000152 integral_mean=0.000002 integral_std=0.000145 log_ratio=0.0000 accept=1.0000 swapped=True
i=1 pair=(4,7) lam_t=1.02143 lam_s=1.03571 tsr_diff=0.000152 integral_mean=0.000009 integral_std=0.000148 log_ratio=0.0000 accept=1.0000 swapped=True
i=2 pair=(1,3) lam_t=0.95000 lam_s=0.96429 tsr_diff=0.000605 integral_mean=0.000013 integral_std=0.000602 log_ratio=0.0000 accept=1.0000 swapped=True
i=2 pair=(0,5) lam_t=0.97857 lam_s=0.99286 tsr_diff=0.000604 integral_mean=0.000040 integral_std=0.000583 log_ratio=0.0000 accept=1.0000 swapped=True
i=2 pair=(2,7) lam_t=1.00714 lam_s=1.02143 tsr_diff=0.000603 integral_mean=-0.000001 integral_std=0.000591 log_ratio=-0.0013 accept=0.9987 swapped=True
i=2 pair=(4,6) lam_t=1.03571 lam_s=1.05000 tsr_diff=0.000601 integral_mean=-0.000022 integral_std=0.000598 log_ratio=-0.0526 accept=0.9488 swapped=True
i=3 pair=(1,5) lam_t=0.96429 lam_s=0.97857 tsr_diff=0.001341 integral_mean=0.000010 integral_std=0.001303 log_ratio=0.0000 accept=1.0000 swapped=True
i=3 pair=(0,7) lam_t=0.99286 lam_s=1.00714 tsr_diff=0.001333 integral_mean=0.000000 integral_std=0.001375 log_ratio=0.0000 accept=1.0000 swapped=True
i=3 pair=(2,6) lam_t=1.02143 lam_s=1.03571 tsr_diff=0.001326 integral_mean=0.000039 integral_std=0.001338 log_ratio=0.0000 accept=1.0000 swapped=True
i=4 pair=(3,5) lam_t=0.95000 lam_s=0.96429 tsr_diff=0.002344 integral_mean=0.000054 integral_std=0.002352 log_ratio=0.0000 accept=1.0000 swapped=True
i=4 pair=(1,7) lam_t=0.97857 lam_s=0.99286 tsr_diff=0.002322 integral_mean=0.000609 integral_std=0.003075 log_ratio=0.0000 accept=1.0000 swapped=True
i=4 pair=(0,6) lam_t=1.00714 lam_s=1.02143 tsr_diff=0.002301 integral_mean=0.000252 integral_std=0.002685 log_ratio=0.0000 accept=1.0000 swapped=True
i=4 pair=(2,4) lam_t=1.03571 lam_s=1.05000 tsr_diff=0.002280 integral_mean=-0.000039 integral_std=0.002218 log_ratio=-0.0941 accept=0.9102 swapped=True
i=5 pair=(3,7) lam_t=0.96429 lam_s=0.97857 tsr_diff=0.003545 integral_mean=0.000089 integral_std=0.003181 log_ratio=0.0000 accept=1.0000 swapped=True
i=5 pair=(1,6) lam_t=0.99286 lam_s=1.00714 tsr_diff=0.003496 integral_mean=0.000608 integral_std=0.004441 log_ratio=0.0000 accept=1.0000 swapped=True
i=5 pair=(0,4) lam_t=1.02143 lam_s=1.03571 tsr_diff=0.003447 integral_mean=0.000005 integral_std=0.003513 log_ratio=0.0000 accept=1.0000 swapped=True
i=6 pair=(5,7) lam_t=0.95000 lam_s=0.96429 tsr_diff=0.004979 integral_mean=0.000239 integral_std=0.005145 log_ratio=0.0000 accept=1.0000 swapped=True
i=6 pair=(3,6) lam_t=0.97857 lam_s=0.99286 tsr_diff=0.004883 integral_mean=-0.000040 integral_std=0.004838 log_ratio=-0.0954 accept=0.9090 swapped=True
i=6 pair=(1,4) lam_t=1.00714 lam_s=1.02143 tsr_diff=0.004789 integral_mean=0.000509 integral_std=0.005955 log_ratio=0.0000 accept=1.0000 swapped=True
i=6 pair=(0,2) lam_t=1.03571 lam_s=1.05000 tsr_diff=0.004698 integral_mean=-0.000469 integral_std=0.005232 log_ratio=-1.1263 accept=0.3242 swapped=True
i=7 pair=(5,6) lam_t=0.96429 lam_s=0.97857 tsr_diff=0.006435 integral_mean=0.000078 integral_std=0.006772 log_ratio=0.0000 accept=1.0000 swapped=True
i=7 pair=(3,4) lam_t=0.99286 lam_s=1.00714 tsr_diff=0.006274 integral_mean=0.000098 integral_std=0.005902 log_ratio=0.0000 accept=1.0000 swapped=True
i=7 pair=(1,2) lam_t=1.02143 lam_s=1.03571 tsr_diff=0.006120 integral_mean=0.000158 integral_std=0.007147 log_ratio=0.0000 accept=1.0000 swapped=True
i=8 pair=(7,6) lam_t=0.95000 lam_s=0.96429 tsr_diff=0.008123 integral_mean=-0.000362 integral_std=0.007795 log_ratio=-0.8677 accept=0.4199 swapped=False
i=8 pair=(5,4) lam_t=0.97857 lam_s=0.99286 tsr_diff=0.007872 integral_mean=-0.000109 integral_std=0.009131 log_ratio=-0.2623 accept=0.7693 swapped=True
i=8 pair=(3,2) lam_t=1.00714 lam_s=1.02143 tsr_diff=0.007631 integral_mean=-0.000039 integral_std=0.008593 log_ratio=-0.0948 accept=0.9096 swapped=True
i=8 pair=(1,0) lam_t=1.03571 lam_s=1.05000 tsr_diff=0.007402 integral_mean=-0.000479 integral_std=0.008580 log_ratio=-1.1488 accept=0.3170 swapped=False
i=9 pair=(6,4) lam_t=0.96429 lam_s=0.97857 tsr_diff=0.009548 integral_mean=0.000066 integral_std=0.010003 log_ratio=0.0000 accept=1.0000 swapped=True
i=9 pair=(5,2) lam_t=0.99286 lam_s=1.00714 tsr_diff=0.009200 integral_mean=-0.000019 integral_std=0.009849 log_ratio=-0.0460 accept=0.9550 swapped=True
i=9 pair=(3,1) lam_t=1.02143 lam_s=1.03571 tsr_diff=0.008870 integral_mean=0.000467 integral_std=0.009240 log_ratio=0.0000 accept=1.0000 swapped=True
i=10 pair=(7,4) lam_t=0.95000 lam_s=0.96429 tsr_diff=0.011265 integral_mean=-0.000026 integral_std=0.011562 log_ratio=-0.0623 accept=0.9396 swapped=True
i=10 pair=(6,2) lam_t=0.97857 lam_s=0.99286 tsr_diff=0.010789 integral_mean=-0.000390 integral_std=0.013208 log_ratio=-0.9363 accept=0.3921 swapped=True
i=10 pair=(5,1) lam_t=1.00714 lam_s=1.02143 tsr_diff=0.010342 integral_mean=-0.000842 integral_std=0.013698 log_ratio=-2.0196 accept=0.1327 swapped=True
i=10 pair=(3,0) lam_t=1.03571 lam_s=1.05000 tsr_diff=0.009923 integral_mean=-0.001230 integral_std=0.015667 log_ratio=-2.9525 accept=0.0522 swapped=False
i=11 pair=(7,2) lam_t=0.96429 lam_s=0.97857 tsr_diff=0.012354 integral_mean=-0.000347 integral_std=0.017126 log_ratio=-0.8327 accept=0.4349 swapped=False
i=11 pair=(6,1) lam_t=0.99286 lam_s=1.00714 tsr_diff=0.011778 integral_mean=-0.000691 integral_std=0.017380 log_ratio=-1.6587 accept=0.1904 swapped=False
i=11 pair=(5,3) lam_t=1.02143 lam_s=1.03571 tsr_diff=0.011242 integral_mean=0.000935 integral_std=0.018526 log_ratio=0.0000 accept=1.0000 swapped=True
i=12 pair=(4,7) lam_t=0.95000 lam_s=0.96429 tsr_diff=0.013839 integral_mean=-0.000665 integral_std=0.018170 log_ratio=-1.5959 accept=0.2027 swapped=False
i=12 pair=(2,6) lam_t=0.97857 lam_s=0.99286 tsr_diff=0.013131 integral_mean=-0.001346 integral_std=0.033677 log_ratio=-3.2306 accept=0.0395 swapped=False
i=12 pair=(1,3) lam_t=1.00714 lam_s=1.02143 tsr_diff=0.012476 integral_mean=-0.000636 integral_std=0.022986 log_ratio=-1.5258 accept=0.2174 swapped=False
i=12 pair=(5,0) lam_t=1.03571 lam_s=1.05000 tsr_diff=0.011868 integral_mean=-0.001364 integral_std=0.036002 log_ratio=-3.2744 accept=0.0378 swapped=False
i=13 pair=(7,2) lam_t=0.96429 lam_s=0.97857 tsr_diff=0.014342 integral_mean=-0.000916 integral_std=0.034914 log_ratio=-2.1991 accept=0.1109 swapped=False
i=13 pair=(6,1) lam_t=0.99286 lam_s=1.00714 tsr_diff=0.013574 integral_mean=0.004624 integral_std=0.035024 log_ratio=0.0000 accept=1.0000 swapped=True
i=13 pair=(3,5) lam_t=1.02143 lam_s=1.03571 tsr_diff=0.012866 integral_mean=-0.000260 integral_std=0.039184 log_ratio=-0.6251 accept=0.5352 swapped=False
i=14 pair=(4,7) lam_t=0.95000 lam_s=0.96429 tsr_diff=0.015346 integral_mean=-0.004612 integral_std=0.065811 log_ratio=-11.0680 accept=0.0000 swapped=False
i=14 pair=(2,1) lam_t=0.97857 lam_s=0.99286 tsr_diff=0.014482 integral_mean=0.005536 integral_std=0.078159 log_ratio=0.0000 accept=1.0000 swapped=True
i=14 pair=(6,3) lam_t=1.00714 lam_s=1.02143 tsr_diff=0.013689 integral_mean=0.033882 integral_std=0.275826 log_ratio=0.0000 accept=1.0000 swapped=True
i=14 pair=(5,0) lam_t=1.03571 lam_s=1.05000 tsr_diff=0.012959 integral_mean=-0.008430 integral_std=0.098432 log_ratio=-20.2321 accept=0.0000 swapped=False
Best Sample: 7 log probability -0.058
Saved 1 samples to: logs/pointmaze-giant-navigate-v0/inference/plans/release_H400_T256_LimitsNormalizer_b1_condFalse/2026-07-20 18:04:05/37/0.png
Saved 1 samples to: logs/pointmaze-giant-navigate-v0/inference/plans/release_H400_T256_LimitsNormalizer_b1_condFalse/2026-07-20 18:04:05/37/rollout.png
i=0 pair=(0,1) lam_t=0.95000 lam_s=0.96429 tsr_diff=0.000000 integral_mean=0.000000 integral_std=0.000000 log_ratio=0.0000 accept=1.0000 swapped=True
i=0 pair=(2,3) lam_t=0.97857 lam_s=0.99286 tsr_diff=0.000000 integral_mean=0.000000 integral_std=0.000000 log_ratio=0.0000 accept=1.0000 swapped=True
i=0 pair=(4,5) lam_t=1.00714 lam_s=1.02143 tsr_diff=0.000000 integral_mean=0.000000 integral_std=0.000000 log_ratio=0.0000 accept=1.0000 swapped=True
i=0 pair=(6,7) lam_t=1.03571 lam_s=1.05000 tsr_diff=0.000000 integral_mean=0.000000 integral_std=0.000000 log_ratio=0.0000 accept=1.0000 swapped=True
i=1 pair=(0,3) lam_t=0.96429 lam_s=0.97857 tsr_diff=0.000153 integral_mean=0.000011 integral_std=0.000164 log_ratio=0.0000 accept=1.0000 swapped=True
i=1 pair=(2,5) lam_t=0.99286 lam_s=1.00714 tsr_diff=0.000152 integral_mean=0.000004 integral_std=0.000148 log_ratio=0.0000 accept=1.0000 swapped=True
i=1 pair=(4,7) lam_t=1.02143 lam_s=1.03571 tsr_diff=0.000152 integral_mean=-0.000007 integral_std=0.000171 log_ratio=-0.0168 accept=0.9834 swapped=True
i=2 pair=(1,3) lam_t=0.95000 lam_s=0.96429 tsr_diff=0.000605 integral_mean=0.000010 integral_std=0.000632 log_ratio=0.0000 accept=1.0000 swapped=True
i=2 pair=(0,5) lam_t=0.97857 lam_s=0.99286 tsr_diff=0.000604 integral_mean=-0.000004 integral_std=0.000583 log_ratio=-0.0106 accept=0.9894 swapped=True
i=2 pair=(2,7) lam_t=1.00714 lam_s=1.02143 tsr_diff=0.000603 integral_mean=0.000002 integral_std=0.000601 log_ratio=0.0000 accept=1.0000 swapped=True
i=2 pair=(4,6) lam_t=1.03571 lam_s=1.05000 tsr_diff=0.000601 integral_mean=-0.000019 integral_std=0.000598 log_ratio=-0.0454 accept=0.9556 swapped=True
i=3 pair=(1,5) lam_t=0.96429 lam_s=0.97857 tsr_diff=0.001341 integral_mean=0.000013 integral_std=0.001387 log_ratio=0.0000 accept=1.0000 swapped=True
i=3 pair=(0,7) lam_t=0.99286 lam_s=1.00714 tsr_diff=0.001333 integral_mean=0.000013 integral_std=0.001307 log_ratio=0.0000 accept=1.0000 swapped=True
i=3 pair=(2,6) lam_t=1.02143 lam_s=1.03571 tsr_diff=0.001326 integral_mean=-0.000021 integral_std=0.001251 log_ratio=-0.0506 accept=0.9507 swapped=False
i=4 pair=(3,5) lam_t=0.95000 lam_s=0.96429 tsr_diff=0.002344 integral_mean=0.000081 integral_std=0.002237 log_ratio=0.0000 accept=1.0000 swapped=True
i=4 pair=(1,7) lam_t=0.97857 lam_s=0.99286 tsr_diff=0.002322 integral_mean=0.000095 integral_std=0.002255 log_ratio=0.0000 accept=1.0000 swapped=True
i=4 pair=(0,2) lam_t=1.00714 lam_s=1.02143 tsr_diff=0.002301 integral_mean=-0.000001 integral_std=0.002258 log_ratio=-0.0026 accept=0.9974 swapped=True
i=4 pair=(6,4) lam_t=1.03571 lam_s=1.05000 tsr_diff=0.002280 integral_mean=-0.000406 integral_std=0.002649 log_ratio=-0.9737 accept=0.3777 swapped=True
i=5 pair=(3,7) lam_t=0.96429 lam_s=0.97857 tsr_diff=0.003545 integral_mean=0.000047 integral_std=0.003595 log_ratio=0.0000 accept=1.0000 swapped=True
i=5 pair=(1,2) lam_t=0.99286 lam_s=1.00714 tsr_diff=0.003496 integral_mean=0.001129 integral_std=0.004645 log_ratio=0.0000 accept=1.0000 swapped=True
i=5 pair=(0,4) lam_t=1.02143 lam_s=1.03571 tsr_diff=0.003447 integral_mean=-0.000233 integral_std=0.003425 log_ratio=-0.5587 accept=0.5720 swapped=False
i=6 pair=(5,7) lam_t=0.95000 lam_s=0.96429 tsr_diff=0.004979 integral_mean=0.000527 integral_std=0.005332 log_ratio=0.0000 accept=1.0000 swapped=True
i=6 pair=(3,2) lam_t=0.97857 lam_s=0.99286 tsr_diff=0.004883 integral_mean=0.000185 integral_std=0.004680 log_ratio=0.0000 accept=1.0000 swapped=True
i=6 pair=(1,0) lam_t=1.00714 lam_s=1.02143 tsr_diff=0.004789 integral_mean=0.000984 integral_std=0.006483 log_ratio=0.0000 accept=1.0000 swapped=True
i=6 pair=(4,6) lam_t=1.03571 lam_s=1.05000 tsr_diff=0.004698 integral_mean=0.000317 integral_std=0.004667 log_ratio=0.0000 accept=1.0000 swapped=True
i=7 pair=(5,2) lam_t=0.96429 lam_s=0.97857 tsr_diff=0.006435 integral_mean=0.000458 integral_std=0.006423 log_ratio=0.0000 accept=1.0000 swapped=True
i=7 pair=(3,0) lam_t=0.99286 lam_s=1.00714 tsr_diff=0.006274 integral_mean=0.000000 integral_std=0.006206 log_ratio=0.0000 accept=1.0000 swapped=True
i=7 pair=(1,6) lam_t=1.02143 lam_s=1.03571 tsr_diff=0.006120 integral_mean=0.001672 integral_std=0.008747 log_ratio=0.0000 accept=1.0000 swapped=True
i=8 pair=(7,2) lam_t=0.95000 lam_s=0.96429 tsr_diff=0.008123 integral_mean=0.000183 integral_std=0.008370 log_ratio=0.0000 accept=1.0000 swapped=True
i=8 pair=(5,0) lam_t=0.97857 lam_s=0.99286 tsr_diff=0.007872 integral_mean=0.000614 integral_std=0.008560 log_ratio=0.0000 accept=1.0000 swapped=True
i=8 pair=(3,6) lam_t=1.00714 lam_s=1.02143 tsr_diff=0.007631 integral_mean=0.000499 integral_std=0.007098 log_ratio=0.0000 accept=1.0000 swapped=True
i=8 pair=(1,4) lam_t=1.03571 lam_s=1.05000 tsr_diff=0.007402 integral_mean=0.000933 integral_std=0.011290 log_ratio=0.0000 accept=1.0000 swapped=True
i=9 pair=(7,0) lam_t=0.96429 lam_s=0.97857 tsr_diff=0.009548 integral_mean=-0.000046 integral_std=0.008741 log_ratio=-0.1094 accept=0.8963 swapped=True
i=9 pair=(5,6) lam_t=0.99286 lam_s=1.00714 tsr_diff=0.009200 integral_mean=0.001113 integral_std=0.010006 log_ratio=0.0000 accept=1.0000 swapped=True
i=9 pair=(3,4) lam_t=1.02143 lam_s=1.03571 tsr_diff=0.008870 integral_mean=-0.000566 integral_std=0.010678 log_ratio=-1.3585 accept=0.2571 swapped=False
i=10 pair=(2,0) lam_t=0.95000 lam_s=0.96429 tsr_diff=0.011265 integral_mean=-0.000223 integral_std=0.013656 log_ratio=-0.5347 accept=0.5858 swapped=True
i=10 pair=(7,6) lam_t=0.97857 lam_s=0.99286 tsr_diff=0.010789 integral_mean=0.000667 integral_std=0.010831 log_ratio=0.0000 accept=1.0000 swapped=True
i=10 pair=(5,3) lam_t=1.00714 lam_s=1.02143 tsr_diff=0.010342 integral_mean=0.000827 integral_std=0.013727 log_ratio=0.0000 accept=1.0000 swapped=True
i=10 pair=(4,1) lam_t=1.03571 lam_s=1.05000 tsr_diff=0.009923 integral_mean=-0.002352 integral_std=0.021375 log_ratio=-5.6443 accept=0.0035 swapped=False
i=11 pair=(2,6) lam_t=0.96429 lam_s=0.97857 tsr_diff=0.012354 integral_mean=0.000811 integral_std=0.012224 log_ratio=0.0000 accept=1.0000 swapped=True
i=11 pair=(7,3) lam_t=0.99286 lam_s=1.00714 tsr_diff=0.011778 integral_mean=-0.000061 integral_std=0.015310 log_ratio=-0.1466 accept=0.8636 swapped=True
i=11 pair=(5,4) lam_t=1.02143 lam_s=1.03571 tsr_diff=0.011242 integral_mean=0.000275 integral_std=0.021613 log_ratio=0.0000 accept=1.0000 swapped=True
i=12 pair=(0,6) lam_t=0.95000 lam_s=0.96429 tsr_diff=0.013839 integral_mean=0.000878 integral_std=0.016199 log_ratio=0.0000 accept=1.0000 swapped=True
i=12 pair=(2,3) lam_t=0.97857 lam_s=0.99286 tsr_diff=0.013131 integral_mean=-0.000301 integral_std=0.014547 log_ratio=-0.7225 accept=0.4856 swapped=True
i=12 pair=(7,4) lam_t=1.00714 lam_s=1.02143 tsr_diff=0.012476 integral_mean=-0.005512 integral_std=0.028544 log_ratio=-13.2290 accept=0.0000 swapped=False
i=12 pair=(5,1) lam_t=1.03571 lam_s=1.05000 tsr_diff=0.011868 integral_mean=-0.004914 integral_std=0.039927 log_ratio=-11.7945 accept=0.0000 swapped=False
i=13 pair=(0,3) lam_t=0.96429 lam_s=0.97857 tsr_diff=0.014342 integral_mean=-0.000695 integral_std=0.027562 log_ratio=-1.6685 accept=0.1885 swapped=True
i=13 pair=(2,7) lam_t=0.99286 lam_s=1.00714 tsr_diff=0.013574 integral_mean=0.001107 integral_std=0.016979 log_ratio=0.0000 accept=1.0000 swapped=True
i=13 pair=(4,5) lam_t=1.02143 lam_s=1.03571 tsr_diff=0.012866 integral_mean=-0.000994 integral_std=0.057219 log_ratio=-2.3860 accept=0.0920 swapped=False
i=14 pair=(6,3) lam_t=0.95000 lam_s=0.96429 tsr_diff=0.015346 integral_mean=-0.002355 integral_std=0.049871 log_ratio=-5.6516 accept=0.0035 swapped=False
i=14 pair=(0,7) lam_t=0.97857 lam_s=0.99286 tsr_diff=0.014482 integral_mean=0.001859 integral_std=0.034392 log_ratio=0.0000 accept=1.0000 swapped=True
i=14 pair=(2,4) lam_t=1.00714 lam_s=1.02143 tsr_diff=0.013689 integral_mean=-0.005488 integral_std=0.066166 log_ratio=-13.1708 accept=0.0000 swapped=False
i=14 pair=(5,1) lam_t=1.03571 lam_s=1.05000 tsr_diff=0.012959 integral_mean=-0.010787 integral_std=0.180174 log_ratio=-25.8896 accept=0.0000 swapped=False
Best Sample: 2 log probability -0.018
Saved 1 samples to: logs/pointmaze-giant-navigate-v0/inference/plans/release_H400_T256_LimitsNormalizer_b1_condFalse/2026-07-20 18:04:05/38/0.png
Saved 1 samples to: logs/pointmaze-giant-navigate-v0/inference/plans/release_H400_T256_LimitsNormalizer_b1_condFalse/2026-07-20 18:04:05/38/rollout.png
i=0 pair=(0,1) lam_t=0.95000 lam_s=0.96429 tsr_diff=0.000000 integral_mean=0.000000 integral_std=0.000000 log_ratio=0.0000 accept=1.0000 swapped=True
i=0 pair=(2,3) lam_t=0.97857 lam_s=0.99286 tsr_diff=0.000000 integral_mean=0.000000 integral_std=0.000000 log_ratio=0.0000 accept=1.0000 swapped=True
i=0 pair=(4,5) lam_t=1.00714 lam_s=1.02143 tsr_diff=0.000000 integral_mean=0.000000 integral_std=0.000000 log_ratio=0.0000 accept=1.0000 swapped=True
i=0 pair=(6,7) lam_t=1.03571 lam_s=1.05000 tsr_diff=0.000000 integral_mean=0.000000 integral_std=0.000000 log_ratio=0.0000 accept=1.0000 swapped=True
i=1 pair=(0,3) lam_t=0.96429 lam_s=0.97857 tsr_diff=0.000153 integral_mean=0.000004 integral_std=0.000149 log_ratio=0.0000 accept=1.0000 swapped=True
i=1 pair=(2,5) lam_t=0.99286 lam_s=1.00714 tsr_diff=0.000152 integral_mean=-0.000000 integral_std=0.000156 log_ratio=-0.0001 accept=0.9999 swapped=True
i=1 pair=(4,7) lam_t=1.02143 lam_s=1.03571 tsr_diff=0.000152 integral_mean=-0.000001 integral_std=0.000152 log_ratio=-0.0031 accept=0.9969 swapped=True
i=2 pair=(1,3) lam_t=0.95000 lam_s=0.96429 tsr_diff=0.000605 integral_mean=0.000019 integral_std=0.000738 log_ratio=0.0000 accept=1.0000 swapped=True
i=2 pair=(0,5) lam_t=0.97857 lam_s=0.99286 tsr_diff=0.000604 integral_mean=-0.000031 integral_std=0.000611 log_ratio=-0.0734 accept=0.9293 swapped=True
i=2 pair=(2,7) lam_t=1.00714 lam_s=1.02143 tsr_diff=0.000603 integral_mean=-0.000003 integral_std=0.000591 log_ratio=-0.0072 accept=0.9929 swapped=True
i=2 pair=(4,6) lam_t=1.03571 lam_s=1.05000 tsr_diff=0.000601 integral_mean=0.000004 integral_std=0.000607 log_ratio=0.0000 accept=1.0000 swapped=True
i=3 pair=(1,5) lam_t=0.96429 lam_s=0.97857 tsr_diff=0.001341 integral_mean=0.000020 integral_std=0.001379 log_ratio=0.0000 accept=1.0000 swapped=True
i=3 pair=(0,7) lam_t=0.99286 lam_s=1.00714 tsr_diff=0.001333 integral_mean=0.000628 integral_std=0.002575 log_ratio=0.0000 accept=1.0000 swapped=True
i=3 pair=(2,6) lam_t=1.02143 lam_s=1.03571 tsr_diff=0.001326 integral_mean=-0.000030 integral_std=0.001244 log_ratio=-0.0721 accept=0.9304 swapped=True
i=4 pair=(3,5) lam_t=0.95000 lam_s=0.96429 tsr_diff=0.002344 integral_mean=0.000086 integral_std=0.002472 log_ratio=0.0000 accept=1.0000 swapped=True
i=4 pair=(1,7) lam_t=0.97857 lam_s=0.99286 tsr_diff=0.002322 integral_mean=-0.000144 integral_std=0.002321 log_ratio=-0.3449 accept=0.7083 swapped=False
i=4 pair=(0,6) lam_t=1.00714 lam_s=1.02143 tsr_diff=0.002301 integral_mean=0.000413 integral_std=0.003104 log_ratio=0.0000 accept=1.0000 swapped=True
i=4 pair=(2,4) lam_t=1.03571 lam_s=1.05000 tsr_diff=0.002280 integral_mean=-0.000023 integral_std=0.002190 log_ratio=-0.0551 accept=0.9464 swapped=True
i=5 pair=(3,1) lam_t=0.96429 lam_s=0.97857 tsr_diff=0.003545 integral_mean=0.000326 integral_std=0.003624 log_ratio=0.0000 accept=1.0000 swapped=True
i=5 pair=(7,6) lam_t=0.99286 lam_s=1.00714 tsr_diff=0.003496 integral_mean=0.000242 integral_std=0.003625 log_ratio=0.0000 accept=1.0000 swapped=True
i=5 pair=(0,4) lam_t=1.02143 lam_s=1.03571 tsr_diff=0.003447 integral_mean=0.000509 integral_std=0.003346 log_ratio=0.0000 accept=1.0000 swapped=True
i=6 pair=(5,1) lam_t=0.95000 lam_s=0.96429 tsr_diff=0.004979 integral_mean=-0.000079 integral_std=0.004527 log_ratio=-0.1888 accept=0.8280 swapped=True
i=6 pair=(3,6) lam_t=0.97857 lam_s=0.99286 tsr_diff=0.004883 integral_mean=0.000040 integral_std=0.004419 log_ratio=0.0000 accept=1.0000 swapped=True
i=6 pair=(7,4) lam_t=1.00714 lam_s=1.02143 tsr_diff=0.004789 integral_mean=0.000762 integral_std=0.005465 log_ratio=0.0000 accept=1.0000 swapped=True
i=6 pair=(0,2) lam_t=1.03571 lam_s=1.05000 tsr_diff=0.004698 integral_mean=0.000349 integral_std=0.005094 log_ratio=0.0000 accept=1.0000 swapped=True
i=7 pair=(5,6) lam_t=0.96429 lam_s=0.97857 tsr_diff=0.006435 integral_mean=0.000088 integral_std=0.005447 log_ratio=0.0000 accept=1.0000 swapped=True
i=7 pair=(3,4) lam_t=0.99286 lam_s=1.00714 tsr_diff=0.006274 integral_mean=0.000285 integral_std=0.005600 log_ratio=0.0000 accept=1.0000 swapped=True
i=7 pair=(7,2) lam_t=1.02143 lam_s=1.03571 tsr_diff=0.006120 integral_mean=0.000008 integral_std=0.007558 log_ratio=0.0000 accept=1.0000 swapped=True
i=8 pair=(1,6) lam_t=0.95000 lam_s=0.96429 tsr_diff=0.008123 integral_mean=0.000138 integral_std=0.007486 log_ratio=0.0000 accept=1.0000 swapped=True
i=8 pair=(5,4) lam_t=0.97857 lam_s=0.99286 tsr_diff=0.007872 integral_mean=0.000159 integral_std=0.006985 log_ratio=0.0000 accept=1.0000 swapped=True
i=8 pair=(3,2) lam_t=1.00714 lam_s=1.02143 tsr_diff=0.007631 integral_mean=-0.000464 integral_std=0.007791 log_ratio=-1.1133 accept=0.3285 swapped=False
i=8 pair=(7,0) lam_t=1.03571 lam_s=1.05000 tsr_diff=0.007402 integral_mean=0.001022 integral_std=0.008962 log_ratio=0.0000 accept=1.0000 swapped=True
i=9 pair=(1,4) lam_t=0.96429 lam_s=0.97857 tsr_diff=0.009548 integral_mean=0.000231 integral_std=0.009751 log_ratio=0.0000 accept=1.0000 swapped=True
i=9 pair=(5,3) lam_t=0.99286 lam_s=1.00714 tsr_diff=0.009200 integral_mean=-0.000334 integral_std=0.007959 log_ratio=-0.8013 accept=0.4487 swapped=False
i=9 pair=(2,0) lam_t=1.02143 lam_s=1.03571 tsr_diff=0.008870 integral_mean=0.000004 integral_std=0.007952 log_ratio=0.0000 accept=1.0000 swapped=True
i=10 pair=(6,4) lam_t=0.95000 lam_s=0.96429 tsr_diff=0.011265 integral_mean=-0.000135 integral_std=0.011065 log_ratio=-0.3229 accept=0.7241 swapped=True
i=10 pair=(1,5) lam_t=0.97857 lam_s=0.99286 tsr_diff=0.010789 integral_mean=0.000345 integral_std=0.009618 log_ratio=0.0000 accept=1.0000 swapped=True
i=10 pair=(3,0) lam_t=1.00714 lam_s=1.02143 tsr_diff=0.010342 integral_mean=0.000254 integral_std=0.010354 log_ratio=0.0000 accept=1.0000 swapped=True
i=10 pair=(2,7) lam_t=1.03571 lam_s=1.05000 tsr_diff=0.009923 integral_mean=-0.001120 integral_std=0.013342 log_ratio=-2.6869 accept=0.0681 swapped=False
i=11 pair=(6,5) lam_t=0.96429 lam_s=0.97857 tsr_diff=0.012354 integral_mean=0.000305 integral_std=0.008702 log_ratio=0.0000 accept=1.0000 swapped=True
i=11 pair=(1,0) lam_t=0.99286 lam_s=1.00714 tsr_diff=0.011778 integral_mean=0.000844 integral_std=0.015268 log_ratio=0.0000 accept=1.0000 swapped=True
i=11 pair=(3,2) lam_t=1.02143 lam_s=1.03571 tsr_diff=0.011242 integral_mean=0.000679 integral_std=0.011655 log_ratio=0.0000 accept=1.0000 swapped=True
i=12 pair=(4,5) lam_t=0.95000 lam_s=0.96429 tsr_diff=0.013839 integral_mean=0.000429 integral_std=0.016544 log_ratio=0.0000 accept=1.0000 swapped=True
i=12 pair=(6,0) lam_t=0.97857 lam_s=0.99286 tsr_diff=0.013131 integral_mean=-0.000066 integral_std=0.017996 log_ratio=-0.1590 accept=0.8530 swapped=True
i=12 pair=(1,2) lam_t=1.00714 lam_s=1.02143 tsr_diff=0.012476 integral_mean=0.000156 integral_std=0.016547 log_ratio=0.0000 accept=1.0000 swapped=True
i=12 pair=(3,7) lam_t=1.03571 lam_s=1.05000 tsr_diff=0.011868 integral_mean=-0.000919 integral_std=0.016405 log_ratio=-2.2052 accept=0.1102 swapped=False
i=13 pair=(4,0) lam_t=0.96429 lam_s=0.97857 tsr_diff=0.014342 integral_mean=0.001212 integral_std=0.025777 log_ratio=0.0000 accept=1.0000 swapped=True
i=13 pair=(6,2) lam_t=0.99286 lam_s=1.00714 tsr_diff=0.013574 integral_mean=-0.000180 integral_std=0.017004 log_ratio=-0.4308 accept=0.6500 swapped=False
i=13 pair=(1,3) lam_t=1.02143 lam_s=1.03571 tsr_diff=0.012866 integral_mean=-0.000177 integral_std=0.016966 log_ratio=-0.4251 accept=0.6537 swapped=True
i=14 pair=(5,0) lam_t=0.95000 lam_s=0.96429 tsr_diff=0.015346 integral_mean=0.002517 integral_std=0.036920 log_ratio=0.0000 accept=1.0000 swapped=True
i=14 pair=(4,6) lam_t=0.97857 lam_s=0.99286 tsr_diff=0.014482 integral_mean=0.001095 integral_std=0.039910 log_ratio=0.0000 accept=1.0000 swapped=True
i=14 pair=(2,3) lam_t=1.00714 lam_s=1.02143 tsr_diff=0.013689 integral_mean=-0.003478 integral_std=0.054611 log_ratio=-8.3464 accept=0.0002 swapped=False
i=14 pair=(1,7) lam_t=1.03571 lam_s=1.05000 tsr_diff=0.012959 integral_mean=-0.006282 integral_std=0.035931 log_ratio=-15.0771 accept=0.0000 swapped=False
Best Sample: 5 log probability 0.000
Saved 1 samples to: logs/pointmaze-giant-navigate-v0/inference/plans/release_H400_T256_LimitsNormalizer_b1_condFalse/2026-07-20 18:04:05/39/0.png
Saved 1 samples to: logs/pointmaze-giant-navigate-v0/inference/plans/release_H400_T256_LimitsNormalizer_b1_condFalse/2026-07-20 18:04:05/39/rollout.png
i=0 pair=(0,1) lam_t=0.95000 lam_s=0.96429 tsr_diff=0.000000 integral_mean=0.000000 integral_std=0.000000 log_ratio=0.0000 accept=1.0000 swapped=True
i=0 pair=(2,3) lam_t=0.97857 lam_s=0.99286 tsr_diff=0.000000 integral_mean=0.000000 integral_std=0.000000 log_ratio=0.0000 accept=1.0000 swapped=True
i=0 pair=(4,5) lam_t=1.00714 lam_s=1.02143 tsr_diff=0.000000 integral_mean=0.000000 integral_std=0.000000 log_ratio=0.0000 accept=1.0000 swapped=True
i=0 pair=(6,7) lam_t=1.03571 lam_s=1.05000 tsr_diff=0.000000 integral_mean=0.000000 integral_std=0.000000 log_ratio=0.0000 accept=1.0000 swapped=True
i=1 pair=(0,3) lam_t=0.96429 lam_s=0.97857 tsr_diff=0.000153 integral_mean=0.000004 integral_std=0.000149 log_ratio=0.0000 accept=1.0000 swapped=True
i=1 pair=(2,5) lam_t=0.99286 lam_s=1.00714 tsr_diff=0.000152 integral_mean=-0.000002 integral_std=0.000157 log_ratio=-0.0058 accept=0.9942 swapped=True
i=1 pair=(4,7) lam_t=1.02143 lam_s=1.03571 tsr_diff=0.000152 integral_mean=-0.000001 integral_std=0.000164 log_ratio=-0.0030 accept=0.9970 swapped=True
i=2 pair=(1,3) lam_t=0.95000 lam_s=0.96429 tsr_diff=0.000605 integral_mean=-0.000028 integral_std=0.000640 log_ratio=-0.0683 accept=0.9340 swapped=True
i=2 pair=(0,5) lam_t=0.97857 lam_s=0.99286 tsr_diff=0.000604 integral_mean=0.000067 integral_std=0.000712 log_ratio=0.0000 accept=1.0000 swapped=True
i=2 pair=(2,7) lam_t=1.00714 lam_s=1.02143 tsr_diff=0.000603 integral_mean=0.000030 integral_std=0.000669 log_ratio=0.0000 accept=1.0000 swapped=True
i=2 pair=(4,6) lam_t=1.03571 lam_s=1.05000 tsr_diff=0.000601 integral_mean=0.000029 integral_std=0.000625 log_ratio=0.0000 accept=1.0000 swapped=True
i=3 pair=(1,5) lam_t=0.96429 lam_s=0.97857 tsr_diff=0.001341 integral_mean=0.000031 integral_std=0.001387 log_ratio=0.0000 accept=1.0000 swapped=True
i=3 pair=(0,7) lam_t=0.99286 lam_s=1.00714 tsr_diff=0.001333 integral_mean=0.000037 integral_std=0.001304 log_ratio=0.0000 accept=1.0000 swapped=True
i=3 pair=(2,6) lam_t=1.02143 lam_s=1.03571 tsr_diff=0.001326 integral_mean=0.000015 integral_std=0.001348 log_ratio=0.0000 accept=1.0000 swapped=True
i=4 pair=(3,5) lam_t=0.95000 lam_s=0.96429 tsr_diff=0.002344 integral_mean=0.000028 integral_std=0.002369 log_ratio=0.0000 accept=1.0000 swapped=True
i=4 pair=(1,7) lam_t=0.97857 lam_s=0.99286 tsr_diff=0.002322 integral_mean=0.000125 integral_std=0.002396 log_ratio=0.0000 accept=1.0000 swapped=True
i=4 pair=(0,6) lam_t=1.00714 lam_s=1.02143 tsr_diff=0.002301 integral_mean=0.000050 integral_std=0.002143 log_ratio=0.0000 accept=1.0000 swapped=True
i=4 pair=(2,4) lam_t=1.03571 lam_s=1.05000 tsr_diff=0.002280 integral_mean=-0.000067 integral_std=0.002217 log_ratio=-0.1602 accept=0.8520 swapped=True
i=5 pair=(3,7) lam_t=0.96429 lam_s=0.97857 tsr_diff=0.003545 integral_mean=-0.000234 integral_std=0.003315 log_ratio=-0.5606 accept=0.5709 swapped=False
i=5 pair=(1,6) lam_t=0.99286 lam_s=1.00714 tsr_diff=0.003496 integral_mean=0.000137 integral_std=0.003246 log_ratio=0.0000 accept=1.0000 swapped=True
i=5 pair=(0,4) lam_t=1.02143 lam_s=1.03571 tsr_diff=0.003447 integral_mean=-0.000228 integral_std=0.003669 log_ratio=-0.5468 accept=0.5788 swapped=False
i=6 pair=(5,3) lam_t=0.95000 lam_s=0.96429 tsr_diff=0.004979 integral_mean=0.000126 integral_std=0.004991 log_ratio=0.0000 accept=1.0000 swapped=True
i=6 pair=(7,6) lam_t=0.97857 lam_s=0.99286 tsr_diff=0.004883 integral_mean=0.000117 integral_std=0.004258 log_ratio=0.0000 accept=1.0000 swapped=True
i=6 pair=(1,0) lam_t=1.00714 lam_s=1.02143 tsr_diff=0.004789 integral_mean=0.000114 integral_std=0.004451 log_ratio=0.0000 accept=1.0000 swapped=True
i=6 pair=(4,2) lam_t=1.03571 lam_s=1.05000 tsr_diff=0.004698 integral_mean=0.000924 integral_std=0.005738 log_ratio=0.0000 accept=1.0000 swapped=True
i=7 pair=(5,6) lam_t=0.96429 lam_s=0.97857 tsr_diff=0.006435 integral_mean=0.000184 integral_std=0.005752 log_ratio=0.0000 accept=1.0000 swapped=True
i=7 pair=(7,0) lam_t=0.99286 lam_s=1.00714 tsr_diff=0.006274 integral_mean=0.000050 integral_std=0.005535 log_ratio=0.0000 accept=1.0000 swapped=True
i=7 pair=(1,2) lam_t=1.02143 lam_s=1.03571 tsr_diff=0.006120 integral_mean=-0.000412 integral_std=0.005959 log_ratio=-0.9878 accept=0.3724 swapped=True
i=8 pair=(3,6) lam_t=0.95000 lam_s=0.96429 tsr_diff=0.008123 integral_mean=0.000194 integral_std=0.007965 log_ratio=0.0000 accept=1.0000 swapped=True
i=8 pair=(5,0) lam_t=0.97857 lam_s=0.99286 tsr_diff=0.007872 integral_mean=-0.000254 integral_std=0.007973 log_ratio=-0.6107 accept=0.5430 swapped=True
i=8 pair=(7,2) lam_t=1.00714 lam_s=1.02143 tsr_diff=0.007631 integral_mean=-0.000424 integral_std=0.008298 log_ratio=-1.0185 accept=0.3612 swapped=False
i=8 pair=(1,4) lam_t=1.03571 lam_s=1.05000 tsr_diff=0.007402 integral_mean=-0.002045 integral_std=0.013438 log_ratio=-4.9086 accept=0.0074 swapped=False
i=9 pair=(3,0) lam_t=0.96429 lam_s=0.97857 tsr_diff=0.009548 integral_mean=-0.000900 integral_std=0.010314 log_ratio=-2.1606 accept=0.1153 swapped=False
i=9 pair=(5,7) lam_t=0.99286 lam_s=1.00714 tsr_diff=0.009200 integral_mean=0.000331 integral_std=0.008143 log_ratio=0.0000 accept=1.0000 swapped=True
i=9 pair=(2,1) lam_t=1.02143 lam_s=1.03571 tsr_diff=0.008870 integral_mean=0.000556 integral_std=0.009858 log_ratio=0.0000 accept=1.0000 swapped=True
i=10 pair=(6,3) lam_t=0.95000 lam_s=0.96429 tsr_diff=0.011265 integral_mean=0.000004 integral_std=0.010529 log_ratio=0.0000 accept=1.0000 swapped=True
i=10 pair=(0,7) lam_t=0.97857 lam_s=0.99286 tsr_diff=0.010789 integral_mean=0.000163 integral_std=0.008276 log_ratio=0.0000 accept=1.0000 swapped=True
i=10 pair=(5,1) lam_t=1.00714 lam_s=1.02143 tsr_diff=0.010342 integral_mean=0.000111 integral_std=0.011217 log_ratio=0.0000 accept=1.0000 swapped=True
i=10 pair=(2,4) lam_t=1.03571 lam_s=1.05000 tsr_diff=0.009923 integral_mean=-0.000021 integral_std=0.011943 log_ratio=-0.0499 accept=0.9513 swapped=True
i=11 pair=(6,7) lam_t=0.96429 lam_s=0.97857 tsr_diff=0.012354 integral_mean=0.000022 integral_std=0.008942 log_ratio=0.0000 accept=1.0000 swapped=True
i=11 pair=(0,1) lam_t=0.99286 lam_s=1.00714 tsr_diff=0.011778 integral_mean=0.000193 integral_std=0.013203 log_ratio=0.0000 accept=1.0000 swapped=True
i=11 pair=(5,4) lam_t=1.02143 lam_s=1.03571 tsr_diff=0.011242 integral_mean=0.000111 integral_std=0.017162 log_ratio=0.0000 accept=1.0000 swapped=True
i=12 pair=(3,7) lam_t=0.95000 lam_s=0.96429 tsr_diff=0.013839 integral_mean=0.000812 integral_std=0.015473 log_ratio=0.0000 accept=1.0000 swapped=True
i=12 pair=(6,1) lam_t=0.97857 lam_s=0.99286 tsr_diff=0.013131 integral_mean=-0.001210 integral_std=0.019998 log_ratio=-2.9038 accept=0.0548 swapped=False
i=12 pair=(0,4) lam_t=1.00714 lam_s=1.02143 tsr_diff=0.012476 integral_mean=-0.001095 integral_std=0.021062 log_ratio=-2.6287 accept=0.0722 swapped=True
i=12 pair=(5,2) lam_t=1.03571 lam_s=1.05000 tsr_diff=0.011868 integral_mean=0.000948 integral_std=0.014554 log_ratio=0.0000 accept=1.0000 swapped=True
i=13 pair=(3,6) lam_t=0.96429 lam_s=0.97857 tsr_diff=0.014342 integral_mean=0.000881 integral_std=0.018264 log_ratio=0.0000 accept=1.0000 swapped=True
i=13 pair=(1,4) lam_t=0.99286 lam_s=1.00714 tsr_diff=0.013574 integral_mean=0.002090 integral_std=0.033798 log_ratio=0.0000 accept=1.0000 swapped=True
i=13 pair=(0,2) lam_t=1.02143 lam_s=1.03571 tsr_diff=0.012866 integral_mean=-0.008980 integral_std=0.054004 log_ratio=-21.5521 accept=0.0000 swapped=False
i=14 pair=(7,6) lam_t=0.95000 lam_s=0.96429 tsr_diff=0.015346 integral_mean=-0.000155 integral_std=0.015236 log_ratio=-0.3731 accept=0.6886 swapped=True
i=14 pair=(3,4) lam_t=0.97857 lam_s=0.99286 tsr_diff=0.014482 integral_mean=-0.009274 integral_std=0.079236 log_ratio=-22.2568 accept=0.0000 swapped=False
i=14 pair=(1,0) lam_t=1.00714 lam_s=1.02143 tsr_diff=0.013689 integral_mean=0.037946 integral_std=0.223352 log_ratio=0.0000 accept=1.0000 swapped=True
i=14 pair=(2,5) lam_t=1.03571 lam_s=1.05000 tsr_diff=0.012959 integral_mean=-0.003602 integral_std=0.069033 log_ratio=-8.6440 accept=0.0002 swapped=False
Best Sample: 6 log probability -0.000
Saved 1 samples to: logs/pointmaze-giant-navigate-v0/inference/plans/release_H400_T256_LimitsNormalizer_b1_condFalse/2026-07-20 18:04:05/40/0.png
Saved 1 samples to: logs/pointmaze-giant-navigate-v0/inference/plans/release_H400_T256_LimitsNormalizer_b1_condFalse/2026-07-20 18:04:05/40/rollout.png
Success Rate: 92.5, Average Compute: 256.0
Exception ignored in: <function OffScreenViewer.__del__ at 0x149099dfb370>
Traceback (most recent call last):
  File "/n/home00/zoewu/.conda/envs/maze/lib/python3.10/site-packages/gymnasium/envs/mujoco/mujoco_rendering.py", line 204, in __del__
    self.free()
  File "/n/home00/zoewu/.conda/envs/maze/lib/python3.10/site-packages/gymnasium/envs/mujoco/mujoco_rendering.py", line 201, in free
    self.opengl_context.free()
  File "/n/home00/zoewu/.conda/envs/maze/lib/python3.10/site-packages/mujoco/egl/__init__.py", line 133, in free
    EGL.eglDestroyContext(EGL_DISPLAY, self._context)
  File "/n/home00/zoewu/.conda/envs/maze/lib/python3.10/site-packages/OpenGL/error.py", line 230, in glCheckError
    raise self._errorClass(
OpenGL.raw.EGL._errors.EGLError: EGLError(
	err = EGL_NOT_INITIALIZED,
	baseOperation = eglDestroyContext,
	cArguments = (
		<OpenGL._opaque.EGLDisplay_pointer object at 0x149178070e40>,
		<OpenGL._opaque.EGLContext_pointer object at 0x1490a525be40>,
	),
	result = 0
)
Exception ignored in: <function GLContext.__del__ at 0x1490a3ae4ee0>
Traceback (most recent call last):
  File "/n/home00/zoewu/.conda/envs/maze/lib/python3.10/site-packages/mujoco/egl/__init__.py", line 138, in __del__
    self.free()
  File "/n/home00/zoewu/.conda/envs/maze/lib/python3.10/site-packages/mujoco/egl/__init__.py", line 133, in free
    EGL.eglDestroyContext(EGL_DISPLAY, self._context)
  File "/n/home00/zoewu/.conda/envs/maze/lib/python3.10/site-packages/OpenGL/error.py", line 230, in glCheckError
    raise self._errorClass(
OpenGL.raw.EGL._errors.EGLError: EGLError(
	err = EGL_NOT_INITIALIZED,
	baseOperation = eglDestroyContext,
	cArguments = (
		<OpenGL._opaque.EGLDisplay_pointer object at 0x149178070e40>,
		<OpenGL._opaque.EGLContext_pointer object at 0x1490a525be40>,
	),
	result = 0
)
Exception ignored in: <function OffScreenViewer.__del__ at 0x149099dfb370>
Traceback (most recent call last):
  File "/n/home00/zoewu/.conda/envs/maze/lib/python3.10/site-packages/gymnasium/envs/mujoco/mujoco_rendering.py", line 204, in __del__
    self.free()
  File "/n/home00/zoewu/.conda/envs/maze/lib/python3.10/site-packages/gymnasium/envs/mujoco/mujoco_rendering.py", line 201, in free
    self.opengl_context.free()
  File "/n/home00/zoewu/.conda/envs/maze/lib/python3.10/site-packages/mujoco/egl/__init__.py", line 133, in free
    EGL.eglDestroyContext(EGL_DISPLAY, self._context)
  File "/n/home00/zoewu/.conda/envs/maze/lib/python3.10/site-packages/OpenGL/error.py", line 230, in glCheckError
    raise self._errorClass(
OpenGL.raw.EGL._errors.EGLError: EGLError(
	err = EGL_NOT_INITIALIZED,
	baseOperation = eglDestroyContext,
	cArguments = (
		<OpenGL._opaque.EGLDisplay_pointer object at 0x149178070e40>,
		<OpenGL._opaque.EGLContext_pointer object at 0x14909865d440>,
	),
	result = 0
)
Exception ignored in: <function GLContext.__del__ at 0x1490a3ae4ee0>
Traceback (most recent call last):
  File "/n/home00/zoewu/.conda/envs/maze/lib/python3.10/site-packages/mujoco/egl/__init__.py", line 138, in __del__
    self.free()
  File "/n/home00/zoewu/.conda/envs/maze/lib/python3.10/site-packages/mujoco/egl/__init__.py", line 133, in free
    EGL.eglDestroyContext(EGL_DISPLAY, self._context)
  File "/n/home00/zoewu/.conda/envs/maze/lib/python3.10/site-packages/OpenGL/error.py", line 230, in glCheckError
    raise self._errorClass(
OpenGL.raw.EGL._errors.EGLError: EGLError(
	err = EGL_NOT_INITIALIZED,
	baseOperation = eglDestroyContext,
	cArguments = (
		<OpenGL._opaque.EGLDisplay_pointer object at 0x149178070e40>,
		<OpenGL._opaque.EGLContext_pointer object at 0x14909865d440>,
	),
	result = 0
)
