/n/home00/zoewu/STEER/pointmaze/diffuser/utils/training.py:161: FutureWarning: You are using `torch.load` with `weights_only=False` (the current default value), which uses the default pickle module implicitly. It is possible to construct malicious pickle data which will execute arbitrary code during unpickling (See https://github.com/pytorch/pytorch/blob/main/SECURITY.md#untrusted-models for more details). In a future release, the default value for `weights_only` will be flipped to `True`. This limits the functions that could be executed during unpickling. Arbitrary objects will no longer be allowed to be loaded via this mode unless they are explicitly allowlisted by the user via `torch.serialization.add_safe_globals`. We recommend you start setting `weights_only=True` for any use case where you don't have full control of the loaded file. Please open an issue on GitHub for any issues related to this experimental feature.
  data = torch.load(loadpath, map_location='cpu')
[ utils/setup ] Reading config: config.pointmaze:pointmaze_giant_navigate_v0
[ utils/setup ] Using overrides | config: config.pointmaze | dataset: pointmaze_giant_navigate_v0
[ utils/setup ] Lazy fstring | diffusion_loadpath : f:diffusion/H{horizon}_T{n_diffusion_steps} --> diffusion/H400_T256
[ utils/setup ] Setting exp_name to: plans/release_H400_T256_LimitsNormalizer_b1_condFalse
[ utils/setup ] Saved args to logs/pointmaze-giant-navigate-v0/plans/release_H400_T256_LimitsNormalizer_b1_condFalse/0/args.json
[ utils/serialization ] Loaded config from logs/pointmaze-giant-navigate-v0/diffusion/H400_T256/dataset_config.pkl

[utils/config ] Config: <class 'diffuser.datasets.sequence.GoalDataset'>
    env: pointmaze-giant-navigate-v0
    horizon: 400
    max_path_length: 40000
    normalizer: LimitsNormalizer
    preprocess_fns: []
    termination_penalty: None
    use_padding: False

[ utils/serialization ] Loaded config from logs/pointmaze-giant-navigate-v0/diffusion/H400_T256/render_config.pkl

[utils/config ] Config: <class 'diffuser.utils.rendering.PointMazeRenderer'>
    env: pointmaze-giant-navigate-v0

[ utils/serialization ] Loaded config from logs/pointmaze-giant-navigate-v0/diffusion/H400_T256/model_config.pkl

[utils/config ] Config: <class 'diffuser.models.temporal.TemporalUnet'>
    cond_dim: 2
    dim_mults: (1, 4, 8)
    horizon: 424
    transition_dim: 4

[ utils/serialization ] Loaded config from logs/pointmaze-giant-navigate-v0/diffusion/H400_T256/diffusion_config.pkl

[utils/config ] Config: <class 'diffuser.models.diffusion.GaussianDiffusion'>
    action_dim: 2
    action_weight: 1
    clip_denoised: True
    horizon: 400
    loss_discount: 1
    loss_type: l2
    loss_weights: None
    n_timesteps: 256
    observation_dim: 2
    predict_epsilon: False

[ utils/serialization ] Loaded config from logs/pointmaze-giant-navigate-v0/diffusion/H400_T256/trainer_config.pkl

[utils/config ] Config: <class 'diffuser.utils.training.Trainer'>
    bucket: None
    ema_decay: 0.995
    gradient_accumulate_every: 2
    label_freq: 40000
    n_reference: 50
    n_samples: 10
    results_folder: logs/pointmaze-giant-navigate-v0/diffusion/H400_T256
    sample_freq: 1000
    save_freq: 1000
    save_parallel: False
    train_batch_size: 32
    train_lr: 0.0002

[ datasets/buffer ] Finalized replay buffer | 1500 episodes
[ datasets/buffer ] Fields:
    observations: (1500, 40000, 2)
    actions: (1500, 40000, 2)
    terminals: (1500, 40000, 1)
    next_observations: (1500, 40000, 2)
    normed_observations: (1500, 40000, 2)
    normed_actions: (1500, 40000, 2)
[ models/temporal ] Channel dimensions: [(4, 32), (32, 128), (128, 256)]
[(4, 32), (32, 128), (128, 256)]

[ utils/serialization ] Loading model epoch: 1200000

i=0 pair=(0,1) lam_t=0.98000 lam_s=1.01600 tsr_diff=0.000000 integral_mean=0.000000 integral_std=0.000000 log_ratio=0.0000 accept=1.0000 swapped=True
i=0 pair=(2,3) lam_t=1.01960 lam_s=1.02000 tsr_diff=0.000000 integral_mean=0.000000 integral_std=0.000000 log_ratio=0.0000 accept=1.0000 swapped=True
i=0 pair=(1,0) lam_t=0.98000 lam_s=1.01600 tsr_diff=0.000000 integral_mean=0.000000 integral_std=0.000000 log_ratio=0.0000 accept=1.0000 swapped=True
i=0 pair=(3,2) lam_t=1.01960 lam_s=1.02000 tsr_diff=0.000000 integral_mean=0.000000 integral_std=0.000000 log_ratio=0.0000 accept=1.0000 swapped=True
i=1 pair=(1,2) lam_t=1.01600 lam_s=1.01960 tsr_diff=0.000038 integral_mean=0.000001 integral_std=0.000073 log_ratio=0.0000 accept=1.0000 swapped=True
i=1 pair=(2,1) lam_t=1.01600 lam_s=1.01960 tsr_diff=0.000038 integral_mean=-0.000000 integral_std=0.000077 log_ratio=-0.0007 accept=0.9993 swapped=True
i=2 pair=(0,1) lam_t=0.98000 lam_s=1.01600 tsr_diff=0.001521 integral_mean=0.000070 integral_std=0.003090 log_ratio=0.0000 accept=1.0000 swapped=True
i=2 pair=(2,3) lam_t=1.01960 lam_s=1.02000 tsr_diff=0.000017 integral_mean=-0.000001 integral_std=0.000034 log_ratio=-0.0017 accept=0.9983 swapped=True
i=2 pair=(1,0) lam_t=0.98000 lam_s=1.01600 tsr_diff=0.001521 integral_mean=0.002452 integral_std=0.008092 log_ratio=0.0000 accept=1.0000 swapped=True
i=2 pair=(3,2) lam_t=1.01960 lam_s=1.02000 tsr_diff=0.000017 integral_mean=0.000001 integral_std=0.000035 log_ratio=0.0000 accept=1.0000 swapped=True
i=3 pair=(1,2) lam_t=1.01600 lam_s=1.01960 tsr_diff=0.000335 integral_mean=0.000310 integral_std=0.001061 log_ratio=0.0000 accept=1.0000 swapped=True
i=3 pair=(2,1) lam_t=1.01600 lam_s=1.01960 tsr_diff=0.000335 integral_mean=-0.000103 integral_std=0.000804 log_ratio=-0.2474 accept=0.7808 swapped=True
i=4 pair=(0,1) lam_t=0.98000 lam_s=1.01600 tsr_diff=0.005829 integral_mean=0.000340 integral_std=0.014936 log_ratio=0.0000 accept=1.0000 swapped=True
i=4 pair=(2,3) lam_t=1.01960 lam_s=1.02000 tsr_diff=0.000064 integral_mean=-0.000005 integral_std=0.000133 log_ratio=-0.0112 accept=0.9889 swapped=True
i=4 pair=(1,0) lam_t=0.98000 lam_s=1.01600 tsr_diff=0.005829 integral_mean=-0.000320 integral_std=0.013118 log_ratio=-0.7689 accept=0.4635 swapped=True
i=4 pair=(3,2) lam_t=1.01960 lam_s=1.02000 tsr_diff=0.000064 integral_mean=-0.000001 integral_std=0.000134 log_ratio=-0.0033 accept=0.9967 swapped=True
i=5 pair=(1,2) lam_t=1.01600 lam_s=1.01960 tsr_diff=0.000873 integral_mean=0.000042 integral_std=0.001820 log_ratio=0.0000 accept=1.0000 swapped=True
i=5 pair=(2,1) lam_t=1.01600 lam_s=1.01960 tsr_diff=0.000873 integral_mean=-0.000024 integral_std=0.001719 log_ratio=-0.0565 accept=0.9451 swapped=True
i=6 pair=(0,1) lam_t=0.98000 lam_s=1.01600 tsr_diff=0.012203 integral_mean=-0.000801 integral_std=0.024287 log_ratio=-1.9224 accept=0.1463 swapped=False
i=6 pair=(2,3) lam_t=1.01960 lam_s=1.02000 tsr_diff=0.000134 integral_mean=0.000000 integral_std=0.000273 log_ratio=0.0000 accept=1.0000 swapped=True
i=6 pair=(0,1) lam_t=0.98000 lam_s=1.01600 tsr_diff=0.012203 integral_mean=-0.000097 integral_std=0.025588 log_ratio=-0.2338 accept=0.7916 swapped=True
i=6 pair=(3,2) lam_t=1.01960 lam_s=1.02000 tsr_diff=0.000134 integral_mean=0.000001 integral_std=0.000287 log_ratio=0.0000 accept=1.0000 swapped=True
i=7 pair=(0,2) lam_t=1.01600 lam_s=1.01960 tsr_diff=0.001557 integral_mean=-0.000013 integral_std=0.003269 log_ratio=-0.0315 accept=0.9690 swapped=True
i=7 pair=(2,0) lam_t=1.01600 lam_s=1.01960 tsr_diff=0.001557 integral_mean=0.000039 integral_std=0.003094 log_ratio=0.0000 accept=1.0000 swapped=True
i=8 pair=(1,0) lam_t=0.98000 lam_s=1.01600 tsr_diff=0.019574 integral_mean=0.000868 integral_std=0.041729 log_ratio=0.0000 accept=1.0000 swapped=True
i=8 pair=(2,3) lam_t=1.01960 lam_s=1.02000 tsr_diff=0.000212 integral_mean=-0.000007 integral_std=0.000478 log_ratio=-0.0161 accept=0.9841 swapped=True
i=8 pair=(0,1) lam_t=0.98000 lam_s=1.01600 tsr_diff=0.019574 integral_mean=-0.001702 integral_std=0.044980 log_ratio=-4.0838 accept=0.0168 swapped=False
i=8 pair=(3,2) lam_t=1.01960 lam_s=1.02000 tsr_diff=0.000212 integral_mean=0.000019 integral_std=0.000476 log_ratio=0.0000 accept=1.0000 swapped=True
i=9 pair=(1,2) lam_t=1.01600 lam_s=1.01960 tsr_diff=0.002266 integral_mean=0.000169 integral_std=0.004955 log_ratio=0.0000 accept=1.0000 swapped=True
i=9 pair=(2,1) lam_t=1.01600 lam_s=1.01960 tsr_diff=0.002266 integral_mean=-0.000144 integral_std=0.004935 log_ratio=-0.3448 accept=0.7083 swapped=True
i=10 pair=(0,1) lam_t=0.98000 lam_s=1.01600 tsr_diff=0.026699 integral_mean=-0.002396 integral_std=0.066712 log_ratio=-5.7494 accept=0.0032 swapped=False
i=10 pair=(2,3) lam_t=1.01960 lam_s=1.02000 tsr_diff=0.000287 integral_mean=-0.000008 integral_std=0.000718 log_ratio=-0.0181 accept=0.9820 swapped=True
i=10 pair=(0,1) lam_t=0.98000 lam_s=1.01600 tsr_diff=0.026699 integral_mean=-0.000801 integral_std=0.065859 log_ratio=-1.9231 accept=0.1462 swapped=False
i=10 pair=(3,2) lam_t=1.01960 lam_s=1.02000 tsr_diff=0.000287 integral_mean=0.000021 integral_std=0.000674 log_ratio=0.0000 accept=1.0000 swapped=True
i=11 pair=(1,2) lam_t=1.01600 lam_s=1.01960 tsr_diff=0.002883 integral_mean=0.000230 integral_std=0.006489 log_ratio=0.0000 accept=1.0000 swapped=True
i=11 pair=(2,1) lam_t=1.01600 lam_s=1.01960 tsr_diff=0.002883 integral_mean=-0.000371 integral_std=0.006593 log_ratio=-0.8906 accept=0.4104 swapped=False
i=12 pair=(0,2) lam_t=0.98000 lam_s=1.01600 tsr_diff=0.032371 integral_mean=0.005130 integral_std=0.113896 log_ratio=0.0000 accept=1.0000 swapped=True
i=12 pair=(1,3) lam_t=1.01960 lam_s=1.02000 tsr_diff=0.000346 integral_mean=-0.000001 integral_std=0.001034 log_ratio=-0.0035 accept=0.9966 swapped=True
i=12 pair=(2,0) lam_t=0.98000 lam_s=1.01600 tsr_diff=0.032371 integral_mean=-0.004481 integral_std=0.084227 log_ratio=-10.7555 accept=0.0000 swapped=False
i=12 pair=(3,1) lam_t=1.01960 lam_s=1.02000 tsr_diff=0.000346 integral_mean=0.000054 integral_std=0.001056 log_ratio=0.0000 accept=1.0000 swapped=True
i=13 pair=(0,1) lam_t=1.01600 lam_s=1.01960 tsr_diff=0.003308 integral_mean=-0.000060 integral_std=0.014256 log_ratio=-0.1450 accept=0.8651 swapped=True
i=13 pair=(1,0) lam_t=1.01600 lam_s=1.01960 tsr_diff=0.003308 integral_mean=-0.000071 integral_std=0.011867 log_ratio=-0.1703 accept=0.8434 swapped=True
i=14 pair=(2,0) lam_t=0.98000 lam_s=1.01600 tsr_diff=0.035624 integral_mean=-0.007349 integral_std=0.244858 log_ratio=-17.6388 accept=0.0000 swapped=False
i=14 pair=(1,3) lam_t=1.01960 lam_s=1.02000 tsr_diff=0.000379 integral_mean=-0.000279 integral_std=0.004023 log_ratio=-0.6705 accept=0.5115 swapped=False
i=14 pair=(2,0) lam_t=0.98000 lam_s=1.01600 tsr_diff=0.035624 integral_mean=-0.000659 integral_std=0.192343 log_ratio=-1.5806 accept=0.2058 swapped=False
i=14 pair=(1,3) lam_t=1.01960 lam_s=1.02000 tsr_diff=0.000379 integral_mean=-0.000305 integral_std=0.002837 log_ratio=-0.7312 accept=0.4813 swapped=True
Best Sample: 2 log probability -1.278
Saved 1 samples to: logs/pointmaze-giant-navigate-v0/inference/plans/release_H400_T256_LimitsNormalizer_b1_condFalse/2026-07-17 18:38:38/1/0.png
Saved 1 samples to: logs/pointmaze-giant-navigate-v0/inference/plans/release_H400_T256_LimitsNormalizer_b1_condFalse/2026-07-17 18:38:38/1/rollout.png
i=0 pair=(0,1) lam_t=0.98000 lam_s=1.01600 tsr_diff=0.000000 integral_mean=0.000000 integral_std=0.000000 log_ratio=0.0000 accept=1.0000 swapped=True
i=0 pair=(2,3) lam_t=1.01960 lam_s=1.02000 tsr_diff=0.000000 integral_mean=0.000000 integral_std=0.000000 log_ratio=0.0000 accept=1.0000 swapped=True
i=0 pair=(1,0) lam_t=0.98000 lam_s=1.01600 tsr_diff=0.000000 integral_mean=0.000000 integral_std=0.000000 log_ratio=0.0000 accept=1.0000 swapped=True
i=0 pair=(3,2) lam_t=1.01960 lam_s=1.02000 tsr_diff=0.000000 integral_mean=0.000000 integral_std=0.000000 log_ratio=0.0000 accept=1.0000 swapped=True
i=1 pair=(1,2) lam_t=1.01600 lam_s=1.01960 tsr_diff=0.000038 integral_mean=0.000001 integral_std=0.000077 log_ratio=0.0000 accept=1.0000 swapped=True
i=1 pair=(2,1) lam_t=1.01600 lam_s=1.01960 tsr_diff=0.000038 integral_mean=0.000001 integral_std=0.000079 log_ratio=0.0000 accept=1.0000 swapped=True
i=2 pair=(0,1) lam_t=0.98000 lam_s=1.01600 tsr_diff=0.001521 integral_mean=0.000333 integral_std=0.003395 log_ratio=0.0000 accept=1.0000 swapped=True
i=2 pair=(2,3) lam_t=1.01960 lam_s=1.02000 tsr_diff=0.000017 integral_mean=0.000001 integral_std=0.000036 log_ratio=0.0000 accept=1.0000 swapped=True
i=2 pair=(1,0) lam_t=0.98000 lam_s=1.01600 tsr_diff=0.001521 integral_mean=-0.000020 integral_std=0.003234 log_ratio=-0.0490 accept=0.9522 swapped=True
i=2 pair=(3,2) lam_t=1.01960 lam_s=1.02000 tsr_diff=0.000017 integral_mean=-0.000002 integral_std=0.000034 log_ratio=-0.0040 accept=0.9960 swapped=True
i=3 pair=(1,2) lam_t=1.01600 lam_s=1.01960 tsr_diff=0.000335 integral_mean=-0.000011 integral_std=0.000688 log_ratio=-0.0257 accept=0.9746 swapped=True
i=3 pair=(2,1) lam_t=1.01600 lam_s=1.01960 tsr_diff=0.000335 integral_mean=-0.000007 integral_std=0.000683 log_ratio=-0.0157 accept=0.9844 swapped=True
i=4 pair=(0,1) lam_t=0.98000 lam_s=1.01600 tsr_diff=0.005829 integral_mean=-0.000558 integral_std=0.012777 log_ratio=-1.3380 accept=0.2624 swapped=False
i=4 pair=(2,3) lam_t=1.01960 lam_s=1.02000 tsr_diff=0.000064 integral_mean=-0.000001 integral_std=0.000137 log_ratio=-0.0014 accept=0.9986 swapped=True
i=4 pair=(0,1) lam_t=0.98000 lam_s=1.01600 tsr_diff=0.005829 integral_mean=0.000001 integral_std=0.012786 log_ratio=0.0000 accept=1.0000 swapped=True
i=4 pair=(3,2) lam_t=1.01960 lam_s=1.02000 tsr_diff=0.000064 integral_mean=0.000004 integral_std=0.000133 log_ratio=0.0000 accept=1.0000 swapped=True
i=5 pair=(0,2) lam_t=1.01600 lam_s=1.01960 tsr_diff=0.000873 integral_mean=0.000031 integral_std=0.001810 log_ratio=0.0000 accept=1.0000 swapped=True
i=5 pair=(2,0) lam_t=1.01600 lam_s=1.01960 tsr_diff=0.000873 integral_mean=0.000040 integral_std=0.001841 log_ratio=0.0000 accept=1.0000 swapped=True
i=6 pair=(1,0) lam_t=0.98000 lam_s=1.01600 tsr_diff=0.012203 integral_mean=0.001200 integral_std=0.026365 log_ratio=0.0000 accept=1.0000 swapped=True
i=6 pair=(2,3) lam_t=1.01960 lam_s=1.02000 tsr_diff=0.000134 integral_mean=-0.000002 integral_std=0.000290 log_ratio=-0.0050 accept=0.9950 swapped=True
i=6 pair=(0,1) lam_t=0.98000 lam_s=1.01600 tsr_diff=0.012203 integral_mean=-0.000904 integral_std=0.026357 log_ratio=-2.1684 accept=0.1144 swapped=False
i=6 pair=(3,2) lam_t=1.01960 lam_s=1.02000 tsr_diff=0.000134 integral_mean=0.000000 integral_std=0.000277 log_ratio=0.0000 accept=1.0000 swapped=True
i=7 pair=(1,2) lam_t=1.01600 lam_s=1.01960 tsr_diff=0.001557 integral_mean=0.000075 integral_std=0.003508 log_ratio=0.0000 accept=1.0000 swapped=True
i=7 pair=(2,1) lam_t=1.01600 lam_s=1.01960 tsr_diff=0.001557 integral_mean=0.000199 integral_std=0.003640 log_ratio=0.0000 accept=1.0000 swapped=True
i=8 pair=(0,1) lam_t=0.98000 lam_s=1.01600 tsr_diff=0.019574 integral_mean=-0.000399 integral_std=0.046499 log_ratio=-0.9586 accept=0.3834 swapped=False
i=8 pair=(2,3) lam_t=1.01960 lam_s=1.02000 tsr_diff=0.000212 integral_mean=0.000098 integral_std=0.000625 log_ratio=0.0000 accept=1.0000 swapped=True
i=8 pair=(0,1) lam_t=0.98000 lam_s=1.01600 tsr_diff=0.019574 integral_mean=-0.001363 integral_std=0.045520 log_ratio=-3.2715 accept=0.0379 swapped=False
i=8 pair=(3,2) lam_t=1.01960 lam_s=1.02000 tsr_diff=0.000212 integral_mean=-0.000035 integral_std=0.000546 log_ratio=-0.0843 accept=0.9192 swapped=True
i=9 pair=(1,2) lam_t=1.01600 lam_s=1.01960 tsr_diff=0.002266 integral_mean=-0.000507 integral_std=0.006956 log_ratio=-1.2178 accept=0.2959 swapped=True
i=9 pair=(2,1) lam_t=1.01600 lam_s=1.01960 tsr_diff=0.002266 integral_mean=0.000224 integral_std=0.006275 log_ratio=0.0000 accept=1.0000 swapped=True
i=10 pair=(0,1) lam_t=0.98000 lam_s=1.01600 tsr_diff=0.026699 integral_mean=-0.000439 integral_std=0.076722 log_ratio=-1.0542 accept=0.3485 swapped=False
i=10 pair=(2,3) lam_t=1.01960 lam_s=1.02000 tsr_diff=0.000287 integral_mean=0.000049 integral_std=0.000748 log_ratio=0.0000 accept=1.0000 swapped=True
i=10 pair=(0,1) lam_t=0.98000 lam_s=1.01600 tsr_diff=0.026699 integral_mean=0.005658 integral_std=0.094543 log_ratio=0.0000 accept=1.0000 swapped=True
i=10 pair=(3,2) lam_t=1.01960 lam_s=1.02000 tsr_diff=0.000287 integral_mean=-0.000042 integral_std=0.000783 log_ratio=-0.1017 accept=0.9033 swapped=True
i=11 pair=(0,2) lam_t=1.01600 lam_s=1.01960 tsr_diff=0.002883 integral_mean=-0.000254 integral_std=0.011469 log_ratio=-0.6106 accept=0.5430 swapped=True
i=11 pair=(2,0) lam_t=1.01600 lam_s=1.01960 tsr_diff=0.002883 integral_mean=0.000272 integral_std=0.009091 log_ratio=0.0000 accept=1.0000 swapped=True
i=12 pair=(1,0) lam_t=0.98000 lam_s=1.01600 tsr_diff=0.032371 integral_mean=0.004199 integral_std=0.182080 log_ratio=0.0000 accept=1.0000 swapped=True
i=12 pair=(2,3) lam_t=1.01960 lam_s=1.02000 tsr_diff=0.000346 integral_mean=0.000083 integral_std=0.001123 log_ratio=0.0000 accept=1.0000 swapped=True
i=12 pair=(0,1) lam_t=0.98000 lam_s=1.01600 tsr_diff=0.032371 integral_mean=-0.006513 integral_std=0.152010 log_ratio=-15.6308 accept=0.0000 swapped=False
i=12 pair=(3,2) lam_t=1.01960 lam_s=1.02000 tsr_diff=0.000346 integral_mean=-0.000006 integral_std=0.001104 log_ratio=-0.0148 accept=0.9853 swapped=True
i=13 pair=(1,2) lam_t=1.01600 lam_s=1.01960 tsr_diff=0.003308 integral_mean=0.002992 integral_std=0.034997 log_ratio=0.0000 accept=1.0000 swapped=True
i=13 pair=(2,1) lam_t=1.01600 lam_s=1.01960 tsr_diff=0.003308 integral_mean=-0.001408 integral_std=0.017966 log_ratio=-3.3802 accept=0.0340 swapped=False
i=14 pair=(0,2) lam_t=0.98000 lam_s=1.01600 tsr_diff=0.035624 integral_mean=0.027640 integral_std=0.344201 log_ratio=0.0000 accept=1.0000 swapped=True
i=14 pair=(1,3) lam_t=1.01960 lam_s=1.02000 tsr_diff=0.000379 integral_mean=0.000068 integral_std=0.005306 log_ratio=0.0000 accept=1.0000 swapped=True
i=14 pair=(2,0) lam_t=0.98000 lam_s=1.01600 tsr_diff=0.035624 integral_mean=-0.002220 integral_std=0.241476 log_ratio=-5.3284 accept=0.0049 swapped=False
i=14 pair=(3,1) lam_t=1.01960 lam_s=1.02000 tsr_diff=0.000379 integral_mean=-0.000200 integral_std=0.005641 log_ratio=-0.4797 accept=0.6190 swapped=True
Best Sample: 0 log probability -18.994
Saved 1 samples to: logs/pointmaze-giant-navigate-v0/inference/plans/release_H400_T256_LimitsNormalizer_b1_condFalse/2026-07-17 18:38:38/2/0.png
Saved 1 samples to: logs/pointmaze-giant-navigate-v0/inference/plans/release_H400_T256_LimitsNormalizer_b1_condFalse/2026-07-17 18:38:38/2/rollout.png
i=0 pair=(0,1) lam_t=0.98000 lam_s=1.01600 tsr_diff=0.000000 integral_mean=0.000000 integral_std=0.000000 log_ratio=0.0000 accept=1.0000 swapped=True
i=0 pair=(2,3) lam_t=1.01960 lam_s=1.02000 tsr_diff=0.000000 integral_mean=0.000000 integral_std=0.000000 log_ratio=0.0000 accept=1.0000 swapped=True
i=0 pair=(1,0) lam_t=0.98000 lam_s=1.01600 tsr_diff=0.000000 integral_mean=0.000000 integral_std=0.000000 log_ratio=0.0000 accept=1.0000 swapped=True
i=0 pair=(3,2) lam_t=1.01960 lam_s=1.02000 tsr_diff=0.000000 integral_mean=0.000000 integral_std=0.000000 log_ratio=0.0000 accept=1.0000 swapped=True
i=1 pair=(1,2) lam_t=1.01600 lam_s=1.01960 tsr_diff=0.000038 integral_mean=-0.000003 integral_std=0.000075 log_ratio=-0.0062 accept=0.9938 swapped=True
i=1 pair=(2,1) lam_t=1.01600 lam_s=1.01960 tsr_diff=0.000038 integral_mean=-0.000000 integral_std=0.000078 log_ratio=-0.0011 accept=0.9989 swapped=True
i=2 pair=(0,1) lam_t=0.98000 lam_s=1.01600 tsr_diff=0.001521 integral_mean=-0.000119 integral_std=0.003173 log_ratio=-0.2862 accept=0.7511 swapped=True
i=2 pair=(2,3) lam_t=1.01960 lam_s=1.02000 tsr_diff=0.000017 integral_mean=0.000002 integral_std=0.000035 log_ratio=0.0000 accept=1.0000 swapped=True
i=2 pair=(1,0) lam_t=0.98000 lam_s=1.01600 tsr_diff=0.001521 integral_mean=-0.000308 integral_std=0.003426 log_ratio=-0.7398 accept=0.4772 swapped=False
i=2 pair=(3,2) lam_t=1.01960 lam_s=1.02000 tsr_diff=0.000017 integral_mean=-0.000001 integral_std=0.000034 log_ratio=-0.0013 accept=0.9987 swapped=True
i=3 pair=(0,2) lam_t=1.01600 lam_s=1.01960 tsr_diff=0.000335 integral_mean=0.000017 integral_std=0.000741 log_ratio=0.0000 accept=1.0000 swapped=True
i=3 pair=(2,0) lam_t=1.01600 lam_s=1.01960 tsr_diff=0.000335 integral_mean=0.000002 integral_std=0.000711 log_ratio=0.0000 accept=1.0000 swapped=True
i=4 pair=(1,0) lam_t=0.98000 lam_s=1.01600 tsr_diff=0.005829 integral_mean=-0.000386 integral_std=0.011787 log_ratio=-0.9267 accept=0.3958 swapped=True
i=4 pair=(2,3) lam_t=1.01960 lam_s=1.02000 tsr_diff=0.000064 integral_mean=0.000005 integral_std=0.000134 log_ratio=0.0000 accept=1.0000 swapped=True
i=4 pair=(0,1) lam_t=0.98000 lam_s=1.01600 tsr_diff=0.005829 integral_mean=0.000379 integral_std=0.010989 log_ratio=0.0000 accept=1.0000 swapped=True
i=4 pair=(3,2) lam_t=1.01960 lam_s=1.02000 tsr_diff=0.000064 integral_mean=-0.000000 integral_std=0.000136 log_ratio=-0.0005 accept=0.9995 swapped=True
i=5 pair=(0,2) lam_t=1.01600 lam_s=1.01960 tsr_diff=0.000873 integral_mean=-0.000082 integral_std=0.001672 log_ratio=-0.1966 accept=0.8215 swapped=True
i=5 pair=(2,0) lam_t=1.01600 lam_s=1.01960 tsr_diff=0.000873 integral_mean=0.000060 integral_std=0.001720 log_ratio=0.0000 accept=1.0000 swapped=True
i=6 pair=(1,0) lam_t=0.98000 lam_s=1.01600 tsr_diff=0.012203 integral_mean=-0.000451 integral_std=0.023858 log_ratio=-1.0826 accept=0.3387 swapped=True
i=6 pair=(2,3) lam_t=1.01960 lam_s=1.02000 tsr_diff=0.000134 integral_mean=-0.000002 integral_std=0.000287 log_ratio=-0.0050 accept=0.9950 swapped=True
i=6 pair=(0,1) lam_t=0.98000 lam_s=1.01600 tsr_diff=0.012203 integral_mean=-0.000096 integral_std=0.023652 log_ratio=-0.2310 accept=0.7937 swapped=True
i=6 pair=(3,2) lam_t=1.01960 lam_s=1.02000 tsr_diff=0.000134 integral_mean=0.000004 integral_std=0.000287 log_ratio=0.0000 accept=1.0000 swapped=True
i=7 pair=(0,2) lam_t=1.01600 lam_s=1.01960 tsr_diff=0.001557 integral_mean=-0.000068 integral_std=0.003376 log_ratio=-0.1636 accept=0.8491 swapped=True
i=7 pair=(2,0) lam_t=1.01600 lam_s=1.01960 tsr_diff=0.001557 integral_mean=0.000113 integral_std=0.003381 log_ratio=0.0000 accept=1.0000 swapped=True
i=8 pair=(1,0) lam_t=0.98000 lam_s=1.01600 tsr_diff=0.019574 integral_mean=-0.000480 integral_std=0.040348 log_ratio=-1.1508 accept=0.3164 swapped=False
i=8 pair=(2,3) lam_t=1.01960 lam_s=1.02000 tsr_diff=0.000212 integral_mean=-0.000017 integral_std=0.000507 log_ratio=-0.0420 accept=0.9589 swapped=True
i=8 pair=(1,0) lam_t=0.98000 lam_s=1.01600 tsr_diff=0.019574 integral_mean=-0.000614 integral_std=0.039812 log_ratio=-1.4743 accept=0.2289 swapped=True
i=8 pair=(3,2) lam_t=1.01960 lam_s=1.02000 tsr_diff=0.000212 integral_mean=0.000024 integral_std=0.000475 log_ratio=0.0000 accept=1.0000 swapped=True
i=9 pair=(1,2) lam_t=1.01600 lam_s=1.01960 tsr_diff=0.002266 integral_mean=-0.000204 integral_std=0.005070 log_ratio=-0.4904 accept=0.6124 swapped=True
i=9 pair=(2,1) lam_t=1.01600 lam_s=1.01960 tsr_diff=0.002266 integral_mean=0.000228 integral_std=0.005282 log_ratio=0.0000 accept=1.0000 swapped=True
i=10 pair=(0,1) lam_t=0.98000 lam_s=1.01600 tsr_diff=0.026699 integral_mean=0.001425 integral_std=0.059054 log_ratio=0.0000 accept=1.0000 swapped=True
i=10 pair=(2,3) lam_t=1.01960 lam_s=1.02000 tsr_diff=0.000287 integral_mean=-0.000059 integral_std=0.000796 log_ratio=-0.1412 accept=0.8684 swapped=True
i=10 pair=(1,0) lam_t=0.98000 lam_s=1.01600 tsr_diff=0.026699 integral_mean=-0.001193 integral_std=0.059289 log_ratio=-2.8620 accept=0.0572 swapped=False
i=10 pair=(3,2) lam_t=1.01960 lam_s=1.02000 tsr_diff=0.000287 integral_mean=0.000057 integral_std=0.000820 log_ratio=0.0000 accept=1.0000 swapped=True
i=11 pair=(0,2) lam_t=1.01600 lam_s=1.01960 tsr_diff=0.002883 integral_mean=-0.000061 integral_std=0.007946 log_ratio=-0.1462 accept=0.8639 swapped=True
i=11 pair=(2,0) lam_t=1.01600 lam_s=1.01960 tsr_diff=0.002883 integral_mean=-0.000099 integral_std=0.007697 log_ratio=-0.2381 accept=0.7881 swapped=True
i=12 pair=(1,0) lam_t=0.98000 lam_s=1.01600 tsr_diff=0.032371 integral_mean=-0.003037 integral_std=0.089501 log_ratio=-7.2879 accept=0.0007 swapped=False
i=12 pair=(2,3) lam_t=1.01960 lam_s=1.02000 tsr_diff=0.000346 integral_mean=-0.000110 integral_std=0.001431 log_ratio=-0.2643 accept=0.7678 swapped=True
i=12 pair=(1,0) lam_t=0.98000 lam_s=1.01600 tsr_diff=0.032371 integral_mean=-0.000028 integral_std=0.082698 log_ratio=-0.0681 accept=0.9341 swapped=True
i=12 pair=(3,2) lam_t=1.01960 lam_s=1.02000 tsr_diff=0.000346 integral_mean=-0.000016 integral_std=0.001501 log_ratio=-0.0373 accept=0.9634 swapped=True
i=13 pair=(1,2) lam_t=1.01600 lam_s=1.01960 tsr_diff=0.003308 integral_mean=-0.001686 integral_std=0.017774 log_ratio=-4.0472 accept=0.0175 swapped=False
i=13 pair=(1,2) lam_t=1.01600 lam_s=1.01960 tsr_diff=0.003308 integral_mean=-0.000857 integral_std=0.014963 log_ratio=-2.0574 accept=0.1278 swapped=False
i=14 pair=(0,1) lam_t=0.98000 lam_s=1.01600 tsr_diff=0.035624 integral_mean=0.003874 integral_std=0.238793 log_ratio=0.0000 accept=1.0000 swapped=True
i=14 pair=(2,3) lam_t=1.01960 lam_s=1.02000 tsr_diff=0.000379 integral_mean=-0.001519 integral_std=0.012673 log_ratio=-3.6457 accept=0.0261 swapped=False
i=14 pair=(1,0) lam_t=0.98000 lam_s=1.01600 tsr_diff=0.035624 integral_mean=-0.001798 integral_std=0.210631 log_ratio=-4.3143 accept=0.0134 swapped=False
i=14 pair=(2,3) lam_t=1.01960 lam_s=1.02000 tsr_diff=0.000379 integral_mean=-0.000825 integral_std=0.007481 log_ratio=-1.9811 accept=0.1379 swapped=False
Best Sample: 1 log probability -1.305
Saved 1 samples to: logs/pointmaze-giant-navigate-v0/inference/plans/release_H400_T256_LimitsNormalizer_b1_condFalse/2026-07-17 18:38:38/3/0.png
Saved 1 samples to: logs/pointmaze-giant-navigate-v0/inference/plans/release_H400_T256_LimitsNormalizer_b1_condFalse/2026-07-17 18:38:38/3/rollout.png
i=0 pair=(0,1) lam_t=0.98000 lam_s=1.01600 tsr_diff=0.000000 integral_mean=0.000000 integral_std=0.000000 log_ratio=0.0000 accept=1.0000 swapped=True
i=0 pair=(2,3) lam_t=1.01960 lam_s=1.02000 tsr_diff=0.000000 integral_mean=0.000000 integral_std=0.000000 log_ratio=0.0000 accept=1.0000 swapped=True
i=0 pair=(1,0) lam_t=0.98000 lam_s=1.01600 tsr_diff=0.000000 integral_mean=0.000000 integral_std=0.000000 log_ratio=0.0000 accept=1.0000 swapped=True
i=0 pair=(3,2) lam_t=1.01960 lam_s=1.02000 tsr_diff=0.000000 integral_mean=0.000000 integral_std=0.000000 log_ratio=0.0000 accept=1.0000 swapped=True
i=1 pair=(1,2) lam_t=1.01600 lam_s=1.01960 tsr_diff=0.000038 integral_mean=-0.000001 integral_std=0.000079 log_ratio=-0.0022 accept=0.9978 swapped=True
i=1 pair=(2,1) lam_t=1.01600 lam_s=1.01960 tsr_diff=0.000038 integral_mean=0.000000 integral_std=0.000080 log_ratio=0.0000 accept=1.0000 swapped=True
i=2 pair=(0,1) lam_t=0.98000 lam_s=1.01600 tsr_diff=0.001521 integral_mean=0.000056 integral_std=0.003007 log_ratio=0.0000 accept=1.0000 swapped=True
i=2 pair=(2,3) lam_t=1.01960 lam_s=1.02000 tsr_diff=0.000017 integral_mean=0.000000 integral_std=0.000035 log_ratio=0.0000 accept=1.0000 swapped=True
i=2 pair=(1,0) lam_t=0.98000 lam_s=1.01600 tsr_diff=0.001521 integral_mean=0.000058 integral_std=0.003040 log_ratio=0.0000 accept=1.0000 swapped=True
i=2 pair=(3,2) lam_t=1.01960 lam_s=1.02000 tsr_diff=0.000017 integral_mean=-0.000000 integral_std=0.000034 log_ratio=-0.0005 accept=0.9995 swapped=True
i=3 pair=(1,2) lam_t=1.01600 lam_s=1.01960 tsr_diff=0.000335 integral_mean=0.000012 integral_std=0.000751 log_ratio=0.0000 accept=1.0000 swapped=True
i=3 pair=(2,1) lam_t=1.01600 lam_s=1.01960 tsr_diff=0.000335 integral_mean=-0.000025 integral_std=0.000737 log_ratio=-0.0601 accept=0.9416 swapped=False
i=4 pair=(0,2) lam_t=0.98000 lam_s=1.01600 tsr_diff=0.005829 integral_mean=-0.000066 integral_std=0.012256 log_ratio=-0.1577 accept=0.8541 swapped=False
i=4 pair=(1,3) lam_t=1.01960 lam_s=1.02000 tsr_diff=0.000064 integral_mean=0.000004 integral_std=0.000134 log_ratio=0.0000 accept=1.0000 swapped=True
i=4 pair=(0,2) lam_t=0.98000 lam_s=1.01600 tsr_diff=0.005829 integral_mean=0.000280 integral_std=0.012060 log_ratio=0.0000 accept=1.0000 swapped=True
i=4 pair=(3,1) lam_t=1.01960 lam_s=1.02000 tsr_diff=0.000064 integral_mean=-0.000003 integral_std=0.000136 log_ratio=-0.0081 accept=0.9919 swapped=True
i=5 pair=(0,1) lam_t=1.01600 lam_s=1.01960 tsr_diff=0.000873 integral_mean=-0.000023 integral_std=0.001974 log_ratio=-0.0556 accept=0.9459 swapped=True
i=5 pair=(1,0) lam_t=1.01600 lam_s=1.01960 tsr_diff=0.000873 integral_mean=-0.000096 integral_std=0.001974 log_ratio=-0.2310 accept=0.7938 swapped=True
i=6 pair=(2,0) lam_t=0.98000 lam_s=1.01600 tsr_diff=0.012203 integral_mean=-0.001078 integral_std=0.024483 log_ratio=-2.5865 accept=0.0753 swapped=False
i=6 pair=(1,3) lam_t=1.01960 lam_s=1.02000 tsr_diff=0.000134 integral_mean=-0.000002 integral_std=0.000271 log_ratio=-0.0043 accept=0.9957 swapped=True
i=6 pair=(2,0) lam_t=0.98000 lam_s=1.01600 tsr_diff=0.012203 integral_mean=-0.001012 integral_std=0.024274 log_ratio=-2.4292 accept=0.0881 swapped=False
i=6 pair=(3,1) lam_t=1.01960 lam_s=1.02000 tsr_diff=0.000134 integral_mean=0.000002 integral_std=0.000280 log_ratio=0.0000 accept=1.0000 swapped=True
i=7 pair=(0,1) lam_t=1.01600 lam_s=1.01960 tsr_diff=0.001557 integral_mean=0.000039 integral_std=0.003276 log_ratio=0.0000 accept=1.0000 swapped=True
i=7 pair=(1,0) lam_t=1.01600 lam_s=1.01960 tsr_diff=0.001557 integral_mean=-0.000006 integral_std=0.003402 log_ratio=-0.0150 accept=0.9851 swapped=True
i=8 pair=(2,0) lam_t=0.98000 lam_s=1.01600 tsr_diff=0.019574 integral_mean=0.001194 integral_std=0.040450 log_ratio=0.0000 accept=1.0000 swapped=True
i=8 pair=(1,3) lam_t=1.01960 lam_s=1.02000 tsr_diff=0.000212 integral_mean=0.000004 integral_std=0.000459 log_ratio=0.0000 accept=1.0000 swapped=True
i=8 pair=(0,2) lam_t=0.98000 lam_s=1.01600 tsr_diff=0.019574 integral_mean=0.000314 integral_std=0.041143 log_ratio=0.0000 accept=1.0000 swapped=True
i=8 pair=(3,1) lam_t=1.01960 lam_s=1.02000 tsr_diff=0.000212 integral_mean=-0.000009 integral_std=0.000481 log_ratio=-0.0213 accept=0.9789 swapped=True
i=9 pair=(0,1) lam_t=1.01600 lam_s=1.01960 tsr_diff=0.002266 integral_mean=0.000519 integral_std=0.006454 log_ratio=0.0000 accept=1.0000 swapped=True
i=9 pair=(1,0) lam_t=1.01600 lam_s=1.01960 tsr_diff=0.002266 integral_mean=-0.000457 integral_std=0.006138 log_ratio=-1.0973 accept=0.3338 swapped=True
i=10 pair=(2,0) lam_t=0.98000 lam_s=1.01600 tsr_diff=0.026699 integral_mean=0.000716 integral_std=0.068277 log_ratio=0.0000 accept=1.0000 swapped=True
i=10 pair=(1,3) lam_t=1.01960 lam_s=1.02000 tsr_diff=0.000287 integral_mean=0.000016 integral_std=0.000658 log_ratio=0.0000 accept=1.0000 swapped=True
i=10 pair=(0,2) lam_t=0.98000 lam_s=1.01600 tsr_diff=0.026699 integral_mean=-0.002116 integral_std=0.067773 log_ratio=-5.0785 accept=0.0062 swapped=False
i=10 pair=(3,1) lam_t=1.01960 lam_s=1.02000 tsr_diff=0.000287 integral_mean=-0.000028 integral_std=0.000671 log_ratio=-0.0679 accept=0.9343 swapped=True
i=11 pair=(2,1) lam_t=1.01600 lam_s=1.01960 tsr_diff=0.002883 integral_mean=0.001070 integral_std=0.011976 log_ratio=0.0000 accept=1.0000 swapped=True
i=11 pair=(1,2) lam_t=1.01600 lam_s=1.01960 tsr_diff=0.002883 integral_mean=-0.000639 integral_std=0.010504 log_ratio=-1.5335 accept=0.2158 swapped=True
i=12 pair=(0,2) lam_t=0.98000 lam_s=1.01600 tsr_diff=0.032371 integral_mean=-0.014656 integral_std=0.150845 log_ratio=-35.1740 accept=0.0000 swapped=False
i=12 pair=(1,3) lam_t=1.01960 lam_s=1.02000 tsr_diff=0.000346 integral_mean=0.000022 integral_std=0.001051 log_ratio=0.0000 accept=1.0000 swapped=True
i=12 pair=(0,2) lam_t=0.98000 lam_s=1.01600 tsr_diff=0.032371 integral_mean=-0.006846 integral_std=0.092301 log_ratio=-16.4303 accept=0.0000 swapped=False
i=12 pair=(3,1) lam_t=1.01960 lam_s=1.02000 tsr_diff=0.000346 integral_mean=0.000024 integral_std=0.000934 log_ratio=0.0000 accept=1.0000 swapped=True
i=13 pair=(2,1) lam_t=1.01600 lam_s=1.01960 tsr_diff=0.003308 integral_mean=0.000164 integral_std=0.019087 log_ratio=0.0000 accept=1.0000 swapped=True
i=13 pair=(1,2) lam_t=1.01600 lam_s=1.01960 tsr_diff=0.003308 integral_mean=-0.001399 integral_std=0.018319 log_ratio=-3.3574 accept=0.0348 swapped=True
i=14 pair=(0,2) lam_t=0.98000 lam_s=1.01600 tsr_diff=0.035624 integral_mean=-0.018137 integral_std=0.244668 log_ratio=-43.5296 accept=0.0000 swapped=False
i=14 pair=(1,3) lam_t=1.01960 lam_s=1.02000 tsr_diff=0.000379 integral_mean=0.000199 integral_std=0.003153 log_ratio=0.0000 accept=1.0000 swapped=True
i=14 pair=(0,2) lam_t=0.98000 lam_s=1.01600 tsr_diff=0.035624 integral_mean=-0.043610 integral_std=0.572267 log_ratio=-104.6646 accept=0.0000 swapped=False
i=14 pair=(3,1) lam_t=1.01960 lam_s=1.02000 tsr_diff=0.000379 integral_mean=0.000041 integral_std=0.002615 log_ratio=0.0000 accept=1.0000 swapped=True
Best Sample: 1 log probability -0.339
Saved 1 samples to: logs/pointmaze-giant-navigate-v0/inference/plans/release_H400_T256_LimitsNormalizer_b1_condFalse/2026-07-17 18:38:38/4/0.png
Saved 1 samples to: logs/pointmaze-giant-navigate-v0/inference/plans/release_H400_T256_LimitsNormalizer_b1_condFalse/2026-07-17 18:38:38/4/rollout.png
i=0 pair=(0,1) lam_t=0.98000 lam_s=1.01600 tsr_diff=0.000000 integral_mean=0.000000 integral_std=0.000000 log_ratio=0.0000 accept=1.0000 swapped=True
i=0 pair=(2,3) lam_t=1.01960 lam_s=1.02000 tsr_diff=0.000000 integral_mean=0.000000 integral_std=0.000000 log_ratio=0.0000 accept=1.0000 swapped=True
i=0 pair=(1,0) lam_t=0.98000 lam_s=1.01600 tsr_diff=0.000000 integral_mean=0.000000 integral_std=0.000000 log_ratio=0.0000 accept=1.0000 swapped=True
i=0 pair=(3,2) lam_t=1.01960 lam_s=1.02000 tsr_diff=0.000000 integral_mean=0.000000 integral_std=0.000000 log_ratio=0.0000 accept=1.0000 swapped=True
i=1 pair=(1,2) lam_t=1.01600 lam_s=1.01960 tsr_diff=0.000038 integral_mean=0.000002 integral_std=0.000082 log_ratio=0.0000 accept=1.0000 swapped=True
i=1 pair=(2,1) lam_t=1.01600 lam_s=1.01960 tsr_diff=0.000038 integral_mean=-0.000001 integral_std=0.000079 log_ratio=-0.0036 accept=0.9964 swapped=True
i=2 pair=(0,1) lam_t=0.98000 lam_s=1.01600 tsr_diff=0.001521 integral_mean=0.000204 integral_std=0.003359 log_ratio=0.0000 accept=1.0000 swapped=True
i=2 pair=(2,3) lam_t=1.01960 lam_s=1.02000 tsr_diff=0.000017 integral_mean=-0.000001 integral_std=0.000036 log_ratio=-0.0033 accept=0.9967 swapped=True
i=2 pair=(1,0) lam_t=0.98000 lam_s=1.01600 tsr_diff=0.001521 integral_mean=0.000028 integral_std=0.003146 log_ratio=0.0000 accept=1.0000 swapped=True
i=2 pair=(3,2) lam_t=1.01960 lam_s=1.02000 tsr_diff=0.000017 integral_mean=-0.000010 integral_std=0.000045 log_ratio=-0.0248 accept=0.9755 swapped=True
i=3 pair=(1,2) lam_t=1.01600 lam_s=1.01960 tsr_diff=0.000335 integral_mean=-0.000065 integral_std=0.000923 log_ratio=-0.1550 accept=0.8564 swapped=True
i=3 pair=(2,1) lam_t=1.01600 lam_s=1.01960 tsr_diff=0.000335 integral_mean=0.000006 integral_std=0.000689 log_ratio=0.0000 accept=1.0000 swapped=True
i=4 pair=(0,1) lam_t=0.98000 lam_s=1.01600 tsr_diff=0.005829 integral_mean=-0.000072 integral_std=0.012198 log_ratio=-0.1728 accept=0.8413 swapped=True
i=4 pair=(2,3) lam_t=1.01960 lam_s=1.02000 tsr_diff=0.000064 integral_mean=0.000008 integral_std=0.000137 log_ratio=0.0000 accept=1.0000 swapped=True
i=4 pair=(1,0) lam_t=0.98000 lam_s=1.01600 tsr_diff=0.005829 integral_mean=0.000074 integral_std=0.011950 log_ratio=0.0000 accept=1.0000 swapped=True
i=4 pair=(3,2) lam_t=1.01960 lam_s=1.02000 tsr_diff=0.000064 integral_mean=-0.000000 integral_std=0.000149 log_ratio=-0.0007 accept=0.9993 swapped=True
i=5 pair=(1,2) lam_t=1.01600 lam_s=1.01960 tsr_diff=0.000873 integral_mean=-0.000111 integral_std=0.001830 log_ratio=-0.2666 accept=0.7660 swapped=True
i=5 pair=(2,1) lam_t=1.01600 lam_s=1.01960 tsr_diff=0.000873 integral_mean=0.000062 integral_std=0.001875 log_ratio=0.0000 accept=1.0000 swapped=True
i=6 pair=(0,1) lam_t=0.98000 lam_s=1.01600 tsr_diff=0.012203 integral_mean=0.000519 integral_std=0.025999 log_ratio=0.0000 accept=1.0000 swapped=True
i=6 pair=(2,3) lam_t=1.01960 lam_s=1.02000 tsr_diff=0.000134 integral_mean=0.000010 integral_std=0.000289 log_ratio=0.0000 accept=1.0000 swapped=True
i=6 pair=(1,0) lam_t=0.98000 lam_s=1.01600 tsr_diff=0.012203 integral_mean=-0.000594 integral_std=0.025633 log_ratio=-1.4265 accept=0.2401 swapped=True
i=6 pair=(3,2) lam_t=1.01960 lam_s=1.02000 tsr_diff=0.000134 integral_mean=-0.000004 integral_std=0.000289 log_ratio=-0.0097 accept=0.9903 swapped=True
i=7 pair=(1,2) lam_t=1.01600 lam_s=1.01960 tsr_diff=0.001557 integral_mean=-0.000134 integral_std=0.003588 log_ratio=-0.3211 accept=0.7254 swapped=True
i=7 pair=(2,1) lam_t=1.01600 lam_s=1.01960 tsr_diff=0.001557 integral_mean=-0.000020 integral_std=0.003712 log_ratio=-0.0479 accept=0.9533 swapped=True
i=8 pair=(0,1) lam_t=0.98000 lam_s=1.01600 tsr_diff=0.019574 integral_mean=-0.006032 integral_std=0.051994 log_ratio=-14.4768 accept=0.0000 swapped=False
i=8 pair=(2,3) lam_t=1.01960 lam_s=1.02000 tsr_diff=0.000212 integral_mean=0.000020 integral_std=0.000501 log_ratio=0.0000 accept=1.0000 swapped=True
i=8 pair=(0,1) lam_t=0.98000 lam_s=1.01600 tsr_diff=0.019574 integral_mean=-0.002404 integral_std=0.050821 log_ratio=-5.7695 accept=0.0031 swapped=False
i=8 pair=(3,2) lam_t=1.01960 lam_s=1.02000 tsr_diff=0.000212 integral_mean=-0.000015 integral_std=0.000499 log_ratio=-0.0370 accept=0.9637 swapped=True
i=9 pair=(1,2) lam_t=1.01600 lam_s=1.01960 tsr_diff=0.002266 integral_mean=0.000139 integral_std=0.005673 log_ratio=0.0000 accept=1.0000 swapped=True
i=9 pair=(2,1) lam_t=1.01600 lam_s=1.01960 tsr_diff=0.002266 integral_mean=0.000065 integral_std=0.005625 log_ratio=0.0000 accept=1.0000 swapped=True
i=10 pair=(0,1) lam_t=0.98000 lam_s=1.01600 tsr_diff=0.026699 integral_mean=-0.001419 integral_std=0.072511 log_ratio=-3.4048 accept=0.0332 swapped=False
i=10 pair=(2,3) lam_t=1.01960 lam_s=1.02000 tsr_diff=0.000287 integral_mean=0.000052 integral_std=0.000821 log_ratio=0.0000 accept=1.0000 swapped=True
i=10 pair=(0,1) lam_t=0.98000 lam_s=1.01600 tsr_diff=0.026699 integral_mean=-0.003401 integral_std=0.081265 log_ratio=-8.1628 accept=0.0003 swapped=False
i=10 pair=(3,2) lam_t=1.01960 lam_s=1.02000 tsr_diff=0.000287 integral_mean=-0.000027 integral_std=0.000825 log_ratio=-0.0660 accept=0.9361 swapped=True
i=11 pair=(1,2) lam_t=1.01600 lam_s=1.01960 tsr_diff=0.002883 integral_mean=0.000101 integral_std=0.010706 log_ratio=0.0000 accept=1.0000 swapped=True
i=11 pair=(2,1) lam_t=1.01600 lam_s=1.01960 tsr_diff=0.002883 integral_mean=0.000338 integral_std=0.010621 log_ratio=0.0000 accept=1.0000 swapped=True
i=12 pair=(0,1) lam_t=0.98000 lam_s=1.01600 tsr_diff=0.032371 integral_mean=-0.006938 integral_std=0.126823 log_ratio=-16.6520 accept=0.0000 swapped=False
i=12 pair=(2,3) lam_t=1.01960 lam_s=1.02000 tsr_diff=0.000346 integral_mean=0.000083 integral_std=0.001314 log_ratio=0.0000 accept=1.0000 swapped=True
i=12 pair=(0,1) lam_t=0.98000 lam_s=1.01600 tsr_diff=0.032371 integral_mean=-0.003809 integral_std=0.121995 log_ratio=-9.1428 accept=0.0001 swapped=False
i=12 pair=(3,2) lam_t=1.01960 lam_s=1.02000 tsr_diff=0.000346 integral_mean=-0.000036 integral_std=0.001190 log_ratio=-0.0854 accept=0.9181 swapped=True
i=13 pair=(1,2) lam_t=1.01600 lam_s=1.01960 tsr_diff=0.003308 integral_mean=-0.000875 integral_std=0.027617 log_ratio=-2.1009 accept=0.1223 swapped=False
i=13 pair=(1,2) lam_t=1.01600 lam_s=1.01960 tsr_diff=0.003308 integral_mean=0.000479 integral_std=0.025830 log_ratio=0.0000 accept=1.0000 swapped=True
i=14 pair=(0,2) lam_t=0.98000 lam_s=1.01600 tsr_diff=0.035624 integral_mean=-0.042224 integral_std=0.516349 log_ratio=-101.3373 accept=0.0000 swapped=False
i=14 pair=(1,3) lam_t=1.01960 lam_s=1.02000 tsr_diff=0.000379 integral_mean=0.001618 integral_std=0.009408 log_ratio=0.0000 accept=1.0000 swapped=True
i=14 pair=(0,2) lam_t=0.98000 lam_s=1.01600 tsr_diff=0.035624 integral_mean=-0.021237 integral_std=0.505566 log_ratio=-50.9690 accept=0.0000 swapped=False
i=14 pair=(3,1) lam_t=1.01960 lam_s=1.02000 tsr_diff=0.000379 integral_mean=-0.001206 integral_std=0.007450 log_ratio=-2.8945 accept=0.0553 swapped=True
Best Sample: 3 log probability -0.021
Saved 1 samples to: logs/pointmaze-giant-navigate-v0/inference/plans/release_H400_T256_LimitsNormalizer_b1_condFalse/2026-07-17 18:38:38/5/0.png
Saved 1 samples to: logs/pointmaze-giant-navigate-v0/inference/plans/release_H400_T256_LimitsNormalizer_b1_condFalse/2026-07-17 18:38:38/5/rollout.png
i=0 pair=(0,1) lam_t=0.98000 lam_s=1.01600 tsr_diff=0.000000 integral_mean=0.000000 integral_std=0.000000 log_ratio=0.0000 accept=1.0000 swapped=True
i=0 pair=(2,3) lam_t=1.01960 lam_s=1.02000 tsr_diff=0.000000 integral_mean=0.000000 integral_std=0.000000 log_ratio=0.0000 accept=1.0000 swapped=True
i=0 pair=(1,0) lam_t=0.98000 lam_s=1.01600 tsr_diff=0.000000 integral_mean=0.000000 integral_std=0.000000 log_ratio=0.0000 accept=1.0000 swapped=True
i=0 pair=(3,2) lam_t=1.01960 lam_s=1.02000 tsr_diff=0.000000 integral_mean=0.000000 integral_std=0.000000 log_ratio=0.0000 accept=1.0000 swapped=True
i=1 pair=(1,2) lam_t=1.01600 lam_s=1.01960 tsr_diff=0.000038 integral_mean=-0.000002 integral_std=0.000075 log_ratio=-0.0047 accept=0.9953 swapped=True
i=1 pair=(2,1) lam_t=1.01600 lam_s=1.01960 tsr_diff=0.000038 integral_mean=-0.000004 integral_std=0.000078 log_ratio=-0.0102 accept=0.9899 swapped=True
i=2 pair=(0,1) lam_t=0.98000 lam_s=1.01600 tsr_diff=0.001521 integral_mean=0.000466 integral_std=0.003299 log_ratio=0.0000 accept=1.0000 swapped=True
i=2 pair=(2,3) lam_t=1.01960 lam_s=1.02000 tsr_diff=0.000017 integral_mean=-0.000001 integral_std=0.000035 log_ratio=-0.0019 accept=0.9981 swapped=True
i=2 pair=(1,0) lam_t=0.98000 lam_s=1.01600 tsr_diff=0.001521 integral_mean=-0.000038 integral_std=0.002907 log_ratio=-0.0915 accept=0.9126 swapped=True
i=2 pair=(3,2) lam_t=1.01960 lam_s=1.02000 tsr_diff=0.000017 integral_mean=0.000004 integral_std=0.000040 log_ratio=0.0000 accept=1.0000 swapped=True
i=3 pair=(1,2) lam_t=1.01600 lam_s=1.01960 tsr_diff=0.000335 integral_mean=0.000005 integral_std=0.000722 log_ratio=0.0000 accept=1.0000 swapped=True
i=3 pair=(2,1) lam_t=1.01600 lam_s=1.01960 tsr_diff=0.000335 integral_mean=-0.000018 integral_std=0.000692 log_ratio=-0.0423 accept=0.9586 swapped=True
i=4 pair=(0,1) lam_t=0.98000 lam_s=1.01600 tsr_diff=0.005829 integral_mean=-0.000226 integral_std=0.013270 log_ratio=-0.5423 accept=0.5814 swapped=False
i=4 pair=(2,3) lam_t=1.01960 lam_s=1.02000 tsr_diff=0.000064 integral_mean=0.000001 integral_std=0.000141 log_ratio=0.0000 accept=1.0000 swapped=True
i=4 pair=(0,1) lam_t=0.98000 lam_s=1.01600 tsr_diff=0.005829 integral_mean=-0.000562 integral_std=0.012604 log_ratio=-1.3498 accept=0.2593 swapped=True
i=4 pair=(3,2) lam_t=1.01960 lam_s=1.02000 tsr_diff=0.000064 integral_mean=0.000004 integral_std=0.000137 log_ratio=0.0000 accept=1.0000 swapped=True
i=5 pair=(0,2) lam_t=1.01600 lam_s=1.01960 tsr_diff=0.000873 integral_mean=0.000055 integral_std=0.001856 log_ratio=0.0000 accept=1.0000 swapped=True
i=5 pair=(2,0) lam_t=1.01600 lam_s=1.01960 tsr_diff=0.000873 integral_mean=-0.000218 integral_std=0.002039 log_ratio=-0.5233 accept=0.5926 swapped=False
i=6 pair=(1,2) lam_t=0.98000 lam_s=1.01600 tsr_diff=0.012203 integral_mean=0.000591 integral_std=0.026544 log_ratio=0.0000 accept=1.0000 swapped=True
i=6 pair=(0,3) lam_t=1.01960 lam_s=1.02000 tsr_diff=0.000134 integral_mean=0.000019 integral_std=0.000324 log_ratio=0.0000 accept=1.0000 swapped=True
i=6 pair=(2,1) lam_t=0.98000 lam_s=1.01600 tsr_diff=0.012203 integral_mean=-0.000624 integral_std=0.027016 log_ratio=-1.4982 accept=0.2235 swapped=False
i=6 pair=(3,0) lam_t=1.01960 lam_s=1.02000 tsr_diff=0.000134 integral_mean=0.000002 integral_std=0.000303 log_ratio=0.0000 accept=1.0000 swapped=True
i=7 pair=(1,0) lam_t=1.01600 lam_s=1.01960 tsr_diff=0.001557 integral_mean=-0.000097 integral_std=0.003529 log_ratio=-0.2325 accept=0.7926 swapped=False
i=7 pair=(1,0) lam_t=1.01600 lam_s=1.01960 tsr_diff=0.001557 integral_mean=0.000805 integral_std=0.004805 log_ratio=0.0000 accept=1.0000 swapped=True
i=8 pair=(2,0) lam_t=0.98000 lam_s=1.01600 tsr_diff=0.019574 integral_mean=-0.002514 integral_std=0.044193 log_ratio=-6.0334 accept=0.0024 swapped=False
i=8 pair=(1,3) lam_t=1.01960 lam_s=1.02000 tsr_diff=0.000212 integral_mean=0.000093 integral_std=0.000585 log_ratio=0.0000 accept=1.0000 swapped=True
i=8 pair=(2,0) lam_t=0.98000 lam_s=1.01600 tsr_diff=0.019574 integral_mean=-0.003109 integral_std=0.043223 log_ratio=-7.4616 accept=0.0006 swapped=False
i=8 pair=(3,1) lam_t=1.01960 lam_s=1.02000 tsr_diff=0.000212 integral_mean=-0.000071 integral_std=0.000599 log_ratio=-0.1705 accept=0.8432 swapped=True
i=9 pair=(0,1) lam_t=1.01600 lam_s=1.01960 tsr_diff=0.002266 integral_mean=-0.000742 integral_std=0.006339 log_ratio=-1.7808 accept=0.1685 swapped=False
i=9 pair=(0,1) lam_t=1.01600 lam_s=1.01960 tsr_diff=0.002266 integral_mean=-0.000388 integral_std=0.005643 log_ratio=-0.9311 accept=0.3941 swapped=False
i=10 pair=(2,0) lam_t=0.98000 lam_s=1.01600 tsr_diff=0.026699 integral_mean=-0.000761 integral_std=0.065799 log_ratio=-1.8272 accept=0.1609 swapped=False
i=10 pair=(1,3) lam_t=1.01960 lam_s=1.02000 tsr_diff=0.000287 integral_mean=-0.000005 integral_std=0.000913 log_ratio=-0.0118 accept=0.9883 swapped=True
i=10 pair=(2,0) lam_t=0.98000 lam_s=1.01600 tsr_diff=0.026699 integral_mean=-0.001876 integral_std=0.063518 log_ratio=-4.5030 accept=0.0111 swapped=False
i=10 pair=(3,1) lam_t=1.01960 lam_s=1.02000 tsr_diff=0.000287 integral_mean=-0.000007 integral_std=0.000820 log_ratio=-0.0170 accept=0.9831 swapped=True
i=11 pair=(0,1) lam_t=1.01600 lam_s=1.01960 tsr_diff=0.002883 integral_mean=-0.000206 integral_std=0.009481 log_ratio=-0.4950 accept=0.6096 swapped=True
i=11 pair=(1,0) lam_t=1.01600 lam_s=1.01960 tsr_diff=0.002883 integral_mean=0.000223 integral_std=0.008952 log_ratio=0.0000 accept=1.0000 swapped=True
i=12 pair=(2,0) lam_t=0.98000 lam_s=1.01600 tsr_diff=0.032371 integral_mean=-0.003889 integral_std=0.148602 log_ratio=-9.3344 accept=0.0001 swapped=False
i=12 pair=(1,3) lam_t=1.01960 lam_s=1.02000 tsr_diff=0.000346 integral_mean=-0.000113 integral_std=0.001601 log_ratio=-0.2714 accept=0.7623 swapped=True
i=12 pair=(2,0) lam_t=0.98000 lam_s=1.01600 tsr_diff=0.032371 integral_mean=-0.007984 integral_std=0.129056 log_ratio=-19.1615 accept=0.0000 swapped=False
i=12 pair=(3,1) lam_t=1.01960 lam_s=1.02000 tsr_diff=0.000346 integral_mean=0.000109 integral_std=0.001511 log_ratio=0.0000 accept=1.0000 swapped=True
i=13 pair=(0,1) lam_t=1.01600 lam_s=1.01960 tsr_diff=0.003308 integral_mean=0.000620 integral_std=0.023318 log_ratio=0.0000 accept=1.0000 swapped=True
i=13 pair=(1,0) lam_t=1.01600 lam_s=1.01960 tsr_diff=0.003308 integral_mean=-0.000959 integral_std=0.027875 log_ratio=-2.3022 accept=0.1000 swapped=False
i=14 pair=(2,1) lam_t=0.98000 lam_s=1.01600 tsr_diff=0.035624 integral_mean=-0.036154 integral_std=0.348362 log_ratio=-86.7697 accept=0.0000 swapped=False
i=14 pair=(0,3) lam_t=1.01960 lam_s=1.02000 tsr_diff=0.000379 integral_mean=0.000513 integral_std=0.010994 log_ratio=0.0000 accept=1.0000 swapped=True
i=14 pair=(2,1) lam_t=0.98000 lam_s=1.01600 tsr_diff=0.035624 integral_mean=-0.021938 integral_std=0.321213 log_ratio=-52.6516 accept=0.0000 swapped=False
i=14 pair=(3,0) lam_t=1.01960 lam_s=1.02000 tsr_diff=0.000379 integral_mean=-0.000508 integral_std=0.008074 log_ratio=-1.2192 accept=0.2955 swapped=False
Best Sample: 2 log probability -12.050
Saved 1 samples to: logs/pointmaze-giant-navigate-v0/inference/plans/release_H400_T256_LimitsNormalizer_b1_condFalse/2026-07-17 18:38:38/6/0.png
Saved 1 samples to: logs/pointmaze-giant-navigate-v0/inference/plans/release_H400_T256_LimitsNormalizer_b1_condFalse/2026-07-17 18:38:38/6/rollout.png
i=0 pair=(0,1) lam_t=0.98000 lam_s=1.01600 tsr_diff=0.000000 integral_mean=0.000000 integral_std=0.000000 log_ratio=0.0000 accept=1.0000 swapped=True
i=0 pair=(2,3) lam_t=1.01960 lam_s=1.02000 tsr_diff=0.000000 integral_mean=0.000000 integral_std=0.000000 log_ratio=0.0000 accept=1.0000 swapped=True
i=0 pair=(1,0) lam_t=0.98000 lam_s=1.01600 tsr_diff=0.000000 integral_mean=0.000000 integral_std=0.000000 log_ratio=0.0000 accept=1.0000 swapped=True
i=0 pair=(3,2) lam_t=1.01960 lam_s=1.02000 tsr_diff=0.000000 integral_mean=0.000000 integral_std=0.000000 log_ratio=0.0000 accept=1.0000 swapped=True
i=1 pair=(1,2) lam_t=1.01600 lam_s=1.01960 tsr_diff=0.000038 integral_mean=0.000001 integral_std=0.000078 log_ratio=0.0000 accept=1.0000 swapped=True
i=1 pair=(2,1) lam_t=1.01600 lam_s=1.01960 tsr_diff=0.000038 integral_mean=0.000001 integral_std=0.000078 log_ratio=0.0000 accept=1.0000 swapped=True
i=2 pair=(0,1) lam_t=0.98000 lam_s=1.01600 tsr_diff=0.001521 integral_mean=-0.000150 integral_std=0.003150 log_ratio=-0.3588 accept=0.6985 swapped=False
i=2 pair=(2,3) lam_t=1.01960 lam_s=1.02000 tsr_diff=0.000017 integral_mean=0.000001 integral_std=0.000037 log_ratio=0.0000 accept=1.0000 swapped=True
i=2 pair=(0,1) lam_t=0.98000 lam_s=1.01600 tsr_diff=0.001521 integral_mean=-0.000093 integral_std=0.003092 log_ratio=-0.2221 accept=0.8008 swapped=True
i=2 pair=(3,2) lam_t=1.01960 lam_s=1.02000 tsr_diff=0.000017 integral_mean=-0.000000 integral_std=0.000034 log_ratio=-0.0011 accept=0.9989 swapped=True
i=3 pair=(0,2) lam_t=1.01600 lam_s=1.01960 tsr_diff=0.000335 integral_mean=-0.000023 integral_std=0.000720 log_ratio=-0.0551 accept=0.9464 swapped=True
i=3 pair=(2,0) lam_t=1.01600 lam_s=1.01960 tsr_diff=0.000335 integral_mean=0.000004 integral_std=0.000703 log_ratio=0.0000 accept=1.0000 swapped=True
i=4 pair=(1,0) lam_t=0.98000 lam_s=1.01600 tsr_diff=0.005829 integral_mean=-0.000622 integral_std=0.012348 log_ratio=-1.4925 accept=0.2248 swapped=False
i=4 pair=(2,3) lam_t=1.01960 lam_s=1.02000 tsr_diff=0.000064 integral_mean=0.000006 integral_std=0.000133 log_ratio=0.0000 accept=1.0000 swapped=True
i=4 pair=(1,0) lam_t=0.98000 lam_s=1.01600 tsr_diff=0.005829 integral_mean=0.000104 integral_std=0.013322 log_ratio=0.0000 accept=1.0000 swapped=True
i=4 pair=(3,2) lam_t=1.01960 lam_s=1.02000 tsr_diff=0.000064 integral_mean=0.000003 integral_std=0.000130 log_ratio=0.0000 accept=1.0000 swapped=True
i=5 pair=(1,2) lam_t=1.01600 lam_s=1.01960 tsr_diff=0.000873 integral_mean=0.000026 integral_std=0.001895 log_ratio=0.0000 accept=1.0000 swapped=True
i=5 pair=(2,1) lam_t=1.01600 lam_s=1.01960 tsr_diff=0.000873 integral_mean=-0.000090 integral_std=0.001842 log_ratio=-0.2163 accept=0.8055 swapped=True
i=6 pair=(0,1) lam_t=0.98000 lam_s=1.01600 tsr_diff=0.012203 integral_mean=-0.001929 integral_std=0.029337 log_ratio=-4.6285 accept=0.0098 swapped=False
i=6 pair=(2,3) lam_t=1.01960 lam_s=1.02000 tsr_diff=0.000134 integral_mean=-0.000013 integral_std=0.000300 log_ratio=-0.0313 accept=0.9692 swapped=False
i=6 pair=(0,1) lam_t=0.98000 lam_s=1.01600 tsr_diff=0.012203 integral_mean=0.000019 integral_std=0.028014 log_ratio=0.0000 accept=1.0000 swapped=True
i=6 pair=(2,3) lam_t=1.01960 lam_s=1.02000 tsr_diff=0.000134 integral_mean=-0.000029 integral_std=0.000334 log_ratio=-0.0688 accept=0.9336 swapped=True
i=7 pair=(0,3) lam_t=1.01600 lam_s=1.01960 tsr_diff=0.001557 integral_mean=-0.000072 integral_std=0.003655 log_ratio=-0.1728 accept=0.8413 swapped=True
i=7 pair=(3,0) lam_t=1.01600 lam_s=1.01960 tsr_diff=0.001557 integral_mean=0.000045 integral_std=0.003452 log_ratio=0.0000 accept=1.0000 swapped=True
i=8 pair=(1,0) lam_t=0.98000 lam_s=1.01600 tsr_diff=0.019574 integral_mean=-0.002164 integral_std=0.048215 log_ratio=-5.1930 accept=0.0056 swapped=False
i=8 pair=(3,2) lam_t=1.01960 lam_s=1.02000 tsr_diff=0.000212 integral_mean=0.000030 integral_std=0.000554 log_ratio=0.0000 accept=1.0000 swapped=True
i=8 pair=(1,0) lam_t=0.98000 lam_s=1.01600 tsr_diff=0.019574 integral_mean=-0.001036 integral_std=0.046623 log_ratio=-2.4864 accept=0.0832 swapped=False
i=8 pair=(2,3) lam_t=1.01960 lam_s=1.02000 tsr_diff=0.000212 integral_mean=-0.000025 integral_std=0.000540 log_ratio=-0.0598 accept=0.9419 swapped=True
i=9 pair=(0,3) lam_t=1.01600 lam_s=1.01960 tsr_diff=0.002266 integral_mean=-0.000017 integral_std=0.005496 log_ratio=-0.0397 accept=0.9611 swapped=True
i=9 pair=(3,0) lam_t=1.01600 lam_s=1.01960 tsr_diff=0.002266 integral_mean=-0.000111 integral_std=0.005562 log_ratio=-0.2673 accept=0.7654 swapped=True
i=10 pair=(1,0) lam_t=0.98000 lam_s=1.01600 tsr_diff=0.026699 integral_mean=-0.004958 integral_std=0.070667 log_ratio=-11.8988 accept=0.0000 swapped=False
i=10 pair=(3,2) lam_t=1.01960 lam_s=1.02000 tsr_diff=0.000287 integral_mean=0.000059 integral_std=0.000866 log_ratio=0.0000 accept=1.0000 swapped=True
i=10 pair=(1,0) lam_t=0.98000 lam_s=1.01600 tsr_diff=0.026699 integral_mean=-0.004671 integral_std=0.070608 log_ratio=-11.2093 accept=0.0000 swapped=False
i=10 pair=(2,3) lam_t=1.01960 lam_s=1.02000 tsr_diff=0.000287 integral_mean=-0.000067 integral_std=0.000854 log_ratio=-0.1616 accept=0.8508 swapped=True
i=11 pair=(0,3) lam_t=1.01600 lam_s=1.01960 tsr_diff=0.002883 integral_mean=0.000081 integral_std=0.008729 log_ratio=0.0000 accept=1.0000 swapped=True
i=11 pair=(3,0) lam_t=1.01600 lam_s=1.01960 tsr_diff=0.002883 integral_mean=-0.000446 integral_std=0.008272 log_ratio=-1.0714 accept=0.3425 swapped=False
i=12 pair=(1,3) lam_t=0.98000 lam_s=1.01600 tsr_diff=0.032371 integral_mean=-0.000886 integral_std=0.128138 log_ratio=-2.1252 accept=0.1194 swapped=False
i=12 pair=(0,2) lam_t=1.01960 lam_s=1.02000 tsr_diff=0.000346 integral_mean=0.000149 integral_std=0.001657 log_ratio=0.0000 accept=1.0000 swapped=True
i=12 pair=(1,3) lam_t=0.98000 lam_s=1.01600 tsr_diff=0.032371 integral_mean=-0.002343 integral_std=0.127872 log_ratio=-5.6232 accept=0.0036 swapped=False
i=12 pair=(2,0) lam_t=1.01960 lam_s=1.02000 tsr_diff=0.000346 integral_mean=-0.000077 integral_std=0.001538 log_ratio=-0.1836 accept=0.8322 swapped=True
i=13 pair=(3,0) lam_t=1.01600 lam_s=1.01960 tsr_diff=0.003308 integral_mean=-0.001484 integral_std=0.020832 log_ratio=-3.5614 accept=0.0284 swapped=False
i=13 pair=(3,0) lam_t=1.01600 lam_s=1.01960 tsr_diff=0.003308 integral_mean=-0.000187 integral_std=0.015721 log_ratio=-0.4491 accept=0.6382 swapped=True
i=14 pair=(1,0) lam_t=0.98000 lam_s=1.01600 tsr_diff=0.035624 integral_mean=-0.005217 integral_std=0.383443 log_ratio=-12.5202 accept=0.0000 swapped=False
i=14 pair=(3,2) lam_t=1.01960 lam_s=1.02000 tsr_diff=0.000379 integral_mean=0.000752 integral_std=0.006590 log_ratio=0.0000 accept=1.0000 swapped=True
i=14 pair=(1,0) lam_t=0.98000 lam_s=1.01600 tsr_diff=0.035624 integral_mean=-0.036519 integral_std=0.440333 log_ratio=-87.6462 accept=0.0000 swapped=False
i=14 pair=(2,3) lam_t=1.01960 lam_s=1.02000 tsr_diff=0.000379 integral_mean=-0.000146 integral_std=0.004935 log_ratio=-0.3494 accept=0.7051 swapped=True
Best Sample: 2 log probability -8.200
Saved 1 samples to: logs/pointmaze-giant-navigate-v0/inference/plans/release_H400_T256_LimitsNormalizer_b1_condFalse/2026-07-17 18:38:38/7/0.png
Saved 1 samples to: logs/pointmaze-giant-navigate-v0/inference/plans/release_H400_T256_LimitsNormalizer_b1_condFalse/2026-07-17 18:38:38/7/rollout.png
i=0 pair=(0,1) lam_t=0.98000 lam_s=1.01600 tsr_diff=0.000000 integral_mean=0.000000 integral_std=0.000000 log_ratio=0.0000 accept=1.0000 swapped=True
i=0 pair=(2,3) lam_t=1.01960 lam_s=1.02000 tsr_diff=0.000000 integral_mean=0.000000 integral_std=0.000000 log_ratio=0.0000 accept=1.0000 swapped=True
i=0 pair=(1,0) lam_t=0.98000 lam_s=1.01600 tsr_diff=0.000000 integral_mean=0.000000 integral_std=0.000000 log_ratio=0.0000 accept=1.0000 swapped=True
i=0 pair=(3,2) lam_t=1.01960 lam_s=1.02000 tsr_diff=0.000000 integral_mean=0.000000 integral_std=0.000000 log_ratio=0.0000 accept=1.0000 swapped=True
i=1 pair=(1,2) lam_t=1.01600 lam_s=1.01960 tsr_diff=0.000038 integral_mean=-0.000001 integral_std=0.000081 log_ratio=-0.0020 accept=0.9980 swapped=True
i=1 pair=(2,1) lam_t=1.01600 lam_s=1.01960 tsr_diff=0.000038 integral_mean=-0.000001 integral_std=0.000073 log_ratio=-0.0023 accept=0.9977 swapped=True
i=2 pair=(0,1) lam_t=0.98000 lam_s=1.01600 tsr_diff=0.001521 integral_mean=-0.000009 integral_std=0.003023 log_ratio=-0.0214 accept=0.9788 swapped=True
i=2 pair=(2,3) lam_t=1.01960 lam_s=1.02000 tsr_diff=0.000017 integral_mean=-0.000000 integral_std=0.000032 log_ratio=-0.0008 accept=0.9992 swapped=True
i=2 pair=(1,0) lam_t=0.98000 lam_s=1.01600 tsr_diff=0.001521 integral_mean=-0.000103 integral_std=0.003247 log_ratio=-0.2467 accept=0.7814 swapped=True
i=2 pair=(3,2) lam_t=1.01960 lam_s=1.02000 tsr_diff=0.000017 integral_mean=-0.000000 integral_std=0.000033 log_ratio=-0.0008 accept=0.9992 swapped=True
i=3 pair=(1,2) lam_t=1.01600 lam_s=1.01960 tsr_diff=0.000335 integral_mean=0.000054 integral_std=0.000722 log_ratio=0.0000 accept=1.0000 swapped=True
i=3 pair=(2,1) lam_t=1.01600 lam_s=1.01960 tsr_diff=0.000335 integral_mean=0.000009 integral_std=0.000677 log_ratio=0.0000 accept=1.0000 swapped=True
i=4 pair=(0,1) lam_t=0.98000 lam_s=1.01600 tsr_diff=0.005829 integral_mean=-0.001781 integral_std=0.015574 log_ratio=-4.2751 accept=0.0139 swapped=False
i=4 pair=(2,3) lam_t=1.01960 lam_s=1.02000 tsr_diff=0.000064 integral_mean=-0.000002 integral_std=0.000142 log_ratio=-0.0055 accept=0.9945 swapped=True
i=4 pair=(0,1) lam_t=0.98000 lam_s=1.01600 tsr_diff=0.005829 integral_mean=-0.001102 integral_std=0.012770 log_ratio=-2.6457 accept=0.0710 swapped=False
i=4 pair=(3,2) lam_t=1.01960 lam_s=1.02000 tsr_diff=0.000064 integral_mean=0.000006 integral_std=0.000142 log_ratio=0.0000 accept=1.0000 swapped=True
i=5 pair=(1,2) lam_t=1.01600 lam_s=1.01960 tsr_diff=0.000873 integral_mean=0.000124 integral_std=0.001815 log_ratio=0.0000 accept=1.0000 swapped=True
i=5 pair=(2,1) lam_t=1.01600 lam_s=1.01960 tsr_diff=0.000873 integral_mean=-0.000233 integral_std=0.002084 log_ratio=-0.5592 accept=0.5717 swapped=True
i=6 pair=(0,1) lam_t=0.98000 lam_s=1.01600 tsr_diff=0.012203 integral_mean=-0.003145 integral_std=0.029671 log_ratio=-7.5486 accept=0.0005 swapped=False
i=6 pair=(2,3) lam_t=1.01960 lam_s=1.02000 tsr_diff=0.000134 integral_mean=-0.000006 integral_std=0.000290 log_ratio=-0.0152 accept=0.9849 swapped=True
i=6 pair=(0,1) lam_t=0.98000 lam_s=1.01600 tsr_diff=0.012203 integral_mean=-0.000974 integral_std=0.027335 log_ratio=-2.3366 accept=0.0967 swapped=False
i=6 pair=(3,2) lam_t=1.01960 lam_s=1.02000 tsr_diff=0.000134 integral_mean=-0.000003 integral_std=0.000293 log_ratio=-0.0062 accept=0.9938 swapped=True
i=7 pair=(1,2) lam_t=1.01600 lam_s=1.01960 tsr_diff=0.001557 integral_mean=-0.000016 integral_std=0.003275 log_ratio=-0.0391 accept=0.9617 swapped=True
i=7 pair=(2,1) lam_t=1.01600 lam_s=1.01960 tsr_diff=0.001557 integral_mean=-0.000055 integral_std=0.003399 log_ratio=-0.1312 accept=0.8771 swapped=True
i=8 pair=(0,1) lam_t=0.98000 lam_s=1.01600 tsr_diff=0.019574 integral_mean=-0.002323 integral_std=0.048804 log_ratio=-5.5743 accept=0.0038 swapped=False
i=8 pair=(2,3) lam_t=1.01960 lam_s=1.02000 tsr_diff=0.000212 integral_mean=-0.000003 integral_std=0.000520 log_ratio=-0.0071 accept=0.9929 swapped=True
i=8 pair=(0,1) lam_t=0.98000 lam_s=1.01600 tsr_diff=0.019574 integral_mean=-0.001555 integral_std=0.044297 log_ratio=-3.7325 accept=0.0239 swapped=False
i=8 pair=(3,2) lam_t=1.01960 lam_s=1.02000 tsr_diff=0.000212 integral_mean=0.000004 integral_std=0.000512 log_ratio=0.0000 accept=1.0000 swapped=True
i=9 pair=(1,2) lam_t=1.01600 lam_s=1.01960 tsr_diff=0.002266 integral_mean=0.000205 integral_std=0.005708 log_ratio=0.0000 accept=1.0000 swapped=True
i=9 pair=(2,1) lam_t=1.01600 lam_s=1.01960 tsr_diff=0.002266 integral_mean=-0.000217 integral_std=0.005062 log_ratio=-0.5203 accept=0.5943 swapped=True
i=10 pair=(0,1) lam_t=0.98000 lam_s=1.01600 tsr_diff=0.026699 integral_mean=-0.003118 integral_std=0.068664 log_ratio=-7.4837 accept=0.0006 swapped=False
i=10 pair=(2,3) lam_t=1.01960 lam_s=1.02000 tsr_diff=0.000287 integral_mean=-0.000045 integral_std=0.000875 log_ratio=-0.1085 accept=0.8972 swapped=True
i=10 pair=(0,1) lam_t=0.98000 lam_s=1.01600 tsr_diff=0.026699 integral_mean=-0.002952 integral_std=0.069761 log_ratio=-7.0842 accept=0.0008 swapped=False
i=10 pair=(3,2) lam_t=1.01960 lam_s=1.02000 tsr_diff=0.000287 integral_mean=0.000023 integral_std=0.000787 log_ratio=0.0000 accept=1.0000 swapped=True
i=11 pair=(1,2) lam_t=1.01600 lam_s=1.01960 tsr_diff=0.002883 integral_mean=0.000160 integral_std=0.007106 log_ratio=0.0000 accept=1.0000 swapped=True
i=11 pair=(2,1) lam_t=1.01600 lam_s=1.01960 tsr_diff=0.002883 integral_mean=0.000042 integral_std=0.007095 log_ratio=0.0000 accept=1.0000 swapped=True
i=12 pair=(0,1) lam_t=0.98000 lam_s=1.01600 tsr_diff=0.032371 integral_mean=-0.010890 integral_std=0.122862 log_ratio=-26.1370 accept=0.0000 swapped=False
i=12 pair=(2,3) lam_t=1.01960 lam_s=1.02000 tsr_diff=0.000346 integral_mean=-0.000099 integral_std=0.001428 log_ratio=-0.2382 accept=0.7881 swapped=True
i=12 pair=(0,1) lam_t=0.98000 lam_s=1.01600 tsr_diff=0.032371 integral_mean=-0.003418 integral_std=0.113397 log_ratio=-8.2034 accept=0.0003 swapped=False
i=12 pair=(3,2) lam_t=1.01960 lam_s=1.02000 tsr_diff=0.000346 integral_mean=0.000076 integral_std=0.001395 log_ratio=0.0000 accept=1.0000 swapped=True
i=13 pair=(1,2) lam_t=1.01600 lam_s=1.01960 tsr_diff=0.003308 integral_mean=0.000155 integral_std=0.012575 log_ratio=0.0000 accept=1.0000 swapped=True
i=13 pair=(2,1) lam_t=1.01600 lam_s=1.01960 tsr_diff=0.003308 integral_mean=-0.000256 integral_std=0.011393 log_ratio=-0.6142 accept=0.5411 swapped=True
i=14 pair=(0,1) lam_t=0.98000 lam_s=1.01600 tsr_diff=0.035624 integral_mean=-0.013667 integral_std=0.313297 log_ratio=-32.8010 accept=0.0000 swapped=False
i=14 pair=(2,3) lam_t=1.01960 lam_s=1.02000 tsr_diff=0.000379 integral_mean=-0.000520 integral_std=0.005464 log_ratio=-1.2486 accept=0.2869 swapped=False
i=14 pair=(0,1) lam_t=0.98000 lam_s=1.01600 tsr_diff=0.035624 integral_mean=-0.027498 integral_std=0.406018 log_ratio=-65.9950 accept=0.0000 swapped=False
i=14 pair=(2,3) lam_t=1.01960 lam_s=1.02000 tsr_diff=0.000379 integral_mean=-0.000279 integral_std=0.004552 log_ratio=-0.6690 accept=0.5122 swapped=True
Best Sample: 0 log probability -0.670
Saved 1 samples to: logs/pointmaze-giant-navigate-v0/inference/plans/release_H400_T256_LimitsNormalizer_b1_condFalse/2026-07-17 18:38:38/8/0.png
Saved 1 samples to: logs/pointmaze-giant-navigate-v0/inference/plans/release_H400_T256_LimitsNormalizer_b1_condFalse/2026-07-17 18:38:38/8/rollout.png
i=0 pair=(0,1) lam_t=0.98000 lam_s=1.01600 tsr_diff=0.000000 integral_mean=0.000000 integral_std=0.000000 log_ratio=0.0000 accept=1.0000 swapped=True
i=0 pair=(2,3) lam_t=1.01960 lam_s=1.02000 tsr_diff=0.000000 integral_mean=0.000000 integral_std=0.000000 log_ratio=0.0000 accept=1.0000 swapped=True
i=0 pair=(1,0) lam_t=0.98000 lam_s=1.01600 tsr_diff=0.000000 integral_mean=0.000000 integral_std=0.000000 log_ratio=0.0000 accept=1.0000 swapped=True
i=0 pair=(3,2) lam_t=1.01960 lam_s=1.02000 tsr_diff=0.000000 integral_mean=0.000000 integral_std=0.000000 log_ratio=0.0000 accept=1.0000 swapped=True
i=1 pair=(1,2) lam_t=1.01600 lam_s=1.01960 tsr_diff=0.000038 integral_mean=0.000000 integral_std=0.000076 log_ratio=0.0000 accept=1.0000 swapped=True
i=1 pair=(2,1) lam_t=1.01600 lam_s=1.01960 tsr_diff=0.000038 integral_mean=-0.000001 integral_std=0.000078 log_ratio=-0.0021 accept=0.9979 swapped=True
i=2 pair=(0,1) lam_t=0.98000 lam_s=1.01600 tsr_diff=0.001521 integral_mean=0.000029 integral_std=0.003100 log_ratio=0.0000 accept=1.0000 swapped=True
i=2 pair=(2,3) lam_t=1.01960 lam_s=1.02000 tsr_diff=0.000017 integral_mean=0.000009 integral_std=0.000043 log_ratio=0.0000 accept=1.0000 swapped=True
i=2 pair=(1,0) lam_t=0.98000 lam_s=1.01600 tsr_diff=0.001521 integral_mean=-0.000042 integral_std=0.003085 log_ratio=-0.1019 accept=0.9032 swapped=True
i=2 pair=(3,2) lam_t=1.01960 lam_s=1.02000 tsr_diff=0.000017 integral_mean=0.000001 integral_std=0.000041 log_ratio=0.0000 accept=1.0000 swapped=True
i=3 pair=(1,2) lam_t=1.01600 lam_s=1.01960 tsr_diff=0.000335 integral_mean=-0.000018 integral_std=0.000744 log_ratio=-0.0433 accept=0.9576 swapped=True
i=3 pair=(2,1) lam_t=1.01600 lam_s=1.01960 tsr_diff=0.000335 integral_mean=0.000021 integral_std=0.000692 log_ratio=0.0000 accept=1.0000 swapped=True
i=4 pair=(0,1) lam_t=0.98000 lam_s=1.01600 tsr_diff=0.005829 integral_mean=0.000193 integral_std=0.012638 log_ratio=0.0000 accept=1.0000 swapped=True
i=4 pair=(2,3) lam_t=1.01960 lam_s=1.02000 tsr_diff=0.000064 integral_mean=-0.000015 integral_std=0.000175 log_ratio=-0.0366 accept=0.9641 swapped=True
i=4 pair=(1,0) lam_t=0.98000 lam_s=1.01600 tsr_diff=0.005829 integral_mean=-0.000256 integral_std=0.011626 log_ratio=-0.6153 accept=0.5405 swapped=False
i=4 pair=(3,2) lam_t=1.01960 lam_s=1.02000 tsr_diff=0.000064 integral_mean=0.000012 integral_std=0.000157 log_ratio=0.0000 accept=1.0000 swapped=True
i=5 pair=(0,2) lam_t=1.01600 lam_s=1.01960 tsr_diff=0.000873 integral_mean=-0.000093 integral_std=0.001815 log_ratio=-0.2226 accept=0.8005 swapped=True
i=5 pair=(2,0) lam_t=1.01600 lam_s=1.01960 tsr_diff=0.000873 integral_mean=0.000054 integral_std=0.001816 log_ratio=0.0000 accept=1.0000 swapped=True
i=6 pair=(1,0) lam_t=0.98000 lam_s=1.01600 tsr_diff=0.012203 integral_mean=-0.000415 integral_std=0.023861 log_ratio=-0.9969 accept=0.3690 swapped=True
i=6 pair=(2,3) lam_t=1.01960 lam_s=1.02000 tsr_diff=0.000134 integral_mean=-0.000014 integral_std=0.000312 log_ratio=-0.0345 accept=0.9661 swapped=True
i=6 pair=(0,1) lam_t=0.98000 lam_s=1.01600 tsr_diff=0.012203 integral_mean=0.000605 integral_std=0.025352 log_ratio=0.0000 accept=1.0000 swapped=True
i=6 pair=(3,2) lam_t=1.01960 lam_s=1.02000 tsr_diff=0.000134 integral_mean=0.000010 integral_std=0.000308 log_ratio=0.0000 accept=1.0000 swapped=True
i=7 pair=(0,2) lam_t=1.01600 lam_s=1.01960 tsr_diff=0.001557 integral_mean=-0.000129 integral_std=0.003593 log_ratio=-0.3097 accept=0.7337 swapped=True
i=7 pair=(2,0) lam_t=1.01600 lam_s=1.01960 tsr_diff=0.001557 integral_mean=0.000084 integral_std=0.003414 log_ratio=0.0000 accept=1.0000 swapped=True
i=8 pair=(1,0) lam_t=0.98000 lam_s=1.01600 tsr_diff=0.019574 integral_mean=0.000712 integral_std=0.040924 log_ratio=0.0000 accept=1.0000 swapped=True
i=8 pair=(2,3) lam_t=1.01960 lam_s=1.02000 tsr_diff=0.000212 integral_mean=-0.000012 integral_std=0.000547 log_ratio=-0.0298 accept=0.9707 swapped=True
i=8 pair=(0,1) lam_t=0.98000 lam_s=1.01600 tsr_diff=0.019574 integral_mean=-0.000642 integral_std=0.039137 log_ratio=-1.5401 accept=0.2144 swapped=False
i=8 pair=(3,2) lam_t=1.01960 lam_s=1.02000 tsr_diff=0.000212 integral_mean=0.000027 integral_std=0.000614 log_ratio=0.0000 accept=1.0000 swapped=True
i=9 pair=(1,2) lam_t=1.01600 lam_s=1.01960 tsr_diff=0.002266 integral_mean=-0.000283 integral_std=0.005741 log_ratio=-0.6789 accept=0.5072 swapped=False
i=9 pair=(1,2) lam_t=1.01600 lam_s=1.01960 tsr_diff=0.002266 integral_mean=-0.000084 integral_std=0.005633 log_ratio=-0.2022 accept=0.8169 swapped=True
i=10 pair=(0,2) lam_t=0.98000 lam_s=1.01600 tsr_diff=0.026699 integral_mean=-0.008469 integral_std=0.092325 log_ratio=-20.3259 accept=0.0000 swapped=False
i=10 pair=(1,3) lam_t=1.01960 lam_s=1.02000 tsr_diff=0.000287 integral_mean=-0.000008 integral_std=0.000744 log_ratio=-0.0184 accept=0.9818 swapped=True
i=10 pair=(0,2) lam_t=0.98000 lam_s=1.01600 tsr_diff=0.026699 integral_mean=-0.004441 integral_std=0.073437 log_ratio=-10.6587 accept=0.0000 swapped=False
i=10 pair=(3,1) lam_t=1.01960 lam_s=1.02000 tsr_diff=0.000287 integral_mean=0.000043 integral_std=0.000715 log_ratio=0.0000 accept=1.0000 swapped=True
i=11 pair=(2,1) lam_t=1.01600 lam_s=1.01960 tsr_diff=0.002883 integral_mean=0.000544 integral_std=0.008407 log_ratio=0.0000 accept=1.0000 swapped=True
i=11 pair=(1,2) lam_t=1.01600 lam_s=1.01960 tsr_diff=0.002883 integral_mean=-0.000575 integral_std=0.008016 log_ratio=-1.3805 accept=0.2515 swapped=False
i=12 pair=(0,1) lam_t=0.98000 lam_s=1.01600 tsr_diff=0.032371 integral_mean=-0.001264 integral_std=0.095833 log_ratio=-3.0334 accept=0.0481 swapped=False
i=12 pair=(2,3) lam_t=1.01960 lam_s=1.02000 tsr_diff=0.000346 integral_mean=0.000046 integral_std=0.001396 log_ratio=0.0000 accept=1.0000 swapped=True
i=12 pair=(0,1) lam_t=0.98000 lam_s=1.01600 tsr_diff=0.032371 integral_mean=-0.004366 integral_std=0.097528 log_ratio=-10.4787 accept=0.0000 swapped=False
i=12 pair=(3,2) lam_t=1.01960 lam_s=1.02000 tsr_diff=0.000346 integral_mean=-0.000139 integral_std=0.002074 log_ratio=-0.3338 accept=0.7162 swapped=False
i=13 pair=(1,3) lam_t=1.01600 lam_s=1.01960 tsr_diff=0.003308 integral_mean=-0.001330 integral_std=0.019465 log_ratio=-3.1911 accept=0.0411 swapped=False
i=13 pair=(1,3) lam_t=1.01600 lam_s=1.01960 tsr_diff=0.003308 integral_mean=-0.001791 integral_std=0.015938 log_ratio=-4.2987 accept=0.0136 swapped=False
i=14 pair=(0,1) lam_t=0.98000 lam_s=1.01600 tsr_diff=0.035624 integral_mean=-0.008378 integral_std=0.318283 log_ratio=-20.1062 accept=0.0000 swapped=False
i=14 pair=(3,2) lam_t=1.01960 lam_s=1.02000 tsr_diff=0.000379 integral_mean=-0.001465 integral_std=0.016179 log_ratio=-3.5169 accept=0.0297 swapped=False
i=14 pair=(0,1) lam_t=0.98000 lam_s=1.01600 tsr_diff=0.035624 integral_mean=0.000481 integral_std=0.185553 log_ratio=0.0000 accept=1.0000 swapped=True
i=14 pair=(3,2) lam_t=1.01960 lam_s=1.02000 tsr_diff=0.000379 integral_mean=-0.000978 integral_std=0.011188 log_ratio=-2.3476 accept=0.0956 swapped=False
Best Sample: 0 log probability -10.609
Saved 1 samples to: logs/pointmaze-giant-navigate-v0/inference/plans/release_H400_T256_LimitsNormalizer_b1_condFalse/2026-07-17 18:38:38/9/0.png
Saved 1 samples to: logs/pointmaze-giant-navigate-v0/inference/plans/release_H400_T256_LimitsNormalizer_b1_condFalse/2026-07-17 18:38:38/9/rollout.png
i=0 pair=(0,1) lam_t=0.98000 lam_s=1.01600 tsr_diff=0.000000 integral_mean=0.000000 integral_std=0.000000 log_ratio=0.0000 accept=1.0000 swapped=True
i=0 pair=(2,3) lam_t=1.01960 lam_s=1.02000 tsr_diff=0.000000 integral_mean=0.000000 integral_std=0.000000 log_ratio=0.0000 accept=1.0000 swapped=True
i=0 pair=(1,0) lam_t=0.98000 lam_s=1.01600 tsr_diff=0.000000 integral_mean=0.000000 integral_std=0.000000 log_ratio=0.0000 accept=1.0000 swapped=True
i=0 pair=(3,2) lam_t=1.01960 lam_s=1.02000 tsr_diff=0.000000 integral_mean=0.000000 integral_std=0.000000 log_ratio=0.0000 accept=1.0000 swapped=True
i=1 pair=(1,2) lam_t=1.01600 lam_s=1.01960 tsr_diff=0.000038 integral_mean=-0.000000 integral_std=0.000076 log_ratio=-0.0006 accept=0.9994 swapped=True
i=1 pair=(2,1) lam_t=1.01600 lam_s=1.01960 tsr_diff=0.000038 integral_mean=0.000003 integral_std=0.000076 log_ratio=0.0000 accept=1.0000 swapped=True
i=2 pair=(0,1) lam_t=0.98000 lam_s=1.01600 tsr_diff=0.001521 integral_mean=0.000187 integral_std=0.003212 log_ratio=0.0000 accept=1.0000 swapped=True
i=2 pair=(2,3) lam_t=1.01960 lam_s=1.02000 tsr_diff=0.000017 integral_mean=0.000019 integral_std=0.000061 log_ratio=0.0000 accept=1.0000 swapped=True
i=2 pair=(1,0) lam_t=0.98000 lam_s=1.01600 tsr_diff=0.001521 integral_mean=0.000144 integral_std=0.003313 log_ratio=0.0000 accept=1.0000 swapped=True
i=2 pair=(3,2) lam_t=1.01960 lam_s=1.02000 tsr_diff=0.000017 integral_mean=-0.000005 integral_std=0.000039 log_ratio=-0.0121 accept=0.9880 swapped=True
i=3 pair=(1,2) lam_t=1.01600 lam_s=1.01960 tsr_diff=0.000335 integral_mean=-0.000012 integral_std=0.000749 log_ratio=-0.0281 accept=0.9723 swapped=True
i=3 pair=(2,1) lam_t=1.01600 lam_s=1.01960 tsr_diff=0.000335 integral_mean=0.000014 integral_std=0.000762 log_ratio=0.0000 accept=1.0000 swapped=True
i=4 pair=(0,1) lam_t=0.98000 lam_s=1.01600 tsr_diff=0.005829 integral_mean=0.000146 integral_std=0.012017 log_ratio=0.0000 accept=1.0000 swapped=True
i=4 pair=(2,3) lam_t=1.01960 lam_s=1.02000 tsr_diff=0.000064 integral_mean=0.000005 integral_std=0.000132 log_ratio=0.0000 accept=1.0000 swapped=True
i=4 pair=(1,0) lam_t=0.98000 lam_s=1.01600 tsr_diff=0.005829 integral_mean=0.000014 integral_std=0.011696 log_ratio=0.0000 accept=1.0000 swapped=True
i=4 pair=(3,2) lam_t=1.01960 lam_s=1.02000 tsr_diff=0.000064 integral_mean=-0.000004 integral_std=0.000133 log_ratio=-0.0107 accept=0.9893 swapped=True
i=5 pair=(1,2) lam_t=1.01600 lam_s=1.01960 tsr_diff=0.000873 integral_mean=-0.000103 integral_std=0.001946 log_ratio=-0.2471 accept=0.7811 swapped=True
i=5 pair=(2,1) lam_t=1.01600 lam_s=1.01960 tsr_diff=0.000873 integral_mean=0.000044 integral_std=0.001900 log_ratio=0.0000 accept=1.0000 swapped=True
i=6 pair=(0,1) lam_t=0.98000 lam_s=1.01600 tsr_diff=0.012203 integral_mean=-0.000745 integral_std=0.025373 log_ratio=-1.7891 accept=0.1671 swapped=False
i=6 pair=(2,3) lam_t=1.01960 lam_s=1.02000 tsr_diff=0.000134 integral_mean=0.000005 integral_std=0.000292 log_ratio=0.0000 accept=1.0000 swapped=True
i=6 pair=(0,1) lam_t=0.98000 lam_s=1.01600 tsr_diff=0.012203 integral_mean=-0.000371 integral_std=0.025160 log_ratio=-0.8896 accept=0.4108 swapped=False
i=6 pair=(3,2) lam_t=1.01960 lam_s=1.02000 tsr_diff=0.000134 integral_mean=-0.000014 integral_std=0.000306 log_ratio=-0.0341 accept=0.9665 swapped=True
i=7 pair=(1,2) lam_t=1.01600 lam_s=1.01960 tsr_diff=0.001557 integral_mean=-0.000088 integral_std=0.003549 log_ratio=-0.2105 accept=0.8102 swapped=True
i=7 pair=(2,1) lam_t=1.01600 lam_s=1.01960 tsr_diff=0.001557 integral_mean=0.000046 integral_std=0.003571 log_ratio=0.0000 accept=1.0000 swapped=True
i=8 pair=(0,1) lam_t=0.98000 lam_s=1.01600 tsr_diff=0.019574 integral_mean=0.000186 integral_std=0.045717 log_ratio=0.0000 accept=1.0000 swapped=True
i=8 pair=(2,3) lam_t=1.01960 lam_s=1.02000 tsr_diff=0.000212 integral_mean=0.000018 integral_std=0.000480 log_ratio=0.0000 accept=1.0000 swapped=True
i=8 pair=(1,0) lam_t=0.98000 lam_s=1.01600 tsr_diff=0.019574 integral_mean=-0.000198 integral_std=0.046059 log_ratio=-0.4749 accept=0.6219 swapped=False
i=8 pair=(3,2) lam_t=1.01960 lam_s=1.02000 tsr_diff=0.000212 integral_mean=-0.000019 integral_std=0.000454 log_ratio=-0.0468 accept=0.9543 swapped=True
i=9 pair=(0,2) lam_t=1.01600 lam_s=1.01960 tsr_diff=0.002266 integral_mean=-0.000064 integral_std=0.005569 log_ratio=-0.1547 accept=0.8567 swapped=True
i=9 pair=(2,0) lam_t=1.01600 lam_s=1.01960 tsr_diff=0.002266 integral_mean=-0.000003 integral_std=0.005325 log_ratio=-0.0061 accept=0.9939 swapped=True
i=10 pair=(1,0) lam_t=0.98000 lam_s=1.01600 tsr_diff=0.026699 integral_mean=0.000767 integral_std=0.070304 log_ratio=0.0000 accept=1.0000 swapped=True
i=10 pair=(2,3) lam_t=1.01960 lam_s=1.02000 tsr_diff=0.000287 integral_mean=-0.000006 integral_std=0.000667 log_ratio=-0.0145 accept=0.9857 swapped=True
i=10 pair=(0,1) lam_t=0.98000 lam_s=1.01600 tsr_diff=0.026699 integral_mean=-0.001139 integral_std=0.065261 log_ratio=-2.7343 accept=0.0649 swapped=False
i=10 pair=(3,2) lam_t=1.01960 lam_s=1.02000 tsr_diff=0.000287 integral_mean=-0.000002 integral_std=0.000651 log_ratio=-0.0053 accept=0.9947 swapped=True
i=11 pair=(1,2) lam_t=1.01600 lam_s=1.01960 tsr_diff=0.002883 integral_mean=-0.000300 integral_std=0.008324 log_ratio=-0.7190 accept=0.4872 swapped=False
i=11 pair=(1,2) lam_t=1.01600 lam_s=1.01960 tsr_diff=0.002883 integral_mean=-0.000137 integral_std=0.007904 log_ratio=-0.3288 accept=0.7198 swapped=True
i=12 pair=(0,2) lam_t=0.98000 lam_s=1.01600 tsr_diff=0.032371 integral_mean=-0.004652 integral_std=0.100731 log_ratio=-11.1643 accept=0.0000 swapped=False
i=12 pair=(1,3) lam_t=1.01960 lam_s=1.02000 tsr_diff=0.000346 integral_mean=-0.000025 integral_std=0.001043 log_ratio=-0.0607 accept=0.9411 swapped=True
i=12 pair=(0,2) lam_t=0.98000 lam_s=1.01600 tsr_diff=0.032371 integral_mean=-0.005192 integral_std=0.088533 log_ratio=-12.4616 accept=0.0000 swapped=False
i=12 pair=(3,1) lam_t=1.01960 lam_s=1.02000 tsr_diff=0.000346 integral_mean=0.000002 integral_std=0.001037 log_ratio=0.0000 accept=1.0000 swapped=True
i=13 pair=(2,1) lam_t=1.01600 lam_s=1.01960 tsr_diff=0.003308 integral_mean=0.000468 integral_std=0.017294 log_ratio=0.0000 accept=1.0000 swapped=True
i=13 pair=(1,2) lam_t=1.01600 lam_s=1.01960 tsr_diff=0.003308 integral_mean=-0.000353 integral_std=0.013657 log_ratio=-0.8465 accept=0.4289 swapped=False
i=14 pair=(0,1) lam_t=0.98000 lam_s=1.01600 tsr_diff=0.035624 integral_mean=-0.009337 integral_std=0.237949 log_ratio=-22.4096 accept=0.0000 swapped=False
i=14 pair=(2,3) lam_t=1.01960 lam_s=1.02000 tsr_diff=0.000379 integral_mean=0.000109 integral_std=0.003271 log_ratio=0.0000 accept=1.0000 swapped=True
i=14 pair=(0,1) lam_t=0.98000 lam_s=1.01600 tsr_diff=0.035624 integral_mean=0.004236 integral_std=0.228475 log_ratio=0.0000 accept=1.0000 swapped=True
i=14 pair=(3,2) lam_t=1.01960 lam_s=1.02000 tsr_diff=0.000379 integral_mean=-0.000053 integral_std=0.002043 log_ratio=-0.1267 accept=0.8810 swapped=True
Best Sample: 0 log probability -0.207
Saved 1 samples to: logs/pointmaze-giant-navigate-v0/inference/plans/release_H400_T256_LimitsNormalizer_b1_condFalse/2026-07-17 18:38:38/10/0.png
Saved 1 samples to: logs/pointmaze-giant-navigate-v0/inference/plans/release_H400_T256_LimitsNormalizer_b1_condFalse/2026-07-17 18:38:38/10/rollout.png
i=0 pair=(0,1) lam_t=0.98000 lam_s=1.01600 tsr_diff=0.000000 integral_mean=0.000000 integral_std=0.000000 log_ratio=0.0000 accept=1.0000 swapped=True
i=0 pair=(2,3) lam_t=1.01960 lam_s=1.02000 tsr_diff=0.000000 integral_mean=0.000000 integral_std=0.000000 log_ratio=0.0000 accept=1.0000 swapped=True
i=0 pair=(1,0) lam_t=0.98000 lam_s=1.01600 tsr_diff=0.000000 integral_mean=0.000000 integral_std=0.000000 log_ratio=0.0000 accept=1.0000 swapped=True
i=0 pair=(3,2) lam_t=1.01960 lam_s=1.02000 tsr_diff=0.000000 integral_mean=0.000000 integral_std=0.000000 log_ratio=0.0000 accept=1.0000 swapped=True
i=1 pair=(1,2) lam_t=1.01600 lam_s=1.01960 tsr_diff=0.000038 integral_mean=-0.000001 integral_std=0.000077 log_ratio=-0.0013 accept=0.9987 swapped=True
i=1 pair=(2,1) lam_t=1.01600 lam_s=1.01960 tsr_diff=0.000038 integral_mean=-0.000001 integral_std=0.000074 log_ratio=-0.0015 accept=0.9985 swapped=True
i=2 pair=(0,1) lam_t=0.98000 lam_s=1.01600 tsr_diff=0.001521 integral_mean=0.000028 integral_std=0.003101 log_ratio=0.0000 accept=1.0000 swapped=True
i=2 pair=(2,3) lam_t=1.01960 lam_s=1.02000 tsr_diff=0.000017 integral_mean=-0.000001 integral_std=0.000033 log_ratio=-0.0020 accept=0.9980 swapped=True
i=2 pair=(1,0) lam_t=0.98000 lam_s=1.01600 tsr_diff=0.001521 integral_mean=-0.000067 integral_std=0.003184 log_ratio=-0.1618 accept=0.8506 swapped=True
i=2 pair=(3,2) lam_t=1.01960 lam_s=1.02000 tsr_diff=0.000017 integral_mean=-0.000001 integral_std=0.000036 log_ratio=-0.0015 accept=0.9985 swapped=True
i=3 pair=(1,2) lam_t=1.01600 lam_s=1.01960 tsr_diff=0.000335 integral_mean=-0.000114 integral_std=0.000810 log_ratio=-0.2743 accept=0.7601 swapped=True
i=3 pair=(2,1) lam_t=1.01600 lam_s=1.01960 tsr_diff=0.000335 integral_mean=0.000065 integral_std=0.000736 log_ratio=0.0000 accept=1.0000 swapped=True
i=4 pair=(0,1) lam_t=0.98000 lam_s=1.01600 tsr_diff=0.005829 integral_mean=-0.001257 integral_std=0.014302 log_ratio=-3.0167 accept=0.0490 swapped=False
i=4 pair=(2,3) lam_t=1.01960 lam_s=1.02000 tsr_diff=0.000064 integral_mean=0.000003 integral_std=0.000143 log_ratio=0.0000 accept=1.0000 swapped=True
i=4 pair=(0,1) lam_t=0.98000 lam_s=1.01600 tsr_diff=0.005829 integral_mean=0.005206 integral_std=0.021300 log_ratio=0.0000 accept=1.0000 swapped=True
i=4 pair=(3,2) lam_t=1.01960 lam_s=1.02000 tsr_diff=0.000064 integral_mean=-0.000002 integral_std=0.000131 log_ratio=-0.0038 accept=0.9962 swapped=True
i=5 pair=(0,2) lam_t=1.01600 lam_s=1.01960 tsr_diff=0.000873 integral_mean=0.000606 integral_std=0.002658 log_ratio=0.0000 accept=1.0000 swapped=True
i=5 pair=(2,0) lam_t=1.01600 lam_s=1.01960 tsr_diff=0.000873 integral_mean=-0.000309 integral_std=0.002133 log_ratio=-0.7410 accept=0.4766 swapped=True
i=6 pair=(1,0) lam_t=0.98000 lam_s=1.01600 tsr_diff=0.012203 integral_mean=-0.003512 integral_std=0.030262 log_ratio=-8.4287 accept=0.0002 swapped=False
i=6 pair=(2,3) lam_t=1.01960 lam_s=1.02000 tsr_diff=0.000134 integral_mean=-0.000015 integral_std=0.000310 log_ratio=-0.0360 accept=0.9646 swapped=True
i=6 pair=(1,0) lam_t=0.98000 lam_s=1.01600 tsr_diff=0.012203 integral_mean=-0.002224 integral_std=0.027569 log_ratio=-5.3386 accept=0.0048 swapped=False
i=6 pair=(3,2) lam_t=1.01960 lam_s=1.02000 tsr_diff=0.000134 integral_mean=0.000002 integral_std=0.000299 log_ratio=0.0000 accept=1.0000 swapped=True
i=7 pair=(0,2) lam_t=1.01600 lam_s=1.01960 tsr_diff=0.001557 integral_mean=0.000728 integral_std=0.004536 log_ratio=0.0000 accept=1.0000 swapped=True
i=7 pair=(2,0) lam_t=1.01600 lam_s=1.01960 tsr_diff=0.001557 integral_mean=-0.001424 integral_std=0.006309 log_ratio=-3.4164 accept=0.0328 swapped=False
i=8 pair=(1,2) lam_t=0.98000 lam_s=1.01600 tsr_diff=0.019574 integral_mean=-0.000352 integral_std=0.041877 log_ratio=-0.8439 accept=0.4300 swapped=True
i=8 pair=(0,3) lam_t=1.01960 lam_s=1.02000 tsr_diff=0.000212 integral_mean=0.000232 integral_std=0.001154 log_ratio=0.0000 accept=1.0000 swapped=True
i=8 pair=(2,1) lam_t=0.98000 lam_s=1.01600 tsr_diff=0.019574 integral_mean=0.000404 integral_std=0.044750 log_ratio=0.0000 accept=1.0000 swapped=True
i=8 pair=(3,0) lam_t=1.01960 lam_s=1.02000 tsr_diff=0.000212 integral_mean=-0.000153 integral_std=0.000778 log_ratio=-0.3668 accept=0.6930 swapped=True
i=9 pair=(2,0) lam_t=1.01600 lam_s=1.01960 tsr_diff=0.002266 integral_mean=-0.001728 integral_std=0.008705 log_ratio=-4.1476 accept=0.0158 swapped=False
i=9 pair=(2,0) lam_t=1.01600 lam_s=1.01960 tsr_diff=0.002266 integral_mean=-0.002263 integral_std=0.009651 log_ratio=-5.4315 accept=0.0044 swapped=False
i=10 pair=(1,2) lam_t=0.98000 lam_s=1.01600 tsr_diff=0.026699 integral_mean=0.000110 integral_std=0.066676 log_ratio=0.0000 accept=1.0000 swapped=True
i=10 pair=(0,3) lam_t=1.01960 lam_s=1.02000 tsr_diff=0.000287 integral_mean=0.000186 integral_std=0.001167 log_ratio=0.0000 accept=1.0000 swapped=True
i=10 pair=(2,1) lam_t=0.98000 lam_s=1.01600 tsr_diff=0.026699 integral_mean=0.001349 integral_std=0.060969 log_ratio=0.0000 accept=1.0000 swapped=True
i=10 pair=(3,0) lam_t=1.01960 lam_s=1.02000 tsr_diff=0.000287 integral_mean=-0.000150 integral_std=0.000968 log_ratio=-0.3598 accept=0.6978 swapped=True
i=11 pair=(2,0) lam_t=1.01600 lam_s=1.01960 tsr_diff=0.002883 integral_mean=-0.001260 integral_std=0.010905 log_ratio=-3.0240 accept=0.0486 swapped=False
i=11 pair=(2,0) lam_t=1.01600 lam_s=1.01960 tsr_diff=0.002883 integral_mean=-0.000908 integral_std=0.009905 log_ratio=-2.1794 accept=0.1131 swapped=False
i=12 pair=(1,2) lam_t=0.98000 lam_s=1.01600 tsr_diff=0.032371 integral_mean=0.000721 integral_std=0.106920 log_ratio=0.0000 accept=1.0000 swapped=True
i=12 pair=(0,3) lam_t=1.01960 lam_s=1.02000 tsr_diff=0.000346 integral_mean=0.000118 integral_std=0.001563 log_ratio=0.0000 accept=1.0000 swapped=True
i=12 pair=(2,1) lam_t=0.98000 lam_s=1.01600 tsr_diff=0.032371 integral_mean=0.006242 integral_std=0.101698 log_ratio=0.0000 accept=1.0000 swapped=True
i=12 pair=(3,0) lam_t=1.01960 lam_s=1.02000 tsr_diff=0.000346 integral_mean=-0.000134 integral_std=0.001422 log_ratio=-0.3218 accept=0.7249 swapped=False
i=13 pair=(2,3) lam_t=1.01600 lam_s=1.01960 tsr_diff=0.003308 integral_mean=0.000333 integral_std=0.014260 log_ratio=0.0000 accept=1.0000 swapped=True
i=13 pair=(3,2) lam_t=1.01600 lam_s=1.01960 tsr_diff=0.003308 integral_mean=-0.000822 integral_std=0.012197 log_ratio=-1.9729 accept=0.1391 swapped=False
i=14 pair=(1,3) lam_t=0.98000 lam_s=1.01600 tsr_diff=0.035624 integral_mean=0.006265 integral_std=0.250303 log_ratio=0.0000 accept=1.0000 swapped=True
i=14 pair=(2,0) lam_t=1.01960 lam_s=1.02000 tsr_diff=0.000379 integral_mean=0.000362 integral_std=0.010343 log_ratio=0.0000 accept=1.0000 swapped=True
i=14 pair=(3,1) lam_t=0.98000 lam_s=1.01600 tsr_diff=0.035624 integral_mean=0.001645 integral_std=0.221086 log_ratio=0.0000 accept=1.0000 swapped=True
i=14 pair=(0,2) lam_t=1.01960 lam_s=1.02000 tsr_diff=0.000379 integral_mean=-0.000681 integral_std=0.007979 log_ratio=-1.6349 accept=0.1950 swapped=False
Best Sample: 3 log probability -0.492
Saved 1 samples to: logs/pointmaze-giant-navigate-v0/inference/plans/release_H400_T256_LimitsNormalizer_b1_condFalse/2026-07-17 18:38:38/11/0.png
Saved 1 samples to: logs/pointmaze-giant-navigate-v0/inference/plans/release_H400_T256_LimitsNormalizer_b1_condFalse/2026-07-17 18:38:38/11/rollout.png
i=0 pair=(0,1) lam_t=0.98000 lam_s=1.01600 tsr_diff=0.000000 integral_mean=0.000000 integral_std=0.000000 log_ratio=0.0000 accept=1.0000 swapped=True
i=0 pair=(2,3) lam_t=1.01960 lam_s=1.02000 tsr_diff=0.000000 integral_mean=0.000000 integral_std=0.000000 log_ratio=0.0000 accept=1.0000 swapped=True
i=0 pair=(1,0) lam_t=0.98000 lam_s=1.01600 tsr_diff=0.000000 integral_mean=0.000000 integral_std=0.000000 log_ratio=0.0000 accept=1.0000 swapped=True
i=0 pair=(3,2) lam_t=1.01960 lam_s=1.02000 tsr_diff=0.000000 integral_mean=0.000000 integral_std=0.000000 log_ratio=0.0000 accept=1.0000 swapped=True
i=1 pair=(1,2) lam_t=1.01600 lam_s=1.01960 tsr_diff=0.000038 integral_mean=-0.000003 integral_std=0.000073 log_ratio=-0.0061 accept=0.9939 swapped=True
i=1 pair=(2,1) lam_t=1.01600 lam_s=1.01960 tsr_diff=0.000038 integral_mean=0.000000 integral_std=0.000077 log_ratio=0.0000 accept=1.0000 swapped=True
i=2 pair=(0,1) lam_t=0.98000 lam_s=1.01600 tsr_diff=0.001521 integral_mean=0.000006 integral_std=0.003299 log_ratio=0.0000 accept=1.0000 swapped=True
i=2 pair=(2,3) lam_t=1.01960 lam_s=1.02000 tsr_diff=0.000017 integral_mean=0.000000 integral_std=0.000035 log_ratio=0.0000 accept=1.0000 swapped=True
i=2 pair=(1,0) lam_t=0.98000 lam_s=1.01600 tsr_diff=0.001521 integral_mean=0.000096 integral_std=0.003150 log_ratio=0.0000 accept=1.0000 swapped=True
i=2 pair=(3,2) lam_t=1.01960 lam_s=1.02000 tsr_diff=0.000017 integral_mean=0.000000 integral_std=0.000033 log_ratio=0.0000 accept=1.0000 swapped=True
i=3 pair=(1,2) lam_t=1.01600 lam_s=1.01960 tsr_diff=0.000335 integral_mean=0.000166 integral_std=0.000820 log_ratio=0.0000 accept=1.0000 swapped=True
i=3 pair=(2,1) lam_t=1.01600 lam_s=1.01960 tsr_diff=0.000335 integral_mean=-0.000021 integral_std=0.000715 log_ratio=-0.0513 accept=0.9500 swapped=True
i=4 pair=(0,1) lam_t=0.98000 lam_s=1.01600 tsr_diff=0.005829 integral_mean=-0.000369 integral_std=0.011697 log_ratio=-0.8866 accept=0.4121 swapped=True
i=4 pair=(2,3) lam_t=1.01960 lam_s=1.02000 tsr_diff=0.000064 integral_mean=-0.000003 integral_std=0.000132 log_ratio=-0.0064 accept=0.9936 swapped=True
i=4 pair=(1,0) lam_t=0.98000 lam_s=1.01600 tsr_diff=0.005829 integral_mean=0.000731 integral_std=0.011863 log_ratio=0.0000 accept=1.0000 swapped=True
i=4 pair=(3,2) lam_t=1.01960 lam_s=1.02000 tsr_diff=0.000064 integral_mean=0.000005 integral_std=0.000132 log_ratio=0.0000 accept=1.0000 swapped=True
i=5 pair=(1,2) lam_t=1.01600 lam_s=1.01960 tsr_diff=0.000873 integral_mean=0.000135 integral_std=0.001880 log_ratio=0.0000 accept=1.0000 swapped=True
i=5 pair=(2,1) lam_t=1.01600 lam_s=1.01960 tsr_diff=0.000873 integral_mean=-0.000091 integral_std=0.001811 log_ratio=-0.2181 accept=0.8040 swapped=False
i=6 pair=(0,2) lam_t=0.98000 lam_s=1.01600 tsr_diff=0.012203 integral_mean=0.000877 integral_std=0.023260 log_ratio=0.0000 accept=1.0000 swapped=True
i=6 pair=(1,3) lam_t=1.01960 lam_s=1.02000 tsr_diff=0.000134 integral_mean=-0.000005 integral_std=0.000298 log_ratio=-0.0130 accept=0.9871 swapped=True
i=6 pair=(2,0) lam_t=0.98000 lam_s=1.01600 tsr_diff=0.012203 integral_mean=-0.000092 integral_std=0.023822 log_ratio=-0.2219 accept=0.8010 swapped=True
i=6 pair=(3,1) lam_t=1.01960 lam_s=1.02000 tsr_diff=0.000134 integral_mean=-0.000002 integral_std=0.000283 log_ratio=-0.0044 accept=0.9956 swapped=True
i=7 pair=(2,1) lam_t=1.01600 lam_s=1.01960 tsr_diff=0.001557 integral_mean=-0.000185 integral_std=0.003206 log_ratio=-0.4443 accept=0.6413 swapped=True
i=7 pair=(1,2) lam_t=1.01600 lam_s=1.01960 tsr_diff=0.001557 integral_mean=0.000047 integral_std=0.003225 log_ratio=0.0000 accept=1.0000 swapped=True
i=8 pair=(0,2) lam_t=0.98000 lam_s=1.01600 tsr_diff=0.019574 integral_mean=0.000968 integral_std=0.039397 log_ratio=0.0000 accept=1.0000 swapped=True
i=8 pair=(1,3) lam_t=1.01960 lam_s=1.02000 tsr_diff=0.000212 integral_mean=-0.000000 integral_std=0.000470 log_ratio=-0.0004 accept=0.9996 swapped=True
i=8 pair=(2,0) lam_t=0.98000 lam_s=1.01600 tsr_diff=0.019574 integral_mean=0.000173 integral_std=0.038372 log_ratio=0.0000 accept=1.0000 swapped=True
i=8 pair=(3,1) lam_t=1.01960 lam_s=1.02000 tsr_diff=0.000212 integral_mean=0.000009 integral_std=0.000489 log_ratio=0.0000 accept=1.0000 swapped=True
i=9 pair=(2,1) lam_t=1.01600 lam_s=1.01960 tsr_diff=0.002266 integral_mean=-0.000069 integral_std=0.005026 log_ratio=-0.1666 accept=0.8466 swapped=True
i=9 pair=(1,2) lam_t=1.01600 lam_s=1.01960 tsr_diff=0.002266 integral_mean=-0.000175 integral_std=0.004635 log_ratio=-0.4192 accept=0.6576 swapped=False
i=10 pair=(0,1) lam_t=0.98000 lam_s=1.01600 tsr_diff=0.026699 integral_mean=0.002336 integral_std=0.058692 log_ratio=0.0000 accept=1.0000 swapped=True
i=10 pair=(2,3) lam_t=1.01960 lam_s=1.02000 tsr_diff=0.000287 integral_mean=-0.000006 integral_std=0.000746 log_ratio=-0.0133 accept=0.9868 swapped=True
i=10 pair=(1,0) lam_t=0.98000 lam_s=1.01600 tsr_diff=0.026699 integral_mean=-0.002176 integral_std=0.062071 log_ratio=-5.2235 accept=0.0054 swapped=False
i=10 pair=(3,2) lam_t=1.01960 lam_s=1.02000 tsr_diff=0.000287 integral_mean=0.000013 integral_std=0.000784 log_ratio=0.0000 accept=1.0000 swapped=True
i=11 pair=(0,2) lam_t=1.01600 lam_s=1.01960 tsr_diff=0.002883 integral_mean=0.000191 integral_std=0.006202 log_ratio=0.0000 accept=1.0000 swapped=True
i=11 pair=(2,0) lam_t=1.01600 lam_s=1.01960 tsr_diff=0.002883 integral_mean=-0.000275 integral_std=0.005863 log_ratio=-0.6609 accept=0.5164 swapped=True
i=12 pair=(1,0) lam_t=0.98000 lam_s=1.01600 tsr_diff=0.032371 integral_mean=-0.000239 integral_std=0.096196 log_ratio=-0.5740 accept=0.5633 swapped=True
i=12 pair=(2,3) lam_t=1.01960 lam_s=1.02000 tsr_diff=0.000346 integral_mean=-0.000008 integral_std=0.001227 log_ratio=-0.0182 accept=0.9820 swapped=True
i=12 pair=(0,1) lam_t=0.98000 lam_s=1.01600 tsr_diff=0.032371 integral_mean=0.002423 integral_std=0.092600 log_ratio=0.0000 accept=1.0000 swapped=True
i=12 pair=(3,2) lam_t=1.01960 lam_s=1.02000 tsr_diff=0.000346 integral_mean=-0.000008 integral_std=0.001042 log_ratio=-0.0181 accept=0.9821 swapped=True
i=13 pair=(0,2) lam_t=1.01600 lam_s=1.01960 tsr_diff=0.003308 integral_mean=0.000008 integral_std=0.007227 log_ratio=0.0000 accept=1.0000 swapped=True
i=13 pair=(2,0) lam_t=1.01600 lam_s=1.01960 tsr_diff=0.003308 integral_mean=-0.000156 integral_std=0.007001 log_ratio=-0.3738 accept=0.6881 swapped=False
i=14 pair=(1,2) lam_t=0.98000 lam_s=1.01600 tsr_diff=0.035624 integral_mean=0.007604 integral_std=0.287521 log_ratio=0.0000 accept=1.0000 swapped=True
i=14 pair=(0,3) lam_t=1.01960 lam_s=1.02000 tsr_diff=0.000379 integral_mean=-0.000214 integral_std=0.004170 log_ratio=-0.5125 accept=0.5990 swapped=False
i=14 pair=(2,1) lam_t=0.98000 lam_s=1.01600 tsr_diff=0.035624 integral_mean=-0.003919 integral_std=0.194144 log_ratio=-9.4053 accept=0.0001 swapped=False
i=14 pair=(0,3) lam_t=1.01960 lam_s=1.02000 tsr_diff=0.000379 integral_mean=-0.000029 integral_std=0.002695 log_ratio=-0.0702 accept=0.9322 swapped=True
Best Sample: 0 log probability -0.113
Saved 1 samples to: logs/pointmaze-giant-navigate-v0/inference/plans/release_H400_T256_LimitsNormalizer_b1_condFalse/2026-07-17 18:38:38/12/0.png
Saved 1 samples to: logs/pointmaze-giant-navigate-v0/inference/plans/release_H400_T256_LimitsNormalizer_b1_condFalse/2026-07-17 18:38:38/12/rollout.png
i=0 pair=(0,1) lam_t=0.98000 lam_s=1.01600 tsr_diff=0.000000 integral_mean=0.000000 integral_std=0.000000 log_ratio=0.0000 accept=1.0000 swapped=True
i=0 pair=(2,3) lam_t=1.01960 lam_s=1.02000 tsr_diff=0.000000 integral_mean=0.000000 integral_std=0.000000 log_ratio=0.0000 accept=1.0000 swapped=True
i=0 pair=(1,0) lam_t=0.98000 lam_s=1.01600 tsr_diff=0.000000 integral_mean=0.000000 integral_std=0.000000 log_ratio=0.0000 accept=1.0000 swapped=True
i=0 pair=(3,2) lam_t=1.01960 lam_s=1.02000 tsr_diff=0.000000 integral_mean=0.000000 integral_std=0.000000 log_ratio=0.0000 accept=1.0000 swapped=True
i=1 pair=(1,2) lam_t=1.01600 lam_s=1.01960 tsr_diff=0.000038 integral_mean=-0.000001 integral_std=0.000074 log_ratio=-0.0036 accept=0.9964 swapped=True
i=1 pair=(2,1) lam_t=1.01600 lam_s=1.01960 tsr_diff=0.000038 integral_mean=-0.000002 integral_std=0.000076 log_ratio=-0.0041 accept=0.9959 swapped=True
i=2 pair=(0,1) lam_t=0.98000 lam_s=1.01600 tsr_diff=0.001521 integral_mean=0.000086 integral_std=0.003028 log_ratio=0.0000 accept=1.0000 swapped=True
i=2 pair=(2,3) lam_t=1.01960 lam_s=1.02000 tsr_diff=0.000017 integral_mean=-0.000000 integral_std=0.000032 log_ratio=-0.0002 accept=0.9998 swapped=True
i=2 pair=(1,0) lam_t=0.98000 lam_s=1.01600 tsr_diff=0.001521 integral_mean=0.002863 integral_std=0.006912 log_ratio=0.0000 accept=1.0000 swapped=True
i=2 pair=(3,2) lam_t=1.01960 lam_s=1.02000 tsr_diff=0.000017 integral_mean=0.000000 integral_std=0.000032 log_ratio=0.0000 accept=1.0000 swapped=True
i=3 pair=(1,2) lam_t=1.01600 lam_s=1.01960 tsr_diff=0.000335 integral_mean=0.000289 integral_std=0.001022 log_ratio=0.0000 accept=1.0000 swapped=True
i=3 pair=(2,1) lam_t=1.01600 lam_s=1.01960 tsr_diff=0.000335 integral_mean=-0.000102 integral_std=0.000743 log_ratio=-0.2458 accept=0.7820 swapped=True
i=4 pair=(0,1) lam_t=0.98000 lam_s=1.01600 tsr_diff=0.005829 integral_mean=-0.003083 integral_std=0.016616 log_ratio=-7.3994 accept=0.0006 swapped=False
i=4 pair=(2,3) lam_t=1.01960 lam_s=1.02000 tsr_diff=0.000064 integral_mean=-0.000001 integral_std=0.000133 log_ratio=-0.0019 accept=0.9981 swapped=True
i=4 pair=(0,1) lam_t=0.98000 lam_s=1.01600 tsr_diff=0.005829 integral_mean=-0.001569 integral_std=0.013810 log_ratio=-3.7664 accept=0.0231 swapped=True
i=4 pair=(3,2) lam_t=1.01960 lam_s=1.02000 tsr_diff=0.000064 integral_mean=0.000003 integral_std=0.000140 log_ratio=0.0000 accept=1.0000 swapped=True
i=5 pair=(0,2) lam_t=1.01600 lam_s=1.01960 tsr_diff=0.000873 integral_mean=0.000400 integral_std=0.002444 log_ratio=0.0000 accept=1.0000 swapped=True
i=5 pair=(2,0) lam_t=1.01600 lam_s=1.01960 tsr_diff=0.000873 integral_mean=-0.000187 integral_std=0.001996 log_ratio=-0.4498 accept=0.6377 swapped=True
i=6 pair=(1,0) lam_t=0.98000 lam_s=1.01600 tsr_diff=0.012203 integral_mean=0.000303 integral_std=0.028893 log_ratio=0.0000 accept=1.0000 swapped=True
i=6 pair=(2,3) lam_t=1.01960 lam_s=1.02000 tsr_diff=0.000134 integral_mean=-0.000002 integral_std=0.000290 log_ratio=-0.0049 accept=0.9951 swapped=True
i=6 pair=(0,1) lam_t=0.98000 lam_s=1.01600 tsr_diff=0.012203 integral_mean=-0.000637 integral_std=0.028004 log_ratio=-1.5296 accept=0.2166 swapped=False
i=6 pair=(3,2) lam_t=1.01960 lam_s=1.02000 tsr_diff=0.000134 integral_mean=0.000010 integral_std=0.000279 log_ratio=0.0000 accept=1.0000 swapped=True
i=7 pair=(1,2) lam_t=1.01600 lam_s=1.01960 tsr_diff=0.001557 integral_mean=0.000081 integral_std=0.003421 log_ratio=0.0000 accept=1.0000 swapped=True
i=7 pair=(2,1) lam_t=1.01600 lam_s=1.01960 tsr_diff=0.001557 integral_mean=-0.000049 integral_std=0.003267 log_ratio=-0.1168 accept=0.8897 swapped=True
i=8 pair=(0,1) lam_t=0.98000 lam_s=1.01600 tsr_diff=0.019574 integral_mean=-0.001593 integral_std=0.044723 log_ratio=-3.8238 accept=0.0218 swapped=False
i=8 pair=(2,3) lam_t=1.01960 lam_s=1.02000 tsr_diff=0.000212 integral_mean=-0.000007 integral_std=0.000527 log_ratio=-0.0165 accept=0.9836 swapped=True
i=8 pair=(0,1) lam_t=0.98000 lam_s=1.01600 tsr_diff=0.019574 integral_mean=-0.000354 integral_std=0.046219 log_ratio=-0.8497 accept=0.4275 swapped=True
i=8 pair=(3,2) lam_t=1.01960 lam_s=1.02000 tsr_diff=0.000212 integral_mean=0.000018 integral_std=0.000539 log_ratio=0.0000 accept=1.0000 swapped=True
i=9 pair=(0,2) lam_t=1.01600 lam_s=1.01960 tsr_diff=0.002266 integral_mean=-0.000283 integral_std=0.006903 log_ratio=-0.6784 accept=0.5074 swapped=True
i=9 pair=(2,0) lam_t=1.01600 lam_s=1.01960 tsr_diff=0.002266 integral_mean=0.000239 integral_std=0.005801 log_ratio=0.0000 accept=1.0000 swapped=True
i=10 pair=(1,0) lam_t=0.98000 lam_s=1.01600 tsr_diff=0.026699 integral_mean=-0.003185 integral_std=0.073443 log_ratio=-7.6434 accept=0.0005 swapped=False
i=10 pair=(2,3) lam_t=1.01960 lam_s=1.02000 tsr_diff=0.000287 integral_mean=-0.000019 integral_std=0.000917 log_ratio=-0.0448 accept=0.9562 swapped=False
i=10 pair=(1,0) lam_t=0.98000 lam_s=1.01600 tsr_diff=0.026699 integral_mean=-0.001911 integral_std=0.074741 log_ratio=-4.5860 accept=0.0102 swapped=False
i=10 pair=(2,3) lam_t=1.01960 lam_s=1.02000 tsr_diff=0.000287 integral_mean=-0.000022 integral_std=0.000879 log_ratio=-0.0524 accept=0.9489 swapped=True
i=11 pair=(0,3) lam_t=1.01600 lam_s=1.01960 tsr_diff=0.002883 integral_mean=-0.002289 integral_std=0.011765 log_ratio=-5.4941 accept=0.0041 swapped=False
i=11 pair=(0,3) lam_t=1.01600 lam_s=1.01960 tsr_diff=0.002883 integral_mean=-0.001923 integral_std=0.011087 log_ratio=-4.6149 accept=0.0099 swapped=False
i=12 pair=(1,0) lam_t=0.98000 lam_s=1.01600 tsr_diff=0.032371 integral_mean=0.001026 integral_std=0.146198 log_ratio=0.0000 accept=1.0000 swapped=True
i=12 pair=(3,2) lam_t=1.01960 lam_s=1.02000 tsr_diff=0.000346 integral_mean=0.000085 integral_std=0.001750 log_ratio=0.0000 accept=1.0000 swapped=True
i=12 pair=(0,1) lam_t=0.98000 lam_s=1.01600 tsr_diff=0.032371 integral_mean=-0.011881 integral_std=0.207081 log_ratio=-28.5134 accept=0.0000 swapped=False
i=12 pair=(2,3) lam_t=1.01960 lam_s=1.02000 tsr_diff=0.000346 integral_mean=-0.000067 integral_std=0.001402 log_ratio=-0.1600 accept=0.8522 swapped=False
i=13 pair=(1,2) lam_t=1.01600 lam_s=1.01960 tsr_diff=0.003308 integral_mean=0.000507 integral_std=0.025182 log_ratio=0.0000 accept=1.0000 swapped=True
i=13 pair=(2,1) lam_t=1.01600 lam_s=1.01960 tsr_diff=0.003308 integral_mean=0.000537 integral_std=0.021658 log_ratio=0.0000 accept=1.0000 swapped=True
i=14 pair=(0,1) lam_t=0.98000 lam_s=1.01600 tsr_diff=0.035624 integral_mean=-0.087697 integral_std=0.957012 log_ratio=-210.4731 accept=0.0000 swapped=False
i=14 pair=(2,3) lam_t=1.01960 lam_s=1.02000 tsr_diff=0.000379 integral_mean=0.000080 integral_std=0.008021 log_ratio=0.0000 accept=1.0000 swapped=True
i=14 pair=(0,1) lam_t=0.98000 lam_s=1.01600 tsr_diff=0.035624 integral_mean=-0.047748 integral_std=0.621231 log_ratio=-114.5956 accept=0.0000 swapped=False
i=14 pair=(3,2) lam_t=1.01960 lam_s=1.02000 tsr_diff=0.000379 integral_mean=-0.000079 integral_std=0.005272 log_ratio=-0.1893 accept=0.8275 swapped=True
Best Sample: 0 log probability -30.435
Saved 1 samples to: logs/pointmaze-giant-navigate-v0/inference/plans/release_H400_T256_LimitsNormalizer_b1_condFalse/2026-07-17 18:38:38/13/0.png
Saved 1 samples to: logs/pointmaze-giant-navigate-v0/inference/plans/release_H400_T256_LimitsNormalizer_b1_condFalse/2026-07-17 18:38:38/13/rollout.png
i=0 pair=(0,1) lam_t=0.98000 lam_s=1.01600 tsr_diff=0.000000 integral_mean=0.000000 integral_std=0.000000 log_ratio=0.0000 accept=1.0000 swapped=True
i=0 pair=(2,3) lam_t=1.01960 lam_s=1.02000 tsr_diff=0.000000 integral_mean=0.000000 integral_std=0.000000 log_ratio=0.0000 accept=1.0000 swapped=True
i=0 pair=(1,0) lam_t=0.98000 lam_s=1.01600 tsr_diff=0.000000 integral_mean=0.000000 integral_std=0.000000 log_ratio=0.0000 accept=1.0000 swapped=True
i=0 pair=(3,2) lam_t=1.01960 lam_s=1.02000 tsr_diff=0.000000 integral_mean=0.000000 integral_std=0.000000 log_ratio=0.0000 accept=1.0000 swapped=True
i=1 pair=(1,2) lam_t=1.01600 lam_s=1.01960 tsr_diff=0.000038 integral_mean=-0.000000 integral_std=0.000079 log_ratio=-0.0008 accept=0.9992 swapped=True
i=1 pair=(2,1) lam_t=1.01600 lam_s=1.01960 tsr_diff=0.000038 integral_mean=-0.000001 integral_std=0.000080 log_ratio=-0.0012 accept=0.9988 swapped=True
i=2 pair=(0,1) lam_t=0.98000 lam_s=1.01600 tsr_diff=0.001521 integral_mean=0.000099 integral_std=0.003165 log_ratio=0.0000 accept=1.0000 swapped=True
i=2 pair=(2,3) lam_t=1.01960 lam_s=1.02000 tsr_diff=0.000017 integral_mean=-0.000001 integral_std=0.000032 log_ratio=-0.0023 accept=0.9977 swapped=True
i=2 pair=(1,0) lam_t=0.98000 lam_s=1.01600 tsr_diff=0.001521 integral_mean=-0.000016 integral_std=0.002963 log_ratio=-0.0386 accept=0.9622 swapped=True
i=2 pair=(3,2) lam_t=1.01960 lam_s=1.02000 tsr_diff=0.000017 integral_mean=-0.000001 integral_std=0.000033 log_ratio=-0.0025 accept=0.9975 swapped=True
i=3 pair=(1,2) lam_t=1.01600 lam_s=1.01960 tsr_diff=0.000335 integral_mean=0.000174 integral_std=0.000893 log_ratio=0.0000 accept=1.0000 swapped=True
i=3 pair=(2,1) lam_t=1.01600 lam_s=1.01960 tsr_diff=0.000335 integral_mean=-0.000078 integral_std=0.000797 log_ratio=-0.1865 accept=0.8299 swapped=True
i=4 pair=(0,1) lam_t=0.98000 lam_s=1.01600 tsr_diff=0.005829 integral_mean=-0.001433 integral_std=0.014050 log_ratio=-3.4403 accept=0.0321 swapped=False
i=4 pair=(2,3) lam_t=1.01960 lam_s=1.02000 tsr_diff=0.000064 integral_mean=0.000003 integral_std=0.000135 log_ratio=0.0000 accept=1.0000 swapped=True
i=4 pair=(0,1) lam_t=0.98000 lam_s=1.01600 tsr_diff=0.005829 integral_mean=-0.000513 integral_std=0.012015 log_ratio=-1.2306 accept=0.2921 swapped=False
i=4 pair=(3,2) lam_t=1.01960 lam_s=1.02000 tsr_diff=0.000064 integral_mean=0.000003 integral_std=0.000132 log_ratio=0.0000 accept=1.0000 swapped=True
i=5 pair=(1,2) lam_t=1.01600 lam_s=1.01960 tsr_diff=0.000873 integral_mean=0.000100 integral_std=0.001844 log_ratio=0.0000 accept=1.0000 swapped=True
i=5 pair=(2,1) lam_t=1.01600 lam_s=1.01960 tsr_diff=0.000873 integral_mean=-0.000491 integral_std=0.002531 log_ratio=-1.1778 accept=0.3080 swapped=False
i=6 pair=(0,2) lam_t=0.98000 lam_s=1.01600 tsr_diff=0.012203 integral_mean=0.000093 integral_std=0.024725 log_ratio=0.0000 accept=1.0000 swapped=True
i=6 pair=(1,3) lam_t=1.01960 lam_s=1.02000 tsr_diff=0.000134 integral_mean=0.000046 integral_std=0.000362 log_ratio=0.0000 accept=1.0000 swapped=True
i=6 pair=(2,0) lam_t=0.98000 lam_s=1.01600 tsr_diff=0.012203 integral_mean=-0.000832 integral_std=0.025258 log_ratio=-1.9968 accept=0.1358 swapped=True
i=6 pair=(3,1) lam_t=1.01960 lam_s=1.02000 tsr_diff=0.000134 integral_mean=-0.000038 integral_std=0.000329 log_ratio=-0.0921 accept=0.9120 swapped=True
i=7 pair=(2,1) lam_t=1.01600 lam_s=1.01960 tsr_diff=0.001557 integral_mean=-0.000377 integral_std=0.003925 log_ratio=-0.9054 accept=0.4044 swapped=False
i=7 pair=(2,1) lam_t=1.01600 lam_s=1.01960 tsr_diff=0.001557 integral_mean=-0.000237 integral_std=0.003612 log_ratio=-0.5677 accept=0.5668 swapped=True
i=8 pair=(0,1) lam_t=0.98000 lam_s=1.01600 tsr_diff=0.019574 integral_mean=-0.002265 integral_std=0.053276 log_ratio=-5.4361 accept=0.0044 swapped=False
i=8 pair=(2,3) lam_t=1.01960 lam_s=1.02000 tsr_diff=0.000212 integral_mean=0.000009 integral_std=0.000463 log_ratio=0.0000 accept=1.0000 swapped=True
i=8 pair=(0,1) lam_t=0.98000 lam_s=1.01600 tsr_diff=0.019574 integral_mean=-0.002135 integral_std=0.052349 log_ratio=-5.1245 accept=0.0059 swapped=False
i=8 pair=(3,2) lam_t=1.01960 lam_s=1.02000 tsr_diff=0.000212 integral_mean=-0.000013 integral_std=0.000470 log_ratio=-0.0306 accept=0.9699 swapped=True
i=9 pair=(1,2) lam_t=1.01600 lam_s=1.01960 tsr_diff=0.002266 integral_mean=0.000261 integral_std=0.006535 log_ratio=0.0000 accept=1.0000 swapped=True
i=9 pair=(2,1) lam_t=1.01600 lam_s=1.01960 tsr_diff=0.002266 integral_mean=-0.000217 integral_std=0.006010 log_ratio=-0.5205 accept=0.5942 swapped=False
i=10 pair=(0,2) lam_t=0.98000 lam_s=1.01600 tsr_diff=0.026699 integral_mean=0.001546 integral_std=0.064780 log_ratio=0.0000 accept=1.0000 swapped=True
i=10 pair=(1,3) lam_t=1.01960 lam_s=1.02000 tsr_diff=0.000287 integral_mean=0.000042 integral_std=0.000821 log_ratio=0.0000 accept=1.0000 swapped=True
i=10 pair=(2,0) lam_t=0.98000 lam_s=1.01600 tsr_diff=0.026699 integral_mean=-0.002830 integral_std=0.063452 log_ratio=-6.7923 accept=0.0011 swapped=False
i=10 pair=(3,1) lam_t=1.01960 lam_s=1.02000 tsr_diff=0.000287 integral_mean=-0.000041 integral_std=0.000787 log_ratio=-0.0984 accept=0.9063 swapped=True
i=11 pair=(0,1) lam_t=1.01600 lam_s=1.01960 tsr_diff=0.002883 integral_mean=0.000060 integral_std=0.010389 log_ratio=0.0000 accept=1.0000 swapped=True
i=11 pair=(1,0) lam_t=1.01600 lam_s=1.01960 tsr_diff=0.002883 integral_mean=-0.000124 integral_std=0.010236 log_ratio=-0.2979 accept=0.7424 swapped=True
i=12 pair=(2,0) lam_t=0.98000 lam_s=1.01600 tsr_diff=0.032371 integral_mean=-0.004207 integral_std=0.106953 log_ratio=-10.0957 accept=0.0000 swapped=False
i=12 pair=(1,3) lam_t=1.01960 lam_s=1.02000 tsr_diff=0.000346 integral_mean=0.000021 integral_std=0.001241 log_ratio=0.0000 accept=1.0000 swapped=True
i=12 pair=(2,0) lam_t=0.98000 lam_s=1.01600 tsr_diff=0.032371 integral_mean=-0.009313 integral_std=0.116520 log_ratio=-22.3523 accept=0.0000 swapped=False
i=12 pair=(3,1) lam_t=1.01960 lam_s=1.02000 tsr_diff=0.000346 integral_mean=-0.000019 integral_std=0.001301 log_ratio=-0.0449 accept=0.9561 swapped=True
i=13 pair=(0,1) lam_t=1.01600 lam_s=1.01960 tsr_diff=0.003308 integral_mean=0.001693 integral_std=0.022557 log_ratio=0.0000 accept=1.0000 swapped=True
i=13 pair=(1,0) lam_t=1.01600 lam_s=1.01960 tsr_diff=0.003308 integral_mean=-0.001663 integral_std=0.022712 log_ratio=-3.9914 accept=0.0185 swapped=False
i=14 pair=(2,1) lam_t=0.98000 lam_s=1.01600 tsr_diff=0.035624 integral_mean=0.023148 integral_std=0.436841 log_ratio=0.0000 accept=1.0000 swapped=True
i=14 pair=(0,3) lam_t=1.01960 lam_s=1.02000 tsr_diff=0.000379 integral_mean=0.000680 integral_std=0.004815 log_ratio=0.0000 accept=1.0000 swapped=True
i=14 pair=(1,2) lam_t=0.98000 lam_s=1.01600 tsr_diff=0.035624 integral_mean=-0.003583 integral_std=0.409765 log_ratio=-8.5990 accept=0.0002 swapped=False
i=14 pair=(3,0) lam_t=1.01960 lam_s=1.02000 tsr_diff=0.000379 integral_mean=-0.000195 integral_std=0.004316 log_ratio=-0.4670 accept=0.6269 swapped=True
Best Sample: 2 log probability -1.977
Saved 1 samples to: logs/pointmaze-giant-navigate-v0/inference/plans/release_H400_T256_LimitsNormalizer_b1_condFalse/2026-07-17 18:38:38/14/0.png
Saved 1 samples to: logs/pointmaze-giant-navigate-v0/inference/plans/release_H400_T256_LimitsNormalizer_b1_condFalse/2026-07-17 18:38:38/14/rollout.png
i=0 pair=(0,1) lam_t=0.98000 lam_s=1.01600 tsr_diff=0.000000 integral_mean=0.000000 integral_std=0.000000 log_ratio=0.0000 accept=1.0000 swapped=True
i=0 pair=(2,3) lam_t=1.01960 lam_s=1.02000 tsr_diff=0.000000 integral_mean=0.000000 integral_std=0.000000 log_ratio=0.0000 accept=1.0000 swapped=True
i=0 pair=(1,0) lam_t=0.98000 lam_s=1.01600 tsr_diff=0.000000 integral_mean=0.000000 integral_std=0.000000 log_ratio=0.0000 accept=1.0000 swapped=True
i=0 pair=(3,2) lam_t=1.01960 lam_s=1.02000 tsr_diff=0.000000 integral_mean=0.000000 integral_std=0.000000 log_ratio=0.0000 accept=1.0000 swapped=True
i=1 pair=(1,2) lam_t=1.01600 lam_s=1.01960 tsr_diff=0.000038 integral_mean=-0.000000 integral_std=0.000077 log_ratio=-0.0003 accept=0.9997 swapped=True
i=1 pair=(2,1) lam_t=1.01600 lam_s=1.01960 tsr_diff=0.000038 integral_mean=0.000003 integral_std=0.000077 log_ratio=0.0000 accept=1.0000 swapped=True
i=2 pair=(0,1) lam_t=0.98000 lam_s=1.01600 tsr_diff=0.001521 integral_mean=-0.000080 integral_std=0.003151 log_ratio=-0.1921 accept=0.8252 swapped=True
i=2 pair=(2,3) lam_t=1.01960 lam_s=1.02000 tsr_diff=0.000017 integral_mean=-0.000001 integral_std=0.000036 log_ratio=-0.0016 accept=0.9984 swapped=True
i=2 pair=(1,0) lam_t=0.98000 lam_s=1.01600 tsr_diff=0.001521 integral_mean=0.000069 integral_std=0.002898 log_ratio=0.0000 accept=1.0000 swapped=True
i=2 pair=(3,2) lam_t=1.01960 lam_s=1.02000 tsr_diff=0.000017 integral_mean=-0.000000 integral_std=0.000033 log_ratio=-0.0005 accept=0.9995 swapped=True
i=3 pair=(1,2) lam_t=1.01600 lam_s=1.01960 tsr_diff=0.000335 integral_mean=0.000000 integral_std=0.000685 log_ratio=0.0000 accept=1.0000 swapped=True
i=3 pair=(2,1) lam_t=1.01600 lam_s=1.01960 tsr_diff=0.000335 integral_mean=0.000021 integral_std=0.000711 log_ratio=0.0000 accept=1.0000 swapped=True
i=4 pair=(0,1) lam_t=0.98000 lam_s=1.01600 tsr_diff=0.005829 integral_mean=-0.000967 integral_std=0.012346 log_ratio=-2.3212 accept=0.0982 swapped=False
i=4 pair=(2,3) lam_t=1.01960 lam_s=1.02000 tsr_diff=0.000064 integral_mean=-0.000000 integral_std=0.000137 log_ratio=-0.0007 accept=0.9993 swapped=True
i=4 pair=(0,1) lam_t=0.98000 lam_s=1.01600 tsr_diff=0.005829 integral_mean=0.000134 integral_std=0.012112 log_ratio=0.0000 accept=1.0000 swapped=True
i=4 pair=(3,2) lam_t=1.01960 lam_s=1.02000 tsr_diff=0.000064 integral_mean=-0.000002 integral_std=0.000127 log_ratio=-0.0038 accept=0.9962 swapped=True
i=5 pair=(0,2) lam_t=1.01600 lam_s=1.01960 tsr_diff=0.000873 integral_mean=-0.000002 integral_std=0.001865 log_ratio=-0.0050 accept=0.9950 swapped=True
i=5 pair=(2,0) lam_t=1.01600 lam_s=1.01960 tsr_diff=0.000873 integral_mean=0.000056 integral_std=0.001950 log_ratio=0.0000 accept=1.0000 swapped=True
i=6 pair=(1,0) lam_t=0.98000 lam_s=1.01600 tsr_diff=0.012203 integral_mean=-0.000569 integral_std=0.025129 log_ratio=-1.3648 accept=0.2554 swapped=False
i=6 pair=(2,3) lam_t=1.01960 lam_s=1.02000 tsr_diff=0.000134 integral_mean=0.000039 integral_std=0.000335 log_ratio=0.0000 accept=1.0000 swapped=True
i=6 pair=(1,0) lam_t=0.98000 lam_s=1.01600 tsr_diff=0.012203 integral_mean=-0.000022 integral_std=0.026134 log_ratio=-0.0525 accept=0.9488 swapped=True
i=6 pair=(3,2) lam_t=1.01960 lam_s=1.02000 tsr_diff=0.000134 integral_mean=-0.000023 integral_std=0.000308 log_ratio=-0.0555 accept=0.9460 swapped=False
i=7 pair=(1,3) lam_t=1.01600 lam_s=1.01960 tsr_diff=0.001557 integral_mean=0.000052 integral_std=0.003362 log_ratio=0.0000 accept=1.0000 swapped=True
i=7 pair=(3,1) lam_t=1.01600 lam_s=1.01960 tsr_diff=0.001557 integral_mean=-0.000042 integral_std=0.003338 log_ratio=-0.1008 accept=0.9041 swapped=True
i=8 pair=(0,1) lam_t=0.98000 lam_s=1.01600 tsr_diff=0.019574 integral_mean=0.000893 integral_std=0.047221 log_ratio=0.0000 accept=1.0000 swapped=True
i=8 pair=(3,2) lam_t=1.01960 lam_s=1.02000 tsr_diff=0.000212 integral_mean=-0.000016 integral_std=0.000520 log_ratio=-0.0385 accept=0.9623 swapped=True
i=8 pair=(1,0) lam_t=0.98000 lam_s=1.01600 tsr_diff=0.019574 integral_mean=-0.000270 integral_std=0.044967 log_ratio=-0.6477 accept=0.5233 swapped=False
i=8 pair=(2,3) lam_t=1.01960 lam_s=1.02000 tsr_diff=0.000212 integral_mean=0.000036 integral_std=0.000529 log_ratio=0.0000 accept=1.0000 swapped=True
i=9 pair=(0,3) lam_t=1.01600 lam_s=1.01960 tsr_diff=0.002266 integral_mean=0.000402 integral_std=0.005939 log_ratio=0.0000 accept=1.0000 swapped=True
i=9 pair=(3,0) lam_t=1.01600 lam_s=1.01960 tsr_diff=0.002266 integral_mean=-0.000267 integral_std=0.005583 log_ratio=-0.6409 accept=0.5268 swapped=False
i=10 pair=(1,3) lam_t=0.98000 lam_s=1.01600 tsr_diff=0.026699 integral_mean=0.002255 integral_std=0.065431 log_ratio=0.0000 accept=1.0000 swapped=True
i=10 pair=(0,2) lam_t=1.01960 lam_s=1.02000 tsr_diff=0.000287 integral_mean=-0.000033 integral_std=0.000910 log_ratio=-0.0787 accept=0.9243 swapped=True
i=10 pair=(3,1) lam_t=0.98000 lam_s=1.01600 tsr_diff=0.026699 integral_mean=-0.001637 integral_std=0.062481 log_ratio=-3.9299 accept=0.0196 swapped=False
i=10 pair=(2,0) lam_t=1.01960 lam_s=1.02000 tsr_diff=0.000287 integral_mean=0.000054 integral_std=0.000802 log_ratio=0.0000 accept=1.0000 swapped=True
i=11 pair=(1,0) lam_t=1.01600 lam_s=1.01960 tsr_diff=0.002883 integral_mean=-0.000141 integral_std=0.008384 log_ratio=-0.3383 accept=0.7130 swapped=True
i=11 pair=(0,1) lam_t=1.01600 lam_s=1.01960 tsr_diff=0.002883 integral_mean=0.000113 integral_std=0.008052 log_ratio=0.0000 accept=1.0000 swapped=True
i=12 pair=(3,1) lam_t=0.98000 lam_s=1.01600 tsr_diff=0.032371 integral_mean=-0.001885 integral_std=0.102530 log_ratio=-4.5244 accept=0.0108 swapped=False
i=12 pair=(0,2) lam_t=1.01960 lam_s=1.02000 tsr_diff=0.000346 integral_mean=-0.000159 integral_std=0.001622 log_ratio=-0.3814 accept=0.6829 swapped=False
i=12 pair=(3,1) lam_t=0.98000 lam_s=1.01600 tsr_diff=0.032371 integral_mean=0.001198 integral_std=0.093906 log_ratio=0.0000 accept=1.0000 swapped=True
i=12 pair=(0,2) lam_t=1.01960 lam_s=1.02000 tsr_diff=0.000346 integral_mean=-0.000139 integral_std=0.001550 log_ratio=-0.3337 accept=0.7163 swapped=True
i=13 pair=(3,2) lam_t=1.01600 lam_s=1.01960 tsr_diff=0.003308 integral_mean=-0.005415 integral_std=0.030992 log_ratio=-12.9961 accept=0.0000 swapped=False
i=13 pair=(3,2) lam_t=1.01600 lam_s=1.01960 tsr_diff=0.003308 integral_mean=-0.003497 integral_std=0.023199 log_ratio=-8.3931 accept=0.0002 swapped=False
i=14 pair=(1,3) lam_t=0.98000 lam_s=1.01600 tsr_diff=0.035624 integral_mean=0.006446 integral_std=0.276521 log_ratio=0.0000 accept=1.0000 swapped=True
i=14 pair=(2,0) lam_t=1.01960 lam_s=1.02000 tsr_diff=0.000379 integral_mean=0.000749 integral_std=0.006677 log_ratio=0.0000 accept=1.0000 swapped=True
i=14 pair=(3,1) lam_t=0.98000 lam_s=1.01600 tsr_diff=0.035624 integral_mean=0.001480 integral_std=0.246523 log_ratio=0.0000 accept=1.0000 swapped=True
i=14 pair=(0,2) lam_t=1.01960 lam_s=1.02000 tsr_diff=0.000379 integral_mean=-0.000087 integral_std=0.003634 log_ratio=-0.2080 accept=0.8122 swapped=True
Best Sample: 3 log probability -10.332
Saved 1 samples to: logs/pointmaze-giant-navigate-v0/inference/plans/release_H400_T256_LimitsNormalizer_b1_condFalse/2026-07-17 18:38:38/15/0.png
Saved 1 samples to: logs/pointmaze-giant-navigate-v0/inference/plans/release_H400_T256_LimitsNormalizer_b1_condFalse/2026-07-17 18:38:38/15/rollout.png
i=0 pair=(0,1) lam_t=0.98000 lam_s=1.01600 tsr_diff=0.000000 integral_mean=0.000000 integral_std=0.000000 log_ratio=0.0000 accept=1.0000 swapped=True
i=0 pair=(2,3) lam_t=1.01960 lam_s=1.02000 tsr_diff=0.000000 integral_mean=0.000000 integral_std=0.000000 log_ratio=0.0000 accept=1.0000 swapped=True
i=0 pair=(1,0) lam_t=0.98000 lam_s=1.01600 tsr_diff=0.000000 integral_mean=0.000000 integral_std=0.000000 log_ratio=0.0000 accept=1.0000 swapped=True
i=0 pair=(3,2) lam_t=1.01960 lam_s=1.02000 tsr_diff=0.000000 integral_mean=0.000000 integral_std=0.000000 log_ratio=0.0000 accept=1.0000 swapped=True
i=1 pair=(1,2) lam_t=1.01600 lam_s=1.01960 tsr_diff=0.000038 integral_mean=-0.000000 integral_std=0.000078 log_ratio=-0.0011 accept=0.9989 swapped=True
i=1 pair=(2,1) lam_t=1.01600 lam_s=1.01960 tsr_diff=0.000038 integral_mean=-0.000002 integral_std=0.000076 log_ratio=-0.0048 accept=0.9952 swapped=True
i=2 pair=(0,1) lam_t=0.98000 lam_s=1.01600 tsr_diff=0.001521 integral_mean=0.000014 integral_std=0.003069 log_ratio=0.0000 accept=1.0000 swapped=True
i=2 pair=(2,3) lam_t=1.01960 lam_s=1.02000 tsr_diff=0.000017 integral_mean=0.000000 integral_std=0.000033 log_ratio=0.0000 accept=1.0000 swapped=True
i=2 pair=(1,0) lam_t=0.98000 lam_s=1.01600 tsr_diff=0.001521 integral_mean=0.000008 integral_std=0.003029 log_ratio=0.0000 accept=1.0000 swapped=True
i=2 pair=(3,2) lam_t=1.01960 lam_s=1.02000 tsr_diff=0.000017 integral_mean=-0.000001 integral_std=0.000033 log_ratio=-0.0023 accept=0.9977 swapped=True
i=3 pair=(1,2) lam_t=1.01600 lam_s=1.01960 tsr_diff=0.000335 integral_mean=-0.000023 integral_std=0.000684 log_ratio=-0.0556 accept=0.9459 swapped=False
i=3 pair=(1,2) lam_t=1.01600 lam_s=1.01960 tsr_diff=0.000335 integral_mean=-0.000014 integral_std=0.000690 log_ratio=-0.0333 accept=0.9673 swapped=True
i=4 pair=(0,2) lam_t=0.98000 lam_s=1.01600 tsr_diff=0.005829 integral_mean=0.000156 integral_std=0.012112 log_ratio=0.0000 accept=1.0000 swapped=True
i=4 pair=(1,3) lam_t=1.01960 lam_s=1.02000 tsr_diff=0.000064 integral_mean=0.000001 integral_std=0.000131 log_ratio=0.0000 accept=1.0000 swapped=True
i=4 pair=(2,0) lam_t=0.98000 lam_s=1.01600 tsr_diff=0.005829 integral_mean=-0.000293 integral_std=0.011536 log_ratio=-0.7039 accept=0.4946 swapped=False
i=4 pair=(3,1) lam_t=1.01960 lam_s=1.02000 tsr_diff=0.000064 integral_mean=-0.000006 integral_std=0.000131 log_ratio=-0.0149 accept=0.9852 swapped=True
i=5 pair=(0,1) lam_t=1.01600 lam_s=1.01960 tsr_diff=0.000873 integral_mean=-0.000023 integral_std=0.001835 log_ratio=-0.0544 accept=0.9470 swapped=True
i=5 pair=(1,0) lam_t=1.01600 lam_s=1.01960 tsr_diff=0.000873 integral_mean=0.000048 integral_std=0.001783 log_ratio=0.0000 accept=1.0000 swapped=True
i=6 pair=(2,0) lam_t=0.98000 lam_s=1.01600 tsr_diff=0.012203 integral_mean=-0.000361 integral_std=0.024484 log_ratio=-0.8674 accept=0.4200 swapped=False
i=6 pair=(1,3) lam_t=1.01960 lam_s=1.02000 tsr_diff=0.000134 integral_mean=-0.000019 integral_std=0.000289 log_ratio=-0.0456 accept=0.9554 swapped=True
i=6 pair=(2,0) lam_t=0.98000 lam_s=1.01600 tsr_diff=0.012203 integral_mean=0.000115 integral_std=0.025120 log_ratio=0.0000 accept=1.0000 swapped=True
i=6 pair=(3,1) lam_t=1.01960 lam_s=1.02000 tsr_diff=0.000134 integral_mean=0.000021 integral_std=0.000298 log_ratio=0.0000 accept=1.0000 swapped=True
i=7 pair=(2,1) lam_t=1.01600 lam_s=1.01960 tsr_diff=0.001557 integral_mean=0.000015 integral_std=0.003163 log_ratio=0.0000 accept=1.0000 swapped=True
i=7 pair=(1,2) lam_t=1.01600 lam_s=1.01960 tsr_diff=0.001557 integral_mean=-0.000035 integral_std=0.003104 log_ratio=-0.0839 accept=0.9196 swapped=True
i=8 pair=(0,2) lam_t=0.98000 lam_s=1.01600 tsr_diff=0.019574 integral_mean=-0.000021 integral_std=0.043647 log_ratio=-0.0513 accept=0.9500 swapped=True
i=8 pair=(1,3) lam_t=1.01960 lam_s=1.02000 tsr_diff=0.000212 integral_mean=-0.000015 integral_std=0.000488 log_ratio=-0.0369 accept=0.9637 swapped=True
i=8 pair=(2,0) lam_t=0.98000 lam_s=1.01600 tsr_diff=0.019574 integral_mean=-0.000073 integral_std=0.042113 log_ratio=-0.1743 accept=0.8401 swapped=False
i=8 pair=(3,1) lam_t=1.01960 lam_s=1.02000 tsr_diff=0.000212 integral_mean=0.000017 integral_std=0.000468 log_ratio=0.0000 accept=1.0000 swapped=True
i=9 pair=(0,1) lam_t=1.01600 lam_s=1.01960 tsr_diff=0.002266 integral_mean=0.000069 integral_std=0.005237 log_ratio=0.0000 accept=1.0000 swapped=True
i=9 pair=(1,0) lam_t=1.01600 lam_s=1.01960 tsr_diff=0.002266 integral_mean=-0.000073 integral_std=0.005157 log_ratio=-0.1763 accept=0.8384 swapped=True
i=10 pair=(2,0) lam_t=0.98000 lam_s=1.01600 tsr_diff=0.026699 integral_mean=-0.000402 integral_std=0.064707 log_ratio=-0.9640 accept=0.3814 swapped=True
i=10 pair=(1,3) lam_t=1.01960 lam_s=1.02000 tsr_diff=0.000287 integral_mean=-0.000019 integral_std=0.000718 log_ratio=-0.0456 accept=0.9554 swapped=True
i=10 pair=(0,2) lam_t=0.98000 lam_s=1.01600 tsr_diff=0.026699 integral_mean=-0.000374 integral_std=0.065626 log_ratio=-0.8969 accept=0.4078 swapped=True
i=10 pair=(3,1) lam_t=1.01960 lam_s=1.02000 tsr_diff=0.000287 integral_mean=0.000013 integral_std=0.000714 log_ratio=0.0000 accept=1.0000 swapped=True
i=11 pair=(0,1) lam_t=1.01600 lam_s=1.01960 tsr_diff=0.002883 integral_mean=0.000019 integral_std=0.007512 log_ratio=0.0000 accept=1.0000 swapped=True
i=11 pair=(1,0) lam_t=1.01600 lam_s=1.01960 tsr_diff=0.002883 integral_mean=-0.000087 integral_std=0.007652 log_ratio=-0.2080 accept=0.8122 swapped=False
i=12 pair=(2,1) lam_t=0.98000 lam_s=1.01600 tsr_diff=0.032371 integral_mean=0.000116 integral_std=0.079749 log_ratio=0.0000 accept=1.0000 swapped=True
i=12 pair=(0,3) lam_t=1.01960 lam_s=1.02000 tsr_diff=0.000346 integral_mean=-0.000037 integral_std=0.001224 log_ratio=-0.0896 accept=0.9143 swapped=True
i=12 pair=(1,2) lam_t=0.98000 lam_s=1.01600 tsr_diff=0.032371 integral_mean=-0.001276 integral_std=0.066693 log_ratio=-3.0626 accept=0.0468 swapped=False
i=12 pair=(3,0) lam_t=1.01960 lam_s=1.02000 tsr_diff=0.000346 integral_mean=0.000037 integral_std=0.001214 log_ratio=0.0000 accept=1.0000 swapped=True
i=13 pair=(2,0) lam_t=1.01600 lam_s=1.01960 tsr_diff=0.003308 integral_mean=0.000073 integral_std=0.012323 log_ratio=0.0000 accept=1.0000 swapped=True
i=13 pair=(0,2) lam_t=1.01600 lam_s=1.01960 tsr_diff=0.003308 integral_mean=0.000062 integral_std=0.011738 log_ratio=0.0000 accept=1.0000 swapped=True
i=14 pair=(1,2) lam_t=0.98000 lam_s=1.01600 tsr_diff=0.035624 integral_mean=-0.007536 integral_std=0.134597 log_ratio=-18.0868 accept=0.0000 swapped=False
i=14 pair=(0,3) lam_t=1.01960 lam_s=1.02000 tsr_diff=0.000379 integral_mean=-0.000422 integral_std=0.004364 log_ratio=-1.0140 accept=0.3628 swapped=False
i=14 pair=(1,2) lam_t=0.98000 lam_s=1.01600 tsr_diff=0.035624 integral_mean=-0.001568 integral_std=0.088552 log_ratio=-3.7633 accept=0.0232 swapped=False
i=14 pair=(0,3) lam_t=1.01960 lam_s=1.02000 tsr_diff=0.000379 integral_mean=-0.000196 integral_std=0.003387 log_ratio=-0.4692 accept=0.6255 swapped=True
Best Sample: 0 log probability -0.031
Saved 1 samples to: logs/pointmaze-giant-navigate-v0/inference/plans/release_H400_T256_LimitsNormalizer_b1_condFalse/2026-07-17 18:38:38/16/0.png
Saved 1 samples to: logs/pointmaze-giant-navigate-v0/inference/plans/release_H400_T256_LimitsNormalizer_b1_condFalse/2026-07-17 18:38:38/16/rollout.png
i=0 pair=(0,1) lam_t=0.98000 lam_s=1.01600 tsr_diff=0.000000 integral_mean=0.000000 integral_std=0.000000 log_ratio=0.0000 accept=1.0000 swapped=True
i=0 pair=(2,3) lam_t=1.01960 lam_s=1.02000 tsr_diff=0.000000 integral_mean=0.000000 integral_std=0.000000 log_ratio=0.0000 accept=1.0000 swapped=True
i=0 pair=(1,0) lam_t=0.98000 lam_s=1.01600 tsr_diff=0.000000 integral_mean=0.000000 integral_std=0.000000 log_ratio=0.0000 accept=1.0000 swapped=True
i=0 pair=(3,2) lam_t=1.01960 lam_s=1.02000 tsr_diff=0.000000 integral_mean=0.000000 integral_std=0.000000 log_ratio=0.0000 accept=1.0000 swapped=True
i=1 pair=(1,2) lam_t=1.01600 lam_s=1.01960 tsr_diff=0.000038 integral_mean=0.000000 integral_std=0.000077 log_ratio=0.0000 accept=1.0000 swapped=True
i=1 pair=(2,1) lam_t=1.01600 lam_s=1.01960 tsr_diff=0.000038 integral_mean=-0.000001 integral_std=0.000081 log_ratio=-0.0031 accept=0.9969 swapped=True
i=2 pair=(0,1) lam_t=0.98000 lam_s=1.01600 tsr_diff=0.001521 integral_mean=-0.000032 integral_std=0.003192 log_ratio=-0.0761 accept=0.9267 swapped=False
i=2 pair=(2,3) lam_t=1.01960 lam_s=1.02000 tsr_diff=0.000017 integral_mean=0.000001 integral_std=0.000034 log_ratio=0.0000 accept=1.0000 swapped=True
i=2 pair=(0,1) lam_t=0.98000 lam_s=1.01600 tsr_diff=0.001521 integral_mean=-0.000039 integral_std=0.002988 log_ratio=-0.0925 accept=0.9116 swapped=True
i=2 pair=(3,2) lam_t=1.01960 lam_s=1.02000 tsr_diff=0.000017 integral_mean=0.000000 integral_std=0.000034 log_ratio=0.0000 accept=1.0000 swapped=True
i=3 pair=(0,2) lam_t=1.01600 lam_s=1.01960 tsr_diff=0.000335 integral_mean=-0.000024 integral_std=0.000724 log_ratio=-0.0568 accept=0.9448 swapped=True
i=3 pair=(2,0) lam_t=1.01600 lam_s=1.01960 tsr_diff=0.000335 integral_mean=-0.000014 integral_std=0.000635 log_ratio=-0.0336 accept=0.9669 swapped=True
i=4 pair=(1,0) lam_t=0.98000 lam_s=1.01600 tsr_diff=0.005829 integral_mean=0.000421 integral_std=0.011117 log_ratio=0.0000 accept=1.0000 swapped=True
i=4 pair=(2,3) lam_t=1.01960 lam_s=1.02000 tsr_diff=0.000064 integral_mean=-0.000004 integral_std=0.000132 log_ratio=-0.0102 accept=0.9899 swapped=True
i=4 pair=(0,1) lam_t=0.98000 lam_s=1.01600 tsr_diff=0.005829 integral_mean=-0.000183 integral_std=0.011375 log_ratio=-0.4397 accept=0.6442 swapped=True
i=4 pair=(3,2) lam_t=1.01960 lam_s=1.02000 tsr_diff=0.000064 integral_mean=-0.000004 integral_std=0.000134 log_ratio=-0.0094 accept=0.9907 swapped=True
i=5 pair=(0,2) lam_t=1.01600 lam_s=1.01960 tsr_diff=0.000873 integral_mean=-0.000064 integral_std=0.001859 log_ratio=-0.1536 accept=0.8576 swapped=False
i=5 pair=(0,2) lam_t=1.01600 lam_s=1.01960 tsr_diff=0.000873 integral_mean=-0.000094 integral_std=0.001955 log_ratio=-0.2244 accept=0.7990 swapped=False
i=6 pair=(1,0) lam_t=0.98000 lam_s=1.01600 tsr_diff=0.012203 integral_mean=-0.000603 integral_std=0.023715 log_ratio=-1.4465 accept=0.2354 swapped=False
i=6 pair=(2,3) lam_t=1.01960 lam_s=1.02000 tsr_diff=0.000134 integral_mean=0.000010 integral_std=0.000308 log_ratio=0.0000 accept=1.0000 swapped=True
i=6 pair=(1,0) lam_t=0.98000 lam_s=1.01600 tsr_diff=0.012203 integral_mean=-0.000136 integral_std=0.024454 log_ratio=-0.3253 accept=0.7223 swapped=False
i=6 pair=(3,2) lam_t=1.01960 lam_s=1.02000 tsr_diff=0.000134 integral_mean=-0.000006 integral_std=0.000299 log_ratio=-0.0141 accept=0.9860 swapped=True
i=7 pair=(0,2) lam_t=1.01600 lam_s=1.01960 tsr_diff=0.001557 integral_mean=-0.000107 integral_std=0.003509 log_ratio=-0.2564 accept=0.7738 swapped=True
i=7 pair=(2,0) lam_t=1.01600 lam_s=1.01960 tsr_diff=0.001557 integral_mean=0.000127 integral_std=0.003552 log_ratio=0.0000 accept=1.0000 swapped=True
i=8 pair=(1,0) lam_t=0.98000 lam_s=1.01600 tsr_diff=0.019574 integral_mean=0.000182 integral_std=0.040384 log_ratio=0.0000 accept=1.0000 swapped=True
i=8 pair=(2,3) lam_t=1.01960 lam_s=1.02000 tsr_diff=0.000212 integral_mean=0.000006 integral_std=0.000497 log_ratio=0.0000 accept=1.0000 swapped=True
i=8 pair=(0,1) lam_t=0.98000 lam_s=1.01600 tsr_diff=0.019574 integral_mean=0.000607 integral_std=0.039701 log_ratio=0.0000 accept=1.0000 swapped=True
i=8 pair=(3,2) lam_t=1.01960 lam_s=1.02000 tsr_diff=0.000212 integral_mean=-0.000001 integral_std=0.000462 log_ratio=-0.0031 accept=0.9969 swapped=True
i=9 pair=(0,2) lam_t=1.01600 lam_s=1.01960 tsr_diff=0.002266 integral_mean=0.000069 integral_std=0.005458 log_ratio=0.0000 accept=1.0000 swapped=True
i=9 pair=(2,0) lam_t=1.01600 lam_s=1.01960 tsr_diff=0.002266 integral_mean=-0.000076 integral_std=0.005238 log_ratio=-0.1821 accept=0.8335 swapped=False
i=10 pair=(1,2) lam_t=0.98000 lam_s=1.01600 tsr_diff=0.026699 integral_mean=-0.001467 integral_std=0.065929 log_ratio=-3.5215 accept=0.0296 swapped=False
i=10 pair=(0,3) lam_t=1.01960 lam_s=1.02000 tsr_diff=0.000287 integral_mean=0.000007 integral_std=0.000604 log_ratio=0.0000 accept=1.0000 swapped=True
i=10 pair=(1,2) lam_t=0.98000 lam_s=1.01600 tsr_diff=0.026699 integral_mean=-0.001355 integral_std=0.065479 log_ratio=-3.2522 accept=0.0387 swapped=False
i=10 pair=(3,0) lam_t=1.01960 lam_s=1.02000 tsr_diff=0.000287 integral_mean=-0.000005 integral_std=0.000561 log_ratio=-0.0113 accept=0.9888 swapped=True
i=11 pair=(2,0) lam_t=1.01600 lam_s=1.01960 tsr_diff=0.002883 integral_mean=0.000099 integral_std=0.007601 log_ratio=0.0000 accept=1.0000 swapped=True
i=11 pair=(0,2) lam_t=1.01600 lam_s=1.01960 tsr_diff=0.002883 integral_mean=-0.000212 integral_std=0.007514 log_ratio=-0.5095 accept=0.6008 swapped=True
i=12 pair=(1,2) lam_t=0.98000 lam_s=1.01600 tsr_diff=0.032371 integral_mean=0.002061 integral_std=0.100912 log_ratio=0.0000 accept=1.0000 swapped=True
i=12 pair=(0,3) lam_t=1.01960 lam_s=1.02000 tsr_diff=0.000346 integral_mean=-0.000015 integral_std=0.000684 log_ratio=-0.0352 accept=0.9655 swapped=True
i=12 pair=(2,1) lam_t=0.98000 lam_s=1.01600 tsr_diff=0.032371 integral_mean=0.002743 integral_std=0.097172 log_ratio=0.0000 accept=1.0000 swapped=True
i=12 pair=(3,0) lam_t=1.01960 lam_s=1.02000 tsr_diff=0.000346 integral_mean=0.000002 integral_std=0.000695 log_ratio=0.0000 accept=1.0000 swapped=True
i=13 pair=(2,0) lam_t=1.01600 lam_s=1.01960 tsr_diff=0.003308 integral_mean=0.000153 integral_std=0.012746 log_ratio=0.0000 accept=1.0000 swapped=True
i=13 pair=(0,2) lam_t=1.01600 lam_s=1.01960 tsr_diff=0.003308 integral_mean=-0.000098 integral_std=0.012728 log_ratio=-0.2341 accept=0.7913 swapped=True
i=14 pair=(1,2) lam_t=0.98000 lam_s=1.01600 tsr_diff=0.035624 integral_mean=-0.000827 integral_std=0.242510 log_ratio=-1.9850 accept=0.1374 swapped=False
i=14 pair=(0,3) lam_t=1.01960 lam_s=1.02000 tsr_diff=0.000379 integral_mean=-0.000032 integral_std=0.000846 log_ratio=-0.0768 accept=0.9261 swapped=True
i=14 pair=(1,2) lam_t=0.98000 lam_s=1.01600 tsr_diff=0.035624 integral_mean=-0.015328 integral_std=0.247610 log_ratio=-36.7879 accept=0.0000 swapped=False
i=14 pair=(3,0) lam_t=1.01960 lam_s=1.02000 tsr_diff=0.000379 integral_mean=0.000021 integral_std=0.000967 log_ratio=0.0000 accept=1.0000 swapped=True
Best Sample: 1 log probability -0.222
Saved 1 samples to: logs/pointmaze-giant-navigate-v0/inference/plans/release_H400_T256_LimitsNormalizer_b1_condFalse/2026-07-17 18:38:38/17/0.png
Saved 1 samples to: logs/pointmaze-giant-navigate-v0/inference/plans/release_H400_T256_LimitsNormalizer_b1_condFalse/2026-07-17 18:38:38/17/rollout.png
i=0 pair=(0,1) lam_t=0.98000 lam_s=1.01600 tsr_diff=0.000000 integral_mean=0.000000 integral_std=0.000000 log_ratio=0.0000 accept=1.0000 swapped=True
i=0 pair=(2,3) lam_t=1.01960 lam_s=1.02000 tsr_diff=0.000000 integral_mean=0.000000 integral_std=0.000000 log_ratio=0.0000 accept=1.0000 swapped=True
i=0 pair=(1,0) lam_t=0.98000 lam_s=1.01600 tsr_diff=0.000000 integral_mean=0.000000 integral_std=0.000000 log_ratio=0.0000 accept=1.0000 swapped=True
i=0 pair=(3,2) lam_t=1.01960 lam_s=1.02000 tsr_diff=0.000000 integral_mean=0.000000 integral_std=0.000000 log_ratio=0.0000 accept=1.0000 swapped=True
i=1 pair=(1,2) lam_t=1.01600 lam_s=1.01960 tsr_diff=0.000038 integral_mean=0.000001 integral_std=0.000075 log_ratio=0.0000 accept=1.0000 swapped=True
i=1 pair=(2,1) lam_t=1.01600 lam_s=1.01960 tsr_diff=0.000038 integral_mean=-0.000002 integral_std=0.000077 log_ratio=-0.0051 accept=0.9949 swapped=True
i=2 pair=(0,1) lam_t=0.98000 lam_s=1.01600 tsr_diff=0.001521 integral_mean=0.000109 integral_std=0.002954 log_ratio=0.0000 accept=1.0000 swapped=True
i=2 pair=(2,3) lam_t=1.01960 lam_s=1.02000 tsr_diff=0.000017 integral_mean=-0.000001 integral_std=0.000034 log_ratio=-0.0023 accept=0.9977 swapped=True
i=2 pair=(1,0) lam_t=0.98000 lam_s=1.01600 tsr_diff=0.001521 integral_mean=-0.000139 integral_std=0.002993 log_ratio=-0.3326 accept=0.7171 swapped=True
i=2 pair=(3,2) lam_t=1.01960 lam_s=1.02000 tsr_diff=0.000017 integral_mean=-0.000000 integral_std=0.000034 log_ratio=-0.0005 accept=0.9995 swapped=True
i=3 pair=(1,2) lam_t=1.01600 lam_s=1.01960 tsr_diff=0.000335 integral_mean=0.000003 integral_std=0.000663 log_ratio=0.0000 accept=1.0000 swapped=True
i=3 pair=(2,1) lam_t=1.01600 lam_s=1.01960 tsr_diff=0.000335 integral_mean=-0.000011 integral_std=0.000686 log_ratio=-0.0275 accept=0.9729 swapped=True
i=4 pair=(0,1) lam_t=0.98000 lam_s=1.01600 tsr_diff=0.005829 integral_mean=-0.000113 integral_std=0.012361 log_ratio=-0.2716 accept=0.7622 swapped=True
i=4 pair=(2,3) lam_t=1.01960 lam_s=1.02000 tsr_diff=0.000064 integral_mean=-0.000006 integral_std=0.000139 log_ratio=-0.0153 accept=0.9848 swapped=True
i=4 pair=(1,0) lam_t=0.98000 lam_s=1.01600 tsr_diff=0.005829 integral_mean=0.000313 integral_std=0.011670 log_ratio=0.0000 accept=1.0000 swapped=True
i=4 pair=(3,2) lam_t=1.01960 lam_s=1.02000 tsr_diff=0.000064 integral_mean=0.000003 integral_std=0.000131 log_ratio=0.0000 accept=1.0000 swapped=True
i=5 pair=(1,2) lam_t=1.01600 lam_s=1.01960 tsr_diff=0.000873 integral_mean=0.000044 integral_std=0.001734 log_ratio=0.0000 accept=1.0000 swapped=True
i=5 pair=(2,1) lam_t=1.01600 lam_s=1.01960 tsr_diff=0.000873 integral_mean=-0.000046 integral_std=0.001731 log_ratio=-0.1098 accept=0.8960 swapped=True
i=6 pair=(0,1) lam_t=0.98000 lam_s=1.01600 tsr_diff=0.012203 integral_mean=-0.000954 integral_std=0.026594 log_ratio=-2.2901 accept=0.1013 swapped=False
i=6 pair=(2,3) lam_t=1.01960 lam_s=1.02000 tsr_diff=0.000134 integral_mean=-0.000013 integral_std=0.000281 log_ratio=-0.0321 accept=0.9684 swapped=True
i=6 pair=(0,1) lam_t=0.98000 lam_s=1.01600 tsr_diff=0.012203 integral_mean=0.000081 integral_std=0.026157 log_ratio=0.0000 accept=1.0000 swapped=True
i=6 pair=(3,2) lam_t=1.01960 lam_s=1.02000 tsr_diff=0.000134 integral_mean=0.000009 integral_std=0.000281 log_ratio=0.0000 accept=1.0000 swapped=True
i=7 pair=(0,2) lam_t=1.01600 lam_s=1.01960 tsr_diff=0.001557 integral_mean=0.000041 integral_std=0.003251 log_ratio=0.0000 accept=1.0000 swapped=True
i=7 pair=(2,0) lam_t=1.01600 lam_s=1.01960 tsr_diff=0.001557 integral_mean=0.000036 integral_std=0.003091 log_ratio=0.0000 accept=1.0000 swapped=True
i=8 pair=(1,0) lam_t=0.98000 lam_s=1.01600 tsr_diff=0.019574 integral_mean=0.000374 integral_std=0.041780 log_ratio=0.0000 accept=1.0000 swapped=True
i=8 pair=(2,3) lam_t=1.01960 lam_s=1.02000 tsr_diff=0.000212 integral_mean=-0.000020 integral_std=0.000456 log_ratio=-0.0481 accept=0.9531 swapped=True
i=8 pair=(0,1) lam_t=0.98000 lam_s=1.01600 tsr_diff=0.019574 integral_mean=-0.000625 integral_std=0.040822 log_ratio=-1.5011 accept=0.2229 swapped=False
i=8 pair=(3,2) lam_t=1.01960 lam_s=1.02000 tsr_diff=0.000212 integral_mean=0.000012 integral_std=0.000453 log_ratio=0.0000 accept=1.0000 swapped=True
i=9 pair=(1,2) lam_t=1.01600 lam_s=1.01960 tsr_diff=0.002266 integral_mean=0.000158 integral_std=0.005148 log_ratio=0.0000 accept=1.0000 swapped=True
i=9 pair=(2,1) lam_t=1.01600 lam_s=1.01960 tsr_diff=0.002266 integral_mean=-0.000178 integral_std=0.005184 log_ratio=-0.4282 accept=0.6517 swapped=True
i=10 pair=(0,1) lam_t=0.98000 lam_s=1.01600 tsr_diff=0.026699 integral_mean=-0.001376 integral_std=0.064032 log_ratio=-3.3030 accept=0.0368 swapped=False
i=10 pair=(2,3) lam_t=1.01960 lam_s=1.02000 tsr_diff=0.000287 integral_mean=-0.000006 integral_std=0.000714 log_ratio=-0.0133 accept=0.9868 swapped=True
i=10 pair=(0,1) lam_t=0.98000 lam_s=1.01600 tsr_diff=0.026699 integral_mean=-0.003393 integral_std=0.066088 log_ratio=-8.1424 accept=0.0003 swapped=False
i=10 pair=(3,2) lam_t=1.01960 lam_s=1.02000 tsr_diff=0.000287 integral_mean=0.000017 integral_std=0.000701 log_ratio=0.0000 accept=1.0000 swapped=True
i=11 pair=(1,2) lam_t=1.01600 lam_s=1.01960 tsr_diff=0.002883 integral_mean=0.000264 integral_std=0.008278 log_ratio=0.0000 accept=1.0000 swapped=True
i=11 pair=(2,1) lam_t=1.01600 lam_s=1.01960 tsr_diff=0.002883 integral_mean=-0.000245 integral_std=0.008114 log_ratio=-0.5879 accept=0.5555 swapped=True
i=12 pair=(0,1) lam_t=0.98000 lam_s=1.01600 tsr_diff=0.032371 integral_mean=-0.003674 integral_std=0.107089 log_ratio=-8.8187 accept=0.0001 swapped=False
i=12 pair=(2,3) lam_t=1.01960 lam_s=1.02000 tsr_diff=0.000346 integral_mean=-0.000016 integral_std=0.001090 log_ratio=-0.0389 accept=0.9618 swapped=True
i=12 pair=(0,1) lam_t=0.98000 lam_s=1.01600 tsr_diff=0.032371 integral_mean=-0.003555 integral_std=0.111493 log_ratio=-8.5313 accept=0.0002 swapped=False
i=12 pair=(3,2) lam_t=1.01960 lam_s=1.02000 tsr_diff=0.000346 integral_mean=0.000047 integral_std=0.001166 log_ratio=0.0000 accept=1.0000 swapped=True
i=13 pair=(1,2) lam_t=1.01600 lam_s=1.01960 tsr_diff=0.003308 integral_mean=0.001308 integral_std=0.013838 log_ratio=0.0000 accept=1.0000 swapped=True
i=13 pair=(2,1) lam_t=1.01600 lam_s=1.01960 tsr_diff=0.003308 integral_mean=-0.001557 integral_std=0.015159 log_ratio=-3.7357 accept=0.0239 swapped=False
i=14 pair=(0,2) lam_t=0.98000 lam_s=1.01600 tsr_diff=0.035624 integral_mean=-0.010658 integral_std=0.137162 log_ratio=-25.5783 accept=0.0000 swapped=False
i=14 pair=(1,3) lam_t=1.01960 lam_s=1.02000 tsr_diff=0.000379 integral_mean=0.000240 integral_std=0.004507 log_ratio=0.0000 accept=1.0000 swapped=True
i=14 pair=(0,2) lam_t=0.98000 lam_s=1.01600 tsr_diff=0.035624 integral_mean=-0.002162 integral_std=0.090647 log_ratio=-5.1890 accept=0.0056 swapped=False
i=14 pair=(3,1) lam_t=1.01960 lam_s=1.02000 tsr_diff=0.000379 integral_mean=0.000073 integral_std=0.003654 log_ratio=0.0000 accept=1.0000 swapped=True
Best Sample: 0 log probability -1.932
Saved 1 samples to: logs/pointmaze-giant-navigate-v0/inference/plans/release_H400_T256_LimitsNormalizer_b1_condFalse/2026-07-17 18:38:38/18/0.png
Saved 1 samples to: logs/pointmaze-giant-navigate-v0/inference/plans/release_H400_T256_LimitsNormalizer_b1_condFalse/2026-07-17 18:38:38/18/rollout.png
i=0 pair=(0,1) lam_t=0.98000 lam_s=1.01600 tsr_diff=0.000000 integral_mean=0.000000 integral_std=0.000000 log_ratio=0.0000 accept=1.0000 swapped=True
i=0 pair=(2,3) lam_t=1.01960 lam_s=1.02000 tsr_diff=0.000000 integral_mean=0.000000 integral_std=0.000000 log_ratio=0.0000 accept=1.0000 swapped=True
i=0 pair=(1,0) lam_t=0.98000 lam_s=1.01600 tsr_diff=0.000000 integral_mean=0.000000 integral_std=0.000000 log_ratio=0.0000 accept=1.0000 swapped=True
i=0 pair=(3,2) lam_t=1.01960 lam_s=1.02000 tsr_diff=0.000000 integral_mean=0.000000 integral_std=0.000000 log_ratio=0.0000 accept=1.0000 swapped=True
i=1 pair=(1,2) lam_t=1.01600 lam_s=1.01960 tsr_diff=0.000038 integral_mean=0.000000 integral_std=0.000083 log_ratio=0.0000 accept=1.0000 swapped=True
i=1 pair=(2,1) lam_t=1.01600 lam_s=1.01960 tsr_diff=0.000038 integral_mean=-0.000001 integral_std=0.000078 log_ratio=-0.0029 accept=0.9971 swapped=True
i=2 pair=(0,1) lam_t=0.98000 lam_s=1.01600 tsr_diff=0.001521 integral_mean=-0.000209 integral_std=0.003165 log_ratio=-0.5018 accept=0.6054 swapped=False
i=2 pair=(2,3) lam_t=1.01960 lam_s=1.02000 tsr_diff=0.000017 integral_mean=0.000000 integral_std=0.000034 log_ratio=0.0000 accept=1.0000 swapped=True
i=2 pair=(0,1) lam_t=0.98000 lam_s=1.01600 tsr_diff=0.001521 integral_mean=-0.000070 integral_std=0.003056 log_ratio=-0.1680 accept=0.8454 swapped=True
i=2 pair=(3,2) lam_t=1.01960 lam_s=1.02000 tsr_diff=0.000017 integral_mean=0.000001 integral_std=0.000033 log_ratio=0.0000 accept=1.0000 swapped=True
i=3 pair=(0,2) lam_t=1.01600 lam_s=1.01960 tsr_diff=0.000335 integral_mean=0.000001 integral_std=0.000675 log_ratio=0.0000 accept=1.0000 swapped=True
i=3 pair=(2,0) lam_t=1.01600 lam_s=1.01960 tsr_diff=0.000335 integral_mean=0.000004 integral_std=0.000699 log_ratio=0.0000 accept=1.0000 swapped=True
i=4 pair=(1,0) lam_t=0.98000 lam_s=1.01600 tsr_diff=0.005829 integral_mean=0.000070 integral_std=0.012622 log_ratio=0.0000 accept=1.0000 swapped=True
i=4 pair=(2,3) lam_t=1.01960 lam_s=1.02000 tsr_diff=0.000064 integral_mean=-0.000001 integral_std=0.000132 log_ratio=-0.0013 accept=0.9987 swapped=True
i=4 pair=(0,1) lam_t=0.98000 lam_s=1.01600 tsr_diff=0.005829 integral_mean=0.000044 integral_std=0.012413 log_ratio=0.0000 accept=1.0000 swapped=True
i=4 pair=(3,2) lam_t=1.01960 lam_s=1.02000 tsr_diff=0.000064 integral_mean=-0.000002 integral_std=0.000126 log_ratio=-0.0043 accept=0.9957 swapped=True
i=5 pair=(0,2) lam_t=1.01600 lam_s=1.01960 tsr_diff=0.000873 integral_mean=0.000071 integral_std=0.001809 log_ratio=0.0000 accept=1.0000 swapped=True
i=5 pair=(2,0) lam_t=1.01600 lam_s=1.01960 tsr_diff=0.000873 integral_mean=-0.000244 integral_std=0.002090 log_ratio=-0.5859 accept=0.5566 swapped=False
i=6 pair=(1,2) lam_t=0.98000 lam_s=1.01600 tsr_diff=0.012203 integral_mean=-0.001348 integral_std=0.025038 log_ratio=-3.2362 accept=0.0393 swapped=False
i=6 pair=(0,3) lam_t=1.01960 lam_s=1.02000 tsr_diff=0.000134 integral_mean=0.000025 integral_std=0.000311 log_ratio=0.0000 accept=1.0000 swapped=True
i=6 pair=(1,2) lam_t=0.98000 lam_s=1.01600 tsr_diff=0.012203 integral_mean=-0.001829 integral_std=0.026334 log_ratio=-4.3903 accept=0.0124 swapped=False
i=6 pair=(3,0) lam_t=1.01960 lam_s=1.02000 tsr_diff=0.000134 integral_mean=-0.000031 integral_std=0.000311 log_ratio=-0.0752 accept=0.9276 swapped=True
i=7 pair=(2,0) lam_t=1.01600 lam_s=1.01960 tsr_diff=0.001557 integral_mean=-0.000260 integral_std=0.003668 log_ratio=-0.6232 accept=0.5362 swapped=False
i=7 pair=(2,0) lam_t=1.01600 lam_s=1.01960 tsr_diff=0.001557 integral_mean=-0.000145 integral_std=0.003683 log_ratio=-0.3471 accept=0.7067 swapped=True
i=8 pair=(1,0) lam_t=0.98000 lam_s=1.01600 tsr_diff=0.019574 integral_mean=-0.006870 integral_std=0.049809 log_ratio=-16.4876 accept=0.0000 swapped=False
i=8 pair=(2,3) lam_t=1.01960 lam_s=1.02000 tsr_diff=0.000212 integral_mean=0.000011 integral_std=0.000425 log_ratio=0.0000 accept=1.0000 swapped=True
i=8 pair=(1,0) lam_t=0.98000 lam_s=1.01600 tsr_diff=0.019574 integral_mean=-0.007407 integral_std=0.049674 log_ratio=-17.7774 accept=0.0000 swapped=False
i=8 pair=(3,2) lam_t=1.01960 lam_s=1.02000 tsr_diff=0.000212 integral_mean=-0.000002 integral_std=0.000441 log_ratio=-0.0047 accept=0.9953 swapped=True
i=9 pair=(0,2) lam_t=1.01600 lam_s=1.01960 tsr_diff=0.002266 integral_mean=0.000582 integral_std=0.006538 log_ratio=0.0000 accept=1.0000 swapped=True
i=9 pair=(2,0) lam_t=1.01600 lam_s=1.01960 tsr_diff=0.002266 integral_mean=-0.000647 integral_std=0.005967 log_ratio=-1.5524 accept=0.2117 swapped=False
i=10 pair=(1,2) lam_t=0.98000 lam_s=1.01600 tsr_diff=0.026699 integral_mean=-0.001270 integral_std=0.063655 log_ratio=-3.0469 accept=0.0475 swapped=False
i=10 pair=(0,3) lam_t=1.01960 lam_s=1.02000 tsr_diff=0.000287 integral_mean=0.000074 integral_std=0.000801 log_ratio=0.0000 accept=1.0000 swapped=True
i=10 pair=(1,2) lam_t=0.98000 lam_s=1.01600 tsr_diff=0.026699 integral_mean=-0.001046 integral_std=0.062042 log_ratio=-2.5100 accept=0.0813 swapped=False
i=10 pair=(3,0) lam_t=1.01960 lam_s=1.02000 tsr_diff=0.000287 integral_mean=-0.000042 integral_std=0.000744 log_ratio=-0.1001 accept=0.9048 swapped=True
i=11 pair=(2,0) lam_t=1.01600 lam_s=1.01960 tsr_diff=0.002883 integral_mean=-0.000514 integral_std=0.008944 log_ratio=-1.2329 accept=0.2914 swapped=False
i=11 pair=(2,0) lam_t=1.01600 lam_s=1.01960 tsr_diff=0.002883 integral_mean=-0.000282 integral_std=0.010297 log_ratio=-0.6760 accept=0.5087 swapped=True
i=12 pair=(1,0) lam_t=0.98000 lam_s=1.01600 tsr_diff=0.032371 integral_mean=-0.019386 integral_std=0.138868 log_ratio=-46.5265 accept=0.0000 swapped=False
i=12 pair=(2,3) lam_t=1.01960 lam_s=1.02000 tsr_diff=0.000346 integral_mean=0.000052 integral_std=0.000946 log_ratio=0.0000 accept=1.0000 swapped=True
i=12 pair=(1,0) lam_t=0.98000 lam_s=1.01600 tsr_diff=0.032371 integral_mean=-0.022050 integral_std=0.146599 log_ratio=-52.9205 accept=0.0000 swapped=False
i=12 pair=(3,2) lam_t=1.01960 lam_s=1.02000 tsr_diff=0.000346 integral_mean=-0.000007 integral_std=0.000798 log_ratio=-0.0158 accept=0.9843 swapped=True
i=13 pair=(0,2) lam_t=1.01600 lam_s=1.01960 tsr_diff=0.003308 integral_mean=0.004344 integral_std=0.032263 log_ratio=0.0000 accept=1.0000 swapped=True
i=13 pair=(2,0) lam_t=1.01600 lam_s=1.01960 tsr_diff=0.003308 integral_mean=-0.002950 integral_std=0.023498 log_ratio=-7.0808 accept=0.0008 swapped=False
i=14 pair=(1,2) lam_t=0.98000 lam_s=1.01600 tsr_diff=0.035624 integral_mean=-0.013747 integral_std=0.248744 log_ratio=-32.9922 accept=0.0000 swapped=False
i=14 pair=(0,3) lam_t=1.01960 lam_s=1.02000 tsr_diff=0.000379 integral_mean=0.001174 integral_std=0.012975 log_ratio=0.0000 accept=1.0000 swapped=True
i=14 pair=(1,2) lam_t=0.98000 lam_s=1.01600 tsr_diff=0.035624 integral_mean=-0.003934 integral_std=0.199147 log_ratio=-9.4424 accept=0.0001 swapped=False
i=14 pair=(3,0) lam_t=1.01960 lam_s=1.02000 tsr_diff=0.000379 integral_mean=-0.000819 integral_std=0.007019 log_ratio=-1.9667 accept=0.1399 swapped=False
Best Sample: 3 log probability -0.523
Saved 1 samples to: logs/pointmaze-giant-navigate-v0/inference/plans/release_H400_T256_LimitsNormalizer_b1_condFalse/2026-07-17 18:38:38/19/0.png
Saved 1 samples to: logs/pointmaze-giant-navigate-v0/inference/plans/release_H400_T256_LimitsNormalizer_b1_condFalse/2026-07-17 18:38:38/19/rollout.png
i=0 pair=(0,1) lam_t=0.98000 lam_s=1.01600 tsr_diff=0.000000 integral_mean=0.000000 integral_std=0.000000 log_ratio=0.0000 accept=1.0000 swapped=True
i=0 pair=(2,3) lam_t=1.01960 lam_s=1.02000 tsr_diff=0.000000 integral_mean=0.000000 integral_std=0.000000 log_ratio=0.0000 accept=1.0000 swapped=True
i=0 pair=(1,0) lam_t=0.98000 lam_s=1.01600 tsr_diff=0.000000 integral_mean=0.000000 integral_std=0.000000 log_ratio=0.0000 accept=1.0000 swapped=True
i=0 pair=(3,2) lam_t=1.01960 lam_s=1.02000 tsr_diff=0.000000 integral_mean=0.000000 integral_std=0.000000 log_ratio=0.0000 accept=1.0000 swapped=True
i=1 pair=(1,2) lam_t=1.01600 lam_s=1.01960 tsr_diff=0.000038 integral_mean=0.000004 integral_std=0.000076 log_ratio=0.0000 accept=1.0000 swapped=True
i=1 pair=(2,1) lam_t=1.01600 lam_s=1.01960 tsr_diff=0.000038 integral_mean=-0.000002 integral_std=0.000077 log_ratio=-0.0045 accept=0.9955 swapped=True
i=2 pair=(0,1) lam_t=0.98000 lam_s=1.01600 tsr_diff=0.001521 integral_mean=-0.000126 integral_std=0.003090 log_ratio=-0.3033 accept=0.7384 swapped=True
i=2 pair=(2,3) lam_t=1.01960 lam_s=1.02000 tsr_diff=0.000017 integral_mean=-0.000001 integral_std=0.000034 log_ratio=-0.0028 accept=0.9972 swapped=True
i=2 pair=(1,0) lam_t=0.98000 lam_s=1.01600 tsr_diff=0.001521 integral_mean=-0.000032 integral_std=0.003618 log_ratio=-0.0760 accept=0.9269 swapped=True
i=2 pair=(3,2) lam_t=1.01960 lam_s=1.02000 tsr_diff=0.000017 integral_mean=0.000000 integral_std=0.000033 log_ratio=0.0000 accept=1.0000 swapped=True
i=3 pair=(1,2) lam_t=1.01600 lam_s=1.01960 tsr_diff=0.000335 integral_mean=0.000027 integral_std=0.000715 log_ratio=0.0000 accept=1.0000 swapped=True
i=3 pair=(2,1) lam_t=1.01600 lam_s=1.01960 tsr_diff=0.000335 integral_mean=-0.000008 integral_std=0.000686 log_ratio=-0.0185 accept=0.9816 swapped=True
i=4 pair=(0,1) lam_t=0.98000 lam_s=1.01600 tsr_diff=0.005829 integral_mean=-0.000243 integral_std=0.012006 log_ratio=-0.5821 accept=0.5587 swapped=False
i=4 pair=(2,3) lam_t=1.01960 lam_s=1.02000 tsr_diff=0.000064 integral_mean=0.000002 integral_std=0.000136 log_ratio=0.0000 accept=1.0000 swapped=True
i=4 pair=(0,1) lam_t=0.98000 lam_s=1.01600 tsr_diff=0.005829 integral_mean=0.000054 integral_std=0.012185 log_ratio=0.0000 accept=1.0000 swapped=True
i=4 pair=(3,2) lam_t=1.01960 lam_s=1.02000 tsr_diff=0.000064 integral_mean=0.000002 integral_std=0.000131 log_ratio=0.0000 accept=1.0000 swapped=True
i=5 pair=(0,2) lam_t=1.01600 lam_s=1.01960 tsr_diff=0.000873 integral_mean=0.000018 integral_std=0.001751 log_ratio=0.0000 accept=1.0000 swapped=True
i=5 pair=(2,0) lam_t=1.01600 lam_s=1.01960 tsr_diff=0.000873 integral_mean=-0.000041 integral_std=0.001803 log_ratio=-0.0980 accept=0.9066 swapped=True
i=6 pair=(1,0) lam_t=0.98000 lam_s=1.01600 tsr_diff=0.012203 integral_mean=-0.000534 integral_std=0.024323 log_ratio=-1.2812 accept=0.2777 swapped=False
i=6 pair=(2,3) lam_t=1.01960 lam_s=1.02000 tsr_diff=0.000134 integral_mean=-0.000016 integral_std=0.000281 log_ratio=-0.0390 accept=0.9618 swapped=True
i=6 pair=(1,0) lam_t=0.98000 lam_s=1.01600 tsr_diff=0.012203 integral_mean=-0.000301 integral_std=0.024677 log_ratio=-0.7212 accept=0.4862 swapped=True
i=6 pair=(3,2) lam_t=1.01960 lam_s=1.02000 tsr_diff=0.000134 integral_mean=0.000013 integral_std=0.000289 log_ratio=0.0000 accept=1.0000 swapped=True
i=7 pair=(1,2) lam_t=1.01600 lam_s=1.01960 tsr_diff=0.001557 integral_mean=0.000102 integral_std=0.003114 log_ratio=0.0000 accept=1.0000 swapped=True
i=7 pair=(2,1) lam_t=1.01600 lam_s=1.01960 tsr_diff=0.001557 integral_mean=-0.000056 integral_std=0.003231 log_ratio=-0.1348 accept=0.8739 swapped=True
i=8 pair=(0,1) lam_t=0.98000 lam_s=1.01600 tsr_diff=0.019574 integral_mean=-0.001927 integral_std=0.039266 log_ratio=-4.6238 accept=0.0098 swapped=False
i=8 pair=(2,3) lam_t=1.01960 lam_s=1.02000 tsr_diff=0.000212 integral_mean=-0.000037 integral_std=0.000499 log_ratio=-0.0886 accept=0.9152 swapped=True
i=8 pair=(0,1) lam_t=0.98000 lam_s=1.01600 tsr_diff=0.019574 integral_mean=-0.001326 integral_std=0.038866 log_ratio=-3.1824 accept=0.0415 swapped=False
i=8 pair=(3,2) lam_t=1.01960 lam_s=1.02000 tsr_diff=0.000212 integral_mean=0.000012 integral_std=0.000485 log_ratio=0.0000 accept=1.0000 swapped=True
i=9 pair=(1,2) lam_t=1.01600 lam_s=1.01960 tsr_diff=0.002266 integral_mean=0.000192 integral_std=0.004501 log_ratio=0.0000 accept=1.0000 swapped=True
i=9 pair=(2,1) lam_t=1.01600 lam_s=1.01960 tsr_diff=0.002266 integral_mean=-0.000145 integral_std=0.004731 log_ratio=-0.3476 accept=0.7064 swapped=True
i=10 pair=(0,1) lam_t=0.98000 lam_s=1.01600 tsr_diff=0.026699 integral_mean=-0.002616 integral_std=0.054532 log_ratio=-6.2790 accept=0.0019 swapped=False
i=10 pair=(2,3) lam_t=1.01960 lam_s=1.02000 tsr_diff=0.000287 integral_mean=-0.000047 integral_std=0.000747 log_ratio=-0.1126 accept=0.8935 swapped=True
i=10 pair=(0,1) lam_t=0.98000 lam_s=1.01600 tsr_diff=0.026699 integral_mean=-0.002087 integral_std=0.055137 log_ratio=-5.0099 accept=0.0067 swapped=False
i=10 pair=(3,2) lam_t=1.01960 lam_s=1.02000 tsr_diff=0.000287 integral_mean=0.000026 integral_std=0.000725 log_ratio=0.0000 accept=1.0000 swapped=True
i=11 pair=(1,2) lam_t=1.01600 lam_s=1.01960 tsr_diff=0.002883 integral_mean=0.000241 integral_std=0.006292 log_ratio=0.0000 accept=1.0000 swapped=True
i=11 pair=(2,1) lam_t=1.01600 lam_s=1.01960 tsr_diff=0.002883 integral_mean=-0.000271 integral_std=0.006273 log_ratio=-0.6509 accept=0.5216 swapped=True
i=12 pair=(0,1) lam_t=0.98000 lam_s=1.01600 tsr_diff=0.032371 integral_mean=-0.004538 integral_std=0.075651 log_ratio=-10.8914 accept=0.0000 swapped=False
i=12 pair=(2,3) lam_t=1.01960 lam_s=1.02000 tsr_diff=0.000346 integral_mean=-0.000113 integral_std=0.001409 log_ratio=-0.2701 accept=0.7633 swapped=True
i=12 pair=(0,1) lam_t=0.98000 lam_s=1.01600 tsr_diff=0.032371 integral_mean=-0.002881 integral_std=0.067346 log_ratio=-6.9144 accept=0.0010 swapped=False
i=12 pair=(3,2) lam_t=1.01960 lam_s=1.02000 tsr_diff=0.000346 integral_mean=0.000128 integral_std=0.001293 log_ratio=0.0000 accept=1.0000 swapped=True
i=13 pair=(1,2) lam_t=1.01600 lam_s=1.01960 tsr_diff=0.003308 integral_mean=0.000715 integral_std=0.009292 log_ratio=0.0000 accept=1.0000 swapped=True
i=13 pair=(2,1) lam_t=1.01600 lam_s=1.01960 tsr_diff=0.003308 integral_mean=-0.000328 integral_std=0.007261 log_ratio=-0.7863 accept=0.4555 swapped=False
i=14 pair=(0,2) lam_t=0.98000 lam_s=1.01600 tsr_diff=0.035624 integral_mean=-0.003273 integral_std=0.083990 log_ratio=-7.8559 accept=0.0004 swapped=False
i=14 pair=(1,3) lam_t=1.01960 lam_s=1.02000 tsr_diff=0.000379 integral_mean=-0.000343 integral_std=0.004504 log_ratio=-0.8221 accept=0.4395 swapped=False
i=14 pair=(0,2) lam_t=0.98000 lam_s=1.01600 tsr_diff=0.035624 integral_mean=0.000761 integral_std=0.086203 log_ratio=0.0000 accept=1.0000 swapped=True
i=14 pair=(1,3) lam_t=1.01960 lam_s=1.02000 tsr_diff=0.000379 integral_mean=-0.000624 integral_std=0.004843 log_ratio=-1.4966 accept=0.2239 swapped=False
Best Sample: 0 log probability 0.000
Saved 1 samples to: logs/pointmaze-giant-navigate-v0/inference/plans/release_H400_T256_LimitsNormalizer_b1_condFalse/2026-07-17 18:38:38/20/0.png
Saved 1 samples to: logs/pointmaze-giant-navigate-v0/inference/plans/release_H400_T256_LimitsNormalizer_b1_condFalse/2026-07-17 18:38:38/20/rollout.png
i=0 pair=(0,1) lam_t=0.98000 lam_s=1.01600 tsr_diff=0.000000 integral_mean=0.000000 integral_std=0.000000 log_ratio=0.0000 accept=1.0000 swapped=True
i=0 pair=(2,3) lam_t=1.01960 lam_s=1.02000 tsr_diff=0.000000 integral_mean=0.000000 integral_std=0.000000 log_ratio=0.0000 accept=1.0000 swapped=True
i=0 pair=(1,0) lam_t=0.98000 lam_s=1.01600 tsr_diff=0.000000 integral_mean=0.000000 integral_std=0.000000 log_ratio=0.0000 accept=1.0000 swapped=True
i=0 pair=(3,2) lam_t=1.01960 lam_s=1.02000 tsr_diff=0.000000 integral_mean=0.000000 integral_std=0.000000 log_ratio=0.0000 accept=1.0000 swapped=True
i=1 pair=(1,2) lam_t=1.01600 lam_s=1.01960 tsr_diff=0.000038 integral_mean=-0.000000 integral_std=0.000081 log_ratio=-0.0004 accept=0.9996 swapped=True
i=1 pair=(2,1) lam_t=1.01600 lam_s=1.01960 tsr_diff=0.000038 integral_mean=-0.000002 integral_std=0.000076 log_ratio=-0.0042 accept=0.9958 swapped=True
i=2 pair=(0,1) lam_t=0.98000 lam_s=1.01600 tsr_diff=0.001521 integral_mean=0.000015 integral_std=0.003105 log_ratio=0.0000 accept=1.0000 swapped=True
i=2 pair=(2,3) lam_t=1.01960 lam_s=1.02000 tsr_diff=0.000017 integral_mean=-0.000002 integral_std=0.000033 log_ratio=-0.0037 accept=0.9963 swapped=True
i=2 pair=(1,0) lam_t=0.98000 lam_s=1.01600 tsr_diff=0.001521 integral_mean=0.000100 integral_std=0.003020 log_ratio=0.0000 accept=1.0000 swapped=True
i=2 pair=(3,2) lam_t=1.01960 lam_s=1.02000 tsr_diff=0.000017 integral_mean=-0.000007 integral_std=0.000043 log_ratio=-0.0163 accept=0.9839 swapped=True
i=3 pair=(1,2) lam_t=1.01600 lam_s=1.01960 tsr_diff=0.000335 integral_mean=-0.000031 integral_std=0.000791 log_ratio=-0.0734 accept=0.9292 swapped=True
i=3 pair=(2,1) lam_t=1.01600 lam_s=1.01960 tsr_diff=0.000335 integral_mean=0.000016 integral_std=0.000716 log_ratio=0.0000 accept=1.0000 swapped=True
i=4 pair=(0,1) lam_t=0.98000 lam_s=1.01600 tsr_diff=0.005829 integral_mean=0.001636 integral_std=0.014867 log_ratio=0.0000 accept=1.0000 swapped=True
i=4 pair=(2,3) lam_t=1.01960 lam_s=1.02000 tsr_diff=0.000064 integral_mean=-0.000004 integral_std=0.000140 log_ratio=-0.0108 accept=0.9893 swapped=True
i=4 pair=(1,0) lam_t=0.98000 lam_s=1.01600 tsr_diff=0.005829 integral_mean=-0.000839 integral_std=0.013360 log_ratio=-2.0146 accept=0.1334 swapped=False
i=4 pair=(3,2) lam_t=1.01960 lam_s=1.02000 tsr_diff=0.000064 integral_mean=0.000003 integral_std=0.000134 log_ratio=0.0000 accept=1.0000 swapped=True
i=5 pair=(0,2) lam_t=1.01600 lam_s=1.01960 tsr_diff=0.000873 integral_mean=0.000028 integral_std=0.002012 log_ratio=0.0000 accept=1.0000 swapped=True
i=5 pair=(2,0) lam_t=1.01600 lam_s=1.01960 tsr_diff=0.000873 integral_mean=0.000019 integral_std=0.001992 log_ratio=0.0000 accept=1.0000 swapped=True
i=6 pair=(1,0) lam_t=0.98000 lam_s=1.01600 tsr_diff=0.012203 integral_mean=-0.000413 integral_std=0.026756 log_ratio=-0.9907 accept=0.3713 swapped=True
i=6 pair=(2,3) lam_t=1.01960 lam_s=1.02000 tsr_diff=0.000134 integral_mean=-0.000004 integral_std=0.000275 log_ratio=-0.0086 accept=0.9914 swapped=True
i=6 pair=(0,1) lam_t=0.98000 lam_s=1.01600 tsr_diff=0.012203 integral_mean=0.000551 integral_std=0.027482 log_ratio=0.0000 accept=1.0000 swapped=True
i=6 pair=(3,2) lam_t=1.01960 lam_s=1.02000 tsr_diff=0.000134 integral_mean=-0.000001 integral_std=0.000277 log_ratio=-0.0015 accept=0.9985 swapped=True
i=7 pair=(0,2) lam_t=1.01600 lam_s=1.01960 tsr_diff=0.001557 integral_mean=-0.000017 integral_std=0.003721 log_ratio=-0.0418 accept=0.9590 swapped=True
i=7 pair=(2,0) lam_t=1.01600 lam_s=1.01960 tsr_diff=0.001557 integral_mean=0.000093 integral_std=0.003638 log_ratio=0.0000 accept=1.0000 swapped=True
i=8 pair=(1,0) lam_t=0.98000 lam_s=1.01600 tsr_diff=0.019574 integral_mean=-0.003185 integral_std=0.049668 log_ratio=-7.6431 accept=0.0005 swapped=False
i=8 pair=(2,3) lam_t=1.01960 lam_s=1.02000 tsr_diff=0.000212 integral_mean=0.000022 integral_std=0.000492 log_ratio=0.0000 accept=1.0000 swapped=True
i=8 pair=(1,0) lam_t=0.98000 lam_s=1.01600 tsr_diff=0.019574 integral_mean=-0.001993 integral_std=0.048588 log_ratio=-4.7835 accept=0.0084 swapped=False
i=8 pair=(3,2) lam_t=1.01960 lam_s=1.02000 tsr_diff=0.000212 integral_mean=-0.000020 integral_std=0.000493 log_ratio=-0.0480 accept=0.9531 swapped=True
i=9 pair=(0,2) lam_t=1.01600 lam_s=1.01960 tsr_diff=0.002266 integral_mean=0.000066 integral_std=0.007260 log_ratio=0.0000 accept=1.0000 swapped=True
i=9 pair=(2,0) lam_t=1.01600 lam_s=1.01960 tsr_diff=0.002266 integral_mean=-0.000376 integral_std=0.007790 log_ratio=-0.9028 accept=0.4054 swapped=False
i=10 pair=(1,2) lam_t=0.98000 lam_s=1.01600 tsr_diff=0.026699 integral_mean=0.000669 integral_std=0.071651 log_ratio=0.0000 accept=1.0000 swapped=True
i=10 pair=(0,3) lam_t=1.01960 lam_s=1.02000 tsr_diff=0.000287 integral_mean=0.000063 integral_std=0.000750 log_ratio=0.0000 accept=1.0000 swapped=True
i=10 pair=(2,1) lam_t=0.98000 lam_s=1.01600 tsr_diff=0.026699 integral_mean=-0.002744 integral_std=0.067945 log_ratio=-6.5850 accept=0.0014 swapped=False
i=10 pair=(3,0) lam_t=1.01960 lam_s=1.02000 tsr_diff=0.000287 integral_mean=-0.000034 integral_std=0.000703 log_ratio=-0.0816 accept=0.9217 swapped=True
i=11 pair=(1,0) lam_t=1.01600 lam_s=1.01960 tsr_diff=0.002883 integral_mean=0.000707 integral_std=0.010368 log_ratio=0.0000 accept=1.0000 swapped=True
i=11 pair=(0,1) lam_t=1.01600 lam_s=1.01960 tsr_diff=0.002883 integral_mean=-0.000831 integral_std=0.011647 log_ratio=-1.9947 accept=0.1361 swapped=False
i=12 pair=(2,0) lam_t=0.98000 lam_s=1.01600 tsr_diff=0.032371 integral_mean=-0.009222 integral_std=0.178234 log_ratio=-22.1328 accept=0.0000 swapped=False
i=12 pair=(1,3) lam_t=1.01960 lam_s=1.02000 tsr_diff=0.000346 integral_mean=0.000188 integral_std=0.001289 log_ratio=0.0000 accept=1.0000 swapped=True
i=12 pair=(2,0) lam_t=0.98000 lam_s=1.01600 tsr_diff=0.032371 integral_mean=0.003617 integral_std=0.221913 log_ratio=0.0000 accept=1.0000 swapped=True
i=12 pair=(3,1) lam_t=1.01960 lam_s=1.02000 tsr_diff=0.000346 integral_mean=-0.000077 integral_std=0.001144 log_ratio=-0.1844 accept=0.8316 swapped=True
i=13 pair=(2,1) lam_t=1.01600 lam_s=1.01960 tsr_diff=0.003308 integral_mean=0.001143 integral_std=0.023464 log_ratio=0.0000 accept=1.0000 swapped=True
i=13 pair=(1,2) lam_t=1.01600 lam_s=1.01960 tsr_diff=0.003308 integral_mean=-0.000311 integral_std=0.016402 log_ratio=-0.7474 accept=0.4736 swapped=True
i=14 pair=(0,2) lam_t=0.98000 lam_s=1.01600 tsr_diff=0.035624 integral_mean=-0.082140 integral_std=0.526021 log_ratio=-197.1364 accept=0.0000 swapped=False
i=14 pair=(1,3) lam_t=1.01960 lam_s=1.02000 tsr_diff=0.000379 integral_mean=0.001127 integral_std=0.010913 log_ratio=0.0000 accept=1.0000 swapped=True
i=14 pair=(0,2) lam_t=0.98000 lam_s=1.01600 tsr_diff=0.035624 integral_mean=-0.027010 integral_std=0.401590 log_ratio=-64.8251 accept=0.0000 swapped=False
i=14 pair=(3,1) lam_t=1.01960 lam_s=1.02000 tsr_diff=0.000379 integral_mean=-0.002443 integral_std=0.010963 log_ratio=-5.8641 accept=0.0028 swapped=False
Best Sample: 3 log probability -10.238
Saved 1 samples to: logs/pointmaze-giant-navigate-v0/inference/plans/release_H400_T256_LimitsNormalizer_b1_condFalse/2026-07-17 18:38:38/21/0.png
Saved 1 samples to: logs/pointmaze-giant-navigate-v0/inference/plans/release_H400_T256_LimitsNormalizer_b1_condFalse/2026-07-17 18:38:38/21/rollout.png
i=0 pair=(0,1) lam_t=0.98000 lam_s=1.01600 tsr_diff=0.000000 integral_mean=0.000000 integral_std=0.000000 log_ratio=0.0000 accept=1.0000 swapped=True
i=0 pair=(2,3) lam_t=1.01960 lam_s=1.02000 tsr_diff=0.000000 integral_mean=0.000000 integral_std=0.000000 log_ratio=0.0000 accept=1.0000 swapped=True
i=0 pair=(1,0) lam_t=0.98000 lam_s=1.01600 tsr_diff=0.000000 integral_mean=0.000000 integral_std=0.000000 log_ratio=0.0000 accept=1.0000 swapped=True
i=0 pair=(3,2) lam_t=1.01960 lam_s=1.02000 tsr_diff=0.000000 integral_mean=0.000000 integral_std=0.000000 log_ratio=0.0000 accept=1.0000 swapped=True
i=1 pair=(1,2) lam_t=1.01600 lam_s=1.01960 tsr_diff=0.000038 integral_mean=0.000000 integral_std=0.000075 log_ratio=0.0000 accept=1.0000 swapped=True
i=1 pair=(2,1) lam_t=1.01600 lam_s=1.01960 tsr_diff=0.000038 integral_mean=0.000002 integral_std=0.000081 log_ratio=0.0000 accept=1.0000 swapped=True
i=2 pair=(0,1) lam_t=0.98000 lam_s=1.01600 tsr_diff=0.001521 integral_mean=-0.000348 integral_std=0.003706 log_ratio=-0.8357 accept=0.4336 swapped=False
i=2 pair=(2,3) lam_t=1.01960 lam_s=1.02000 tsr_diff=0.000017 integral_mean=-0.000000 integral_std=0.000036 log_ratio=-0.0000 accept=1.0000 swapped=True
i=2 pair=(0,1) lam_t=0.98000 lam_s=1.01600 tsr_diff=0.001521 integral_mean=0.000079 integral_std=0.003215 log_ratio=0.0000 accept=1.0000 swapped=True
i=2 pair=(3,2) lam_t=1.01960 lam_s=1.02000 tsr_diff=0.000017 integral_mean=-0.000001 integral_std=0.000034 log_ratio=-0.0014 accept=0.9986 swapped=True
i=3 pair=(0,2) lam_t=1.01600 lam_s=1.01960 tsr_diff=0.000335 integral_mean=0.000282 integral_std=0.000965 log_ratio=0.0000 accept=1.0000 swapped=True
i=3 pair=(2,0) lam_t=1.01600 lam_s=1.01960 tsr_diff=0.000335 integral_mean=-0.000099 integral_std=0.000808 log_ratio=-0.2375 accept=0.7886 swapped=True
i=4 pair=(1,0) lam_t=0.98000 lam_s=1.01600 tsr_diff=0.005829 integral_mean=-0.001376 integral_std=0.014817 log_ratio=-3.3017 accept=0.0368 swapped=False
i=4 pair=(2,3) lam_t=1.01960 lam_s=1.02000 tsr_diff=0.000064 integral_mean=0.000002 integral_std=0.000134 log_ratio=0.0000 accept=1.0000 swapped=True
i=4 pair=(1,0) lam_t=0.98000 lam_s=1.01600 tsr_diff=0.005829 integral_mean=-0.000477 integral_std=0.012810 log_ratio=-1.1445 accept=0.3184 swapped=False
i=4 pair=(3,2) lam_t=1.01960 lam_s=1.02000 tsr_diff=0.000064 integral_mean=-0.000012 integral_std=0.000146 log_ratio=-0.0283 accept=0.9721 swapped=True
i=5 pair=(0,2) lam_t=1.01600 lam_s=1.01960 tsr_diff=0.000873 integral_mean=-0.000177 integral_std=0.001843 log_ratio=-0.4251 accept=0.6537 swapped=True
i=5 pair=(2,0) lam_t=1.01600 lam_s=1.01960 tsr_diff=0.000873 integral_mean=0.000084 integral_std=0.001817 log_ratio=0.0000 accept=1.0000 swapped=True
i=6 pair=(1,0) lam_t=0.98000 lam_s=1.01600 tsr_diff=0.012203 integral_mean=-0.000639 integral_std=0.027808 log_ratio=-1.5329 accept=0.2159 swapped=False
i=6 pair=(2,3) lam_t=1.01960 lam_s=1.02000 tsr_diff=0.000134 integral_mean=0.000144 integral_std=0.000530 log_ratio=0.0000 accept=1.0000 swapped=True
i=6 pair=(1,0) lam_t=0.98000 lam_s=1.01600 tsr_diff=0.012203 integral_mean=0.000122 integral_std=0.028796 log_ratio=0.0000 accept=1.0000 swapped=True
i=6 pair=(3,2) lam_t=1.01960 lam_s=1.02000 tsr_diff=0.000134 integral_mean=-0.000077 integral_std=0.000374 log_ratio=-0.1838 accept=0.8321 swapped=True
i=7 pair=(1,2) lam_t=1.01600 lam_s=1.01960 tsr_diff=0.001557 integral_mean=0.000162 integral_std=0.005005 log_ratio=0.0000 accept=1.0000 swapped=True
i=7 pair=(2,1) lam_t=1.01600 lam_s=1.01960 tsr_diff=0.001557 integral_mean=-0.000392 integral_std=0.004844 log_ratio=-0.9398 accept=0.3907 swapped=False
i=8 pair=(0,2) lam_t=0.98000 lam_s=1.01600 tsr_diff=0.019574 integral_mean=-0.006368 integral_std=0.052497 log_ratio=-15.2839 accept=0.0000 swapped=False
i=8 pair=(1,3) lam_t=1.01960 lam_s=1.02000 tsr_diff=0.000212 integral_mean=0.000102 integral_std=0.000622 log_ratio=0.0000 accept=1.0000 swapped=True
i=8 pair=(0,2) lam_t=0.98000 lam_s=1.01600 tsr_diff=0.019574 integral_mean=-0.003615 integral_std=0.047042 log_ratio=-8.6755 accept=0.0002 swapped=False
i=8 pair=(3,1) lam_t=1.01960 lam_s=1.02000 tsr_diff=0.000212 integral_mean=-0.000058 integral_std=0.000530 log_ratio=-0.1404 accept=0.8690 swapped=True
i=9 pair=(2,1) lam_t=1.01600 lam_s=1.01960 tsr_diff=0.002266 integral_mean=-0.000720 integral_std=0.006696 log_ratio=-1.7283 accept=0.1776 swapped=True
i=9 pair=(1,2) lam_t=1.01600 lam_s=1.01960 tsr_diff=0.002266 integral_mean=0.000456 integral_std=0.006394 log_ratio=0.0000 accept=1.0000 swapped=True
i=10 pair=(0,2) lam_t=0.98000 lam_s=1.01600 tsr_diff=0.026699 integral_mean=0.006711 integral_std=0.079014 log_ratio=0.0000 accept=1.0000 swapped=True
i=10 pair=(1,3) lam_t=1.01960 lam_s=1.02000 tsr_diff=0.000287 integral_mean=0.000081 integral_std=0.000753 log_ratio=0.0000 accept=1.0000 swapped=True
i=10 pair=(2,0) lam_t=0.98000 lam_s=1.01600 tsr_diff=0.026699 integral_mean=-0.003237 integral_std=0.073116 log_ratio=-7.7680 accept=0.0004 swapped=False
i=10 pair=(3,1) lam_t=1.01960 lam_s=1.02000 tsr_diff=0.000287 integral_mean=-0.000067 integral_std=0.000832 log_ratio=-0.1616 accept=0.8508 swapped=True
i=11 pair=(0,1) lam_t=1.01600 lam_s=1.01960 tsr_diff=0.002883 integral_mean=0.000352 integral_std=0.011993 log_ratio=0.0000 accept=1.0000 swapped=True
i=11 pair=(1,0) lam_t=1.01600 lam_s=1.01960 tsr_diff=0.002883 integral_mean=-0.000671 integral_std=0.010341 log_ratio=-1.6105 accept=0.1998 swapped=False
i=12 pair=(2,1) lam_t=0.98000 lam_s=1.01600 tsr_diff=0.032371 integral_mean=-0.009132 integral_std=0.117359 log_ratio=-21.9171 accept=0.0000 swapped=False
i=12 pair=(0,3) lam_t=1.01960 lam_s=1.02000 tsr_diff=0.000346 integral_mean=0.000148 integral_std=0.001402 log_ratio=0.0000 accept=1.0000 swapped=True
i=12 pair=(2,1) lam_t=0.98000 lam_s=1.01600 tsr_diff=0.032371 integral_mean=-0.047548 integral_std=0.241262 log_ratio=-114.1146 accept=0.0000 swapped=False
i=12 pair=(3,0) lam_t=1.01960 lam_s=1.02000 tsr_diff=0.000346 integral_mean=-0.000100 integral_std=0.001400 log_ratio=-0.2403 accept=0.7864 swapped=True
i=13 pair=(1,0) lam_t=1.01600 lam_s=1.01960 tsr_diff=0.003308 integral_mean=0.006718 integral_std=0.035847 log_ratio=0.0000 accept=1.0000 swapped=True
i=13 pair=(0,1) lam_t=1.01600 lam_s=1.01960 tsr_diff=0.003308 integral_mean=-0.003597 integral_std=0.025459 log_ratio=-8.6319 accept=0.0002 swapped=False
i=14 pair=(2,0) lam_t=0.98000 lam_s=1.01600 tsr_diff=0.035624 integral_mean=-0.014993 integral_std=0.535036 log_ratio=-35.9834 accept=0.0000 swapped=False
i=14 pair=(1,3) lam_t=1.01960 lam_s=1.02000 tsr_diff=0.000379 integral_mean=0.000303 integral_std=0.004331 log_ratio=0.0000 accept=1.0000 swapped=True
i=14 pair=(2,0) lam_t=0.98000 lam_s=1.01600 tsr_diff=0.035624 integral_mean=-0.007360 integral_std=0.416675 log_ratio=-17.6629 accept=0.0000 swapped=False
i=14 pair=(3,1) lam_t=1.01960 lam_s=1.02000 tsr_diff=0.000379 integral_mean=-0.000387 integral_std=0.004011 log_ratio=-0.9278 accept=0.3954 swapped=False
Best Sample: 3 log probability -2.383
Saved 1 samples to: logs/pointmaze-giant-navigate-v0/inference/plans/release_H400_T256_LimitsNormalizer_b1_condFalse/2026-07-17 18:38:38/22/0.png
Saved 1 samples to: logs/pointmaze-giant-navigate-v0/inference/plans/release_H400_T256_LimitsNormalizer_b1_condFalse/2026-07-17 18:38:38/22/rollout.png
i=0 pair=(0,1) lam_t=0.98000 lam_s=1.01600 tsr_diff=0.000000 integral_mean=0.000000 integral_std=0.000000 log_ratio=0.0000 accept=1.0000 swapped=True
i=0 pair=(2,3) lam_t=1.01960 lam_s=1.02000 tsr_diff=0.000000 integral_mean=0.000000 integral_std=0.000000 log_ratio=0.0000 accept=1.0000 swapped=True
i=0 pair=(1,0) lam_t=0.98000 lam_s=1.01600 tsr_diff=0.000000 integral_mean=0.000000 integral_std=0.000000 log_ratio=0.0000 accept=1.0000 swapped=True
i=0 pair=(3,2) lam_t=1.01960 lam_s=1.02000 tsr_diff=0.000000 integral_mean=0.000000 integral_std=0.000000 log_ratio=0.0000 accept=1.0000 swapped=True
i=1 pair=(1,2) lam_t=1.01600 lam_s=1.01960 tsr_diff=0.000038 integral_mean=-0.000001 integral_std=0.000073 log_ratio=-0.0035 accept=0.9965 swapped=True
i=1 pair=(2,1) lam_t=1.01600 lam_s=1.01960 tsr_diff=0.000038 integral_mean=0.000002 integral_std=0.000074 log_ratio=0.0000 accept=1.0000 swapped=True
i=2 pair=(0,1) lam_t=0.98000 lam_s=1.01600 tsr_diff=0.001521 integral_mean=-0.000002 integral_std=0.003153 log_ratio=-0.0046 accept=0.9954 swapped=True
i=2 pair=(2,3) lam_t=1.01960 lam_s=1.02000 tsr_diff=0.000017 integral_mean=-0.000001 integral_std=0.000034 log_ratio=-0.0028 accept=0.9972 swapped=True
i=2 pair=(1,0) lam_t=0.98000 lam_s=1.01600 tsr_diff=0.001521 integral_mean=-0.000056 integral_std=0.003019 log_ratio=-0.1348 accept=0.8739 swapped=True
i=2 pair=(3,2) lam_t=1.01960 lam_s=1.02000 tsr_diff=0.000017 integral_mean=0.000001 integral_std=0.000034 log_ratio=0.0000 accept=1.0000 swapped=True
i=3 pair=(1,2) lam_t=1.01600 lam_s=1.01960 tsr_diff=0.000335 integral_mean=-0.000018 integral_std=0.000691 log_ratio=-0.0433 accept=0.9576 swapped=True
i=3 pair=(2,1) lam_t=1.01600 lam_s=1.01960 tsr_diff=0.000335 integral_mean=-0.000008 integral_std=0.000681 log_ratio=-0.0196 accept=0.9806 swapped=True
i=4 pair=(0,1) lam_t=0.98000 lam_s=1.01600 tsr_diff=0.005829 integral_mean=0.000446 integral_std=0.012736 log_ratio=0.0000 accept=1.0000 swapped=True
i=4 pair=(2,3) lam_t=1.01960 lam_s=1.02000 tsr_diff=0.000064 integral_mean=-0.000008 integral_std=0.000146 log_ratio=-0.0199 accept=0.9803 swapped=True
i=4 pair=(1,0) lam_t=0.98000 lam_s=1.01600 tsr_diff=0.005829 integral_mean=-0.000168 integral_std=0.012649 log_ratio=-0.4028 accept=0.6684 swapped=False
i=4 pair=(3,2) lam_t=1.01960 lam_s=1.02000 tsr_diff=0.000064 integral_mean=-0.000001 integral_std=0.000134 log_ratio=-0.0015 accept=0.9985 swapped=True
i=5 pair=(0,2) lam_t=1.01600 lam_s=1.01960 tsr_diff=0.000873 integral_mean=-0.000167 integral_std=0.001986 log_ratio=-0.4016 accept=0.6692 swapped=True
i=5 pair=(2,0) lam_t=1.01600 lam_s=1.01960 tsr_diff=0.000873 integral_mean=0.000092 integral_std=0.001869 log_ratio=0.0000 accept=1.0000 swapped=True
i=6 pair=(1,0) lam_t=0.98000 lam_s=1.01600 tsr_diff=0.012203 integral_mean=0.000220 integral_std=0.026980 log_ratio=0.0000 accept=1.0000 swapped=True
i=6 pair=(2,3) lam_t=1.01960 lam_s=1.02000 tsr_diff=0.000134 integral_mean=0.000003 integral_std=0.000286 log_ratio=0.0000 accept=1.0000 swapped=True
i=6 pair=(0,1) lam_t=0.98000 lam_s=1.01600 tsr_diff=0.012203 integral_mean=-0.000590 integral_std=0.025325 log_ratio=-1.4162 accept=0.2426 swapped=True
i=6 pair=(3,2) lam_t=1.01960 lam_s=1.02000 tsr_diff=0.000134 integral_mean=-0.000018 integral_std=0.000303 log_ratio=-0.0433 accept=0.9576 swapped=True
i=7 pair=(0,2) lam_t=1.01600 lam_s=1.01960 tsr_diff=0.001557 integral_mean=-0.000208 integral_std=0.003289 log_ratio=-0.4995 accept=0.6068 swapped=True
i=7 pair=(2,0) lam_t=1.01600 lam_s=1.01960 tsr_diff=0.001557 integral_mean=0.000148 integral_std=0.003198 log_ratio=0.0000 accept=1.0000 swapped=True
i=8 pair=(1,0) lam_t=0.98000 lam_s=1.01600 tsr_diff=0.019574 integral_mean=0.001640 integral_std=0.043120 log_ratio=0.0000 accept=1.0000 swapped=True
i=8 pair=(2,3) lam_t=1.01960 lam_s=1.02000 tsr_diff=0.000212 integral_mean=0.000006 integral_std=0.000440 log_ratio=0.0000 accept=1.0000 swapped=True
i=8 pair=(0,1) lam_t=0.98000 lam_s=1.01600 tsr_diff=0.019574 integral_mean=-0.002729 integral_std=0.039524 log_ratio=-6.5506 accept=0.0014 swapped=False
i=8 pair=(3,2) lam_t=1.01960 lam_s=1.02000 tsr_diff=0.000212 integral_mean=-0.000003 integral_std=0.000443 log_ratio=-0.0083 accept=0.9918 swapped=True
i=9 pair=(1,2) lam_t=1.01600 lam_s=1.01960 tsr_diff=0.002266 integral_mean=-0.000003 integral_std=0.005363 log_ratio=-0.0080 accept=0.9920 swapped=True
i=9 pair=(2,1) lam_t=1.01600 lam_s=1.01960 tsr_diff=0.002266 integral_mean=0.000012 integral_std=0.005472 log_ratio=0.0000 accept=1.0000 swapped=True
i=10 pair=(0,1) lam_t=0.98000 lam_s=1.01600 tsr_diff=0.026699 integral_mean=-0.003957 integral_std=0.064621 log_ratio=-9.4975 accept=0.0001 swapped=False
i=10 pair=(2,3) lam_t=1.01960 lam_s=1.02000 tsr_diff=0.000287 integral_mean=0.000011 integral_std=0.000640 log_ratio=0.0000 accept=1.0000 swapped=True
i=10 pair=(0,1) lam_t=0.98000 lam_s=1.01600 tsr_diff=0.026699 integral_mean=-0.000949 integral_std=0.060430 log_ratio=-2.2764 accept=0.1026 swapped=False
i=10 pair=(3,2) lam_t=1.01960 lam_s=1.02000 tsr_diff=0.000287 integral_mean=0.000013 integral_std=0.000601 log_ratio=0.0000 accept=1.0000 swapped=True
i=11 pair=(1,2) lam_t=1.01600 lam_s=1.01960 tsr_diff=0.002883 integral_mean=0.000211 integral_std=0.007785 log_ratio=0.0000 accept=1.0000 swapped=True
i=11 pair=(2,1) lam_t=1.01600 lam_s=1.01960 tsr_diff=0.002883 integral_mean=-0.000028 integral_std=0.007506 log_ratio=-0.0663 accept=0.9358 swapped=False
i=12 pair=(0,2) lam_t=0.98000 lam_s=1.01600 tsr_diff=0.032371 integral_mean=-0.002365 integral_std=0.072779 log_ratio=-5.6764 accept=0.0034 swapped=False
i=12 pair=(1,3) lam_t=1.01960 lam_s=1.02000 tsr_diff=0.000346 integral_mean=0.000026 integral_std=0.001092 log_ratio=0.0000 accept=1.0000 swapped=True
i=12 pair=(0,2) lam_t=0.98000 lam_s=1.01600 tsr_diff=0.032371 integral_mean=-0.002585 integral_std=0.070175 log_ratio=-6.2032 accept=0.0020 swapped=False
i=12 pair=(3,1) lam_t=1.01960 lam_s=1.02000 tsr_diff=0.000346 integral_mean=-0.000032 integral_std=0.000953 log_ratio=-0.0771 accept=0.9258 swapped=True
i=13 pair=(2,1) lam_t=1.01600 lam_s=1.01960 tsr_diff=0.003308 integral_mean=-0.000457 integral_std=0.012292 log_ratio=-1.0958 accept=0.3343 swapped=True
i=13 pair=(1,2) lam_t=1.01600 lam_s=1.01960 tsr_diff=0.003308 integral_mean=0.000178 integral_std=0.011972 log_ratio=0.0000 accept=1.0000 swapped=True
i=14 pair=(0,2) lam_t=0.98000 lam_s=1.01600 tsr_diff=0.035624 integral_mean=-0.000400 integral_std=0.086870 log_ratio=-0.9605 accept=0.3827 swapped=True
i=14 pair=(1,3) lam_t=1.01960 lam_s=1.02000 tsr_diff=0.000379 integral_mean=0.000273 integral_std=0.002942 log_ratio=0.0000 accept=1.0000 swapped=True
i=14 pair=(2,0) lam_t=0.98000 lam_s=1.01600 tsr_diff=0.035624 integral_mean=0.001550 integral_std=0.097958 log_ratio=0.0000 accept=1.0000 swapped=True
i=14 pair=(3,1) lam_t=1.01960 lam_s=1.02000 tsr_diff=0.000379 integral_mean=-0.000138 integral_std=0.002465 log_ratio=-0.3304 accept=0.7186 swapped=False
Best Sample: 0 log probability -0.026
Saved 1 samples to: logs/pointmaze-giant-navigate-v0/inference/plans/release_H400_T256_LimitsNormalizer_b1_condFalse/2026-07-17 18:38:38/23/0.png
Saved 1 samples to: logs/pointmaze-giant-navigate-v0/inference/plans/release_H400_T256_LimitsNormalizer_b1_condFalse/2026-07-17 18:38:38/23/rollout.png
i=0 pair=(0,1) lam_t=0.98000 lam_s=1.01600 tsr_diff=0.000000 integral_mean=0.000000 integral_std=0.000000 log_ratio=0.0000 accept=1.0000 swapped=True
i=0 pair=(2,3) lam_t=1.01960 lam_s=1.02000 tsr_diff=0.000000 integral_mean=0.000000 integral_std=0.000000 log_ratio=0.0000 accept=1.0000 swapped=True
i=0 pair=(1,0) lam_t=0.98000 lam_s=1.01600 tsr_diff=0.000000 integral_mean=0.000000 integral_std=0.000000 log_ratio=0.0000 accept=1.0000 swapped=True
i=0 pair=(3,2) lam_t=1.01960 lam_s=1.02000 tsr_diff=0.000000 integral_mean=0.000000 integral_std=0.000000 log_ratio=0.0000 accept=1.0000 swapped=True
i=1 pair=(1,2) lam_t=1.01600 lam_s=1.01960 tsr_diff=0.000038 integral_mean=0.000001 integral_std=0.000077 log_ratio=0.0000 accept=1.0000 swapped=True
i=1 pair=(2,1) lam_t=1.01600 lam_s=1.01960 tsr_diff=0.000038 integral_mean=0.000001 integral_std=0.000077 log_ratio=0.0000 accept=1.0000 swapped=True
i=2 pair=(0,1) lam_t=0.98000 lam_s=1.01600 tsr_diff=0.001521 integral_mean=-0.000317 integral_std=0.003396 log_ratio=-0.7604 accept=0.4675 swapped=False
i=2 pair=(2,3) lam_t=1.01960 lam_s=1.02000 tsr_diff=0.000017 integral_mean=0.000000 integral_std=0.000034 log_ratio=0.0000 accept=1.0000 swapped=True
i=2 pair=(0,1) lam_t=0.98000 lam_s=1.01600 tsr_diff=0.001521 integral_mean=-0.000091 integral_std=0.003086 log_ratio=-0.2176 accept=0.8044 swapped=True
i=2 pair=(3,2) lam_t=1.01960 lam_s=1.02000 tsr_diff=0.000017 integral_mean=-0.000000 integral_std=0.000036 log_ratio=-0.0002 accept=0.9998 swapped=True
i=3 pair=(0,2) lam_t=1.01600 lam_s=1.01960 tsr_diff=0.000335 integral_mean=-0.000002 integral_std=0.000697 log_ratio=-0.0041 accept=0.9959 swapped=True
i=3 pair=(2,0) lam_t=1.01600 lam_s=1.01960 tsr_diff=0.000335 integral_mean=0.000000 integral_std=0.000656 log_ratio=0.0000 accept=1.0000 swapped=True
i=4 pair=(1,0) lam_t=0.98000 lam_s=1.01600 tsr_diff=0.005829 integral_mean=-0.000374 integral_std=0.012096 log_ratio=-0.8976 accept=0.4075 swapped=False
i=4 pair=(2,3) lam_t=1.01960 lam_s=1.02000 tsr_diff=0.000064 integral_mean=-0.000029 integral_std=0.000177 log_ratio=-0.0705 accept=0.9319 swapped=True
i=4 pair=(1,0) lam_t=0.98000 lam_s=1.01600 tsr_diff=0.005829 integral_mean=-0.000225 integral_std=0.011379 log_ratio=-0.5399 accept=0.5828 swapped=False
i=4 pair=(3,2) lam_t=1.01960 lam_s=1.02000 tsr_diff=0.000064 integral_mean=0.000010 integral_std=0.000146 log_ratio=0.0000 accept=1.0000 swapped=True
i=5 pair=(0,2) lam_t=1.01600 lam_s=1.01960 tsr_diff=0.000873 integral_mean=-0.000068 integral_std=0.001757 log_ratio=-0.1640 accept=0.8487 swapped=True
i=5 pair=(2,0) lam_t=1.01600 lam_s=1.01960 tsr_diff=0.000873 integral_mean=0.000340 integral_std=0.002184 log_ratio=0.0000 accept=1.0000 swapped=True
i=6 pair=(1,0) lam_t=0.98000 lam_s=1.01600 tsr_diff=0.012203 integral_mean=0.000477 integral_std=0.025633 log_ratio=0.0000 accept=1.0000 swapped=True
i=6 pair=(2,3) lam_t=1.01960 lam_s=1.02000 tsr_diff=0.000134 integral_mean=-0.000049 integral_std=0.000399 log_ratio=-0.1179 accept=0.8888 swapped=True
i=6 pair=(0,1) lam_t=0.98000 lam_s=1.01600 tsr_diff=0.012203 integral_mean=0.000278 integral_std=0.025139 log_ratio=0.0000 accept=1.0000 swapped=True
i=6 pair=(3,2) lam_t=1.01960 lam_s=1.02000 tsr_diff=0.000134 integral_mean=0.000010 integral_std=0.000346 log_ratio=0.0000 accept=1.0000 swapped=True
i=7 pair=(0,2) lam_t=1.01600 lam_s=1.01960 tsr_diff=0.001557 integral_mean=-0.000445 integral_std=0.003724 log_ratio=-1.0669 accept=0.3441 swapped=False
i=7 pair=(0,2) lam_t=1.01600 lam_s=1.01960 tsr_diff=0.001557 integral_mean=-0.000350 integral_std=0.003781 log_ratio=-0.8397 accept=0.4318 swapped=True
i=8 pair=(1,2) lam_t=0.98000 lam_s=1.01600 tsr_diff=0.019574 integral_mean=-0.001854 integral_std=0.048043 log_ratio=-4.4489 accept=0.0117 swapped=False
i=8 pair=(0,3) lam_t=1.01960 lam_s=1.02000 tsr_diff=0.000212 integral_mean=-0.000114 integral_std=0.000613 log_ratio=-0.2735 accept=0.7607 swapped=True
i=8 pair=(1,2) lam_t=0.98000 lam_s=1.01600 tsr_diff=0.019574 integral_mean=-0.001673 integral_std=0.046588 log_ratio=-4.0145 accept=0.0181 swapped=False
i=8 pair=(3,0) lam_t=1.01960 lam_s=1.02000 tsr_diff=0.000212 integral_mean=0.000077 integral_std=0.000551 log_ratio=0.0000 accept=1.0000 swapped=True
i=9 pair=(2,0) lam_t=1.01600 lam_s=1.01960 tsr_diff=0.002266 integral_mean=0.000423 integral_std=0.006136 log_ratio=0.0000 accept=1.0000 swapped=True
i=9 pair=(0,2) lam_t=1.01600 lam_s=1.01960 tsr_diff=0.002266 integral_mean=-0.000274 integral_std=0.006021 log_ratio=-0.6568 accept=0.5185 swapped=False
i=10 pair=(1,0) lam_t=0.98000 lam_s=1.01600 tsr_diff=0.026699 integral_mean=-0.000522 integral_std=0.059053 log_ratio=-1.2524 accept=0.2858 swapped=False
i=10 pair=(2,3) lam_t=1.01960 lam_s=1.02000 tsr_diff=0.000287 integral_mean=-0.000165 integral_std=0.001036 log_ratio=-0.3959 accept=0.6731 swapped=True
i=10 pair=(1,0) lam_t=0.98000 lam_s=1.01600 tsr_diff=0.026699 integral_mean=-0.000718 integral_std=0.061126 log_ratio=-1.7226 accept=0.1786 swapped=False
i=10 pair=(3,2) lam_t=1.01960 lam_s=1.02000 tsr_diff=0.000287 integral_mean=0.000114 integral_std=0.000931 log_ratio=0.0000 accept=1.0000 swapped=True
i=11 pair=(0,2) lam_t=1.01600 lam_s=1.01960 tsr_diff=0.002883 integral_mean=-0.000202 integral_std=0.009998 log_ratio=-0.4841 accept=0.6163 swapped=True
i=11 pair=(2,0) lam_t=1.01600 lam_s=1.01960 tsr_diff=0.002883 integral_mean=0.000275 integral_std=0.009361 log_ratio=0.0000 accept=1.0000 swapped=True
i=12 pair=(1,0) lam_t=0.98000 lam_s=1.01600 tsr_diff=0.032371 integral_mean=0.000927 integral_std=0.090914 log_ratio=0.0000 accept=1.0000 swapped=True
i=12 pair=(2,3) lam_t=1.01960 lam_s=1.02000 tsr_diff=0.000346 integral_mean=-0.000307 integral_std=0.001991 log_ratio=-0.7369 accept=0.4786 swapped=False
i=12 pair=(0,1) lam_t=0.98000 lam_s=1.01600 tsr_diff=0.032371 integral_mean=0.000226 integral_std=0.089045 log_ratio=0.0000 accept=1.0000 swapped=True
i=12 pair=(2,3) lam_t=1.01960 lam_s=1.02000 tsr_diff=0.000346 integral_mean=-0.000181 integral_std=0.001600 log_ratio=-0.4337 accept=0.6481 swapped=True
i=13 pair=(0,3) lam_t=1.01600 lam_s=1.01960 tsr_diff=0.003308 integral_mean=-0.005588 integral_std=0.030051 log_ratio=-13.4121 accept=0.0000 swapped=False
i=13 pair=(0,3) lam_t=1.01600 lam_s=1.01960 tsr_diff=0.003308 integral_mean=-0.003348 integral_std=0.021835 log_ratio=-8.0354 accept=0.0003 swapped=False
i=14 pair=(1,0) lam_t=0.98000 lam_s=1.01600 tsr_diff=0.035624 integral_mean=0.001856 integral_std=0.292108 log_ratio=0.0000 accept=1.0000 swapped=True
i=14 pair=(3,2) lam_t=1.01960 lam_s=1.02000 tsr_diff=0.000379 integral_mean=0.002288 integral_std=0.011212 log_ratio=0.0000 accept=1.0000 swapped=True
i=14 pair=(0,1) lam_t=0.98000 lam_s=1.01600 tsr_diff=0.035624 integral_mean=-0.004513 integral_std=0.250861 log_ratio=-10.8315 accept=0.0000 swapped=False
i=14 pair=(2,3) lam_t=1.01960 lam_s=1.02000 tsr_diff=0.000379 integral_mean=-0.000613 integral_std=0.005851 log_ratio=-1.4721 accept=0.2294 swapped=False
Best Sample: 0 log probability -0.591
Saved 1 samples to: logs/pointmaze-giant-navigate-v0/inference/plans/release_H400_T256_LimitsNormalizer_b1_condFalse/2026-07-17 18:38:38/24/0.png
Saved 1 samples to: logs/pointmaze-giant-navigate-v0/inference/plans/release_H400_T256_LimitsNormalizer_b1_condFalse/2026-07-17 18:38:38/24/rollout.png
i=0 pair=(0,1) lam_t=0.98000 lam_s=1.01600 tsr_diff=0.000000 integral_mean=0.000000 integral_std=0.000000 log_ratio=0.0000 accept=1.0000 swapped=True
i=0 pair=(2,3) lam_t=1.01960 lam_s=1.02000 tsr_diff=0.000000 integral_mean=0.000000 integral_std=0.000000 log_ratio=0.0000 accept=1.0000 swapped=True
i=0 pair=(1,0) lam_t=0.98000 lam_s=1.01600 tsr_diff=0.000000 integral_mean=0.000000 integral_std=0.000000 log_ratio=0.0000 accept=1.0000 swapped=True
i=0 pair=(3,2) lam_t=1.01960 lam_s=1.02000 tsr_diff=0.000000 integral_mean=0.000000 integral_std=0.000000 log_ratio=0.0000 accept=1.0000 swapped=True
i=1 pair=(1,2) lam_t=1.01600 lam_s=1.01960 tsr_diff=0.000038 integral_mean=0.000003 integral_std=0.000080 log_ratio=0.0000 accept=1.0000 swapped=True
i=1 pair=(2,1) lam_t=1.01600 lam_s=1.01960 tsr_diff=0.000038 integral_mean=0.000002 integral_std=0.000074 log_ratio=0.0000 accept=1.0000 swapped=True
i=2 pair=(0,1) lam_t=0.98000 lam_s=1.01600 tsr_diff=0.001521 integral_mean=0.000129 integral_std=0.003226 log_ratio=0.0000 accept=1.0000 swapped=True
i=2 pair=(2,3) lam_t=1.01960 lam_s=1.02000 tsr_diff=0.000017 integral_mean=0.000003 integral_std=0.000038 log_ratio=0.0000 accept=1.0000 swapped=True
i=2 pair=(1,0) lam_t=0.98000 lam_s=1.01600 tsr_diff=0.001521 integral_mean=-0.000140 integral_std=0.003165 log_ratio=-0.3363 accept=0.7144 swapped=True
i=2 pair=(3,2) lam_t=1.01960 lam_s=1.02000 tsr_diff=0.000017 integral_mean=-0.000002 integral_std=0.000034 log_ratio=-0.0050 accept=0.9950 swapped=True
i=3 pair=(1,2) lam_t=1.01600 lam_s=1.01960 tsr_diff=0.000335 integral_mean=-0.000080 integral_std=0.000788 log_ratio=-0.1924 accept=0.8250 swapped=True
i=3 pair=(2,1) lam_t=1.01600 lam_s=1.01960 tsr_diff=0.000335 integral_mean=0.000019 integral_std=0.000675 log_ratio=0.0000 accept=1.0000 swapped=True
i=4 pair=(0,1) lam_t=0.98000 lam_s=1.01600 tsr_diff=0.005829 integral_mean=0.000561 integral_std=0.012026 log_ratio=0.0000 accept=1.0000 swapped=True
i=4 pair=(2,3) lam_t=1.01960 lam_s=1.02000 tsr_diff=0.000064 integral_mean=0.000002 integral_std=0.000135 log_ratio=0.0000 accept=1.0000 swapped=True
i=4 pair=(1,0) lam_t=0.98000 lam_s=1.01600 tsr_diff=0.005829 integral_mean=-0.000303 integral_std=0.012243 log_ratio=-0.7262 accept=0.4837 swapped=True
i=4 pair=(3,2) lam_t=1.01960 lam_s=1.02000 tsr_diff=0.000064 integral_mean=-0.000001 integral_std=0.000128 log_ratio=-0.0031 accept=0.9969 swapped=True
i=5 pair=(1,2) lam_t=1.01600 lam_s=1.01960 tsr_diff=0.000873 integral_mean=0.000079 integral_std=0.001709 log_ratio=0.0000 accept=1.0000 swapped=True
i=5 pair=(2,1) lam_t=1.01600 lam_s=1.01960 tsr_diff=0.000873 integral_mean=-0.000002 integral_std=0.001783 log_ratio=-0.0060 accept=0.9940 swapped=True
i=6 pair=(0,1) lam_t=0.98000 lam_s=1.01600 tsr_diff=0.012203 integral_mean=-0.000447 integral_std=0.025068 log_ratio=-1.0728 accept=0.3420 swapped=False
i=6 pair=(2,3) lam_t=1.01960 lam_s=1.02000 tsr_diff=0.000134 integral_mean=0.000007 integral_std=0.000301 log_ratio=0.0000 accept=1.0000 swapped=True
i=6 pair=(0,1) lam_t=0.98000 lam_s=1.01600 tsr_diff=0.012203 integral_mean=-0.000247 integral_std=0.026412 log_ratio=-0.5924 accept=0.5530 swapped=True
i=6 pair=(3,2) lam_t=1.01960 lam_s=1.02000 tsr_diff=0.000134 integral_mean=-0.000015 integral_std=0.000296 log_ratio=-0.0365 accept=0.9641 swapped=True
i=7 pair=(0,2) lam_t=1.01600 lam_s=1.01960 tsr_diff=0.001557 integral_mean=-0.000233 integral_std=0.003477 log_ratio=-0.5596 accept=0.5714 swapped=False
i=7 pair=(0,2) lam_t=1.01600 lam_s=1.01960 tsr_diff=0.001557 integral_mean=-0.000093 integral_std=0.003461 log_ratio=-0.2229 accept=0.8002 swapped=True
i=8 pair=(1,2) lam_t=0.98000 lam_s=1.01600 tsr_diff=0.019574 integral_mean=-0.002734 integral_std=0.041760 log_ratio=-6.5611 accept=0.0014 swapped=False
i=8 pair=(0,3) lam_t=1.01960 lam_s=1.02000 tsr_diff=0.000212 integral_mean=-0.000014 integral_std=0.000481 log_ratio=-0.0345 accept=0.9661 swapped=True
i=8 pair=(1,2) lam_t=0.98000 lam_s=1.01600 tsr_diff=0.019574 integral_mean=-0.001446 integral_std=0.041946 log_ratio=-3.4692 accept=0.0311 swapped=False
i=8 pair=(3,0) lam_t=1.01960 lam_s=1.02000 tsr_diff=0.000212 integral_mean=-0.000003 integral_std=0.000467 log_ratio=-0.0072 accept=0.9928 swapped=True
i=9 pair=(2,0) lam_t=1.01600 lam_s=1.01960 tsr_diff=0.002266 integral_mean=0.000012 integral_std=0.005064 log_ratio=0.0000 accept=1.0000 swapped=True
i=9 pair=(0,2) lam_t=1.01600 lam_s=1.01960 tsr_diff=0.002266 integral_mean=-0.000194 integral_std=0.004919 log_ratio=-0.4650 accept=0.6281 swapped=True
i=10 pair=(1,2) lam_t=0.98000 lam_s=1.01600 tsr_diff=0.026699 integral_mean=-0.007417 integral_std=0.073385 log_ratio=-17.7999 accept=0.0000 swapped=False
i=10 pair=(0,3) lam_t=1.01960 lam_s=1.02000 tsr_diff=0.000287 integral_mean=-0.000024 integral_std=0.000676 log_ratio=-0.0574 accept=0.9442 swapped=True
i=10 pair=(1,2) lam_t=0.98000 lam_s=1.01600 tsr_diff=0.026699 integral_mean=-0.014209 integral_std=0.086217 log_ratio=-34.1027 accept=0.0000 swapped=False
i=10 pair=(3,0) lam_t=1.01960 lam_s=1.02000 tsr_diff=0.000287 integral_mean=0.000019 integral_std=0.000664 log_ratio=0.0000 accept=1.0000 swapped=True
i=11 pair=(2,0) lam_t=1.01600 lam_s=1.01960 tsr_diff=0.002883 integral_mean=0.001169 integral_std=0.008563 log_ratio=0.0000 accept=1.0000 swapped=True
i=11 pair=(0,2) lam_t=1.01600 lam_s=1.01960 tsr_diff=0.002883 integral_mean=-0.001280 integral_std=0.010956 log_ratio=-3.0712 accept=0.0464 swapped=False
i=12 pair=(1,0) lam_t=0.98000 lam_s=1.01600 tsr_diff=0.032371 integral_mean=0.004795 integral_std=0.099138 log_ratio=0.0000 accept=1.0000 swapped=True
i=12 pair=(2,3) lam_t=1.01960 lam_s=1.02000 tsr_diff=0.000346 integral_mean=0.000184 integral_std=0.001739 log_ratio=0.0000 accept=1.0000 swapped=True
i=12 pair=(0,1) lam_t=0.98000 lam_s=1.01600 tsr_diff=0.032371 integral_mean=-0.004799 integral_std=0.088913 log_ratio=-11.5165 accept=0.0000 swapped=False
i=12 pair=(3,2) lam_t=1.01960 lam_s=1.02000 tsr_diff=0.000346 integral_mean=-0.000150 integral_std=0.001209 log_ratio=-0.3599 accept=0.6977 swapped=False
i=13 pair=(1,3) lam_t=1.01600 lam_s=1.01960 tsr_diff=0.003308 integral_mean=0.000188 integral_std=0.016199 log_ratio=0.0000 accept=1.0000 swapped=True
i=13 pair=(3,1) lam_t=1.01600 lam_s=1.01960 tsr_diff=0.003308 integral_mean=0.000060 integral_std=0.014517 log_ratio=0.0000 accept=1.0000 swapped=True
i=14 pair=(0,1) lam_t=0.98000 lam_s=1.01600 tsr_diff=0.035624 integral_mean=-0.032347 integral_std=0.363692 log_ratio=-77.6335 accept=0.0000 swapped=False
i=14 pair=(3,2) lam_t=1.01960 lam_s=1.02000 tsr_diff=0.000379 integral_mean=-0.000186 integral_std=0.005064 log_ratio=-0.4467 accept=0.6397 swapped=True
i=14 pair=(0,1) lam_t=0.98000 lam_s=1.01600 tsr_diff=0.035624 integral_mean=-0.024962 integral_std=0.323581 log_ratio=-59.9085 accept=0.0000 swapped=False
i=14 pair=(2,3) lam_t=1.01960 lam_s=1.02000 tsr_diff=0.000379 integral_mean=0.000088 integral_std=0.003998 log_ratio=0.0000 accept=1.0000 swapped=True
Best Sample: 0 log probability -0.801
Saved 1 samples to: logs/pointmaze-giant-navigate-v0/inference/plans/release_H400_T256_LimitsNormalizer_b1_condFalse/2026-07-17 18:38:38/25/0.png
Saved 1 samples to: logs/pointmaze-giant-navigate-v0/inference/plans/release_H400_T256_LimitsNormalizer_b1_condFalse/2026-07-17 18:38:38/25/rollout.png
i=0 pair=(0,1) lam_t=0.98000 lam_s=1.01600 tsr_diff=0.000000 integral_mean=0.000000 integral_std=0.000000 log_ratio=0.0000 accept=1.0000 swapped=True
i=0 pair=(2,3) lam_t=1.01960 lam_s=1.02000 tsr_diff=0.000000 integral_mean=0.000000 integral_std=0.000000 log_ratio=0.0000 accept=1.0000 swapped=True
i=0 pair=(1,0) lam_t=0.98000 lam_s=1.01600 tsr_diff=0.000000 integral_mean=0.000000 integral_std=0.000000 log_ratio=0.0000 accept=1.0000 swapped=True
i=0 pair=(3,2) lam_t=1.01960 lam_s=1.02000 tsr_diff=0.000000 integral_mean=0.000000 integral_std=0.000000 log_ratio=0.0000 accept=1.0000 swapped=True
i=1 pair=(1,2) lam_t=1.01600 lam_s=1.01960 tsr_diff=0.000038 integral_mean=0.000002 integral_std=0.000078 log_ratio=0.0000 accept=1.0000 swapped=True
i=1 pair=(2,1) lam_t=1.01600 lam_s=1.01960 tsr_diff=0.000038 integral_mean=0.000002 integral_std=0.000076 log_ratio=0.0000 accept=1.0000 swapped=True
i=2 pair=(0,1) lam_t=0.98000 lam_s=1.01600 tsr_diff=0.001521 integral_mean=-0.000080 integral_std=0.003160 log_ratio=-0.1911 accept=0.8261 swapped=True
i=2 pair=(2,3) lam_t=1.01960 lam_s=1.02000 tsr_diff=0.000017 integral_mean=0.000000 integral_std=0.000036 log_ratio=0.0000 accept=1.0000 swapped=True
i=2 pair=(1,0) lam_t=0.98000 lam_s=1.01600 tsr_diff=0.001521 integral_mean=0.000022 integral_std=0.003251 log_ratio=0.0000 accept=1.0000 swapped=True
i=2 pair=(3,2) lam_t=1.01960 lam_s=1.02000 tsr_diff=0.000017 integral_mean=-0.000000 integral_std=0.000033 log_ratio=-0.0001 accept=0.9999 swapped=True
i=3 pair=(1,2) lam_t=1.01600 lam_s=1.01960 tsr_diff=0.000335 integral_mean=0.000008 integral_std=0.000676 log_ratio=0.0000 accept=1.0000 swapped=True
i=3 pair=(2,1) lam_t=1.01600 lam_s=1.01960 tsr_diff=0.000335 integral_mean=-0.000130 integral_std=0.000800 log_ratio=-0.3116 accept=0.7323 swapped=False
i=4 pair=(0,2) lam_t=0.98000 lam_s=1.01600 tsr_diff=0.005829 integral_mean=0.001846 integral_std=0.014794 log_ratio=0.0000 accept=1.0000 swapped=True
i=4 pair=(1,3) lam_t=1.01960 lam_s=1.02000 tsr_diff=0.000064 integral_mean=0.000010 integral_std=0.000149 log_ratio=0.0000 accept=1.0000 swapped=True
i=4 pair=(2,0) lam_t=0.98000 lam_s=1.01600 tsr_diff=0.005829 integral_mean=-0.001381 integral_std=0.013795 log_ratio=-3.3142 accept=0.0364 swapped=False
i=4 pair=(3,1) lam_t=1.01960 lam_s=1.02000 tsr_diff=0.000064 integral_mean=-0.000011 integral_std=0.000141 log_ratio=-0.0256 accept=0.9747 swapped=True
i=5 pair=(0,1) lam_t=1.01600 lam_s=1.01960 tsr_diff=0.000873 integral_mean=0.000023 integral_std=0.002034 log_ratio=0.0000 accept=1.0000 swapped=True
i=5 pair=(1,0) lam_t=1.01600 lam_s=1.01960 tsr_diff=0.000873 integral_mean=-0.000002 integral_std=0.001993 log_ratio=-0.0060 accept=0.9941 swapped=True
i=6 pair=(2,0) lam_t=0.98000 lam_s=1.01600 tsr_diff=0.012203 integral_mean=-0.001228 integral_std=0.027718 log_ratio=-2.9480 accept=0.0524 swapped=False
i=6 pair=(1,3) lam_t=1.01960 lam_s=1.02000 tsr_diff=0.000134 integral_mean=-0.000036 integral_std=0.000330 log_ratio=-0.0869 accept=0.9168 swapped=True
i=6 pair=(2,0) lam_t=0.98000 lam_s=1.01600 tsr_diff=0.012203 integral_mean=-0.000651 integral_std=0.026904 log_ratio=-1.5615 accept=0.2098 swapped=False
i=6 pair=(3,1) lam_t=1.01960 lam_s=1.02000 tsr_diff=0.000134 integral_mean=0.000017 integral_std=0.000325 log_ratio=0.0000 accept=1.0000 swapped=True
i=7 pair=(0,1) lam_t=1.01600 lam_s=1.01960 tsr_diff=0.001557 integral_mean=-0.000063 integral_std=0.003428 log_ratio=-0.1516 accept=0.8593 swapped=True
i=7 pair=(1,0) lam_t=1.01600 lam_s=1.01960 tsr_diff=0.001557 integral_mean=-0.000005 integral_std=0.003361 log_ratio=-0.0110 accept=0.9890 swapped=True
i=8 pair=(2,0) lam_t=0.98000 lam_s=1.01600 tsr_diff=0.019574 integral_mean=-0.000417 integral_std=0.048490 log_ratio=-1.0004 accept=0.3677 swapped=True
i=8 pair=(1,3) lam_t=1.01960 lam_s=1.02000 tsr_diff=0.000212 integral_mean=0.000012 integral_std=0.000487 log_ratio=0.0000 accept=1.0000 swapped=True
i=8 pair=(0,2) lam_t=0.98000 lam_s=1.01600 tsr_diff=0.019574 integral_mean=-0.001605 integral_std=0.047704 log_ratio=-3.8532 accept=0.0212 swapped=False
i=8 pair=(3,1) lam_t=1.01960 lam_s=1.02000 tsr_diff=0.000212 integral_mean=-0.000009 integral_std=0.000479 log_ratio=-0.0209 accept=0.9793 swapped=True
i=9 pair=(2,1) lam_t=1.01600 lam_s=1.01960 tsr_diff=0.002266 integral_mean=-0.000135 integral_std=0.006185 log_ratio=-0.3234 accept=0.7237 swapped=False
i=9 pair=(2,1) lam_t=1.01600 lam_s=1.01960 tsr_diff=0.002266 integral_mean=-0.000248 integral_std=0.005680 log_ratio=-0.5943 accept=0.5519 swapped=False
i=10 pair=(0,2) lam_t=0.98000 lam_s=1.01600 tsr_diff=0.026699 integral_mean=-0.000968 integral_std=0.079339 log_ratio=-2.3243 accept=0.0979 swapped=False
i=10 pair=(1,3) lam_t=1.01960 lam_s=1.02000 tsr_diff=0.000287 integral_mean=-0.000002 integral_std=0.000717 log_ratio=-0.0046 accept=0.9954 swapped=True
i=10 pair=(0,2) lam_t=0.98000 lam_s=1.01600 tsr_diff=0.026699 integral_mean=-0.001285 integral_std=0.077728 log_ratio=-3.0851 accept=0.0457 swapped=False
i=10 pair=(3,1) lam_t=1.01960 lam_s=1.02000 tsr_diff=0.000287 integral_mean=-0.000028 integral_std=0.000817 log_ratio=-0.0669 accept=0.9353 swapped=True
i=11 pair=(2,1) lam_t=1.01600 lam_s=1.01960 tsr_diff=0.002883 integral_mean=-0.001958 integral_std=0.021298 log_ratio=-4.6991 accept=0.0091 swapped=False
i=11 pair=(2,1) lam_t=1.01600 lam_s=1.01960 tsr_diff=0.002883 integral_mean=-0.000611 integral_std=0.011704 log_ratio=-1.4673 accept=0.2305 swapped=False
i=12 pair=(0,2) lam_t=0.98000 lam_s=1.01600 tsr_diff=0.032371 integral_mean=-0.009876 integral_std=0.164613 log_ratio=-23.7024 accept=0.0000 swapped=False
i=12 pair=(1,3) lam_t=1.01960 lam_s=1.02000 tsr_diff=0.000346 integral_mean=0.000106 integral_std=0.001313 log_ratio=0.0000 accept=1.0000 swapped=True
i=12 pair=(0,2) lam_t=0.98000 lam_s=1.01600 tsr_diff=0.032371 integral_mean=-0.002026 integral_std=0.139043 log_ratio=-4.8632 accept=0.0077 swapped=False
i=12 pair=(3,1) lam_t=1.01960 lam_s=1.02000 tsr_diff=0.000346 integral_mean=-0.000061 integral_std=0.001198 log_ratio=-0.1476 accept=0.8628 swapped=True
i=13 pair=(2,1) lam_t=1.01600 lam_s=1.01960 tsr_diff=0.003308 integral_mean=-0.000293 integral_std=0.022295 log_ratio=-0.7034 accept=0.4949 swapped=True
i=13 pair=(1,2) lam_t=1.01600 lam_s=1.01960 tsr_diff=0.003308 integral_mean=-0.000415 integral_std=0.018870 log_ratio=-0.9958 accept=0.3694 swapped=True
i=14 pair=(0,2) lam_t=0.98000 lam_s=1.01600 tsr_diff=0.035624 integral_mean=-0.065831 integral_std=0.683374 log_ratio=-157.9936 accept=0.0000 swapped=False
i=14 pair=(1,3) lam_t=1.01960 lam_s=1.02000 tsr_diff=0.000379 integral_mean=0.000838 integral_std=0.007941 log_ratio=0.0000 accept=1.0000 swapped=True
i=14 pair=(0,2) lam_t=0.98000 lam_s=1.01600 tsr_diff=0.035624 integral_mean=-0.017350 integral_std=0.546010 log_ratio=-41.6391 accept=0.0000 swapped=False
i=14 pair=(3,1) lam_t=1.01960 lam_s=1.02000 tsr_diff=0.000379 integral_mean=-0.000221 integral_std=0.003811 log_ratio=-0.5312 accept=0.5879 swapped=True
Best Sample: 1 log probability -3.988
Saved 1 samples to: logs/pointmaze-giant-navigate-v0/inference/plans/release_H400_T256_LimitsNormalizer_b1_condFalse/2026-07-17 18:38:38/26/0.png
Saved 1 samples to: logs/pointmaze-giant-navigate-v0/inference/plans/release_H400_T256_LimitsNormalizer_b1_condFalse/2026-07-17 18:38:38/26/rollout.png
i=0 pair=(0,1) lam_t=0.98000 lam_s=1.01600 tsr_diff=0.000000 integral_mean=0.000000 integral_std=0.000000 log_ratio=0.0000 accept=1.0000 swapped=True
i=0 pair=(2,3) lam_t=1.01960 lam_s=1.02000 tsr_diff=0.000000 integral_mean=0.000000 integral_std=0.000000 log_ratio=0.0000 accept=1.0000 swapped=True
i=0 pair=(1,0) lam_t=0.98000 lam_s=1.01600 tsr_diff=0.000000 integral_mean=0.000000 integral_std=0.000000 log_ratio=0.0000 accept=1.0000 swapped=True
i=0 pair=(3,2) lam_t=1.01960 lam_s=1.02000 tsr_diff=0.000000 integral_mean=0.000000 integral_std=0.000000 log_ratio=0.0000 accept=1.0000 swapped=True
i=1 pair=(1,2) lam_t=1.01600 lam_s=1.01960 tsr_diff=0.000038 integral_mean=0.000001 integral_std=0.000074 log_ratio=0.0000 accept=1.0000 swapped=True
i=1 pair=(2,1) lam_t=1.01600 lam_s=1.01960 tsr_diff=0.000038 integral_mean=0.000004 integral_std=0.000080 log_ratio=0.0000 accept=1.0000 swapped=True
i=2 pair=(0,1) lam_t=0.98000 lam_s=1.01600 tsr_diff=0.001521 integral_mean=0.000017 integral_std=0.002965 log_ratio=0.0000 accept=1.0000 swapped=True
i=2 pair=(2,3) lam_t=1.01960 lam_s=1.02000 tsr_diff=0.000017 integral_mean=-0.000000 integral_std=0.000034 log_ratio=-0.0004 accept=0.9996 swapped=True
i=2 pair=(1,0) lam_t=0.98000 lam_s=1.01600 tsr_diff=0.001521 integral_mean=-0.000092 integral_std=0.003210 log_ratio=-0.2214 accept=0.8014 swapped=True
i=2 pair=(3,2) lam_t=1.01960 lam_s=1.02000 tsr_diff=0.000017 integral_mean=0.000000 integral_std=0.000034 log_ratio=0.0000 accept=1.0000 swapped=True
i=3 pair=(1,2) lam_t=1.01600 lam_s=1.01960 tsr_diff=0.000335 integral_mean=-0.000513 integral_std=0.001519 log_ratio=-1.2318 accept=0.2918 swapped=False
i=3 pair=(1,2) lam_t=1.01600 lam_s=1.01960 tsr_diff=0.000335 integral_mean=-0.000210 integral_std=0.000933 log_ratio=-0.5044 accept=0.6039 swapped=False
i=4 pair=(0,1) lam_t=0.98000 lam_s=1.01600 tsr_diff=0.005829 integral_mean=-0.000030 integral_std=0.011517 log_ratio=-0.0724 accept=0.9302 swapped=True
i=4 pair=(2,3) lam_t=1.01960 lam_s=1.02000 tsr_diff=0.000064 integral_mean=0.000018 integral_std=0.000151 log_ratio=0.0000 accept=1.0000 swapped=True
i=4 pair=(1,0) lam_t=0.98000 lam_s=1.01600 tsr_diff=0.005829 integral_mean=-0.000052 integral_std=0.011525 log_ratio=-0.1251 accept=0.8824 swapped=True
i=4 pair=(3,2) lam_t=1.01960 lam_s=1.02000 tsr_diff=0.000064 integral_mean=-0.000008 integral_std=0.000136 log_ratio=-0.0191 accept=0.9810 swapped=True
i=5 pair=(1,2) lam_t=1.01600 lam_s=1.01960 tsr_diff=0.000873 integral_mean=-0.000101 integral_std=0.001858 log_ratio=-0.2418 accept=0.7852 swapped=True
i=5 pair=(2,1) lam_t=1.01600 lam_s=1.01960 tsr_diff=0.000873 integral_mean=-0.000022 integral_std=0.001872 log_ratio=-0.0532 accept=0.9482 swapped=True
i=6 pair=(0,1) lam_t=0.98000 lam_s=1.01600 tsr_diff=0.012203 integral_mean=-0.000073 integral_std=0.025685 log_ratio=-0.1751 accept=0.8394 swapped=True
i=6 pair=(2,3) lam_t=1.01960 lam_s=1.02000 tsr_diff=0.000134 integral_mean=0.000002 integral_std=0.000271 log_ratio=0.0000 accept=1.0000 swapped=True
i=6 pair=(1,0) lam_t=0.98000 lam_s=1.01600 tsr_diff=0.012203 integral_mean=0.002195 integral_std=0.028185 log_ratio=0.0000 accept=1.0000 swapped=True
i=6 pair=(3,2) lam_t=1.01960 lam_s=1.02000 tsr_diff=0.000134 integral_mean=-0.000011 integral_std=0.000271 log_ratio=-0.0255 accept=0.9749 swapped=True
i=7 pair=(1,2) lam_t=1.01600 lam_s=1.01960 tsr_diff=0.001557 integral_mean=0.000729 integral_std=0.004580 log_ratio=0.0000 accept=1.0000 swapped=True
i=7 pair=(2,1) lam_t=1.01600 lam_s=1.01960 tsr_diff=0.001557 integral_mean=-0.000760 integral_std=0.005147 log_ratio=-1.8242 accept=0.1613 swapped=False
i=8 pair=(0,2) lam_t=0.98000 lam_s=1.01600 tsr_diff=0.019574 integral_mean=-0.000608 integral_std=0.045547 log_ratio=-1.4586 accept=0.2326 swapped=False
i=8 pair=(1,3) lam_t=1.01960 lam_s=1.02000 tsr_diff=0.000212 integral_mean=0.000205 integral_std=0.000932 log_ratio=0.0000 accept=1.0000 swapped=True
i=8 pair=(0,2) lam_t=0.98000 lam_s=1.01600 tsr_diff=0.019574 integral_mean=0.000571 integral_std=0.043481 log_ratio=0.0000 accept=1.0000 swapped=True
i=8 pair=(3,1) lam_t=1.01960 lam_s=1.02000 tsr_diff=0.000212 integral_mean=-0.000153 integral_std=0.000797 log_ratio=-0.3666 accept=0.6931 swapped=True
i=9 pair=(0,1) lam_t=1.01600 lam_s=1.01960 tsr_diff=0.002266 integral_mean=-0.001909 integral_std=0.009631 log_ratio=-4.5809 accept=0.0102 swapped=False
i=9 pair=(0,1) lam_t=1.01600 lam_s=1.01960 tsr_diff=0.002266 integral_mean=-0.001181 integral_std=0.006701 log_ratio=-2.8333 accept=0.0588 swapped=False
i=10 pair=(2,0) lam_t=0.98000 lam_s=1.01600 tsr_diff=0.026699 integral_mean=-0.000447 integral_std=0.062861 log_ratio=-1.0723 accept=0.3422 swapped=False
i=10 pair=(1,3) lam_t=1.01960 lam_s=1.02000 tsr_diff=0.000287 integral_mean=0.000135 integral_std=0.001000 log_ratio=0.0000 accept=1.0000 swapped=True
i=10 pair=(2,0) lam_t=0.98000 lam_s=1.01600 tsr_diff=0.026699 integral_mean=-0.000017 integral_std=0.064888 log_ratio=-0.0403 accept=0.9605 swapped=True
i=10 pair=(3,1) lam_t=1.01960 lam_s=1.02000 tsr_diff=0.000287 integral_mean=-0.000100 integral_std=0.000905 log_ratio=-0.2401 accept=0.7865 swapped=True
i=11 pair=(2,1) lam_t=1.01600 lam_s=1.01960 tsr_diff=0.002883 integral_mean=-0.001475 integral_std=0.013031 log_ratio=-3.5397 accept=0.0290 swapped=False
i=11 pair=(2,1) lam_t=1.01600 lam_s=1.01960 tsr_diff=0.002883 integral_mean=-0.000918 integral_std=0.010053 log_ratio=-2.2041 accept=0.1103 swapped=False
i=12 pair=(0,2) lam_t=0.98000 lam_s=1.01600 tsr_diff=0.032371 integral_mean=-0.005192 integral_std=0.112365 log_ratio=-12.4615 accept=0.0000 swapped=False
i=12 pair=(1,3) lam_t=1.01960 lam_s=1.02000 tsr_diff=0.000346 integral_mean=0.000176 integral_std=0.001712 log_ratio=0.0000 accept=1.0000 swapped=True
i=12 pair=(0,2) lam_t=0.98000 lam_s=1.01600 tsr_diff=0.032371 integral_mean=-0.003097 integral_std=0.101986 log_ratio=-7.4323 accept=0.0006 swapped=False
i=12 pair=(3,1) lam_t=1.01960 lam_s=1.02000 tsr_diff=0.000346 integral_mean=-0.001195 integral_std=0.003166 log_ratio=-2.8687 accept=0.0568 swapped=False
i=13 pair=(2,3) lam_t=1.01600 lam_s=1.01960 tsr_diff=0.003308 integral_mean=0.000327 integral_std=0.010095 log_ratio=0.0000 accept=1.0000 swapped=True
i=13 pair=(3,2) lam_t=1.01600 lam_s=1.01960 tsr_diff=0.003308 integral_mean=0.000115 integral_std=0.007492 log_ratio=0.0000 accept=1.0000 swapped=True
i=14 pair=(0,2) lam_t=0.98000 lam_s=1.01600 tsr_diff=0.035624 integral_mean=-0.018513 integral_std=0.316877 log_ratio=-44.4323 accept=0.0000 swapped=False
i=14 pair=(3,1) lam_t=1.01960 lam_s=1.02000 tsr_diff=0.000379 integral_mean=-0.000893 integral_std=0.006656 log_ratio=-2.1429 accept=0.1173 swapped=False
i=14 pair=(0,2) lam_t=0.98000 lam_s=1.01600 tsr_diff=0.035624 integral_mean=0.010626 integral_std=0.262263 log_ratio=0.0000 accept=1.0000 swapped=True
i=14 pair=(3,1) lam_t=1.01960 lam_s=1.02000 tsr_diff=0.000379 integral_mean=-0.000979 integral_std=0.005959 log_ratio=-2.3503 accept=0.0953 swapped=True
Best Sample: 3 log probability -0.503
Saved 1 samples to: logs/pointmaze-giant-navigate-v0/inference/plans/release_H400_T256_LimitsNormalizer_b1_condFalse/2026-07-17 18:38:38/27/0.png
Saved 1 samples to: logs/pointmaze-giant-navigate-v0/inference/plans/release_H400_T256_LimitsNormalizer_b1_condFalse/2026-07-17 18:38:38/27/rollout.png
i=0 pair=(0,1) lam_t=0.98000 lam_s=1.01600 tsr_diff=0.000000 integral_mean=0.000000 integral_std=0.000000 log_ratio=0.0000 accept=1.0000 swapped=True
i=0 pair=(2,3) lam_t=1.01960 lam_s=1.02000 tsr_diff=0.000000 integral_mean=0.000000 integral_std=0.000000 log_ratio=0.0000 accept=1.0000 swapped=True
i=0 pair=(1,0) lam_t=0.98000 lam_s=1.01600 tsr_diff=0.000000 integral_mean=0.000000 integral_std=0.000000 log_ratio=0.0000 accept=1.0000 swapped=True
i=0 pair=(3,2) lam_t=1.01960 lam_s=1.02000 tsr_diff=0.000000 integral_mean=0.000000 integral_std=0.000000 log_ratio=0.0000 accept=1.0000 swapped=True
i=1 pair=(1,2) lam_t=1.01600 lam_s=1.01960 tsr_diff=0.000038 integral_mean=-0.000001 integral_std=0.000073 log_ratio=-0.0036 accept=0.9964 swapped=True
i=1 pair=(2,1) lam_t=1.01600 lam_s=1.01960 tsr_diff=0.000038 integral_mean=-0.000005 integral_std=0.000076 log_ratio=-0.0114 accept=0.9886 swapped=True
i=2 pair=(0,1) lam_t=0.98000 lam_s=1.01600 tsr_diff=0.001521 integral_mean=-0.000087 integral_std=0.003109 log_ratio=-0.2082 accept=0.8121 swapped=True
i=2 pair=(2,3) lam_t=1.01960 lam_s=1.02000 tsr_diff=0.000017 integral_mean=-0.000002 integral_std=0.000036 log_ratio=-0.0040 accept=0.9960 swapped=True
i=2 pair=(1,0) lam_t=0.98000 lam_s=1.01600 tsr_diff=0.001521 integral_mean=0.000008 integral_std=0.003232 log_ratio=0.0000 accept=1.0000 swapped=True
i=2 pair=(3,2) lam_t=1.01960 lam_s=1.02000 tsr_diff=0.000017 integral_mean=0.000000 integral_std=0.000035 log_ratio=0.0000 accept=1.0000 swapped=True
i=3 pair=(1,2) lam_t=1.01600 lam_s=1.01960 tsr_diff=0.000335 integral_mean=0.000004 integral_std=0.000660 log_ratio=0.0000 accept=1.0000 swapped=True
i=3 pair=(2,1) lam_t=1.01600 lam_s=1.01960 tsr_diff=0.000335 integral_mean=0.000001 integral_std=0.000674 log_ratio=0.0000 accept=1.0000 swapped=True
i=4 pair=(0,1) lam_t=0.98000 lam_s=1.01600 tsr_diff=0.005829 integral_mean=0.000101 integral_std=0.012881 log_ratio=0.0000 accept=1.0000 swapped=True
i=4 pair=(2,3) lam_t=1.01960 lam_s=1.02000 tsr_diff=0.000064 integral_mean=-0.000003 integral_std=0.000133 log_ratio=-0.0073 accept=0.9928 swapped=True
i=4 pair=(1,0) lam_t=0.98000 lam_s=1.01600 tsr_diff=0.005829 integral_mean=-0.000232 integral_std=0.012099 log_ratio=-0.5562 accept=0.5734 swapped=True
i=4 pair=(3,2) lam_t=1.01960 lam_s=1.02000 tsr_diff=0.000064 integral_mean=0.000002 integral_std=0.000142 log_ratio=0.0000 accept=1.0000 swapped=True
i=5 pair=(1,2) lam_t=1.01600 lam_s=1.01960 tsr_diff=0.000873 integral_mean=0.000005 integral_std=0.001813 log_ratio=0.0000 accept=1.0000 swapped=True
i=5 pair=(2,1) lam_t=1.01600 lam_s=1.01960 tsr_diff=0.000873 integral_mean=-0.000036 integral_std=0.001727 log_ratio=-0.0864 accept=0.9172 swapped=True
i=6 pair=(0,1) lam_t=0.98000 lam_s=1.01600 tsr_diff=0.012203 integral_mean=0.002669 integral_std=0.029407 log_ratio=0.0000 accept=1.0000 swapped=True
i=6 pair=(2,3) lam_t=1.01960 lam_s=1.02000 tsr_diff=0.000134 integral_mean=-0.000010 integral_std=0.000301 log_ratio=-0.0228 accept=0.9774 swapped=True
i=6 pair=(1,0) lam_t=0.98000 lam_s=1.01600 tsr_diff=0.012203 integral_mean=-0.002254 integral_std=0.027806 log_ratio=-5.4107 accept=0.0045 swapped=False
i=6 pair=(3,2) lam_t=1.01960 lam_s=1.02000 tsr_diff=0.000134 integral_mean=0.000010 integral_std=0.000288 log_ratio=0.0000 accept=1.0000 swapped=True
i=7 pair=(0,2) lam_t=1.01600 lam_s=1.01960 tsr_diff=0.001557 integral_mean=0.000226 integral_std=0.003388 log_ratio=0.0000 accept=1.0000 swapped=True
i=7 pair=(2,0) lam_t=1.01600 lam_s=1.01960 tsr_diff=0.001557 integral_mean=-0.000084 integral_std=0.003420 log_ratio=-0.2010 accept=0.8179 swapped=True
i=8 pair=(1,0) lam_t=0.98000 lam_s=1.01600 tsr_diff=0.019574 integral_mean=-0.000999 integral_std=0.043351 log_ratio=-2.3978 accept=0.0909 swapped=False
i=8 pair=(2,3) lam_t=1.01960 lam_s=1.02000 tsr_diff=0.000212 integral_mean=0.000000 integral_std=0.000480 log_ratio=0.0000 accept=1.0000 swapped=True
i=8 pair=(1,0) lam_t=0.98000 lam_s=1.01600 tsr_diff=0.019574 integral_mean=-0.000949 integral_std=0.041963 log_ratio=-2.2784 accept=0.1024 swapped=False
i=8 pair=(3,2) lam_t=1.01960 lam_s=1.02000 tsr_diff=0.000212 integral_mean=0.000002 integral_std=0.000480 log_ratio=0.0000 accept=1.0000 swapped=True
i=9 pair=(0,2) lam_t=1.01600 lam_s=1.01960 tsr_diff=0.002266 integral_mean=0.000053 integral_std=0.004929 log_ratio=0.0000 accept=1.0000 swapped=True
i=9 pair=(2,0) lam_t=1.01600 lam_s=1.01960 tsr_diff=0.002266 integral_mean=-0.000009 integral_std=0.004701 log_ratio=-0.0207 accept=0.9795 swapped=True
i=10 pair=(1,0) lam_t=0.98000 lam_s=1.01600 tsr_diff=0.026699 integral_mean=0.001295 integral_std=0.060884 log_ratio=0.0000 accept=1.0000 swapped=True
i=10 pair=(2,3) lam_t=1.01960 lam_s=1.02000 tsr_diff=0.000287 integral_mean=-0.000011 integral_std=0.000703 log_ratio=-0.0273 accept=0.9731 swapped=True
i=10 pair=(0,1) lam_t=0.98000 lam_s=1.01600 tsr_diff=0.026699 integral_mean=-0.000691 integral_std=0.059678 log_ratio=-1.6591 accept=0.1903 swapped=False
i=10 pair=(3,2) lam_t=1.01960 lam_s=1.02000 tsr_diff=0.000287 integral_mean=0.000006 integral_std=0.000745 log_ratio=0.0000 accept=1.0000 swapped=True
i=11 pair=(1,2) lam_t=1.01600 lam_s=1.01960 tsr_diff=0.002883 integral_mean=0.000088 integral_std=0.005992 log_ratio=0.0000 accept=1.0000 swapped=True
i=11 pair=(2,1) lam_t=1.01600 lam_s=1.01960 tsr_diff=0.002883 integral_mean=0.000004 integral_std=0.005749 log_ratio=0.0000 accept=1.0000 swapped=True
i=12 pair=(0,1) lam_t=0.98000 lam_s=1.01600 tsr_diff=0.032371 integral_mean=0.002429 integral_std=0.083306 log_ratio=0.0000 accept=1.0000 swapped=True
i=12 pair=(2,3) lam_t=1.01960 lam_s=1.02000 tsr_diff=0.000346 integral_mean=-0.000039 integral_std=0.001277 log_ratio=-0.0944 accept=0.9099 swapped=False
i=12 pair=(1,0) lam_t=0.98000 lam_s=1.01600 tsr_diff=0.032371 integral_mean=-0.001968 integral_std=0.088748 log_ratio=-4.7222 accept=0.0089 swapped=False
i=12 pair=(2,3) lam_t=1.01960 lam_s=1.02000 tsr_diff=0.000346 integral_mean=-0.000037 integral_std=0.001292 log_ratio=-0.0887 accept=0.9152 swapped=True
i=13 pair=(0,3) lam_t=1.01600 lam_s=1.01960 tsr_diff=0.003308 integral_mean=-0.000473 integral_std=0.016174 log_ratio=-1.1342 accept=0.3217 swapped=True
i=13 pair=(3,0) lam_t=1.01600 lam_s=1.01960 tsr_diff=0.003308 integral_mean=0.000811 integral_std=0.017837 log_ratio=0.0000 accept=1.0000 swapped=True
i=14 pair=(1,0) lam_t=0.98000 lam_s=1.01600 tsr_diff=0.035624 integral_mean=-0.004120 integral_std=0.243819 log_ratio=-9.8871 accept=0.0001 swapped=False
i=14 pair=(3,2) lam_t=1.01960 lam_s=1.02000 tsr_diff=0.000379 integral_mean=0.000092 integral_std=0.003828 log_ratio=0.0000 accept=1.0000 swapped=True
i=14 pair=(1,0) lam_t=0.98000 lam_s=1.01600 tsr_diff=0.035624 integral_mean=0.001946 integral_std=0.177776 log_ratio=0.0000 accept=1.0000 swapped=True
i=14 pair=(2,3) lam_t=1.01960 lam_s=1.02000 tsr_diff=0.000379 integral_mean=-0.000257 integral_std=0.004728 log_ratio=-0.6175 accept=0.5393 swapped=False
Best Sample: 1 log probability -0.005
Saved 1 samples to: logs/pointmaze-giant-navigate-v0/inference/plans/release_H400_T256_LimitsNormalizer_b1_condFalse/2026-07-17 18:38:38/28/0.png
Saved 1 samples to: logs/pointmaze-giant-navigate-v0/inference/plans/release_H400_T256_LimitsNormalizer_b1_condFalse/2026-07-17 18:38:38/28/rollout.png
i=0 pair=(0,1) lam_t=0.98000 lam_s=1.01600 tsr_diff=0.000000 integral_mean=0.000000 integral_std=0.000000 log_ratio=0.0000 accept=1.0000 swapped=True
i=0 pair=(2,3) lam_t=1.01960 lam_s=1.02000 tsr_diff=0.000000 integral_mean=0.000000 integral_std=0.000000 log_ratio=0.0000 accept=1.0000 swapped=True
i=0 pair=(1,0) lam_t=0.98000 lam_s=1.01600 tsr_diff=0.000000 integral_mean=0.000000 integral_std=0.000000 log_ratio=0.0000 accept=1.0000 swapped=True
i=0 pair=(3,2) lam_t=1.01960 lam_s=1.02000 tsr_diff=0.000000 integral_mean=0.000000 integral_std=0.000000 log_ratio=0.0000 accept=1.0000 swapped=True
i=1 pair=(1,2) lam_t=1.01600 lam_s=1.01960 tsr_diff=0.000038 integral_mean=-0.000000 integral_std=0.000073 log_ratio=-0.0009 accept=0.9991 swapped=True
i=1 pair=(2,1) lam_t=1.01600 lam_s=1.01960 tsr_diff=0.000038 integral_mean=-0.000001 integral_std=0.000077 log_ratio=-0.0027 accept=0.9973 swapped=True
i=2 pair=(0,1) lam_t=0.98000 lam_s=1.01600 tsr_diff=0.001521 integral_mean=-0.000058 integral_std=0.002858 log_ratio=-0.1394 accept=0.8699 swapped=True
i=2 pair=(2,3) lam_t=1.01960 lam_s=1.02000 tsr_diff=0.000017 integral_mean=-0.000000 integral_std=0.000033 log_ratio=-0.0006 accept=0.9994 swapped=True
i=2 pair=(1,0) lam_t=0.98000 lam_s=1.01600 tsr_diff=0.001521 integral_mean=0.001532 integral_std=0.005090 log_ratio=0.0000 accept=1.0000 swapped=True
i=2 pair=(3,2) lam_t=1.01960 lam_s=1.02000 tsr_diff=0.000017 integral_mean=-0.000001 integral_std=0.000035 log_ratio=-0.0027 accept=0.9973 swapped=True
i=3 pair=(1,2) lam_t=1.01600 lam_s=1.01960 tsr_diff=0.000335 integral_mean=0.000181 integral_std=0.000921 log_ratio=0.0000 accept=1.0000 swapped=True
i=3 pair=(2,1) lam_t=1.01600 lam_s=1.01960 tsr_diff=0.000335 integral_mean=-0.000085 integral_std=0.000797 log_ratio=-0.2031 accept=0.8162 swapped=False
i=4 pair=(0,2) lam_t=0.98000 lam_s=1.01600 tsr_diff=0.005829 integral_mean=0.000328 integral_std=0.011464 log_ratio=0.0000 accept=1.0000 swapped=True
i=4 pair=(1,3) lam_t=1.01960 lam_s=1.02000 tsr_diff=0.000064 integral_mean=0.000003 integral_std=0.000144 log_ratio=0.0000 accept=1.0000 swapped=True
i=4 pair=(2,0) lam_t=0.98000 lam_s=1.01600 tsr_diff=0.005829 integral_mean=-0.000159 integral_std=0.011979 log_ratio=-0.3806 accept=0.6834 swapped=True
i=4 pair=(3,1) lam_t=1.01960 lam_s=1.02000 tsr_diff=0.000064 integral_mean=-0.000002 integral_std=0.000136 log_ratio=-0.0050 accept=0.9951 swapped=True
i=5 pair=(2,1) lam_t=1.01600 lam_s=1.01960 tsr_diff=0.000873 integral_mean=-0.000114 integral_std=0.001787 log_ratio=-0.2739 accept=0.7604 swapped=True
i=5 pair=(1,2) lam_t=1.01600 lam_s=1.01960 tsr_diff=0.000873 integral_mean=0.000087 integral_std=0.001845 log_ratio=0.0000 accept=1.0000 swapped=True
i=6 pair=(0,2) lam_t=0.98000 lam_s=1.01600 tsr_diff=0.012203 integral_mean=0.000076 integral_std=0.026207 log_ratio=0.0000 accept=1.0000 swapped=True
i=6 pair=(1,3) lam_t=1.01960 lam_s=1.02000 tsr_diff=0.000134 integral_mean=0.000050 integral_std=0.000354 log_ratio=0.0000 accept=1.0000 swapped=True
i=6 pair=(2,0) lam_t=0.98000 lam_s=1.01600 tsr_diff=0.012203 integral_mean=-0.000289 integral_std=0.025762 log_ratio=-0.6940 accept=0.4996 swapped=False
i=6 pair=(3,1) lam_t=1.01960 lam_s=1.02000 tsr_diff=0.000134 integral_mean=-0.000028 integral_std=0.000331 log_ratio=-0.0668 accept=0.9354 swapped=True
i=7 pair=(0,1) lam_t=1.01600 lam_s=1.01960 tsr_diff=0.001557 integral_mean=-0.000162 integral_std=0.003780 log_ratio=-0.3893 accept=0.6776 swapped=True
i=7 pair=(1,0) lam_t=1.01600 lam_s=1.01960 tsr_diff=0.001557 integral_mean=0.000025 integral_std=0.003640 log_ratio=0.0000 accept=1.0000 swapped=True
i=8 pair=(2,0) lam_t=0.98000 lam_s=1.01600 tsr_diff=0.019574 integral_mean=-0.002753 integral_std=0.045759 log_ratio=-6.6060 accept=0.0014 swapped=False
i=8 pair=(1,3) lam_t=1.01960 lam_s=1.02000 tsr_diff=0.000212 integral_mean=0.000033 integral_std=0.000574 log_ratio=0.0000 accept=1.0000 swapped=True
i=8 pair=(2,0) lam_t=0.98000 lam_s=1.01600 tsr_diff=0.019574 integral_mean=-0.000953 integral_std=0.044172 log_ratio=-2.2869 accept=0.1016 swapped=False
i=8 pair=(3,1) lam_t=1.01960 lam_s=1.02000 tsr_diff=0.000212 integral_mean=-0.000016 integral_std=0.000513 log_ratio=-0.0374 accept=0.9633 swapped=True
i=9 pair=(0,1) lam_t=1.01600 lam_s=1.01960 tsr_diff=0.002266 integral_mean=-0.000433 integral_std=0.006463 log_ratio=-1.0396 accept=0.3536 swapped=False
i=9 pair=(0,1) lam_t=1.01600 lam_s=1.01960 tsr_diff=0.002266 integral_mean=-0.000165 integral_std=0.005821 log_ratio=-0.3955 accept=0.6733 swapped=True
i=10 pair=(2,1) lam_t=0.98000 lam_s=1.01600 tsr_diff=0.026699 integral_mean=-0.002303 integral_std=0.080887 log_ratio=-5.5278 accept=0.0040 swapped=False
i=10 pair=(0,3) lam_t=1.01960 lam_s=1.02000 tsr_diff=0.000287 integral_mean=0.000007 integral_std=0.000749 log_ratio=0.0000 accept=1.0000 swapped=True
i=10 pair=(2,1) lam_t=0.98000 lam_s=1.01600 tsr_diff=0.026699 integral_mean=0.000792 integral_std=0.072790 log_ratio=0.0000 accept=1.0000 swapped=True
i=10 pair=(3,0) lam_t=1.01960 lam_s=1.02000 tsr_diff=0.000287 integral_mean=-0.000021 integral_std=0.000641 log_ratio=-0.0500 accept=0.9512 swapped=True
i=11 pair=(2,0) lam_t=1.01600 lam_s=1.01960 tsr_diff=0.002883 integral_mean=0.000762 integral_std=0.011206 log_ratio=0.0000 accept=1.0000 swapped=True
i=11 pair=(0,2) lam_t=1.01600 lam_s=1.01960 tsr_diff=0.002883 integral_mean=-0.000239 integral_std=0.010896 log_ratio=-0.5725 accept=0.5641 swapped=True
i=12 pair=(1,2) lam_t=0.98000 lam_s=1.01600 tsr_diff=0.032371 integral_mean=-0.000086 integral_std=0.163213 log_ratio=-0.2075 accept=0.8126 swapped=True
i=12 pair=(0,3) lam_t=1.01960 lam_s=1.02000 tsr_diff=0.000346 integral_mean=0.000060 integral_std=0.001136 log_ratio=0.0000 accept=1.0000 swapped=True
i=12 pair=(2,1) lam_t=0.98000 lam_s=1.01600 tsr_diff=0.032371 integral_mean=-0.005046 integral_std=0.142143 log_ratio=-12.1112 accept=0.0000 swapped=False
i=12 pair=(3,0) lam_t=1.01960 lam_s=1.02000 tsr_diff=0.000346 integral_mean=-0.000086 integral_std=0.001154 log_ratio=-0.2053 accept=0.8144 swapped=False
i=13 pair=(1,3) lam_t=1.01600 lam_s=1.01960 tsr_diff=0.003308 integral_mean=0.000493 integral_std=0.021012 log_ratio=0.0000 accept=1.0000 swapped=True
i=13 pair=(3,1) lam_t=1.01600 lam_s=1.01960 tsr_diff=0.003308 integral_mean=0.000105 integral_std=0.019860 log_ratio=0.0000 accept=1.0000 swapped=True
i=14 pair=(2,1) lam_t=0.98000 lam_s=1.01600 tsr_diff=0.035624 integral_mean=0.112039 integral_std=0.987153 log_ratio=0.0000 accept=1.0000 swapped=True
i=14 pair=(3,0) lam_t=1.01960 lam_s=1.02000 tsr_diff=0.000379 integral_mean=-0.000882 integral_std=0.007315 log_ratio=-2.1169 accept=0.1204 swapped=False
i=14 pair=(1,2) lam_t=0.98000 lam_s=1.01600 tsr_diff=0.035624 integral_mean=-0.057359 integral_std=0.772051 log_ratio=-137.6614 accept=0.0000 swapped=False
i=14 pair=(3,0) lam_t=1.01960 lam_s=1.02000 tsr_diff=0.000379 integral_mean=-0.000210 integral_std=0.004800 log_ratio=-0.5046 accept=0.6038 swapped=True
Best Sample: 0 log probability -45.063
Saved 1 samples to: logs/pointmaze-giant-navigate-v0/inference/plans/release_H400_T256_LimitsNormalizer_b1_condFalse/2026-07-17 18:38:38/29/0.png
Saved 1 samples to: logs/pointmaze-giant-navigate-v0/inference/plans/release_H400_T256_LimitsNormalizer_b1_condFalse/2026-07-17 18:38:38/29/rollout.png
i=0 pair=(0,1) lam_t=0.98000 lam_s=1.01600 tsr_diff=0.000000 integral_mean=0.000000 integral_std=0.000000 log_ratio=0.0000 accept=1.0000 swapped=True
i=0 pair=(2,3) lam_t=1.01960 lam_s=1.02000 tsr_diff=0.000000 integral_mean=0.000000 integral_std=0.000000 log_ratio=0.0000 accept=1.0000 swapped=True
i=0 pair=(1,0) lam_t=0.98000 lam_s=1.01600 tsr_diff=0.000000 integral_mean=0.000000 integral_std=0.000000 log_ratio=0.0000 accept=1.0000 swapped=True
i=0 pair=(3,2) lam_t=1.01960 lam_s=1.02000 tsr_diff=0.000000 integral_mean=0.000000 integral_std=0.000000 log_ratio=0.0000 accept=1.0000 swapped=True
i=1 pair=(1,2) lam_t=1.01600 lam_s=1.01960 tsr_diff=0.000038 integral_mean=0.000000 integral_std=0.000077 log_ratio=0.0000 accept=1.0000 swapped=True
i=1 pair=(2,1) lam_t=1.01600 lam_s=1.01960 tsr_diff=0.000038 integral_mean=-0.000002 integral_std=0.000074 log_ratio=-0.0039 accept=0.9961 swapped=True
i=2 pair=(0,1) lam_t=0.98000 lam_s=1.01600 tsr_diff=0.001521 integral_mean=-0.000049 integral_std=0.003001 log_ratio=-0.1179 accept=0.8888 swapped=True
i=2 pair=(2,3) lam_t=1.01960 lam_s=1.02000 tsr_diff=0.000017 integral_mean=-0.000001 integral_std=0.000034 log_ratio=-0.0029 accept=0.9971 swapped=True
i=2 pair=(1,0) lam_t=0.98000 lam_s=1.01600 tsr_diff=0.001521 integral_mean=0.000143 integral_std=0.003320 log_ratio=0.0000 accept=1.0000 swapped=True
i=2 pair=(3,2) lam_t=1.01960 lam_s=1.02000 tsr_diff=0.000017 integral_mean=-0.000001 integral_std=0.000036 log_ratio=-0.0013 accept=0.9987 swapped=True
i=3 pair=(1,2) lam_t=1.01600 lam_s=1.01960 tsr_diff=0.000335 integral_mean=0.000025 integral_std=0.000700 log_ratio=0.0000 accept=1.0000 swapped=True
i=3 pair=(2,1) lam_t=1.01600 lam_s=1.01960 tsr_diff=0.000335 integral_mean=0.000029 integral_std=0.000708 log_ratio=0.0000 accept=1.0000 swapped=True
i=4 pair=(0,1) lam_t=0.98000 lam_s=1.01600 tsr_diff=0.005829 integral_mean=0.000205 integral_std=0.012339 log_ratio=0.0000 accept=1.0000 swapped=True
i=4 pair=(2,3) lam_t=1.01960 lam_s=1.02000 tsr_diff=0.000064 integral_mean=0.000045 integral_std=0.000193 log_ratio=0.0000 accept=1.0000 swapped=True
i=4 pair=(1,0) lam_t=0.98000 lam_s=1.01600 tsr_diff=0.005829 integral_mean=0.000004 integral_std=0.011963 log_ratio=0.0000 accept=1.0000 swapped=True
i=4 pair=(3,2) lam_t=1.01960 lam_s=1.02000 tsr_diff=0.000064 integral_mean=-0.000016 integral_std=0.000165 log_ratio=-0.0387 accept=0.9621 swapped=True
i=5 pair=(1,2) lam_t=1.01600 lam_s=1.01960 tsr_diff=0.000873 integral_mean=-0.000272 integral_std=0.002300 log_ratio=-0.6532 accept=0.5204 swapped=True
i=5 pair=(2,1) lam_t=1.01600 lam_s=1.01960 tsr_diff=0.000873 integral_mean=0.000098 integral_std=0.002090 log_ratio=0.0000 accept=1.0000 swapped=True
i=6 pair=(0,1) lam_t=0.98000 lam_s=1.01600 tsr_diff=0.012203 integral_mean=-0.000741 integral_std=0.027221 log_ratio=-1.7782 accept=0.1689 swapped=False
i=6 pair=(2,3) lam_t=1.01960 lam_s=1.02000 tsr_diff=0.000134 integral_mean=0.000039 integral_std=0.000344 log_ratio=0.0000 accept=1.0000 swapped=True
i=6 pair=(0,1) lam_t=0.98000 lam_s=1.01600 tsr_diff=0.012203 integral_mean=-0.000212 integral_std=0.025775 log_ratio=-0.5096 accept=0.6007 swapped=False
i=6 pair=(3,2) lam_t=1.01960 lam_s=1.02000 tsr_diff=0.000134 integral_mean=-0.000021 integral_std=0.000336 log_ratio=-0.0493 accept=0.9519 swapped=True
i=7 pair=(1,2) lam_t=1.01600 lam_s=1.01960 tsr_diff=0.001557 integral_mean=-0.000256 integral_std=0.003930 log_ratio=-0.6152 accept=0.5405 swapped=True
i=7 pair=(2,1) lam_t=1.01600 lam_s=1.01960 tsr_diff=0.001557 integral_mean=0.000200 integral_std=0.003775 log_ratio=0.0000 accept=1.0000 swapped=True
i=8 pair=(0,1) lam_t=0.98000 lam_s=1.01600 tsr_diff=0.019574 integral_mean=-0.001136 integral_std=0.044195 log_ratio=-2.7263 accept=0.0655 swapped=False
i=8 pair=(2,3) lam_t=1.01960 lam_s=1.02000 tsr_diff=0.000212 integral_mean=0.000147 integral_std=0.000767 log_ratio=0.0000 accept=1.0000 swapped=True
i=8 pair=(0,1) lam_t=0.98000 lam_s=1.01600 tsr_diff=0.019574 integral_mean=0.000163 integral_std=0.041147 log_ratio=0.0000 accept=1.0000 swapped=True
i=8 pair=(3,2) lam_t=1.01960 lam_s=1.02000 tsr_diff=0.000212 integral_mean=-0.000086 integral_std=0.000586 log_ratio=-0.2057 accept=0.8141 swapped=True
i=9 pair=(0,2) lam_t=1.01600 lam_s=1.01960 tsr_diff=0.002266 integral_mean=-0.000826 integral_std=0.006224 log_ratio=-1.9826 accept=0.1377 swapped=True
i=9 pair=(2,0) lam_t=1.01600 lam_s=1.01960 tsr_diff=0.002266 integral_mean=0.000963 integral_std=0.006079 log_ratio=0.0000 accept=1.0000 swapped=True
i=10 pair=(1,0) lam_t=0.98000 lam_s=1.01600 tsr_diff=0.026699 integral_mean=0.001072 integral_std=0.063284 log_ratio=0.0000 accept=1.0000 swapped=True
i=10 pair=(2,3) lam_t=1.01960 lam_s=1.02000 tsr_diff=0.000287 integral_mean=0.000133 integral_std=0.000962 log_ratio=0.0000 accept=1.0000 swapped=True
i=10 pair=(0,1) lam_t=0.98000 lam_s=1.01600 tsr_diff=0.026699 integral_mean=0.001799 integral_std=0.064836 log_ratio=0.0000 accept=1.0000 swapped=True
i=10 pair=(3,2) lam_t=1.01960 lam_s=1.02000 tsr_diff=0.000287 integral_mean=-0.000111 integral_std=0.000967 log_ratio=-0.2675 accept=0.7653 swapped=False
i=11 pair=(0,3) lam_t=1.01600 lam_s=1.01960 tsr_diff=0.002883 integral_mean=-0.000024 integral_std=0.007822 log_ratio=-0.0571 accept=0.9445 swapped=True
i=11 pair=(3,0) lam_t=1.01600 lam_s=1.01960 tsr_diff=0.002883 integral_mean=0.000097 integral_std=0.008186 log_ratio=0.0000 accept=1.0000 swapped=True
i=12 pair=(1,0) lam_t=0.98000 lam_s=1.01600 tsr_diff=0.032371 integral_mean=-0.002086 integral_std=0.108579 log_ratio=-5.0061 accept=0.0067 swapped=False
i=12 pair=(3,2) lam_t=1.01960 lam_s=1.02000 tsr_diff=0.000346 integral_mean=-0.000177 integral_std=0.001452 log_ratio=-0.4259 accept=0.6532 swapped=False
i=12 pair=(1,0) lam_t=0.98000 lam_s=1.01600 tsr_diff=0.032371 integral_mean=-0.001139 integral_std=0.102231 log_ratio=-2.7328 accept=0.0650 swapped=False
i=12 pair=(3,2) lam_t=1.01960 lam_s=1.02000 tsr_diff=0.000346 integral_mean=-0.000112 integral_std=0.001877 log_ratio=-0.2694 accept=0.7639 swapped=False
i=13 pair=(0,3) lam_t=1.01600 lam_s=1.01960 tsr_diff=0.003308 integral_mean=-0.000105 integral_std=0.014355 log_ratio=-0.2510 accept=0.7780 swapped=True
i=13 pair=(3,0) lam_t=1.01600 lam_s=1.01960 tsr_diff=0.003308 integral_mean=0.000236 integral_std=0.015660 log_ratio=0.0000 accept=1.0000 swapped=True
i=14 pair=(1,0) lam_t=0.98000 lam_s=1.01600 tsr_diff=0.035624 integral_mean=-0.014156 integral_std=0.319930 log_ratio=-33.9739 accept=0.0000 swapped=False
i=14 pair=(3,2) lam_t=1.01960 lam_s=1.02000 tsr_diff=0.000379 integral_mean=-0.000080 integral_std=0.003629 log_ratio=-0.1928 accept=0.8247 swapped=True
i=14 pair=(1,0) lam_t=0.98000 lam_s=1.01600 tsr_diff=0.035624 integral_mean=-0.011519 integral_std=0.320043 log_ratio=-27.6464 accept=0.0000 swapped=False
i=14 pair=(2,3) lam_t=1.01960 lam_s=1.02000 tsr_diff=0.000379 integral_mean=0.000755 integral_std=0.008418 log_ratio=0.0000 accept=1.0000 swapped=True
Best Sample: 3 log probability -0.041
Saved 1 samples to: logs/pointmaze-giant-navigate-v0/inference/plans/release_H400_T256_LimitsNormalizer_b1_condFalse/2026-07-17 18:38:38/30/0.png
Saved 1 samples to: logs/pointmaze-giant-navigate-v0/inference/plans/release_H400_T256_LimitsNormalizer_b1_condFalse/2026-07-17 18:38:38/30/rollout.png
i=0 pair=(0,1) lam_t=0.98000 lam_s=1.01600 tsr_diff=0.000000 integral_mean=0.000000 integral_std=0.000000 log_ratio=0.0000 accept=1.0000 swapped=True
i=0 pair=(2,3) lam_t=1.01960 lam_s=1.02000 tsr_diff=0.000000 integral_mean=0.000000 integral_std=0.000000 log_ratio=0.0000 accept=1.0000 swapped=True
i=0 pair=(1,0) lam_t=0.98000 lam_s=1.01600 tsr_diff=0.000000 integral_mean=0.000000 integral_std=0.000000 log_ratio=0.0000 accept=1.0000 swapped=True
i=0 pair=(3,2) lam_t=1.01960 lam_s=1.02000 tsr_diff=0.000000 integral_mean=0.000000 integral_std=0.000000 log_ratio=0.0000 accept=1.0000 swapped=True
i=1 pair=(1,2) lam_t=1.01600 lam_s=1.01960 tsr_diff=0.000038 integral_mean=0.000002 integral_std=0.000076 log_ratio=0.0000 accept=1.0000 swapped=True
i=1 pair=(2,1) lam_t=1.01600 lam_s=1.01960 tsr_diff=0.000038 integral_mean=-0.000000 integral_std=0.000078 log_ratio=-0.0006 accept=0.9994 swapped=True
i=2 pair=(0,1) lam_t=0.98000 lam_s=1.01600 tsr_diff=0.001521 integral_mean=-0.000056 integral_std=0.003285 log_ratio=-0.1343 accept=0.8743 swapped=True
i=2 pair=(2,3) lam_t=1.01960 lam_s=1.02000 tsr_diff=0.000017 integral_mean=0.000002 integral_std=0.000036 log_ratio=0.0000 accept=1.0000 swapped=True
i=2 pair=(1,0) lam_t=0.98000 lam_s=1.01600 tsr_diff=0.001521 integral_mean=-0.000054 integral_std=0.003010 log_ratio=-0.1307 accept=0.8775 swapped=True
i=2 pair=(3,2) lam_t=1.01960 lam_s=1.02000 tsr_diff=0.000017 integral_mean=0.000001 integral_std=0.000036 log_ratio=0.0000 accept=1.0000 swapped=True
i=3 pair=(1,2) lam_t=1.01600 lam_s=1.01960 tsr_diff=0.000335 integral_mean=0.000004 integral_std=0.000704 log_ratio=0.0000 accept=1.0000 swapped=True
i=3 pair=(2,1) lam_t=1.01600 lam_s=1.01960 tsr_diff=0.000335 integral_mean=-0.000021 integral_std=0.000700 log_ratio=-0.0499 accept=0.9513 swapped=False
i=4 pair=(0,2) lam_t=0.98000 lam_s=1.01600 tsr_diff=0.005829 integral_mean=-0.000149 integral_std=0.011638 log_ratio=-0.3573 accept=0.6995 swapped=True
i=4 pair=(1,3) lam_t=1.01960 lam_s=1.02000 tsr_diff=0.000064 integral_mean=-0.000003 integral_std=0.000146 log_ratio=-0.0075 accept=0.9925 swapped=True
i=4 pair=(2,0) lam_t=0.98000 lam_s=1.01600 tsr_diff=0.005829 integral_mean=0.000081 integral_std=0.012529 log_ratio=0.0000 accept=1.0000 swapped=True
i=4 pair=(3,1) lam_t=1.01960 lam_s=1.02000 tsr_diff=0.000064 integral_mean=-0.000000 integral_std=0.000135 log_ratio=-0.0001 accept=0.9999 swapped=True
i=5 pair=(2,1) lam_t=1.01600 lam_s=1.01960 tsr_diff=0.000873 integral_mean=0.000092 integral_std=0.002100 log_ratio=0.0000 accept=1.0000 swapped=True
i=5 pair=(1,2) lam_t=1.01600 lam_s=1.01960 tsr_diff=0.000873 integral_mean=-0.000024 integral_std=0.001792 log_ratio=-0.0583 accept=0.9434 swapped=True
i=6 pair=(0,2) lam_t=0.98000 lam_s=1.01600 tsr_diff=0.012203 integral_mean=-0.000184 integral_std=0.025388 log_ratio=-0.4423 accept=0.6426 swapped=True
i=6 pair=(1,3) lam_t=1.01960 lam_s=1.02000 tsr_diff=0.000134 integral_mean=-0.000071 integral_std=0.000430 log_ratio=-0.1704 accept=0.8433 swapped=True
i=6 pair=(2,0) lam_t=0.98000 lam_s=1.01600 tsr_diff=0.012203 integral_mean=0.000263 integral_std=0.023628 log_ratio=0.0000 accept=1.0000 swapped=True
i=6 pair=(3,1) lam_t=1.01960 lam_s=1.02000 tsr_diff=0.000134 integral_mean=0.000039 integral_std=0.000348 log_ratio=0.0000 accept=1.0000 swapped=True
i=7 pair=(2,1) lam_t=1.01600 lam_s=1.01960 tsr_diff=0.001557 integral_mean=-0.000360 integral_std=0.004003 log_ratio=-0.8632 accept=0.4218 swapped=False
i=7 pair=(2,1) lam_t=1.01600 lam_s=1.01960 tsr_diff=0.001557 integral_mean=-0.000191 integral_std=0.003743 log_ratio=-0.4578 accept=0.6327 swapped=True
i=8 pair=(0,1) lam_t=0.98000 lam_s=1.01600 tsr_diff=0.019574 integral_mean=-0.002152 integral_std=0.045197 log_ratio=-5.1642 accept=0.0057 swapped=False
i=8 pair=(2,3) lam_t=1.01960 lam_s=1.02000 tsr_diff=0.000212 integral_mean=-0.000026 integral_std=0.000541 log_ratio=-0.0631 accept=0.9389 swapped=True
i=8 pair=(0,1) lam_t=0.98000 lam_s=1.01600 tsr_diff=0.019574 integral_mean=-0.001817 integral_std=0.043456 log_ratio=-4.3605 accept=0.0128 swapped=False
i=8 pair=(3,2) lam_t=1.01960 lam_s=1.02000 tsr_diff=0.000212 integral_mean=0.000011 integral_std=0.000512 log_ratio=0.0000 accept=1.0000 swapped=True
i=9 pair=(1,2) lam_t=1.01600 lam_s=1.01960 tsr_diff=0.002266 integral_mean=0.000055 integral_std=0.005137 log_ratio=0.0000 accept=1.0000 swapped=True
i=9 pair=(2,1) lam_t=1.01600 lam_s=1.01960 tsr_diff=0.002266 integral_mean=-0.000073 integral_std=0.005211 log_ratio=-0.1741 accept=0.8402 swapped=True
i=10 pair=(0,1) lam_t=0.98000 lam_s=1.01600 tsr_diff=0.026699 integral_mean=-0.010372 integral_std=0.079250 log_ratio=-24.8925 accept=0.0000 swapped=False
i=10 pair=(2,3) lam_t=1.01960 lam_s=1.02000 tsr_diff=0.000287 integral_mean=-0.000025 integral_std=0.000799 log_ratio=-0.0594 accept=0.9423 swapped=False
i=10 pair=(0,1) lam_t=0.98000 lam_s=1.01600 tsr_diff=0.026699 integral_mean=-0.008054 integral_std=0.068674 log_ratio=-19.3293 accept=0.0000 swapped=False
i=10 pair=(2,3) lam_t=1.01960 lam_s=1.02000 tsr_diff=0.000287 integral_mean=-0.000002 integral_std=0.000795 log_ratio=-0.0057 accept=0.9943 swapped=True
i=11 pair=(1,3) lam_t=1.01600 lam_s=1.01960 tsr_diff=0.002883 integral_mean=0.000138 integral_std=0.010275 log_ratio=0.0000 accept=1.0000 swapped=True
i=11 pair=(3,1) lam_t=1.01600 lam_s=1.01960 tsr_diff=0.002883 integral_mean=0.000555 integral_std=0.009529 log_ratio=0.0000 accept=1.0000 swapped=True
i=12 pair=(0,1) lam_t=0.98000 lam_s=1.01600 tsr_diff=0.032371 integral_mean=-0.003368 integral_std=0.080007 log_ratio=-8.0821 accept=0.0003 swapped=False
i=12 pair=(3,2) lam_t=1.01960 lam_s=1.02000 tsr_diff=0.000346 integral_mean=-0.000136 integral_std=0.002064 log_ratio=-0.3261 accept=0.7217 swapped=True
i=12 pair=(0,1) lam_t=0.98000 lam_s=1.01600 tsr_diff=0.032371 integral_mean=-0.002620 integral_std=0.073318 log_ratio=-6.2885 accept=0.0019 swapped=False
i=12 pair=(2,3) lam_t=1.01960 lam_s=1.02000 tsr_diff=0.000346 integral_mean=0.000085 integral_std=0.002003 log_ratio=0.0000 accept=1.0000 swapped=True
i=13 pair=(1,3) lam_t=1.01600 lam_s=1.01960 tsr_diff=0.003308 integral_mean=-0.002712 integral_std=0.026125 log_ratio=-6.5080 accept=0.0015 swapped=False
i=13 pair=(1,3) lam_t=1.01600 lam_s=1.01960 tsr_diff=0.003308 integral_mean=-0.001544 integral_std=0.019973 log_ratio=-3.7059 accept=0.0246 swapped=False
i=14 pair=(0,1) lam_t=0.98000 lam_s=1.01600 tsr_diff=0.035624 integral_mean=-0.009640 integral_std=0.139744 log_ratio=-23.1363 accept=0.0000 swapped=False
i=14 pair=(3,2) lam_t=1.01960 lam_s=1.02000 tsr_diff=0.000379 integral_mean=0.000095 integral_std=0.006618 log_ratio=0.0000 accept=1.0000 swapped=True
i=14 pair=(0,1) lam_t=0.98000 lam_s=1.01600 tsr_diff=0.035624 integral_mean=-0.003050 integral_std=0.119611 log_ratio=-7.3197 accept=0.0007 swapped=False
i=14 pair=(2,3) lam_t=1.01960 lam_s=1.02000 tsr_diff=0.000379 integral_mean=-0.000014 integral_std=0.005631 log_ratio=-0.0329 accept=0.9676 swapped=True
Best Sample: 0 log probability -9.805
Saved 1 samples to: logs/pointmaze-giant-navigate-v0/inference/plans/release_H400_T256_LimitsNormalizer_b1_condFalse/2026-07-17 18:38:38/31/0.png
Saved 1 samples to: logs/pointmaze-giant-navigate-v0/inference/plans/release_H400_T256_LimitsNormalizer_b1_condFalse/2026-07-17 18:38:38/31/rollout.png
i=0 pair=(0,1) lam_t=0.98000 lam_s=1.01600 tsr_diff=0.000000 integral_mean=0.000000 integral_std=0.000000 log_ratio=0.0000 accept=1.0000 swapped=True
i=0 pair=(2,3) lam_t=1.01960 lam_s=1.02000 tsr_diff=0.000000 integral_mean=0.000000 integral_std=0.000000 log_ratio=0.0000 accept=1.0000 swapped=True
i=0 pair=(1,0) lam_t=0.98000 lam_s=1.01600 tsr_diff=0.000000 integral_mean=0.000000 integral_std=0.000000 log_ratio=0.0000 accept=1.0000 swapped=True
i=0 pair=(3,2) lam_t=1.01960 lam_s=1.02000 tsr_diff=0.000000 integral_mean=0.000000 integral_std=0.000000 log_ratio=0.0000 accept=1.0000 swapped=True
i=1 pair=(1,2) lam_t=1.01600 lam_s=1.01960 tsr_diff=0.000038 integral_mean=0.000001 integral_std=0.000076 log_ratio=0.0000 accept=1.0000 swapped=True
i=1 pair=(2,1) lam_t=1.01600 lam_s=1.01960 tsr_diff=0.000038 integral_mean=0.000004 integral_std=0.000081 log_ratio=0.0000 accept=1.0000 swapped=True
i=2 pair=(0,1) lam_t=0.98000 lam_s=1.01600 tsr_diff=0.001521 integral_mean=0.000052 integral_std=0.003100 log_ratio=0.0000 accept=1.0000 swapped=True
i=2 pair=(2,3) lam_t=1.01960 lam_s=1.02000 tsr_diff=0.000017 integral_mean=0.000001 integral_std=0.000035 log_ratio=0.0000 accept=1.0000 swapped=True
i=2 pair=(1,0) lam_t=0.98000 lam_s=1.01600 tsr_diff=0.001521 integral_mean=-0.000020 integral_std=0.003126 log_ratio=-0.0482 accept=0.9529 swapped=True
i=2 pair=(3,2) lam_t=1.01960 lam_s=1.02000 tsr_diff=0.000017 integral_mean=0.000007 integral_std=0.000042 log_ratio=0.0000 accept=1.0000 swapped=True
i=3 pair=(1,2) lam_t=1.01600 lam_s=1.01960 tsr_diff=0.000335 integral_mean=-0.000014 integral_std=0.000665 log_ratio=-0.0346 accept=0.9660 swapped=True
i=3 pair=(2,1) lam_t=1.01600 lam_s=1.01960 tsr_diff=0.000335 integral_mean=-0.000094 integral_std=0.000787 log_ratio=-0.2245 accept=0.7989 swapped=True
i=4 pair=(0,1) lam_t=0.98000 lam_s=1.01600 tsr_diff=0.005829 integral_mean=-0.000524 integral_std=0.013495 log_ratio=-1.2586 accept=0.2840 swapped=False
i=4 pair=(2,3) lam_t=1.01960 lam_s=1.02000 tsr_diff=0.000064 integral_mean=-0.000005 integral_std=0.000140 log_ratio=-0.0129 accept=0.9872 swapped=True
i=4 pair=(0,1) lam_t=0.98000 lam_s=1.01600 tsr_diff=0.005829 integral_mean=-0.000399 integral_std=0.012731 log_ratio=-0.9574 accept=0.3839 swapped=False
i=4 pair=(3,2) lam_t=1.01960 lam_s=1.02000 tsr_diff=0.000064 integral_mean=-0.000000 integral_std=0.000139 log_ratio=-0.0009 accept=0.9991 swapped=True
i=5 pair=(1,2) lam_t=1.01600 lam_s=1.01960 tsr_diff=0.000873 integral_mean=0.000049 integral_std=0.001929 log_ratio=0.0000 accept=1.0000 swapped=True
i=5 pair=(2,1) lam_t=1.01600 lam_s=1.01960 tsr_diff=0.000873 integral_mean=-0.000119 integral_std=0.001868 log_ratio=-0.2846 accept=0.7523 swapped=True
i=6 pair=(0,1) lam_t=0.98000 lam_s=1.01600 tsr_diff=0.012203 integral_mean=-0.001939 integral_std=0.028378 log_ratio=-4.6543 accept=0.0095 swapped=False
i=6 pair=(2,3) lam_t=1.01960 lam_s=1.02000 tsr_diff=0.000134 integral_mean=-0.000001 integral_std=0.000294 log_ratio=-0.0036 accept=0.9964 swapped=True
i=6 pair=(0,1) lam_t=0.98000 lam_s=1.01600 tsr_diff=0.012203 integral_mean=-0.001310 integral_std=0.026467 log_ratio=-3.1448 accept=0.0431 swapped=False
i=6 pair=(3,2) lam_t=1.01960 lam_s=1.02000 tsr_diff=0.000134 integral_mean=-0.000001 integral_std=0.000286 log_ratio=-0.0014 accept=0.9986 swapped=True
i=7 pair=(1,2) lam_t=1.01600 lam_s=1.01960 tsr_diff=0.001557 integral_mean=0.000116 integral_std=0.003622 log_ratio=0.0000 accept=1.0000 swapped=True
i=7 pair=(2,1) lam_t=1.01600 lam_s=1.01960 tsr_diff=0.001557 integral_mean=-0.000092 integral_std=0.003510 log_ratio=-0.2213 accept=0.8015 swapped=True
i=8 pair=(0,1) lam_t=0.98000 lam_s=1.01600 tsr_diff=0.019574 integral_mean=-0.002559 integral_std=0.049596 log_ratio=-6.1422 accept=0.0022 swapped=False
i=8 pair=(2,3) lam_t=1.01960 lam_s=1.02000 tsr_diff=0.000212 integral_mean=0.000002 integral_std=0.000464 log_ratio=0.0000 accept=1.0000 swapped=True
i=8 pair=(0,1) lam_t=0.98000 lam_s=1.01600 tsr_diff=0.019574 integral_mean=-0.003242 integral_std=0.048514 log_ratio=-7.7806 accept=0.0004 swapped=False
i=8 pair=(3,2) lam_t=1.01960 lam_s=1.02000 tsr_diff=0.000212 integral_mean=0.000000 integral_std=0.000476 log_ratio=0.0000 accept=1.0000 swapped=True
i=9 pair=(1,2) lam_t=1.01600 lam_s=1.01960 tsr_diff=0.002266 integral_mean=0.000529 integral_std=0.006355 log_ratio=0.0000 accept=1.0000 swapped=True
i=9 pair=(2,1) lam_t=1.01600 lam_s=1.01960 tsr_diff=0.002266 integral_mean=-0.000484 integral_std=0.005942 log_ratio=-1.1607 accept=0.3133 swapped=False
i=10 pair=(0,2) lam_t=0.98000 lam_s=1.01600 tsr_diff=0.026699 integral_mean=0.000007 integral_std=0.052684 log_ratio=0.0000 accept=1.0000 swapped=True
i=10 pair=(1,3) lam_t=1.01960 lam_s=1.02000 tsr_diff=0.000287 integral_mean=0.000070 integral_std=0.000839 log_ratio=0.0000 accept=1.0000 swapped=True
i=10 pair=(2,0) lam_t=0.98000 lam_s=1.01600 tsr_diff=0.026699 integral_mean=0.002827 integral_std=0.051583 log_ratio=0.0000 accept=1.0000 swapped=True
i=10 pair=(3,1) lam_t=1.01960 lam_s=1.02000 tsr_diff=0.000287 integral_mean=-0.000056 integral_std=0.000795 log_ratio=-0.1343 accept=0.8743 swapped=True
i=11 pair=(2,1) lam_t=1.01600 lam_s=1.01960 tsr_diff=0.002883 integral_mean=-0.001335 integral_std=0.011510 log_ratio=-3.2034 accept=0.0406 swapped=False
i=11 pair=(2,1) lam_t=1.01600 lam_s=1.01960 tsr_diff=0.002883 integral_mean=-0.000756 integral_std=0.010171 log_ratio=-1.8134 accept=0.1631 swapped=False
i=12 pair=(0,2) lam_t=0.98000 lam_s=1.01600 tsr_diff=0.032371 integral_mean=-0.002412 integral_std=0.064728 log_ratio=-5.7897 accept=0.0031 swapped=False
i=12 pair=(1,3) lam_t=1.01960 lam_s=1.02000 tsr_diff=0.000346 integral_mean=0.000166 integral_std=0.001850 log_ratio=0.0000 accept=1.0000 swapped=True
i=12 pair=(0,2) lam_t=0.98000 lam_s=1.01600 tsr_diff=0.032371 integral_mean=-0.000171 integral_std=0.062269 log_ratio=-0.4113 accept=0.6628 swapped=True
i=12 pair=(3,1) lam_t=1.01960 lam_s=1.02000 tsr_diff=0.000346 integral_mean=-0.000082 integral_std=0.001307 log_ratio=-0.1974 accept=0.8209 swapped=True
i=13 pair=(0,1) lam_t=1.01600 lam_s=1.01960 tsr_diff=0.003308 integral_mean=-0.004029 integral_std=0.036630 log_ratio=-9.6698 accept=0.0001 swapped=False
i=13 pair=(0,1) lam_t=1.01600 lam_s=1.01960 tsr_diff=0.003308 integral_mean=-0.001986 integral_std=0.020424 log_ratio=-4.7658 accept=0.0085 swapped=False
i=14 pair=(2,0) lam_t=0.98000 lam_s=1.01600 tsr_diff=0.035624 integral_mean=0.000257 integral_std=0.090629 log_ratio=0.0000 accept=1.0000 swapped=True
i=14 pair=(1,3) lam_t=1.01960 lam_s=1.02000 tsr_diff=0.000379 integral_mean=0.000350 integral_std=0.005270 log_ratio=0.0000 accept=1.0000 swapped=True
i=14 pair=(0,2) lam_t=0.98000 lam_s=1.01600 tsr_diff=0.035624 integral_mean=0.003698 integral_std=0.088835 log_ratio=0.0000 accept=1.0000 swapped=True
i=14 pair=(3,1) lam_t=1.01960 lam_s=1.02000 tsr_diff=0.000379 integral_mean=-0.000011 integral_std=0.005614 log_ratio=-0.0269 accept=0.9734 swapped=True
Best Sample: 2 log probability -0.055
Saved 1 samples to: logs/pointmaze-giant-navigate-v0/inference/plans/release_H400_T256_LimitsNormalizer_b1_condFalse/2026-07-17 18:38:38/32/0.png
Saved 1 samples to: logs/pointmaze-giant-navigate-v0/inference/plans/release_H400_T256_LimitsNormalizer_b1_condFalse/2026-07-17 18:38:38/32/rollout.png
i=0 pair=(0,1) lam_t=0.98000 lam_s=1.01600 tsr_diff=0.000000 integral_mean=0.000000 integral_std=0.000000 log_ratio=0.0000 accept=1.0000 swapped=True
i=0 pair=(2,3) lam_t=1.01960 lam_s=1.02000 tsr_diff=0.000000 integral_mean=0.000000 integral_std=0.000000 log_ratio=0.0000 accept=1.0000 swapped=True
i=0 pair=(1,0) lam_t=0.98000 lam_s=1.01600 tsr_diff=0.000000 integral_mean=0.000000 integral_std=0.000000 log_ratio=0.0000 accept=1.0000 swapped=True
i=0 pair=(3,2) lam_t=1.01960 lam_s=1.02000 tsr_diff=0.000000 integral_mean=0.000000 integral_std=0.000000 log_ratio=0.0000 accept=1.0000 swapped=True
i=1 pair=(1,2) lam_t=1.01600 lam_s=1.01960 tsr_diff=0.000038 integral_mean=-0.000001 integral_std=0.000075 log_ratio=-0.0014 accept=0.9986 swapped=True
i=1 pair=(2,1) lam_t=1.01600 lam_s=1.01960 tsr_diff=0.000038 integral_mean=0.000002 integral_std=0.000079 log_ratio=0.0000 accept=1.0000 swapped=True
i=2 pair=(0,1) lam_t=0.98000 lam_s=1.01600 tsr_diff=0.001521 integral_mean=0.000021 integral_std=0.003254 log_ratio=0.0000 accept=1.0000 swapped=True
i=2 pair=(2,3) lam_t=1.01960 lam_s=1.02000 tsr_diff=0.000017 integral_mean=-0.000001 integral_std=0.000034 log_ratio=-0.0017 accept=0.9983 swapped=True
i=2 pair=(1,0) lam_t=0.98000 lam_s=1.01600 tsr_diff=0.001521 integral_mean=0.000000 integral_std=0.003065 log_ratio=0.0000 accept=1.0000 swapped=True
i=2 pair=(3,2) lam_t=1.01960 lam_s=1.02000 tsr_diff=0.000017 integral_mean=0.000014 integral_std=0.000050 log_ratio=0.0000 accept=1.0000 swapped=True
i=3 pair=(1,2) lam_t=1.01600 lam_s=1.01960 tsr_diff=0.000335 integral_mean=0.000010 integral_std=0.000658 log_ratio=0.0000 accept=1.0000 swapped=True
i=3 pair=(2,1) lam_t=1.01600 lam_s=1.01960 tsr_diff=0.000335 integral_mean=0.000028 integral_std=0.000705 log_ratio=0.0000 accept=1.0000 swapped=True
i=4 pair=(0,1) lam_t=0.98000 lam_s=1.01600 tsr_diff=0.005829 integral_mean=0.000186 integral_std=0.012502 log_ratio=0.0000 accept=1.0000 swapped=True
i=4 pair=(2,3) lam_t=1.01960 lam_s=1.02000 tsr_diff=0.000064 integral_mean=-0.000001 integral_std=0.000139 log_ratio=-0.0033 accept=0.9967 swapped=True
i=4 pair=(1,0) lam_t=0.98000 lam_s=1.01600 tsr_diff=0.005829 integral_mean=-0.000082 integral_std=0.011508 log_ratio=-0.1967 accept=0.8215 swapped=True
i=4 pair=(3,2) lam_t=1.01960 lam_s=1.02000 tsr_diff=0.000064 integral_mean=0.000001 integral_std=0.000130 log_ratio=0.0000 accept=1.0000 swapped=True
i=5 pair=(1,2) lam_t=1.01600 lam_s=1.01960 tsr_diff=0.000873 integral_mean=-0.000019 integral_std=0.001783 log_ratio=-0.0446 accept=0.9564 swapped=True
i=5 pair=(2,1) lam_t=1.01600 lam_s=1.01960 tsr_diff=0.000873 integral_mean=0.000070 integral_std=0.001781 log_ratio=0.0000 accept=1.0000 swapped=True
i=6 pair=(0,1) lam_t=0.98000 lam_s=1.01600 tsr_diff=0.012203 integral_mean=-0.000037 integral_std=0.025839 log_ratio=-0.0889 accept=0.9149 swapped=True
i=6 pair=(2,3) lam_t=1.01960 lam_s=1.02000 tsr_diff=0.000134 integral_mean=-0.000002 integral_std=0.000284 log_ratio=-0.0037 accept=0.9963 swapped=True
i=6 pair=(1,0) lam_t=0.98000 lam_s=1.01600 tsr_diff=0.012203 integral_mean=-0.000209 integral_std=0.024925 log_ratio=-0.5014 accept=0.6057 swapped=True
i=6 pair=(3,2) lam_t=1.01960 lam_s=1.02000 tsr_diff=0.000134 integral_mean=-0.000016 integral_std=0.000278 log_ratio=-0.0386 accept=0.9622 swapped=True
i=7 pair=(1,2) lam_t=1.01600 lam_s=1.01960 tsr_diff=0.001557 integral_mean=-0.000160 integral_std=0.003500 log_ratio=-0.3841 accept=0.6811 swapped=True
i=7 pair=(2,1) lam_t=1.01600 lam_s=1.01960 tsr_diff=0.001557 integral_mean=0.000183 integral_std=0.003495 log_ratio=0.0000 accept=1.0000 swapped=True
i=8 pair=(0,1) lam_t=0.98000 lam_s=1.01600 tsr_diff=0.019574 integral_mean=-0.000086 integral_std=0.044900 log_ratio=-0.2071 accept=0.8130 swapped=True
i=8 pair=(2,3) lam_t=1.01960 lam_s=1.02000 tsr_diff=0.000212 integral_mean=0.000019 integral_std=0.000480 log_ratio=0.0000 accept=1.0000 swapped=True
i=8 pair=(1,0) lam_t=0.98000 lam_s=1.01600 tsr_diff=0.019574 integral_mean=0.000656 integral_std=0.042385 log_ratio=0.0000 accept=1.0000 swapped=True
i=8 pair=(3,2) lam_t=1.01960 lam_s=1.02000 tsr_diff=0.000212 integral_mean=-0.000010 integral_std=0.000471 log_ratio=-0.0230 accept=0.9773 swapped=True
i=9 pair=(1,2) lam_t=1.01600 lam_s=1.01960 tsr_diff=0.002266 integral_mean=-0.000129 integral_std=0.005748 log_ratio=-0.3103 accept=0.7332 swapped=False
i=9 pair=(1,2) lam_t=1.01600 lam_s=1.01960 tsr_diff=0.002266 integral_mean=-0.000110 integral_std=0.005745 log_ratio=-0.2633 accept=0.7685 swapped=True
i=10 pair=(0,2) lam_t=0.98000 lam_s=1.01600 tsr_diff=0.026699 integral_mean=-0.006113 integral_std=0.063459 log_ratio=-14.6722 accept=0.0000 swapped=False
i=10 pair=(1,3) lam_t=1.01960 lam_s=1.02000 tsr_diff=0.000287 integral_mean=0.000019 integral_std=0.000735 log_ratio=0.0000 accept=1.0000 swapped=True
i=10 pair=(0,2) lam_t=0.98000 lam_s=1.01600 tsr_diff=0.026699 integral_mean=-0.004862 integral_std=0.066820 log_ratio=-11.6694 accept=0.0000 swapped=False
i=10 pair=(3,1) lam_t=1.01960 lam_s=1.02000 tsr_diff=0.000287 integral_mean=-0.000029 integral_std=0.000731 log_ratio=-0.0703 accept=0.9321 swapped=True
i=11 pair=(2,1) lam_t=1.01600 lam_s=1.01960 tsr_diff=0.002883 integral_mean=0.000265 integral_std=0.009170 log_ratio=0.0000 accept=1.0000 swapped=True
i=11 pair=(1,2) lam_t=1.01600 lam_s=1.01960 tsr_diff=0.002883 integral_mean=-0.000742 integral_std=0.011116 log_ratio=-1.7817 accept=0.1684 swapped=False
i=12 pair=(0,1) lam_t=0.98000 lam_s=1.01600 tsr_diff=0.032371 integral_mean=-0.001278 integral_std=0.110920 log_ratio=-3.0672 accept=0.0466 swapped=False
i=12 pair=(2,3) lam_t=1.01960 lam_s=1.02000 tsr_diff=0.000346 integral_mean=0.000156 integral_std=0.001248 log_ratio=0.0000 accept=1.0000 swapped=True
i=12 pair=(0,1) lam_t=0.98000 lam_s=1.01600 tsr_diff=0.032371 integral_mean=-0.002812 integral_std=0.097513 log_ratio=-6.7499 accept=0.0012 swapped=False
i=12 pair=(3,2) lam_t=1.01960 lam_s=1.02000 tsr_diff=0.000346 integral_mean=-0.000110 integral_std=0.001175 log_ratio=-0.2642 accept=0.7678 swapped=True
i=13 pair=(1,2) lam_t=1.01600 lam_s=1.01960 tsr_diff=0.003308 integral_mean=-0.001781 integral_std=0.023099 log_ratio=-4.2749 accept=0.0139 swapped=False
i=13 pair=(1,2) lam_t=1.01600 lam_s=1.01960 tsr_diff=0.003308 integral_mean=-0.002684 integral_std=0.027015 log_ratio=-6.4407 accept=0.0016 swapped=False
i=14 pair=(0,1) lam_t=0.98000 lam_s=1.01600 tsr_diff=0.035624 integral_mean=-0.017711 integral_std=0.328417 log_ratio=-42.5075 accept=0.0000 swapped=False
i=14 pair=(2,3) lam_t=1.01960 lam_s=1.02000 tsr_diff=0.000379 integral_mean=0.000521 integral_std=0.004155 log_ratio=0.0000 accept=1.0000 swapped=True
i=14 pair=(0,1) lam_t=0.98000 lam_s=1.01600 tsr_diff=0.035624 integral_mean=-0.001695 integral_std=0.226050 log_ratio=-4.0669 accept=0.0171 swapped=False
i=14 pair=(3,2) lam_t=1.01960 lam_s=1.02000 tsr_diff=0.000379 integral_mean=-0.000288 integral_std=0.003535 log_ratio=-0.6904 accept=0.5014 swapped=True
Best Sample: 3 log probability -0.307
Saved 1 samples to: logs/pointmaze-giant-navigate-v0/inference/plans/release_H400_T256_LimitsNormalizer_b1_condFalse/2026-07-17 18:38:38/33/0.png
Saved 1 samples to: logs/pointmaze-giant-navigate-v0/inference/plans/release_H400_T256_LimitsNormalizer_b1_condFalse/2026-07-17 18:38:38/33/rollout.png
i=0 pair=(0,1) lam_t=0.98000 lam_s=1.01600 tsr_diff=0.000000 integral_mean=0.000000 integral_std=0.000000 log_ratio=0.0000 accept=1.0000 swapped=True
i=0 pair=(2,3) lam_t=1.01960 lam_s=1.02000 tsr_diff=0.000000 integral_mean=0.000000 integral_std=0.000000 log_ratio=0.0000 accept=1.0000 swapped=True
i=0 pair=(1,0) lam_t=0.98000 lam_s=1.01600 tsr_diff=0.000000 integral_mean=0.000000 integral_std=0.000000 log_ratio=0.0000 accept=1.0000 swapped=True
i=0 pair=(3,2) lam_t=1.01960 lam_s=1.02000 tsr_diff=0.000000 integral_mean=0.000000 integral_std=0.000000 log_ratio=0.0000 accept=1.0000 swapped=True
i=1 pair=(1,2) lam_t=1.01600 lam_s=1.01960 tsr_diff=0.000038 integral_mean=-0.000002 integral_std=0.000074 log_ratio=-0.0059 accept=0.9941 swapped=True
i=1 pair=(2,1) lam_t=1.01600 lam_s=1.01960 tsr_diff=0.000038 integral_mean=0.000003 integral_std=0.000082 log_ratio=0.0000 accept=1.0000 swapped=True
i=2 pair=(0,1) lam_t=0.98000 lam_s=1.01600 tsr_diff=0.001521 integral_mean=-0.000028 integral_std=0.003372 log_ratio=-0.0669 accept=0.9353 swapped=True
i=2 pair=(2,3) lam_t=1.01960 lam_s=1.02000 tsr_diff=0.000017 integral_mean=0.000000 integral_std=0.000033 log_ratio=0.0000 accept=1.0000 swapped=True
i=2 pair=(1,0) lam_t=0.98000 lam_s=1.01600 tsr_diff=0.001521 integral_mean=-0.000036 integral_std=0.003117 log_ratio=-0.0853 accept=0.9182 swapped=True
i=2 pair=(3,2) lam_t=1.01960 lam_s=1.02000 tsr_diff=0.000017 integral_mean=0.000002 integral_std=0.000037 log_ratio=0.0000 accept=1.0000 swapped=True
i=3 pair=(1,2) lam_t=1.01600 lam_s=1.01960 tsr_diff=0.000335 integral_mean=0.000005 integral_std=0.000651 log_ratio=0.0000 accept=1.0000 swapped=True
i=3 pair=(2,1) lam_t=1.01600 lam_s=1.01960 tsr_diff=0.000335 integral_mean=0.000003 integral_std=0.000673 log_ratio=0.0000 accept=1.0000 swapped=True
i=4 pair=(0,1) lam_t=0.98000 lam_s=1.01600 tsr_diff=0.005829 integral_mean=-0.000059 integral_std=0.011934 log_ratio=-0.1413 accept=0.8683 swapped=True
i=4 pair=(2,3) lam_t=1.01960 lam_s=1.02000 tsr_diff=0.000064 integral_mean=0.000001 integral_std=0.000128 log_ratio=0.0000 accept=1.0000 swapped=True
i=4 pair=(1,0) lam_t=0.98000 lam_s=1.01600 tsr_diff=0.005829 integral_mean=0.000078 integral_std=0.011796 log_ratio=0.0000 accept=1.0000 swapped=True
i=4 pair=(3,2) lam_t=1.01960 lam_s=1.02000 tsr_diff=0.000064 integral_mean=-0.000004 integral_std=0.000131 log_ratio=-0.0084 accept=0.9916 swapped=True
i=5 pair=(1,2) lam_t=1.01600 lam_s=1.01960 tsr_diff=0.000873 integral_mean=-0.000068 integral_std=0.001808 log_ratio=-0.1643 accept=0.8485 swapped=True
i=5 pair=(2,1) lam_t=1.01600 lam_s=1.01960 tsr_diff=0.000873 integral_mean=0.000049 integral_std=0.001866 log_ratio=0.0000 accept=1.0000 swapped=True
i=6 pair=(0,1) lam_t=0.98000 lam_s=1.01600 tsr_diff=0.012203 integral_mean=0.000830 integral_std=0.025634 log_ratio=0.0000 accept=1.0000 swapped=True
i=6 pair=(2,3) lam_t=1.01960 lam_s=1.02000 tsr_diff=0.000134 integral_mean=0.000008 integral_std=0.000285 log_ratio=0.0000 accept=1.0000 swapped=True
i=6 pair=(1,0) lam_t=0.98000 lam_s=1.01600 tsr_diff=0.012203 integral_mean=-0.000272 integral_std=0.026902 log_ratio=-0.6521 accept=0.5209 swapped=True
i=6 pair=(3,2) lam_t=1.01960 lam_s=1.02000 tsr_diff=0.000134 integral_mean=-0.000008 integral_std=0.000279 log_ratio=-0.0198 accept=0.9804 swapped=True
i=7 pair=(1,2) lam_t=1.01600 lam_s=1.01960 tsr_diff=0.001557 integral_mean=0.000061 integral_std=0.003217 log_ratio=0.0000 accept=1.0000 swapped=True
i=7 pair=(2,1) lam_t=1.01600 lam_s=1.01960 tsr_diff=0.001557 integral_mean=0.000026 integral_std=0.003262 log_ratio=0.0000 accept=1.0000 swapped=True
i=8 pair=(0,1) lam_t=0.98000 lam_s=1.01600 tsr_diff=0.019574 integral_mean=-0.000659 integral_std=0.040267 log_ratio=-1.5815 accept=0.2057 swapped=False
i=8 pair=(2,3) lam_t=1.01960 lam_s=1.02000 tsr_diff=0.000212 integral_mean=-0.000014 integral_std=0.000479 log_ratio=-0.0338 accept=0.9668 swapped=True
i=8 pair=(0,1) lam_t=0.98000 lam_s=1.01600 tsr_diff=0.019574 integral_mean=-0.000564 integral_std=0.040508 log_ratio=-1.3536 accept=0.2583 swapped=False
i=8 pair=(3,2) lam_t=1.01960 lam_s=1.02000 tsr_diff=0.000212 integral_mean=-0.000000 integral_std=0.000457 log_ratio=-0.0008 accept=0.9992 swapped=True
i=9 pair=(1,2) lam_t=1.01600 lam_s=1.01960 tsr_diff=0.002266 integral_mean=-0.000220 integral_std=0.005155 log_ratio=-0.5290 accept=0.5892 swapped=True
i=9 pair=(2,1) lam_t=1.01600 lam_s=1.01960 tsr_diff=0.002266 integral_mean=0.000254 integral_std=0.005091 log_ratio=0.0000 accept=1.0000 swapped=True
i=10 pair=(0,1) lam_t=0.98000 lam_s=1.01600 tsr_diff=0.026699 integral_mean=0.001650 integral_std=0.059834 log_ratio=0.0000 accept=1.0000 swapped=True
i=10 pair=(2,3) lam_t=1.01960 lam_s=1.02000 tsr_diff=0.000287 integral_mean=0.000004 integral_std=0.000670 log_ratio=0.0000 accept=1.0000 swapped=True
i=10 pair=(1,0) lam_t=0.98000 lam_s=1.01600 tsr_diff=0.026699 integral_mean=-0.003795 integral_std=0.062561 log_ratio=-9.1089 accept=0.0001 swapped=False
i=10 pair=(3,2) lam_t=1.01960 lam_s=1.02000 tsr_diff=0.000287 integral_mean=-0.000008 integral_std=0.000607 log_ratio=-0.0200 accept=0.9802 swapped=True
i=11 pair=(0,2) lam_t=1.01600 lam_s=1.01960 tsr_diff=0.002883 integral_mean=-0.000036 integral_std=0.008788 log_ratio=-0.0874 accept=0.9163 swapped=False
i=11 pair=(0,2) lam_t=1.01600 lam_s=1.01960 tsr_diff=0.002883 integral_mean=-0.000301 integral_std=0.009185 log_ratio=-0.7232 accept=0.4852 swapped=False
i=12 pair=(1,0) lam_t=0.98000 lam_s=1.01600 tsr_diff=0.032371 integral_mean=-0.002910 integral_std=0.093668 log_ratio=-6.9830 accept=0.0009 swapped=False
i=12 pair=(2,3) lam_t=1.01960 lam_s=1.02000 tsr_diff=0.000346 integral_mean=-0.000009 integral_std=0.001049 log_ratio=-0.0206 accept=0.9796 swapped=True
i=12 pair=(1,0) lam_t=0.98000 lam_s=1.01600 tsr_diff=0.032371 integral_mean=-0.004669 integral_std=0.091576 log_ratio=-11.2063 accept=0.0000 swapped=False
i=12 pair=(3,2) lam_t=1.01960 lam_s=1.02000 tsr_diff=0.000346 integral_mean=0.000052 integral_std=0.000862 log_ratio=0.0000 accept=1.0000 swapped=True
i=13 pair=(0,2) lam_t=1.01600 lam_s=1.01960 tsr_diff=0.003308 integral_mean=-0.000787 integral_std=0.017087 log_ratio=-1.8895 accept=0.1511 swapped=False
i=13 pair=(0,2) lam_t=1.01600 lam_s=1.01960 tsr_diff=0.003308 integral_mean=-0.000307 integral_std=0.017936 log_ratio=-0.7363 accept=0.4789 swapped=True
i=14 pair=(1,2) lam_t=0.98000 lam_s=1.01600 tsr_diff=0.035624 integral_mean=-0.033618 integral_std=0.302834 log_ratio=-80.6829 accept=0.0000 swapped=False
i=14 pair=(0,3) lam_t=1.01960 lam_s=1.02000 tsr_diff=0.000379 integral_mean=-0.000302 integral_std=0.003936 log_ratio=-0.7255 accept=0.4841 swapped=False
i=14 pair=(1,2) lam_t=0.98000 lam_s=1.01600 tsr_diff=0.035624 integral_mean=-0.014773 integral_std=0.269843 log_ratio=-35.4545 accept=0.0000 swapped=False
i=14 pair=(0,3) lam_t=1.01960 lam_s=1.02000 tsr_diff=0.000379 integral_mean=-0.000249 integral_std=0.004645 log_ratio=-0.5966 accept=0.5507 swapped=False
Best Sample: 1 log probability -0.127
Saved 1 samples to: logs/pointmaze-giant-navigate-v0/inference/plans/release_H400_T256_LimitsNormalizer_b1_condFalse/2026-07-17 18:38:38/34/0.png
Saved 1 samples to: logs/pointmaze-giant-navigate-v0/inference/plans/release_H400_T256_LimitsNormalizer_b1_condFalse/2026-07-17 18:38:38/34/rollout.png
i=0 pair=(0,1) lam_t=0.98000 lam_s=1.01600 tsr_diff=0.000000 integral_mean=0.000000 integral_std=0.000000 log_ratio=0.0000 accept=1.0000 swapped=True
i=0 pair=(2,3) lam_t=1.01960 lam_s=1.02000 tsr_diff=0.000000 integral_mean=0.000000 integral_std=0.000000 log_ratio=0.0000 accept=1.0000 swapped=True
i=0 pair=(1,0) lam_t=0.98000 lam_s=1.01600 tsr_diff=0.000000 integral_mean=0.000000 integral_std=0.000000 log_ratio=0.0000 accept=1.0000 swapped=True
i=0 pair=(3,2) lam_t=1.01960 lam_s=1.02000 tsr_diff=0.000000 integral_mean=0.000000 integral_std=0.000000 log_ratio=0.0000 accept=1.0000 swapped=True
i=1 pair=(1,2) lam_t=1.01600 lam_s=1.01960 tsr_diff=0.000038 integral_mean=0.000001 integral_std=0.000074 log_ratio=0.0000 accept=1.0000 swapped=True
i=1 pair=(2,1) lam_t=1.01600 lam_s=1.01960 tsr_diff=0.000038 integral_mean=-0.000002 integral_std=0.000079 log_ratio=-0.0036 accept=0.9964 swapped=True
i=2 pair=(0,1) lam_t=0.98000 lam_s=1.01600 tsr_diff=0.001521 integral_mean=0.000032 integral_std=0.003069 log_ratio=0.0000 accept=1.0000 swapped=True
i=2 pair=(2,3) lam_t=1.01960 lam_s=1.02000 tsr_diff=0.000017 integral_mean=-0.000000 integral_std=0.000035 log_ratio=-0.0004 accept=0.9996 swapped=True
i=2 pair=(1,0) lam_t=0.98000 lam_s=1.01600 tsr_diff=0.001521 integral_mean=-0.000059 integral_std=0.003079 log_ratio=-0.1420 accept=0.8677 swapped=True
i=2 pair=(3,2) lam_t=1.01960 lam_s=1.02000 tsr_diff=0.000017 integral_mean=0.000002 integral_std=0.000033 log_ratio=0.0000 accept=1.0000 swapped=True
i=3 pair=(1,2) lam_t=1.01600 lam_s=1.01960 tsr_diff=0.000335 integral_mean=0.000042 integral_std=0.000662 log_ratio=0.0000 accept=1.0000 swapped=True
i=3 pair=(2,1) lam_t=1.01600 lam_s=1.01960 tsr_diff=0.000335 integral_mean=-0.000001 integral_std=0.000728 log_ratio=-0.0029 accept=0.9971 swapped=True
i=4 pair=(0,1) lam_t=0.98000 lam_s=1.01600 tsr_diff=0.005829 integral_mean=0.000041 integral_std=0.012402 log_ratio=0.0000 accept=1.0000 swapped=True
i=4 pair=(2,3) lam_t=1.01960 lam_s=1.02000 tsr_diff=0.000064 integral_mean=0.000004 integral_std=0.000135 log_ratio=0.0000 accept=1.0000 swapped=True
i=4 pair=(1,0) lam_t=0.98000 lam_s=1.01600 tsr_diff=0.005829 integral_mean=0.000276 integral_std=0.012554 log_ratio=0.0000 accept=1.0000 swapped=True
i=4 pair=(3,2) lam_t=1.01960 lam_s=1.02000 tsr_diff=0.000064 integral_mean=-0.000001 integral_std=0.000138 log_ratio=-0.0017 accept=0.9983 swapped=True
i=5 pair=(1,2) lam_t=1.01600 lam_s=1.01960 tsr_diff=0.000873 integral_mean=0.000013 integral_std=0.001948 log_ratio=0.0000 accept=1.0000 swapped=True
i=5 pair=(2,1) lam_t=1.01600 lam_s=1.01960 tsr_diff=0.000873 integral_mean=-0.000038 integral_std=0.001920 log_ratio=-0.0906 accept=0.9134 swapped=True
i=6 pair=(0,1) lam_t=0.98000 lam_s=1.01600 tsr_diff=0.012203 integral_mean=-0.000275 integral_std=0.030935 log_ratio=-0.6610 accept=0.5163 swapped=True
i=6 pair=(2,3) lam_t=1.01960 lam_s=1.02000 tsr_diff=0.000134 integral_mean=0.000006 integral_std=0.000290 log_ratio=0.0000 accept=1.0000 swapped=True
i=6 pair=(1,0) lam_t=0.98000 lam_s=1.01600 tsr_diff=0.012203 integral_mean=-0.000972 integral_std=0.029072 log_ratio=-2.3324 accept=0.0971 swapped=True
i=6 pair=(3,2) lam_t=1.01960 lam_s=1.02000 tsr_diff=0.000134 integral_mean=-0.000009 integral_std=0.000280 log_ratio=-0.0218 accept=0.9785 swapped=True
i=7 pair=(1,2) lam_t=1.01600 lam_s=1.01960 tsr_diff=0.001557 integral_mean=0.000174 integral_std=0.003705 log_ratio=0.0000 accept=1.0000 swapped=True
i=7 pair=(2,1) lam_t=1.01600 lam_s=1.01960 tsr_diff=0.001557 integral_mean=-0.000141 integral_std=0.003637 log_ratio=-0.3374 accept=0.7136 swapped=True
i=8 pair=(0,1) lam_t=0.98000 lam_s=1.01600 tsr_diff=0.019574 integral_mean=0.002791 integral_std=0.053847 log_ratio=0.0000 accept=1.0000 swapped=True
i=8 pair=(2,3) lam_t=1.01960 lam_s=1.02000 tsr_diff=0.000212 integral_mean=0.000017 integral_std=0.000475 log_ratio=0.0000 accept=1.0000 swapped=True
i=8 pair=(1,0) lam_t=0.98000 lam_s=1.01600 tsr_diff=0.019574 integral_mean=-0.001491 integral_std=0.052103 log_ratio=-3.5792 accept=0.0279 swapped=False
i=8 pair=(3,2) lam_t=1.01960 lam_s=1.02000 tsr_diff=0.000212 integral_mean=-0.000005 integral_std=0.000462 log_ratio=-0.0119 accept=0.9882 swapped=True
i=9 pair=(0,2) lam_t=1.01600 lam_s=1.01960 tsr_diff=0.002266 integral_mean=0.000367 integral_std=0.005808 log_ratio=0.0000 accept=1.0000 swapped=True
i=9 pair=(2,0) lam_t=1.01600 lam_s=1.01960 tsr_diff=0.002266 integral_mean=-0.000203 integral_std=0.005497 log_ratio=-0.4865 accept=0.6148 swapped=True
i=10 pair=(1,0) lam_t=0.98000 lam_s=1.01600 tsr_diff=0.026699 integral_mean=-0.005501 integral_std=0.092618 log_ratio=-13.2015 accept=0.0000 swapped=False
i=10 pair=(2,3) lam_t=1.01960 lam_s=1.02000 tsr_diff=0.000287 integral_mean=-0.000016 integral_std=0.000710 log_ratio=-0.0374 accept=0.9633 swapped=True
i=10 pair=(1,0) lam_t=0.98000 lam_s=1.01600 tsr_diff=0.026699 integral_mean=-0.001003 integral_std=0.084901 log_ratio=-2.4069 accept=0.0901 swapped=False
i=10 pair=(3,2) lam_t=1.01960 lam_s=1.02000 tsr_diff=0.000287 integral_mean=-0.000004 integral_std=0.000719 log_ratio=-0.0089 accept=0.9911 swapped=True
i=11 pair=(0,2) lam_t=1.01600 lam_s=1.01960 tsr_diff=0.002883 integral_mean=0.000651 integral_std=0.008838 log_ratio=0.0000 accept=1.0000 swapped=True
i=11 pair=(2,0) lam_t=1.01600 lam_s=1.01960 tsr_diff=0.002883 integral_mean=-0.000098 integral_std=0.008314 log_ratio=-0.2346 accept=0.7909 swapped=True
i=12 pair=(1,0) lam_t=0.98000 lam_s=1.01600 tsr_diff=0.032371 integral_mean=0.001651 integral_std=0.131744 log_ratio=0.0000 accept=1.0000 swapped=True
i=12 pair=(2,3) lam_t=1.01960 lam_s=1.02000 tsr_diff=0.000346 integral_mean=0.000040 integral_std=0.001102 log_ratio=0.0000 accept=1.0000 swapped=True
i=12 pair=(0,1) lam_t=0.98000 lam_s=1.01600 tsr_diff=0.032371 integral_mean=-0.001564 integral_std=0.125285 log_ratio=-3.7525 accept=0.0235 swapped=False
i=12 pair=(3,2) lam_t=1.01960 lam_s=1.02000 tsr_diff=0.000346 integral_mean=-0.000053 integral_std=0.001072 log_ratio=-0.1273 accept=0.8804 swapped=True
i=13 pair=(1,2) lam_t=1.01600 lam_s=1.01960 tsr_diff=0.003308 integral_mean=-0.000380 integral_std=0.019907 log_ratio=-0.9113 accept=0.4020 swapped=False
i=13 pair=(1,2) lam_t=1.01600 lam_s=1.01960 tsr_diff=0.003308 integral_mean=0.000116 integral_std=0.017742 log_ratio=0.0000 accept=1.0000 swapped=True
i=14 pair=(0,2) lam_t=0.98000 lam_s=1.01600 tsr_diff=0.035624 integral_mean=0.001136 integral_std=0.330831 log_ratio=0.0000 accept=1.0000 swapped=True
i=14 pair=(1,3) lam_t=1.01960 lam_s=1.02000 tsr_diff=0.000379 integral_mean=0.000295 integral_std=0.005449 log_ratio=0.0000 accept=1.0000 swapped=True
i=14 pair=(2,0) lam_t=0.98000 lam_s=1.01600 tsr_diff=0.035624 integral_mean=-0.033702 integral_std=0.476781 log_ratio=-80.8838 accept=0.0000 swapped=False
i=14 pair=(3,1) lam_t=1.01960 lam_s=1.02000 tsr_diff=0.000379 integral_mean=-0.001080 integral_std=0.006254 log_ratio=-2.5912 accept=0.0749 swapped=False
Best Sample: 0 log probability -20.116
Saved 1 samples to: logs/pointmaze-giant-navigate-v0/inference/plans/release_H400_T256_LimitsNormalizer_b1_condFalse/2026-07-17 18:38:38/35/0.png
Saved 1 samples to: logs/pointmaze-giant-navigate-v0/inference/plans/release_H400_T256_LimitsNormalizer_b1_condFalse/2026-07-17 18:38:38/35/rollout.png
i=0 pair=(0,1) lam_t=0.98000 lam_s=1.01600 tsr_diff=0.000000 integral_mean=0.000000 integral_std=0.000000 log_ratio=0.0000 accept=1.0000 swapped=True
i=0 pair=(2,3) lam_t=1.01960 lam_s=1.02000 tsr_diff=0.000000 integral_mean=0.000000 integral_std=0.000000 log_ratio=0.0000 accept=1.0000 swapped=True
i=0 pair=(1,0) lam_t=0.98000 lam_s=1.01600 tsr_diff=0.000000 integral_mean=0.000000 integral_std=0.000000 log_ratio=0.0000 accept=1.0000 swapped=True
i=0 pair=(3,2) lam_t=1.01960 lam_s=1.02000 tsr_diff=0.000000 integral_mean=0.000000 integral_std=0.000000 log_ratio=0.0000 accept=1.0000 swapped=True
i=1 pair=(1,2) lam_t=1.01600 lam_s=1.01960 tsr_diff=0.000038 integral_mean=-0.000000 integral_std=0.000082 log_ratio=-0.0009 accept=0.9991 swapped=True
i=1 pair=(2,1) lam_t=1.01600 lam_s=1.01960 tsr_diff=0.000038 integral_mean=0.000000 integral_std=0.000083 log_ratio=0.0000 accept=1.0000 swapped=True
i=2 pair=(0,1) lam_t=0.98000 lam_s=1.01600 tsr_diff=0.001521 integral_mean=0.000206 integral_std=0.003314 log_ratio=0.0000 accept=1.0000 swapped=True
i=2 pair=(2,3) lam_t=1.01960 lam_s=1.02000 tsr_diff=0.000017 integral_mean=-0.000004 integral_std=0.000039 log_ratio=-0.0092 accept=0.9909 swapped=True
i=2 pair=(1,0) lam_t=0.98000 lam_s=1.01600 tsr_diff=0.001521 integral_mean=0.000072 integral_std=0.003154 log_ratio=0.0000 accept=1.0000 swapped=True
i=2 pair=(3,2) lam_t=1.01960 lam_s=1.02000 tsr_diff=0.000017 integral_mean=0.000001 integral_std=0.000038 log_ratio=0.0000 accept=1.0000 swapped=True
i=3 pair=(1,2) lam_t=1.01600 lam_s=1.01960 tsr_diff=0.000335 integral_mean=-0.000220 integral_std=0.000964 log_ratio=-0.5274 accept=0.5901 swapped=False
i=3 pair=(1,2) lam_t=1.01600 lam_s=1.01960 tsr_diff=0.000335 integral_mean=-0.000253 integral_std=0.001105 log_ratio=-0.6067 accept=0.5451 swapped=True
i=4 pair=(0,2) lam_t=0.98000 lam_s=1.01600 tsr_diff=0.005829 integral_mean=-0.001679 integral_std=0.015896 log_ratio=-4.0294 accept=0.0178 swapped=False
i=4 pair=(1,3) lam_t=1.01960 lam_s=1.02000 tsr_diff=0.000064 integral_mean=-0.000006 integral_std=0.000133 log_ratio=-0.0141 accept=0.9860 swapped=True
i=4 pair=(0,2) lam_t=0.98000 lam_s=1.01600 tsr_diff=0.005829 integral_mean=-0.000582 integral_std=0.013778 log_ratio=-1.3956 accept=0.2477 swapped=False
i=4 pair=(3,1) lam_t=1.01960 lam_s=1.02000 tsr_diff=0.000064 integral_mean=0.000004 integral_std=0.000129 log_ratio=0.0000 accept=1.0000 swapped=True
i=5 pair=(2,1) lam_t=1.01600 lam_s=1.01960 tsr_diff=0.000873 integral_mean=0.000225 integral_std=0.002024 log_ratio=0.0000 accept=1.0000 swapped=True
i=5 pair=(1,2) lam_t=1.01600 lam_s=1.01960 tsr_diff=0.000873 integral_mean=-0.000075 integral_std=0.001926 log_ratio=-0.1806 accept=0.8348 swapped=True
i=6 pair=(0,2) lam_t=0.98000 lam_s=1.01600 tsr_diff=0.012203 integral_mean=-0.001510 integral_std=0.026175 log_ratio=-3.6245 accept=0.0267 swapped=False
i=6 pair=(1,3) lam_t=1.01960 lam_s=1.02000 tsr_diff=0.000134 integral_mean=-0.000000 integral_std=0.000270 log_ratio=-0.0007 accept=0.9993 swapped=True
i=6 pair=(0,2) lam_t=0.98000 lam_s=1.01600 tsr_diff=0.012203 integral_mean=-0.000885 integral_std=0.026059 log_ratio=-2.1244 accept=0.1195 swapped=False
i=6 pair=(3,1) lam_t=1.01960 lam_s=1.02000 tsr_diff=0.000134 integral_mean=-0.000004 integral_std=0.000262 log_ratio=-0.0100 accept=0.9900 swapped=True
i=7 pair=(2,1) lam_t=1.01600 lam_s=1.01960 tsr_diff=0.001557 integral_mean=0.000028 integral_std=0.003628 log_ratio=0.0000 accept=1.0000 swapped=True
i=7 pair=(1,2) lam_t=1.01600 lam_s=1.01960 tsr_diff=0.001557 integral_mean=-0.000064 integral_std=0.003620 log_ratio=-0.1541 accept=0.8572 swapped=True
i=8 pair=(0,2) lam_t=0.98000 lam_s=1.01600 tsr_diff=0.019574 integral_mean=-0.003063 integral_std=0.048487 log_ratio=-7.3518 accept=0.0006 swapped=False
i=8 pair=(1,3) lam_t=1.01960 lam_s=1.02000 tsr_diff=0.000212 integral_mean=0.000010 integral_std=0.000462 log_ratio=0.0000 accept=1.0000 swapped=True
i=8 pair=(0,2) lam_t=0.98000 lam_s=1.01600 tsr_diff=0.019574 integral_mean=-0.002937 integral_std=0.051433 log_ratio=-7.0499 accept=0.0009 swapped=False
i=8 pair=(3,1) lam_t=1.01960 lam_s=1.02000 tsr_diff=0.000212 integral_mean=0.000005 integral_std=0.000470 log_ratio=0.0000 accept=1.0000 swapped=True
i=9 pair=(2,1) lam_t=1.01600 lam_s=1.01960 tsr_diff=0.002266 integral_mean=0.000306 integral_std=0.006047 log_ratio=0.0000 accept=1.0000 swapped=True
i=9 pair=(1,2) lam_t=1.01600 lam_s=1.01960 tsr_diff=0.002266 integral_mean=-0.000233 integral_std=0.006177 log_ratio=-0.5597 accept=0.5714 swapped=True
i=10 pair=(0,2) lam_t=0.98000 lam_s=1.01600 tsr_diff=0.026699 integral_mean=-0.004392 integral_std=0.084397 log_ratio=-10.5409 accept=0.0000 swapped=False
i=10 pair=(1,3) lam_t=1.01960 lam_s=1.02000 tsr_diff=0.000287 integral_mean=-0.000465 integral_std=0.001978 log_ratio=-1.1163 accept=0.3275 swapped=False
i=10 pair=(0,2) lam_t=0.98000 lam_s=1.01600 tsr_diff=0.026699 integral_mean=-0.004327 integral_std=0.083943 log_ratio=-10.3849 accept=0.0000 swapped=False
i=10 pair=(1,3) lam_t=1.01960 lam_s=1.02000 tsr_diff=0.000287 integral_mean=-0.000330 integral_std=0.001394 log_ratio=-0.7909 accept=0.4534 swapped=True
i=11 pair=(2,3) lam_t=1.01600 lam_s=1.01960 tsr_diff=0.002883 integral_mean=-0.003076 integral_std=0.018536 log_ratio=-7.3819 accept=0.0006 swapped=False
i=11 pair=(2,3) lam_t=1.01600 lam_s=1.01960 tsr_diff=0.002883 integral_mean=-0.000769 integral_std=0.011652 log_ratio=-1.8468 accept=0.1577 swapped=False
i=12 pair=(0,2) lam_t=0.98000 lam_s=1.01600 tsr_diff=0.032371 integral_mean=-0.017945 integral_std=0.164233 log_ratio=-43.0675 accept=0.0000 swapped=False
i=12 pair=(3,1) lam_t=1.01960 lam_s=1.02000 tsr_diff=0.000346 integral_mean=0.000251 integral_std=0.001571 log_ratio=0.0000 accept=1.0000 swapped=True
i=12 pair=(0,2) lam_t=0.98000 lam_s=1.01600 tsr_diff=0.032371 integral_mean=-0.014036 integral_std=0.148847 log_ratio=-33.6875 accept=0.0000 swapped=False
i=12 pair=(1,3) lam_t=1.01960 lam_s=1.02000 tsr_diff=0.000346 integral_mean=-0.000160 integral_std=0.001420 log_ratio=-0.3838 accept=0.6812 swapped=False
i=13 pair=(2,1) lam_t=1.01600 lam_s=1.01960 tsr_diff=0.003308 integral_mean=0.002410 integral_std=0.025063 log_ratio=0.0000 accept=1.0000 swapped=True
i=13 pair=(1,2) lam_t=1.01600 lam_s=1.01960 tsr_diff=0.003308 integral_mean=-0.002694 integral_std=0.025290 log_ratio=-6.4659 accept=0.0016 swapped=False
i=14 pair=(0,1) lam_t=0.98000 lam_s=1.01600 tsr_diff=0.035624 integral_mean=-0.019067 integral_std=0.185447 log_ratio=-45.7607 accept=0.0000 swapped=False
i=14 pair=(2,3) lam_t=1.01960 lam_s=1.02000 tsr_diff=0.000379 integral_mean=0.001577 integral_std=0.012746 log_ratio=0.0000 accept=1.0000 swapped=True
i=14 pair=(0,1) lam_t=0.98000 lam_s=1.01600 tsr_diff=0.035624 integral_mean=-0.002073 integral_std=0.082080 log_ratio=-4.9750 accept=0.0069 swapped=False
i=14 pair=(3,2) lam_t=1.01960 lam_s=1.02000 tsr_diff=0.000379 integral_mean=-0.001022 integral_std=0.012558 log_ratio=-2.4525 accept=0.0861 swapped=False
Best Sample: 0 log probability -0.083
Saved 1 samples to: logs/pointmaze-giant-navigate-v0/inference/plans/release_H400_T256_LimitsNormalizer_b1_condFalse/2026-07-17 18:38:38/36/0.png
Saved 1 samples to: logs/pointmaze-giant-navigate-v0/inference/plans/release_H400_T256_LimitsNormalizer_b1_condFalse/2026-07-17 18:38:38/36/rollout.png
i=0 pair=(0,1) lam_t=0.98000 lam_s=1.01600 tsr_diff=0.000000 integral_mean=0.000000 integral_std=0.000000 log_ratio=0.0000 accept=1.0000 swapped=True
i=0 pair=(2,3) lam_t=1.01960 lam_s=1.02000 tsr_diff=0.000000 integral_mean=0.000000 integral_std=0.000000 log_ratio=0.0000 accept=1.0000 swapped=True
i=0 pair=(1,0) lam_t=0.98000 lam_s=1.01600 tsr_diff=0.000000 integral_mean=0.000000 integral_std=0.000000 log_ratio=0.0000 accept=1.0000 swapped=True
i=0 pair=(3,2) lam_t=1.01960 lam_s=1.02000 tsr_diff=0.000000 integral_mean=0.000000 integral_std=0.000000 log_ratio=0.0000 accept=1.0000 swapped=True
i=1 pair=(1,2) lam_t=1.01600 lam_s=1.01960 tsr_diff=0.000038 integral_mean=-0.000001 integral_std=0.000074 log_ratio=-0.0016 accept=0.9984 swapped=True
i=1 pair=(2,1) lam_t=1.01600 lam_s=1.01960 tsr_diff=0.000038 integral_mean=-0.000002 integral_std=0.000077 log_ratio=-0.0037 accept=0.9963 swapped=True
i=2 pair=(0,1) lam_t=0.98000 lam_s=1.01600 tsr_diff=0.001521 integral_mean=-0.000158 integral_std=0.003296 log_ratio=-0.3786 accept=0.6848 swapped=True
i=2 pair=(2,3) lam_t=1.01960 lam_s=1.02000 tsr_diff=0.000017 integral_mean=-0.000001 integral_std=0.000035 log_ratio=-0.0029 accept=0.9971 swapped=True
i=2 pair=(1,0) lam_t=0.98000 lam_s=1.01600 tsr_diff=0.001521 integral_mean=0.000191 integral_std=0.003327 log_ratio=0.0000 accept=1.0000 swapped=True
i=2 pair=(3,2) lam_t=1.01960 lam_s=1.02000 tsr_diff=0.000017 integral_mean=-0.000002 integral_std=0.000036 log_ratio=-0.0038 accept=0.9962 swapped=True
i=3 pair=(1,2) lam_t=1.01600 lam_s=1.01960 tsr_diff=0.000335 integral_mean=-0.000016 integral_std=0.000727 log_ratio=-0.0381 accept=0.9626 swapped=False
i=3 pair=(1,2) lam_t=1.01600 lam_s=1.01960 tsr_diff=0.000335 integral_mean=-0.000007 integral_std=0.000696 log_ratio=-0.0173 accept=0.9828 swapped=False
i=4 pair=(0,1) lam_t=0.98000 lam_s=1.01600 tsr_diff=0.005829 integral_mean=-0.001859 integral_std=0.014110 log_ratio=-4.4613 accept=0.0115 swapped=False
i=4 pair=(2,3) lam_t=1.01960 lam_s=1.02000 tsr_diff=0.000064 integral_mean=0.000004 integral_std=0.000137 log_ratio=0.0000 accept=1.0000 swapped=True
i=4 pair=(0,1) lam_t=0.98000 lam_s=1.01600 tsr_diff=0.005829 integral_mean=-0.000659 integral_std=0.013014 log_ratio=-1.5815 accept=0.2057 swapped=False
i=4 pair=(3,2) lam_t=1.01960 lam_s=1.02000 tsr_diff=0.000064 integral_mean=-0.000007 integral_std=0.000131 log_ratio=-0.0158 accept=0.9844 swapped=True
i=5 pair=(1,2) lam_t=1.01600 lam_s=1.01960 tsr_diff=0.000873 integral_mean=0.000048 integral_std=0.001947 log_ratio=0.0000 accept=1.0000 swapped=True
i=5 pair=(2,1) lam_t=1.01600 lam_s=1.01960 tsr_diff=0.000873 integral_mean=-0.000054 integral_std=0.002006 log_ratio=-0.1298 accept=0.8783 swapped=True
i=6 pair=(0,1) lam_t=0.98000 lam_s=1.01600 tsr_diff=0.012203 integral_mean=-0.000390 integral_std=0.027267 log_ratio=-0.9367 accept=0.3919 swapped=False
i=6 pair=(2,3) lam_t=1.01960 lam_s=1.02000 tsr_diff=0.000134 integral_mean=-0.000006 integral_std=0.000317 log_ratio=-0.0155 accept=0.9846 swapped=True
i=6 pair=(0,1) lam_t=0.98000 lam_s=1.01600 tsr_diff=0.012203 integral_mean=-0.000864 integral_std=0.026933 log_ratio=-2.0746 accept=0.1256 swapped=False
i=6 pair=(3,2) lam_t=1.01960 lam_s=1.02000 tsr_diff=0.000134 integral_mean=0.000001 integral_std=0.000301 log_ratio=0.0000 accept=1.0000 swapped=True
i=7 pair=(1,2) lam_t=1.01600 lam_s=1.01960 tsr_diff=0.001557 integral_mean=-0.000212 integral_std=0.003850 log_ratio=-0.5078 accept=0.6018 swapped=True
i=7 pair=(2,1) lam_t=1.01600 lam_s=1.01960 tsr_diff=0.001557 integral_mean=0.000148 integral_std=0.003534 log_ratio=0.0000 accept=1.0000 swapped=True
i=8 pair=(0,1) lam_t=0.98000 lam_s=1.01600 tsr_diff=0.019574 integral_mean=-0.001635 integral_std=0.045686 log_ratio=-3.9234 accept=0.0198 swapped=False
i=8 pair=(2,3) lam_t=1.01960 lam_s=1.02000 tsr_diff=0.000212 integral_mean=0.000083 integral_std=0.000586 log_ratio=0.0000 accept=1.0000 swapped=True
i=8 pair=(0,1) lam_t=0.98000 lam_s=1.01600 tsr_diff=0.019574 integral_mean=0.000883 integral_std=0.048079 log_ratio=0.0000 accept=1.0000 swapped=True
i=8 pair=(3,2) lam_t=1.01960 lam_s=1.02000 tsr_diff=0.000212 integral_mean=-0.000044 integral_std=0.000552 log_ratio=-0.1061 accept=0.8993 swapped=False
i=9 pair=(0,3) lam_t=1.01600 lam_s=1.01960 tsr_diff=0.002266 integral_mean=0.000275 integral_std=0.005487 log_ratio=0.0000 accept=1.0000 swapped=True
i=9 pair=(3,0) lam_t=1.01600 lam_s=1.01960 tsr_diff=0.002266 integral_mean=-0.000066 integral_std=0.005567 log_ratio=-0.1588 accept=0.8532 swapped=True
i=10 pair=(1,0) lam_t=0.98000 lam_s=1.01600 tsr_diff=0.026699 integral_mean=-0.002015 integral_std=0.074628 log_ratio=-4.8357 accept=0.0079 swapped=False
i=10 pair=(3,2) lam_t=1.01960 lam_s=1.02000 tsr_diff=0.000287 integral_mean=0.000012 integral_std=0.000760 log_ratio=0.0000 accept=1.0000 swapped=True
i=10 pair=(1,0) lam_t=0.98000 lam_s=1.01600 tsr_diff=0.026699 integral_mean=-0.002454 integral_std=0.074884 log_ratio=-5.8902 accept=0.0028 swapped=False
i=10 pair=(2,3) lam_t=1.01960 lam_s=1.02000 tsr_diff=0.000287 integral_mean=-0.000023 integral_std=0.000706 log_ratio=-0.0550 accept=0.9464 swapped=True
i=11 pair=(0,3) lam_t=1.01600 lam_s=1.01960 tsr_diff=0.002883 integral_mean=-0.000003 integral_std=0.007415 log_ratio=-0.0075 accept=0.9925 swapped=True
i=11 pair=(3,0) lam_t=1.01600 lam_s=1.01960 tsr_diff=0.002883 integral_mean=-0.000274 integral_std=0.007490 log_ratio=-0.6566 accept=0.5186 swapped=False
i=12 pair=(1,3) lam_t=0.98000 lam_s=1.01600 tsr_diff=0.032371 integral_mean=-0.006869 integral_std=0.150040 log_ratio=-16.4868 accept=0.0000 swapped=False
i=12 pair=(0,2) lam_t=1.01960 lam_s=1.02000 tsr_diff=0.000346 integral_mean=0.000102 integral_std=0.001161 log_ratio=0.0000 accept=1.0000 swapped=True
i=12 pair=(1,3) lam_t=0.98000 lam_s=1.01600 tsr_diff=0.032371 integral_mean=-0.004699 integral_std=0.126406 log_ratio=-11.2777 accept=0.0000 swapped=False
i=12 pair=(2,0) lam_t=1.01960 lam_s=1.02000 tsr_diff=0.000346 integral_mean=-0.000061 integral_std=0.001114 log_ratio=-0.1474 accept=0.8630 swapped=True
i=13 pair=(3,0) lam_t=1.01600 lam_s=1.01960 tsr_diff=0.003308 integral_mean=0.000003 integral_std=0.014991 log_ratio=0.0000 accept=1.0000 swapped=True
i=13 pair=(0,3) lam_t=1.01600 lam_s=1.01960 tsr_diff=0.003308 integral_mean=0.001354 integral_std=0.013786 log_ratio=0.0000 accept=1.0000 swapped=True
i=14 pair=(1,3) lam_t=0.98000 lam_s=1.01600 tsr_diff=0.035624 integral_mean=-0.014254 integral_std=0.449315 log_ratio=-34.2092 accept=0.0000 swapped=False
i=14 pair=(0,2) lam_t=1.01960 lam_s=1.02000 tsr_diff=0.000379 integral_mean=0.000373 integral_std=0.004179 log_ratio=0.0000 accept=1.0000 swapped=True
i=14 pair=(1,3) lam_t=0.98000 lam_s=1.01600 tsr_diff=0.035624 integral_mean=0.001800 integral_std=0.338300 log_ratio=0.0000 accept=1.0000 swapped=True
i=14 pair=(2,0) lam_t=1.01960 lam_s=1.02000 tsr_diff=0.000379 integral_mean=-0.001893 integral_std=0.015883 log_ratio=-4.5441 accept=0.0106 swapped=False
Best Sample: 3 log probability -0.355
Saved 1 samples to: logs/pointmaze-giant-navigate-v0/inference/plans/release_H400_T256_LimitsNormalizer_b1_condFalse/2026-07-17 18:38:38/37/0.png
Saved 1 samples to: logs/pointmaze-giant-navigate-v0/inference/plans/release_H400_T256_LimitsNormalizer_b1_condFalse/2026-07-17 18:38:38/37/rollout.png
i=0 pair=(0,1) lam_t=0.98000 lam_s=1.01600 tsr_diff=0.000000 integral_mean=0.000000 integral_std=0.000000 log_ratio=0.0000 accept=1.0000 swapped=True
i=0 pair=(2,3) lam_t=1.01960 lam_s=1.02000 tsr_diff=0.000000 integral_mean=0.000000 integral_std=0.000000 log_ratio=0.0000 accept=1.0000 swapped=True
i=0 pair=(1,0) lam_t=0.98000 lam_s=1.01600 tsr_diff=0.000000 integral_mean=0.000000 integral_std=0.000000 log_ratio=0.0000 accept=1.0000 swapped=True
i=0 pair=(3,2) lam_t=1.01960 lam_s=1.02000 tsr_diff=0.000000 integral_mean=0.000000 integral_std=0.000000 log_ratio=0.0000 accept=1.0000 swapped=True
i=1 pair=(1,2) lam_t=1.01600 lam_s=1.01960 tsr_diff=0.000038 integral_mean=0.000001 integral_std=0.000077 log_ratio=0.0000 accept=1.0000 swapped=True
i=1 pair=(2,1) lam_t=1.01600 lam_s=1.01960 tsr_diff=0.000038 integral_mean=0.000000 integral_std=0.000076 log_ratio=0.0000 accept=1.0000 swapped=True
i=2 pair=(0,1) lam_t=0.98000 lam_s=1.01600 tsr_diff=0.001521 integral_mean=-0.000012 integral_std=0.003150 log_ratio=-0.0282 accept=0.9722 swapped=True
i=2 pair=(2,3) lam_t=1.01960 lam_s=1.02000 tsr_diff=0.000017 integral_mean=0.000002 integral_std=0.000036 log_ratio=0.0000 accept=1.0000 swapped=True
i=2 pair=(1,0) lam_t=0.98000 lam_s=1.01600 tsr_diff=0.001521 integral_mean=-0.000003 integral_std=0.003077 log_ratio=-0.0083 accept=0.9917 swapped=True
i=2 pair=(3,2) lam_t=1.01960 lam_s=1.02000 tsr_diff=0.000017 integral_mean=0.000000 integral_std=0.000036 log_ratio=0.0000 accept=1.0000 swapped=True
i=3 pair=(1,2) lam_t=1.01600 lam_s=1.01960 tsr_diff=0.000335 integral_mean=0.000028 integral_std=0.000668 log_ratio=0.0000 accept=1.0000 swapped=True
i=3 pair=(2,1) lam_t=1.01600 lam_s=1.01960 tsr_diff=0.000335 integral_mean=-0.000008 integral_std=0.000667 log_ratio=-0.0183 accept=0.9819 swapped=True
i=4 pair=(0,1) lam_t=0.98000 lam_s=1.01600 tsr_diff=0.005829 integral_mean=0.000022 integral_std=0.011805 log_ratio=0.0000 accept=1.0000 swapped=True
i=4 pair=(2,3) lam_t=1.01960 lam_s=1.02000 tsr_diff=0.000064 integral_mean=-0.000013 integral_std=0.000137 log_ratio=-0.0317 accept=0.9688 swapped=True
i=4 pair=(1,0) lam_t=0.98000 lam_s=1.01600 tsr_diff=0.005829 integral_mean=-0.000250 integral_std=0.012393 log_ratio=-0.6005 accept=0.5485 swapped=True
i=4 pair=(3,2) lam_t=1.01960 lam_s=1.02000 tsr_diff=0.000064 integral_mean=0.000010 integral_std=0.000140 log_ratio=0.0000 accept=1.0000 swapped=True
i=5 pair=(1,2) lam_t=1.01600 lam_s=1.01960 tsr_diff=0.000873 integral_mean=0.000056 integral_std=0.001778 log_ratio=0.0000 accept=1.0000 swapped=True
i=5 pair=(2,1) lam_t=1.01600 lam_s=1.01960 tsr_diff=0.000873 integral_mean=0.000012 integral_std=0.001795 log_ratio=0.0000 accept=1.0000 swapped=True
i=6 pair=(0,1) lam_t=0.98000 lam_s=1.01600 tsr_diff=0.012203 integral_mean=-0.000785 integral_std=0.025556 log_ratio=-1.8841 accept=0.1520 swapped=True
i=6 pair=(2,3) lam_t=1.01960 lam_s=1.02000 tsr_diff=0.000134 integral_mean=-0.000001 integral_std=0.000263 log_ratio=-0.0019 accept=0.9981 swapped=True
i=6 pair=(1,0) lam_t=0.98000 lam_s=1.01600 tsr_diff=0.012203 integral_mean=-0.000024 integral_std=0.025647 log_ratio=-0.0569 accept=0.9446 swapped=True
i=6 pair=(3,2) lam_t=1.01960 lam_s=1.02000 tsr_diff=0.000134 integral_mean=-0.000010 integral_std=0.000280 log_ratio=-0.0250 accept=0.9753 swapped=True
i=7 pair=(1,2) lam_t=1.01600 lam_s=1.01960 tsr_diff=0.001557 integral_mean=-0.000090 integral_std=0.003445 log_ratio=-0.2154 accept=0.8062 swapped=False
i=7 pair=(1,2) lam_t=1.01600 lam_s=1.01960 tsr_diff=0.001557 integral_mean=-0.000005 integral_std=0.003355 log_ratio=-0.0121 accept=0.9880 swapped=True
i=8 pair=(0,2) lam_t=0.98000 lam_s=1.01600 tsr_diff=0.019574 integral_mean=-0.000917 integral_std=0.039359 log_ratio=-2.2019 accept=0.1106 swapped=False
i=8 pair=(1,3) lam_t=1.01960 lam_s=1.02000 tsr_diff=0.000212 integral_mean=0.000016 integral_std=0.000464 log_ratio=0.0000 accept=1.0000 swapped=True
i=8 pair=(0,2) lam_t=0.98000 lam_s=1.01600 tsr_diff=0.019574 integral_mean=-0.000086 integral_std=0.040545 log_ratio=-0.2056 accept=0.8141 swapped=True
i=8 pair=(3,1) lam_t=1.01960 lam_s=1.02000 tsr_diff=0.000212 integral_mean=-0.000004 integral_std=0.000467 log_ratio=-0.0086 accept=0.9914 swapped=True
i=9 pair=(0,1) lam_t=1.01600 lam_s=1.01960 tsr_diff=0.002266 integral_mean=0.000419 integral_std=0.006548 log_ratio=0.0000 accept=1.0000 swapped=True
i=9 pair=(1,0) lam_t=1.01600 lam_s=1.01960 tsr_diff=0.002266 integral_mean=-0.000236 integral_std=0.006733 log_ratio=-0.5660 accept=0.5678 swapped=False
i=10 pair=(2,1) lam_t=0.98000 lam_s=1.01600 tsr_diff=0.026699 integral_mean=-0.005837 integral_std=0.069744 log_ratio=-14.0077 accept=0.0000 swapped=False
i=10 pair=(0,3) lam_t=1.01960 lam_s=1.02000 tsr_diff=0.000287 integral_mean=0.000056 integral_std=0.000750 log_ratio=0.0000 accept=1.0000 swapped=True
i=10 pair=(2,1) lam_t=0.98000 lam_s=1.01600 tsr_diff=0.026699 integral_mean=-0.005143 integral_std=0.067348 log_ratio=-12.3438 accept=0.0000 swapped=False
i=10 pair=(3,0) lam_t=1.01960 lam_s=1.02000 tsr_diff=0.000287 integral_mean=-0.000018 integral_std=0.000646 log_ratio=-0.0430 accept=0.9579 swapped=True
i=11 pair=(1,0) lam_t=1.01600 lam_s=1.01960 tsr_diff=0.002883 integral_mean=0.000700 integral_std=0.010214 log_ratio=0.0000 accept=1.0000 swapped=True
i=11 pair=(0,1) lam_t=1.01600 lam_s=1.01960 tsr_diff=0.002883 integral_mean=-0.000527 integral_std=0.008883 log_ratio=-1.2649 accept=0.2823 swapped=False
i=12 pair=(2,0) lam_t=0.98000 lam_s=1.01600 tsr_diff=0.032371 integral_mean=-0.003633 integral_std=0.099407 log_ratio=-8.7196 accept=0.0002 swapped=False
i=12 pair=(1,3) lam_t=1.01960 lam_s=1.02000 tsr_diff=0.000346 integral_mean=0.000216 integral_std=0.001710 log_ratio=0.0000 accept=1.0000 swapped=True
i=12 pair=(2,0) lam_t=0.98000 lam_s=1.01600 tsr_diff=0.032371 integral_mean=-0.000184 integral_std=0.095483 log_ratio=-0.4412 accept=0.6433 swapped=True
i=12 pair=(3,1) lam_t=1.01960 lam_s=1.02000 tsr_diff=0.000346 integral_mean=-0.000165 integral_std=0.001218 log_ratio=-0.3961 accept=0.6729 swapped=False
i=13 pair=(2,3) lam_t=1.01600 lam_s=1.01960 tsr_diff=0.003308 integral_mean=-0.000290 integral_std=0.009872 log_ratio=-0.6957 accept=0.4987 swapped=False
i=13 pair=(2,3) lam_t=1.01600 lam_s=1.01960 tsr_diff=0.003308 integral_mean=-0.000251 integral_std=0.009994 log_ratio=-0.6028 accept=0.5473 swapped=True
i=14 pair=(0,3) lam_t=0.98000 lam_s=1.01600 tsr_diff=0.035624 integral_mean=0.003717 integral_std=0.242795 log_ratio=0.0000 accept=1.0000 swapped=True
i=14 pair=(2,1) lam_t=1.01960 lam_s=1.02000 tsr_diff=0.000379 integral_mean=-0.000840 integral_std=0.004755 log_ratio=-2.0154 accept=0.1333 swapped=False
i=14 pair=(3,0) lam_t=0.98000 lam_s=1.01600 tsr_diff=0.035624 integral_mean=0.007202 integral_std=0.227452 log_ratio=0.0000 accept=1.0000 swapped=True
i=14 pair=(2,1) lam_t=1.01960 lam_s=1.02000 tsr_diff=0.000379 integral_mean=-0.000544 integral_std=0.003914 log_ratio=-1.3060 accept=0.2709 swapped=False
Best Sample: 2 log probability -0.013
Saved 1 samples to: logs/pointmaze-giant-navigate-v0/inference/plans/release_H400_T256_LimitsNormalizer_b1_condFalse/2026-07-17 18:38:38/38/0.png
Saved 1 samples to: logs/pointmaze-giant-navigate-v0/inference/plans/release_H400_T256_LimitsNormalizer_b1_condFalse/2026-07-17 18:38:38/38/rollout.png
i=0 pair=(0,1) lam_t=0.98000 lam_s=1.01600 tsr_diff=0.000000 integral_mean=0.000000 integral_std=0.000000 log_ratio=0.0000 accept=1.0000 swapped=True
i=0 pair=(2,3) lam_t=1.01960 lam_s=1.02000 tsr_diff=0.000000 integral_mean=0.000000 integral_std=0.000000 log_ratio=0.0000 accept=1.0000 swapped=True
i=0 pair=(1,0) lam_t=0.98000 lam_s=1.01600 tsr_diff=0.000000 integral_mean=0.000000 integral_std=0.000000 log_ratio=0.0000 accept=1.0000 swapped=True
i=0 pair=(3,2) lam_t=1.01960 lam_s=1.02000 tsr_diff=0.000000 integral_mean=0.000000 integral_std=0.000000 log_ratio=0.0000 accept=1.0000 swapped=True
i=1 pair=(1,2) lam_t=1.01600 lam_s=1.01960 tsr_diff=0.000038 integral_mean=0.000001 integral_std=0.000078 log_ratio=0.0000 accept=1.0000 swapped=True
i=1 pair=(2,1) lam_t=1.01600 lam_s=1.01960 tsr_diff=0.000038 integral_mean=0.000001 integral_std=0.000077 log_ratio=0.0000 accept=1.0000 swapped=True
i=2 pair=(0,1) lam_t=0.98000 lam_s=1.01600 tsr_diff=0.001521 integral_mean=0.000094 integral_std=0.003212 log_ratio=0.0000 accept=1.0000 swapped=True
i=2 pair=(2,3) lam_t=1.01960 lam_s=1.02000 tsr_diff=0.000017 integral_mean=-0.000006 integral_std=0.000041 log_ratio=-0.0151 accept=0.9850 swapped=True
i=2 pair=(1,0) lam_t=0.98000 lam_s=1.01600 tsr_diff=0.001521 integral_mean=-0.000032 integral_std=0.003033 log_ratio=-0.0778 accept=0.9252 swapped=True
i=2 pair=(3,2) lam_t=1.01960 lam_s=1.02000 tsr_diff=0.000017 integral_mean=0.000001 integral_std=0.000035 log_ratio=0.0000 accept=1.0000 swapped=True
i=3 pair=(1,2) lam_t=1.01600 lam_s=1.01960 tsr_diff=0.000335 integral_mean=0.000033 integral_std=0.000729 log_ratio=0.0000 accept=1.0000 swapped=True
i=3 pair=(2,1) lam_t=1.01600 lam_s=1.01960 tsr_diff=0.000335 integral_mean=-0.000031 integral_std=0.000711 log_ratio=-0.0756 accept=0.9272 swapped=True
i=4 pair=(0,1) lam_t=0.98000 lam_s=1.01600 tsr_diff=0.005829 integral_mean=0.001067 integral_std=0.014079 log_ratio=0.0000 accept=1.0000 swapped=True
i=4 pair=(2,3) lam_t=1.01960 lam_s=1.02000 tsr_diff=0.000064 integral_mean=0.000004 integral_std=0.000138 log_ratio=0.0000 accept=1.0000 swapped=True
i=4 pair=(1,0) lam_t=0.98000 lam_s=1.01600 tsr_diff=0.005829 integral_mean=-0.002327 integral_std=0.013976 log_ratio=-5.5848 accept=0.0038 swapped=False
i=4 pair=(3,2) lam_t=1.01960 lam_s=1.02000 tsr_diff=0.000064 integral_mean=0.000005 integral_std=0.000142 log_ratio=0.0000 accept=1.0000 swapped=True
i=5 pair=(0,2) lam_t=1.01600 lam_s=1.01960 tsr_diff=0.000873 integral_mean=-0.000102 integral_std=0.002345 log_ratio=-0.2452 accept=0.7826 swapped=True
i=5 pair=(2,0) lam_t=1.01600 lam_s=1.01960 tsr_diff=0.000873 integral_mean=0.000026 integral_std=0.002201 log_ratio=0.0000 accept=1.0000 swapped=True
i=6 pair=(1,0) lam_t=0.98000 lam_s=1.01600 tsr_diff=0.012203 integral_mean=-0.001162 integral_std=0.026943 log_ratio=-2.7893 accept=0.0615 swapped=False
i=6 pair=(2,3) lam_t=1.01960 lam_s=1.02000 tsr_diff=0.000134 integral_mean=0.000029 integral_std=0.000303 log_ratio=0.0000 accept=1.0000 swapped=True
i=6 pair=(1,0) lam_t=0.98000 lam_s=1.01600 tsr_diff=0.012203 integral_mean=-0.000787 integral_std=0.027398 log_ratio=-1.8890 accept=0.1512 swapped=False
i=6 pair=(3,2) lam_t=1.01960 lam_s=1.02000 tsr_diff=0.000134 integral_mean=-0.000004 integral_std=0.000272 log_ratio=-0.0098 accept=0.9902 swapped=True
i=7 pair=(0,2) lam_t=1.01600 lam_s=1.01960 tsr_diff=0.001557 integral_mean=0.000030 integral_std=0.003615 log_ratio=0.0000 accept=1.0000 swapped=True
i=7 pair=(2,0) lam_t=1.01600 lam_s=1.01960 tsr_diff=0.001557 integral_mean=-0.000113 integral_std=0.003626 log_ratio=-0.2719 accept=0.7619 swapped=True
i=8 pair=(1,0) lam_t=0.98000 lam_s=1.01600 tsr_diff=0.019574 integral_mean=-0.000289 integral_std=0.050998 log_ratio=-0.6924 accept=0.5004 swapped=False
i=8 pair=(2,3) lam_t=1.01960 lam_s=1.02000 tsr_diff=0.000212 integral_mean=-0.000005 integral_std=0.000461 log_ratio=-0.0110 accept=0.9891 swapped=True
i=8 pair=(1,0) lam_t=0.98000 lam_s=1.01600 tsr_diff=0.019574 integral_mean=-0.001606 integral_std=0.048005 log_ratio=-3.8533 accept=0.0212 swapped=False
i=8 pair=(3,2) lam_t=1.01960 lam_s=1.02000 tsr_diff=0.000212 integral_mean=0.000004 integral_std=0.000456 log_ratio=0.0000 accept=1.0000 swapped=True
i=9 pair=(0,2) lam_t=1.01600 lam_s=1.01960 tsr_diff=0.002266 integral_mean=0.000192 integral_std=0.006351 log_ratio=0.0000 accept=1.0000 swapped=True
i=9 pair=(2,0) lam_t=1.01600 lam_s=1.01960 tsr_diff=0.002266 integral_mean=-0.000188 integral_std=0.005846 log_ratio=-0.4502 accept=0.6375 swapped=True
i=10 pair=(1,0) lam_t=0.98000 lam_s=1.01600 tsr_diff=0.026699 integral_mean=-0.001010 integral_std=0.102029 log_ratio=-2.4244 accept=0.0885 swapped=False
i=10 pair=(2,3) lam_t=1.01960 lam_s=1.02000 tsr_diff=0.000287 integral_mean=0.000005 integral_std=0.000774 log_ratio=0.0000 accept=1.0000 swapped=True
i=10 pair=(1,0) lam_t=0.98000 lam_s=1.01600 tsr_diff=0.026699 integral_mean=-0.004151 integral_std=0.081882 log_ratio=-9.9620 accept=0.0000 swapped=False
i=10 pair=(3,2) lam_t=1.01960 lam_s=1.02000 tsr_diff=0.000287 integral_mean=0.000001 integral_std=0.000705 log_ratio=0.0000 accept=1.0000 swapped=True
i=11 pair=(0,2) lam_t=1.01600 lam_s=1.01960 tsr_diff=0.002883 integral_mean=0.000998 integral_std=0.010964 log_ratio=0.0000 accept=1.0000 swapped=True
i=11 pair=(2,0) lam_t=1.01600 lam_s=1.01960 tsr_diff=0.002883 integral_mean=-0.001412 integral_std=0.012639 log_ratio=-3.3876 accept=0.0338 swapped=False
i=12 pair=(1,2) lam_t=0.98000 lam_s=1.01600 tsr_diff=0.032371 integral_mean=0.012306 integral_std=0.193462 log_ratio=0.0000 accept=1.0000 swapped=True
i=12 pair=(0,3) lam_t=1.01960 lam_s=1.02000 tsr_diff=0.000346 integral_mean=0.000337 integral_std=0.001873 log_ratio=0.0000 accept=1.0000 swapped=True
i=12 pair=(2,1) lam_t=0.98000 lam_s=1.01600 tsr_diff=0.032371 integral_mean=-0.024664 integral_std=0.202055 log_ratio=-59.1939 accept=0.0000 swapped=False
i=12 pair=(3,0) lam_t=1.01960 lam_s=1.02000 tsr_diff=0.000346 integral_mean=-0.000308 integral_std=0.001741 log_ratio=-0.7401 accept=0.4771 swapped=False
i=13 pair=(1,3) lam_t=1.01600 lam_s=1.01960 tsr_diff=0.003308 integral_mean=0.002344 integral_std=0.023400 log_ratio=0.0000 accept=1.0000 swapped=True
i=13 pair=(3,1) lam_t=1.01600 lam_s=1.01960 tsr_diff=0.003308 integral_mean=-0.001796 integral_std=0.020158 log_ratio=-4.3102 accept=0.0134 swapped=False
i=14 pair=(2,3) lam_t=0.98000 lam_s=1.01600 tsr_diff=0.035624 integral_mean=-0.012019 integral_std=0.297094 log_ratio=-28.8446 accept=0.0000 swapped=False
i=14 pair=(1,0) lam_t=1.01960 lam_s=1.02000 tsr_diff=0.000379 integral_mean=-0.001049 integral_std=0.016859 log_ratio=-2.5166 accept=0.0807 swapped=False
i=14 pair=(2,3) lam_t=0.98000 lam_s=1.01600 tsr_diff=0.035624 integral_mean=-0.003231 integral_std=0.327935 log_ratio=-7.7534 accept=0.0004 swapped=False
i=14 pair=(1,0) lam_t=1.01960 lam_s=1.02000 tsr_diff=0.000379 integral_mean=-0.001388 integral_std=0.014254 log_ratio=-3.3314 accept=0.0357 swapped=False
Best Sample: 2 log probability -20.457
Saved 1 samples to: logs/pointmaze-giant-navigate-v0/inference/plans/release_H400_T256_LimitsNormalizer_b1_condFalse/2026-07-17 18:38:38/39/0.png
Saved 1 samples to: logs/pointmaze-giant-navigate-v0/inference/plans/release_H400_T256_LimitsNormalizer_b1_condFalse/2026-07-17 18:38:38/39/rollout.png
i=0 pair=(0,1) lam_t=0.98000 lam_s=1.01600 tsr_diff=0.000000 integral_mean=0.000000 integral_std=0.000000 log_ratio=0.0000 accept=1.0000 swapped=True
i=0 pair=(2,3) lam_t=1.01960 lam_s=1.02000 tsr_diff=0.000000 integral_mean=0.000000 integral_std=0.000000 log_ratio=0.0000 accept=1.0000 swapped=True
i=0 pair=(1,0) lam_t=0.98000 lam_s=1.01600 tsr_diff=0.000000 integral_mean=0.000000 integral_std=0.000000 log_ratio=0.0000 accept=1.0000 swapped=True
i=0 pair=(3,2) lam_t=1.01960 lam_s=1.02000 tsr_diff=0.000000 integral_mean=0.000000 integral_std=0.000000 log_ratio=0.0000 accept=1.0000 swapped=True
i=1 pair=(1,2) lam_t=1.01600 lam_s=1.01960 tsr_diff=0.000038 integral_mean=0.000003 integral_std=0.000075 log_ratio=0.0000 accept=1.0000 swapped=True
i=1 pair=(2,1) lam_t=1.01600 lam_s=1.01960 tsr_diff=0.000038 integral_mean=0.000000 integral_std=0.000082 log_ratio=0.0000 accept=1.0000 swapped=True
i=2 pair=(0,1) lam_t=0.98000 lam_s=1.01600 tsr_diff=0.001521 integral_mean=-0.000220 integral_std=0.003378 log_ratio=-0.5291 accept=0.5891 swapped=False
i=2 pair=(2,3) lam_t=1.01960 lam_s=1.02000 tsr_diff=0.000017 integral_mean=0.000000 integral_std=0.000034 log_ratio=0.0000 accept=1.0000 swapped=True
i=2 pair=(0,1) lam_t=0.98000 lam_s=1.01600 tsr_diff=0.001521 integral_mean=0.000005 integral_std=0.003043 log_ratio=0.0000 accept=1.0000 swapped=True
i=2 pair=(3,2) lam_t=1.01960 lam_s=1.02000 tsr_diff=0.000017 integral_mean=0.000000 integral_std=0.000032 log_ratio=0.0000 accept=1.0000 swapped=True
i=3 pair=(0,2) lam_t=1.01600 lam_s=1.01960 tsr_diff=0.000335 integral_mean=0.000006 integral_std=0.000681 log_ratio=0.0000 accept=1.0000 swapped=True
i=3 pair=(2,0) lam_t=1.01600 lam_s=1.01960 tsr_diff=0.000335 integral_mean=0.000030 integral_std=0.000699 log_ratio=0.0000 accept=1.0000 swapped=True
i=4 pair=(1,0) lam_t=0.98000 lam_s=1.01600 tsr_diff=0.005829 integral_mean=0.000786 integral_std=0.014032 log_ratio=0.0000 accept=1.0000 swapped=True
i=4 pair=(2,3) lam_t=1.01960 lam_s=1.02000 tsr_diff=0.000064 integral_mean=0.000001 integral_std=0.000134 log_ratio=0.0000 accept=1.0000 swapped=True
i=4 pair=(0,1) lam_t=0.98000 lam_s=1.01600 tsr_diff=0.005829 integral_mean=-0.000553 integral_std=0.012642 log_ratio=-1.3268 accept=0.2653 swapped=False
i=4 pair=(3,2) lam_t=1.01960 lam_s=1.02000 tsr_diff=0.000064 integral_mean=-0.000003 integral_std=0.000131 log_ratio=-0.0076 accept=0.9924 swapped=True
i=5 pair=(1,2) lam_t=1.01600 lam_s=1.01960 tsr_diff=0.000873 integral_mean=0.000045 integral_std=0.001896 log_ratio=0.0000 accept=1.0000 swapped=True
i=5 pair=(2,1) lam_t=1.01600 lam_s=1.01960 tsr_diff=0.000873 integral_mean=-0.000145 integral_std=0.002220 log_ratio=-0.3480 accept=0.7061 swapped=True
i=6 pair=(0,1) lam_t=0.98000 lam_s=1.01600 tsr_diff=0.012203 integral_mean=0.000224 integral_std=0.031300 log_ratio=0.0000 accept=1.0000 swapped=True
i=6 pair=(2,3) lam_t=1.01960 lam_s=1.02000 tsr_diff=0.000134 integral_mean=0.000032 integral_std=0.000319 log_ratio=0.0000 accept=1.0000 swapped=True
i=6 pair=(1,0) lam_t=0.98000 lam_s=1.01600 tsr_diff=0.012203 integral_mean=-0.000849 integral_std=0.029635 log_ratio=-2.0377 accept=0.1303 swapped=True
i=6 pair=(3,2) lam_t=1.01960 lam_s=1.02000 tsr_diff=0.000134 integral_mean=-0.000018 integral_std=0.000300 log_ratio=-0.0420 accept=0.9589 swapped=True
i=7 pair=(1,2) lam_t=1.01600 lam_s=1.01960 tsr_diff=0.001557 integral_mean=-0.000212 integral_std=0.003529 log_ratio=-0.5097 accept=0.6007 swapped=False
i=7 pair=(1,2) lam_t=1.01600 lam_s=1.01960 tsr_diff=0.001557 integral_mean=-0.000043 integral_std=0.003315 log_ratio=-0.1022 accept=0.9028 swapped=True
i=8 pair=(0,2) lam_t=0.98000 lam_s=1.01600 tsr_diff=0.019574 integral_mean=-0.002342 integral_std=0.049206 log_ratio=-5.6215 accept=0.0036 swapped=False
i=8 pair=(1,3) lam_t=1.01960 lam_s=1.02000 tsr_diff=0.000212 integral_mean=0.000019 integral_std=0.000525 log_ratio=0.0000 accept=1.0000 swapped=True
i=8 pair=(0,2) lam_t=0.98000 lam_s=1.01600 tsr_diff=0.019574 integral_mean=-0.003021 integral_std=0.051341 log_ratio=-7.2503 accept=0.0007 swapped=False
i=8 pair=(3,1) lam_t=1.01960 lam_s=1.02000 tsr_diff=0.000212 integral_mean=-0.000009 integral_std=0.000520 log_ratio=-0.0222 accept=0.9781 swapped=True
i=9 pair=(2,1) lam_t=1.01600 lam_s=1.01960 tsr_diff=0.002266 integral_mean=0.000729 integral_std=0.006539 log_ratio=0.0000 accept=1.0000 swapped=True
i=9 pair=(1,2) lam_t=1.01600 lam_s=1.01960 tsr_diff=0.002266 integral_mean=-0.000534 integral_std=0.006181 log_ratio=-1.2813 accept=0.2777 swapped=False
i=10 pair=(0,1) lam_t=0.98000 lam_s=1.01600 tsr_diff=0.026699 integral_mean=0.000594 integral_std=0.075171 log_ratio=0.0000 accept=1.0000 swapped=True
i=10 pair=(2,3) lam_t=1.01960 lam_s=1.02000 tsr_diff=0.000287 integral_mean=0.000079 integral_std=0.000884 log_ratio=0.0000 accept=1.0000 swapped=True
i=10 pair=(1,0) lam_t=0.98000 lam_s=1.01600 tsr_diff=0.026699 integral_mean=-0.002186 integral_std=0.071435 log_ratio=-5.2466 accept=0.0053 swapped=False
i=10 pair=(3,2) lam_t=1.01960 lam_s=1.02000 tsr_diff=0.000287 integral_mean=-0.000062 integral_std=0.000816 log_ratio=-0.1485 accept=0.8620 swapped=False
i=11 pair=(0,3) lam_t=1.01600 lam_s=1.01960 tsr_diff=0.002883 integral_mean=0.000378 integral_std=0.007270 log_ratio=0.0000 accept=1.0000 swapped=True
i=11 pair=(3,0) lam_t=1.01600 lam_s=1.01960 tsr_diff=0.002883 integral_mean=-0.000227 integral_std=0.007091 log_ratio=-0.5445 accept=0.5802 swapped=True
i=12 pair=(1,0) lam_t=0.98000 lam_s=1.01600 tsr_diff=0.032371 integral_mean=-0.000873 integral_std=0.120619 log_ratio=-2.0957 accept=0.1230 swapped=False
i=12 pair=(3,2) lam_t=1.01960 lam_s=1.02000 tsr_diff=0.000346 integral_mean=-0.000104 integral_std=0.001568 log_ratio=-0.2502 accept=0.7787 swapped=True
i=12 pair=(1,0) lam_t=0.98000 lam_s=1.01600 tsr_diff=0.032371 integral_mean=0.000265 integral_std=0.121144 log_ratio=0.0000 accept=1.0000 swapped=True
i=12 pair=(2,3) lam_t=1.01960 lam_s=1.02000 tsr_diff=0.000346 integral_mean=0.000064 integral_std=0.001255 log_ratio=0.0000 accept=1.0000 swapped=True
i=13 pair=(1,3) lam_t=1.01600 lam_s=1.01960 tsr_diff=0.003308 integral_mean=0.000401 integral_std=0.018911 log_ratio=0.0000 accept=1.0000 swapped=True
i=13 pair=(3,1) lam_t=1.01600 lam_s=1.01960 tsr_diff=0.003308 integral_mean=-0.000552 integral_std=0.017423 log_ratio=-1.3251 accept=0.2658 swapped=True
i=14 pair=(0,1) lam_t=0.98000 lam_s=1.01600 tsr_diff=0.035624 integral_mean=0.015629 integral_std=0.368200 log_ratio=0.0000 accept=1.0000 swapped=True
i=14 pair=(3,2) lam_t=1.01960 lam_s=1.02000 tsr_diff=0.000379 integral_mean=-0.000682 integral_std=0.007496 log_ratio=-1.6371 accept=0.1945 swapped=False
i=14 pair=(1,0) lam_t=0.98000 lam_s=1.01600 tsr_diff=0.035624 integral_mean=0.005241 integral_std=0.331104 log_ratio=0.0000 accept=1.0000 swapped=True
i=14 pair=(3,2) lam_t=1.01960 lam_s=1.02000 tsr_diff=0.000379 integral_mean=-0.000461 integral_std=0.004737 log_ratio=-1.1063 accept=0.3308 swapped=False
Best Sample: 3 log probability 0.000
Saved 1 samples to: logs/pointmaze-giant-navigate-v0/inference/plans/release_H400_T256_LimitsNormalizer_b1_condFalse/2026-07-17 18:38:38/40/0.png
Saved 1 samples to: logs/pointmaze-giant-navigate-v0/inference/plans/release_H400_T256_LimitsNormalizer_b1_condFalse/2026-07-17 18:38:38/40/rollout.png
Success Rate: 35.0, Average Compute: 128.0
Exception ignored in: <function OffScreenViewer.__del__ at 0x14f49b2eb400>
Traceback (most recent call last):
  File "/n/home00/zoewu/.conda/envs/maze/lib/python3.10/site-packages/gymnasium/envs/mujoco/mujoco_rendering.py", line 204, in __del__
    self.free()
  File "/n/home00/zoewu/.conda/envs/maze/lib/python3.10/site-packages/gymnasium/envs/mujoco/mujoco_rendering.py", line 201, in free
    self.opengl_context.free()
  File "/n/home00/zoewu/.conda/envs/maze/lib/python3.10/site-packages/mujoco/egl/__init__.py", line 133, in free
    EGL.eglDestroyContext(EGL_DISPLAY, self._context)
  File "/n/home00/zoewu/.conda/envs/maze/lib/python3.10/site-packages/OpenGL/error.py", line 230, in glCheckError
    raise self._errorClass(
OpenGL.raw.EGL._errors.EGLError: EGLError(
	err = EGL_NOT_INITIALIZED,
	baseOperation = eglDestroyContext,
	cArguments = (
		<OpenGL._opaque.EGLDisplay_pointer object at 0x14f57951cec0>,
		<OpenGL._opaque.EGLContext_pointer object at 0x14f4a673fec0>,
	),
	result = 0
)
Exception ignored in: <function GLContext.__del__ at 0x14f4a4fc4f70>
Traceback (most recent call last):
  File "/n/home00/zoewu/.conda/envs/maze/lib/python3.10/site-packages/mujoco/egl/__init__.py", line 138, in __del__
    self.free()
  File "/n/home00/zoewu/.conda/envs/maze/lib/python3.10/site-packages/mujoco/egl/__init__.py", line 133, in free
    EGL.eglDestroyContext(EGL_DISPLAY, self._context)
  File "/n/home00/zoewu/.conda/envs/maze/lib/python3.10/site-packages/OpenGL/error.py", line 230, in glCheckError
    raise self._errorClass(
OpenGL.raw.EGL._errors.EGLError: EGLError(
	err = EGL_NOT_INITIALIZED,
	baseOperation = eglDestroyContext,
	cArguments = (
		<OpenGL._opaque.EGLDisplay_pointer object at 0x14f57951cec0>,
		<OpenGL._opaque.EGLContext_pointer object at 0x14f4a673fec0>,
	),
	result = 0
)
Exception ignored in: <function OffScreenViewer.__del__ at 0x14f49b2eb400>
Traceback (most recent call last):
  File "/n/home00/zoewu/.conda/envs/maze/lib/python3.10/site-packages/gymnasium/envs/mujoco/mujoco_rendering.py", line 204, in __del__
    self.free()
  File "/n/home00/zoewu/.conda/envs/maze/lib/python3.10/site-packages/gymnasium/envs/mujoco/mujoco_rendering.py", line 201, in free
    self.opengl_context.free()
  File "/n/home00/zoewu/.conda/envs/maze/lib/python3.10/site-packages/mujoco/egl/__init__.py", line 133, in free
    EGL.eglDestroyContext(EGL_DISPLAY, self._context)
  File "/n/home00/zoewu/.conda/envs/maze/lib/python3.10/site-packages/OpenGL/error.py", line 230, in glCheckError
    raise self._errorClass(
OpenGL.raw.EGL._errors.EGLError: EGLError(
	err = EGL_NOT_INITIALIZED,
	baseOperation = eglDestroyContext,
	cArguments = (
		<OpenGL._opaque.EGLDisplay_pointer object at 0x14f57951cec0>,
		<OpenGL._opaque.EGLContext_pointer object at 0x14f49b145440>,
	),
	result = 0
)
Exception ignored in: <function GLContext.__del__ at 0x14f4a4fc4f70>
Traceback (most recent call last):
  File "/n/home00/zoewu/.conda/envs/maze/lib/python3.10/site-packages/mujoco/egl/__init__.py", line 138, in __del__
    self.free()
  File "/n/home00/zoewu/.conda/envs/maze/lib/python3.10/site-packages/mujoco/egl/__init__.py", line 133, in free
    EGL.eglDestroyContext(EGL_DISPLAY, self._context)
  File "/n/home00/zoewu/.conda/envs/maze/lib/python3.10/site-packages/OpenGL/error.py", line 230, in glCheckError
    raise self._errorClass(
OpenGL.raw.EGL._errors.EGLError: EGLError(
	err = EGL_NOT_INITIALIZED,
	baseOperation = eglDestroyContext,
	cArguments = (
		<OpenGL._opaque.EGLDisplay_pointer object at 0x14f57951cec0>,
		<OpenGL._opaque.EGLContext_pointer object at 0x14f49b145440>,
	),
	result = 0
)
