/n/home00/zoewu/STEER/pointmaze/diffuser/utils/training.py:161: FutureWarning: You are using `torch.load` with `weights_only=False` (the current default value), which uses the default pickle module implicitly. It is possible to construct malicious pickle data which will execute arbitrary code during unpickling (See https://github.com/pytorch/pytorch/blob/main/SECURITY.md#untrusted-models for more details). In a future release, the default value for `weights_only` will be flipped to `True`. This limits the functions that could be executed during unpickling. Arbitrary objects will no longer be allowed to be loaded via this mode unless they are explicitly allowlisted by the user via `torch.serialization.add_safe_globals`. We recommend you start setting `weights_only=True` for any use case where you don't have full control of the loaded file. Please open an issue on GitHub for any issues related to this experimental feature.
  data = torch.load(loadpath, map_location='cpu')
[ utils/setup ] Reading config: config.pointmaze:pointmaze_giant_navigate_v0
[ utils/setup ] Using overrides | config: config.pointmaze | dataset: pointmaze_giant_navigate_v0
[ utils/setup ] Lazy fstring | diffusion_loadpath : f:diffusion/H{horizon}_T{n_diffusion_steps} --> diffusion/H400_T256
[ utils/setup ] Setting exp_name to: plans/release_H400_T256_LimitsNormalizer_b1_condFalse
[ utils/setup ] Saved args to logs/pointmaze-giant-navigate-v0/plans/release_H400_T256_LimitsNormalizer_b1_condFalse/0/args.json
[ utils/serialization ] Loaded config from logs/pointmaze-giant-navigate-v0/diffusion/H400_T256/dataset_config.pkl

[utils/config ] Config: <class 'diffuser.datasets.sequence.GoalDataset'>
    env: pointmaze-giant-navigate-v0
    horizon: 400
    max_path_length: 40000
    normalizer: LimitsNormalizer
    preprocess_fns: []
    termination_penalty: None
    use_padding: False

[ utils/serialization ] Loaded config from logs/pointmaze-giant-navigate-v0/diffusion/H400_T256/render_config.pkl

[utils/config ] Config: <class 'diffuser.utils.rendering.PointMazeRenderer'>
    env: pointmaze-giant-navigate-v0

[ utils/serialization ] Loaded config from logs/pointmaze-giant-navigate-v0/diffusion/H400_T256/model_config.pkl

[utils/config ] Config: <class 'diffuser.models.temporal.TemporalUnet'>
    cond_dim: 2
    dim_mults: (1, 4, 8)
    horizon: 424
    transition_dim: 4

[ utils/serialization ] Loaded config from logs/pointmaze-giant-navigate-v0/diffusion/H400_T256/diffusion_config.pkl

[utils/config ] Config: <class 'diffuser.models.diffusion.GaussianDiffusion'>
    action_dim: 2
    action_weight: 1
    clip_denoised: True
    horizon: 400
    loss_discount: 1
    loss_type: l2
    loss_weights: None
    n_timesteps: 256
    observation_dim: 2
    predict_epsilon: False

[ utils/serialization ] Loaded config from logs/pointmaze-giant-navigate-v0/diffusion/H400_T256/trainer_config.pkl

[utils/config ] Config: <class 'diffuser.utils.training.Trainer'>
    bucket: None
    ema_decay: 0.995
    gradient_accumulate_every: 2
    label_freq: 40000
    n_reference: 50
    n_samples: 10
    results_folder: logs/pointmaze-giant-navigate-v0/diffusion/H400_T256
    sample_freq: 1000
    save_freq: 1000
    save_parallel: False
    train_batch_size: 32
    train_lr: 0.0002

[ datasets/buffer ] Finalized replay buffer | 1500 episodes
[ datasets/buffer ] Fields:
    observations: (1500, 40000, 2)
    actions: (1500, 40000, 2)
    terminals: (1500, 40000, 1)
    next_observations: (1500, 40000, 2)
    normed_observations: (1500, 40000, 2)
    normed_actions: (1500, 40000, 2)
[ models/temporal ] Channel dimensions: [(4, 32), (32, 128), (128, 256)]
[(4, 32), (32, 128), (128, 256)]

[ utils/serialization ] Loading model epoch: 1200000

i=0 pair=(0,1) lam_t=0.99000 lam_s=1.00254 tsr_diff=0.000000 integral_mean=0.000000 integral_std=0.000000 log_ratio=0.0000 accept=1.0000 swapped=True
i=0 pair=(2,3) lam_t=1.00722 lam_s=1.00896 tsr_diff=0.000000 integral_mean=0.000000 integral_std=0.000000 log_ratio=0.0000 accept=1.0000 swapped=True
i=0 pair=(4,5) lam_t=1.00961 lam_s=1.00986 tsr_diff=0.000000 integral_mean=0.000000 integral_std=0.000000 log_ratio=0.0000 accept=1.0000 swapped=True
i=0 pair=(6,7) lam_t=1.00995 lam_s=1.01000 tsr_diff=0.000000 integral_mean=0.000000 integral_std=0.000000 log_ratio=0.0000 accept=1.0000 swapped=True
i=0 pair=(1,0) lam_t=0.99000 lam_s=1.00254 tsr_diff=0.000000 integral_mean=0.000000 integral_std=0.000000 log_ratio=0.0000 accept=1.0000 swapped=True
i=0 pair=(3,2) lam_t=1.00722 lam_s=1.00896 tsr_diff=0.000000 integral_mean=0.000000 integral_std=0.000000 log_ratio=0.0000 accept=1.0000 swapped=True
i=0 pair=(5,4) lam_t=1.00961 lam_s=1.00986 tsr_diff=0.000000 integral_mean=0.000000 integral_std=0.000000 log_ratio=0.0000 accept=1.0000 swapped=True
i=0 pair=(7,6) lam_t=1.00995 lam_s=1.01000 tsr_diff=0.000000 integral_mean=0.000000 integral_std=0.000000 log_ratio=0.0000 accept=1.0000 swapped=True
i=1 pair=(1,2) lam_t=1.00254 lam_s=1.00722 tsr_diff=0.000050 integral_mean=0.000002 integral_std=0.000099 log_ratio=0.0000 accept=1.0000 swapped=True
i=1 pair=(3,4) lam_t=1.00896 lam_s=1.00961 tsr_diff=0.000007 integral_mean=-0.000000 integral_std=0.000014 log_ratio=-0.0001 accept=0.9999 swapped=True
i=1 pair=(5,6) lam_t=1.00986 lam_s=1.00995 tsr_diff=0.000001 integral_mean=-0.000000 integral_std=0.000002 log_ratio=-0.0001 accept=0.9999 swapped=True
i=1 pair=(2,1) lam_t=1.00254 lam_s=1.00722 tsr_diff=0.000050 integral_mean=-0.000001 integral_std=0.000102 log_ratio=-0.0023 accept=0.9977 swapped=True
i=1 pair=(4,3) lam_t=1.00896 lam_s=1.00961 tsr_diff=0.000007 integral_mean=0.000000 integral_std=0.000014 log_ratio=0.0000 accept=1.0000 swapped=True
i=1 pair=(6,5) lam_t=1.00986 lam_s=1.00995 tsr_diff=0.000001 integral_mean=0.000000 integral_std=0.000002 log_ratio=0.0000 accept=1.0000 swapped=True
i=2 pair=(0,1) lam_t=0.99000 lam_s=1.00254 tsr_diff=0.000530 integral_mean=-0.000048 integral_std=0.001170 log_ratio=-0.1151 accept=0.8913 swapped=True
i=2 pair=(2,3) lam_t=1.00722 lam_s=1.00896 tsr_diff=0.000074 integral_mean=-0.000005 integral_std=0.000159 log_ratio=-0.0115 accept=0.9886 swapped=True
i=2 pair=(4,5) lam_t=1.00961 lam_s=1.00986 tsr_diff=0.000010 integral_mean=0.000000 integral_std=0.000020 log_ratio=0.0000 accept=1.0000 swapped=True
i=2 pair=(6,7) lam_t=1.00995 lam_s=1.01000 tsr_diff=0.000002 integral_mean=0.000000 integral_std=0.000005 log_ratio=0.0000 accept=1.0000 swapped=True
i=2 pair=(1,0) lam_t=0.99000 lam_s=1.00254 tsr_diff=0.000530 integral_mean=-0.000036 integral_std=0.001158 log_ratio=-0.0865 accept=0.9171 swapped=True
i=2 pair=(3,2) lam_t=1.00722 lam_s=1.00896 tsr_diff=0.000074 integral_mean=0.000001 integral_std=0.000147 log_ratio=0.0000 accept=1.0000 swapped=True
i=2 pair=(5,4) lam_t=1.00961 lam_s=1.00986 tsr_diff=0.000010 integral_mean=0.000001 integral_std=0.000021 log_ratio=0.0000 accept=1.0000 swapped=True
i=2 pair=(7,6) lam_t=1.00995 lam_s=1.01000 tsr_diff=0.000002 integral_mean=-0.000000 integral_std=0.000004 log_ratio=-0.0001 accept=0.9999 swapped=True
i=3 pair=(1,2) lam_t=1.00254 lam_s=1.00722 tsr_diff=0.000436 integral_mean=-0.000004 integral_std=0.000993 log_ratio=-0.0092 accept=0.9909 swapped=True
i=3 pair=(3,4) lam_t=1.00896 lam_s=1.00961 tsr_diff=0.000060 integral_mean=0.000010 integral_std=0.000124 log_ratio=0.0000 accept=1.0000 swapped=True
i=3 pair=(5,6) lam_t=1.00986 lam_s=1.00995 tsr_diff=0.000008 integral_mean=0.000000 integral_std=0.000018 log_ratio=0.0000 accept=1.0000 swapped=True
i=3 pair=(2,1) lam_t=1.00254 lam_s=1.00722 tsr_diff=0.000436 integral_mean=-0.000013 integral_std=0.000921 log_ratio=-0.0316 accept=0.9689 swapped=True
i=3 pair=(4,3) lam_t=1.00896 lam_s=1.00961 tsr_diff=0.000060 integral_mean=-0.000002 integral_std=0.000124 log_ratio=-0.0038 accept=0.9962 swapped=True
i=3 pair=(6,5) lam_t=1.00986 lam_s=1.00995 tsr_diff=0.000008 integral_mean=-0.000001 integral_std=0.000017 log_ratio=-0.0013 accept=0.9987 swapped=True
i=4 pair=(0,1) lam_t=0.99000 lam_s=1.00254 tsr_diff=0.002032 integral_mean=-0.000266 integral_std=0.004462 log_ratio=-0.6376 accept=0.5285 swapped=True
i=4 pair=(2,3) lam_t=1.00722 lam_s=1.00896 tsr_diff=0.000281 integral_mean=0.000029 integral_std=0.000587 log_ratio=0.0000 accept=1.0000 swapped=True
i=4 pair=(4,5) lam_t=1.00961 lam_s=1.00986 tsr_diff=0.000039 integral_mean=-0.000003 integral_std=0.000081 log_ratio=-0.0064 accept=0.9936 swapped=True
i=4 pair=(6,7) lam_t=1.00995 lam_s=1.01000 tsr_diff=0.000009 integral_mean=-0.000000 integral_std=0.000017 log_ratio=-0.0006 accept=0.9994 swapped=True
i=4 pair=(1,0) lam_t=0.99000 lam_s=1.00254 tsr_diff=0.002032 integral_mean=0.001366 integral_std=0.006029 log_ratio=0.0000 accept=1.0000 swapped=True
i=4 pair=(3,2) lam_t=1.00722 lam_s=1.00896 tsr_diff=0.000281 integral_mean=0.000002 integral_std=0.000578 log_ratio=0.0000 accept=1.0000 swapped=True
i=4 pair=(5,4) lam_t=1.00961 lam_s=1.00986 tsr_diff=0.000039 integral_mean=0.000003 integral_std=0.000082 log_ratio=0.0000 accept=1.0000 swapped=True
i=4 pair=(7,6) lam_t=1.00995 lam_s=1.01000 tsr_diff=0.000009 integral_mean=-0.000000 integral_std=0.000017 log_ratio=-0.0000 accept=1.0000 swapped=True
i=5 pair=(1,2) lam_t=1.00254 lam_s=1.00722 tsr_diff=0.001142 integral_mean=0.000550 integral_std=0.003238 log_ratio=0.0000 accept=1.0000 swapped=True
i=5 pair=(3,4) lam_t=1.00896 lam_s=1.00961 tsr_diff=0.000158 integral_mean=0.000015 integral_std=0.000329 log_ratio=0.0000 accept=1.0000 swapped=True
i=5 pair=(5,6) lam_t=1.00986 lam_s=1.00995 tsr_diff=0.000022 integral_mean=0.000001 integral_std=0.000045 log_ratio=0.0000 accept=1.0000 swapped=True
i=5 pair=(2,1) lam_t=1.00254 lam_s=1.00722 tsr_diff=0.001142 integral_mean=-0.000446 integral_std=0.002921 log_ratio=-1.0713 accept=0.3425 swapped=True
i=5 pair=(4,3) lam_t=1.00896 lam_s=1.00961 tsr_diff=0.000158 integral_mean=0.000001 integral_std=0.000338 log_ratio=0.0000 accept=1.0000 swapped=True
i=5 pair=(6,5) lam_t=1.00986 lam_s=1.00995 tsr_diff=0.000022 integral_mean=-0.000001 integral_std=0.000045 log_ratio=-0.0036 accept=0.9964 swapped=True
i=6 pair=(0,1) lam_t=0.99000 lam_s=1.00254 tsr_diff=0.004257 integral_mean=-0.001871 integral_std=0.011747 log_ratio=-4.4906 accept=0.0112 swapped=False
i=6 pair=(2,3) lam_t=1.00722 lam_s=1.00896 tsr_diff=0.000587 integral_mean=-0.000029 integral_std=0.001225 log_ratio=-0.0703 accept=0.9321 swapped=True
i=6 pair=(4,5) lam_t=1.00961 lam_s=1.00986 tsr_diff=0.000081 integral_mean=-0.000001 integral_std=0.000173 log_ratio=-0.0033 accept=0.9967 swapped=True
i=6 pair=(6,7) lam_t=1.00995 lam_s=1.01000 tsr_diff=0.000018 integral_mean=0.000000 integral_std=0.000037 log_ratio=0.0000 accept=1.0000 swapped=True
i=6 pair=(0,1) lam_t=0.99000 lam_s=1.00254 tsr_diff=0.004257 integral_mean=-0.001259 integral_std=0.009802 log_ratio=-3.0207 accept=0.0488 swapped=False
i=6 pair=(3,2) lam_t=1.00722 lam_s=1.00896 tsr_diff=0.000587 integral_mean=0.000032 integral_std=0.001214 log_ratio=0.0000 accept=1.0000 swapped=True
i=6 pair=(5,4) lam_t=1.00961 lam_s=1.00986 tsr_diff=0.000081 integral_mean=-0.000002 integral_std=0.000174 log_ratio=-0.0046 accept=0.9954 swapped=True
i=6 pair=(7,6) lam_t=1.00995 lam_s=1.01000 tsr_diff=0.000018 integral_mean=-0.000001 integral_std=0.000039 log_ratio=-0.0018 accept=0.9982 swapped=True
i=7 pair=(1,2) lam_t=1.00254 lam_s=1.00722 tsr_diff=0.002045 integral_mean=0.000498 integral_std=0.004525 log_ratio=0.0000 accept=1.0000 swapped=True
i=7 pair=(3,4) lam_t=1.00896 lam_s=1.00961 tsr_diff=0.000283 integral_mean=-0.000001 integral_std=0.000614 log_ratio=-0.0036 accept=0.9964 swapped=True
i=7 pair=(5,6) lam_t=1.00986 lam_s=1.00995 tsr_diff=0.000039 integral_mean=-0.000003 integral_std=0.000086 log_ratio=-0.0064 accept=0.9936 swapped=True
i=7 pair=(2,1) lam_t=1.00254 lam_s=1.00722 tsr_diff=0.002045 integral_mean=-0.000290 integral_std=0.004403 log_ratio=-0.6969 accept=0.4981 swapped=False
i=7 pair=(4,3) lam_t=1.00896 lam_s=1.00961 tsr_diff=0.000283 integral_mean=0.000010 integral_std=0.000625 log_ratio=0.0000 accept=1.0000 swapped=True
i=7 pair=(6,5) lam_t=1.00986 lam_s=1.00995 tsr_diff=0.000039 integral_mean=0.000000 integral_std=0.000087 log_ratio=0.0000 accept=1.0000 swapped=True
i=8 pair=(0,2) lam_t=0.99000 lam_s=1.00254 tsr_diff=0.006833 integral_mean=-0.000359 integral_std=0.013859 log_ratio=-0.8625 accept=0.4221 swapped=False
i=8 pair=(1,3) lam_t=1.00722 lam_s=1.00896 tsr_diff=0.000937 integral_mean=0.000038 integral_std=0.002108 log_ratio=0.0000 accept=1.0000 swapped=True
i=8 pair=(4,5) lam_t=1.00961 lam_s=1.00986 tsr_diff=0.000130 integral_mean=-0.000003 integral_std=0.000298 log_ratio=-0.0065 accept=0.9935 swapped=True
i=8 pair=(6,7) lam_t=1.00995 lam_s=1.01000 tsr_diff=0.000029 integral_mean=-0.000002 integral_std=0.000067 log_ratio=-0.0054 accept=0.9946 swapped=True
i=8 pair=(0,2) lam_t=0.99000 lam_s=1.00254 tsr_diff=0.006833 integral_mean=-0.000280 integral_std=0.013991 log_ratio=-0.6728 accept=0.5103 swapped=False
i=8 pair=(3,1) lam_t=1.00722 lam_s=1.00896 tsr_diff=0.000937 integral_mean=-0.000043 integral_std=0.002062 log_ratio=-0.1037 accept=0.9015 swapped=True
i=8 pair=(5,4) lam_t=1.00961 lam_s=1.00986 tsr_diff=0.000130 integral_mean=0.000011 integral_std=0.000302 log_ratio=0.0000 accept=1.0000 swapped=True
i=8 pair=(7,6) lam_t=1.00995 lam_s=1.01000 tsr_diff=0.000029 integral_mean=-0.000001 integral_std=0.000064 log_ratio=-0.0028 accept=0.9972 swapped=True
i=9 pair=(2,1) lam_t=1.00254 lam_s=1.00722 tsr_diff=0.002993 integral_mean=0.000011 integral_std=0.006714 log_ratio=0.0000 accept=1.0000 swapped=True
i=9 pair=(3,4) lam_t=1.00896 lam_s=1.00961 tsr_diff=0.000414 integral_mean=0.000008 integral_std=0.000997 log_ratio=0.0000 accept=1.0000 swapped=True
i=9 pair=(5,6) lam_t=1.00986 lam_s=1.00995 tsr_diff=0.000057 integral_mean=0.000000 integral_std=0.000136 log_ratio=0.0000 accept=1.0000 swapped=True
i=9 pair=(1,2) lam_t=1.00254 lam_s=1.00722 tsr_diff=0.002993 integral_mean=0.000152 integral_std=0.006622 log_ratio=0.0000 accept=1.0000 swapped=True
i=9 pair=(4,3) lam_t=1.00896 lam_s=1.00961 tsr_diff=0.000414 integral_mean=0.000034 integral_std=0.000995 log_ratio=0.0000 accept=1.0000 swapped=True
i=9 pair=(6,5) lam_t=1.00986 lam_s=1.00995 tsr_diff=0.000057 integral_mean=0.000001 integral_std=0.000140 log_ratio=0.0000 accept=1.0000 swapped=True
i=10 pair=(0,2) lam_t=0.99000 lam_s=1.00254 tsr_diff=0.009326 integral_mean=-0.000582 integral_std=0.022766 log_ratio=-1.3974 accept=0.2472 swapped=False
i=10 pair=(1,3) lam_t=1.00722 lam_s=1.00896 tsr_diff=0.001273 integral_mean=-0.000061 integral_std=0.002832 log_ratio=-0.1470 accept=0.8633 swapped=True
i=10 pair=(4,5) lam_t=1.00961 lam_s=1.00986 tsr_diff=0.000177 integral_mean=-0.000019 integral_std=0.000525 log_ratio=-0.0449 accept=0.9561 swapped=True
i=10 pair=(6,7) lam_t=1.00995 lam_s=1.01000 tsr_diff=0.000039 integral_mean=-0.000005 integral_std=0.000105 log_ratio=-0.0131 accept=0.9870 swapped=True
i=10 pair=(0,2) lam_t=0.99000 lam_s=1.00254 tsr_diff=0.009326 integral_mean=-0.000017 integral_std=0.021968 log_ratio=-0.0403 accept=0.9605 swapped=True
i=10 pair=(3,1) lam_t=1.00722 lam_s=1.00896 tsr_diff=0.001273 integral_mean=0.000079 integral_std=0.002711 log_ratio=0.0000 accept=1.0000 swapped=True
i=10 pair=(5,4) lam_t=1.00961 lam_s=1.00986 tsr_diff=0.000177 integral_mean=0.000023 integral_std=0.000511 log_ratio=0.0000 accept=1.0000 swapped=True
i=10 pair=(7,6) lam_t=1.00995 lam_s=1.01000 tsr_diff=0.000039 integral_mean=0.000005 integral_std=0.000108 log_ratio=0.0000 accept=1.0000 swapped=True
i=11 pair=(0,1) lam_t=1.00254 lam_s=1.00722 tsr_diff=0.003825 integral_mean=-0.000273 integral_std=0.008931 log_ratio=-0.6544 accept=0.5198 swapped=True
i=11 pair=(3,4) lam_t=1.00896 lam_s=1.00961 tsr_diff=0.000528 integral_mean=-0.000026 integral_std=0.001673 log_ratio=-0.0626 accept=0.9394 swapped=True
i=11 pair=(5,6) lam_t=1.00986 lam_s=1.00995 tsr_diff=0.000073 integral_mean=0.000012 integral_std=0.000252 log_ratio=0.0000 accept=1.0000 swapped=True
i=11 pair=(1,0) lam_t=1.00254 lam_s=1.00722 tsr_diff=0.003825 integral_mean=0.000286 integral_std=0.008391 log_ratio=0.0000 accept=1.0000 swapped=True
i=11 pair=(4,3) lam_t=1.00896 lam_s=1.00961 tsr_diff=0.000528 integral_mean=0.000037 integral_std=0.001614 log_ratio=0.0000 accept=1.0000 swapped=True
i=11 pair=(6,5) lam_t=1.00986 lam_s=1.00995 tsr_diff=0.000073 integral_mean=-0.000013 integral_std=0.000240 log_ratio=-0.0315 accept=0.9690 swapped=True
i=12 pair=(2,0) lam_t=0.99000 lam_s=1.00254 tsr_diff=0.011313 integral_mean=0.000385 integral_std=0.034445 log_ratio=0.0000 accept=1.0000 swapped=True
i=12 pair=(1,3) lam_t=1.00722 lam_s=1.00896 tsr_diff=0.001539 integral_mean=0.000057 integral_std=0.004365 log_ratio=0.0000 accept=1.0000 swapped=True
i=12 pair=(4,5) lam_t=1.00961 lam_s=1.00986 tsr_diff=0.000213 integral_mean=-0.000103 integral_std=0.001178 log_ratio=-0.2470 accept=0.7811 swapped=False
i=12 pair=(6,7) lam_t=1.00995 lam_s=1.01000 tsr_diff=0.000047 integral_mean=-0.000012 integral_std=0.000167 log_ratio=-0.0292 accept=0.9712 swapped=True
i=12 pair=(0,2) lam_t=0.99000 lam_s=1.00254 tsr_diff=0.011313 integral_mean=-0.000278 integral_std=0.033871 log_ratio=-0.6667 accept=0.5134 swapped=False
i=12 pair=(3,1) lam_t=1.00722 lam_s=1.00896 tsr_diff=0.001539 integral_mean=-0.000043 integral_std=0.004428 log_ratio=-0.1037 accept=0.9015 swapped=True
i=12 pair=(4,5) lam_t=1.00961 lam_s=1.00986 tsr_diff=0.000213 integral_mean=-0.000077 integral_std=0.001008 log_ratio=-0.1841 accept=0.8319 swapped=True
i=12 pair=(7,6) lam_t=1.00995 lam_s=1.01000 tsr_diff=0.000047 integral_mean=0.000015 integral_std=0.000168 log_ratio=0.0000 accept=1.0000 swapped=True
i=13 pair=(2,1) lam_t=1.00254 lam_s=1.00722 tsr_diff=0.004402 integral_mean=-0.000198 integral_std=0.022511 log_ratio=-0.4744 accept=0.6223 swapped=True
i=13 pair=(3,5) lam_t=1.00896 lam_s=1.00961 tsr_diff=0.000607 integral_mean=-0.000417 integral_std=0.003631 log_ratio=-1.0009 accept=0.3675 swapped=False
i=13 pair=(4,6) lam_t=1.00986 lam_s=1.00995 tsr_diff=0.000084 integral_mean=0.000017 integral_std=0.000332 log_ratio=0.0000 accept=1.0000 swapped=True
i=13 pair=(1,2) lam_t=1.00254 lam_s=1.00722 tsr_diff=0.004402 integral_mean=-0.000194 integral_std=0.014158 log_ratio=-0.4653 accept=0.6279 swapped=True
i=13 pair=(3,5) lam_t=1.00896 lam_s=1.00961 tsr_diff=0.000607 integral_mean=-0.000328 integral_std=0.003420 log_ratio=-0.7881 accept=0.4547 swapped=True
i=13 pair=(6,4) lam_t=1.00986 lam_s=1.00995 tsr_diff=0.000084 integral_mean=-0.000010 integral_std=0.000320 log_ratio=-0.0229 accept=0.9773 swapped=True
i=14 pair=(0,2) lam_t=0.99000 lam_s=1.00254 tsr_diff=0.012453 integral_mean=0.000465 integral_std=0.091942 log_ratio=0.0000 accept=1.0000 swapped=True
i=14 pair=(1,5) lam_t=1.00722 lam_s=1.00896 tsr_diff=0.001690 integral_mean=-0.003214 integral_std=0.028756 log_ratio=-7.7145 accept=0.0004 swapped=False
i=14 pair=(3,4) lam_t=1.00961 lam_s=1.00986 tsr_diff=0.000234 integral_mean=-0.000102 integral_std=0.002652 log_ratio=-0.2447 accept=0.7829 swapped=True
i=14 pair=(6,7) lam_t=1.00995 lam_s=1.01000 tsr_diff=0.000052 integral_mean=-0.000102 integral_std=0.000649 log_ratio=-0.2438 accept=0.7837 swapped=True
i=14 pair=(2,0) lam_t=0.99000 lam_s=1.00254 tsr_diff=0.012453 integral_mean=0.003081 integral_std=0.071348 log_ratio=0.0000 accept=1.0000 swapped=True
i=14 pair=(1,5) lam_t=1.00722 lam_s=1.00896 tsr_diff=0.001690 integral_mean=-0.003301 integral_std=0.036814 log_ratio=-7.9226 accept=0.0004 swapped=False
i=14 pair=(4,3) lam_t=1.00961 lam_s=1.00986 tsr_diff=0.000234 integral_mean=0.000089 integral_std=0.002338 log_ratio=0.0000 accept=1.0000 swapped=True
i=14 pair=(7,6) lam_t=1.00995 lam_s=1.01000 tsr_diff=0.000052 integral_mean=0.000055 integral_std=0.000583 log_ratio=0.0000 accept=1.0000 swapped=True
Best Sample: 2 log probability -0.056
Saved 1 samples to: logs/pointmaze-giant-navigate-v0/inference/plans/release_H400_T256_LimitsNormalizer_b1_condFalse/2026-07-17 13:08:33/1/0.png
Saved 1 samples to: logs/pointmaze-giant-navigate-v0/inference/plans/release_H400_T256_LimitsNormalizer_b1_condFalse/2026-07-17 13:08:33/1/rollout.png
i=0 pair=(0,1) lam_t=0.99000 lam_s=1.00254 tsr_diff=0.000000 integral_mean=0.000000 integral_std=0.000000 log_ratio=0.0000 accept=1.0000 swapped=True
i=0 pair=(2,3) lam_t=1.00722 lam_s=1.00896 tsr_diff=0.000000 integral_mean=0.000000 integral_std=0.000000 log_ratio=0.0000 accept=1.0000 swapped=True
i=0 pair=(4,5) lam_t=1.00961 lam_s=1.00986 tsr_diff=0.000000 integral_mean=0.000000 integral_std=0.000000 log_ratio=0.0000 accept=1.0000 swapped=True
i=0 pair=(6,7) lam_t=1.00995 lam_s=1.01000 tsr_diff=0.000000 integral_mean=0.000000 integral_std=0.000000 log_ratio=0.0000 accept=1.0000 swapped=True
i=0 pair=(1,0) lam_t=0.99000 lam_s=1.00254 tsr_diff=0.000000 integral_mean=0.000000 integral_std=0.000000 log_ratio=0.0000 accept=1.0000 swapped=True
i=0 pair=(3,2) lam_t=1.00722 lam_s=1.00896 tsr_diff=0.000000 integral_mean=0.000000 integral_std=0.000000 log_ratio=0.0000 accept=1.0000 swapped=True
i=0 pair=(5,4) lam_t=1.00961 lam_s=1.00986 tsr_diff=0.000000 integral_mean=0.000000 integral_std=0.000000 log_ratio=0.0000 accept=1.0000 swapped=True
i=0 pair=(7,6) lam_t=1.00995 lam_s=1.01000 tsr_diff=0.000000 integral_mean=0.000000 integral_std=0.000000 log_ratio=0.0000 accept=1.0000 swapped=True
i=1 pair=(1,2) lam_t=1.00254 lam_s=1.00722 tsr_diff=0.000050 integral_mean=-0.000000 integral_std=0.000098 log_ratio=-0.0011 accept=0.9989 swapped=True
i=1 pair=(3,4) lam_t=1.00896 lam_s=1.00961 tsr_diff=0.000007 integral_mean=0.000001 integral_std=0.000014 log_ratio=0.0000 accept=1.0000 swapped=True
i=1 pair=(5,6) lam_t=1.00986 lam_s=1.00995 tsr_diff=0.000001 integral_mean=-0.000000 integral_std=0.000002 log_ratio=-0.0001 accept=0.9999 swapped=True
i=1 pair=(2,1) lam_t=1.00254 lam_s=1.00722 tsr_diff=0.000050 integral_mean=0.000001 integral_std=0.000098 log_ratio=0.0000 accept=1.0000 swapped=True
i=1 pair=(4,3) lam_t=1.00896 lam_s=1.00961 tsr_diff=0.000007 integral_mean=0.000000 integral_std=0.000014 log_ratio=0.0000 accept=1.0000 swapped=True
i=1 pair=(6,5) lam_t=1.00986 lam_s=1.00995 tsr_diff=0.000001 integral_mean=-0.000000 integral_std=0.000002 log_ratio=-0.0001 accept=0.9999 swapped=True
i=2 pair=(0,1) lam_t=0.99000 lam_s=1.00254 tsr_diff=0.000530 integral_mean=-0.000031 integral_std=0.001036 log_ratio=-0.0736 accept=0.9290 swapped=False
i=2 pair=(2,3) lam_t=1.00722 lam_s=1.00896 tsr_diff=0.000074 integral_mean=0.000010 integral_std=0.000162 log_ratio=0.0000 accept=1.0000 swapped=True
i=2 pair=(4,5) lam_t=1.00961 lam_s=1.00986 tsr_diff=0.000010 integral_mean=-0.000000 integral_std=0.000020 log_ratio=-0.0004 accept=0.9996 swapped=True
i=2 pair=(6,7) lam_t=1.00995 lam_s=1.01000 tsr_diff=0.000002 integral_mean=0.000000 integral_std=0.000005 log_ratio=0.0000 accept=1.0000 swapped=True
i=2 pair=(0,1) lam_t=0.99000 lam_s=1.00254 tsr_diff=0.000530 integral_mean=0.000017 integral_std=0.001036 log_ratio=0.0000 accept=1.0000 swapped=True
i=2 pair=(3,2) lam_t=1.00722 lam_s=1.00896 tsr_diff=0.000074 integral_mean=-0.000005 integral_std=0.000154 log_ratio=-0.0127 accept=0.9874 swapped=True
i=2 pair=(5,4) lam_t=1.00961 lam_s=1.00986 tsr_diff=0.000010 integral_mean=0.000001 integral_std=0.000021 log_ratio=0.0000 accept=1.0000 swapped=True
i=2 pair=(7,6) lam_t=1.00995 lam_s=1.01000 tsr_diff=0.000002 integral_mean=-0.000000 integral_std=0.000004 log_ratio=-0.0003 accept=0.9997 swapped=True
i=3 pair=(0,2) lam_t=1.00254 lam_s=1.00722 tsr_diff=0.000436 integral_mean=-0.000012 integral_std=0.000884 log_ratio=-0.0289 accept=0.9715 swapped=True
i=3 pair=(3,4) lam_t=1.00896 lam_s=1.00961 tsr_diff=0.000060 integral_mean=0.000000 integral_std=0.000128 log_ratio=0.0000 accept=1.0000 swapped=True
i=3 pair=(5,6) lam_t=1.00986 lam_s=1.00995 tsr_diff=0.000008 integral_mean=0.000001 integral_std=0.000018 log_ratio=0.0000 accept=1.0000 swapped=True
i=3 pair=(2,0) lam_t=1.00254 lam_s=1.00722 tsr_diff=0.000436 integral_mean=-0.000032 integral_std=0.000880 log_ratio=-0.0772 accept=0.9257 swapped=True
i=3 pair=(4,3) lam_t=1.00896 lam_s=1.00961 tsr_diff=0.000060 integral_mean=0.000003 integral_std=0.000124 log_ratio=0.0000 accept=1.0000 swapped=True
i=3 pair=(6,5) lam_t=1.00986 lam_s=1.00995 tsr_diff=0.000008 integral_mean=-0.000000 integral_std=0.000017 log_ratio=-0.0005 accept=0.9995 swapped=True
i=4 pair=(1,0) lam_t=0.99000 lam_s=1.00254 tsr_diff=0.002032 integral_mean=0.000156 integral_std=0.004489 log_ratio=0.0000 accept=1.0000 swapped=True
i=4 pair=(2,3) lam_t=1.00722 lam_s=1.00896 tsr_diff=0.000281 integral_mean=0.000016 integral_std=0.000570 log_ratio=0.0000 accept=1.0000 swapped=True
i=4 pair=(4,5) lam_t=1.00961 lam_s=1.00986 tsr_diff=0.000039 integral_mean=0.000001 integral_std=0.000082 log_ratio=0.0000 accept=1.0000 swapped=True
i=4 pair=(6,7) lam_t=1.00995 lam_s=1.01000 tsr_diff=0.000009 integral_mean=0.000000 integral_std=0.000017 log_ratio=0.0000 accept=1.0000 swapped=True
i=4 pair=(0,1) lam_t=0.99000 lam_s=1.00254 tsr_diff=0.002032 integral_mean=-0.000009 integral_std=0.004367 log_ratio=-0.0205 accept=0.9797 swapped=True
i=4 pair=(3,2) lam_t=1.00722 lam_s=1.00896 tsr_diff=0.000281 integral_mean=-0.000006 integral_std=0.000586 log_ratio=-0.0141 accept=0.9860 swapped=True
i=4 pair=(5,4) lam_t=1.00961 lam_s=1.00986 tsr_diff=0.000039 integral_mean=-0.000003 integral_std=0.000082 log_ratio=-0.0062 accept=0.9939 swapped=True
i=4 pair=(7,6) lam_t=1.00995 lam_s=1.01000 tsr_diff=0.000009 integral_mean=0.000000 integral_std=0.000018 log_ratio=0.0000 accept=1.0000 swapped=True
i=5 pair=(0,2) lam_t=1.00254 lam_s=1.00722 tsr_diff=0.001142 integral_mean=-0.000063 integral_std=0.002405 log_ratio=-0.1519 accept=0.8591 swapped=True
i=5 pair=(3,4) lam_t=1.00896 lam_s=1.00961 tsr_diff=0.000158 integral_mean=-0.000000 integral_std=0.000342 log_ratio=-0.0010 accept=0.9990 swapped=True
i=5 pair=(5,6) lam_t=1.00986 lam_s=1.00995 tsr_diff=0.000022 integral_mean=0.000000 integral_std=0.000046 log_ratio=0.0000 accept=1.0000 swapped=True
i=5 pair=(2,0) lam_t=1.00254 lam_s=1.00722 tsr_diff=0.001142 integral_mean=0.000087 integral_std=0.002281 log_ratio=0.0000 accept=1.0000 swapped=True
i=5 pair=(4,3) lam_t=1.00896 lam_s=1.00961 tsr_diff=0.000158 integral_mean=-0.000002 integral_std=0.000331 log_ratio=-0.0044 accept=0.9956 swapped=True
i=5 pair=(6,5) lam_t=1.00986 lam_s=1.00995 tsr_diff=0.000022 integral_mean=-0.000001 integral_std=0.000047 log_ratio=-0.0030 accept=0.9970 swapped=True
i=6 pair=(1,0) lam_t=0.99000 lam_s=1.00254 tsr_diff=0.004257 integral_mean=0.000166 integral_std=0.009062 log_ratio=0.0000 accept=1.0000 swapped=True
i=6 pair=(2,3) lam_t=1.00722 lam_s=1.00896 tsr_diff=0.000587 integral_mean=0.000030 integral_std=0.001304 log_ratio=0.0000 accept=1.0000 swapped=True
i=6 pair=(4,5) lam_t=1.00961 lam_s=1.00986 tsr_diff=0.000081 integral_mean=-0.000001 integral_std=0.000181 log_ratio=-0.0031 accept=0.9969 swapped=True
i=6 pair=(6,7) lam_t=1.00995 lam_s=1.01000 tsr_diff=0.000018 integral_mean=0.000000 integral_std=0.000036 log_ratio=0.0000 accept=1.0000 swapped=True
i=6 pair=(0,1) lam_t=0.99000 lam_s=1.00254 tsr_diff=0.004257 integral_mean=-0.000521 integral_std=0.009065 log_ratio=-1.2504 accept=0.2864 swapped=True
i=6 pair=(3,2) lam_t=1.00722 lam_s=1.00896 tsr_diff=0.000587 integral_mean=-0.000070 integral_std=0.001292 log_ratio=-0.1670 accept=0.8462 swapped=True
i=6 pair=(5,4) lam_t=1.00961 lam_s=1.00986 tsr_diff=0.000081 integral_mean=0.000000 integral_std=0.000175 log_ratio=0.0000 accept=1.0000 swapped=True
i=6 pair=(7,6) lam_t=1.00995 lam_s=1.01000 tsr_diff=0.000018 integral_mean=-0.000000 integral_std=0.000037 log_ratio=-0.0004 accept=0.9996 swapped=True
i=7 pair=(0,2) lam_t=1.00254 lam_s=1.00722 tsr_diff=0.002045 integral_mean=-0.000337 integral_std=0.004366 log_ratio=-0.8091 accept=0.4453 swapped=False
i=7 pair=(3,4) lam_t=1.00896 lam_s=1.00961 tsr_diff=0.000283 integral_mean=-0.000012 integral_std=0.000571 log_ratio=-0.0285 accept=0.9719 swapped=True
i=7 pair=(5,6) lam_t=1.00986 lam_s=1.00995 tsr_diff=0.000039 integral_mean=0.000000 integral_std=0.000084 log_ratio=0.0000 accept=1.0000 swapped=True
i=7 pair=(0,2) lam_t=1.00254 lam_s=1.00722 tsr_diff=0.002045 integral_mean=-0.000246 integral_std=0.004260 log_ratio=-0.5897 accept=0.5545 swapped=False
i=7 pair=(4,3) lam_t=1.00896 lam_s=1.00961 tsr_diff=0.000283 integral_mean=0.000013 integral_std=0.000547 log_ratio=0.0000 accept=1.0000 swapped=True
i=7 pair=(6,5) lam_t=1.00986 lam_s=1.00995 tsr_diff=0.000039 integral_mean=-0.000002 integral_std=0.000082 log_ratio=-0.0049 accept=0.9951 swapped=True
i=8 pair=(1,0) lam_t=0.99000 lam_s=1.00254 tsr_diff=0.006833 integral_mean=0.000160 integral_std=0.015837 log_ratio=0.0000 accept=1.0000 swapped=True
i=8 pair=(2,3) lam_t=1.00722 lam_s=1.00896 tsr_diff=0.000937 integral_mean=0.000141 integral_std=0.002283 log_ratio=0.0000 accept=1.0000 swapped=True
i=8 pair=(4,5) lam_t=1.00961 lam_s=1.00986 tsr_diff=0.000130 integral_mean=-0.000009 integral_std=0.000290 log_ratio=-0.0219 accept=0.9783 swapped=True
i=8 pair=(6,7) lam_t=1.00995 lam_s=1.01000 tsr_diff=0.000029 integral_mean=-0.000002 integral_std=0.000057 log_ratio=-0.0052 accept=0.9948 swapped=True
i=8 pair=(0,1) lam_t=0.99000 lam_s=1.00254 tsr_diff=0.006833 integral_mean=-0.000356 integral_std=0.016903 log_ratio=-0.8552 accept=0.4252 swapped=False
i=8 pair=(3,2) lam_t=1.00722 lam_s=1.00896 tsr_diff=0.000937 integral_mean=-0.000127 integral_std=0.002270 log_ratio=-0.3059 accept=0.7365 swapped=True
i=8 pair=(5,4) lam_t=1.00961 lam_s=1.00986 tsr_diff=0.000130 integral_mean=0.000005 integral_std=0.000276 log_ratio=0.0000 accept=1.0000 swapped=True
i=8 pair=(7,6) lam_t=1.00995 lam_s=1.01000 tsr_diff=0.000029 integral_mean=0.000001 integral_std=0.000056 log_ratio=0.0000 accept=1.0000 swapped=True
i=9 pair=(1,2) lam_t=1.00254 lam_s=1.00722 tsr_diff=0.002993 integral_mean=-0.000259 integral_std=0.008717 log_ratio=-0.6213 accept=0.5372 swapped=False
i=9 pair=(3,4) lam_t=1.00896 lam_s=1.00961 tsr_diff=0.000414 integral_mean=-0.000007 integral_std=0.000813 log_ratio=-0.0159 accept=0.9842 swapped=True
i=9 pair=(5,6) lam_t=1.00986 lam_s=1.00995 tsr_diff=0.000057 integral_mean=0.000003 integral_std=0.000131 log_ratio=0.0000 accept=1.0000 swapped=True
i=9 pair=(1,2) lam_t=1.00254 lam_s=1.00722 tsr_diff=0.002993 integral_mean=-0.000131 integral_std=0.008397 log_ratio=-0.3133 accept=0.7310 swapped=True
i=9 pair=(4,3) lam_t=1.00896 lam_s=1.00961 tsr_diff=0.000414 integral_mean=-0.000009 integral_std=0.000859 log_ratio=-0.0219 accept=0.9783 swapped=True
i=9 pair=(6,5) lam_t=1.00986 lam_s=1.00995 tsr_diff=0.000057 integral_mean=-0.000002 integral_std=0.000136 log_ratio=-0.0039 accept=0.9961 swapped=True
i=10 pair=(0,2) lam_t=0.99000 lam_s=1.00254 tsr_diff=0.009326 integral_mean=-0.002133 integral_std=0.025828 log_ratio=-5.1201 accept=0.0060 swapped=False
i=10 pair=(1,3) lam_t=1.00722 lam_s=1.00896 tsr_diff=0.001273 integral_mean=0.000137 integral_std=0.003329 log_ratio=0.0000 accept=1.0000 swapped=True
i=10 pair=(4,5) lam_t=1.00961 lam_s=1.00986 tsr_diff=0.000177 integral_mean=-0.000022 integral_std=0.000426 log_ratio=-0.0526 accept=0.9487 swapped=True
i=10 pair=(6,7) lam_t=1.00995 lam_s=1.01000 tsr_diff=0.000039 integral_mean=-0.000000 integral_std=0.000082 log_ratio=-0.0009 accept=0.9991 swapped=True
i=10 pair=(0,2) lam_t=0.99000 lam_s=1.00254 tsr_diff=0.009326 integral_mean=-0.002447 integral_std=0.024772 log_ratio=-5.8720 accept=0.0028 swapped=False
i=10 pair=(3,1) lam_t=1.00722 lam_s=1.00896 tsr_diff=0.001273 integral_mean=-0.000132 integral_std=0.003395 log_ratio=-0.3160 accept=0.7291 swapped=True
i=10 pair=(5,4) lam_t=1.00961 lam_s=1.00986 tsr_diff=0.000177 integral_mean=0.000011 integral_std=0.000449 log_ratio=0.0000 accept=1.0000 swapped=True
i=10 pair=(7,6) lam_t=1.00995 lam_s=1.01000 tsr_diff=0.000039 integral_mean=-0.000000 integral_std=0.000079 log_ratio=-0.0006 accept=0.9994 swapped=True
i=11 pair=(2,1) lam_t=1.00254 lam_s=1.00722 tsr_diff=0.003825 integral_mean=0.000932 integral_std=0.016538 log_ratio=0.0000 accept=1.0000 swapped=True
i=11 pair=(3,4) lam_t=1.00896 lam_s=1.00961 tsr_diff=0.000528 integral_mean=-0.000054 integral_std=0.001239 log_ratio=-0.1303 accept=0.8779 swapped=True
i=11 pair=(5,6) lam_t=1.00986 lam_s=1.00995 tsr_diff=0.000073 integral_mean=0.000007 integral_std=0.000203 log_ratio=0.0000 accept=1.0000 swapped=True
i=11 pair=(1,2) lam_t=1.00254 lam_s=1.00722 tsr_diff=0.003825 integral_mean=-0.000183 integral_std=0.014742 log_ratio=-0.4394 accept=0.6444 swapped=True
i=11 pair=(4,3) lam_t=1.00896 lam_s=1.00961 tsr_diff=0.000528 integral_mean=-0.000023 integral_std=0.001184 log_ratio=-0.0554 accept=0.9461 swapped=True
i=11 pair=(6,5) lam_t=1.00986 lam_s=1.00995 tsr_diff=0.000073 integral_mean=-0.000001 integral_std=0.000192 log_ratio=-0.0024 accept=0.9976 swapped=True
i=12 pair=(0,2) lam_t=0.99000 lam_s=1.00254 tsr_diff=0.011313 integral_mean=-0.005129 integral_std=0.053537 log_ratio=-12.3098 accept=0.0000 swapped=False
i=12 pair=(1,3) lam_t=1.00722 lam_s=1.00896 tsr_diff=0.001539 integral_mean=0.000411 integral_std=0.005928 log_ratio=0.0000 accept=1.0000 swapped=True
i=12 pair=(4,5) lam_t=1.00961 lam_s=1.00986 tsr_diff=0.000213 integral_mean=-0.000024 integral_std=0.000760 log_ratio=-0.0574 accept=0.9443 swapped=True
i=12 pair=(6,7) lam_t=1.00995 lam_s=1.01000 tsr_diff=0.000047 integral_mean=-0.000003 integral_std=0.000104 log_ratio=-0.0065 accept=0.9935 swapped=True
i=12 pair=(0,2) lam_t=0.99000 lam_s=1.00254 tsr_diff=0.011313 integral_mean=-0.003253 integral_std=0.043437 log_ratio=-7.8074 accept=0.0004 swapped=False
i=12 pair=(3,1) lam_t=1.00722 lam_s=1.00896 tsr_diff=0.001539 integral_mean=-0.000463 integral_std=0.005583 log_ratio=-1.1120 accept=0.3289 swapped=False
i=12 pair=(5,4) lam_t=1.00961 lam_s=1.00986 tsr_diff=0.000213 integral_mean=0.000004 integral_std=0.000773 log_ratio=0.0000 accept=1.0000 swapped=True
i=12 pair=(7,6) lam_t=1.00995 lam_s=1.01000 tsr_diff=0.000047 integral_mean=0.000002 integral_std=0.000103 log_ratio=0.0000 accept=1.0000 swapped=True
i=13 pair=(2,3) lam_t=1.00254 lam_s=1.00722 tsr_diff=0.004402 integral_mean=0.005229 integral_std=0.037009 log_ratio=0.0000 accept=1.0000 swapped=True
i=13 pair=(1,4) lam_t=1.00896 lam_s=1.00961 tsr_diff=0.000607 integral_mean=0.000519 integral_std=0.004694 log_ratio=0.0000 accept=1.0000 swapped=True
i=13 pair=(5,6) lam_t=1.00986 lam_s=1.00995 tsr_diff=0.000084 integral_mean=0.000082 integral_std=0.000632 log_ratio=0.0000 accept=1.0000 swapped=True
i=13 pair=(3,2) lam_t=1.00254 lam_s=1.00722 tsr_diff=0.004402 integral_mean=-0.005194 integral_std=0.048735 log_ratio=-12.4653 accept=0.0000 swapped=False
i=13 pair=(4,1) lam_t=1.00896 lam_s=1.00961 tsr_diff=0.000607 integral_mean=-0.000982 integral_std=0.005192 log_ratio=-2.3578 accept=0.0946 swapped=True
i=13 pair=(6,5) lam_t=1.00986 lam_s=1.00995 tsr_diff=0.000084 integral_mean=-0.000058 integral_std=0.000558 log_ratio=-0.1382 accept=0.8709 swapped=True
i=14 pair=(0,3) lam_t=0.99000 lam_s=1.00254 tsr_diff=0.012453 integral_mean=0.003563 integral_std=0.092345 log_ratio=0.0000 accept=1.0000 swapped=True
i=14 pair=(2,1) lam_t=1.00722 lam_s=1.00896 tsr_diff=0.001690 integral_mean=-0.003497 integral_std=0.053433 log_ratio=-8.3926 accept=0.0002 swapped=False
i=14 pair=(4,5) lam_t=1.00961 lam_s=1.00986 tsr_diff=0.000234 integral_mean=-0.000558 integral_std=0.005006 log_ratio=-1.3399 accept=0.2619 swapped=True
i=14 pair=(6,7) lam_t=1.00995 lam_s=1.01000 tsr_diff=0.000052 integral_mean=-0.000006 integral_std=0.000166 log_ratio=-0.0146 accept=0.9855 swapped=True
i=14 pair=(3,0) lam_t=0.99000 lam_s=1.00254 tsr_diff=0.012453 integral_mean=-0.000256 integral_std=0.073329 log_ratio=-0.6148 accept=0.5408 swapped=True
i=14 pair=(2,1) lam_t=1.00722 lam_s=1.00896 tsr_diff=0.001690 integral_mean=-0.003728 integral_std=0.058423 log_ratio=-8.9467 accept=0.0001 swapped=False
i=14 pair=(5,4) lam_t=1.00961 lam_s=1.00986 tsr_diff=0.000234 integral_mean=0.001030 integral_std=0.006435 log_ratio=0.0000 accept=1.0000 swapped=True
i=14 pair=(7,6) lam_t=1.00995 lam_s=1.01000 tsr_diff=0.000052 integral_mean=0.000001 integral_std=0.000115 log_ratio=0.0000 accept=1.0000 swapped=True
Best Sample: 4 log probability -0.155
Saved 1 samples to: logs/pointmaze-giant-navigate-v0/inference/plans/release_H400_T256_LimitsNormalizer_b1_condFalse/2026-07-17 13:08:33/2/0.png
Saved 1 samples to: logs/pointmaze-giant-navigate-v0/inference/plans/release_H400_T256_LimitsNormalizer_b1_condFalse/2026-07-17 13:08:33/2/rollout.png
i=0 pair=(0,1) lam_t=0.99000 lam_s=1.00254 tsr_diff=0.000000 integral_mean=0.000000 integral_std=0.000000 log_ratio=0.0000 accept=1.0000 swapped=True
i=0 pair=(2,3) lam_t=1.00722 lam_s=1.00896 tsr_diff=0.000000 integral_mean=0.000000 integral_std=0.000000 log_ratio=0.0000 accept=1.0000 swapped=True
i=0 pair=(4,5) lam_t=1.00961 lam_s=1.00986 tsr_diff=0.000000 integral_mean=0.000000 integral_std=0.000000 log_ratio=0.0000 accept=1.0000 swapped=True
i=0 pair=(6,7) lam_t=1.00995 lam_s=1.01000 tsr_diff=0.000000 integral_mean=0.000000 integral_std=0.000000 log_ratio=0.0000 accept=1.0000 swapped=True
i=0 pair=(1,0) lam_t=0.99000 lam_s=1.00254 tsr_diff=0.000000 integral_mean=0.000000 integral_std=0.000000 log_ratio=0.0000 accept=1.0000 swapped=True
i=0 pair=(3,2) lam_t=1.00722 lam_s=1.00896 tsr_diff=0.000000 integral_mean=0.000000 integral_std=0.000000 log_ratio=0.0000 accept=1.0000 swapped=True
i=0 pair=(5,4) lam_t=1.00961 lam_s=1.00986 tsr_diff=0.000000 integral_mean=0.000000 integral_std=0.000000 log_ratio=0.0000 accept=1.0000 swapped=True
i=0 pair=(7,6) lam_t=1.00995 lam_s=1.01000 tsr_diff=0.000000 integral_mean=0.000000 integral_std=0.000000 log_ratio=0.0000 accept=1.0000 swapped=True
i=1 pair=(1,2) lam_t=1.00254 lam_s=1.00722 tsr_diff=0.000050 integral_mean=0.000000 integral_std=0.000099 log_ratio=0.0000 accept=1.0000 swapped=True
i=1 pair=(3,4) lam_t=1.00896 lam_s=1.00961 tsr_diff=0.000007 integral_mean=-0.000000 integral_std=0.000014 log_ratio=-0.0001 accept=0.9999 swapped=True
i=1 pair=(5,6) lam_t=1.00986 lam_s=1.00995 tsr_diff=0.000001 integral_mean=0.000000 integral_std=0.000002 log_ratio=0.0000 accept=1.0000 swapped=True
i=1 pair=(2,1) lam_t=1.00254 lam_s=1.00722 tsr_diff=0.000050 integral_mean=-0.000001 integral_std=0.000103 log_ratio=-0.0015 accept=0.9985 swapped=True
i=1 pair=(4,3) lam_t=1.00896 lam_s=1.00961 tsr_diff=0.000007 integral_mean=0.000000 integral_std=0.000014 log_ratio=0.0000 accept=1.0000 swapped=True
i=1 pair=(6,5) lam_t=1.00986 lam_s=1.00995 tsr_diff=0.000001 integral_mean=0.000000 integral_std=0.000002 log_ratio=0.0000 accept=1.0000 swapped=True
i=2 pair=(0,1) lam_t=0.99000 lam_s=1.00254 tsr_diff=0.000530 integral_mean=0.000005 integral_std=0.001128 log_ratio=0.0000 accept=1.0000 swapped=True
i=2 pair=(2,3) lam_t=1.00722 lam_s=1.00896 tsr_diff=0.000074 integral_mean=0.000011 integral_std=0.000152 log_ratio=0.0000 accept=1.0000 swapped=True
i=2 pair=(4,5) lam_t=1.00961 lam_s=1.00986 tsr_diff=0.000010 integral_mean=0.000001 integral_std=0.000021 log_ratio=0.0000 accept=1.0000 swapped=True
i=2 pair=(6,7) lam_t=1.00995 lam_s=1.01000 tsr_diff=0.000002 integral_mean=-0.000000 integral_std=0.000004 log_ratio=-0.0003 accept=0.9997 swapped=True
i=2 pair=(1,0) lam_t=0.99000 lam_s=1.00254 tsr_diff=0.000530 integral_mean=0.000006 integral_std=0.001050 log_ratio=0.0000 accept=1.0000 swapped=True
i=2 pair=(3,2) lam_t=1.00722 lam_s=1.00896 tsr_diff=0.000074 integral_mean=-0.000003 integral_std=0.000152 log_ratio=-0.0074 accept=0.9926 swapped=True
i=2 pair=(5,4) lam_t=1.00961 lam_s=1.00986 tsr_diff=0.000010 integral_mean=-0.000000 integral_std=0.000021 log_ratio=-0.0009 accept=0.9991 swapped=True
i=2 pair=(7,6) lam_t=1.00995 lam_s=1.01000 tsr_diff=0.000002 integral_mean=0.000000 integral_std=0.000005 log_ratio=0.0000 accept=1.0000 swapped=True
i=3 pair=(1,2) lam_t=1.00254 lam_s=1.00722 tsr_diff=0.000436 integral_mean=-0.000006 integral_std=0.000882 log_ratio=-0.0152 accept=0.9850 swapped=True
i=3 pair=(3,4) lam_t=1.00896 lam_s=1.00961 tsr_diff=0.000060 integral_mean=0.000004 integral_std=0.000119 log_ratio=0.0000 accept=1.0000 swapped=True
i=3 pair=(5,6) lam_t=1.00986 lam_s=1.00995 tsr_diff=0.000008 integral_mean=-0.000000 integral_std=0.000018 log_ratio=-0.0005 accept=0.9995 swapped=True
i=3 pair=(2,1) lam_t=1.00254 lam_s=1.00722 tsr_diff=0.000436 integral_mean=-0.000017 integral_std=0.000881 log_ratio=-0.0399 accept=0.9609 swapped=True
i=3 pair=(4,3) lam_t=1.00896 lam_s=1.00961 tsr_diff=0.000060 integral_mean=-0.000002 integral_std=0.000122 log_ratio=-0.0039 accept=0.9961 swapped=True
i=3 pair=(6,5) lam_t=1.00986 lam_s=1.00995 tsr_diff=0.000008 integral_mean=0.000001 integral_std=0.000017 log_ratio=0.0000 accept=1.0000 swapped=True
i=4 pair=(0,1) lam_t=0.99000 lam_s=1.00254 tsr_diff=0.002032 integral_mean=-0.000162 integral_std=0.004164 log_ratio=-0.3898 accept=0.6772 swapped=True
i=4 pair=(2,3) lam_t=1.00722 lam_s=1.00896 tsr_diff=0.000281 integral_mean=-0.000009 integral_std=0.000564 log_ratio=-0.0213 accept=0.9790 swapped=True
i=4 pair=(4,5) lam_t=1.00961 lam_s=1.00986 tsr_diff=0.000039 integral_mean=-0.000001 integral_std=0.000078 log_ratio=-0.0028 accept=0.9972 swapped=True
i=4 pair=(6,7) lam_t=1.00995 lam_s=1.01000 tsr_diff=0.000009 integral_mean=0.000000 integral_std=0.000018 log_ratio=0.0000 accept=1.0000 swapped=True
i=4 pair=(1,0) lam_t=0.99000 lam_s=1.00254 tsr_diff=0.002032 integral_mean=0.000063 integral_std=0.004218 log_ratio=0.0000 accept=1.0000 swapped=True
i=4 pair=(3,2) lam_t=1.00722 lam_s=1.00896 tsr_diff=0.000281 integral_mean=0.000010 integral_std=0.000542 log_ratio=0.0000 accept=1.0000 swapped=True
i=4 pair=(5,4) lam_t=1.00961 lam_s=1.00986 tsr_diff=0.000039 integral_mean=0.000001 integral_std=0.000078 log_ratio=0.0000 accept=1.0000 swapped=True
i=4 pair=(7,6) lam_t=1.00995 lam_s=1.01000 tsr_diff=0.000009 integral_mean=-0.000000 integral_std=0.000018 log_ratio=-0.0003 accept=0.9997 swapped=True
i=5 pair=(1,2) lam_t=1.00254 lam_s=1.00722 tsr_diff=0.001142 integral_mean=-0.000002 integral_std=0.002253 log_ratio=-0.0043 accept=0.9957 swapped=True
i=5 pair=(3,4) lam_t=1.00896 lam_s=1.00961 tsr_diff=0.000158 integral_mean=-0.000003 integral_std=0.000309 log_ratio=-0.0076 accept=0.9924 swapped=True
i=5 pair=(5,6) lam_t=1.00986 lam_s=1.00995 tsr_diff=0.000022 integral_mean=-0.000001 integral_std=0.000046 log_ratio=-0.0031 accept=0.9969 swapped=True
i=5 pair=(2,1) lam_t=1.00254 lam_s=1.00722 tsr_diff=0.001142 integral_mean=-0.000038 integral_std=0.002271 log_ratio=-0.0911 accept=0.9129 swapped=True
i=5 pair=(4,3) lam_t=1.00896 lam_s=1.00961 tsr_diff=0.000158 integral_mean=0.000003 integral_std=0.000337 log_ratio=0.0000 accept=1.0000 swapped=True
i=5 pair=(6,5) lam_t=1.00986 lam_s=1.00995 tsr_diff=0.000022 integral_mean=0.000001 integral_std=0.000045 log_ratio=0.0000 accept=1.0000 swapped=True
i=6 pair=(0,1) lam_t=0.99000 lam_s=1.00254 tsr_diff=0.004257 integral_mean=-0.000167 integral_std=0.008800 log_ratio=-0.4020 accept=0.6690 swapped=True
i=6 pair=(2,3) lam_t=1.00722 lam_s=1.00896 tsr_diff=0.000587 integral_mean=0.000002 integral_std=0.001204 log_ratio=0.0000 accept=1.0000 swapped=True
i=6 pair=(4,5) lam_t=1.00961 lam_s=1.00986 tsr_diff=0.000081 integral_mean=0.000001 integral_std=0.000171 log_ratio=0.0000 accept=1.0000 swapped=True
i=6 pair=(6,7) lam_t=1.00995 lam_s=1.01000 tsr_diff=0.000018 integral_mean=0.000000 integral_std=0.000036 log_ratio=0.0000 accept=1.0000 swapped=True
i=6 pair=(1,0) lam_t=0.99000 lam_s=1.00254 tsr_diff=0.004257 integral_mean=0.000068 integral_std=0.008847 log_ratio=0.0000 accept=1.0000 swapped=True
i=6 pair=(3,2) lam_t=1.00722 lam_s=1.00896 tsr_diff=0.000587 integral_mean=-0.000015 integral_std=0.001163 log_ratio=-0.0356 accept=0.9650 swapped=True
i=6 pair=(5,4) lam_t=1.00961 lam_s=1.00986 tsr_diff=0.000081 integral_mean=0.000006 integral_std=0.000160 log_ratio=0.0000 accept=1.0000 swapped=True
i=6 pair=(7,6) lam_t=1.00995 lam_s=1.01000 tsr_diff=0.000018 integral_mean=-0.000001 integral_std=0.000037 log_ratio=-0.0029 accept=0.9971 swapped=True
i=7 pair=(1,2) lam_t=1.00254 lam_s=1.00722 tsr_diff=0.002045 integral_mean=0.000009 integral_std=0.004400 log_ratio=0.0000 accept=1.0000 swapped=True
i=7 pair=(3,4) lam_t=1.00896 lam_s=1.00961 tsr_diff=0.000283 integral_mean=0.000016 integral_std=0.000524 log_ratio=0.0000 accept=1.0000 swapped=True
i=7 pair=(5,6) lam_t=1.00986 lam_s=1.00995 tsr_diff=0.000039 integral_mean=-0.000000 integral_std=0.000085 log_ratio=-0.0004 accept=0.9996 swapped=True
i=7 pair=(2,1) lam_t=1.00254 lam_s=1.00722 tsr_diff=0.002045 integral_mean=-0.000029 integral_std=0.004405 log_ratio=-0.0699 accept=0.9325 swapped=True
i=7 pair=(4,3) lam_t=1.00896 lam_s=1.00961 tsr_diff=0.000283 integral_mean=-0.000008 integral_std=0.000563 log_ratio=-0.0193 accept=0.9809 swapped=True
i=7 pair=(6,5) lam_t=1.00986 lam_s=1.00995 tsr_diff=0.000039 integral_mean=-0.000003 integral_std=0.000087 log_ratio=-0.0063 accept=0.9937 swapped=True
i=8 pair=(0,1) lam_t=0.99000 lam_s=1.00254 tsr_diff=0.006833 integral_mean=-0.001439 integral_std=0.016866 log_ratio=-3.4533 accept=0.0316 swapped=False
i=8 pair=(2,3) lam_t=1.00722 lam_s=1.00896 tsr_diff=0.000937 integral_mean=0.000037 integral_std=0.002001 log_ratio=0.0000 accept=1.0000 swapped=True
i=8 pair=(4,5) lam_t=1.00961 lam_s=1.00986 tsr_diff=0.000130 integral_mean=-0.000014 integral_std=0.000286 log_ratio=-0.0327 accept=0.9678 swapped=True
i=8 pair=(6,7) lam_t=1.00995 lam_s=1.01000 tsr_diff=0.000029 integral_mean=0.000002 integral_std=0.000063 log_ratio=0.0000 accept=1.0000 swapped=True
i=8 pair=(0,1) lam_t=0.99000 lam_s=1.00254 tsr_diff=0.006833 integral_mean=-0.001125 integral_std=0.016583 log_ratio=-2.7001 accept=0.0672 swapped=False
i=8 pair=(3,2) lam_t=1.00722 lam_s=1.00896 tsr_diff=0.000937 integral_mean=0.000020 integral_std=0.001910 log_ratio=0.0000 accept=1.0000 swapped=True
i=8 pair=(5,4) lam_t=1.00961 lam_s=1.00986 tsr_diff=0.000130 integral_mean=0.000003 integral_std=0.000290 log_ratio=0.0000 accept=1.0000 swapped=True
i=8 pair=(7,6) lam_t=1.00995 lam_s=1.01000 tsr_diff=0.000029 integral_mean=-0.000002 integral_std=0.000065 log_ratio=-0.0036 accept=0.9964 swapped=True
i=9 pair=(1,2) lam_t=1.00254 lam_s=1.00722 tsr_diff=0.002993 integral_mean=0.000266 integral_std=0.007281 log_ratio=0.0000 accept=1.0000 swapped=True
i=9 pair=(3,4) lam_t=1.00896 lam_s=1.00961 tsr_diff=0.000414 integral_mean=0.000017 integral_std=0.000836 log_ratio=0.0000 accept=1.0000 swapped=True
i=9 pair=(5,6) lam_t=1.00986 lam_s=1.00995 tsr_diff=0.000057 integral_mean=0.000000 integral_std=0.000129 log_ratio=0.0000 accept=1.0000 swapped=True
i=9 pair=(2,1) lam_t=1.00254 lam_s=1.00722 tsr_diff=0.002993 integral_mean=-0.000256 integral_std=0.007093 log_ratio=-0.6150 accept=0.5407 swapped=False
i=9 pair=(4,3) lam_t=1.00896 lam_s=1.00961 tsr_diff=0.000414 integral_mean=-0.000011 integral_std=0.000871 log_ratio=-0.0275 accept=0.9729 swapped=True
i=9 pair=(6,5) lam_t=1.00986 lam_s=1.00995 tsr_diff=0.000057 integral_mean=-0.000002 integral_std=0.000128 log_ratio=-0.0036 accept=0.9964 swapped=True
i=10 pair=(0,2) lam_t=0.99000 lam_s=1.00254 tsr_diff=0.009326 integral_mean=-0.001281 integral_std=0.020909 log_ratio=-3.0754 accept=0.0462 swapped=False
i=10 pair=(1,3) lam_t=1.00722 lam_s=1.00896 tsr_diff=0.001273 integral_mean=0.000198 integral_std=0.003231 log_ratio=0.0000 accept=1.0000 swapped=True
i=10 pair=(4,5) lam_t=1.00961 lam_s=1.00986 tsr_diff=0.000177 integral_mean=-0.000000 integral_std=0.000419 log_ratio=-0.0010 accept=0.9990 swapped=True
i=10 pair=(6,7) lam_t=1.00995 lam_s=1.01000 tsr_diff=0.000039 integral_mean=0.000002 integral_std=0.000094 log_ratio=0.0000 accept=1.0000 swapped=True
i=10 pair=(0,2) lam_t=0.99000 lam_s=1.00254 tsr_diff=0.009326 integral_mean=-0.001166 integral_std=0.019055 log_ratio=-2.7995 accept=0.0608 swapped=False
i=10 pair=(3,1) lam_t=1.00722 lam_s=1.00896 tsr_diff=0.001273 integral_mean=-0.000231 integral_std=0.003334 log_ratio=-0.5543 accept=0.5744 swapped=False
i=10 pair=(5,4) lam_t=1.00961 lam_s=1.00986 tsr_diff=0.000177 integral_mean=-0.000011 integral_std=0.000406 log_ratio=-0.0255 accept=0.9748 swapped=True
i=10 pair=(7,6) lam_t=1.00995 lam_s=1.01000 tsr_diff=0.000039 integral_mean=-0.000001 integral_std=0.000093 log_ratio=-0.0028 accept=0.9972 swapped=True
i=11 pair=(2,3) lam_t=1.00254 lam_s=1.00722 tsr_diff=0.003825 integral_mean=0.000433 integral_std=0.009237 log_ratio=0.0000 accept=1.0000 swapped=True
i=11 pair=(1,4) lam_t=1.00896 lam_s=1.00961 tsr_diff=0.000528 integral_mean=0.000085 integral_std=0.001522 log_ratio=0.0000 accept=1.0000 swapped=True
i=11 pair=(5,6) lam_t=1.00986 lam_s=1.00995 tsr_diff=0.000073 integral_mean=-0.000011 integral_std=0.000187 log_ratio=-0.0266 accept=0.9737 swapped=True
i=11 pair=(3,2) lam_t=1.00254 lam_s=1.00722 tsr_diff=0.003825 integral_mean=-0.000188 integral_std=0.008783 log_ratio=-0.4502 accept=0.6375 swapped=False
i=11 pair=(4,1) lam_t=1.00896 lam_s=1.00961 tsr_diff=0.000528 integral_mean=-0.000049 integral_std=0.001490 log_ratio=-0.1175 accept=0.8892 swapped=True
i=11 pair=(6,5) lam_t=1.00986 lam_s=1.00995 tsr_diff=0.000073 integral_mean=0.000004 integral_std=0.000179 log_ratio=0.0000 accept=1.0000 swapped=True
i=12 pair=(0,3) lam_t=0.99000 lam_s=1.00254 tsr_diff=0.011313 integral_mean=-0.000694 integral_std=0.024186 log_ratio=-1.6666 accept=0.1889 swapped=False
i=12 pair=(2,1) lam_t=1.00722 lam_s=1.00896 tsr_diff=0.001539 integral_mean=-0.000170 integral_std=0.005935 log_ratio=-0.4087 accept=0.6645 swapped=True
i=12 pair=(4,5) lam_t=1.00961 lam_s=1.00986 tsr_diff=0.000213 integral_mean=0.000014 integral_std=0.000608 log_ratio=0.0000 accept=1.0000 swapped=True
i=12 pair=(6,7) lam_t=1.00995 lam_s=1.01000 tsr_diff=0.000047 integral_mean=0.000006 integral_std=0.000153 log_ratio=0.0000 accept=1.0000 swapped=True
i=12 pair=(0,3) lam_t=0.99000 lam_s=1.00254 tsr_diff=0.011313 integral_mean=-0.000084 integral_std=0.023552 log_ratio=-0.2022 accept=0.8170 swapped=True
i=12 pair=(1,2) lam_t=1.00722 lam_s=1.00896 tsr_diff=0.001539 integral_mean=0.000195 integral_std=0.005009 log_ratio=0.0000 accept=1.0000 swapped=True
i=12 pair=(5,4) lam_t=1.00961 lam_s=1.00986 tsr_diff=0.000213 integral_mean=-0.000024 integral_std=0.000595 log_ratio=-0.0570 accept=0.9446 swapped=True
i=12 pair=(7,6) lam_t=1.00995 lam_s=1.01000 tsr_diff=0.000047 integral_mean=-0.000003 integral_std=0.000139 log_ratio=-0.0072 accept=0.9928 swapped=True
i=13 pair=(0,2) lam_t=1.00254 lam_s=1.00722 tsr_diff=0.004402 integral_mean=-0.000984 integral_std=0.010850 log_ratio=-2.3609 accept=0.0943 swapped=False
i=13 pair=(1,4) lam_t=1.00896 lam_s=1.00961 tsr_diff=0.000607 integral_mean=0.000267 integral_std=0.002939 log_ratio=0.0000 accept=1.0000 swapped=True
i=13 pair=(5,6) lam_t=1.00986 lam_s=1.00995 tsr_diff=0.000084 integral_mean=-0.000020 integral_std=0.000329 log_ratio=-0.0478 accept=0.9533 swapped=True
i=13 pair=(0,2) lam_t=1.00254 lam_s=1.00722 tsr_diff=0.004402 integral_mean=-0.000168 integral_std=0.009285 log_ratio=-0.4038 accept=0.6678 swapped=True
i=13 pair=(4,1) lam_t=1.00896 lam_s=1.00961 tsr_diff=0.000607 integral_mean=-0.000044 integral_std=0.002505 log_ratio=-0.1065 accept=0.8989 swapped=True
i=13 pair=(6,5) lam_t=1.00986 lam_s=1.00995 tsr_diff=0.000084 integral_mean=0.000011 integral_std=0.000311 log_ratio=0.0000 accept=1.0000 swapped=True
i=14 pair=(3,2) lam_t=0.99000 lam_s=1.00254 tsr_diff=0.012453 integral_mean=0.003161 integral_std=0.042449 log_ratio=0.0000 accept=1.0000 swapped=True
i=14 pair=(0,1) lam_t=1.00722 lam_s=1.00896 tsr_diff=0.001690 integral_mean=-0.001087 integral_std=0.014727 log_ratio=-2.6086 accept=0.0736 swapped=False
i=14 pair=(4,5) lam_t=1.00961 lam_s=1.00986 tsr_diff=0.000234 integral_mean=0.000048 integral_std=0.001241 log_ratio=0.0000 accept=1.0000 swapped=True
i=14 pair=(6,7) lam_t=1.00995 lam_s=1.01000 tsr_diff=0.000052 integral_mean=0.000011 integral_std=0.000480 log_ratio=0.0000 accept=1.0000 swapped=True
i=14 pair=(2,3) lam_t=0.99000 lam_s=1.00254 tsr_diff=0.012453 integral_mean=0.000162 integral_std=0.031384 log_ratio=0.0000 accept=1.0000 swapped=True
i=14 pair=(0,1) lam_t=1.00722 lam_s=1.00896 tsr_diff=0.001690 integral_mean=-0.000783 integral_std=0.012658 log_ratio=-1.8783 accept=0.1528 swapped=False
i=14 pair=(5,4) lam_t=1.00961 lam_s=1.00986 tsr_diff=0.000234 integral_mean=-0.000055 integral_std=0.001187 log_ratio=-0.1325 accept=0.8759 swapped=True
i=14 pair=(7,6) lam_t=1.00995 lam_s=1.01000 tsr_diff=0.000052 integral_mean=-0.000018 integral_std=0.000401 log_ratio=-0.0433 accept=0.9577 swapped=True
Best Sample: 4 log probability 0.000
Saved 1 samples to: logs/pointmaze-giant-navigate-v0/inference/plans/release_H400_T256_LimitsNormalizer_b1_condFalse/2026-07-17 13:08:33/3/0.png
Saved 1 samples to: logs/pointmaze-giant-navigate-v0/inference/plans/release_H400_T256_LimitsNormalizer_b1_condFalse/2026-07-17 13:08:33/3/rollout.png
i=0 pair=(0,1) lam_t=0.99000 lam_s=1.00254 tsr_diff=0.000000 integral_mean=0.000000 integral_std=0.000000 log_ratio=0.0000 accept=1.0000 swapped=True
i=0 pair=(2,3) lam_t=1.00722 lam_s=1.00896 tsr_diff=0.000000 integral_mean=0.000000 integral_std=0.000000 log_ratio=0.0000 accept=1.0000 swapped=True
i=0 pair=(4,5) lam_t=1.00961 lam_s=1.00986 tsr_diff=0.000000 integral_mean=0.000000 integral_std=0.000000 log_ratio=0.0000 accept=1.0000 swapped=True
i=0 pair=(6,7) lam_t=1.00995 lam_s=1.01000 tsr_diff=0.000000 integral_mean=0.000000 integral_std=0.000000 log_ratio=0.0000 accept=1.0000 swapped=True
i=0 pair=(1,0) lam_t=0.99000 lam_s=1.00254 tsr_diff=0.000000 integral_mean=0.000000 integral_std=0.000000 log_ratio=0.0000 accept=1.0000 swapped=True
i=0 pair=(3,2) lam_t=1.00722 lam_s=1.00896 tsr_diff=0.000000 integral_mean=0.000000 integral_std=0.000000 log_ratio=0.0000 accept=1.0000 swapped=True
i=0 pair=(5,4) lam_t=1.00961 lam_s=1.00986 tsr_diff=0.000000 integral_mean=0.000000 integral_std=0.000000 log_ratio=0.0000 accept=1.0000 swapped=True
i=0 pair=(7,6) lam_t=1.00995 lam_s=1.01000 tsr_diff=0.000000 integral_mean=0.000000 integral_std=0.000000 log_ratio=0.0000 accept=1.0000 swapped=True
i=1 pair=(1,2) lam_t=1.00254 lam_s=1.00722 tsr_diff=0.000050 integral_mean=0.000001 integral_std=0.000105 log_ratio=0.0000 accept=1.0000 swapped=True
i=1 pair=(3,4) lam_t=1.00896 lam_s=1.00961 tsr_diff=0.000007 integral_mean=-0.000000 integral_std=0.000014 log_ratio=-0.0001 accept=0.9999 swapped=True
i=1 pair=(5,6) lam_t=1.00986 lam_s=1.00995 tsr_diff=0.000001 integral_mean=0.000000 integral_std=0.000002 log_ratio=0.0000 accept=1.0000 swapped=True
i=1 pair=(2,1) lam_t=1.00254 lam_s=1.00722 tsr_diff=0.000050 integral_mean=0.000005 integral_std=0.000102 log_ratio=0.0000 accept=1.0000 swapped=True
i=1 pair=(4,3) lam_t=1.00896 lam_s=1.00961 tsr_diff=0.000007 integral_mean=0.000000 integral_std=0.000014 log_ratio=0.0000 accept=1.0000 swapped=True
i=1 pair=(6,5) lam_t=1.00986 lam_s=1.00995 tsr_diff=0.000001 integral_mean=0.000000 integral_std=0.000002 log_ratio=0.0000 accept=1.0000 swapped=True
i=2 pair=(0,1) lam_t=0.99000 lam_s=1.00254 tsr_diff=0.000530 integral_mean=0.000064 integral_std=0.001180 log_ratio=0.0000 accept=1.0000 swapped=True
i=2 pair=(2,3) lam_t=1.00722 lam_s=1.00896 tsr_diff=0.000074 integral_mean=0.000008 integral_std=0.000157 log_ratio=0.0000 accept=1.0000 swapped=True
i=2 pair=(4,5) lam_t=1.00961 lam_s=1.00986 tsr_diff=0.000010 integral_mean=0.000000 integral_std=0.000021 log_ratio=0.0000 accept=1.0000 swapped=True
i=2 pair=(6,7) lam_t=1.00995 lam_s=1.01000 tsr_diff=0.000002 integral_mean=0.000000 integral_std=0.000005 log_ratio=0.0000 accept=1.0000 swapped=True
i=2 pair=(1,0) lam_t=0.99000 lam_s=1.00254 tsr_diff=0.000530 integral_mean=-0.000013 integral_std=0.001094 log_ratio=-0.0322 accept=0.9683 swapped=True
i=2 pair=(3,2) lam_t=1.00722 lam_s=1.00896 tsr_diff=0.000074 integral_mean=-0.000001 integral_std=0.000145 log_ratio=-0.0014 accept=0.9986 swapped=True
i=2 pair=(5,4) lam_t=1.00961 lam_s=1.00986 tsr_diff=0.000010 integral_mean=0.000002 integral_std=0.000022 log_ratio=0.0000 accept=1.0000 swapped=True
i=2 pair=(7,6) lam_t=1.00995 lam_s=1.01000 tsr_diff=0.000002 integral_mean=-0.000000 integral_std=0.000004 log_ratio=-0.0001 accept=0.9999 swapped=True
i=3 pair=(1,2) lam_t=1.00254 lam_s=1.00722 tsr_diff=0.000436 integral_mean=-0.000002 integral_std=0.000921 log_ratio=-0.0054 accept=0.9946 swapped=True
i=3 pair=(3,4) lam_t=1.00896 lam_s=1.00961 tsr_diff=0.000060 integral_mean=0.000004 integral_std=0.000114 log_ratio=0.0000 accept=1.0000 swapped=True
i=3 pair=(5,6) lam_t=1.00986 lam_s=1.00995 tsr_diff=0.000008 integral_mean=0.000001 integral_std=0.000019 log_ratio=0.0000 accept=1.0000 swapped=True
i=3 pair=(2,1) lam_t=1.00254 lam_s=1.00722 tsr_diff=0.000436 integral_mean=-0.000009 integral_std=0.000906 log_ratio=-0.0227 accept=0.9776 swapped=True
i=3 pair=(4,3) lam_t=1.00896 lam_s=1.00961 tsr_diff=0.000060 integral_mean=-0.000000 integral_std=0.000117 log_ratio=-0.0002 accept=0.9998 swapped=True
i=3 pair=(6,5) lam_t=1.00986 lam_s=1.00995 tsr_diff=0.000008 integral_mean=-0.000001 integral_std=0.000019 log_ratio=-0.0015 accept=0.9985 swapped=True
i=4 pair=(0,1) lam_t=0.99000 lam_s=1.00254 tsr_diff=0.002032 integral_mean=-0.000002 integral_std=0.004261 log_ratio=-0.0049 accept=0.9951 swapped=True
i=4 pair=(2,3) lam_t=1.00722 lam_s=1.00896 tsr_diff=0.000281 integral_mean=0.000000 integral_std=0.000611 log_ratio=0.0000 accept=1.0000 swapped=True
i=4 pair=(4,5) lam_t=1.00961 lam_s=1.00986 tsr_diff=0.000039 integral_mean=-0.000003 integral_std=0.000082 log_ratio=-0.0081 accept=0.9919 swapped=True
i=4 pair=(6,7) lam_t=1.00995 lam_s=1.01000 tsr_diff=0.000009 integral_mean=-0.000002 integral_std=0.000021 log_ratio=-0.0049 accept=0.9951 swapped=True
i=4 pair=(1,0) lam_t=0.99000 lam_s=1.00254 tsr_diff=0.002032 integral_mean=-0.000227 integral_std=0.004423 log_ratio=-0.5452 accept=0.5797 swapped=True
i=4 pair=(3,2) lam_t=1.00722 lam_s=1.00896 tsr_diff=0.000281 integral_mean=-0.000001 integral_std=0.000604 log_ratio=-0.0022 accept=0.9978 swapped=True
i=4 pair=(5,4) lam_t=1.00961 lam_s=1.00986 tsr_diff=0.000039 integral_mean=0.000003 integral_std=0.000080 log_ratio=0.0000 accept=1.0000 swapped=True
i=4 pair=(7,6) lam_t=1.00995 lam_s=1.01000 tsr_diff=0.000009 integral_mean=0.000001 integral_std=0.000020 log_ratio=0.0000 accept=1.0000 swapped=True
i=5 pair=(1,2) lam_t=1.00254 lam_s=1.00722 tsr_diff=0.001142 integral_mean=-0.000096 integral_std=0.002391 log_ratio=-0.2302 accept=0.7944 swapped=True
i=5 pair=(3,4) lam_t=1.00896 lam_s=1.00961 tsr_diff=0.000158 integral_mean=0.000031 integral_std=0.000342 log_ratio=0.0000 accept=1.0000 swapped=True
i=5 pair=(5,6) lam_t=1.00986 lam_s=1.00995 tsr_diff=0.000022 integral_mean=0.000000 integral_std=0.000048 log_ratio=0.0000 accept=1.0000 swapped=True
i=5 pair=(2,1) lam_t=1.00254 lam_s=1.00722 tsr_diff=0.001142 integral_mean=0.000055 integral_std=0.002573 log_ratio=0.0000 accept=1.0000 swapped=True
i=5 pair=(4,3) lam_t=1.00896 lam_s=1.00961 tsr_diff=0.000158 integral_mean=-0.000012 integral_std=0.000344 log_ratio=-0.0287 accept=0.9717 swapped=True
i=5 pair=(6,5) lam_t=1.00986 lam_s=1.00995 tsr_diff=0.000022 integral_mean=-0.000000 integral_std=0.000046 log_ratio=-0.0007 accept=0.9993 swapped=True
i=6 pair=(0,1) lam_t=0.99000 lam_s=1.00254 tsr_diff=0.004257 integral_mean=0.000129 integral_std=0.009074 log_ratio=0.0000 accept=1.0000 swapped=True
i=6 pair=(2,3) lam_t=1.00722 lam_s=1.00896 tsr_diff=0.000587 integral_mean=-0.000410 integral_std=0.001936 log_ratio=-0.9844 accept=0.3737 swapped=False
i=6 pair=(4,5) lam_t=1.00961 lam_s=1.00986 tsr_diff=0.000081 integral_mean=-0.000001 integral_std=0.000180 log_ratio=-0.0018 accept=0.9982 swapped=True
i=6 pair=(6,7) lam_t=1.00995 lam_s=1.01000 tsr_diff=0.000018 integral_mean=-0.000001 integral_std=0.000042 log_ratio=-0.0029 accept=0.9971 swapped=True
i=6 pair=(1,0) lam_t=0.99000 lam_s=1.00254 tsr_diff=0.004257 integral_mean=0.000099 integral_std=0.008756 log_ratio=0.0000 accept=1.0000 swapped=True
i=6 pair=(2,3) lam_t=1.00722 lam_s=1.00896 tsr_diff=0.000587 integral_mean=-0.000208 integral_std=0.001541 log_ratio=-0.4994 accept=0.6069 swapped=True
i=6 pair=(5,4) lam_t=1.00961 lam_s=1.00986 tsr_diff=0.000081 integral_mean=0.000003 integral_std=0.000180 log_ratio=0.0000 accept=1.0000 swapped=True
i=6 pair=(7,6) lam_t=1.00995 lam_s=1.01000 tsr_diff=0.000018 integral_mean=0.000000 integral_std=0.000040 log_ratio=0.0000 accept=1.0000 swapped=True
i=7 pair=(1,3) lam_t=1.00254 lam_s=1.00722 tsr_diff=0.002045 integral_mean=-0.000567 integral_std=0.004827 log_ratio=-1.3609 accept=0.2564 swapped=False
i=7 pair=(2,4) lam_t=1.00896 lam_s=1.00961 tsr_diff=0.000283 integral_mean=0.000015 integral_std=0.000635 log_ratio=0.0000 accept=1.0000 swapped=True
i=7 pair=(5,6) lam_t=1.00986 lam_s=1.00995 tsr_diff=0.000039 integral_mean=-0.000001 integral_std=0.000086 log_ratio=-0.0028 accept=0.9972 swapped=True
i=7 pair=(1,3) lam_t=1.00254 lam_s=1.00722 tsr_diff=0.002045 integral_mean=-0.000241 integral_std=0.004677 log_ratio=-0.5773 accept=0.5614 swapped=True
i=7 pair=(4,2) lam_t=1.00896 lam_s=1.00961 tsr_diff=0.000283 integral_mean=-0.000038 integral_std=0.000625 log_ratio=-0.0917 accept=0.9123 swapped=True
i=7 pair=(6,5) lam_t=1.00986 lam_s=1.00995 tsr_diff=0.000039 integral_mean=0.000003 integral_std=0.000086 log_ratio=0.0000 accept=1.0000 swapped=True
i=8 pair=(0,3) lam_t=0.99000 lam_s=1.00254 tsr_diff=0.006833 integral_mean=-0.001946 integral_std=0.018855 log_ratio=-4.6700 accept=0.0094 swapped=False
i=8 pair=(1,2) lam_t=1.00722 lam_s=1.00896 tsr_diff=0.000937 integral_mean=-0.000062 integral_std=0.002176 log_ratio=-0.1481 accept=0.8624 swapped=True
i=8 pair=(4,5) lam_t=1.00961 lam_s=1.00986 tsr_diff=0.000130 integral_mean=0.000004 integral_std=0.000292 log_ratio=0.0000 accept=1.0000 swapped=True
i=8 pair=(6,7) lam_t=1.00995 lam_s=1.01000 tsr_diff=0.000029 integral_mean=-0.000003 integral_std=0.000075 log_ratio=-0.0084 accept=0.9916 swapped=True
i=8 pair=(0,3) lam_t=0.99000 lam_s=1.00254 tsr_diff=0.006833 integral_mean=-0.001695 integral_std=0.017763 log_ratio=-4.0673 accept=0.0171 swapped=False
i=8 pair=(2,1) lam_t=1.00722 lam_s=1.00896 tsr_diff=0.000937 integral_mean=0.000043 integral_std=0.002023 log_ratio=0.0000 accept=1.0000 swapped=True
i=8 pair=(5,4) lam_t=1.00961 lam_s=1.00986 tsr_diff=0.000130 integral_mean=0.000001 integral_std=0.000288 log_ratio=0.0000 accept=1.0000 swapped=True
i=8 pair=(7,6) lam_t=1.00995 lam_s=1.01000 tsr_diff=0.000029 integral_mean=0.000004 integral_std=0.000073 log_ratio=0.0000 accept=1.0000 swapped=True
i=9 pair=(3,1) lam_t=1.00254 lam_s=1.00722 tsr_diff=0.002993 integral_mean=0.000568 integral_std=0.007031 log_ratio=0.0000 accept=1.0000 swapped=True
i=9 pair=(2,4) lam_t=1.00896 lam_s=1.00961 tsr_diff=0.000414 integral_mean=-0.000018 integral_std=0.001014 log_ratio=-0.0441 accept=0.9569 swapped=True
i=9 pair=(5,6) lam_t=1.00986 lam_s=1.00995 tsr_diff=0.000057 integral_mean=0.000003 integral_std=0.000141 log_ratio=0.0000 accept=1.0000 swapped=True
i=9 pair=(1,3) lam_t=1.00254 lam_s=1.00722 tsr_diff=0.002993 integral_mean=-0.000479 integral_std=0.006794 log_ratio=-1.1498 accept=0.3167 swapped=False
i=9 pair=(4,2) lam_t=1.00896 lam_s=1.00961 tsr_diff=0.000414 integral_mean=-0.000010 integral_std=0.001006 log_ratio=-0.0230 accept=0.9773 swapped=True
i=9 pair=(6,5) lam_t=1.00986 lam_s=1.00995 tsr_diff=0.000057 integral_mean=-0.000004 integral_std=0.000135 log_ratio=-0.0106 accept=0.9894 swapped=True
i=10 pair=(0,1) lam_t=0.99000 lam_s=1.00254 tsr_diff=0.009326 integral_mean=0.001945 integral_std=0.023146 log_ratio=0.0000 accept=1.0000 swapped=True
i=10 pair=(3,2) lam_t=1.00722 lam_s=1.00896 tsr_diff=0.001273 integral_mean=0.000218 integral_std=0.003745 log_ratio=0.0000 accept=1.0000 swapped=True
i=10 pair=(4,5) lam_t=1.00961 lam_s=1.00986 tsr_diff=0.000177 integral_mean=-0.000009 integral_std=0.000455 log_ratio=-0.0224 accept=0.9778 swapped=True
i=10 pair=(6,7) lam_t=1.00995 lam_s=1.01000 tsr_diff=0.000039 integral_mean=-0.000008 integral_std=0.000116 log_ratio=-0.0197 accept=0.9805 swapped=False
i=10 pair=(1,0) lam_t=0.99000 lam_s=1.00254 tsr_diff=0.009326 integral_mean=-0.000764 integral_std=0.021943 log_ratio=-1.8326 accept=0.1600 swapped=False
i=10 pair=(2,3) lam_t=1.00722 lam_s=1.00896 tsr_diff=0.001273 integral_mean=-0.000219 integral_std=0.004591 log_ratio=-0.5265 accept=0.5907 swapped=False
i=10 pair=(5,4) lam_t=1.00961 lam_s=1.00986 tsr_diff=0.000177 integral_mean=-0.000010 integral_std=0.000424 log_ratio=-0.0246 accept=0.9757 swapped=True
i=10 pair=(6,7) lam_t=1.00995 lam_s=1.01000 tsr_diff=0.000039 integral_mean=-0.000011 integral_std=0.000129 log_ratio=-0.0254 accept=0.9749 swapped=True
i=11 pair=(0,2) lam_t=1.00254 lam_s=1.00722 tsr_diff=0.003825 integral_mean=0.000277 integral_std=0.011661 log_ratio=0.0000 accept=1.0000 swapped=True
i=11 pair=(3,4) lam_t=1.00896 lam_s=1.00961 tsr_diff=0.000528 integral_mean=0.000358 integral_std=0.002200 log_ratio=0.0000 accept=1.0000 swapped=True
i=11 pair=(5,7) lam_t=1.00986 lam_s=1.00995 tsr_diff=0.000073 integral_mean=-0.000023 integral_std=0.000265 log_ratio=-0.0562 accept=0.9454 swapped=True
i=11 pair=(2,0) lam_t=1.00254 lam_s=1.00722 tsr_diff=0.003825 integral_mean=0.000246 integral_std=0.012191 log_ratio=0.0000 accept=1.0000 swapped=True
i=11 pair=(4,3) lam_t=1.00896 lam_s=1.00961 tsr_diff=0.000528 integral_mean=-0.000220 integral_std=0.001749 log_ratio=-0.5271 accept=0.5903 swapped=True
i=11 pair=(7,5) lam_t=1.00986 lam_s=1.00995 tsr_diff=0.000073 integral_mean=0.000026 integral_std=0.000319 log_ratio=0.0000 accept=1.0000 swapped=True
i=12 pair=(1,0) lam_t=0.99000 lam_s=1.00254 tsr_diff=0.011313 integral_mean=-0.003787 integral_std=0.043398 log_ratio=-9.0899 accept=0.0001 swapped=False
i=12 pair=(2,3) lam_t=1.00722 lam_s=1.00896 tsr_diff=0.001539 integral_mean=-0.001100 integral_std=0.009913 log_ratio=-2.6397 accept=0.0714 swapped=False
i=12 pair=(4,5) lam_t=1.00961 lam_s=1.00986 tsr_diff=0.000213 integral_mean=0.000003 integral_std=0.000673 log_ratio=0.0000 accept=1.0000 swapped=True
i=12 pair=(7,6) lam_t=1.00995 lam_s=1.01000 tsr_diff=0.000047 integral_mean=0.000031 integral_std=0.000269 log_ratio=0.0000 accept=1.0000 swapped=True
i=12 pair=(1,0) lam_t=0.99000 lam_s=1.00254 tsr_diff=0.011313 integral_mean=-0.002640 integral_std=0.041456 log_ratio=-6.3359 accept=0.0018 swapped=False
i=12 pair=(2,3) lam_t=1.00722 lam_s=1.00896 tsr_diff=0.001539 integral_mean=-0.000472 integral_std=0.007857 log_ratio=-1.1318 accept=0.3225 swapped=False
i=12 pair=(5,4) lam_t=1.00961 lam_s=1.00986 tsr_diff=0.000213 integral_mean=0.000021 integral_std=0.000665 log_ratio=0.0000 accept=1.0000 swapped=True
i=12 pair=(6,7) lam_t=1.00995 lam_s=1.01000 tsr_diff=0.000047 integral_mean=-0.000016 integral_std=0.000213 log_ratio=-0.0390 accept=0.9618 swapped=True
i=13 pair=(0,2) lam_t=1.00254 lam_s=1.00722 tsr_diff=0.004402 integral_mean=0.000225 integral_std=0.024250 log_ratio=0.0000 accept=1.0000 swapped=True
i=13 pair=(3,4) lam_t=1.00896 lam_s=1.00961 tsr_diff=0.000607 integral_mean=0.000430 integral_std=0.003785 log_ratio=0.0000 accept=1.0000 swapped=True
i=13 pair=(5,7) lam_t=1.00986 lam_s=1.00995 tsr_diff=0.000084 integral_mean=-0.000087 integral_std=0.000744 log_ratio=-0.2088 accept=0.8116 swapped=True
i=13 pair=(2,0) lam_t=1.00254 lam_s=1.00722 tsr_diff=0.004402 integral_mean=-0.002035 integral_std=0.029645 log_ratio=-4.8835 accept=0.0076 swapped=False
i=13 pair=(4,3) lam_t=1.00896 lam_s=1.00961 tsr_diff=0.000607 integral_mean=-0.000404 integral_std=0.003429 log_ratio=-0.9698 accept=0.3792 swapped=False
i=13 pair=(7,5) lam_t=1.00986 lam_s=1.00995 tsr_diff=0.000084 integral_mean=0.000048 integral_std=0.000501 log_ratio=0.0000 accept=1.0000 swapped=True
i=14 pair=(1,2) lam_t=0.99000 lam_s=1.00254 tsr_diff=0.012453 integral_mean=-0.011688 integral_std=0.133094 log_ratio=-28.0511 accept=0.0000 swapped=False
i=14 pair=(0,4) lam_t=1.00722 lam_s=1.00896 tsr_diff=0.001690 integral_mean=0.001692 integral_std=0.018214 log_ratio=0.0000 accept=1.0000 swapped=True
i=14 pair=(3,5) lam_t=1.00961 lam_s=1.00986 tsr_diff=0.000234 integral_mean=0.000311 integral_std=0.003770 log_ratio=0.0000 accept=1.0000 swapped=True
i=14 pair=(7,6) lam_t=1.00995 lam_s=1.01000 tsr_diff=0.000052 integral_mean=0.000302 integral_std=0.002000 log_ratio=0.0000 accept=1.0000 swapped=True
i=14 pair=(1,2) lam_t=0.99000 lam_s=1.00254 tsr_diff=0.012453 integral_mean=-0.011839 integral_std=0.144831 log_ratio=-28.4136 accept=0.0000 swapped=False
i=14 pair=(4,0) lam_t=1.00722 lam_s=1.00896 tsr_diff=0.001690 integral_mean=-0.001149 integral_std=0.015627 log_ratio=-2.7579 accept=0.0634 swapped=False
i=14 pair=(5,3) lam_t=1.00961 lam_s=1.00986 tsr_diff=0.000234 integral_mean=-0.000127 integral_std=0.003138 log_ratio=-0.3059 accept=0.7364 swapped=True
i=14 pair=(6,7) lam_t=1.00995 lam_s=1.01000 tsr_diff=0.000052 integral_mean=-0.000090 integral_std=0.000684 log_ratio=-0.2157 accept=0.8060 swapped=True
Best Sample: 6 log probability -1.281
Saved 1 samples to: logs/pointmaze-giant-navigate-v0/inference/plans/release_H400_T256_LimitsNormalizer_b1_condFalse/2026-07-17 13:08:33/4/0.png
Saved 1 samples to: logs/pointmaze-giant-navigate-v0/inference/plans/release_H400_T256_LimitsNormalizer_b1_condFalse/2026-07-17 13:08:33/4/rollout.png
i=0 pair=(0,1) lam_t=0.99000 lam_s=1.00254 tsr_diff=0.000000 integral_mean=0.000000 integral_std=0.000000 log_ratio=0.0000 accept=1.0000 swapped=True
i=0 pair=(2,3) lam_t=1.00722 lam_s=1.00896 tsr_diff=0.000000 integral_mean=0.000000 integral_std=0.000000 log_ratio=0.0000 accept=1.0000 swapped=True
i=0 pair=(4,5) lam_t=1.00961 lam_s=1.00986 tsr_diff=0.000000 integral_mean=0.000000 integral_std=0.000000 log_ratio=0.0000 accept=1.0000 swapped=True
i=0 pair=(6,7) lam_t=1.00995 lam_s=1.01000 tsr_diff=0.000000 integral_mean=0.000000 integral_std=0.000000 log_ratio=0.0000 accept=1.0000 swapped=True
i=0 pair=(1,0) lam_t=0.99000 lam_s=1.00254 tsr_diff=0.000000 integral_mean=0.000000 integral_std=0.000000 log_ratio=0.0000 accept=1.0000 swapped=True
i=0 pair=(3,2) lam_t=1.00722 lam_s=1.00896 tsr_diff=0.000000 integral_mean=0.000000 integral_std=0.000000 log_ratio=0.0000 accept=1.0000 swapped=True
i=0 pair=(5,4) lam_t=1.00961 lam_s=1.00986 tsr_diff=0.000000 integral_mean=0.000000 integral_std=0.000000 log_ratio=0.0000 accept=1.0000 swapped=True
i=0 pair=(7,6) lam_t=1.00995 lam_s=1.01000 tsr_diff=0.000000 integral_mean=0.000000 integral_std=0.000000 log_ratio=0.0000 accept=1.0000 swapped=True
i=1 pair=(1,2) lam_t=1.00254 lam_s=1.00722 tsr_diff=0.000050 integral_mean=-0.000000 integral_std=0.000098 log_ratio=-0.0003 accept=0.9997 swapped=True
i=1 pair=(3,4) lam_t=1.00896 lam_s=1.00961 tsr_diff=0.000007 integral_mean=0.000000 integral_std=0.000014 log_ratio=0.0000 accept=1.0000 swapped=True
i=1 pair=(5,6) lam_t=1.00986 lam_s=1.00995 tsr_diff=0.000001 integral_mean=0.000000 integral_std=0.000002 log_ratio=0.0000 accept=1.0000 swapped=True
i=1 pair=(2,1) lam_t=1.00254 lam_s=1.00722 tsr_diff=0.000050 integral_mean=-0.000001 integral_std=0.000098 log_ratio=-0.0026 accept=0.9974 swapped=True
i=1 pair=(4,3) lam_t=1.00896 lam_s=1.00961 tsr_diff=0.000007 integral_mean=0.000000 integral_std=0.000014 log_ratio=0.0000 accept=1.0000 swapped=True
i=1 pair=(6,5) lam_t=1.00986 lam_s=1.00995 tsr_diff=0.000001 integral_mean=0.000000 integral_std=0.000002 log_ratio=0.0000 accept=1.0000 swapped=True
i=2 pair=(0,1) lam_t=0.99000 lam_s=1.00254 tsr_diff=0.000530 integral_mean=0.000024 integral_std=0.001030 log_ratio=0.0000 accept=1.0000 swapped=True
i=2 pair=(2,3) lam_t=1.00722 lam_s=1.00896 tsr_diff=0.000074 integral_mean=-0.000004 integral_std=0.000154 log_ratio=-0.0085 accept=0.9916 swapped=True
i=2 pair=(4,5) lam_t=1.00961 lam_s=1.00986 tsr_diff=0.000010 integral_mean=0.000001 integral_std=0.000020 log_ratio=0.0000 accept=1.0000 swapped=True
i=2 pair=(6,7) lam_t=1.00995 lam_s=1.01000 tsr_diff=0.000002 integral_mean=0.000000 integral_std=0.000005 log_ratio=0.0000 accept=1.0000 swapped=True
i=2 pair=(1,0) lam_t=0.99000 lam_s=1.00254 tsr_diff=0.000530 integral_mean=0.000042 integral_std=0.001089 log_ratio=0.0000 accept=1.0000 swapped=True
i=2 pair=(3,2) lam_t=1.00722 lam_s=1.00896 tsr_diff=0.000074 integral_mean=-0.000006 integral_std=0.000160 log_ratio=-0.0137 accept=0.9864 swapped=True
i=2 pair=(5,4) lam_t=1.00961 lam_s=1.00986 tsr_diff=0.000010 integral_mean=0.000001 integral_std=0.000021 log_ratio=0.0000 accept=1.0000 swapped=True
i=2 pair=(7,6) lam_t=1.00995 lam_s=1.01000 tsr_diff=0.000002 integral_mean=-0.000000 integral_std=0.000004 log_ratio=-0.0001 accept=0.9999 swapped=True
i=3 pair=(1,2) lam_t=1.00254 lam_s=1.00722 tsr_diff=0.000436 integral_mean=0.000012 integral_std=0.000957 log_ratio=0.0000 accept=1.0000 swapped=True
i=3 pair=(3,4) lam_t=1.00896 lam_s=1.00961 tsr_diff=0.000060 integral_mean=0.000004 integral_std=0.000119 log_ratio=0.0000 accept=1.0000 swapped=True
i=3 pair=(5,6) lam_t=1.00986 lam_s=1.00995 tsr_diff=0.000008 integral_mean=0.000000 integral_std=0.000017 log_ratio=0.0000 accept=1.0000 swapped=True
i=3 pair=(2,1) lam_t=1.00254 lam_s=1.00722 tsr_diff=0.000436 integral_mean=-0.000015 integral_std=0.000946 log_ratio=-0.0369 accept=0.9638 swapped=True
i=3 pair=(4,3) lam_t=1.00896 lam_s=1.00961 tsr_diff=0.000060 integral_mean=-0.000003 integral_std=0.000124 log_ratio=-0.0076 accept=0.9925 swapped=True
i=3 pair=(6,5) lam_t=1.00986 lam_s=1.00995 tsr_diff=0.000008 integral_mean=0.000001 integral_std=0.000017 log_ratio=0.0000 accept=1.0000 swapped=True
i=4 pair=(0,1) lam_t=0.99000 lam_s=1.00254 tsr_diff=0.002032 integral_mean=0.000010 integral_std=0.004551 log_ratio=0.0000 accept=1.0000 swapped=True
i=4 pair=(2,3) lam_t=1.00722 lam_s=1.00896 tsr_diff=0.000281 integral_mean=-0.000003 integral_std=0.000604 log_ratio=-0.0082 accept=0.9919 swapped=True
i=4 pair=(4,5) lam_t=1.00961 lam_s=1.00986 tsr_diff=0.000039 integral_mean=0.000000 integral_std=0.000077 log_ratio=0.0000 accept=1.0000 swapped=True
i=4 pair=(6,7) lam_t=1.00995 lam_s=1.01000 tsr_diff=0.000009 integral_mean=-0.000005 integral_std=0.000028 log_ratio=-0.0122 accept=0.9879 swapped=True
i=4 pair=(1,0) lam_t=0.99000 lam_s=1.00254 tsr_diff=0.002032 integral_mean=0.000077 integral_std=0.004392 log_ratio=0.0000 accept=1.0000 swapped=True
i=4 pair=(3,2) lam_t=1.00722 lam_s=1.00896 tsr_diff=0.000281 integral_mean=-0.000002 integral_std=0.000590 log_ratio=-0.0056 accept=0.9944 swapped=True
i=4 pair=(5,4) lam_t=1.00961 lam_s=1.00986 tsr_diff=0.000039 integral_mean=0.000002 integral_std=0.000083 log_ratio=0.0000 accept=1.0000 swapped=True
i=4 pair=(7,6) lam_t=1.00995 lam_s=1.01000 tsr_diff=0.000009 integral_mean=0.000002 integral_std=0.000021 log_ratio=0.0000 accept=1.0000 swapped=True
i=5 pair=(1,2) lam_t=1.00254 lam_s=1.00722 tsr_diff=0.001142 integral_mean=-0.000009 integral_std=0.002404 log_ratio=-0.0223 accept=0.9780 swapped=True
i=5 pair=(3,4) lam_t=1.00896 lam_s=1.00961 tsr_diff=0.000158 integral_mean=0.000000 integral_std=0.000303 log_ratio=0.0000 accept=1.0000 swapped=True
i=5 pair=(5,6) lam_t=1.00986 lam_s=1.00995 tsr_diff=0.000022 integral_mean=-0.000000 integral_std=0.000048 log_ratio=-0.0002 accept=0.9998 swapped=True
i=5 pair=(2,1) lam_t=1.00254 lam_s=1.00722 tsr_diff=0.001142 integral_mean=-0.000051 integral_std=0.002353 log_ratio=-0.1225 accept=0.8847 swapped=True
i=5 pair=(4,3) lam_t=1.00896 lam_s=1.00961 tsr_diff=0.000158 integral_mean=-0.000002 integral_std=0.000323 log_ratio=-0.0047 accept=0.9953 swapped=True
i=5 pair=(6,5) lam_t=1.00986 lam_s=1.00995 tsr_diff=0.000022 integral_mean=0.000001 integral_std=0.000047 log_ratio=0.0000 accept=1.0000 swapped=True
i=6 pair=(0,1) lam_t=0.99000 lam_s=1.00254 tsr_diff=0.004257 integral_mean=0.000044 integral_std=0.009107 log_ratio=0.0000 accept=1.0000 swapped=True
i=6 pair=(2,3) lam_t=1.00722 lam_s=1.00896 tsr_diff=0.000587 integral_mean=0.000001 integral_std=0.001201 log_ratio=0.0000 accept=1.0000 swapped=True
i=6 pair=(4,5) lam_t=1.00961 lam_s=1.00986 tsr_diff=0.000081 integral_mean=-0.000004 integral_std=0.000166 log_ratio=-0.0096 accept=0.9904 swapped=True
i=6 pair=(6,7) lam_t=1.00995 lam_s=1.01000 tsr_diff=0.000018 integral_mean=0.000001 integral_std=0.000041 log_ratio=0.0000 accept=1.0000 swapped=True
i=6 pair=(1,0) lam_t=0.99000 lam_s=1.00254 tsr_diff=0.004257 integral_mean=-0.000087 integral_std=0.009218 log_ratio=-0.2097 accept=0.8108 swapped=False
i=6 pair=(3,2) lam_t=1.00722 lam_s=1.00896 tsr_diff=0.000587 integral_mean=0.000026 integral_std=0.001157 log_ratio=0.0000 accept=1.0000 swapped=True
i=6 pair=(5,4) lam_t=1.00961 lam_s=1.00986 tsr_diff=0.000081 integral_mean=0.000006 integral_std=0.000178 log_ratio=0.0000 accept=1.0000 swapped=True
i=6 pair=(7,6) lam_t=1.00995 lam_s=1.01000 tsr_diff=0.000018 integral_mean=0.000000 integral_std=0.000039 log_ratio=0.0000 accept=1.0000 swapped=True
i=7 pair=(0,2) lam_t=1.00254 lam_s=1.00722 tsr_diff=0.002045 integral_mean=0.000218 integral_std=0.004534 log_ratio=0.0000 accept=1.0000 swapped=True
i=7 pair=(3,4) lam_t=1.00896 lam_s=1.00961 tsr_diff=0.000283 integral_mean=-0.000010 integral_std=0.000589 log_ratio=-0.0246 accept=0.9757 swapped=True
i=7 pair=(5,6) lam_t=1.00986 lam_s=1.00995 tsr_diff=0.000039 integral_mean=0.000000 integral_std=0.000087 log_ratio=0.0000 accept=1.0000 swapped=True
i=7 pair=(2,0) lam_t=1.00254 lam_s=1.00722 tsr_diff=0.002045 integral_mean=-0.000160 integral_std=0.004592 log_ratio=-0.3841 accept=0.6811 swapped=True
i=7 pair=(4,3) lam_t=1.00896 lam_s=1.00961 tsr_diff=0.000283 integral_mean=-0.000005 integral_std=0.000571 log_ratio=-0.0131 accept=0.9870 swapped=True
i=7 pair=(6,5) lam_t=1.00986 lam_s=1.00995 tsr_diff=0.000039 integral_mean=0.000002 integral_std=0.000088 log_ratio=0.0000 accept=1.0000 swapped=True
i=8 pair=(1,0) lam_t=0.99000 lam_s=1.00254 tsr_diff=0.006833 integral_mean=-0.001509 integral_std=0.018606 log_ratio=-3.6210 accept=0.0268 swapped=False
i=8 pair=(2,3) lam_t=1.00722 lam_s=1.00896 tsr_diff=0.000937 integral_mean=0.000006 integral_std=0.001945 log_ratio=0.0000 accept=1.0000 swapped=True
i=8 pair=(4,5) lam_t=1.00961 lam_s=1.00986 tsr_diff=0.000130 integral_mean=-0.000008 integral_std=0.000271 log_ratio=-0.0204 accept=0.9798 swapped=True
i=8 pair=(6,7) lam_t=1.00995 lam_s=1.01000 tsr_diff=0.000029 integral_mean=-0.000000 integral_std=0.000074 log_ratio=-0.0002 accept=0.9998 swapped=True
i=8 pair=(1,0) lam_t=0.99000 lam_s=1.00254 tsr_diff=0.006833 integral_mean=-0.001277 integral_std=0.018188 log_ratio=-3.0650 accept=0.0467 swapped=False
i=8 pair=(3,2) lam_t=1.00722 lam_s=1.00896 tsr_diff=0.000937 integral_mean=0.000002 integral_std=0.001874 log_ratio=0.0000 accept=1.0000 swapped=True
i=8 pair=(5,4) lam_t=1.00961 lam_s=1.00986 tsr_diff=0.000130 integral_mean=0.000003 integral_std=0.000253 log_ratio=0.0000 accept=1.0000 swapped=True
i=8 pair=(7,6) lam_t=1.00995 lam_s=1.01000 tsr_diff=0.000029 integral_mean=0.000002 integral_std=0.000077 log_ratio=0.0000 accept=1.0000 swapped=True
i=9 pair=(0,2) lam_t=1.00254 lam_s=1.00722 tsr_diff=0.002993 integral_mean=0.000354 integral_std=0.007443 log_ratio=0.0000 accept=1.0000 swapped=True
i=9 pair=(3,4) lam_t=1.00896 lam_s=1.00961 tsr_diff=0.000414 integral_mean=-0.000005 integral_std=0.000853 log_ratio=-0.0128 accept=0.9873 swapped=True
i=9 pair=(5,6) lam_t=1.00986 lam_s=1.00995 tsr_diff=0.000057 integral_mean=-0.000014 integral_std=0.000152 log_ratio=-0.0327 accept=0.9679 swapped=True
i=9 pair=(2,0) lam_t=1.00254 lam_s=1.00722 tsr_diff=0.002993 integral_mean=-0.000364 integral_std=0.006930 log_ratio=-0.8742 accept=0.4172 swapped=False
i=9 pair=(4,3) lam_t=1.00896 lam_s=1.00961 tsr_diff=0.000414 integral_mean=0.000023 integral_std=0.000841 log_ratio=0.0000 accept=1.0000 swapped=True
i=9 pair=(6,5) lam_t=1.00986 lam_s=1.00995 tsr_diff=0.000057 integral_mean=0.000005 integral_std=0.000134 log_ratio=0.0000 accept=1.0000 swapped=True
i=10 pair=(1,2) lam_t=0.99000 lam_s=1.00254 tsr_diff=0.009326 integral_mean=0.000333 integral_std=0.024383 log_ratio=0.0000 accept=1.0000 swapped=True
i=10 pair=(0,3) lam_t=1.00722 lam_s=1.00896 tsr_diff=0.001273 integral_mean=0.000249 integral_std=0.003302 log_ratio=0.0000 accept=1.0000 swapped=True
i=10 pair=(4,5) lam_t=1.00961 lam_s=1.00986 tsr_diff=0.000177 integral_mean=-0.000003 integral_std=0.000363 log_ratio=-0.0074 accept=0.9926 swapped=True
i=10 pair=(6,7) lam_t=1.00995 lam_s=1.01000 tsr_diff=0.000039 integral_mean=0.000004 integral_std=0.000156 log_ratio=0.0000 accept=1.0000 swapped=True
i=10 pair=(2,1) lam_t=0.99000 lam_s=1.00254 tsr_diff=0.009326 integral_mean=-0.000698 integral_std=0.024919 log_ratio=-1.6760 accept=0.1871 swapped=False
i=10 pair=(3,0) lam_t=1.00722 lam_s=1.00896 tsr_diff=0.001273 integral_mean=-0.000056 integral_std=0.003134 log_ratio=-0.1338 accept=0.8747 swapped=True
i=10 pair=(5,4) lam_t=1.00961 lam_s=1.00986 tsr_diff=0.000177 integral_mean=-0.000007 integral_std=0.000358 log_ratio=-0.0177 accept=0.9824 swapped=True
i=10 pair=(7,6) lam_t=1.00995 lam_s=1.01000 tsr_diff=0.000039 integral_mean=-0.000001 integral_std=0.000142 log_ratio=-0.0017 accept=0.9983 swapped=True
i=11 pair=(1,0) lam_t=1.00254 lam_s=1.00722 tsr_diff=0.003825 integral_mean=0.000211 integral_std=0.012497 log_ratio=0.0000 accept=1.0000 swapped=True
i=11 pair=(3,4) lam_t=1.00896 lam_s=1.00961 tsr_diff=0.000528 integral_mean=-0.000001 integral_std=0.001064 log_ratio=-0.0024 accept=0.9976 swapped=True
i=11 pair=(5,6) lam_t=1.00986 lam_s=1.00995 tsr_diff=0.000073 integral_mean=-0.000025 integral_std=0.000212 log_ratio=-0.0600 accept=0.9418 swapped=True
i=11 pair=(0,1) lam_t=1.00254 lam_s=1.00722 tsr_diff=0.003825 integral_mean=0.000047 integral_std=0.012290 log_ratio=0.0000 accept=1.0000 swapped=True
i=11 pair=(4,3) lam_t=1.00896 lam_s=1.00961 tsr_diff=0.000528 integral_mean=0.000003 integral_std=0.001083 log_ratio=0.0000 accept=1.0000 swapped=True
i=11 pair=(6,5) lam_t=1.00986 lam_s=1.00995 tsr_diff=0.000073 integral_mean=0.000013 integral_std=0.000215 log_ratio=0.0000 accept=1.0000 swapped=True
i=12 pair=(2,1) lam_t=0.99000 lam_s=1.00254 tsr_diff=0.011313 integral_mean=0.001097 integral_std=0.040678 log_ratio=0.0000 accept=1.0000 swapped=True
i=12 pair=(0,3) lam_t=1.00722 lam_s=1.00896 tsr_diff=0.001539 integral_mean=0.000110 integral_std=0.005314 log_ratio=0.0000 accept=1.0000 swapped=True
i=12 pair=(4,5) lam_t=1.00961 lam_s=1.00986 tsr_diff=0.000213 integral_mean=0.000001 integral_std=0.000434 log_ratio=0.0000 accept=1.0000 swapped=True
i=12 pair=(6,7) lam_t=1.00995 lam_s=1.01000 tsr_diff=0.000047 integral_mean=-0.000006 integral_std=0.000216 log_ratio=-0.0133 accept=0.9868 swapped=True
i=12 pair=(1,2) lam_t=0.99000 lam_s=1.00254 tsr_diff=0.011313 integral_mean=-0.000330 integral_std=0.039115 log_ratio=-0.7922 accept=0.4528 swapped=True
i=12 pair=(3,0) lam_t=1.00722 lam_s=1.00896 tsr_diff=0.001539 integral_mean=-0.000204 integral_std=0.005229 log_ratio=-0.4893 accept=0.6131 swapped=True
i=12 pair=(5,4) lam_t=1.00961 lam_s=1.00986 tsr_diff=0.000213 integral_mean=-0.000016 integral_std=0.000438 log_ratio=-0.0378 accept=0.9629 swapped=True
i=12 pair=(7,6) lam_t=1.00995 lam_s=1.01000 tsr_diff=0.000047 integral_mean=0.000007 integral_std=0.000226 log_ratio=0.0000 accept=1.0000 swapped=True
i=13 pair=(1,0) lam_t=1.00254 lam_s=1.00722 tsr_diff=0.004402 integral_mean=0.000413 integral_std=0.030387 log_ratio=0.0000 accept=1.0000 swapped=True
i=13 pair=(3,4) lam_t=1.00896 lam_s=1.00961 tsr_diff=0.000607 integral_mean=0.000066 integral_std=0.001382 log_ratio=0.0000 accept=1.0000 swapped=True
i=13 pair=(5,6) lam_t=1.00986 lam_s=1.00995 tsr_diff=0.000084 integral_mean=-0.000045 integral_std=0.000446 log_ratio=-0.1090 accept=0.8968 swapped=False
i=13 pair=(0,1) lam_t=1.00254 lam_s=1.00722 tsr_diff=0.004402 integral_mean=0.000277 integral_std=0.025554 log_ratio=0.0000 accept=1.0000 swapped=True
i=13 pair=(4,3) lam_t=1.00896 lam_s=1.00961 tsr_diff=0.000607 integral_mean=0.000006 integral_std=0.001419 log_ratio=0.0000 accept=1.0000 swapped=True
i=13 pair=(5,6) lam_t=1.00986 lam_s=1.00995 tsr_diff=0.000084 integral_mean=-0.000038 integral_std=0.000392 log_ratio=-0.0917 accept=0.9124 swapped=True
i=14 pair=(2,1) lam_t=0.99000 lam_s=1.00254 tsr_diff=0.012453 integral_mean=-0.004660 integral_std=0.224109 log_ratio=-11.1839 accept=0.0000 swapped=False
i=14 pair=(0,3) lam_t=1.00722 lam_s=1.00896 tsr_diff=0.001690 integral_mean=0.000155 integral_std=0.019565 log_ratio=0.0000 accept=1.0000 swapped=True
i=14 pair=(4,6) lam_t=1.00961 lam_s=1.00986 tsr_diff=0.000234 integral_mean=-0.000213 integral_std=0.002154 log_ratio=-0.5101 accept=0.6004 swapped=True
i=14 pair=(5,7) lam_t=1.00995 lam_s=1.01000 tsr_diff=0.000052 integral_mean=-0.000216 integral_std=0.001786 log_ratio=-0.5174 accept=0.5961 swapped=True
i=14 pair=(2,1) lam_t=0.99000 lam_s=1.00254 tsr_diff=0.012453 integral_mean=-0.007400 integral_std=0.130357 log_ratio=-17.7590 accept=0.0000 swapped=False
i=14 pair=(3,0) lam_t=1.00722 lam_s=1.00896 tsr_diff=0.001690 integral_mean=-0.000615 integral_std=0.012335 log_ratio=-1.4766 accept=0.2284 swapped=False
i=14 pair=(6,4) lam_t=1.00961 lam_s=1.00986 tsr_diff=0.000234 integral_mean=0.000382 integral_std=0.002371 log_ratio=0.0000 accept=1.0000 swapped=True
i=14 pair=(7,5) lam_t=1.00995 lam_s=1.01000 tsr_diff=0.000052 integral_mean=0.000125 integral_std=0.001403 log_ratio=0.0000 accept=1.0000 swapped=True
Best Sample: 5 log probability -0.031
Saved 1 samples to: logs/pointmaze-giant-navigate-v0/inference/plans/release_H400_T256_LimitsNormalizer_b1_condFalse/2026-07-17 13:08:33/5/0.png
Saved 1 samples to: logs/pointmaze-giant-navigate-v0/inference/plans/release_H400_T256_LimitsNormalizer_b1_condFalse/2026-07-17 13:08:33/5/rollout.png
i=0 pair=(0,1) lam_t=0.99000 lam_s=1.00254 tsr_diff=0.000000 integral_mean=0.000000 integral_std=0.000000 log_ratio=0.0000 accept=1.0000 swapped=True
i=0 pair=(2,3) lam_t=1.00722 lam_s=1.00896 tsr_diff=0.000000 integral_mean=0.000000 integral_std=0.000000 log_ratio=0.0000 accept=1.0000 swapped=True
i=0 pair=(4,5) lam_t=1.00961 lam_s=1.00986 tsr_diff=0.000000 integral_mean=0.000000 integral_std=0.000000 log_ratio=0.0000 accept=1.0000 swapped=True
i=0 pair=(6,7) lam_t=1.00995 lam_s=1.01000 tsr_diff=0.000000 integral_mean=0.000000 integral_std=0.000000 log_ratio=0.0000 accept=1.0000 swapped=True
i=0 pair=(1,0) lam_t=0.99000 lam_s=1.00254 tsr_diff=0.000000 integral_mean=0.000000 integral_std=0.000000 log_ratio=0.0000 accept=1.0000 swapped=True
i=0 pair=(3,2) lam_t=1.00722 lam_s=1.00896 tsr_diff=0.000000 integral_mean=0.000000 integral_std=0.000000 log_ratio=0.0000 accept=1.0000 swapped=True
i=0 pair=(5,4) lam_t=1.00961 lam_s=1.00986 tsr_diff=0.000000 integral_mean=0.000000 integral_std=0.000000 log_ratio=0.0000 accept=1.0000 swapped=True
i=0 pair=(7,6) lam_t=1.00995 lam_s=1.01000 tsr_diff=0.000000 integral_mean=0.000000 integral_std=0.000000 log_ratio=0.0000 accept=1.0000 swapped=True
i=1 pair=(1,2) lam_t=1.00254 lam_s=1.00722 tsr_diff=0.000050 integral_mean=-0.000000 integral_std=0.000098 log_ratio=-0.0002 accept=0.9998 swapped=True
i=1 pair=(3,4) lam_t=1.00896 lam_s=1.00961 tsr_diff=0.000007 integral_mean=-0.000000 integral_std=0.000013 log_ratio=-0.0007 accept=0.9993 swapped=True
i=1 pair=(5,6) lam_t=1.00986 lam_s=1.00995 tsr_diff=0.000001 integral_mean=-0.000000 integral_std=0.000002 log_ratio=-0.0000 accept=1.0000 swapped=True
i=1 pair=(2,1) lam_t=1.00254 lam_s=1.00722 tsr_diff=0.000050 integral_mean=-0.000002 integral_std=0.000100 log_ratio=-0.0051 accept=0.9949 swapped=True
i=1 pair=(4,3) lam_t=1.00896 lam_s=1.00961 tsr_diff=0.000007 integral_mean=0.000000 integral_std=0.000013 log_ratio=0.0000 accept=1.0000 swapped=True
i=1 pair=(6,5) lam_t=1.00986 lam_s=1.00995 tsr_diff=0.000001 integral_mean=0.000000 integral_std=0.000002 log_ratio=0.0000 accept=1.0000 swapped=True
i=2 pair=(0,1) lam_t=0.99000 lam_s=1.00254 tsr_diff=0.000530 integral_mean=-0.000042 integral_std=0.001103 log_ratio=-0.1014 accept=0.9035 swapped=True
i=2 pair=(2,3) lam_t=1.00722 lam_s=1.00896 tsr_diff=0.000074 integral_mean=0.000004 integral_std=0.000149 log_ratio=0.0000 accept=1.0000 swapped=True
i=2 pair=(4,5) lam_t=1.00961 lam_s=1.00986 tsr_diff=0.000010 integral_mean=-0.000001 integral_std=0.000021 log_ratio=-0.0013 accept=0.9987 swapped=True
i=2 pair=(6,7) lam_t=1.00995 lam_s=1.01000 tsr_diff=0.000002 integral_mean=0.000000 integral_std=0.000005 log_ratio=0.0000 accept=1.0000 swapped=True
i=2 pair=(1,0) lam_t=0.99000 lam_s=1.00254 tsr_diff=0.000530 integral_mean=0.000020 integral_std=0.001099 log_ratio=0.0000 accept=1.0000 swapped=True
i=2 pair=(3,2) lam_t=1.00722 lam_s=1.00896 tsr_diff=0.000074 integral_mean=-0.000005 integral_std=0.000137 log_ratio=-0.0124 accept=0.9876 swapped=False
i=2 pair=(5,4) lam_t=1.00961 lam_s=1.00986 tsr_diff=0.000010 integral_mean=0.000000 integral_std=0.000021 log_ratio=0.0000 accept=1.0000 swapped=True
i=2 pair=(7,6) lam_t=1.00995 lam_s=1.01000 tsr_diff=0.000002 integral_mean=0.000000 integral_std=0.000005 log_ratio=0.0000 accept=1.0000 swapped=True
i=3 pair=(1,3) lam_t=1.00254 lam_s=1.00722 tsr_diff=0.000436 integral_mean=0.000090 integral_std=0.000967 log_ratio=0.0000 accept=1.0000 swapped=True
i=3 pair=(2,4) lam_t=1.00896 lam_s=1.00961 tsr_diff=0.000060 integral_mean=0.000000 integral_std=0.000128 log_ratio=0.0000 accept=1.0000 swapped=True
i=3 pair=(5,6) lam_t=1.00986 lam_s=1.00995 tsr_diff=0.000008 integral_mean=0.000000 integral_std=0.000018 log_ratio=0.0000 accept=1.0000 swapped=True
i=3 pair=(3,1) lam_t=1.00254 lam_s=1.00722 tsr_diff=0.000436 integral_mean=-0.000004 integral_std=0.000940 log_ratio=-0.0090 accept=0.9910 swapped=True
i=3 pair=(4,2) lam_t=1.00896 lam_s=1.00961 tsr_diff=0.000060 integral_mean=0.000000 integral_std=0.000121 log_ratio=0.0000 accept=1.0000 swapped=True
i=3 pair=(6,5) lam_t=1.00986 lam_s=1.00995 tsr_diff=0.000008 integral_mean=-0.000000 integral_std=0.000017 log_ratio=-0.0002 accept=0.9998 swapped=True
i=4 pair=(0,1) lam_t=0.99000 lam_s=1.00254 tsr_diff=0.002032 integral_mean=-0.000038 integral_std=0.004465 log_ratio=-0.0903 accept=0.9137 swapped=True
i=4 pair=(3,2) lam_t=1.00722 lam_s=1.00896 tsr_diff=0.000281 integral_mean=0.000003 integral_std=0.000560 log_ratio=0.0000 accept=1.0000 swapped=True
i=4 pair=(4,5) lam_t=1.00961 lam_s=1.00986 tsr_diff=0.000039 integral_mean=0.000014 integral_std=0.000095 log_ratio=0.0000 accept=1.0000 swapped=True
i=4 pair=(6,7) lam_t=1.00995 lam_s=1.01000 tsr_diff=0.000009 integral_mean=-0.000001 integral_std=0.000019 log_ratio=-0.0024 accept=0.9976 swapped=True
i=4 pair=(1,0) lam_t=0.99000 lam_s=1.00254 tsr_diff=0.002032 integral_mean=0.000078 integral_std=0.004255 log_ratio=0.0000 accept=1.0000 swapped=True
i=4 pair=(2,3) lam_t=1.00722 lam_s=1.00896 tsr_diff=0.000281 integral_mean=0.000083 integral_std=0.000695 log_ratio=0.0000 accept=1.0000 swapped=True
i=4 pair=(5,4) lam_t=1.00961 lam_s=1.00986 tsr_diff=0.000039 integral_mean=-0.000007 integral_std=0.000083 log_ratio=-0.0159 accept=0.9843 swapped=True
i=4 pair=(7,6) lam_t=1.00995 lam_s=1.01000 tsr_diff=0.000009 integral_mean=0.000000 integral_std=0.000019 log_ratio=0.0000 accept=1.0000 swapped=True
i=5 pair=(1,3) lam_t=1.00254 lam_s=1.00722 tsr_diff=0.001142 integral_mean=0.000003 integral_std=0.002573 log_ratio=0.0000 accept=1.0000 swapped=True
i=5 pair=(2,4) lam_t=1.00896 lam_s=1.00961 tsr_diff=0.000158 integral_mean=0.000015 integral_std=0.000365 log_ratio=0.0000 accept=1.0000 swapped=True
i=5 pair=(5,6) lam_t=1.00986 lam_s=1.00995 tsr_diff=0.000022 integral_mean=-0.000001 integral_std=0.000044 log_ratio=-0.0030 accept=0.9971 swapped=True
i=5 pair=(3,1) lam_t=1.00254 lam_s=1.00722 tsr_diff=0.001142 integral_mean=-0.000021 integral_std=0.002481 log_ratio=-0.0495 accept=0.9517 swapped=True
i=5 pair=(4,2) lam_t=1.00896 lam_s=1.00961 tsr_diff=0.000158 integral_mean=-0.000024 integral_std=0.000369 log_ratio=-0.0572 accept=0.9444 swapped=True
i=5 pair=(6,5) lam_t=1.00986 lam_s=1.00995 tsr_diff=0.000022 integral_mean=-0.000000 integral_std=0.000046 log_ratio=-0.0003 accept=0.9997 swapped=True
i=6 pair=(0,1) lam_t=0.99000 lam_s=1.00254 tsr_diff=0.004257 integral_mean=-0.000072 integral_std=0.009092 log_ratio=-0.1734 accept=0.8408 swapped=True
i=6 pair=(3,2) lam_t=1.00722 lam_s=1.00896 tsr_diff=0.000587 integral_mean=0.000018 integral_std=0.001406 log_ratio=0.0000 accept=1.0000 swapped=True
i=6 pair=(4,5) lam_t=1.00961 lam_s=1.00986 tsr_diff=0.000081 integral_mean=0.000006 integral_std=0.000184 log_ratio=0.0000 accept=1.0000 swapped=True
i=6 pair=(6,7) lam_t=1.00995 lam_s=1.01000 tsr_diff=0.000018 integral_mean=0.000001 integral_std=0.000038 log_ratio=0.0000 accept=1.0000 swapped=True
i=6 pair=(1,0) lam_t=0.99000 lam_s=1.00254 tsr_diff=0.004257 integral_mean=0.000125 integral_std=0.009062 log_ratio=0.0000 accept=1.0000 swapped=True
i=6 pair=(2,3) lam_t=1.00722 lam_s=1.00896 tsr_diff=0.000587 integral_mean=-0.000049 integral_std=0.001366 log_ratio=-0.1171 accept=0.8895 swapped=False
i=6 pair=(5,4) lam_t=1.00961 lam_s=1.00986 tsr_diff=0.000081 integral_mean=-0.000003 integral_std=0.000182 log_ratio=-0.0065 accept=0.9935 swapped=True
i=6 pair=(7,6) lam_t=1.00995 lam_s=1.01000 tsr_diff=0.000018 integral_mean=-0.000001 integral_std=0.000039 log_ratio=-0.0021 accept=0.9979 swapped=True
i=7 pair=(1,2) lam_t=1.00254 lam_s=1.00722 tsr_diff=0.002045 integral_mean=0.000006 integral_std=0.004403 log_ratio=0.0000 accept=1.0000 swapped=True
i=7 pair=(3,4) lam_t=1.00896 lam_s=1.00961 tsr_diff=0.000283 integral_mean=-0.000022 integral_std=0.000693 log_ratio=-0.0521 accept=0.9492 swapped=True
i=7 pair=(5,6) lam_t=1.00986 lam_s=1.00995 tsr_diff=0.000039 integral_mean=-0.000002 integral_std=0.000090 log_ratio=-0.0039 accept=0.9961 swapped=True
i=7 pair=(2,1) lam_t=1.00254 lam_s=1.00722 tsr_diff=0.002045 integral_mean=0.000127 integral_std=0.004356 log_ratio=0.0000 accept=1.0000 swapped=True
i=7 pair=(4,3) lam_t=1.00896 lam_s=1.00961 tsr_diff=0.000283 integral_mean=0.000013 integral_std=0.000661 log_ratio=0.0000 accept=1.0000 swapped=True
i=7 pair=(6,5) lam_t=1.00986 lam_s=1.00995 tsr_diff=0.000039 integral_mean=-0.000000 integral_std=0.000088 log_ratio=-0.0007 accept=0.9993 swapped=True
i=8 pair=(0,1) lam_t=0.99000 lam_s=1.00254 tsr_diff=0.006833 integral_mean=0.000301 integral_std=0.015970 log_ratio=0.0000 accept=1.0000 swapped=True
i=8 pair=(2,3) lam_t=1.00722 lam_s=1.00896 tsr_diff=0.000937 integral_mean=-0.000085 integral_std=0.002225 log_ratio=-0.2038 accept=0.8157 swapped=True
i=8 pair=(4,5) lam_t=1.00961 lam_s=1.00986 tsr_diff=0.000130 integral_mean=0.000004 integral_std=0.000311 log_ratio=0.0000 accept=1.0000 swapped=True
i=8 pair=(6,7) lam_t=1.00995 lam_s=1.01000 tsr_diff=0.000029 integral_mean=0.000003 integral_std=0.000063 log_ratio=0.0000 accept=1.0000 swapped=True
i=8 pair=(1,0) lam_t=0.99000 lam_s=1.00254 tsr_diff=0.006833 integral_mean=-0.000811 integral_std=0.015110 log_ratio=-1.9466 accept=0.1428 swapped=False
i=8 pair=(3,2) lam_t=1.00722 lam_s=1.00896 tsr_diff=0.000937 integral_mean=0.000091 integral_std=0.002233 log_ratio=0.0000 accept=1.0000 swapped=True
i=8 pair=(5,4) lam_t=1.00961 lam_s=1.00986 tsr_diff=0.000130 integral_mean=-0.000002 integral_std=0.000303 log_ratio=-0.0037 accept=0.9963 swapped=True
i=8 pair=(7,6) lam_t=1.00995 lam_s=1.01000 tsr_diff=0.000029 integral_mean=-0.000003 integral_std=0.000060 log_ratio=-0.0083 accept=0.9917 swapped=True
i=9 pair=(0,2) lam_t=1.00254 lam_s=1.00722 tsr_diff=0.002993 integral_mean=0.000084 integral_std=0.007159 log_ratio=0.0000 accept=1.0000 swapped=True
i=9 pair=(3,4) lam_t=1.00896 lam_s=1.00961 tsr_diff=0.000414 integral_mean=0.000027 integral_std=0.001089 log_ratio=0.0000 accept=1.0000 swapped=True
i=9 pair=(5,6) lam_t=1.00986 lam_s=1.00995 tsr_diff=0.000057 integral_mean=0.000001 integral_std=0.000136 log_ratio=0.0000 accept=1.0000 swapped=True
i=9 pair=(2,0) lam_t=1.00254 lam_s=1.00722 tsr_diff=0.002993 integral_mean=0.000070 integral_std=0.006826 log_ratio=0.0000 accept=1.0000 swapped=True
i=9 pair=(4,3) lam_t=1.00896 lam_s=1.00961 tsr_diff=0.000414 integral_mean=-0.000026 integral_std=0.001037 log_ratio=-0.0614 accept=0.9404 swapped=True
i=9 pair=(6,5) lam_t=1.00986 lam_s=1.00995 tsr_diff=0.000057 integral_mean=-0.000003 integral_std=0.000129 log_ratio=-0.0074 accept=0.9926 swapped=True
i=10 pair=(1,0) lam_t=0.99000 lam_s=1.00254 tsr_diff=0.009326 integral_mean=0.000339 integral_std=0.024401 log_ratio=0.0000 accept=1.0000 swapped=True
i=10 pair=(2,3) lam_t=1.00722 lam_s=1.00896 tsr_diff=0.001273 integral_mean=0.000153 integral_std=0.003544 log_ratio=0.0000 accept=1.0000 swapped=True
i=10 pair=(4,5) lam_t=1.00961 lam_s=1.00986 tsr_diff=0.000177 integral_mean=-0.000025 integral_std=0.000508 log_ratio=-0.0599 accept=0.9419 swapped=True
i=10 pair=(6,7) lam_t=1.00995 lam_s=1.01000 tsr_diff=0.000039 integral_mean=0.000005 integral_std=0.000090 log_ratio=0.0000 accept=1.0000 swapped=True
i=10 pair=(0,1) lam_t=0.99000 lam_s=1.00254 tsr_diff=0.009326 integral_mean=-0.001465 integral_std=0.024118 log_ratio=-3.5163 accept=0.0297 swapped=False
i=10 pair=(3,2) lam_t=1.00722 lam_s=1.00896 tsr_diff=0.001273 integral_mean=-0.000053 integral_std=0.003361 log_ratio=-0.1269 accept=0.8808 swapped=True
i=10 pair=(5,4) lam_t=1.00961 lam_s=1.00986 tsr_diff=0.000177 integral_mean=0.000022 integral_std=0.000488 log_ratio=0.0000 accept=1.0000 swapped=True
i=10 pair=(7,6) lam_t=1.00995 lam_s=1.01000 tsr_diff=0.000039 integral_mean=-0.000006 integral_std=0.000095 log_ratio=-0.0137 accept=0.9864 swapped=True
i=11 pair=(1,2) lam_t=1.00254 lam_s=1.00722 tsr_diff=0.003825 integral_mean=0.000805 integral_std=0.012806 log_ratio=0.0000 accept=1.0000 swapped=True
i=11 pair=(3,4) lam_t=1.00896 lam_s=1.00961 tsr_diff=0.000528 integral_mean=0.000060 integral_std=0.001617 log_ratio=0.0000 accept=1.0000 swapped=True
i=11 pair=(5,6) lam_t=1.00986 lam_s=1.00995 tsr_diff=0.000073 integral_mean=-0.000003 integral_std=0.000272 log_ratio=-0.0062 accept=0.9938 swapped=True
i=11 pair=(2,1) lam_t=1.00254 lam_s=1.00722 tsr_diff=0.003825 integral_mean=-0.000425 integral_std=0.011459 log_ratio=-1.0196 accept=0.3608 swapped=True
i=11 pair=(4,3) lam_t=1.00896 lam_s=1.00961 tsr_diff=0.000528 integral_mean=-0.000101 integral_std=0.001606 log_ratio=-0.2421 accept=0.7850 swapped=True
i=11 pair=(6,5) lam_t=1.00986 lam_s=1.00995 tsr_diff=0.000073 integral_mean=0.000001 integral_std=0.000228 log_ratio=0.0000 accept=1.0000 swapped=True
i=12 pair=(0,1) lam_t=0.99000 lam_s=1.00254 tsr_diff=0.011313 integral_mean=-0.002764 integral_std=0.040080 log_ratio=-6.6342 accept=0.0013 swapped=False
i=12 pair=(2,3) lam_t=1.00722 lam_s=1.00896 tsr_diff=0.001539 integral_mean=-0.000129 integral_std=0.005529 log_ratio=-0.3091 accept=0.7341 swapped=True
i=12 pair=(4,5) lam_t=1.00961 lam_s=1.00986 tsr_diff=0.000213 integral_mean=-0.000097 integral_std=0.000885 log_ratio=-0.2317 accept=0.7932 swapped=True
i=12 pair=(6,7) lam_t=1.00995 lam_s=1.01000 tsr_diff=0.000047 integral_mean=0.000011 integral_std=0.000148 log_ratio=0.0000 accept=1.0000 swapped=True
i=12 pair=(0,1) lam_t=0.99000 lam_s=1.00254 tsr_diff=0.011313 integral_mean=-0.001061 integral_std=0.034611 log_ratio=-2.5455 accept=0.0784 swapped=False
i=12 pair=(3,2) lam_t=1.00722 lam_s=1.00896 tsr_diff=0.001539 integral_mean=0.000162 integral_std=0.004426 log_ratio=0.0000 accept=1.0000 swapped=True
i=12 pair=(5,4) lam_t=1.00961 lam_s=1.00986 tsr_diff=0.000213 integral_mean=0.000035 integral_std=0.000803 log_ratio=0.0000 accept=1.0000 swapped=True
i=12 pair=(7,6) lam_t=1.00995 lam_s=1.01000 tsr_diff=0.000047 integral_mean=-0.000014 integral_std=0.000178 log_ratio=-0.0334 accept=0.9671 swapped=True
i=13 pair=(1,2) lam_t=1.00254 lam_s=1.00722 tsr_diff=0.004402 integral_mean=0.000637 integral_std=0.020357 log_ratio=0.0000 accept=1.0000 swapped=True
i=13 pair=(3,4) lam_t=1.00896 lam_s=1.00961 tsr_diff=0.000607 integral_mean=0.000135 integral_std=0.003296 log_ratio=0.0000 accept=1.0000 swapped=True
i=13 pair=(5,6) lam_t=1.00986 lam_s=1.00995 tsr_diff=0.000084 integral_mean=0.000022 integral_std=0.000474 log_ratio=0.0000 accept=1.0000 swapped=True
i=13 pair=(2,1) lam_t=1.00254 lam_s=1.00722 tsr_diff=0.004402 integral_mean=-0.000337 integral_std=0.018107 log_ratio=-0.8078 accept=0.4458 swapped=False
i=13 pair=(4,3) lam_t=1.00896 lam_s=1.00961 tsr_diff=0.000607 integral_mean=-0.000267 integral_std=0.004336 log_ratio=-0.6409 accept=0.5268 swapped=False
i=13 pair=(6,5) lam_t=1.00986 lam_s=1.00995 tsr_diff=0.000084 integral_mean=-0.000037 integral_std=0.000383 log_ratio=-0.0884 accept=0.9154 swapped=True
i=14 pair=(0,2) lam_t=0.99000 lam_s=1.00254 tsr_diff=0.012453 integral_mean=-0.003738 integral_std=0.099156 log_ratio=-8.9714 accept=0.0001 swapped=False
i=14 pair=(1,4) lam_t=1.00722 lam_s=1.00896 tsr_diff=0.001690 integral_mean=0.001191 integral_std=0.019611 log_ratio=0.0000 accept=1.0000 swapped=True
i=14 pair=(3,5) lam_t=1.00961 lam_s=1.00986 tsr_diff=0.000234 integral_mean=0.000247 integral_std=0.005741 log_ratio=0.0000 accept=1.0000 swapped=True
i=14 pair=(6,7) lam_t=1.00995 lam_s=1.01000 tsr_diff=0.000052 integral_mean=0.000002 integral_std=0.000448 log_ratio=0.0000 accept=1.0000 swapped=True
i=14 pair=(0,2) lam_t=0.99000 lam_s=1.00254 tsr_diff=0.012453 integral_mean=-0.003352 integral_std=0.091362 log_ratio=-8.0459 accept=0.0003 swapped=False
i=14 pair=(4,1) lam_t=1.00722 lam_s=1.00896 tsr_diff=0.001690 integral_mean=-0.001309 integral_std=0.018956 log_ratio=-3.1421 accept=0.0432 swapped=False
i=14 pair=(5,3) lam_t=1.00961 lam_s=1.00986 tsr_diff=0.000234 integral_mean=0.000344 integral_std=0.003529 log_ratio=0.0000 accept=1.0000 swapped=True
i=14 pair=(7,6) lam_t=1.00995 lam_s=1.01000 tsr_diff=0.000052 integral_mean=0.000001 integral_std=0.000314 log_ratio=0.0000 accept=1.0000 swapped=True
Best Sample: 0 log probability -0.163
Saved 1 samples to: logs/pointmaze-giant-navigate-v0/inference/plans/release_H400_T256_LimitsNormalizer_b1_condFalse/2026-07-17 13:08:33/6/0.png
Saved 1 samples to: logs/pointmaze-giant-navigate-v0/inference/plans/release_H400_T256_LimitsNormalizer_b1_condFalse/2026-07-17 13:08:33/6/rollout.png
i=0 pair=(0,1) lam_t=0.99000 lam_s=1.00254 tsr_diff=0.000000 integral_mean=0.000000 integral_std=0.000000 log_ratio=0.0000 accept=1.0000 swapped=True
i=0 pair=(2,3) lam_t=1.00722 lam_s=1.00896 tsr_diff=0.000000 integral_mean=0.000000 integral_std=0.000000 log_ratio=0.0000 accept=1.0000 swapped=True
i=0 pair=(4,5) lam_t=1.00961 lam_s=1.00986 tsr_diff=0.000000 integral_mean=0.000000 integral_std=0.000000 log_ratio=0.0000 accept=1.0000 swapped=True
i=0 pair=(6,7) lam_t=1.00995 lam_s=1.01000 tsr_diff=0.000000 integral_mean=0.000000 integral_std=0.000000 log_ratio=0.0000 accept=1.0000 swapped=True
i=0 pair=(1,0) lam_t=0.99000 lam_s=1.00254 tsr_diff=0.000000 integral_mean=0.000000 integral_std=0.000000 log_ratio=0.0000 accept=1.0000 swapped=True
i=0 pair=(3,2) lam_t=1.00722 lam_s=1.00896 tsr_diff=0.000000 integral_mean=0.000000 integral_std=0.000000 log_ratio=0.0000 accept=1.0000 swapped=True
i=0 pair=(5,4) lam_t=1.00961 lam_s=1.00986 tsr_diff=0.000000 integral_mean=0.000000 integral_std=0.000000 log_ratio=0.0000 accept=1.0000 swapped=True
i=0 pair=(7,6) lam_t=1.00995 lam_s=1.01000 tsr_diff=0.000000 integral_mean=0.000000 integral_std=0.000000 log_ratio=0.0000 accept=1.0000 swapped=True
i=1 pair=(1,2) lam_t=1.00254 lam_s=1.00722 tsr_diff=0.000050 integral_mean=0.000000 integral_std=0.000098 log_ratio=0.0000 accept=1.0000 swapped=True
i=1 pair=(3,4) lam_t=1.00896 lam_s=1.00961 tsr_diff=0.000007 integral_mean=-0.000000 integral_std=0.000014 log_ratio=-0.0009 accept=0.9991 swapped=True
i=1 pair=(5,6) lam_t=1.00986 lam_s=1.00995 tsr_diff=0.000001 integral_mean=0.000000 integral_std=0.000002 log_ratio=0.0000 accept=1.0000 swapped=True
i=1 pair=(2,1) lam_t=1.00254 lam_s=1.00722 tsr_diff=0.000050 integral_mean=-0.000001 integral_std=0.000101 log_ratio=-0.0034 accept=0.9966 swapped=True
i=1 pair=(4,3) lam_t=1.00896 lam_s=1.00961 tsr_diff=0.000007 integral_mean=-0.000000 integral_std=0.000013 log_ratio=-0.0003 accept=0.9997 swapped=True
i=1 pair=(6,5) lam_t=1.00986 lam_s=1.00995 tsr_diff=0.000001 integral_mean=-0.000000 integral_std=0.000002 log_ratio=-0.0000 accept=1.0000 swapped=True
i=2 pair=(0,1) lam_t=0.99000 lam_s=1.00254 tsr_diff=0.000530 integral_mean=0.000020 integral_std=0.001102 log_ratio=0.0000 accept=1.0000 swapped=True
i=2 pair=(2,3) lam_t=1.00722 lam_s=1.00896 tsr_diff=0.000074 integral_mean=-0.000002 integral_std=0.000145 log_ratio=-0.0043 accept=0.9957 swapped=True
i=2 pair=(4,5) lam_t=1.00961 lam_s=1.00986 tsr_diff=0.000010 integral_mean=0.000001 integral_std=0.000021 log_ratio=0.0000 accept=1.0000 swapped=True
i=2 pair=(6,7) lam_t=1.00995 lam_s=1.01000 tsr_diff=0.000002 integral_mean=-0.000000 integral_std=0.000005 log_ratio=-0.0005 accept=0.9995 swapped=True
i=2 pair=(1,0) lam_t=0.99000 lam_s=1.00254 tsr_diff=0.000530 integral_mean=0.000021 integral_std=0.001087 log_ratio=0.0000 accept=1.0000 swapped=True
i=2 pair=(3,2) lam_t=1.00722 lam_s=1.00896 tsr_diff=0.000074 integral_mean=-0.000003 integral_std=0.000147 log_ratio=-0.0077 accept=0.9923 swapped=True
i=2 pair=(5,4) lam_t=1.00961 lam_s=1.00986 tsr_diff=0.000010 integral_mean=0.000000 integral_std=0.000021 log_ratio=0.0000 accept=1.0000 swapped=True
i=2 pair=(7,6) lam_t=1.00995 lam_s=1.01000 tsr_diff=0.000002 integral_mean=-0.000000 integral_std=0.000005 log_ratio=-0.0000 accept=1.0000 swapped=True
i=3 pair=(1,2) lam_t=1.00254 lam_s=1.00722 tsr_diff=0.000436 integral_mean=-0.000085 integral_std=0.000976 log_ratio=-0.2039 accept=0.8155 swapped=False
i=3 pair=(3,4) lam_t=1.00896 lam_s=1.00961 tsr_diff=0.000060 integral_mean=0.000002 integral_std=0.000122 log_ratio=0.0000 accept=1.0000 swapped=True
i=3 pair=(5,6) lam_t=1.00986 lam_s=1.00995 tsr_diff=0.000008 integral_mean=0.000001 integral_std=0.000018 log_ratio=0.0000 accept=1.0000 swapped=True
i=3 pair=(1,2) lam_t=1.00254 lam_s=1.00722 tsr_diff=0.000436 integral_mean=-0.000021 integral_std=0.000886 log_ratio=-0.0492 accept=0.9520 swapped=True
i=3 pair=(4,3) lam_t=1.00896 lam_s=1.00961 tsr_diff=0.000060 integral_mean=0.000006 integral_std=0.000123 log_ratio=0.0000 accept=1.0000 swapped=True
i=3 pair=(6,5) lam_t=1.00986 lam_s=1.00995 tsr_diff=0.000008 integral_mean=0.000000 integral_std=0.000017 log_ratio=0.0000 accept=1.0000 swapped=True
i=4 pair=(0,2) lam_t=0.99000 lam_s=1.00254 tsr_diff=0.002032 integral_mean=-0.000647 integral_std=0.005136 log_ratio=-1.5522 accept=0.2118 swapped=False
i=4 pair=(1,3) lam_t=1.00722 lam_s=1.00896 tsr_diff=0.000281 integral_mean=0.000014 integral_std=0.000563 log_ratio=0.0000 accept=1.0000 swapped=True
i=4 pair=(4,5) lam_t=1.00961 lam_s=1.00986 tsr_diff=0.000039 integral_mean=-0.000001 integral_std=0.000083 log_ratio=-0.0035 accept=0.9965 swapped=True
i=4 pair=(6,7) lam_t=1.00995 lam_s=1.01000 tsr_diff=0.000009 integral_mean=0.000000 integral_std=0.000018 log_ratio=0.0000 accept=1.0000 swapped=True
i=4 pair=(0,2) lam_t=0.99000 lam_s=1.00254 tsr_diff=0.002032 integral_mean=-0.000392 integral_std=0.004495 log_ratio=-0.9413 accept=0.3901 swapped=True
i=4 pair=(3,1) lam_t=1.00722 lam_s=1.00896 tsr_diff=0.000281 integral_mean=-0.000012 integral_std=0.000555 log_ratio=-0.0299 accept=0.9706 swapped=True
i=4 pair=(5,4) lam_t=1.00961 lam_s=1.00986 tsr_diff=0.000039 integral_mean=-0.000003 integral_std=0.000081 log_ratio=-0.0063 accept=0.9937 swapped=True
i=4 pair=(7,6) lam_t=1.00995 lam_s=1.01000 tsr_diff=0.000009 integral_mean=0.000000 integral_std=0.000018 log_ratio=0.0000 accept=1.0000 swapped=True
i=5 pair=(0,1) lam_t=1.00254 lam_s=1.00722 tsr_diff=0.001142 integral_mean=0.000033 integral_std=0.002376 log_ratio=0.0000 accept=1.0000 swapped=True
i=5 pair=(3,4) lam_t=1.00896 lam_s=1.00961 tsr_diff=0.000158 integral_mean=-0.000004 integral_std=0.000325 log_ratio=-0.0099 accept=0.9901 swapped=True
i=5 pair=(5,6) lam_t=1.00986 lam_s=1.00995 tsr_diff=0.000022 integral_mean=-0.000001 integral_std=0.000045 log_ratio=-0.0032 accept=0.9968 swapped=True
i=5 pair=(1,0) lam_t=1.00254 lam_s=1.00722 tsr_diff=0.001142 integral_mean=0.000062 integral_std=0.002249 log_ratio=0.0000 accept=1.0000 swapped=True
i=5 pair=(4,3) lam_t=1.00896 lam_s=1.00961 tsr_diff=0.000158 integral_mean=-0.000004 integral_std=0.000331 log_ratio=-0.0094 accept=0.9906 swapped=True
i=5 pair=(6,5) lam_t=1.00986 lam_s=1.00995 tsr_diff=0.000022 integral_mean=0.000001 integral_std=0.000046 log_ratio=0.0000 accept=1.0000 swapped=True
i=6 pair=(2,0) lam_t=0.99000 lam_s=1.00254 tsr_diff=0.004257 integral_mean=0.000383 integral_std=0.010050 log_ratio=0.0000 accept=1.0000 swapped=True
i=6 pair=(1,3) lam_t=1.00722 lam_s=1.00896 tsr_diff=0.000587 integral_mean=-0.000012 integral_std=0.001244 log_ratio=-0.0282 accept=0.9722 swapped=True
i=6 pair=(4,5) lam_t=1.00961 lam_s=1.00986 tsr_diff=0.000081 integral_mean=-0.000001 integral_std=0.000183 log_ratio=-0.0014 accept=0.9986 swapped=True
i=6 pair=(6,7) lam_t=1.00995 lam_s=1.01000 tsr_diff=0.000018 integral_mean=-0.000001 integral_std=0.000038 log_ratio=-0.0024 accept=0.9976 swapped=True
i=6 pair=(0,2) lam_t=0.99000 lam_s=1.00254 tsr_diff=0.004257 integral_mean=-0.000329 integral_std=0.009474 log_ratio=-0.7885 accept=0.4545 swapped=True
i=6 pair=(3,1) lam_t=1.00722 lam_s=1.00896 tsr_diff=0.000587 integral_mean=0.000033 integral_std=0.001260 log_ratio=0.0000 accept=1.0000 swapped=True
i=6 pair=(5,4) lam_t=1.00961 lam_s=1.00986 tsr_diff=0.000081 integral_mean=-0.000003 integral_std=0.000179 log_ratio=-0.0078 accept=0.9922 swapped=True
i=6 pair=(7,6) lam_t=1.00995 lam_s=1.01000 tsr_diff=0.000018 integral_mean=0.000001 integral_std=0.000038 log_ratio=0.0000 accept=1.0000 swapped=True
i=7 pair=(0,1) lam_t=1.00254 lam_s=1.00722 tsr_diff=0.002045 integral_mean=0.000022 integral_std=0.004337 log_ratio=0.0000 accept=1.0000 swapped=True
i=7 pair=(3,4) lam_t=1.00896 lam_s=1.00961 tsr_diff=0.000283 integral_mean=0.000014 integral_std=0.000615 log_ratio=0.0000 accept=1.0000 swapped=True
i=7 pair=(5,6) lam_t=1.00986 lam_s=1.00995 tsr_diff=0.000039 integral_mean=0.000002 integral_std=0.000083 log_ratio=0.0000 accept=1.0000 swapped=True
i=7 pair=(1,0) lam_t=1.00254 lam_s=1.00722 tsr_diff=0.002045 integral_mean=0.000044 integral_std=0.004353 log_ratio=0.0000 accept=1.0000 swapped=True
i=7 pair=(4,3) lam_t=1.00896 lam_s=1.00961 tsr_diff=0.000283 integral_mean=0.000002 integral_std=0.000625 log_ratio=0.0000 accept=1.0000 swapped=True
i=7 pair=(6,5) lam_t=1.00986 lam_s=1.00995 tsr_diff=0.000039 integral_mean=-0.000004 integral_std=0.000078 log_ratio=-0.0096 accept=0.9904 swapped=True
i=8 pair=(2,0) lam_t=0.99000 lam_s=1.00254 tsr_diff=0.006833 integral_mean=0.000220 integral_std=0.015958 log_ratio=0.0000 accept=1.0000 swapped=True
i=8 pair=(1,3) lam_t=1.00722 lam_s=1.00896 tsr_diff=0.000937 integral_mean=-0.000097 integral_std=0.002003 log_ratio=-0.2337 accept=0.7916 swapped=False
i=8 pair=(4,5) lam_t=1.00961 lam_s=1.00986 tsr_diff=0.000130 integral_mean=0.000004 integral_std=0.000323 log_ratio=0.0000 accept=1.0000 swapped=True
i=8 pair=(6,7) lam_t=1.00995 lam_s=1.01000 tsr_diff=0.000029 integral_mean=-0.000003 integral_std=0.000063 log_ratio=-0.0075 accept=0.9926 swapped=True
i=8 pair=(0,2) lam_t=0.99000 lam_s=1.00254 tsr_diff=0.006833 integral_mean=-0.000103 integral_std=0.015953 log_ratio=-0.2471 accept=0.7811 swapped=False
i=8 pair=(1,3) lam_t=1.00722 lam_s=1.00896 tsr_diff=0.000937 integral_mean=-0.000013 integral_std=0.001932 log_ratio=-0.0317 accept=0.9688 swapped=True
i=8 pair=(5,4) lam_t=1.00961 lam_s=1.00986 tsr_diff=0.000130 integral_mean=0.000002 integral_std=0.000309 log_ratio=0.0000 accept=1.0000 swapped=True
i=8 pair=(7,6) lam_t=1.00995 lam_s=1.01000 tsr_diff=0.000029 integral_mean=0.000002 integral_std=0.000067 log_ratio=0.0000 accept=1.0000 swapped=True
i=9 pair=(2,3) lam_t=1.00254 lam_s=1.00722 tsr_diff=0.002993 integral_mean=0.000012 integral_std=0.008164 log_ratio=0.0000 accept=1.0000 swapped=True
i=9 pair=(1,4) lam_t=1.00896 lam_s=1.00961 tsr_diff=0.000414 integral_mean=-0.000028 integral_std=0.000931 log_ratio=-0.0661 accept=0.9360 swapped=True
i=9 pair=(5,6) lam_t=1.00986 lam_s=1.00995 tsr_diff=0.000057 integral_mean=-0.000002 integral_std=0.000133 log_ratio=-0.0053 accept=0.9947 swapped=True
i=9 pair=(3,2) lam_t=1.00254 lam_s=1.00722 tsr_diff=0.002993 integral_mean=0.000023 integral_std=0.007477 log_ratio=0.0000 accept=1.0000 swapped=True
i=9 pair=(4,1) lam_t=1.00896 lam_s=1.00961 tsr_diff=0.000414 integral_mean=0.000028 integral_std=0.000944 log_ratio=0.0000 accept=1.0000 swapped=True
i=9 pair=(6,5) lam_t=1.00986 lam_s=1.00995 tsr_diff=0.000057 integral_mean=0.000000 integral_std=0.000129 log_ratio=0.0000 accept=1.0000 swapped=True
i=10 pair=(0,2) lam_t=0.99000 lam_s=1.00254 tsr_diff=0.009326 integral_mean=0.000554 integral_std=0.025628 log_ratio=0.0000 accept=1.0000 swapped=True
i=10 pair=(3,1) lam_t=1.00722 lam_s=1.00896 tsr_diff=0.001273 integral_mean=0.000143 integral_std=0.003481 log_ratio=0.0000 accept=1.0000 swapped=True
i=10 pair=(4,5) lam_t=1.00961 lam_s=1.00986 tsr_diff=0.000177 integral_mean=0.000009 integral_std=0.000538 log_ratio=0.0000 accept=1.0000 swapped=True
i=10 pair=(6,7) lam_t=1.00995 lam_s=1.01000 tsr_diff=0.000039 integral_mean=-0.000007 integral_std=0.000101 log_ratio=-0.0160 accept=0.9841 swapped=True
i=10 pair=(2,0) lam_t=0.99000 lam_s=1.00254 tsr_diff=0.009326 integral_mean=-0.000526 integral_std=0.025209 log_ratio=-1.2622 accept=0.2830 swapped=True
i=10 pair=(1,3) lam_t=1.00722 lam_s=1.00896 tsr_diff=0.001273 integral_mean=-0.000508 integral_std=0.004692 log_ratio=-1.2198 accept=0.2953 swapped=False
i=10 pair=(5,4) lam_t=1.00961 lam_s=1.00986 tsr_diff=0.000177 integral_mean=-0.000004 integral_std=0.000506 log_ratio=-0.0088 accept=0.9912 swapped=True
i=10 pair=(7,6) lam_t=1.00995 lam_s=1.01000 tsr_diff=0.000039 integral_mean=0.000008 integral_std=0.000095 log_ratio=0.0000 accept=1.0000 swapped=True
i=11 pair=(2,1) lam_t=1.00254 lam_s=1.00722 tsr_diff=0.003825 integral_mean=-0.000385 integral_std=0.012830 log_ratio=-0.9229 accept=0.3974 swapped=True
i=11 pair=(3,4) lam_t=1.00896 lam_s=1.00961 tsr_diff=0.000528 integral_mean=0.000168 integral_std=0.001973 log_ratio=0.0000 accept=1.0000 swapped=True
i=11 pair=(5,6) lam_t=1.00986 lam_s=1.00995 tsr_diff=0.000073 integral_mean=0.000012 integral_std=0.000202 log_ratio=0.0000 accept=1.0000 swapped=True
i=11 pair=(1,2) lam_t=1.00254 lam_s=1.00722 tsr_diff=0.003825 integral_mean=0.000766 integral_std=0.014186 log_ratio=0.0000 accept=1.0000 swapped=True
i=11 pair=(4,3) lam_t=1.00896 lam_s=1.00961 tsr_diff=0.000528 integral_mean=-0.000204 integral_std=0.001703 log_ratio=-0.4897 accept=0.6128 swapped=False
i=11 pair=(6,5) lam_t=1.00986 lam_s=1.00995 tsr_diff=0.000073 integral_mean=-0.000006 integral_std=0.000190 log_ratio=-0.0136 accept=0.9865 swapped=True
i=12 pair=(0,2) lam_t=0.99000 lam_s=1.00254 tsr_diff=0.011313 integral_mean=0.001279 integral_std=0.040749 log_ratio=0.0000 accept=1.0000 swapped=True
i=12 pair=(1,4) lam_t=1.00722 lam_s=1.00896 tsr_diff=0.001539 integral_mean=-0.000007 integral_std=0.004595 log_ratio=-0.0179 accept=0.9823 swapped=True
i=12 pair=(3,5) lam_t=1.00961 lam_s=1.00986 tsr_diff=0.000213 integral_mean=0.000146 integral_std=0.001118 log_ratio=0.0000 accept=1.0000 swapped=True
i=12 pair=(6,7) lam_t=1.00995 lam_s=1.01000 tsr_diff=0.000047 integral_mean=-0.000008 integral_std=0.000171 log_ratio=-0.0189 accept=0.9812 swapped=True
i=12 pair=(2,0) lam_t=0.99000 lam_s=1.00254 tsr_diff=0.011313 integral_mean=-0.001265 integral_std=0.039428 log_ratio=-3.0368 accept=0.0480 swapped=False
i=12 pair=(4,1) lam_t=1.00722 lam_s=1.00896 tsr_diff=0.001539 integral_mean=0.000029 integral_std=0.004470 log_ratio=0.0000 accept=1.0000 swapped=True
i=12 pair=(5,3) lam_t=1.00961 lam_s=1.00986 tsr_diff=0.000213 integral_mean=-0.000300 integral_std=0.002191 log_ratio=-0.7200 accept=0.4868 swapped=False
i=12 pair=(7,6) lam_t=1.00995 lam_s=1.01000 tsr_diff=0.000047 integral_mean=0.000002 integral_std=0.000155 log_ratio=0.0000 accept=1.0000 swapped=True
i=13 pair=(0,1) lam_t=1.00254 lam_s=1.00722 tsr_diff=0.004402 integral_mean=-0.001732 integral_std=0.026234 log_ratio=-4.1558 accept=0.0157 swapped=False
i=13 pair=(4,5) lam_t=1.00896 lam_s=1.00961 tsr_diff=0.000607 integral_mean=0.000071 integral_std=0.003923 log_ratio=0.0000 accept=1.0000 swapped=True
i=13 pair=(3,6) lam_t=1.00986 lam_s=1.00995 tsr_diff=0.000084 integral_mean=0.000149 integral_std=0.000829 log_ratio=0.0000 accept=1.0000 swapped=True
i=13 pair=(0,1) lam_t=1.00254 lam_s=1.00722 tsr_diff=0.004402 integral_mean=-0.001381 integral_std=0.022750 log_ratio=-3.3152 accept=0.0363 swapped=False
i=13 pair=(5,4) lam_t=1.00896 lam_s=1.00961 tsr_diff=0.000607 integral_mean=-0.000122 integral_std=0.003378 log_ratio=-0.2931 accept=0.7460 swapped=True
i=13 pair=(6,3) lam_t=1.00986 lam_s=1.00995 tsr_diff=0.000084 integral_mean=-0.000066 integral_std=0.000558 log_ratio=-0.1596 accept=0.8525 swapped=True
i=14 pair=(2,0) lam_t=0.99000 lam_s=1.00254 tsr_diff=0.012453 integral_mean=-0.005175 integral_std=0.119998 log_ratio=-12.4195 accept=0.0000 swapped=False
i=14 pair=(1,4) lam_t=1.00722 lam_s=1.00896 tsr_diff=0.001690 integral_mean=-0.005297 integral_std=0.033988 log_ratio=-12.7139 accept=0.0000 swapped=False
i=14 pair=(5,3) lam_t=1.00961 lam_s=1.00986 tsr_diff=0.000234 integral_mean=-0.000420 integral_std=0.003604 log_ratio=-1.0070 accept=0.3653 swapped=False
i=14 pair=(6,7) lam_t=1.00995 lam_s=1.01000 tsr_diff=0.000052 integral_mean=-0.000022 integral_std=0.000532 log_ratio=-0.0528 accept=0.9486 swapped=True
i=14 pair=(2,0) lam_t=0.99000 lam_s=1.00254 tsr_diff=0.012453 integral_mean=0.001328 integral_std=0.110454 log_ratio=0.0000 accept=1.0000 swapped=True
i=14 pair=(1,4) lam_t=1.00722 lam_s=1.00896 tsr_diff=0.001690 integral_mean=-0.000564 integral_std=0.017759 log_ratio=-1.3533 accept=0.2584 swapped=False
i=14 pair=(5,3) lam_t=1.00961 lam_s=1.00986 tsr_diff=0.000234 integral_mean=-0.000030 integral_std=0.003069 log_ratio=-0.0731 accept=0.9295 swapped=True
i=14 pair=(7,6) lam_t=1.00995 lam_s=1.01000 tsr_diff=0.000052 integral_mean=0.000012 integral_std=0.000371 log_ratio=0.0000 accept=1.0000 swapped=True
Best Sample: 2 log probability -1.517
Saved 1 samples to: logs/pointmaze-giant-navigate-v0/inference/plans/release_H400_T256_LimitsNormalizer_b1_condFalse/2026-07-17 13:08:33/7/0.png
Saved 1 samples to: logs/pointmaze-giant-navigate-v0/inference/plans/release_H400_T256_LimitsNormalizer_b1_condFalse/2026-07-17 13:08:33/7/rollout.png
i=0 pair=(0,1) lam_t=0.99000 lam_s=1.00254 tsr_diff=0.000000 integral_mean=0.000000 integral_std=0.000000 log_ratio=0.0000 accept=1.0000 swapped=True
i=0 pair=(2,3) lam_t=1.00722 lam_s=1.00896 tsr_diff=0.000000 integral_mean=0.000000 integral_std=0.000000 log_ratio=0.0000 accept=1.0000 swapped=True
i=0 pair=(4,5) lam_t=1.00961 lam_s=1.00986 tsr_diff=0.000000 integral_mean=0.000000 integral_std=0.000000 log_ratio=0.0000 accept=1.0000 swapped=True
i=0 pair=(6,7) lam_t=1.00995 lam_s=1.01000 tsr_diff=0.000000 integral_mean=0.000000 integral_std=0.000000 log_ratio=0.0000 accept=1.0000 swapped=True
i=0 pair=(1,0) lam_t=0.99000 lam_s=1.00254 tsr_diff=0.000000 integral_mean=0.000000 integral_std=0.000000 log_ratio=0.0000 accept=1.0000 swapped=True
i=0 pair=(3,2) lam_t=1.00722 lam_s=1.00896 tsr_diff=0.000000 integral_mean=0.000000 integral_std=0.000000 log_ratio=0.0000 accept=1.0000 swapped=True
i=0 pair=(5,4) lam_t=1.00961 lam_s=1.00986 tsr_diff=0.000000 integral_mean=0.000000 integral_std=0.000000 log_ratio=0.0000 accept=1.0000 swapped=True
i=0 pair=(7,6) lam_t=1.00995 lam_s=1.01000 tsr_diff=0.000000 integral_mean=0.000000 integral_std=0.000000 log_ratio=0.0000 accept=1.0000 swapped=True
i=1 pair=(1,2) lam_t=1.00254 lam_s=1.00722 tsr_diff=0.000050 integral_mean=-0.000000 integral_std=0.000099 log_ratio=-0.0003 accept=0.9997 swapped=True
i=1 pair=(3,4) lam_t=1.00896 lam_s=1.00961 tsr_diff=0.000007 integral_mean=0.000000 integral_std=0.000014 log_ratio=0.0000 accept=1.0000 swapped=True
i=1 pair=(5,6) lam_t=1.00986 lam_s=1.00995 tsr_diff=0.000001 integral_mean=-0.000000 integral_std=0.000002 log_ratio=-0.0000 accept=1.0000 swapped=True
i=1 pair=(2,1) lam_t=1.00254 lam_s=1.00722 tsr_diff=0.000050 integral_mean=0.000007 integral_std=0.000105 log_ratio=0.0000 accept=1.0000 swapped=True
i=1 pair=(4,3) lam_t=1.00896 lam_s=1.00961 tsr_diff=0.000007 integral_mean=-0.000000 integral_std=0.000014 log_ratio=-0.0006 accept=0.9994 swapped=True
i=1 pair=(6,5) lam_t=1.00986 lam_s=1.00995 tsr_diff=0.000001 integral_mean=0.000000 integral_std=0.000002 log_ratio=0.0000 accept=1.0000 swapped=True
i=2 pair=(0,1) lam_t=0.99000 lam_s=1.00254 tsr_diff=0.000530 integral_mean=0.000015 integral_std=0.001079 log_ratio=0.0000 accept=1.0000 swapped=True
i=2 pair=(2,3) lam_t=1.00722 lam_s=1.00896 tsr_diff=0.000074 integral_mean=-0.000002 integral_std=0.000154 log_ratio=-0.0059 accept=0.9941 swapped=True
i=2 pair=(4,5) lam_t=1.00961 lam_s=1.00986 tsr_diff=0.000010 integral_mean=0.000000 integral_std=0.000020 log_ratio=0.0000 accept=1.0000 swapped=True
i=2 pair=(6,7) lam_t=1.00995 lam_s=1.01000 tsr_diff=0.000002 integral_mean=-0.000000 integral_std=0.000005 log_ratio=-0.0000 accept=1.0000 swapped=True
i=2 pair=(1,0) lam_t=0.99000 lam_s=1.00254 tsr_diff=0.000530 integral_mean=0.000010 integral_std=0.001099 log_ratio=0.0000 accept=1.0000 swapped=True
i=2 pair=(3,2) lam_t=1.00722 lam_s=1.00896 tsr_diff=0.000074 integral_mean=0.000028 integral_std=0.000188 log_ratio=0.0000 accept=1.0000 swapped=True
i=2 pair=(5,4) lam_t=1.00961 lam_s=1.00986 tsr_diff=0.000010 integral_mean=0.000000 integral_std=0.000020 log_ratio=0.0000 accept=1.0000 swapped=True
i=2 pair=(7,6) lam_t=1.00995 lam_s=1.01000 tsr_diff=0.000002 integral_mean=-0.000000 integral_std=0.000005 log_ratio=-0.0005 accept=0.9995 swapped=True
i=3 pair=(1,2) lam_t=1.00254 lam_s=1.00722 tsr_diff=0.000436 integral_mean=-0.000048 integral_std=0.000942 log_ratio=-0.1149 accept=0.8914 swapped=False
i=3 pair=(3,4) lam_t=1.00896 lam_s=1.00961 tsr_diff=0.000060 integral_mean=0.000025 integral_std=0.000164 log_ratio=0.0000 accept=1.0000 swapped=True
i=3 pair=(5,6) lam_t=1.00986 lam_s=1.00995 tsr_diff=0.000008 integral_mean=0.000000 integral_std=0.000019 log_ratio=0.0000 accept=1.0000 swapped=True
i=3 pair=(1,2) lam_t=1.00254 lam_s=1.00722 tsr_diff=0.000436 integral_mean=-0.000022 integral_std=0.000897 log_ratio=-0.0530 accept=0.9484 swapped=True
i=3 pair=(4,3) lam_t=1.00896 lam_s=1.00961 tsr_diff=0.000060 integral_mean=-0.000010 integral_std=0.000140 log_ratio=-0.0232 accept=0.9770 swapped=True
i=3 pair=(6,5) lam_t=1.00986 lam_s=1.00995 tsr_diff=0.000008 integral_mean=-0.000002 integral_std=0.000020 log_ratio=-0.0047 accept=0.9953 swapped=True
i=4 pair=(0,2) lam_t=0.99000 lam_s=1.00254 tsr_diff=0.002032 integral_mean=-0.000131 integral_std=0.004308 log_ratio=-0.3152 accept=0.7296 swapped=True
i=4 pair=(1,3) lam_t=1.00722 lam_s=1.00896 tsr_diff=0.000281 integral_mean=-0.000041 integral_std=0.000622 log_ratio=-0.0981 accept=0.9065 swapped=True
i=4 pair=(4,5) lam_t=1.00961 lam_s=1.00986 tsr_diff=0.000039 integral_mean=-0.000004 integral_std=0.000087 log_ratio=-0.0094 accept=0.9907 swapped=True
i=4 pair=(6,7) lam_t=1.00995 lam_s=1.01000 tsr_diff=0.000009 integral_mean=0.000000 integral_std=0.000018 log_ratio=0.0000 accept=1.0000 swapped=True
i=4 pair=(2,0) lam_t=0.99000 lam_s=1.00254 tsr_diff=0.002032 integral_mean=0.000047 integral_std=0.004149 log_ratio=0.0000 accept=1.0000 swapped=True
i=4 pair=(3,1) lam_t=1.00722 lam_s=1.00896 tsr_diff=0.000281 integral_mean=0.000040 integral_std=0.000616 log_ratio=0.0000 accept=1.0000 swapped=True
i=4 pair=(5,4) lam_t=1.00961 lam_s=1.00986 tsr_diff=0.000039 integral_mean=0.000002 integral_std=0.000090 log_ratio=0.0000 accept=1.0000 swapped=True
i=4 pair=(7,6) lam_t=1.00995 lam_s=1.01000 tsr_diff=0.000009 integral_mean=-0.000001 integral_std=0.000018 log_ratio=-0.0013 accept=0.9987 swapped=True
i=5 pair=(2,1) lam_t=1.00254 lam_s=1.00722 tsr_diff=0.001142 integral_mean=0.000025 integral_std=0.002345 log_ratio=0.0000 accept=1.0000 swapped=True
i=5 pair=(3,4) lam_t=1.00896 lam_s=1.00961 tsr_diff=0.000158 integral_mean=-0.000002 integral_std=0.000352 log_ratio=-0.0047 accept=0.9953 swapped=True
i=5 pair=(5,6) lam_t=1.00986 lam_s=1.00995 tsr_diff=0.000022 integral_mean=-0.000000 integral_std=0.000047 log_ratio=-0.0001 accept=0.9999 swapped=True
i=5 pair=(1,2) lam_t=1.00254 lam_s=1.00722 tsr_diff=0.001142 integral_mean=0.000036 integral_std=0.002318 log_ratio=0.0000 accept=1.0000 swapped=True
i=5 pair=(4,3) lam_t=1.00896 lam_s=1.00961 tsr_diff=0.000158 integral_mean=-0.000001 integral_std=0.000339 log_ratio=-0.0032 accept=0.9968 swapped=True
i=5 pair=(6,5) lam_t=1.00986 lam_s=1.00995 tsr_diff=0.000022 integral_mean=-0.000002 integral_std=0.000050 log_ratio=-0.0054 accept=0.9946 swapped=True
i=6 pair=(0,2) lam_t=0.99000 lam_s=1.00254 tsr_diff=0.004257 integral_mean=0.000205 integral_std=0.008515 log_ratio=0.0000 accept=1.0000 swapped=True
i=6 pair=(1,3) lam_t=1.00722 lam_s=1.00896 tsr_diff=0.000587 integral_mean=-0.000028 integral_std=0.001236 log_ratio=-0.0670 accept=0.9352 swapped=True
i=6 pair=(4,5) lam_t=1.00961 lam_s=1.00986 tsr_diff=0.000081 integral_mean=-0.000013 integral_std=0.000194 log_ratio=-0.0303 accept=0.9702 swapped=True
i=6 pair=(6,7) lam_t=1.00995 lam_s=1.01000 tsr_diff=0.000018 integral_mean=0.000007 integral_std=0.000045 log_ratio=0.0000 accept=1.0000 swapped=True
i=6 pair=(2,0) lam_t=0.99000 lam_s=1.00254 tsr_diff=0.004257 integral_mean=-0.000175 integral_std=0.008644 log_ratio=-0.4194 accept=0.6575 swapped=True
i=6 pair=(3,1) lam_t=1.00722 lam_s=1.00896 tsr_diff=0.000587 integral_mean=-0.000005 integral_std=0.001215 log_ratio=-0.0110 accept=0.9891 swapped=True
i=6 pair=(5,4) lam_t=1.00961 lam_s=1.00986 tsr_diff=0.000081 integral_mean=0.000011 integral_std=0.000177 log_ratio=0.0000 accept=1.0000 swapped=True
i=6 pair=(7,6) lam_t=1.00995 lam_s=1.01000 tsr_diff=0.000018 integral_mean=-0.000009 integral_std=0.000046 log_ratio=-0.0208 accept=0.9795 swapped=True
i=7 pair=(2,1) lam_t=1.00254 lam_s=1.00722 tsr_diff=0.002045 integral_mean=0.000049 integral_std=0.004278 log_ratio=0.0000 accept=1.0000 swapped=True
i=7 pair=(3,4) lam_t=1.00896 lam_s=1.00961 tsr_diff=0.000283 integral_mean=-0.000002 integral_std=0.000605 log_ratio=-0.0057 accept=0.9943 swapped=True
i=7 pair=(5,6) lam_t=1.00986 lam_s=1.00995 tsr_diff=0.000039 integral_mean=-0.000013 integral_std=0.000098 log_ratio=-0.0307 accept=0.9698 swapped=True
i=7 pair=(1,2) lam_t=1.00254 lam_s=1.00722 tsr_diff=0.002045 integral_mean=-0.000027 integral_std=0.004346 log_ratio=-0.0655 accept=0.9366 swapped=True
i=7 pair=(4,3) lam_t=1.00896 lam_s=1.00961 tsr_diff=0.000283 integral_mean=0.000009 integral_std=0.000575 log_ratio=0.0000 accept=1.0000 swapped=True
i=7 pair=(6,5) lam_t=1.00986 lam_s=1.00995 tsr_diff=0.000039 integral_mean=0.000008 integral_std=0.000093 log_ratio=0.0000 accept=1.0000 swapped=True
i=8 pair=(0,2) lam_t=0.99000 lam_s=1.00254 tsr_diff=0.006833 integral_mean=-0.000564 integral_std=0.015286 log_ratio=-1.3541 accept=0.2582 swapped=False
i=8 pair=(1,3) lam_t=1.00722 lam_s=1.00896 tsr_diff=0.000937 integral_mean=0.000085 integral_std=0.001939 log_ratio=0.0000 accept=1.0000 swapped=True
i=8 pair=(4,5) lam_t=1.00961 lam_s=1.00986 tsr_diff=0.000130 integral_mean=-0.000015 integral_std=0.000305 log_ratio=-0.0358 accept=0.9648 swapped=True
i=8 pair=(6,7) lam_t=1.00995 lam_s=1.01000 tsr_diff=0.000029 integral_mean=0.000010 integral_std=0.000080 log_ratio=0.0000 accept=1.0000 swapped=True
i=8 pair=(0,2) lam_t=0.99000 lam_s=1.00254 tsr_diff=0.006833 integral_mean=-0.000373 integral_std=0.014029 log_ratio=-0.8948 accept=0.4087 swapped=False
i=8 pair=(3,1) lam_t=1.00722 lam_s=1.00896 tsr_diff=0.000937 integral_mean=-0.000090 integral_std=0.001987 log_ratio=-0.2157 accept=0.8060 swapped=True
i=8 pair=(5,4) lam_t=1.00961 lam_s=1.00986 tsr_diff=0.000130 integral_mean=0.000013 integral_std=0.000322 log_ratio=0.0000 accept=1.0000 swapped=True
i=8 pair=(7,6) lam_t=1.00995 lam_s=1.01000 tsr_diff=0.000029 integral_mean=-0.000007 integral_std=0.000075 log_ratio=-0.0157 accept=0.9844 swapped=True
i=9 pair=(2,1) lam_t=1.00254 lam_s=1.00722 tsr_diff=0.002993 integral_mean=-0.000039 integral_std=0.006734 log_ratio=-0.0939 accept=0.9104 swapped=True
i=9 pair=(3,4) lam_t=1.00896 lam_s=1.00961 tsr_diff=0.000414 integral_mean=-0.000024 integral_std=0.000888 log_ratio=-0.0568 accept=0.9448 swapped=True
i=9 pair=(5,6) lam_t=1.00986 lam_s=1.00995 tsr_diff=0.000057 integral_mean=-0.000011 integral_std=0.000156 log_ratio=-0.0255 accept=0.9748 swapped=True
i=9 pair=(1,2) lam_t=1.00254 lam_s=1.00722 tsr_diff=0.002993 integral_mean=-0.000096 integral_std=0.006871 log_ratio=-0.2309 accept=0.7938 swapped=True
i=9 pair=(4,3) lam_t=1.00896 lam_s=1.00961 tsr_diff=0.000414 integral_mean=0.000025 integral_std=0.000884 log_ratio=0.0000 accept=1.0000 swapped=True
i=9 pair=(6,5) lam_t=1.00986 lam_s=1.00995 tsr_diff=0.000057 integral_mean=0.000009 integral_std=0.000141 log_ratio=0.0000 accept=1.0000 swapped=True
i=10 pair=(0,2) lam_t=0.99000 lam_s=1.00254 tsr_diff=0.009326 integral_mean=-0.001182 integral_std=0.020489 log_ratio=-2.8368 accept=0.0586 swapped=False
i=10 pair=(1,3) lam_t=1.00722 lam_s=1.00896 tsr_diff=0.001273 integral_mean=0.000051 integral_std=0.002890 log_ratio=0.0000 accept=1.0000 swapped=True
i=10 pair=(4,5) lam_t=1.00961 lam_s=1.00986 tsr_diff=0.000177 integral_mean=-0.000004 integral_std=0.000422 log_ratio=-0.0107 accept=0.9894 swapped=True
i=10 pair=(6,7) lam_t=1.00995 lam_s=1.01000 tsr_diff=0.000039 integral_mean=0.000007 integral_std=0.000121 log_ratio=0.0000 accept=1.0000 swapped=True
i=10 pair=(0,2) lam_t=0.99000 lam_s=1.00254 tsr_diff=0.009326 integral_mean=-0.000879 integral_std=0.018835 log_ratio=-2.1095 accept=0.1213 swapped=False
i=10 pair=(3,1) lam_t=1.00722 lam_s=1.00896 tsr_diff=0.001273 integral_mean=0.000020 integral_std=0.002811 log_ratio=0.0000 accept=1.0000 swapped=True
i=10 pair=(5,4) lam_t=1.00961 lam_s=1.00986 tsr_diff=0.000177 integral_mean=-0.000005 integral_std=0.000412 log_ratio=-0.0119 accept=0.9882 swapped=True
i=10 pair=(7,6) lam_t=1.00995 lam_s=1.01000 tsr_diff=0.000039 integral_mean=-0.000035 integral_std=0.000205 log_ratio=-0.0848 accept=0.9187 swapped=True
i=11 pair=(2,1) lam_t=1.00254 lam_s=1.00722 tsr_diff=0.003825 integral_mean=0.000128 integral_std=0.011385 log_ratio=0.0000 accept=1.0000 swapped=True
i=11 pair=(3,4) lam_t=1.00896 lam_s=1.00961 tsr_diff=0.000528 integral_mean=0.000011 integral_std=0.001464 log_ratio=0.0000 accept=1.0000 swapped=True
i=11 pair=(5,6) lam_t=1.00986 lam_s=1.00995 tsr_diff=0.000073 integral_mean=-0.000074 integral_std=0.000393 log_ratio=-0.1782 accept=0.8367 swapped=True
i=11 pair=(1,2) lam_t=1.00254 lam_s=1.00722 tsr_diff=0.003825 integral_mean=-0.000515 integral_std=0.010862 log_ratio=-1.2352 accept=0.2908 swapped=False
i=11 pair=(4,3) lam_t=1.00896 lam_s=1.00961 tsr_diff=0.000528 integral_mean=-0.000002 integral_std=0.001524 log_ratio=-0.0055 accept=0.9945 swapped=True
i=11 pair=(6,5) lam_t=1.00986 lam_s=1.00995 tsr_diff=0.000073 integral_mean=0.000057 integral_std=0.000329 log_ratio=0.0000 accept=1.0000 swapped=True
i=12 pair=(0,1) lam_t=0.99000 lam_s=1.00254 tsr_diff=0.011313 integral_mean=-0.000893 integral_std=0.037181 log_ratio=-2.1425 accept=0.1174 swapped=False
i=12 pair=(2,3) lam_t=1.00722 lam_s=1.00896 tsr_diff=0.001539 integral_mean=0.000911 integral_std=0.006799 log_ratio=0.0000 accept=1.0000 swapped=True
i=12 pair=(4,5) lam_t=1.00961 lam_s=1.00986 tsr_diff=0.000213 integral_mean=0.000029 integral_std=0.000807 log_ratio=0.0000 accept=1.0000 swapped=True
i=12 pair=(6,7) lam_t=1.00995 lam_s=1.01000 tsr_diff=0.000047 integral_mean=0.000087 integral_std=0.000570 log_ratio=0.0000 accept=1.0000 swapped=True
i=12 pair=(0,1) lam_t=0.99000 lam_s=1.00254 tsr_diff=0.011313 integral_mean=-0.000134 integral_std=0.035883 log_ratio=-0.3208 accept=0.7256 swapped=True
i=12 pair=(3,2) lam_t=1.00722 lam_s=1.00896 tsr_diff=0.001539 integral_mean=-0.000595 integral_std=0.005347 log_ratio=-1.4286 accept=0.2397 swapped=False
i=12 pair=(5,4) lam_t=1.00961 lam_s=1.00986 tsr_diff=0.000213 integral_mean=0.000038 integral_std=0.001109 log_ratio=0.0000 accept=1.0000 swapped=True
i=12 pair=(7,6) lam_t=1.00995 lam_s=1.01000 tsr_diff=0.000047 integral_mean=-0.000088 integral_std=0.000356 log_ratio=-0.2100 accept=0.8105 swapped=False
i=13 pair=(0,3) lam_t=1.00254 lam_s=1.00722 tsr_diff=0.004402 integral_mean=-0.000377 integral_std=0.018902 log_ratio=-0.9042 accept=0.4048 swapped=True
i=13 pair=(2,4) lam_t=1.00896 lam_s=1.00961 tsr_diff=0.000607 integral_mean=0.000089 integral_std=0.002353 log_ratio=0.0000 accept=1.0000 swapped=True
i=13 pair=(5,7) lam_t=1.00986 lam_s=1.00995 tsr_diff=0.000084 integral_mean=0.000082 integral_std=0.000773 log_ratio=0.0000 accept=1.0000 swapped=True
i=13 pair=(3,0) lam_t=1.00254 lam_s=1.00722 tsr_diff=0.004402 integral_mean=0.000447 integral_std=0.014266 log_ratio=0.0000 accept=1.0000 swapped=True
i=13 pair=(4,2) lam_t=1.00896 lam_s=1.00961 tsr_diff=0.000607 integral_mean=0.000005 integral_std=0.002053 log_ratio=0.0000 accept=1.0000 swapped=True
i=13 pair=(7,5) lam_t=1.00986 lam_s=1.00995 tsr_diff=0.000084 integral_mean=-0.000051 integral_std=0.000560 log_ratio=-0.1215 accept=0.8856 swapped=True
i=14 pair=(1,0) lam_t=0.99000 lam_s=1.00254 tsr_diff=0.012453 integral_mean=-0.000990 integral_std=0.111326 log_ratio=-2.3756 accept=0.0930 swapped=False
i=14 pair=(3,2) lam_t=1.00722 lam_s=1.00896 tsr_diff=0.001690 integral_mean=-0.002068 integral_std=0.024999 log_ratio=-4.9635 accept=0.0070 swapped=False
i=14 pair=(4,5) lam_t=1.00961 lam_s=1.00986 tsr_diff=0.000234 integral_mean=-0.000153 integral_std=0.003154 log_ratio=-0.3664 accept=0.6932 swapped=False
i=14 pair=(7,6) lam_t=1.00995 lam_s=1.01000 tsr_diff=0.000052 integral_mean=-0.000672 integral_std=0.003024 log_ratio=-1.6124 accept=0.1994 swapped=False
i=14 pair=(1,0) lam_t=0.99000 lam_s=1.00254 tsr_diff=0.012453 integral_mean=0.001861 integral_std=0.094834 log_ratio=0.0000 accept=1.0000 swapped=True
i=14 pair=(3,2) lam_t=1.00722 lam_s=1.00896 tsr_diff=0.001690 integral_mean=-0.001001 integral_std=0.016074 log_ratio=-2.4030 accept=0.0904 swapped=False
i=14 pair=(4,5) lam_t=1.00961 lam_s=1.00986 tsr_diff=0.000234 integral_mean=0.000025 integral_std=0.002083 log_ratio=0.0000 accept=1.0000 swapped=True
i=14 pair=(7,6) lam_t=1.00995 lam_s=1.01000 tsr_diff=0.000052 integral_mean=-0.000386 integral_std=0.001398 log_ratio=-0.9269 accept=0.3958 swapped=True
Best Sample: 7 log probability -0.003
Saved 1 samples to: logs/pointmaze-giant-navigate-v0/inference/plans/release_H400_T256_LimitsNormalizer_b1_condFalse/2026-07-17 13:08:33/8/0.png
Saved 1 samples to: logs/pointmaze-giant-navigate-v0/inference/plans/release_H400_T256_LimitsNormalizer_b1_condFalse/2026-07-17 13:08:33/8/rollout.png
i=0 pair=(0,1) lam_t=0.99000 lam_s=1.00254 tsr_diff=0.000000 integral_mean=0.000000 integral_std=0.000000 log_ratio=0.0000 accept=1.0000 swapped=True
i=0 pair=(2,3) lam_t=1.00722 lam_s=1.00896 tsr_diff=0.000000 integral_mean=0.000000 integral_std=0.000000 log_ratio=0.0000 accept=1.0000 swapped=True
i=0 pair=(4,5) lam_t=1.00961 lam_s=1.00986 tsr_diff=0.000000 integral_mean=0.000000 integral_std=0.000000 log_ratio=0.0000 accept=1.0000 swapped=True
i=0 pair=(6,7) lam_t=1.00995 lam_s=1.01000 tsr_diff=0.000000 integral_mean=0.000000 integral_std=0.000000 log_ratio=0.0000 accept=1.0000 swapped=True
i=0 pair=(1,0) lam_t=0.99000 lam_s=1.00254 tsr_diff=0.000000 integral_mean=0.000000 integral_std=0.000000 log_ratio=0.0000 accept=1.0000 swapped=True
i=0 pair=(3,2) lam_t=1.00722 lam_s=1.00896 tsr_diff=0.000000 integral_mean=0.000000 integral_std=0.000000 log_ratio=0.0000 accept=1.0000 swapped=True
i=0 pair=(5,4) lam_t=1.00961 lam_s=1.00986 tsr_diff=0.000000 integral_mean=0.000000 integral_std=0.000000 log_ratio=0.0000 accept=1.0000 swapped=True
i=0 pair=(7,6) lam_t=1.00995 lam_s=1.01000 tsr_diff=0.000000 integral_mean=0.000000 integral_std=0.000000 log_ratio=0.0000 accept=1.0000 swapped=True
i=1 pair=(1,2) lam_t=1.00254 lam_s=1.00722 tsr_diff=0.000050 integral_mean=0.000000 integral_std=0.000101 log_ratio=0.0000 accept=1.0000 swapped=True
i=1 pair=(3,4) lam_t=1.00896 lam_s=1.00961 tsr_diff=0.000007 integral_mean=0.000000 integral_std=0.000014 log_ratio=0.0000 accept=1.0000 swapped=True
i=1 pair=(5,6) lam_t=1.00986 lam_s=1.00995 tsr_diff=0.000001 integral_mean=0.000000 integral_std=0.000002 log_ratio=0.0000 accept=1.0000 swapped=True
i=1 pair=(2,1) lam_t=1.00254 lam_s=1.00722 tsr_diff=0.000050 integral_mean=-0.000001 integral_std=0.000099 log_ratio=-0.0033 accept=0.9967 swapped=True
i=1 pair=(4,3) lam_t=1.00896 lam_s=1.00961 tsr_diff=0.000007 integral_mean=-0.000000 integral_std=0.000014 log_ratio=-0.0007 accept=0.9993 swapped=True
i=1 pair=(6,5) lam_t=1.00986 lam_s=1.00995 tsr_diff=0.000001 integral_mean=-0.000000 integral_std=0.000002 log_ratio=-0.0000 accept=1.0000 swapped=True
i=2 pair=(0,1) lam_t=0.99000 lam_s=1.00254 tsr_diff=0.000530 integral_mean=-0.000011 integral_std=0.001070 log_ratio=-0.0255 accept=0.9748 swapped=False
i=2 pair=(2,3) lam_t=1.00722 lam_s=1.00896 tsr_diff=0.000074 integral_mean=0.000013 integral_std=0.000165 log_ratio=0.0000 accept=1.0000 swapped=True
i=2 pair=(4,5) lam_t=1.00961 lam_s=1.00986 tsr_diff=0.000010 integral_mean=-0.000000 integral_std=0.000020 log_ratio=-0.0004 accept=0.9996 swapped=True
i=2 pair=(6,7) lam_t=1.00995 lam_s=1.01000 tsr_diff=0.000002 integral_mean=0.000000 integral_std=0.000004 log_ratio=0.0000 accept=1.0000 swapped=True
i=2 pair=(0,1) lam_t=0.99000 lam_s=1.00254 tsr_diff=0.000530 integral_mean=-0.000042 integral_std=0.001067 log_ratio=-0.1015 accept=0.9035 swapped=True
i=2 pair=(3,2) lam_t=1.00722 lam_s=1.00896 tsr_diff=0.000074 integral_mean=0.000000 integral_std=0.000153 log_ratio=0.0000 accept=1.0000 swapped=True
i=2 pair=(5,4) lam_t=1.00961 lam_s=1.00986 tsr_diff=0.000010 integral_mean=-0.000001 integral_std=0.000020 log_ratio=-0.0012 accept=0.9988 swapped=True
i=2 pair=(7,6) lam_t=1.00995 lam_s=1.01000 tsr_diff=0.000002 integral_mean=0.000000 integral_std=0.000005 log_ratio=0.0000 accept=1.0000 swapped=True
i=3 pair=(0,2) lam_t=1.00254 lam_s=1.00722 tsr_diff=0.000436 integral_mean=0.000014 integral_std=0.000902 log_ratio=0.0000 accept=1.0000 swapped=True
i=3 pair=(3,4) lam_t=1.00896 lam_s=1.00961 tsr_diff=0.000060 integral_mean=0.000004 integral_std=0.000134 log_ratio=0.0000 accept=1.0000 swapped=True
i=3 pair=(5,6) lam_t=1.00986 lam_s=1.00995 tsr_diff=0.000008 integral_mean=-0.000001 integral_std=0.000017 log_ratio=-0.0014 accept=0.9986 swapped=True
i=3 pair=(2,0) lam_t=1.00254 lam_s=1.00722 tsr_diff=0.000436 integral_mean=-0.000016 integral_std=0.000905 log_ratio=-0.0395 accept=0.9613 swapped=True
i=3 pair=(4,3) lam_t=1.00896 lam_s=1.00961 tsr_diff=0.000060 integral_mean=0.000001 integral_std=0.000125 log_ratio=0.0000 accept=1.0000 swapped=True
i=3 pair=(6,5) lam_t=1.00986 lam_s=1.00995 tsr_diff=0.000008 integral_mean=-0.000000 integral_std=0.000018 log_ratio=-0.0009 accept=0.9991 swapped=True
i=4 pair=(1,0) lam_t=0.99000 lam_s=1.00254 tsr_diff=0.002032 integral_mean=-0.000043 integral_std=0.004261 log_ratio=-0.1030 accept=0.9021 swapped=True
i=4 pair=(2,3) lam_t=1.00722 lam_s=1.00896 tsr_diff=0.000281 integral_mean=-0.000047 integral_std=0.000602 log_ratio=-0.1131 accept=0.8931 swapped=False
i=4 pair=(4,5) lam_t=1.00961 lam_s=1.00986 tsr_diff=0.000039 integral_mean=-0.000001 integral_std=0.000085 log_ratio=-0.0025 accept=0.9975 swapped=True
i=4 pair=(6,7) lam_t=1.00995 lam_s=1.01000 tsr_diff=0.000009 integral_mean=0.000000 integral_std=0.000018 log_ratio=0.0000 accept=1.0000 swapped=True
i=4 pair=(0,1) lam_t=0.99000 lam_s=1.00254 tsr_diff=0.002032 integral_mean=0.000083 integral_std=0.004227 log_ratio=0.0000 accept=1.0000 swapped=True
i=4 pair=(2,3) lam_t=1.00722 lam_s=1.00896 tsr_diff=0.000281 integral_mean=-0.000023 integral_std=0.000568 log_ratio=-0.0563 accept=0.9453 swapped=True
i=4 pair=(5,4) lam_t=1.00961 lam_s=1.00986 tsr_diff=0.000039 integral_mean=-0.000000 integral_std=0.000085 log_ratio=-0.0001 accept=0.9999 swapped=True
i=4 pair=(7,6) lam_t=1.00995 lam_s=1.01000 tsr_diff=0.000009 integral_mean=-0.000000 integral_std=0.000017 log_ratio=-0.0004 accept=0.9996 swapped=True
i=5 pair=(0,3) lam_t=1.00254 lam_s=1.00722 tsr_diff=0.001142 integral_mean=-0.000080 integral_std=0.002384 log_ratio=-0.1916 accept=0.8256 swapped=False
i=5 pair=(2,4) lam_t=1.00896 lam_s=1.00961 tsr_diff=0.000158 integral_mean=-0.000008 integral_std=0.000330 log_ratio=-0.0190 accept=0.9812 swapped=True
i=5 pair=(5,6) lam_t=1.00986 lam_s=1.00995 tsr_diff=0.000022 integral_mean=-0.000006 integral_std=0.000054 log_ratio=-0.0143 accept=0.9858 swapped=True
i=5 pair=(0,3) lam_t=1.00254 lam_s=1.00722 tsr_diff=0.001142 integral_mean=0.000064 integral_std=0.002488 log_ratio=0.0000 accept=1.0000 swapped=True
i=5 pair=(4,2) lam_t=1.00896 lam_s=1.00961 tsr_diff=0.000158 integral_mean=0.000009 integral_std=0.000334 log_ratio=0.0000 accept=1.0000 swapped=True
i=5 pair=(6,5) lam_t=1.00986 lam_s=1.00995 tsr_diff=0.000022 integral_mean=0.000001 integral_std=0.000047 log_ratio=0.0000 accept=1.0000 swapped=True
i=6 pair=(1,3) lam_t=0.99000 lam_s=1.00254 tsr_diff=0.004257 integral_mean=-0.000060 integral_std=0.008553 log_ratio=-0.1450 accept=0.8650 swapped=True
i=6 pair=(0,2) lam_t=1.00722 lam_s=1.00896 tsr_diff=0.000587 integral_mean=0.000039 integral_std=0.001225 log_ratio=0.0000 accept=1.0000 swapped=True
i=6 pair=(4,5) lam_t=1.00961 lam_s=1.00986 tsr_diff=0.000081 integral_mean=0.000006 integral_std=0.000186 log_ratio=0.0000 accept=1.0000 swapped=True
i=6 pair=(6,7) lam_t=1.00995 lam_s=1.01000 tsr_diff=0.000018 integral_mean=0.000001 integral_std=0.000037 log_ratio=0.0000 accept=1.0000 swapped=True
i=6 pair=(3,1) lam_t=0.99000 lam_s=1.00254 tsr_diff=0.004257 integral_mean=0.000272 integral_std=0.009031 log_ratio=0.0000 accept=1.0000 swapped=True
i=6 pair=(2,0) lam_t=1.00722 lam_s=1.00896 tsr_diff=0.000587 integral_mean=-0.000015 integral_std=0.001201 log_ratio=-0.0352 accept=0.9654 swapped=True
i=6 pair=(5,4) lam_t=1.00961 lam_s=1.00986 tsr_diff=0.000081 integral_mean=-0.000007 integral_std=0.000186 log_ratio=-0.0165 accept=0.9836 swapped=True
i=6 pair=(7,6) lam_t=1.00995 lam_s=1.01000 tsr_diff=0.000018 integral_mean=-0.000003 integral_std=0.000040 log_ratio=-0.0071 accept=0.9929 swapped=True
i=7 pair=(3,0) lam_t=1.00254 lam_s=1.00722 tsr_diff=0.002045 integral_mean=-0.000264 integral_std=0.004881 log_ratio=-0.6347 accept=0.5301 swapped=True
i=7 pair=(2,4) lam_t=1.00896 lam_s=1.00961 tsr_diff=0.000283 integral_mean=-0.000034 integral_std=0.000643 log_ratio=-0.0815 accept=0.9218 swapped=True
i=7 pair=(5,6) lam_t=1.00986 lam_s=1.00995 tsr_diff=0.000039 integral_mean=-0.000006 integral_std=0.000090 log_ratio=-0.0145 accept=0.9856 swapped=True
i=7 pair=(0,3) lam_t=1.00254 lam_s=1.00722 tsr_diff=0.002045 integral_mean=0.000241 integral_std=0.004663 log_ratio=0.0000 accept=1.0000 swapped=True
i=7 pair=(4,2) lam_t=1.00896 lam_s=1.00961 tsr_diff=0.000283 integral_mean=0.000029 integral_std=0.000586 log_ratio=0.0000 accept=1.0000 swapped=True
i=7 pair=(6,5) lam_t=1.00986 lam_s=1.00995 tsr_diff=0.000039 integral_mean=0.000001 integral_std=0.000094 log_ratio=0.0000 accept=1.0000 swapped=True
i=8 pair=(1,3) lam_t=0.99000 lam_s=1.00254 tsr_diff=0.006833 integral_mean=-0.000051 integral_std=0.014063 log_ratio=-0.1234 accept=0.8839 swapped=True
i=8 pair=(0,2) lam_t=1.00722 lam_s=1.00896 tsr_diff=0.000937 integral_mean=0.000147 integral_std=0.002116 log_ratio=0.0000 accept=1.0000 swapped=True
i=8 pair=(4,5) lam_t=1.00961 lam_s=1.00986 tsr_diff=0.000130 integral_mean=0.000003 integral_std=0.000321 log_ratio=0.0000 accept=1.0000 swapped=True
i=8 pair=(6,7) lam_t=1.00995 lam_s=1.01000 tsr_diff=0.000029 integral_mean=0.000002 integral_std=0.000065 log_ratio=0.0000 accept=1.0000 swapped=True
i=8 pair=(3,1) lam_t=0.99000 lam_s=1.00254 tsr_diff=0.006833 integral_mean=-0.000272 integral_std=0.014306 log_ratio=-0.6525 accept=0.5207 swapped=False
i=8 pair=(2,0) lam_t=1.00722 lam_s=1.00896 tsr_diff=0.000937 integral_mean=-0.000090 integral_std=0.002036 log_ratio=-0.2150 accept=0.8065 swapped=True
i=8 pair=(5,4) lam_t=1.00961 lam_s=1.00986 tsr_diff=0.000130 integral_mean=-0.000007 integral_std=0.000300 log_ratio=-0.0175 accept=0.9826 swapped=True
i=8 pair=(7,6) lam_t=1.00995 lam_s=1.01000 tsr_diff=0.000029 integral_mean=-0.000000 integral_std=0.000062 log_ratio=-0.0007 accept=0.9993 swapped=True
i=9 pair=(1,0) lam_t=1.00254 lam_s=1.00722 tsr_diff=0.002993 integral_mean=-0.000295 integral_std=0.007441 log_ratio=-0.7075 accept=0.4929 swapped=False
i=9 pair=(2,4) lam_t=1.00896 lam_s=1.00961 tsr_diff=0.000414 integral_mean=-0.000119 integral_std=0.001115 log_ratio=-0.2853 accept=0.7518 swapped=True
i=9 pair=(5,6) lam_t=1.00986 lam_s=1.00995 tsr_diff=0.000057 integral_mean=-0.000001 integral_std=0.000145 log_ratio=-0.0022 accept=0.9978 swapped=True
i=9 pair=(1,0) lam_t=1.00254 lam_s=1.00722 tsr_diff=0.002993 integral_mean=-0.000249 integral_std=0.006940 log_ratio=-0.5986 accept=0.5496 swapped=True
i=9 pair=(4,2) lam_t=1.00896 lam_s=1.00961 tsr_diff=0.000414 integral_mean=0.000096 integral_std=0.001159 log_ratio=0.0000 accept=1.0000 swapped=True
i=9 pair=(6,5) lam_t=1.00986 lam_s=1.00995 tsr_diff=0.000057 integral_mean=0.000001 integral_std=0.000138 log_ratio=0.0000 accept=1.0000 swapped=True
i=10 pair=(3,0) lam_t=0.99000 lam_s=1.00254 tsr_diff=0.009326 integral_mean=-0.001579 integral_std=0.025098 log_ratio=-3.7895 accept=0.0226 swapped=False
i=10 pair=(1,2) lam_t=1.00722 lam_s=1.00896 tsr_diff=0.001273 integral_mean=0.000088 integral_std=0.002632 log_ratio=0.0000 accept=1.0000 swapped=True
i=10 pair=(4,5) lam_t=1.00961 lam_s=1.00986 tsr_diff=0.000177 integral_mean=0.000058 integral_std=0.000622 log_ratio=0.0000 accept=1.0000 swapped=True
i=10 pair=(6,7) lam_t=1.00995 lam_s=1.01000 tsr_diff=0.000039 integral_mean=0.000002 integral_std=0.000097 log_ratio=0.0000 accept=1.0000 swapped=True
i=10 pair=(3,0) lam_t=0.99000 lam_s=1.00254 tsr_diff=0.009326 integral_mean=-0.001504 integral_std=0.026662 log_ratio=-3.6107 accept=0.0270 swapped=False
i=10 pair=(2,1) lam_t=1.00722 lam_s=1.00896 tsr_diff=0.001273 integral_mean=-0.000052 integral_std=0.002521 log_ratio=-0.1253 accept=0.8823 swapped=True
i=10 pair=(5,4) lam_t=1.00961 lam_s=1.00986 tsr_diff=0.000177 integral_mean=-0.000023 integral_std=0.000511 log_ratio=-0.0562 accept=0.9454 swapped=True
i=10 pair=(7,6) lam_t=1.00995 lam_s=1.01000 tsr_diff=0.000039 integral_mean=-0.000002 integral_std=0.000092 log_ratio=-0.0038 accept=0.9962 swapped=True
i=11 pair=(0,1) lam_t=1.00254 lam_s=1.00722 tsr_diff=0.003825 integral_mean=0.000773 integral_std=0.011107 log_ratio=0.0000 accept=1.0000 swapped=True
i=11 pair=(2,4) lam_t=1.00896 lam_s=1.00961 tsr_diff=0.000528 integral_mean=-0.000154 integral_std=0.001983 log_ratio=-0.3693 accept=0.6912 swapped=True
i=11 pair=(5,6) lam_t=1.00986 lam_s=1.00995 tsr_diff=0.000073 integral_mean=0.000012 integral_std=0.000220 log_ratio=0.0000 accept=1.0000 swapped=True
i=11 pair=(1,0) lam_t=1.00254 lam_s=1.00722 tsr_diff=0.003825 integral_mean=-0.000739 integral_std=0.011368 log_ratio=-1.7735 accept=0.1697 swapped=True
i=11 pair=(4,2) lam_t=1.00896 lam_s=1.00961 tsr_diff=0.000528 integral_mean=0.000113 integral_std=0.001889 log_ratio=0.0000 accept=1.0000 swapped=True
i=11 pair=(6,5) lam_t=1.00986 lam_s=1.00995 tsr_diff=0.000073 integral_mean=-0.000022 integral_std=0.000269 log_ratio=-0.0532 accept=0.9482 swapped=True
i=12 pair=(3,0) lam_t=0.99000 lam_s=1.00254 tsr_diff=0.011313 integral_mean=-0.003759 integral_std=0.048170 log_ratio=-9.0209 accept=0.0001 swapped=False
i=12 pair=(1,2) lam_t=1.00722 lam_s=1.00896 tsr_diff=0.001539 integral_mean=0.000100 integral_std=0.003399 log_ratio=0.0000 accept=1.0000 swapped=True
i=12 pair=(4,5) lam_t=1.00961 lam_s=1.00986 tsr_diff=0.000213 integral_mean=0.000024 integral_std=0.001262 log_ratio=0.0000 accept=1.0000 swapped=True
i=12 pair=(6,7) lam_t=1.00995 lam_s=1.01000 tsr_diff=0.000047 integral_mean=0.000014 integral_std=0.000157 log_ratio=0.0000 accept=1.0000 swapped=True
i=12 pair=(3,0) lam_t=0.99000 lam_s=1.00254 tsr_diff=0.011313 integral_mean=-0.001788 integral_std=0.040486 log_ratio=-4.2902 accept=0.0137 swapped=False
i=12 pair=(2,1) lam_t=1.00722 lam_s=1.00896 tsr_diff=0.001539 integral_mean=0.000049 integral_std=0.003239 log_ratio=0.0000 accept=1.0000 swapped=True
i=12 pair=(5,4) lam_t=1.00961 lam_s=1.00986 tsr_diff=0.000213 integral_mean=-0.000019 integral_std=0.001083 log_ratio=-0.0462 accept=0.9549 swapped=True
i=12 pair=(7,6) lam_t=1.00995 lam_s=1.01000 tsr_diff=0.000047 integral_mean=-0.000014 integral_std=0.000155 log_ratio=-0.0347 accept=0.9659 swapped=True
i=13 pair=(0,1) lam_t=1.00254 lam_s=1.00722 tsr_diff=0.004402 integral_mean=0.001283 integral_std=0.023818 log_ratio=0.0000 accept=1.0000 swapped=True
i=13 pair=(2,4) lam_t=1.00896 lam_s=1.00961 tsr_diff=0.000607 integral_mean=-0.000461 integral_std=0.005978 log_ratio=-1.1074 accept=0.3304 swapped=False
i=13 pair=(5,6) lam_t=1.00986 lam_s=1.00995 tsr_diff=0.000084 integral_mean=0.000066 integral_std=0.000600 log_ratio=0.0000 accept=1.0000 swapped=True
i=13 pair=(1,0) lam_t=1.00254 lam_s=1.00722 tsr_diff=0.004402 integral_mean=-0.001068 integral_std=0.016578 log_ratio=-2.5627 accept=0.0771 swapped=False
i=13 pair=(2,4) lam_t=1.00896 lam_s=1.00961 tsr_diff=0.000607 integral_mean=-0.000479 integral_std=0.005234 log_ratio=-1.1486 accept=0.3171 swapped=True
i=13 pair=(6,5) lam_t=1.00986 lam_s=1.00995 tsr_diff=0.000084 integral_mean=-0.000072 integral_std=0.000528 log_ratio=-0.1720 accept=0.8420 swapped=True
i=14 pair=(3,1) lam_t=0.99000 lam_s=1.00254 tsr_diff=0.012453 integral_mean=-0.004109 integral_std=0.091784 log_ratio=-9.8617 accept=0.0001 swapped=False
i=14 pair=(0,4) lam_t=1.00722 lam_s=1.00896 tsr_diff=0.001690 integral_mean=-0.001147 integral_std=0.027349 log_ratio=-2.7529 accept=0.0637 swapped=False
i=14 pair=(2,5) lam_t=1.00961 lam_s=1.00986 tsr_diff=0.000234 integral_mean=-0.000906 integral_std=0.004824 log_ratio=-2.1741 accept=0.1137 swapped=False
i=14 pair=(6,7) lam_t=1.00995 lam_s=1.01000 tsr_diff=0.000052 integral_mean=0.000026 integral_std=0.000484 log_ratio=0.0000 accept=1.0000 swapped=True
i=14 pair=(3,1) lam_t=0.99000 lam_s=1.00254 tsr_diff=0.012453 integral_mean=0.002040 integral_std=0.075709 log_ratio=0.0000 accept=1.0000 swapped=True
i=14 pair=(0,4) lam_t=1.00722 lam_s=1.00896 tsr_diff=0.001690 integral_mean=-0.001439 integral_std=0.046429 log_ratio=-3.4527 accept=0.0317 swapped=False
i=14 pair=(2,5) lam_t=1.00961 lam_s=1.00986 tsr_diff=0.000234 integral_mean=-0.000810 integral_std=0.005113 log_ratio=-1.9432 accept=0.1432 swapped=True
i=14 pair=(7,6) lam_t=1.00995 lam_s=1.01000 tsr_diff=0.000052 integral_mean=-0.000004 integral_std=0.000248 log_ratio=-0.0093 accept=0.9908 swapped=True
Best Sample: 2 log probability -0.000
Saved 1 samples to: logs/pointmaze-giant-navigate-v0/inference/plans/release_H400_T256_LimitsNormalizer_b1_condFalse/2026-07-17 13:08:33/9/0.png
Saved 1 samples to: logs/pointmaze-giant-navigate-v0/inference/plans/release_H400_T256_LimitsNormalizer_b1_condFalse/2026-07-17 13:08:33/9/rollout.png
i=0 pair=(0,1) lam_t=0.99000 lam_s=1.00254 tsr_diff=0.000000 integral_mean=0.000000 integral_std=0.000000 log_ratio=0.0000 accept=1.0000 swapped=True
i=0 pair=(2,3) lam_t=1.00722 lam_s=1.00896 tsr_diff=0.000000 integral_mean=0.000000 integral_std=0.000000 log_ratio=0.0000 accept=1.0000 swapped=True
i=0 pair=(4,5) lam_t=1.00961 lam_s=1.00986 tsr_diff=0.000000 integral_mean=0.000000 integral_std=0.000000 log_ratio=0.0000 accept=1.0000 swapped=True
i=0 pair=(6,7) lam_t=1.00995 lam_s=1.01000 tsr_diff=0.000000 integral_mean=0.000000 integral_std=0.000000 log_ratio=0.0000 accept=1.0000 swapped=True
i=0 pair=(1,0) lam_t=0.99000 lam_s=1.00254 tsr_diff=0.000000 integral_mean=0.000000 integral_std=0.000000 log_ratio=0.0000 accept=1.0000 swapped=True
i=0 pair=(3,2) lam_t=1.00722 lam_s=1.00896 tsr_diff=0.000000 integral_mean=0.000000 integral_std=0.000000 log_ratio=0.0000 accept=1.0000 swapped=True
i=0 pair=(5,4) lam_t=1.00961 lam_s=1.00986 tsr_diff=0.000000 integral_mean=0.000000 integral_std=0.000000 log_ratio=0.0000 accept=1.0000 swapped=True
i=0 pair=(7,6) lam_t=1.00995 lam_s=1.01000 tsr_diff=0.000000 integral_mean=0.000000 integral_std=0.000000 log_ratio=0.0000 accept=1.0000 swapped=True
i=1 pair=(1,2) lam_t=1.00254 lam_s=1.00722 tsr_diff=0.000050 integral_mean=0.000001 integral_std=0.000100 log_ratio=0.0000 accept=1.0000 swapped=True
i=1 pair=(3,4) lam_t=1.00896 lam_s=1.00961 tsr_diff=0.000007 integral_mean=0.000000 integral_std=0.000014 log_ratio=0.0000 accept=1.0000 swapped=True
i=1 pair=(5,6) lam_t=1.00986 lam_s=1.00995 tsr_diff=0.000001 integral_mean=0.000000 integral_std=0.000002 log_ratio=0.0000 accept=1.0000 swapped=True
i=1 pair=(2,1) lam_t=1.00254 lam_s=1.00722 tsr_diff=0.000050 integral_mean=0.000003 integral_std=0.000100 log_ratio=0.0000 accept=1.0000 swapped=True
i=1 pair=(4,3) lam_t=1.00896 lam_s=1.00961 tsr_diff=0.000007 integral_mean=-0.000000 integral_std=0.000014 log_ratio=-0.0002 accept=0.9998 swapped=True
i=1 pair=(6,5) lam_t=1.00986 lam_s=1.00995 tsr_diff=0.000001 integral_mean=-0.000000 integral_std=0.000002 log_ratio=-0.0000 accept=1.0000 swapped=True
i=2 pair=(0,1) lam_t=0.99000 lam_s=1.00254 tsr_diff=0.000530 integral_mean=-0.000040 integral_std=0.001096 log_ratio=-0.0964 accept=0.9081 swapped=True
i=2 pair=(2,3) lam_t=1.00722 lam_s=1.00896 tsr_diff=0.000074 integral_mean=-0.000001 integral_std=0.000153 log_ratio=-0.0021 accept=0.9979 swapped=True
i=2 pair=(4,5) lam_t=1.00961 lam_s=1.00986 tsr_diff=0.000010 integral_mean=-0.000000 integral_std=0.000021 log_ratio=-0.0006 accept=0.9994 swapped=True
i=2 pair=(6,7) lam_t=1.00995 lam_s=1.01000 tsr_diff=0.000002 integral_mean=0.000003 integral_std=0.000009 log_ratio=0.0000 accept=1.0000 swapped=True
i=2 pair=(1,0) lam_t=0.99000 lam_s=1.00254 tsr_diff=0.000530 integral_mean=-0.000027 integral_std=0.001102 log_ratio=-0.0642 accept=0.9379 swapped=True
i=2 pair=(3,2) lam_t=1.00722 lam_s=1.00896 tsr_diff=0.000074 integral_mean=-0.000004 integral_std=0.000152 log_ratio=-0.0094 accept=0.9906 swapped=True
i=2 pair=(5,4) lam_t=1.00961 lam_s=1.00986 tsr_diff=0.000010 integral_mean=-0.000000 integral_std=0.000022 log_ratio=-0.0011 accept=0.9989 swapped=True
i=2 pair=(7,6) lam_t=1.00995 lam_s=1.01000 tsr_diff=0.000002 integral_mean=-0.000001 integral_std=0.000005 log_ratio=-0.0016 accept=0.9984 swapped=True
i=3 pair=(1,2) lam_t=1.00254 lam_s=1.00722 tsr_diff=0.000436 integral_mean=-0.000050 integral_std=0.000897 log_ratio=-0.1196 accept=0.8873 swapped=True
i=3 pair=(3,4) lam_t=1.00896 lam_s=1.00961 tsr_diff=0.000060 integral_mean=0.000000 integral_std=0.000122 log_ratio=0.0000 accept=1.0000 swapped=True
i=3 pair=(5,6) lam_t=1.00986 lam_s=1.00995 tsr_diff=0.000008 integral_mean=-0.000003 integral_std=0.000021 log_ratio=-0.0078 accept=0.9922 swapped=True
i=3 pair=(2,1) lam_t=1.00254 lam_s=1.00722 tsr_diff=0.000436 integral_mean=0.000001 integral_std=0.000890 log_ratio=0.0000 accept=1.0000 swapped=True
i=3 pair=(4,3) lam_t=1.00896 lam_s=1.00961 tsr_diff=0.000060 integral_mean=-0.000004 integral_std=0.000127 log_ratio=-0.0088 accept=0.9912 swapped=True
i=3 pair=(6,5) lam_t=1.00986 lam_s=1.00995 tsr_diff=0.000008 integral_mean=0.000001 integral_std=0.000019 log_ratio=0.0000 accept=1.0000 swapped=True
i=4 pair=(0,1) lam_t=0.99000 lam_s=1.00254 tsr_diff=0.002032 integral_mean=-0.000050 integral_std=0.004211 log_ratio=-0.1202 accept=0.8868 swapped=True
i=4 pair=(2,3) lam_t=1.00722 lam_s=1.00896 tsr_diff=0.000281 integral_mean=-0.000020 integral_std=0.000558 log_ratio=-0.0489 accept=0.9522 swapped=True
i=4 pair=(4,5) lam_t=1.00961 lam_s=1.00986 tsr_diff=0.000039 integral_mean=-0.000002 integral_std=0.000079 log_ratio=-0.0045 accept=0.9955 swapped=True
i=4 pair=(6,7) lam_t=1.00995 lam_s=1.01000 tsr_diff=0.000009 integral_mean=0.000002 integral_std=0.000020 log_ratio=0.0000 accept=1.0000 swapped=True
i=4 pair=(1,0) lam_t=0.99000 lam_s=1.00254 tsr_diff=0.002032 integral_mean=-0.000031 integral_std=0.003817 log_ratio=-0.0744 accept=0.9283 swapped=True
i=4 pair=(3,2) lam_t=1.00722 lam_s=1.00896 tsr_diff=0.000281 integral_mean=0.000013 integral_std=0.000559 log_ratio=0.0000 accept=1.0000 swapped=True
i=4 pair=(5,4) lam_t=1.00961 lam_s=1.00986 tsr_diff=0.000039 integral_mean=-0.000001 integral_std=0.000083 log_ratio=-0.0023 accept=0.9977 swapped=True
i=4 pair=(7,6) lam_t=1.00995 lam_s=1.01000 tsr_diff=0.000009 integral_mean=-0.000001 integral_std=0.000018 log_ratio=-0.0016 accept=0.9984 swapped=True
i=5 pair=(1,2) lam_t=1.00254 lam_s=1.00722 tsr_diff=0.001142 integral_mean=0.000212 integral_std=0.002355 log_ratio=0.0000 accept=1.0000 swapped=True
i=5 pair=(3,4) lam_t=1.00896 lam_s=1.00961 tsr_diff=0.000158 integral_mean=0.000009 integral_std=0.000325 log_ratio=0.0000 accept=1.0000 swapped=True
i=5 pair=(5,6) lam_t=1.00986 lam_s=1.00995 tsr_diff=0.000022 integral_mean=-0.000004 integral_std=0.000046 log_ratio=-0.0089 accept=0.9911 swapped=True
i=5 pair=(2,1) lam_t=1.00254 lam_s=1.00722 tsr_diff=0.001142 integral_mean=-0.000198 integral_std=0.002308 log_ratio=-0.4752 accept=0.6217 swapped=False
i=5 pair=(4,3) lam_t=1.00896 lam_s=1.00961 tsr_diff=0.000158 integral_mean=-0.000006 integral_std=0.000320 log_ratio=-0.0145 accept=0.9857 swapped=True
i=5 pair=(6,5) lam_t=1.00986 lam_s=1.00995 tsr_diff=0.000022 integral_mean=0.000001 integral_std=0.000051 log_ratio=0.0000 accept=1.0000 swapped=True
i=6 pair=(0,2) lam_t=0.99000 lam_s=1.00254 tsr_diff=0.004257 integral_mean=0.000407 integral_std=0.008637 log_ratio=0.0000 accept=1.0000 swapped=True
i=6 pair=(1,3) lam_t=1.00722 lam_s=1.00896 tsr_diff=0.000587 integral_mean=0.000023 integral_std=0.001232 log_ratio=0.0000 accept=1.0000 swapped=True
i=6 pair=(4,5) lam_t=1.00961 lam_s=1.00986 tsr_diff=0.000081 integral_mean=-0.000010 integral_std=0.000183 log_ratio=-0.0237 accept=0.9766 swapped=True
i=6 pair=(6,7) lam_t=1.00995 lam_s=1.01000 tsr_diff=0.000018 integral_mean=0.000002 integral_std=0.000038 log_ratio=0.0000 accept=1.0000 swapped=True
i=6 pair=(2,0) lam_t=0.99000 lam_s=1.00254 tsr_diff=0.004257 integral_mean=-0.000227 integral_std=0.008771 log_ratio=-0.5457 accept=0.5794 swapped=True
i=6 pair=(3,1) lam_t=1.00722 lam_s=1.00896 tsr_diff=0.000587 integral_mean=0.000008 integral_std=0.001212 log_ratio=0.0000 accept=1.0000 swapped=True
i=6 pair=(5,4) lam_t=1.00961 lam_s=1.00986 tsr_diff=0.000081 integral_mean=0.000008 integral_std=0.000169 log_ratio=0.0000 accept=1.0000 swapped=True
i=6 pair=(7,6) lam_t=1.00995 lam_s=1.01000 tsr_diff=0.000018 integral_mean=-0.000003 integral_std=0.000038 log_ratio=-0.0083 accept=0.9917 swapped=True
i=7 pair=(2,1) lam_t=1.00254 lam_s=1.00722 tsr_diff=0.002045 integral_mean=-0.000038 integral_std=0.004318 log_ratio=-0.0908 accept=0.9132 swapped=False
i=7 pair=(3,4) lam_t=1.00896 lam_s=1.00961 tsr_diff=0.000283 integral_mean=0.000020 integral_std=0.000550 log_ratio=0.0000 accept=1.0000 swapped=True
i=7 pair=(5,6) lam_t=1.00986 lam_s=1.00995 tsr_diff=0.000039 integral_mean=-0.000000 integral_std=0.000097 log_ratio=-0.0009 accept=0.9991 swapped=True
i=7 pair=(2,1) lam_t=1.00254 lam_s=1.00722 tsr_diff=0.002045 integral_mean=0.000059 integral_std=0.004347 log_ratio=0.0000 accept=1.0000 swapped=True
i=7 pair=(4,3) lam_t=1.00896 lam_s=1.00961 tsr_diff=0.000283 integral_mean=-0.000035 integral_std=0.000588 log_ratio=-0.0836 accept=0.9198 swapped=False
i=7 pair=(6,5) lam_t=1.00986 lam_s=1.00995 tsr_diff=0.000039 integral_mean=-0.000000 integral_std=0.000093 log_ratio=-0.0011 accept=0.9989 swapped=True
i=8 pair=(0,1) lam_t=0.99000 lam_s=1.00254 tsr_diff=0.006833 integral_mean=0.000354 integral_std=0.016506 log_ratio=0.0000 accept=1.0000 swapped=True
i=8 pair=(2,4) lam_t=1.00722 lam_s=1.00896 tsr_diff=0.000937 integral_mean=0.000040 integral_std=0.001963 log_ratio=0.0000 accept=1.0000 swapped=True
i=8 pair=(3,5) lam_t=1.00961 lam_s=1.00986 tsr_diff=0.000130 integral_mean=0.000004 integral_std=0.000318 log_ratio=0.0000 accept=1.0000 swapped=True
i=8 pair=(6,7) lam_t=1.00995 lam_s=1.01000 tsr_diff=0.000029 integral_mean=0.000003 integral_std=0.000061 log_ratio=0.0000 accept=1.0000 swapped=True
i=8 pair=(1,0) lam_t=0.99000 lam_s=1.00254 tsr_diff=0.006833 integral_mean=-0.000165 integral_std=0.015322 log_ratio=-0.3967 accept=0.6726 swapped=True
i=8 pair=(4,2) lam_t=1.00722 lam_s=1.00896 tsr_diff=0.000937 integral_mean=-0.000069 integral_std=0.001897 log_ratio=-0.1650 accept=0.8479 swapped=False
i=8 pair=(5,3) lam_t=1.00961 lam_s=1.00986 tsr_diff=0.000130 integral_mean=-0.000001 integral_std=0.000324 log_ratio=-0.0014 accept=0.9986 swapped=True
i=8 pair=(7,6) lam_t=1.00995 lam_s=1.01000 tsr_diff=0.000029 integral_mean=-0.000002 integral_std=0.000061 log_ratio=-0.0040 accept=0.9960 swapped=True
i=9 pair=(1,4) lam_t=1.00254 lam_s=1.00722 tsr_diff=0.002993 integral_mean=0.000213 integral_std=0.006949 log_ratio=0.0000 accept=1.0000 swapped=True
i=9 pair=(2,3) lam_t=1.00896 lam_s=1.00961 tsr_diff=0.000414 integral_mean=-0.000014 integral_std=0.000903 log_ratio=-0.0341 accept=0.9665 swapped=True
i=9 pair=(5,6) lam_t=1.00986 lam_s=1.00995 tsr_diff=0.000057 integral_mean=-0.000037 integral_std=0.000226 log_ratio=-0.0888 accept=0.9151 swapped=True
i=9 pair=(4,1) lam_t=1.00254 lam_s=1.00722 tsr_diff=0.002993 integral_mean=-0.000345 integral_std=0.006975 log_ratio=-0.8289 accept=0.4365 swapped=False
i=9 pair=(3,2) lam_t=1.00896 lam_s=1.00961 tsr_diff=0.000414 integral_mean=0.000014 integral_std=0.000871 log_ratio=0.0000 accept=1.0000 swapped=True
i=9 pair=(6,5) lam_t=1.00986 lam_s=1.00995 tsr_diff=0.000057 integral_mean=0.000093 integral_std=0.000382 log_ratio=0.0000 accept=1.0000 swapped=True
i=10 pair=(0,4) lam_t=0.99000 lam_s=1.00254 tsr_diff=0.009326 integral_mean=0.000494 integral_std=0.020620 log_ratio=0.0000 accept=1.0000 swapped=True
i=10 pair=(1,2) lam_t=1.00722 lam_s=1.00896 tsr_diff=0.001273 integral_mean=-0.000047 integral_std=0.003517 log_ratio=-0.1125 accept=0.8936 swapped=True
i=10 pair=(3,5) lam_t=1.00961 lam_s=1.00986 tsr_diff=0.000177 integral_mean=-0.000000 integral_std=0.000490 log_ratio=-0.0011 accept=0.9989 swapped=True
i=10 pair=(6,7) lam_t=1.00995 lam_s=1.01000 tsr_diff=0.000039 integral_mean=0.000050 integral_std=0.000194 log_ratio=0.0000 accept=1.0000 swapped=True
i=10 pair=(4,0) lam_t=0.99000 lam_s=1.00254 tsr_diff=0.009326 integral_mean=-0.000062 integral_std=0.021153 log_ratio=-0.1476 accept=0.8628 swapped=True
i=10 pair=(2,1) lam_t=1.00722 lam_s=1.00896 tsr_diff=0.001273 integral_mean=-0.000036 integral_std=0.003482 log_ratio=-0.0865 accept=0.9171 swapped=True
i=10 pair=(5,3) lam_t=1.00961 lam_s=1.00986 tsr_diff=0.000177 integral_mean=0.000001 integral_std=0.000537 log_ratio=0.0000 accept=1.0000 swapped=True
i=10 pair=(7,6) lam_t=1.00995 lam_s=1.01000 tsr_diff=0.000039 integral_mean=-0.000042 integral_std=0.000174 log_ratio=-0.1020 accept=0.9031 swapped=True
i=11 pair=(4,1) lam_t=1.00254 lam_s=1.00722 tsr_diff=0.003825 integral_mean=-0.000577 integral_std=0.012337 log_ratio=-1.3840 accept=0.2506 swapped=False
i=11 pair=(2,3) lam_t=1.00896 lam_s=1.00961 tsr_diff=0.000528 integral_mean=-0.000011 integral_std=0.001186 log_ratio=-0.0261 accept=0.9743 swapped=True
i=11 pair=(5,6) lam_t=1.00986 lam_s=1.00995 tsr_diff=0.000073 integral_mean=-0.000070 integral_std=0.000346 log_ratio=-0.1680 accept=0.8454 swapped=False
i=11 pair=(4,1) lam_t=1.00254 lam_s=1.00722 tsr_diff=0.003825 integral_mean=-0.000808 integral_std=0.011945 log_ratio=-1.9384 accept=0.1439 swapped=False
i=11 pair=(3,2) lam_t=1.00896 lam_s=1.00961 tsr_diff=0.000528 integral_mean=0.000007 integral_std=0.001187 log_ratio=0.0000 accept=1.0000 swapped=True
i=11 pair=(5,6) lam_t=1.00986 lam_s=1.00995 tsr_diff=0.000073 integral_mean=-0.000052 integral_std=0.000325 log_ratio=-0.1241 accept=0.8833 swapped=False
i=12 pair=(0,4) lam_t=0.99000 lam_s=1.00254 tsr_diff=0.011313 integral_mean=0.000910 integral_std=0.029190 log_ratio=0.0000 accept=1.0000 swapped=True
i=12 pair=(1,2) lam_t=1.00722 lam_s=1.00896 tsr_diff=0.001539 integral_mean=0.000073 integral_std=0.006501 log_ratio=0.0000 accept=1.0000 swapped=True
i=12 pair=(3,5) lam_t=1.00961 lam_s=1.00986 tsr_diff=0.000213 integral_mean=0.000033 integral_std=0.000881 log_ratio=0.0000 accept=1.0000 swapped=True
i=12 pair=(6,7) lam_t=1.00995 lam_s=1.01000 tsr_diff=0.000047 integral_mean=0.000059 integral_std=0.000288 log_ratio=0.0000 accept=1.0000 swapped=True
i=12 pair=(4,0) lam_t=0.99000 lam_s=1.00254 tsr_diff=0.011313 integral_mean=0.000573 integral_std=0.024628 log_ratio=0.0000 accept=1.0000 swapped=True
i=12 pair=(2,1) lam_t=1.00722 lam_s=1.00896 tsr_diff=0.001539 integral_mean=0.000021 integral_std=0.006329 log_ratio=0.0000 accept=1.0000 swapped=True
i=12 pair=(5,3) lam_t=1.00961 lam_s=1.00986 tsr_diff=0.000213 integral_mean=-0.000019 integral_std=0.000842 log_ratio=-0.0457 accept=0.9553 swapped=True
i=12 pair=(7,6) lam_t=1.00995 lam_s=1.01000 tsr_diff=0.000047 integral_mean=-0.000062 integral_std=0.000271 log_ratio=-0.1480 accept=0.8624 swapped=True
i=13 pair=(4,1) lam_t=1.00254 lam_s=1.00722 tsr_diff=0.004402 integral_mean=-0.001165 integral_std=0.021892 log_ratio=-2.7968 accept=0.0610 swapped=False
i=13 pair=(2,3) lam_t=1.00896 lam_s=1.00961 tsr_diff=0.000607 integral_mean=-0.000033 integral_std=0.001783 log_ratio=-0.0787 accept=0.9243 swapped=True
i=13 pair=(5,6) lam_t=1.00986 lam_s=1.00995 tsr_diff=0.000084 integral_mean=-0.000118 integral_std=0.000713 log_ratio=-0.2837 accept=0.7530 swapped=True
i=13 pair=(4,1) lam_t=1.00254 lam_s=1.00722 tsr_diff=0.004402 integral_mean=-0.001028 integral_std=0.021881 log_ratio=-2.4678 accept=0.0848 swapped=False
i=13 pair=(3,2) lam_t=1.00896 lam_s=1.00961 tsr_diff=0.000607 integral_mean=0.000031 integral_std=0.001780 log_ratio=0.0000 accept=1.0000 swapped=True
i=13 pair=(6,5) lam_t=1.00986 lam_s=1.00995 tsr_diff=0.000084 integral_mean=0.000128 integral_std=0.000806 log_ratio=0.0000 accept=1.0000 swapped=True
i=14 pair=(0,4) lam_t=0.99000 lam_s=1.00254 tsr_diff=0.012453 integral_mean=0.000567 integral_std=0.042170 log_ratio=0.0000 accept=1.0000 swapped=True
i=14 pair=(1,2) lam_t=1.00722 lam_s=1.00896 tsr_diff=0.001690 integral_mean=0.000616 integral_std=0.021853 log_ratio=0.0000 accept=1.0000 swapped=True
i=14 pair=(3,5) lam_t=1.00961 lam_s=1.00986 tsr_diff=0.000234 integral_mean=0.000037 integral_std=0.002604 log_ratio=0.0000 accept=1.0000 swapped=True
i=14 pair=(6,7) lam_t=1.00995 lam_s=1.01000 tsr_diff=0.000052 integral_mean=0.000157 integral_std=0.000698 log_ratio=0.0000 accept=1.0000 swapped=True
i=14 pair=(4,0) lam_t=0.99000 lam_s=1.00254 tsr_diff=0.012453 integral_mean=0.001228 integral_std=0.032106 log_ratio=0.0000 accept=1.0000 swapped=True
i=14 pair=(2,1) lam_t=1.00722 lam_s=1.00896 tsr_diff=0.001690 integral_mean=-0.009730 integral_std=0.057475 log_ratio=-23.3524 accept=0.0000 swapped=False
i=14 pair=(5,3) lam_t=1.00961 lam_s=1.00986 tsr_diff=0.000234 integral_mean=0.000227 integral_std=0.003089 log_ratio=0.0000 accept=1.0000 swapped=True
i=14 pair=(7,6) lam_t=1.00995 lam_s=1.01000 tsr_diff=0.000052 integral_mean=-0.000228 integral_std=0.001592 log_ratio=-0.5475 accept=0.5784 swapped=False
Best Sample: 7 log probability -1.277
Saved 1 samples to: logs/pointmaze-giant-navigate-v0/inference/plans/release_H400_T256_LimitsNormalizer_b1_condFalse/2026-07-17 13:08:33/10/0.png
Saved 1 samples to: logs/pointmaze-giant-navigate-v0/inference/plans/release_H400_T256_LimitsNormalizer_b1_condFalse/2026-07-17 13:08:33/10/rollout.png
i=0 pair=(0,1) lam_t=0.99000 lam_s=1.00254 tsr_diff=0.000000 integral_mean=0.000000 integral_std=0.000000 log_ratio=0.0000 accept=1.0000 swapped=True
i=0 pair=(2,3) lam_t=1.00722 lam_s=1.00896 tsr_diff=0.000000 integral_mean=0.000000 integral_std=0.000000 log_ratio=0.0000 accept=1.0000 swapped=True
i=0 pair=(4,5) lam_t=1.00961 lam_s=1.00986 tsr_diff=0.000000 integral_mean=0.000000 integral_std=0.000000 log_ratio=0.0000 accept=1.0000 swapped=True
i=0 pair=(6,7) lam_t=1.00995 lam_s=1.01000 tsr_diff=0.000000 integral_mean=0.000000 integral_std=0.000000 log_ratio=0.0000 accept=1.0000 swapped=True
i=0 pair=(1,0) lam_t=0.99000 lam_s=1.00254 tsr_diff=0.000000 integral_mean=0.000000 integral_std=0.000000 log_ratio=0.0000 accept=1.0000 swapped=True
i=0 pair=(3,2) lam_t=1.00722 lam_s=1.00896 tsr_diff=0.000000 integral_mean=0.000000 integral_std=0.000000 log_ratio=0.0000 accept=1.0000 swapped=True
i=0 pair=(5,4) lam_t=1.00961 lam_s=1.00986 tsr_diff=0.000000 integral_mean=0.000000 integral_std=0.000000 log_ratio=0.0000 accept=1.0000 swapped=True
i=0 pair=(7,6) lam_t=1.00995 lam_s=1.01000 tsr_diff=0.000000 integral_mean=0.000000 integral_std=0.000000 log_ratio=0.0000 accept=1.0000 swapped=True
i=1 pair=(1,2) lam_t=1.00254 lam_s=1.00722 tsr_diff=0.000050 integral_mean=-0.000001 integral_std=0.000099 log_ratio=-0.0020 accept=0.9980 swapped=True
i=1 pair=(3,4) lam_t=1.00896 lam_s=1.00961 tsr_diff=0.000007 integral_mean=-0.000000 integral_std=0.000013 log_ratio=-0.0008 accept=0.9992 swapped=True
i=1 pair=(5,6) lam_t=1.00986 lam_s=1.00995 tsr_diff=0.000001 integral_mean=0.000000 integral_std=0.000002 log_ratio=0.0000 accept=1.0000 swapped=True
i=1 pair=(2,1) lam_t=1.00254 lam_s=1.00722 tsr_diff=0.000050 integral_mean=0.000002 integral_std=0.000100 log_ratio=0.0000 accept=1.0000 swapped=True
i=1 pair=(4,3) lam_t=1.00896 lam_s=1.00961 tsr_diff=0.000007 integral_mean=-0.000000 integral_std=0.000014 log_ratio=-0.0006 accept=0.9994 swapped=True
i=1 pair=(6,5) lam_t=1.00986 lam_s=1.00995 tsr_diff=0.000001 integral_mean=-0.000000 integral_std=0.000002 log_ratio=-0.0001 accept=0.9999 swapped=True
i=2 pair=(0,1) lam_t=0.99000 lam_s=1.00254 tsr_diff=0.000530 integral_mean=0.000005 integral_std=0.001095 log_ratio=0.0000 accept=1.0000 swapped=True
i=2 pair=(2,3) lam_t=1.00722 lam_s=1.00896 tsr_diff=0.000074 integral_mean=0.000034 integral_std=0.000198 log_ratio=0.0000 accept=1.0000 swapped=True
i=2 pair=(4,5) lam_t=1.00961 lam_s=1.00986 tsr_diff=0.000010 integral_mean=0.000001 integral_std=0.000022 log_ratio=0.0000 accept=1.0000 swapped=True
i=2 pair=(6,7) lam_t=1.00995 lam_s=1.01000 tsr_diff=0.000002 integral_mean=-0.000000 integral_std=0.000005 log_ratio=-0.0002 accept=0.9998 swapped=True
i=2 pair=(1,0) lam_t=0.99000 lam_s=1.00254 tsr_diff=0.000530 integral_mean=0.000021 integral_std=0.001081 log_ratio=0.0000 accept=1.0000 swapped=True
i=2 pair=(3,2) lam_t=1.00722 lam_s=1.00896 tsr_diff=0.000074 integral_mean=-0.000008 integral_std=0.000158 log_ratio=-0.0188 accept=0.9813 swapped=True
i=2 pair=(5,4) lam_t=1.00961 lam_s=1.00986 tsr_diff=0.000010 integral_mean=-0.000000 integral_std=0.000021 log_ratio=-0.0005 accept=0.9995 swapped=True
i=2 pair=(7,6) lam_t=1.00995 lam_s=1.01000 tsr_diff=0.000002 integral_mean=-0.000000 integral_std=0.000005 log_ratio=-0.0003 accept=0.9997 swapped=True
i=3 pair=(1,2) lam_t=1.00254 lam_s=1.00722 tsr_diff=0.000436 integral_mean=0.000000 integral_std=0.000903 log_ratio=0.0000 accept=1.0000 swapped=True
i=3 pair=(3,4) lam_t=1.00896 lam_s=1.00961 tsr_diff=0.000060 integral_mean=-0.000001 integral_std=0.000119 log_ratio=-0.0022 accept=0.9978 swapped=True
i=3 pair=(5,6) lam_t=1.00986 lam_s=1.00995 tsr_diff=0.000008 integral_mean=-0.000000 integral_std=0.000017 log_ratio=-0.0010 accept=0.9990 swapped=True
i=3 pair=(2,1) lam_t=1.00254 lam_s=1.00722 tsr_diff=0.000436 integral_mean=-0.000018 integral_std=0.000949 log_ratio=-0.0442 accept=0.9568 swapped=True
i=3 pair=(4,3) lam_t=1.00896 lam_s=1.00961 tsr_diff=0.000060 integral_mean=-0.000011 integral_std=0.000133 log_ratio=-0.0255 accept=0.9748 swapped=True
i=3 pair=(6,5) lam_t=1.00986 lam_s=1.00995 tsr_diff=0.000008 integral_mean=-0.000004 integral_std=0.000024 log_ratio=-0.0107 accept=0.9894 swapped=True
i=4 pair=(0,1) lam_t=0.99000 lam_s=1.00254 tsr_diff=0.002032 integral_mean=-0.000148 integral_std=0.004305 log_ratio=-0.3545 accept=0.7015 swapped=False
i=4 pair=(2,3) lam_t=1.00722 lam_s=1.00896 tsr_diff=0.000281 integral_mean=-0.000040 integral_std=0.000650 log_ratio=-0.0971 accept=0.9074 swapped=False
i=4 pair=(4,5) lam_t=1.00961 lam_s=1.00986 tsr_diff=0.000039 integral_mean=-0.000014 integral_std=0.000092 log_ratio=-0.0340 accept=0.9666 swapped=True
i=4 pair=(6,7) lam_t=1.00995 lam_s=1.01000 tsr_diff=0.000009 integral_mean=-0.000000 integral_std=0.000018 log_ratio=-0.0010 accept=0.9990 swapped=True
i=4 pair=(0,1) lam_t=0.99000 lam_s=1.00254 tsr_diff=0.002032 integral_mean=-0.000083 integral_std=0.004172 log_ratio=-0.1984 accept=0.8200 swapped=True
i=4 pair=(2,3) lam_t=1.00722 lam_s=1.00896 tsr_diff=0.000281 integral_mean=-0.000021 integral_std=0.000607 log_ratio=-0.0499 accept=0.9513 swapped=True
i=4 pair=(5,4) lam_t=1.00961 lam_s=1.00986 tsr_diff=0.000039 integral_mean=0.000007 integral_std=0.000088 log_ratio=0.0000 accept=1.0000 swapped=True
i=4 pair=(7,6) lam_t=1.00995 lam_s=1.01000 tsr_diff=0.000009 integral_mean=0.000000 integral_std=0.000018 log_ratio=0.0000 accept=1.0000 swapped=True
i=5 pair=(0,3) lam_t=1.00254 lam_s=1.00722 tsr_diff=0.001142 integral_mean=-0.000088 integral_std=0.002618 log_ratio=-0.2114 accept=0.8094 swapped=True
i=5 pair=(2,4) lam_t=1.00896 lam_s=1.00961 tsr_diff=0.000158 integral_mean=0.000031 integral_std=0.000362 log_ratio=0.0000 accept=1.0000 swapped=True
i=5 pair=(5,6) lam_t=1.00986 lam_s=1.00995 tsr_diff=0.000022 integral_mean=0.000002 integral_std=0.000046 log_ratio=0.0000 accept=1.0000 swapped=True
i=5 pair=(3,0) lam_t=1.00254 lam_s=1.00722 tsr_diff=0.001142 integral_mean=0.000009 integral_std=0.002514 log_ratio=0.0000 accept=1.0000 swapped=True
i=5 pair=(4,2) lam_t=1.00896 lam_s=1.00961 tsr_diff=0.000158 integral_mean=-0.000017 integral_std=0.000343 log_ratio=-0.0410 accept=0.9598 swapped=True
i=5 pair=(6,5) lam_t=1.00986 lam_s=1.00995 tsr_diff=0.000022 integral_mean=-0.000003 integral_std=0.000050 log_ratio=-0.0064 accept=0.9936 swapped=True
i=6 pair=(1,0) lam_t=0.99000 lam_s=1.00254 tsr_diff=0.004257 integral_mean=0.000213 integral_std=0.009518 log_ratio=0.0000 accept=1.0000 swapped=True
i=6 pair=(3,2) lam_t=1.00722 lam_s=1.00896 tsr_diff=0.000587 integral_mean=-0.000031 integral_std=0.001288 log_ratio=-0.0749 accept=0.9278 swapped=True
i=6 pair=(4,5) lam_t=1.00961 lam_s=1.00986 tsr_diff=0.000081 integral_mean=-0.000022 integral_std=0.000219 log_ratio=-0.0532 accept=0.9482 swapped=True
i=6 pair=(6,7) lam_t=1.00995 lam_s=1.01000 tsr_diff=0.000018 integral_mean=0.000001 integral_std=0.000040 log_ratio=0.0000 accept=1.0000 swapped=True
i=6 pair=(0,1) lam_t=0.99000 lam_s=1.00254 tsr_diff=0.004257 integral_mean=0.000114 integral_std=0.009171 log_ratio=0.0000 accept=1.0000 swapped=True
i=6 pair=(2,3) lam_t=1.00722 lam_s=1.00896 tsr_diff=0.000587 integral_mean=0.000025 integral_std=0.001279 log_ratio=0.0000 accept=1.0000 swapped=True
i=6 pair=(5,4) lam_t=1.00961 lam_s=1.00986 tsr_diff=0.000081 integral_mean=0.000021 integral_std=0.000198 log_ratio=0.0000 accept=1.0000 swapped=True
i=6 pair=(7,6) lam_t=1.00995 lam_s=1.01000 tsr_diff=0.000018 integral_mean=-0.000001 integral_std=0.000040 log_ratio=-0.0013 accept=0.9987 swapped=True
i=7 pair=(0,3) lam_t=1.00254 lam_s=1.00722 tsr_diff=0.002045 integral_mean=0.000073 integral_std=0.004390 log_ratio=0.0000 accept=1.0000 swapped=True
i=7 pair=(2,4) lam_t=1.00896 lam_s=1.00961 tsr_diff=0.000283 integral_mean=-0.000042 integral_std=0.000684 log_ratio=-0.1014 accept=0.9036 swapped=True
i=7 pair=(5,6) lam_t=1.00986 lam_s=1.00995 tsr_diff=0.000039 integral_mean=0.000011 integral_std=0.000100 log_ratio=0.0000 accept=1.0000 swapped=True
i=7 pair=(3,0) lam_t=1.00254 lam_s=1.00722 tsr_diff=0.002045 integral_mean=-0.000137 integral_std=0.004790 log_ratio=-0.3290 accept=0.7197 swapped=True
i=7 pair=(4,2) lam_t=1.00896 lam_s=1.00961 tsr_diff=0.000283 integral_mean=-0.000009 integral_std=0.000619 log_ratio=-0.0225 accept=0.9777 swapped=True
i=7 pair=(6,5) lam_t=1.00986 lam_s=1.00995 tsr_diff=0.000039 integral_mean=-0.000008 integral_std=0.000094 log_ratio=-0.0188 accept=0.9813 swapped=True
i=8 pair=(1,0) lam_t=0.99000 lam_s=1.00254 tsr_diff=0.006833 integral_mean=-0.000308 integral_std=0.015443 log_ratio=-0.7386 accept=0.4778 swapped=False
i=8 pair=(3,2) lam_t=1.00722 lam_s=1.00896 tsr_diff=0.000937 integral_mean=-0.000121 integral_std=0.002181 log_ratio=-0.2914 accept=0.7472 swapped=False
i=8 pair=(4,5) lam_t=1.00961 lam_s=1.00986 tsr_diff=0.000130 integral_mean=-0.000027 integral_std=0.000382 log_ratio=-0.0646 accept=0.9375 swapped=True
i=8 pair=(6,7) lam_t=1.00995 lam_s=1.01000 tsr_diff=0.000029 integral_mean=0.000001 integral_std=0.000068 log_ratio=0.0000 accept=1.0000 swapped=True
i=8 pair=(1,0) lam_t=0.99000 lam_s=1.00254 tsr_diff=0.006833 integral_mean=-0.000622 integral_std=0.015054 log_ratio=-1.4924 accept=0.2248 swapped=False
i=8 pair=(3,2) lam_t=1.00722 lam_s=1.00896 tsr_diff=0.000937 integral_mean=-0.000137 integral_std=0.002334 log_ratio=-0.3277 accept=0.7206 swapped=True
i=8 pair=(5,4) lam_t=1.00961 lam_s=1.00986 tsr_diff=0.000130 integral_mean=0.000006 integral_std=0.000359 log_ratio=0.0000 accept=1.0000 swapped=True
i=8 pair=(7,6) lam_t=1.00995 lam_s=1.01000 tsr_diff=0.000029 integral_mean=-0.000002 integral_std=0.000066 log_ratio=-0.0037 accept=0.9963 swapped=True
i=9 pair=(0,2) lam_t=1.00254 lam_s=1.00722 tsr_diff=0.002993 integral_mean=-0.000367 integral_std=0.007937 log_ratio=-0.8820 accept=0.4140 swapped=True
i=9 pair=(3,4) lam_t=1.00896 lam_s=1.00961 tsr_diff=0.000414 integral_mean=-0.000152 integral_std=0.001199 log_ratio=-0.3636 accept=0.6952 swapped=True
i=9 pair=(5,6) lam_t=1.00986 lam_s=1.00995 tsr_diff=0.000057 integral_mean=0.000004 integral_std=0.000144 log_ratio=0.0000 accept=1.0000 swapped=True
i=9 pair=(2,0) lam_t=1.00254 lam_s=1.00722 tsr_diff=0.002993 integral_mean=0.000227 integral_std=0.008443 log_ratio=0.0000 accept=1.0000 swapped=True
i=9 pair=(4,3) lam_t=1.00896 lam_s=1.00961 tsr_diff=0.000414 integral_mean=0.000125 integral_std=0.001117 log_ratio=0.0000 accept=1.0000 swapped=True
i=9 pair=(6,5) lam_t=1.00986 lam_s=1.00995 tsr_diff=0.000057 integral_mean=-0.000010 integral_std=0.000151 log_ratio=-0.0229 accept=0.9774 swapped=True
i=10 pair=(1,0) lam_t=0.99000 lam_s=1.00254 tsr_diff=0.009326 integral_mean=-0.001284 integral_std=0.022683 log_ratio=-3.0826 accept=0.0458 swapped=False
i=10 pair=(2,3) lam_t=1.00722 lam_s=1.00896 tsr_diff=0.001273 integral_mean=0.000292 integral_std=0.003690 log_ratio=0.0000 accept=1.0000 swapped=True
i=10 pair=(4,5) lam_t=1.00961 lam_s=1.00986 tsr_diff=0.000177 integral_mean=-0.000013 integral_std=0.000581 log_ratio=-0.0314 accept=0.9691 swapped=True
i=10 pair=(6,7) lam_t=1.00995 lam_s=1.01000 tsr_diff=0.000039 integral_mean=0.000007 integral_std=0.000110 log_ratio=0.0000 accept=1.0000 swapped=True
i=10 pair=(1,0) lam_t=0.99000 lam_s=1.00254 tsr_diff=0.009326 integral_mean=-0.001081 integral_std=0.023411 log_ratio=-2.5949 accept=0.0747 swapped=False
i=10 pair=(3,2) lam_t=1.00722 lam_s=1.00896 tsr_diff=0.001273 integral_mean=-0.000405 integral_std=0.004656 log_ratio=-0.9727 accept=0.3781 swapped=False
i=10 pair=(5,4) lam_t=1.00961 lam_s=1.00986 tsr_diff=0.000177 integral_mean=0.000011 integral_std=0.000561 log_ratio=0.0000 accept=1.0000 swapped=True
i=10 pair=(7,6) lam_t=1.00995 lam_s=1.01000 tsr_diff=0.000039 integral_mean=-0.000005 integral_std=0.000103 log_ratio=-0.0109 accept=0.9892 swapped=True
i=11 pair=(0,3) lam_t=1.00254 lam_s=1.00722 tsr_diff=0.003825 integral_mean=0.000483 integral_std=0.010821 log_ratio=0.0000 accept=1.0000 swapped=True
i=11 pair=(2,4) lam_t=1.00896 lam_s=1.00961 tsr_diff=0.000528 integral_mean=0.000057 integral_std=0.001821 log_ratio=0.0000 accept=1.0000 swapped=True
i=11 pair=(5,6) lam_t=1.00986 lam_s=1.00995 tsr_diff=0.000073 integral_mean=-0.000005 integral_std=0.000243 log_ratio=-0.0109 accept=0.9891 swapped=True
i=11 pair=(3,0) lam_t=1.00254 lam_s=1.00722 tsr_diff=0.003825 integral_mean=-0.000591 integral_std=0.010874 log_ratio=-1.4195 accept=0.2418 swapped=False
i=11 pair=(4,2) lam_t=1.00896 lam_s=1.00961 tsr_diff=0.000528 integral_mean=0.000089 integral_std=0.002054 log_ratio=0.0000 accept=1.0000 swapped=True
i=11 pair=(6,5) lam_t=1.00986 lam_s=1.00995 tsr_diff=0.000073 integral_mean=-0.000006 integral_std=0.000227 log_ratio=-0.0142 accept=0.9859 swapped=True
i=12 pair=(1,3) lam_t=0.99000 lam_s=1.00254 tsr_diff=0.011313 integral_mean=0.001500 integral_std=0.035940 log_ratio=0.0000 accept=1.0000 swapped=True
i=12 pair=(0,2) lam_t=1.00722 lam_s=1.00896 tsr_diff=0.001539 integral_mean=-0.000224 integral_std=0.008209 log_ratio=-0.5369 accept=0.5846 swapped=True
i=12 pair=(4,5) lam_t=1.00961 lam_s=1.00986 tsr_diff=0.000213 integral_mean=0.000069 integral_std=0.001327 log_ratio=0.0000 accept=1.0000 swapped=True
i=12 pair=(6,7) lam_t=1.00995 lam_s=1.01000 tsr_diff=0.000047 integral_mean=0.000015 integral_std=0.000232 log_ratio=0.0000 accept=1.0000 swapped=True
i=12 pair=(3,1) lam_t=0.99000 lam_s=1.00254 tsr_diff=0.011313 integral_mean=-0.000998 integral_std=0.030248 log_ratio=-2.3952 accept=0.0912 swapped=False
i=12 pair=(2,0) lam_t=1.00722 lam_s=1.00896 tsr_diff=0.001539 integral_mean=-0.000099 integral_std=0.005918 log_ratio=-0.2387 accept=0.7876 swapped=True
i=12 pair=(5,4) lam_t=1.00961 lam_s=1.00986 tsr_diff=0.000213 integral_mean=-0.000014 integral_std=0.000963 log_ratio=-0.0339 accept=0.9666 swapped=True
i=12 pair=(7,6) lam_t=1.00995 lam_s=1.01000 tsr_diff=0.000047 integral_mean=-0.000010 integral_std=0.000159 log_ratio=-0.0247 accept=0.9756 swapped=True
i=13 pair=(1,0) lam_t=1.00254 lam_s=1.00722 tsr_diff=0.004402 integral_mean=-0.000233 integral_std=0.022849 log_ratio=-0.5588 accept=0.5719 swapped=False
i=13 pair=(2,4) lam_t=1.00896 lam_s=1.00961 tsr_diff=0.000607 integral_mean=-0.000089 integral_std=0.004511 log_ratio=-0.2147 accept=0.8068 swapped=True
i=13 pair=(5,6) lam_t=1.00986 lam_s=1.00995 tsr_diff=0.000084 integral_mean=-0.000025 integral_std=0.000620 log_ratio=-0.0605 accept=0.9413 swapped=True
i=13 pair=(1,0) lam_t=1.00254 lam_s=1.00722 tsr_diff=0.004402 integral_mean=0.000072 integral_std=0.019303 log_ratio=0.0000 accept=1.0000 swapped=True
i=13 pair=(4,2) lam_t=1.00896 lam_s=1.00961 tsr_diff=0.000607 integral_mean=-0.000030 integral_std=0.003765 log_ratio=-0.0730 accept=0.9296 swapped=True
i=13 pair=(6,5) lam_t=1.00986 lam_s=1.00995 tsr_diff=0.000084 integral_mean=0.000009 integral_std=0.000357 log_ratio=0.0000 accept=1.0000 swapped=True
i=14 pair=(3,0) lam_t=0.99000 lam_s=1.00254 tsr_diff=0.012453 integral_mean=-0.015169 integral_std=0.145435 log_ratio=-36.4064 accept=0.0000 swapped=False
i=14 pair=(1,2) lam_t=1.00722 lam_s=1.00896 tsr_diff=0.001690 integral_mean=-0.003171 integral_std=0.034535 log_ratio=-7.6105 accept=0.0005 swapped=False
i=14 pair=(4,5) lam_t=1.00961 lam_s=1.00986 tsr_diff=0.000234 integral_mean=-0.000040 integral_std=0.003371 log_ratio=-0.0961 accept=0.9084 swapped=True
i=14 pair=(6,7) lam_t=1.00995 lam_s=1.01000 tsr_diff=0.000052 integral_mean=0.000038 integral_std=0.000465 log_ratio=0.0000 accept=1.0000 swapped=True
i=14 pair=(3,0) lam_t=0.99000 lam_s=1.00254 tsr_diff=0.012453 integral_mean=-0.005112 integral_std=0.114304 log_ratio=-12.2694 accept=0.0000 swapped=False
i=14 pair=(1,2) lam_t=1.00722 lam_s=1.00896 tsr_diff=0.001690 integral_mean=-0.001727 integral_std=0.022048 log_ratio=-4.1438 accept=0.0159 swapped=False
i=14 pair=(5,4) lam_t=1.00961 lam_s=1.00986 tsr_diff=0.000234 integral_mean=0.000080 integral_std=0.002768 log_ratio=0.0000 accept=1.0000 swapped=True
i=14 pair=(7,6) lam_t=1.00995 lam_s=1.01000 tsr_diff=0.000052 integral_mean=-0.000080 integral_std=0.001160 log_ratio=-0.1911 accept=0.8260 swapped=True
Best Sample: 7 log probability -0.000
Saved 1 samples to: logs/pointmaze-giant-navigate-v0/inference/plans/release_H400_T256_LimitsNormalizer_b1_condFalse/2026-07-17 13:08:33/11/0.png
Saved 1 samples to: logs/pointmaze-giant-navigate-v0/inference/plans/release_H400_T256_LimitsNormalizer_b1_condFalse/2026-07-17 13:08:33/11/rollout.png
i=0 pair=(0,1) lam_t=0.99000 lam_s=1.00254 tsr_diff=0.000000 integral_mean=0.000000 integral_std=0.000000 log_ratio=0.0000 accept=1.0000 swapped=True
i=0 pair=(2,3) lam_t=1.00722 lam_s=1.00896 tsr_diff=0.000000 integral_mean=0.000000 integral_std=0.000000 log_ratio=0.0000 accept=1.0000 swapped=True
i=0 pair=(4,5) lam_t=1.00961 lam_s=1.00986 tsr_diff=0.000000 integral_mean=0.000000 integral_std=0.000000 log_ratio=0.0000 accept=1.0000 swapped=True
i=0 pair=(6,7) lam_t=1.00995 lam_s=1.01000 tsr_diff=0.000000 integral_mean=0.000000 integral_std=0.000000 log_ratio=0.0000 accept=1.0000 swapped=True
i=0 pair=(1,0) lam_t=0.99000 lam_s=1.00254 tsr_diff=0.000000 integral_mean=0.000000 integral_std=0.000000 log_ratio=0.0000 accept=1.0000 swapped=True
i=0 pair=(3,2) lam_t=1.00722 lam_s=1.00896 tsr_diff=0.000000 integral_mean=0.000000 integral_std=0.000000 log_ratio=0.0000 accept=1.0000 swapped=True
i=0 pair=(5,4) lam_t=1.00961 lam_s=1.00986 tsr_diff=0.000000 integral_mean=0.000000 integral_std=0.000000 log_ratio=0.0000 accept=1.0000 swapped=True
i=0 pair=(7,6) lam_t=1.00995 lam_s=1.01000 tsr_diff=0.000000 integral_mean=0.000000 integral_std=0.000000 log_ratio=0.0000 accept=1.0000 swapped=True
i=1 pair=(1,2) lam_t=1.00254 lam_s=1.00722 tsr_diff=0.000050 integral_mean=-0.000001 integral_std=0.000098 log_ratio=-0.0028 accept=0.9972 swapped=True
i=1 pair=(3,4) lam_t=1.00896 lam_s=1.00961 tsr_diff=0.000007 integral_mean=0.000000 integral_std=0.000014 log_ratio=0.0000 accept=1.0000 swapped=True
i=1 pair=(5,6) lam_t=1.00986 lam_s=1.00995 tsr_diff=0.000001 integral_mean=0.000000 integral_std=0.000002 log_ratio=0.0000 accept=1.0000 swapped=True
i=1 pair=(2,1) lam_t=1.00254 lam_s=1.00722 tsr_diff=0.000050 integral_mean=0.000000 integral_std=0.000094 log_ratio=0.0000 accept=1.0000 swapped=True
i=1 pair=(4,3) lam_t=1.00896 lam_s=1.00961 tsr_diff=0.000007 integral_mean=-0.000000 integral_std=0.000014 log_ratio=-0.0003 accept=0.9997 swapped=True
i=1 pair=(6,5) lam_t=1.00986 lam_s=1.00995 tsr_diff=0.000001 integral_mean=0.000000 integral_std=0.000002 log_ratio=0.0000 accept=1.0000 swapped=True
i=2 pair=(0,1) lam_t=0.99000 lam_s=1.00254 tsr_diff=0.000530 integral_mean=0.000026 integral_std=0.001096 log_ratio=0.0000 accept=1.0000 swapped=True
i=2 pair=(2,3) lam_t=1.00722 lam_s=1.00896 tsr_diff=0.000074 integral_mean=-0.000007 integral_std=0.000159 log_ratio=-0.0180 accept=0.9822 swapped=True
i=2 pair=(4,5) lam_t=1.00961 lam_s=1.00986 tsr_diff=0.000010 integral_mean=0.000000 integral_std=0.000021 log_ratio=0.0000 accept=1.0000 swapped=True
i=2 pair=(6,7) lam_t=1.00995 lam_s=1.01000 tsr_diff=0.000002 integral_mean=0.000000 integral_std=0.000005 log_ratio=0.0000 accept=1.0000 swapped=True
i=2 pair=(1,0) lam_t=0.99000 lam_s=1.00254 tsr_diff=0.000530 integral_mean=0.000018 integral_std=0.001123 log_ratio=0.0000 accept=1.0000 swapped=True
i=2 pair=(3,2) lam_t=1.00722 lam_s=1.00896 tsr_diff=0.000074 integral_mean=-0.000004 integral_std=0.000159 log_ratio=-0.0089 accept=0.9911 swapped=True
i=2 pair=(5,4) lam_t=1.00961 lam_s=1.00986 tsr_diff=0.000010 integral_mean=0.000000 integral_std=0.000020 log_ratio=0.0000 accept=1.0000 swapped=True
i=2 pair=(7,6) lam_t=1.00995 lam_s=1.01000 tsr_diff=0.000002 integral_mean=0.000000 integral_std=0.000005 log_ratio=0.0000 accept=1.0000 swapped=True
i=3 pair=(1,2) lam_t=1.00254 lam_s=1.00722 tsr_diff=0.000436 integral_mean=-0.000031 integral_std=0.000929 log_ratio=-0.0740 accept=0.9287 swapped=True
i=3 pair=(3,4) lam_t=1.00896 lam_s=1.00961 tsr_diff=0.000060 integral_mean=0.000002 integral_std=0.000118 log_ratio=0.0000 accept=1.0000 swapped=True
i=3 pair=(5,6) lam_t=1.00986 lam_s=1.00995 tsr_diff=0.000008 integral_mean=-0.000000 integral_std=0.000017 log_ratio=-0.0005 accept=0.9995 swapped=True
i=3 pair=(2,1) lam_t=1.00254 lam_s=1.00722 tsr_diff=0.000436 integral_mean=0.000001 integral_std=0.000873 log_ratio=0.0000 accept=1.0000 swapped=True
i=3 pair=(4,3) lam_t=1.00896 lam_s=1.00961 tsr_diff=0.000060 integral_mean=0.000000 integral_std=0.000118 log_ratio=0.0000 accept=1.0000 swapped=True
i=3 pair=(6,5) lam_t=1.00986 lam_s=1.00995 tsr_diff=0.000008 integral_mean=0.000000 integral_std=0.000017 log_ratio=0.0000 accept=1.0000 swapped=True
i=4 pair=(0,1) lam_t=0.99000 lam_s=1.00254 tsr_diff=0.002032 integral_mean=-0.000118 integral_std=0.004267 log_ratio=-0.2834 accept=0.7532 swapped=True
i=4 pair=(2,3) lam_t=1.00722 lam_s=1.00896 tsr_diff=0.000281 integral_mean=0.000030 integral_std=0.000607 log_ratio=0.0000 accept=1.0000 swapped=True
i=4 pair=(4,5) lam_t=1.00961 lam_s=1.00986 tsr_diff=0.000039 integral_mean=0.000001 integral_std=0.000079 log_ratio=0.0000 accept=1.0000 swapped=True
i=4 pair=(6,7) lam_t=1.00995 lam_s=1.01000 tsr_diff=0.000009 integral_mean=-0.000000 integral_std=0.000018 log_ratio=-0.0008 accept=0.9992 swapped=True
i=4 pair=(1,0) lam_t=0.99000 lam_s=1.00254 tsr_diff=0.002032 integral_mean=0.000033 integral_std=0.004134 log_ratio=0.0000 accept=1.0000 swapped=True
i=4 pair=(3,2) lam_t=1.00722 lam_s=1.00896 tsr_diff=0.000281 integral_mean=-0.000022 integral_std=0.000576 log_ratio=-0.0526 accept=0.9488 swapped=True
i=4 pair=(5,4) lam_t=1.00961 lam_s=1.00986 tsr_diff=0.000039 integral_mean=-0.000001 integral_std=0.000084 log_ratio=-0.0023 accept=0.9977 swapped=True
i=4 pair=(7,6) lam_t=1.00995 lam_s=1.01000 tsr_diff=0.000009 integral_mean=-0.000000 integral_std=0.000018 log_ratio=-0.0006 accept=0.9994 swapped=True
i=5 pair=(1,2) lam_t=1.00254 lam_s=1.00722 tsr_diff=0.001142 integral_mean=-0.000049 integral_std=0.002382 log_ratio=-0.1168 accept=0.8897 swapped=True
i=5 pair=(3,4) lam_t=1.00896 lam_s=1.00961 tsr_diff=0.000158 integral_mean=-0.000068 integral_std=0.000432 log_ratio=-0.1642 accept=0.8485 swapped=True
i=5 pair=(5,6) lam_t=1.00986 lam_s=1.00995 tsr_diff=0.000022 integral_mean=0.000000 integral_std=0.000045 log_ratio=0.0000 accept=1.0000 swapped=True
i=5 pair=(2,1) lam_t=1.00254 lam_s=1.00722 tsr_diff=0.001142 integral_mean=-0.000724 integral_std=0.004413 log_ratio=-1.7373 accept=0.1760 swapped=False
i=5 pair=(4,3) lam_t=1.00896 lam_s=1.00961 tsr_diff=0.000158 integral_mean=0.000037 integral_std=0.000376 log_ratio=0.0000 accept=1.0000 swapped=True
i=5 pair=(6,5) lam_t=1.00986 lam_s=1.00995 tsr_diff=0.000022 integral_mean=-0.000001 integral_std=0.000043 log_ratio=-0.0026 accept=0.9974 swapped=True
i=6 pair=(0,2) lam_t=0.99000 lam_s=1.00254 tsr_diff=0.004257 integral_mean=0.000256 integral_std=0.009829 log_ratio=0.0000 accept=1.0000 swapped=True
i=6 pair=(1,3) lam_t=1.00722 lam_s=1.00896 tsr_diff=0.000587 integral_mean=0.000659 integral_std=0.003048 log_ratio=0.0000 accept=1.0000 swapped=True
i=6 pair=(4,5) lam_t=1.00961 lam_s=1.00986 tsr_diff=0.000081 integral_mean=0.000009 integral_std=0.000187 log_ratio=0.0000 accept=1.0000 swapped=True
i=6 pair=(6,7) lam_t=1.00995 lam_s=1.01000 tsr_diff=0.000018 integral_mean=-0.000001 integral_std=0.000039 log_ratio=-0.0036 accept=0.9965 swapped=True
i=6 pair=(2,0) lam_t=0.99000 lam_s=1.00254 tsr_diff=0.004257 integral_mean=0.000081 integral_std=0.009209 log_ratio=0.0000 accept=1.0000 swapped=True
i=6 pair=(3,1) lam_t=1.00722 lam_s=1.00896 tsr_diff=0.000587 integral_mean=-0.000588 integral_std=0.002710 log_ratio=-1.4101 accept=0.2441 swapped=False
i=6 pair=(5,4) lam_t=1.00961 lam_s=1.00986 tsr_diff=0.000081 integral_mean=-0.000015 integral_std=0.000185 log_ratio=-0.0367 accept=0.9639 swapped=True
i=6 pair=(7,6) lam_t=1.00995 lam_s=1.01000 tsr_diff=0.000018 integral_mean=0.000001 integral_std=0.000038 log_ratio=0.0000 accept=1.0000 swapped=True
i=7 pair=(2,3) lam_t=1.00254 lam_s=1.00722 tsr_diff=0.002045 integral_mean=0.000094 integral_std=0.004408 log_ratio=0.0000 accept=1.0000 swapped=True
i=7 pair=(1,4) lam_t=1.00896 lam_s=1.00961 tsr_diff=0.000283 integral_mean=0.000177 integral_std=0.001019 log_ratio=0.0000 accept=1.0000 swapped=True
i=7 pair=(5,6) lam_t=1.00986 lam_s=1.00995 tsr_diff=0.000039 integral_mean=0.000001 integral_std=0.000084 log_ratio=0.0000 accept=1.0000 swapped=True
i=7 pair=(3,2) lam_t=1.00254 lam_s=1.00722 tsr_diff=0.002045 integral_mean=0.000010 integral_std=0.004544 log_ratio=0.0000 accept=1.0000 swapped=True
i=7 pair=(4,1) lam_t=1.00896 lam_s=1.00961 tsr_diff=0.000283 integral_mean=-0.000140 integral_std=0.001025 log_ratio=-0.3366 accept=0.7142 swapped=False
i=7 pair=(6,5) lam_t=1.00986 lam_s=1.00995 tsr_diff=0.000039 integral_mean=-0.000002 integral_std=0.000085 log_ratio=-0.0044 accept=0.9956 swapped=True
i=8 pair=(0,2) lam_t=0.99000 lam_s=1.00254 tsr_diff=0.006833 integral_mean=-0.000758 integral_std=0.014974 log_ratio=-1.8199 accept=0.1620 swapped=False
i=8 pair=(3,4) lam_t=1.00722 lam_s=1.00896 tsr_diff=0.000937 integral_mean=-0.000028 integral_std=0.002263 log_ratio=-0.0679 accept=0.9344 swapped=True
i=8 pair=(1,5) lam_t=1.00961 lam_s=1.00986 tsr_diff=0.000130 integral_mean=0.000053 integral_std=0.000468 log_ratio=0.0000 accept=1.0000 swapped=True
i=8 pair=(6,7) lam_t=1.00995 lam_s=1.01000 tsr_diff=0.000029 integral_mean=0.000001 integral_std=0.000066 log_ratio=0.0000 accept=1.0000 swapped=True
i=8 pair=(0,2) lam_t=0.99000 lam_s=1.00254 tsr_diff=0.006833 integral_mean=-0.000639 integral_std=0.014903 log_ratio=-1.5337 accept=0.2157 swapped=False
i=8 pair=(4,3) lam_t=1.00722 lam_s=1.00896 tsr_diff=0.000937 integral_mean=0.000002 integral_std=0.002431 log_ratio=0.0000 accept=1.0000 swapped=True
i=8 pair=(5,1) lam_t=1.00961 lam_s=1.00986 tsr_diff=0.000130 integral_mean=-0.000032 integral_std=0.000335 log_ratio=-0.0780 accept=0.9250 swapped=True
i=8 pair=(7,6) lam_t=1.00995 lam_s=1.01000 tsr_diff=0.000029 integral_mean=-0.000001 integral_std=0.000064 log_ratio=-0.0013 accept=0.9987 swapped=True
i=9 pair=(2,3) lam_t=1.00254 lam_s=1.00722 tsr_diff=0.002993 integral_mean=-0.000157 integral_std=0.007314 log_ratio=-0.3770 accept=0.6859 swapped=False
i=9 pair=(4,1) lam_t=1.00896 lam_s=1.00961 tsr_diff=0.000414 integral_mean=-0.000064 integral_std=0.001090 log_ratio=-0.1531 accept=0.8580 swapped=True
i=9 pair=(5,6) lam_t=1.00986 lam_s=1.00995 tsr_diff=0.000057 integral_mean=0.000004 integral_std=0.000136 log_ratio=0.0000 accept=1.0000 swapped=True
i=9 pair=(2,3) lam_t=1.00254 lam_s=1.00722 tsr_diff=0.002993 integral_mean=-0.000065 integral_std=0.006949 log_ratio=-0.1568 accept=0.8548 swapped=False
i=9 pair=(1,4) lam_t=1.00896 lam_s=1.00961 tsr_diff=0.000414 integral_mean=0.000044 integral_std=0.001246 log_ratio=0.0000 accept=1.0000 swapped=True
i=9 pair=(6,5) lam_t=1.00986 lam_s=1.00995 tsr_diff=0.000057 integral_mean=-0.000007 integral_std=0.000146 log_ratio=-0.0178 accept=0.9824 swapped=True
i=10 pair=(0,2) lam_t=0.99000 lam_s=1.00254 tsr_diff=0.009326 integral_mean=-0.001141 integral_std=0.023661 log_ratio=-2.7393 accept=0.0646 swapped=False
i=10 pair=(3,4) lam_t=1.00722 lam_s=1.00896 tsr_diff=0.001273 integral_mean=-0.000231 integral_std=0.004424 log_ratio=-0.5536 accept=0.5749 swapped=False
i=10 pair=(1,5) lam_t=1.00961 lam_s=1.00986 tsr_diff=0.000177 integral_mean=0.000020 integral_std=0.000561 log_ratio=0.0000 accept=1.0000 swapped=True
i=10 pair=(6,7) lam_t=1.00995 lam_s=1.01000 tsr_diff=0.000039 integral_mean=-0.000000 integral_std=0.000112 log_ratio=-0.0003 accept=0.9997 swapped=True
i=10 pair=(0,2) lam_t=0.99000 lam_s=1.00254 tsr_diff=0.009326 integral_mean=-0.000494 integral_std=0.021644 log_ratio=-1.1859 accept=0.3055 swapped=False
i=10 pair=(3,4) lam_t=1.00722 lam_s=1.00896 tsr_diff=0.001273 integral_mean=-0.000212 integral_std=0.004099 log_ratio=-0.5094 accept=0.6009 swapped=True
i=10 pair=(5,1) lam_t=1.00961 lam_s=1.00986 tsr_diff=0.000177 integral_mean=-0.000007 integral_std=0.000528 log_ratio=-0.0164 accept=0.9838 swapped=True
i=10 pair=(7,6) lam_t=1.00995 lam_s=1.01000 tsr_diff=0.000039 integral_mean=0.000001 integral_std=0.000113 log_ratio=0.0000 accept=1.0000 swapped=True
i=11 pair=(2,4) lam_t=1.00254 lam_s=1.00722 tsr_diff=0.003825 integral_mean=-0.001320 integral_std=0.016717 log_ratio=-3.1670 accept=0.0421 swapped=False
i=11 pair=(3,1) lam_t=1.00896 lam_s=1.00961 tsr_diff=0.000528 integral_mean=-0.000152 integral_std=0.002264 log_ratio=-0.3656 accept=0.6938 swapped=False
i=11 pair=(5,6) lam_t=1.00986 lam_s=1.00995 tsr_diff=0.000073 integral_mean=0.000019 integral_std=0.000212 log_ratio=0.0000 accept=1.0000 swapped=True
i=11 pair=(2,4) lam_t=1.00254 lam_s=1.00722 tsr_diff=0.003825 integral_mean=-0.000190 integral_std=0.012012 log_ratio=-0.4555 accept=0.6341 swapped=True
i=11 pair=(3,1) lam_t=1.00896 lam_s=1.00961 tsr_diff=0.000528 integral_mean=-0.000128 integral_std=0.002093 log_ratio=-0.3080 accept=0.7349 swapped=True
i=11 pair=(6,5) lam_t=1.00986 lam_s=1.00995 tsr_diff=0.000073 integral_mean=-0.000017 integral_std=0.000210 log_ratio=-0.0413 accept=0.9595 swapped=True
i=12 pair=(0,4) lam_t=0.99000 lam_s=1.00254 tsr_diff=0.011313 integral_mean=-0.003677 integral_std=0.051166 log_ratio=-8.8244 accept=0.0001 swapped=False
i=12 pair=(2,1) lam_t=1.00722 lam_s=1.00896 tsr_diff=0.001539 integral_mean=-0.000612 integral_std=0.006422 log_ratio=-1.4690 accept=0.2302 swapped=False
i=12 pair=(3,5) lam_t=1.00961 lam_s=1.00986 tsr_diff=0.000213 integral_mean=-0.000045 integral_std=0.000785 log_ratio=-0.1072 accept=0.8984 swapped=False
i=12 pair=(6,7) lam_t=1.00995 lam_s=1.01000 tsr_diff=0.000047 integral_mean=-0.000004 integral_std=0.000189 log_ratio=-0.0107 accept=0.9894 swapped=True
i=12 pair=(0,4) lam_t=0.99000 lam_s=1.00254 tsr_diff=0.011313 integral_mean=-0.001649 integral_std=0.049934 log_ratio=-3.9568 accept=0.0191 swapped=False
i=12 pair=(2,1) lam_t=1.00722 lam_s=1.00896 tsr_diff=0.001539 integral_mean=-0.000377 integral_std=0.005657 log_ratio=-0.9055 accept=0.4043 swapped=True
i=12 pair=(3,5) lam_t=1.00961 lam_s=1.00986 tsr_diff=0.000213 integral_mean=-0.000044 integral_std=0.000732 log_ratio=-0.1047 accept=0.9006 swapped=True
i=12 pair=(7,6) lam_t=1.00995 lam_s=1.01000 tsr_diff=0.000047 integral_mean=0.000001 integral_std=0.000163 log_ratio=0.0000 accept=1.0000 swapped=True
i=13 pair=(4,1) lam_t=1.00254 lam_s=1.00722 tsr_diff=0.004402 integral_mean=-0.000912 integral_std=0.027514 log_ratio=-2.1894 accept=0.1120 swapped=False
i=13 pair=(2,5) lam_t=1.00896 lam_s=1.00961 tsr_diff=0.000607 integral_mean=-0.000124 integral_std=0.003329 log_ratio=-0.2973 accept=0.7428 swapped=True
i=13 pair=(3,6) lam_t=1.00986 lam_s=1.00995 tsr_diff=0.000084 integral_mean=0.000019 integral_std=0.000252 log_ratio=0.0000 accept=1.0000 swapped=True
i=13 pair=(4,1) lam_t=1.00254 lam_s=1.00722 tsr_diff=0.004402 integral_mean=0.000127 integral_std=0.022396 log_ratio=0.0000 accept=1.0000 swapped=True
i=13 pair=(5,2) lam_t=1.00896 lam_s=1.00961 tsr_diff=0.000607 integral_mean=0.000152 integral_std=0.002554 log_ratio=0.0000 accept=1.0000 swapped=True
i=13 pair=(6,3) lam_t=1.00986 lam_s=1.00995 tsr_diff=0.000084 integral_mean=0.000000 integral_std=0.000191 log_ratio=0.0000 accept=1.0000 swapped=True
i=14 pair=(0,1) lam_t=0.99000 lam_s=1.00254 tsr_diff=0.012453 integral_mean=-0.011700 integral_std=0.173382 log_ratio=-28.0806 accept=0.0000 swapped=False
i=14 pair=(4,2) lam_t=1.00722 lam_s=1.00896 tsr_diff=0.001690 integral_mean=0.002141 integral_std=0.023583 log_ratio=0.0000 accept=1.0000 swapped=True
i=14 pair=(5,3) lam_t=1.00961 lam_s=1.00986 tsr_diff=0.000234 integral_mean=0.000177 integral_std=0.002177 log_ratio=0.0000 accept=1.0000 swapped=True
i=14 pair=(6,7) lam_t=1.00995 lam_s=1.01000 tsr_diff=0.000052 integral_mean=-0.000026 integral_std=0.000594 log_ratio=-0.0635 accept=0.9385 swapped=False
i=14 pair=(0,1) lam_t=0.99000 lam_s=1.00254 tsr_diff=0.012453 integral_mean=-0.003050 integral_std=0.113830 log_ratio=-7.3210 accept=0.0007 swapped=False
i=14 pair=(2,4) lam_t=1.00722 lam_s=1.00896 tsr_diff=0.001690 integral_mean=-0.001779 integral_std=0.029316 log_ratio=-4.2694 accept=0.0140 swapped=False
i=14 pair=(3,5) lam_t=1.00961 lam_s=1.00986 tsr_diff=0.000234 integral_mean=-0.000245 integral_std=0.002904 log_ratio=-0.5887 accept=0.5550 swapped=True
i=14 pair=(6,7) lam_t=1.00995 lam_s=1.01000 tsr_diff=0.000052 integral_mean=-0.000013 integral_std=0.000405 log_ratio=-0.0318 accept=0.9687 swapped=True
Best Sample: 6 log probability -0.200
Saved 1 samples to: logs/pointmaze-giant-navigate-v0/inference/plans/release_H400_T256_LimitsNormalizer_b1_condFalse/2026-07-17 13:08:33/12/0.png
Saved 1 samples to: logs/pointmaze-giant-navigate-v0/inference/plans/release_H400_T256_LimitsNormalizer_b1_condFalse/2026-07-17 13:08:33/12/rollout.png
i=0 pair=(0,1) lam_t=0.99000 lam_s=1.00254 tsr_diff=0.000000 integral_mean=0.000000 integral_std=0.000000 log_ratio=0.0000 accept=1.0000 swapped=True
i=0 pair=(2,3) lam_t=1.00722 lam_s=1.00896 tsr_diff=0.000000 integral_mean=0.000000 integral_std=0.000000 log_ratio=0.0000 accept=1.0000 swapped=True
i=0 pair=(4,5) lam_t=1.00961 lam_s=1.00986 tsr_diff=0.000000 integral_mean=0.000000 integral_std=0.000000 log_ratio=0.0000 accept=1.0000 swapped=True
i=0 pair=(6,7) lam_t=1.00995 lam_s=1.01000 tsr_diff=0.000000 integral_mean=0.000000 integral_std=0.000000 log_ratio=0.0000 accept=1.0000 swapped=True
i=0 pair=(1,0) lam_t=0.99000 lam_s=1.00254 tsr_diff=0.000000 integral_mean=0.000000 integral_std=0.000000 log_ratio=0.0000 accept=1.0000 swapped=True
i=0 pair=(3,2) lam_t=1.00722 lam_s=1.00896 tsr_diff=0.000000 integral_mean=0.000000 integral_std=0.000000 log_ratio=0.0000 accept=1.0000 swapped=True
i=0 pair=(5,4) lam_t=1.00961 lam_s=1.00986 tsr_diff=0.000000 integral_mean=0.000000 integral_std=0.000000 log_ratio=0.0000 accept=1.0000 swapped=True
i=0 pair=(7,6) lam_t=1.00995 lam_s=1.01000 tsr_diff=0.000000 integral_mean=0.000000 integral_std=0.000000 log_ratio=0.0000 accept=1.0000 swapped=True
i=1 pair=(1,2) lam_t=1.00254 lam_s=1.00722 tsr_diff=0.000050 integral_mean=0.000002 integral_std=0.000097 log_ratio=0.0000 accept=1.0000 swapped=True
i=1 pair=(3,4) lam_t=1.00896 lam_s=1.00961 tsr_diff=0.000007 integral_mean=-0.000000 integral_std=0.000013 log_ratio=-0.0004 accept=0.9996 swapped=True
i=1 pair=(5,6) lam_t=1.00986 lam_s=1.00995 tsr_diff=0.000001 integral_mean=0.000000 integral_std=0.000002 log_ratio=0.0000 accept=1.0000 swapped=True
i=1 pair=(2,1) lam_t=1.00254 lam_s=1.00722 tsr_diff=0.000050 integral_mean=-0.000004 integral_std=0.000101 log_ratio=-0.0103 accept=0.9898 swapped=True
i=1 pair=(4,3) lam_t=1.00896 lam_s=1.00961 tsr_diff=0.000007 integral_mean=-0.000000 integral_std=0.000013 log_ratio=-0.0001 accept=0.9999 swapped=True
i=1 pair=(6,5) lam_t=1.00986 lam_s=1.00995 tsr_diff=0.000001 integral_mean=0.000000 integral_std=0.000002 log_ratio=0.0000 accept=1.0000 swapped=True
i=2 pair=(0,1) lam_t=0.99000 lam_s=1.00254 tsr_diff=0.000530 integral_mean=-0.000195 integral_std=0.001272 log_ratio=-0.4688 accept=0.6258 swapped=False
i=2 pair=(2,3) lam_t=1.00722 lam_s=1.00896 tsr_diff=0.000074 integral_mean=-0.000001 integral_std=0.000152 log_ratio=-0.0032 accept=0.9968 swapped=True
i=2 pair=(4,5) lam_t=1.00961 lam_s=1.00986 tsr_diff=0.000010 integral_mean=0.000000 integral_std=0.000020 log_ratio=0.0000 accept=1.0000 swapped=True
i=2 pair=(6,7) lam_t=1.00995 lam_s=1.01000 tsr_diff=0.000002 integral_mean=0.000000 integral_std=0.000005 log_ratio=0.0000 accept=1.0000 swapped=True
i=2 pair=(0,1) lam_t=0.99000 lam_s=1.00254 tsr_diff=0.000530 integral_mean=-0.000020 integral_std=0.001042 log_ratio=-0.0482 accept=0.9529 swapped=True
i=2 pair=(3,2) lam_t=1.00722 lam_s=1.00896 tsr_diff=0.000074 integral_mean=-0.000004 integral_std=0.000150 log_ratio=-0.0085 accept=0.9915 swapped=True
i=2 pair=(5,4) lam_t=1.00961 lam_s=1.00986 tsr_diff=0.000010 integral_mean=-0.000001 integral_std=0.000020 log_ratio=-0.0017 accept=0.9983 swapped=True
i=2 pair=(7,6) lam_t=1.00995 lam_s=1.01000 tsr_diff=0.000002 integral_mean=-0.000000 integral_std=0.000005 log_ratio=-0.0005 accept=0.9995 swapped=True
i=3 pair=(0,2) lam_t=1.00254 lam_s=1.00722 tsr_diff=0.000436 integral_mean=-0.000018 integral_std=0.000890 log_ratio=-0.0439 accept=0.9571 swapped=True
i=3 pair=(3,4) lam_t=1.00896 lam_s=1.00961 tsr_diff=0.000060 integral_mean=-0.000003 integral_std=0.000122 log_ratio=-0.0064 accept=0.9936 swapped=True
i=3 pair=(5,6) lam_t=1.00986 lam_s=1.00995 tsr_diff=0.000008 integral_mean=-0.000001 integral_std=0.000018 log_ratio=-0.0012 accept=0.9988 swapped=True
i=3 pair=(2,0) lam_t=1.00254 lam_s=1.00722 tsr_diff=0.000436 integral_mean=0.000021 integral_std=0.000888 log_ratio=0.0000 accept=1.0000 swapped=True
i=3 pair=(4,3) lam_t=1.00896 lam_s=1.00961 tsr_diff=0.000060 integral_mean=-0.000001 integral_std=0.000127 log_ratio=-0.0022 accept=0.9978 swapped=True
i=3 pair=(6,5) lam_t=1.00986 lam_s=1.00995 tsr_diff=0.000008 integral_mean=0.000004 integral_std=0.000021 log_ratio=0.0000 accept=1.0000 swapped=True
i=4 pair=(1,0) lam_t=0.99000 lam_s=1.00254 tsr_diff=0.002032 integral_mean=0.000455 integral_std=0.004540 log_ratio=0.0000 accept=1.0000 swapped=True
i=4 pair=(2,3) lam_t=1.00722 lam_s=1.00896 tsr_diff=0.000281 integral_mean=-0.000018 integral_std=0.000626 log_ratio=-0.0436 accept=0.9573 swapped=True
i=4 pair=(4,5) lam_t=1.00961 lam_s=1.00986 tsr_diff=0.000039 integral_mean=0.000000 integral_std=0.000083 log_ratio=0.0000 accept=1.0000 swapped=True
i=4 pair=(6,7) lam_t=1.00995 lam_s=1.01000 tsr_diff=0.000009 integral_mean=0.000001 integral_std=0.000020 log_ratio=0.0000 accept=1.0000 swapped=True
i=4 pair=(0,1) lam_t=0.99000 lam_s=1.00254 tsr_diff=0.002032 integral_mean=-0.000167 integral_std=0.004063 log_ratio=-0.4002 accept=0.6702 swapped=True
i=4 pair=(3,2) lam_t=1.00722 lam_s=1.00896 tsr_diff=0.000281 integral_mean=0.000002 integral_std=0.000576 log_ratio=0.0000 accept=1.0000 swapped=True
i=4 pair=(5,4) lam_t=1.00961 lam_s=1.00986 tsr_diff=0.000039 integral_mean=0.000003 integral_std=0.000082 log_ratio=0.0000 accept=1.0000 swapped=True
i=4 pair=(7,6) lam_t=1.00995 lam_s=1.01000 tsr_diff=0.000009 integral_mean=-0.000001 integral_std=0.000019 log_ratio=-0.0021 accept=0.9979 swapped=True
i=5 pair=(0,2) lam_t=1.00254 lam_s=1.00722 tsr_diff=0.001142 integral_mean=-0.000314 integral_std=0.002830 log_ratio=-0.7535 accept=0.4707 swapped=True
i=5 pair=(3,4) lam_t=1.00896 lam_s=1.00961 tsr_diff=0.000158 integral_mean=0.000013 integral_std=0.000336 log_ratio=0.0000 accept=1.0000 swapped=True
i=5 pair=(5,6) lam_t=1.00986 lam_s=1.00995 tsr_diff=0.000022 integral_mean=-0.000001 integral_std=0.000051 log_ratio=-0.0016 accept=0.9984 swapped=True
i=5 pair=(2,0) lam_t=1.00254 lam_s=1.00722 tsr_diff=0.001142 integral_mean=0.000123 integral_std=0.002607 log_ratio=0.0000 accept=1.0000 swapped=True
i=5 pair=(4,3) lam_t=1.00896 lam_s=1.00961 tsr_diff=0.000158 integral_mean=-0.000041 integral_std=0.000370 log_ratio=-0.0982 accept=0.9065 swapped=True
i=5 pair=(6,5) lam_t=1.00986 lam_s=1.00995 tsr_diff=0.000022 integral_mean=-0.000000 integral_std=0.000050 log_ratio=-0.0001 accept=0.9999 swapped=True
i=6 pair=(1,0) lam_t=0.99000 lam_s=1.00254 tsr_diff=0.004257 integral_mean=0.000037 integral_std=0.009087 log_ratio=0.0000 accept=1.0000 swapped=True
i=6 pair=(2,3) lam_t=1.00722 lam_s=1.00896 tsr_diff=0.000587 integral_mean=-0.000155 integral_std=0.001440 log_ratio=-0.3727 accept=0.6889 swapped=True
i=6 pair=(4,5) lam_t=1.00961 lam_s=1.00986 tsr_diff=0.000081 integral_mean=-0.000008 integral_std=0.000175 log_ratio=-0.0203 accept=0.9799 swapped=True
i=6 pair=(6,7) lam_t=1.00995 lam_s=1.01000 tsr_diff=0.000018 integral_mean=-0.000003 integral_std=0.000042 log_ratio=-0.0067 accept=0.9933 swapped=True
i=6 pair=(0,1) lam_t=0.99000 lam_s=1.00254 tsr_diff=0.004257 integral_mean=0.000041 integral_std=0.008896 log_ratio=0.0000 accept=1.0000 swapped=True
i=6 pair=(3,2) lam_t=1.00722 lam_s=1.00896 tsr_diff=0.000587 integral_mean=0.000095 integral_std=0.001330 log_ratio=0.0000 accept=1.0000 swapped=True
i=6 pair=(5,4) lam_t=1.00961 lam_s=1.00986 tsr_diff=0.000081 integral_mean=0.000006 integral_std=0.000177 log_ratio=0.0000 accept=1.0000 swapped=True
i=6 pair=(7,6) lam_t=1.00995 lam_s=1.01000 tsr_diff=0.000018 integral_mean=0.000005 integral_std=0.000051 log_ratio=0.0000 accept=1.0000 swapped=True
i=7 pair=(0,2) lam_t=1.00254 lam_s=1.00722 tsr_diff=0.002045 integral_mean=-0.000116 integral_std=0.004846 log_ratio=-0.2778 accept=0.7575 swapped=True
i=7 pair=(3,4) lam_t=1.00896 lam_s=1.00961 tsr_diff=0.000283 integral_mean=0.000032 integral_std=0.000664 log_ratio=0.0000 accept=1.0000 swapped=True
i=7 pair=(5,6) lam_t=1.00986 lam_s=1.00995 tsr_diff=0.000039 integral_mean=-0.000001 integral_std=0.000093 log_ratio=-0.0017 accept=0.9983 swapped=True
i=7 pair=(2,0) lam_t=1.00254 lam_s=1.00722 tsr_diff=0.002045 integral_mean=0.000106 integral_std=0.004671 log_ratio=0.0000 accept=1.0000 swapped=True
i=7 pair=(4,3) lam_t=1.00896 lam_s=1.00961 tsr_diff=0.000283 integral_mean=-0.000004 integral_std=0.000637 log_ratio=-0.0096 accept=0.9905 swapped=True
i=7 pair=(6,5) lam_t=1.00986 lam_s=1.00995 tsr_diff=0.000039 integral_mean=-0.000001 integral_std=0.000097 log_ratio=-0.0029 accept=0.9971 swapped=True
i=8 pair=(1,0) lam_t=0.99000 lam_s=1.00254 tsr_diff=0.006833 integral_mean=0.000103 integral_std=0.014379 log_ratio=0.0000 accept=1.0000 swapped=True
i=8 pair=(2,3) lam_t=1.00722 lam_s=1.00896 tsr_diff=0.000937 integral_mean=0.000088 integral_std=0.002179 log_ratio=0.0000 accept=1.0000 swapped=True
i=8 pair=(4,5) lam_t=1.00961 lam_s=1.00986 tsr_diff=0.000130 integral_mean=-0.000026 integral_std=0.000317 log_ratio=-0.0626 accept=0.9393 swapped=True
i=8 pair=(6,7) lam_t=1.00995 lam_s=1.01000 tsr_diff=0.000029 integral_mean=0.000001 integral_std=0.000078 log_ratio=0.0000 accept=1.0000 swapped=True
i=8 pair=(0,1) lam_t=0.99000 lam_s=1.00254 tsr_diff=0.006833 integral_mean=-0.000170 integral_std=0.014399 log_ratio=-0.4091 accept=0.6643 swapped=True
i=8 pair=(3,2) lam_t=1.00722 lam_s=1.00896 tsr_diff=0.000937 integral_mean=0.000034 integral_std=0.002127 log_ratio=0.0000 accept=1.0000 swapped=True
i=8 pair=(5,4) lam_t=1.00961 lam_s=1.00986 tsr_diff=0.000130 integral_mean=0.000017 integral_std=0.000303 log_ratio=0.0000 accept=1.0000 swapped=True
i=8 pair=(7,6) lam_t=1.00995 lam_s=1.01000 tsr_diff=0.000029 integral_mean=-0.000002 integral_std=0.000071 log_ratio=-0.0042 accept=0.9958 swapped=True
i=9 pair=(0,2) lam_t=1.00254 lam_s=1.00722 tsr_diff=0.002993 integral_mean=-0.000137 integral_std=0.007489 log_ratio=-0.3286 accept=0.7200 swapped=True
i=9 pair=(3,4) lam_t=1.00896 lam_s=1.00961 tsr_diff=0.000414 integral_mean=-0.000030 integral_std=0.001025 log_ratio=-0.0715 accept=0.9310 swapped=True
i=9 pair=(5,6) lam_t=1.00986 lam_s=1.00995 tsr_diff=0.000057 integral_mean=-0.000003 integral_std=0.000169 log_ratio=-0.0071 accept=0.9929 swapped=True
i=9 pair=(2,0) lam_t=1.00254 lam_s=1.00722 tsr_diff=0.002993 integral_mean=0.000812 integral_std=0.008550 log_ratio=0.0000 accept=1.0000 swapped=True
i=9 pair=(4,3) lam_t=1.00896 lam_s=1.00961 tsr_diff=0.000414 integral_mean=0.000024 integral_std=0.000929 log_ratio=0.0000 accept=1.0000 swapped=True
i=9 pair=(6,5) lam_t=1.00986 lam_s=1.00995 tsr_diff=0.000057 integral_mean=-0.000000 integral_std=0.000150 log_ratio=-0.0008 accept=0.9992 swapped=True
i=10 pair=(1,0) lam_t=0.99000 lam_s=1.00254 tsr_diff=0.009326 integral_mean=0.000167 integral_std=0.023298 log_ratio=0.0000 accept=1.0000 swapped=True
i=10 pair=(2,3) lam_t=1.00722 lam_s=1.00896 tsr_diff=0.001273 integral_mean=0.000626 integral_std=0.004146 log_ratio=0.0000 accept=1.0000 swapped=True
i=10 pair=(4,5) lam_t=1.00961 lam_s=1.00986 tsr_diff=0.000177 integral_mean=-0.000023 integral_std=0.000440 log_ratio=-0.0559 accept=0.9457 swapped=True
i=10 pair=(6,7) lam_t=1.00995 lam_s=1.01000 tsr_diff=0.000039 integral_mean=0.000005 integral_std=0.000112 log_ratio=0.0000 accept=1.0000 swapped=True
i=10 pair=(0,1) lam_t=0.99000 lam_s=1.00254 tsr_diff=0.009326 integral_mean=-0.000853 integral_std=0.022661 log_ratio=-2.0466 accept=0.1292 swapped=False
i=10 pair=(3,2) lam_t=1.00722 lam_s=1.00896 tsr_diff=0.001273 integral_mean=-0.000232 integral_std=0.003206 log_ratio=-0.5576 accept=0.5726 swapped=True
i=10 pair=(5,4) lam_t=1.00961 lam_s=1.00986 tsr_diff=0.000177 integral_mean=-0.000001 integral_std=0.000413 log_ratio=-0.0025 accept=0.9975 swapped=True
i=10 pair=(7,6) lam_t=1.00995 lam_s=1.01000 tsr_diff=0.000039 integral_mean=-0.000007 integral_std=0.000111 log_ratio=-0.0164 accept=0.9837 swapped=True
i=11 pair=(1,2) lam_t=1.00254 lam_s=1.00722 tsr_diff=0.003825 integral_mean=-0.000554 integral_std=0.013349 log_ratio=-1.3300 accept=0.2645 swapped=True
i=11 pair=(3,4) lam_t=1.00896 lam_s=1.00961 tsr_diff=0.000528 integral_mean=-0.000083 integral_std=0.001514 log_ratio=-0.2000 accept=0.8188 swapped=True
i=11 pair=(5,6) lam_t=1.00986 lam_s=1.00995 tsr_diff=0.000073 integral_mean=-0.000018 integral_std=0.000256 log_ratio=-0.0426 accept=0.9582 swapped=True
i=11 pair=(2,1) lam_t=1.00254 lam_s=1.00722 tsr_diff=0.003825 integral_mean=-0.000310 integral_std=0.012523 log_ratio=-0.7433 accept=0.4755 swapped=True
i=11 pair=(4,3) lam_t=1.00896 lam_s=1.00961 tsr_diff=0.000528 integral_mean=0.000066 integral_std=0.001459 log_ratio=0.0000 accept=1.0000 swapped=True
i=11 pair=(6,5) lam_t=1.00986 lam_s=1.00995 tsr_diff=0.000073 integral_mean=0.000006 integral_std=0.000228 log_ratio=0.0000 accept=1.0000 swapped=True
i=12 pair=(0,1) lam_t=0.99000 lam_s=1.00254 tsr_diff=0.011313 integral_mean=-0.002678 integral_std=0.039811 log_ratio=-6.4274 accept=0.0016 swapped=False
i=12 pair=(2,3) lam_t=1.00722 lam_s=1.00896 tsr_diff=0.001539 integral_mean=0.000179 integral_std=0.004026 log_ratio=0.0000 accept=1.0000 swapped=True
i=12 pair=(4,5) lam_t=1.00961 lam_s=1.00986 tsr_diff=0.000213 integral_mean=-0.000050 integral_std=0.000729 log_ratio=-0.1203 accept=0.8866 swapped=True
i=12 pair=(6,7) lam_t=1.00995 lam_s=1.01000 tsr_diff=0.000047 integral_mean=0.000015 integral_std=0.000200 log_ratio=0.0000 accept=1.0000 swapped=True
i=12 pair=(0,1) lam_t=0.99000 lam_s=1.00254 tsr_diff=0.011313 integral_mean=-0.001776 integral_std=0.035387 log_ratio=-4.2624 accept=0.0141 swapped=False
i=12 pair=(3,2) lam_t=1.00722 lam_s=1.00896 tsr_diff=0.001539 integral_mean=-0.000286 integral_std=0.004085 log_ratio=-0.6852 accept=0.5040 swapped=True
i=12 pair=(5,4) lam_t=1.00961 lam_s=1.00986 tsr_diff=0.000213 integral_mean=0.000096 integral_std=0.001045 log_ratio=0.0000 accept=1.0000 swapped=True
i=12 pair=(7,6) lam_t=1.00995 lam_s=1.01000 tsr_diff=0.000047 integral_mean=-0.000013 integral_std=0.000173 log_ratio=-0.0317 accept=0.9688 swapped=True
i=13 pair=(1,2) lam_t=1.00254 lam_s=1.00722 tsr_diff=0.004402 integral_mean=0.002892 integral_std=0.032838 log_ratio=0.0000 accept=1.0000 swapped=True
i=13 pair=(3,4) lam_t=1.00896 lam_s=1.00961 tsr_diff=0.000607 integral_mean=-0.000092 integral_std=0.002216 log_ratio=-0.2219 accept=0.8010 swapped=True
i=13 pair=(5,6) lam_t=1.00986 lam_s=1.00995 tsr_diff=0.000084 integral_mean=-0.000031 integral_std=0.000550 log_ratio=-0.0736 accept=0.9290 swapped=True
i=13 pair=(2,1) lam_t=1.00254 lam_s=1.00722 tsr_diff=0.004402 integral_mean=-0.003032 integral_std=0.027054 log_ratio=-7.2760 accept=0.0007 swapped=False
i=13 pair=(4,3) lam_t=1.00896 lam_s=1.00961 tsr_diff=0.000607 integral_mean=0.000144 integral_std=0.002068 log_ratio=0.0000 accept=1.0000 swapped=True
i=13 pair=(6,5) lam_t=1.00986 lam_s=1.00995 tsr_diff=0.000084 integral_mean=0.000031 integral_std=0.000449 log_ratio=0.0000 accept=1.0000 swapped=True
i=14 pair=(0,2) lam_t=0.99000 lam_s=1.00254 tsr_diff=0.012453 integral_mean=-0.005391 integral_std=0.098817 log_ratio=-12.9376 accept=0.0000 swapped=False
i=14 pair=(1,3) lam_t=1.00722 lam_s=1.00896 tsr_diff=0.001690 integral_mean=0.002407 integral_std=0.020605 log_ratio=0.0000 accept=1.0000 swapped=True
i=14 pair=(4,5) lam_t=1.00961 lam_s=1.00986 tsr_diff=0.000234 integral_mean=-0.000135 integral_std=0.002234 log_ratio=-0.3241 accept=0.7232 swapped=True
i=14 pair=(6,7) lam_t=1.00995 lam_s=1.01000 tsr_diff=0.000052 integral_mean=0.000051 integral_std=0.000596 log_ratio=0.0000 accept=1.0000 swapped=True
i=14 pair=(0,2) lam_t=0.99000 lam_s=1.00254 tsr_diff=0.012453 integral_mean=-0.001211 integral_std=0.085518 log_ratio=-2.9063 accept=0.0547 swapped=False
i=14 pair=(3,1) lam_t=1.00722 lam_s=1.00896 tsr_diff=0.001690 integral_mean=-0.001635 integral_std=0.016475 log_ratio=-3.9232 accept=0.0198 swapped=False
i=14 pair=(5,4) lam_t=1.00961 lam_s=1.00986 tsr_diff=0.000234 integral_mean=0.000046 integral_std=0.001439 log_ratio=0.0000 accept=1.0000 swapped=True
i=14 pair=(7,6) lam_t=1.00995 lam_s=1.01000 tsr_diff=0.000052 integral_mean=-0.000067 integral_std=0.000758 log_ratio=-0.1607 accept=0.8516 swapped=True
Best Sample: 4 log probability -1.231
Saved 1 samples to: logs/pointmaze-giant-navigate-v0/inference/plans/release_H400_T256_LimitsNormalizer_b1_condFalse/2026-07-17 13:08:33/13/0.png
Saved 1 samples to: logs/pointmaze-giant-navigate-v0/inference/plans/release_H400_T256_LimitsNormalizer_b1_condFalse/2026-07-17 13:08:33/13/rollout.png
i=0 pair=(0,1) lam_t=0.99000 lam_s=1.00254 tsr_diff=0.000000 integral_mean=0.000000 integral_std=0.000000 log_ratio=0.0000 accept=1.0000 swapped=True
i=0 pair=(2,3) lam_t=1.00722 lam_s=1.00896 tsr_diff=0.000000 integral_mean=0.000000 integral_std=0.000000 log_ratio=0.0000 accept=1.0000 swapped=True
i=0 pair=(4,5) lam_t=1.00961 lam_s=1.00986 tsr_diff=0.000000 integral_mean=0.000000 integral_std=0.000000 log_ratio=0.0000 accept=1.0000 swapped=True
i=0 pair=(6,7) lam_t=1.00995 lam_s=1.01000 tsr_diff=0.000000 integral_mean=0.000000 integral_std=0.000000 log_ratio=0.0000 accept=1.0000 swapped=True
i=0 pair=(1,0) lam_t=0.99000 lam_s=1.00254 tsr_diff=0.000000 integral_mean=0.000000 integral_std=0.000000 log_ratio=0.0000 accept=1.0000 swapped=True
i=0 pair=(3,2) lam_t=1.00722 lam_s=1.00896 tsr_diff=0.000000 integral_mean=0.000000 integral_std=0.000000 log_ratio=0.0000 accept=1.0000 swapped=True
i=0 pair=(5,4) lam_t=1.00961 lam_s=1.00986 tsr_diff=0.000000 integral_mean=0.000000 integral_std=0.000000 log_ratio=0.0000 accept=1.0000 swapped=True
i=0 pair=(7,6) lam_t=1.00995 lam_s=1.01000 tsr_diff=0.000000 integral_mean=0.000000 integral_std=0.000000 log_ratio=0.0000 accept=1.0000 swapped=True
i=1 pair=(1,2) lam_t=1.00254 lam_s=1.00722 tsr_diff=0.000050 integral_mean=0.000000 integral_std=0.000106 log_ratio=0.0000 accept=1.0000 swapped=True
i=1 pair=(3,4) lam_t=1.00896 lam_s=1.00961 tsr_diff=0.000007 integral_mean=0.000001 integral_std=0.000013 log_ratio=0.0000 accept=1.0000 swapped=True
i=1 pair=(5,6) lam_t=1.00986 lam_s=1.00995 tsr_diff=0.000001 integral_mean=-0.000000 integral_std=0.000002 log_ratio=-0.0001 accept=0.9999 swapped=True
i=1 pair=(2,1) lam_t=1.00254 lam_s=1.00722 tsr_diff=0.000050 integral_mean=0.000002 integral_std=0.000098 log_ratio=0.0000 accept=1.0000 swapped=True
i=1 pair=(4,3) lam_t=1.00896 lam_s=1.00961 tsr_diff=0.000007 integral_mean=0.000001 integral_std=0.000014 log_ratio=0.0000 accept=1.0000 swapped=True
i=1 pair=(6,5) lam_t=1.00986 lam_s=1.00995 tsr_diff=0.000001 integral_mean=-0.000000 integral_std=0.000002 log_ratio=-0.0001 accept=0.9999 swapped=True
i=2 pair=(0,1) lam_t=0.99000 lam_s=1.00254 tsr_diff=0.000530 integral_mean=-0.000001 integral_std=0.001077 log_ratio=-0.0031 accept=0.9969 swapped=True
i=2 pair=(2,3) lam_t=1.00722 lam_s=1.00896 tsr_diff=0.000074 integral_mean=0.000005 integral_std=0.000151 log_ratio=0.0000 accept=1.0000 swapped=True
i=2 pair=(4,5) lam_t=1.00961 lam_s=1.00986 tsr_diff=0.000010 integral_mean=-0.000001 integral_std=0.000021 log_ratio=-0.0018 accept=0.9982 swapped=True
i=2 pair=(6,7) lam_t=1.00995 lam_s=1.01000 tsr_diff=0.000002 integral_mean=-0.000000 integral_std=0.000005 log_ratio=-0.0003 accept=0.9997 swapped=True
i=2 pair=(1,0) lam_t=0.99000 lam_s=1.00254 tsr_diff=0.000530 integral_mean=-0.000004 integral_std=0.001008 log_ratio=-0.0094 accept=0.9906 swapped=True
i=2 pair=(3,2) lam_t=1.00722 lam_s=1.00896 tsr_diff=0.000074 integral_mean=-0.000004 integral_std=0.000158 log_ratio=-0.0101 accept=0.9900 swapped=True
i=2 pair=(5,4) lam_t=1.00961 lam_s=1.00986 tsr_diff=0.000010 integral_mean=0.000000 integral_std=0.000021 log_ratio=0.0000 accept=1.0000 swapped=True
i=2 pair=(7,6) lam_t=1.00995 lam_s=1.01000 tsr_diff=0.000002 integral_mean=0.000000 integral_std=0.000005 log_ratio=0.0000 accept=1.0000 swapped=True
i=3 pair=(1,2) lam_t=1.00254 lam_s=1.00722 tsr_diff=0.000436 integral_mean=-0.000045 integral_std=0.000865 log_ratio=-0.1073 accept=0.8983 swapped=True
i=3 pair=(3,4) lam_t=1.00896 lam_s=1.00961 tsr_diff=0.000060 integral_mean=-0.000002 integral_std=0.000128 log_ratio=-0.0041 accept=0.9959 swapped=True
i=3 pair=(5,6) lam_t=1.00986 lam_s=1.00995 tsr_diff=0.000008 integral_mean=0.000000 integral_std=0.000017 log_ratio=0.0000 accept=1.0000 swapped=True
i=3 pair=(2,1) lam_t=1.00254 lam_s=1.00722 tsr_diff=0.000436 integral_mean=0.000039 integral_std=0.000891 log_ratio=0.0000 accept=1.0000 swapped=True
i=3 pair=(4,3) lam_t=1.00896 lam_s=1.00961 tsr_diff=0.000060 integral_mean=0.000001 integral_std=0.000118 log_ratio=0.0000 accept=1.0000 swapped=True
i=3 pair=(6,5) lam_t=1.00986 lam_s=1.00995 tsr_diff=0.000008 integral_mean=0.000000 integral_std=0.000017 log_ratio=0.0000 accept=1.0000 swapped=True
i=4 pair=(0,1) lam_t=0.99000 lam_s=1.00254 tsr_diff=0.002032 integral_mean=0.000015 integral_std=0.004104 log_ratio=0.0000 accept=1.0000 swapped=True
i=4 pair=(2,3) lam_t=1.00722 lam_s=1.00896 tsr_diff=0.000281 integral_mean=0.000127 integral_std=0.000752 log_ratio=0.0000 accept=1.0000 swapped=True
i=4 pair=(4,5) lam_t=1.00961 lam_s=1.00986 tsr_diff=0.000039 integral_mean=0.000001 integral_std=0.000078 log_ratio=0.0000 accept=1.0000 swapped=True
i=4 pair=(6,7) lam_t=1.00995 lam_s=1.01000 tsr_diff=0.000009 integral_mean=0.000000 integral_std=0.000018 log_ratio=0.0000 accept=1.0000 swapped=True
i=4 pair=(1,0) lam_t=0.99000 lam_s=1.00254 tsr_diff=0.002032 integral_mean=0.000058 integral_std=0.004220 log_ratio=0.0000 accept=1.0000 swapped=True
i=4 pair=(3,2) lam_t=1.00722 lam_s=1.00896 tsr_diff=0.000281 integral_mean=-0.000051 integral_std=0.000720 log_ratio=-0.1222 accept=0.8850 swapped=True
i=4 pair=(5,4) lam_t=1.00961 lam_s=1.00986 tsr_diff=0.000039 integral_mean=-0.000011 integral_std=0.000091 log_ratio=-0.0265 accept=0.9739 swapped=True
i=4 pair=(7,6) lam_t=1.00995 lam_s=1.01000 tsr_diff=0.000009 integral_mean=0.000000 integral_std=0.000018 log_ratio=0.0000 accept=1.0000 swapped=True
i=5 pair=(1,2) lam_t=1.00254 lam_s=1.00722 tsr_diff=0.001142 integral_mean=-0.000246 integral_std=0.002591 log_ratio=-0.5900 accept=0.5543 swapped=True
i=5 pair=(3,4) lam_t=1.00896 lam_s=1.00961 tsr_diff=0.000158 integral_mean=-0.000096 integral_std=0.000511 log_ratio=-0.2312 accept=0.7936 swapped=False
i=5 pair=(5,6) lam_t=1.00986 lam_s=1.00995 tsr_diff=0.000022 integral_mean=-0.000001 integral_std=0.000045 log_ratio=-0.0014 accept=0.9986 swapped=True
i=5 pair=(2,1) lam_t=1.00254 lam_s=1.00722 tsr_diff=0.001142 integral_mean=0.000146 integral_std=0.002391 log_ratio=0.0000 accept=1.0000 swapped=True
i=5 pair=(3,4) lam_t=1.00896 lam_s=1.00961 tsr_diff=0.000158 integral_mean=-0.000041 integral_std=0.000389 log_ratio=-0.0979 accept=0.9067 swapped=True
i=5 pair=(6,5) lam_t=1.00986 lam_s=1.00995 tsr_diff=0.000022 integral_mean=-0.000000 integral_std=0.000045 log_ratio=-0.0007 accept=0.9993 swapped=True
i=6 pair=(0,1) lam_t=0.99000 lam_s=1.00254 tsr_diff=0.004257 integral_mean=0.000025 integral_std=0.008830 log_ratio=0.0000 accept=1.0000 swapped=True
i=6 pair=(2,4) lam_t=1.00722 lam_s=1.00896 tsr_diff=0.000587 integral_mean=-0.000013 integral_std=0.001387 log_ratio=-0.0322 accept=0.9683 swapped=True
i=6 pair=(3,5) lam_t=1.00961 lam_s=1.00986 tsr_diff=0.000081 integral_mean=0.000000 integral_std=0.000163 log_ratio=0.0000 accept=1.0000 swapped=True
i=6 pair=(6,7) lam_t=1.00995 lam_s=1.01000 tsr_diff=0.000018 integral_mean=-0.000001 integral_std=0.000038 log_ratio=-0.0013 accept=0.9987 swapped=True
i=6 pair=(1,0) lam_t=0.99000 lam_s=1.00254 tsr_diff=0.004257 integral_mean=0.000262 integral_std=0.009185 log_ratio=0.0000 accept=1.0000 swapped=True
i=6 pair=(4,2) lam_t=1.00722 lam_s=1.00896 tsr_diff=0.000587 integral_mean=0.000004 integral_std=0.001375 log_ratio=0.0000 accept=1.0000 swapped=True
i=6 pair=(5,3) lam_t=1.00961 lam_s=1.00986 tsr_diff=0.000081 integral_mean=-0.000000 integral_std=0.000164 log_ratio=-0.0010 accept=0.9990 swapped=True
i=6 pair=(7,6) lam_t=1.00995 lam_s=1.01000 tsr_diff=0.000018 integral_mean=0.000003 integral_std=0.000037 log_ratio=0.0000 accept=1.0000 swapped=True
i=7 pair=(1,2) lam_t=1.00254 lam_s=1.00722 tsr_diff=0.002045 integral_mean=-0.000326 integral_std=0.004584 log_ratio=-0.7832 accept=0.4570 swapped=True
i=7 pair=(4,3) lam_t=1.00896 lam_s=1.00961 tsr_diff=0.000283 integral_mean=0.000015 integral_std=0.000635 log_ratio=0.0000 accept=1.0000 swapped=True
i=7 pair=(5,6) lam_t=1.00986 lam_s=1.00995 tsr_diff=0.000039 integral_mean=0.000003 integral_std=0.000080 log_ratio=0.0000 accept=1.0000 swapped=True
i=7 pair=(2,1) lam_t=1.00254 lam_s=1.00722 tsr_diff=0.002045 integral_mean=0.000191 integral_std=0.004562 log_ratio=0.0000 accept=1.0000 swapped=True
i=7 pair=(3,4) lam_t=1.00896 lam_s=1.00961 tsr_diff=0.000283 integral_mean=-0.000007 integral_std=0.000610 log_ratio=-0.0175 accept=0.9827 swapped=True
i=7 pair=(6,5) lam_t=1.00986 lam_s=1.00995 tsr_diff=0.000039 integral_mean=-0.000001 integral_std=0.000077 log_ratio=-0.0029 accept=0.9971 swapped=True
i=8 pair=(0,1) lam_t=0.99000 lam_s=1.00254 tsr_diff=0.006833 integral_mean=-0.001157 integral_std=0.016315 log_ratio=-2.7775 accept=0.0622 swapped=False
i=8 pair=(2,4) lam_t=1.00722 lam_s=1.00896 tsr_diff=0.000937 integral_mean=0.000056 integral_std=0.002284 log_ratio=0.0000 accept=1.0000 swapped=True
i=8 pair=(3,5) lam_t=1.00961 lam_s=1.00986 tsr_diff=0.000130 integral_mean=0.000011 integral_std=0.000276 log_ratio=0.0000 accept=1.0000 swapped=True
i=8 pair=(6,7) lam_t=1.00995 lam_s=1.01000 tsr_diff=0.000029 integral_mean=-0.000001 integral_std=0.000056 log_ratio=-0.0023 accept=0.9977 swapped=True
i=8 pair=(0,1) lam_t=0.99000 lam_s=1.00254 tsr_diff=0.006833 integral_mean=-0.000178 integral_std=0.016070 log_ratio=-0.4269 accept=0.6525 swapped=True
i=8 pair=(4,2) lam_t=1.00722 lam_s=1.00896 tsr_diff=0.000937 integral_mean=-0.000138 integral_std=0.002191 log_ratio=-0.3311 accept=0.7182 swapped=True
i=8 pair=(5,3) lam_t=1.00961 lam_s=1.00986 tsr_diff=0.000130 integral_mean=-0.000012 integral_std=0.000290 log_ratio=-0.0294 accept=0.9710 swapped=True
i=8 pair=(7,6) lam_t=1.00995 lam_s=1.01000 tsr_diff=0.000029 integral_mean=0.000000 integral_std=0.000060 log_ratio=0.0000 accept=1.0000 swapped=True
i=9 pair=(0,2) lam_t=1.00254 lam_s=1.00722 tsr_diff=0.002993 integral_mean=-0.000482 integral_std=0.008377 log_ratio=-1.1561 accept=0.3147 swapped=True
i=9 pair=(4,3) lam_t=1.00896 lam_s=1.00961 tsr_diff=0.000414 integral_mean=-0.000072 integral_std=0.000997 log_ratio=-0.1721 accept=0.8419 swapped=True
i=9 pair=(5,6) lam_t=1.00986 lam_s=1.00995 tsr_diff=0.000057 integral_mean=-0.000003 integral_std=0.000115 log_ratio=-0.0073 accept=0.9927 swapped=True
i=9 pair=(2,0) lam_t=1.00254 lam_s=1.00722 tsr_diff=0.002993 integral_mean=0.000504 integral_std=0.008282 log_ratio=0.0000 accept=1.0000 swapped=True
i=9 pair=(3,4) lam_t=1.00896 lam_s=1.00961 tsr_diff=0.000414 integral_mean=0.000026 integral_std=0.000960 log_ratio=0.0000 accept=1.0000 swapped=True
i=9 pair=(6,5) lam_t=1.00986 lam_s=1.00995 tsr_diff=0.000057 integral_mean=0.000001 integral_std=0.000115 log_ratio=0.0000 accept=1.0000 swapped=True
i=10 pair=(1,0) lam_t=0.99000 lam_s=1.00254 tsr_diff=0.009326 integral_mean=-0.000740 integral_std=0.026320 log_ratio=-1.7768 accept=0.1692 swapped=True
i=10 pair=(2,4) lam_t=1.00722 lam_s=1.00896 tsr_diff=0.001273 integral_mean=0.000279 integral_std=0.003394 log_ratio=0.0000 accept=1.0000 swapped=True
i=10 pair=(3,5) lam_t=1.00961 lam_s=1.00986 tsr_diff=0.000177 integral_mean=0.000023 integral_std=0.000461 log_ratio=0.0000 accept=1.0000 swapped=True
i=10 pair=(6,7) lam_t=1.00995 lam_s=1.01000 tsr_diff=0.000039 integral_mean=-0.000006 integral_std=0.000090 log_ratio=-0.0154 accept=0.9847 swapped=True
i=10 pair=(0,1) lam_t=0.99000 lam_s=1.00254 tsr_diff=0.009326 integral_mean=-0.000073 integral_std=0.024854 log_ratio=-0.1746 accept=0.8398 swapped=True
i=10 pair=(4,2) lam_t=1.00722 lam_s=1.00896 tsr_diff=0.001273 integral_mean=-0.000228 integral_std=0.003433 log_ratio=-0.5468 accept=0.5788 swapped=False
i=10 pair=(5,3) lam_t=1.00961 lam_s=1.00986 tsr_diff=0.000177 integral_mean=-0.000035 integral_std=0.000463 log_ratio=-0.0848 accept=0.9187 swapped=True
i=10 pair=(7,6) lam_t=1.00995 lam_s=1.01000 tsr_diff=0.000039 integral_mean=0.000002 integral_std=0.000086 log_ratio=0.0000 accept=1.0000 swapped=True
i=11 pair=(0,4) lam_t=1.00254 lam_s=1.00722 tsr_diff=0.003825 integral_mean=0.000316 integral_std=0.011500 log_ratio=0.0000 accept=1.0000 swapped=True
i=11 pair=(2,3) lam_t=1.00896 lam_s=1.00961 tsr_diff=0.000528 integral_mean=0.000084 integral_std=0.001775 log_ratio=0.0000 accept=1.0000 swapped=True
i=11 pair=(5,6) lam_t=1.00986 lam_s=1.00995 tsr_diff=0.000073 integral_mean=-0.000001 integral_std=0.000151 log_ratio=-0.0017 accept=0.9983 swapped=True
i=11 pair=(4,0) lam_t=1.00254 lam_s=1.00722 tsr_diff=0.003825 integral_mean=-0.000736 integral_std=0.012018 log_ratio=-1.7673 accept=0.1708 swapped=False
i=11 pair=(3,2) lam_t=1.00896 lam_s=1.00961 tsr_diff=0.000528 integral_mean=-0.000034 integral_std=0.001548 log_ratio=-0.0820 accept=0.9213 swapped=True
i=11 pair=(6,5) lam_t=1.00986 lam_s=1.00995 tsr_diff=0.000073 integral_mean=-0.000000 integral_std=0.000145 log_ratio=-0.0010 accept=0.9990 swapped=True
i=12 pair=(1,4) lam_t=0.99000 lam_s=1.00254 tsr_diff=0.011313 integral_mean=0.001642 integral_std=0.040330 log_ratio=0.0000 accept=1.0000 swapped=True
i=12 pair=(0,2) lam_t=1.00722 lam_s=1.00896 tsr_diff=0.001539 integral_mean=-0.000573 integral_std=0.009396 log_ratio=-1.3742 accept=0.2530 swapped=False
i=12 pair=(3,5) lam_t=1.00961 lam_s=1.00986 tsr_diff=0.000213 integral_mean=0.000087 integral_std=0.000889 log_ratio=0.0000 accept=1.0000 swapped=True
i=12 pair=(6,7) lam_t=1.00995 lam_s=1.01000 tsr_diff=0.000047 integral_mean=-0.000022 integral_std=0.000145 log_ratio=-0.0524 accept=0.9490 swapped=True
i=12 pair=(4,1) lam_t=0.99000 lam_s=1.00254 tsr_diff=0.011313 integral_mean=-0.001066 integral_std=0.028456 log_ratio=-2.5591 accept=0.0774 swapped=False
i=12 pair=(0,2) lam_t=1.00722 lam_s=1.00896 tsr_diff=0.001539 integral_mean=0.000132 integral_std=0.008231 log_ratio=0.0000 accept=1.0000 swapped=True
i=12 pair=(5,3) lam_t=1.00961 lam_s=1.00986 tsr_diff=0.000213 integral_mean=-0.000059 integral_std=0.000772 log_ratio=-0.1420 accept=0.8677 swapped=False
i=12 pair=(7,6) lam_t=1.00995 lam_s=1.01000 tsr_diff=0.000047 integral_mean=0.000013 integral_std=0.000126 log_ratio=0.0000 accept=1.0000 swapped=True
i=13 pair=(1,2) lam_t=1.00254 lam_s=1.00722 tsr_diff=0.004402 integral_mean=-0.002028 integral_std=0.023032 log_ratio=-4.8673 accept=0.0077 swapped=False
i=13 pair=(0,5) lam_t=1.00896 lam_s=1.00961 tsr_diff=0.000607 integral_mean=0.000641 integral_std=0.004114 log_ratio=0.0000 accept=1.0000 swapped=True
i=13 pair=(3,6) lam_t=1.00986 lam_s=1.00995 tsr_diff=0.000084 integral_mean=0.000037 integral_std=0.000493 log_ratio=0.0000 accept=1.0000 swapped=True
i=13 pair=(1,2) lam_t=1.00254 lam_s=1.00722 tsr_diff=0.004402 integral_mean=-0.001624 integral_std=0.021217 log_ratio=-3.8975 accept=0.0203 swapped=False
i=13 pair=(5,0) lam_t=1.00896 lam_s=1.00961 tsr_diff=0.000607 integral_mean=-0.000577 integral_std=0.004894 log_ratio=-1.3859 accept=0.2501 swapped=False
i=13 pair=(6,3) lam_t=1.00986 lam_s=1.00995 tsr_diff=0.000084 integral_mean=-0.000069 integral_std=0.000492 log_ratio=-0.1645 accept=0.8483 swapped=True
i=14 pair=(4,1) lam_t=0.99000 lam_s=1.00254 tsr_diff=0.012453 integral_mean=0.004488 integral_std=0.095680 log_ratio=0.0000 accept=1.0000 swapped=True
i=14 pair=(2,5) lam_t=1.00722 lam_s=1.00896 tsr_diff=0.001690 integral_mean=0.004326 integral_std=0.042966 log_ratio=0.0000 accept=1.0000 swapped=True
i=14 pair=(0,3) lam_t=1.00961 lam_s=1.00986 tsr_diff=0.000234 integral_mean=0.000166 integral_std=0.004164 log_ratio=0.0000 accept=1.0000 swapped=True
i=14 pair=(6,7) lam_t=1.00995 lam_s=1.01000 tsr_diff=0.000052 integral_mean=-0.000058 integral_std=0.000417 log_ratio=-0.1397 accept=0.8696 swapped=True
i=14 pair=(1,4) lam_t=0.99000 lam_s=1.00254 tsr_diff=0.012453 integral_mean=0.000593 integral_std=0.067268 log_ratio=0.0000 accept=1.0000 swapped=True
i=14 pair=(5,2) lam_t=1.00722 lam_s=1.00896 tsr_diff=0.001690 integral_mean=-0.002785 integral_std=0.034799 log_ratio=-6.6850 accept=0.0012 swapped=False
i=14 pair=(3,0) lam_t=1.00961 lam_s=1.00986 tsr_diff=0.000234 integral_mean=-0.000290 integral_std=0.002895 log_ratio=-0.6962 accept=0.4985 swapped=True
i=14 pair=(7,6) lam_t=1.00995 lam_s=1.01000 tsr_diff=0.000052 integral_mean=0.000016 integral_std=0.000245 log_ratio=0.0000 accept=1.0000 swapped=True
Best Sample: 6 log probability -0.209
Saved 1 samples to: logs/pointmaze-giant-navigate-v0/inference/plans/release_H400_T256_LimitsNormalizer_b1_condFalse/2026-07-17 13:08:33/14/0.png
Saved 1 samples to: logs/pointmaze-giant-navigate-v0/inference/plans/release_H400_T256_LimitsNormalizer_b1_condFalse/2026-07-17 13:08:33/14/rollout.png
i=0 pair=(0,1) lam_t=0.99000 lam_s=1.00254 tsr_diff=0.000000 integral_mean=0.000000 integral_std=0.000000 log_ratio=0.0000 accept=1.0000 swapped=True
i=0 pair=(2,3) lam_t=1.00722 lam_s=1.00896 tsr_diff=0.000000 integral_mean=0.000000 integral_std=0.000000 log_ratio=0.0000 accept=1.0000 swapped=True
i=0 pair=(4,5) lam_t=1.00961 lam_s=1.00986 tsr_diff=0.000000 integral_mean=0.000000 integral_std=0.000000 log_ratio=0.0000 accept=1.0000 swapped=True
i=0 pair=(6,7) lam_t=1.00995 lam_s=1.01000 tsr_diff=0.000000 integral_mean=0.000000 integral_std=0.000000 log_ratio=0.0000 accept=1.0000 swapped=True
i=0 pair=(1,0) lam_t=0.99000 lam_s=1.00254 tsr_diff=0.000000 integral_mean=0.000000 integral_std=0.000000 log_ratio=0.0000 accept=1.0000 swapped=True
i=0 pair=(3,2) lam_t=1.00722 lam_s=1.00896 tsr_diff=0.000000 integral_mean=0.000000 integral_std=0.000000 log_ratio=0.0000 accept=1.0000 swapped=True
i=0 pair=(5,4) lam_t=1.00961 lam_s=1.00986 tsr_diff=0.000000 integral_mean=0.000000 integral_std=0.000000 log_ratio=0.0000 accept=1.0000 swapped=True
i=0 pair=(7,6) lam_t=1.00995 lam_s=1.01000 tsr_diff=0.000000 integral_mean=0.000000 integral_std=0.000000 log_ratio=0.0000 accept=1.0000 swapped=True
i=1 pair=(1,2) lam_t=1.00254 lam_s=1.00722 tsr_diff=0.000050 integral_mean=-0.000002 integral_std=0.000100 log_ratio=-0.0054 accept=0.9946 swapped=True
i=1 pair=(3,4) lam_t=1.00896 lam_s=1.00961 tsr_diff=0.000007 integral_mean=0.000000 integral_std=0.000014 log_ratio=0.0000 accept=1.0000 swapped=True
i=1 pair=(5,6) lam_t=1.00986 lam_s=1.00995 tsr_diff=0.000001 integral_mean=-0.000000 integral_std=0.000002 log_ratio=-0.0000 accept=1.0000 swapped=True
i=1 pair=(2,1) lam_t=1.00254 lam_s=1.00722 tsr_diff=0.000050 integral_mean=0.000002 integral_std=0.000103 log_ratio=0.0000 accept=1.0000 swapped=True
i=1 pair=(4,3) lam_t=1.00896 lam_s=1.00961 tsr_diff=0.000007 integral_mean=0.000000 integral_std=0.000013 log_ratio=0.0000 accept=1.0000 swapped=True
i=1 pair=(6,5) lam_t=1.00986 lam_s=1.00995 tsr_diff=0.000001 integral_mean=0.000000 integral_std=0.000002 log_ratio=0.0000 accept=1.0000 swapped=True
i=2 pair=(0,1) lam_t=0.99000 lam_s=1.00254 tsr_diff=0.000530 integral_mean=-0.000078 integral_std=0.001113 log_ratio=-0.1878 accept=0.8288 swapped=True
i=2 pair=(2,3) lam_t=1.00722 lam_s=1.00896 tsr_diff=0.000074 integral_mean=-0.000015 integral_std=0.000155 log_ratio=-0.0348 accept=0.9658 swapped=True
i=2 pair=(4,5) lam_t=1.00961 lam_s=1.00986 tsr_diff=0.000010 integral_mean=-0.000001 integral_std=0.000021 log_ratio=-0.0013 accept=0.9987 swapped=True
i=2 pair=(6,7) lam_t=1.00995 lam_s=1.01000 tsr_diff=0.000002 integral_mean=-0.000001 integral_std=0.000005 log_ratio=-0.0014 accept=0.9986 swapped=True
i=2 pair=(1,0) lam_t=0.99000 lam_s=1.00254 tsr_diff=0.000530 integral_mean=-0.000012 integral_std=0.001134 log_ratio=-0.0291 accept=0.9713 swapped=True
i=2 pair=(3,2) lam_t=1.00722 lam_s=1.00896 tsr_diff=0.000074 integral_mean=0.000002 integral_std=0.000151 log_ratio=0.0000 accept=1.0000 swapped=True
i=2 pair=(5,4) lam_t=1.00961 lam_s=1.00986 tsr_diff=0.000010 integral_mean=-0.000001 integral_std=0.000020 log_ratio=-0.0014 accept=0.9986 swapped=True
i=2 pair=(7,6) lam_t=1.00995 lam_s=1.01000 tsr_diff=0.000002 integral_mean=0.000000 integral_std=0.000005 log_ratio=0.0000 accept=1.0000 swapped=True
i=3 pair=(1,2) lam_t=1.00254 lam_s=1.00722 tsr_diff=0.000436 integral_mean=0.000011 integral_std=0.000882 log_ratio=0.0000 accept=1.0000 swapped=True
i=3 pair=(3,4) lam_t=1.00896 lam_s=1.00961 tsr_diff=0.000060 integral_mean=0.000000 integral_std=0.000124 log_ratio=0.0000 accept=1.0000 swapped=True
i=3 pair=(5,6) lam_t=1.00986 lam_s=1.00995 tsr_diff=0.000008 integral_mean=-0.000005 integral_std=0.000023 log_ratio=-0.0126 accept=0.9875 swapped=True
i=3 pair=(2,1) lam_t=1.00254 lam_s=1.00722 tsr_diff=0.000436 integral_mean=-0.000014 integral_std=0.000919 log_ratio=-0.0341 accept=0.9665 swapped=True
i=3 pair=(4,3) lam_t=1.00896 lam_s=1.00961 tsr_diff=0.000060 integral_mean=0.000004 integral_std=0.000126 log_ratio=0.0000 accept=1.0000 swapped=True
i=3 pair=(6,5) lam_t=1.00986 lam_s=1.00995 tsr_diff=0.000008 integral_mean=0.000002 integral_std=0.000019 log_ratio=0.0000 accept=1.0000 swapped=True
i=4 pair=(0,1) lam_t=0.99000 lam_s=1.00254 tsr_diff=0.002032 integral_mean=-0.000014 integral_std=0.004187 log_ratio=-0.0339 accept=0.9667 swapped=True
i=4 pair=(2,3) lam_t=1.00722 lam_s=1.00896 tsr_diff=0.000281 integral_mean=0.000006 integral_std=0.000575 log_ratio=0.0000 accept=1.0000 swapped=True
i=4 pair=(4,5) lam_t=1.00961 lam_s=1.00986 tsr_diff=0.000039 integral_mean=0.000003 integral_std=0.000080 log_ratio=0.0000 accept=1.0000 swapped=True
i=4 pair=(6,7) lam_t=1.00995 lam_s=1.01000 tsr_diff=0.000009 integral_mean=0.000001 integral_std=0.000018 log_ratio=0.0000 accept=1.0000 swapped=True
i=4 pair=(1,0) lam_t=0.99000 lam_s=1.00254 tsr_diff=0.002032 integral_mean=-0.000178 integral_std=0.004131 log_ratio=-0.4264 accept=0.6528 swapped=False
i=4 pair=(3,2) lam_t=1.00722 lam_s=1.00896 tsr_diff=0.000281 integral_mean=-0.000002 integral_std=0.000572 log_ratio=-0.0059 accept=0.9941 swapped=True
i=4 pair=(5,4) lam_t=1.00961 lam_s=1.00986 tsr_diff=0.000039 integral_mean=-0.000003 integral_std=0.000076 log_ratio=-0.0066 accept=0.9934 swapped=True
i=4 pair=(7,6) lam_t=1.00995 lam_s=1.01000 tsr_diff=0.000009 integral_mean=-0.000001 integral_std=0.000018 log_ratio=-0.0026 accept=0.9974 swapped=True
i=5 pair=(0,2) lam_t=1.00254 lam_s=1.00722 tsr_diff=0.001142 integral_mean=0.000031 integral_std=0.002411 log_ratio=0.0000 accept=1.0000 swapped=True
i=5 pair=(3,4) lam_t=1.00896 lam_s=1.00961 tsr_diff=0.000158 integral_mean=-0.000008 integral_std=0.000322 log_ratio=-0.0187 accept=0.9814 swapped=True
i=5 pair=(5,6) lam_t=1.00986 lam_s=1.00995 tsr_diff=0.000022 integral_mean=-0.000002 integral_std=0.000046 log_ratio=-0.0057 accept=0.9943 swapped=True
i=5 pair=(2,0) lam_t=1.00254 lam_s=1.00722 tsr_diff=0.001142 integral_mean=-0.000043 integral_std=0.002418 log_ratio=-0.1035 accept=0.9017 swapped=True
i=5 pair=(4,3) lam_t=1.00896 lam_s=1.00961 tsr_diff=0.000158 integral_mean=0.000011 integral_std=0.000313 log_ratio=0.0000 accept=1.0000 swapped=True
i=5 pair=(6,5) lam_t=1.00986 lam_s=1.00995 tsr_diff=0.000022 integral_mean=0.000001 integral_std=0.000044 log_ratio=0.0000 accept=1.0000 swapped=True
i=6 pair=(1,0) lam_t=0.99000 lam_s=1.00254 tsr_diff=0.004257 integral_mean=-0.000132 integral_std=0.009544 log_ratio=-0.3160 accept=0.7290 swapped=True
i=6 pair=(2,3) lam_t=1.00722 lam_s=1.00896 tsr_diff=0.000587 integral_mean=0.000003 integral_std=0.001177 log_ratio=0.0000 accept=1.0000 swapped=True
i=6 pair=(4,5) lam_t=1.00961 lam_s=1.00986 tsr_diff=0.000081 integral_mean=0.000000 integral_std=0.000164 log_ratio=0.0000 accept=1.0000 swapped=True
i=6 pair=(6,7) lam_t=1.00995 lam_s=1.01000 tsr_diff=0.000018 integral_mean=-0.000001 integral_std=0.000036 log_ratio=-0.0023 accept=0.9977 swapped=True
i=6 pair=(0,1) lam_t=0.99000 lam_s=1.00254 tsr_diff=0.004257 integral_mean=0.000306 integral_std=0.008966 log_ratio=0.0000 accept=1.0000 swapped=True
i=6 pair=(3,2) lam_t=1.00722 lam_s=1.00896 tsr_diff=0.000587 integral_mean=-0.000001 integral_std=0.001158 log_ratio=-0.0024 accept=0.9976 swapped=True
i=6 pair=(5,4) lam_t=1.00961 lam_s=1.00986 tsr_diff=0.000081 integral_mean=0.000004 integral_std=0.000168 log_ratio=0.0000 accept=1.0000 swapped=True
i=6 pair=(7,6) lam_t=1.00995 lam_s=1.01000 tsr_diff=0.000018 integral_mean=0.000000 integral_std=0.000037 log_ratio=0.0000 accept=1.0000 swapped=True
i=7 pair=(0,2) lam_t=1.00254 lam_s=1.00722 tsr_diff=0.002045 integral_mean=0.000208 integral_std=0.004312 log_ratio=0.0000 accept=1.0000 swapped=True
i=7 pair=(3,4) lam_t=1.00896 lam_s=1.00961 tsr_diff=0.000283 integral_mean=-0.000001 integral_std=0.000574 log_ratio=-0.0033 accept=0.9967 swapped=True
i=7 pair=(5,6) lam_t=1.00986 lam_s=1.00995 tsr_diff=0.000039 integral_mean=0.000001 integral_std=0.000082 log_ratio=0.0000 accept=1.0000 swapped=True
i=7 pair=(2,0) lam_t=1.00254 lam_s=1.00722 tsr_diff=0.002045 integral_mean=-0.000131 integral_std=0.004167 log_ratio=-0.3150 accept=0.7298 swapped=False
i=7 pair=(4,3) lam_t=1.00896 lam_s=1.00961 tsr_diff=0.000283 integral_mean=-0.000004 integral_std=0.000559 log_ratio=-0.0105 accept=0.9896 swapped=True
i=7 pair=(6,5) lam_t=1.00986 lam_s=1.00995 tsr_diff=0.000039 integral_mean=-0.000002 integral_std=0.000080 log_ratio=-0.0036 accept=0.9964 swapped=True
i=8 pair=(1,2) lam_t=0.99000 lam_s=1.00254 tsr_diff=0.006833 integral_mean=0.000712 integral_std=0.014689 log_ratio=0.0000 accept=1.0000 swapped=True
i=8 pair=(0,3) lam_t=1.00722 lam_s=1.00896 tsr_diff=0.000937 integral_mean=0.000055 integral_std=0.001998 log_ratio=0.0000 accept=1.0000 swapped=True
i=8 pair=(4,5) lam_t=1.00961 lam_s=1.00986 tsr_diff=0.000130 integral_mean=-0.000007 integral_std=0.000259 log_ratio=-0.0177 accept=0.9824 swapped=True
i=8 pair=(6,7) lam_t=1.00995 lam_s=1.01000 tsr_diff=0.000029 integral_mean=-0.000004 integral_std=0.000067 log_ratio=-0.0096 accept=0.9904 swapped=True
i=8 pair=(2,1) lam_t=0.99000 lam_s=1.00254 tsr_diff=0.006833 integral_mean=-0.000721 integral_std=0.015064 log_ratio=-1.7315 accept=0.1770 swapped=True
i=8 pair=(3,0) lam_t=1.00722 lam_s=1.00896 tsr_diff=0.000937 integral_mean=-0.000038 integral_std=0.001960 log_ratio=-0.0911 accept=0.9130 swapped=True
i=8 pair=(5,4) lam_t=1.00961 lam_s=1.00986 tsr_diff=0.000130 integral_mean=0.000006 integral_std=0.000279 log_ratio=0.0000 accept=1.0000 swapped=True
i=8 pair=(7,6) lam_t=1.00995 lam_s=1.01000 tsr_diff=0.000029 integral_mean=0.000001 integral_std=0.000061 log_ratio=0.0000 accept=1.0000 swapped=True
i=9 pair=(2,0) lam_t=1.00254 lam_s=1.00722 tsr_diff=0.002993 integral_mean=-0.000110 integral_std=0.006701 log_ratio=-0.2638 accept=0.7681 swapped=False
i=9 pair=(3,4) lam_t=1.00896 lam_s=1.00961 tsr_diff=0.000414 integral_mean=-0.000027 integral_std=0.000855 log_ratio=-0.0652 accept=0.9369 swapped=True
i=9 pair=(5,6) lam_t=1.00986 lam_s=1.00995 tsr_diff=0.000057 integral_mean=0.000001 integral_std=0.000128 log_ratio=0.0000 accept=1.0000 swapped=True
i=9 pair=(2,0) lam_t=1.00254 lam_s=1.00722 tsr_diff=0.002993 integral_mean=-0.000162 integral_std=0.006936 log_ratio=-0.3891 accept=0.6776 swapped=True
i=9 pair=(4,3) lam_t=1.00896 lam_s=1.00961 tsr_diff=0.000414 integral_mean=0.000032 integral_std=0.000931 log_ratio=0.0000 accept=1.0000 swapped=True
i=9 pair=(6,5) lam_t=1.00986 lam_s=1.00995 tsr_diff=0.000057 integral_mean=-0.000000 integral_std=0.000121 log_ratio=-0.0005 accept=0.9995 swapped=True
i=10 pair=(1,0) lam_t=0.99000 lam_s=1.00254 tsr_diff=0.009326 integral_mean=-0.000470 integral_std=0.022744 log_ratio=-1.1287 accept=0.3235 swapped=False
i=10 pair=(2,3) lam_t=1.00722 lam_s=1.00896 tsr_diff=0.001273 integral_mean=-0.000036 integral_std=0.002512 log_ratio=-0.0855 accept=0.9180 swapped=False
i=10 pair=(4,5) lam_t=1.00961 lam_s=1.00986 tsr_diff=0.000177 integral_mean=0.000003 integral_std=0.000380 log_ratio=0.0000 accept=1.0000 swapped=True
i=10 pair=(6,7) lam_t=1.00995 lam_s=1.01000 tsr_diff=0.000039 integral_mean=-0.000003 integral_std=0.000096 log_ratio=-0.0067 accept=0.9933 swapped=True
i=10 pair=(1,0) lam_t=0.99000 lam_s=1.00254 tsr_diff=0.009326 integral_mean=-0.000409 integral_std=0.021820 log_ratio=-0.9811 accept=0.3749 swapped=False
i=10 pair=(2,3) lam_t=1.00722 lam_s=1.00896 tsr_diff=0.001273 integral_mean=-0.000040 integral_std=0.002443 log_ratio=-0.0964 accept=0.9081 swapped=True
i=10 pair=(5,4) lam_t=1.00961 lam_s=1.00986 tsr_diff=0.000177 integral_mean=0.000015 integral_std=0.000352 log_ratio=0.0000 accept=1.0000 swapped=True
i=10 pair=(7,6) lam_t=1.00995 lam_s=1.01000 tsr_diff=0.000039 integral_mean=0.000003 integral_std=0.000094 log_ratio=0.0000 accept=1.0000 swapped=True
i=11 pair=(0,3) lam_t=1.00254 lam_s=1.00722 tsr_diff=0.003825 integral_mean=0.000447 integral_std=0.009631 log_ratio=0.0000 accept=1.0000 swapped=True
i=11 pair=(2,4) lam_t=1.00896 lam_s=1.00961 tsr_diff=0.000528 integral_mean=-0.000018 integral_std=0.001047 log_ratio=-0.0422 accept=0.9587 swapped=True
i=11 pair=(5,6) lam_t=1.00986 lam_s=1.00995 tsr_diff=0.000073 integral_mean=-0.000000 integral_std=0.000178 log_ratio=-0.0010 accept=0.9990 swapped=True
i=11 pair=(3,0) lam_t=1.00254 lam_s=1.00722 tsr_diff=0.003825 integral_mean=-0.000438 integral_std=0.009584 log_ratio=-1.0524 accept=0.3491 swapped=False
i=11 pair=(4,2) lam_t=1.00896 lam_s=1.00961 tsr_diff=0.000528 integral_mean=0.000063 integral_std=0.001059 log_ratio=0.0000 accept=1.0000 swapped=True
i=11 pair=(6,5) lam_t=1.00986 lam_s=1.00995 tsr_diff=0.000073 integral_mean=0.000004 integral_std=0.000166 log_ratio=0.0000 accept=1.0000 swapped=True
i=12 pair=(1,3) lam_t=0.99000 lam_s=1.00254 tsr_diff=0.011313 integral_mean=0.004218 integral_std=0.041001 log_ratio=0.0000 accept=1.0000 swapped=True
i=12 pair=(0,2) lam_t=1.00722 lam_s=1.00896 tsr_diff=0.001539 integral_mean=0.000371 integral_std=0.005011 log_ratio=0.0000 accept=1.0000 swapped=True
i=12 pair=(4,5) lam_t=1.00961 lam_s=1.00986 tsr_diff=0.000213 integral_mean=-0.000003 integral_std=0.000434 log_ratio=-0.0075 accept=0.9925 swapped=True
i=12 pair=(6,7) lam_t=1.00995 lam_s=1.01000 tsr_diff=0.000047 integral_mean=-0.000008 integral_std=0.000154 log_ratio=-0.0191 accept=0.9810 swapped=True
i=12 pair=(3,1) lam_t=0.99000 lam_s=1.00254 tsr_diff=0.011313 integral_mean=-0.004497 integral_std=0.055233 log_ratio=-10.7918 accept=0.0000 swapped=False
i=12 pair=(2,0) lam_t=1.00722 lam_s=1.00896 tsr_diff=0.001539 integral_mean=-0.000273 integral_std=0.004409 log_ratio=-0.6553 accept=0.5193 swapped=True
i=12 pair=(5,4) lam_t=1.00961 lam_s=1.00986 tsr_diff=0.000213 integral_mean=0.000013 integral_std=0.000436 log_ratio=0.0000 accept=1.0000 swapped=True
i=12 pair=(7,6) lam_t=1.00995 lam_s=1.01000 tsr_diff=0.000047 integral_mean=0.000004 integral_std=0.000134 log_ratio=0.0000 accept=1.0000 swapped=True
i=13 pair=(1,0) lam_t=1.00254 lam_s=1.00722 tsr_diff=0.004402 integral_mean=0.004145 integral_std=0.046861 log_ratio=0.0000 accept=1.0000 swapped=True
i=13 pair=(2,4) lam_t=1.00896 lam_s=1.00961 tsr_diff=0.000607 integral_mean=-0.000062 integral_std=0.001308 log_ratio=-0.1493 accept=0.8613 swapped=True
i=13 pair=(5,6) lam_t=1.00986 lam_s=1.00995 tsr_diff=0.000084 integral_mean=-0.000001 integral_std=0.000208 log_ratio=-0.0030 accept=0.9970 swapped=True
i=13 pair=(0,1) lam_t=1.00254 lam_s=1.00722 tsr_diff=0.004402 integral_mean=-0.001843 integral_std=0.021512 log_ratio=-4.4227 accept=0.0120 swapped=False
i=13 pair=(4,2) lam_t=1.00896 lam_s=1.00961 tsr_diff=0.000607 integral_mean=0.000020 integral_std=0.001290 log_ratio=0.0000 accept=1.0000 swapped=True
i=13 pair=(6,5) lam_t=1.00986 lam_s=1.00995 tsr_diff=0.000084 integral_mean=0.000005 integral_std=0.000179 log_ratio=0.0000 accept=1.0000 swapped=True
i=14 pair=(3,0) lam_t=0.99000 lam_s=1.00254 tsr_diff=0.012453 integral_mean=-0.010094 integral_std=0.097029 log_ratio=-24.2246 accept=0.0000 swapped=False
i=14 pair=(1,2) lam_t=1.00722 lam_s=1.00896 tsr_diff=0.001690 integral_mean=0.003574 integral_std=0.033162 log_ratio=0.0000 accept=1.0000 swapped=True
i=14 pair=(4,5) lam_t=1.00961 lam_s=1.00986 tsr_diff=0.000234 integral_mean=-0.000003 integral_std=0.000551 log_ratio=-0.0078 accept=0.9923 swapped=True
i=14 pair=(6,7) lam_t=1.00995 lam_s=1.01000 tsr_diff=0.000052 integral_mean=-0.000040 integral_std=0.000507 log_ratio=-0.0958 accept=0.9087 swapped=False
i=14 pair=(3,0) lam_t=0.99000 lam_s=1.00254 tsr_diff=0.012453 integral_mean=-0.006260 integral_std=0.083281 log_ratio=-15.0231 accept=0.0000 swapped=False
i=14 pair=(2,1) lam_t=1.00722 lam_s=1.00896 tsr_diff=0.001690 integral_mean=-0.003930 integral_std=0.040520 log_ratio=-9.4312 accept=0.0001 swapped=False
i=14 pair=(5,4) lam_t=1.00961 lam_s=1.00986 tsr_diff=0.000234 integral_mean=0.000001 integral_std=0.000541 log_ratio=0.0000 accept=1.0000 swapped=True
i=14 pair=(6,7) lam_t=1.00995 lam_s=1.01000 tsr_diff=0.000052 integral_mean=-0.000028 integral_std=0.000416 log_ratio=-0.0664 accept=0.9358 swapped=True
Best Sample: 3 log probability 0.000
Saved 1 samples to: logs/pointmaze-giant-navigate-v0/inference/plans/release_H400_T256_LimitsNormalizer_b1_condFalse/2026-07-17 13:08:33/15/0.png
Saved 1 samples to: logs/pointmaze-giant-navigate-v0/inference/plans/release_H400_T256_LimitsNormalizer_b1_condFalse/2026-07-17 13:08:33/15/rollout.png
i=0 pair=(0,1) lam_t=0.99000 lam_s=1.00254 tsr_diff=0.000000 integral_mean=0.000000 integral_std=0.000000 log_ratio=0.0000 accept=1.0000 swapped=True
i=0 pair=(2,3) lam_t=1.00722 lam_s=1.00896 tsr_diff=0.000000 integral_mean=0.000000 integral_std=0.000000 log_ratio=0.0000 accept=1.0000 swapped=True
i=0 pair=(4,5) lam_t=1.00961 lam_s=1.00986 tsr_diff=0.000000 integral_mean=0.000000 integral_std=0.000000 log_ratio=0.0000 accept=1.0000 swapped=True
i=0 pair=(6,7) lam_t=1.00995 lam_s=1.01000 tsr_diff=0.000000 integral_mean=0.000000 integral_std=0.000000 log_ratio=0.0000 accept=1.0000 swapped=True
i=0 pair=(1,0) lam_t=0.99000 lam_s=1.00254 tsr_diff=0.000000 integral_mean=0.000000 integral_std=0.000000 log_ratio=0.0000 accept=1.0000 swapped=True
i=0 pair=(3,2) lam_t=1.00722 lam_s=1.00896 tsr_diff=0.000000 integral_mean=0.000000 integral_std=0.000000 log_ratio=0.0000 accept=1.0000 swapped=True
i=0 pair=(5,4) lam_t=1.00961 lam_s=1.00986 tsr_diff=0.000000 integral_mean=0.000000 integral_std=0.000000 log_ratio=0.0000 accept=1.0000 swapped=True
i=0 pair=(7,6) lam_t=1.00995 lam_s=1.01000 tsr_diff=0.000000 integral_mean=0.000000 integral_std=0.000000 log_ratio=0.0000 accept=1.0000 swapped=True
i=1 pair=(1,2) lam_t=1.00254 lam_s=1.00722 tsr_diff=0.000050 integral_mean=0.000001 integral_std=0.000102 log_ratio=0.0000 accept=1.0000 swapped=True
i=1 pair=(3,4) lam_t=1.00896 lam_s=1.00961 tsr_diff=0.000007 integral_mean=0.000000 integral_std=0.000014 log_ratio=0.0000 accept=1.0000 swapped=True
i=1 pair=(5,6) lam_t=1.00986 lam_s=1.00995 tsr_diff=0.000001 integral_mean=-0.000000 integral_std=0.000002 log_ratio=-0.0000 accept=1.0000 swapped=True
i=1 pair=(2,1) lam_t=1.00254 lam_s=1.00722 tsr_diff=0.000050 integral_mean=0.000001 integral_std=0.000098 log_ratio=0.0000 accept=1.0000 swapped=True
i=1 pair=(4,3) lam_t=1.00896 lam_s=1.00961 tsr_diff=0.000007 integral_mean=-0.000000 integral_std=0.000014 log_ratio=-0.0010 accept=0.9990 swapped=True
i=1 pair=(6,5) lam_t=1.00986 lam_s=1.00995 tsr_diff=0.000001 integral_mean=-0.000000 integral_std=0.000002 log_ratio=-0.0000 accept=1.0000 swapped=True
i=2 pair=(0,1) lam_t=0.99000 lam_s=1.00254 tsr_diff=0.000530 integral_mean=0.000008 integral_std=0.001086 log_ratio=0.0000 accept=1.0000 swapped=True
i=2 pair=(2,3) lam_t=1.00722 lam_s=1.00896 tsr_diff=0.000074 integral_mean=-0.000008 integral_std=0.000160 log_ratio=-0.0180 accept=0.9821 swapped=True
i=2 pair=(4,5) lam_t=1.00961 lam_s=1.00986 tsr_diff=0.000010 integral_mean=0.000001 integral_std=0.000021 log_ratio=0.0000 accept=1.0000 swapped=True
i=2 pair=(6,7) lam_t=1.00995 lam_s=1.01000 tsr_diff=0.000002 integral_mean=0.000000 integral_std=0.000005 log_ratio=0.0000 accept=1.0000 swapped=True
i=2 pair=(1,0) lam_t=0.99000 lam_s=1.00254 tsr_diff=0.000530 integral_mean=0.000019 integral_std=0.001061 log_ratio=0.0000 accept=1.0000 swapped=True
i=2 pair=(3,2) lam_t=1.00722 lam_s=1.00896 tsr_diff=0.000074 integral_mean=0.000013 integral_std=0.000153 log_ratio=0.0000 accept=1.0000 swapped=True
i=2 pair=(5,4) lam_t=1.00961 lam_s=1.00986 tsr_diff=0.000010 integral_mean=0.000000 integral_std=0.000020 log_ratio=0.0000 accept=1.0000 swapped=True
i=2 pair=(7,6) lam_t=1.00995 lam_s=1.01000 tsr_diff=0.000002 integral_mean=0.000000 integral_std=0.000005 log_ratio=0.0000 accept=1.0000 swapped=True
i=3 pair=(1,2) lam_t=1.00254 lam_s=1.00722 tsr_diff=0.000436 integral_mean=-0.000008 integral_std=0.000881 log_ratio=-0.0195 accept=0.9807 swapped=True
i=3 pair=(3,4) lam_t=1.00896 lam_s=1.00961 tsr_diff=0.000060 integral_mean=0.000006 integral_std=0.000125 log_ratio=0.0000 accept=1.0000 swapped=True
i=3 pair=(5,6) lam_t=1.00986 lam_s=1.00995 tsr_diff=0.000008 integral_mean=0.000000 integral_std=0.000017 log_ratio=0.0000 accept=1.0000 swapped=True
i=3 pair=(2,1) lam_t=1.00254 lam_s=1.00722 tsr_diff=0.000436 integral_mean=-0.000267 integral_std=0.001252 log_ratio=-0.6412 accept=0.5267 swapped=False
i=3 pair=(4,3) lam_t=1.00896 lam_s=1.00961 tsr_diff=0.000060 integral_mean=-0.000005 integral_std=0.000127 log_ratio=-0.0128 accept=0.9873 swapped=True
i=3 pair=(6,5) lam_t=1.00986 lam_s=1.00995 tsr_diff=0.000008 integral_mean=0.000000 integral_std=0.000018 log_ratio=0.0000 accept=1.0000 swapped=True
i=4 pair=(0,2) lam_t=0.99000 lam_s=1.00254 tsr_diff=0.002032 integral_mean=0.000002 integral_std=0.004329 log_ratio=0.0000 accept=1.0000 swapped=True
i=4 pair=(1,3) lam_t=1.00722 lam_s=1.00896 tsr_diff=0.000281 integral_mean=0.000093 integral_std=0.000818 log_ratio=0.0000 accept=1.0000 swapped=True
i=4 pair=(4,5) lam_t=1.00961 lam_s=1.00986 tsr_diff=0.000039 integral_mean=0.000017 integral_std=0.000106 log_ratio=0.0000 accept=1.0000 swapped=True
i=4 pair=(6,7) lam_t=1.00995 lam_s=1.01000 tsr_diff=0.000009 integral_mean=-0.000001 integral_std=0.000020 log_ratio=-0.0030 accept=0.9970 swapped=True
i=4 pair=(2,0) lam_t=0.99000 lam_s=1.00254 tsr_diff=0.002032 integral_mean=-0.000012 integral_std=0.004192 log_ratio=-0.0297 accept=0.9707 swapped=True
i=4 pair=(3,1) lam_t=1.00722 lam_s=1.00896 tsr_diff=0.000281 integral_mean=-0.000047 integral_std=0.000666 log_ratio=-0.1129 accept=0.8932 swapped=True
i=4 pair=(5,4) lam_t=1.00961 lam_s=1.00986 tsr_diff=0.000039 integral_mean=-0.000011 integral_std=0.000094 log_ratio=-0.0257 accept=0.9746 swapped=True
i=4 pair=(7,6) lam_t=1.00995 lam_s=1.01000 tsr_diff=0.000009 integral_mean=0.000001 integral_std=0.000019 log_ratio=0.0000 accept=1.0000 swapped=True
i=5 pair=(2,1) lam_t=1.00254 lam_s=1.00722 tsr_diff=0.001142 integral_mean=-0.000408 integral_std=0.002902 log_ratio=-0.9791 accept=0.3756 swapped=False
i=5 pair=(3,4) lam_t=1.00896 lam_s=1.00961 tsr_diff=0.000158 integral_mean=-0.000041 integral_std=0.000394 log_ratio=-0.0974 accept=0.9072 swapped=True
i=5 pair=(5,6) lam_t=1.00986 lam_s=1.00995 tsr_diff=0.000022 integral_mean=-0.000001 integral_std=0.000046 log_ratio=-0.0026 accept=0.9974 swapped=True
i=5 pair=(2,1) lam_t=1.00254 lam_s=1.00722 tsr_diff=0.001142 integral_mean=-0.000143 integral_std=0.002672 log_ratio=-0.3429 accept=0.7097 swapped=True
i=5 pair=(4,3) lam_t=1.00896 lam_s=1.00961 tsr_diff=0.000158 integral_mean=0.000004 integral_std=0.000344 log_ratio=0.0000 accept=1.0000 swapped=True
i=5 pair=(6,5) lam_t=1.00986 lam_s=1.00995 tsr_diff=0.000022 integral_mean=0.000000 integral_std=0.000047 log_ratio=0.0000 accept=1.0000 swapped=True
i=6 pair=(0,1) lam_t=0.99000 lam_s=1.00254 tsr_diff=0.004257 integral_mean=-0.000348 integral_std=0.009374 log_ratio=-0.8348 accept=0.4339 swapped=False
i=6 pair=(2,3) lam_t=1.00722 lam_s=1.00896 tsr_diff=0.000587 integral_mean=0.000022 integral_std=0.001329 log_ratio=0.0000 accept=1.0000 swapped=True
i=6 pair=(4,5) lam_t=1.00961 lam_s=1.00986 tsr_diff=0.000081 integral_mean=0.000005 integral_std=0.000189 log_ratio=0.0000 accept=1.0000 swapped=True
i=6 pair=(6,7) lam_t=1.00995 lam_s=1.01000 tsr_diff=0.000018 integral_mean=-0.000001 integral_std=0.000040 log_ratio=-0.0026 accept=0.9974 swapped=True
i=6 pair=(0,1) lam_t=0.99000 lam_s=1.00254 tsr_diff=0.004257 integral_mean=-0.000260 integral_std=0.009034 log_ratio=-0.6232 accept=0.5362 swapped=True
i=6 pair=(3,2) lam_t=1.00722 lam_s=1.00896 tsr_diff=0.000587 integral_mean=-0.000002 integral_std=0.001276 log_ratio=-0.0037 accept=0.9963 swapped=True
i=6 pair=(5,4) lam_t=1.00961 lam_s=1.00986 tsr_diff=0.000081 integral_mean=0.000022 integral_std=0.000216 log_ratio=0.0000 accept=1.0000 swapped=True
i=6 pair=(7,6) lam_t=1.00995 lam_s=1.01000 tsr_diff=0.000018 integral_mean=0.000002 integral_std=0.000039 log_ratio=0.0000 accept=1.0000 swapped=True
i=7 pair=(0,2) lam_t=1.00254 lam_s=1.00722 tsr_diff=0.002045 integral_mean=0.000029 integral_std=0.004478 log_ratio=0.0000 accept=1.0000 swapped=True
i=7 pair=(3,4) lam_t=1.00896 lam_s=1.00961 tsr_diff=0.000283 integral_mean=-0.000007 integral_std=0.000606 log_ratio=-0.0174 accept=0.9828 swapped=True
i=7 pair=(5,6) lam_t=1.00986 lam_s=1.00995 tsr_diff=0.000039 integral_mean=0.000014 integral_std=0.000106 log_ratio=0.0000 accept=1.0000 swapped=True
i=7 pair=(2,0) lam_t=1.00254 lam_s=1.00722 tsr_diff=0.002045 integral_mean=0.000003 integral_std=0.004293 log_ratio=0.0000 accept=1.0000 swapped=True
i=7 pair=(4,3) lam_t=1.00896 lam_s=1.00961 tsr_diff=0.000283 integral_mean=0.000008 integral_std=0.000605 log_ratio=0.0000 accept=1.0000 swapped=True
i=7 pair=(6,5) lam_t=1.00986 lam_s=1.00995 tsr_diff=0.000039 integral_mean=-0.000009 integral_std=0.000095 log_ratio=-0.0225 accept=0.9777 swapped=True
i=8 pair=(1,0) lam_t=0.99000 lam_s=1.00254 tsr_diff=0.006833 integral_mean=0.000432 integral_std=0.014620 log_ratio=0.0000 accept=1.0000 swapped=True
i=8 pair=(2,3) lam_t=1.00722 lam_s=1.00896 tsr_diff=0.000937 integral_mean=-0.000044 integral_std=0.002086 log_ratio=-0.1059 accept=0.8995 swapped=True
i=8 pair=(4,5) lam_t=1.00961 lam_s=1.00986 tsr_diff=0.000130 integral_mean=-0.000016 integral_std=0.000352 log_ratio=-0.0385 accept=0.9622 swapped=True
i=8 pair=(6,7) lam_t=1.00995 lam_s=1.01000 tsr_diff=0.000029 integral_mean=-0.000005 integral_std=0.000075 log_ratio=-0.0119 accept=0.9881 swapped=True
i=8 pair=(0,1) lam_t=0.99000 lam_s=1.00254 tsr_diff=0.006833 integral_mean=-0.000447 integral_std=0.013953 log_ratio=-1.0723 accept=0.3422 swapped=False
i=8 pair=(3,2) lam_t=1.00722 lam_s=1.00896 tsr_diff=0.000937 integral_mean=0.000036 integral_std=0.002029 log_ratio=0.0000 accept=1.0000 swapped=True
i=8 pair=(5,4) lam_t=1.00961 lam_s=1.00986 tsr_diff=0.000130 integral_mean=0.000013 integral_std=0.000327 log_ratio=0.0000 accept=1.0000 swapped=True
i=8 pair=(7,6) lam_t=1.00995 lam_s=1.01000 tsr_diff=0.000029 integral_mean=-0.000000 integral_std=0.000072 log_ratio=-0.0001 accept=0.9999 swapped=True
i=9 pair=(1,2) lam_t=1.00254 lam_s=1.00722 tsr_diff=0.002993 integral_mean=-0.000030 integral_std=0.006769 log_ratio=-0.0711 accept=0.9313 swapped=True
i=9 pair=(3,4) lam_t=1.00896 lam_s=1.00961 tsr_diff=0.000414 integral_mean=0.000005 integral_std=0.000977 log_ratio=0.0000 accept=1.0000 swapped=True
i=9 pair=(5,6) lam_t=1.00986 lam_s=1.00995 tsr_diff=0.000057 integral_mean=-0.000004 integral_std=0.000146 log_ratio=-0.0093 accept=0.9908 swapped=True
i=9 pair=(2,1) lam_t=1.00254 lam_s=1.00722 tsr_diff=0.002993 integral_mean=0.000060 integral_std=0.007096 log_ratio=0.0000 accept=1.0000 swapped=True
i=9 pair=(4,3) lam_t=1.00896 lam_s=1.00961 tsr_diff=0.000414 integral_mean=0.000020 integral_std=0.000934 log_ratio=0.0000 accept=1.0000 swapped=True
i=9 pair=(6,5) lam_t=1.00986 lam_s=1.00995 tsr_diff=0.000057 integral_mean=0.000006 integral_std=0.000152 log_ratio=0.0000 accept=1.0000 swapped=True
i=10 pair=(0,1) lam_t=0.99000 lam_s=1.00254 tsr_diff=0.009326 integral_mean=-0.000380 integral_std=0.021153 log_ratio=-0.9124 accept=0.4016 swapped=False
i=10 pair=(2,3) lam_t=1.00722 lam_s=1.00896 tsr_diff=0.001273 integral_mean=0.000032 integral_std=0.003275 log_ratio=0.0000 accept=1.0000 swapped=True
i=10 pair=(4,5) lam_t=1.00961 lam_s=1.00986 tsr_diff=0.000177 integral_mean=0.000005 integral_std=0.000504 log_ratio=0.0000 accept=1.0000 swapped=True
i=10 pair=(6,7) lam_t=1.00995 lam_s=1.01000 tsr_diff=0.000039 integral_mean=0.000001 integral_std=0.000131 log_ratio=0.0000 accept=1.0000 swapped=True
i=10 pair=(0,1) lam_t=0.99000 lam_s=1.00254 tsr_diff=0.009326 integral_mean=0.000023 integral_std=0.020357 log_ratio=0.0000 accept=1.0000 swapped=True
i=10 pair=(3,2) lam_t=1.00722 lam_s=1.00896 tsr_diff=0.001273 integral_mean=-0.000051 integral_std=0.003219 log_ratio=-0.1226 accept=0.8846 swapped=True
i=10 pair=(5,4) lam_t=1.00961 lam_s=1.00986 tsr_diff=0.000177 integral_mean=0.000003 integral_std=0.000507 log_ratio=0.0000 accept=1.0000 swapped=True
i=10 pair=(7,6) lam_t=1.00995 lam_s=1.01000 tsr_diff=0.000039 integral_mean=-0.000004 integral_std=0.000121 log_ratio=-0.0099 accept=0.9902 swapped=True
i=11 pair=(0,2) lam_t=1.00254 lam_s=1.00722 tsr_diff=0.003825 integral_mean=-0.000489 integral_std=0.011606 log_ratio=-1.1730 accept=0.3094 swapped=True
i=11 pair=(3,4) lam_t=1.00896 lam_s=1.00961 tsr_diff=0.000528 integral_mean=-0.000056 integral_std=0.001531 log_ratio=-0.1335 accept=0.8751 swapped=True
i=11 pair=(5,6) lam_t=1.00986 lam_s=1.00995 tsr_diff=0.000073 integral_mean=-0.000023 integral_std=0.000265 log_ratio=-0.0550 accept=0.9465 swapped=True
i=11 pair=(2,0) lam_t=1.00254 lam_s=1.00722 tsr_diff=0.003825 integral_mean=0.000429 integral_std=0.009294 log_ratio=0.0000 accept=1.0000 swapped=True
i=11 pair=(4,3) lam_t=1.00896 lam_s=1.00961 tsr_diff=0.000528 integral_mean=0.000015 integral_std=0.001437 log_ratio=0.0000 accept=1.0000 swapped=True
i=11 pair=(6,5) lam_t=1.00986 lam_s=1.00995 tsr_diff=0.000073 integral_mean=0.000024 integral_std=0.000292 log_ratio=0.0000 accept=1.0000 swapped=True
i=12 pair=(1,0) lam_t=0.99000 lam_s=1.00254 tsr_diff=0.011313 integral_mean=-0.001189 integral_std=0.028308 log_ratio=-2.8536 accept=0.0576 swapped=False
i=12 pair=(2,3) lam_t=1.00722 lam_s=1.00896 tsr_diff=0.001539 integral_mean=0.000691 integral_std=0.006872 log_ratio=0.0000 accept=1.0000 swapped=True
i=12 pair=(4,5) lam_t=1.00961 lam_s=1.00986 tsr_diff=0.000213 integral_mean=-0.000019 integral_std=0.000847 log_ratio=-0.0450 accept=0.9560 swapped=True
i=12 pair=(6,7) lam_t=1.00995 lam_s=1.01000 tsr_diff=0.000047 integral_mean=-0.000007 integral_std=0.000246 log_ratio=-0.0172 accept=0.9830 swapped=True
i=12 pair=(1,0) lam_t=0.99000 lam_s=1.00254 tsr_diff=0.011313 integral_mean=-0.000644 integral_std=0.028521 log_ratio=-1.5448 accept=0.2134 swapped=False
i=12 pair=(3,2) lam_t=1.00722 lam_s=1.00896 tsr_diff=0.001539 integral_mean=-0.000335 integral_std=0.005552 log_ratio=-0.8029 accept=0.4480 swapped=True
i=12 pair=(5,4) lam_t=1.00961 lam_s=1.00986 tsr_diff=0.000213 integral_mean=0.000001 integral_std=0.000812 log_ratio=0.0000 accept=1.0000 swapped=True
i=12 pair=(7,6) lam_t=1.00995 lam_s=1.01000 tsr_diff=0.000047 integral_mean=0.000010 integral_std=0.000213 log_ratio=0.0000 accept=1.0000 swapped=True
i=13 pair=(0,2) lam_t=1.00254 lam_s=1.00722 tsr_diff=0.004402 integral_mean=-0.000694 integral_std=0.022750 log_ratio=-1.6654 accept=0.1891 swapped=False
i=13 pair=(3,4) lam_t=1.00896 lam_s=1.00961 tsr_diff=0.000607 integral_mean=-0.000015 integral_std=0.002721 log_ratio=-0.0349 accept=0.9657 swapped=True
i=13 pair=(5,6) lam_t=1.00986 lam_s=1.00995 tsr_diff=0.000084 integral_mean=-0.000019 integral_std=0.000855 log_ratio=-0.0458 accept=0.9553 swapped=True
i=13 pair=(0,2) lam_t=1.00254 lam_s=1.00722 tsr_diff=0.004402 integral_mean=-0.001132 integral_std=0.019001 log_ratio=-2.7158 accept=0.0662 swapped=False
i=13 pair=(4,3) lam_t=1.00896 lam_s=1.00961 tsr_diff=0.000607 integral_mean=-0.000067 integral_std=0.002730 log_ratio=-0.1619 accept=0.8505 swapped=True
i=13 pair=(6,5) lam_t=1.00986 lam_s=1.00995 tsr_diff=0.000084 integral_mean=0.000028 integral_std=0.000519 log_ratio=0.0000 accept=1.0000 swapped=True
i=14 pair=(1,0) lam_t=0.99000 lam_s=1.00254 tsr_diff=0.012453 integral_mean=0.000538 integral_std=0.061667 log_ratio=0.0000 accept=1.0000 swapped=True
i=14 pair=(2,3) lam_t=1.00722 lam_s=1.00896 tsr_diff=0.001690 integral_mean=0.001041 integral_std=0.019723 log_ratio=0.0000 accept=1.0000 swapped=True
i=14 pair=(4,5) lam_t=1.00961 lam_s=1.00986 tsr_diff=0.000234 integral_mean=-0.000298 integral_std=0.003141 log_ratio=-0.7150 accept=0.4892 swapped=False
i=14 pair=(6,7) lam_t=1.00995 lam_s=1.01000 tsr_diff=0.000052 integral_mean=-0.000114 integral_std=0.001021 log_ratio=-0.2738 accept=0.7604 swapped=True
i=14 pair=(0,1) lam_t=0.99000 lam_s=1.00254 tsr_diff=0.012453 integral_mean=0.000217 integral_std=0.050387 log_ratio=0.0000 accept=1.0000 swapped=True
i=14 pair=(3,2) lam_t=1.00722 lam_s=1.00896 tsr_diff=0.001690 integral_mean=-0.001749 integral_std=0.025038 log_ratio=-4.1984 accept=0.0150 swapped=False
i=14 pair=(4,5) lam_t=1.00961 lam_s=1.00986 tsr_diff=0.000234 integral_mean=-0.000124 integral_std=0.002285 log_ratio=-0.2972 accept=0.7429 swapped=True
i=14 pair=(7,6) lam_t=1.00995 lam_s=1.01000 tsr_diff=0.000052 integral_mean=0.000129 integral_std=0.001181 log_ratio=0.0000 accept=1.0000 swapped=True
Best Sample: 0 log probability -11.551
Saved 1 samples to: logs/pointmaze-giant-navigate-v0/inference/plans/release_H400_T256_LimitsNormalizer_b1_condFalse/2026-07-17 13:08:33/16/0.png
Saved 1 samples to: logs/pointmaze-giant-navigate-v0/inference/plans/release_H400_T256_LimitsNormalizer_b1_condFalse/2026-07-17 13:08:33/16/rollout.png
i=0 pair=(0,1) lam_t=0.99000 lam_s=1.00254 tsr_diff=0.000000 integral_mean=0.000000 integral_std=0.000000 log_ratio=0.0000 accept=1.0000 swapped=True
i=0 pair=(2,3) lam_t=1.00722 lam_s=1.00896 tsr_diff=0.000000 integral_mean=0.000000 integral_std=0.000000 log_ratio=0.0000 accept=1.0000 swapped=True
i=0 pair=(4,5) lam_t=1.00961 lam_s=1.00986 tsr_diff=0.000000 integral_mean=0.000000 integral_std=0.000000 log_ratio=0.0000 accept=1.0000 swapped=True
i=0 pair=(6,7) lam_t=1.00995 lam_s=1.01000 tsr_diff=0.000000 integral_mean=0.000000 integral_std=0.000000 log_ratio=0.0000 accept=1.0000 swapped=True
i=0 pair=(1,0) lam_t=0.99000 lam_s=1.00254 tsr_diff=0.000000 integral_mean=0.000000 integral_std=0.000000 log_ratio=0.0000 accept=1.0000 swapped=True
i=0 pair=(3,2) lam_t=1.00722 lam_s=1.00896 tsr_diff=0.000000 integral_mean=0.000000 integral_std=0.000000 log_ratio=0.0000 accept=1.0000 swapped=True
i=0 pair=(5,4) lam_t=1.00961 lam_s=1.00986 tsr_diff=0.000000 integral_mean=0.000000 integral_std=0.000000 log_ratio=0.0000 accept=1.0000 swapped=True
i=0 pair=(7,6) lam_t=1.00995 lam_s=1.01000 tsr_diff=0.000000 integral_mean=0.000000 integral_std=0.000000 log_ratio=0.0000 accept=1.0000 swapped=True
i=1 pair=(1,2) lam_t=1.00254 lam_s=1.00722 tsr_diff=0.000050 integral_mean=-0.000000 integral_std=0.000104 log_ratio=-0.0003 accept=0.9997 swapped=True
i=1 pair=(3,4) lam_t=1.00896 lam_s=1.00961 tsr_diff=0.000007 integral_mean=-0.000000 integral_std=0.000015 log_ratio=-0.0010 accept=0.9990 swapped=True
i=1 pair=(5,6) lam_t=1.00986 lam_s=1.00995 tsr_diff=0.000001 integral_mean=0.000000 integral_std=0.000002 log_ratio=0.0000 accept=1.0000 swapped=True
i=1 pair=(2,1) lam_t=1.00254 lam_s=1.00722 tsr_diff=0.000050 integral_mean=-0.000001 integral_std=0.000099 log_ratio=-0.0023 accept=0.9977 swapped=True
i=1 pair=(4,3) lam_t=1.00896 lam_s=1.00961 tsr_diff=0.000007 integral_mean=-0.000000 integral_std=0.000014 log_ratio=-0.0008 accept=0.9992 swapped=True
i=1 pair=(6,5) lam_t=1.00986 lam_s=1.00995 tsr_diff=0.000001 integral_mean=-0.000000 integral_std=0.000002 log_ratio=-0.0001 accept=0.9999 swapped=True
i=2 pair=(0,1) lam_t=0.99000 lam_s=1.00254 tsr_diff=0.000530 integral_mean=0.000008 integral_std=0.001076 log_ratio=0.0000 accept=1.0000 swapped=True
i=2 pair=(2,3) lam_t=1.00722 lam_s=1.00896 tsr_diff=0.000074 integral_mean=-0.000003 integral_std=0.000141 log_ratio=-0.0083 accept=0.9918 swapped=True
i=2 pair=(4,5) lam_t=1.00961 lam_s=1.00986 tsr_diff=0.000010 integral_mean=-0.000002 integral_std=0.000023 log_ratio=-0.0041 accept=0.9959 swapped=True
i=2 pair=(6,7) lam_t=1.00995 lam_s=1.01000 tsr_diff=0.000002 integral_mean=-0.000000 integral_std=0.000005 log_ratio=-0.0001 accept=0.9999 swapped=True
i=2 pair=(1,0) lam_t=0.99000 lam_s=1.00254 tsr_diff=0.000530 integral_mean=0.000007 integral_std=0.001072 log_ratio=0.0000 accept=1.0000 swapped=True
i=2 pair=(3,2) lam_t=1.00722 lam_s=1.00896 tsr_diff=0.000074 integral_mean=-0.000000 integral_std=0.000150 log_ratio=-0.0008 accept=0.9992 swapped=True
i=2 pair=(5,4) lam_t=1.00961 lam_s=1.00986 tsr_diff=0.000010 integral_mean=0.000001 integral_std=0.000021 log_ratio=0.0000 accept=1.0000 swapped=True
i=2 pair=(7,6) lam_t=1.00995 lam_s=1.01000 tsr_diff=0.000002 integral_mean=0.000000 integral_std=0.000005 log_ratio=0.0000 accept=1.0000 swapped=True
i=3 pair=(1,2) lam_t=1.00254 lam_s=1.00722 tsr_diff=0.000436 integral_mean=-0.000015 integral_std=0.000866 log_ratio=-0.0367 accept=0.9640 swapped=True
i=3 pair=(3,4) lam_t=1.00896 lam_s=1.00961 tsr_diff=0.000060 integral_mean=-0.000007 integral_std=0.000126 log_ratio=-0.0158 accept=0.9843 swapped=True
i=3 pair=(5,6) lam_t=1.00986 lam_s=1.00995 tsr_diff=0.000008 integral_mean=0.000029 integral_std=0.000067 log_ratio=0.0000 accept=1.0000 swapped=True
i=3 pair=(2,1) lam_t=1.00254 lam_s=1.00722 tsr_diff=0.000436 integral_mean=0.000019 integral_std=0.000904 log_ratio=0.0000 accept=1.0000 swapped=True
i=3 pair=(4,3) lam_t=1.00896 lam_s=1.00961 tsr_diff=0.000060 integral_mean=0.000003 integral_std=0.000131 log_ratio=0.0000 accept=1.0000 swapped=True
i=3 pair=(6,5) lam_t=1.00986 lam_s=1.00995 tsr_diff=0.000008 integral_mean=-0.000009 integral_std=0.000031 log_ratio=-0.0222 accept=0.9780 swapped=True
i=4 pair=(0,1) lam_t=0.99000 lam_s=1.00254 tsr_diff=0.002032 integral_mean=-0.000007 integral_std=0.004186 log_ratio=-0.0162 accept=0.9840 swapped=True
i=4 pair=(2,3) lam_t=1.00722 lam_s=1.00896 tsr_diff=0.000281 integral_mean=0.000019 integral_std=0.000590 log_ratio=0.0000 accept=1.0000 swapped=True
i=4 pair=(4,5) lam_t=1.00961 lam_s=1.00986 tsr_diff=0.000039 integral_mean=-0.000060 integral_std=0.000250 log_ratio=-0.1449 accept=0.8651 swapped=True
i=4 pair=(6,7) lam_t=1.00995 lam_s=1.01000 tsr_diff=0.000009 integral_mean=-0.000010 integral_std=0.000035 log_ratio=-0.0239 accept=0.9764 swapped=True
i=4 pair=(1,0) lam_t=0.99000 lam_s=1.00254 tsr_diff=0.002032 integral_mean=-0.000093 integral_std=0.004279 log_ratio=-0.2222 accept=0.8008 swapped=True
i=4 pair=(3,2) lam_t=1.00722 lam_s=1.00896 tsr_diff=0.000281 integral_mean=-0.000008 integral_std=0.000606 log_ratio=-0.0199 accept=0.9803 swapped=True
i=4 pair=(5,4) lam_t=1.00961 lam_s=1.00986 tsr_diff=0.000039 integral_mean=0.000027 integral_std=0.000136 log_ratio=0.0000 accept=1.0000 swapped=True
i=4 pair=(7,6) lam_t=1.00995 lam_s=1.01000 tsr_diff=0.000009 integral_mean=0.000012 integral_std=0.000041 log_ratio=0.0000 accept=1.0000 swapped=True
i=5 pair=(1,2) lam_t=1.00254 lam_s=1.00722 tsr_diff=0.001142 integral_mean=-0.000059 integral_std=0.002421 log_ratio=-0.1408 accept=0.8687 swapped=True
i=5 pair=(3,4) lam_t=1.00896 lam_s=1.00961 tsr_diff=0.000158 integral_mean=0.000002 integral_std=0.000331 log_ratio=0.0000 accept=1.0000 swapped=True
i=5 pair=(5,6) lam_t=1.00986 lam_s=1.00995 tsr_diff=0.000022 integral_mean=0.000009 integral_std=0.000061 log_ratio=0.0000 accept=1.0000 swapped=True
i=5 pair=(2,1) lam_t=1.00254 lam_s=1.00722 tsr_diff=0.001142 integral_mean=0.000033 integral_std=0.002354 log_ratio=0.0000 accept=1.0000 swapped=True
i=5 pair=(4,3) lam_t=1.00896 lam_s=1.00961 tsr_diff=0.000158 integral_mean=-0.000010 integral_std=0.000324 log_ratio=-0.0245 accept=0.9758 swapped=True
i=5 pair=(6,5) lam_t=1.00986 lam_s=1.00995 tsr_diff=0.000022 integral_mean=-0.000006 integral_std=0.000051 log_ratio=-0.0140 accept=0.9861 swapped=True
i=6 pair=(0,1) lam_t=0.99000 lam_s=1.00254 tsr_diff=0.004257 integral_mean=0.000132 integral_std=0.008662 log_ratio=0.0000 accept=1.0000 swapped=True
i=6 pair=(2,3) lam_t=1.00722 lam_s=1.00896 tsr_diff=0.000587 integral_mean=-0.000023 integral_std=0.001262 log_ratio=-0.0562 accept=0.9453 swapped=True
i=6 pair=(4,5) lam_t=1.00961 lam_s=1.00986 tsr_diff=0.000081 integral_mean=0.000005 integral_std=0.000173 log_ratio=0.0000 accept=1.0000 swapped=True
i=6 pair=(6,7) lam_t=1.00995 lam_s=1.01000 tsr_diff=0.000018 integral_mean=-0.000015 integral_std=0.000068 log_ratio=-0.0356 accept=0.9651 swapped=True
i=6 pair=(1,0) lam_t=0.99000 lam_s=1.00254 tsr_diff=0.004257 integral_mean=-0.000438 integral_std=0.008883 log_ratio=-1.0505 accept=0.3498 swapped=True
i=6 pair=(3,2) lam_t=1.00722 lam_s=1.00896 tsr_diff=0.000587 integral_mean=-0.000024 integral_std=0.001207 log_ratio=-0.0580 accept=0.9436 swapped=True
i=6 pair=(5,4) lam_t=1.00961 lam_s=1.00986 tsr_diff=0.000081 integral_mean=-0.000000 integral_std=0.000176 log_ratio=-0.0009 accept=0.9991 swapped=True
i=6 pair=(7,6) lam_t=1.00995 lam_s=1.01000 tsr_diff=0.000018 integral_mean=0.000014 integral_std=0.000062 log_ratio=0.0000 accept=1.0000 swapped=True
i=7 pair=(1,2) lam_t=1.00254 lam_s=1.00722 tsr_diff=0.002045 integral_mean=-0.000139 integral_std=0.004339 log_ratio=-0.3326 accept=0.7170 swapped=True
i=7 pair=(3,4) lam_t=1.00896 lam_s=1.00961 tsr_diff=0.000283 integral_mean=-0.000045 integral_std=0.000654 log_ratio=-0.1070 accept=0.8986 swapped=True
i=7 pair=(5,6) lam_t=1.00986 lam_s=1.00995 tsr_diff=0.000039 integral_mean=0.000002 integral_std=0.000087 log_ratio=0.0000 accept=1.0000 swapped=True
i=7 pair=(2,1) lam_t=1.00254 lam_s=1.00722 tsr_diff=0.002045 integral_mean=0.000018 integral_std=0.004419 log_ratio=0.0000 accept=1.0000 swapped=True
i=7 pair=(4,3) lam_t=1.00896 lam_s=1.00961 tsr_diff=0.000283 integral_mean=0.000047 integral_std=0.000614 log_ratio=0.0000 accept=1.0000 swapped=True
i=7 pair=(6,5) lam_t=1.00986 lam_s=1.00995 tsr_diff=0.000039 integral_mean=-0.000003 integral_std=0.000090 log_ratio=-0.0070 accept=0.9931 swapped=True
i=8 pair=(0,1) lam_t=0.99000 lam_s=1.00254 tsr_diff=0.006833 integral_mean=0.001153 integral_std=0.014945 log_ratio=0.0000 accept=1.0000 swapped=True
i=8 pair=(2,3) lam_t=1.00722 lam_s=1.00896 tsr_diff=0.000937 integral_mean=0.000051 integral_std=0.001997 log_ratio=0.0000 accept=1.0000 swapped=True
i=8 pair=(4,5) lam_t=1.00961 lam_s=1.00986 tsr_diff=0.000130 integral_mean=0.000015 integral_std=0.000343 log_ratio=0.0000 accept=1.0000 swapped=True
i=8 pair=(6,7) lam_t=1.00995 lam_s=1.01000 tsr_diff=0.000029 integral_mean=-0.000015 integral_std=0.000094 log_ratio=-0.0368 accept=0.9639 swapped=True
i=8 pair=(1,0) lam_t=0.99000 lam_s=1.00254 tsr_diff=0.006833 integral_mean=-0.000451 integral_std=0.014229 log_ratio=-1.0832 accept=0.3385 swapped=True
i=8 pair=(3,2) lam_t=1.00722 lam_s=1.00896 tsr_diff=0.000937 integral_mean=-0.000102 integral_std=0.001988 log_ratio=-0.2460 accept=0.7819 swapped=True
i=8 pair=(5,4) lam_t=1.00961 lam_s=1.00986 tsr_diff=0.000130 integral_mean=-0.000004 integral_std=0.000308 log_ratio=-0.0087 accept=0.9913 swapped=True
i=8 pair=(7,6) lam_t=1.00995 lam_s=1.01000 tsr_diff=0.000029 integral_mean=0.000012 integral_std=0.000086 log_ratio=0.0000 accept=1.0000 swapped=True
i=9 pair=(1,2) lam_t=1.00254 lam_s=1.00722 tsr_diff=0.002993 integral_mean=-0.000330 integral_std=0.007306 log_ratio=-0.7919 accept=0.4530 swapped=True
i=9 pair=(3,4) lam_t=1.00896 lam_s=1.00961 tsr_diff=0.000414 integral_mean=-0.000057 integral_std=0.000907 log_ratio=-0.1368 accept=0.8721 swapped=True
i=9 pair=(5,6) lam_t=1.00986 lam_s=1.00995 tsr_diff=0.000057 integral_mean=0.000007 integral_std=0.000143 log_ratio=0.0000 accept=1.0000 swapped=True
i=9 pair=(2,1) lam_t=1.00254 lam_s=1.00722 tsr_diff=0.002993 integral_mean=0.000116 integral_std=0.007348 log_ratio=0.0000 accept=1.0000 swapped=True
i=9 pair=(4,3) lam_t=1.00896 lam_s=1.00961 tsr_diff=0.000414 integral_mean=0.000031 integral_std=0.000884 log_ratio=0.0000 accept=1.0000 swapped=True
i=9 pair=(6,5) lam_t=1.00986 lam_s=1.00995 tsr_diff=0.000057 integral_mean=-0.000005 integral_std=0.000141 log_ratio=-0.0109 accept=0.9892 swapped=True
i=10 pair=(0,1) lam_t=0.99000 lam_s=1.00254 tsr_diff=0.009326 integral_mean=0.000266 integral_std=0.023673 log_ratio=0.0000 accept=1.0000 swapped=True
i=10 pair=(2,3) lam_t=1.00722 lam_s=1.00896 tsr_diff=0.001273 integral_mean=0.000114 integral_std=0.003257 log_ratio=0.0000 accept=1.0000 swapped=True
i=10 pair=(4,5) lam_t=1.00961 lam_s=1.00986 tsr_diff=0.000177 integral_mean=0.000020 integral_std=0.000499 log_ratio=0.0000 accept=1.0000 swapped=True
i=10 pair=(6,7) lam_t=1.00995 lam_s=1.01000 tsr_diff=0.000039 integral_mean=-0.000025 integral_std=0.000149 log_ratio=-0.0592 accept=0.9425 swapped=True
i=10 pair=(1,0) lam_t=0.99000 lam_s=1.00254 tsr_diff=0.009326 integral_mean=-0.000626 integral_std=0.021904 log_ratio=-1.5033 accept=0.2224 swapped=False
i=10 pair=(3,2) lam_t=1.00722 lam_s=1.00896 tsr_diff=0.001273 integral_mean=-0.000066 integral_std=0.003244 log_ratio=-0.1584 accept=0.8535 swapped=False
i=10 pair=(5,4) lam_t=1.00961 lam_s=1.00986 tsr_diff=0.000177 integral_mean=-0.000026 integral_std=0.000482 log_ratio=-0.0625 accept=0.9394 swapped=True
i=10 pair=(7,6) lam_t=1.00995 lam_s=1.01000 tsr_diff=0.000039 integral_mean=0.000018 integral_std=0.000129 log_ratio=0.0000 accept=1.0000 swapped=True
i=11 pair=(0,3) lam_t=1.00254 lam_s=1.00722 tsr_diff=0.003825 integral_mean=0.000239 integral_std=0.011234 log_ratio=0.0000 accept=1.0000 swapped=True
i=11 pair=(2,4) lam_t=1.00896 lam_s=1.00961 tsr_diff=0.000528 integral_mean=0.000082 integral_std=0.001735 log_ratio=0.0000 accept=1.0000 swapped=True
i=11 pair=(5,6) lam_t=1.00986 lam_s=1.00995 tsr_diff=0.000073 integral_mean=0.000010 integral_std=0.000199 log_ratio=0.0000 accept=1.0000 swapped=True
i=11 pair=(3,0) lam_t=1.00254 lam_s=1.00722 tsr_diff=0.003825 integral_mean=-0.000483 integral_std=0.010425 log_ratio=-1.1602 accept=0.3134 swapped=False
i=11 pair=(4,2) lam_t=1.00896 lam_s=1.00961 tsr_diff=0.000528 integral_mean=-0.000089 integral_std=0.001595 log_ratio=-0.2132 accept=0.8080 swapped=True
i=11 pair=(6,5) lam_t=1.00986 lam_s=1.00995 tsr_diff=0.000073 integral_mean=-0.000004 integral_std=0.000202 log_ratio=-0.0092 accept=0.9909 swapped=True
i=12 pair=(1,3) lam_t=0.99000 lam_s=1.00254 tsr_diff=0.011313 integral_mean=-0.001490 integral_std=0.039413 log_ratio=-3.5763 accept=0.0280 swapped=False
i=12 pair=(0,2) lam_t=1.00722 lam_s=1.00896 tsr_diff=0.001539 integral_mean=-0.000096 integral_std=0.006445 log_ratio=-0.2312 accept=0.7936 swapped=False
i=12 pair=(4,5) lam_t=1.00961 lam_s=1.00986 tsr_diff=0.000213 integral_mean=0.000006 integral_std=0.000778 log_ratio=0.0000 accept=1.0000 swapped=True
i=12 pair=(6,7) lam_t=1.00995 lam_s=1.01000 tsr_diff=0.000047 integral_mean=-0.000027 integral_std=0.000307 log_ratio=-0.0642 accept=0.9378 swapped=True
i=12 pair=(1,3) lam_t=0.99000 lam_s=1.00254 tsr_diff=0.011313 integral_mean=-0.000793 integral_std=0.030945 log_ratio=-1.9028 accept=0.1491 swapped=True
i=12 pair=(0,2) lam_t=1.00722 lam_s=1.00896 tsr_diff=0.001539 integral_mean=-0.000248 integral_std=0.005502 log_ratio=-0.5943 accept=0.5519 swapped=True
i=12 pair=(5,4) lam_t=1.00961 lam_s=1.00986 tsr_diff=0.000213 integral_mean=-0.000021 integral_std=0.000739 log_ratio=-0.0497 accept=0.9515 swapped=True
i=12 pair=(7,6) lam_t=1.00995 lam_s=1.01000 tsr_diff=0.000047 integral_mean=0.000031 integral_std=0.000229 log_ratio=0.0000 accept=1.0000 swapped=True
i=13 pair=(1,2) lam_t=1.00254 lam_s=1.00722 tsr_diff=0.004402 integral_mean=-0.001506 integral_std=0.025032 log_ratio=-3.6155 accept=0.0269 swapped=False
i=13 pair=(0,4) lam_t=1.00896 lam_s=1.00961 tsr_diff=0.000607 integral_mean=0.000549 integral_std=0.004465 log_ratio=0.0000 accept=1.0000 swapped=True
i=13 pair=(5,6) lam_t=1.00986 lam_s=1.00995 tsr_diff=0.000084 integral_mean=0.000014 integral_std=0.000351 log_ratio=0.0000 accept=1.0000 swapped=True
i=13 pair=(1,2) lam_t=1.00254 lam_s=1.00722 tsr_diff=0.004402 integral_mean=-0.001634 integral_std=0.022592 log_ratio=-3.9207 accept=0.0198 swapped=False
i=13 pair=(4,0) lam_t=1.00896 lam_s=1.00961 tsr_diff=0.000607 integral_mean=-0.000891 integral_std=0.006172 log_ratio=-2.1378 accept=0.1179 swapped=False
i=13 pair=(6,5) lam_t=1.00986 lam_s=1.00995 tsr_diff=0.000084 integral_mean=-0.000011 integral_std=0.000326 log_ratio=-0.0275 accept=0.9729 swapped=True
i=14 pair=(3,1) lam_t=0.99000 lam_s=1.00254 tsr_diff=0.012453 integral_mean=-0.002489 integral_std=0.118898 log_ratio=-5.9742 accept=0.0025 swapped=False
i=14 pair=(2,4) lam_t=1.00722 lam_s=1.00896 tsr_diff=0.001690 integral_mean=0.001979 integral_std=0.025618 log_ratio=0.0000 accept=1.0000 swapped=True
i=14 pair=(0,5) lam_t=1.00961 lam_s=1.00986 tsr_diff=0.000234 integral_mean=0.005118 integral_std=0.022392 log_ratio=0.0000 accept=1.0000 swapped=True
i=14 pair=(6,7) lam_t=1.00995 lam_s=1.01000 tsr_diff=0.000052 integral_mean=-0.000357 integral_std=0.001899 log_ratio=-0.8564 accept=0.4247 swapped=True
i=14 pair=(3,1) lam_t=0.99000 lam_s=1.00254 tsr_diff=0.012453 integral_mean=0.001286 integral_std=0.075787 log_ratio=0.0000 accept=1.0000 swapped=True
i=14 pair=(4,2) lam_t=1.00722 lam_s=1.00896 tsr_diff=0.001690 integral_mean=-0.001461 integral_std=0.017144 log_ratio=-3.5054 accept=0.0300 swapped=False
i=14 pair=(5,0) lam_t=1.00961 lam_s=1.00986 tsr_diff=0.000234 integral_mean=-0.002928 integral_std=0.012341 log_ratio=-7.0272 accept=0.0009 swapped=False
i=14 pair=(7,6) lam_t=1.00995 lam_s=1.01000 tsr_diff=0.000052 integral_mean=0.000187 integral_std=0.000970 log_ratio=0.0000 accept=1.0000 swapped=True
Best Sample: 6 log probability -1.968
Saved 1 samples to: logs/pointmaze-giant-navigate-v0/inference/plans/release_H400_T256_LimitsNormalizer_b1_condFalse/2026-07-17 13:08:33/17/0.png
Saved 1 samples to: logs/pointmaze-giant-navigate-v0/inference/plans/release_H400_T256_LimitsNormalizer_b1_condFalse/2026-07-17 13:08:33/17/rollout.png
i=0 pair=(0,1) lam_t=0.99000 lam_s=1.00254 tsr_diff=0.000000 integral_mean=0.000000 integral_std=0.000000 log_ratio=0.0000 accept=1.0000 swapped=True
i=0 pair=(2,3) lam_t=1.00722 lam_s=1.00896 tsr_diff=0.000000 integral_mean=0.000000 integral_std=0.000000 log_ratio=0.0000 accept=1.0000 swapped=True
i=0 pair=(4,5) lam_t=1.00961 lam_s=1.00986 tsr_diff=0.000000 integral_mean=0.000000 integral_std=0.000000 log_ratio=0.0000 accept=1.0000 swapped=True
i=0 pair=(6,7) lam_t=1.00995 lam_s=1.01000 tsr_diff=0.000000 integral_mean=0.000000 integral_std=0.000000 log_ratio=0.0000 accept=1.0000 swapped=True
i=0 pair=(1,0) lam_t=0.99000 lam_s=1.00254 tsr_diff=0.000000 integral_mean=0.000000 integral_std=0.000000 log_ratio=0.0000 accept=1.0000 swapped=True
i=0 pair=(3,2) lam_t=1.00722 lam_s=1.00896 tsr_diff=0.000000 integral_mean=0.000000 integral_std=0.000000 log_ratio=0.0000 accept=1.0000 swapped=True
i=0 pair=(5,4) lam_t=1.00961 lam_s=1.00986 tsr_diff=0.000000 integral_mean=0.000000 integral_std=0.000000 log_ratio=0.0000 accept=1.0000 swapped=True
i=0 pair=(7,6) lam_t=1.00995 lam_s=1.01000 tsr_diff=0.000000 integral_mean=0.000000 integral_std=0.000000 log_ratio=0.0000 accept=1.0000 swapped=True
i=1 pair=(1,2) lam_t=1.00254 lam_s=1.00722 tsr_diff=0.000050 integral_mean=0.000001 integral_std=0.000100 log_ratio=0.0000 accept=1.0000 swapped=True
i=1 pair=(3,4) lam_t=1.00896 lam_s=1.00961 tsr_diff=0.000007 integral_mean=0.000000 integral_std=0.000014 log_ratio=0.0000 accept=1.0000 swapped=True
i=1 pair=(5,6) lam_t=1.00986 lam_s=1.00995 tsr_diff=0.000001 integral_mean=-0.000000 integral_std=0.000002 log_ratio=-0.0001 accept=0.9999 swapped=True
i=1 pair=(2,1) lam_t=1.00254 lam_s=1.00722 tsr_diff=0.000050 integral_mean=0.000001 integral_std=0.000105 log_ratio=0.0000 accept=1.0000 swapped=True
i=1 pair=(4,3) lam_t=1.00896 lam_s=1.00961 tsr_diff=0.000007 integral_mean=-0.000000 integral_std=0.000014 log_ratio=-0.0009 accept=0.9991 swapped=True
i=1 pair=(6,5) lam_t=1.00986 lam_s=1.00995 tsr_diff=0.000001 integral_mean=-0.000000 integral_std=0.000002 log_ratio=-0.0000 accept=1.0000 swapped=True
i=2 pair=(0,1) lam_t=0.99000 lam_s=1.00254 tsr_diff=0.000530 integral_mean=-0.000043 integral_std=0.001115 log_ratio=-0.1040 accept=0.9012 swapped=True
i=2 pair=(2,3) lam_t=1.00722 lam_s=1.00896 tsr_diff=0.000074 integral_mean=0.000003 integral_std=0.000157 log_ratio=0.0000 accept=1.0000 swapped=True
i=2 pair=(4,5) lam_t=1.00961 lam_s=1.00986 tsr_diff=0.000010 integral_mean=-0.000000 integral_std=0.000021 log_ratio=-0.0001 accept=0.9999 swapped=True
i=2 pair=(6,7) lam_t=1.00995 lam_s=1.01000 tsr_diff=0.000002 integral_mean=0.000000 integral_std=0.000005 log_ratio=0.0000 accept=1.0000 swapped=True
i=2 pair=(1,0) lam_t=0.99000 lam_s=1.00254 tsr_diff=0.000530 integral_mean=-0.000241 integral_std=0.001394 log_ratio=-0.5789 accept=0.5605 swapped=False
i=2 pair=(3,2) lam_t=1.00722 lam_s=1.00896 tsr_diff=0.000074 integral_mean=0.000002 integral_std=0.000151 log_ratio=0.0000 accept=1.0000 swapped=True
i=2 pair=(5,4) lam_t=1.00961 lam_s=1.00986 tsr_diff=0.000010 integral_mean=0.000001 integral_std=0.000023 log_ratio=0.0000 accept=1.0000 swapped=True
i=2 pair=(7,6) lam_t=1.00995 lam_s=1.01000 tsr_diff=0.000002 integral_mean=0.000000 integral_std=0.000004 log_ratio=0.0000 accept=1.0000 swapped=True
i=3 pair=(0,2) lam_t=1.00254 lam_s=1.00722 tsr_diff=0.000436 integral_mean=0.000085 integral_std=0.000985 log_ratio=0.0000 accept=1.0000 swapped=True
i=3 pair=(3,4) lam_t=1.00896 lam_s=1.00961 tsr_diff=0.000060 integral_mean=-0.000002 integral_std=0.000125 log_ratio=-0.0046 accept=0.9954 swapped=True
i=3 pair=(5,6) lam_t=1.00986 lam_s=1.00995 tsr_diff=0.000008 integral_mean=0.000000 integral_std=0.000019 log_ratio=0.0000 accept=1.0000 swapped=True
i=3 pair=(2,0) lam_t=1.00254 lam_s=1.00722 tsr_diff=0.000436 integral_mean=-0.000021 integral_std=0.000902 log_ratio=-0.0504 accept=0.9508 swapped=True
i=3 pair=(4,3) lam_t=1.00896 lam_s=1.00961 tsr_diff=0.000060 integral_mean=0.000000 integral_std=0.000128 log_ratio=0.0000 accept=1.0000 swapped=True
i=3 pair=(6,5) lam_t=1.00986 lam_s=1.00995 tsr_diff=0.000008 integral_mean=-0.000000 integral_std=0.000018 log_ratio=-0.0010 accept=0.9990 swapped=True
i=4 pair=(1,0) lam_t=0.99000 lam_s=1.00254 tsr_diff=0.002032 integral_mean=-0.000184 integral_std=0.004722 log_ratio=-0.4409 accept=0.6435 swapped=False
i=4 pair=(2,3) lam_t=1.00722 lam_s=1.00896 tsr_diff=0.000281 integral_mean=-0.000001 integral_std=0.000557 log_ratio=-0.0017 accept=0.9983 swapped=True
i=4 pair=(4,5) lam_t=1.00961 lam_s=1.00986 tsr_diff=0.000039 integral_mean=0.000001 integral_std=0.000083 log_ratio=0.0000 accept=1.0000 swapped=True
i=4 pair=(6,7) lam_t=1.00995 lam_s=1.01000 tsr_diff=0.000009 integral_mean=0.000000 integral_std=0.000018 log_ratio=0.0000 accept=1.0000 swapped=True
i=4 pair=(1,0) lam_t=0.99000 lam_s=1.00254 tsr_diff=0.002032 integral_mean=-0.000100 integral_std=0.004348 log_ratio=-0.2406 accept=0.7861 swapped=True
i=4 pair=(3,2) lam_t=1.00722 lam_s=1.00896 tsr_diff=0.000281 integral_mean=0.000021 integral_std=0.000575 log_ratio=0.0000 accept=1.0000 swapped=True
i=4 pair=(5,4) lam_t=1.00961 lam_s=1.00986 tsr_diff=0.000039 integral_mean=0.000002 integral_std=0.000081 log_ratio=0.0000 accept=1.0000 swapped=True
i=4 pair=(7,6) lam_t=1.00995 lam_s=1.01000 tsr_diff=0.000009 integral_mean=-0.000000 integral_std=0.000017 log_ratio=-0.0010 accept=0.9990 swapped=True
i=5 pair=(1,2) lam_t=1.00254 lam_s=1.00722 tsr_diff=0.001142 integral_mean=0.000019 integral_std=0.002438 log_ratio=0.0000 accept=1.0000 swapped=True
i=5 pair=(3,4) lam_t=1.00896 lam_s=1.00961 tsr_diff=0.000158 integral_mean=0.000010 integral_std=0.000354 log_ratio=0.0000 accept=1.0000 swapped=True
i=5 pair=(5,6) lam_t=1.00986 lam_s=1.00995 tsr_diff=0.000022 integral_mean=-0.000000 integral_std=0.000047 log_ratio=-0.0002 accept=0.9998 swapped=True
i=5 pair=(2,1) lam_t=1.00254 lam_s=1.00722 tsr_diff=0.001142 integral_mean=-0.000028 integral_std=0.002485 log_ratio=-0.0680 accept=0.9342 swapped=True
i=5 pair=(4,3) lam_t=1.00896 lam_s=1.00961 tsr_diff=0.000158 integral_mean=-0.000005 integral_std=0.000351 log_ratio=-0.0119 accept=0.9881 swapped=True
i=5 pair=(6,5) lam_t=1.00986 lam_s=1.00995 tsr_diff=0.000022 integral_mean=0.000000 integral_std=0.000044 log_ratio=0.0000 accept=1.0000 swapped=True
i=6 pair=(0,1) lam_t=0.99000 lam_s=1.00254 tsr_diff=0.004257 integral_mean=-0.000096 integral_std=0.009828 log_ratio=-0.2293 accept=0.7951 swapped=True
i=6 pair=(2,3) lam_t=1.00722 lam_s=1.00896 tsr_diff=0.000587 integral_mean=-0.000029 integral_std=0.001392 log_ratio=-0.0699 accept=0.9325 swapped=True
i=6 pair=(4,5) lam_t=1.00961 lam_s=1.00986 tsr_diff=0.000081 integral_mean=0.000011 integral_std=0.000178 log_ratio=0.0000 accept=1.0000 swapped=True
i=6 pair=(6,7) lam_t=1.00995 lam_s=1.01000 tsr_diff=0.000018 integral_mean=-0.000000 integral_std=0.000038 log_ratio=-0.0001 accept=0.9999 swapped=True
i=6 pair=(1,0) lam_t=0.99000 lam_s=1.00254 tsr_diff=0.004257 integral_mean=-0.000067 integral_std=0.009660 log_ratio=-0.1620 accept=0.8504 swapped=True
i=6 pair=(3,2) lam_t=1.00722 lam_s=1.00896 tsr_diff=0.000587 integral_mean=0.000041 integral_std=0.001263 log_ratio=0.0000 accept=1.0000 swapped=True
i=6 pair=(5,4) lam_t=1.00961 lam_s=1.00986 tsr_diff=0.000081 integral_mean=0.000001 integral_std=0.000182 log_ratio=0.0000 accept=1.0000 swapped=True
i=6 pair=(7,6) lam_t=1.00995 lam_s=1.01000 tsr_diff=0.000018 integral_mean=-0.000000 integral_std=0.000037 log_ratio=-0.0004 accept=0.9996 swapped=True
i=7 pair=(1,2) lam_t=1.00254 lam_s=1.00722 tsr_diff=0.002045 integral_mean=0.000066 integral_std=0.004706 log_ratio=0.0000 accept=1.0000 swapped=True
i=7 pair=(3,4) lam_t=1.00896 lam_s=1.00961 tsr_diff=0.000283 integral_mean=-0.000004 integral_std=0.000659 log_ratio=-0.0087 accept=0.9914 swapped=True
i=7 pair=(5,6) lam_t=1.00986 lam_s=1.00995 tsr_diff=0.000039 integral_mean=0.000003 integral_std=0.000087 log_ratio=0.0000 accept=1.0000 swapped=True
i=7 pair=(2,1) lam_t=1.00254 lam_s=1.00722 tsr_diff=0.002045 integral_mean=-0.000042 integral_std=0.004432 log_ratio=-0.1018 accept=0.9033 swapped=True
i=7 pair=(4,3) lam_t=1.00896 lam_s=1.00961 tsr_diff=0.000283 integral_mean=0.000015 integral_std=0.000616 log_ratio=0.0000 accept=1.0000 swapped=True
i=7 pair=(6,5) lam_t=1.00986 lam_s=1.00995 tsr_diff=0.000039 integral_mean=-0.000001 integral_std=0.000088 log_ratio=-0.0029 accept=0.9972 swapped=True
i=8 pair=(0,1) lam_t=0.99000 lam_s=1.00254 tsr_diff=0.006833 integral_mean=0.000531 integral_std=0.017774 log_ratio=0.0000 accept=1.0000 swapped=True
i=8 pair=(2,3) lam_t=1.00722 lam_s=1.00896 tsr_diff=0.000937 integral_mean=-0.000062 integral_std=0.002025 log_ratio=-0.1480 accept=0.8624 swapped=True
i=8 pair=(4,5) lam_t=1.00961 lam_s=1.00986 tsr_diff=0.000130 integral_mean=0.000003 integral_std=0.000311 log_ratio=0.0000 accept=1.0000 swapped=True
i=8 pair=(6,7) lam_t=1.00995 lam_s=1.01000 tsr_diff=0.000029 integral_mean=0.000005 integral_std=0.000067 log_ratio=0.0000 accept=1.0000 swapped=True
i=8 pair=(1,0) lam_t=0.99000 lam_s=1.00254 tsr_diff=0.006833 integral_mean=-0.000168 integral_std=0.017054 log_ratio=-0.4038 accept=0.6678 swapped=True
i=8 pair=(3,2) lam_t=1.00722 lam_s=1.00896 tsr_diff=0.000937 integral_mean=-0.000010 integral_std=0.002036 log_ratio=-0.0240 accept=0.9763 swapped=True
i=8 pair=(5,4) lam_t=1.00961 lam_s=1.00986 tsr_diff=0.000130 integral_mean=-0.000006 integral_std=0.000313 log_ratio=-0.0150 accept=0.9851 swapped=True
i=8 pair=(7,6) lam_t=1.00995 lam_s=1.01000 tsr_diff=0.000029 integral_mean=-0.000003 integral_std=0.000063 log_ratio=-0.0076 accept=0.9924 swapped=True
i=9 pair=(1,2) lam_t=1.00254 lam_s=1.00722 tsr_diff=0.002993 integral_mean=0.000391 integral_std=0.007515 log_ratio=0.0000 accept=1.0000 swapped=True
i=9 pair=(3,4) lam_t=1.00896 lam_s=1.00961 tsr_diff=0.000414 integral_mean=-0.000045 integral_std=0.001051 log_ratio=-0.1070 accept=0.8985 swapped=True
i=9 pair=(5,6) lam_t=1.00986 lam_s=1.00995 tsr_diff=0.000057 integral_mean=-0.000005 integral_std=0.000144 log_ratio=-0.0126 accept=0.9875 swapped=True
i=9 pair=(2,1) lam_t=1.00254 lam_s=1.00722 tsr_diff=0.002993 integral_mean=-0.000349 integral_std=0.007305 log_ratio=-0.8386 accept=0.4323 swapped=False
i=9 pair=(4,3) lam_t=1.00896 lam_s=1.00961 tsr_diff=0.000414 integral_mean=0.000041 integral_std=0.001047 log_ratio=0.0000 accept=1.0000 swapped=True
i=9 pair=(6,5) lam_t=1.00986 lam_s=1.00995 tsr_diff=0.000057 integral_mean=0.000007 integral_std=0.000145 log_ratio=0.0000 accept=1.0000 swapped=True
i=10 pair=(0,2) lam_t=0.99000 lam_s=1.00254 tsr_diff=0.009326 integral_mean=0.001075 integral_std=0.024212 log_ratio=0.0000 accept=1.0000 swapped=True
i=10 pair=(1,3) lam_t=1.00722 lam_s=1.00896 tsr_diff=0.001273 integral_mean=0.000059 integral_std=0.003114 log_ratio=0.0000 accept=1.0000 swapped=True
i=10 pair=(4,5) lam_t=1.00961 lam_s=1.00986 tsr_diff=0.000177 integral_mean=0.000016 integral_std=0.000486 log_ratio=0.0000 accept=1.0000 swapped=True
i=10 pair=(6,7) lam_t=1.00995 lam_s=1.01000 tsr_diff=0.000039 integral_mean=0.000007 integral_std=0.000105 log_ratio=0.0000 accept=1.0000 swapped=True
i=10 pair=(2,0) lam_t=0.99000 lam_s=1.00254 tsr_diff=0.009326 integral_mean=-0.000906 integral_std=0.023966 log_ratio=-2.1749 accept=0.1136 swapped=False
i=10 pair=(3,1) lam_t=1.00722 lam_s=1.00896 tsr_diff=0.001273 integral_mean=-0.000079 integral_std=0.003301 log_ratio=-0.1886 accept=0.8281 swapped=True
i=10 pair=(5,4) lam_t=1.00961 lam_s=1.00986 tsr_diff=0.000177 integral_mean=-0.000029 integral_std=0.000533 log_ratio=-0.0686 accept=0.9337 swapped=True
i=10 pair=(7,6) lam_t=1.00995 lam_s=1.01000 tsr_diff=0.000039 integral_mean=-0.000003 integral_std=0.000100 log_ratio=-0.0081 accept=0.9919 swapped=False
i=11 pair=(0,1) lam_t=1.00254 lam_s=1.00722 tsr_diff=0.003825 integral_mean=0.000411 integral_std=0.014333 log_ratio=0.0000 accept=1.0000 swapped=True
i=11 pair=(3,4) lam_t=1.00896 lam_s=1.00961 tsr_diff=0.000528 integral_mean=-0.000166 integral_std=0.001959 log_ratio=-0.3984 accept=0.6714 swapped=True
i=11 pair=(5,7) lam_t=1.00986 lam_s=1.00995 tsr_diff=0.000073 integral_mean=-0.000002 integral_std=0.000180 log_ratio=-0.0041 accept=0.9959 swapped=True
i=11 pair=(1,0) lam_t=1.00254 lam_s=1.00722 tsr_diff=0.003825 integral_mean=0.000077 integral_std=0.013515 log_ratio=0.0000 accept=1.0000 swapped=True
i=11 pair=(4,3) lam_t=1.00896 lam_s=1.00961 tsr_diff=0.000528 integral_mean=0.000120 integral_std=0.001799 log_ratio=0.0000 accept=1.0000 swapped=True
i=11 pair=(7,5) lam_t=1.00986 lam_s=1.00995 tsr_diff=0.000073 integral_mean=0.000007 integral_std=0.000182 log_ratio=0.0000 accept=1.0000 swapped=True
i=12 pair=(2,0) lam_t=0.99000 lam_s=1.00254 tsr_diff=0.011313 integral_mean=-0.002695 integral_std=0.043196 log_ratio=-6.4681 accept=0.0016 swapped=False
i=12 pair=(1,3) lam_t=1.00722 lam_s=1.00896 tsr_diff=0.001539 integral_mean=0.000336 integral_std=0.004663 log_ratio=0.0000 accept=1.0000 swapped=True
i=12 pair=(4,5) lam_t=1.00961 lam_s=1.00986 tsr_diff=0.000213 integral_mean=0.000081 integral_std=0.000989 log_ratio=0.0000 accept=1.0000 swapped=True
i=12 pair=(7,6) lam_t=1.00995 lam_s=1.01000 tsr_diff=0.000047 integral_mean=-0.000005 integral_std=0.000183 log_ratio=-0.0109 accept=0.9892 swapped=True
i=12 pair=(2,0) lam_t=0.99000 lam_s=1.00254 tsr_diff=0.011313 integral_mean=-0.001400 integral_std=0.042470 log_ratio=-3.3595 accept=0.0348 swapped=False
i=12 pair=(3,1) lam_t=1.00722 lam_s=1.00896 tsr_diff=0.001539 integral_mean=-0.000293 integral_std=0.004685 log_ratio=-0.7037 accept=0.4947 swapped=True
i=12 pair=(5,4) lam_t=1.00961 lam_s=1.00986 tsr_diff=0.000213 integral_mean=-0.000076 integral_std=0.000986 log_ratio=-0.1812 accept=0.8342 swapped=True
i=12 pair=(6,7) lam_t=1.00995 lam_s=1.01000 tsr_diff=0.000047 integral_mean=0.000010 integral_std=0.000175 log_ratio=0.0000 accept=1.0000 swapped=True
i=13 pair=(0,1) lam_t=1.00254 lam_s=1.00722 tsr_diff=0.004402 integral_mean=0.000156 integral_std=0.031686 log_ratio=0.0000 accept=1.0000 swapped=True
i=13 pair=(3,4) lam_t=1.00896 lam_s=1.00961 tsr_diff=0.000607 integral_mean=-0.000252 integral_std=0.003842 log_ratio=-0.6050 accept=0.5461 swapped=False
i=13 pair=(5,7) lam_t=1.00986 lam_s=1.00995 tsr_diff=0.000084 integral_mean=-0.000003 integral_std=0.000339 log_ratio=-0.0074 accept=0.9927 swapped=True
i=13 pair=(1,0) lam_t=1.00254 lam_s=1.00722 tsr_diff=0.004402 integral_mean=0.000851 integral_std=0.030243 log_ratio=0.0000 accept=1.0000 swapped=True
i=13 pair=(3,4) lam_t=1.00896 lam_s=1.00961 tsr_diff=0.000607 integral_mean=-0.000137 integral_std=0.003390 log_ratio=-0.3288 accept=0.7198 swapped=False
i=13 pair=(7,5) lam_t=1.00986 lam_s=1.00995 tsr_diff=0.000084 integral_mean=0.000009 integral_std=0.000326 log_ratio=0.0000 accept=1.0000 swapped=True
i=14 pair=(2,0) lam_t=0.99000 lam_s=1.00254 tsr_diff=0.012453 integral_mean=-0.010159 integral_std=0.157958 log_ratio=-24.3814 accept=0.0000 swapped=False
i=14 pair=(1,3) lam_t=1.00722 lam_s=1.00896 tsr_diff=0.001690 integral_mean=0.001245 integral_std=0.013932 log_ratio=0.0000 accept=1.0000 swapped=True
i=14 pair=(4,5) lam_t=1.00961 lam_s=1.00986 tsr_diff=0.000234 integral_mean=0.000942 integral_std=0.005260 log_ratio=0.0000 accept=1.0000 swapped=True
i=14 pair=(7,6) lam_t=1.00995 lam_s=1.01000 tsr_diff=0.000052 integral_mean=-0.000028 integral_std=0.000584 log_ratio=-0.0678 accept=0.9344 swapped=True
i=14 pair=(2,0) lam_t=0.99000 lam_s=1.00254 tsr_diff=0.012453 integral_mean=-0.002455 integral_std=0.116110 log_ratio=-5.8926 accept=0.0028 swapped=False
i=14 pair=(3,1) lam_t=1.00722 lam_s=1.00896 tsr_diff=0.001690 integral_mean=-0.001713 integral_std=0.017455 log_ratio=-4.1114 accept=0.0164 swapped=False
i=14 pair=(5,4) lam_t=1.00961 lam_s=1.00986 tsr_diff=0.000234 integral_mean=-0.000281 integral_std=0.002537 log_ratio=-0.6735 accept=0.5099 swapped=True
i=14 pair=(6,7) lam_t=1.00995 lam_s=1.01000 tsr_diff=0.000052 integral_mean=0.000043 integral_std=0.000572 log_ratio=0.0000 accept=1.0000 swapped=True
Best Sample: 5 log probability 0.000
Saved 1 samples to: logs/pointmaze-giant-navigate-v0/inference/plans/release_H400_T256_LimitsNormalizer_b1_condFalse/2026-07-17 13:08:33/18/0.png
Saved 1 samples to: logs/pointmaze-giant-navigate-v0/inference/plans/release_H400_T256_LimitsNormalizer_b1_condFalse/2026-07-17 13:08:33/18/rollout.png
i=0 pair=(0,1) lam_t=0.99000 lam_s=1.00254 tsr_diff=0.000000 integral_mean=0.000000 integral_std=0.000000 log_ratio=0.0000 accept=1.0000 swapped=True
i=0 pair=(2,3) lam_t=1.00722 lam_s=1.00896 tsr_diff=0.000000 integral_mean=0.000000 integral_std=0.000000 log_ratio=0.0000 accept=1.0000 swapped=True
i=0 pair=(4,5) lam_t=1.00961 lam_s=1.00986 tsr_diff=0.000000 integral_mean=0.000000 integral_std=0.000000 log_ratio=0.0000 accept=1.0000 swapped=True
i=0 pair=(6,7) lam_t=1.00995 lam_s=1.01000 tsr_diff=0.000000 integral_mean=0.000000 integral_std=0.000000 log_ratio=0.0000 accept=1.0000 swapped=True
i=0 pair=(1,0) lam_t=0.99000 lam_s=1.00254 tsr_diff=0.000000 integral_mean=0.000000 integral_std=0.000000 log_ratio=0.0000 accept=1.0000 swapped=True
i=0 pair=(3,2) lam_t=1.00722 lam_s=1.00896 tsr_diff=0.000000 integral_mean=0.000000 integral_std=0.000000 log_ratio=0.0000 accept=1.0000 swapped=True
i=0 pair=(5,4) lam_t=1.00961 lam_s=1.00986 tsr_diff=0.000000 integral_mean=0.000000 integral_std=0.000000 log_ratio=0.0000 accept=1.0000 swapped=True
i=0 pair=(7,6) lam_t=1.00995 lam_s=1.01000 tsr_diff=0.000000 integral_mean=0.000000 integral_std=0.000000 log_ratio=0.0000 accept=1.0000 swapped=True
i=1 pair=(1,2) lam_t=1.00254 lam_s=1.00722 tsr_diff=0.000050 integral_mean=0.000001 integral_std=0.000101 log_ratio=0.0000 accept=1.0000 swapped=True
i=1 pair=(3,4) lam_t=1.00896 lam_s=1.00961 tsr_diff=0.000007 integral_mean=0.000000 integral_std=0.000014 log_ratio=0.0000 accept=1.0000 swapped=True
i=1 pair=(5,6) lam_t=1.00986 lam_s=1.00995 tsr_diff=0.000001 integral_mean=0.000000 integral_std=0.000002 log_ratio=0.0000 accept=1.0000 swapped=True
i=1 pair=(2,1) lam_t=1.00254 lam_s=1.00722 tsr_diff=0.000050 integral_mean=0.000001 integral_std=0.000105 log_ratio=0.0000 accept=1.0000 swapped=True
i=1 pair=(4,3) lam_t=1.00896 lam_s=1.00961 tsr_diff=0.000007 integral_mean=0.000000 integral_std=0.000015 log_ratio=0.0000 accept=1.0000 swapped=True
i=1 pair=(6,5) lam_t=1.00986 lam_s=1.00995 tsr_diff=0.000001 integral_mean=-0.000000 integral_std=0.000002 log_ratio=-0.0001 accept=0.9999 swapped=True
i=2 pair=(0,1) lam_t=0.99000 lam_s=1.00254 tsr_diff=0.000530 integral_mean=-0.000038 integral_std=0.001066 log_ratio=-0.0924 accept=0.9118 swapped=True
i=2 pair=(2,3) lam_t=1.00722 lam_s=1.00896 tsr_diff=0.000074 integral_mean=-0.000000 integral_std=0.000144 log_ratio=-0.0009 accept=0.9991 swapped=True
i=2 pair=(4,5) lam_t=1.00961 lam_s=1.00986 tsr_diff=0.000010 integral_mean=-0.000001 integral_std=0.000023 log_ratio=-0.0020 accept=0.9980 swapped=True
i=2 pair=(6,7) lam_t=1.00995 lam_s=1.01000 tsr_diff=0.000002 integral_mean=-0.000000 integral_std=0.000005 log_ratio=-0.0003 accept=0.9997 swapped=True
i=2 pair=(1,0) lam_t=0.99000 lam_s=1.00254 tsr_diff=0.000530 integral_mean=-0.000011 integral_std=0.001101 log_ratio=-0.0267 accept=0.9736 swapped=True
i=2 pair=(3,2) lam_t=1.00722 lam_s=1.00896 tsr_diff=0.000074 integral_mean=-0.000001 integral_std=0.000154 log_ratio=-0.0025 accept=0.9975 swapped=True
i=2 pair=(5,4) lam_t=1.00961 lam_s=1.00986 tsr_diff=0.000010 integral_mean=0.000001 integral_std=0.000022 log_ratio=0.0000 accept=1.0000 swapped=True
i=2 pair=(7,6) lam_t=1.00995 lam_s=1.01000 tsr_diff=0.000002 integral_mean=0.000000 integral_std=0.000005 log_ratio=0.0000 accept=1.0000 swapped=True
i=3 pair=(1,2) lam_t=1.00254 lam_s=1.00722 tsr_diff=0.000436 integral_mean=-0.000033 integral_std=0.000902 log_ratio=-0.0787 accept=0.9243 swapped=True
i=3 pair=(3,4) lam_t=1.00896 lam_s=1.00961 tsr_diff=0.000060 integral_mean=0.000059 integral_std=0.000224 log_ratio=0.0000 accept=1.0000 swapped=True
i=3 pair=(5,6) lam_t=1.00986 lam_s=1.00995 tsr_diff=0.000008 integral_mean=0.000003 integral_std=0.000022 log_ratio=0.0000 accept=1.0000 swapped=True
i=3 pair=(2,1) lam_t=1.00254 lam_s=1.00722 tsr_diff=0.000436 integral_mean=0.000002 integral_std=0.000872 log_ratio=0.0000 accept=1.0000 swapped=True
i=3 pair=(4,3) lam_t=1.00896 lam_s=1.00961 tsr_diff=0.000060 integral_mean=-0.000017 integral_std=0.000152 log_ratio=-0.0411 accept=0.9597 swapped=True
i=3 pair=(6,5) lam_t=1.00986 lam_s=1.00995 tsr_diff=0.000008 integral_mean=-0.000001 integral_std=0.000018 log_ratio=-0.0024 accept=0.9976 swapped=True
i=4 pair=(0,1) lam_t=0.99000 lam_s=1.00254 tsr_diff=0.002032 integral_mean=0.000040 integral_std=0.004271 log_ratio=0.0000 accept=1.0000 swapped=True
i=4 pair=(2,3) lam_t=1.00722 lam_s=1.00896 tsr_diff=0.000281 integral_mean=-0.000067 integral_std=0.000710 log_ratio=-0.1605 accept=0.8517 swapped=True
i=4 pair=(4,5) lam_t=1.00961 lam_s=1.00986 tsr_diff=0.000039 integral_mean=-0.000005 integral_std=0.000084 log_ratio=-0.0119 accept=0.9882 swapped=True
i=4 pair=(6,7) lam_t=1.00995 lam_s=1.01000 tsr_diff=0.000009 integral_mean=-0.000001 integral_std=0.000017 log_ratio=-0.0013 accept=0.9987 swapped=True
i=4 pair=(1,0) lam_t=0.99000 lam_s=1.00254 tsr_diff=0.002032 integral_mean=0.000076 integral_std=0.004121 log_ratio=0.0000 accept=1.0000 swapped=True
i=4 pair=(3,2) lam_t=1.00722 lam_s=1.00896 tsr_diff=0.000281 integral_mean=0.000071 integral_std=0.000659 log_ratio=0.0000 accept=1.0000 swapped=True
i=4 pair=(5,4) lam_t=1.00961 lam_s=1.00986 tsr_diff=0.000039 integral_mean=-0.000001 integral_std=0.000085 log_ratio=-0.0036 accept=0.9964 swapped=True
i=4 pair=(7,6) lam_t=1.00995 lam_s=1.01000 tsr_diff=0.000009 integral_mean=0.000000 integral_std=0.000017 log_ratio=0.0000 accept=1.0000 swapped=True
i=5 pair=(1,2) lam_t=1.00254 lam_s=1.00722 tsr_diff=0.001142 integral_mean=-0.000027 integral_std=0.002342 log_ratio=-0.0636 accept=0.9383 swapped=True
i=5 pair=(3,4) lam_t=1.00896 lam_s=1.00961 tsr_diff=0.000158 integral_mean=0.000006 integral_std=0.000366 log_ratio=0.0000 accept=1.0000 swapped=True
i=5 pair=(5,6) lam_t=1.00986 lam_s=1.00995 tsr_diff=0.000022 integral_mean=0.000001 integral_std=0.000047 log_ratio=0.0000 accept=1.0000 swapped=True
i=5 pair=(2,1) lam_t=1.00254 lam_s=1.00722 tsr_diff=0.001142 integral_mean=-0.000006 integral_std=0.002331 log_ratio=-0.0147 accept=0.9854 swapped=True
i=5 pair=(4,3) lam_t=1.00896 lam_s=1.00961 tsr_diff=0.000158 integral_mean=-0.000006 integral_std=0.000346 log_ratio=-0.0136 accept=0.9865 swapped=True
i=5 pair=(6,5) lam_t=1.00986 lam_s=1.00995 tsr_diff=0.000022 integral_mean=-0.000000 integral_std=0.000048 log_ratio=-0.0010 accept=0.9990 swapped=True
i=6 pair=(0,1) lam_t=0.99000 lam_s=1.00254 tsr_diff=0.004257 integral_mean=-0.000435 integral_std=0.008819 log_ratio=-1.0449 accept=0.3517 swapped=True
i=6 pair=(2,3) lam_t=1.00722 lam_s=1.00896 tsr_diff=0.000587 integral_mean=-0.000096 integral_std=0.001301 log_ratio=-0.2301 accept=0.7945 swapped=False
i=6 pair=(4,5) lam_t=1.00961 lam_s=1.00986 tsr_diff=0.000081 integral_mean=-0.000003 integral_std=0.000181 log_ratio=-0.0075 accept=0.9925 swapped=True
i=6 pair=(6,7) lam_t=1.00995 lam_s=1.01000 tsr_diff=0.000018 integral_mean=-0.000000 integral_std=0.000039 log_ratio=-0.0011 accept=0.9989 swapped=True
i=6 pair=(1,0) lam_t=0.99000 lam_s=1.00254 tsr_diff=0.004257 integral_mean=0.000440 integral_std=0.009175 log_ratio=0.0000 accept=1.0000 swapped=True
i=6 pair=(2,3) lam_t=1.00722 lam_s=1.00896 tsr_diff=0.000587 integral_mean=-0.000097 integral_std=0.001275 log_ratio=-0.2324 accept=0.7927 swapped=False
i=6 pair=(5,4) lam_t=1.00961 lam_s=1.00986 tsr_diff=0.000081 integral_mean=0.000002 integral_std=0.000175 log_ratio=0.0000 accept=1.0000 swapped=True
i=6 pair=(7,6) lam_t=1.00995 lam_s=1.01000 tsr_diff=0.000018 integral_mean=0.000000 integral_std=0.000041 log_ratio=0.0000 accept=1.0000 swapped=True
i=7 pair=(1,2) lam_t=1.00254 lam_s=1.00722 tsr_diff=0.002045 integral_mean=0.000258 integral_std=0.003972 log_ratio=0.0000 accept=1.0000 swapped=True
i=7 pair=(3,4) lam_t=1.00896 lam_s=1.00961 tsr_diff=0.000283 integral_mean=-0.000041 integral_std=0.000690 log_ratio=-0.0994 accept=0.9054 swapped=True
i=7 pair=(5,6) lam_t=1.00986 lam_s=1.00995 tsr_diff=0.000039 integral_mean=-0.000000 integral_std=0.000090 log_ratio=-0.0007 accept=0.9993 swapped=True
i=7 pair=(2,1) lam_t=1.00254 lam_s=1.00722 tsr_diff=0.002045 integral_mean=-0.000198 integral_std=0.003917 log_ratio=-0.4745 accept=0.6222 swapped=True
i=7 pair=(4,3) lam_t=1.00896 lam_s=1.00961 tsr_diff=0.000283 integral_mean=0.000032 integral_std=0.000688 log_ratio=0.0000 accept=1.0000 swapped=True
i=7 pair=(6,5) lam_t=1.00986 lam_s=1.00995 tsr_diff=0.000039 integral_mean=0.000001 integral_std=0.000090 log_ratio=0.0000 accept=1.0000 swapped=True
i=8 pair=(0,1) lam_t=0.99000 lam_s=1.00254 tsr_diff=0.006833 integral_mean=0.000168 integral_std=0.013736 log_ratio=0.0000 accept=1.0000 swapped=True
i=8 pair=(2,3) lam_t=1.00722 lam_s=1.00896 tsr_diff=0.000937 integral_mean=-0.000208 integral_std=0.002325 log_ratio=-0.4987 accept=0.6073 swapped=False
i=8 pair=(4,5) lam_t=1.00961 lam_s=1.00986 tsr_diff=0.000130 integral_mean=0.000042 integral_std=0.000361 log_ratio=0.0000 accept=1.0000 swapped=True
i=8 pair=(6,7) lam_t=1.00995 lam_s=1.01000 tsr_diff=0.000029 integral_mean=-0.000000 integral_std=0.000066 log_ratio=-0.0012 accept=0.9988 swapped=True
i=8 pair=(1,0) lam_t=0.99000 lam_s=1.00254 tsr_diff=0.006833 integral_mean=0.000024 integral_std=0.013835 log_ratio=0.0000 accept=1.0000 swapped=True
i=8 pair=(2,3) lam_t=1.00722 lam_s=1.00896 tsr_diff=0.000937 integral_mean=-0.000134 integral_std=0.002337 log_ratio=-0.3209 accept=0.7255 swapped=True
i=8 pair=(5,4) lam_t=1.00961 lam_s=1.00986 tsr_diff=0.000130 integral_mean=-0.000027 integral_std=0.000324 log_ratio=-0.0649 accept=0.9371 swapped=True
i=8 pair=(7,6) lam_t=1.00995 lam_s=1.01000 tsr_diff=0.000029 integral_mean=0.000000 integral_std=0.000065 log_ratio=0.0000 accept=1.0000 swapped=True
i=9 pair=(1,3) lam_t=1.00254 lam_s=1.00722 tsr_diff=0.002993 integral_mean=-0.000261 integral_std=0.007551 log_ratio=-0.6272 accept=0.5341 swapped=True
i=9 pair=(2,4) lam_t=1.00896 lam_s=1.00961 tsr_diff=0.000414 integral_mean=-0.000101 integral_std=0.001055 log_ratio=-0.2434 accept=0.7840 swapped=True
i=9 pair=(5,6) lam_t=1.00986 lam_s=1.00995 tsr_diff=0.000057 integral_mean=-0.000002 integral_std=0.000149 log_ratio=-0.0038 accept=0.9962 swapped=True
i=9 pair=(3,1) lam_t=1.00254 lam_s=1.00722 tsr_diff=0.002993 integral_mean=0.000439 integral_std=0.007662 log_ratio=0.0000 accept=1.0000 swapped=True
i=9 pair=(4,2) lam_t=1.00896 lam_s=1.00961 tsr_diff=0.000414 integral_mean=0.000044 integral_std=0.000966 log_ratio=0.0000 accept=1.0000 swapped=True
i=9 pair=(6,5) lam_t=1.00986 lam_s=1.00995 tsr_diff=0.000057 integral_mean=-0.000002 integral_std=0.000147 log_ratio=-0.0060 accept=0.9940 swapped=True
i=10 pair=(0,1) lam_t=0.99000 lam_s=1.00254 tsr_diff=0.009326 integral_mean=-0.000188 integral_std=0.017789 log_ratio=-0.4520 accept=0.6363 swapped=True
i=10 pair=(3,2) lam_t=1.00722 lam_s=1.00896 tsr_diff=0.001273 integral_mean=0.000183 integral_std=0.003532 log_ratio=0.0000 accept=1.0000 swapped=True
i=10 pair=(4,5) lam_t=1.00961 lam_s=1.00986 tsr_diff=0.000177 integral_mean=0.000038 integral_std=0.000549 log_ratio=0.0000 accept=1.0000 swapped=True
i=10 pair=(6,7) lam_t=1.00995 lam_s=1.01000 tsr_diff=0.000039 integral_mean=-0.000001 integral_std=0.000095 log_ratio=-0.0033 accept=0.9967 swapped=True
i=10 pair=(1,0) lam_t=0.99000 lam_s=1.00254 tsr_diff=0.009326 integral_mean=0.000075 integral_std=0.017997 log_ratio=0.0000 accept=1.0000 swapped=True
i=10 pair=(2,3) lam_t=1.00722 lam_s=1.00896 tsr_diff=0.001273 integral_mean=-0.000163 integral_std=0.003526 log_ratio=-0.3916 accept=0.6759 swapped=True
i=10 pair=(5,4) lam_t=1.00961 lam_s=1.00986 tsr_diff=0.000177 integral_mean=-0.000036 integral_std=0.000532 log_ratio=-0.0864 accept=0.9173 swapped=True
i=10 pair=(7,6) lam_t=1.00995 lam_s=1.01000 tsr_diff=0.000039 integral_mean=-0.000001 integral_std=0.000096 log_ratio=-0.0025 accept=0.9975 swapped=True
i=11 pair=(1,3) lam_t=1.00254 lam_s=1.00722 tsr_diff=0.003825 integral_mean=-0.000980 integral_std=0.012362 log_ratio=-2.3518 accept=0.0952 swapped=False
i=11 pair=(2,4) lam_t=1.00896 lam_s=1.00961 tsr_diff=0.000528 integral_mean=-0.000087 integral_std=0.001487 log_ratio=-0.2078 accept=0.8124 swapped=True
i=11 pair=(5,6) lam_t=1.00986 lam_s=1.00995 tsr_diff=0.000073 integral_mean=-0.000003 integral_std=0.000256 log_ratio=-0.0064 accept=0.9936 swapped=True
i=11 pair=(1,3) lam_t=1.00254 lam_s=1.00722 tsr_diff=0.003825 integral_mean=-0.000777 integral_std=0.011737 log_ratio=-1.8657 accept=0.1548 swapped=False
i=11 pair=(4,2) lam_t=1.00896 lam_s=1.00961 tsr_diff=0.000528 integral_mean=0.000015 integral_std=0.001341 log_ratio=0.0000 accept=1.0000 swapped=True
i=11 pair=(6,5) lam_t=1.00986 lam_s=1.00995 tsr_diff=0.000073 integral_mean=0.000001 integral_std=0.000248 log_ratio=0.0000 accept=1.0000 swapped=True
i=12 pair=(0,1) lam_t=0.99000 lam_s=1.00254 tsr_diff=0.011313 integral_mean=-0.000041 integral_std=0.022794 log_ratio=-0.0979 accept=0.9067 swapped=True
i=12 pair=(3,2) lam_t=1.00722 lam_s=1.00896 tsr_diff=0.001539 integral_mean=0.000544 integral_std=0.006772 log_ratio=0.0000 accept=1.0000 swapped=True
i=12 pair=(4,5) lam_t=1.00961 lam_s=1.00986 tsr_diff=0.000213 integral_mean=0.000003 integral_std=0.000892 log_ratio=0.0000 accept=1.0000 swapped=True
i=12 pair=(6,7) lam_t=1.00995 lam_s=1.01000 tsr_diff=0.000047 integral_mean=0.000000 integral_std=0.000153 log_ratio=0.0000 accept=1.0000 swapped=True
i=12 pair=(1,0) lam_t=0.99000 lam_s=1.00254 tsr_diff=0.011313 integral_mean=-0.000396 integral_std=0.022283 log_ratio=-0.9498 accept=0.3868 swapped=False
i=12 pair=(2,3) lam_t=1.00722 lam_s=1.00896 tsr_diff=0.001539 integral_mean=-0.000792 integral_std=0.008125 log_ratio=-1.9007 accept=0.1495 swapped=False
i=12 pair=(5,4) lam_t=1.00961 lam_s=1.00986 tsr_diff=0.000213 integral_mean=-0.000030 integral_std=0.000842 log_ratio=-0.0725 accept=0.9300 swapped=True
i=12 pair=(7,6) lam_t=1.00995 lam_s=1.01000 tsr_diff=0.000047 integral_mean=-0.000002 integral_std=0.000154 log_ratio=-0.0052 accept=0.9948 swapped=True
i=13 pair=(0,2) lam_t=1.00254 lam_s=1.00722 tsr_diff=0.004402 integral_mean=-0.000104 integral_std=0.008847 log_ratio=-0.2492 accept=0.7794 swapped=True
i=13 pair=(3,4) lam_t=1.00896 lam_s=1.00961 tsr_diff=0.000607 integral_mean=0.000311 integral_std=0.004901 log_ratio=0.0000 accept=1.0000 swapped=True
i=13 pair=(5,6) lam_t=1.00986 lam_s=1.00995 tsr_diff=0.000084 integral_mean=-0.000008 integral_std=0.000481 log_ratio=-0.0191 accept=0.9811 swapped=True
i=13 pair=(2,0) lam_t=1.00254 lam_s=1.00722 tsr_diff=0.004402 integral_mean=0.000176 integral_std=0.008940 log_ratio=0.0000 accept=1.0000 swapped=True
i=13 pair=(4,3) lam_t=1.00896 lam_s=1.00961 tsr_diff=0.000607 integral_mean=-0.000290 integral_std=0.004534 log_ratio=-0.6956 accept=0.4988 swapped=False
i=13 pair=(6,5) lam_t=1.00986 lam_s=1.00995 tsr_diff=0.000084 integral_mean=0.000006 integral_std=0.000452 log_ratio=0.0000 accept=1.0000 swapped=True
i=14 pair=(1,0) lam_t=0.99000 lam_s=1.00254 tsr_diff=0.012453 integral_mean=-0.000801 integral_std=0.029222 log_ratio=-1.9219 accept=0.1463 swapped=False
i=14 pair=(2,4) lam_t=1.00722 lam_s=1.00896 tsr_diff=0.001690 integral_mean=-0.000273 integral_std=0.012863 log_ratio=-0.6548 accept=0.5196 swapped=False
i=14 pair=(3,5) lam_t=1.00961 lam_s=1.00986 tsr_diff=0.000234 integral_mean=0.000258 integral_std=0.004692 log_ratio=0.0000 accept=1.0000 swapped=True
i=14 pair=(6,7) lam_t=1.00995 lam_s=1.01000 tsr_diff=0.000052 integral_mean=0.000020 integral_std=0.000462 log_ratio=0.0000 accept=1.0000 swapped=True
i=14 pair=(1,0) lam_t=0.99000 lam_s=1.00254 tsr_diff=0.012453 integral_mean=-0.000019 integral_std=0.027046 log_ratio=-0.0466 accept=0.9545 swapped=False
i=14 pair=(2,4) lam_t=1.00722 lam_s=1.00896 tsr_diff=0.001690 integral_mean=-0.000148 integral_std=0.011122 log_ratio=-0.3552 accept=0.7011 swapped=True
i=14 pair=(5,3) lam_t=1.00961 lam_s=1.00986 tsr_diff=0.000234 integral_mean=-0.000196 integral_std=0.003292 log_ratio=-0.4708 accept=0.6245 swapped=False
i=14 pair=(7,6) lam_t=1.00995 lam_s=1.01000 tsr_diff=0.000052 integral_mean=0.000013 integral_std=0.000453 log_ratio=0.0000 accept=1.0000 swapped=True
Best Sample: 0 log probability -0.000
Saved 1 samples to: logs/pointmaze-giant-navigate-v0/inference/plans/release_H400_T256_LimitsNormalizer_b1_condFalse/2026-07-17 13:08:33/19/0.png
Saved 1 samples to: logs/pointmaze-giant-navigate-v0/inference/plans/release_H400_T256_LimitsNormalizer_b1_condFalse/2026-07-17 13:08:33/19/rollout.png
i=0 pair=(0,1) lam_t=0.99000 lam_s=1.00254 tsr_diff=0.000000 integral_mean=0.000000 integral_std=0.000000 log_ratio=0.0000 accept=1.0000 swapped=True
i=0 pair=(2,3) lam_t=1.00722 lam_s=1.00896 tsr_diff=0.000000 integral_mean=0.000000 integral_std=0.000000 log_ratio=0.0000 accept=1.0000 swapped=True
i=0 pair=(4,5) lam_t=1.00961 lam_s=1.00986 tsr_diff=0.000000 integral_mean=0.000000 integral_std=0.000000 log_ratio=0.0000 accept=1.0000 swapped=True
i=0 pair=(6,7) lam_t=1.00995 lam_s=1.01000 tsr_diff=0.000000 integral_mean=0.000000 integral_std=0.000000 log_ratio=0.0000 accept=1.0000 swapped=True
i=0 pair=(1,0) lam_t=0.99000 lam_s=1.00254 tsr_diff=0.000000 integral_mean=0.000000 integral_std=0.000000 log_ratio=0.0000 accept=1.0000 swapped=True
i=0 pair=(3,2) lam_t=1.00722 lam_s=1.00896 tsr_diff=0.000000 integral_mean=0.000000 integral_std=0.000000 log_ratio=0.0000 accept=1.0000 swapped=True
i=0 pair=(5,4) lam_t=1.00961 lam_s=1.00986 tsr_diff=0.000000 integral_mean=0.000000 integral_std=0.000000 log_ratio=0.0000 accept=1.0000 swapped=True
i=0 pair=(7,6) lam_t=1.00995 lam_s=1.01000 tsr_diff=0.000000 integral_mean=0.000000 integral_std=0.000000 log_ratio=0.0000 accept=1.0000 swapped=True
i=1 pair=(1,2) lam_t=1.00254 lam_s=1.00722 tsr_diff=0.000050 integral_mean=-0.000001 integral_std=0.000100 log_ratio=-0.0024 accept=0.9976 swapped=True
i=1 pair=(3,4) lam_t=1.00896 lam_s=1.00961 tsr_diff=0.000007 integral_mean=-0.000001 integral_std=0.000014 log_ratio=-0.0020 accept=0.9980 swapped=True
i=1 pair=(5,6) lam_t=1.00986 lam_s=1.00995 tsr_diff=0.000001 integral_mean=-0.000000 integral_std=0.000002 log_ratio=-0.0002 accept=0.9998 swapped=True
i=1 pair=(2,1) lam_t=1.00254 lam_s=1.00722 tsr_diff=0.000050 integral_mean=0.000001 integral_std=0.000099 log_ratio=0.0000 accept=1.0000 swapped=True
i=1 pair=(4,3) lam_t=1.00896 lam_s=1.00961 tsr_diff=0.000007 integral_mean=-0.000000 integral_std=0.000014 log_ratio=-0.0003 accept=0.9997 swapped=True
i=1 pair=(6,5) lam_t=1.00986 lam_s=1.00995 tsr_diff=0.000001 integral_mean=0.000000 integral_std=0.000002 log_ratio=0.0000 accept=1.0000 swapped=True
i=2 pair=(0,1) lam_t=0.99000 lam_s=1.00254 tsr_diff=0.000530 integral_mean=0.000012 integral_std=0.001110 log_ratio=0.0000 accept=1.0000 swapped=True
i=2 pair=(2,3) lam_t=1.00722 lam_s=1.00896 tsr_diff=0.000074 integral_mean=0.000002 integral_std=0.000154 log_ratio=0.0000 accept=1.0000 swapped=True
i=2 pair=(4,5) lam_t=1.00961 lam_s=1.00986 tsr_diff=0.000010 integral_mean=0.000001 integral_std=0.000022 log_ratio=0.0000 accept=1.0000 swapped=True
i=2 pair=(6,7) lam_t=1.00995 lam_s=1.01000 tsr_diff=0.000002 integral_mean=0.000000 integral_std=0.000005 log_ratio=0.0000 accept=1.0000 swapped=True
i=2 pair=(1,0) lam_t=0.99000 lam_s=1.00254 tsr_diff=0.000530 integral_mean=0.000313 integral_std=0.001422 log_ratio=0.0000 accept=1.0000 swapped=True
i=2 pair=(3,2) lam_t=1.00722 lam_s=1.00896 tsr_diff=0.000074 integral_mean=-0.000002 integral_std=0.000145 log_ratio=-0.0050 accept=0.9950 swapped=True
i=2 pair=(5,4) lam_t=1.00961 lam_s=1.00986 tsr_diff=0.000010 integral_mean=0.000001 integral_std=0.000022 log_ratio=0.0000 accept=1.0000 swapped=True
i=2 pair=(7,6) lam_t=1.00995 lam_s=1.01000 tsr_diff=0.000002 integral_mean=0.000000 integral_std=0.000004 log_ratio=0.0000 accept=1.0000 swapped=True
i=3 pair=(1,2) lam_t=1.00254 lam_s=1.00722 tsr_diff=0.000436 integral_mean=0.000111 integral_std=0.001060 log_ratio=0.0000 accept=1.0000 swapped=True
i=3 pair=(3,4) lam_t=1.00896 lam_s=1.00961 tsr_diff=0.000060 integral_mean=0.000002 integral_std=0.000122 log_ratio=0.0000 accept=1.0000 swapped=True
i=3 pair=(5,6) lam_t=1.00986 lam_s=1.00995 tsr_diff=0.000008 integral_mean=0.000000 integral_std=0.000018 log_ratio=0.0000 accept=1.0000 swapped=True
i=3 pair=(2,1) lam_t=1.00254 lam_s=1.00722 tsr_diff=0.000436 integral_mean=-0.000107 integral_std=0.000996 log_ratio=-0.2570 accept=0.7734 swapped=True
i=3 pair=(4,3) lam_t=1.00896 lam_s=1.00961 tsr_diff=0.000060 integral_mean=0.000003 integral_std=0.000122 log_ratio=0.0000 accept=1.0000 swapped=True
i=3 pair=(6,5) lam_t=1.00986 lam_s=1.00995 tsr_diff=0.000008 integral_mean=0.000000 integral_std=0.000018 log_ratio=0.0000 accept=1.0000 swapped=True
i=4 pair=(0,1) lam_t=0.99000 lam_s=1.00254 tsr_diff=0.002032 integral_mean=-0.000315 integral_std=0.004211 log_ratio=-0.7550 accept=0.4700 swapped=False
i=4 pair=(2,3) lam_t=1.00722 lam_s=1.00896 tsr_diff=0.000281 integral_mean=0.000002 integral_std=0.000582 log_ratio=0.0000 accept=1.0000 swapped=True
i=4 pair=(4,5) lam_t=1.00961 lam_s=1.00986 tsr_diff=0.000039 integral_mean=-0.000004 integral_std=0.000087 log_ratio=-0.0089 accept=0.9912 swapped=True
i=4 pair=(6,7) lam_t=1.00995 lam_s=1.01000 tsr_diff=0.000009 integral_mean=-0.000000 integral_std=0.000017 log_ratio=-0.0009 accept=0.9991 swapped=True
i=4 pair=(0,1) lam_t=0.99000 lam_s=1.00254 tsr_diff=0.002032 integral_mean=-0.000173 integral_std=0.004295 log_ratio=-0.4153 accept=0.6601 swapped=True
i=4 pair=(3,2) lam_t=1.00722 lam_s=1.00896 tsr_diff=0.000281 integral_mean=-0.000596 integral_std=0.001658 log_ratio=-1.4297 accept=0.2394 swapped=False
i=4 pair=(5,4) lam_t=1.00961 lam_s=1.00986 tsr_diff=0.000039 integral_mean=0.000001 integral_std=0.000083 log_ratio=0.0000 accept=1.0000 swapped=True
i=4 pair=(7,6) lam_t=1.00995 lam_s=1.01000 tsr_diff=0.000009 integral_mean=-0.000000 integral_std=0.000017 log_ratio=-0.0003 accept=0.9997 swapped=True
i=5 pair=(0,3) lam_t=1.00254 lam_s=1.00722 tsr_diff=0.001142 integral_mean=-0.000020 integral_std=0.002251 log_ratio=-0.0473 accept=0.9538 swapped=True
i=5 pair=(2,4) lam_t=1.00896 lam_s=1.00961 tsr_diff=0.000158 integral_mean=0.000203 integral_std=0.000655 log_ratio=0.0000 accept=1.0000 swapped=True
i=5 pair=(5,6) lam_t=1.00986 lam_s=1.00995 tsr_diff=0.000022 integral_mean=-0.000001 integral_std=0.000046 log_ratio=-0.0034 accept=0.9966 swapped=True
i=5 pair=(3,0) lam_t=1.00254 lam_s=1.00722 tsr_diff=0.001142 integral_mean=-0.000012 integral_std=0.002455 log_ratio=-0.0296 accept=0.9708 swapped=True
i=5 pair=(4,2) lam_t=1.00896 lam_s=1.00961 tsr_diff=0.000158 integral_mean=-0.000111 integral_std=0.000479 log_ratio=-0.2658 accept=0.7666 swapped=True
i=5 pair=(6,5) lam_t=1.00986 lam_s=1.00995 tsr_diff=0.000022 integral_mean=-0.000000 integral_std=0.000045 log_ratio=-0.0010 accept=0.9990 swapped=True
i=6 pair=(1,0) lam_t=0.99000 lam_s=1.00254 tsr_diff=0.004257 integral_mean=0.001469 integral_std=0.011868 log_ratio=0.0000 accept=1.0000 swapped=True
i=6 pair=(3,2) lam_t=1.00722 lam_s=1.00896 tsr_diff=0.000587 integral_mean=-0.000270 integral_std=0.001725 log_ratio=-0.6477 accept=0.5232 swapped=True
i=6 pair=(4,5) lam_t=1.00961 lam_s=1.00986 tsr_diff=0.000081 integral_mean=-0.000003 integral_std=0.000168 log_ratio=-0.0067 accept=0.9933 swapped=True
i=6 pair=(6,7) lam_t=1.00995 lam_s=1.01000 tsr_diff=0.000018 integral_mean=-0.000001 integral_std=0.000039 log_ratio=-0.0013 accept=0.9987 swapped=True
i=6 pair=(0,1) lam_t=0.99000 lam_s=1.00254 tsr_diff=0.004257 integral_mean=-0.001373 integral_std=0.010981 log_ratio=-3.2959 accept=0.0370 swapped=False
i=6 pair=(2,3) lam_t=1.00722 lam_s=1.00896 tsr_diff=0.000587 integral_mean=0.000200 integral_std=0.001497 log_ratio=0.0000 accept=1.0000 swapped=True
i=6 pair=(5,4) lam_t=1.00961 lam_s=1.00986 tsr_diff=0.000081 integral_mean=0.000003 integral_std=0.000178 log_ratio=0.0000 accept=1.0000 swapped=True
i=6 pair=(7,6) lam_t=1.00995 lam_s=1.01000 tsr_diff=0.000018 integral_mean=0.000001 integral_std=0.000042 log_ratio=0.0000 accept=1.0000 swapped=True
i=7 pair=(1,3) lam_t=1.00254 lam_s=1.00722 tsr_diff=0.002045 integral_mean=0.000384 integral_std=0.005456 log_ratio=0.0000 accept=1.0000 swapped=True
i=7 pair=(2,4) lam_t=1.00896 lam_s=1.00961 tsr_diff=0.000283 integral_mean=0.000066 integral_std=0.000705 log_ratio=0.0000 accept=1.0000 swapped=True
i=7 pair=(5,6) lam_t=1.00986 lam_s=1.00995 tsr_diff=0.000039 integral_mean=0.000002 integral_std=0.000085 log_ratio=0.0000 accept=1.0000 swapped=True
i=7 pair=(3,1) lam_t=1.00254 lam_s=1.00722 tsr_diff=0.002045 integral_mean=-0.000460 integral_std=0.004990 log_ratio=-1.1048 accept=0.3313 swapped=False
i=7 pair=(4,2) lam_t=1.00896 lam_s=1.00961 tsr_diff=0.000283 integral_mean=-0.000034 integral_std=0.000663 log_ratio=-0.0815 accept=0.9218 swapped=True
i=7 pair=(6,5) lam_t=1.00986 lam_s=1.00995 tsr_diff=0.000039 integral_mean=0.000000 integral_std=0.000082 log_ratio=0.0000 accept=1.0000 swapped=True
i=8 pair=(0,3) lam_t=0.99000 lam_s=1.00254 tsr_diff=0.006833 integral_mean=-0.000580 integral_std=0.014858 log_ratio=-1.3917 accept=0.2487 swapped=False
i=8 pair=(1,2) lam_t=1.00722 lam_s=1.00896 tsr_diff=0.000937 integral_mean=0.000166 integral_std=0.002464 log_ratio=0.0000 accept=1.0000 swapped=True
i=8 pair=(4,5) lam_t=1.00961 lam_s=1.00986 tsr_diff=0.000130 integral_mean=0.000002 integral_std=0.000300 log_ratio=0.0000 accept=1.0000 swapped=True
i=8 pair=(6,7) lam_t=1.00995 lam_s=1.01000 tsr_diff=0.000029 integral_mean=0.000000 integral_std=0.000063 log_ratio=0.0000 accept=1.0000 swapped=True
i=8 pair=(0,3) lam_t=0.99000 lam_s=1.00254 tsr_diff=0.006833 integral_mean=-0.000623 integral_std=0.014309 log_ratio=-1.4954 accept=0.2242 swapped=False
i=8 pair=(2,1) lam_t=1.00722 lam_s=1.00896 tsr_diff=0.000937 integral_mean=-0.000148 integral_std=0.002497 log_ratio=-0.3556 accept=0.7008 swapped=True
i=8 pair=(5,4) lam_t=1.00961 lam_s=1.00986 tsr_diff=0.000130 integral_mean=-0.000000 integral_std=0.000289 log_ratio=-0.0002 accept=0.9998 swapped=True
i=8 pair=(7,6) lam_t=1.00995 lam_s=1.01000 tsr_diff=0.000029 integral_mean=-0.000002 integral_std=0.000061 log_ratio=-0.0042 accept=0.9958 swapped=True
i=9 pair=(3,1) lam_t=1.00254 lam_s=1.00722 tsr_diff=0.002993 integral_mean=-0.000719 integral_std=0.007917 log_ratio=-1.7254 accept=0.1781 swapped=False
i=9 pair=(2,4) lam_t=1.00896 lam_s=1.00961 tsr_diff=0.000414 integral_mean=0.000044 integral_std=0.001020 log_ratio=0.0000 accept=1.0000 swapped=True
i=9 pair=(5,6) lam_t=1.00986 lam_s=1.00995 tsr_diff=0.000057 integral_mean=-0.000001 integral_std=0.000135 log_ratio=-0.0035 accept=0.9965 swapped=True
i=9 pair=(3,1) lam_t=1.00254 lam_s=1.00722 tsr_diff=0.002993 integral_mean=-0.000469 integral_std=0.007614 log_ratio=-1.1248 accept=0.3247 swapped=True
i=9 pair=(4,2) lam_t=1.00896 lam_s=1.00961 tsr_diff=0.000414 integral_mean=-0.000037 integral_std=0.000989 log_ratio=-0.0888 accept=0.9151 swapped=False
i=9 pair=(6,5) lam_t=1.00986 lam_s=1.00995 tsr_diff=0.000057 integral_mean=0.000000 integral_std=0.000133 log_ratio=0.0000 accept=1.0000 swapped=True
i=10 pair=(0,1) lam_t=0.99000 lam_s=1.00254 tsr_diff=0.009326 integral_mean=-0.002242 integral_std=0.025135 log_ratio=-5.3807 accept=0.0046 swapped=False
i=10 pair=(3,4) lam_t=1.00722 lam_s=1.00896 tsr_diff=0.001273 integral_mean=0.000094 integral_std=0.003232 log_ratio=0.0000 accept=1.0000 swapped=True
i=10 pair=(2,5) lam_t=1.00961 lam_s=1.00986 tsr_diff=0.000177 integral_mean=0.000016 integral_std=0.000474 log_ratio=0.0000 accept=1.0000 swapped=True
i=10 pair=(6,7) lam_t=1.00995 lam_s=1.01000 tsr_diff=0.000039 integral_mean=0.000002 integral_std=0.000092 log_ratio=0.0000 accept=1.0000 swapped=True
i=10 pair=(0,1) lam_t=0.99000 lam_s=1.00254 tsr_diff=0.009326 integral_mean=-0.003848 integral_std=0.026522 log_ratio=-9.2356 accept=0.0001 swapped=False
i=10 pair=(4,3) lam_t=1.00722 lam_s=1.00896 tsr_diff=0.001273 integral_mean=-0.000317 integral_std=0.003827 log_ratio=-0.7609 accept=0.4672 swapped=False
i=10 pair=(5,2) lam_t=1.00961 lam_s=1.00986 tsr_diff=0.000177 integral_mean=-0.000017 integral_std=0.000460 log_ratio=-0.0406 accept=0.9602 swapped=True
i=10 pair=(7,6) lam_t=1.00995 lam_s=1.01000 tsr_diff=0.000039 integral_mean=-0.000001 integral_std=0.000088 log_ratio=-0.0034 accept=0.9966 swapped=True
i=11 pair=(1,4) lam_t=1.00254 lam_s=1.00722 tsr_diff=0.003825 integral_mean=0.001926 integral_std=0.013130 log_ratio=0.0000 accept=1.0000 swapped=True
i=11 pair=(3,2) lam_t=1.00896 lam_s=1.00961 tsr_diff=0.000528 integral_mean=0.000115 integral_std=0.001656 log_ratio=0.0000 accept=1.0000 swapped=True
i=11 pair=(5,6) lam_t=1.00986 lam_s=1.00995 tsr_diff=0.000073 integral_mean=-0.000006 integral_std=0.000182 log_ratio=-0.0141 accept=0.9860 swapped=True
i=11 pair=(4,1) lam_t=1.00254 lam_s=1.00722 tsr_diff=0.003825 integral_mean=-0.000960 integral_std=0.010789 log_ratio=-2.3044 accept=0.0998 swapped=False
i=11 pair=(2,3) lam_t=1.00896 lam_s=1.00961 tsr_diff=0.000528 integral_mean=0.000001 integral_std=0.001749 log_ratio=0.0000 accept=1.0000 swapped=True
i=11 pair=(6,5) lam_t=1.00986 lam_s=1.00995 tsr_diff=0.000073 integral_mean=0.000001 integral_std=0.000183 log_ratio=0.0000 accept=1.0000 swapped=True
i=12 pair=(0,4) lam_t=0.99000 lam_s=1.00254 tsr_diff=0.011313 integral_mean=-0.001250 integral_std=0.024880 log_ratio=-3.0010 accept=0.0497 swapped=False
i=12 pair=(1,3) lam_t=1.00722 lam_s=1.00896 tsr_diff=0.001539 integral_mean=0.000014 integral_std=0.006442 log_ratio=0.0000 accept=1.0000 swapped=True
i=12 pair=(2,5) lam_t=1.00961 lam_s=1.00986 tsr_diff=0.000213 integral_mean=0.000040 integral_std=0.000966 log_ratio=0.0000 accept=1.0000 swapped=True
i=12 pair=(6,7) lam_t=1.00995 lam_s=1.01000 tsr_diff=0.000047 integral_mean=0.000003 integral_std=0.000123 log_ratio=0.0000 accept=1.0000 swapped=True
i=12 pair=(0,4) lam_t=0.99000 lam_s=1.00254 tsr_diff=0.011313 integral_mean=-0.000836 integral_std=0.024486 log_ratio=-2.0073 accept=0.1344 swapped=False
i=12 pair=(3,1) lam_t=1.00722 lam_s=1.00896 tsr_diff=0.001539 integral_mean=0.000199 integral_std=0.006551 log_ratio=0.0000 accept=1.0000 swapped=True
i=12 pair=(5,2) lam_t=1.00961 lam_s=1.00986 tsr_diff=0.000213 integral_mean=-0.000053 integral_std=0.000836 log_ratio=-0.1270 accept=0.8807 swapped=True
i=12 pair=(7,6) lam_t=1.00995 lam_s=1.01000 tsr_diff=0.000047 integral_mean=-0.000003 integral_std=0.000129 log_ratio=-0.0075 accept=0.9925 swapped=True
i=13 pair=(4,1) lam_t=1.00254 lam_s=1.00722 tsr_diff=0.004402 integral_mean=-0.001394 integral_std=0.019920 log_ratio=-3.3456 accept=0.0352 swapped=False
i=13 pair=(3,2) lam_t=1.00896 lam_s=1.00961 tsr_diff=0.000607 integral_mean=0.000225 integral_std=0.003751 log_ratio=0.0000 accept=1.0000 swapped=True
i=13 pair=(5,6) lam_t=1.00986 lam_s=1.00995 tsr_diff=0.000084 integral_mean=-0.000007 integral_std=0.000377 log_ratio=-0.0158 accept=0.9844 swapped=True
i=13 pair=(4,1) lam_t=1.00254 lam_s=1.00722 tsr_diff=0.004402 integral_mean=-0.000263 integral_std=0.018136 log_ratio=-0.6310 accept=0.5321 swapped=True
i=13 pair=(2,3) lam_t=1.00896 lam_s=1.00961 tsr_diff=0.000607 integral_mean=-0.000245 integral_std=0.003033 log_ratio=-0.5884 accept=0.5552 swapped=True
i=13 pair=(6,5) lam_t=1.00986 lam_s=1.00995 tsr_diff=0.000084 integral_mean=-0.000002 integral_std=0.000327 log_ratio=-0.0039 accept=0.9961 swapped=True
i=14 pair=(0,1) lam_t=0.99000 lam_s=1.00254 tsr_diff=0.012453 integral_mean=-0.004853 integral_std=0.097322 log_ratio=-11.6474 accept=0.0000 swapped=False
i=14 pair=(4,3) lam_t=1.00722 lam_s=1.00896 tsr_diff=0.001690 integral_mean=-0.001983 integral_std=0.022327 log_ratio=-4.7583 accept=0.0086 swapped=False
i=14 pair=(2,5) lam_t=1.00961 lam_s=1.00986 tsr_diff=0.000234 integral_mean=0.000184 integral_std=0.002985 log_ratio=0.0000 accept=1.0000 swapped=True
i=14 pair=(6,7) lam_t=1.00995 lam_s=1.01000 tsr_diff=0.000052 integral_mean=0.000021 integral_std=0.000394 log_ratio=0.0000 accept=1.0000 swapped=True
i=14 pair=(0,1) lam_t=0.99000 lam_s=1.00254 tsr_diff=0.012453 integral_mean=-0.002755 integral_std=0.074916 log_ratio=-6.6112 accept=0.0013 swapped=False
i=14 pair=(4,3) lam_t=1.00722 lam_s=1.00896 tsr_diff=0.001690 integral_mean=-0.001518 integral_std=0.016473 log_ratio=-3.6438 accept=0.0262 swapped=False
i=14 pair=(5,2) lam_t=1.00961 lam_s=1.00986 tsr_diff=0.000234 integral_mean=-0.000099 integral_std=0.002301 log_ratio=-0.2374 accept=0.7887 swapped=True
i=14 pair=(7,6) lam_t=1.00995 lam_s=1.01000 tsr_diff=0.000052 integral_mean=-0.000018 integral_std=0.000269 log_ratio=-0.0426 accept=0.9583 swapped=True
Best Sample: 0 log probability -0.355
Saved 1 samples to: logs/pointmaze-giant-navigate-v0/inference/plans/release_H400_T256_LimitsNormalizer_b1_condFalse/2026-07-17 13:08:33/20/0.png
Saved 1 samples to: logs/pointmaze-giant-navigate-v0/inference/plans/release_H400_T256_LimitsNormalizer_b1_condFalse/2026-07-17 13:08:33/20/rollout.png
i=0 pair=(0,1) lam_t=0.99000 lam_s=1.00254 tsr_diff=0.000000 integral_mean=0.000000 integral_std=0.000000 log_ratio=0.0000 accept=1.0000 swapped=True
i=0 pair=(2,3) lam_t=1.00722 lam_s=1.00896 tsr_diff=0.000000 integral_mean=0.000000 integral_std=0.000000 log_ratio=0.0000 accept=1.0000 swapped=True
i=0 pair=(4,5) lam_t=1.00961 lam_s=1.00986 tsr_diff=0.000000 integral_mean=0.000000 integral_std=0.000000 log_ratio=0.0000 accept=1.0000 swapped=True
i=0 pair=(6,7) lam_t=1.00995 lam_s=1.01000 tsr_diff=0.000000 integral_mean=0.000000 integral_std=0.000000 log_ratio=0.0000 accept=1.0000 swapped=True
i=0 pair=(1,0) lam_t=0.99000 lam_s=1.00254 tsr_diff=0.000000 integral_mean=0.000000 integral_std=0.000000 log_ratio=0.0000 accept=1.0000 swapped=True
i=0 pair=(3,2) lam_t=1.00722 lam_s=1.00896 tsr_diff=0.000000 integral_mean=0.000000 integral_std=0.000000 log_ratio=0.0000 accept=1.0000 swapped=True
i=0 pair=(5,4) lam_t=1.00961 lam_s=1.00986 tsr_diff=0.000000 integral_mean=0.000000 integral_std=0.000000 log_ratio=0.0000 accept=1.0000 swapped=True
i=0 pair=(7,6) lam_t=1.00995 lam_s=1.01000 tsr_diff=0.000000 integral_mean=0.000000 integral_std=0.000000 log_ratio=0.0000 accept=1.0000 swapped=True
i=1 pair=(1,2) lam_t=1.00254 lam_s=1.00722 tsr_diff=0.000050 integral_mean=0.000001 integral_std=0.000104 log_ratio=0.0000 accept=1.0000 swapped=True
i=1 pair=(3,4) lam_t=1.00896 lam_s=1.00961 tsr_diff=0.000007 integral_mean=-0.000000 integral_std=0.000014 log_ratio=-0.0004 accept=0.9996 swapped=True
i=1 pair=(5,6) lam_t=1.00986 lam_s=1.00995 tsr_diff=0.000001 integral_mean=0.000000 integral_std=0.000002 log_ratio=0.0000 accept=1.0000 swapped=True
i=1 pair=(2,1) lam_t=1.00254 lam_s=1.00722 tsr_diff=0.000050 integral_mean=0.000002 integral_std=0.000104 log_ratio=0.0000 accept=1.0000 swapped=True
i=1 pair=(4,3) lam_t=1.00896 lam_s=1.00961 tsr_diff=0.000007 integral_mean=0.000000 integral_std=0.000013 log_ratio=0.0000 accept=1.0000 swapped=True
i=1 pair=(6,5) lam_t=1.00986 lam_s=1.00995 tsr_diff=0.000001 integral_mean=0.000000 integral_std=0.000002 log_ratio=0.0000 accept=1.0000 swapped=True
i=2 pair=(0,1) lam_t=0.99000 lam_s=1.00254 tsr_diff=0.000530 integral_mean=-0.000015 integral_std=0.001131 log_ratio=-0.0361 accept=0.9646 swapped=True
i=2 pair=(2,3) lam_t=1.00722 lam_s=1.00896 tsr_diff=0.000074 integral_mean=-0.000004 integral_std=0.000151 log_ratio=-0.0104 accept=0.9897 swapped=True
i=2 pair=(4,5) lam_t=1.00961 lam_s=1.00986 tsr_diff=0.000010 integral_mean=0.000000 integral_std=0.000020 log_ratio=0.0000 accept=1.0000 swapped=True
i=2 pair=(6,7) lam_t=1.00995 lam_s=1.01000 tsr_diff=0.000002 integral_mean=0.000000 integral_std=0.000005 log_ratio=0.0000 accept=1.0000 swapped=True
i=2 pair=(1,0) lam_t=0.99000 lam_s=1.00254 tsr_diff=0.000530 integral_mean=0.000014 integral_std=0.001078 log_ratio=0.0000 accept=1.0000 swapped=True
i=2 pair=(3,2) lam_t=1.00722 lam_s=1.00896 tsr_diff=0.000074 integral_mean=-0.000002 integral_std=0.000147 log_ratio=-0.0040 accept=0.9960 swapped=True
i=2 pair=(5,4) lam_t=1.00961 lam_s=1.00986 tsr_diff=0.000010 integral_mean=0.000000 integral_std=0.000022 log_ratio=0.0000 accept=1.0000 swapped=True
i=2 pair=(7,6) lam_t=1.00995 lam_s=1.01000 tsr_diff=0.000002 integral_mean=-0.000000 integral_std=0.000004 log_ratio=-0.0003 accept=0.9997 swapped=True
i=3 pair=(1,2) lam_t=1.00254 lam_s=1.00722 tsr_diff=0.000436 integral_mean=0.000010 integral_std=0.000922 log_ratio=0.0000 accept=1.0000 swapped=True
i=3 pair=(3,4) lam_t=1.00896 lam_s=1.00961 tsr_diff=0.000060 integral_mean=-0.000003 integral_std=0.000121 log_ratio=-0.0078 accept=0.9923 swapped=True
i=3 pair=(5,6) lam_t=1.00986 lam_s=1.00995 tsr_diff=0.000008 integral_mean=0.000000 integral_std=0.000017 log_ratio=0.0000 accept=1.0000 swapped=True
i=3 pair=(2,1) lam_t=1.00254 lam_s=1.00722 tsr_diff=0.000436 integral_mean=-0.000023 integral_std=0.000888 log_ratio=-0.0542 accept=0.9473 swapped=True
i=3 pair=(4,3) lam_t=1.00896 lam_s=1.00961 tsr_diff=0.000060 integral_mean=-0.000002 integral_std=0.000116 log_ratio=-0.0056 accept=0.9944 swapped=True
i=3 pair=(6,5) lam_t=1.00986 lam_s=1.00995 tsr_diff=0.000008 integral_mean=0.000000 integral_std=0.000017 log_ratio=0.0000 accept=1.0000 swapped=True
i=4 pair=(0,1) lam_t=0.99000 lam_s=1.00254 tsr_diff=0.002032 integral_mean=-0.000060 integral_std=0.004205 log_ratio=-0.1429 accept=0.8668 swapped=True
i=4 pair=(2,3) lam_t=1.00722 lam_s=1.00896 tsr_diff=0.000281 integral_mean=0.000007 integral_std=0.000582 log_ratio=0.0000 accept=1.0000 swapped=True
i=4 pair=(4,5) lam_t=1.00961 lam_s=1.00986 tsr_diff=0.000039 integral_mean=-0.000001 integral_std=0.000079 log_ratio=-0.0017 accept=0.9983 swapped=True
i=4 pair=(6,7) lam_t=1.00995 lam_s=1.01000 tsr_diff=0.000009 integral_mean=0.000001 integral_std=0.000021 log_ratio=0.0000 accept=1.0000 swapped=True
i=4 pair=(1,0) lam_t=0.99000 lam_s=1.00254 tsr_diff=0.002032 integral_mean=0.000156 integral_std=0.004133 log_ratio=0.0000 accept=1.0000 swapped=True
i=4 pair=(3,2) lam_t=1.00722 lam_s=1.00896 tsr_diff=0.000281 integral_mean=-0.000001 integral_std=0.000592 log_ratio=-0.0030 accept=0.9970 swapped=True
i=4 pair=(5,4) lam_t=1.00961 lam_s=1.00986 tsr_diff=0.000039 integral_mean=0.000001 integral_std=0.000076 log_ratio=0.0000 accept=1.0000 swapped=True
i=4 pair=(7,6) lam_t=1.00995 lam_s=1.01000 tsr_diff=0.000009 integral_mean=-0.000001 integral_std=0.000020 log_ratio=-0.0024 accept=0.9976 swapped=True
i=5 pair=(1,2) lam_t=1.00254 lam_s=1.00722 tsr_diff=0.001142 integral_mean=0.000119 integral_std=0.002655 log_ratio=0.0000 accept=1.0000 swapped=True
i=5 pair=(3,4) lam_t=1.00896 lam_s=1.00961 tsr_diff=0.000158 integral_mean=0.000004 integral_std=0.000347 log_ratio=0.0000 accept=1.0000 swapped=True
i=5 pair=(5,6) lam_t=1.00986 lam_s=1.00995 tsr_diff=0.000022 integral_mean=-0.000003 integral_std=0.000046 log_ratio=-0.0067 accept=0.9933 swapped=True
i=5 pair=(2,1) lam_t=1.00254 lam_s=1.00722 tsr_diff=0.001142 integral_mean=-0.000048 integral_std=0.002336 log_ratio=-0.1152 accept=0.8912 swapped=True
i=5 pair=(4,3) lam_t=1.00896 lam_s=1.00961 tsr_diff=0.000158 integral_mean=-0.000003 integral_std=0.000322 log_ratio=-0.0079 accept=0.9921 swapped=True
i=5 pair=(6,5) lam_t=1.00986 lam_s=1.00995 tsr_diff=0.000022 integral_mean=0.000002 integral_std=0.000047 log_ratio=0.0000 accept=1.0000 swapped=True
i=6 pair=(0,1) lam_t=0.99000 lam_s=1.00254 tsr_diff=0.004257 integral_mean=-0.000379 integral_std=0.008871 log_ratio=-0.9088 accept=0.4030 swapped=False
i=6 pair=(2,3) lam_t=1.00722 lam_s=1.00896 tsr_diff=0.000587 integral_mean=-0.000058 integral_std=0.001241 log_ratio=-0.1385 accept=0.8707 swapped=True
i=6 pair=(4,5) lam_t=1.00961 lam_s=1.00986 tsr_diff=0.000081 integral_mean=-0.000001 integral_std=0.000173 log_ratio=-0.0028 accept=0.9972 swapped=True
i=6 pair=(6,7) lam_t=1.00995 lam_s=1.01000 tsr_diff=0.000018 integral_mean=0.000001 integral_std=0.000039 log_ratio=0.0000 accept=1.0000 swapped=True
i=6 pair=(0,1) lam_t=0.99000 lam_s=1.00254 tsr_diff=0.004257 integral_mean=0.000208 integral_std=0.008645 log_ratio=0.0000 accept=1.0000 swapped=True
i=6 pair=(3,2) lam_t=1.00722 lam_s=1.00896 tsr_diff=0.000587 integral_mean=0.000060 integral_std=0.001181 log_ratio=0.0000 accept=1.0000 swapped=True
i=6 pair=(5,4) lam_t=1.00961 lam_s=1.00986 tsr_diff=0.000081 integral_mean=0.000001 integral_std=0.000160 log_ratio=0.0000 accept=1.0000 swapped=True
i=6 pair=(7,6) lam_t=1.00995 lam_s=1.01000 tsr_diff=0.000018 integral_mean=0.000001 integral_std=0.000038 log_ratio=0.0000 accept=1.0000 swapped=True
i=7 pair=(0,2) lam_t=1.00254 lam_s=1.00722 tsr_diff=0.002045 integral_mean=0.000090 integral_std=0.004160 log_ratio=0.0000 accept=1.0000 swapped=True
i=7 pair=(3,4) lam_t=1.00896 lam_s=1.00961 tsr_diff=0.000283 integral_mean=0.000000 integral_std=0.000588 log_ratio=0.0000 accept=1.0000 swapped=True
i=7 pair=(5,6) lam_t=1.00986 lam_s=1.00995 tsr_diff=0.000039 integral_mean=-0.000003 integral_std=0.000086 log_ratio=-0.0077 accept=0.9924 swapped=True
i=7 pair=(2,0) lam_t=1.00254 lam_s=1.00722 tsr_diff=0.002045 integral_mean=-0.000063 integral_std=0.004289 log_ratio=-0.1502 accept=0.8605 swapped=True
i=7 pair=(4,3) lam_t=1.00896 lam_s=1.00961 tsr_diff=0.000283 integral_mean=0.000005 integral_std=0.000598 log_ratio=0.0000 accept=1.0000 swapped=True
i=7 pair=(6,5) lam_t=1.00986 lam_s=1.00995 tsr_diff=0.000039 integral_mean=0.000001 integral_std=0.000089 log_ratio=0.0000 accept=1.0000 swapped=True
i=8 pair=(1,0) lam_t=0.99000 lam_s=1.00254 tsr_diff=0.006833 integral_mean=-0.000340 integral_std=0.013010 log_ratio=-0.8152 accept=0.4425 swapped=False
i=8 pair=(2,3) lam_t=1.00722 lam_s=1.00896 tsr_diff=0.000937 integral_mean=0.000003 integral_std=0.002035 log_ratio=0.0000 accept=1.0000 swapped=True
i=8 pair=(4,5) lam_t=1.00961 lam_s=1.00986 tsr_diff=0.000130 integral_mean=-0.000005 integral_std=0.000277 log_ratio=-0.0130 accept=0.9871 swapped=True
i=8 pair=(6,7) lam_t=1.00995 lam_s=1.01000 tsr_diff=0.000029 integral_mean=0.000002 integral_std=0.000069 log_ratio=0.0000 accept=1.0000 swapped=True
i=8 pair=(1,0) lam_t=0.99000 lam_s=1.00254 tsr_diff=0.006833 integral_mean=0.000097 integral_std=0.013859 log_ratio=0.0000 accept=1.0000 swapped=True
i=8 pair=(3,2) lam_t=1.00722 lam_s=1.00896 tsr_diff=0.000937 integral_mean=0.000023 integral_std=0.002034 log_ratio=0.0000 accept=1.0000 swapped=True
i=8 pair=(5,4) lam_t=1.00961 lam_s=1.00986 tsr_diff=0.000130 integral_mean=-0.000003 integral_std=0.000273 log_ratio=-0.0077 accept=0.9923 swapped=True
i=8 pair=(7,6) lam_t=1.00995 lam_s=1.01000 tsr_diff=0.000029 integral_mean=-0.000001 integral_std=0.000068 log_ratio=-0.0024 accept=0.9976 swapped=True
i=9 pair=(1,2) lam_t=1.00254 lam_s=1.00722 tsr_diff=0.002993 integral_mean=-0.000038 integral_std=0.006939 log_ratio=-0.0923 accept=0.9118 swapped=True
i=9 pair=(3,4) lam_t=1.00896 lam_s=1.00961 tsr_diff=0.000414 integral_mean=-0.000029 integral_std=0.000978 log_ratio=-0.0698 accept=0.9326 swapped=True
i=9 pair=(5,6) lam_t=1.00986 lam_s=1.00995 tsr_diff=0.000057 integral_mean=-0.000002 integral_std=0.000143 log_ratio=-0.0052 accept=0.9948 swapped=True
i=9 pair=(2,1) lam_t=1.00254 lam_s=1.00722 tsr_diff=0.002993 integral_mean=0.000071 integral_std=0.006793 log_ratio=0.0000 accept=1.0000 swapped=True
i=9 pair=(4,3) lam_t=1.00896 lam_s=1.00961 tsr_diff=0.000414 integral_mean=0.000016 integral_std=0.000917 log_ratio=0.0000 accept=1.0000 swapped=True
i=9 pair=(6,5) lam_t=1.00986 lam_s=1.00995 tsr_diff=0.000057 integral_mean=0.000004 integral_std=0.000142 log_ratio=0.0000 accept=1.0000 swapped=True
i=10 pair=(0,1) lam_t=0.99000 lam_s=1.00254 tsr_diff=0.009326 integral_mean=-0.000326 integral_std=0.018496 log_ratio=-0.7832 accept=0.4569 swapped=True
i=10 pair=(2,3) lam_t=1.00722 lam_s=1.00896 tsr_diff=0.001273 integral_mean=0.000119 integral_std=0.002984 log_ratio=0.0000 accept=1.0000 swapped=True
i=10 pair=(4,5) lam_t=1.00961 lam_s=1.00986 tsr_diff=0.000177 integral_mean=0.000010 integral_std=0.000379 log_ratio=0.0000 accept=1.0000 swapped=True
i=10 pair=(6,7) lam_t=1.00995 lam_s=1.01000 tsr_diff=0.000039 integral_mean=0.000040 integral_std=0.000197 log_ratio=0.0000 accept=1.0000 swapped=True
i=10 pair=(1,0) lam_t=0.99000 lam_s=1.00254 tsr_diff=0.009326 integral_mean=0.000767 integral_std=0.020012 log_ratio=0.0000 accept=1.0000 swapped=True
i=10 pair=(3,2) lam_t=1.00722 lam_s=1.00896 tsr_diff=0.001273 integral_mean=-0.000028 integral_std=0.003015 log_ratio=-0.0682 accept=0.9340 swapped=True
i=10 pair=(5,4) lam_t=1.00961 lam_s=1.00986 tsr_diff=0.000177 integral_mean=-0.000003 integral_std=0.000372 log_ratio=-0.0065 accept=0.9935 swapped=True
i=10 pair=(7,6) lam_t=1.00995 lam_s=1.01000 tsr_diff=0.000039 integral_mean=-0.000020 integral_std=0.000128 log_ratio=-0.0490 accept=0.9522 swapped=True
i=11 pair=(1,2) lam_t=1.00254 lam_s=1.00722 tsr_diff=0.003825 integral_mean=0.000021 integral_std=0.010602 log_ratio=0.0000 accept=1.0000 swapped=True
i=11 pair=(3,4) lam_t=1.00896 lam_s=1.00961 tsr_diff=0.000528 integral_mean=-0.000005 integral_std=0.001417 log_ratio=-0.0119 accept=0.9882 swapped=True
i=11 pair=(5,6) lam_t=1.00986 lam_s=1.00995 tsr_diff=0.000073 integral_mean=-0.000040 integral_std=0.000239 log_ratio=-0.0953 accept=0.9091 swapped=True
i=11 pair=(2,1) lam_t=1.00254 lam_s=1.00722 tsr_diff=0.003825 integral_mean=-0.000258 integral_std=0.010163 log_ratio=-0.6195 accept=0.5382 swapped=False
i=11 pair=(4,3) lam_t=1.00896 lam_s=1.00961 tsr_diff=0.000528 integral_mean=-0.000027 integral_std=0.001452 log_ratio=-0.0639 accept=0.9381 swapped=False
i=11 pair=(6,5) lam_t=1.00986 lam_s=1.00995 tsr_diff=0.000073 integral_mean=0.000035 integral_std=0.000246 log_ratio=0.0000 accept=1.0000 swapped=True
i=12 pair=(0,2) lam_t=0.99000 lam_s=1.00254 tsr_diff=0.011313 integral_mean=0.001156 integral_std=0.033913 log_ratio=0.0000 accept=1.0000 swapped=True
i=12 pair=(1,4) lam_t=1.00722 lam_s=1.00896 tsr_diff=0.001539 integral_mean=0.000192 integral_std=0.004396 log_ratio=0.0000 accept=1.0000 swapped=True
i=12 pair=(3,5) lam_t=1.00961 lam_s=1.00986 tsr_diff=0.000213 integral_mean=-0.000002 integral_std=0.000713 log_ratio=-0.0043 accept=0.9957 swapped=True
i=12 pair=(6,7) lam_t=1.00995 lam_s=1.01000 tsr_diff=0.000047 integral_mean=0.000038 integral_std=0.000261 log_ratio=0.0000 accept=1.0000 swapped=True
i=12 pair=(2,0) lam_t=0.99000 lam_s=1.00254 tsr_diff=0.011313 integral_mean=-0.000087 integral_std=0.033100 log_ratio=-0.2093 accept=0.8112 swapped=False
i=12 pair=(4,1) lam_t=1.00722 lam_s=1.00896 tsr_diff=0.001539 integral_mean=-0.000117 integral_std=0.004735 log_ratio=-0.2804 accept=0.7555 swapped=True
i=12 pair=(5,3) lam_t=1.00961 lam_s=1.00986 tsr_diff=0.000213 integral_mean=-0.000015 integral_std=0.000646 log_ratio=-0.0366 accept=0.9641 swapped=True
i=12 pair=(7,6) lam_t=1.00995 lam_s=1.01000 tsr_diff=0.000047 integral_mean=-0.000017 integral_std=0.000175 log_ratio=-0.0403 accept=0.9605 swapped=True
i=13 pair=(0,1) lam_t=1.00254 lam_s=1.00722 tsr_diff=0.004402 integral_mean=0.000057 integral_std=0.009886 log_ratio=0.0000 accept=1.0000 swapped=True
i=13 pair=(4,3) lam_t=1.00896 lam_s=1.00961 tsr_diff=0.000607 integral_mean=-0.000089 integral_std=0.002934 log_ratio=-0.2128 accept=0.8083 swapped=False
i=13 pair=(5,6) lam_t=1.00986 lam_s=1.00995 tsr_diff=0.000084 integral_mean=-0.000024 integral_std=0.000432 log_ratio=-0.0585 accept=0.9432 swapped=True
i=13 pair=(1,0) lam_t=1.00254 lam_s=1.00722 tsr_diff=0.004402 integral_mean=-0.000328 integral_std=0.009687 log_ratio=-0.7883 accept=0.4546 swapped=True
i=13 pair=(4,3) lam_t=1.00896 lam_s=1.00961 tsr_diff=0.000607 integral_mean=-0.000155 integral_std=0.002633 log_ratio=-0.3724 accept=0.6890 swapped=True
i=13 pair=(6,5) lam_t=1.00986 lam_s=1.00995 tsr_diff=0.000084 integral_mean=0.000046 integral_std=0.000492 log_ratio=0.0000 accept=1.0000 swapped=True
i=14 pair=(2,0) lam_t=0.99000 lam_s=1.00254 tsr_diff=0.012453 integral_mean=0.001034 integral_std=0.080020 log_ratio=0.0000 accept=1.0000 swapped=True
i=14 pair=(1,3) lam_t=1.00722 lam_s=1.00896 tsr_diff=0.001690 integral_mean=-0.000610 integral_std=0.015605 log_ratio=-1.4638 accept=0.2314 swapped=True
i=14 pair=(4,5) lam_t=1.00961 lam_s=1.00986 tsr_diff=0.000234 integral_mean=-0.000079 integral_std=0.001011 log_ratio=-0.1906 accept=0.8265 swapped=True
i=14 pair=(6,7) lam_t=1.00995 lam_s=1.01000 tsr_diff=0.000052 integral_mean=0.000107 integral_std=0.000796 log_ratio=0.0000 accept=1.0000 swapped=True
i=14 pair=(0,2) lam_t=0.99000 lam_s=1.00254 tsr_diff=0.012453 integral_mean=-0.003558 integral_std=0.075870 log_ratio=-8.5402 accept=0.0002 swapped=False
i=14 pair=(3,1) lam_t=1.00722 lam_s=1.00896 tsr_diff=0.001690 integral_mean=0.000046 integral_std=0.010427 log_ratio=0.0000 accept=1.0000 swapped=True
i=14 pair=(5,4) lam_t=1.00961 lam_s=1.00986 tsr_diff=0.000234 integral_mean=0.000063 integral_std=0.001260 log_ratio=0.0000 accept=1.0000 swapped=True
i=14 pair=(7,6) lam_t=1.00995 lam_s=1.01000 tsr_diff=0.000052 integral_mean=-0.000064 integral_std=0.000581 log_ratio=-0.1541 accept=0.8572 swapped=True
Best Sample: 0 log probability -0.114
Saved 1 samples to: logs/pointmaze-giant-navigate-v0/inference/plans/release_H400_T256_LimitsNormalizer_b1_condFalse/2026-07-17 13:08:33/21/0.png
Saved 1 samples to: logs/pointmaze-giant-navigate-v0/inference/plans/release_H400_T256_LimitsNormalizer_b1_condFalse/2026-07-17 13:08:33/21/rollout.png
i=0 pair=(0,1) lam_t=0.99000 lam_s=1.00254 tsr_diff=0.000000 integral_mean=0.000000 integral_std=0.000000 log_ratio=0.0000 accept=1.0000 swapped=True
i=0 pair=(2,3) lam_t=1.00722 lam_s=1.00896 tsr_diff=0.000000 integral_mean=0.000000 integral_std=0.000000 log_ratio=0.0000 accept=1.0000 swapped=True
i=0 pair=(4,5) lam_t=1.00961 lam_s=1.00986 tsr_diff=0.000000 integral_mean=0.000000 integral_std=0.000000 log_ratio=0.0000 accept=1.0000 swapped=True
i=0 pair=(6,7) lam_t=1.00995 lam_s=1.01000 tsr_diff=0.000000 integral_mean=0.000000 integral_std=0.000000 log_ratio=0.0000 accept=1.0000 swapped=True
i=0 pair=(1,0) lam_t=0.99000 lam_s=1.00254 tsr_diff=0.000000 integral_mean=0.000000 integral_std=0.000000 log_ratio=0.0000 accept=1.0000 swapped=True
i=0 pair=(3,2) lam_t=1.00722 lam_s=1.00896 tsr_diff=0.000000 integral_mean=0.000000 integral_std=0.000000 log_ratio=0.0000 accept=1.0000 swapped=True
i=0 pair=(5,4) lam_t=1.00961 lam_s=1.00986 tsr_diff=0.000000 integral_mean=0.000000 integral_std=0.000000 log_ratio=0.0000 accept=1.0000 swapped=True
i=0 pair=(7,6) lam_t=1.00995 lam_s=1.01000 tsr_diff=0.000000 integral_mean=0.000000 integral_std=0.000000 log_ratio=0.0000 accept=1.0000 swapped=True
i=1 pair=(1,2) lam_t=1.00254 lam_s=1.00722 tsr_diff=0.000050 integral_mean=-0.000002 integral_std=0.000096 log_ratio=-0.0045 accept=0.9955 swapped=True
i=1 pair=(3,4) lam_t=1.00896 lam_s=1.00961 tsr_diff=0.000007 integral_mean=0.000000 integral_std=0.000013 log_ratio=0.0000 accept=1.0000 swapped=True
i=1 pair=(5,6) lam_t=1.00986 lam_s=1.00995 tsr_diff=0.000001 integral_mean=-0.000000 integral_std=0.000002 log_ratio=-0.0001 accept=0.9999 swapped=True
i=1 pair=(2,1) lam_t=1.00254 lam_s=1.00722 tsr_diff=0.000050 integral_mean=0.000001 integral_std=0.000105 log_ratio=0.0000 accept=1.0000 swapped=True
i=1 pair=(4,3) lam_t=1.00896 lam_s=1.00961 tsr_diff=0.000007 integral_mean=-0.000000 integral_std=0.000014 log_ratio=-0.0004 accept=0.9996 swapped=True
i=1 pair=(6,5) lam_t=1.00986 lam_s=1.00995 tsr_diff=0.000001 integral_mean=0.000000 integral_std=0.000002 log_ratio=0.0000 accept=1.0000 swapped=True
i=2 pair=(0,1) lam_t=0.99000 lam_s=1.00254 tsr_diff=0.000530 integral_mean=-0.000030 integral_std=0.000999 log_ratio=-0.0720 accept=0.9305 swapped=True
i=2 pair=(2,3) lam_t=1.00722 lam_s=1.00896 tsr_diff=0.000074 integral_mean=-0.000001 integral_std=0.000152 log_ratio=-0.0032 accept=0.9968 swapped=True
i=2 pair=(4,5) lam_t=1.00961 lam_s=1.00986 tsr_diff=0.000010 integral_mean=-0.000000 integral_std=0.000022 log_ratio=-0.0010 accept=0.9990 swapped=True
i=2 pair=(6,7) lam_t=1.00995 lam_s=1.01000 tsr_diff=0.000002 integral_mean=-0.000000 integral_std=0.000005 log_ratio=-0.0002 accept=0.9998 swapped=True
i=2 pair=(1,0) lam_t=0.99000 lam_s=1.00254 tsr_diff=0.000530 integral_mean=-0.000017 integral_std=0.001065 log_ratio=-0.0403 accept=0.9605 swapped=True
i=2 pair=(3,2) lam_t=1.00722 lam_s=1.00896 tsr_diff=0.000074 integral_mean=-0.000012 integral_std=0.000158 log_ratio=-0.0277 accept=0.9727 swapped=True
i=2 pair=(5,4) lam_t=1.00961 lam_s=1.00986 tsr_diff=0.000010 integral_mean=-0.000000 integral_std=0.000021 log_ratio=-0.0001 accept=0.9999 swapped=True
i=2 pair=(7,6) lam_t=1.00995 lam_s=1.01000 tsr_diff=0.000002 integral_mean=-0.000000 integral_std=0.000004 log_ratio=-0.0003 accept=0.9997 swapped=True
i=3 pair=(1,2) lam_t=1.00254 lam_s=1.00722 tsr_diff=0.000436 integral_mean=-0.000003 integral_std=0.000934 log_ratio=-0.0079 accept=0.9921 swapped=True
i=3 pair=(3,4) lam_t=1.00896 lam_s=1.00961 tsr_diff=0.000060 integral_mean=-0.000007 integral_std=0.000123 log_ratio=-0.0162 accept=0.9839 swapped=True
i=3 pair=(5,6) lam_t=1.00986 lam_s=1.00995 tsr_diff=0.000008 integral_mean=-0.000001 integral_std=0.000020 log_ratio=-0.0013 accept=0.9987 swapped=True
i=3 pair=(2,1) lam_t=1.00254 lam_s=1.00722 tsr_diff=0.000436 integral_mean=-0.000029 integral_std=0.000986 log_ratio=-0.0708 accept=0.9317 swapped=True
i=3 pair=(4,3) lam_t=1.00896 lam_s=1.00961 tsr_diff=0.000060 integral_mean=0.000002 integral_std=0.000124 log_ratio=0.0000 accept=1.0000 swapped=True
i=3 pair=(6,5) lam_t=1.00986 lam_s=1.00995 tsr_diff=0.000008 integral_mean=-0.000000 integral_std=0.000018 log_ratio=-0.0010 accept=0.9990 swapped=True
i=4 pair=(0,1) lam_t=0.99000 lam_s=1.00254 tsr_diff=0.002032 integral_mean=-0.000250 integral_std=0.004428 log_ratio=-0.5990 accept=0.5493 swapped=False
i=4 pair=(2,3) lam_t=1.00722 lam_s=1.00896 tsr_diff=0.000281 integral_mean=0.000019 integral_std=0.000566 log_ratio=0.0000 accept=1.0000 swapped=True
i=4 pair=(4,5) lam_t=1.00961 lam_s=1.00986 tsr_diff=0.000039 integral_mean=-0.000002 integral_std=0.000085 log_ratio=-0.0057 accept=0.9943 swapped=True
i=4 pair=(6,7) lam_t=1.00995 lam_s=1.01000 tsr_diff=0.000009 integral_mean=0.000000 integral_std=0.000018 log_ratio=0.0000 accept=1.0000 swapped=True
i=4 pair=(0,1) lam_t=0.99000 lam_s=1.00254 tsr_diff=0.002032 integral_mean=-0.000164 integral_std=0.004234 log_ratio=-0.3944 accept=0.6741 swapped=True
i=4 pair=(3,2) lam_t=1.00722 lam_s=1.00896 tsr_diff=0.000281 integral_mean=-0.000103 integral_std=0.000664 log_ratio=-0.2477 accept=0.7806 swapped=True
i=4 pair=(5,4) lam_t=1.00961 lam_s=1.00986 tsr_diff=0.000039 integral_mean=0.000002 integral_std=0.000083 log_ratio=0.0000 accept=1.0000 swapped=True
i=4 pair=(7,6) lam_t=1.00995 lam_s=1.01000 tsr_diff=0.000009 integral_mean=-0.000000 integral_std=0.000017 log_ratio=-0.0005 accept=0.9995 swapped=True
i=5 pair=(0,2) lam_t=1.00254 lam_s=1.00722 tsr_diff=0.001142 integral_mean=-0.000293 integral_std=0.002771 log_ratio=-0.7039 accept=0.4946 swapped=True
i=5 pair=(3,4) lam_t=1.00896 lam_s=1.00961 tsr_diff=0.000158 integral_mean=-0.000001 integral_std=0.000329 log_ratio=-0.0031 accept=0.9969 swapped=True
i=5 pair=(5,6) lam_t=1.00986 lam_s=1.00995 tsr_diff=0.000022 integral_mean=0.000000 integral_std=0.000046 log_ratio=0.0000 accept=1.0000 swapped=True
i=5 pair=(2,0) lam_t=1.00254 lam_s=1.00722 tsr_diff=0.001142 integral_mean=0.000121 integral_std=0.002576 log_ratio=0.0000 accept=1.0000 swapped=True
i=5 pair=(4,3) lam_t=1.00896 lam_s=1.00961 tsr_diff=0.000158 integral_mean=-0.000001 integral_std=0.000332 log_ratio=-0.0024 accept=0.9976 swapped=True
i=5 pair=(6,5) lam_t=1.00986 lam_s=1.00995 tsr_diff=0.000022 integral_mean=0.000003 integral_std=0.000044 log_ratio=0.0000 accept=1.0000 swapped=True
i=6 pair=(1,0) lam_t=0.99000 lam_s=1.00254 tsr_diff=0.004257 integral_mean=-0.000090 integral_std=0.008875 log_ratio=-0.2163 accept=0.8055 swapped=True
i=6 pair=(2,3) lam_t=1.00722 lam_s=1.00896 tsr_diff=0.000587 integral_mean=0.000035 integral_std=0.001339 log_ratio=0.0000 accept=1.0000 swapped=True
i=6 pair=(4,5) lam_t=1.00961 lam_s=1.00986 tsr_diff=0.000081 integral_mean=0.000004 integral_std=0.000167 log_ratio=0.0000 accept=1.0000 swapped=True
i=6 pair=(6,7) lam_t=1.00995 lam_s=1.01000 tsr_diff=0.000018 integral_mean=-0.000005 integral_std=0.000044 log_ratio=-0.0118 accept=0.9883 swapped=True
i=6 pair=(0,1) lam_t=0.99000 lam_s=1.00254 tsr_diff=0.004257 integral_mean=0.000044 integral_std=0.009044 log_ratio=0.0000 accept=1.0000 swapped=True
i=6 pair=(3,2) lam_t=1.00722 lam_s=1.00896 tsr_diff=0.000587 integral_mean=-0.000018 integral_std=0.001283 log_ratio=-0.0425 accept=0.9584 swapped=True
i=6 pair=(5,4) lam_t=1.00961 lam_s=1.00986 tsr_diff=0.000081 integral_mean=-0.000003 integral_std=0.000160 log_ratio=-0.0068 accept=0.9932 swapped=True
i=6 pair=(7,6) lam_t=1.00995 lam_s=1.01000 tsr_diff=0.000018 integral_mean=0.000001 integral_std=0.000038 log_ratio=0.0000 accept=1.0000 swapped=True
i=7 pair=(0,2) lam_t=1.00254 lam_s=1.00722 tsr_diff=0.002045 integral_mean=-0.000075 integral_std=0.004501 log_ratio=-0.1794 accept=0.8358 swapped=False
i=7 pair=(3,4) lam_t=1.00896 lam_s=1.00961 tsr_diff=0.000283 integral_mean=0.000016 integral_std=0.000553 log_ratio=0.0000 accept=1.0000 swapped=True
i=7 pair=(5,6) lam_t=1.00986 lam_s=1.00995 tsr_diff=0.000039 integral_mean=-0.000003 integral_std=0.000082 log_ratio=-0.0075 accept=0.9925 swapped=True
i=7 pair=(0,2) lam_t=1.00254 lam_s=1.00722 tsr_diff=0.002045 integral_mean=-0.000047 integral_std=0.004544 log_ratio=-0.1125 accept=0.8936 swapped=False
i=7 pair=(4,3) lam_t=1.00896 lam_s=1.00961 tsr_diff=0.000283 integral_mean=-0.000013 integral_std=0.000563 log_ratio=-0.0304 accept=0.9701 swapped=True
i=7 pair=(6,5) lam_t=1.00986 lam_s=1.00995 tsr_diff=0.000039 integral_mean=0.000004 integral_std=0.000084 log_ratio=0.0000 accept=1.0000 swapped=True
i=8 pair=(1,0) lam_t=0.99000 lam_s=1.00254 tsr_diff=0.006833 integral_mean=-0.000606 integral_std=0.015337 log_ratio=-1.4534 accept=0.2338 swapped=False
i=8 pair=(2,3) lam_t=1.00722 lam_s=1.00896 tsr_diff=0.000937 integral_mean=0.000042 integral_std=0.002139 log_ratio=0.0000 accept=1.0000 swapped=True
i=8 pair=(4,5) lam_t=1.00961 lam_s=1.00986 tsr_diff=0.000130 integral_mean=0.000003 integral_std=0.000284 log_ratio=0.0000 accept=1.0000 swapped=True
i=8 pair=(6,7) lam_t=1.00995 lam_s=1.01000 tsr_diff=0.000029 integral_mean=0.000001 integral_std=0.000060 log_ratio=0.0000 accept=1.0000 swapped=True
i=8 pair=(1,0) lam_t=0.99000 lam_s=1.00254 tsr_diff=0.006833 integral_mean=-0.000320 integral_std=0.015825 log_ratio=-0.7682 accept=0.4638 swapped=False
i=8 pair=(3,2) lam_t=1.00722 lam_s=1.00896 tsr_diff=0.000937 integral_mean=-0.000034 integral_std=0.002109 log_ratio=-0.0812 accept=0.9220 swapped=True
i=8 pair=(5,4) lam_t=1.00961 lam_s=1.00986 tsr_diff=0.000130 integral_mean=-0.000007 integral_std=0.000268 log_ratio=-0.0158 accept=0.9843 swapped=True
i=8 pair=(7,6) lam_t=1.00995 lam_s=1.01000 tsr_diff=0.000029 integral_mean=-0.000001 integral_std=0.000061 log_ratio=-0.0036 accept=0.9964 swapped=True
i=9 pair=(0,2) lam_t=1.00254 lam_s=1.00722 tsr_diff=0.002993 integral_mean=0.000242 integral_std=0.008101 log_ratio=0.0000 accept=1.0000 swapped=True
i=9 pair=(3,4) lam_t=1.00896 lam_s=1.00961 tsr_diff=0.000414 integral_mean=-0.000020 integral_std=0.000848 log_ratio=-0.0483 accept=0.9528 swapped=True
i=9 pair=(5,6) lam_t=1.00986 lam_s=1.00995 tsr_diff=0.000057 integral_mean=-0.000006 integral_std=0.000133 log_ratio=-0.0137 accept=0.9864 swapped=True
i=9 pair=(2,0) lam_t=1.00254 lam_s=1.00722 tsr_diff=0.002993 integral_mean=-0.000043 integral_std=0.007141 log_ratio=-0.1024 accept=0.9027 swapped=False
i=9 pair=(4,3) lam_t=1.00896 lam_s=1.00961 tsr_diff=0.000414 integral_mean=0.000023 integral_std=0.000790 log_ratio=0.0000 accept=1.0000 swapped=True
i=9 pair=(6,5) lam_t=1.00986 lam_s=1.00995 tsr_diff=0.000057 integral_mean=0.000000 integral_std=0.000129 log_ratio=0.0000 accept=1.0000 swapped=True
i=10 pair=(1,2) lam_t=0.99000 lam_s=1.00254 tsr_diff=0.009326 integral_mean=-0.000785 integral_std=0.022698 log_ratio=-1.8831 accept=0.1521 swapped=False
i=10 pair=(0,3) lam_t=1.00722 lam_s=1.00896 tsr_diff=0.001273 integral_mean=0.000159 integral_std=0.002919 log_ratio=0.0000 accept=1.0000 swapped=True
i=10 pair=(4,5) lam_t=1.00961 lam_s=1.00986 tsr_diff=0.000177 integral_mean=0.000010 integral_std=0.000431 log_ratio=0.0000 accept=1.0000 swapped=True
i=10 pair=(6,7) lam_t=1.00995 lam_s=1.01000 tsr_diff=0.000039 integral_mean=-0.000004 integral_std=0.000105 log_ratio=-0.0088 accept=0.9912 swapped=True
i=10 pair=(1,2) lam_t=0.99000 lam_s=1.00254 tsr_diff=0.009326 integral_mean=-0.000377 integral_std=0.023743 log_ratio=-0.9045 accept=0.4047 swapped=False
i=10 pair=(3,0) lam_t=1.00722 lam_s=1.00896 tsr_diff=0.001273 integral_mean=-0.000110 integral_std=0.002947 log_ratio=-0.2641 accept=0.7679 swapped=False
i=10 pair=(5,4) lam_t=1.00961 lam_s=1.00986 tsr_diff=0.000177 integral_mean=-0.000018 integral_std=0.000446 log_ratio=-0.0442 accept=0.9568 swapped=True
i=10 pair=(7,6) lam_t=1.00995 lam_s=1.01000 tsr_diff=0.000039 integral_mean=0.000001 integral_std=0.000091 log_ratio=0.0000 accept=1.0000 swapped=True
i=11 pair=(2,3) lam_t=1.00254 lam_s=1.00722 tsr_diff=0.003825 integral_mean=0.000271 integral_std=0.011486 log_ratio=0.0000 accept=1.0000 swapped=True
i=11 pair=(0,4) lam_t=1.00896 lam_s=1.00961 tsr_diff=0.000528 integral_mean=-0.000012 integral_std=0.001530 log_ratio=-0.0284 accept=0.9720 swapped=True
i=11 pair=(5,6) lam_t=1.00986 lam_s=1.00995 tsr_diff=0.000073 integral_mean=-0.000008 integral_std=0.000212 log_ratio=-0.0201 accept=0.9801 swapped=True
i=11 pair=(3,2) lam_t=1.00254 lam_s=1.00722 tsr_diff=0.003825 integral_mean=-0.000085 integral_std=0.011040 log_ratio=-0.2031 accept=0.8162 swapped=True
i=11 pair=(4,0) lam_t=1.00896 lam_s=1.00961 tsr_diff=0.000528 integral_mean=0.000031 integral_std=0.001591 log_ratio=0.0000 accept=1.0000 swapped=True
i=11 pair=(6,5) lam_t=1.00986 lam_s=1.00995 tsr_diff=0.000073 integral_mean=0.000006 integral_std=0.000193 log_ratio=0.0000 accept=1.0000 swapped=True
i=12 pair=(1,2) lam_t=0.99000 lam_s=1.00254 tsr_diff=0.011313 integral_mean=-0.002167 integral_std=0.048150 log_ratio=-5.2006 accept=0.0055 swapped=False
i=12 pair=(3,0) lam_t=1.00722 lam_s=1.00896 tsr_diff=0.001539 integral_mean=-0.000164 integral_std=0.005927 log_ratio=-0.3947 accept=0.6739 swapped=False
i=12 pair=(4,5) lam_t=1.00961 lam_s=1.00986 tsr_diff=0.000213 integral_mean=0.000053 integral_std=0.000726 log_ratio=0.0000 accept=1.0000 swapped=True
i=12 pair=(6,7) lam_t=1.00995 lam_s=1.01000 tsr_diff=0.000047 integral_mean=0.000004 integral_std=0.000150 log_ratio=0.0000 accept=1.0000 swapped=True
i=12 pair=(1,2) lam_t=0.99000 lam_s=1.00254 tsr_diff=0.011313 integral_mean=-0.001961 integral_std=0.036809 log_ratio=-4.7070 accept=0.0090 swapped=False
i=12 pair=(3,0) lam_t=1.00722 lam_s=1.00896 tsr_diff=0.001539 integral_mean=-0.000217 integral_std=0.005047 log_ratio=-0.5208 accept=0.5940 swapped=False
i=12 pair=(5,4) lam_t=1.00961 lam_s=1.00986 tsr_diff=0.000213 integral_mean=-0.000056 integral_std=0.000673 log_ratio=-0.1346 accept=0.8741 swapped=True
i=12 pair=(7,6) lam_t=1.00995 lam_s=1.01000 tsr_diff=0.000047 integral_mean=0.000000 integral_std=0.000135 log_ratio=0.0000 accept=1.0000 swapped=True
i=13 pair=(2,3) lam_t=1.00254 lam_s=1.00722 tsr_diff=0.004402 integral_mean=0.001893 integral_std=0.024475 log_ratio=0.0000 accept=1.0000 swapped=True
i=13 pair=(0,4) lam_t=1.00896 lam_s=1.00961 tsr_diff=0.000607 integral_mean=0.000156 integral_std=0.002736 log_ratio=0.0000 accept=1.0000 swapped=True
i=13 pair=(5,6) lam_t=1.00986 lam_s=1.00995 tsr_diff=0.000084 integral_mean=-0.000029 integral_std=0.000429 log_ratio=-0.0699 accept=0.9325 swapped=True
i=13 pair=(3,2) lam_t=1.00254 lam_s=1.00722 tsr_diff=0.004402 integral_mean=-0.000597 integral_std=0.018880 log_ratio=-1.4329 accept=0.2386 swapped=False
i=13 pair=(4,0) lam_t=1.00896 lam_s=1.00961 tsr_diff=0.000607 integral_mean=-0.000056 integral_std=0.002678 log_ratio=-0.1355 accept=0.8733 swapped=False
i=13 pair=(6,5) lam_t=1.00986 lam_s=1.00995 tsr_diff=0.000084 integral_mean=0.000008 integral_std=0.000263 log_ratio=0.0000 accept=1.0000 swapped=True
i=14 pair=(1,3) lam_t=0.99000 lam_s=1.00254 tsr_diff=0.012453 integral_mean=0.000787 integral_std=0.033596 log_ratio=0.0000 accept=1.0000 swapped=True
i=14 pair=(2,4) lam_t=1.00722 lam_s=1.00896 tsr_diff=0.001690 integral_mean=0.000956 integral_std=0.019217 log_ratio=0.0000 accept=1.0000 swapped=True
i=14 pair=(0,5) lam_t=1.00961 lam_s=1.00986 tsr_diff=0.000234 integral_mean=0.000208 integral_std=0.002712 log_ratio=0.0000 accept=1.0000 swapped=True
i=14 pair=(6,7) lam_t=1.00995 lam_s=1.01000 tsr_diff=0.000052 integral_mean=-0.000002 integral_std=0.000330 log_ratio=-0.0037 accept=0.9963 swapped=True
i=14 pair=(3,1) lam_t=0.99000 lam_s=1.00254 tsr_diff=0.012453 integral_mean=-0.000723 integral_std=0.032831 log_ratio=-1.7347 accept=0.1765 swapped=False
i=14 pair=(4,2) lam_t=1.00722 lam_s=1.00896 tsr_diff=0.001690 integral_mean=-0.000394 integral_std=0.015656 log_ratio=-0.9458 accept=0.3884 swapped=False
i=14 pair=(5,0) lam_t=1.00961 lam_s=1.00986 tsr_diff=0.000234 integral_mean=-0.000149 integral_std=0.002420 log_ratio=-0.3583 accept=0.6988 swapped=True
i=14 pair=(7,6) lam_t=1.00995 lam_s=1.01000 tsr_diff=0.000052 integral_mean=0.000010 integral_std=0.000265 log_ratio=0.0000 accept=1.0000 swapped=True
Best Sample: 1 log probability -0.032
Saved 1 samples to: logs/pointmaze-giant-navigate-v0/inference/plans/release_H400_T256_LimitsNormalizer_b1_condFalse/2026-07-17 13:08:33/22/0.png
Saved 1 samples to: logs/pointmaze-giant-navigate-v0/inference/plans/release_H400_T256_LimitsNormalizer_b1_condFalse/2026-07-17 13:08:33/22/rollout.png
i=0 pair=(0,1) lam_t=0.99000 lam_s=1.00254 tsr_diff=0.000000 integral_mean=0.000000 integral_std=0.000000 log_ratio=0.0000 accept=1.0000 swapped=True
i=0 pair=(2,3) lam_t=1.00722 lam_s=1.00896 tsr_diff=0.000000 integral_mean=0.000000 integral_std=0.000000 log_ratio=0.0000 accept=1.0000 swapped=True
i=0 pair=(4,5) lam_t=1.00961 lam_s=1.00986 tsr_diff=0.000000 integral_mean=0.000000 integral_std=0.000000 log_ratio=0.0000 accept=1.0000 swapped=True
i=0 pair=(6,7) lam_t=1.00995 lam_s=1.01000 tsr_diff=0.000000 integral_mean=0.000000 integral_std=0.000000 log_ratio=0.0000 accept=1.0000 swapped=True
i=0 pair=(1,0) lam_t=0.99000 lam_s=1.00254 tsr_diff=0.000000 integral_mean=0.000000 integral_std=0.000000 log_ratio=0.0000 accept=1.0000 swapped=True
i=0 pair=(3,2) lam_t=1.00722 lam_s=1.00896 tsr_diff=0.000000 integral_mean=0.000000 integral_std=0.000000 log_ratio=0.0000 accept=1.0000 swapped=True
i=0 pair=(5,4) lam_t=1.00961 lam_s=1.00986 tsr_diff=0.000000 integral_mean=0.000000 integral_std=0.000000 log_ratio=0.0000 accept=1.0000 swapped=True
i=0 pair=(7,6) lam_t=1.00995 lam_s=1.01000 tsr_diff=0.000000 integral_mean=0.000000 integral_std=0.000000 log_ratio=0.0000 accept=1.0000 swapped=True
i=1 pair=(1,2) lam_t=1.00254 lam_s=1.00722 tsr_diff=0.000050 integral_mean=-0.000003 integral_std=0.000099 log_ratio=-0.0068 accept=0.9932 swapped=True
i=1 pair=(3,4) lam_t=1.00896 lam_s=1.00961 tsr_diff=0.000007 integral_mean=-0.000000 integral_std=0.000014 log_ratio=-0.0003 accept=0.9997 swapped=True
i=1 pair=(5,6) lam_t=1.00986 lam_s=1.00995 tsr_diff=0.000001 integral_mean=0.000000 integral_std=0.000002 log_ratio=0.0000 accept=1.0000 swapped=True
i=1 pair=(2,1) lam_t=1.00254 lam_s=1.00722 tsr_diff=0.000050 integral_mean=0.000002 integral_std=0.000099 log_ratio=0.0000 accept=1.0000 swapped=True
i=1 pair=(4,3) lam_t=1.00896 lam_s=1.00961 tsr_diff=0.000007 integral_mean=0.000000 integral_std=0.000014 log_ratio=0.0000 accept=1.0000 swapped=True
i=1 pair=(6,5) lam_t=1.00986 lam_s=1.00995 tsr_diff=0.000001 integral_mean=-0.000000 integral_std=0.000002 log_ratio=-0.0000 accept=1.0000 swapped=True
i=2 pair=(0,1) lam_t=0.99000 lam_s=1.00254 tsr_diff=0.000530 integral_mean=0.000012 integral_std=0.001090 log_ratio=0.0000 accept=1.0000 swapped=True
i=2 pair=(2,3) lam_t=1.00722 lam_s=1.00896 tsr_diff=0.000074 integral_mean=0.000003 integral_std=0.000153 log_ratio=0.0000 accept=1.0000 swapped=True
i=2 pair=(4,5) lam_t=1.00961 lam_s=1.00986 tsr_diff=0.000010 integral_mean=-0.000000 integral_std=0.000021 log_ratio=-0.0011 accept=0.9989 swapped=True
i=2 pair=(6,7) lam_t=1.00995 lam_s=1.01000 tsr_diff=0.000002 integral_mean=-0.000000 integral_std=0.000005 log_ratio=-0.0004 accept=0.9996 swapped=True
i=2 pair=(1,0) lam_t=0.99000 lam_s=1.00254 tsr_diff=0.000530 integral_mean=-0.000016 integral_std=0.001046 log_ratio=-0.0391 accept=0.9616 swapped=True
i=2 pair=(3,2) lam_t=1.00722 lam_s=1.00896 tsr_diff=0.000074 integral_mean=-0.000014 integral_std=0.000160 log_ratio=-0.0334 accept=0.9672 swapped=True
i=2 pair=(5,4) lam_t=1.00961 lam_s=1.00986 tsr_diff=0.000010 integral_mean=0.000000 integral_std=0.000021 log_ratio=0.0000 accept=1.0000 swapped=True
i=2 pair=(7,6) lam_t=1.00995 lam_s=1.01000 tsr_diff=0.000002 integral_mean=0.000000 integral_std=0.000005 log_ratio=0.0000 accept=1.0000 swapped=True
i=3 pair=(1,2) lam_t=1.00254 lam_s=1.00722 tsr_diff=0.000436 integral_mean=-0.000072 integral_std=0.000900 log_ratio=-0.1735 accept=0.8408 swapped=False
i=3 pair=(3,4) lam_t=1.00896 lam_s=1.00961 tsr_diff=0.000060 integral_mean=-0.000003 integral_std=0.000123 log_ratio=-0.0077 accept=0.9924 swapped=True
i=3 pair=(5,6) lam_t=1.00986 lam_s=1.00995 tsr_diff=0.000008 integral_mean=-0.000001 integral_std=0.000018 log_ratio=-0.0027 accept=0.9973 swapped=True
i=3 pair=(1,2) lam_t=1.00254 lam_s=1.00722 tsr_diff=0.000436 integral_mean=-0.000047 integral_std=0.000979 log_ratio=-0.1135 accept=0.8927 swapped=True
i=3 pair=(4,3) lam_t=1.00896 lam_s=1.00961 tsr_diff=0.000060 integral_mean=0.000006 integral_std=0.000127 log_ratio=0.0000 accept=1.0000 swapped=True
i=3 pair=(6,5) lam_t=1.00986 lam_s=1.00995 tsr_diff=0.000008 integral_mean=0.000000 integral_std=0.000018 log_ratio=0.0000 accept=1.0000 swapped=True
i=4 pair=(0,2) lam_t=0.99000 lam_s=1.00254 tsr_diff=0.002032 integral_mean=-0.000172 integral_std=0.004265 log_ratio=-0.4138 accept=0.6611 swapped=True
i=4 pair=(1,3) lam_t=1.00722 lam_s=1.00896 tsr_diff=0.000281 integral_mean=0.000007 integral_std=0.000587 log_ratio=0.0000 accept=1.0000 swapped=True
i=4 pair=(4,5) lam_t=1.00961 lam_s=1.00986 tsr_diff=0.000039 integral_mean=0.000003 integral_std=0.000079 log_ratio=0.0000 accept=1.0000 swapped=True
i=4 pair=(6,7) lam_t=1.00995 lam_s=1.01000 tsr_diff=0.000009 integral_mean=-0.000000 integral_std=0.000019 log_ratio=-0.0012 accept=0.9988 swapped=True
i=4 pair=(2,0) lam_t=0.99000 lam_s=1.00254 tsr_diff=0.002032 integral_mean=0.000093 integral_std=0.004114 log_ratio=0.0000 accept=1.0000 swapped=True
i=4 pair=(3,1) lam_t=1.00722 lam_s=1.00896 tsr_diff=0.000281 integral_mean=-0.000006 integral_std=0.000586 log_ratio=-0.0153 accept=0.9848 swapped=True
i=4 pair=(5,4) lam_t=1.00961 lam_s=1.00986 tsr_diff=0.000039 integral_mean=-0.000002 integral_std=0.000078 log_ratio=-0.0059 accept=0.9941 swapped=True
i=4 pair=(7,6) lam_t=1.00995 lam_s=1.01000 tsr_diff=0.000009 integral_mean=0.000000 integral_std=0.000018 log_ratio=0.0000 accept=1.0000 swapped=True
i=5 pair=(2,1) lam_t=1.00254 lam_s=1.00722 tsr_diff=0.001142 integral_mean=-0.000245 integral_std=0.002719 log_ratio=-0.5891 accept=0.5548 swapped=False
i=5 pair=(3,4) lam_t=1.00896 lam_s=1.00961 tsr_diff=0.000158 integral_mean=-0.000003 integral_std=0.000346 log_ratio=-0.0078 accept=0.9922 swapped=True
i=5 pair=(5,6) lam_t=1.00986 lam_s=1.00995 tsr_diff=0.000022 integral_mean=-0.000002 integral_std=0.000044 log_ratio=-0.0044 accept=0.9956 swapped=True
i=5 pair=(2,1) lam_t=1.00254 lam_s=1.00722 tsr_diff=0.001142 integral_mean=-0.000191 integral_std=0.002477 log_ratio=-0.4592 accept=0.6318 swapped=True
i=5 pair=(4,3) lam_t=1.00896 lam_s=1.00961 tsr_diff=0.000158 integral_mean=0.000001 integral_std=0.000330 log_ratio=0.0000 accept=1.0000 swapped=True
i=5 pair=(6,5) lam_t=1.00986 lam_s=1.00995 tsr_diff=0.000022 integral_mean=0.000002 integral_std=0.000044 log_ratio=0.0000 accept=1.0000 swapped=True
i=6 pair=(0,1) lam_t=0.99000 lam_s=1.00254 tsr_diff=0.004257 integral_mean=-0.000450 integral_std=0.008561 log_ratio=-1.0809 accept=0.3393 swapped=False
i=6 pair=(2,3) lam_t=1.00722 lam_s=1.00896 tsr_diff=0.000587 integral_mean=-0.000003 integral_std=0.001298 log_ratio=-0.0082 accept=0.9918 swapped=True
i=6 pair=(4,5) lam_t=1.00961 lam_s=1.00986 tsr_diff=0.000081 integral_mean=-0.000001 integral_std=0.000174 log_ratio=-0.0026 accept=0.9974 swapped=True
i=6 pair=(6,7) lam_t=1.00995 lam_s=1.01000 tsr_diff=0.000018 integral_mean=0.000000 integral_std=0.000037 log_ratio=0.0000 accept=1.0000 swapped=True
i=6 pair=(0,1) lam_t=0.99000 lam_s=1.00254 tsr_diff=0.004257 integral_mean=-0.000177 integral_std=0.009087 log_ratio=-0.4254 accept=0.6535 swapped=True
i=6 pair=(3,2) lam_t=1.00722 lam_s=1.00896 tsr_diff=0.000587 integral_mean=-0.000030 integral_std=0.001257 log_ratio=-0.0714 accept=0.9311 swapped=False
i=6 pair=(5,4) lam_t=1.00961 lam_s=1.00986 tsr_diff=0.000081 integral_mean=0.000004 integral_std=0.000178 log_ratio=0.0000 accept=1.0000 swapped=True
i=6 pair=(7,6) lam_t=1.00995 lam_s=1.01000 tsr_diff=0.000018 integral_mean=-0.000000 integral_std=0.000036 log_ratio=-0.0005 accept=0.9995 swapped=True
i=7 pair=(0,3) lam_t=1.00254 lam_s=1.00722 tsr_diff=0.002045 integral_mean=-0.000167 integral_std=0.004495 log_ratio=-0.4017 accept=0.6692 swapped=False
i=7 pair=(2,4) lam_t=1.00896 lam_s=1.00961 tsr_diff=0.000283 integral_mean=0.000060 integral_std=0.000652 log_ratio=0.0000 accept=1.0000 swapped=True
i=7 pair=(5,6) lam_t=1.00986 lam_s=1.00995 tsr_diff=0.000039 integral_mean=0.000019 integral_std=0.000120 log_ratio=0.0000 accept=1.0000 swapped=True
i=7 pair=(0,3) lam_t=1.00254 lam_s=1.00722 tsr_diff=0.002045 integral_mean=-0.000104 integral_std=0.004772 log_ratio=-0.2489 accept=0.7797 swapped=True
i=7 pair=(4,2) lam_t=1.00896 lam_s=1.00961 tsr_diff=0.000283 integral_mean=-0.000028 integral_std=0.000605 log_ratio=-0.0677 accept=0.9345 swapped=True
i=7 pair=(6,5) lam_t=1.00986 lam_s=1.00995 tsr_diff=0.000039 integral_mean=-0.000005 integral_std=0.000102 log_ratio=-0.0127 accept=0.9874 swapped=True
i=8 pair=(1,3) lam_t=0.99000 lam_s=1.00254 tsr_diff=0.006833 integral_mean=-0.000046 integral_std=0.017355 log_ratio=-0.1112 accept=0.8947 swapped=False
i=8 pair=(0,2) lam_t=1.00722 lam_s=1.00896 tsr_diff=0.000937 integral_mean=-0.000079 integral_std=0.002059 log_ratio=-0.1895 accept=0.8274 swapped=True
i=8 pair=(4,5) lam_t=1.00961 lam_s=1.00986 tsr_diff=0.000130 integral_mean=-0.000030 integral_std=0.000321 log_ratio=-0.0723 accept=0.9302 swapped=True
i=8 pair=(6,7) lam_t=1.00995 lam_s=1.01000 tsr_diff=0.000029 integral_mean=0.000005 integral_std=0.000071 log_ratio=0.0000 accept=1.0000 swapped=True
i=8 pair=(1,3) lam_t=0.99000 lam_s=1.00254 tsr_diff=0.006833 integral_mean=-0.000238 integral_std=0.017412 log_ratio=-0.5724 accept=0.5642 swapped=True
i=8 pair=(2,0) lam_t=1.00722 lam_s=1.00896 tsr_diff=0.000937 integral_mean=0.000029 integral_std=0.002003 log_ratio=0.0000 accept=1.0000 swapped=True
i=8 pair=(5,4) lam_t=1.00961 lam_s=1.00986 tsr_diff=0.000130 integral_mean=0.000023 integral_std=0.000317 log_ratio=0.0000 accept=1.0000 swapped=True
i=8 pair=(7,6) lam_t=1.00995 lam_s=1.01000 tsr_diff=0.000029 integral_mean=-0.000004 integral_std=0.000070 log_ratio=-0.0099 accept=0.9901 swapped=True
i=9 pair=(1,0) lam_t=1.00254 lam_s=1.00722 tsr_diff=0.002993 integral_mean=0.000196 integral_std=0.006526 log_ratio=0.0000 accept=1.0000 swapped=True
i=9 pair=(2,4) lam_t=1.00896 lam_s=1.00961 tsr_diff=0.000414 integral_mean=0.000055 integral_std=0.000985 log_ratio=0.0000 accept=1.0000 swapped=True
i=9 pair=(5,6) lam_t=1.00986 lam_s=1.00995 tsr_diff=0.000057 integral_mean=-0.000001 integral_std=0.000147 log_ratio=-0.0013 accept=0.9987 swapped=True
i=9 pair=(0,1) lam_t=1.00254 lam_s=1.00722 tsr_diff=0.002993 integral_mean=-0.000125 integral_std=0.006466 log_ratio=-0.3012 accept=0.7399 swapped=True
i=9 pair=(4,2) lam_t=1.00896 lam_s=1.00961 tsr_diff=0.000414 integral_mean=-0.000055 integral_std=0.001059 log_ratio=-0.1313 accept=0.8770 swapped=True
i=9 pair=(6,5) lam_t=1.00986 lam_s=1.00995 tsr_diff=0.000057 integral_mean=-0.000002 integral_std=0.000137 log_ratio=-0.0042 accept=0.9958 swapped=True
i=10 pair=(3,1) lam_t=0.99000 lam_s=1.00254 tsr_diff=0.009326 integral_mean=-0.000694 integral_std=0.028300 log_ratio=-1.6655 accept=0.1891 swapped=False
i=10 pair=(0,2) lam_t=1.00722 lam_s=1.00896 tsr_diff=0.001273 integral_mean=-0.000231 integral_std=0.003509 log_ratio=-0.5542 accept=0.5746 swapped=True
i=10 pair=(4,5) lam_t=1.00961 lam_s=1.00986 tsr_diff=0.000177 integral_mean=-0.000027 integral_std=0.000535 log_ratio=-0.0638 accept=0.9382 swapped=True
i=10 pair=(6,7) lam_t=1.00995 lam_s=1.01000 tsr_diff=0.000039 integral_mean=0.000003 integral_std=0.000094 log_ratio=0.0000 accept=1.0000 swapped=True
i=10 pair=(3,1) lam_t=0.99000 lam_s=1.00254 tsr_diff=0.009326 integral_mean=0.000046 integral_std=0.026564 log_ratio=0.0000 accept=1.0000 swapped=True
i=10 pair=(2,0) lam_t=1.00722 lam_s=1.00896 tsr_diff=0.001273 integral_mean=0.000188 integral_std=0.003278 log_ratio=0.0000 accept=1.0000 swapped=True
i=10 pair=(5,4) lam_t=1.00961 lam_s=1.00986 tsr_diff=0.000177 integral_mean=0.000016 integral_std=0.000518 log_ratio=0.0000 accept=1.0000 swapped=True
i=10 pair=(7,6) lam_t=1.00995 lam_s=1.01000 tsr_diff=0.000039 integral_mean=-0.000003 integral_std=0.000090 log_ratio=-0.0067 accept=0.9933 swapped=True
i=11 pair=(3,0) lam_t=1.00254 lam_s=1.00722 tsr_diff=0.003825 integral_mean=0.000424 integral_std=0.010888 log_ratio=0.0000 accept=1.0000 swapped=True
i=11 pair=(2,4) lam_t=1.00896 lam_s=1.00961 tsr_diff=0.000528 integral_mean=0.000084 integral_std=0.002107 log_ratio=0.0000 accept=1.0000 swapped=True
i=11 pair=(5,6) lam_t=1.00986 lam_s=1.00995 tsr_diff=0.000073 integral_mean=0.000009 integral_std=0.000219 log_ratio=0.0000 accept=1.0000 swapped=True
i=11 pair=(0,3) lam_t=1.00254 lam_s=1.00722 tsr_diff=0.003825 integral_mean=-0.000356 integral_std=0.010109 log_ratio=-0.8535 accept=0.4259 swapped=False
i=11 pair=(4,2) lam_t=1.00896 lam_s=1.00961 tsr_diff=0.000528 integral_mean=-0.000047 integral_std=0.001754 log_ratio=-0.1137 accept=0.8925 swapped=True
i=11 pair=(6,5) lam_t=1.00986 lam_s=1.00995 tsr_diff=0.000073 integral_mean=-0.000012 integral_std=0.000272 log_ratio=-0.0278 accept=0.9726 swapped=True
i=12 pair=(1,0) lam_t=0.99000 lam_s=1.00254 tsr_diff=0.011313 integral_mean=0.003194 integral_std=0.038682 log_ratio=0.0000 accept=1.0000 swapped=True
i=12 pair=(3,2) lam_t=1.00722 lam_s=1.00896 tsr_diff=0.001539 integral_mean=-0.000397 integral_std=0.005999 log_ratio=-0.9530 accept=0.3856 swapped=True
i=12 pair=(4,5) lam_t=1.00961 lam_s=1.00986 tsr_diff=0.000213 integral_mean=-0.000026 integral_std=0.001070 log_ratio=-0.0632 accept=0.9388 swapped=True
i=12 pair=(6,7) lam_t=1.00995 lam_s=1.01000 tsr_diff=0.000047 integral_mean=0.000012 integral_std=0.000214 log_ratio=0.0000 accept=1.0000 swapped=True
i=12 pair=(0,1) lam_t=0.99000 lam_s=1.00254 tsr_diff=0.011313 integral_mean=-0.001291 integral_std=0.031693 log_ratio=-3.0983 accept=0.0451 swapped=False
i=12 pair=(2,3) lam_t=1.00722 lam_s=1.00896 tsr_diff=0.001539 integral_mean=0.000208 integral_std=0.005402 log_ratio=0.0000 accept=1.0000 swapped=True
i=12 pair=(5,4) lam_t=1.00961 lam_s=1.00986 tsr_diff=0.000213 integral_mean=0.000031 integral_std=0.000911 log_ratio=0.0000 accept=1.0000 swapped=True
i=12 pair=(7,6) lam_t=1.00995 lam_s=1.01000 tsr_diff=0.000047 integral_mean=-0.000009 integral_std=0.000155 log_ratio=-0.0223 accept=0.9780 swapped=True
i=13 pair=(1,3) lam_t=1.00254 lam_s=1.00722 tsr_diff=0.004402 integral_mean=-0.000130 integral_std=0.029682 log_ratio=-0.3130 accept=0.7313 swapped=True
i=13 pair=(2,4) lam_t=1.00896 lam_s=1.00961 tsr_diff=0.000607 integral_mean=0.000172 integral_std=0.004981 log_ratio=0.0000 accept=1.0000 swapped=True
i=13 pair=(5,6) lam_t=1.00986 lam_s=1.00995 tsr_diff=0.000084 integral_mean=0.000016 integral_std=0.000446 log_ratio=0.0000 accept=1.0000 swapped=True
i=13 pair=(3,1) lam_t=1.00254 lam_s=1.00722 tsr_diff=0.004402 integral_mean=-0.000376 integral_std=0.023598 log_ratio=-0.9030 accept=0.4053 swapped=True
i=13 pair=(4,2) lam_t=1.00896 lam_s=1.00961 tsr_diff=0.000607 integral_mean=-0.000041 integral_std=0.003393 log_ratio=-0.0979 accept=0.9068 swapped=True
i=13 pair=(6,5) lam_t=1.00986 lam_s=1.00995 tsr_diff=0.000084 integral_mean=-0.000007 integral_std=0.000358 log_ratio=-0.0175 accept=0.9827 swapped=True
i=14 pair=(0,1) lam_t=0.99000 lam_s=1.00254 tsr_diff=0.012453 integral_mean=-0.013559 integral_std=0.133299 log_ratio=-32.5407 accept=0.0000 swapped=False
i=14 pair=(3,2) lam_t=1.00722 lam_s=1.00896 tsr_diff=0.001690 integral_mean=-0.000227 integral_std=0.023598 log_ratio=-0.5440 accept=0.5804 swapped=True
i=14 pair=(4,5) lam_t=1.00961 lam_s=1.00986 tsr_diff=0.000234 integral_mean=-0.000067 integral_std=0.003102 log_ratio=-0.1600 accept=0.8521 swapped=False
i=14 pair=(6,7) lam_t=1.00995 lam_s=1.01000 tsr_diff=0.000052 integral_mean=0.000004 integral_std=0.000289 log_ratio=0.0000 accept=1.0000 swapped=True
i=14 pair=(0,1) lam_t=0.99000 lam_s=1.00254 tsr_diff=0.012453 integral_mean=-0.006042 integral_std=0.088181 log_ratio=-14.5004 accept=0.0000 swapped=False
i=14 pair=(2,3) lam_t=1.00722 lam_s=1.00896 tsr_diff=0.001690 integral_mean=-0.001842 integral_std=0.031602 log_ratio=-4.4203 accept=0.0120 swapped=False
i=14 pair=(4,5) lam_t=1.00961 lam_s=1.00986 tsr_diff=0.000234 integral_mean=-0.000102 integral_std=0.001837 log_ratio=-0.2437 accept=0.7837 swapped=False
i=14 pair=(7,6) lam_t=1.00995 lam_s=1.01000 tsr_diff=0.000052 integral_mean=-0.000006 integral_std=0.000282 log_ratio=-0.0137 accept=0.9863 swapped=True
Best Sample: 0 log probability -0.028
Saved 1 samples to: logs/pointmaze-giant-navigate-v0/inference/plans/release_H400_T256_LimitsNormalizer_b1_condFalse/2026-07-17 13:08:33/23/0.png
Saved 1 samples to: logs/pointmaze-giant-navigate-v0/inference/plans/release_H400_T256_LimitsNormalizer_b1_condFalse/2026-07-17 13:08:33/23/rollout.png
i=0 pair=(0,1) lam_t=0.99000 lam_s=1.00254 tsr_diff=0.000000 integral_mean=0.000000 integral_std=0.000000 log_ratio=0.0000 accept=1.0000 swapped=True
i=0 pair=(2,3) lam_t=1.00722 lam_s=1.00896 tsr_diff=0.000000 integral_mean=0.000000 integral_std=0.000000 log_ratio=0.0000 accept=1.0000 swapped=True
i=0 pair=(4,5) lam_t=1.00961 lam_s=1.00986 tsr_diff=0.000000 integral_mean=0.000000 integral_std=0.000000 log_ratio=0.0000 accept=1.0000 swapped=True
i=0 pair=(6,7) lam_t=1.00995 lam_s=1.01000 tsr_diff=0.000000 integral_mean=0.000000 integral_std=0.000000 log_ratio=0.0000 accept=1.0000 swapped=True
i=0 pair=(1,0) lam_t=0.99000 lam_s=1.00254 tsr_diff=0.000000 integral_mean=0.000000 integral_std=0.000000 log_ratio=0.0000 accept=1.0000 swapped=True
i=0 pair=(3,2) lam_t=1.00722 lam_s=1.00896 tsr_diff=0.000000 integral_mean=0.000000 integral_std=0.000000 log_ratio=0.0000 accept=1.0000 swapped=True
i=0 pair=(5,4) lam_t=1.00961 lam_s=1.00986 tsr_diff=0.000000 integral_mean=0.000000 integral_std=0.000000 log_ratio=0.0000 accept=1.0000 swapped=True
i=0 pair=(7,6) lam_t=1.00995 lam_s=1.01000 tsr_diff=0.000000 integral_mean=0.000000 integral_std=0.000000 log_ratio=0.0000 accept=1.0000 swapped=True
i=1 pair=(1,2) lam_t=1.00254 lam_s=1.00722 tsr_diff=0.000050 integral_mean=-0.000004 integral_std=0.000103 log_ratio=-0.0105 accept=0.9896 swapped=True
i=1 pair=(3,4) lam_t=1.00896 lam_s=1.00961 tsr_diff=0.000007 integral_mean=-0.000001 integral_std=0.000014 log_ratio=-0.0014 accept=0.9986 swapped=True
i=1 pair=(5,6) lam_t=1.00986 lam_s=1.00995 tsr_diff=0.000001 integral_mean=0.000000 integral_std=0.000002 log_ratio=0.0000 accept=1.0000 swapped=True
i=1 pair=(2,1) lam_t=1.00254 lam_s=1.00722 tsr_diff=0.000050 integral_mean=0.000002 integral_std=0.000103 log_ratio=0.0000 accept=1.0000 swapped=True
i=1 pair=(4,3) lam_t=1.00896 lam_s=1.00961 tsr_diff=0.000007 integral_mean=-0.000000 integral_std=0.000014 log_ratio=-0.0012 accept=0.9988 swapped=True
i=1 pair=(6,5) lam_t=1.00986 lam_s=1.00995 tsr_diff=0.000001 integral_mean=-0.000000 integral_std=0.000002 log_ratio=-0.0001 accept=0.9999 swapped=True
i=2 pair=(0,1) lam_t=0.99000 lam_s=1.00254 tsr_diff=0.000530 integral_mean=-0.000524 integral_std=0.001666 log_ratio=-1.2575 accept=0.2844 swapped=True
i=2 pair=(2,3) lam_t=1.00722 lam_s=1.00896 tsr_diff=0.000074 integral_mean=-0.000004 integral_std=0.000143 log_ratio=-0.0089 accept=0.9911 swapped=True
i=2 pair=(4,5) lam_t=1.00961 lam_s=1.00986 tsr_diff=0.000010 integral_mean=0.000000 integral_std=0.000021 log_ratio=0.0000 accept=1.0000 swapped=True
i=2 pair=(6,7) lam_t=1.00995 lam_s=1.01000 tsr_diff=0.000002 integral_mean=0.000000 integral_std=0.000004 log_ratio=0.0000 accept=1.0000 swapped=True
i=2 pair=(1,0) lam_t=0.99000 lam_s=1.00254 tsr_diff=0.000530 integral_mean=0.000060 integral_std=0.001194 log_ratio=0.0000 accept=1.0000 swapped=True
i=2 pair=(3,2) lam_t=1.00722 lam_s=1.00896 tsr_diff=0.000074 integral_mean=-0.000004 integral_std=0.000153 log_ratio=-0.0102 accept=0.9898 swapped=True
i=2 pair=(5,4) lam_t=1.00961 lam_s=1.00986 tsr_diff=0.000010 integral_mean=-0.000000 integral_std=0.000021 log_ratio=-0.0001 accept=0.9999 swapped=True
i=2 pair=(7,6) lam_t=1.00995 lam_s=1.01000 tsr_diff=0.000002 integral_mean=0.000000 integral_std=0.000005 log_ratio=0.0000 accept=1.0000 swapped=True
i=3 pair=(1,2) lam_t=1.00254 lam_s=1.00722 tsr_diff=0.000436 integral_mean=0.000038 integral_std=0.001007 log_ratio=0.0000 accept=1.0000 swapped=True
i=3 pair=(3,4) lam_t=1.00896 lam_s=1.00961 tsr_diff=0.000060 integral_mean=0.000000 integral_std=0.000119 log_ratio=0.0000 accept=1.0000 swapped=True
i=3 pair=(5,6) lam_t=1.00986 lam_s=1.00995 tsr_diff=0.000008 integral_mean=0.000000 integral_std=0.000016 log_ratio=0.0000 accept=1.0000 swapped=True
i=3 pair=(2,1) lam_t=1.00254 lam_s=1.00722 tsr_diff=0.000436 integral_mean=-0.000057 integral_std=0.000956 log_ratio=-0.1365 accept=0.8724 swapped=True
i=3 pair=(4,3) lam_t=1.00896 lam_s=1.00961 tsr_diff=0.000060 integral_mean=-0.000002 integral_std=0.000129 log_ratio=-0.0046 accept=0.9954 swapped=True
i=3 pair=(6,5) lam_t=1.00986 lam_s=1.00995 tsr_diff=0.000008 integral_mean=-0.000000 integral_std=0.000017 log_ratio=-0.0000 accept=1.0000 swapped=True
i=4 pair=(0,1) lam_t=0.99000 lam_s=1.00254 tsr_diff=0.002032 integral_mean=-0.000566 integral_std=0.004962 log_ratio=-1.3589 accept=0.2570 swapped=True
i=4 pair=(2,3) lam_t=1.00722 lam_s=1.00896 tsr_diff=0.000281 integral_mean=0.000023 integral_std=0.000594 log_ratio=0.0000 accept=1.0000 swapped=True
i=4 pair=(4,5) lam_t=1.00961 lam_s=1.00986 tsr_diff=0.000039 integral_mean=-0.000001 integral_std=0.000077 log_ratio=-0.0024 accept=0.9976 swapped=True
i=4 pair=(6,7) lam_t=1.00995 lam_s=1.01000 tsr_diff=0.000009 integral_mean=-0.000001 integral_std=0.000018 log_ratio=-0.0015 accept=0.9985 swapped=True
i=4 pair=(1,0) lam_t=0.99000 lam_s=1.00254 tsr_diff=0.002032 integral_mean=0.000387 integral_std=0.004528 log_ratio=0.0000 accept=1.0000 swapped=True
i=4 pair=(3,2) lam_t=1.00722 lam_s=1.00896 tsr_diff=0.000281 integral_mean=-0.000050 integral_std=0.000658 log_ratio=-0.1209 accept=0.8861 swapped=True
i=4 pair=(5,4) lam_t=1.00961 lam_s=1.00986 tsr_diff=0.000039 integral_mean=0.000000 integral_std=0.000085 log_ratio=0.0000 accept=1.0000 swapped=True
i=4 pair=(7,6) lam_t=1.00995 lam_s=1.01000 tsr_diff=0.000009 integral_mean=0.000000 integral_std=0.000018 log_ratio=0.0000 accept=1.0000 swapped=True
i=5 pair=(1,2) lam_t=1.00254 lam_s=1.00722 tsr_diff=0.001142 integral_mean=0.000005 integral_std=0.002606 log_ratio=0.0000 accept=1.0000 swapped=True
i=5 pair=(3,4) lam_t=1.00896 lam_s=1.00961 tsr_diff=0.000158 integral_mean=0.000004 integral_std=0.000342 log_ratio=0.0000 accept=1.0000 swapped=True
i=5 pair=(5,6) lam_t=1.00986 lam_s=1.00995 tsr_diff=0.000022 integral_mean=0.000000 integral_std=0.000049 log_ratio=0.0000 accept=1.0000 swapped=True
i=5 pair=(2,1) lam_t=1.00254 lam_s=1.00722 tsr_diff=0.001142 integral_mean=-0.000036 integral_std=0.002292 log_ratio=-0.0854 accept=0.9182 swapped=True
i=5 pair=(4,3) lam_t=1.00896 lam_s=1.00961 tsr_diff=0.000158 integral_mean=0.000005 integral_std=0.000343 log_ratio=0.0000 accept=1.0000 swapped=True
i=5 pair=(6,5) lam_t=1.00986 lam_s=1.00995 tsr_diff=0.000022 integral_mean=-0.000001 integral_std=0.000048 log_ratio=-0.0023 accept=0.9977 swapped=True
i=6 pair=(0,1) lam_t=0.99000 lam_s=1.00254 tsr_diff=0.004257 integral_mean=-0.000172 integral_std=0.008873 log_ratio=-0.4131 accept=0.6616 swapped=False
i=6 pair=(2,3) lam_t=1.00722 lam_s=1.00896 tsr_diff=0.000587 integral_mean=-0.000027 integral_std=0.001260 log_ratio=-0.0658 accept=0.9363 swapped=True
i=6 pair=(4,5) lam_t=1.00961 lam_s=1.00986 tsr_diff=0.000081 integral_mean=-0.000005 integral_std=0.000194 log_ratio=-0.0127 accept=0.9874 swapped=True
i=6 pair=(6,7) lam_t=1.00995 lam_s=1.01000 tsr_diff=0.000018 integral_mean=-0.000002 integral_std=0.000041 log_ratio=-0.0043 accept=0.9957 swapped=True
i=6 pair=(0,1) lam_t=0.99000 lam_s=1.00254 tsr_diff=0.004257 integral_mean=-0.000175 integral_std=0.008858 log_ratio=-0.4204 accept=0.6568 swapped=True
i=6 pair=(3,2) lam_t=1.00722 lam_s=1.00896 tsr_diff=0.000587 integral_mean=-0.000001 integral_std=0.001200 log_ratio=-0.0022 accept=0.9978 swapped=True
i=6 pair=(5,4) lam_t=1.00961 lam_s=1.00986 tsr_diff=0.000081 integral_mean=0.000003 integral_std=0.000187 log_ratio=0.0000 accept=1.0000 swapped=True
i=6 pair=(7,6) lam_t=1.00995 lam_s=1.01000 tsr_diff=0.000018 integral_mean=0.000001 integral_std=0.000040 log_ratio=0.0000 accept=1.0000 swapped=True
i=7 pair=(0,2) lam_t=1.00254 lam_s=1.00722 tsr_diff=0.002045 integral_mean=-0.000017 integral_std=0.004467 log_ratio=-0.0418 accept=0.9590 swapped=True
i=7 pair=(3,4) lam_t=1.00896 lam_s=1.00961 tsr_diff=0.000283 integral_mean=0.000003 integral_std=0.000636 log_ratio=0.0000 accept=1.0000 swapped=True
i=7 pair=(5,6) lam_t=1.00986 lam_s=1.00995 tsr_diff=0.000039 integral_mean=0.000002 integral_std=0.000092 log_ratio=0.0000 accept=1.0000 swapped=True
i=7 pair=(2,0) lam_t=1.00254 lam_s=1.00722 tsr_diff=0.002045 integral_mean=-0.000065 integral_std=0.004621 log_ratio=-0.1569 accept=0.8548 swapped=True
i=7 pair=(4,3) lam_t=1.00896 lam_s=1.00961 tsr_diff=0.000283 integral_mean=-0.000016 integral_std=0.000635 log_ratio=-0.0383 accept=0.9624 swapped=True
i=7 pair=(6,5) lam_t=1.00986 lam_s=1.00995 tsr_diff=0.000039 integral_mean=-0.000005 integral_std=0.000088 log_ratio=-0.0113 accept=0.9888 swapped=True
i=8 pair=(1,0) lam_t=0.99000 lam_s=1.00254 tsr_diff=0.006833 integral_mean=-0.000026 integral_std=0.015777 log_ratio=-0.0629 accept=0.9390 swapped=True
i=8 pair=(2,3) lam_t=1.00722 lam_s=1.00896 tsr_diff=0.000937 integral_mean=0.000006 integral_std=0.002099 log_ratio=0.0000 accept=1.0000 swapped=True
i=8 pair=(4,5) lam_t=1.00961 lam_s=1.00986 tsr_diff=0.000130 integral_mean=-0.000020 integral_std=0.000329 log_ratio=-0.0470 accept=0.9541 swapped=True
i=8 pair=(6,7) lam_t=1.00995 lam_s=1.01000 tsr_diff=0.000029 integral_mean=0.000000 integral_std=0.000070 log_ratio=0.0000 accept=1.0000 swapped=True
i=8 pair=(0,1) lam_t=0.99000 lam_s=1.00254 tsr_diff=0.006833 integral_mean=-0.000486 integral_std=0.015163 log_ratio=-1.1670 accept=0.3113 swapped=False
i=8 pair=(3,2) lam_t=1.00722 lam_s=1.00896 tsr_diff=0.000937 integral_mean=0.000077 integral_std=0.002170 log_ratio=0.0000 accept=1.0000 swapped=True
i=8 pair=(5,4) lam_t=1.00961 lam_s=1.00986 tsr_diff=0.000130 integral_mean=0.000014 integral_std=0.000337 log_ratio=0.0000 accept=1.0000 swapped=True
i=8 pair=(7,6) lam_t=1.00995 lam_s=1.01000 tsr_diff=0.000029 integral_mean=-0.000001 integral_std=0.000066 log_ratio=-0.0024 accept=0.9976 swapped=True
i=9 pair=(1,2) lam_t=1.00254 lam_s=1.00722 tsr_diff=0.002993 integral_mean=-0.000049 integral_std=0.007137 log_ratio=-0.1168 accept=0.8897 swapped=True
i=9 pair=(3,4) lam_t=1.00896 lam_s=1.00961 tsr_diff=0.000414 integral_mean=0.000058 integral_std=0.001149 log_ratio=0.0000 accept=1.0000 swapped=True
i=9 pair=(5,6) lam_t=1.00986 lam_s=1.00995 tsr_diff=0.000057 integral_mean=0.000010 integral_std=0.000157 log_ratio=0.0000 accept=1.0000 swapped=True
i=9 pair=(2,1) lam_t=1.00254 lam_s=1.00722 tsr_diff=0.002993 integral_mean=0.000147 integral_std=0.007532 log_ratio=0.0000 accept=1.0000 swapped=True
i=9 pair=(4,3) lam_t=1.00896 lam_s=1.00961 tsr_diff=0.000414 integral_mean=-0.000003 integral_std=0.001090 log_ratio=-0.0078 accept=0.9923 swapped=True
i=9 pair=(6,5) lam_t=1.00986 lam_s=1.00995 tsr_diff=0.000057 integral_mean=-0.000005 integral_std=0.000155 log_ratio=-0.0121 accept=0.9880 swapped=True
i=10 pair=(0,1) lam_t=0.99000 lam_s=1.00254 tsr_diff=0.009326 integral_mean=-0.002852 integral_std=0.029187 log_ratio=-6.8453 accept=0.0011 swapped=False
i=10 pair=(2,3) lam_t=1.00722 lam_s=1.00896 tsr_diff=0.001273 integral_mean=-0.000073 integral_std=0.003730 log_ratio=-0.1756 accept=0.8390 swapped=True
i=10 pair=(4,5) lam_t=1.00961 lam_s=1.00986 tsr_diff=0.000177 integral_mean=0.000002 integral_std=0.000568 log_ratio=0.0000 accept=1.0000 swapped=True
i=10 pair=(6,7) lam_t=1.00995 lam_s=1.01000 tsr_diff=0.000039 integral_mean=0.000001 integral_std=0.000104 log_ratio=0.0000 accept=1.0000 swapped=True
i=10 pair=(0,1) lam_t=0.99000 lam_s=1.00254 tsr_diff=0.009326 integral_mean=-0.001855 integral_std=0.026894 log_ratio=-4.4522 accept=0.0117 swapped=False
i=10 pair=(3,2) lam_t=1.00722 lam_s=1.00896 tsr_diff=0.001273 integral_mean=-0.000060 integral_std=0.003473 log_ratio=-0.1438 accept=0.8661 swapped=True
i=10 pair=(5,4) lam_t=1.00961 lam_s=1.00986 tsr_diff=0.000177 integral_mean=0.000010 integral_std=0.000537 log_ratio=0.0000 accept=1.0000 swapped=True
i=10 pair=(7,6) lam_t=1.00995 lam_s=1.01000 tsr_diff=0.000039 integral_mean=0.000003 integral_std=0.000105 log_ratio=0.0000 accept=1.0000 swapped=True
i=11 pair=(1,2) lam_t=1.00254 lam_s=1.00722 tsr_diff=0.003825 integral_mean=-0.000331 integral_std=0.012081 log_ratio=-0.7935 accept=0.4523 swapped=False
i=11 pair=(3,4) lam_t=1.00896 lam_s=1.00961 tsr_diff=0.000528 integral_mean=0.000087 integral_std=0.001752 log_ratio=0.0000 accept=1.0000 swapped=True
i=11 pair=(5,6) lam_t=1.00986 lam_s=1.00995 tsr_diff=0.000073 integral_mean=0.000016 integral_std=0.000275 log_ratio=0.0000 accept=1.0000 swapped=True
i=11 pair=(1,2) lam_t=1.00254 lam_s=1.00722 tsr_diff=0.003825 integral_mean=-0.000487 integral_std=0.011701 log_ratio=-1.1684 accept=0.3109 swapped=False
i=11 pair=(4,3) lam_t=1.00896 lam_s=1.00961 tsr_diff=0.000528 integral_mean=-0.000080 integral_std=0.001674 log_ratio=-0.1917 accept=0.8256 swapped=True
i=11 pair=(6,5) lam_t=1.00986 lam_s=1.00995 tsr_diff=0.000073 integral_mean=-0.000015 integral_std=0.000277 log_ratio=-0.0354 accept=0.9653 swapped=True
i=12 pair=(0,1) lam_t=0.99000 lam_s=1.00254 tsr_diff=0.011313 integral_mean=-0.009220 integral_std=0.064747 log_ratio=-22.1285 accept=0.0000 swapped=False
i=12 pair=(2,3) lam_t=1.00722 lam_s=1.00896 tsr_diff=0.001539 integral_mean=-0.000603 integral_std=0.007201 log_ratio=-1.4468 accept=0.2353 swapped=True
i=12 pair=(4,5) lam_t=1.00961 lam_s=1.00986 tsr_diff=0.000213 integral_mean=-0.000030 integral_std=0.001027 log_ratio=-0.0709 accept=0.9315 swapped=True
i=12 pair=(6,7) lam_t=1.00995 lam_s=1.01000 tsr_diff=0.000047 integral_mean=-0.000023 integral_std=0.000244 log_ratio=-0.0553 accept=0.9462 swapped=True
i=12 pair=(0,1) lam_t=0.99000 lam_s=1.00254 tsr_diff=0.011313 integral_mean=-0.003797 integral_std=0.047340 log_ratio=-9.1119 accept=0.0001 swapped=False
i=12 pair=(3,2) lam_t=1.00722 lam_s=1.00896 tsr_diff=0.001539 integral_mean=0.000472 integral_std=0.006377 log_ratio=0.0000 accept=1.0000 swapped=True
i=12 pair=(5,4) lam_t=1.00961 lam_s=1.00986 tsr_diff=0.000213 integral_mean=0.000015 integral_std=0.000888 log_ratio=0.0000 accept=1.0000 swapped=True
i=12 pair=(7,6) lam_t=1.00995 lam_s=1.01000 tsr_diff=0.000047 integral_mean=0.000012 integral_std=0.000195 log_ratio=0.0000 accept=1.0000 swapped=True
i=13 pair=(1,2) lam_t=1.00254 lam_s=1.00722 tsr_diff=0.004402 integral_mean=-0.000721 integral_std=0.028517 log_ratio=-1.7304 accept=0.1772 swapped=False
i=13 pair=(3,4) lam_t=1.00896 lam_s=1.00961 tsr_diff=0.000607 integral_mean=0.000326 integral_std=0.003206 log_ratio=0.0000 accept=1.0000 swapped=True
i=13 pair=(5,6) lam_t=1.00986 lam_s=1.00995 tsr_diff=0.000084 integral_mean=0.000028 integral_std=0.000826 log_ratio=0.0000 accept=1.0000 swapped=True
i=13 pair=(1,2) lam_t=1.00254 lam_s=1.00722 tsr_diff=0.004402 integral_mean=-0.000637 integral_std=0.020110 log_ratio=-1.5296 accept=0.2166 swapped=False
i=13 pair=(4,3) lam_t=1.00896 lam_s=1.00961 tsr_diff=0.000607 integral_mean=-0.000210 integral_std=0.003329 log_ratio=-0.5037 accept=0.6043 swapped=False
i=13 pair=(6,5) lam_t=1.00986 lam_s=1.00995 tsr_diff=0.000084 integral_mean=-0.000030 integral_std=0.000457 log_ratio=-0.0715 accept=0.9310 swapped=True
i=14 pair=(0,1) lam_t=0.99000 lam_s=1.00254 tsr_diff=0.012453 integral_mean=-0.032288 integral_std=0.205820 log_ratio=-77.4922 accept=0.0000 swapped=False
i=14 pair=(2,4) lam_t=1.00722 lam_s=1.00896 tsr_diff=0.001690 integral_mean=0.003275 integral_std=0.027098 log_ratio=0.0000 accept=1.0000 swapped=True
i=14 pair=(3,5) lam_t=1.00961 lam_s=1.00986 tsr_diff=0.000234 integral_mean=0.000106 integral_std=0.003019 log_ratio=0.0000 accept=1.0000 swapped=True
i=14 pair=(6,7) lam_t=1.00995 lam_s=1.01000 tsr_diff=0.000052 integral_mean=-0.000020 integral_std=0.000678 log_ratio=-0.0469 accept=0.9542 swapped=True
i=14 pair=(0,1) lam_t=0.99000 lam_s=1.00254 tsr_diff=0.012453 integral_mean=-0.010214 integral_std=0.137103 log_ratio=-24.5140 accept=0.0000 swapped=False
i=14 pair=(4,2) lam_t=1.00722 lam_s=1.00896 tsr_diff=0.001690 integral_mean=-0.001728 integral_std=0.016780 log_ratio=-4.1484 accept=0.0158 swapped=False
i=14 pair=(5,3) lam_t=1.00961 lam_s=1.00986 tsr_diff=0.000234 integral_mean=-0.000104 integral_std=0.002623 log_ratio=-0.2488 accept=0.7797 swapped=True
i=14 pair=(7,6) lam_t=1.00995 lam_s=1.01000 tsr_diff=0.000052 integral_mean=0.000034 integral_std=0.000628 log_ratio=0.0000 accept=1.0000 swapped=True
Best Sample: 6 log probability -11.156
Saved 1 samples to: logs/pointmaze-giant-navigate-v0/inference/plans/release_H400_T256_LimitsNormalizer_b1_condFalse/2026-07-17 13:08:33/24/0.png
Saved 1 samples to: logs/pointmaze-giant-navigate-v0/inference/plans/release_H400_T256_LimitsNormalizer_b1_condFalse/2026-07-17 13:08:33/24/rollout.png
i=0 pair=(0,1) lam_t=0.99000 lam_s=1.00254 tsr_diff=0.000000 integral_mean=0.000000 integral_std=0.000000 log_ratio=0.0000 accept=1.0000 swapped=True
i=0 pair=(2,3) lam_t=1.00722 lam_s=1.00896 tsr_diff=0.000000 integral_mean=0.000000 integral_std=0.000000 log_ratio=0.0000 accept=1.0000 swapped=True
i=0 pair=(4,5) lam_t=1.00961 lam_s=1.00986 tsr_diff=0.000000 integral_mean=0.000000 integral_std=0.000000 log_ratio=0.0000 accept=1.0000 swapped=True
i=0 pair=(6,7) lam_t=1.00995 lam_s=1.01000 tsr_diff=0.000000 integral_mean=0.000000 integral_std=0.000000 log_ratio=0.0000 accept=1.0000 swapped=True
i=0 pair=(1,0) lam_t=0.99000 lam_s=1.00254 tsr_diff=0.000000 integral_mean=0.000000 integral_std=0.000000 log_ratio=0.0000 accept=1.0000 swapped=True
i=0 pair=(3,2) lam_t=1.00722 lam_s=1.00896 tsr_diff=0.000000 integral_mean=0.000000 integral_std=0.000000 log_ratio=0.0000 accept=1.0000 swapped=True
i=0 pair=(5,4) lam_t=1.00961 lam_s=1.00986 tsr_diff=0.000000 integral_mean=0.000000 integral_std=0.000000 log_ratio=0.0000 accept=1.0000 swapped=True
i=0 pair=(7,6) lam_t=1.00995 lam_s=1.01000 tsr_diff=0.000000 integral_mean=0.000000 integral_std=0.000000 log_ratio=0.0000 accept=1.0000 swapped=True
i=1 pair=(1,2) lam_t=1.00254 lam_s=1.00722 tsr_diff=0.000050 integral_mean=-0.000000 integral_std=0.000103 log_ratio=-0.0006 accept=0.9994 swapped=True
i=1 pair=(3,4) lam_t=1.00896 lam_s=1.00961 tsr_diff=0.000007 integral_mean=-0.000000 integral_std=0.000014 log_ratio=-0.0003 accept=0.9997 swapped=True
i=1 pair=(5,6) lam_t=1.00986 lam_s=1.00995 tsr_diff=0.000001 integral_mean=0.000000 integral_std=0.000002 log_ratio=0.0000 accept=1.0000 swapped=True
i=1 pair=(2,1) lam_t=1.00254 lam_s=1.00722 tsr_diff=0.000050 integral_mean=0.000004 integral_std=0.000097 log_ratio=0.0000 accept=1.0000 swapped=True
i=1 pair=(4,3) lam_t=1.00896 lam_s=1.00961 tsr_diff=0.000007 integral_mean=-0.000001 integral_std=0.000014 log_ratio=-0.0012 accept=0.9988 swapped=True
i=1 pair=(6,5) lam_t=1.00986 lam_s=1.00995 tsr_diff=0.000001 integral_mean=-0.000000 integral_std=0.000002 log_ratio=-0.0001 accept=0.9999 swapped=True
i=2 pair=(0,1) lam_t=0.99000 lam_s=1.00254 tsr_diff=0.000530 integral_mean=-0.000019 integral_std=0.001060 log_ratio=-0.0463 accept=0.9548 swapped=True
i=2 pair=(2,3) lam_t=1.00722 lam_s=1.00896 tsr_diff=0.000074 integral_mean=0.000002 integral_std=0.000136 log_ratio=0.0000 accept=1.0000 swapped=True
i=2 pair=(4,5) lam_t=1.00961 lam_s=1.00986 tsr_diff=0.000010 integral_mean=0.000000 integral_std=0.000020 log_ratio=0.0000 accept=1.0000 swapped=True
i=2 pair=(6,7) lam_t=1.00995 lam_s=1.01000 tsr_diff=0.000002 integral_mean=-0.000000 integral_std=0.000005 log_ratio=-0.0003 accept=0.9997 swapped=True
i=2 pair=(1,0) lam_t=0.99000 lam_s=1.00254 tsr_diff=0.000530 integral_mean=0.000016 integral_std=0.000995 log_ratio=0.0000 accept=1.0000 swapped=True
i=2 pair=(3,2) lam_t=1.00722 lam_s=1.00896 tsr_diff=0.000074 integral_mean=-0.000001 integral_std=0.000146 log_ratio=-0.0019 accept=0.9981 swapped=True
i=2 pair=(5,4) lam_t=1.00961 lam_s=1.00986 tsr_diff=0.000010 integral_mean=-0.000000 integral_std=0.000020 log_ratio=-0.0006 accept=0.9994 swapped=True
i=2 pair=(7,6) lam_t=1.00995 lam_s=1.01000 tsr_diff=0.000002 integral_mean=0.000000 integral_std=0.000005 log_ratio=0.0000 accept=1.0000 swapped=True
i=3 pair=(1,2) lam_t=1.00254 lam_s=1.00722 tsr_diff=0.000436 integral_mean=0.000034 integral_std=0.000923 log_ratio=0.0000 accept=1.0000 swapped=True
i=3 pair=(3,4) lam_t=1.00896 lam_s=1.00961 tsr_diff=0.000060 integral_mean=0.000001 integral_std=0.000124 log_ratio=0.0000 accept=1.0000 swapped=True
i=3 pair=(5,6) lam_t=1.00986 lam_s=1.00995 tsr_diff=0.000008 integral_mean=-0.000001 integral_std=0.000018 log_ratio=-0.0015 accept=0.9985 swapped=True
i=3 pair=(2,1) lam_t=1.00254 lam_s=1.00722 tsr_diff=0.000436 integral_mean=-0.000027 integral_std=0.000882 log_ratio=-0.0658 accept=0.9363 swapped=True
i=3 pair=(4,3) lam_t=1.00896 lam_s=1.00961 tsr_diff=0.000060 integral_mean=-0.000015 integral_std=0.000154 log_ratio=-0.0364 accept=0.9642 swapped=True
i=3 pair=(6,5) lam_t=1.00986 lam_s=1.00995 tsr_diff=0.000008 integral_mean=-0.000002 integral_std=0.000019 log_ratio=-0.0040 accept=0.9960 swapped=True
i=4 pair=(0,1) lam_t=0.99000 lam_s=1.00254 tsr_diff=0.002032 integral_mean=0.000140 integral_std=0.004410 log_ratio=0.0000 accept=1.0000 swapped=True
i=4 pair=(2,3) lam_t=1.00722 lam_s=1.00896 tsr_diff=0.000281 integral_mean=-0.000067 integral_std=0.000694 log_ratio=-0.1606 accept=0.8516 swapped=True
i=4 pair=(4,5) lam_t=1.00961 lam_s=1.00986 tsr_diff=0.000039 integral_mean=-0.000004 integral_std=0.000087 log_ratio=-0.0088 accept=0.9913 swapped=True
i=4 pair=(6,7) lam_t=1.00995 lam_s=1.01000 tsr_diff=0.000009 integral_mean=-0.000000 integral_std=0.000019 log_ratio=-0.0007 accept=0.9993 swapped=True
i=4 pair=(1,0) lam_t=0.99000 lam_s=1.00254 tsr_diff=0.002032 integral_mean=-0.000271 integral_std=0.004353 log_ratio=-0.6498 accept=0.5221 swapped=True
i=4 pair=(3,2) lam_t=1.00722 lam_s=1.00896 tsr_diff=0.000281 integral_mean=0.000021 integral_std=0.000610 log_ratio=0.0000 accept=1.0000 swapped=True
i=4 pair=(5,4) lam_t=1.00961 lam_s=1.00986 tsr_diff=0.000039 integral_mean=0.000002 integral_std=0.000087 log_ratio=0.0000 accept=1.0000 swapped=True
i=4 pair=(7,6) lam_t=1.00995 lam_s=1.01000 tsr_diff=0.000009 integral_mean=-0.000000 integral_std=0.000018 log_ratio=-0.0002 accept=0.9998 swapped=True
i=5 pair=(1,2) lam_t=1.00254 lam_s=1.00722 tsr_diff=0.001142 integral_mean=0.000023 integral_std=0.002280 log_ratio=0.0000 accept=1.0000 swapped=True
i=5 pair=(3,4) lam_t=1.00896 lam_s=1.00961 tsr_diff=0.000158 integral_mean=-0.000012 integral_std=0.000363 log_ratio=-0.0293 accept=0.9712 swapped=True
i=5 pair=(5,6) lam_t=1.00986 lam_s=1.00995 tsr_diff=0.000022 integral_mean=0.000000 integral_std=0.000047 log_ratio=0.0000 accept=1.0000 swapped=True
i=5 pair=(2,1) lam_t=1.00254 lam_s=1.00722 tsr_diff=0.001142 integral_mean=-0.000052 integral_std=0.002291 log_ratio=-0.1242 accept=0.8832 swapped=True
i=5 pair=(4,3) lam_t=1.00896 lam_s=1.00961 tsr_diff=0.000158 integral_mean=0.000020 integral_std=0.000370 log_ratio=0.0000 accept=1.0000 swapped=True
i=5 pair=(6,5) lam_t=1.00986 lam_s=1.00995 tsr_diff=0.000022 integral_mean=0.000000 integral_std=0.000045 log_ratio=0.0000 accept=1.0000 swapped=True
i=6 pair=(0,1) lam_t=0.99000 lam_s=1.00254 tsr_diff=0.004257 integral_mean=-0.000034 integral_std=0.008585 log_ratio=-0.0812 accept=0.9220 swapped=True
i=6 pair=(2,3) lam_t=1.00722 lam_s=1.00896 tsr_diff=0.000587 integral_mean=-0.000042 integral_std=0.001349 log_ratio=-0.1007 accept=0.9042 swapped=True
i=6 pair=(4,5) lam_t=1.00961 lam_s=1.00986 tsr_diff=0.000081 integral_mean=0.000001 integral_std=0.000180 log_ratio=0.0000 accept=1.0000 swapped=True
i=6 pair=(6,7) lam_t=1.00995 lam_s=1.01000 tsr_diff=0.000018 integral_mean=0.000003 integral_std=0.000042 log_ratio=0.0000 accept=1.0000 swapped=True
i=6 pair=(1,0) lam_t=0.99000 lam_s=1.00254 tsr_diff=0.004257 integral_mean=-0.001234 integral_std=0.011152 log_ratio=-2.9624 accept=0.0517 swapped=False
i=6 pair=(3,2) lam_t=1.00722 lam_s=1.00896 tsr_diff=0.000587 integral_mean=-0.000003 integral_std=0.001376 log_ratio=-0.0064 accept=0.9936 swapped=True
i=6 pair=(5,4) lam_t=1.00961 lam_s=1.00986 tsr_diff=0.000081 integral_mean=0.000001 integral_std=0.000176 log_ratio=0.0000 accept=1.0000 swapped=True
i=6 pair=(7,6) lam_t=1.00995 lam_s=1.01000 tsr_diff=0.000018 integral_mean=-0.000002 integral_std=0.000041 log_ratio=-0.0053 accept=0.9947 swapped=True
i=7 pair=(0,2) lam_t=1.00254 lam_s=1.00722 tsr_diff=0.002045 integral_mean=0.000459 integral_std=0.005364 log_ratio=0.0000 accept=1.0000 swapped=True
i=7 pair=(3,4) lam_t=1.00896 lam_s=1.00961 tsr_diff=0.000283 integral_mean=0.000003 integral_std=0.000666 log_ratio=0.0000 accept=1.0000 swapped=True
i=7 pair=(5,6) lam_t=1.00986 lam_s=1.00995 tsr_diff=0.000039 integral_mean=-0.000013 integral_std=0.000098 log_ratio=-0.0315 accept=0.9689 swapped=True
i=7 pair=(2,0) lam_t=1.00254 lam_s=1.00722 tsr_diff=0.002045 integral_mean=-0.000353 integral_std=0.005147 log_ratio=-0.8462 accept=0.4291 swapped=False
i=7 pair=(4,3) lam_t=1.00896 lam_s=1.00961 tsr_diff=0.000283 integral_mean=0.000000 integral_std=0.000638 log_ratio=0.0000 accept=1.0000 swapped=True
i=7 pair=(6,5) lam_t=1.00986 lam_s=1.00995 tsr_diff=0.000039 integral_mean=0.000005 integral_std=0.000097 log_ratio=0.0000 accept=1.0000 swapped=True
i=8 pair=(1,2) lam_t=0.99000 lam_s=1.00254 tsr_diff=0.006833 integral_mean=-0.000127 integral_std=0.013826 log_ratio=-0.3044 accept=0.7375 swapped=False
i=8 pair=(0,3) lam_t=1.00722 lam_s=1.00896 tsr_diff=0.000937 integral_mean=0.000191 integral_std=0.002268 log_ratio=0.0000 accept=1.0000 swapped=True
i=8 pair=(4,5) lam_t=1.00961 lam_s=1.00986 tsr_diff=0.000130 integral_mean=-0.000013 integral_std=0.000311 log_ratio=-0.0304 accept=0.9701 swapped=True
i=8 pair=(6,7) lam_t=1.00995 lam_s=1.01000 tsr_diff=0.000029 integral_mean=0.000010 integral_std=0.000090 log_ratio=0.0000 accept=1.0000 swapped=True
i=8 pair=(1,2) lam_t=0.99000 lam_s=1.00254 tsr_diff=0.006833 integral_mean=-0.000169 integral_std=0.014103 log_ratio=-0.4054 accept=0.6667 swapped=False
i=8 pair=(3,0) lam_t=1.00722 lam_s=1.00896 tsr_diff=0.000937 integral_mean=-0.000130 integral_std=0.002202 log_ratio=-0.3124 accept=0.7317 swapped=True
i=8 pair=(5,4) lam_t=1.00961 lam_s=1.00986 tsr_diff=0.000130 integral_mean=0.000008 integral_std=0.000298 log_ratio=0.0000 accept=1.0000 swapped=True
i=8 pair=(7,6) lam_t=1.00995 lam_s=1.01000 tsr_diff=0.000029 integral_mean=0.000003 integral_std=0.000088 log_ratio=0.0000 accept=1.0000 swapped=True
i=9 pair=(2,0) lam_t=1.00254 lam_s=1.00722 tsr_diff=0.002993 integral_mean=-0.000101 integral_std=0.007447 log_ratio=-0.2434 accept=0.7839 swapped=True
i=9 pair=(3,4) lam_t=1.00896 lam_s=1.00961 tsr_diff=0.000414 integral_mean=-0.000002 integral_std=0.001079 log_ratio=-0.0044 accept=0.9956 swapped=True
i=9 pair=(5,6) lam_t=1.00986 lam_s=1.00995 tsr_diff=0.000057 integral_mean=-0.000021 integral_std=0.000182 log_ratio=-0.0506 accept=0.9506 swapped=True
i=9 pair=(0,2) lam_t=1.00254 lam_s=1.00722 tsr_diff=0.002993 integral_mean=0.000491 integral_std=0.007737 log_ratio=0.0000 accept=1.0000 swapped=True
i=9 pair=(4,3) lam_t=1.00896 lam_s=1.00961 tsr_diff=0.000414 integral_mean=0.000021 integral_std=0.001032 log_ratio=0.0000 accept=1.0000 swapped=True
i=9 pair=(6,5) lam_t=1.00986 lam_s=1.00995 tsr_diff=0.000057 integral_mean=0.000010 integral_std=0.000163 log_ratio=0.0000 accept=1.0000 swapped=True
i=10 pair=(1,2) lam_t=0.99000 lam_s=1.00254 tsr_diff=0.009326 integral_mean=0.000545 integral_std=0.019943 log_ratio=0.0000 accept=1.0000 swapped=True
i=10 pair=(0,3) lam_t=1.00722 lam_s=1.00896 tsr_diff=0.001273 integral_mean=0.000171 integral_std=0.004044 log_ratio=0.0000 accept=1.0000 swapped=True
i=10 pair=(4,5) lam_t=1.00961 lam_s=1.00986 tsr_diff=0.000177 integral_mean=0.000003 integral_std=0.000494 log_ratio=0.0000 accept=1.0000 swapped=True
i=10 pair=(6,7) lam_t=1.00995 lam_s=1.01000 tsr_diff=0.000039 integral_mean=-0.000000 integral_std=0.000171 log_ratio=-0.0011 accept=0.9989 swapped=True
i=10 pair=(2,1) lam_t=0.99000 lam_s=1.00254 tsr_diff=0.009326 integral_mean=-0.000458 integral_std=0.020353 log_ratio=-1.0997 accept=0.3330 swapped=False
i=10 pair=(3,0) lam_t=1.00722 lam_s=1.00896 tsr_diff=0.001273 integral_mean=-0.000007 integral_std=0.003675 log_ratio=-0.0170 accept=0.9832 swapped=True
i=10 pair=(5,4) lam_t=1.00961 lam_s=1.00986 tsr_diff=0.000177 integral_mean=-0.000001 integral_std=0.000513 log_ratio=-0.0012 accept=0.9988 swapped=True
i=10 pair=(7,6) lam_t=1.00995 lam_s=1.01000 tsr_diff=0.000039 integral_mean=0.000005 integral_std=0.000173 log_ratio=0.0000 accept=1.0000 swapped=True
i=11 pair=(1,0) lam_t=1.00254 lam_s=1.00722 tsr_diff=0.003825 integral_mean=-0.000721 integral_std=0.012313 log_ratio=-1.7298 accept=0.1773 swapped=False
i=11 pair=(3,4) lam_t=1.00896 lam_s=1.00961 tsr_diff=0.000528 integral_mean=0.000089 integral_std=0.001983 log_ratio=0.0000 accept=1.0000 swapped=True
i=11 pair=(5,6) lam_t=1.00986 lam_s=1.00995 tsr_diff=0.000073 integral_mean=-0.000013 integral_std=0.000298 log_ratio=-0.0309 accept=0.9695 swapped=True
i=11 pair=(1,0) lam_t=1.00254 lam_s=1.00722 tsr_diff=0.003825 integral_mean=-0.001288 integral_std=0.012467 log_ratio=-3.0904 accept=0.0455 swapped=False
i=11 pair=(4,3) lam_t=1.00896 lam_s=1.00961 tsr_diff=0.000528 integral_mean=-0.000024 integral_std=0.001763 log_ratio=-0.0582 accept=0.9435 swapped=True
i=11 pair=(6,5) lam_t=1.00986 lam_s=1.00995 tsr_diff=0.000073 integral_mean=0.000005 integral_std=0.000233 log_ratio=0.0000 accept=1.0000 swapped=True
i=12 pair=(2,1) lam_t=0.99000 lam_s=1.00254 tsr_diff=0.011313 integral_mean=-0.001854 integral_std=0.026918 log_ratio=-4.4497 accept=0.0117 swapped=False
i=12 pair=(0,3) lam_t=1.00722 lam_s=1.00896 tsr_diff=0.001539 integral_mean=0.000498 integral_std=0.008858 log_ratio=0.0000 accept=1.0000 swapped=True
i=12 pair=(4,5) lam_t=1.00961 lam_s=1.00986 tsr_diff=0.000213 integral_mean=0.000036 integral_std=0.000789 log_ratio=0.0000 accept=1.0000 swapped=True
i=12 pair=(6,7) lam_t=1.00995 lam_s=1.01000 tsr_diff=0.000047 integral_mean=-0.000014 integral_std=0.000246 log_ratio=-0.0337 accept=0.9668 swapped=True
i=12 pair=(2,1) lam_t=0.99000 lam_s=1.00254 tsr_diff=0.011313 integral_mean=-0.000912 integral_std=0.024764 log_ratio=-2.1884 accept=0.1121 swapped=True
i=12 pair=(3,0) lam_t=1.00722 lam_s=1.00896 tsr_diff=0.001539 integral_mean=-0.000157 integral_std=0.007420 log_ratio=-0.3770 accept=0.6859 swapped=True
i=12 pair=(5,4) lam_t=1.00961 lam_s=1.00986 tsr_diff=0.000213 integral_mean=-0.000047 integral_std=0.000746 log_ratio=-0.1133 accept=0.8929 swapped=True
i=12 pair=(7,6) lam_t=1.00995 lam_s=1.01000 tsr_diff=0.000047 integral_mean=0.000020 integral_std=0.000236 log_ratio=0.0000 accept=1.0000 swapped=True
i=13 pair=(2,0) lam_t=1.00254 lam_s=1.00722 tsr_diff=0.004402 integral_mean=-0.003272 integral_std=0.025708 log_ratio=-7.8526 accept=0.0004 swapped=False
i=13 pair=(3,4) lam_t=1.00896 lam_s=1.00961 tsr_diff=0.000607 integral_mean=0.000908 integral_std=0.007441 log_ratio=0.0000 accept=1.0000 swapped=True
i=13 pair=(5,6) lam_t=1.00986 lam_s=1.00995 tsr_diff=0.000084 integral_mean=-0.000020 integral_std=0.000458 log_ratio=-0.0486 accept=0.9525 swapped=True
i=13 pair=(2,0) lam_t=1.00254 lam_s=1.00722 tsr_diff=0.004402 integral_mean=-0.002378 integral_std=0.023773 log_ratio=-5.7081 accept=0.0033 swapped=False
i=13 pair=(4,3) lam_t=1.00896 lam_s=1.00961 tsr_diff=0.000607 integral_mean=-0.000142 integral_std=0.003949 log_ratio=-0.3403 accept=0.7116 swapped=True
i=13 pair=(6,5) lam_t=1.00986 lam_s=1.00995 tsr_diff=0.000084 integral_mean=0.000024 integral_std=0.000346 log_ratio=0.0000 accept=1.0000 swapped=True
i=14 pair=(1,2) lam_t=0.99000 lam_s=1.00254 tsr_diff=0.012453 integral_mean=0.005827 integral_std=0.055205 log_ratio=0.0000 accept=1.0000 swapped=True
i=14 pair=(0,3) lam_t=1.00722 lam_s=1.00896 tsr_diff=0.001690 integral_mean=-0.001278 integral_std=0.032010 log_ratio=-3.0683 accept=0.0465 swapped=False
i=14 pair=(4,5) lam_t=1.00961 lam_s=1.00986 tsr_diff=0.000234 integral_mean=0.000415 integral_std=0.003252 log_ratio=0.0000 accept=1.0000 swapped=True
i=14 pair=(6,7) lam_t=1.00995 lam_s=1.01000 tsr_diff=0.000052 integral_mean=-0.000095 integral_std=0.001002 log_ratio=-0.2282 accept=0.7960 swapped=True
i=14 pair=(2,1) lam_t=0.99000 lam_s=1.00254 tsr_diff=0.012453 integral_mean=-0.000134 integral_std=0.032532 log_ratio=-0.3227 accept=0.7242 swapped=True
i=14 pair=(0,3) lam_t=1.00722 lam_s=1.00896 tsr_diff=0.001690 integral_mean=0.002373 integral_std=0.035190 log_ratio=0.0000 accept=1.0000 swapped=True
i=14 pair=(5,4) lam_t=1.00961 lam_s=1.00986 tsr_diff=0.000234 integral_mean=-0.000222 integral_std=0.002501 log_ratio=-0.5337 accept=0.5865 swapped=True
i=14 pair=(7,6) lam_t=1.00995 lam_s=1.01000 tsr_diff=0.000052 integral_mean=0.000286 integral_std=0.001472 log_ratio=0.0000 accept=1.0000 swapped=True
Best Sample: 2 log probability -1.200
Saved 1 samples to: logs/pointmaze-giant-navigate-v0/inference/plans/release_H400_T256_LimitsNormalizer_b1_condFalse/2026-07-17 13:08:33/25/0.png
Saved 1 samples to: logs/pointmaze-giant-navigate-v0/inference/plans/release_H400_T256_LimitsNormalizer_b1_condFalse/2026-07-17 13:08:33/25/rollout.png
i=0 pair=(0,1) lam_t=0.99000 lam_s=1.00254 tsr_diff=0.000000 integral_mean=0.000000 integral_std=0.000000 log_ratio=0.0000 accept=1.0000 swapped=True
i=0 pair=(2,3) lam_t=1.00722 lam_s=1.00896 tsr_diff=0.000000 integral_mean=0.000000 integral_std=0.000000 log_ratio=0.0000 accept=1.0000 swapped=True
i=0 pair=(4,5) lam_t=1.00961 lam_s=1.00986 tsr_diff=0.000000 integral_mean=0.000000 integral_std=0.000000 log_ratio=0.0000 accept=1.0000 swapped=True
i=0 pair=(6,7) lam_t=1.00995 lam_s=1.01000 tsr_diff=0.000000 integral_mean=0.000000 integral_std=0.000000 log_ratio=0.0000 accept=1.0000 swapped=True
i=0 pair=(1,0) lam_t=0.99000 lam_s=1.00254 tsr_diff=0.000000 integral_mean=0.000000 integral_std=0.000000 log_ratio=0.0000 accept=1.0000 swapped=True
i=0 pair=(3,2) lam_t=1.00722 lam_s=1.00896 tsr_diff=0.000000 integral_mean=0.000000 integral_std=0.000000 log_ratio=0.0000 accept=1.0000 swapped=True
i=0 pair=(5,4) lam_t=1.00961 lam_s=1.00986 tsr_diff=0.000000 integral_mean=0.000000 integral_std=0.000000 log_ratio=0.0000 accept=1.0000 swapped=True
i=0 pair=(7,6) lam_t=1.00995 lam_s=1.01000 tsr_diff=0.000000 integral_mean=0.000000 integral_std=0.000000 log_ratio=0.0000 accept=1.0000 swapped=True
i=1 pair=(1,2) lam_t=1.00254 lam_s=1.00722 tsr_diff=0.000050 integral_mean=0.000000 integral_std=0.000103 log_ratio=0.0000 accept=1.0000 swapped=True
i=1 pair=(3,4) lam_t=1.00896 lam_s=1.00961 tsr_diff=0.000007 integral_mean=0.000000 integral_std=0.000014 log_ratio=0.0000 accept=1.0000 swapped=True
i=1 pair=(5,6) lam_t=1.00986 lam_s=1.00995 tsr_diff=0.000001 integral_mean=0.000000 integral_std=0.000002 log_ratio=0.0000 accept=1.0000 swapped=True
i=1 pair=(2,1) lam_t=1.00254 lam_s=1.00722 tsr_diff=0.000050 integral_mean=-0.000004 integral_std=0.000101 log_ratio=-0.0085 accept=0.9916 swapped=True
i=1 pair=(4,3) lam_t=1.00896 lam_s=1.00961 tsr_diff=0.000007 integral_mean=0.000001 integral_std=0.000015 log_ratio=0.0000 accept=1.0000 swapped=True
i=1 pair=(6,5) lam_t=1.00986 lam_s=1.00995 tsr_diff=0.000001 integral_mean=0.000000 integral_std=0.000002 log_ratio=0.0000 accept=1.0000 swapped=True
i=2 pair=(0,1) lam_t=0.99000 lam_s=1.00254 tsr_diff=0.000530 integral_mean=-0.000026 integral_std=0.001051 log_ratio=-0.0615 accept=0.9403 swapped=True
i=2 pair=(2,3) lam_t=1.00722 lam_s=1.00896 tsr_diff=0.000074 integral_mean=-0.000005 integral_std=0.000152 log_ratio=-0.0114 accept=0.9887 swapped=True
i=2 pair=(4,5) lam_t=1.00961 lam_s=1.00986 tsr_diff=0.000010 integral_mean=-0.000000 integral_std=0.000021 log_ratio=-0.0009 accept=0.9991 swapped=True
i=2 pair=(6,7) lam_t=1.00995 lam_s=1.01000 tsr_diff=0.000002 integral_mean=-0.000000 integral_std=0.000005 log_ratio=-0.0000 accept=1.0000 swapped=True
i=2 pair=(1,0) lam_t=0.99000 lam_s=1.00254 tsr_diff=0.000530 integral_mean=-0.000009 integral_std=0.001084 log_ratio=-0.0224 accept=0.9778 swapped=True
i=2 pair=(3,2) lam_t=1.00722 lam_s=1.00896 tsr_diff=0.000074 integral_mean=0.000000 integral_std=0.000154 log_ratio=0.0000 accept=1.0000 swapped=True
i=2 pair=(5,4) lam_t=1.00961 lam_s=1.00986 tsr_diff=0.000010 integral_mean=-0.000000 integral_std=0.000021 log_ratio=-0.0001 accept=0.9999 swapped=True
i=2 pair=(7,6) lam_t=1.00995 lam_s=1.01000 tsr_diff=0.000002 integral_mean=0.000000 integral_std=0.000005 log_ratio=0.0000 accept=1.0000 swapped=True
i=3 pair=(1,2) lam_t=1.00254 lam_s=1.00722 tsr_diff=0.000436 integral_mean=-0.000068 integral_std=0.000988 log_ratio=-0.1629 accept=0.8496 swapped=True
i=3 pair=(3,4) lam_t=1.00896 lam_s=1.00961 tsr_diff=0.000060 integral_mean=0.000003 integral_std=0.000125 log_ratio=0.0000 accept=1.0000 swapped=True
i=3 pair=(5,6) lam_t=1.00986 lam_s=1.00995 tsr_diff=0.000008 integral_mean=-0.000001 integral_std=0.000017 log_ratio=-0.0015 accept=0.9985 swapped=True
i=3 pair=(2,1) lam_t=1.00254 lam_s=1.00722 tsr_diff=0.000436 integral_mean=0.000031 integral_std=0.000908 log_ratio=0.0000 accept=1.0000 swapped=True
i=3 pair=(4,3) lam_t=1.00896 lam_s=1.00961 tsr_diff=0.000060 integral_mean=0.000005 integral_std=0.000130 log_ratio=0.0000 accept=1.0000 swapped=True
i=3 pair=(6,5) lam_t=1.00986 lam_s=1.00995 tsr_diff=0.000008 integral_mean=0.000001 integral_std=0.000017 log_ratio=0.0000 accept=1.0000 swapped=True
i=4 pair=(0,1) lam_t=0.99000 lam_s=1.00254 tsr_diff=0.002032 integral_mean=0.000216 integral_std=0.004629 log_ratio=0.0000 accept=1.0000 swapped=True
i=4 pair=(2,3) lam_t=1.00722 lam_s=1.00896 tsr_diff=0.000281 integral_mean=0.000021 integral_std=0.000592 log_ratio=0.0000 accept=1.0000 swapped=True
i=4 pair=(4,5) lam_t=1.00961 lam_s=1.00986 tsr_diff=0.000039 integral_mean=0.000003 integral_std=0.000079 log_ratio=0.0000 accept=1.0000 swapped=True
i=4 pair=(6,7) lam_t=1.00995 lam_s=1.01000 tsr_diff=0.000009 integral_mean=-0.000001 integral_std=0.000020 log_ratio=-0.0025 accept=0.9975 swapped=True
i=4 pair=(1,0) lam_t=0.99000 lam_s=1.00254 tsr_diff=0.002032 integral_mean=-0.000056 integral_std=0.004362 log_ratio=-0.1337 accept=0.8748 swapped=False
i=4 pair=(3,2) lam_t=1.00722 lam_s=1.00896 tsr_diff=0.000281 integral_mean=-0.000006 integral_std=0.000625 log_ratio=-0.0143 accept=0.9858 swapped=True
i=4 pair=(5,4) lam_t=1.00961 lam_s=1.00986 tsr_diff=0.000039 integral_mean=-0.000000 integral_std=0.000079 log_ratio=-0.0010 accept=0.9990 swapped=True
i=4 pair=(7,6) lam_t=1.00995 lam_s=1.01000 tsr_diff=0.000009 integral_mean=0.000000 integral_std=0.000018 log_ratio=0.0000 accept=1.0000 swapped=True
i=5 pair=(0,2) lam_t=1.00254 lam_s=1.00722 tsr_diff=0.001142 integral_mean=-0.000035 integral_std=0.002548 log_ratio=-0.0829 accept=0.9205 swapped=True
i=5 pair=(3,4) lam_t=1.00896 lam_s=1.00961 tsr_diff=0.000158 integral_mean=-0.000011 integral_std=0.000324 log_ratio=-0.0259 accept=0.9744 swapped=True
i=5 pair=(5,6) lam_t=1.00986 lam_s=1.00995 tsr_diff=0.000022 integral_mean=0.000000 integral_std=0.000044 log_ratio=0.0000 accept=1.0000 swapped=True
i=5 pair=(2,0) lam_t=1.00254 lam_s=1.00722 tsr_diff=0.001142 integral_mean=0.000010 integral_std=0.002448 log_ratio=0.0000 accept=1.0000 swapped=True
i=5 pair=(4,3) lam_t=1.00896 lam_s=1.00961 tsr_diff=0.000158 integral_mean=0.000005 integral_std=0.000310 log_ratio=0.0000 accept=1.0000 swapped=True
i=5 pair=(6,5) lam_t=1.00986 lam_s=1.00995 tsr_diff=0.000022 integral_mean=-0.000001 integral_std=0.000044 log_ratio=-0.0012 accept=0.9988 swapped=True
i=6 pair=(1,0) lam_t=0.99000 lam_s=1.00254 tsr_diff=0.004257 integral_mean=-0.000438 integral_std=0.010568 log_ratio=-1.0508 accept=0.3496 swapped=False
i=6 pair=(2,3) lam_t=1.00722 lam_s=1.00896 tsr_diff=0.000587 integral_mean=0.000102 integral_std=0.001257 log_ratio=0.0000 accept=1.0000 swapped=True
i=6 pair=(4,5) lam_t=1.00961 lam_s=1.00986 tsr_diff=0.000081 integral_mean=0.000003 integral_std=0.000174 log_ratio=0.0000 accept=1.0000 swapped=True
i=6 pair=(6,7) lam_t=1.00995 lam_s=1.01000 tsr_diff=0.000018 integral_mean=-0.000000 integral_std=0.000040 log_ratio=-0.0011 accept=0.9989 swapped=True
i=6 pair=(1,0) lam_t=0.99000 lam_s=1.00254 tsr_diff=0.004257 integral_mean=-0.000285 integral_std=0.009500 log_ratio=-0.6847 accept=0.5042 swapped=True
i=6 pair=(3,2) lam_t=1.00722 lam_s=1.00896 tsr_diff=0.000587 integral_mean=-0.000042 integral_std=0.001274 log_ratio=-0.1015 accept=0.9035 swapped=True
i=6 pair=(5,4) lam_t=1.00961 lam_s=1.00986 tsr_diff=0.000081 integral_mean=-0.000002 integral_std=0.000165 log_ratio=-0.0059 accept=0.9941 swapped=True
i=6 pair=(7,6) lam_t=1.00995 lam_s=1.01000 tsr_diff=0.000018 integral_mean=0.000001 integral_std=0.000041 log_ratio=0.0000 accept=1.0000 swapped=True
i=7 pair=(1,2) lam_t=1.00254 lam_s=1.00722 tsr_diff=0.002045 integral_mean=0.000100 integral_std=0.004758 log_ratio=0.0000 accept=1.0000 swapped=True
i=7 pair=(3,4) lam_t=1.00896 lam_s=1.00961 tsr_diff=0.000283 integral_mean=0.000000 integral_std=0.000598 log_ratio=0.0000 accept=1.0000 swapped=True
i=7 pair=(5,6) lam_t=1.00986 lam_s=1.00995 tsr_diff=0.000039 integral_mean=-0.000004 integral_std=0.000082 log_ratio=-0.0091 accept=0.9909 swapped=True
i=7 pair=(2,1) lam_t=1.00254 lam_s=1.00722 tsr_diff=0.002045 integral_mean=-0.000107 integral_std=0.004451 log_ratio=-0.2573 accept=0.7732 swapped=True
i=7 pair=(4,3) lam_t=1.00896 lam_s=1.00961 tsr_diff=0.000283 integral_mean=-0.000006 integral_std=0.000572 log_ratio=-0.0135 accept=0.9866 swapped=True
i=7 pair=(6,5) lam_t=1.00986 lam_s=1.00995 tsr_diff=0.000039 integral_mean=0.000002 integral_std=0.000079 log_ratio=0.0000 accept=1.0000 swapped=True
i=8 pair=(0,1) lam_t=0.99000 lam_s=1.00254 tsr_diff=0.006833 integral_mean=-0.000576 integral_std=0.016423 log_ratio=-1.3832 accept=0.2508 swapped=False
i=8 pair=(2,3) lam_t=1.00722 lam_s=1.00896 tsr_diff=0.000937 integral_mean=0.000020 integral_std=0.001944 log_ratio=0.0000 accept=1.0000 swapped=True
i=8 pair=(4,5) lam_t=1.00961 lam_s=1.00986 tsr_diff=0.000130 integral_mean=0.000001 integral_std=0.000272 log_ratio=0.0000 accept=1.0000 swapped=True
i=8 pair=(6,7) lam_t=1.00995 lam_s=1.01000 tsr_diff=0.000029 integral_mean=-0.000002 integral_std=0.000067 log_ratio=-0.0055 accept=0.9945 swapped=True
i=8 pair=(0,1) lam_t=0.99000 lam_s=1.00254 tsr_diff=0.006833 integral_mean=-0.000973 integral_std=0.016364 log_ratio=-2.3344 accept=0.0969 swapped=False
i=8 pair=(3,2) lam_t=1.00722 lam_s=1.00896 tsr_diff=0.000937 integral_mean=-0.000005 integral_std=0.001925 log_ratio=-0.0113 accept=0.9888 swapped=True
i=8 pair=(5,4) lam_t=1.00961 lam_s=1.00986 tsr_diff=0.000130 integral_mean=-0.000006 integral_std=0.000265 log_ratio=-0.0145 accept=0.9856 swapped=True
i=8 pair=(7,6) lam_t=1.00995 lam_s=1.01000 tsr_diff=0.000029 integral_mean=0.000000 integral_std=0.000063 log_ratio=0.0000 accept=1.0000 swapped=True
i=9 pair=(1,2) lam_t=1.00254 lam_s=1.00722 tsr_diff=0.002993 integral_mean=0.000576 integral_std=0.007604 log_ratio=0.0000 accept=1.0000 swapped=True
i=9 pair=(3,4) lam_t=1.00896 lam_s=1.00961 tsr_diff=0.000414 integral_mean=-0.000026 integral_std=0.000896 log_ratio=-0.0636 accept=0.9384 swapped=True
i=9 pair=(5,6) lam_t=1.00986 lam_s=1.00995 tsr_diff=0.000057 integral_mean=-0.000004 integral_std=0.000117 log_ratio=-0.0097 accept=0.9904 swapped=True
i=9 pair=(2,1) lam_t=1.00254 lam_s=1.00722 tsr_diff=0.002993 integral_mean=-0.000535 integral_std=0.007981 log_ratio=-1.2832 accept=0.2771 swapped=False
i=9 pair=(4,3) lam_t=1.00896 lam_s=1.00961 tsr_diff=0.000414 integral_mean=0.000046 integral_std=0.000897 log_ratio=0.0000 accept=1.0000 swapped=True
i=9 pair=(6,5) lam_t=1.00986 lam_s=1.00995 tsr_diff=0.000057 integral_mean=-0.000001 integral_std=0.000114 log_ratio=-0.0014 accept=0.9986 swapped=True
i=10 pair=(0,2) lam_t=0.99000 lam_s=1.00254 tsr_diff=0.009326 integral_mean=-0.000852 integral_std=0.023238 log_ratio=-2.0446 accept=0.1294 swapped=False
i=10 pair=(1,3) lam_t=1.00722 lam_s=1.00896 tsr_diff=0.001273 integral_mean=0.000348 integral_std=0.003560 log_ratio=0.0000 accept=1.0000 swapped=True
i=10 pair=(4,5) lam_t=1.00961 lam_s=1.00986 tsr_diff=0.000177 integral_mean=0.000009 integral_std=0.000446 log_ratio=0.0000 accept=1.0000 swapped=True
i=10 pair=(6,7) lam_t=1.00995 lam_s=1.01000 tsr_diff=0.000039 integral_mean=-0.000006 integral_std=0.000105 log_ratio=-0.0153 accept=0.9848 swapped=True
i=10 pair=(0,2) lam_t=0.99000 lam_s=1.00254 tsr_diff=0.009326 integral_mean=-0.000368 integral_std=0.024190 log_ratio=-0.8838 accept=0.4132 swapped=False
i=10 pair=(3,1) lam_t=1.00722 lam_s=1.00896 tsr_diff=0.001273 integral_mean=-0.000254 integral_std=0.003398 log_ratio=-0.6099 accept=0.5434 swapped=True
i=10 pair=(5,4) lam_t=1.00961 lam_s=1.00986 tsr_diff=0.000177 integral_mean=-0.000001 integral_std=0.000436 log_ratio=-0.0031 accept=0.9969 swapped=True
i=10 pair=(7,6) lam_t=1.00995 lam_s=1.01000 tsr_diff=0.000039 integral_mean=0.000005 integral_std=0.000113 log_ratio=0.0000 accept=1.0000 swapped=True
i=11 pair=(2,1) lam_t=1.00254 lam_s=1.00722 tsr_diff=0.003825 integral_mean=-0.000039 integral_std=0.013569 log_ratio=-0.0944 accept=0.9099 swapped=True
i=11 pair=(3,4) lam_t=1.00896 lam_s=1.00961 tsr_diff=0.000528 integral_mean=-0.000006 integral_std=0.001399 log_ratio=-0.0135 accept=0.9866 swapped=True
i=11 pair=(5,6) lam_t=1.00986 lam_s=1.00995 tsr_diff=0.000073 integral_mean=-0.000002 integral_std=0.000147 log_ratio=-0.0045 accept=0.9955 swapped=True
i=11 pair=(1,2) lam_t=1.00254 lam_s=1.00722 tsr_diff=0.003825 integral_mean=0.000182 integral_std=0.014173 log_ratio=0.0000 accept=1.0000 swapped=True
i=11 pair=(4,3) lam_t=1.00896 lam_s=1.00961 tsr_diff=0.000528 integral_mean=-0.000007 integral_std=0.001271 log_ratio=-0.0157 accept=0.9844 swapped=True
i=11 pair=(6,5) lam_t=1.00986 lam_s=1.00995 tsr_diff=0.000073 integral_mean=0.000001 integral_std=0.000141 log_ratio=0.0000 accept=1.0000 swapped=True
i=12 pair=(0,2) lam_t=0.99000 lam_s=1.00254 tsr_diff=0.011313 integral_mean=-0.002049 integral_std=0.038905 log_ratio=-4.9179 accept=0.0073 swapped=False
i=12 pair=(1,3) lam_t=1.00722 lam_s=1.00896 tsr_diff=0.001539 integral_mean=0.000588 integral_std=0.006770 log_ratio=0.0000 accept=1.0000 swapped=True
i=12 pair=(4,5) lam_t=1.00961 lam_s=1.00986 tsr_diff=0.000213 integral_mean=0.000019 integral_std=0.000659 log_ratio=0.0000 accept=1.0000 swapped=True
i=12 pair=(6,7) lam_t=1.00995 lam_s=1.01000 tsr_diff=0.000047 integral_mean=-0.000033 integral_std=0.000198 log_ratio=-0.0793 accept=0.9238 swapped=True
i=12 pair=(0,2) lam_t=0.99000 lam_s=1.00254 tsr_diff=0.011313 integral_mean=-0.001878 integral_std=0.037643 log_ratio=-4.5076 accept=0.0110 swapped=False
i=12 pair=(3,1) lam_t=1.00722 lam_s=1.00896 tsr_diff=0.001539 integral_mean=-0.000461 integral_std=0.006185 log_ratio=-1.1057 accept=0.3310 swapped=True
i=12 pair=(5,4) lam_t=1.00961 lam_s=1.00986 tsr_diff=0.000213 integral_mean=-0.000022 integral_std=0.000582 log_ratio=-0.0528 accept=0.9486 swapped=True
i=12 pair=(7,6) lam_t=1.00995 lam_s=1.01000 tsr_diff=0.000047 integral_mean=0.000022 integral_std=0.000187 log_ratio=0.0000 accept=1.0000 swapped=True
i=13 pair=(2,1) lam_t=1.00254 lam_s=1.00722 tsr_diff=0.004402 integral_mean=-0.000214 integral_std=0.031716 log_ratio=-0.5141 accept=0.5980 swapped=True
i=13 pair=(3,4) lam_t=1.00896 lam_s=1.00961 tsr_diff=0.000607 integral_mean=-0.000055 integral_std=0.002078 log_ratio=-0.1315 accept=0.8768 swapped=True
i=13 pair=(5,6) lam_t=1.00986 lam_s=1.00995 tsr_diff=0.000084 integral_mean=-0.000001 integral_std=0.000170 log_ratio=-0.0021 accept=0.9979 swapped=True
i=13 pair=(1,2) lam_t=1.00254 lam_s=1.00722 tsr_diff=0.004402 integral_mean=-0.000353 integral_std=0.022892 log_ratio=-0.8471 accept=0.4287 swapped=False
i=13 pair=(4,3) lam_t=1.00896 lam_s=1.00961 tsr_diff=0.000607 integral_mean=0.000052 integral_std=0.002138 log_ratio=0.0000 accept=1.0000 swapped=True
i=13 pair=(6,5) lam_t=1.00986 lam_s=1.00995 tsr_diff=0.000084 integral_mean=0.000006 integral_std=0.000158 log_ratio=0.0000 accept=1.0000 swapped=True
i=14 pair=(0,1) lam_t=0.99000 lam_s=1.00254 tsr_diff=0.012453 integral_mean=-0.005157 integral_std=0.134957 log_ratio=-12.3768 accept=0.0000 swapped=False
i=14 pair=(2,3) lam_t=1.00722 lam_s=1.00896 tsr_diff=0.001690 integral_mean=0.001633 integral_std=0.020934 log_ratio=0.0000 accept=1.0000 swapped=True
i=14 pair=(4,5) lam_t=1.00961 lam_s=1.00986 tsr_diff=0.000234 integral_mean=0.000100 integral_std=0.001547 log_ratio=0.0000 accept=1.0000 swapped=True
i=14 pair=(6,7) lam_t=1.00995 lam_s=1.01000 tsr_diff=0.000052 integral_mean=-0.000213 integral_std=0.000925 log_ratio=-0.5112 accept=0.5998 swapped=True
i=14 pair=(0,1) lam_t=0.99000 lam_s=1.00254 tsr_diff=0.012453 integral_mean=-0.001753 integral_std=0.106405 log_ratio=-4.2060 accept=0.0149 swapped=False
i=14 pair=(3,2) lam_t=1.00722 lam_s=1.00896 tsr_diff=0.001690 integral_mean=-0.000878 integral_std=0.014049 log_ratio=-2.1065 accept=0.1217 swapped=False
i=14 pair=(5,4) lam_t=1.00961 lam_s=1.00986 tsr_diff=0.000234 integral_mean=-0.000067 integral_std=0.001363 log_ratio=-0.1598 accept=0.8523 swapped=True
i=14 pair=(7,6) lam_t=1.00995 lam_s=1.01000 tsr_diff=0.000052 integral_mean=0.000105 integral_std=0.000773 log_ratio=0.0000 accept=1.0000 swapped=True
Best Sample: 5 log probability -0.001
Saved 1 samples to: logs/pointmaze-giant-navigate-v0/inference/plans/release_H400_T256_LimitsNormalizer_b1_condFalse/2026-07-17 13:08:33/26/0.png
Saved 1 samples to: logs/pointmaze-giant-navigate-v0/inference/plans/release_H400_T256_LimitsNormalizer_b1_condFalse/2026-07-17 13:08:33/26/rollout.png
i=0 pair=(0,1) lam_t=0.99000 lam_s=1.00254 tsr_diff=0.000000 integral_mean=0.000000 integral_std=0.000000 log_ratio=0.0000 accept=1.0000 swapped=True
i=0 pair=(2,3) lam_t=1.00722 lam_s=1.00896 tsr_diff=0.000000 integral_mean=0.000000 integral_std=0.000000 log_ratio=0.0000 accept=1.0000 swapped=True
i=0 pair=(4,5) lam_t=1.00961 lam_s=1.00986 tsr_diff=0.000000 integral_mean=0.000000 integral_std=0.000000 log_ratio=0.0000 accept=1.0000 swapped=True
i=0 pair=(6,7) lam_t=1.00995 lam_s=1.01000 tsr_diff=0.000000 integral_mean=0.000000 integral_std=0.000000 log_ratio=0.0000 accept=1.0000 swapped=True
i=0 pair=(1,0) lam_t=0.99000 lam_s=1.00254 tsr_diff=0.000000 integral_mean=0.000000 integral_std=0.000000 log_ratio=0.0000 accept=1.0000 swapped=True
i=0 pair=(3,2) lam_t=1.00722 lam_s=1.00896 tsr_diff=0.000000 integral_mean=0.000000 integral_std=0.000000 log_ratio=0.0000 accept=1.0000 swapped=True
i=0 pair=(5,4) lam_t=1.00961 lam_s=1.00986 tsr_diff=0.000000 integral_mean=0.000000 integral_std=0.000000 log_ratio=0.0000 accept=1.0000 swapped=True
i=0 pair=(7,6) lam_t=1.00995 lam_s=1.01000 tsr_diff=0.000000 integral_mean=0.000000 integral_std=0.000000 log_ratio=0.0000 accept=1.0000 swapped=True
i=1 pair=(1,2) lam_t=1.00254 lam_s=1.00722 tsr_diff=0.000050 integral_mean=-0.000002 integral_std=0.000096 log_ratio=-0.0055 accept=0.9946 swapped=True
i=1 pair=(3,4) lam_t=1.00896 lam_s=1.00961 tsr_diff=0.000007 integral_mean=-0.000001 integral_std=0.000014 log_ratio=-0.0012 accept=0.9988 swapped=True
i=1 pair=(5,6) lam_t=1.00986 lam_s=1.00995 tsr_diff=0.000001 integral_mean=-0.000000 integral_std=0.000002 log_ratio=-0.0000 accept=1.0000 swapped=True
i=1 pair=(2,1) lam_t=1.00254 lam_s=1.00722 tsr_diff=0.000050 integral_mean=-0.000004 integral_std=0.000103 log_ratio=-0.0099 accept=0.9901 swapped=True
i=1 pair=(4,3) lam_t=1.00896 lam_s=1.00961 tsr_diff=0.000007 integral_mean=0.000000 integral_std=0.000014 log_ratio=0.0000 accept=1.0000 swapped=True
i=1 pair=(6,5) lam_t=1.00986 lam_s=1.00995 tsr_diff=0.000001 integral_mean=-0.000000 integral_std=0.000002 log_ratio=-0.0002 accept=0.9998 swapped=True
i=2 pair=(0,1) lam_t=0.99000 lam_s=1.00254 tsr_diff=0.000530 integral_mean=-0.000001 integral_std=0.001119 log_ratio=-0.0015 accept=0.9985 swapped=True
i=2 pair=(2,3) lam_t=1.00722 lam_s=1.00896 tsr_diff=0.000074 integral_mean=-0.000007 integral_std=0.000158 log_ratio=-0.0176 accept=0.9825 swapped=True
i=2 pair=(4,5) lam_t=1.00961 lam_s=1.00986 tsr_diff=0.000010 integral_mean=0.000000 integral_std=0.000022 log_ratio=0.0000 accept=1.0000 swapped=True
i=2 pair=(6,7) lam_t=1.00995 lam_s=1.01000 tsr_diff=0.000002 integral_mean=-0.000000 integral_std=0.000005 log_ratio=-0.0002 accept=0.9998 swapped=True
i=2 pair=(1,0) lam_t=0.99000 lam_s=1.00254 tsr_diff=0.000530 integral_mean=0.000014 integral_std=0.001125 log_ratio=0.0000 accept=1.0000 swapped=True
i=2 pair=(3,2) lam_t=1.00722 lam_s=1.00896 tsr_diff=0.000074 integral_mean=-0.000006 integral_std=0.000157 log_ratio=-0.0141 accept=0.9860 swapped=True
i=2 pair=(5,4) lam_t=1.00961 lam_s=1.00986 tsr_diff=0.000010 integral_mean=-0.000000 integral_std=0.000022 log_ratio=-0.0003 accept=0.9997 swapped=True
i=2 pair=(7,6) lam_t=1.00995 lam_s=1.01000 tsr_diff=0.000002 integral_mean=0.000000 integral_std=0.000004 log_ratio=0.0000 accept=1.0000 swapped=True
i=3 pair=(1,2) lam_t=1.00254 lam_s=1.00722 tsr_diff=0.000436 integral_mean=-0.000031 integral_std=0.001029 log_ratio=-0.0742 accept=0.9285 swapped=True
i=3 pair=(3,4) lam_t=1.00896 lam_s=1.00961 tsr_diff=0.000060 integral_mean=0.000001 integral_std=0.000131 log_ratio=0.0000 accept=1.0000 swapped=True
i=3 pair=(5,6) lam_t=1.00986 lam_s=1.00995 tsr_diff=0.000008 integral_mean=0.000000 integral_std=0.000017 log_ratio=0.0000 accept=1.0000 swapped=True
i=3 pair=(2,1) lam_t=1.00254 lam_s=1.00722 tsr_diff=0.000436 integral_mean=0.000010 integral_std=0.000957 log_ratio=0.0000 accept=1.0000 swapped=True
i=3 pair=(4,3) lam_t=1.00896 lam_s=1.00961 tsr_diff=0.000060 integral_mean=-0.000003 integral_std=0.000121 log_ratio=-0.0064 accept=0.9936 swapped=True
i=3 pair=(6,5) lam_t=1.00986 lam_s=1.00995 tsr_diff=0.000008 integral_mean=-0.000000 integral_std=0.000017 log_ratio=-0.0009 accept=0.9991 swapped=True
i=4 pair=(0,1) lam_t=0.99000 lam_s=1.00254 tsr_diff=0.002032 integral_mean=-0.000016 integral_std=0.004225 log_ratio=-0.0394 accept=0.9614 swapped=True
i=4 pair=(2,3) lam_t=1.00722 lam_s=1.00896 tsr_diff=0.000281 integral_mean=-0.000022 integral_std=0.000619 log_ratio=-0.0526 accept=0.9488 swapped=True
i=4 pair=(4,5) lam_t=1.00961 lam_s=1.00986 tsr_diff=0.000039 integral_mean=-0.000002 integral_std=0.000085 log_ratio=-0.0036 accept=0.9964 swapped=True
i=4 pair=(6,7) lam_t=1.00995 lam_s=1.01000 tsr_diff=0.000009 integral_mean=0.000000 integral_std=0.000017 log_ratio=0.0000 accept=1.0000 swapped=True
i=4 pair=(1,0) lam_t=0.99000 lam_s=1.00254 tsr_diff=0.002032 integral_mean=0.000237 integral_std=0.004253 log_ratio=0.0000 accept=1.0000 swapped=True
i=4 pair=(3,2) lam_t=1.00722 lam_s=1.00896 tsr_diff=0.000281 integral_mean=-0.000009 integral_std=0.000579 log_ratio=-0.0208 accept=0.9794 swapped=True
i=4 pair=(5,4) lam_t=1.00961 lam_s=1.00986 tsr_diff=0.000039 integral_mean=0.000001 integral_std=0.000081 log_ratio=0.0000 accept=1.0000 swapped=True
i=4 pair=(7,6) lam_t=1.00995 lam_s=1.01000 tsr_diff=0.000009 integral_mean=-0.000000 integral_std=0.000017 log_ratio=-0.0009 accept=0.9991 swapped=True
i=5 pair=(1,2) lam_t=1.00254 lam_s=1.00722 tsr_diff=0.001142 integral_mean=0.000097 integral_std=0.002416 log_ratio=0.0000 accept=1.0000 swapped=True
i=5 pair=(3,4) lam_t=1.00896 lam_s=1.00961 tsr_diff=0.000158 integral_mean=-0.000011 integral_std=0.000339 log_ratio=-0.0276 accept=0.9728 swapped=True
i=5 pair=(5,6) lam_t=1.00986 lam_s=1.00995 tsr_diff=0.000022 integral_mean=-0.000001 integral_std=0.000047 log_ratio=-0.0032 accept=0.9968 swapped=True
i=5 pair=(2,1) lam_t=1.00254 lam_s=1.00722 tsr_diff=0.001142 integral_mean=-0.000045 integral_std=0.002381 log_ratio=-0.1089 accept=0.8968 swapped=True
i=5 pair=(4,3) lam_t=1.00896 lam_s=1.00961 tsr_diff=0.000158 integral_mean=0.000002 integral_std=0.000324 log_ratio=0.0000 accept=1.0000 swapped=True
i=5 pair=(6,5) lam_t=1.00986 lam_s=1.00995 tsr_diff=0.000022 integral_mean=-0.000000 integral_std=0.000044 log_ratio=-0.0011 accept=0.9989 swapped=True
i=6 pair=(0,1) lam_t=0.99000 lam_s=1.00254 tsr_diff=0.004257 integral_mean=-0.000223 integral_std=0.009136 log_ratio=-0.5340 accept=0.5862 swapped=False
i=6 pair=(2,3) lam_t=1.00722 lam_s=1.00896 tsr_diff=0.000587 integral_mean=-0.000034 integral_std=0.001258 log_ratio=-0.0821 accept=0.9212 swapped=True
i=6 pair=(4,5) lam_t=1.00961 lam_s=1.00986 tsr_diff=0.000081 integral_mean=0.000005 integral_std=0.000170 log_ratio=0.0000 accept=1.0000 swapped=True
i=6 pair=(6,7) lam_t=1.00995 lam_s=1.01000 tsr_diff=0.000018 integral_mean=-0.000001 integral_std=0.000036 log_ratio=-0.0012 accept=0.9988 swapped=True
i=6 pair=(0,1) lam_t=0.99000 lam_s=1.00254 tsr_diff=0.004257 integral_mean=0.000228 integral_std=0.008935 log_ratio=0.0000 accept=1.0000 swapped=True
i=6 pair=(3,2) lam_t=1.00722 lam_s=1.00896 tsr_diff=0.000587 integral_mean=-0.000032 integral_std=0.001178 log_ratio=-0.0770 accept=0.9259 swapped=True
i=6 pair=(5,4) lam_t=1.00961 lam_s=1.00986 tsr_diff=0.000081 integral_mean=0.000011 integral_std=0.000184 log_ratio=0.0000 accept=1.0000 swapped=True
i=6 pair=(7,6) lam_t=1.00995 lam_s=1.01000 tsr_diff=0.000018 integral_mean=0.000001 integral_std=0.000036 log_ratio=0.0000 accept=1.0000 swapped=True
i=7 pair=(0,2) lam_t=1.00254 lam_s=1.00722 tsr_diff=0.002045 integral_mean=0.000072 integral_std=0.004515 log_ratio=0.0000 accept=1.0000 swapped=True
i=7 pair=(3,4) lam_t=1.00896 lam_s=1.00961 tsr_diff=0.000283 integral_mean=-0.000019 integral_std=0.000581 log_ratio=-0.0459 accept=0.9551 swapped=True
i=7 pair=(5,6) lam_t=1.00986 lam_s=1.00995 tsr_diff=0.000039 integral_mean=0.000007 integral_std=0.000094 log_ratio=0.0000 accept=1.0000 swapped=True
i=7 pair=(2,0) lam_t=1.00254 lam_s=1.00722 tsr_diff=0.002045 integral_mean=0.000070 integral_std=0.004462 log_ratio=0.0000 accept=1.0000 swapped=True
i=7 pair=(4,3) lam_t=1.00896 lam_s=1.00961 tsr_diff=0.000283 integral_mean=0.000014 integral_std=0.000572 log_ratio=0.0000 accept=1.0000 swapped=True
i=7 pair=(6,5) lam_t=1.00986 lam_s=1.00995 tsr_diff=0.000039 integral_mean=-0.000006 integral_std=0.000094 log_ratio=-0.0144 accept=0.9857 swapped=True
i=8 pair=(1,0) lam_t=0.99000 lam_s=1.00254 tsr_diff=0.006833 integral_mean=-0.000495 integral_std=0.015452 log_ratio=-1.1886 accept=0.3046 swapped=False
i=8 pair=(2,3) lam_t=1.00722 lam_s=1.00896 tsr_diff=0.000937 integral_mean=0.000008 integral_std=0.002134 log_ratio=0.0000 accept=1.0000 swapped=True
i=8 pair=(4,5) lam_t=1.00961 lam_s=1.00986 tsr_diff=0.000130 integral_mean=-0.000014 integral_std=0.000327 log_ratio=-0.0343 accept=0.9662 swapped=True
i=8 pair=(6,7) lam_t=1.00995 lam_s=1.01000 tsr_diff=0.000029 integral_mean=0.000001 integral_std=0.000057 log_ratio=0.0000 accept=1.0000 swapped=True
i=8 pair=(1,0) lam_t=0.99000 lam_s=1.00254 tsr_diff=0.006833 integral_mean=-0.000637 integral_std=0.015220 log_ratio=-1.5282 accept=0.2169 swapped=False
i=8 pair=(3,2) lam_t=1.00722 lam_s=1.00896 tsr_diff=0.000937 integral_mean=0.000030 integral_std=0.001966 log_ratio=0.0000 accept=1.0000 swapped=True
i=8 pair=(5,4) lam_t=1.00961 lam_s=1.00986 tsr_diff=0.000130 integral_mean=0.000012 integral_std=0.000308 log_ratio=0.0000 accept=1.0000 swapped=True
i=8 pair=(7,6) lam_t=1.00995 lam_s=1.01000 tsr_diff=0.000029 integral_mean=-0.000003 integral_std=0.000058 log_ratio=-0.0083 accept=0.9917 swapped=True
i=9 pair=(0,2) lam_t=1.00254 lam_s=1.00722 tsr_diff=0.002993 integral_mean=0.000346 integral_std=0.007668 log_ratio=0.0000 accept=1.0000 swapped=True
i=9 pair=(3,4) lam_t=1.00896 lam_s=1.00961 tsr_diff=0.000414 integral_mean=0.000005 integral_std=0.000937 log_ratio=0.0000 accept=1.0000 swapped=True
i=9 pair=(5,6) lam_t=1.00986 lam_s=1.00995 tsr_diff=0.000057 integral_mean=0.000012 integral_std=0.000162 log_ratio=0.0000 accept=1.0000 swapped=True
i=9 pair=(2,0) lam_t=1.00254 lam_s=1.00722 tsr_diff=0.002993 integral_mean=-0.000181 integral_std=0.007941 log_ratio=-0.4341 accept=0.6479 swapped=True
i=9 pair=(4,3) lam_t=1.00896 lam_s=1.00961 tsr_diff=0.000414 integral_mean=0.000018 integral_std=0.000912 log_ratio=0.0000 accept=1.0000 swapped=True
i=9 pair=(6,5) lam_t=1.00986 lam_s=1.00995 tsr_diff=0.000057 integral_mean=-0.000006 integral_std=0.000161 log_ratio=-0.0146 accept=0.9855 swapped=True
i=10 pair=(1,0) lam_t=0.99000 lam_s=1.00254 tsr_diff=0.009326 integral_mean=-0.002012 integral_std=0.025869 log_ratio=-4.8299 accept=0.0080 swapped=False
i=10 pair=(2,3) lam_t=1.00722 lam_s=1.00896 tsr_diff=0.001273 integral_mean=0.000108 integral_std=0.003267 log_ratio=0.0000 accept=1.0000 swapped=True
i=10 pair=(4,5) lam_t=1.00961 lam_s=1.00986 tsr_diff=0.000177 integral_mean=-0.000038 integral_std=0.000573 log_ratio=-0.0924 accept=0.9118 swapped=True
i=10 pair=(6,7) lam_t=1.00995 lam_s=1.01000 tsr_diff=0.000039 integral_mean=0.000006 integral_std=0.000086 log_ratio=0.0000 accept=1.0000 swapped=True
i=10 pair=(1,0) lam_t=0.99000 lam_s=1.00254 tsr_diff=0.009326 integral_mean=-0.001585 integral_std=0.024197 log_ratio=-3.8049 accept=0.0223 swapped=False
i=10 pair=(3,2) lam_t=1.00722 lam_s=1.00896 tsr_diff=0.001273 integral_mean=0.000019 integral_std=0.003144 log_ratio=0.0000 accept=1.0000 swapped=True
i=10 pair=(5,4) lam_t=1.00961 lam_s=1.00986 tsr_diff=0.000177 integral_mean=0.000051 integral_std=0.000626 log_ratio=0.0000 accept=1.0000 swapped=True
i=10 pair=(7,6) lam_t=1.00995 lam_s=1.01000 tsr_diff=0.000039 integral_mean=-0.000001 integral_std=0.000085 log_ratio=-0.0021 accept=0.9979 swapped=True
i=11 pair=(0,2) lam_t=1.00254 lam_s=1.00722 tsr_diff=0.003825 integral_mean=0.000476 integral_std=0.012949 log_ratio=0.0000 accept=1.0000 swapped=True
i=11 pair=(3,4) lam_t=1.00896 lam_s=1.00961 tsr_diff=0.000528 integral_mean=-0.000181 integral_std=0.001999 log_ratio=-0.4353 accept=0.6471 swapped=True
i=11 pair=(5,6) lam_t=1.00986 lam_s=1.00995 tsr_diff=0.000073 integral_mean=0.000019 integral_std=0.000255 log_ratio=0.0000 accept=1.0000 swapped=True
i=11 pair=(2,0) lam_t=1.00254 lam_s=1.00722 tsr_diff=0.003825 integral_mean=-0.000484 integral_std=0.012096 log_ratio=-1.1614 accept=0.3130 swapped=False
i=11 pair=(4,3) lam_t=1.00896 lam_s=1.00961 tsr_diff=0.000528 integral_mean=0.000073 integral_std=0.001407 log_ratio=0.0000 accept=1.0000 swapped=True
i=11 pair=(6,5) lam_t=1.00986 lam_s=1.00995 tsr_diff=0.000073 integral_mean=-0.000024 integral_std=0.000243 log_ratio=-0.0577 accept=0.9439 swapped=True
i=12 pair=(1,2) lam_t=0.99000 lam_s=1.00254 tsr_diff=0.011313 integral_mean=-0.000016 integral_std=0.040686 log_ratio=-0.0378 accept=0.9629 swapped=True
i=12 pair=(0,3) lam_t=1.00722 lam_s=1.00896 tsr_diff=0.001539 integral_mean=0.000513 integral_std=0.005694 log_ratio=0.0000 accept=1.0000 swapped=True
i=12 pair=(4,5) lam_t=1.00961 lam_s=1.00986 tsr_diff=0.000213 integral_mean=-0.000033 integral_std=0.000782 log_ratio=-0.0790 accept=0.9240 swapped=True
i=12 pair=(6,7) lam_t=1.00995 lam_s=1.01000 tsr_diff=0.000047 integral_mean=0.000003 integral_std=0.000115 log_ratio=0.0000 accept=1.0000 swapped=True
i=12 pair=(2,1) lam_t=0.99000 lam_s=1.00254 tsr_diff=0.011313 integral_mean=0.000646 integral_std=0.036516 log_ratio=0.0000 accept=1.0000 swapped=True
i=12 pair=(3,0) lam_t=1.00722 lam_s=1.00896 tsr_diff=0.001539 integral_mean=-0.000375 integral_std=0.005147 log_ratio=-0.8991 accept=0.4069 swapped=True
i=12 pair=(5,4) lam_t=1.00961 lam_s=1.00986 tsr_diff=0.000213 integral_mean=-0.000014 integral_std=0.000804 log_ratio=-0.0330 accept=0.9676 swapped=True
i=12 pair=(7,6) lam_t=1.00995 lam_s=1.01000 tsr_diff=0.000047 integral_mean=-0.000007 integral_std=0.000116 log_ratio=-0.0167 accept=0.9835 swapped=True
i=13 pair=(2,0) lam_t=1.00254 lam_s=1.00722 tsr_diff=0.004402 integral_mean=-0.001000 integral_std=0.025941 log_ratio=-2.3991 accept=0.0908 swapped=True
i=13 pair=(3,4) lam_t=1.00896 lam_s=1.00961 tsr_diff=0.000607 integral_mean=-0.000261 integral_std=0.002617 log_ratio=-0.6273 accept=0.5340 swapped=True
i=13 pair=(5,6) lam_t=1.00986 lam_s=1.00995 tsr_diff=0.000084 integral_mean=0.000007 integral_std=0.000407 log_ratio=0.0000 accept=1.0000 swapped=True
i=13 pair=(0,2) lam_t=1.00254 lam_s=1.00722 tsr_diff=0.004402 integral_mean=0.000549 integral_std=0.024792 log_ratio=0.0000 accept=1.0000 swapped=True
i=13 pair=(4,3) lam_t=1.00896 lam_s=1.00961 tsr_diff=0.000607 integral_mean=0.000190 integral_std=0.002282 log_ratio=0.0000 accept=1.0000 swapped=True
i=13 pair=(6,5) lam_t=1.00986 lam_s=1.00995 tsr_diff=0.000084 integral_mean=0.000019 integral_std=0.000443 log_ratio=0.0000 accept=1.0000 swapped=True
i=14 pair=(1,2) lam_t=0.99000 lam_s=1.00254 tsr_diff=0.012453 integral_mean=-0.000130 integral_std=0.091478 log_ratio=-0.3121 accept=0.7319 swapped=True
i=14 pair=(0,3) lam_t=1.00722 lam_s=1.00896 tsr_diff=0.001690 integral_mean=0.002792 integral_std=0.021172 log_ratio=0.0000 accept=1.0000 swapped=True
i=14 pair=(4,5) lam_t=1.00961 lam_s=1.00986 tsr_diff=0.000234 integral_mean=0.000117 integral_std=0.002657 log_ratio=0.0000 accept=1.0000 swapped=True
i=14 pair=(6,7) lam_t=1.00995 lam_s=1.01000 tsr_diff=0.000052 integral_mean=0.000025 integral_std=0.000246 log_ratio=0.0000 accept=1.0000 swapped=True
i=14 pair=(2,1) lam_t=0.99000 lam_s=1.00254 tsr_diff=0.012453 integral_mean=-0.001327 integral_std=0.086750 log_ratio=-3.1844 accept=0.0414 swapped=False
i=14 pair=(3,0) lam_t=1.00722 lam_s=1.00896 tsr_diff=0.001690 integral_mean=-0.001702 integral_std=0.015985 log_ratio=-4.0848 accept=0.0168 swapped=False
i=14 pair=(5,4) lam_t=1.00961 lam_s=1.00986 tsr_diff=0.000234 integral_mean=-0.000053 integral_std=0.002303 log_ratio=-0.1271 accept=0.8807 swapped=True
i=14 pair=(7,6) lam_t=1.00995 lam_s=1.01000 tsr_diff=0.000052 integral_mean=-0.000014 integral_std=0.000182 log_ratio=-0.0325 accept=0.9681 swapped=True
Best Sample: 3 log probability -0.001
Saved 1 samples to: logs/pointmaze-giant-navigate-v0/inference/plans/release_H400_T256_LimitsNormalizer_b1_condFalse/2026-07-17 13:08:33/27/0.png
Saved 1 samples to: logs/pointmaze-giant-navigate-v0/inference/plans/release_H400_T256_LimitsNormalizer_b1_condFalse/2026-07-17 13:08:33/27/rollout.png
i=0 pair=(0,1) lam_t=0.99000 lam_s=1.00254 tsr_diff=0.000000 integral_mean=0.000000 integral_std=0.000000 log_ratio=0.0000 accept=1.0000 swapped=True
i=0 pair=(2,3) lam_t=1.00722 lam_s=1.00896 tsr_diff=0.000000 integral_mean=0.000000 integral_std=0.000000 log_ratio=0.0000 accept=1.0000 swapped=True
i=0 pair=(4,5) lam_t=1.00961 lam_s=1.00986 tsr_diff=0.000000 integral_mean=0.000000 integral_std=0.000000 log_ratio=0.0000 accept=1.0000 swapped=True
i=0 pair=(6,7) lam_t=1.00995 lam_s=1.01000 tsr_diff=0.000000 integral_mean=0.000000 integral_std=0.000000 log_ratio=0.0000 accept=1.0000 swapped=True
i=0 pair=(1,0) lam_t=0.99000 lam_s=1.00254 tsr_diff=0.000000 integral_mean=0.000000 integral_std=0.000000 log_ratio=0.0000 accept=1.0000 swapped=True
i=0 pair=(3,2) lam_t=1.00722 lam_s=1.00896 tsr_diff=0.000000 integral_mean=0.000000 integral_std=0.000000 log_ratio=0.0000 accept=1.0000 swapped=True
i=0 pair=(5,4) lam_t=1.00961 lam_s=1.00986 tsr_diff=0.000000 integral_mean=0.000000 integral_std=0.000000 log_ratio=0.0000 accept=1.0000 swapped=True
i=0 pair=(7,6) lam_t=1.00995 lam_s=1.01000 tsr_diff=0.000000 integral_mean=0.000000 integral_std=0.000000 log_ratio=0.0000 accept=1.0000 swapped=True
i=1 pair=(1,2) lam_t=1.00254 lam_s=1.00722 tsr_diff=0.000050 integral_mean=0.000001 integral_std=0.000100 log_ratio=0.0000 accept=1.0000 swapped=True
i=1 pair=(3,4) lam_t=1.00896 lam_s=1.00961 tsr_diff=0.000007 integral_mean=-0.000000 integral_std=0.000014 log_ratio=-0.0004 accept=0.9996 swapped=True
i=1 pair=(5,6) lam_t=1.00986 lam_s=1.00995 tsr_diff=0.000001 integral_mean=0.000000 integral_std=0.000002 log_ratio=0.0000 accept=1.0000 swapped=True
i=1 pair=(2,1) lam_t=1.00254 lam_s=1.00722 tsr_diff=0.000050 integral_mean=-0.000006 integral_std=0.000105 log_ratio=-0.0140 accept=0.9861 swapped=True
i=1 pair=(4,3) lam_t=1.00896 lam_s=1.00961 tsr_diff=0.000007 integral_mean=-0.000000 integral_std=0.000014 log_ratio=-0.0003 accept=0.9997 swapped=True
i=1 pair=(6,5) lam_t=1.00986 lam_s=1.00995 tsr_diff=0.000001 integral_mean=0.000000 integral_std=0.000002 log_ratio=0.0000 accept=1.0000 swapped=True
i=2 pair=(0,1) lam_t=0.99000 lam_s=1.00254 tsr_diff=0.000530 integral_mean=-0.000006 integral_std=0.001048 log_ratio=-0.0132 accept=0.9868 swapped=True
i=2 pair=(2,3) lam_t=1.00722 lam_s=1.00896 tsr_diff=0.000074 integral_mean=-0.000000 integral_std=0.000158 log_ratio=-0.0011 accept=0.9989 swapped=True
i=2 pair=(4,5) lam_t=1.00961 lam_s=1.00986 tsr_diff=0.000010 integral_mean=0.000000 integral_std=0.000022 log_ratio=0.0000 accept=1.0000 swapped=True
i=2 pair=(6,7) lam_t=1.00995 lam_s=1.01000 tsr_diff=0.000002 integral_mean=-0.000000 integral_std=0.000005 log_ratio=-0.0005 accept=0.9995 swapped=True
i=2 pair=(1,0) lam_t=0.99000 lam_s=1.00254 tsr_diff=0.000530 integral_mean=0.000052 integral_std=0.001210 log_ratio=0.0000 accept=1.0000 swapped=True
i=2 pair=(3,2) lam_t=1.00722 lam_s=1.00896 tsr_diff=0.000074 integral_mean=-0.000001 integral_std=0.000149 log_ratio=-0.0020 accept=0.9980 swapped=True
i=2 pair=(5,4) lam_t=1.00961 lam_s=1.00986 tsr_diff=0.000010 integral_mean=-0.000001 integral_std=0.000021 log_ratio=-0.0017 accept=0.9983 swapped=True
i=2 pair=(7,6) lam_t=1.00995 lam_s=1.01000 tsr_diff=0.000002 integral_mean=-0.000000 integral_std=0.000005 log_ratio=-0.0006 accept=0.9994 swapped=True
i=3 pair=(1,2) lam_t=1.00254 lam_s=1.00722 tsr_diff=0.000436 integral_mean=0.000308 integral_std=0.001396 log_ratio=0.0000 accept=1.0000 swapped=True
i=3 pair=(3,4) lam_t=1.00896 lam_s=1.00961 tsr_diff=0.000060 integral_mean=-0.000006 integral_std=0.000130 log_ratio=-0.0142 accept=0.9859 swapped=True
i=3 pair=(5,6) lam_t=1.00986 lam_s=1.00995 tsr_diff=0.000008 integral_mean=-0.000001 integral_std=0.000018 log_ratio=-0.0019 accept=0.9981 swapped=True
i=3 pair=(2,1) lam_t=1.00254 lam_s=1.00722 tsr_diff=0.000436 integral_mean=-0.000152 integral_std=0.001082 log_ratio=-0.3658 accept=0.6937 swapped=False
i=3 pair=(4,3) lam_t=1.00896 lam_s=1.00961 tsr_diff=0.000060 integral_mean=0.000006 integral_std=0.000126 log_ratio=0.0000 accept=1.0000 swapped=True
i=3 pair=(6,5) lam_t=1.00986 lam_s=1.00995 tsr_diff=0.000008 integral_mean=0.000001 integral_std=0.000018 log_ratio=0.0000 accept=1.0000 swapped=True
i=4 pair=(0,2) lam_t=0.99000 lam_s=1.00254 tsr_diff=0.002032 integral_mean=0.000208 integral_std=0.004219 log_ratio=0.0000 accept=1.0000 swapped=True
i=4 pair=(1,3) lam_t=1.00722 lam_s=1.00896 tsr_diff=0.000281 integral_mean=0.000037 integral_std=0.000607 log_ratio=0.0000 accept=1.0000 swapped=True
i=4 pair=(4,5) lam_t=1.00961 lam_s=1.00986 tsr_diff=0.000039 integral_mean=0.000005 integral_std=0.000088 log_ratio=0.0000 accept=1.0000 swapped=True
i=4 pair=(6,7) lam_t=1.00995 lam_s=1.01000 tsr_diff=0.000009 integral_mean=0.000001 integral_std=0.000017 log_ratio=0.0000 accept=1.0000 swapped=True
i=4 pair=(2,0) lam_t=0.99000 lam_s=1.00254 tsr_diff=0.002032 integral_mean=-0.000164 integral_std=0.004464 log_ratio=-0.3944 accept=0.6741 swapped=True
i=4 pair=(3,1) lam_t=1.00722 lam_s=1.00896 tsr_diff=0.000281 integral_mean=-0.000025 integral_std=0.000589 log_ratio=-0.0589 accept=0.9428 swapped=True
i=4 pair=(5,4) lam_t=1.00961 lam_s=1.00986 tsr_diff=0.000039 integral_mean=-0.000007 integral_std=0.000080 log_ratio=-0.0170 accept=0.9832 swapped=True
i=4 pair=(7,6) lam_t=1.00995 lam_s=1.01000 tsr_diff=0.000009 integral_mean=-0.000001 integral_std=0.000019 log_ratio=-0.0026 accept=0.9974 swapped=True
i=5 pair=(2,1) lam_t=1.00254 lam_s=1.00722 tsr_diff=0.001142 integral_mean=0.000022 integral_std=0.002363 log_ratio=0.0000 accept=1.0000 swapped=True
i=5 pair=(3,4) lam_t=1.00896 lam_s=1.00961 tsr_diff=0.000158 integral_mean=-0.000008 integral_std=0.000335 log_ratio=-0.0189 accept=0.9813 swapped=True
i=5 pair=(5,6) lam_t=1.00986 lam_s=1.00995 tsr_diff=0.000022 integral_mean=-0.000007 integral_std=0.000052 log_ratio=-0.0161 accept=0.9840 swapped=True
i=5 pair=(1,2) lam_t=1.00254 lam_s=1.00722 tsr_diff=0.001142 integral_mean=-0.000091 integral_std=0.002341 log_ratio=-0.2175 accept=0.8045 swapped=True
i=5 pair=(4,3) lam_t=1.00896 lam_s=1.00961 tsr_diff=0.000158 integral_mean=0.000012 integral_std=0.000328 log_ratio=0.0000 accept=1.0000 swapped=True
i=5 pair=(6,5) lam_t=1.00986 lam_s=1.00995 tsr_diff=0.000022 integral_mean=0.000003 integral_std=0.000046 log_ratio=0.0000 accept=1.0000 swapped=True
i=6 pair=(0,2) lam_t=0.99000 lam_s=1.00254 tsr_diff=0.004257 integral_mean=-0.000442 integral_std=0.009089 log_ratio=-1.0604 accept=0.3463 swapped=True
i=6 pair=(1,3) lam_t=1.00722 lam_s=1.00896 tsr_diff=0.000587 integral_mean=0.000008 integral_std=0.001270 log_ratio=0.0000 accept=1.0000 swapped=True
i=6 pair=(4,5) lam_t=1.00961 lam_s=1.00986 tsr_diff=0.000081 integral_mean=0.000011 integral_std=0.000171 log_ratio=0.0000 accept=1.0000 swapped=True
i=6 pair=(6,7) lam_t=1.00995 lam_s=1.01000 tsr_diff=0.000018 integral_mean=0.000002 integral_std=0.000038 log_ratio=0.0000 accept=1.0000 swapped=True
i=6 pair=(2,0) lam_t=0.99000 lam_s=1.00254 tsr_diff=0.004257 integral_mean=0.000064 integral_std=0.008745 log_ratio=0.0000 accept=1.0000 swapped=True
i=6 pair=(3,1) lam_t=1.00722 lam_s=1.00896 tsr_diff=0.000587 integral_mean=-0.000022 integral_std=0.001257 log_ratio=-0.0518 accept=0.9495 swapped=True
i=6 pair=(5,4) lam_t=1.00961 lam_s=1.00986 tsr_diff=0.000081 integral_mean=-0.000004 integral_std=0.000166 log_ratio=-0.0091 accept=0.9910 swapped=True
i=6 pair=(7,6) lam_t=1.00995 lam_s=1.01000 tsr_diff=0.000018 integral_mean=-0.000002 integral_std=0.000038 log_ratio=-0.0038 accept=0.9962 swapped=True
i=7 pair=(2,1) lam_t=1.00254 lam_s=1.00722 tsr_diff=0.002045 integral_mean=0.000020 integral_std=0.004493 log_ratio=0.0000 accept=1.0000 swapped=True
i=7 pair=(3,4) lam_t=1.00896 lam_s=1.00961 tsr_diff=0.000283 integral_mean=-0.000006 integral_std=0.000569 log_ratio=-0.0155 accept=0.9846 swapped=True
i=7 pair=(5,6) lam_t=1.00986 lam_s=1.00995 tsr_diff=0.000039 integral_mean=0.000003 integral_std=0.000089 log_ratio=0.0000 accept=1.0000 swapped=True
i=7 pair=(1,2) lam_t=1.00254 lam_s=1.00722 tsr_diff=0.002045 integral_mean=-0.000049 integral_std=0.004331 log_ratio=-0.1172 accept=0.8894 swapped=True
i=7 pair=(4,3) lam_t=1.00896 lam_s=1.00961 tsr_diff=0.000283 integral_mean=0.000027 integral_std=0.000574 log_ratio=0.0000 accept=1.0000 swapped=True
i=7 pair=(6,5) lam_t=1.00986 lam_s=1.00995 tsr_diff=0.000039 integral_mean=-0.000001 integral_std=0.000089 log_ratio=-0.0030 accept=0.9970 swapped=True
i=8 pair=(0,2) lam_t=0.99000 lam_s=1.00254 tsr_diff=0.006833 integral_mean=-0.004646 integral_std=0.022097 log_ratio=-11.1511 accept=0.0000 swapped=False
i=8 pair=(1,3) lam_t=1.00722 lam_s=1.00896 tsr_diff=0.000937 integral_mean=0.000120 integral_std=0.001975 log_ratio=0.0000 accept=1.0000 swapped=True
i=8 pair=(4,5) lam_t=1.00961 lam_s=1.00986 tsr_diff=0.000130 integral_mean=-0.000005 integral_std=0.000286 log_ratio=-0.0132 accept=0.9869 swapped=True
i=8 pair=(6,7) lam_t=1.00995 lam_s=1.01000 tsr_diff=0.000029 integral_mean=0.000001 integral_std=0.000061 log_ratio=0.0000 accept=1.0000 swapped=True
i=8 pair=(0,2) lam_t=0.99000 lam_s=1.00254 tsr_diff=0.006833 integral_mean=-0.003063 integral_std=0.017374 log_ratio=-7.3517 accept=0.0006 swapped=False
i=8 pair=(3,1) lam_t=1.00722 lam_s=1.00896 tsr_diff=0.000937 integral_mean=-0.000105 integral_std=0.002018 log_ratio=-0.2519 accept=0.7773 swapped=True
i=8 pair=(5,4) lam_t=1.00961 lam_s=1.00986 tsr_diff=0.000130 integral_mean=0.000002 integral_std=0.000283 log_ratio=0.0000 accept=1.0000 swapped=True
i=8 pair=(7,6) lam_t=1.00995 lam_s=1.01000 tsr_diff=0.000029 integral_mean=-0.000002 integral_std=0.000061 log_ratio=-0.0057 accept=0.9943 swapped=True
i=9 pair=(2,1) lam_t=1.00254 lam_s=1.00722 tsr_diff=0.002993 integral_mean=0.001182 integral_std=0.008870 log_ratio=0.0000 accept=1.0000 swapped=True
i=9 pair=(3,4) lam_t=1.00896 lam_s=1.00961 tsr_diff=0.000414 integral_mean=-0.000048 integral_std=0.000891 log_ratio=-0.1153 accept=0.8911 swapped=True
i=9 pair=(5,6) lam_t=1.00986 lam_s=1.00995 tsr_diff=0.000057 integral_mean=0.000008 integral_std=0.000144 log_ratio=0.0000 accept=1.0000 swapped=True
i=9 pair=(1,2) lam_t=1.00254 lam_s=1.00722 tsr_diff=0.002993 integral_mean=-0.000895 integral_std=0.007715 log_ratio=-2.1481 accept=0.1167 swapped=True
i=9 pair=(4,3) lam_t=1.00896 lam_s=1.00961 tsr_diff=0.000414 integral_mean=0.000017 integral_std=0.000818 log_ratio=0.0000 accept=1.0000 swapped=True
i=9 pair=(6,5) lam_t=1.00986 lam_s=1.00995 tsr_diff=0.000057 integral_mean=0.000000 integral_std=0.000139 log_ratio=0.0000 accept=1.0000 swapped=True
i=10 pair=(0,2) lam_t=0.99000 lam_s=1.00254 tsr_diff=0.009326 integral_mean=-0.001958 integral_std=0.024122 log_ratio=-4.6992 accept=0.0091 swapped=False
i=10 pair=(1,3) lam_t=1.00722 lam_s=1.00896 tsr_diff=0.001273 integral_mean=0.000027 integral_std=0.003162 log_ratio=0.0000 accept=1.0000 swapped=True
i=10 pair=(4,5) lam_t=1.00961 lam_s=1.00986 tsr_diff=0.000177 integral_mean=0.000009 integral_std=0.000435 log_ratio=0.0000 accept=1.0000 swapped=True
i=10 pair=(6,7) lam_t=1.00995 lam_s=1.01000 tsr_diff=0.000039 integral_mean=0.000005 integral_std=0.000102 log_ratio=0.0000 accept=1.0000 swapped=True
i=10 pair=(0,2) lam_t=0.99000 lam_s=1.00254 tsr_diff=0.009326 integral_mean=-0.001439 integral_std=0.021146 log_ratio=-3.4526 accept=0.0317 swapped=False
i=10 pair=(3,1) lam_t=1.00722 lam_s=1.00896 tsr_diff=0.001273 integral_mean=-0.000098 integral_std=0.003218 log_ratio=-0.2361 accept=0.7897 swapped=True
i=10 pair=(5,4) lam_t=1.00961 lam_s=1.00986 tsr_diff=0.000177 integral_mean=0.000003 integral_std=0.000418 log_ratio=0.0000 accept=1.0000 swapped=True
i=10 pair=(7,6) lam_t=1.00995 lam_s=1.01000 tsr_diff=0.000039 integral_mean=-0.000008 integral_std=0.000097 log_ratio=-0.0183 accept=0.9819 swapped=True
i=11 pair=(2,1) lam_t=1.00254 lam_s=1.00722 tsr_diff=0.003825 integral_mean=-0.000039 integral_std=0.011539 log_ratio=-0.0929 accept=0.9113 swapped=False
i=11 pair=(3,4) lam_t=1.00896 lam_s=1.00961 tsr_diff=0.000528 integral_mean=-0.000001 integral_std=0.001124 log_ratio=-0.0034 accept=0.9966 swapped=True
i=11 pair=(5,6) lam_t=1.00986 lam_s=1.00995 tsr_diff=0.000073 integral_mean=0.000003 integral_std=0.000236 log_ratio=0.0000 accept=1.0000 swapped=True
i=11 pair=(2,1) lam_t=1.00254 lam_s=1.00722 tsr_diff=0.003825 integral_mean=-0.000001 integral_std=0.010500 log_ratio=-0.0014 accept=0.9986 swapped=True
i=11 pair=(4,3) lam_t=1.00896 lam_s=1.00961 tsr_diff=0.000528 integral_mean=-0.000020 integral_std=0.001094 log_ratio=-0.0476 accept=0.9535 swapped=True
i=11 pair=(6,5) lam_t=1.00986 lam_s=1.00995 tsr_diff=0.000073 integral_mean=-0.000005 integral_std=0.000228 log_ratio=-0.0114 accept=0.9887 swapped=True
i=12 pair=(0,1) lam_t=0.99000 lam_s=1.00254 tsr_diff=0.011313 integral_mean=-0.001204 integral_std=0.040750 log_ratio=-2.8896 accept=0.0556 swapped=False
i=12 pair=(2,3) lam_t=1.00722 lam_s=1.00896 tsr_diff=0.001539 integral_mean=0.000079 integral_std=0.004443 log_ratio=0.0000 accept=1.0000 swapped=True
i=12 pair=(4,5) lam_t=1.00961 lam_s=1.00986 tsr_diff=0.000213 integral_mean=-0.000067 integral_std=0.000885 log_ratio=-0.1608 accept=0.8515 swapped=True
i=12 pair=(6,7) lam_t=1.00995 lam_s=1.01000 tsr_diff=0.000047 integral_mean=0.000017 integral_std=0.000152 log_ratio=0.0000 accept=1.0000 swapped=True
i=12 pair=(0,1) lam_t=0.99000 lam_s=1.00254 tsr_diff=0.011313 integral_mean=-0.001351 integral_std=0.034840 log_ratio=-3.2425 accept=0.0391 swapped=False
i=12 pair=(3,2) lam_t=1.00722 lam_s=1.00896 tsr_diff=0.001539 integral_mean=-0.000243 integral_std=0.004683 log_ratio=-0.5829 accept=0.5583 swapped=True
i=12 pair=(5,4) lam_t=1.00961 lam_s=1.00986 tsr_diff=0.000213 integral_mean=0.000010 integral_std=0.000626 log_ratio=0.0000 accept=1.0000 swapped=True
i=12 pair=(7,6) lam_t=1.00995 lam_s=1.01000 tsr_diff=0.000047 integral_mean=-0.000010 integral_std=0.000145 log_ratio=-0.0247 accept=0.9756 swapped=True
i=13 pair=(1,2) lam_t=1.00254 lam_s=1.00722 tsr_diff=0.004402 integral_mean=0.000125 integral_std=0.028245 log_ratio=0.0000 accept=1.0000 swapped=True
i=13 pair=(3,4) lam_t=1.00896 lam_s=1.00961 tsr_diff=0.000607 integral_mean=-0.000058 integral_std=0.001596 log_ratio=-0.1385 accept=0.8707 swapped=True
i=13 pair=(5,6) lam_t=1.00986 lam_s=1.00995 tsr_diff=0.000084 integral_mean=0.000011 integral_std=0.000594 log_ratio=0.0000 accept=1.0000 swapped=True
i=13 pair=(2,1) lam_t=1.00254 lam_s=1.00722 tsr_diff=0.004402 integral_mean=-0.000330 integral_std=0.020193 log_ratio=-0.7927 accept=0.4526 swapped=True
i=13 pair=(4,3) lam_t=1.00896 lam_s=1.00961 tsr_diff=0.000607 integral_mean=-0.000015 integral_std=0.001375 log_ratio=-0.0371 accept=0.9635 swapped=True
i=13 pair=(6,5) lam_t=1.00986 lam_s=1.00995 tsr_diff=0.000084 integral_mean=0.000002 integral_std=0.000482 log_ratio=0.0000 accept=1.0000 swapped=True
i=14 pair=(0,1) lam_t=0.99000 lam_s=1.00254 tsr_diff=0.012453 integral_mean=-0.008419 integral_std=0.141972 log_ratio=-20.2051 accept=0.0000 swapped=False
i=14 pair=(2,3) lam_t=1.00722 lam_s=1.00896 tsr_diff=0.001690 integral_mean=0.000596 integral_std=0.018736 log_ratio=0.0000 accept=1.0000 swapped=True
i=14 pair=(4,5) lam_t=1.00961 lam_s=1.00986 tsr_diff=0.000234 integral_mean=-0.000315 integral_std=0.003417 log_ratio=-0.7553 accept=0.4699 swapped=True
i=14 pair=(6,7) lam_t=1.00995 lam_s=1.01000 tsr_diff=0.000052 integral_mean=0.000076 integral_std=0.000555 log_ratio=0.0000 accept=1.0000 swapped=True
i=14 pair=(0,1) lam_t=0.99000 lam_s=1.00254 tsr_diff=0.012453 integral_mean=-0.008283 integral_std=0.099670 log_ratio=-19.8786 accept=0.0000 swapped=False
i=14 pair=(3,2) lam_t=1.00722 lam_s=1.00896 tsr_diff=0.001690 integral_mean=-0.000322 integral_std=0.010282 log_ratio=-0.7718 accept=0.4622 swapped=False
i=14 pair=(5,4) lam_t=1.00961 lam_s=1.00986 tsr_diff=0.000234 integral_mean=0.000188 integral_std=0.002675 log_ratio=0.0000 accept=1.0000 swapped=True
i=14 pair=(7,6) lam_t=1.00995 lam_s=1.01000 tsr_diff=0.000052 integral_mean=-0.000047 integral_std=0.000479 log_ratio=-0.1127 accept=0.8934 swapped=True
Best Sample: 7 log probability -0.004
Saved 1 samples to: logs/pointmaze-giant-navigate-v0/inference/plans/release_H400_T256_LimitsNormalizer_b1_condFalse/2026-07-17 13:08:33/28/0.png
Saved 1 samples to: logs/pointmaze-giant-navigate-v0/inference/plans/release_H400_T256_LimitsNormalizer_b1_condFalse/2026-07-17 13:08:33/28/rollout.png
i=0 pair=(0,1) lam_t=0.99000 lam_s=1.00254 tsr_diff=0.000000 integral_mean=0.000000 integral_std=0.000000 log_ratio=0.0000 accept=1.0000 swapped=True
i=0 pair=(2,3) lam_t=1.00722 lam_s=1.00896 tsr_diff=0.000000 integral_mean=0.000000 integral_std=0.000000 log_ratio=0.0000 accept=1.0000 swapped=True
i=0 pair=(4,5) lam_t=1.00961 lam_s=1.00986 tsr_diff=0.000000 integral_mean=0.000000 integral_std=0.000000 log_ratio=0.0000 accept=1.0000 swapped=True
i=0 pair=(6,7) lam_t=1.00995 lam_s=1.01000 tsr_diff=0.000000 integral_mean=0.000000 integral_std=0.000000 log_ratio=0.0000 accept=1.0000 swapped=True
i=0 pair=(1,0) lam_t=0.99000 lam_s=1.00254 tsr_diff=0.000000 integral_mean=0.000000 integral_std=0.000000 log_ratio=0.0000 accept=1.0000 swapped=True
i=0 pair=(3,2) lam_t=1.00722 lam_s=1.00896 tsr_diff=0.000000 integral_mean=0.000000 integral_std=0.000000 log_ratio=0.0000 accept=1.0000 swapped=True
i=0 pair=(5,4) lam_t=1.00961 lam_s=1.00986 tsr_diff=0.000000 integral_mean=0.000000 integral_std=0.000000 log_ratio=0.0000 accept=1.0000 swapped=True
i=0 pair=(7,6) lam_t=1.00995 lam_s=1.01000 tsr_diff=0.000000 integral_mean=0.000000 integral_std=0.000000 log_ratio=0.0000 accept=1.0000 swapped=True
i=1 pair=(1,2) lam_t=1.00254 lam_s=1.00722 tsr_diff=0.000050 integral_mean=-0.000002 integral_std=0.000094 log_ratio=-0.0051 accept=0.9949 swapped=True
i=1 pair=(3,4) lam_t=1.00896 lam_s=1.00961 tsr_diff=0.000007 integral_mean=0.000000 integral_std=0.000014 log_ratio=0.0000 accept=1.0000 swapped=True
i=1 pair=(5,6) lam_t=1.00986 lam_s=1.00995 tsr_diff=0.000001 integral_mean=0.000000 integral_std=0.000002 log_ratio=0.0000 accept=1.0000 swapped=True
i=1 pair=(2,1) lam_t=1.00254 lam_s=1.00722 tsr_diff=0.000050 integral_mean=0.000004 integral_std=0.000101 log_ratio=0.0000 accept=1.0000 swapped=True
i=1 pair=(4,3) lam_t=1.00896 lam_s=1.00961 tsr_diff=0.000007 integral_mean=-0.000000 integral_std=0.000013 log_ratio=-0.0011 accept=0.9989 swapped=True
i=1 pair=(6,5) lam_t=1.00986 lam_s=1.00995 tsr_diff=0.000001 integral_mean=0.000000 integral_std=0.000002 log_ratio=0.0000 accept=1.0000 swapped=True
i=2 pair=(0,1) lam_t=0.99000 lam_s=1.00254 tsr_diff=0.000530 integral_mean=-0.000008 integral_std=0.001078 log_ratio=-0.0188 accept=0.9814 swapped=True
i=2 pair=(2,3) lam_t=1.00722 lam_s=1.00896 tsr_diff=0.000074 integral_mean=0.000009 integral_std=0.000146 log_ratio=0.0000 accept=1.0000 swapped=True
i=2 pair=(4,5) lam_t=1.00961 lam_s=1.00986 tsr_diff=0.000010 integral_mean=-0.000000 integral_std=0.000021 log_ratio=-0.0002 accept=0.9998 swapped=True
i=2 pair=(6,7) lam_t=1.00995 lam_s=1.01000 tsr_diff=0.000002 integral_mean=0.000000 integral_std=0.000005 log_ratio=0.0000 accept=1.0000 swapped=True
i=2 pair=(1,0) lam_t=0.99000 lam_s=1.00254 tsr_diff=0.000530 integral_mean=-0.000005 integral_std=0.001037 log_ratio=-0.0126 accept=0.9875 swapped=True
i=2 pair=(3,2) lam_t=1.00722 lam_s=1.00896 tsr_diff=0.000074 integral_mean=-0.000011 integral_std=0.000161 log_ratio=-0.0271 accept=0.9732 swapped=True
i=2 pair=(5,4) lam_t=1.00961 lam_s=1.00986 tsr_diff=0.000010 integral_mean=0.000000 integral_std=0.000021 log_ratio=0.0000 accept=1.0000 swapped=True
i=2 pair=(7,6) lam_t=1.00995 lam_s=1.01000 tsr_diff=0.000002 integral_mean=0.000000 integral_std=0.000005 log_ratio=0.0000 accept=1.0000 swapped=True
i=3 pair=(1,2) lam_t=1.00254 lam_s=1.00722 tsr_diff=0.000436 integral_mean=-0.000044 integral_std=0.000942 log_ratio=-0.1057 accept=0.8997 swapped=True
i=3 pair=(3,4) lam_t=1.00896 lam_s=1.00961 tsr_diff=0.000060 integral_mean=0.000000 integral_std=0.000138 log_ratio=0.0000 accept=1.0000 swapped=True
i=3 pair=(5,6) lam_t=1.00986 lam_s=1.00995 tsr_diff=0.000008 integral_mean=0.000000 integral_std=0.000017 log_ratio=0.0000 accept=1.0000 swapped=True
i=3 pair=(2,1) lam_t=1.00254 lam_s=1.00722 tsr_diff=0.000436 integral_mean=-0.000002 integral_std=0.000874 log_ratio=-0.0057 accept=0.9943 swapped=True
i=3 pair=(4,3) lam_t=1.00896 lam_s=1.00961 tsr_diff=0.000060 integral_mean=-0.000004 integral_std=0.000126 log_ratio=-0.0097 accept=0.9904 swapped=True
i=3 pair=(6,5) lam_t=1.00986 lam_s=1.00995 tsr_diff=0.000008 integral_mean=0.000000 integral_std=0.000018 log_ratio=0.0000 accept=1.0000 swapped=True
i=4 pair=(0,1) lam_t=0.99000 lam_s=1.00254 tsr_diff=0.002032 integral_mean=0.000100 integral_std=0.004195 log_ratio=0.0000 accept=1.0000 swapped=True
i=4 pair=(2,3) lam_t=1.00722 lam_s=1.00896 tsr_diff=0.000281 integral_mean=-0.000041 integral_std=0.000571 log_ratio=-0.0990 accept=0.9057 swapped=True
i=4 pair=(4,5) lam_t=1.00961 lam_s=1.00986 tsr_diff=0.000039 integral_mean=-0.000001 integral_std=0.000081 log_ratio=-0.0030 accept=0.9970 swapped=True
i=4 pair=(6,7) lam_t=1.00995 lam_s=1.01000 tsr_diff=0.000009 integral_mean=-0.000000 integral_std=0.000018 log_ratio=-0.0008 accept=0.9992 swapped=True
i=4 pair=(1,0) lam_t=0.99000 lam_s=1.00254 tsr_diff=0.002032 integral_mean=-0.000116 integral_std=0.004148 log_ratio=-0.2792 accept=0.7564 swapped=True
i=4 pair=(3,2) lam_t=1.00722 lam_s=1.00896 tsr_diff=0.000281 integral_mean=0.000015 integral_std=0.000579 log_ratio=0.0000 accept=1.0000 swapped=True
i=4 pair=(5,4) lam_t=1.00961 lam_s=1.00986 tsr_diff=0.000039 integral_mean=-0.000002 integral_std=0.000069 log_ratio=-0.0037 accept=0.9963 swapped=True
i=4 pair=(7,6) lam_t=1.00995 lam_s=1.01000 tsr_diff=0.000009 integral_mean=-0.000001 integral_std=0.000018 log_ratio=-0.0017 accept=0.9983 swapped=True
i=5 pair=(1,2) lam_t=1.00254 lam_s=1.00722 tsr_diff=0.001142 integral_mean=0.000041 integral_std=0.002306 log_ratio=0.0000 accept=1.0000 swapped=True
i=5 pair=(3,4) lam_t=1.00896 lam_s=1.00961 tsr_diff=0.000158 integral_mean=0.000013 integral_std=0.000332 log_ratio=0.0000 accept=1.0000 swapped=True
i=5 pair=(5,6) lam_t=1.00986 lam_s=1.00995 tsr_diff=0.000022 integral_mean=-0.000035 integral_std=0.000101 log_ratio=-0.0830 accept=0.9203 swapped=True
i=5 pair=(2,1) lam_t=1.00254 lam_s=1.00722 tsr_diff=0.001142 integral_mean=0.000021 integral_std=0.002285 log_ratio=0.0000 accept=1.0000 swapped=True
i=5 pair=(4,3) lam_t=1.00896 lam_s=1.00961 tsr_diff=0.000158 integral_mean=-0.000006 integral_std=0.000339 log_ratio=-0.0141 accept=0.9860 swapped=True
i=5 pair=(6,5) lam_t=1.00986 lam_s=1.00995 tsr_diff=0.000022 integral_mean=0.000016 integral_std=0.000065 log_ratio=0.0000 accept=1.0000 swapped=True
i=6 pair=(0,1) lam_t=0.99000 lam_s=1.00254 tsr_diff=0.004257 integral_mean=-0.000056 integral_std=0.008484 log_ratio=-0.1333 accept=0.8752 swapped=True
i=6 pair=(2,3) lam_t=1.00722 lam_s=1.00896 tsr_diff=0.000587 integral_mean=-0.000010 integral_std=0.001295 log_ratio=-0.0230 accept=0.9773 swapped=True
i=6 pair=(4,5) lam_t=1.00961 lam_s=1.00986 tsr_diff=0.000081 integral_mean=-0.000001 integral_std=0.000167 log_ratio=-0.0018 accept=0.9982 swapped=True
i=6 pair=(6,7) lam_t=1.00995 lam_s=1.01000 tsr_diff=0.000018 integral_mean=0.000011 integral_std=0.000056 log_ratio=0.0000 accept=1.0000 swapped=True
i=6 pair=(1,0) lam_t=0.99000 lam_s=1.00254 tsr_diff=0.004257 integral_mean=0.000061 integral_std=0.008628 log_ratio=0.0000 accept=1.0000 swapped=True
i=6 pair=(3,2) lam_t=1.00722 lam_s=1.00896 tsr_diff=0.000587 integral_mean=-0.000010 integral_std=0.001285 log_ratio=-0.0251 accept=0.9752 swapped=True
i=6 pair=(5,4) lam_t=1.00961 lam_s=1.00986 tsr_diff=0.000081 integral_mean=0.000004 integral_std=0.000161 log_ratio=0.0000 accept=1.0000 swapped=True
i=6 pair=(7,6) lam_t=1.00995 lam_s=1.01000 tsr_diff=0.000018 integral_mean=-0.000006 integral_std=0.000047 log_ratio=-0.0154 accept=0.9847 swapped=True
i=7 pair=(1,2) lam_t=1.00254 lam_s=1.00722 tsr_diff=0.002045 integral_mean=-0.000115 integral_std=0.004484 log_ratio=-0.2752 accept=0.7594 swapped=True
i=7 pair=(3,4) lam_t=1.00896 lam_s=1.00961 tsr_diff=0.000283 integral_mean=0.000034 integral_std=0.000633 log_ratio=0.0000 accept=1.0000 swapped=True
i=7 pair=(5,6) lam_t=1.00986 lam_s=1.00995 tsr_diff=0.000039 integral_mean=-0.000013 integral_std=0.000094 log_ratio=-0.0316 accept=0.9689 swapped=True
i=7 pair=(2,1) lam_t=1.00254 lam_s=1.00722 tsr_diff=0.002045 integral_mean=0.000147 integral_std=0.004322 log_ratio=0.0000 accept=1.0000 swapped=True
i=7 pair=(4,3) lam_t=1.00896 lam_s=1.00961 tsr_diff=0.000283 integral_mean=-0.000011 integral_std=0.000580 log_ratio=-0.0255 accept=0.9749 swapped=True
i=7 pair=(6,5) lam_t=1.00986 lam_s=1.00995 tsr_diff=0.000039 integral_mean=0.000006 integral_std=0.000087 log_ratio=0.0000 accept=1.0000 swapped=True
i=8 pair=(0,1) lam_t=0.99000 lam_s=1.00254 tsr_diff=0.006833 integral_mean=0.000364 integral_std=0.013402 log_ratio=0.0000 accept=1.0000 swapped=True
i=8 pair=(2,3) lam_t=1.00722 lam_s=1.00896 tsr_diff=0.000937 integral_mean=-0.000021 integral_std=0.001968 log_ratio=-0.0498 accept=0.9515 swapped=True
i=8 pair=(4,5) lam_t=1.00961 lam_s=1.00986 tsr_diff=0.000130 integral_mean=-0.000006 integral_std=0.000273 log_ratio=-0.0152 accept=0.9849 swapped=True
i=8 pair=(6,7) lam_t=1.00995 lam_s=1.01000 tsr_diff=0.000029 integral_mean=0.000005 integral_std=0.000074 log_ratio=0.0000 accept=1.0000 swapped=True
i=8 pair=(1,0) lam_t=0.99000 lam_s=1.00254 tsr_diff=0.006833 integral_mean=0.000131 integral_std=0.013534 log_ratio=0.0000 accept=1.0000 swapped=True
i=8 pair=(3,2) lam_t=1.00722 lam_s=1.00896 tsr_diff=0.000937 integral_mean=0.000004 integral_std=0.002064 log_ratio=0.0000 accept=1.0000 swapped=True
i=8 pair=(5,4) lam_t=1.00961 lam_s=1.00986 tsr_diff=0.000130 integral_mean=0.000007 integral_std=0.000270 log_ratio=0.0000 accept=1.0000 swapped=True
i=8 pair=(7,6) lam_t=1.00995 lam_s=1.01000 tsr_diff=0.000029 integral_mean=-0.000004 integral_std=0.000072 log_ratio=-0.0104 accept=0.9896 swapped=True
i=9 pair=(1,2) lam_t=1.00254 lam_s=1.00722 tsr_diff=0.002993 integral_mean=0.000000 integral_std=0.007356 log_ratio=0.0000 accept=1.0000 swapped=True
i=9 pair=(3,4) lam_t=1.00896 lam_s=1.00961 tsr_diff=0.000414 integral_mean=0.000012 integral_std=0.000971 log_ratio=0.0000 accept=1.0000 swapped=True
i=9 pair=(5,6) lam_t=1.00986 lam_s=1.00995 tsr_diff=0.000057 integral_mean=-0.000006 integral_std=0.000137 log_ratio=-0.0148 accept=0.9853 swapped=True
i=9 pair=(2,1) lam_t=1.00254 lam_s=1.00722 tsr_diff=0.002993 integral_mean=0.000152 integral_std=0.007045 log_ratio=0.0000 accept=1.0000 swapped=True
i=9 pair=(4,3) lam_t=1.00896 lam_s=1.00961 tsr_diff=0.000414 integral_mean=-0.000023 integral_std=0.000990 log_ratio=-0.0554 accept=0.9461 swapped=True
i=9 pair=(6,5) lam_t=1.00986 lam_s=1.00995 tsr_diff=0.000057 integral_mean=0.000004 integral_std=0.000135 log_ratio=0.0000 accept=1.0000 swapped=True
i=10 pair=(0,1) lam_t=0.99000 lam_s=1.00254 tsr_diff=0.009326 integral_mean=0.000737 integral_std=0.018894 log_ratio=0.0000 accept=1.0000 swapped=True
i=10 pair=(2,3) lam_t=1.00722 lam_s=1.00896 tsr_diff=0.001273 integral_mean=-0.000062 integral_std=0.003257 log_ratio=-0.1488 accept=0.8617 swapped=True
i=10 pair=(4,5) lam_t=1.00961 lam_s=1.00986 tsr_diff=0.000177 integral_mean=0.000002 integral_std=0.000406 log_ratio=0.0000 accept=1.0000 swapped=True
i=10 pair=(6,7) lam_t=1.00995 lam_s=1.01000 tsr_diff=0.000039 integral_mean=0.000005 integral_std=0.000121 log_ratio=0.0000 accept=1.0000 swapped=True
i=10 pair=(1,0) lam_t=0.99000 lam_s=1.00254 tsr_diff=0.009326 integral_mean=-0.000312 integral_std=0.018869 log_ratio=-0.7494 accept=0.4727 swapped=False
i=10 pair=(3,2) lam_t=1.00722 lam_s=1.00896 tsr_diff=0.001273 integral_mean=0.000004 integral_std=0.003026 log_ratio=0.0000 accept=1.0000 swapped=True
i=10 pair=(5,4) lam_t=1.00961 lam_s=1.00986 tsr_diff=0.000177 integral_mean=0.000002 integral_std=0.000409 log_ratio=0.0000 accept=1.0000 swapped=True
i=10 pair=(7,6) lam_t=1.00995 lam_s=1.01000 tsr_diff=0.000039 integral_mean=-0.000002 integral_std=0.000122 log_ratio=-0.0060 accept=0.9941 swapped=True
i=11 pair=(0,2) lam_t=1.00254 lam_s=1.00722 tsr_diff=0.003825 integral_mean=-0.000357 integral_std=0.011850 log_ratio=-0.8560 accept=0.4249 swapped=False
i=11 pair=(3,4) lam_t=1.00896 lam_s=1.00961 tsr_diff=0.000528 integral_mean=-0.000001 integral_std=0.001576 log_ratio=-0.0033 accept=0.9967 swapped=True
i=11 pair=(5,6) lam_t=1.00986 lam_s=1.00995 tsr_diff=0.000073 integral_mean=-0.000005 integral_std=0.000227 log_ratio=-0.0122 accept=0.9879 swapped=True
i=11 pair=(0,2) lam_t=1.00254 lam_s=1.00722 tsr_diff=0.003825 integral_mean=-0.000615 integral_std=0.011291 log_ratio=-1.4752 accept=0.2287 swapped=False
i=11 pair=(4,3) lam_t=1.00896 lam_s=1.00961 tsr_diff=0.000528 integral_mean=-0.000005 integral_std=0.001498 log_ratio=-0.0114 accept=0.9887 swapped=True
i=11 pair=(6,5) lam_t=1.00986 lam_s=1.00995 tsr_diff=0.000073 integral_mean=0.000006 integral_std=0.000195 log_ratio=0.0000 accept=1.0000 swapped=True
i=12 pair=(1,0) lam_t=0.99000 lam_s=1.00254 tsr_diff=0.011313 integral_mean=-0.000656 integral_std=0.024194 log_ratio=-1.5756 accept=0.2069 swapped=False
i=12 pair=(2,3) lam_t=1.00722 lam_s=1.00896 tsr_diff=0.001539 integral_mean=-0.000216 integral_std=0.006773 log_ratio=-0.5172 accept=0.5962 swapped=True
i=12 pair=(4,5) lam_t=1.00961 lam_s=1.00986 tsr_diff=0.000213 integral_mean=-0.000029 integral_std=0.000510 log_ratio=-0.0700 accept=0.9323 swapped=True
i=12 pair=(6,7) lam_t=1.00995 lam_s=1.01000 tsr_diff=0.000047 integral_mean=-0.000018 integral_std=0.000271 log_ratio=-0.0430 accept=0.9579 swapped=True
i=12 pair=(1,0) lam_t=0.99000 lam_s=1.00254 tsr_diff=0.011313 integral_mean=0.000063 integral_std=0.022387 log_ratio=0.0000 accept=1.0000 swapped=True
i=12 pair=(3,2) lam_t=1.00722 lam_s=1.00896 tsr_diff=0.001539 integral_mean=-0.000149 integral_std=0.005438 log_ratio=-0.3572 accept=0.6996 swapped=True
i=12 pair=(5,4) lam_t=1.00961 lam_s=1.00986 tsr_diff=0.000213 integral_mean=0.000027 integral_std=0.000470 log_ratio=0.0000 accept=1.0000 swapped=True
i=12 pair=(7,6) lam_t=1.00995 lam_s=1.01000 tsr_diff=0.000047 integral_mean=0.000009 integral_std=0.000230 log_ratio=0.0000 accept=1.0000 swapped=True
i=13 pair=(1,2) lam_t=1.00254 lam_s=1.00722 tsr_diff=0.004402 integral_mean=-0.001313 integral_std=0.020116 log_ratio=-3.1522 accept=0.0428 swapped=False
i=13 pair=(3,4) lam_t=1.00896 lam_s=1.00961 tsr_diff=0.000607 integral_mean=0.000308 integral_std=0.003861 log_ratio=0.0000 accept=1.0000 swapped=True
i=13 pair=(5,6) lam_t=1.00986 lam_s=1.00995 tsr_diff=0.000084 integral_mean=-0.000036 integral_std=0.000502 log_ratio=-0.0854 accept=0.9181 swapped=True
i=13 pair=(1,2) lam_t=1.00254 lam_s=1.00722 tsr_diff=0.004402 integral_mean=-0.001036 integral_std=0.020605 log_ratio=-2.4861 accept=0.0832 swapped=True
i=13 pair=(4,3) lam_t=1.00896 lam_s=1.00961 tsr_diff=0.000607 integral_mean=-0.000283 integral_std=0.003189 log_ratio=-0.6803 accept=0.5065 swapped=True
i=13 pair=(6,5) lam_t=1.00986 lam_s=1.00995 tsr_diff=0.000084 integral_mean=0.000028 integral_std=0.000538 log_ratio=0.0000 accept=1.0000 swapped=True
i=14 pair=(0,2) lam_t=0.99000 lam_s=1.00254 tsr_diff=0.012453 integral_mean=-0.004207 integral_std=0.104255 log_ratio=-10.0971 accept=0.0000 swapped=False
i=14 pair=(1,3) lam_t=1.00722 lam_s=1.00896 tsr_diff=0.001690 integral_mean=-0.002440 integral_std=0.022008 log_ratio=-5.8569 accept=0.0029 swapped=False
i=14 pair=(4,5) lam_t=1.00961 lam_s=1.00986 tsr_diff=0.000234 integral_mean=-0.000035 integral_std=0.000686 log_ratio=-0.0828 accept=0.9205 swapped=True
i=14 pair=(6,7) lam_t=1.00995 lam_s=1.01000 tsr_diff=0.000052 integral_mean=-0.000053 integral_std=0.001404 log_ratio=-0.1263 accept=0.8814 swapped=True
i=14 pair=(0,2) lam_t=0.99000 lam_s=1.00254 tsr_diff=0.012453 integral_mean=-0.003227 integral_std=0.102132 log_ratio=-7.7437 accept=0.0004 swapped=False
i=14 pair=(1,3) lam_t=1.00722 lam_s=1.00896 tsr_diff=0.001690 integral_mean=-0.002808 integral_std=0.026517 log_ratio=-6.7387 accept=0.0012 swapped=False
i=14 pair=(5,4) lam_t=1.00961 lam_s=1.00986 tsr_diff=0.000234 integral_mean=0.000036 integral_std=0.000592 log_ratio=0.0000 accept=1.0000 swapped=True
i=14 pair=(7,6) lam_t=1.00995 lam_s=1.01000 tsr_diff=0.000052 integral_mean=0.000076 integral_std=0.001044 log_ratio=0.0000 accept=1.0000 swapped=True
Best Sample: 4 log probability -0.827
Saved 1 samples to: logs/pointmaze-giant-navigate-v0/inference/plans/release_H400_T256_LimitsNormalizer_b1_condFalse/2026-07-17 13:08:33/29/0.png
Saved 1 samples to: logs/pointmaze-giant-navigate-v0/inference/plans/release_H400_T256_LimitsNormalizer_b1_condFalse/2026-07-17 13:08:33/29/rollout.png
i=0 pair=(0,1) lam_t=0.99000 lam_s=1.00254 tsr_diff=0.000000 integral_mean=0.000000 integral_std=0.000000 log_ratio=0.0000 accept=1.0000 swapped=True
i=0 pair=(2,3) lam_t=1.00722 lam_s=1.00896 tsr_diff=0.000000 integral_mean=0.000000 integral_std=0.000000 log_ratio=0.0000 accept=1.0000 swapped=True
i=0 pair=(4,5) lam_t=1.00961 lam_s=1.00986 tsr_diff=0.000000 integral_mean=0.000000 integral_std=0.000000 log_ratio=0.0000 accept=1.0000 swapped=True
i=0 pair=(6,7) lam_t=1.00995 lam_s=1.01000 tsr_diff=0.000000 integral_mean=0.000000 integral_std=0.000000 log_ratio=0.0000 accept=1.0000 swapped=True
i=0 pair=(1,0) lam_t=0.99000 lam_s=1.00254 tsr_diff=0.000000 integral_mean=0.000000 integral_std=0.000000 log_ratio=0.0000 accept=1.0000 swapped=True
i=0 pair=(3,2) lam_t=1.00722 lam_s=1.00896 tsr_diff=0.000000 integral_mean=0.000000 integral_std=0.000000 log_ratio=0.0000 accept=1.0000 swapped=True
i=0 pair=(5,4) lam_t=1.00961 lam_s=1.00986 tsr_diff=0.000000 integral_mean=0.000000 integral_std=0.000000 log_ratio=0.0000 accept=1.0000 swapped=True
i=0 pair=(7,6) lam_t=1.00995 lam_s=1.01000 tsr_diff=0.000000 integral_mean=0.000000 integral_std=0.000000 log_ratio=0.0000 accept=1.0000 swapped=True
i=1 pair=(1,2) lam_t=1.00254 lam_s=1.00722 tsr_diff=0.000050 integral_mean=-0.000002 integral_std=0.000097 log_ratio=-0.0040 accept=0.9960 swapped=True
i=1 pair=(3,4) lam_t=1.00896 lam_s=1.00961 tsr_diff=0.000007 integral_mean=-0.000000 integral_std=0.000014 log_ratio=-0.0010 accept=0.9990 swapped=True
i=1 pair=(5,6) lam_t=1.00986 lam_s=1.00995 tsr_diff=0.000001 integral_mean=0.000000 integral_std=0.000002 log_ratio=0.0000 accept=1.0000 swapped=True
i=1 pair=(2,1) lam_t=1.00254 lam_s=1.00722 tsr_diff=0.000050 integral_mean=-0.000006 integral_std=0.000103 log_ratio=-0.0143 accept=0.9858 swapped=True
i=1 pair=(4,3) lam_t=1.00896 lam_s=1.00961 tsr_diff=0.000007 integral_mean=-0.000000 integral_std=0.000014 log_ratio=-0.0009 accept=0.9991 swapped=True
i=1 pair=(6,5) lam_t=1.00986 lam_s=1.00995 tsr_diff=0.000001 integral_mean=0.000000 integral_std=0.000002 log_ratio=0.0000 accept=1.0000 swapped=True
i=2 pair=(0,1) lam_t=0.99000 lam_s=1.00254 tsr_diff=0.000530 integral_mean=-0.000019 integral_std=0.001061 log_ratio=-0.0458 accept=0.9553 swapped=True
i=2 pair=(2,3) lam_t=1.00722 lam_s=1.00896 tsr_diff=0.000074 integral_mean=-0.000011 integral_std=0.000163 log_ratio=-0.0275 accept=0.9729 swapped=True
i=2 pair=(4,5) lam_t=1.00961 lam_s=1.00986 tsr_diff=0.000010 integral_mean=-0.000000 integral_std=0.000021 log_ratio=-0.0003 accept=0.9997 swapped=True
i=2 pair=(6,7) lam_t=1.00995 lam_s=1.01000 tsr_diff=0.000002 integral_mean=0.000000 integral_std=0.000005 log_ratio=0.0000 accept=1.0000 swapped=True
i=2 pair=(1,0) lam_t=0.99000 lam_s=1.00254 tsr_diff=0.000530 integral_mean=-0.000016 integral_std=0.001145 log_ratio=-0.0386 accept=0.9622 swapped=True
i=2 pair=(3,2) lam_t=1.00722 lam_s=1.00896 tsr_diff=0.000074 integral_mean=0.000006 integral_std=0.000153 log_ratio=0.0000 accept=1.0000 swapped=True
i=2 pair=(5,4) lam_t=1.00961 lam_s=1.00986 tsr_diff=0.000010 integral_mean=-0.000001 integral_std=0.000022 log_ratio=-0.0025 accept=0.9975 swapped=True
i=2 pair=(7,6) lam_t=1.00995 lam_s=1.01000 tsr_diff=0.000002 integral_mean=0.000000 integral_std=0.000005 log_ratio=0.0000 accept=1.0000 swapped=True
i=3 pair=(1,2) lam_t=1.00254 lam_s=1.00722 tsr_diff=0.000436 integral_mean=-0.000007 integral_std=0.000889 log_ratio=-0.0164 accept=0.9837 swapped=True
i=3 pair=(3,4) lam_t=1.00896 lam_s=1.00961 tsr_diff=0.000060 integral_mean=-0.000009 integral_std=0.000146 log_ratio=-0.0205 accept=0.9797 swapped=True
i=3 pair=(5,6) lam_t=1.00986 lam_s=1.00995 tsr_diff=0.000008 integral_mean=0.000000 integral_std=0.000017 log_ratio=0.0000 accept=1.0000 swapped=True
i=3 pair=(2,1) lam_t=1.00254 lam_s=1.00722 tsr_diff=0.000436 integral_mean=-0.000023 integral_std=0.000923 log_ratio=-0.0551 accept=0.9464 swapped=True
i=3 pair=(4,3) lam_t=1.00896 lam_s=1.00961 tsr_diff=0.000060 integral_mean=0.000005 integral_std=0.000129 log_ratio=0.0000 accept=1.0000 swapped=True
i=3 pair=(6,5) lam_t=1.00986 lam_s=1.00995 tsr_diff=0.000008 integral_mean=-0.000000 integral_std=0.000017 log_ratio=-0.0005 accept=0.9995 swapped=True
i=4 pair=(0,1) lam_t=0.99000 lam_s=1.00254 tsr_diff=0.002032 integral_mean=-0.000248 integral_std=0.004535 log_ratio=-0.5944 accept=0.5519 swapped=False
i=4 pair=(2,3) lam_t=1.00722 lam_s=1.00896 tsr_diff=0.000281 integral_mean=-0.000022 integral_std=0.000593 log_ratio=-0.0539 accept=0.9475 swapped=True
i=4 pair=(4,5) lam_t=1.00961 lam_s=1.00986 tsr_diff=0.000039 integral_mean=0.000002 integral_std=0.000081 log_ratio=0.0000 accept=1.0000 swapped=True
i=4 pair=(6,7) lam_t=1.00995 lam_s=1.01000 tsr_diff=0.000009 integral_mean=0.000000 integral_std=0.000017 log_ratio=0.0000 accept=1.0000 swapped=True
i=4 pair=(0,1) lam_t=0.99000 lam_s=1.00254 tsr_diff=0.002032 integral_mean=-0.000189 integral_std=0.004137 log_ratio=-0.4547 accept=0.6346 swapped=False
i=4 pair=(3,2) lam_t=1.00722 lam_s=1.00896 tsr_diff=0.000281 integral_mean=0.000017 integral_std=0.000592 log_ratio=0.0000 accept=1.0000 swapped=True
i=4 pair=(5,4) lam_t=1.00961 lam_s=1.00986 tsr_diff=0.000039 integral_mean=0.000001 integral_std=0.000079 log_ratio=0.0000 accept=1.0000 swapped=True
i=4 pair=(7,6) lam_t=1.00995 lam_s=1.01000 tsr_diff=0.000009 integral_mean=-0.000000 integral_std=0.000017 log_ratio=-0.0011 accept=0.9989 swapped=True
i=5 pair=(1,2) lam_t=1.00254 lam_s=1.00722 tsr_diff=0.001142 integral_mean=0.000094 integral_std=0.002423 log_ratio=0.0000 accept=1.0000 swapped=True
i=5 pair=(3,4) lam_t=1.00896 lam_s=1.00961 tsr_diff=0.000158 integral_mean=0.000008 integral_std=0.000339 log_ratio=0.0000 accept=1.0000 swapped=True
i=5 pair=(5,6) lam_t=1.00986 lam_s=1.00995 tsr_diff=0.000022 integral_mean=-0.000000 integral_std=0.000045 log_ratio=-0.0009 accept=0.9991 swapped=True
i=5 pair=(2,1) lam_t=1.00254 lam_s=1.00722 tsr_diff=0.001142 integral_mean=-0.000099 integral_std=0.002378 log_ratio=-0.2368 accept=0.7891 swapped=True
i=5 pair=(4,3) lam_t=1.00896 lam_s=1.00961 tsr_diff=0.000158 integral_mean=0.000020 integral_std=0.000347 log_ratio=0.0000 accept=1.0000 swapped=True
i=5 pair=(6,5) lam_t=1.00986 lam_s=1.00995 tsr_diff=0.000022 integral_mean=-0.000001 integral_std=0.000045 log_ratio=-0.0016 accept=0.9984 swapped=True
i=6 pair=(0,1) lam_t=0.99000 lam_s=1.00254 tsr_diff=0.004257 integral_mean=0.000040 integral_std=0.009078 log_ratio=0.0000 accept=1.0000 swapped=True
i=6 pair=(2,3) lam_t=1.00722 lam_s=1.00896 tsr_diff=0.000587 integral_mean=0.000000 integral_std=0.001189 log_ratio=0.0000 accept=1.0000 swapped=True
i=6 pair=(4,5) lam_t=1.00961 lam_s=1.00986 tsr_diff=0.000081 integral_mean=0.000007 integral_std=0.000177 log_ratio=0.0000 accept=1.0000 swapped=True
i=6 pair=(6,7) lam_t=1.00995 lam_s=1.01000 tsr_diff=0.000018 integral_mean=-0.000001 integral_std=0.000038 log_ratio=-0.0014 accept=0.9986 swapped=True
i=6 pair=(1,0) lam_t=0.99000 lam_s=1.00254 tsr_diff=0.004257 integral_mean=0.000156 integral_std=0.008918 log_ratio=0.0000 accept=1.0000 swapped=True
i=6 pair=(3,2) lam_t=1.00722 lam_s=1.00896 tsr_diff=0.000587 integral_mean=0.000005 integral_std=0.001285 log_ratio=0.0000 accept=1.0000 swapped=True
i=6 pair=(5,4) lam_t=1.00961 lam_s=1.00986 tsr_diff=0.000081 integral_mean=0.000001 integral_std=0.000174 log_ratio=0.0000 accept=1.0000 swapped=True
i=6 pair=(7,6) lam_t=1.00995 lam_s=1.01000 tsr_diff=0.000018 integral_mean=0.000001 integral_std=0.000037 log_ratio=0.0000 accept=1.0000 swapped=True
i=7 pair=(1,2) lam_t=1.00254 lam_s=1.00722 tsr_diff=0.002045 integral_mean=0.000094 integral_std=0.004504 log_ratio=0.0000 accept=1.0000 swapped=True
i=7 pair=(3,4) lam_t=1.00896 lam_s=1.00961 tsr_diff=0.000283 integral_mean=-0.000011 integral_std=0.000659 log_ratio=-0.0270 accept=0.9734 swapped=True
i=7 pair=(5,6) lam_t=1.00986 lam_s=1.00995 tsr_diff=0.000039 integral_mean=0.000007 integral_std=0.000083 log_ratio=0.0000 accept=1.0000 swapped=True
i=7 pair=(2,1) lam_t=1.00254 lam_s=1.00722 tsr_diff=0.002045 integral_mean=-0.000082 integral_std=0.004416 log_ratio=-0.1972 accept=0.8210 swapped=True
i=7 pair=(4,3) lam_t=1.00896 lam_s=1.00961 tsr_diff=0.000283 integral_mean=0.000006 integral_std=0.000665 log_ratio=0.0000 accept=1.0000 swapped=True
i=7 pair=(6,5) lam_t=1.00986 lam_s=1.00995 tsr_diff=0.000039 integral_mean=-0.000004 integral_std=0.000084 log_ratio=-0.0102 accept=0.9898 swapped=True
i=8 pair=(0,1) lam_t=0.99000 lam_s=1.00254 tsr_diff=0.006833 integral_mean=-0.000601 integral_std=0.015848 log_ratio=-1.4428 accept=0.2363 swapped=True
i=8 pair=(2,3) lam_t=1.00722 lam_s=1.00896 tsr_diff=0.000937 integral_mean=-0.000055 integral_std=0.002064 log_ratio=-0.1329 accept=0.8756 swapped=True
i=8 pair=(4,5) lam_t=1.00961 lam_s=1.00986 tsr_diff=0.000130 integral_mean=0.000000 integral_std=0.000290 log_ratio=0.0000 accept=1.0000 swapped=True
i=8 pair=(6,7) lam_t=1.00995 lam_s=1.01000 tsr_diff=0.000029 integral_mean=0.000001 integral_std=0.000061 log_ratio=0.0000 accept=1.0000 swapped=True
i=8 pair=(1,0) lam_t=0.99000 lam_s=1.00254 tsr_diff=0.006833 integral_mean=0.000978 integral_std=0.016138 log_ratio=0.0000 accept=1.0000 swapped=True
i=8 pair=(3,2) lam_t=1.00722 lam_s=1.00896 tsr_diff=0.000937 integral_mean=0.000017 integral_std=0.002132 log_ratio=0.0000 accept=1.0000 swapped=True
i=8 pair=(5,4) lam_t=1.00961 lam_s=1.00986 tsr_diff=0.000130 integral_mean=0.000012 integral_std=0.000339 log_ratio=0.0000 accept=1.0000 swapped=True
i=8 pair=(7,6) lam_t=1.00995 lam_s=1.01000 tsr_diff=0.000029 integral_mean=-0.000001 integral_std=0.000057 log_ratio=-0.0018 accept=0.9982 swapped=True
i=9 pair=(1,2) lam_t=1.00254 lam_s=1.00722 tsr_diff=0.002993 integral_mean=0.000241 integral_std=0.007804 log_ratio=0.0000 accept=1.0000 swapped=True
i=9 pair=(3,4) lam_t=1.00896 lam_s=1.00961 tsr_diff=0.000414 integral_mean=-0.000024 integral_std=0.001110 log_ratio=-0.0585 accept=0.9432 swapped=True
i=9 pair=(5,6) lam_t=1.00986 lam_s=1.00995 tsr_diff=0.000057 integral_mean=0.000013 integral_std=0.000132 log_ratio=0.0000 accept=1.0000 swapped=True
i=9 pair=(2,1) lam_t=1.00254 lam_s=1.00722 tsr_diff=0.002993 integral_mean=-0.000205 integral_std=0.008105 log_ratio=-0.4914 accept=0.6118 swapped=True
i=9 pair=(4,3) lam_t=1.00896 lam_s=1.00961 tsr_diff=0.000414 integral_mean=0.000026 integral_std=0.001085 log_ratio=0.0000 accept=1.0000 swapped=True
i=9 pair=(6,5) lam_t=1.00986 lam_s=1.00995 tsr_diff=0.000057 integral_mean=-0.000006 integral_std=0.000127 log_ratio=-0.0139 accept=0.9862 swapped=True
i=10 pair=(0,1) lam_t=0.99000 lam_s=1.00254 tsr_diff=0.009326 integral_mean=-0.002236 integral_std=0.028960 log_ratio=-5.3661 accept=0.0047 swapped=False
i=10 pair=(2,3) lam_t=1.00722 lam_s=1.00896 tsr_diff=0.001273 integral_mean=0.000025 integral_std=0.003447 log_ratio=0.0000 accept=1.0000 swapped=True
i=10 pair=(4,5) lam_t=1.00961 lam_s=1.00986 tsr_diff=0.000177 integral_mean=-0.000003 integral_std=0.000464 log_ratio=-0.0078 accept=0.9923 swapped=True
i=10 pair=(6,7) lam_t=1.00995 lam_s=1.01000 tsr_diff=0.000039 integral_mean=0.000002 integral_std=0.000100 log_ratio=0.0000 accept=1.0000 swapped=True
i=10 pair=(0,1) lam_t=0.99000 lam_s=1.00254 tsr_diff=0.009326 integral_mean=-0.001448 integral_std=0.026216 log_ratio=-3.4742 accept=0.0310 swapped=False
i=10 pair=(3,2) lam_t=1.00722 lam_s=1.00896 tsr_diff=0.001273 integral_mean=0.000061 integral_std=0.003512 log_ratio=0.0000 accept=1.0000 swapped=True
i=10 pair=(5,4) lam_t=1.00961 lam_s=1.00986 tsr_diff=0.000177 integral_mean=0.000004 integral_std=0.000466 log_ratio=0.0000 accept=1.0000 swapped=True
i=10 pair=(7,6) lam_t=1.00995 lam_s=1.01000 tsr_diff=0.000039 integral_mean=0.000001 integral_std=0.000093 log_ratio=0.0000 accept=1.0000 swapped=True
i=11 pair=(1,2) lam_t=1.00254 lam_s=1.00722 tsr_diff=0.003825 integral_mean=0.000795 integral_std=0.012919 log_ratio=0.0000 accept=1.0000 swapped=True
i=11 pair=(3,4) lam_t=1.00896 lam_s=1.00961 tsr_diff=0.000528 integral_mean=-0.000033 integral_std=0.001990 log_ratio=-0.0800 accept=0.9231 swapped=True
i=11 pair=(5,6) lam_t=1.00986 lam_s=1.00995 tsr_diff=0.000073 integral_mean=0.000003 integral_std=0.000205 log_ratio=0.0000 accept=1.0000 swapped=True
i=11 pair=(2,1) lam_t=1.00254 lam_s=1.00722 tsr_diff=0.003825 integral_mean=-0.000671 integral_std=0.012418 log_ratio=-1.6109 accept=0.1997 swapped=False
i=11 pair=(4,3) lam_t=1.00896 lam_s=1.00961 tsr_diff=0.000528 integral_mean=0.000007 integral_std=0.001823 log_ratio=0.0000 accept=1.0000 swapped=True
i=11 pair=(6,5) lam_t=1.00986 lam_s=1.00995 tsr_diff=0.000073 integral_mean=-0.000004 integral_std=0.000172 log_ratio=-0.0090 accept=0.9910 swapped=True
i=12 pair=(0,2) lam_t=0.99000 lam_s=1.00254 tsr_diff=0.011313 integral_mean=-0.000057 integral_std=0.024868 log_ratio=-0.1367 accept=0.8723 swapped=True
i=12 pair=(1,3) lam_t=1.00722 lam_s=1.00896 tsr_diff=0.001539 integral_mean=0.000414 integral_std=0.006790 log_ratio=0.0000 accept=1.0000 swapped=True
i=12 pair=(4,5) lam_t=1.00961 lam_s=1.00986 tsr_diff=0.000213 integral_mean=0.000014 integral_std=0.000970 log_ratio=0.0000 accept=1.0000 swapped=True
i=12 pair=(6,7) lam_t=1.00995 lam_s=1.01000 tsr_diff=0.000047 integral_mean=0.000004 integral_std=0.000151 log_ratio=0.0000 accept=1.0000 swapped=True
i=12 pair=(2,0) lam_t=0.99000 lam_s=1.00254 tsr_diff=0.011313 integral_mean=-0.000321 integral_std=0.024456 log_ratio=-0.7704 accept=0.4628 swapped=False
i=12 pair=(3,1) lam_t=1.00722 lam_s=1.00896 tsr_diff=0.001539 integral_mean=-0.000306 integral_std=0.006363 log_ratio=-0.7352 accept=0.4794 swapped=True
i=12 pair=(5,4) lam_t=1.00961 lam_s=1.00986 tsr_diff=0.000213 integral_mean=-0.000014 integral_std=0.000754 log_ratio=-0.0334 accept=0.9671 swapped=True
i=12 pair=(7,6) lam_t=1.00995 lam_s=1.01000 tsr_diff=0.000047 integral_mean=-0.000004 integral_std=0.000137 log_ratio=-0.0086 accept=0.9915 swapped=True
i=13 pair=(0,1) lam_t=1.00254 lam_s=1.00722 tsr_diff=0.004402 integral_mean=-0.002093 integral_std=0.027880 log_ratio=-5.0227 accept=0.0066 swapped=False
i=13 pair=(3,4) lam_t=1.00896 lam_s=1.00961 tsr_diff=0.000607 integral_mean=-0.000694 integral_std=0.006094 log_ratio=-1.6652 accept=0.1891 swapped=False
i=13 pair=(5,6) lam_t=1.00986 lam_s=1.00995 tsr_diff=0.000084 integral_mean=0.000054 integral_std=0.000588 log_ratio=0.0000 accept=1.0000 swapped=True
i=13 pair=(0,1) lam_t=1.00254 lam_s=1.00722 tsr_diff=0.004402 integral_mean=-0.001424 integral_std=0.024639 log_ratio=-3.4168 accept=0.0328 swapped=False
i=13 pair=(3,4) lam_t=1.00896 lam_s=1.00961 tsr_diff=0.000607 integral_mean=-0.000805 integral_std=0.007480 log_ratio=-1.9312 accept=0.1450 swapped=False
i=13 pair=(6,5) lam_t=1.00986 lam_s=1.00995 tsr_diff=0.000084 integral_mean=-0.000023 integral_std=0.000357 log_ratio=-0.0542 accept=0.9472 swapped=True
i=14 pair=(2,0) lam_t=0.99000 lam_s=1.00254 tsr_diff=0.012453 integral_mean=-0.000735 integral_std=0.029943 log_ratio=-1.7650 accept=0.1712 swapped=False
i=14 pair=(1,3) lam_t=1.00722 lam_s=1.00896 tsr_diff=0.001690 integral_mean=0.000830 integral_std=0.023640 log_ratio=0.0000 accept=1.0000 swapped=True
i=14 pair=(4,5) lam_t=1.00961 lam_s=1.00986 tsr_diff=0.000234 integral_mean=0.000484 integral_std=0.004864 log_ratio=0.0000 accept=1.0000 swapped=True
i=14 pair=(6,7) lam_t=1.00995 lam_s=1.01000 tsr_diff=0.000052 integral_mean=-0.000016 integral_std=0.000410 log_ratio=-0.0393 accept=0.9614 swapped=True
i=14 pair=(2,0) lam_t=0.99000 lam_s=1.00254 tsr_diff=0.012453 integral_mean=-0.000247 integral_std=0.028163 log_ratio=-0.5921 accept=0.5532 swapped=False
i=14 pair=(3,1) lam_t=1.00722 lam_s=1.00896 tsr_diff=0.001690 integral_mean=0.000175 integral_std=0.018105 log_ratio=0.0000 accept=1.0000 swapped=True
i=14 pair=(5,4) lam_t=1.00961 lam_s=1.00986 tsr_diff=0.000234 integral_mean=-0.000297 integral_std=0.004484 log_ratio=-0.7121 accept=0.4906 swapped=False
i=14 pair=(7,6) lam_t=1.00995 lam_s=1.01000 tsr_diff=0.000052 integral_mean=0.000014 integral_std=0.000328 log_ratio=0.0000 accept=1.0000 swapped=True
Best Sample: 2 log probability -0.352
Saved 1 samples to: logs/pointmaze-giant-navigate-v0/inference/plans/release_H400_T256_LimitsNormalizer_b1_condFalse/2026-07-17 13:08:33/30/0.png
Saved 1 samples to: logs/pointmaze-giant-navigate-v0/inference/plans/release_H400_T256_LimitsNormalizer_b1_condFalse/2026-07-17 13:08:33/30/rollout.png
i=0 pair=(0,1) lam_t=0.99000 lam_s=1.00254 tsr_diff=0.000000 integral_mean=0.000000 integral_std=0.000000 log_ratio=0.0000 accept=1.0000 swapped=True
i=0 pair=(2,3) lam_t=1.00722 lam_s=1.00896 tsr_diff=0.000000 integral_mean=0.000000 integral_std=0.000000 log_ratio=0.0000 accept=1.0000 swapped=True
i=0 pair=(4,5) lam_t=1.00961 lam_s=1.00986 tsr_diff=0.000000 integral_mean=0.000000 integral_std=0.000000 log_ratio=0.0000 accept=1.0000 swapped=True
i=0 pair=(6,7) lam_t=1.00995 lam_s=1.01000 tsr_diff=0.000000 integral_mean=0.000000 integral_std=0.000000 log_ratio=0.0000 accept=1.0000 swapped=True
i=0 pair=(1,0) lam_t=0.99000 lam_s=1.00254 tsr_diff=0.000000 integral_mean=0.000000 integral_std=0.000000 log_ratio=0.0000 accept=1.0000 swapped=True
i=0 pair=(3,2) lam_t=1.00722 lam_s=1.00896 tsr_diff=0.000000 integral_mean=0.000000 integral_std=0.000000 log_ratio=0.0000 accept=1.0000 swapped=True
i=0 pair=(5,4) lam_t=1.00961 lam_s=1.00986 tsr_diff=0.000000 integral_mean=0.000000 integral_std=0.000000 log_ratio=0.0000 accept=1.0000 swapped=True
i=0 pair=(7,6) lam_t=1.00995 lam_s=1.01000 tsr_diff=0.000000 integral_mean=0.000000 integral_std=0.000000 log_ratio=0.0000 accept=1.0000 swapped=True
i=1 pair=(1,2) lam_t=1.00254 lam_s=1.00722 tsr_diff=0.000050 integral_mean=0.000002 integral_std=0.000096 log_ratio=0.0000 accept=1.0000 swapped=True
i=1 pair=(3,4) lam_t=1.00896 lam_s=1.00961 tsr_diff=0.000007 integral_mean=0.000001 integral_std=0.000014 log_ratio=0.0000 accept=1.0000 swapped=True
i=1 pair=(5,6) lam_t=1.00986 lam_s=1.00995 tsr_diff=0.000001 integral_mean=0.000000 integral_std=0.000002 log_ratio=0.0000 accept=1.0000 swapped=True
i=1 pair=(2,1) lam_t=1.00254 lam_s=1.00722 tsr_diff=0.000050 integral_mean=-0.000004 integral_std=0.000099 log_ratio=-0.0101 accept=0.9900 swapped=True
i=1 pair=(4,3) lam_t=1.00896 lam_s=1.00961 tsr_diff=0.000007 integral_mean=-0.000000 integral_std=0.000014 log_ratio=-0.0009 accept=0.9991 swapped=True
i=1 pair=(6,5) lam_t=1.00986 lam_s=1.00995 tsr_diff=0.000001 integral_mean=-0.000000 integral_std=0.000002 log_ratio=-0.0001 accept=0.9999 swapped=True
i=2 pair=(0,1) lam_t=0.99000 lam_s=1.00254 tsr_diff=0.000530 integral_mean=-0.000026 integral_std=0.001117 log_ratio=-0.0614 accept=0.9405 swapped=True
i=2 pair=(2,3) lam_t=1.00722 lam_s=1.00896 tsr_diff=0.000074 integral_mean=-0.000010 integral_std=0.000161 log_ratio=-0.0234 accept=0.9769 swapped=True
i=2 pair=(4,5) lam_t=1.00961 lam_s=1.00986 tsr_diff=0.000010 integral_mean=-0.000001 integral_std=0.000021 log_ratio=-0.0023 accept=0.9977 swapped=True
i=2 pair=(6,7) lam_t=1.00995 lam_s=1.01000 tsr_diff=0.000002 integral_mean=0.000000 integral_std=0.000005 log_ratio=0.0000 accept=1.0000 swapped=True
i=2 pair=(1,0) lam_t=0.99000 lam_s=1.00254 tsr_diff=0.000530 integral_mean=-0.000016 integral_std=0.001022 log_ratio=-0.0379 accept=0.9628 swapped=True
i=2 pair=(3,2) lam_t=1.00722 lam_s=1.00896 tsr_diff=0.000074 integral_mean=0.000010 integral_std=0.000161 log_ratio=0.0000 accept=1.0000 swapped=True
i=2 pair=(5,4) lam_t=1.00961 lam_s=1.00986 tsr_diff=0.000010 integral_mean=0.000001 integral_std=0.000021 log_ratio=0.0000 accept=1.0000 swapped=True
i=2 pair=(7,6) lam_t=1.00995 lam_s=1.01000 tsr_diff=0.000002 integral_mean=-0.000000 integral_std=0.000005 log_ratio=-0.0001 accept=0.9999 swapped=True
i=3 pair=(1,2) lam_t=1.00254 lam_s=1.00722 tsr_diff=0.000436 integral_mean=-0.000005 integral_std=0.000932 log_ratio=-0.0123 accept=0.9878 swapped=True
i=3 pair=(3,4) lam_t=1.00896 lam_s=1.00961 tsr_diff=0.000060 integral_mean=0.000007 integral_std=0.000132 log_ratio=0.0000 accept=1.0000 swapped=True
i=3 pair=(5,6) lam_t=1.00986 lam_s=1.00995 tsr_diff=0.000008 integral_mean=0.000001 integral_std=0.000018 log_ratio=0.0000 accept=1.0000 swapped=True
i=3 pair=(2,1) lam_t=1.00254 lam_s=1.00722 tsr_diff=0.000436 integral_mean=-0.000025 integral_std=0.000935 log_ratio=-0.0608 accept=0.9410 swapped=True
i=3 pair=(4,3) lam_t=1.00896 lam_s=1.00961 tsr_diff=0.000060 integral_mean=-0.000006 integral_std=0.000128 log_ratio=-0.0155 accept=0.9846 swapped=True
i=3 pair=(6,5) lam_t=1.00986 lam_s=1.00995 tsr_diff=0.000008 integral_mean=-0.000000 integral_std=0.000018 log_ratio=-0.0005 accept=0.9995 swapped=True
i=4 pair=(0,1) lam_t=0.99000 lam_s=1.00254 tsr_diff=0.002032 integral_mean=-0.000112 integral_std=0.004254 log_ratio=-0.2697 accept=0.7636 swapped=True
i=4 pair=(2,3) lam_t=1.00722 lam_s=1.00896 tsr_diff=0.000281 integral_mean=-0.000005 integral_std=0.000594 log_ratio=-0.0127 accept=0.9874 swapped=True
i=4 pair=(4,5) lam_t=1.00961 lam_s=1.00986 tsr_diff=0.000039 integral_mean=-0.000001 integral_std=0.000084 log_ratio=-0.0015 accept=0.9985 swapped=True
i=4 pair=(6,7) lam_t=1.00995 lam_s=1.01000 tsr_diff=0.000009 integral_mean=-0.000000 integral_std=0.000018 log_ratio=-0.0003 accept=0.9997 swapped=True
i=4 pair=(1,0) lam_t=0.99000 lam_s=1.00254 tsr_diff=0.002032 integral_mean=-0.000148 integral_std=0.004472 log_ratio=-0.3544 accept=0.7016 swapped=True
i=4 pair=(3,2) lam_t=1.00722 lam_s=1.00896 tsr_diff=0.000281 integral_mean=0.000002 integral_std=0.000566 log_ratio=0.0000 accept=1.0000 swapped=True
i=4 pair=(5,4) lam_t=1.00961 lam_s=1.00986 tsr_diff=0.000039 integral_mean=0.000002 integral_std=0.000076 log_ratio=0.0000 accept=1.0000 swapped=True
i=4 pair=(7,6) lam_t=1.00995 lam_s=1.01000 tsr_diff=0.000009 integral_mean=-0.000001 integral_std=0.000018 log_ratio=-0.0017 accept=0.9983 swapped=True
i=5 pair=(1,2) lam_t=1.00254 lam_s=1.00722 tsr_diff=0.001142 integral_mean=0.000050 integral_std=0.002343 log_ratio=0.0000 accept=1.0000 swapped=True
i=5 pair=(3,4) lam_t=1.00896 lam_s=1.00961 tsr_diff=0.000158 integral_mean=0.000008 integral_std=0.000316 log_ratio=0.0000 accept=1.0000 swapped=True
i=5 pair=(5,6) lam_t=1.00986 lam_s=1.00995 tsr_diff=0.000022 integral_mean=-0.000000 integral_std=0.000046 log_ratio=-0.0008 accept=0.9992 swapped=True
i=5 pair=(2,1) lam_t=1.00254 lam_s=1.00722 tsr_diff=0.001142 integral_mean=-0.000041 integral_std=0.002287 log_ratio=-0.0982 accept=0.9065 swapped=True
i=5 pair=(4,3) lam_t=1.00896 lam_s=1.00961 tsr_diff=0.000158 integral_mean=-0.000010 integral_std=0.000341 log_ratio=-0.0247 accept=0.9756 swapped=True
i=5 pair=(6,5) lam_t=1.00986 lam_s=1.00995 tsr_diff=0.000022 integral_mean=0.000001 integral_std=0.000044 log_ratio=0.0000 accept=1.0000 swapped=True
i=6 pair=(0,1) lam_t=0.99000 lam_s=1.00254 tsr_diff=0.004257 integral_mean=0.000314 integral_std=0.009081 log_ratio=0.0000 accept=1.0000 swapped=True
i=6 pair=(2,3) lam_t=1.00722 lam_s=1.00896 tsr_diff=0.000587 integral_mean=-0.000081 integral_std=0.001194 log_ratio=-0.1942 accept=0.8235 swapped=True
i=6 pair=(4,5) lam_t=1.00961 lam_s=1.00986 tsr_diff=0.000081 integral_mean=0.000001 integral_std=0.000168 log_ratio=0.0000 accept=1.0000 swapped=True
i=6 pair=(6,7) lam_t=1.00995 lam_s=1.01000 tsr_diff=0.000018 integral_mean=0.000001 integral_std=0.000036 log_ratio=0.0000 accept=1.0000 swapped=True
i=6 pair=(1,0) lam_t=0.99000 lam_s=1.00254 tsr_diff=0.004257 integral_mean=-0.000259 integral_std=0.009481 log_ratio=-0.6218 accept=0.5370 swapped=False
i=6 pair=(3,2) lam_t=1.00722 lam_s=1.00896 tsr_diff=0.000587 integral_mean=0.000053 integral_std=0.001212 log_ratio=0.0000 accept=1.0000 swapped=True
i=6 pair=(5,4) lam_t=1.00961 lam_s=1.00986 tsr_diff=0.000081 integral_mean=-0.000003 integral_std=0.000171 log_ratio=-0.0064 accept=0.9936 swapped=True
i=6 pair=(7,6) lam_t=1.00995 lam_s=1.01000 tsr_diff=0.000018 integral_mean=0.000000 integral_std=0.000038 log_ratio=0.0000 accept=1.0000 swapped=True
i=7 pair=(0,2) lam_t=1.00254 lam_s=1.00722 tsr_diff=0.002045 integral_mean=0.000195 integral_std=0.004719 log_ratio=0.0000 accept=1.0000 swapped=True
i=7 pair=(3,4) lam_t=1.00896 lam_s=1.00961 tsr_diff=0.000283 integral_mean=0.000028 integral_std=0.000632 log_ratio=0.0000 accept=1.0000 swapped=True
i=7 pair=(5,6) lam_t=1.00986 lam_s=1.00995 tsr_diff=0.000039 integral_mean=-0.000001 integral_std=0.000076 log_ratio=-0.0021 accept=0.9979 swapped=True
i=7 pair=(2,0) lam_t=1.00254 lam_s=1.00722 tsr_diff=0.002045 integral_mean=-0.000277 integral_std=0.004432 log_ratio=-0.6651 accept=0.5142 swapped=True
i=7 pair=(4,3) lam_t=1.00896 lam_s=1.00961 tsr_diff=0.000283 integral_mean=-0.000070 integral_std=0.000702 log_ratio=-0.1689 accept=0.8446 swapped=True
i=7 pair=(6,5) lam_t=1.00986 lam_s=1.00995 tsr_diff=0.000039 integral_mean=0.000001 integral_std=0.000075 log_ratio=0.0000 accept=1.0000 swapped=True
i=8 pair=(1,0) lam_t=0.99000 lam_s=1.00254 tsr_diff=0.006833 integral_mean=-0.001194 integral_std=0.015878 log_ratio=-2.8661 accept=0.0569 swapped=False
i=8 pair=(2,3) lam_t=1.00722 lam_s=1.00896 tsr_diff=0.000937 integral_mean=-0.000236 integral_std=0.002279 log_ratio=-0.5660 accept=0.5678 swapped=False
i=8 pair=(4,5) lam_t=1.00961 lam_s=1.00986 tsr_diff=0.000130 integral_mean=0.000002 integral_std=0.000269 log_ratio=0.0000 accept=1.0000 swapped=True
i=8 pair=(6,7) lam_t=1.00995 lam_s=1.01000 tsr_diff=0.000029 integral_mean=-0.000002 integral_std=0.000058 log_ratio=-0.0042 accept=0.9958 swapped=True
i=8 pair=(1,0) lam_t=0.99000 lam_s=1.00254 tsr_diff=0.006833 integral_mean=-0.001441 integral_std=0.015428 log_ratio=-3.4581 accept=0.0315 swapped=False
i=8 pair=(2,3) lam_t=1.00722 lam_s=1.00896 tsr_diff=0.000937 integral_mean=-0.000247 integral_std=0.002214 log_ratio=-0.5936 accept=0.5524 swapped=False
i=8 pair=(5,4) lam_t=1.00961 lam_s=1.00986 tsr_diff=0.000130 integral_mean=-0.000003 integral_std=0.000268 log_ratio=-0.0060 accept=0.9940 swapped=True
i=8 pair=(7,6) lam_t=1.00995 lam_s=1.01000 tsr_diff=0.000029 integral_mean=0.000000 integral_std=0.000056 log_ratio=0.0000 accept=1.0000 swapped=True
i=9 pair=(0,2) lam_t=1.00254 lam_s=1.00722 tsr_diff=0.002993 integral_mean=0.000695 integral_std=0.007361 log_ratio=0.0000 accept=1.0000 swapped=True
i=9 pair=(3,4) lam_t=1.00896 lam_s=1.00961 tsr_diff=0.000414 integral_mean=0.000240 integral_std=0.001383 log_ratio=0.0000 accept=1.0000 swapped=True
i=9 pair=(5,6) lam_t=1.00986 lam_s=1.00995 tsr_diff=0.000057 integral_mean=0.000000 integral_std=0.000115 log_ratio=0.0000 accept=1.0000 swapped=True
i=9 pair=(2,0) lam_t=1.00254 lam_s=1.00722 tsr_diff=0.002993 integral_mean=-0.000717 integral_std=0.008195 log_ratio=-1.7219 accept=0.1787 swapped=False
i=9 pair=(4,3) lam_t=1.00896 lam_s=1.00961 tsr_diff=0.000414 integral_mean=-0.000229 integral_std=0.001394 log_ratio=-0.5493 accept=0.5774 swapped=False
i=9 pair=(6,5) lam_t=1.00986 lam_s=1.00995 tsr_diff=0.000057 integral_mean=-0.000005 integral_std=0.000114 log_ratio=-0.0119 accept=0.9882 swapped=True
i=10 pair=(1,2) lam_t=0.99000 lam_s=1.00254 tsr_diff=0.009326 integral_mean=0.000142 integral_std=0.019170 log_ratio=0.0000 accept=1.0000 swapped=True
i=10 pair=(0,4) lam_t=1.00722 lam_s=1.00896 tsr_diff=0.001273 integral_mean=0.000420 integral_std=0.004772 log_ratio=0.0000 accept=1.0000 swapped=True
i=10 pair=(3,5) lam_t=1.00961 lam_s=1.00986 tsr_diff=0.000177 integral_mean=0.000070 integral_std=0.000557 log_ratio=0.0000 accept=1.0000 swapped=True
i=10 pair=(6,7) lam_t=1.00995 lam_s=1.01000 tsr_diff=0.000039 integral_mean=0.000003 integral_std=0.000092 log_ratio=0.0000 accept=1.0000 swapped=True
i=10 pair=(2,1) lam_t=0.99000 lam_s=1.00254 tsr_diff=0.009326 integral_mean=0.000246 integral_std=0.018469 log_ratio=0.0000 accept=1.0000 swapped=True
i=10 pair=(4,0) lam_t=1.00722 lam_s=1.00896 tsr_diff=0.001273 integral_mean=-0.000239 integral_std=0.003713 log_ratio=-0.5748 accept=0.5628 swapped=True
i=10 pair=(5,3) lam_t=1.00961 lam_s=1.00986 tsr_diff=0.000177 integral_mean=-0.000045 integral_std=0.000493 log_ratio=-0.1079 accept=0.8977 swapped=True
i=10 pair=(7,6) lam_t=1.00995 lam_s=1.01000 tsr_diff=0.000039 integral_mean=0.000000 integral_std=0.000092 log_ratio=0.0000 accept=1.0000 swapped=True
i=11 pair=(2,0) lam_t=1.00254 lam_s=1.00722 tsr_diff=0.003825 integral_mean=-0.001552 integral_std=0.013692 log_ratio=-3.7254 accept=0.0241 swapped=False
i=11 pair=(4,3) lam_t=1.00896 lam_s=1.00961 tsr_diff=0.000528 integral_mean=-0.000179 integral_std=0.001842 log_ratio=-0.4289 accept=0.6512 swapped=True
i=11 pair=(5,6) lam_t=1.00986 lam_s=1.00995 tsr_diff=0.000073 integral_mean=-0.000006 integral_std=0.000151 log_ratio=-0.0132 accept=0.9869 swapped=True
i=11 pair=(2,0) lam_t=1.00254 lam_s=1.00722 tsr_diff=0.003825 integral_mean=-0.000765 integral_std=0.010944 log_ratio=-1.8371 accept=0.1593 swapped=False
i=11 pair=(3,4) lam_t=1.00896 lam_s=1.00961 tsr_diff=0.000528 integral_mean=0.000111 integral_std=0.001745 log_ratio=0.0000 accept=1.0000 swapped=True
i=11 pair=(6,5) lam_t=1.00986 lam_s=1.00995 tsr_diff=0.000073 integral_mean=0.000002 integral_std=0.000162 log_ratio=0.0000 accept=1.0000 swapped=True
i=12 pair=(1,2) lam_t=0.99000 lam_s=1.00254 tsr_diff=0.011313 integral_mean=-0.000201 integral_std=0.022772 log_ratio=-0.4822 accept=0.6174 swapped=True
i=12 pair=(0,4) lam_t=1.00722 lam_s=1.00896 tsr_diff=0.001539 integral_mean=0.000524 integral_std=0.005410 log_ratio=0.0000 accept=1.0000 swapped=True
i=12 pair=(3,5) lam_t=1.00961 lam_s=1.00986 tsr_diff=0.000213 integral_mean=0.000050 integral_std=0.000946 log_ratio=0.0000 accept=1.0000 swapped=True
i=12 pair=(6,7) lam_t=1.00995 lam_s=1.01000 tsr_diff=0.000047 integral_mean=-0.000001 integral_std=0.000158 log_ratio=-0.0025 accept=0.9975 swapped=True
i=12 pair=(2,1) lam_t=0.99000 lam_s=1.00254 tsr_diff=0.011313 integral_mean=-0.000616 integral_std=0.024057 log_ratio=-1.4778 accept=0.2281 swapped=False
i=12 pair=(4,0) lam_t=1.00722 lam_s=1.00896 tsr_diff=0.001539 integral_mean=-0.000469 integral_std=0.005561 log_ratio=-1.1245 accept=0.3248 swapped=False
i=12 pair=(5,3) lam_t=1.00961 lam_s=1.00986 tsr_diff=0.000213 integral_mean=-0.000024 integral_std=0.000831 log_ratio=-0.0585 accept=0.9432 swapped=True
i=12 pair=(7,6) lam_t=1.00995 lam_s=1.01000 tsr_diff=0.000047 integral_mean=0.000005 integral_std=0.000132 log_ratio=0.0000 accept=1.0000 swapped=True
i=13 pair=(1,4) lam_t=1.00254 lam_s=1.00722 tsr_diff=0.004402 integral_mean=0.000110 integral_std=0.008861 log_ratio=0.0000 accept=1.0000 swapped=True
i=13 pair=(0,3) lam_t=1.00896 lam_s=1.00961 tsr_diff=0.000607 integral_mean=0.000321 integral_std=0.005269 log_ratio=0.0000 accept=1.0000 swapped=True
i=13 pair=(5,6) lam_t=1.00986 lam_s=1.00995 tsr_diff=0.000084 integral_mean=-0.000002 integral_std=0.000261 log_ratio=-0.0057 accept=0.9943 swapped=True
i=13 pair=(4,1) lam_t=1.00254 lam_s=1.00722 tsr_diff=0.004402 integral_mean=0.000080 integral_std=0.008790 log_ratio=0.0000 accept=1.0000 swapped=True
i=13 pair=(3,0) lam_t=1.00896 lam_s=1.00961 tsr_diff=0.000607 integral_mean=-0.000433 integral_std=0.004091 log_ratio=-1.0381 accept=0.3541 swapped=False
i=13 pair=(6,5) lam_t=1.00986 lam_s=1.00995 tsr_diff=0.000084 integral_mean=-0.000002 integral_std=0.000220 log_ratio=-0.0043 accept=0.9957 swapped=True
i=14 pair=(2,1) lam_t=0.99000 lam_s=1.00254 tsr_diff=0.012453 integral_mean=0.000663 integral_std=0.032527 log_ratio=0.0000 accept=1.0000 swapped=True
i=14 pair=(4,3) lam_t=1.00722 lam_s=1.00896 tsr_diff=0.001690 integral_mean=0.000001 integral_std=0.020182 log_ratio=0.0000 accept=1.0000 swapped=True
i=14 pair=(0,5) lam_t=1.00961 lam_s=1.00986 tsr_diff=0.000234 integral_mean=0.000313 integral_std=0.003063 log_ratio=0.0000 accept=1.0000 swapped=True
i=14 pair=(6,7) lam_t=1.00995 lam_s=1.01000 tsr_diff=0.000052 integral_mean=-0.000011 integral_std=0.000604 log_ratio=-0.0268 accept=0.9736 swapped=True
i=14 pair=(1,2) lam_t=0.99000 lam_s=1.00254 tsr_diff=0.012453 integral_mean=0.000696 integral_std=0.028539 log_ratio=0.0000 accept=1.0000 swapped=True
i=14 pair=(3,4) lam_t=1.00722 lam_s=1.00896 tsr_diff=0.001690 integral_mean=0.000262 integral_std=0.018385 log_ratio=0.0000 accept=1.0000 swapped=True
i=14 pair=(5,0) lam_t=1.00961 lam_s=1.00986 tsr_diff=0.000234 integral_mean=-0.000451 integral_std=0.003271 log_ratio=-1.0813 accept=0.3391 swapped=False
i=14 pair=(7,6) lam_t=1.00995 lam_s=1.01000 tsr_diff=0.000052 integral_mean=-0.000005 integral_std=0.000390 log_ratio=-0.0124 accept=0.9877 swapped=True
Best Sample: 2 log probability -0.078
Saved 1 samples to: logs/pointmaze-giant-navigate-v0/inference/plans/release_H400_T256_LimitsNormalizer_b1_condFalse/2026-07-17 13:08:33/31/0.png
Saved 1 samples to: logs/pointmaze-giant-navigate-v0/inference/plans/release_H400_T256_LimitsNormalizer_b1_condFalse/2026-07-17 13:08:33/31/rollout.png
i=0 pair=(0,1) lam_t=0.99000 lam_s=1.00254 tsr_diff=0.000000 integral_mean=0.000000 integral_std=0.000000 log_ratio=0.0000 accept=1.0000 swapped=True
i=0 pair=(2,3) lam_t=1.00722 lam_s=1.00896 tsr_diff=0.000000 integral_mean=0.000000 integral_std=0.000000 log_ratio=0.0000 accept=1.0000 swapped=True
i=0 pair=(4,5) lam_t=1.00961 lam_s=1.00986 tsr_diff=0.000000 integral_mean=0.000000 integral_std=0.000000 log_ratio=0.0000 accept=1.0000 swapped=True
i=0 pair=(6,7) lam_t=1.00995 lam_s=1.01000 tsr_diff=0.000000 integral_mean=0.000000 integral_std=0.000000 log_ratio=0.0000 accept=1.0000 swapped=True
i=0 pair=(1,0) lam_t=0.99000 lam_s=1.00254 tsr_diff=0.000000 integral_mean=0.000000 integral_std=0.000000 log_ratio=0.0000 accept=1.0000 swapped=True
i=0 pair=(3,2) lam_t=1.00722 lam_s=1.00896 tsr_diff=0.000000 integral_mean=0.000000 integral_std=0.000000 log_ratio=0.0000 accept=1.0000 swapped=True
i=0 pair=(5,4) lam_t=1.00961 lam_s=1.00986 tsr_diff=0.000000 integral_mean=0.000000 integral_std=0.000000 log_ratio=0.0000 accept=1.0000 swapped=True
i=0 pair=(7,6) lam_t=1.00995 lam_s=1.01000 tsr_diff=0.000000 integral_mean=0.000000 integral_std=0.000000 log_ratio=0.0000 accept=1.0000 swapped=True
i=1 pair=(1,2) lam_t=1.00254 lam_s=1.00722 tsr_diff=0.000050 integral_mean=0.000002 integral_std=0.000099 log_ratio=0.0000 accept=1.0000 swapped=True
i=1 pair=(3,4) lam_t=1.00896 lam_s=1.00961 tsr_diff=0.000007 integral_mean=0.000000 integral_std=0.000014 log_ratio=0.0000 accept=1.0000 swapped=True
i=1 pair=(5,6) lam_t=1.00986 lam_s=1.00995 tsr_diff=0.000001 integral_mean=0.000000 integral_std=0.000002 log_ratio=0.0000 accept=1.0000 swapped=True
i=1 pair=(2,1) lam_t=1.00254 lam_s=1.00722 tsr_diff=0.000050 integral_mean=-0.000004 integral_std=0.000099 log_ratio=-0.0085 accept=0.9916 swapped=True
i=1 pair=(4,3) lam_t=1.00896 lam_s=1.00961 tsr_diff=0.000007 integral_mean=0.000000 integral_std=0.000014 log_ratio=0.0000 accept=1.0000 swapped=True
i=1 pair=(6,5) lam_t=1.00986 lam_s=1.00995 tsr_diff=0.000001 integral_mean=0.000000 integral_std=0.000002 log_ratio=0.0000 accept=1.0000 swapped=True
i=2 pair=(0,1) lam_t=0.99000 lam_s=1.00254 tsr_diff=0.000530 integral_mean=0.000039 integral_std=0.001068 log_ratio=0.0000 accept=1.0000 swapped=True
i=2 pair=(2,3) lam_t=1.00722 lam_s=1.00896 tsr_diff=0.000074 integral_mean=0.000016 integral_std=0.000168 log_ratio=0.0000 accept=1.0000 swapped=True
i=2 pair=(4,5) lam_t=1.00961 lam_s=1.00986 tsr_diff=0.000010 integral_mean=0.000001 integral_std=0.000022 log_ratio=0.0000 accept=1.0000 swapped=True
i=2 pair=(6,7) lam_t=1.00995 lam_s=1.01000 tsr_diff=0.000002 integral_mean=0.000001 integral_std=0.000007 log_ratio=0.0000 accept=1.0000 swapped=True
i=2 pair=(1,0) lam_t=0.99000 lam_s=1.00254 tsr_diff=0.000530 integral_mean=0.000087 integral_std=0.001147 log_ratio=0.0000 accept=1.0000 swapped=True
i=2 pair=(3,2) lam_t=1.00722 lam_s=1.00896 tsr_diff=0.000074 integral_mean=0.000025 integral_std=0.000188 log_ratio=0.0000 accept=1.0000 swapped=True
i=2 pair=(5,4) lam_t=1.00961 lam_s=1.00986 tsr_diff=0.000010 integral_mean=-0.000001 integral_std=0.000022 log_ratio=-0.0014 accept=0.9986 swapped=True
i=2 pair=(7,6) lam_t=1.00995 lam_s=1.01000 tsr_diff=0.000002 integral_mean=-0.000000 integral_std=0.000005 log_ratio=-0.0007 accept=0.9993 swapped=True
i=3 pair=(1,2) lam_t=1.00254 lam_s=1.00722 tsr_diff=0.000436 integral_mean=0.000019 integral_std=0.000883 log_ratio=0.0000 accept=1.0000 swapped=True
i=3 pair=(3,4) lam_t=1.00896 lam_s=1.00961 tsr_diff=0.000060 integral_mean=0.000003 integral_std=0.000132 log_ratio=0.0000 accept=1.0000 swapped=True
i=3 pair=(5,6) lam_t=1.00986 lam_s=1.00995 tsr_diff=0.000008 integral_mean=-0.000000 integral_std=0.000018 log_ratio=-0.0009 accept=0.9991 swapped=True
i=3 pair=(2,1) lam_t=1.00254 lam_s=1.00722 tsr_diff=0.000436 integral_mean=-0.000016 integral_std=0.000880 log_ratio=-0.0372 accept=0.9634 swapped=True
i=3 pair=(4,3) lam_t=1.00896 lam_s=1.00961 tsr_diff=0.000060 integral_mean=-0.000002 integral_std=0.000124 log_ratio=-0.0044 accept=0.9956 swapped=True
i=3 pair=(6,5) lam_t=1.00986 lam_s=1.00995 tsr_diff=0.000008 integral_mean=-0.000000 integral_std=0.000017 log_ratio=-0.0002 accept=0.9998 swapped=True
i=4 pair=(0,1) lam_t=0.99000 lam_s=1.00254 tsr_diff=0.002032 integral_mean=-0.000171 integral_std=0.004248 log_ratio=-0.4110 accept=0.6630 swapped=True
i=4 pair=(2,3) lam_t=1.00722 lam_s=1.00896 tsr_diff=0.000281 integral_mean=-0.000015 integral_std=0.000601 log_ratio=-0.0360 accept=0.9646 swapped=True
i=4 pair=(4,5) lam_t=1.00961 lam_s=1.00986 tsr_diff=0.000039 integral_mean=0.000013 integral_std=0.000094 log_ratio=0.0000 accept=1.0000 swapped=True
i=4 pair=(6,7) lam_t=1.00995 lam_s=1.01000 tsr_diff=0.000009 integral_mean=0.000000 integral_std=0.000017 log_ratio=0.0000 accept=1.0000 swapped=True
i=4 pair=(1,0) lam_t=0.99000 lam_s=1.00254 tsr_diff=0.002032 integral_mean=0.000077 integral_std=0.004217 log_ratio=0.0000 accept=1.0000 swapped=True
i=4 pair=(3,2) lam_t=1.00722 lam_s=1.00896 tsr_diff=0.000281 integral_mean=0.000001 integral_std=0.000611 log_ratio=0.0000 accept=1.0000 swapped=True
i=4 pair=(5,4) lam_t=1.00961 lam_s=1.00986 tsr_diff=0.000039 integral_mean=0.000000 integral_std=0.000088 log_ratio=0.0000 accept=1.0000 swapped=True
i=4 pair=(7,6) lam_t=1.00995 lam_s=1.01000 tsr_diff=0.000009 integral_mean=-0.000001 integral_std=0.000017 log_ratio=-0.0015 accept=0.9985 swapped=True
i=5 pair=(1,2) lam_t=1.00254 lam_s=1.00722 tsr_diff=0.001142 integral_mean=0.000002 integral_std=0.002312 log_ratio=0.0000 accept=1.0000 swapped=True
i=5 pair=(3,4) lam_t=1.00896 lam_s=1.00961 tsr_diff=0.000158 integral_mean=-0.000011 integral_std=0.000347 log_ratio=-0.0258 accept=0.9746 swapped=True
i=5 pair=(5,6) lam_t=1.00986 lam_s=1.00995 tsr_diff=0.000022 integral_mean=0.000013 integral_std=0.000063 log_ratio=0.0000 accept=1.0000 swapped=True
i=5 pair=(2,1) lam_t=1.00254 lam_s=1.00722 tsr_diff=0.001142 integral_mean=-0.000019 integral_std=0.002253 log_ratio=-0.0455 accept=0.9555 swapped=True
i=5 pair=(4,3) lam_t=1.00896 lam_s=1.00961 tsr_diff=0.000158 integral_mean=0.000006 integral_std=0.000337 log_ratio=0.0000 accept=1.0000 swapped=True
i=5 pair=(6,5) lam_t=1.00986 lam_s=1.00995 tsr_diff=0.000022 integral_mean=-0.000005 integral_std=0.000050 log_ratio=-0.0127 accept=0.9874 swapped=True
i=6 pair=(0,1) lam_t=0.99000 lam_s=1.00254 tsr_diff=0.004257 integral_mean=-0.000165 integral_std=0.008790 log_ratio=-0.3965 accept=0.6726 swapped=False
i=6 pair=(2,3) lam_t=1.00722 lam_s=1.00896 tsr_diff=0.000587 integral_mean=-0.000023 integral_std=0.001302 log_ratio=-0.0551 accept=0.9464 swapped=True
i=6 pair=(4,5) lam_t=1.00961 lam_s=1.00986 tsr_diff=0.000081 integral_mean=-0.000018 integral_std=0.000198 log_ratio=-0.0425 accept=0.9584 swapped=True
i=6 pair=(6,7) lam_t=1.00995 lam_s=1.01000 tsr_diff=0.000018 integral_mean=0.000001 integral_std=0.000037 log_ratio=0.0000 accept=1.0000 swapped=True
i=6 pair=(0,1) lam_t=0.99000 lam_s=1.00254 tsr_diff=0.004257 integral_mean=-0.000018 integral_std=0.008449 log_ratio=-0.0423 accept=0.9586 swapped=True
i=6 pair=(3,2) lam_t=1.00722 lam_s=1.00896 tsr_diff=0.000587 integral_mean=0.000058 integral_std=0.001225 log_ratio=0.0000 accept=1.0000 swapped=True
i=6 pair=(5,4) lam_t=1.00961 lam_s=1.00986 tsr_diff=0.000081 integral_mean=0.000007 integral_std=0.000180 log_ratio=0.0000 accept=1.0000 swapped=True
i=6 pair=(7,6) lam_t=1.00995 lam_s=1.01000 tsr_diff=0.000018 integral_mean=0.000001 integral_std=0.000039 log_ratio=0.0000 accept=1.0000 swapped=True
i=7 pair=(0,2) lam_t=1.00254 lam_s=1.00722 tsr_diff=0.002045 integral_mean=-0.000081 integral_std=0.004230 log_ratio=-0.1948 accept=0.8230 swapped=True
i=7 pair=(3,4) lam_t=1.00896 lam_s=1.00961 tsr_diff=0.000283 integral_mean=0.000007 integral_std=0.000601 log_ratio=0.0000 accept=1.0000 swapped=True
i=7 pair=(5,6) lam_t=1.00986 lam_s=1.00995 tsr_diff=0.000039 integral_mean=0.000001 integral_std=0.000084 log_ratio=0.0000 accept=1.0000 swapped=True
i=7 pair=(2,0) lam_t=1.00254 lam_s=1.00722 tsr_diff=0.002045 integral_mean=0.000125 integral_std=0.004427 log_ratio=0.0000 accept=1.0000 swapped=True
i=7 pair=(4,3) lam_t=1.00896 lam_s=1.00961 tsr_diff=0.000283 integral_mean=-0.000017 integral_std=0.000615 log_ratio=-0.0419 accept=0.9590 swapped=True
i=7 pair=(6,5) lam_t=1.00986 lam_s=1.00995 tsr_diff=0.000039 integral_mean=-0.000000 integral_std=0.000083 log_ratio=-0.0008 accept=0.9992 swapped=True
i=8 pair=(1,0) lam_t=0.99000 lam_s=1.00254 tsr_diff=0.006833 integral_mean=0.000631 integral_std=0.014112 log_ratio=0.0000 accept=1.0000 swapped=True
i=8 pair=(2,3) lam_t=1.00722 lam_s=1.00896 tsr_diff=0.000937 integral_mean=-0.000044 integral_std=0.002194 log_ratio=-0.1060 accept=0.8994 swapped=True
i=8 pair=(4,5) lam_t=1.00961 lam_s=1.00986 tsr_diff=0.000130 integral_mean=-0.000011 integral_std=0.000317 log_ratio=-0.0273 accept=0.9730 swapped=True
i=8 pair=(6,7) lam_t=1.00995 lam_s=1.01000 tsr_diff=0.000029 integral_mean=-0.000001 integral_std=0.000065 log_ratio=-0.0034 accept=0.9966 swapped=True
i=8 pair=(0,1) lam_t=0.99000 lam_s=1.00254 tsr_diff=0.006833 integral_mean=-0.000536 integral_std=0.015233 log_ratio=-1.2865 accept=0.2762 swapped=False
i=8 pair=(3,2) lam_t=1.00722 lam_s=1.00896 tsr_diff=0.000937 integral_mean=0.000135 integral_std=0.002258 log_ratio=0.0000 accept=1.0000 swapped=True
i=8 pair=(5,4) lam_t=1.00961 lam_s=1.00986 tsr_diff=0.000130 integral_mean=0.000003 integral_std=0.000290 log_ratio=0.0000 accept=1.0000 swapped=True
i=8 pair=(7,6) lam_t=1.00995 lam_s=1.01000 tsr_diff=0.000029 integral_mean=0.000002 integral_std=0.000064 log_ratio=0.0000 accept=1.0000 swapped=True
i=9 pair=(1,2) lam_t=1.00254 lam_s=1.00722 tsr_diff=0.002993 integral_mean=0.000199 integral_std=0.006838 log_ratio=0.0000 accept=1.0000 swapped=True
i=9 pair=(3,4) lam_t=1.00896 lam_s=1.00961 tsr_diff=0.000414 integral_mean=0.000113 integral_std=0.001039 log_ratio=0.0000 accept=1.0000 swapped=True
i=9 pair=(5,6) lam_t=1.00986 lam_s=1.00995 tsr_diff=0.000057 integral_mean=0.000015 integral_std=0.000149 log_ratio=0.0000 accept=1.0000 swapped=True
i=9 pair=(2,1) lam_t=1.00254 lam_s=1.00722 tsr_diff=0.002993 integral_mean=-0.000157 integral_std=0.006713 log_ratio=-0.3776 accept=0.6855 swapped=True
i=9 pair=(4,3) lam_t=1.00896 lam_s=1.00961 tsr_diff=0.000414 integral_mean=-0.000048 integral_std=0.000995 log_ratio=-0.1151 accept=0.8913 swapped=True
i=9 pair=(6,5) lam_t=1.00986 lam_s=1.00995 tsr_diff=0.000057 integral_mean=-0.000023 integral_std=0.000157 log_ratio=-0.0547 accept=0.9467 swapped=True
i=10 pair=(0,1) lam_t=0.99000 lam_s=1.00254 tsr_diff=0.009326 integral_mean=-0.002110 integral_std=0.022935 log_ratio=-5.0651 accept=0.0063 swapped=False
i=10 pair=(2,3) lam_t=1.00722 lam_s=1.00896 tsr_diff=0.001273 integral_mean=-0.000304 integral_std=0.004013 log_ratio=-0.7291 accept=0.4823 swapped=True
i=10 pair=(4,5) lam_t=1.00961 lam_s=1.00986 tsr_diff=0.000177 integral_mean=-0.000088 integral_std=0.000621 log_ratio=-0.2106 accept=0.8101 swapped=False
i=10 pair=(6,7) lam_t=1.00995 lam_s=1.01000 tsr_diff=0.000039 integral_mean=0.000001 integral_std=0.000090 log_ratio=0.0000 accept=1.0000 swapped=True
i=10 pair=(0,1) lam_t=0.99000 lam_s=1.00254 tsr_diff=0.009326 integral_mean=-0.002439 integral_std=0.024443 log_ratio=-5.8528 accept=0.0029 swapped=False
i=10 pair=(3,2) lam_t=1.00722 lam_s=1.00896 tsr_diff=0.001273 integral_mean=0.000175 integral_std=0.003729 log_ratio=0.0000 accept=1.0000 swapped=True
i=10 pair=(4,5) lam_t=1.00961 lam_s=1.00986 tsr_diff=0.000177 integral_mean=-0.000055 integral_std=0.000538 log_ratio=-0.1311 accept=0.8771 swapped=True
i=10 pair=(7,6) lam_t=1.00995 lam_s=1.01000 tsr_diff=0.000039 integral_mean=0.000001 integral_std=0.000090 log_ratio=0.0000 accept=1.0000 swapped=True
i=11 pair=(1,2) lam_t=1.00254 lam_s=1.00722 tsr_diff=0.003825 integral_mean=0.000813 integral_std=0.013397 log_ratio=0.0000 accept=1.0000 swapped=True
i=11 pair=(3,5) lam_t=1.00896 lam_s=1.00961 tsr_diff=0.000528 integral_mean=-0.000117 integral_std=0.002474 log_ratio=-0.2820 accept=0.7543 swapped=True
i=11 pair=(4,6) lam_t=1.00986 lam_s=1.00995 tsr_diff=0.000073 integral_mean=0.000004 integral_std=0.000199 log_ratio=0.0000 accept=1.0000 swapped=True
i=11 pair=(2,1) lam_t=1.00254 lam_s=1.00722 tsr_diff=0.003825 integral_mean=-0.000250 integral_std=0.014696 log_ratio=-0.5989 accept=0.5494 swapped=False
i=11 pair=(5,3) lam_t=1.00896 lam_s=1.00961 tsr_diff=0.000528 integral_mean=0.000106 integral_std=0.002200 log_ratio=0.0000 accept=1.0000 swapped=True
i=11 pair=(6,4) lam_t=1.00986 lam_s=1.00995 tsr_diff=0.000073 integral_mean=-0.000003 integral_std=0.000201 log_ratio=-0.0077 accept=0.9923 swapped=True
i=12 pair=(0,2) lam_t=0.99000 lam_s=1.00254 tsr_diff=0.011313 integral_mean=-0.003558 integral_std=0.040745 log_ratio=-8.5381 accept=0.0002 swapped=False
i=12 pair=(1,3) lam_t=1.00722 lam_s=1.00896 tsr_diff=0.001539 integral_mean=-0.000417 integral_std=0.008364 log_ratio=-1.0019 accept=0.3672 swapped=True
i=12 pair=(5,4) lam_t=1.00961 lam_s=1.00986 tsr_diff=0.000213 integral_mean=0.000212 integral_std=0.001465 log_ratio=0.0000 accept=1.0000 swapped=True
i=12 pair=(6,7) lam_t=1.00995 lam_s=1.01000 tsr_diff=0.000047 integral_mean=0.000003 integral_std=0.000141 log_ratio=0.0000 accept=1.0000 swapped=True
i=12 pair=(0,2) lam_t=0.99000 lam_s=1.00254 tsr_diff=0.011313 integral_mean=-0.003543 integral_std=0.040466 log_ratio=-8.5028 accept=0.0002 swapped=False
i=12 pair=(3,1) lam_t=1.00722 lam_s=1.00896 tsr_diff=0.001539 integral_mean=-0.000056 integral_std=0.009724 log_ratio=-0.1340 accept=0.8746 swapped=True
i=12 pair=(4,5) lam_t=1.00961 lam_s=1.00986 tsr_diff=0.000213 integral_mean=-0.000126 integral_std=0.000943 log_ratio=-0.3025 accept=0.7390 swapped=True
i=12 pair=(7,6) lam_t=1.00995 lam_s=1.01000 tsr_diff=0.000047 integral_mean=-0.000004 integral_std=0.000143 log_ratio=-0.0092 accept=0.9908 swapped=True
i=13 pair=(2,1) lam_t=1.00254 lam_s=1.00722 tsr_diff=0.004402 integral_mean=-0.002297 integral_std=0.025667 log_ratio=-5.5125 accept=0.0040 swapped=False
i=13 pair=(3,5) lam_t=1.00896 lam_s=1.00961 tsr_diff=0.000607 integral_mean=-0.000238 integral_std=0.004753 log_ratio=-0.5719 accept=0.5644 swapped=False
i=13 pair=(4,6) lam_t=1.00986 lam_s=1.00995 tsr_diff=0.000084 integral_mean=0.000012 integral_std=0.000344 log_ratio=0.0000 accept=1.0000 swapped=True
i=13 pair=(2,1) lam_t=1.00254 lam_s=1.00722 tsr_diff=0.004402 integral_mean=0.000243 integral_std=0.024057 log_ratio=0.0000 accept=1.0000 swapped=True
i=13 pair=(3,5) lam_t=1.00896 lam_s=1.00961 tsr_diff=0.000607 integral_mean=-0.000231 integral_std=0.004583 log_ratio=-0.5537 accept=0.5748 swapped=True
i=13 pair=(6,4) lam_t=1.00986 lam_s=1.00995 tsr_diff=0.000084 integral_mean=0.000001 integral_std=0.000329 log_ratio=0.0000 accept=1.0000 swapped=True
i=14 pair=(0,1) lam_t=0.99000 lam_s=1.00254 tsr_diff=0.012453 integral_mean=-0.013496 integral_std=0.127618 log_ratio=-32.3911 accept=0.0000 swapped=False
i=14 pair=(2,5) lam_t=1.00722 lam_s=1.00896 tsr_diff=0.001690 integral_mean=-0.001530 integral_std=0.034529 log_ratio=-3.6710 accept=0.0255 swapped=False
i=14 pair=(3,4) lam_t=1.00961 lam_s=1.00986 tsr_diff=0.000234 integral_mean=0.000211 integral_std=0.003158 log_ratio=0.0000 accept=1.0000 swapped=True
i=14 pair=(6,7) lam_t=1.00995 lam_s=1.01000 tsr_diff=0.000052 integral_mean=0.000001 integral_std=0.000319 log_ratio=0.0000 accept=1.0000 swapped=True
i=14 pair=(0,1) lam_t=0.99000 lam_s=1.00254 tsr_diff=0.012453 integral_mean=-0.011731 integral_std=0.111449 log_ratio=-28.1545 accept=0.0000 swapped=False
i=14 pair=(2,5) lam_t=1.00722 lam_s=1.00896 tsr_diff=0.001690 integral_mean=-0.000423 integral_std=0.028496 log_ratio=-1.0151 accept=0.3624 swapped=False
i=14 pair=(4,3) lam_t=1.00961 lam_s=1.00986 tsr_diff=0.000234 integral_mean=-0.000807 integral_std=0.007126 log_ratio=-1.9357 accept=0.1443 swapped=False
i=14 pair=(7,6) lam_t=1.00995 lam_s=1.01000 tsr_diff=0.000052 integral_mean=-0.000003 integral_std=0.000316 log_ratio=-0.0072 accept=0.9928 swapped=True
Best Sample: 6 log probability -0.196
Saved 1 samples to: logs/pointmaze-giant-navigate-v0/inference/plans/release_H400_T256_LimitsNormalizer_b1_condFalse/2026-07-17 13:08:33/32/0.png
Saved 1 samples to: logs/pointmaze-giant-navigate-v0/inference/plans/release_H400_T256_LimitsNormalizer_b1_condFalse/2026-07-17 13:08:33/32/rollout.png
i=0 pair=(0,1) lam_t=0.99000 lam_s=1.00254 tsr_diff=0.000000 integral_mean=0.000000 integral_std=0.000000 log_ratio=0.0000 accept=1.0000 swapped=True
i=0 pair=(2,3) lam_t=1.00722 lam_s=1.00896 tsr_diff=0.000000 integral_mean=0.000000 integral_std=0.000000 log_ratio=0.0000 accept=1.0000 swapped=True
i=0 pair=(4,5) lam_t=1.00961 lam_s=1.00986 tsr_diff=0.000000 integral_mean=0.000000 integral_std=0.000000 log_ratio=0.0000 accept=1.0000 swapped=True
i=0 pair=(6,7) lam_t=1.00995 lam_s=1.01000 tsr_diff=0.000000 integral_mean=0.000000 integral_std=0.000000 log_ratio=0.0000 accept=1.0000 swapped=True
i=0 pair=(1,0) lam_t=0.99000 lam_s=1.00254 tsr_diff=0.000000 integral_mean=0.000000 integral_std=0.000000 log_ratio=0.0000 accept=1.0000 swapped=True
i=0 pair=(3,2) lam_t=1.00722 lam_s=1.00896 tsr_diff=0.000000 integral_mean=0.000000 integral_std=0.000000 log_ratio=0.0000 accept=1.0000 swapped=True
i=0 pair=(5,4) lam_t=1.00961 lam_s=1.00986 tsr_diff=0.000000 integral_mean=0.000000 integral_std=0.000000 log_ratio=0.0000 accept=1.0000 swapped=True
i=0 pair=(7,6) lam_t=1.00995 lam_s=1.01000 tsr_diff=0.000000 integral_mean=0.000000 integral_std=0.000000 log_ratio=0.0000 accept=1.0000 swapped=True
i=1 pair=(1,2) lam_t=1.00254 lam_s=1.00722 tsr_diff=0.000050 integral_mean=-0.000002 integral_std=0.000095 log_ratio=-0.0038 accept=0.9962 swapped=True
i=1 pair=(3,4) lam_t=1.00896 lam_s=1.00961 tsr_diff=0.000007 integral_mean=-0.000000 integral_std=0.000015 log_ratio=-0.0006 accept=0.9994 swapped=True
i=1 pair=(5,6) lam_t=1.00986 lam_s=1.00995 tsr_diff=0.000001 integral_mean=-0.000000 integral_std=0.000002 log_ratio=-0.0000 accept=1.0000 swapped=True
i=1 pair=(2,1) lam_t=1.00254 lam_s=1.00722 tsr_diff=0.000050 integral_mean=0.000001 integral_std=0.000096 log_ratio=0.0000 accept=1.0000 swapped=True
i=1 pair=(4,3) lam_t=1.00896 lam_s=1.00961 tsr_diff=0.000007 integral_mean=0.000000 integral_std=0.000014 log_ratio=0.0000 accept=1.0000 swapped=True
i=1 pair=(6,5) lam_t=1.00986 lam_s=1.00995 tsr_diff=0.000001 integral_mean=-0.000000 integral_std=0.000002 log_ratio=-0.0000 accept=1.0000 swapped=True
i=2 pair=(0,1) lam_t=0.99000 lam_s=1.00254 tsr_diff=0.000530 integral_mean=0.000045 integral_std=0.001053 log_ratio=0.0000 accept=1.0000 swapped=True
i=2 pair=(2,3) lam_t=1.00722 lam_s=1.00896 tsr_diff=0.000074 integral_mean=0.000003 integral_std=0.000141 log_ratio=0.0000 accept=1.0000 swapped=True
i=2 pair=(4,5) lam_t=1.00961 lam_s=1.00986 tsr_diff=0.000010 integral_mean=-0.000003 integral_std=0.000023 log_ratio=-0.0072 accept=0.9928 swapped=True
i=2 pair=(6,7) lam_t=1.00995 lam_s=1.01000 tsr_diff=0.000002 integral_mean=0.000000 integral_std=0.000005 log_ratio=0.0000 accept=1.0000 swapped=True
i=2 pair=(1,0) lam_t=0.99000 lam_s=1.00254 tsr_diff=0.000530 integral_mean=0.000018 integral_std=0.001038 log_ratio=0.0000 accept=1.0000 swapped=True
i=2 pair=(3,2) lam_t=1.00722 lam_s=1.00896 tsr_diff=0.000074 integral_mean=-0.000005 integral_std=0.000159 log_ratio=-0.0111 accept=0.9890 swapped=True
i=2 pair=(5,4) lam_t=1.00961 lam_s=1.00986 tsr_diff=0.000010 integral_mean=-0.000001 integral_std=0.000024 log_ratio=-0.0016 accept=0.9984 swapped=True
i=2 pair=(7,6) lam_t=1.00995 lam_s=1.01000 tsr_diff=0.000002 integral_mean=0.000000 integral_std=0.000005 log_ratio=0.0000 accept=1.0000 swapped=True
i=3 pair=(1,2) lam_t=1.00254 lam_s=1.00722 tsr_diff=0.000436 integral_mean=-0.000016 integral_std=0.000918 log_ratio=-0.0380 accept=0.9627 swapped=True
i=3 pair=(3,4) lam_t=1.00896 lam_s=1.00961 tsr_diff=0.000060 integral_mean=-0.000010 integral_std=0.000140 log_ratio=-0.0232 accept=0.9770 swapped=True
i=3 pair=(5,6) lam_t=1.00986 lam_s=1.00995 tsr_diff=0.000008 integral_mean=0.000000 integral_std=0.000018 log_ratio=0.0000 accept=1.0000 swapped=True
i=3 pair=(2,1) lam_t=1.00254 lam_s=1.00722 tsr_diff=0.000436 integral_mean=-0.000031 integral_std=0.000924 log_ratio=-0.0735 accept=0.9291 swapped=True
i=3 pair=(4,3) lam_t=1.00896 lam_s=1.00961 tsr_diff=0.000060 integral_mean=-0.000000 integral_std=0.000131 log_ratio=-0.0007 accept=0.9993 swapped=True
i=3 pair=(6,5) lam_t=1.00986 lam_s=1.00995 tsr_diff=0.000008 integral_mean=-0.000000 integral_std=0.000018 log_ratio=-0.0005 accept=0.9995 swapped=True
i=4 pair=(0,1) lam_t=0.99000 lam_s=1.00254 tsr_diff=0.002032 integral_mean=-0.000114 integral_std=0.004441 log_ratio=-0.2731 accept=0.7610 swapped=True
i=4 pair=(2,3) lam_t=1.00722 lam_s=1.00896 tsr_diff=0.000281 integral_mean=-0.000021 integral_std=0.000586 log_ratio=-0.0503 accept=0.9510 swapped=True
i=4 pair=(4,5) lam_t=1.00961 lam_s=1.00986 tsr_diff=0.000039 integral_mean=0.000002 integral_std=0.000084 log_ratio=0.0000 accept=1.0000 swapped=True
i=4 pair=(6,7) lam_t=1.00995 lam_s=1.01000 tsr_diff=0.000009 integral_mean=-0.000001 integral_std=0.000017 log_ratio=-0.0014 accept=0.9986 swapped=True
i=4 pair=(1,0) lam_t=0.99000 lam_s=1.00254 tsr_diff=0.002032 integral_mean=0.000129 integral_std=0.004169 log_ratio=0.0000 accept=1.0000 swapped=True
i=4 pair=(3,2) lam_t=1.00722 lam_s=1.00896 tsr_diff=0.000281 integral_mean=0.000016 integral_std=0.000576 log_ratio=0.0000 accept=1.0000 swapped=True
i=4 pair=(5,4) lam_t=1.00961 lam_s=1.00986 tsr_diff=0.000039 integral_mean=-0.000000 integral_std=0.000077 log_ratio=-0.0002 accept=0.9998 swapped=True
i=4 pair=(7,6) lam_t=1.00995 lam_s=1.01000 tsr_diff=0.000009 integral_mean=0.000000 integral_std=0.000018 log_ratio=0.0000 accept=1.0000 swapped=True
i=5 pair=(1,2) lam_t=1.00254 lam_s=1.00722 tsr_diff=0.001142 integral_mean=0.000055 integral_std=0.002336 log_ratio=0.0000 accept=1.0000 swapped=True
i=5 pair=(3,4) lam_t=1.00896 lam_s=1.00961 tsr_diff=0.000158 integral_mean=0.000012 integral_std=0.000324 log_ratio=0.0000 accept=1.0000 swapped=True
i=5 pair=(5,6) lam_t=1.00986 lam_s=1.00995 tsr_diff=0.000022 integral_mean=-0.000005 integral_std=0.000050 log_ratio=-0.0128 accept=0.9873 swapped=True
i=5 pair=(2,1) lam_t=1.00254 lam_s=1.00722 tsr_diff=0.001142 integral_mean=-0.000054 integral_std=0.002378 log_ratio=-0.1285 accept=0.8794 swapped=True
i=5 pair=(4,3) lam_t=1.00896 lam_s=1.00961 tsr_diff=0.000158 integral_mean=0.000011 integral_std=0.000364 log_ratio=0.0000 accept=1.0000 swapped=True
i=5 pair=(6,5) lam_t=1.00986 lam_s=1.00995 tsr_diff=0.000022 integral_mean=0.000002 integral_std=0.000046 log_ratio=0.0000 accept=1.0000 swapped=True
i=6 pair=(0,1) lam_t=0.99000 lam_s=1.00254 tsr_diff=0.004257 integral_mean=-0.000206 integral_std=0.009358 log_ratio=-0.4944 accept=0.6100 swapped=True
i=6 pair=(2,3) lam_t=1.00722 lam_s=1.00896 tsr_diff=0.000587 integral_mean=-0.000043 integral_std=0.001249 log_ratio=-0.1030 accept=0.9021 swapped=True
i=6 pair=(4,5) lam_t=1.00961 lam_s=1.00986 tsr_diff=0.000081 integral_mean=0.000008 integral_std=0.000183 log_ratio=0.0000 accept=1.0000 swapped=True
i=6 pair=(6,7) lam_t=1.00995 lam_s=1.01000 tsr_diff=0.000018 integral_mean=0.000001 integral_std=0.000040 log_ratio=0.0000 accept=1.0000 swapped=True
i=6 pair=(1,0) lam_t=0.99000 lam_s=1.00254 tsr_diff=0.004257 integral_mean=0.000452 integral_std=0.009633 log_ratio=0.0000 accept=1.0000 swapped=True
i=6 pair=(3,2) lam_t=1.00722 lam_s=1.00896 tsr_diff=0.000587 integral_mean=0.000020 integral_std=0.001192 log_ratio=0.0000 accept=1.0000 swapped=True
i=6 pair=(5,4) lam_t=1.00961 lam_s=1.00986 tsr_diff=0.000081 integral_mean=-0.000004 integral_std=0.000171 log_ratio=-0.0086 accept=0.9915 swapped=True
i=6 pair=(7,6) lam_t=1.00995 lam_s=1.01000 tsr_diff=0.000018 integral_mean=0.000000 integral_std=0.000039 log_ratio=0.0000 accept=1.0000 swapped=True
i=7 pair=(1,2) lam_t=1.00254 lam_s=1.00722 tsr_diff=0.002045 integral_mean=0.000323 integral_std=0.004440 log_ratio=0.0000 accept=1.0000 swapped=True
i=7 pair=(3,4) lam_t=1.00896 lam_s=1.00961 tsr_diff=0.000283 integral_mean=0.000004 integral_std=0.000598 log_ratio=0.0000 accept=1.0000 swapped=True
i=7 pair=(5,6) lam_t=1.00986 lam_s=1.00995 tsr_diff=0.000039 integral_mean=-0.000000 integral_std=0.000081 log_ratio=-0.0007 accept=0.9993 swapped=True
i=7 pair=(2,1) lam_t=1.00254 lam_s=1.00722 tsr_diff=0.002045 integral_mean=-0.000197 integral_std=0.004281 log_ratio=-0.4722 accept=0.6236 swapped=False
i=7 pair=(4,3) lam_t=1.00896 lam_s=1.00961 tsr_diff=0.000283 integral_mean=-0.000009 integral_std=0.000608 log_ratio=-0.0208 accept=0.9795 swapped=True
i=7 pair=(6,5) lam_t=1.00986 lam_s=1.00995 tsr_diff=0.000039 integral_mean=0.000001 integral_std=0.000081 log_ratio=0.0000 accept=1.0000 swapped=True
i=8 pair=(0,2) lam_t=0.99000 lam_s=1.00254 tsr_diff=0.006833 integral_mean=0.000119 integral_std=0.016488 log_ratio=0.0000 accept=1.0000 swapped=True
i=8 pair=(1,3) lam_t=1.00722 lam_s=1.00896 tsr_diff=0.000937 integral_mean=-0.000010 integral_std=0.002030 log_ratio=-0.0234 accept=0.9769 swapped=True
i=8 pair=(4,5) lam_t=1.00961 lam_s=1.00986 tsr_diff=0.000130 integral_mean=0.000003 integral_std=0.000286 log_ratio=0.0000 accept=1.0000 swapped=True
i=8 pair=(6,7) lam_t=1.00995 lam_s=1.01000 tsr_diff=0.000029 integral_mean=-0.000002 integral_std=0.000061 log_ratio=-0.0041 accept=0.9959 swapped=True
i=8 pair=(2,0) lam_t=0.99000 lam_s=1.00254 tsr_diff=0.006833 integral_mean=-0.000421 integral_std=0.016480 log_ratio=-1.0099 accept=0.3643 swapped=False
i=8 pair=(3,1) lam_t=1.00722 lam_s=1.00896 tsr_diff=0.000937 integral_mean=0.000050 integral_std=0.002047 log_ratio=0.0000 accept=1.0000 swapped=True
i=8 pair=(5,4) lam_t=1.00961 lam_s=1.00986 tsr_diff=0.000130 integral_mean=-0.000000 integral_std=0.000293 log_ratio=-0.0009 accept=0.9991 swapped=True
i=8 pair=(7,6) lam_t=1.00995 lam_s=1.01000 tsr_diff=0.000029 integral_mean=0.000000 integral_std=0.000059 log_ratio=0.0000 accept=1.0000 swapped=True
i=9 pair=(0,1) lam_t=1.00254 lam_s=1.00722 tsr_diff=0.002993 integral_mean=0.000010 integral_std=0.007189 log_ratio=0.0000 accept=1.0000 swapped=True
i=9 pair=(3,4) lam_t=1.00896 lam_s=1.00961 tsr_diff=0.000414 integral_mean=0.000015 integral_std=0.000961 log_ratio=0.0000 accept=1.0000 swapped=True
i=9 pair=(5,6) lam_t=1.00986 lam_s=1.00995 tsr_diff=0.000057 integral_mean=0.000002 integral_std=0.000138 log_ratio=0.0000 accept=1.0000 swapped=True
i=9 pair=(1,0) lam_t=1.00254 lam_s=1.00722 tsr_diff=0.002993 integral_mean=0.000110 integral_std=0.007699 log_ratio=0.0000 accept=1.0000 swapped=True
i=9 pair=(4,3) lam_t=1.00896 lam_s=1.00961 tsr_diff=0.000414 integral_mean=-0.000005 integral_std=0.000980 log_ratio=-0.0131 accept=0.9870 swapped=True
i=9 pair=(6,5) lam_t=1.00986 lam_s=1.00995 tsr_diff=0.000057 integral_mean=0.000002 integral_std=0.000137 log_ratio=0.0000 accept=1.0000 swapped=True
i=10 pair=(2,0) lam_t=0.99000 lam_s=1.00254 tsr_diff=0.009326 integral_mean=-0.000418 integral_std=0.024890 log_ratio=-1.0040 accept=0.3664 swapped=False
i=10 pair=(1,3) lam_t=1.00722 lam_s=1.00896 tsr_diff=0.001273 integral_mean=-0.000003 integral_std=0.003446 log_ratio=-0.0071 accept=0.9929 swapped=True
i=10 pair=(4,5) lam_t=1.00961 lam_s=1.00986 tsr_diff=0.000177 integral_mean=-0.000006 integral_std=0.000429 log_ratio=-0.0153 accept=0.9848 swapped=True
i=10 pair=(6,7) lam_t=1.00995 lam_s=1.01000 tsr_diff=0.000039 integral_mean=0.000001 integral_std=0.000078 log_ratio=0.0000 accept=1.0000 swapped=True
i=10 pair=(2,0) lam_t=0.99000 lam_s=1.00254 tsr_diff=0.009326 integral_mean=-0.000502 integral_std=0.025235 log_ratio=-1.2045 accept=0.2998 swapped=False
i=10 pair=(3,1) lam_t=1.00722 lam_s=1.00896 tsr_diff=0.001273 integral_mean=-0.000013 integral_std=0.003572 log_ratio=-0.0317 accept=0.9688 swapped=True
i=10 pair=(5,4) lam_t=1.00961 lam_s=1.00986 tsr_diff=0.000177 integral_mean=-0.000011 integral_std=0.000459 log_ratio=-0.0271 accept=0.9732 swapped=True
i=10 pair=(7,6) lam_t=1.00995 lam_s=1.01000 tsr_diff=0.000039 integral_mean=0.000001 integral_std=0.000077 log_ratio=0.0000 accept=1.0000 swapped=True
i=11 pair=(0,1) lam_t=1.00254 lam_s=1.00722 tsr_diff=0.003825 integral_mean=-0.000487 integral_std=0.012399 log_ratio=-1.1700 accept=0.3104 swapped=False
i=11 pair=(3,4) lam_t=1.00896 lam_s=1.00961 tsr_diff=0.000528 integral_mean=0.000015 integral_std=0.001757 log_ratio=0.0000 accept=1.0000 swapped=True
i=11 pair=(5,6) lam_t=1.00986 lam_s=1.00995 tsr_diff=0.000073 integral_mean=0.000012 integral_std=0.000219 log_ratio=0.0000 accept=1.0000 swapped=True
i=11 pair=(0,1) lam_t=1.00254 lam_s=1.00722 tsr_diff=0.003825 integral_mean=-0.000156 integral_std=0.012056 log_ratio=-0.3741 accept=0.6879 swapped=True
i=11 pair=(4,3) lam_t=1.00896 lam_s=1.00961 tsr_diff=0.000528 integral_mean=-0.000046 integral_std=0.001530 log_ratio=-0.1113 accept=0.8947 swapped=True
i=11 pair=(6,5) lam_t=1.00986 lam_s=1.00995 tsr_diff=0.000073 integral_mean=-0.000012 integral_std=0.000208 log_ratio=-0.0296 accept=0.9709 swapped=True
i=12 pair=(2,1) lam_t=0.99000 lam_s=1.00254 tsr_diff=0.011313 integral_mean=-0.000996 integral_std=0.031917 log_ratio=-2.3901 accept=0.0916 swapped=False
i=12 pair=(0,3) lam_t=1.00722 lam_s=1.00896 tsr_diff=0.001539 integral_mean=-0.000326 integral_std=0.007358 log_ratio=-0.7832 accept=0.4569 swapped=False
i=12 pair=(4,5) lam_t=1.00961 lam_s=1.00986 tsr_diff=0.000213 integral_mean=-0.000075 integral_std=0.000823 log_ratio=-0.1805 accept=0.8349 swapped=False
i=12 pair=(6,7) lam_t=1.00995 lam_s=1.01000 tsr_diff=0.000047 integral_mean=0.000002 integral_std=0.000093 log_ratio=0.0000 accept=1.0000 swapped=True
i=12 pair=(2,1) lam_t=0.99000 lam_s=1.00254 tsr_diff=0.011313 integral_mean=-0.000370 integral_std=0.026779 log_ratio=-0.8886 accept=0.4112 swapped=False
i=12 pair=(0,3) lam_t=1.00722 lam_s=1.00896 tsr_diff=0.001539 integral_mean=-0.000366 integral_std=0.006685 log_ratio=-0.8795 accept=0.4150 swapped=True
i=12 pair=(4,5) lam_t=1.00961 lam_s=1.00986 tsr_diff=0.000213 integral_mean=-0.000049 integral_std=0.000794 log_ratio=-0.1168 accept=0.8898 swapped=True
i=12 pair=(7,6) lam_t=1.00995 lam_s=1.01000 tsr_diff=0.000047 integral_mean=-0.000000 integral_std=0.000090 log_ratio=-0.0001 accept=0.9999 swapped=True
i=13 pair=(1,3) lam_t=1.00254 lam_s=1.00722 tsr_diff=0.004402 integral_mean=-0.001462 integral_std=0.023332 log_ratio=-3.5097 accept=0.0299 swapped=False
i=13 pair=(0,5) lam_t=1.00896 lam_s=1.00961 tsr_diff=0.000607 integral_mean=-0.000350 integral_std=0.004508 log_ratio=-0.8390 accept=0.4322 swapped=False
i=13 pair=(4,6) lam_t=1.00986 lam_s=1.00995 tsr_diff=0.000084 integral_mean=0.000011 integral_std=0.000334 log_ratio=0.0000 accept=1.0000 swapped=True
i=13 pair=(1,3) lam_t=1.00254 lam_s=1.00722 tsr_diff=0.004402 integral_mean=-0.001724 integral_std=0.021285 log_ratio=-4.1374 accept=0.0160 swapped=False
i=13 pair=(0,5) lam_t=1.00896 lam_s=1.00961 tsr_diff=0.000607 integral_mean=-0.000726 integral_std=0.005185 log_ratio=-1.7426 accept=0.1751 swapped=False
i=13 pair=(6,4) lam_t=1.00986 lam_s=1.00995 tsr_diff=0.000084 integral_mean=-0.000005 integral_std=0.000302 log_ratio=-0.0123 accept=0.9878 swapped=True
i=14 pair=(2,1) lam_t=0.99000 lam_s=1.00254 tsr_diff=0.012453 integral_mean=-0.001162 integral_std=0.093424 log_ratio=-2.7881 accept=0.0615 swapped=False
i=14 pair=(3,0) lam_t=1.00722 lam_s=1.00896 tsr_diff=0.001690 integral_mean=0.000509 integral_std=0.029383 log_ratio=0.0000 accept=1.0000 swapped=True
i=14 pair=(5,4) lam_t=1.00961 lam_s=1.00986 tsr_diff=0.000234 integral_mean=0.000533 integral_std=0.003125 log_ratio=0.0000 accept=1.0000 swapped=True
i=14 pair=(6,7) lam_t=1.00995 lam_s=1.01000 tsr_diff=0.000052 integral_mean=-0.000002 integral_std=0.000113 log_ratio=-0.0042 accept=0.9958 swapped=True
i=14 pair=(2,1) lam_t=0.99000 lam_s=1.00254 tsr_diff=0.012453 integral_mean=-0.000761 integral_std=0.070408 log_ratio=-1.8259 accept=0.1611 swapped=False
i=14 pair=(0,3) lam_t=1.00722 lam_s=1.00896 tsr_diff=0.001690 integral_mean=-0.000460 integral_std=0.025643 log_ratio=-1.1046 accept=0.3314 swapped=False
i=14 pair=(4,5) lam_t=1.00961 lam_s=1.00986 tsr_diff=0.000234 integral_mean=-0.000181 integral_std=0.002817 log_ratio=-0.4354 accept=0.6470 swapped=False
i=14 pair=(7,6) lam_t=1.00995 lam_s=1.01000 tsr_diff=0.000052 integral_mean=-0.000002 integral_std=0.000106 log_ratio=-0.0042 accept=0.9958 swapped=True
Best Sample: 2 log probability -0.012
Saved 1 samples to: logs/pointmaze-giant-navigate-v0/inference/plans/release_H400_T256_LimitsNormalizer_b1_condFalse/2026-07-17 13:08:33/33/0.png
Saved 1 samples to: logs/pointmaze-giant-navigate-v0/inference/plans/release_H400_T256_LimitsNormalizer_b1_condFalse/2026-07-17 13:08:33/33/rollout.png
i=0 pair=(0,1) lam_t=0.99000 lam_s=1.00254 tsr_diff=0.000000 integral_mean=0.000000 integral_std=0.000000 log_ratio=0.0000 accept=1.0000 swapped=True
i=0 pair=(2,3) lam_t=1.00722 lam_s=1.00896 tsr_diff=0.000000 integral_mean=0.000000 integral_std=0.000000 log_ratio=0.0000 accept=1.0000 swapped=True
i=0 pair=(4,5) lam_t=1.00961 lam_s=1.00986 tsr_diff=0.000000 integral_mean=0.000000 integral_std=0.000000 log_ratio=0.0000 accept=1.0000 swapped=True
i=0 pair=(6,7) lam_t=1.00995 lam_s=1.01000 tsr_diff=0.000000 integral_mean=0.000000 integral_std=0.000000 log_ratio=0.0000 accept=1.0000 swapped=True
i=0 pair=(1,0) lam_t=0.99000 lam_s=1.00254 tsr_diff=0.000000 integral_mean=0.000000 integral_std=0.000000 log_ratio=0.0000 accept=1.0000 swapped=True
i=0 pair=(3,2) lam_t=1.00722 lam_s=1.00896 tsr_diff=0.000000 integral_mean=0.000000 integral_std=0.000000 log_ratio=0.0000 accept=1.0000 swapped=True
i=0 pair=(5,4) lam_t=1.00961 lam_s=1.00986 tsr_diff=0.000000 integral_mean=0.000000 integral_std=0.000000 log_ratio=0.0000 accept=1.0000 swapped=True
i=0 pair=(7,6) lam_t=1.00995 lam_s=1.01000 tsr_diff=0.000000 integral_mean=0.000000 integral_std=0.000000 log_ratio=0.0000 accept=1.0000 swapped=True
i=1 pair=(1,2) lam_t=1.00254 lam_s=1.00722 tsr_diff=0.000050 integral_mean=-0.000001 integral_std=0.000099 log_ratio=-0.0033 accept=0.9967 swapped=True
i=1 pair=(3,4) lam_t=1.00896 lam_s=1.00961 tsr_diff=0.000007 integral_mean=0.000000 integral_std=0.000013 log_ratio=0.0000 accept=1.0000 swapped=True
i=1 pair=(5,6) lam_t=1.00986 lam_s=1.00995 tsr_diff=0.000001 integral_mean=0.000000 integral_std=0.000002 log_ratio=0.0000 accept=1.0000 swapped=True
i=1 pair=(2,1) lam_t=1.00254 lam_s=1.00722 tsr_diff=0.000050 integral_mean=-0.000004 integral_std=0.000099 log_ratio=-0.0092 accept=0.9909 swapped=True
i=1 pair=(4,3) lam_t=1.00896 lam_s=1.00961 tsr_diff=0.000007 integral_mean=-0.000000 integral_std=0.000015 log_ratio=-0.0007 accept=0.9993 swapped=True
i=1 pair=(6,5) lam_t=1.00986 lam_s=1.00995 tsr_diff=0.000001 integral_mean=0.000000 integral_std=0.000002 log_ratio=0.0000 accept=1.0000 swapped=True
i=2 pair=(0,1) lam_t=0.99000 lam_s=1.00254 tsr_diff=0.000530 integral_mean=-0.000005 integral_std=0.001071 log_ratio=-0.0120 accept=0.9880 swapped=True
i=2 pair=(2,3) lam_t=1.00722 lam_s=1.00896 tsr_diff=0.000074 integral_mean=-0.000001 integral_std=0.000140 log_ratio=-0.0030 accept=0.9970 swapped=True
i=2 pair=(4,5) lam_t=1.00961 lam_s=1.00986 tsr_diff=0.000010 integral_mean=0.000001 integral_std=0.000022 log_ratio=0.0000 accept=1.0000 swapped=True
i=2 pair=(6,7) lam_t=1.00995 lam_s=1.01000 tsr_diff=0.000002 integral_mean=-0.000000 integral_std=0.000005 log_ratio=-0.0008 accept=0.9992 swapped=True
i=2 pair=(1,0) lam_t=0.99000 lam_s=1.00254 tsr_diff=0.000530 integral_mean=-0.000132 integral_std=0.001145 log_ratio=-0.3157 accept=0.7293 swapped=True
i=2 pair=(3,2) lam_t=1.00722 lam_s=1.00896 tsr_diff=0.000074 integral_mean=0.000005 integral_std=0.000150 log_ratio=0.0000 accept=1.0000 swapped=True
i=2 pair=(5,4) lam_t=1.00961 lam_s=1.00986 tsr_diff=0.000010 integral_mean=0.000000 integral_std=0.000021 log_ratio=0.0000 accept=1.0000 swapped=True
i=2 pair=(7,6) lam_t=1.00995 lam_s=1.01000 tsr_diff=0.000002 integral_mean=-0.000000 integral_std=0.000004 log_ratio=-0.0000 accept=1.0000 swapped=True
i=3 pair=(1,2) lam_t=1.00254 lam_s=1.00722 tsr_diff=0.000436 integral_mean=-0.000017 integral_std=0.000878 log_ratio=-0.0404 accept=0.9604 swapped=True
i=3 pair=(3,4) lam_t=1.00896 lam_s=1.00961 tsr_diff=0.000060 integral_mean=0.000002 integral_std=0.000124 log_ratio=0.0000 accept=1.0000 swapped=True
i=3 pair=(5,6) lam_t=1.00986 lam_s=1.00995 tsr_diff=0.000008 integral_mean=0.000000 integral_std=0.000017 log_ratio=0.0000 accept=1.0000 swapped=True
i=3 pair=(2,1) lam_t=1.00254 lam_s=1.00722 tsr_diff=0.000436 integral_mean=0.000018 integral_std=0.000907 log_ratio=0.0000 accept=1.0000 swapped=True
i=3 pair=(4,3) lam_t=1.00896 lam_s=1.00961 tsr_diff=0.000060 integral_mean=-0.000003 integral_std=0.000129 log_ratio=-0.0069 accept=0.9931 swapped=True
i=3 pair=(6,5) lam_t=1.00986 lam_s=1.00995 tsr_diff=0.000008 integral_mean=-0.000000 integral_std=0.000017 log_ratio=-0.0010 accept=0.9990 swapped=True
i=4 pair=(0,1) lam_t=0.99000 lam_s=1.00254 tsr_diff=0.002032 integral_mean=0.000106 integral_std=0.004170 log_ratio=0.0000 accept=1.0000 swapped=True
i=4 pair=(2,3) lam_t=1.00722 lam_s=1.00896 tsr_diff=0.000281 integral_mean=-0.000019 integral_std=0.000604 log_ratio=-0.0446 accept=0.9563 swapped=True
i=4 pair=(4,5) lam_t=1.00961 lam_s=1.00986 tsr_diff=0.000039 integral_mean=-0.000004 integral_std=0.000081 log_ratio=-0.0091 accept=0.9910 swapped=True
i=4 pair=(6,7) lam_t=1.00995 lam_s=1.01000 tsr_diff=0.000009 integral_mean=-0.000000 integral_std=0.000018 log_ratio=-0.0007 accept=0.9993 swapped=True
i=4 pair=(1,0) lam_t=0.99000 lam_s=1.00254 tsr_diff=0.002032 integral_mean=-0.000068 integral_std=0.003994 log_ratio=-0.1627 accept=0.8499 swapped=True
i=4 pair=(3,2) lam_t=1.00722 lam_s=1.00896 tsr_diff=0.000281 integral_mean=0.000023 integral_std=0.000572 log_ratio=0.0000 accept=1.0000 swapped=True
i=4 pair=(5,4) lam_t=1.00961 lam_s=1.00986 tsr_diff=0.000039 integral_mean=0.000001 integral_std=0.000083 log_ratio=0.0000 accept=1.0000 swapped=True
i=4 pair=(7,6) lam_t=1.00995 lam_s=1.01000 tsr_diff=0.000009 integral_mean=0.000001 integral_std=0.000018 log_ratio=0.0000 accept=1.0000 swapped=True
i=5 pair=(1,2) lam_t=1.00254 lam_s=1.00722 tsr_diff=0.001142 integral_mean=-0.000044 integral_std=0.002312 log_ratio=-0.1066 accept=0.8989 swapped=True
i=5 pair=(3,4) lam_t=1.00896 lam_s=1.00961 tsr_diff=0.000158 integral_mean=0.000052 integral_std=0.000389 log_ratio=0.0000 accept=1.0000 swapped=True
i=5 pair=(5,6) lam_t=1.00986 lam_s=1.00995 tsr_diff=0.000022 integral_mean=0.000001 integral_std=0.000045 log_ratio=0.0000 accept=1.0000 swapped=True
i=5 pair=(2,1) lam_t=1.00254 lam_s=1.00722 tsr_diff=0.001142 integral_mean=0.000031 integral_std=0.002422 log_ratio=0.0000 accept=1.0000 swapped=True
i=5 pair=(4,3) lam_t=1.00896 lam_s=1.00961 tsr_diff=0.000158 integral_mean=-0.000026 integral_std=0.000356 log_ratio=-0.0631 accept=0.9388 swapped=True
i=5 pair=(6,5) lam_t=1.00986 lam_s=1.00995 tsr_diff=0.000022 integral_mean=0.000000 integral_std=0.000046 log_ratio=0.0000 accept=1.0000 swapped=True
i=6 pair=(0,1) lam_t=0.99000 lam_s=1.00254 tsr_diff=0.004257 integral_mean=0.000080 integral_std=0.008994 log_ratio=0.0000 accept=1.0000 swapped=True
i=6 pair=(2,3) lam_t=1.00722 lam_s=1.00896 tsr_diff=0.000587 integral_mean=-0.000015 integral_std=0.001356 log_ratio=-0.0356 accept=0.9650 swapped=True
i=6 pair=(4,5) lam_t=1.00961 lam_s=1.00986 tsr_diff=0.000081 integral_mean=0.000003 integral_std=0.000176 log_ratio=0.0000 accept=1.0000 swapped=True
i=6 pair=(6,7) lam_t=1.00995 lam_s=1.01000 tsr_diff=0.000018 integral_mean=-0.000000 integral_std=0.000038 log_ratio=-0.0005 accept=0.9995 swapped=True
i=6 pair=(1,0) lam_t=0.99000 lam_s=1.00254 tsr_diff=0.004257 integral_mean=0.000049 integral_std=0.009173 log_ratio=0.0000 accept=1.0000 swapped=True
i=6 pair=(3,2) lam_t=1.00722 lam_s=1.00896 tsr_diff=0.000587 integral_mean=0.000024 integral_std=0.001280 log_ratio=0.0000 accept=1.0000 swapped=True
i=6 pair=(5,4) lam_t=1.00961 lam_s=1.00986 tsr_diff=0.000081 integral_mean=-0.000005 integral_std=0.000171 log_ratio=-0.0115 accept=0.9886 swapped=True
i=6 pair=(7,6) lam_t=1.00995 lam_s=1.01000 tsr_diff=0.000018 integral_mean=-0.000000 integral_std=0.000040 log_ratio=-0.0003 accept=0.9997 swapped=True
i=7 pair=(1,2) lam_t=1.00254 lam_s=1.00722 tsr_diff=0.002045 integral_mean=-0.000037 integral_std=0.004398 log_ratio=-0.0898 accept=0.9142 swapped=True
i=7 pair=(3,4) lam_t=1.00896 lam_s=1.00961 tsr_diff=0.000283 integral_mean=-0.000020 integral_std=0.000659 log_ratio=-0.0478 accept=0.9533 swapped=True
i=7 pair=(5,6) lam_t=1.00986 lam_s=1.00995 tsr_diff=0.000039 integral_mean=-0.000002 integral_std=0.000078 log_ratio=-0.0054 accept=0.9946 swapped=True
i=7 pair=(2,1) lam_t=1.00254 lam_s=1.00722 tsr_diff=0.002045 integral_mean=0.000100 integral_std=0.004401 log_ratio=0.0000 accept=1.0000 swapped=True
i=7 pair=(4,3) lam_t=1.00896 lam_s=1.00961 tsr_diff=0.000283 integral_mean=0.000020 integral_std=0.000612 log_ratio=0.0000 accept=1.0000 swapped=True
i=7 pair=(6,5) lam_t=1.00986 lam_s=1.00995 tsr_diff=0.000039 integral_mean=0.000002 integral_std=0.000077 log_ratio=0.0000 accept=1.0000 swapped=True
i=8 pair=(0,1) lam_t=0.99000 lam_s=1.00254 tsr_diff=0.006833 integral_mean=-0.000568 integral_std=0.014785 log_ratio=-1.3623 accept=0.2561 swapped=False
i=8 pair=(2,3) lam_t=1.00722 lam_s=1.00896 tsr_diff=0.000937 integral_mean=0.000025 integral_std=0.002110 log_ratio=0.0000 accept=1.0000 swapped=True
i=8 pair=(4,5) lam_t=1.00961 lam_s=1.00986 tsr_diff=0.000130 integral_mean=0.000018 integral_std=0.000310 log_ratio=0.0000 accept=1.0000 swapped=True
i=8 pair=(6,7) lam_t=1.00995 lam_s=1.01000 tsr_diff=0.000029 integral_mean=0.000001 integral_std=0.000068 log_ratio=0.0000 accept=1.0000 swapped=True
i=8 pair=(0,1) lam_t=0.99000 lam_s=1.00254 tsr_diff=0.006833 integral_mean=-0.000196 integral_std=0.014364 log_ratio=-0.4715 accept=0.6240 swapped=False
i=8 pair=(3,2) lam_t=1.00722 lam_s=1.00896 tsr_diff=0.000937 integral_mean=-0.000021 integral_std=0.002103 log_ratio=-0.0506 accept=0.9506 swapped=True
i=8 pair=(5,4) lam_t=1.00961 lam_s=1.00986 tsr_diff=0.000130 integral_mean=-0.000028 integral_std=0.000325 log_ratio=-0.0678 accept=0.9345 swapped=True
i=8 pair=(7,6) lam_t=1.00995 lam_s=1.01000 tsr_diff=0.000029 integral_mean=-0.000003 integral_std=0.000065 log_ratio=-0.0061 accept=0.9939 swapped=True
i=9 pair=(1,2) lam_t=1.00254 lam_s=1.00722 tsr_diff=0.002993 integral_mean=-0.000102 integral_std=0.006979 log_ratio=-0.2437 accept=0.7837 swapped=True
i=9 pair=(3,4) lam_t=1.00896 lam_s=1.00961 tsr_diff=0.000414 integral_mean=-0.000099 integral_std=0.001141 log_ratio=-0.2381 accept=0.7881 swapped=True
i=9 pair=(5,6) lam_t=1.00986 lam_s=1.00995 tsr_diff=0.000057 integral_mean=0.000003 integral_std=0.000116 log_ratio=0.0000 accept=1.0000 swapped=True
i=9 pair=(2,1) lam_t=1.00254 lam_s=1.00722 tsr_diff=0.002993 integral_mean=0.000315 integral_std=0.007276 log_ratio=0.0000 accept=1.0000 swapped=True
i=9 pair=(4,3) lam_t=1.00896 lam_s=1.00961 tsr_diff=0.000414 integral_mean=0.000102 integral_std=0.001136 log_ratio=0.0000 accept=1.0000 swapped=True
i=9 pair=(6,5) lam_t=1.00986 lam_s=1.00995 tsr_diff=0.000057 integral_mean=-0.000005 integral_std=0.000115 log_ratio=-0.0118 accept=0.9883 swapped=True
i=10 pair=(0,1) lam_t=0.99000 lam_s=1.00254 tsr_diff=0.009326 integral_mean=-0.000070 integral_std=0.022374 log_ratio=-0.1670 accept=0.8462 swapped=True
i=10 pair=(2,3) lam_t=1.00722 lam_s=1.00896 tsr_diff=0.001273 integral_mean=0.000012 integral_std=0.003465 log_ratio=0.0000 accept=1.0000 swapped=True
i=10 pair=(4,5) lam_t=1.00961 lam_s=1.00986 tsr_diff=0.000177 integral_mean=0.000069 integral_std=0.000560 log_ratio=0.0000 accept=1.0000 swapped=True
i=10 pair=(6,7) lam_t=1.00995 lam_s=1.01000 tsr_diff=0.000039 integral_mean=-0.000007 integral_std=0.000114 log_ratio=-0.0161 accept=0.9840 swapped=True
i=10 pair=(1,0) lam_t=0.99000 lam_s=1.00254 tsr_diff=0.009326 integral_mean=0.000869 integral_std=0.021642 log_ratio=0.0000 accept=1.0000 swapped=True
i=10 pair=(3,2) lam_t=1.00722 lam_s=1.00896 tsr_diff=0.001273 integral_mean=-0.000007 integral_std=0.003449 log_ratio=-0.0166 accept=0.9835 swapped=True
i=10 pair=(5,4) lam_t=1.00961 lam_s=1.00986 tsr_diff=0.000177 integral_mean=-0.000046 integral_std=0.000508 log_ratio=-0.1094 accept=0.8964 swapped=True
i=10 pair=(7,6) lam_t=1.00995 lam_s=1.01000 tsr_diff=0.000039 integral_mean=0.000005 integral_std=0.000102 log_ratio=0.0000 accept=1.0000 swapped=True
i=11 pair=(1,2) lam_t=1.00254 lam_s=1.00722 tsr_diff=0.003825 integral_mean=0.000029 integral_std=0.011938 log_ratio=0.0000 accept=1.0000 swapped=True
i=11 pair=(3,4) lam_t=1.00896 lam_s=1.00961 tsr_diff=0.000528 integral_mean=-0.000173 integral_std=0.002020 log_ratio=-0.4162 accept=0.6596 swapped=True
i=11 pair=(5,6) lam_t=1.00986 lam_s=1.00995 tsr_diff=0.000073 integral_mean=0.000008 integral_std=0.000145 log_ratio=0.0000 accept=1.0000 swapped=True
i=11 pair=(2,1) lam_t=1.00254 lam_s=1.00722 tsr_diff=0.003825 integral_mean=0.000005 integral_std=0.010777 log_ratio=0.0000 accept=1.0000 swapped=True
i=11 pair=(4,3) lam_t=1.00896 lam_s=1.00961 tsr_diff=0.000528 integral_mean=0.000131 integral_std=0.001806 log_ratio=0.0000 accept=1.0000 swapped=True
i=11 pair=(6,5) lam_t=1.00986 lam_s=1.00995 tsr_diff=0.000073 integral_mean=-0.000007 integral_std=0.000149 log_ratio=-0.0162 accept=0.9839 swapped=True
i=12 pair=(0,1) lam_t=0.99000 lam_s=1.00254 tsr_diff=0.011313 integral_mean=0.001261 integral_std=0.039001 log_ratio=0.0000 accept=1.0000 swapped=True
i=12 pair=(2,3) lam_t=1.00722 lam_s=1.00896 tsr_diff=0.001539 integral_mean=-0.000119 integral_std=0.006152 log_ratio=-0.2844 accept=0.7524 swapped=True
i=12 pair=(4,5) lam_t=1.00961 lam_s=1.00986 tsr_diff=0.000213 integral_mean=0.000117 integral_std=0.000920 log_ratio=0.0000 accept=1.0000 swapped=True
i=12 pair=(6,7) lam_t=1.00995 lam_s=1.01000 tsr_diff=0.000047 integral_mean=-0.000009 integral_std=0.000188 log_ratio=-0.0216 accept=0.9786 swapped=True
i=12 pair=(1,0) lam_t=0.99000 lam_s=1.00254 tsr_diff=0.011313 integral_mean=-0.000510 integral_std=0.031887 log_ratio=-1.2244 accept=0.2939 swapped=False
i=12 pair=(3,2) lam_t=1.00722 lam_s=1.00896 tsr_diff=0.001539 integral_mean=0.000082 integral_std=0.005828 log_ratio=0.0000 accept=1.0000 swapped=True
i=12 pair=(5,4) lam_t=1.00961 lam_s=1.00986 tsr_diff=0.000213 integral_mean=-0.000086 integral_std=0.000858 log_ratio=-0.2059 accept=0.8139 swapped=True
i=12 pair=(7,6) lam_t=1.00995 lam_s=1.01000 tsr_diff=0.000047 integral_mean=0.000010 integral_std=0.000162 log_ratio=0.0000 accept=1.0000 swapped=True
i=13 pair=(0,2) lam_t=1.00254 lam_s=1.00722 tsr_diff=0.004402 integral_mean=-0.000745 integral_std=0.023252 log_ratio=-1.7878 accept=0.1673 swapped=False
i=13 pair=(3,4) lam_t=1.00896 lam_s=1.00961 tsr_diff=0.000607 integral_mean=-0.000336 integral_std=0.004473 log_ratio=-0.8063 accept=0.4465 swapped=False
i=13 pair=(5,6) lam_t=1.00986 lam_s=1.00995 tsr_diff=0.000084 integral_mean=0.000002 integral_std=0.000164 log_ratio=0.0000 accept=1.0000 swapped=True
i=13 pair=(0,2) lam_t=1.00254 lam_s=1.00722 tsr_diff=0.004402 integral_mean=-0.000585 integral_std=0.017713 log_ratio=-1.4034 accept=0.2458 swapped=False
i=13 pair=(3,4) lam_t=1.00896 lam_s=1.00961 tsr_diff=0.000607 integral_mean=-0.000179 integral_std=0.003360 log_ratio=-0.4286 accept=0.6514 swapped=True
i=13 pair=(6,5) lam_t=1.00986 lam_s=1.00995 tsr_diff=0.000084 integral_mean=0.000000 integral_std=0.000169 log_ratio=0.0000 accept=1.0000 swapped=True
i=14 pair=(1,0) lam_t=0.99000 lam_s=1.00254 tsr_diff=0.012453 integral_mean=-0.004372 integral_std=0.118822 log_ratio=-10.4937 accept=0.0000 swapped=False
i=14 pair=(2,4) lam_t=1.00722 lam_s=1.00896 tsr_diff=0.001690 integral_mean=0.000409 integral_std=0.020733 log_ratio=0.0000 accept=1.0000 swapped=True
i=14 pair=(3,5) lam_t=1.00961 lam_s=1.00986 tsr_diff=0.000234 integral_mean=0.000038 integral_std=0.001657 log_ratio=0.0000 accept=1.0000 swapped=True
i=14 pair=(6,7) lam_t=1.00995 lam_s=1.01000 tsr_diff=0.000052 integral_mean=-0.000047 integral_std=0.000731 log_ratio=-0.1123 accept=0.8938 swapped=True
i=14 pair=(1,0) lam_t=0.99000 lam_s=1.00254 tsr_diff=0.012453 integral_mean=-0.000482 integral_std=0.099102 log_ratio=-1.1579 accept=0.3141 swapped=False
i=14 pair=(4,2) lam_t=1.00722 lam_s=1.00896 tsr_diff=0.001690 integral_mean=0.000161 integral_std=0.019487 log_ratio=0.0000 accept=1.0000 swapped=True
i=14 pair=(5,3) lam_t=1.00961 lam_s=1.00986 tsr_diff=0.000234 integral_mean=-0.000013 integral_std=0.001268 log_ratio=-0.0318 accept=0.9687 swapped=True
i=14 pair=(7,6) lam_t=1.00995 lam_s=1.01000 tsr_diff=0.000052 integral_mean=0.000033 integral_std=0.000514 log_ratio=0.0000 accept=1.0000 swapped=True
Best Sample: 6 log probability -0.002
Saved 1 samples to: logs/pointmaze-giant-navigate-v0/inference/plans/release_H400_T256_LimitsNormalizer_b1_condFalse/2026-07-17 13:08:33/34/0.png
Saved 1 samples to: logs/pointmaze-giant-navigate-v0/inference/plans/release_H400_T256_LimitsNormalizer_b1_condFalse/2026-07-17 13:08:33/34/rollout.png
i=0 pair=(0,1) lam_t=0.99000 lam_s=1.00254 tsr_diff=0.000000 integral_mean=0.000000 integral_std=0.000000 log_ratio=0.0000 accept=1.0000 swapped=True
i=0 pair=(2,3) lam_t=1.00722 lam_s=1.00896 tsr_diff=0.000000 integral_mean=0.000000 integral_std=0.000000 log_ratio=0.0000 accept=1.0000 swapped=True
i=0 pair=(4,5) lam_t=1.00961 lam_s=1.00986 tsr_diff=0.000000 integral_mean=0.000000 integral_std=0.000000 log_ratio=0.0000 accept=1.0000 swapped=True
i=0 pair=(6,7) lam_t=1.00995 lam_s=1.01000 tsr_diff=0.000000 integral_mean=0.000000 integral_std=0.000000 log_ratio=0.0000 accept=1.0000 swapped=True
i=0 pair=(1,0) lam_t=0.99000 lam_s=1.00254 tsr_diff=0.000000 integral_mean=0.000000 integral_std=0.000000 log_ratio=0.0000 accept=1.0000 swapped=True
i=0 pair=(3,2) lam_t=1.00722 lam_s=1.00896 tsr_diff=0.000000 integral_mean=0.000000 integral_std=0.000000 log_ratio=0.0000 accept=1.0000 swapped=True
i=0 pair=(5,4) lam_t=1.00961 lam_s=1.00986 tsr_diff=0.000000 integral_mean=0.000000 integral_std=0.000000 log_ratio=0.0000 accept=1.0000 swapped=True
i=0 pair=(7,6) lam_t=1.00995 lam_s=1.01000 tsr_diff=0.000000 integral_mean=0.000000 integral_std=0.000000 log_ratio=0.0000 accept=1.0000 swapped=True
i=1 pair=(1,2) lam_t=1.00254 lam_s=1.00722 tsr_diff=0.000050 integral_mean=0.000003 integral_std=0.000103 log_ratio=0.0000 accept=1.0000 swapped=True
i=1 pair=(3,4) lam_t=1.00896 lam_s=1.00961 tsr_diff=0.000007 integral_mean=-0.000000 integral_std=0.000014 log_ratio=-0.0006 accept=0.9994 swapped=True
i=1 pair=(5,6) lam_t=1.00986 lam_s=1.00995 tsr_diff=0.000001 integral_mean=0.000000 integral_std=0.000002 log_ratio=0.0000 accept=1.0000 swapped=True
i=1 pair=(2,1) lam_t=1.00254 lam_s=1.00722 tsr_diff=0.000050 integral_mean=-0.000001 integral_std=0.000093 log_ratio=-0.0019 accept=0.9981 swapped=True
i=1 pair=(4,3) lam_t=1.00896 lam_s=1.00961 tsr_diff=0.000007 integral_mean=0.000000 integral_std=0.000014 log_ratio=0.0000 accept=1.0000 swapped=True
i=1 pair=(6,5) lam_t=1.00986 lam_s=1.00995 tsr_diff=0.000001 integral_mean=0.000000 integral_std=0.000002 log_ratio=0.0000 accept=1.0000 swapped=True
i=2 pair=(0,1) lam_t=0.99000 lam_s=1.00254 tsr_diff=0.000530 integral_mean=-0.000021 integral_std=0.001084 log_ratio=-0.0508 accept=0.9505 swapped=True
i=2 pair=(2,3) lam_t=1.00722 lam_s=1.00896 tsr_diff=0.000074 integral_mean=-0.000000 integral_std=0.000150 log_ratio=-0.0003 accept=0.9997 swapped=True
i=2 pair=(4,5) lam_t=1.00961 lam_s=1.00986 tsr_diff=0.000010 integral_mean=-0.000000 integral_std=0.000021 log_ratio=-0.0008 accept=0.9992 swapped=True
i=2 pair=(6,7) lam_t=1.00995 lam_s=1.01000 tsr_diff=0.000002 integral_mean=0.000000 integral_std=0.000005 log_ratio=0.0000 accept=1.0000 swapped=True
i=2 pair=(1,0) lam_t=0.99000 lam_s=1.00254 tsr_diff=0.000530 integral_mean=0.000014 integral_std=0.001113 log_ratio=0.0000 accept=1.0000 swapped=True
i=2 pair=(3,2) lam_t=1.00722 lam_s=1.00896 tsr_diff=0.000074 integral_mean=-0.000001 integral_std=0.000144 log_ratio=-0.0028 accept=0.9972 swapped=True
i=2 pair=(5,4) lam_t=1.00961 lam_s=1.00986 tsr_diff=0.000010 integral_mean=-0.000000 integral_std=0.000021 log_ratio=-0.0004 accept=0.9996 swapped=True
i=2 pair=(7,6) lam_t=1.00995 lam_s=1.01000 tsr_diff=0.000002 integral_mean=-0.000000 integral_std=0.000005 log_ratio=-0.0003 accept=0.9997 swapped=True
i=3 pair=(1,2) lam_t=1.00254 lam_s=1.00722 tsr_diff=0.000436 integral_mean=-0.000043 integral_std=0.000939 log_ratio=-0.1034 accept=0.9018 swapped=True
i=3 pair=(3,4) lam_t=1.00896 lam_s=1.00961 tsr_diff=0.000060 integral_mean=-0.000000 integral_std=0.000123 log_ratio=-0.0009 accept=0.9991 swapped=True
i=3 pair=(5,6) lam_t=1.00986 lam_s=1.00995 tsr_diff=0.000008 integral_mean=0.000000 integral_std=0.000018 log_ratio=0.0000 accept=1.0000 swapped=True
i=3 pair=(2,1) lam_t=1.00254 lam_s=1.00722 tsr_diff=0.000436 integral_mean=0.000003 integral_std=0.000873 log_ratio=0.0000 accept=1.0000 swapped=True
i=3 pair=(4,3) lam_t=1.00896 lam_s=1.00961 tsr_diff=0.000060 integral_mean=0.000002 integral_std=0.000121 log_ratio=0.0000 accept=1.0000 swapped=True
i=3 pair=(6,5) lam_t=1.00986 lam_s=1.00995 tsr_diff=0.000008 integral_mean=-0.000000 integral_std=0.000017 log_ratio=-0.0002 accept=0.9998 swapped=True
i=4 pair=(0,1) lam_t=0.99000 lam_s=1.00254 tsr_diff=0.002032 integral_mean=0.000025 integral_std=0.004087 log_ratio=0.0000 accept=1.0000 swapped=True
i=4 pair=(2,3) lam_t=1.00722 lam_s=1.00896 tsr_diff=0.000281 integral_mean=0.000004 integral_std=0.000579 log_ratio=0.0000 accept=1.0000 swapped=True
i=4 pair=(4,5) lam_t=1.00961 lam_s=1.00986 tsr_diff=0.000039 integral_mean=-0.000000 integral_std=0.000085 log_ratio=-0.0004 accept=0.9996 swapped=True
i=4 pair=(6,7) lam_t=1.00995 lam_s=1.01000 tsr_diff=0.000009 integral_mean=0.000000 integral_std=0.000018 log_ratio=0.0000 accept=1.0000 swapped=True
i=4 pair=(1,0) lam_t=0.99000 lam_s=1.00254 tsr_diff=0.002032 integral_mean=-0.000020 integral_std=0.004114 log_ratio=-0.0483 accept=0.9528 swapped=True
i=4 pair=(3,2) lam_t=1.00722 lam_s=1.00896 tsr_diff=0.000281 integral_mean=0.000014 integral_std=0.000579 log_ratio=0.0000 accept=1.0000 swapped=True
i=4 pair=(5,4) lam_t=1.00961 lam_s=1.00986 tsr_diff=0.000039 integral_mean=-0.000004 integral_std=0.000087 log_ratio=-0.0106 accept=0.9895 swapped=True
i=4 pair=(7,6) lam_t=1.00995 lam_s=1.01000 tsr_diff=0.000009 integral_mean=-0.000000 integral_std=0.000017 log_ratio=-0.0004 accept=0.9996 swapped=True
i=5 pair=(1,2) lam_t=1.00254 lam_s=1.00722 tsr_diff=0.001142 integral_mean=-0.000036 integral_std=0.002206 log_ratio=-0.0856 accept=0.9180 swapped=True
i=5 pair=(3,4) lam_t=1.00896 lam_s=1.00961 tsr_diff=0.000158 integral_mean=-0.000013 integral_std=0.000363 log_ratio=-0.0321 accept=0.9684 swapped=True
i=5 pair=(5,6) lam_t=1.00986 lam_s=1.00995 tsr_diff=0.000022 integral_mean=0.000000 integral_std=0.000049 log_ratio=0.0000 accept=1.0000 swapped=True
i=5 pair=(2,1) lam_t=1.00254 lam_s=1.00722 tsr_diff=0.001142 integral_mean=0.000054 integral_std=0.002192 log_ratio=0.0000 accept=1.0000 swapped=True
i=5 pair=(4,3) lam_t=1.00896 lam_s=1.00961 tsr_diff=0.000158 integral_mean=0.000004 integral_std=0.000353 log_ratio=0.0000 accept=1.0000 swapped=True
i=5 pair=(6,5) lam_t=1.00986 lam_s=1.00995 tsr_diff=0.000022 integral_mean=0.000002 integral_std=0.000046 log_ratio=0.0000 accept=1.0000 swapped=True
i=6 pair=(0,1) lam_t=0.99000 lam_s=1.00254 tsr_diff=0.004257 integral_mean=0.000240 integral_std=0.008271 log_ratio=0.0000 accept=1.0000 swapped=True
i=6 pair=(2,3) lam_t=1.00722 lam_s=1.00896 tsr_diff=0.000587 integral_mean=-0.000012 integral_std=0.001211 log_ratio=-0.0287 accept=0.9718 swapped=True
i=6 pair=(4,5) lam_t=1.00961 lam_s=1.00986 tsr_diff=0.000081 integral_mean=-0.000001 integral_std=0.000164 log_ratio=-0.0015 accept=0.9985 swapped=True
i=6 pair=(6,7) lam_t=1.00995 lam_s=1.01000 tsr_diff=0.000018 integral_mean=-0.000000 integral_std=0.000039 log_ratio=-0.0001 accept=0.9999 swapped=True
i=6 pair=(1,0) lam_t=0.99000 lam_s=1.00254 tsr_diff=0.004257 integral_mean=-0.000342 integral_std=0.008692 log_ratio=-0.8206 accept=0.4402 swapped=True
i=6 pair=(3,2) lam_t=1.00722 lam_s=1.00896 tsr_diff=0.000587 integral_mean=0.000001 integral_std=0.001212 log_ratio=0.0000 accept=1.0000 swapped=True
i=6 pair=(5,4) lam_t=1.00961 lam_s=1.00986 tsr_diff=0.000081 integral_mean=-0.000003 integral_std=0.000164 log_ratio=-0.0064 accept=0.9937 swapped=True
i=6 pair=(7,6) lam_t=1.00995 lam_s=1.01000 tsr_diff=0.000018 integral_mean=0.000006 integral_std=0.000050 log_ratio=0.0000 accept=1.0000 swapped=True
i=7 pair=(1,2) lam_t=1.00254 lam_s=1.00722 tsr_diff=0.002045 integral_mean=-0.000023 integral_std=0.004105 log_ratio=-0.0544 accept=0.9471 swapped=True
i=7 pair=(3,4) lam_t=1.00896 lam_s=1.00961 tsr_diff=0.000283 integral_mean=-0.000017 integral_std=0.000639 log_ratio=-0.0417 accept=0.9592 swapped=True
i=7 pair=(5,6) lam_t=1.00986 lam_s=1.00995 tsr_diff=0.000039 integral_mean=-0.000001 integral_std=0.000085 log_ratio=-0.0020 accept=0.9980 swapped=True
i=7 pair=(2,1) lam_t=1.00254 lam_s=1.00722 tsr_diff=0.002045 integral_mean=0.000067 integral_std=0.004111 log_ratio=0.0000 accept=1.0000 swapped=True
i=7 pair=(4,3) lam_t=1.00896 lam_s=1.00961 tsr_diff=0.000283 integral_mean=0.000005 integral_std=0.000639 log_ratio=0.0000 accept=1.0000 swapped=True
i=7 pair=(6,5) lam_t=1.00986 lam_s=1.00995 tsr_diff=0.000039 integral_mean=0.000001 integral_std=0.000081 log_ratio=0.0000 accept=1.0000 swapped=True
i=8 pair=(0,1) lam_t=0.99000 lam_s=1.00254 tsr_diff=0.006833 integral_mean=0.000069 integral_std=0.014679 log_ratio=0.0000 accept=1.0000 swapped=True
i=8 pair=(2,3) lam_t=1.00722 lam_s=1.00896 tsr_diff=0.000937 integral_mean=-0.000004 integral_std=0.002122 log_ratio=-0.0097 accept=0.9904 swapped=True
i=8 pair=(4,5) lam_t=1.00961 lam_s=1.00986 tsr_diff=0.000130 integral_mean=0.000002 integral_std=0.000267 log_ratio=0.0000 accept=1.0000 swapped=True
i=8 pair=(6,7) lam_t=1.00995 lam_s=1.01000 tsr_diff=0.000029 integral_mean=-0.000006 integral_std=0.000076 log_ratio=-0.0156 accept=0.9845 swapped=True
i=8 pair=(1,0) lam_t=0.99000 lam_s=1.00254 tsr_diff=0.006833 integral_mean=-0.000036 integral_std=0.013998 log_ratio=-0.0871 accept=0.9166 swapped=True
i=8 pair=(3,2) lam_t=1.00722 lam_s=1.00896 tsr_diff=0.000937 integral_mean=0.000010 integral_std=0.002034 log_ratio=0.0000 accept=1.0000 swapped=True
i=8 pair=(5,4) lam_t=1.00961 lam_s=1.00986 tsr_diff=0.000130 integral_mean=0.000001 integral_std=0.000265 log_ratio=0.0000 accept=1.0000 swapped=True
i=8 pair=(7,6) lam_t=1.00995 lam_s=1.01000 tsr_diff=0.000029 integral_mean=0.000003 integral_std=0.000069 log_ratio=0.0000 accept=1.0000 swapped=True
i=9 pair=(1,2) lam_t=1.00254 lam_s=1.00722 tsr_diff=0.002993 integral_mean=-0.000221 integral_std=0.006620 log_ratio=-0.5310 accept=0.5880 swapped=False
i=9 pair=(3,4) lam_t=1.00896 lam_s=1.00961 tsr_diff=0.000414 integral_mean=-0.000018 integral_std=0.001044 log_ratio=-0.0442 accept=0.9568 swapped=True
i=9 pair=(5,6) lam_t=1.00986 lam_s=1.00995 tsr_diff=0.000057 integral_mean=-0.000001 integral_std=0.000126 log_ratio=-0.0034 accept=0.9967 swapped=True
i=9 pair=(1,2) lam_t=1.00254 lam_s=1.00722 tsr_diff=0.002993 integral_mean=-0.000113 integral_std=0.006224 log_ratio=-0.2705 accept=0.7630 swapped=True
i=9 pair=(4,3) lam_t=1.00896 lam_s=1.00961 tsr_diff=0.000414 integral_mean=-0.000033 integral_std=0.001063 log_ratio=-0.0799 accept=0.9232 swapped=True
i=9 pair=(6,5) lam_t=1.00986 lam_s=1.00995 tsr_diff=0.000057 integral_mean=0.000001 integral_std=0.000124 log_ratio=0.0000 accept=1.0000 swapped=True
i=10 pair=(0,2) lam_t=0.99000 lam_s=1.00254 tsr_diff=0.009326 integral_mean=-0.000526 integral_std=0.021514 log_ratio=-1.2623 accept=0.2830 swapped=False
i=10 pair=(1,3) lam_t=1.00722 lam_s=1.00896 tsr_diff=0.001273 integral_mean=0.000051 integral_std=0.003273 log_ratio=0.0000 accept=1.0000 swapped=True
i=10 pair=(4,5) lam_t=1.00961 lam_s=1.00986 tsr_diff=0.000177 integral_mean=-0.000002 integral_std=0.000391 log_ratio=-0.0038 accept=0.9962 swapped=True
i=10 pair=(6,7) lam_t=1.00995 lam_s=1.01000 tsr_diff=0.000039 integral_mean=-0.000020 integral_std=0.000148 log_ratio=-0.0475 accept=0.9537 swapped=True
i=10 pair=(0,2) lam_t=0.99000 lam_s=1.00254 tsr_diff=0.009326 integral_mean=-0.000350 integral_std=0.021415 log_ratio=-0.8405 accept=0.4315 swapped=False
i=10 pair=(3,1) lam_t=1.00722 lam_s=1.00896 tsr_diff=0.001273 integral_mean=-0.000038 integral_std=0.003448 log_ratio=-0.0913 accept=0.9128 swapped=True
i=10 pair=(5,4) lam_t=1.00961 lam_s=1.00986 tsr_diff=0.000177 integral_mean=-0.000008 integral_std=0.000376 log_ratio=-0.0196 accept=0.9806 swapped=True
i=10 pair=(7,6) lam_t=1.00995 lam_s=1.01000 tsr_diff=0.000039 integral_mean=0.000011 integral_std=0.000115 log_ratio=0.0000 accept=1.0000 swapped=True
i=11 pair=(2,1) lam_t=1.00254 lam_s=1.00722 tsr_diff=0.003825 integral_mean=-0.000193 integral_std=0.009945 log_ratio=-0.4634 accept=0.6291 swapped=False
i=11 pair=(3,4) lam_t=1.00896 lam_s=1.00961 tsr_diff=0.000528 integral_mean=-0.000025 integral_std=0.001630 log_ratio=-0.0609 accept=0.9409 swapped=True
i=11 pair=(5,6) lam_t=1.00986 lam_s=1.00995 tsr_diff=0.000073 integral_mean=-0.000001 integral_std=0.000196 log_ratio=-0.0036 accept=0.9965 swapped=True
i=11 pair=(2,1) lam_t=1.00254 lam_s=1.00722 tsr_diff=0.003825 integral_mean=-0.000518 integral_std=0.010730 log_ratio=-1.2442 accept=0.2882 swapped=False
i=11 pair=(4,3) lam_t=1.00896 lam_s=1.00961 tsr_diff=0.000528 integral_mean=-0.000000 integral_std=0.001721 log_ratio=-0.0005 accept=0.9995 swapped=True
i=11 pair=(6,5) lam_t=1.00986 lam_s=1.00995 tsr_diff=0.000073 integral_mean=-0.000006 integral_std=0.000178 log_ratio=-0.0142 accept=0.9859 swapped=True
i=12 pair=(0,2) lam_t=0.99000 lam_s=1.00254 tsr_diff=0.011313 integral_mean=-0.001289 integral_std=0.029764 log_ratio=-3.0938 accept=0.0453 swapped=False
i=12 pair=(1,3) lam_t=1.00722 lam_s=1.00896 tsr_diff=0.001539 integral_mean=0.000051 integral_std=0.006200 log_ratio=0.0000 accept=1.0000 swapped=True
i=12 pair=(4,5) lam_t=1.00961 lam_s=1.00986 tsr_diff=0.000213 integral_mean=0.000011 integral_std=0.000626 log_ratio=0.0000 accept=1.0000 swapped=True
i=12 pair=(6,7) lam_t=1.00995 lam_s=1.01000 tsr_diff=0.000047 integral_mean=-0.000015 integral_std=0.000192 log_ratio=-0.0362 accept=0.9645 swapped=True
i=12 pair=(0,2) lam_t=0.99000 lam_s=1.00254 tsr_diff=0.011313 integral_mean=-0.001537 integral_std=0.029465 log_ratio=-3.6879 accept=0.0250 swapped=False
i=12 pair=(3,1) lam_t=1.00722 lam_s=1.00896 tsr_diff=0.001539 integral_mean=-0.000069 integral_std=0.006346 log_ratio=-0.1667 accept=0.8465 swapped=True
i=12 pair=(5,4) lam_t=1.00961 lam_s=1.00986 tsr_diff=0.000213 integral_mean=0.000006 integral_std=0.000568 log_ratio=0.0000 accept=1.0000 swapped=True
i=12 pair=(7,6) lam_t=1.00995 lam_s=1.01000 tsr_diff=0.000047 integral_mean=0.000019 integral_std=0.000218 log_ratio=0.0000 accept=1.0000 swapped=True
i=13 pair=(2,1) lam_t=1.00254 lam_s=1.00722 tsr_diff=0.004402 integral_mean=-0.000562 integral_std=0.021947 log_ratio=-1.3485 accept=0.2596 swapped=False
i=13 pair=(3,4) lam_t=1.00896 lam_s=1.00961 tsr_diff=0.000607 integral_mean=-0.000127 integral_std=0.003604 log_ratio=-0.3038 accept=0.7380 swapped=False
i=13 pair=(5,6) lam_t=1.00986 lam_s=1.00995 tsr_diff=0.000084 integral_mean=-0.000002 integral_std=0.000412 log_ratio=-0.0042 accept=0.9958 swapped=True
i=13 pair=(2,1) lam_t=1.00254 lam_s=1.00722 tsr_diff=0.004402 integral_mean=-0.000991 integral_std=0.019865 log_ratio=-2.3793 accept=0.0926 swapped=False
i=13 pair=(3,4) lam_t=1.00896 lam_s=1.00961 tsr_diff=0.000607 integral_mean=-0.000055 integral_std=0.003750 log_ratio=-0.1319 accept=0.8764 swapped=True
i=13 pair=(6,5) lam_t=1.00986 lam_s=1.00995 tsr_diff=0.000084 integral_mean=0.000008 integral_std=0.000387 log_ratio=0.0000 accept=1.0000 swapped=True
i=14 pair=(0,2) lam_t=0.99000 lam_s=1.00254 tsr_diff=0.012453 integral_mean=-0.001400 integral_std=0.085948 log_ratio=-3.3595 accept=0.0348 swapped=False
i=14 pair=(1,4) lam_t=1.00722 lam_s=1.00896 tsr_diff=0.001690 integral_mean=0.000139 integral_std=0.027349 log_ratio=0.0000 accept=1.0000 swapped=True
i=14 pair=(3,5) lam_t=1.00961 lam_s=1.00986 tsr_diff=0.000234 integral_mean=-0.000168 integral_std=0.002849 log_ratio=-0.4037 accept=0.6678 swapped=False
i=14 pair=(6,7) lam_t=1.00995 lam_s=1.01000 tsr_diff=0.000052 integral_mean=-0.000124 integral_std=0.001518 log_ratio=-0.2980 accept=0.7423 swapped=True
i=14 pair=(0,2) lam_t=0.99000 lam_s=1.00254 tsr_diff=0.012453 integral_mean=-0.001040 integral_std=0.058848 log_ratio=-2.4964 accept=0.0824 swapped=False
i=14 pair=(4,1) lam_t=1.00722 lam_s=1.00896 tsr_diff=0.001690 integral_mean=0.002019 integral_std=0.025454 log_ratio=0.0000 accept=1.0000 swapped=True
i=14 pair=(3,5) lam_t=1.00961 lam_s=1.00986 tsr_diff=0.000234 integral_mean=-0.000073 integral_std=0.002884 log_ratio=-0.1740 accept=0.8403 swapped=True
i=14 pair=(7,6) lam_t=1.00995 lam_s=1.01000 tsr_diff=0.000052 integral_mean=0.000131 integral_std=0.001071 log_ratio=0.0000 accept=1.0000 swapped=True
Best Sample: 0 log probability -3.055
Saved 1 samples to: logs/pointmaze-giant-navigate-v0/inference/plans/release_H400_T256_LimitsNormalizer_b1_condFalse/2026-07-17 13:08:33/35/0.png
Saved 1 samples to: logs/pointmaze-giant-navigate-v0/inference/plans/release_H400_T256_LimitsNormalizer_b1_condFalse/2026-07-17 13:08:33/35/rollout.png
i=0 pair=(0,1) lam_t=0.99000 lam_s=1.00254 tsr_diff=0.000000 integral_mean=0.000000 integral_std=0.000000 log_ratio=0.0000 accept=1.0000 swapped=True
i=0 pair=(2,3) lam_t=1.00722 lam_s=1.00896 tsr_diff=0.000000 integral_mean=0.000000 integral_std=0.000000 log_ratio=0.0000 accept=1.0000 swapped=True
i=0 pair=(4,5) lam_t=1.00961 lam_s=1.00986 tsr_diff=0.000000 integral_mean=0.000000 integral_std=0.000000 log_ratio=0.0000 accept=1.0000 swapped=True
i=0 pair=(6,7) lam_t=1.00995 lam_s=1.01000 tsr_diff=0.000000 integral_mean=0.000000 integral_std=0.000000 log_ratio=0.0000 accept=1.0000 swapped=True
i=0 pair=(1,0) lam_t=0.99000 lam_s=1.00254 tsr_diff=0.000000 integral_mean=0.000000 integral_std=0.000000 log_ratio=0.0000 accept=1.0000 swapped=True
i=0 pair=(3,2) lam_t=1.00722 lam_s=1.00896 tsr_diff=0.000000 integral_mean=0.000000 integral_std=0.000000 log_ratio=0.0000 accept=1.0000 swapped=True
i=0 pair=(5,4) lam_t=1.00961 lam_s=1.00986 tsr_diff=0.000000 integral_mean=0.000000 integral_std=0.000000 log_ratio=0.0000 accept=1.0000 swapped=True
i=0 pair=(7,6) lam_t=1.00995 lam_s=1.01000 tsr_diff=0.000000 integral_mean=0.000000 integral_std=0.000000 log_ratio=0.0000 accept=1.0000 swapped=True
i=1 pair=(1,2) lam_t=1.00254 lam_s=1.00722 tsr_diff=0.000050 integral_mean=-0.000001 integral_std=0.000099 log_ratio=-0.0013 accept=0.9987 swapped=True
i=1 pair=(3,4) lam_t=1.00896 lam_s=1.00961 tsr_diff=0.000007 integral_mean=-0.000000 integral_std=0.000014 log_ratio=-0.0006 accept=0.9994 swapped=True
i=1 pair=(5,6) lam_t=1.00986 lam_s=1.00995 tsr_diff=0.000001 integral_mean=-0.000000 integral_std=0.000002 log_ratio=-0.0001 accept=0.9999 swapped=True
i=1 pair=(2,1) lam_t=1.00254 lam_s=1.00722 tsr_diff=0.000050 integral_mean=0.000001 integral_std=0.000104 log_ratio=0.0000 accept=1.0000 swapped=True
i=1 pair=(4,3) lam_t=1.00896 lam_s=1.00961 tsr_diff=0.000007 integral_mean=-0.000000 integral_std=0.000014 log_ratio=-0.0001 accept=0.9999 swapped=True
i=1 pair=(6,5) lam_t=1.00986 lam_s=1.00995 tsr_diff=0.000001 integral_mean=0.000000 integral_std=0.000002 log_ratio=0.0000 accept=1.0000 swapped=True
i=2 pair=(0,1) lam_t=0.99000 lam_s=1.00254 tsr_diff=0.000530 integral_mean=-0.000023 integral_std=0.001082 log_ratio=-0.0557 accept=0.9458 swapped=True
i=2 pair=(2,3) lam_t=1.00722 lam_s=1.00896 tsr_diff=0.000074 integral_mean=-0.000004 integral_std=0.000143 log_ratio=-0.0094 accept=0.9907 swapped=True
i=2 pair=(4,5) lam_t=1.00961 lam_s=1.00986 tsr_diff=0.000010 integral_mean=-0.000000 integral_std=0.000021 log_ratio=-0.0002 accept=0.9998 swapped=True
i=2 pair=(6,7) lam_t=1.00995 lam_s=1.01000 tsr_diff=0.000002 integral_mean=0.000000 integral_std=0.000005 log_ratio=0.0000 accept=1.0000 swapped=True
i=2 pair=(1,0) lam_t=0.99000 lam_s=1.00254 tsr_diff=0.000530 integral_mean=0.000030 integral_std=0.001105 log_ratio=0.0000 accept=1.0000 swapped=True
i=2 pair=(3,2) lam_t=1.00722 lam_s=1.00896 tsr_diff=0.000074 integral_mean=-0.000007 integral_std=0.000158 log_ratio=-0.0174 accept=0.9827 swapped=True
i=2 pair=(5,4) lam_t=1.00961 lam_s=1.00986 tsr_diff=0.000010 integral_mean=0.000000 integral_std=0.000022 log_ratio=0.0000 accept=1.0000 swapped=True
i=2 pair=(7,6) lam_t=1.00995 lam_s=1.01000 tsr_diff=0.000002 integral_mean=-0.000000 integral_std=0.000005 log_ratio=-0.0000 accept=1.0000 swapped=True
i=3 pair=(1,2) lam_t=1.00254 lam_s=1.00722 tsr_diff=0.000436 integral_mean=-0.000028 integral_std=0.000919 log_ratio=-0.0665 accept=0.9357 swapped=True
i=3 pair=(3,4) lam_t=1.00896 lam_s=1.00961 tsr_diff=0.000060 integral_mean=-0.000001 integral_std=0.000125 log_ratio=-0.0023 accept=0.9977 swapped=True
i=3 pair=(5,6) lam_t=1.00986 lam_s=1.00995 tsr_diff=0.000008 integral_mean=-0.000001 integral_std=0.000018 log_ratio=-0.0018 accept=0.9982 swapped=True
i=3 pair=(2,1) lam_t=1.00254 lam_s=1.00722 tsr_diff=0.000436 integral_mean=-0.000037 integral_std=0.000945 log_ratio=-0.0890 accept=0.9148 swapped=True
i=3 pair=(4,3) lam_t=1.00896 lam_s=1.00961 tsr_diff=0.000060 integral_mean=0.000000 integral_std=0.000125 log_ratio=0.0000 accept=1.0000 swapped=True
i=3 pair=(6,5) lam_t=1.00986 lam_s=1.00995 tsr_diff=0.000008 integral_mean=0.000000 integral_std=0.000018 log_ratio=0.0000 accept=1.0000 swapped=True
i=4 pair=(0,1) lam_t=0.99000 lam_s=1.00254 tsr_diff=0.002032 integral_mean=-0.000364 integral_std=0.004321 log_ratio=-0.8730 accept=0.4177 swapped=True
i=4 pair=(2,3) lam_t=1.00722 lam_s=1.00896 tsr_diff=0.000281 integral_mean=-0.000009 integral_std=0.000559 log_ratio=-0.0216 accept=0.9786 swapped=True
i=4 pair=(4,5) lam_t=1.00961 lam_s=1.00986 tsr_diff=0.000039 integral_mean=0.000001 integral_std=0.000085 log_ratio=0.0000 accept=1.0000 swapped=True
i=4 pair=(6,7) lam_t=1.00995 lam_s=1.01000 tsr_diff=0.000009 integral_mean=-0.000001 integral_std=0.000019 log_ratio=-0.0026 accept=0.9974 swapped=True
i=4 pair=(1,0) lam_t=0.99000 lam_s=1.00254 tsr_diff=0.002032 integral_mean=0.000138 integral_std=0.004305 log_ratio=0.0000 accept=1.0000 swapped=True
i=4 pair=(3,2) lam_t=1.00722 lam_s=1.00896 tsr_diff=0.000281 integral_mean=-0.000001 integral_std=0.000548 log_ratio=-0.0016 accept=0.9984 swapped=True
i=4 pair=(5,4) lam_t=1.00961 lam_s=1.00986 tsr_diff=0.000039 integral_mean=0.000001 integral_std=0.000079 log_ratio=0.0000 accept=1.0000 swapped=True
i=4 pair=(7,6) lam_t=1.00995 lam_s=1.01000 tsr_diff=0.000009 integral_mean=0.000001 integral_std=0.000018 log_ratio=0.0000 accept=1.0000 swapped=True
i=5 pair=(1,2) lam_t=1.00254 lam_s=1.00722 tsr_diff=0.001142 integral_mean=-0.000087 integral_std=0.002484 log_ratio=-0.2087 accept=0.8116 swapped=True
i=5 pair=(3,4) lam_t=1.00896 lam_s=1.00961 tsr_diff=0.000158 integral_mean=-0.000006 integral_std=0.000316 log_ratio=-0.0146 accept=0.9855 swapped=True
i=5 pair=(5,6) lam_t=1.00986 lam_s=1.00995 tsr_diff=0.000022 integral_mean=-0.000001 integral_std=0.000047 log_ratio=-0.0021 accept=0.9979 swapped=True
i=5 pair=(2,1) lam_t=1.00254 lam_s=1.00722 tsr_diff=0.001142 integral_mean=0.000181 integral_std=0.002608 log_ratio=0.0000 accept=1.0000 swapped=True
i=5 pair=(4,3) lam_t=1.00896 lam_s=1.00961 tsr_diff=0.000158 integral_mean=0.000013 integral_std=0.000301 log_ratio=0.0000 accept=1.0000 swapped=True
i=5 pair=(6,5) lam_t=1.00986 lam_s=1.00995 tsr_diff=0.000022 integral_mean=-0.000000 integral_std=0.000047 log_ratio=-0.0000 accept=1.0000 swapped=True
i=6 pair=(0,1) lam_t=0.99000 lam_s=1.00254 tsr_diff=0.004257 integral_mean=0.000053 integral_std=0.009100 log_ratio=0.0000 accept=1.0000 swapped=True
i=6 pair=(2,3) lam_t=1.00722 lam_s=1.00896 tsr_diff=0.000587 integral_mean=0.000127 integral_std=0.001280 log_ratio=0.0000 accept=1.0000 swapped=True
i=6 pair=(4,5) lam_t=1.00961 lam_s=1.00986 tsr_diff=0.000081 integral_mean=0.000000 integral_std=0.000177 log_ratio=0.0000 accept=1.0000 swapped=True
i=6 pair=(6,7) lam_t=1.00995 lam_s=1.01000 tsr_diff=0.000018 integral_mean=-0.000000 integral_std=0.000040 log_ratio=-0.0012 accept=0.9988 swapped=True
i=6 pair=(1,0) lam_t=0.99000 lam_s=1.00254 tsr_diff=0.004257 integral_mean=-0.000101 integral_std=0.009288 log_ratio=-0.2431 accept=0.7842 swapped=True
i=6 pair=(3,2) lam_t=1.00722 lam_s=1.00896 tsr_diff=0.000587 integral_mean=-0.000044 integral_std=0.001198 log_ratio=-0.1050 accept=0.9003 swapped=True
i=6 pair=(5,4) lam_t=1.00961 lam_s=1.00986 tsr_diff=0.000081 integral_mean=-0.000002 integral_std=0.000187 log_ratio=-0.0045 accept=0.9955 swapped=True
i=6 pair=(7,6) lam_t=1.00995 lam_s=1.01000 tsr_diff=0.000018 integral_mean=0.000001 integral_std=0.000041 log_ratio=0.0000 accept=1.0000 swapped=True
i=7 pair=(1,2) lam_t=1.00254 lam_s=1.00722 tsr_diff=0.002045 integral_mean=-0.000113 integral_std=0.004628 log_ratio=-0.2709 accept=0.7627 swapped=True
i=7 pair=(3,4) lam_t=1.00896 lam_s=1.00961 tsr_diff=0.000283 integral_mean=-0.000021 integral_std=0.000627 log_ratio=-0.0509 accept=0.9504 swapped=True
i=7 pair=(5,6) lam_t=1.00986 lam_s=1.00995 tsr_diff=0.000039 integral_mean=0.000011 integral_std=0.000102 log_ratio=0.0000 accept=1.0000 swapped=True
i=7 pair=(2,1) lam_t=1.00254 lam_s=1.00722 tsr_diff=0.002045 integral_mean=0.000168 integral_std=0.004523 log_ratio=0.0000 accept=1.0000 swapped=True
i=7 pair=(4,3) lam_t=1.00896 lam_s=1.00961 tsr_diff=0.000283 integral_mean=0.000007 integral_std=0.000577 log_ratio=0.0000 accept=1.0000 swapped=True
i=7 pair=(6,5) lam_t=1.00986 lam_s=1.00995 tsr_diff=0.000039 integral_mean=-0.000010 integral_std=0.000100 log_ratio=-0.0237 accept=0.9765 swapped=True
i=8 pair=(0,1) lam_t=0.99000 lam_s=1.00254 tsr_diff=0.006833 integral_mean=0.000681 integral_std=0.014710 log_ratio=0.0000 accept=1.0000 swapped=True
i=8 pair=(2,3) lam_t=1.00722 lam_s=1.00896 tsr_diff=0.000937 integral_mean=0.000089 integral_std=0.002011 log_ratio=0.0000 accept=1.0000 swapped=True
i=8 pair=(4,5) lam_t=1.00961 lam_s=1.00986 tsr_diff=0.000130 integral_mean=-0.000020 integral_std=0.000300 log_ratio=-0.0487 accept=0.9524 swapped=True
i=8 pair=(6,7) lam_t=1.00995 lam_s=1.01000 tsr_diff=0.000029 integral_mean=-0.000001 integral_std=0.000066 log_ratio=-0.0030 accept=0.9970 swapped=True
i=8 pair=(1,0) lam_t=0.99000 lam_s=1.00254 tsr_diff=0.006833 integral_mean=-0.000511 integral_std=0.014929 log_ratio=-1.2253 accept=0.2937 swapped=False
i=8 pair=(3,2) lam_t=1.00722 lam_s=1.00896 tsr_diff=0.000937 integral_mean=-0.000083 integral_std=0.001934 log_ratio=-0.1991 accept=0.8194 swapped=True
i=8 pair=(5,4) lam_t=1.00961 lam_s=1.00986 tsr_diff=0.000130 integral_mean=0.000004 integral_std=0.000310 log_ratio=0.0000 accept=1.0000 swapped=True
i=8 pair=(7,6) lam_t=1.00995 lam_s=1.01000 tsr_diff=0.000029 integral_mean=-0.000001 integral_std=0.000068 log_ratio=-0.0027 accept=0.9973 swapped=True
i=9 pair=(0,2) lam_t=1.00254 lam_s=1.00722 tsr_diff=0.002993 integral_mean=-0.000081 integral_std=0.006669 log_ratio=-0.1936 accept=0.8240 swapped=True
i=9 pair=(3,4) lam_t=1.00896 lam_s=1.00961 tsr_diff=0.000414 integral_mean=-0.000036 integral_std=0.000912 log_ratio=-0.0855 accept=0.9180 swapped=False
i=9 pair=(5,6) lam_t=1.00986 lam_s=1.00995 tsr_diff=0.000057 integral_mean=0.000003 integral_std=0.000141 log_ratio=0.0000 accept=1.0000 swapped=True
i=9 pair=(2,0) lam_t=1.00254 lam_s=1.00722 tsr_diff=0.002993 integral_mean=0.000113 integral_std=0.006733 log_ratio=0.0000 accept=1.0000 swapped=True
i=9 pair=(3,4) lam_t=1.00896 lam_s=1.00961 tsr_diff=0.000414 integral_mean=-0.000054 integral_std=0.000936 log_ratio=-0.1299 accept=0.8781 swapped=True
i=9 pair=(6,5) lam_t=1.00986 lam_s=1.00995 tsr_diff=0.000057 integral_mean=-0.000002 integral_std=0.000148 log_ratio=-0.0058 accept=0.9942 swapped=True
i=10 pair=(1,0) lam_t=0.99000 lam_s=1.00254 tsr_diff=0.009326 integral_mean=-0.000247 integral_std=0.023183 log_ratio=-0.5922 accept=0.5531 swapped=False
i=10 pair=(2,4) lam_t=1.00722 lam_s=1.00896 tsr_diff=0.001273 integral_mean=-0.000040 integral_std=0.003397 log_ratio=-0.0948 accept=0.9095 swapped=True
i=10 pair=(3,5) lam_t=1.00961 lam_s=1.00986 tsr_diff=0.000177 integral_mean=-0.000033 integral_std=0.000450 log_ratio=-0.0797 accept=0.9234 swapped=True
i=10 pair=(6,7) lam_t=1.00995 lam_s=1.01000 tsr_diff=0.000039 integral_mean=0.000007 integral_std=0.000103 log_ratio=0.0000 accept=1.0000 swapped=True
i=10 pair=(1,0) lam_t=0.99000 lam_s=1.00254 tsr_diff=0.009326 integral_mean=0.000133 integral_std=0.023499 log_ratio=0.0000 accept=1.0000 swapped=True
i=10 pair=(4,2) lam_t=1.00722 lam_s=1.00896 tsr_diff=0.001273 integral_mean=0.000060 integral_std=0.003465 log_ratio=0.0000 accept=1.0000 swapped=True
i=10 pair=(5,3) lam_t=1.00961 lam_s=1.00986 tsr_diff=0.000177 integral_mean=0.000010 integral_std=0.000418 log_ratio=0.0000 accept=1.0000 swapped=True
i=10 pair=(7,6) lam_t=1.00995 lam_s=1.01000 tsr_diff=0.000039 integral_mean=-0.000005 integral_std=0.000105 log_ratio=-0.0115 accept=0.9885 swapped=True
i=11 pair=(1,2) lam_t=1.00254 lam_s=1.00722 tsr_diff=0.003825 integral_mean=-0.000584 integral_std=0.011555 log_ratio=-1.4006 accept=0.2464 swapped=False
i=11 pair=(4,3) lam_t=1.00896 lam_s=1.00961 tsr_diff=0.000528 integral_mean=0.000078 integral_std=0.001401 log_ratio=0.0000 accept=1.0000 swapped=True
i=11 pair=(5,6) lam_t=1.00986 lam_s=1.00995 tsr_diff=0.000073 integral_mean=-0.000010 integral_std=0.000241 log_ratio=-0.0242 accept=0.9761 swapped=True
i=11 pair=(1,2) lam_t=1.00254 lam_s=1.00722 tsr_diff=0.003825 integral_mean=-0.000215 integral_std=0.009836 log_ratio=-0.5162 accept=0.5968 swapped=True
i=11 pair=(3,4) lam_t=1.00896 lam_s=1.00961 tsr_diff=0.000528 integral_mean=-0.000082 integral_std=0.001373 log_ratio=-0.1966 accept=0.8215 swapped=True
i=11 pair=(6,5) lam_t=1.00986 lam_s=1.00995 tsr_diff=0.000073 integral_mean=0.000005 integral_std=0.000240 log_ratio=0.0000 accept=1.0000 swapped=True
i=12 pair=(0,2) lam_t=0.99000 lam_s=1.00254 tsr_diff=0.011313 integral_mean=-0.000736 integral_std=0.032878 log_ratio=-1.7663 accept=0.1710 swapped=False
i=12 pair=(1,4) lam_t=1.00722 lam_s=1.00896 tsr_diff=0.001539 integral_mean=-0.000350 integral_std=0.005702 log_ratio=-0.8412 accept=0.4312 swapped=False
i=12 pair=(3,5) lam_t=1.00961 lam_s=1.00986 tsr_diff=0.000213 integral_mean=-0.000022 integral_std=0.000665 log_ratio=-0.0539 accept=0.9475 swapped=True
i=12 pair=(6,7) lam_t=1.00995 lam_s=1.01000 tsr_diff=0.000047 integral_mean=0.000013 integral_std=0.000191 log_ratio=0.0000 accept=1.0000 swapped=True
i=12 pair=(0,2) lam_t=0.99000 lam_s=1.00254 tsr_diff=0.011313 integral_mean=-0.000898 integral_std=0.031830 log_ratio=-2.1550 accept=0.1159 swapped=False
i=12 pair=(1,4) lam_t=1.00722 lam_s=1.00896 tsr_diff=0.001539 integral_mean=-0.000293 integral_std=0.005702 log_ratio=-0.7022 accept=0.4955 swapped=False
i=12 pair=(5,3) lam_t=1.00961 lam_s=1.00986 tsr_diff=0.000213 integral_mean=0.000028 integral_std=0.000629 log_ratio=0.0000 accept=1.0000 swapped=True
i=12 pair=(7,6) lam_t=1.00995 lam_s=1.01000 tsr_diff=0.000047 integral_mean=-0.000008 integral_std=0.000166 log_ratio=-0.0182 accept=0.9820 swapped=True
i=13 pair=(2,1) lam_t=1.00254 lam_s=1.00722 tsr_diff=0.004402 integral_mean=0.001187 integral_std=0.021249 log_ratio=0.0000 accept=1.0000 swapped=True
i=13 pair=(4,3) lam_t=1.00896 lam_s=1.00961 tsr_diff=0.000607 integral_mean=0.000219 integral_std=0.002731 log_ratio=0.0000 accept=1.0000 swapped=True
i=13 pair=(5,6) lam_t=1.00986 lam_s=1.00995 tsr_diff=0.000084 integral_mean=-0.000002 integral_std=0.000494 log_ratio=-0.0041 accept=0.9959 swapped=True
i=13 pair=(1,2) lam_t=1.00254 lam_s=1.00722 tsr_diff=0.004402 integral_mean=-0.001024 integral_std=0.019980 log_ratio=-2.4569 accept=0.0857 swapped=False
i=13 pair=(3,4) lam_t=1.00896 lam_s=1.00961 tsr_diff=0.000607 integral_mean=-0.000167 integral_std=0.002317 log_ratio=-0.4003 accept=0.6701 swapped=True
i=13 pair=(6,5) lam_t=1.00986 lam_s=1.00995 tsr_diff=0.000084 integral_mean=0.000038 integral_std=0.000518 log_ratio=0.0000 accept=1.0000 swapped=True
i=14 pair=(0,1) lam_t=0.99000 lam_s=1.00254 tsr_diff=0.012453 integral_mean=-0.001260 integral_std=0.073420 log_ratio=-3.0245 accept=0.0486 swapped=False
i=14 pair=(2,4) lam_t=1.00722 lam_s=1.00896 tsr_diff=0.001690 integral_mean=-0.000369 integral_std=0.024715 log_ratio=-0.8864 accept=0.4121 swapped=False
i=14 pair=(3,5) lam_t=1.00961 lam_s=1.00986 tsr_diff=0.000234 integral_mean=-0.000073 integral_std=0.001833 log_ratio=-0.1753 accept=0.8392 swapped=True
i=14 pair=(6,7) lam_t=1.00995 lam_s=1.01000 tsr_diff=0.000052 integral_mean=0.000061 integral_std=0.000628 log_ratio=0.0000 accept=1.0000 swapped=True
i=14 pair=(0,1) lam_t=0.99000 lam_s=1.00254 tsr_diff=0.012453 integral_mean=-0.000008 integral_std=0.073011 log_ratio=-0.0197 accept=0.9805 swapped=True
i=14 pair=(2,4) lam_t=1.00722 lam_s=1.00896 tsr_diff=0.001690 integral_mean=-0.000348 integral_std=0.019671 log_ratio=-0.8363 accept=0.4333 swapped=False
i=14 pair=(5,3) lam_t=1.00961 lam_s=1.00986 tsr_diff=0.000234 integral_mean=0.000166 integral_std=0.002080 log_ratio=0.0000 accept=1.0000 swapped=True
i=14 pair=(7,6) lam_t=1.00995 lam_s=1.01000 tsr_diff=0.000052 integral_mean=-0.000055 integral_std=0.000616 log_ratio=-0.1321 accept=0.8763 swapped=True
Best Sample: 1 log probability -0.189
Saved 1 samples to: logs/pointmaze-giant-navigate-v0/inference/plans/release_H400_T256_LimitsNormalizer_b1_condFalse/2026-07-17 13:08:33/36/0.png
Saved 1 samples to: logs/pointmaze-giant-navigate-v0/inference/plans/release_H400_T256_LimitsNormalizer_b1_condFalse/2026-07-17 13:08:33/36/rollout.png
i=0 pair=(0,1) lam_t=0.99000 lam_s=1.00254 tsr_diff=0.000000 integral_mean=0.000000 integral_std=0.000000 log_ratio=0.0000 accept=1.0000 swapped=True
i=0 pair=(2,3) lam_t=1.00722 lam_s=1.00896 tsr_diff=0.000000 integral_mean=0.000000 integral_std=0.000000 log_ratio=0.0000 accept=1.0000 swapped=True
i=0 pair=(4,5) lam_t=1.00961 lam_s=1.00986 tsr_diff=0.000000 integral_mean=0.000000 integral_std=0.000000 log_ratio=0.0000 accept=1.0000 swapped=True
i=0 pair=(6,7) lam_t=1.00995 lam_s=1.01000 tsr_diff=0.000000 integral_mean=0.000000 integral_std=0.000000 log_ratio=0.0000 accept=1.0000 swapped=True
i=0 pair=(1,0) lam_t=0.99000 lam_s=1.00254 tsr_diff=0.000000 integral_mean=0.000000 integral_std=0.000000 log_ratio=0.0000 accept=1.0000 swapped=True
i=0 pair=(3,2) lam_t=1.00722 lam_s=1.00896 tsr_diff=0.000000 integral_mean=0.000000 integral_std=0.000000 log_ratio=0.0000 accept=1.0000 swapped=True
i=0 pair=(5,4) lam_t=1.00961 lam_s=1.00986 tsr_diff=0.000000 integral_mean=0.000000 integral_std=0.000000 log_ratio=0.0000 accept=1.0000 swapped=True
i=0 pair=(7,6) lam_t=1.00995 lam_s=1.01000 tsr_diff=0.000000 integral_mean=0.000000 integral_std=0.000000 log_ratio=0.0000 accept=1.0000 swapped=True
i=1 pair=(1,2) lam_t=1.00254 lam_s=1.00722 tsr_diff=0.000050 integral_mean=0.000000 integral_std=0.000101 log_ratio=0.0000 accept=1.0000 swapped=True
i=1 pair=(3,4) lam_t=1.00896 lam_s=1.00961 tsr_diff=0.000007 integral_mean=-0.000000 integral_std=0.000013 log_ratio=-0.0004 accept=0.9996 swapped=True
i=1 pair=(5,6) lam_t=1.00986 lam_s=1.00995 tsr_diff=0.000001 integral_mean=-0.000000 integral_std=0.000002 log_ratio=-0.0001 accept=0.9999 swapped=True
i=1 pair=(2,1) lam_t=1.00254 lam_s=1.00722 tsr_diff=0.000050 integral_mean=-0.000002 integral_std=0.000103 log_ratio=-0.0038 accept=0.9962 swapped=True
i=1 pair=(4,3) lam_t=1.00896 lam_s=1.00961 tsr_diff=0.000007 integral_mean=0.000000 integral_std=0.000015 log_ratio=0.0000 accept=1.0000 swapped=True
i=1 pair=(6,5) lam_t=1.00986 lam_s=1.00995 tsr_diff=0.000001 integral_mean=-0.000000 integral_std=0.000002 log_ratio=-0.0001 accept=0.9999 swapped=True
i=2 pair=(0,1) lam_t=0.99000 lam_s=1.00254 tsr_diff=0.000530 integral_mean=0.000029 integral_std=0.001121 log_ratio=0.0000 accept=1.0000 swapped=True
i=2 pair=(2,3) lam_t=1.00722 lam_s=1.00896 tsr_diff=0.000074 integral_mean=-0.000004 integral_std=0.000146 log_ratio=-0.0095 accept=0.9905 swapped=True
i=2 pair=(4,5) lam_t=1.00961 lam_s=1.00986 tsr_diff=0.000010 integral_mean=-0.000000 integral_std=0.000022 log_ratio=-0.0003 accept=0.9997 swapped=True
i=2 pair=(6,7) lam_t=1.00995 lam_s=1.01000 tsr_diff=0.000002 integral_mean=0.000000 integral_std=0.000004 log_ratio=0.0000 accept=1.0000 swapped=True
i=2 pair=(1,0) lam_t=0.99000 lam_s=1.00254 tsr_diff=0.000530 integral_mean=0.000104 integral_std=0.001235 log_ratio=0.0000 accept=1.0000 swapped=True
i=2 pair=(3,2) lam_t=1.00722 lam_s=1.00896 tsr_diff=0.000074 integral_mean=-0.000019 integral_std=0.000177 log_ratio=-0.0455 accept=0.9555 swapped=True
i=2 pair=(5,4) lam_t=1.00961 lam_s=1.00986 tsr_diff=0.000010 integral_mean=0.000000 integral_std=0.000021 log_ratio=0.0000 accept=1.0000 swapped=True
i=2 pair=(7,6) lam_t=1.00995 lam_s=1.01000 tsr_diff=0.000002 integral_mean=0.000000 integral_std=0.000005 log_ratio=0.0000 accept=1.0000 swapped=True
i=3 pair=(1,2) lam_t=1.00254 lam_s=1.00722 tsr_diff=0.000436 integral_mean=-0.000005 integral_std=0.001006 log_ratio=-0.0126 accept=0.9875 swapped=True
i=3 pair=(3,4) lam_t=1.00896 lam_s=1.00961 tsr_diff=0.000060 integral_mean=-0.000004 integral_std=0.000131 log_ratio=-0.0094 accept=0.9907 swapped=True
i=3 pair=(5,6) lam_t=1.00986 lam_s=1.00995 tsr_diff=0.000008 integral_mean=0.000000 integral_std=0.000020 log_ratio=0.0000 accept=1.0000 swapped=True
i=3 pair=(2,1) lam_t=1.00254 lam_s=1.00722 tsr_diff=0.000436 integral_mean=0.000012 integral_std=0.000892 log_ratio=0.0000 accept=1.0000 swapped=True
i=3 pair=(4,3) lam_t=1.00896 lam_s=1.00961 tsr_diff=0.000060 integral_mean=0.000005 integral_std=0.000128 log_ratio=0.0000 accept=1.0000 swapped=True
i=3 pair=(6,5) lam_t=1.00986 lam_s=1.00995 tsr_diff=0.000008 integral_mean=-0.000000 integral_std=0.000018 log_ratio=-0.0004 accept=0.9996 swapped=True
i=4 pair=(0,1) lam_t=0.99000 lam_s=1.00254 tsr_diff=0.002032 integral_mean=-0.000349 integral_std=0.004545 log_ratio=-0.8385 accept=0.4324 swapped=True
i=4 pair=(2,3) lam_t=1.00722 lam_s=1.00896 tsr_diff=0.000281 integral_mean=0.000031 integral_std=0.000618 log_ratio=0.0000 accept=1.0000 swapped=True
i=4 pair=(4,5) lam_t=1.00961 lam_s=1.00986 tsr_diff=0.000039 integral_mean=-0.000000 integral_std=0.000084 log_ratio=-0.0002 accept=0.9998 swapped=True
i=4 pair=(6,7) lam_t=1.00995 lam_s=1.01000 tsr_diff=0.000009 integral_mean=-0.000000 integral_std=0.000018 log_ratio=-0.0005 accept=0.9995 swapped=True
i=4 pair=(1,0) lam_t=0.99000 lam_s=1.00254 tsr_diff=0.002032 integral_mean=0.000052 integral_std=0.004246 log_ratio=0.0000 accept=1.0000 swapped=True
i=4 pair=(3,2) lam_t=1.00722 lam_s=1.00896 tsr_diff=0.000281 integral_mean=-0.000030 integral_std=0.000614 log_ratio=-0.0721 accept=0.9305 swapped=True
i=4 pair=(5,4) lam_t=1.00961 lam_s=1.00986 tsr_diff=0.000039 integral_mean=0.000000 integral_std=0.000085 log_ratio=0.0000 accept=1.0000 swapped=True
i=4 pair=(7,6) lam_t=1.00995 lam_s=1.01000 tsr_diff=0.000009 integral_mean=0.000000 integral_std=0.000018 log_ratio=0.0000 accept=1.0000 swapped=True
i=5 pair=(1,2) lam_t=1.00254 lam_s=1.00722 tsr_diff=0.001142 integral_mean=-0.000153 integral_std=0.002682 log_ratio=-0.3667 accept=0.6930 swapped=False
i=5 pair=(3,4) lam_t=1.00896 lam_s=1.00961 tsr_diff=0.000158 integral_mean=-0.000000 integral_std=0.000343 log_ratio=-0.0002 accept=0.9998 swapped=True
i=5 pair=(5,6) lam_t=1.00986 lam_s=1.00995 tsr_diff=0.000022 integral_mean=0.000001 integral_std=0.000046 log_ratio=0.0000 accept=1.0000 swapped=True
i=5 pair=(1,2) lam_t=1.00254 lam_s=1.00722 tsr_diff=0.001142 integral_mean=-0.000111 integral_std=0.002660 log_ratio=-0.2654 accept=0.7669 swapped=False
i=5 pair=(4,3) lam_t=1.00896 lam_s=1.00961 tsr_diff=0.000158 integral_mean=0.000011 integral_std=0.000357 log_ratio=0.0000 accept=1.0000 swapped=True
i=5 pair=(6,5) lam_t=1.00986 lam_s=1.00995 tsr_diff=0.000022 integral_mean=-0.000002 integral_std=0.000046 log_ratio=-0.0042 accept=0.9958 swapped=True
i=6 pair=(0,1) lam_t=0.99000 lam_s=1.00254 tsr_diff=0.004257 integral_mean=-0.000177 integral_std=0.009048 log_ratio=-0.4259 accept=0.6532 swapped=True
i=6 pair=(2,3) lam_t=1.00722 lam_s=1.00896 tsr_diff=0.000587 integral_mean=0.000069 integral_std=0.001312 log_ratio=0.0000 accept=1.0000 swapped=True
i=6 pair=(4,5) lam_t=1.00961 lam_s=1.00986 tsr_diff=0.000081 integral_mean=-0.000001 integral_std=0.000177 log_ratio=-0.0016 accept=0.9984 swapped=True
i=6 pair=(6,7) lam_t=1.00995 lam_s=1.01000 tsr_diff=0.000018 integral_mean=-0.000001 integral_std=0.000037 log_ratio=-0.0022 accept=0.9978 swapped=True
i=6 pair=(1,0) lam_t=0.99000 lam_s=1.00254 tsr_diff=0.004257 integral_mean=0.000298 integral_std=0.009051 log_ratio=0.0000 accept=1.0000 swapped=True
i=6 pair=(3,2) lam_t=1.00722 lam_s=1.00896 tsr_diff=0.000587 integral_mean=-0.000064 integral_std=0.001356 log_ratio=-0.1536 accept=0.8576 swapped=True
i=6 pair=(5,4) lam_t=1.00961 lam_s=1.00986 tsr_diff=0.000081 integral_mean=-0.000002 integral_std=0.000171 log_ratio=-0.0042 accept=0.9958 swapped=True
i=6 pair=(7,6) lam_t=1.00995 lam_s=1.01000 tsr_diff=0.000018 integral_mean=0.000000 integral_std=0.000038 log_ratio=0.0000 accept=1.0000 swapped=True
i=7 pair=(1,2) lam_t=1.00254 lam_s=1.00722 tsr_diff=0.002045 integral_mean=-0.000072 integral_std=0.004810 log_ratio=-0.1726 accept=0.8415 swapped=True
i=7 pair=(3,4) lam_t=1.00896 lam_s=1.00961 tsr_diff=0.000283 integral_mean=-0.000003 integral_std=0.000640 log_ratio=-0.0077 accept=0.9923 swapped=True
i=7 pair=(5,6) lam_t=1.00986 lam_s=1.00995 tsr_diff=0.000039 integral_mean=0.000000 integral_std=0.000082 log_ratio=0.0000 accept=1.0000 swapped=True
i=7 pair=(2,1) lam_t=1.00254 lam_s=1.00722 tsr_diff=0.002045 integral_mean=0.000030 integral_std=0.004403 log_ratio=0.0000 accept=1.0000 swapped=True
i=7 pair=(4,3) lam_t=1.00896 lam_s=1.00961 tsr_diff=0.000283 integral_mean=0.000020 integral_std=0.000615 log_ratio=0.0000 accept=1.0000 swapped=True
i=7 pair=(6,5) lam_t=1.00986 lam_s=1.00995 tsr_diff=0.000039 integral_mean=0.000000 integral_std=0.000084 log_ratio=0.0000 accept=1.0000 swapped=True
i=8 pair=(0,1) lam_t=0.99000 lam_s=1.00254 tsr_diff=0.006833 integral_mean=-0.000096 integral_std=0.014647 log_ratio=-0.2304 accept=0.7942 swapped=True
i=8 pair=(2,3) lam_t=1.00722 lam_s=1.00896 tsr_diff=0.000937 integral_mean=0.000095 integral_std=0.002045 log_ratio=0.0000 accept=1.0000 swapped=True
i=8 pair=(4,5) lam_t=1.00961 lam_s=1.00986 tsr_diff=0.000130 integral_mean=-0.000000 integral_std=0.000294 log_ratio=-0.0008 accept=0.9992 swapped=True
i=8 pair=(6,7) lam_t=1.00995 lam_s=1.01000 tsr_diff=0.000029 integral_mean=0.000003 integral_std=0.000064 log_ratio=0.0000 accept=1.0000 swapped=True
i=8 pair=(1,0) lam_t=0.99000 lam_s=1.00254 tsr_diff=0.006833 integral_mean=0.000284 integral_std=0.014362 log_ratio=0.0000 accept=1.0000 swapped=True
i=8 pair=(3,2) lam_t=1.00722 lam_s=1.00896 tsr_diff=0.000937 integral_mean=-0.000084 integral_std=0.002136 log_ratio=-0.2017 accept=0.8173 swapped=True
i=8 pair=(5,4) lam_t=1.00961 lam_s=1.00986 tsr_diff=0.000130 integral_mean=-0.000003 integral_std=0.000289 log_ratio=-0.0078 accept=0.9922 swapped=True
i=8 pair=(7,6) lam_t=1.00995 lam_s=1.01000 tsr_diff=0.000029 integral_mean=-0.000002 integral_std=0.000065 log_ratio=-0.0043 accept=0.9957 swapped=True
i=9 pair=(1,2) lam_t=1.00254 lam_s=1.00722 tsr_diff=0.002993 integral_mean=-0.000107 integral_std=0.007097 log_ratio=-0.2560 accept=0.7742 swapped=True
i=9 pair=(3,4) lam_t=1.00896 lam_s=1.00961 tsr_diff=0.000414 integral_mean=-0.000011 integral_std=0.001039 log_ratio=-0.0269 accept=0.9735 swapped=True
i=9 pair=(5,6) lam_t=1.00986 lam_s=1.00995 tsr_diff=0.000057 integral_mean=-0.000000 integral_std=0.000133 log_ratio=-0.0005 accept=0.9995 swapped=True
i=9 pair=(2,1) lam_t=1.00254 lam_s=1.00722 tsr_diff=0.002993 integral_mean=0.000223 integral_std=0.007538 log_ratio=0.0000 accept=1.0000 swapped=True
i=9 pair=(4,3) lam_t=1.00896 lam_s=1.00961 tsr_diff=0.000414 integral_mean=-0.000018 integral_std=0.001038 log_ratio=-0.0427 accept=0.9582 swapped=True
i=9 pair=(6,5) lam_t=1.00986 lam_s=1.00995 tsr_diff=0.000057 integral_mean=0.000003 integral_std=0.000123 log_ratio=0.0000 accept=1.0000 swapped=True
i=10 pair=(0,1) lam_t=0.99000 lam_s=1.00254 tsr_diff=0.009326 integral_mean=-0.000343 integral_std=0.023726 log_ratio=-0.8239 accept=0.4387 swapped=False
i=10 pair=(2,3) lam_t=1.00722 lam_s=1.00896 tsr_diff=0.001273 integral_mean=0.000064 integral_std=0.003942 log_ratio=0.0000 accept=1.0000 swapped=True
i=10 pair=(4,5) lam_t=1.00961 lam_s=1.00986 tsr_diff=0.000177 integral_mean=0.000045 integral_std=0.000507 log_ratio=0.0000 accept=1.0000 swapped=True
i=10 pair=(6,7) lam_t=1.00995 lam_s=1.01000 tsr_diff=0.000039 integral_mean=-0.000002 integral_std=0.000100 log_ratio=-0.0044 accept=0.9956 swapped=True
i=10 pair=(0,1) lam_t=0.99000 lam_s=1.00254 tsr_diff=0.009326 integral_mean=0.000389 integral_std=0.022747 log_ratio=0.0000 accept=1.0000 swapped=True
i=10 pair=(3,2) lam_t=1.00722 lam_s=1.00896 tsr_diff=0.001273 integral_mean=-0.000017 integral_std=0.003414 log_ratio=-0.0408 accept=0.9600 swapped=True
i=10 pair=(5,4) lam_t=1.00961 lam_s=1.00986 tsr_diff=0.000177 integral_mean=-0.000023 integral_std=0.000441 log_ratio=-0.0546 accept=0.9469 swapped=False
i=10 pair=(7,6) lam_t=1.00995 lam_s=1.01000 tsr_diff=0.000039 integral_mean=0.000003 integral_std=0.000101 log_ratio=0.0000 accept=1.0000 swapped=True
i=11 pair=(0,2) lam_t=1.00254 lam_s=1.00722 tsr_diff=0.003825 integral_mean=-0.000655 integral_std=0.012840 log_ratio=-1.5718 accept=0.2077 swapped=False
i=11 pair=(3,5) lam_t=1.00896 lam_s=1.00961 tsr_diff=0.000528 integral_mean=0.000078 integral_std=0.001391 log_ratio=0.0000 accept=1.0000 swapped=True
i=11 pair=(4,6) lam_t=1.00986 lam_s=1.00995 tsr_diff=0.000073 integral_mean=0.000014 integral_std=0.000230 log_ratio=0.0000 accept=1.0000 swapped=True
i=11 pair=(0,2) lam_t=1.00254 lam_s=1.00722 tsr_diff=0.003825 integral_mean=-0.000707 integral_std=0.011552 log_ratio=-1.6977 accept=0.1831 swapped=False
i=11 pair=(5,3) lam_t=1.00896 lam_s=1.00961 tsr_diff=0.000528 integral_mean=-0.000002 integral_std=0.001352 log_ratio=-0.0047 accept=0.9954 swapped=True
i=11 pair=(6,4) lam_t=1.00986 lam_s=1.00995 tsr_diff=0.000073 integral_mean=-0.000012 integral_std=0.000208 log_ratio=-0.0292 accept=0.9712 swapped=True
i=12 pair=(1,0) lam_t=0.99000 lam_s=1.00254 tsr_diff=0.011313 integral_mean=0.001201 integral_std=0.044633 log_ratio=0.0000 accept=1.0000 swapped=True
i=12 pair=(2,3) lam_t=1.00722 lam_s=1.00896 tsr_diff=0.001539 integral_mean=0.000610 integral_std=0.007701 log_ratio=0.0000 accept=1.0000 swapped=True
i=12 pair=(5,4) lam_t=1.00961 lam_s=1.00986 tsr_diff=0.000213 integral_mean=-0.000055 integral_std=0.000766 log_ratio=-0.1331 accept=0.8754 swapped=True
i=12 pair=(6,7) lam_t=1.00995 lam_s=1.01000 tsr_diff=0.000047 integral_mean=-0.000010 integral_std=0.000181 log_ratio=-0.0234 accept=0.9768 swapped=True
i=12 pair=(0,1) lam_t=0.99000 lam_s=1.00254 tsr_diff=0.011313 integral_mean=-0.000738 integral_std=0.044845 log_ratio=-1.7702 accept=0.1703 swapped=True
i=12 pair=(3,2) lam_t=1.00722 lam_s=1.00896 tsr_diff=0.001539 integral_mean=-0.000255 integral_std=0.005823 log_ratio=-0.6117 accept=0.5424 swapped=True
i=12 pair=(4,5) lam_t=1.00961 lam_s=1.00986 tsr_diff=0.000213 integral_mean=0.000030 integral_std=0.000732 log_ratio=0.0000 accept=1.0000 swapped=True
i=12 pair=(7,6) lam_t=1.00995 lam_s=1.01000 tsr_diff=0.000047 integral_mean=0.000005 integral_std=0.000169 log_ratio=0.0000 accept=1.0000 swapped=True
i=13 pair=(0,2) lam_t=1.00254 lam_s=1.00722 tsr_diff=0.004402 integral_mean=-0.000745 integral_std=0.020568 log_ratio=-1.7869 accept=0.1675 swapped=False
i=13 pair=(3,5) lam_t=1.00896 lam_s=1.00961 tsr_diff=0.000607 integral_mean=0.000119 integral_std=0.002211 log_ratio=0.0000 accept=1.0000 swapped=True
i=13 pair=(4,6) lam_t=1.00986 lam_s=1.00995 tsr_diff=0.000084 integral_mean=0.000018 integral_std=0.000413 log_ratio=0.0000 accept=1.0000 swapped=True
i=13 pair=(0,2) lam_t=1.00254 lam_s=1.00722 tsr_diff=0.004402 integral_mean=-0.000495 integral_std=0.019299 log_ratio=-1.1884 accept=0.3047 swapped=False
i=13 pair=(5,3) lam_t=1.00896 lam_s=1.00961 tsr_diff=0.000607 integral_mean=-0.000088 integral_std=0.002306 log_ratio=-0.2116 accept=0.8093 swapped=False
i=13 pair=(6,4) lam_t=1.00986 lam_s=1.00995 tsr_diff=0.000084 integral_mean=-0.000005 integral_std=0.000310 log_ratio=-0.0115 accept=0.9885 swapped=True
i=14 pair=(1,0) lam_t=0.99000 lam_s=1.00254 tsr_diff=0.012453 integral_mean=0.006787 integral_std=0.173140 log_ratio=0.0000 accept=1.0000 swapped=True
i=14 pair=(2,5) lam_t=1.00722 lam_s=1.00896 tsr_diff=0.001690 integral_mean=0.002451 integral_std=0.029205 log_ratio=0.0000 accept=1.0000 swapped=True
i=14 pair=(3,4) lam_t=1.00961 lam_s=1.00986 tsr_diff=0.000234 integral_mean=-0.000071 integral_std=0.002264 log_ratio=-0.1700 accept=0.8437 swapped=True
i=14 pair=(6,7) lam_t=1.00995 lam_s=1.01000 tsr_diff=0.000052 integral_mean=-0.000069 integral_std=0.000718 log_ratio=-0.1667 accept=0.8465 swapped=True
i=14 pair=(0,1) lam_t=0.99000 lam_s=1.00254 tsr_diff=0.012453 integral_mean=-0.006379 integral_std=0.111160 log_ratio=-15.3095 accept=0.0000 swapped=False
i=14 pair=(5,2) lam_t=1.00722 lam_s=1.00896 tsr_diff=0.001690 integral_mean=-0.001946 integral_std=0.032986 log_ratio=-4.6714 accept=0.0094 swapped=False
i=14 pair=(4,3) lam_t=1.00961 lam_s=1.00986 tsr_diff=0.000234 integral_mean=0.000076 integral_std=0.001929 log_ratio=0.0000 accept=1.0000 swapped=True
i=14 pair=(7,6) lam_t=1.00995 lam_s=1.01000 tsr_diff=0.000052 integral_mean=0.000010 integral_std=0.000443 log_ratio=0.0000 accept=1.0000 swapped=True
Best Sample: 5 log probability 0.000
Saved 1 samples to: logs/pointmaze-giant-navigate-v0/inference/plans/release_H400_T256_LimitsNormalizer_b1_condFalse/2026-07-17 13:08:33/37/0.png
Saved 1 samples to: logs/pointmaze-giant-navigate-v0/inference/plans/release_H400_T256_LimitsNormalizer_b1_condFalse/2026-07-17 13:08:33/37/rollout.png
i=0 pair=(0,1) lam_t=0.99000 lam_s=1.00254 tsr_diff=0.000000 integral_mean=0.000000 integral_std=0.000000 log_ratio=0.0000 accept=1.0000 swapped=True
i=0 pair=(2,3) lam_t=1.00722 lam_s=1.00896 tsr_diff=0.000000 integral_mean=0.000000 integral_std=0.000000 log_ratio=0.0000 accept=1.0000 swapped=True
i=0 pair=(4,5) lam_t=1.00961 lam_s=1.00986 tsr_diff=0.000000 integral_mean=0.000000 integral_std=0.000000 log_ratio=0.0000 accept=1.0000 swapped=True
i=0 pair=(6,7) lam_t=1.00995 lam_s=1.01000 tsr_diff=0.000000 integral_mean=0.000000 integral_std=0.000000 log_ratio=0.0000 accept=1.0000 swapped=True
i=0 pair=(1,0) lam_t=0.99000 lam_s=1.00254 tsr_diff=0.000000 integral_mean=0.000000 integral_std=0.000000 log_ratio=0.0000 accept=1.0000 swapped=True
i=0 pair=(3,2) lam_t=1.00722 lam_s=1.00896 tsr_diff=0.000000 integral_mean=0.000000 integral_std=0.000000 log_ratio=0.0000 accept=1.0000 swapped=True
i=0 pair=(5,4) lam_t=1.00961 lam_s=1.00986 tsr_diff=0.000000 integral_mean=0.000000 integral_std=0.000000 log_ratio=0.0000 accept=1.0000 swapped=True
i=0 pair=(7,6) lam_t=1.00995 lam_s=1.01000 tsr_diff=0.000000 integral_mean=0.000000 integral_std=0.000000 log_ratio=0.0000 accept=1.0000 swapped=True
i=1 pair=(1,2) lam_t=1.00254 lam_s=1.00722 tsr_diff=0.000050 integral_mean=0.000002 integral_std=0.000105 log_ratio=0.0000 accept=1.0000 swapped=True
i=1 pair=(3,4) lam_t=1.00896 lam_s=1.00961 tsr_diff=0.000007 integral_mean=0.000000 integral_std=0.000015 log_ratio=0.0000 accept=1.0000 swapped=True
i=1 pair=(5,6) lam_t=1.00986 lam_s=1.00995 tsr_diff=0.000001 integral_mean=0.000000 integral_std=0.000002 log_ratio=0.0000 accept=1.0000 swapped=True
i=1 pair=(2,1) lam_t=1.00254 lam_s=1.00722 tsr_diff=0.000050 integral_mean=-0.000001 integral_std=0.000102 log_ratio=-0.0016 accept=0.9984 swapped=False
i=1 pair=(4,3) lam_t=1.00896 lam_s=1.00961 tsr_diff=0.000007 integral_mean=0.000000 integral_std=0.000015 log_ratio=0.0000 accept=1.0000 swapped=True
i=1 pair=(6,5) lam_t=1.00986 lam_s=1.00995 tsr_diff=0.000001 integral_mean=0.000000 integral_std=0.000002 log_ratio=0.0000 accept=1.0000 swapped=True
i=2 pair=(0,2) lam_t=0.99000 lam_s=1.00254 tsr_diff=0.000530 integral_mean=0.000011 integral_std=0.001104 log_ratio=0.0000 accept=1.0000 swapped=True
i=2 pair=(1,3) lam_t=1.00722 lam_s=1.00896 tsr_diff=0.000074 integral_mean=-0.000004 integral_std=0.000153 log_ratio=-0.0089 accept=0.9912 swapped=True
i=2 pair=(4,5) lam_t=1.00961 lam_s=1.00986 tsr_diff=0.000010 integral_mean=0.000001 integral_std=0.000022 log_ratio=0.0000 accept=1.0000 swapped=True
i=2 pair=(6,7) lam_t=1.00995 lam_s=1.01000 tsr_diff=0.000002 integral_mean=-0.000000 integral_std=0.000005 log_ratio=-0.0004 accept=0.9996 swapped=True
i=2 pair=(2,0) lam_t=0.99000 lam_s=1.00254 tsr_diff=0.000530 integral_mean=0.000020 integral_std=0.001084 log_ratio=0.0000 accept=1.0000 swapped=True
i=2 pair=(3,1) lam_t=1.00722 lam_s=1.00896 tsr_diff=0.000074 integral_mean=-0.000000 integral_std=0.000152 log_ratio=-0.0009 accept=0.9991 swapped=True
i=2 pair=(5,4) lam_t=1.00961 lam_s=1.00986 tsr_diff=0.000010 integral_mean=0.000001 integral_std=0.000022 log_ratio=0.0000 accept=1.0000 swapped=True
i=2 pair=(7,6) lam_t=1.00995 lam_s=1.01000 tsr_diff=0.000002 integral_mean=0.000000 integral_std=0.000005 log_ratio=0.0000 accept=1.0000 swapped=True
i=3 pair=(2,1) lam_t=1.00254 lam_s=1.00722 tsr_diff=0.000436 integral_mean=-0.000037 integral_std=0.000956 log_ratio=-0.0884 accept=0.9154 swapped=True
i=3 pair=(3,4) lam_t=1.00896 lam_s=1.00961 tsr_diff=0.000060 integral_mean=0.000002 integral_std=0.000126 log_ratio=0.0000 accept=1.0000 swapped=True
i=3 pair=(5,6) lam_t=1.00986 lam_s=1.00995 tsr_diff=0.000008 integral_mean=-0.000010 integral_std=0.000033 log_ratio=-0.0239 accept=0.9764 swapped=True
i=3 pair=(1,2) lam_t=1.00254 lam_s=1.00722 tsr_diff=0.000436 integral_mean=-0.000055 integral_std=0.001094 log_ratio=-0.1332 accept=0.8753 swapped=True
i=3 pair=(4,3) lam_t=1.00896 lam_s=1.00961 tsr_diff=0.000060 integral_mean=0.000003 integral_std=0.000130 log_ratio=0.0000 accept=1.0000 swapped=True
i=3 pair=(6,5) lam_t=1.00986 lam_s=1.00995 tsr_diff=0.000008 integral_mean=0.000004 integral_std=0.000026 log_ratio=0.0000 accept=1.0000 swapped=True
i=4 pair=(0,2) lam_t=0.99000 lam_s=1.00254 tsr_diff=0.002032 integral_mean=-0.000197 integral_std=0.004189 log_ratio=-0.4727 accept=0.6233 swapped=True
i=4 pair=(1,3) lam_t=1.00722 lam_s=1.00896 tsr_diff=0.000281 integral_mean=0.000711 integral_std=0.001938 log_ratio=0.0000 accept=1.0000 swapped=True
i=4 pair=(4,5) lam_t=1.00961 lam_s=1.00986 tsr_diff=0.000039 integral_mean=-0.000002 integral_std=0.000081 log_ratio=-0.0047 accept=0.9954 swapped=True
i=4 pair=(6,7) lam_t=1.00995 lam_s=1.01000 tsr_diff=0.000009 integral_mean=0.000003 integral_std=0.000021 log_ratio=0.0000 accept=1.0000 swapped=True
i=4 pair=(2,0) lam_t=0.99000 lam_s=1.00254 tsr_diff=0.002032 integral_mean=0.000671 integral_std=0.004563 log_ratio=0.0000 accept=1.0000 swapped=True
i=4 pair=(3,1) lam_t=1.00722 lam_s=1.00896 tsr_diff=0.000281 integral_mean=-0.000275 integral_std=0.001021 log_ratio=-0.6608 accept=0.5164 swapped=True
i=4 pair=(5,4) lam_t=1.00961 lam_s=1.00986 tsr_diff=0.000039 integral_mean=0.000001 integral_std=0.000084 log_ratio=0.0000 accept=1.0000 swapped=True
i=4 pair=(7,6) lam_t=1.00995 lam_s=1.01000 tsr_diff=0.000009 integral_mean=-0.000001 integral_std=0.000019 log_ratio=-0.0034 accept=0.9966 swapped=True
i=5 pair=(2,1) lam_t=1.00254 lam_s=1.00722 tsr_diff=0.001142 integral_mean=-0.000673 integral_std=0.003616 log_ratio=-1.6162 accept=0.1987 swapped=True
i=5 pair=(3,4) lam_t=1.00896 lam_s=1.00961 tsr_diff=0.000158 integral_mean=0.000062 integral_std=0.000454 log_ratio=0.0000 accept=1.0000 swapped=True
i=5 pair=(5,6) lam_t=1.00986 lam_s=1.00995 tsr_diff=0.000022 integral_mean=-0.000001 integral_std=0.000048 log_ratio=-0.0024 accept=0.9976 swapped=True
i=5 pair=(1,2) lam_t=1.00254 lam_s=1.00722 tsr_diff=0.001142 integral_mean=0.000366 integral_std=0.003032 log_ratio=0.0000 accept=1.0000 swapped=True
i=5 pair=(4,3) lam_t=1.00896 lam_s=1.00961 tsr_diff=0.000158 integral_mean=-0.000027 integral_std=0.000362 log_ratio=-0.0656 accept=0.9365 swapped=True
i=5 pair=(6,5) lam_t=1.00986 lam_s=1.00995 tsr_diff=0.000022 integral_mean=0.000000 integral_std=0.000047 log_ratio=0.0000 accept=1.0000 swapped=True
i=6 pair=(0,2) lam_t=0.99000 lam_s=1.00254 tsr_diff=0.004257 integral_mean=-0.000035 integral_std=0.008738 log_ratio=-0.0840 accept=0.9194 swapped=True
i=6 pair=(1,3) lam_t=1.00722 lam_s=1.00896 tsr_diff=0.000587 integral_mean=-0.000016 integral_std=0.001496 log_ratio=-0.0381 accept=0.9626 swapped=True
i=6 pair=(4,5) lam_t=1.00961 lam_s=1.00986 tsr_diff=0.000081 integral_mean=-0.000001 integral_std=0.000172 log_ratio=-0.0035 accept=0.9965 swapped=True
i=6 pair=(6,7) lam_t=1.00995 lam_s=1.01000 tsr_diff=0.000018 integral_mean=0.000001 integral_std=0.000041 log_ratio=0.0000 accept=1.0000 swapped=True
i=6 pair=(2,0) lam_t=0.99000 lam_s=1.00254 tsr_diff=0.004257 integral_mean=0.000080 integral_std=0.008711 log_ratio=0.0000 accept=1.0000 swapped=True
i=6 pair=(3,1) lam_t=1.00722 lam_s=1.00896 tsr_diff=0.000587 integral_mean=0.000046 integral_std=0.001381 log_ratio=0.0000 accept=1.0000 swapped=True
i=6 pair=(5,4) lam_t=1.00961 lam_s=1.00986 tsr_diff=0.000081 integral_mean=0.000002 integral_std=0.000176 log_ratio=0.0000 accept=1.0000 swapped=True
i=6 pair=(7,6) lam_t=1.00995 lam_s=1.01000 tsr_diff=0.000018 integral_mean=-0.000001 integral_std=0.000041 log_ratio=-0.0030 accept=0.9970 swapped=True
i=7 pair=(2,1) lam_t=1.00254 lam_s=1.00722 tsr_diff=0.002045 integral_mean=-0.000284 integral_std=0.005085 log_ratio=-0.6813 accept=0.5060 swapped=True
i=7 pair=(3,4) lam_t=1.00896 lam_s=1.00961 tsr_diff=0.000283 integral_mean=0.000039 integral_std=0.000651 log_ratio=0.0000 accept=1.0000 swapped=True
i=7 pair=(5,6) lam_t=1.00986 lam_s=1.00995 tsr_diff=0.000039 integral_mean=0.000004 integral_std=0.000093 log_ratio=0.0000 accept=1.0000 swapped=True
i=7 pair=(1,2) lam_t=1.00254 lam_s=1.00722 tsr_diff=0.002045 integral_mean=0.000274 integral_std=0.005062 log_ratio=0.0000 accept=1.0000 swapped=True
i=7 pair=(4,3) lam_t=1.00896 lam_s=1.00961 tsr_diff=0.000283 integral_mean=-0.000024 integral_std=0.000644 log_ratio=-0.0570 accept=0.9446 swapped=True
i=7 pair=(6,5) lam_t=1.00986 lam_s=1.00995 tsr_diff=0.000039 integral_mean=-0.000003 integral_std=0.000085 log_ratio=-0.0075 accept=0.9925 swapped=True
i=8 pair=(0,2) lam_t=0.99000 lam_s=1.00254 tsr_diff=0.006833 integral_mean=-0.000024 integral_std=0.014470 log_ratio=-0.0566 accept=0.9450 swapped=True
i=8 pair=(1,3) lam_t=1.00722 lam_s=1.00896 tsr_diff=0.000937 integral_mean=0.000056 integral_std=0.002277 log_ratio=0.0000 accept=1.0000 swapped=True
i=8 pair=(4,5) lam_t=1.00961 lam_s=1.00986 tsr_diff=0.000130 integral_mean=-0.000037 integral_std=0.000331 log_ratio=-0.0879 accept=0.9159 swapped=True
i=8 pair=(6,7) lam_t=1.00995 lam_s=1.01000 tsr_diff=0.000029 integral_mean=0.000001 integral_std=0.000065 log_ratio=0.0000 accept=1.0000 swapped=True
i=8 pair=(2,0) lam_t=0.99000 lam_s=1.00254 tsr_diff=0.006833 integral_mean=-0.000133 integral_std=0.015263 log_ratio=-0.3200 accept=0.7262 swapped=True
i=8 pair=(3,1) lam_t=1.00722 lam_s=1.00896 tsr_diff=0.000937 integral_mean=-0.000194 integral_std=0.002641 log_ratio=-0.4647 accept=0.6283 swapped=True
i=8 pair=(5,4) lam_t=1.00961 lam_s=1.00986 tsr_diff=0.000130 integral_mean=0.000032 integral_std=0.000318 log_ratio=0.0000 accept=1.0000 swapped=True
i=8 pair=(7,6) lam_t=1.00995 lam_s=1.01000 tsr_diff=0.000029 integral_mean=-0.000002 integral_std=0.000063 log_ratio=-0.0045 accept=0.9955 swapped=True
i=9 pair=(2,1) lam_t=1.00254 lam_s=1.00722 tsr_diff=0.002993 integral_mean=-0.001225 integral_std=0.008851 log_ratio=-2.9408 accept=0.0528 swapped=False
i=9 pair=(3,4) lam_t=1.00896 lam_s=1.00961 tsr_diff=0.000414 integral_mean=0.000236 integral_std=0.001423 log_ratio=0.0000 accept=1.0000 swapped=True
i=9 pair=(5,6) lam_t=1.00986 lam_s=1.00995 tsr_diff=0.000057 integral_mean=0.000020 integral_std=0.000161 log_ratio=0.0000 accept=1.0000 swapped=True
i=9 pair=(2,1) lam_t=1.00254 lam_s=1.00722 tsr_diff=0.002993 integral_mean=-0.001105 integral_std=0.008634 log_ratio=-2.6519 accept=0.0705 swapped=False
i=9 pair=(4,3) lam_t=1.00896 lam_s=1.00961 tsr_diff=0.000414 integral_mean=-0.000083 integral_std=0.001261 log_ratio=-0.1988 accept=0.8197 swapped=True
i=9 pair=(6,5) lam_t=1.00986 lam_s=1.00995 tsr_diff=0.000057 integral_mean=-0.000011 integral_std=0.000145 log_ratio=-0.0266 accept=0.9737 swapped=True
i=10 pair=(0,2) lam_t=0.99000 lam_s=1.00254 tsr_diff=0.009326 integral_mean=-0.000087 integral_std=0.020581 log_ratio=-0.2082 accept=0.8120 swapped=True
i=10 pair=(1,3) lam_t=1.00722 lam_s=1.00896 tsr_diff=0.001273 integral_mean=0.000175 integral_std=0.004320 log_ratio=0.0000 accept=1.0000 swapped=True
i=10 pair=(4,5) lam_t=1.00961 lam_s=1.00986 tsr_diff=0.000177 integral_mean=0.000008 integral_std=0.000533 log_ratio=0.0000 accept=1.0000 swapped=True
i=10 pair=(6,7) lam_t=1.00995 lam_s=1.01000 tsr_diff=0.000039 integral_mean=0.000001 integral_std=0.000097 log_ratio=0.0000 accept=1.0000 swapped=True
i=10 pair=(2,0) lam_t=0.99000 lam_s=1.00254 tsr_diff=0.009326 integral_mean=0.000412 integral_std=0.022207 log_ratio=0.0000 accept=1.0000 swapped=True
i=10 pair=(3,1) lam_t=1.00722 lam_s=1.00896 tsr_diff=0.001273 integral_mean=-0.000068 integral_std=0.003779 log_ratio=-0.1636 accept=0.8490 swapped=True
i=10 pair=(5,4) lam_t=1.00961 lam_s=1.00986 tsr_diff=0.000177 integral_mean=-0.000038 integral_std=0.000542 log_ratio=-0.0922 accept=0.9119 swapped=True
i=10 pair=(7,6) lam_t=1.00995 lam_s=1.01000 tsr_diff=0.000039 integral_mean=-0.000001 integral_std=0.000090 log_ratio=-0.0018 accept=0.9982 swapped=True
i=11 pair=(2,1) lam_t=1.00254 lam_s=1.00722 tsr_diff=0.003825 integral_mean=-0.001563 integral_std=0.017553 log_ratio=-3.7517 accept=0.0235 swapped=False
i=11 pair=(3,4) lam_t=1.00896 lam_s=1.00961 tsr_diff=0.000528 integral_mean=0.000014 integral_std=0.001849 log_ratio=0.0000 accept=1.0000 swapped=True
i=11 pair=(5,6) lam_t=1.00986 lam_s=1.00995 tsr_diff=0.000073 integral_mean=0.000006 integral_std=0.000218 log_ratio=0.0000 accept=1.0000 swapped=True
i=11 pair=(2,1) lam_t=1.00254 lam_s=1.00722 tsr_diff=0.003825 integral_mean=-0.001666 integral_std=0.014458 log_ratio=-3.9992 accept=0.0183 swapped=False
i=11 pair=(4,3) lam_t=1.00896 lam_s=1.00961 tsr_diff=0.000528 integral_mean=0.000003 integral_std=0.001880 log_ratio=0.0000 accept=1.0000 swapped=True
i=11 pair=(6,5) lam_t=1.00986 lam_s=1.00995 tsr_diff=0.000073 integral_mean=-0.000012 integral_std=0.000220 log_ratio=-0.0294 accept=0.9710 swapped=True
i=12 pair=(0,2) lam_t=0.99000 lam_s=1.00254 tsr_diff=0.011313 integral_mean=-0.001789 integral_std=0.032787 log_ratio=-4.2943 accept=0.0136 swapped=False
i=12 pair=(1,3) lam_t=1.00722 lam_s=1.00896 tsr_diff=0.001539 integral_mean=0.000177 integral_std=0.007145 log_ratio=0.0000 accept=1.0000 swapped=True
i=12 pair=(4,5) lam_t=1.00961 lam_s=1.00986 tsr_diff=0.000213 integral_mean=-0.000025 integral_std=0.001037 log_ratio=-0.0599 accept=0.9419 swapped=True
i=12 pair=(6,7) lam_t=1.00995 lam_s=1.01000 tsr_diff=0.000047 integral_mean=0.000002 integral_std=0.000144 log_ratio=0.0000 accept=1.0000 swapped=True
i=12 pair=(0,2) lam_t=0.99000 lam_s=1.00254 tsr_diff=0.011313 integral_mean=-0.000761 integral_std=0.030894 log_ratio=-1.8253 accept=0.1612 swapped=True
i=12 pair=(3,1) lam_t=1.00722 lam_s=1.00896 tsr_diff=0.001539 integral_mean=-0.000536 integral_std=0.008436 log_ratio=-1.2873 accept=0.2760 swapped=False
i=12 pair=(5,4) lam_t=1.00961 lam_s=1.00986 tsr_diff=0.000213 integral_mean=0.000108 integral_std=0.001093 log_ratio=0.0000 accept=1.0000 swapped=True
i=12 pair=(7,6) lam_t=1.00995 lam_s=1.01000 tsr_diff=0.000047 integral_mean=-0.000001 integral_std=0.000137 log_ratio=-0.0015 accept=0.9985 swapped=True
i=13 pair=(0,3) lam_t=1.00254 lam_s=1.00722 tsr_diff=0.004402 integral_mean=-0.005100 integral_std=0.037499 log_ratio=-12.2399 accept=0.0000 swapped=False
i=13 pair=(1,4) lam_t=1.00896 lam_s=1.00961 tsr_diff=0.000607 integral_mean=0.000508 integral_std=0.004898 log_ratio=0.0000 accept=1.0000 swapped=True
i=13 pair=(5,6) lam_t=1.00986 lam_s=1.00995 tsr_diff=0.000084 integral_mean=0.000118 integral_std=0.001021 log_ratio=0.0000 accept=1.0000 swapped=True
i=13 pair=(0,3) lam_t=1.00254 lam_s=1.00722 tsr_diff=0.004402 integral_mean=-0.006340 integral_std=0.049103 log_ratio=-15.2149 accept=0.0000 swapped=False
i=13 pair=(4,1) lam_t=1.00896 lam_s=1.00961 tsr_diff=0.000607 integral_mean=-0.000033 integral_std=0.005162 log_ratio=-0.0794 accept=0.9237 swapped=True
i=13 pair=(6,5) lam_t=1.00986 lam_s=1.00995 tsr_diff=0.000084 integral_mean=-0.000075 integral_std=0.000514 log_ratio=-0.1800 accept=0.8353 swapped=True
i=14 pair=(2,0) lam_t=0.99000 lam_s=1.00254 tsr_diff=0.012453 integral_mean=0.015550 integral_std=0.129279 log_ratio=0.0000 accept=1.0000 swapped=True
i=14 pair=(3,1) lam_t=1.00722 lam_s=1.00896 tsr_diff=0.001690 integral_mean=-0.004512 integral_std=0.042390 log_ratio=-10.8288 accept=0.0000 swapped=False
i=14 pair=(4,5) lam_t=1.00961 lam_s=1.00986 tsr_diff=0.000234 integral_mean=0.000180 integral_std=0.006793 log_ratio=0.0000 accept=1.0000 swapped=True
i=14 pair=(6,7) lam_t=1.00995 lam_s=1.01000 tsr_diff=0.000052 integral_mean=0.000007 integral_std=0.000415 log_ratio=0.0000 accept=1.0000 swapped=True
i=14 pair=(0,2) lam_t=0.99000 lam_s=1.00254 tsr_diff=0.012453 integral_mean=-0.003328 integral_std=0.062920 log_ratio=-7.9879 accept=0.0003 swapped=False
i=14 pair=(3,1) lam_t=1.00722 lam_s=1.00896 tsr_diff=0.001690 integral_mean=-0.002228 integral_std=0.022984 log_ratio=-5.3477 accept=0.0048 swapped=False
i=14 pair=(5,4) lam_t=1.00961 lam_s=1.00986 tsr_diff=0.000234 integral_mean=-0.000016 integral_std=0.005940 log_ratio=-0.0378 accept=0.9629 swapped=False
i=14 pair=(7,6) lam_t=1.00995 lam_s=1.01000 tsr_diff=0.000052 integral_mean=-0.000037 integral_std=0.000447 log_ratio=-0.0882 accept=0.9156 swapped=True
Best Sample: 0 log probability -0.002
Saved 1 samples to: logs/pointmaze-giant-navigate-v0/inference/plans/release_H400_T256_LimitsNormalizer_b1_condFalse/2026-07-17 13:08:33/38/0.png
Saved 1 samples to: logs/pointmaze-giant-navigate-v0/inference/plans/release_H400_T256_LimitsNormalizer_b1_condFalse/2026-07-17 13:08:33/38/rollout.png
i=0 pair=(0,1) lam_t=0.99000 lam_s=1.00254 tsr_diff=0.000000 integral_mean=0.000000 integral_std=0.000000 log_ratio=0.0000 accept=1.0000 swapped=True
i=0 pair=(2,3) lam_t=1.00722 lam_s=1.00896 tsr_diff=0.000000 integral_mean=0.000000 integral_std=0.000000 log_ratio=0.0000 accept=1.0000 swapped=True
i=0 pair=(4,5) lam_t=1.00961 lam_s=1.00986 tsr_diff=0.000000 integral_mean=0.000000 integral_std=0.000000 log_ratio=0.0000 accept=1.0000 swapped=True
i=0 pair=(6,7) lam_t=1.00995 lam_s=1.01000 tsr_diff=0.000000 integral_mean=0.000000 integral_std=0.000000 log_ratio=0.0000 accept=1.0000 swapped=True
i=0 pair=(1,0) lam_t=0.99000 lam_s=1.00254 tsr_diff=0.000000 integral_mean=0.000000 integral_std=0.000000 log_ratio=0.0000 accept=1.0000 swapped=True
i=0 pair=(3,2) lam_t=1.00722 lam_s=1.00896 tsr_diff=0.000000 integral_mean=0.000000 integral_std=0.000000 log_ratio=0.0000 accept=1.0000 swapped=True
i=0 pair=(5,4) lam_t=1.00961 lam_s=1.00986 tsr_diff=0.000000 integral_mean=0.000000 integral_std=0.000000 log_ratio=0.0000 accept=1.0000 swapped=True
i=0 pair=(7,6) lam_t=1.00995 lam_s=1.01000 tsr_diff=0.000000 integral_mean=0.000000 integral_std=0.000000 log_ratio=0.0000 accept=1.0000 swapped=True
i=1 pair=(1,2) lam_t=1.00254 lam_s=1.00722 tsr_diff=0.000050 integral_mean=-0.000003 integral_std=0.000100 log_ratio=-0.0073 accept=0.9927 swapped=True
i=1 pair=(3,4) lam_t=1.00896 lam_s=1.00961 tsr_diff=0.000007 integral_mean=-0.000000 integral_std=0.000014 log_ratio=-0.0001 accept=0.9999 swapped=True
i=1 pair=(5,6) lam_t=1.00986 lam_s=1.00995 tsr_diff=0.000001 integral_mean=0.000000 integral_std=0.000002 log_ratio=0.0000 accept=1.0000 swapped=True
i=1 pair=(2,1) lam_t=1.00254 lam_s=1.00722 tsr_diff=0.000050 integral_mean=0.000003 integral_std=0.000101 log_ratio=0.0000 accept=1.0000 swapped=True
i=1 pair=(4,3) lam_t=1.00896 lam_s=1.00961 tsr_diff=0.000007 integral_mean=-0.000000 integral_std=0.000014 log_ratio=-0.0006 accept=0.9994 swapped=True
i=1 pair=(6,5) lam_t=1.00986 lam_s=1.00995 tsr_diff=0.000001 integral_mean=0.000000 integral_std=0.000002 log_ratio=0.0000 accept=1.0000 swapped=True
i=2 pair=(0,1) lam_t=0.99000 lam_s=1.00254 tsr_diff=0.000530 integral_mean=-0.000016 integral_std=0.001112 log_ratio=-0.0391 accept=0.9617 swapped=True
i=2 pair=(2,3) lam_t=1.00722 lam_s=1.00896 tsr_diff=0.000074 integral_mean=-0.000002 integral_std=0.000149 log_ratio=-0.0052 accept=0.9948 swapped=True
i=2 pair=(4,5) lam_t=1.00961 lam_s=1.00986 tsr_diff=0.000010 integral_mean=-0.000000 integral_std=0.000020 log_ratio=-0.0002 accept=0.9998 swapped=True
i=2 pair=(6,7) lam_t=1.00995 lam_s=1.01000 tsr_diff=0.000002 integral_mean=-0.000000 integral_std=0.000005 log_ratio=-0.0007 accept=0.9993 swapped=True
i=2 pair=(1,0) lam_t=0.99000 lam_s=1.00254 tsr_diff=0.000530 integral_mean=0.000015 integral_std=0.001074 log_ratio=0.0000 accept=1.0000 swapped=True
i=2 pair=(3,2) lam_t=1.00722 lam_s=1.00896 tsr_diff=0.000074 integral_mean=0.000001 integral_std=0.000151 log_ratio=0.0000 accept=1.0000 swapped=True
i=2 pair=(5,4) lam_t=1.00961 lam_s=1.00986 tsr_diff=0.000010 integral_mean=0.000000 integral_std=0.000021 log_ratio=0.0000 accept=1.0000 swapped=True
i=2 pair=(7,6) lam_t=1.00995 lam_s=1.01000 tsr_diff=0.000002 integral_mean=0.000000 integral_std=0.000005 log_ratio=0.0000 accept=1.0000 swapped=True
i=3 pair=(1,2) lam_t=1.00254 lam_s=1.00722 tsr_diff=0.000436 integral_mean=0.000003 integral_std=0.000899 log_ratio=0.0000 accept=1.0000 swapped=True
i=3 pair=(3,4) lam_t=1.00896 lam_s=1.00961 tsr_diff=0.000060 integral_mean=-0.000000 integral_std=0.000122 log_ratio=-0.0010 accept=0.9990 swapped=True
i=3 pair=(5,6) lam_t=1.00986 lam_s=1.00995 tsr_diff=0.000008 integral_mean=0.000000 integral_std=0.000017 log_ratio=0.0000 accept=1.0000 swapped=True
i=3 pair=(2,1) lam_t=1.00254 lam_s=1.00722 tsr_diff=0.000436 integral_mean=0.000040 integral_std=0.000937 log_ratio=0.0000 accept=1.0000 swapped=True
i=3 pair=(4,3) lam_t=1.00896 lam_s=1.00961 tsr_diff=0.000060 integral_mean=0.000006 integral_std=0.000123 log_ratio=0.0000 accept=1.0000 swapped=True
i=3 pair=(6,5) lam_t=1.00986 lam_s=1.00995 tsr_diff=0.000008 integral_mean=-0.000000 integral_std=0.000017 log_ratio=-0.0004 accept=0.9996 swapped=True
i=4 pair=(0,1) lam_t=0.99000 lam_s=1.00254 tsr_diff=0.002032 integral_mean=-0.000322 integral_std=0.004750 log_ratio=-0.7718 accept=0.4622 swapped=False
i=4 pair=(2,3) lam_t=1.00722 lam_s=1.00896 tsr_diff=0.000281 integral_mean=0.000019 integral_std=0.000567 log_ratio=0.0000 accept=1.0000 swapped=True
i=4 pair=(4,5) lam_t=1.00961 lam_s=1.00986 tsr_diff=0.000039 integral_mean=0.000001 integral_std=0.000084 log_ratio=0.0000 accept=1.0000 swapped=True
i=4 pair=(6,7) lam_t=1.00995 lam_s=1.01000 tsr_diff=0.000009 integral_mean=0.000002 integral_std=0.000019 log_ratio=0.0000 accept=1.0000 swapped=True
i=4 pair=(0,1) lam_t=0.99000 lam_s=1.00254 tsr_diff=0.002032 integral_mean=0.000490 integral_std=0.005199 log_ratio=0.0000 accept=1.0000 swapped=True
i=4 pair=(3,2) lam_t=1.00722 lam_s=1.00896 tsr_diff=0.000281 integral_mean=-0.000005 integral_std=0.000556 log_ratio=-0.0130 accept=0.9870 swapped=True
i=4 pair=(5,4) lam_t=1.00961 lam_s=1.00986 tsr_diff=0.000039 integral_mean=0.000000 integral_std=0.000082 log_ratio=0.0000 accept=1.0000 swapped=True
i=4 pair=(7,6) lam_t=1.00995 lam_s=1.01000 tsr_diff=0.000009 integral_mean=-0.000001 integral_std=0.000018 log_ratio=-0.0015 accept=0.9985 swapped=True
i=5 pair=(0,2) lam_t=1.00254 lam_s=1.00722 tsr_diff=0.001142 integral_mean=0.000359 integral_std=0.002938 log_ratio=0.0000 accept=1.0000 swapped=True
i=5 pair=(3,4) lam_t=1.00896 lam_s=1.00961 tsr_diff=0.000158 integral_mean=-0.000015 integral_std=0.000343 log_ratio=-0.0361 accept=0.9646 swapped=True
i=5 pair=(5,6) lam_t=1.00986 lam_s=1.00995 tsr_diff=0.000022 integral_mean=-0.000000 integral_std=0.000047 log_ratio=-0.0012 accept=0.9988 swapped=True
i=5 pair=(2,0) lam_t=1.00254 lam_s=1.00722 tsr_diff=0.001142 integral_mean=-0.000226 integral_std=0.002746 log_ratio=-0.5419 accept=0.5817 swapped=True
i=5 pair=(4,3) lam_t=1.00896 lam_s=1.00961 tsr_diff=0.000158 integral_mean=0.000000 integral_std=0.000337 log_ratio=0.0000 accept=1.0000 swapped=True
i=5 pair=(6,5) lam_t=1.00986 lam_s=1.00995 tsr_diff=0.000022 integral_mean=-0.000000 integral_std=0.000045 log_ratio=-0.0007 accept=0.9993 swapped=True
i=6 pair=(1,0) lam_t=0.99000 lam_s=1.00254 tsr_diff=0.004257 integral_mean=-0.000792 integral_std=0.009505 log_ratio=-1.9015 accept=0.1493 swapped=True
i=6 pair=(2,3) lam_t=1.00722 lam_s=1.00896 tsr_diff=0.000587 integral_mean=0.000043 integral_std=0.001268 log_ratio=0.0000 accept=1.0000 swapped=True
i=6 pair=(4,5) lam_t=1.00961 lam_s=1.00986 tsr_diff=0.000081 integral_mean=-0.000009 integral_std=0.000168 log_ratio=-0.0206 accept=0.9796 swapped=True
i=6 pair=(6,7) lam_t=1.00995 lam_s=1.01000 tsr_diff=0.000018 integral_mean=-0.000001 integral_std=0.000039 log_ratio=-0.0016 accept=0.9985 swapped=True
i=6 pair=(0,1) lam_t=0.99000 lam_s=1.00254 tsr_diff=0.004257 integral_mean=0.000281 integral_std=0.009315 log_ratio=0.0000 accept=1.0000 swapped=True
i=6 pair=(3,2) lam_t=1.00722 lam_s=1.00896 tsr_diff=0.000587 integral_mean=-0.000022 integral_std=0.001271 log_ratio=-0.0524 accept=0.9489 swapped=True
i=6 pair=(5,4) lam_t=1.00961 lam_s=1.00986 tsr_diff=0.000081 integral_mean=0.000005 integral_std=0.000159 log_ratio=0.0000 accept=1.0000 swapped=True
i=6 pair=(7,6) lam_t=1.00995 lam_s=1.01000 tsr_diff=0.000018 integral_mean=0.000001 integral_std=0.000038 log_ratio=0.0000 accept=1.0000 swapped=True
i=7 pair=(0,2) lam_t=1.00254 lam_s=1.00722 tsr_diff=0.002045 integral_mean=0.000188 integral_std=0.004809 log_ratio=0.0000 accept=1.0000 swapped=True
i=7 pair=(3,4) lam_t=1.00896 lam_s=1.00961 tsr_diff=0.000283 integral_mean=-0.000002 integral_std=0.000629 log_ratio=-0.0056 accept=0.9944 swapped=True
i=7 pair=(5,6) lam_t=1.00986 lam_s=1.00995 tsr_diff=0.000039 integral_mean=-0.000001 integral_std=0.000080 log_ratio=-0.0015 accept=0.9985 swapped=True
i=7 pair=(2,0) lam_t=1.00254 lam_s=1.00722 tsr_diff=0.002045 integral_mean=-0.000016 integral_std=0.004559 log_ratio=-0.0392 accept=0.9616 swapped=True
i=7 pair=(4,3) lam_t=1.00896 lam_s=1.00961 tsr_diff=0.000283 integral_mean=-0.000000 integral_std=0.000618 log_ratio=-0.0011 accept=0.9989 swapped=True
i=7 pair=(6,5) lam_t=1.00986 lam_s=1.00995 tsr_diff=0.000039 integral_mean=-0.000002 integral_std=0.000082 log_ratio=-0.0039 accept=0.9961 swapped=True
i=8 pair=(1,0) lam_t=0.99000 lam_s=1.00254 tsr_diff=0.006833 integral_mean=-0.000286 integral_std=0.016010 log_ratio=-0.6853 accept=0.5039 swapped=False
i=8 pair=(2,3) lam_t=1.00722 lam_s=1.00896 tsr_diff=0.000937 integral_mean=0.000063 integral_std=0.002289 log_ratio=0.0000 accept=1.0000 swapped=True
i=8 pair=(4,5) lam_t=1.00961 lam_s=1.00986 tsr_diff=0.000130 integral_mean=0.000005 integral_std=0.000274 log_ratio=0.0000 accept=1.0000 swapped=True
i=8 pair=(6,7) lam_t=1.00995 lam_s=1.01000 tsr_diff=0.000029 integral_mean=-0.000002 integral_std=0.000064 log_ratio=-0.0045 accept=0.9956 swapped=True
i=8 pair=(1,0) lam_t=0.99000 lam_s=1.00254 tsr_diff=0.006833 integral_mean=-0.000635 integral_std=0.015202 log_ratio=-1.5249 accept=0.2176 swapped=False
i=8 pair=(3,2) lam_t=1.00722 lam_s=1.00896 tsr_diff=0.000937 integral_mean=-0.000023 integral_std=0.002084 log_ratio=-0.0547 accept=0.9467 swapped=False
i=8 pair=(5,4) lam_t=1.00961 lam_s=1.00986 tsr_diff=0.000130 integral_mean=-0.000007 integral_std=0.000280 log_ratio=-0.0157 accept=0.9844 swapped=True
i=8 pair=(7,6) lam_t=1.00995 lam_s=1.01000 tsr_diff=0.000029 integral_mean=-0.000001 integral_std=0.000064 log_ratio=-0.0013 accept=0.9987 swapped=True
i=9 pair=(0,3) lam_t=1.00254 lam_s=1.00722 tsr_diff=0.002993 integral_mean=0.002618 integral_std=0.011388 log_ratio=0.0000 accept=1.0000 swapped=True
i=9 pair=(2,4) lam_t=1.00896 lam_s=1.00961 tsr_diff=0.000414 integral_mean=-0.000003 integral_std=0.000991 log_ratio=-0.0061 accept=0.9939 swapped=True
i=9 pair=(5,6) lam_t=1.00986 lam_s=1.00995 tsr_diff=0.000057 integral_mean=0.000002 integral_std=0.000135 log_ratio=0.0000 accept=1.0000 swapped=True
i=9 pair=(3,0) lam_t=1.00254 lam_s=1.00722 tsr_diff=0.002993 integral_mean=-0.001621 integral_std=0.008881 log_ratio=-3.8915 accept=0.0204 swapped=False
i=9 pair=(4,2) lam_t=1.00896 lam_s=1.00961 tsr_diff=0.000414 integral_mean=0.000032 integral_std=0.001035 log_ratio=0.0000 accept=1.0000 swapped=True
i=9 pair=(6,5) lam_t=1.00986 lam_s=1.00995 tsr_diff=0.000057 integral_mean=0.000000 integral_std=0.000137 log_ratio=0.0000 accept=1.0000 swapped=True
i=10 pair=(1,3) lam_t=0.99000 lam_s=1.00254 tsr_diff=0.009326 integral_mean=0.000575 integral_std=0.023903 log_ratio=0.0000 accept=1.0000 swapped=True
i=10 pair=(0,2) lam_t=1.00722 lam_s=1.00896 tsr_diff=0.001273 integral_mean=0.000933 integral_std=0.004867 log_ratio=0.0000 accept=1.0000 swapped=True
i=10 pair=(4,5) lam_t=1.00961 lam_s=1.00986 tsr_diff=0.000177 integral_mean=0.000016 integral_std=0.000402 log_ratio=0.0000 accept=1.0000 swapped=True
i=10 pair=(6,7) lam_t=1.00995 lam_s=1.01000 tsr_diff=0.000039 integral_mean=-0.000003 integral_std=0.000106 log_ratio=-0.0061 accept=0.9939 swapped=True
i=10 pair=(3,1) lam_t=0.99000 lam_s=1.00254 tsr_diff=0.009326 integral_mean=-0.000273 integral_std=0.022627 log_ratio=-0.6553 accept=0.5193 swapped=True
i=10 pair=(2,0) lam_t=1.00722 lam_s=1.00896 tsr_diff=0.001273 integral_mean=-0.000816 integral_std=0.004401 log_ratio=-1.9575 accept=0.1412 swapped=False
i=10 pair=(5,4) lam_t=1.00961 lam_s=1.00986 tsr_diff=0.000177 integral_mean=-0.000014 integral_std=0.000415 log_ratio=-0.0345 accept=0.9661 swapped=True
i=10 pair=(7,6) lam_t=1.00995 lam_s=1.01000 tsr_diff=0.000039 integral_mean=0.000000 integral_std=0.000103 log_ratio=0.0000 accept=1.0000 swapped=True
i=11 pair=(3,2) lam_t=1.00254 lam_s=1.00722 tsr_diff=0.003825 integral_mean=-0.000526 integral_std=0.010889 log_ratio=-1.2619 accept=0.2831 swapped=True
i=11 pair=(0,4) lam_t=1.00896 lam_s=1.00961 tsr_diff=0.000528 integral_mean=0.000329 integral_std=0.002243 log_ratio=0.0000 accept=1.0000 swapped=True
i=11 pair=(5,6) lam_t=1.00986 lam_s=1.00995 tsr_diff=0.000073 integral_mean=-0.000005 integral_std=0.000215 log_ratio=-0.0129 accept=0.9872 swapped=True
i=11 pair=(2,3) lam_t=1.00254 lam_s=1.00722 tsr_diff=0.003825 integral_mean=0.000412 integral_std=0.010879 log_ratio=0.0000 accept=1.0000 swapped=True
i=11 pair=(4,0) lam_t=1.00896 lam_s=1.00961 tsr_diff=0.000528 integral_mean=-0.000550 integral_std=0.002766 log_ratio=-1.3198 accept=0.2672 swapped=False
i=11 pair=(6,5) lam_t=1.00986 lam_s=1.00995 tsr_diff=0.000073 integral_mean=0.000000 integral_std=0.000202 log_ratio=0.0000 accept=1.0000 swapped=True
i=12 pair=(1,3) lam_t=0.99000 lam_s=1.00254 tsr_diff=0.011313 integral_mean=0.000598 integral_std=0.039542 log_ratio=0.0000 accept=1.0000 swapped=True
i=12 pair=(2,4) lam_t=1.00722 lam_s=1.00896 tsr_diff=0.001539 integral_mean=0.000032 integral_std=0.006288 log_ratio=0.0000 accept=1.0000 swapped=True
i=12 pair=(0,5) lam_t=1.00961 lam_s=1.00986 tsr_diff=0.000213 integral_mean=0.000340 integral_std=0.001456 log_ratio=0.0000 accept=1.0000 swapped=True
i=12 pair=(6,7) lam_t=1.00995 lam_s=1.01000 tsr_diff=0.000047 integral_mean=-0.000010 integral_std=0.000192 log_ratio=-0.0241 accept=0.9762 swapped=True
i=12 pair=(3,1) lam_t=0.99000 lam_s=1.00254 tsr_diff=0.011313 integral_mean=0.000676 integral_std=0.033962 log_ratio=0.0000 accept=1.0000 swapped=True
i=12 pair=(4,2) lam_t=1.00722 lam_s=1.00896 tsr_diff=0.001539 integral_mean=-0.000092 integral_std=0.005878 log_ratio=-0.2217 accept=0.8011 swapped=True
i=12 pair=(5,0) lam_t=1.00961 lam_s=1.00986 tsr_diff=0.000213 integral_mean=-0.000311 integral_std=0.001619 log_ratio=-0.7456 accept=0.4744 swapped=False
i=12 pair=(7,6) lam_t=1.00995 lam_s=1.01000 tsr_diff=0.000047 integral_mean=0.000007 integral_std=0.000184 log_ratio=0.0000 accept=1.0000 swapped=True
i=13 pair=(3,2) lam_t=1.00254 lam_s=1.00722 tsr_diff=0.004402 integral_mean=-0.004017 integral_std=0.038983 log_ratio=-9.6419 accept=0.0001 swapped=False
i=13 pair=(4,5) lam_t=1.00896 lam_s=1.00961 tsr_diff=0.000607 integral_mean=0.000372 integral_std=0.003675 log_ratio=0.0000 accept=1.0000 swapped=True
i=13 pair=(0,6) lam_t=1.00986 lam_s=1.00995 tsr_diff=0.000084 integral_mean=0.000146 integral_std=0.000704 log_ratio=0.0000 accept=1.0000 swapped=True
i=13 pair=(3,2) lam_t=1.00254 lam_s=1.00722 tsr_diff=0.004402 integral_mean=-0.001192 integral_std=0.019602 log_ratio=-2.8611 accept=0.0572 swapped=False
i=13 pair=(5,4) lam_t=1.00896 lam_s=1.00961 tsr_diff=0.000607 integral_mean=-0.000165 integral_std=0.002630 log_ratio=-0.3961 accept=0.6730 swapped=False
i=13 pair=(6,0) lam_t=1.00986 lam_s=1.00995 tsr_diff=0.000084 integral_mean=-0.000142 integral_std=0.000733 log_ratio=-0.3418 accept=0.7105 swapped=True
i=14 pair=(1,3) lam_t=0.99000 lam_s=1.00254 tsr_diff=0.012453 integral_mean=0.004211 integral_std=0.125259 log_ratio=0.0000 accept=1.0000 swapped=True
i=14 pair=(2,5) lam_t=1.00722 lam_s=1.00896 tsr_diff=0.001690 integral_mean=0.000939 integral_std=0.022019 log_ratio=0.0000 accept=1.0000 swapped=True
i=14 pair=(4,0) lam_t=1.00961 lam_s=1.00986 tsr_diff=0.000234 integral_mean=-0.000387 integral_std=0.005335 log_ratio=-0.9299 accept=0.3946 swapped=True
i=14 pair=(6,7) lam_t=1.00995 lam_s=1.01000 tsr_diff=0.000052 integral_mean=-0.000028 integral_std=0.000609 log_ratio=-0.0684 accept=0.9339 swapped=True
i=14 pair=(3,1) lam_t=0.99000 lam_s=1.00254 tsr_diff=0.012453 integral_mean=-0.002386 integral_std=0.088853 log_ratio=-5.7256 accept=0.0033 swapped=False
i=14 pair=(5,2) lam_t=1.00722 lam_s=1.00896 tsr_diff=0.001690 integral_mean=-0.000226 integral_std=0.015845 log_ratio=-0.5420 accept=0.5816 swapped=False
i=14 pair=(0,4) lam_t=1.00961 lam_s=1.00986 tsr_diff=0.000234 integral_mean=-0.000013 integral_std=0.003416 log_ratio=-0.0311 accept=0.9694 swapped=True
i=14 pair=(7,6) lam_t=1.00995 lam_s=1.01000 tsr_diff=0.000052 integral_mean=0.000015 integral_std=0.000472 log_ratio=0.0000 accept=1.0000 swapped=True
Best Sample: 3 log probability -3.025
Saved 1 samples to: logs/pointmaze-giant-navigate-v0/inference/plans/release_H400_T256_LimitsNormalizer_b1_condFalse/2026-07-17 13:08:33/39/0.png
Saved 1 samples to: logs/pointmaze-giant-navigate-v0/inference/plans/release_H400_T256_LimitsNormalizer_b1_condFalse/2026-07-17 13:08:33/39/rollout.png
i=0 pair=(0,1) lam_t=0.99000 lam_s=1.00254 tsr_diff=0.000000 integral_mean=0.000000 integral_std=0.000000 log_ratio=0.0000 accept=1.0000 swapped=True
i=0 pair=(2,3) lam_t=1.00722 lam_s=1.00896 tsr_diff=0.000000 integral_mean=0.000000 integral_std=0.000000 log_ratio=0.0000 accept=1.0000 swapped=True
i=0 pair=(4,5) lam_t=1.00961 lam_s=1.00986 tsr_diff=0.000000 integral_mean=0.000000 integral_std=0.000000 log_ratio=0.0000 accept=1.0000 swapped=True
i=0 pair=(6,7) lam_t=1.00995 lam_s=1.01000 tsr_diff=0.000000 integral_mean=0.000000 integral_std=0.000000 log_ratio=0.0000 accept=1.0000 swapped=True
i=0 pair=(1,0) lam_t=0.99000 lam_s=1.00254 tsr_diff=0.000000 integral_mean=0.000000 integral_std=0.000000 log_ratio=0.0000 accept=1.0000 swapped=True
i=0 pair=(3,2) lam_t=1.00722 lam_s=1.00896 tsr_diff=0.000000 integral_mean=0.000000 integral_std=0.000000 log_ratio=0.0000 accept=1.0000 swapped=True
i=0 pair=(5,4) lam_t=1.00961 lam_s=1.00986 tsr_diff=0.000000 integral_mean=0.000000 integral_std=0.000000 log_ratio=0.0000 accept=1.0000 swapped=True
i=0 pair=(7,6) lam_t=1.00995 lam_s=1.01000 tsr_diff=0.000000 integral_mean=0.000000 integral_std=0.000000 log_ratio=0.0000 accept=1.0000 swapped=True
i=1 pair=(1,2) lam_t=1.00254 lam_s=1.00722 tsr_diff=0.000050 integral_mean=0.000001 integral_std=0.000101 log_ratio=0.0000 accept=1.0000 swapped=True
i=1 pair=(3,4) lam_t=1.00896 lam_s=1.00961 tsr_diff=0.000007 integral_mean=-0.000000 integral_std=0.000013 log_ratio=-0.0004 accept=0.9996 swapped=True
i=1 pair=(5,6) lam_t=1.00986 lam_s=1.00995 tsr_diff=0.000001 integral_mean=0.000000 integral_std=0.000002 log_ratio=0.0000 accept=1.0000 swapped=True
i=1 pair=(2,1) lam_t=1.00254 lam_s=1.00722 tsr_diff=0.000050 integral_mean=0.000005 integral_std=0.000110 log_ratio=0.0000 accept=1.0000 swapped=True
i=1 pair=(4,3) lam_t=1.00896 lam_s=1.00961 tsr_diff=0.000007 integral_mean=-0.000000 integral_std=0.000014 log_ratio=-0.0006 accept=0.9994 swapped=True
i=1 pair=(6,5) lam_t=1.00986 lam_s=1.00995 tsr_diff=0.000001 integral_mean=-0.000000 integral_std=0.000002 log_ratio=-0.0001 accept=0.9999 swapped=True
i=2 pair=(0,1) lam_t=0.99000 lam_s=1.00254 tsr_diff=0.000530 integral_mean=0.000019 integral_std=0.001067 log_ratio=0.0000 accept=1.0000 swapped=True
i=2 pair=(2,3) lam_t=1.00722 lam_s=1.00896 tsr_diff=0.000074 integral_mean=0.000004 integral_std=0.000157 log_ratio=0.0000 accept=1.0000 swapped=True
i=2 pair=(4,5) lam_t=1.00961 lam_s=1.00986 tsr_diff=0.000010 integral_mean=-0.000001 integral_std=0.000021 log_ratio=-0.0025 accept=0.9975 swapped=True
i=2 pair=(6,7) lam_t=1.00995 lam_s=1.01000 tsr_diff=0.000002 integral_mean=0.000000 integral_std=0.000005 log_ratio=0.0000 accept=1.0000 swapped=True
i=2 pair=(1,0) lam_t=0.99000 lam_s=1.00254 tsr_diff=0.000530 integral_mean=0.000310 integral_std=0.001466 log_ratio=0.0000 accept=1.0000 swapped=True
i=2 pair=(3,2) lam_t=1.00722 lam_s=1.00896 tsr_diff=0.000074 integral_mean=0.000001 integral_std=0.000145 log_ratio=0.0000 accept=1.0000 swapped=True
i=2 pair=(5,4) lam_t=1.00961 lam_s=1.00986 tsr_diff=0.000010 integral_mean=0.000000 integral_std=0.000021 log_ratio=0.0000 accept=1.0000 swapped=True
i=2 pair=(7,6) lam_t=1.00995 lam_s=1.01000 tsr_diff=0.000002 integral_mean=0.000000 integral_std=0.000005 log_ratio=0.0000 accept=1.0000 swapped=True
i=3 pair=(1,2) lam_t=1.00254 lam_s=1.00722 tsr_diff=0.000436 integral_mean=0.000139 integral_std=0.001006 log_ratio=0.0000 accept=1.0000 swapped=True
i=3 pair=(3,4) lam_t=1.00896 lam_s=1.00961 tsr_diff=0.000060 integral_mean=0.000000 integral_std=0.000129 log_ratio=0.0000 accept=1.0000 swapped=True
i=3 pair=(5,6) lam_t=1.00986 lam_s=1.00995 tsr_diff=0.000008 integral_mean=0.000000 integral_std=0.000017 log_ratio=0.0000 accept=1.0000 swapped=True
i=3 pair=(2,1) lam_t=1.00254 lam_s=1.00722 tsr_diff=0.000436 integral_mean=-0.000060 integral_std=0.000919 log_ratio=-0.1437 accept=0.8661 swapped=True
i=3 pair=(4,3) lam_t=1.00896 lam_s=1.00961 tsr_diff=0.000060 integral_mean=-0.000002 integral_std=0.000134 log_ratio=-0.0059 accept=0.9942 swapped=True
i=3 pair=(6,5) lam_t=1.00986 lam_s=1.00995 tsr_diff=0.000008 integral_mean=0.000000 integral_std=0.000018 log_ratio=0.0000 accept=1.0000 swapped=True
i=4 pair=(0,1) lam_t=0.99000 lam_s=1.00254 tsr_diff=0.002032 integral_mean=-0.000491 integral_std=0.004585 log_ratio=-1.1782 accept=0.3078 swapped=False
i=4 pair=(2,3) lam_t=1.00722 lam_s=1.00896 tsr_diff=0.000281 integral_mean=-0.000011 integral_std=0.000606 log_ratio=-0.0262 accept=0.9741 swapped=True
i=4 pair=(4,5) lam_t=1.00961 lam_s=1.00986 tsr_diff=0.000039 integral_mean=0.000001 integral_std=0.000081 log_ratio=0.0000 accept=1.0000 swapped=True
i=4 pair=(6,7) lam_t=1.00995 lam_s=1.01000 tsr_diff=0.000009 integral_mean=0.000000 integral_std=0.000019 log_ratio=0.0000 accept=1.0000 swapped=True
i=4 pair=(0,1) lam_t=0.99000 lam_s=1.00254 tsr_diff=0.002032 integral_mean=-0.000241 integral_std=0.004325 log_ratio=-0.5784 accept=0.5608 swapped=False
i=4 pair=(3,2) lam_t=1.00722 lam_s=1.00896 tsr_diff=0.000281 integral_mean=-0.000009 integral_std=0.000553 log_ratio=-0.0206 accept=0.9796 swapped=True
i=4 pair=(5,4) lam_t=1.00961 lam_s=1.00986 tsr_diff=0.000039 integral_mean=-0.000016 integral_std=0.000102 log_ratio=-0.0394 accept=0.9613 swapped=True
i=4 pair=(7,6) lam_t=1.00995 lam_s=1.01000 tsr_diff=0.000009 integral_mean=-0.000003 integral_std=0.000021 log_ratio=-0.0068 accept=0.9932 swapped=True
i=5 pair=(1,2) lam_t=1.00254 lam_s=1.00722 tsr_diff=0.001142 integral_mean=0.000085 integral_std=0.002507 log_ratio=0.0000 accept=1.0000 swapped=True
i=5 pair=(3,4) lam_t=1.00896 lam_s=1.00961 tsr_diff=0.000158 integral_mean=-0.000054 integral_std=0.000405 log_ratio=-0.1288 accept=0.8791 swapped=True
i=5 pair=(5,6) lam_t=1.00986 lam_s=1.00995 tsr_diff=0.000022 integral_mean=-0.000006 integral_std=0.000056 log_ratio=-0.0136 accept=0.9865 swapped=True
i=5 pair=(2,1) lam_t=1.00254 lam_s=1.00722 tsr_diff=0.001142 integral_mean=-0.000189 integral_std=0.002497 log_ratio=-0.4540 accept=0.6351 swapped=True
i=5 pair=(4,3) lam_t=1.00896 lam_s=1.00961 tsr_diff=0.000158 integral_mean=0.000038 integral_std=0.000370 log_ratio=0.0000 accept=1.0000 swapped=True
i=5 pair=(6,5) lam_t=1.00986 lam_s=1.00995 tsr_diff=0.000022 integral_mean=0.000002 integral_std=0.000048 log_ratio=0.0000 accept=1.0000 swapped=True
i=6 pair=(0,1) lam_t=0.99000 lam_s=1.00254 tsr_diff=0.004257 integral_mean=-0.000336 integral_std=0.009394 log_ratio=-0.8058 accept=0.4467 swapped=False
i=6 pair=(2,3) lam_t=1.00722 lam_s=1.00896 tsr_diff=0.000587 integral_mean=0.000017 integral_std=0.001177 log_ratio=0.0000 accept=1.0000 swapped=True
i=6 pair=(4,5) lam_t=1.00961 lam_s=1.00986 tsr_diff=0.000081 integral_mean=0.000013 integral_std=0.000188 log_ratio=0.0000 accept=1.0000 swapped=True
i=6 pair=(6,7) lam_t=1.00995 lam_s=1.01000 tsr_diff=0.000018 integral_mean=0.000000 integral_std=0.000041 log_ratio=0.0000 accept=1.0000 swapped=True
i=6 pair=(0,1) lam_t=0.99000 lam_s=1.00254 tsr_diff=0.004257 integral_mean=-0.000307 integral_std=0.009358 log_ratio=-0.7362 accept=0.4789 swapped=True
i=6 pair=(3,2) lam_t=1.00722 lam_s=1.00896 tsr_diff=0.000587 integral_mean=0.000020 integral_std=0.001204 log_ratio=0.0000 accept=1.0000 swapped=True
i=6 pair=(5,4) lam_t=1.00961 lam_s=1.00986 tsr_diff=0.000081 integral_mean=-0.000004 integral_std=0.000185 log_ratio=-0.0094 accept=0.9907 swapped=False
i=6 pair=(7,6) lam_t=1.00995 lam_s=1.01000 tsr_diff=0.000018 integral_mean=0.000000 integral_std=0.000040 log_ratio=0.0000 accept=1.0000 swapped=True
i=7 pair=(0,2) lam_t=1.00254 lam_s=1.00722 tsr_diff=0.002045 integral_mean=0.000170 integral_std=0.004230 log_ratio=0.0000 accept=1.0000 swapped=True
i=7 pair=(3,5) lam_t=1.00896 lam_s=1.00961 tsr_diff=0.000283 integral_mean=0.000002 integral_std=0.000639 log_ratio=0.0000 accept=1.0000 swapped=True
i=7 pair=(4,6) lam_t=1.00986 lam_s=1.00995 tsr_diff=0.000039 integral_mean=-0.000000 integral_std=0.000093 log_ratio=-0.0011 accept=0.9989 swapped=True
i=7 pair=(2,0) lam_t=1.00254 lam_s=1.00722 tsr_diff=0.002045 integral_mean=0.000037 integral_std=0.004397 log_ratio=0.0000 accept=1.0000 swapped=True
i=7 pair=(5,3) lam_t=1.00896 lam_s=1.00961 tsr_diff=0.000283 integral_mean=0.000013 integral_std=0.000627 log_ratio=0.0000 accept=1.0000 swapped=True
i=7 pair=(6,4) lam_t=1.00986 lam_s=1.00995 tsr_diff=0.000039 integral_mean=0.000001 integral_std=0.000091 log_ratio=0.0000 accept=1.0000 swapped=True
i=8 pair=(1,0) lam_t=0.99000 lam_s=1.00254 tsr_diff=0.006833 integral_mean=-0.000059 integral_std=0.015419 log_ratio=-0.1405 accept=0.8689 swapped=True
i=8 pair=(2,3) lam_t=1.00722 lam_s=1.00896 tsr_diff=0.000937 integral_mean=-0.000044 integral_std=0.002083 log_ratio=-0.1048 accept=0.9005 swapped=True
i=8 pair=(5,4) lam_t=1.00961 lam_s=1.00986 tsr_diff=0.000130 integral_mean=0.000004 integral_std=0.000279 log_ratio=0.0000 accept=1.0000 swapped=True
i=8 pair=(6,7) lam_t=1.00995 lam_s=1.01000 tsr_diff=0.000029 integral_mean=-0.000000 integral_std=0.000070 log_ratio=-0.0007 accept=0.9993 swapped=True
i=8 pair=(0,1) lam_t=0.99000 lam_s=1.00254 tsr_diff=0.006833 integral_mean=-0.000193 integral_std=0.016124 log_ratio=-0.4642 accept=0.6286 swapped=True
i=8 pair=(3,2) lam_t=1.00722 lam_s=1.00896 tsr_diff=0.000937 integral_mean=-0.000016 integral_std=0.002133 log_ratio=-0.0387 accept=0.9621 swapped=True
i=8 pair=(4,5) lam_t=1.00961 lam_s=1.00986 tsr_diff=0.000130 integral_mean=-0.000005 integral_std=0.000321 log_ratio=-0.0128 accept=0.9873 swapped=True
i=8 pair=(7,6) lam_t=1.00995 lam_s=1.01000 tsr_diff=0.000029 integral_mean=-0.000000 integral_std=0.000070 log_ratio=-0.0002 accept=0.9998 swapped=True
i=9 pair=(0,2) lam_t=1.00254 lam_s=1.00722 tsr_diff=0.002993 integral_mean=0.000122 integral_std=0.007086 log_ratio=0.0000 accept=1.0000 swapped=True
i=9 pair=(3,5) lam_t=1.00896 lam_s=1.00961 tsr_diff=0.000414 integral_mean=-0.000072 integral_std=0.001052 log_ratio=-0.1727 accept=0.8414 swapped=True
i=9 pair=(4,6) lam_t=1.00986 lam_s=1.00995 tsr_diff=0.000057 integral_mean=0.000000 integral_std=0.000149 log_ratio=0.0000 accept=1.0000 swapped=True
i=9 pair=(2,0) lam_t=1.00254 lam_s=1.00722 tsr_diff=0.002993 integral_mean=-0.000052 integral_std=0.006957 log_ratio=-0.1251 accept=0.8824 swapped=True
i=9 pair=(5,3) lam_t=1.00896 lam_s=1.00961 tsr_diff=0.000414 integral_mean=0.000066 integral_std=0.001078 log_ratio=0.0000 accept=1.0000 swapped=True
i=9 pair=(6,4) lam_t=1.00986 lam_s=1.00995 tsr_diff=0.000057 integral_mean=0.000003 integral_std=0.000141 log_ratio=0.0000 accept=1.0000 swapped=True
i=10 pair=(1,0) lam_t=0.99000 lam_s=1.00254 tsr_diff=0.009326 integral_mean=0.000378 integral_std=0.023998 log_ratio=0.0000 accept=1.0000 swapped=True
i=10 pair=(2,3) lam_t=1.00722 lam_s=1.00896 tsr_diff=0.001273 integral_mean=-0.000072 integral_std=0.003622 log_ratio=-0.1725 accept=0.8415 swapped=True
i=10 pair=(5,4) lam_t=1.00961 lam_s=1.00986 tsr_diff=0.000177 integral_mean=0.000023 integral_std=0.000427 log_ratio=0.0000 accept=1.0000 swapped=True
i=10 pair=(6,7) lam_t=1.00995 lam_s=1.01000 tsr_diff=0.000039 integral_mean=0.000001 integral_std=0.000107 log_ratio=0.0000 accept=1.0000 swapped=True
i=10 pair=(0,1) lam_t=0.99000 lam_s=1.00254 tsr_diff=0.009326 integral_mean=-0.000664 integral_std=0.024476 log_ratio=-1.5926 accept=0.2034 swapped=False
i=10 pair=(3,2) lam_t=1.00722 lam_s=1.00896 tsr_diff=0.001273 integral_mean=0.000150 integral_std=0.003351 log_ratio=0.0000 accept=1.0000 swapped=True
i=10 pair=(4,5) lam_t=1.00961 lam_s=1.00986 tsr_diff=0.000177 integral_mean=-0.000019 integral_std=0.000424 log_ratio=-0.0449 accept=0.9561 swapped=True
i=10 pair=(7,6) lam_t=1.00995 lam_s=1.01000 tsr_diff=0.000039 integral_mean=-0.000002 integral_std=0.000105 log_ratio=-0.0037 accept=0.9963 swapped=True
i=11 pair=(1,2) lam_t=1.00254 lam_s=1.00722 tsr_diff=0.003825 integral_mean=0.000395 integral_std=0.009859 log_ratio=0.0000 accept=1.0000 swapped=True
i=11 pair=(3,5) lam_t=1.00896 lam_s=1.00961 tsr_diff=0.000528 integral_mean=-0.000052 integral_std=0.001687 log_ratio=-0.1253 accept=0.8823 swapped=False
i=11 pair=(4,6) lam_t=1.00986 lam_s=1.00995 tsr_diff=0.000073 integral_mean=-0.000004 integral_std=0.000228 log_ratio=-0.0107 accept=0.9893 swapped=True
i=11 pair=(2,1) lam_t=1.00254 lam_s=1.00722 tsr_diff=0.003825 integral_mean=-0.000273 integral_std=0.009585 log_ratio=-0.6549 accept=0.5195 swapped=True
i=11 pair=(3,5) lam_t=1.00896 lam_s=1.00961 tsr_diff=0.000528 integral_mean=-0.000068 integral_std=0.001558 log_ratio=-0.1629 accept=0.8497 swapped=True
i=11 pair=(6,4) lam_t=1.00986 lam_s=1.00995 tsr_diff=0.000073 integral_mean=0.000009 integral_std=0.000218 log_ratio=0.0000 accept=1.0000 swapped=True
i=12 pair=(0,1) lam_t=0.99000 lam_s=1.00254 tsr_diff=0.011313 integral_mean=-0.000763 integral_std=0.037668 log_ratio=-1.8304 accept=0.1603 swapped=True
i=12 pair=(2,5) lam_t=1.00722 lam_s=1.00896 tsr_diff=0.001539 integral_mean=-0.000614 integral_std=0.009912 log_ratio=-1.4740 accept=0.2290 swapped=False
i=12 pair=(3,4) lam_t=1.00961 lam_s=1.00986 tsr_diff=0.000213 integral_mean=0.000022 integral_std=0.000715 log_ratio=0.0000 accept=1.0000 swapped=True
i=12 pair=(6,7) lam_t=1.00995 lam_s=1.01000 tsr_diff=0.000047 integral_mean=0.000012 integral_std=0.000188 log_ratio=0.0000 accept=1.0000 swapped=True
i=12 pair=(1,0) lam_t=0.99000 lam_s=1.00254 tsr_diff=0.011313 integral_mean=0.001301 integral_std=0.038134 log_ratio=0.0000 accept=1.0000 swapped=True
i=12 pair=(2,5) lam_t=1.00722 lam_s=1.00896 tsr_diff=0.001539 integral_mean=-0.000274 integral_std=0.005478 log_ratio=-0.6567 accept=0.5186 swapped=False
i=12 pair=(4,3) lam_t=1.00961 lam_s=1.00986 tsr_diff=0.000213 integral_mean=-0.000020 integral_std=0.000654 log_ratio=-0.0489 accept=0.9523 swapped=True
i=12 pair=(7,6) lam_t=1.00995 lam_s=1.01000 tsr_diff=0.000047 integral_mean=-0.000006 integral_std=0.000154 log_ratio=-0.0146 accept=0.9855 swapped=True
i=13 pair=(1,2) lam_t=1.00254 lam_s=1.00722 tsr_diff=0.004402 integral_mean=0.000778 integral_std=0.017277 log_ratio=0.0000 accept=1.0000 swapped=True
i=13 pair=(5,3) lam_t=1.00896 lam_s=1.00961 tsr_diff=0.000607 integral_mean=0.000014 integral_std=0.004606 log_ratio=0.0000 accept=1.0000 swapped=True
i=13 pair=(4,6) lam_t=1.00986 lam_s=1.00995 tsr_diff=0.000084 integral_mean=-0.000022 integral_std=0.000419 log_ratio=-0.0539 accept=0.9475 swapped=True
i=13 pair=(2,1) lam_t=1.00254 lam_s=1.00722 tsr_diff=0.004402 integral_mean=-0.000564 integral_std=0.014951 log_ratio=-1.3541 accept=0.2582 swapped=False
i=13 pair=(3,5) lam_t=1.00896 lam_s=1.00961 tsr_diff=0.000607 integral_mean=-0.000035 integral_std=0.002883 log_ratio=-0.0834 accept=0.9200 swapped=False
i=13 pair=(6,4) lam_t=1.00986 lam_s=1.00995 tsr_diff=0.000084 integral_mean=-0.000003 integral_std=0.000363 log_ratio=-0.0060 accept=0.9940 swapped=True
i=14 pair=(0,2) lam_t=0.99000 lam_s=1.00254 tsr_diff=0.012453 integral_mean=0.001362 integral_std=0.085264 log_ratio=0.0000 accept=1.0000 swapped=True
i=14 pair=(1,3) lam_t=1.00722 lam_s=1.00896 tsr_diff=0.001690 integral_mean=0.000573 integral_std=0.019660 log_ratio=0.0000 accept=1.0000 swapped=True
i=14 pair=(5,4) lam_t=1.00961 lam_s=1.00986 tsr_diff=0.000234 integral_mean=0.000432 integral_std=0.006255 log_ratio=0.0000 accept=1.0000 swapped=True
i=14 pair=(6,7) lam_t=1.00995 lam_s=1.01000 tsr_diff=0.000052 integral_mean=0.000034 integral_std=0.000571 log_ratio=0.0000 accept=1.0000 swapped=True
i=14 pair=(2,0) lam_t=0.99000 lam_s=1.00254 tsr_diff=0.012453 integral_mean=-0.001087 integral_std=0.076114 log_ratio=-2.6081 accept=0.0737 swapped=False
i=14 pair=(3,1) lam_t=1.00722 lam_s=1.00896 tsr_diff=0.001690 integral_mean=-0.000167 integral_std=0.015638 log_ratio=-0.4010 accept=0.6696 swapped=False
i=14 pair=(4,5) lam_t=1.00961 lam_s=1.00986 tsr_diff=0.000234 integral_mean=-0.000112 integral_std=0.001976 log_ratio=-0.2699 accept=0.7635 swapped=True
i=14 pair=(7,6) lam_t=1.00995 lam_s=1.01000 tsr_diff=0.000052 integral_mean=-0.000016 integral_std=0.000371 log_ratio=-0.0395 accept=0.9613 swapped=True
Best Sample: 7 log probability -0.003
Saved 1 samples to: logs/pointmaze-giant-navigate-v0/inference/plans/release_H400_T256_LimitsNormalizer_b1_condFalse/2026-07-17 13:08:33/40/0.png
Saved 1 samples to: logs/pointmaze-giant-navigate-v0/inference/plans/release_H400_T256_LimitsNormalizer_b1_condFalse/2026-07-17 13:08:33/40/rollout.png
Success Rate: 75.0, Average Compute: 256.0
Exception ignored in: <function OffScreenViewer.__del__ at 0x14850255b400>
Traceback (most recent call last):
  File "/n/home00/zoewu/.conda/envs/maze/lib/python3.10/site-packages/gymnasium/envs/mujoco/mujoco_rendering.py", line 204, in __del__
    self.free()
  File "/n/home00/zoewu/.conda/envs/maze/lib/python3.10/site-packages/gymnasium/envs/mujoco/mujoco_rendering.py", line 201, in free
    self.opengl_context.free()
  File "/n/home00/zoewu/.conda/envs/maze/lib/python3.10/site-packages/mujoco/egl/__init__.py", line 133, in free
    EGL.eglDestroyContext(EGL_DISPLAY, self._context)
  File "/n/home00/zoewu/.conda/envs/maze/lib/python3.10/site-packages/OpenGL/error.py", line 230, in glCheckError
    raise self._errorClass(
OpenGL.raw.EGL._errors.EGLError: EGLError(
	err = EGL_NOT_INITIALIZED,
	baseOperation = eglDestroyContext,
	cArguments = (
		<OpenGL._opaque.EGLDisplay_pointer object at 0x1485e0794ec0>,
		<OpenGL._opaque.EGLContext_pointer object at 0x14850d9b3ec0>,
	),
	result = 0
)
Exception ignored in: <function GLContext.__del__ at 0x14850c234f70>
Traceback (most recent call last):
  File "/n/home00/zoewu/.conda/envs/maze/lib/python3.10/site-packages/mujoco/egl/__init__.py", line 138, in __del__
    self.free()
  File "/n/home00/zoewu/.conda/envs/maze/lib/python3.10/site-packages/mujoco/egl/__init__.py", line 133, in free
    EGL.eglDestroyContext(EGL_DISPLAY, self._context)
  File "/n/home00/zoewu/.conda/envs/maze/lib/python3.10/site-packages/OpenGL/error.py", line 230, in glCheckError
    raise self._errorClass(
OpenGL.raw.EGL._errors.EGLError: EGLError(
	err = EGL_NOT_INITIALIZED,
	baseOperation = eglDestroyContext,
	cArguments = (
		<OpenGL._opaque.EGLDisplay_pointer object at 0x1485e0794ec0>,
		<OpenGL._opaque.EGLContext_pointer object at 0x14850d9b3ec0>,
	),
	result = 0
)
Exception ignored in: <function OffScreenViewer.__del__ at 0x14850255b400>
Traceback (most recent call last):
  File "/n/home00/zoewu/.conda/envs/maze/lib/python3.10/site-packages/gymnasium/envs/mujoco/mujoco_rendering.py", line 204, in __del__
    self.free()
  File "/n/home00/zoewu/.conda/envs/maze/lib/python3.10/site-packages/gymnasium/envs/mujoco/mujoco_rendering.py", line 201, in free
    self.opengl_context.free()
  File "/n/home00/zoewu/.conda/envs/maze/lib/python3.10/site-packages/mujoco/egl/__init__.py", line 133, in free
    EGL.eglDestroyContext(EGL_DISPLAY, self._context)
  File "/n/home00/zoewu/.conda/envs/maze/lib/python3.10/site-packages/OpenGL/error.py", line 230, in glCheckError
    raise self._errorClass(
OpenGL.raw.EGL._errors.EGLError: EGLError(
	err = EGL_NOT_INITIALIZED,
	baseOperation = eglDestroyContext,
	cArguments = (
		<OpenGL._opaque.EGLDisplay_pointer object at 0x1485e0794ec0>,
		<OpenGL._opaque.EGLContext_pointer object at 0x1485023b5440>,
	),
	result = 0
)
Exception ignored in: <function GLContext.__del__ at 0x14850c234f70>
Traceback (most recent call last):
  File "/n/home00/zoewu/.conda/envs/maze/lib/python3.10/site-packages/mujoco/egl/__init__.py", line 138, in __del__
    self.free()
  File "/n/home00/zoewu/.conda/envs/maze/lib/python3.10/site-packages/mujoco/egl/__init__.py", line 133, in free
    EGL.eglDestroyContext(EGL_DISPLAY, self._context)
  File "/n/home00/zoewu/.conda/envs/maze/lib/python3.10/site-packages/OpenGL/error.py", line 230, in glCheckError
    raise self._errorClass(
OpenGL.raw.EGL._errors.EGLError: EGLError(
	err = EGL_NOT_INITIALIZED,
	baseOperation = eglDestroyContext,
	cArguments = (
		<OpenGL._opaque.EGLDisplay_pointer object at 0x1485e0794ec0>,
		<OpenGL._opaque.EGLContext_pointer object at 0x1485023b5440>,
	),
	result = 0
)
