/n/home00/zoewu/STEER/pointmaze/diffuser/utils/training.py:161: FutureWarning: You are using `torch.load` with `weights_only=False` (the current default value), which uses the default pickle module implicitly. It is possible to construct malicious pickle data which will execute arbitrary code during unpickling (See https://github.com/pytorch/pytorch/blob/main/SECURITY.md#untrusted-models for more details). In a future release, the default value for `weights_only` will be flipped to `True`. This limits the functions that could be executed during unpickling. Arbitrary objects will no longer be allowed to be loaded via this mode unless they are explicitly allowlisted by the user via `torch.serialization.add_safe_globals`. We recommend you start setting `weights_only=True` for any use case where you don't have full control of the loaded file. Please open an issue on GitHub for any issues related to this experimental feature.
  data = torch.load(loadpath, map_location='cpu')
[ utils/setup ] Reading config: config.pointmaze:pointmaze_giant_navigate_v0
[ utils/setup ] Using overrides | config: config.pointmaze | dataset: pointmaze_giant_navigate_v0
[ utils/setup ] Lazy fstring | diffusion_loadpath : f:diffusion/H{horizon}_T{n_diffusion_steps} --> diffusion/H400_T256
[ utils/setup ] Setting exp_name to: plans/release_H400_T256_LimitsNormalizer_b1_condFalse
[ utils/setup ] Saved args to logs/pointmaze-giant-navigate-v0/plans/release_H400_T256_LimitsNormalizer_b1_condFalse/0/args.json
[ utils/serialization ] Loaded config from logs/pointmaze-giant-navigate-v0/diffusion/H400_T256/dataset_config.pkl

[utils/config ] Config: <class 'diffuser.datasets.sequence.GoalDataset'>
    env: pointmaze-giant-navigate-v0
    horizon: 400
    max_path_length: 40000
    normalizer: LimitsNormalizer
    preprocess_fns: []
    termination_penalty: None
    use_padding: False

[ utils/serialization ] Loaded config from logs/pointmaze-giant-navigate-v0/diffusion/H400_T256/render_config.pkl

[utils/config ] Config: <class 'diffuser.utils.rendering.PointMazeRenderer'>
    env: pointmaze-giant-navigate-v0

[ utils/serialization ] Loaded config from logs/pointmaze-giant-navigate-v0/diffusion/H400_T256/model_config.pkl

[utils/config ] Config: <class 'diffuser.models.temporal.TemporalUnet'>
    cond_dim: 2
    dim_mults: (1, 4, 8)
    horizon: 424
    transition_dim: 4

[ utils/serialization ] Loaded config from logs/pointmaze-giant-navigate-v0/diffusion/H400_T256/diffusion_config.pkl

[utils/config ] Config: <class 'diffuser.models.diffusion.GaussianDiffusion'>
    action_dim: 2
    action_weight: 1
    clip_denoised: True
    horizon: 400
    loss_discount: 1
    loss_type: l2
    loss_weights: None
    n_timesteps: 256
    observation_dim: 2
    predict_epsilon: False

[ utils/serialization ] Loaded config from logs/pointmaze-giant-navigate-v0/diffusion/H400_T256/trainer_config.pkl

[utils/config ] Config: <class 'diffuser.utils.training.Trainer'>
    bucket: None
    ema_decay: 0.995
    gradient_accumulate_every: 2
    label_freq: 40000
    n_reference: 50
    n_samples: 10
    results_folder: logs/pointmaze-giant-navigate-v0/diffusion/H400_T256
    sample_freq: 1000
    save_freq: 1000
    save_parallel: False
    train_batch_size: 32
    train_lr: 0.0002

[ datasets/buffer ] Finalized replay buffer | 1500 episodes
[ datasets/buffer ] Fields:
    observations: (1500, 40000, 2)
    actions: (1500, 40000, 2)
    terminals: (1500, 40000, 1)
    next_observations: (1500, 40000, 2)
    normed_observations: (1500, 40000, 2)
    normed_actions: (1500, 40000, 2)
[ models/temporal ] Channel dimensions: [(4, 32), (32, 128), (128, 256)]
[(4, 32), (32, 128), (128, 256)]

[ utils/serialization ] Loading model epoch: 1200000

i=0 pair=(0,1) lam_t=0.90000 lam_s=0.96667 tsr_diff=0.000000 integral_mean=0.000000 integral_std=0.000000 log_ratio=0.0000 accept=1.0000 swapped=True
i=0 pair=(2,3) lam_t=1.03333 lam_s=1.10000 tsr_diff=0.000000 integral_mean=0.000000 integral_std=0.000000 log_ratio=0.0000 accept=1.0000 swapped=True
i=1 pair=(0,3) lam_t=0.96667 lam_s=1.03333 tsr_diff=0.000712 integral_mean=-0.000035 integral_std=0.000758 log_ratio=-0.0828 accept=0.9205 swapped=True
i=2 pair=(1,3) lam_t=0.90000 lam_s=0.96667 tsr_diff=0.002831 integral_mean=-0.000068 integral_std=0.002958 log_ratio=-0.1636 accept=0.8491 swapped=True
i=2 pair=(0,2) lam_t=1.03333 lam_s=1.10000 tsr_diff=0.002800 integral_mean=0.000217 integral_std=0.002912 log_ratio=0.0000 accept=1.0000 swapped=True
i=3 pair=(1,2) lam_t=0.96667 lam_s=1.03333 tsr_diff=0.006222 integral_mean=0.000293 integral_std=0.006034 log_ratio=0.0000 accept=1.0000 swapped=True
i=4 pair=(3,2) lam_t=0.90000 lam_s=0.96667 tsr_diff=0.011024 integral_mean=-0.000364 integral_std=0.010146 log_ratio=-0.8728 accept=0.4178 swapped=True
i=4 pair=(1,0) lam_t=1.03333 lam_s=1.10000 tsr_diff=0.010558 integral_mean=-0.000052 integral_std=0.010485 log_ratio=-0.1237 accept=0.8837 swapped=True
i=5 pair=(3,0) lam_t=0.96667 lam_s=1.03333 tsr_diff=0.016315 integral_mean=0.000060 integral_std=0.015562 log_ratio=0.0000 accept=1.0000 swapped=True
i=6 pair=(2,0) lam_t=0.90000 lam_s=0.96667 tsr_diff=0.023624 integral_mean=-0.004450 integral_std=0.029317 log_ratio=-10.6807 accept=0.0000 swapped=False
i=6 pair=(3,1) lam_t=1.03333 lam_s=1.10000 tsr_diff=0.021584 integral_mean=-0.000243 integral_std=0.020007 log_ratio=-0.5821 accept=0.5587 swapped=True
i=7 pair=(0,1) lam_t=0.96667 lam_s=1.03333 tsr_diff=0.029287 integral_mean=0.002232 integral_std=0.029573 log_ratio=0.0000 accept=1.0000 swapped=True
i=8 pair=(2,1) lam_t=0.90000 lam_s=0.96667 tsr_diff=0.038945 integral_mean=0.002053 integral_std=0.041715 log_ratio=0.0000 accept=1.0000 swapped=True
i=8 pair=(0,3) lam_t=1.03333 lam_s=1.10000 tsr_diff=0.033696 integral_mean=-0.000971 integral_std=0.037894 log_ratio=-2.3311 accept=0.0972 swapped=False
i=9 pair=(2,0) lam_t=0.96667 lam_s=1.03333 tsr_diff=0.042952 integral_mean=-0.000743 integral_std=0.046125 log_ratio=-1.7832 accept=0.1681 swapped=False
i=10 pair=(1,2) lam_t=0.90000 lam_s=0.96667 tsr_diff=0.054568 integral_mean=-0.001406 integral_std=0.063186 log_ratio=-3.3738 accept=0.0343 swapped=False
i=10 pair=(0,3) lam_t=1.03333 lam_s=1.10000 tsr_diff=0.044792 integral_mean=-0.000995 integral_std=0.049478 log_ratio=-2.3876 accept=0.0918 swapped=False
i=11 pair=(2,0) lam_t=0.96667 lam_s=1.03333 tsr_diff=0.055006 integral_mean=-0.000881 integral_std=0.076067 log_ratio=-2.1153 accept=0.1206 swapped=True
i=12 pair=(1,0) lam_t=0.90000 lam_s=0.96667 tsr_diff=0.067611 integral_mean=0.001665 integral_std=0.086830 log_ratio=0.0000 accept=1.0000 swapped=True
i=12 pair=(2,3) lam_t=1.03333 lam_s=1.10000 tsr_diff=0.053218 integral_mean=-0.001938 integral_std=0.074315 log_ratio=-4.6513 accept=0.0095 swapped=False
i=13 pair=(1,2) lam_t=0.96667 lam_s=1.03333 tsr_diff=0.063407 integral_mean=-0.044807 integral_std=0.342086 log_ratio=-107.5363 accept=0.0000 swapped=False
i=14 pair=(0,1) lam_t=0.90000 lam_s=0.96667 tsr_diff=0.075344 integral_mean=0.036626 integral_std=0.281851 log_ratio=0.0000 accept=1.0000 swapped=True
i=14 pair=(2,3) lam_t=1.03333 lam_s=1.10000 tsr_diff=0.057895 integral_mean=0.103000 integral_std=0.998015 log_ratio=0.0000 accept=1.0000 swapped=True
Best Sample: 1 log probability -1.042
Saved 1 samples to: logs/pointmaze-giant-navigate-v0/inference/plans/release_H400_T256_LimitsNormalizer_b1_condFalse/2026-07-20 17:11:10/1/0.png
Saved 1 samples to: logs/pointmaze-giant-navigate-v0/inference/plans/release_H400_T256_LimitsNormalizer_b1_condFalse/2026-07-20 17:11:10/1/rollout.png
i=0 pair=(0,1) lam_t=0.90000 lam_s=0.96667 tsr_diff=0.000000 integral_mean=0.000000 integral_std=0.000000 log_ratio=0.0000 accept=1.0000 swapped=True
i=0 pair=(2,3) lam_t=1.03333 lam_s=1.10000 tsr_diff=0.000000 integral_mean=0.000000 integral_std=0.000000 log_ratio=0.0000 accept=1.0000 swapped=True
i=1 pair=(0,3) lam_t=0.96667 lam_s=1.03333 tsr_diff=0.000712 integral_mean=-0.000003 integral_std=0.000705 log_ratio=-0.0073 accept=0.9928 swapped=True
i=2 pair=(1,3) lam_t=0.90000 lam_s=0.96667 tsr_diff=0.002831 integral_mean=-0.000184 integral_std=0.002973 log_ratio=-0.4422 accept=0.6426 swapped=True
i=2 pair=(0,2) lam_t=1.03333 lam_s=1.10000 tsr_diff=0.002800 integral_mean=-0.000016 integral_std=0.002669 log_ratio=-0.0384 accept=0.9623 swapped=True
i=3 pair=(1,2) lam_t=0.96667 lam_s=1.03333 tsr_diff=0.006222 integral_mean=-0.000062 integral_std=0.005874 log_ratio=-0.1481 accept=0.8624 swapped=True
i=4 pair=(3,2) lam_t=0.90000 lam_s=0.96667 tsr_diff=0.011024 integral_mean=0.000020 integral_std=0.010857 log_ratio=0.0000 accept=1.0000 swapped=True
i=4 pair=(1,0) lam_t=1.03333 lam_s=1.10000 tsr_diff=0.010558 integral_mean=-0.000230 integral_std=0.011078 log_ratio=-0.5509 accept=0.5764 swapped=True
i=5 pair=(3,0) lam_t=0.96667 lam_s=1.03333 tsr_diff=0.016315 integral_mean=0.000345 integral_std=0.015391 log_ratio=0.0000 accept=1.0000 swapped=True
i=6 pair=(2,0) lam_t=0.90000 lam_s=0.96667 tsr_diff=0.023624 integral_mean=0.000388 integral_std=0.022166 log_ratio=0.0000 accept=1.0000 swapped=True
i=6 pair=(3,1) lam_t=1.03333 lam_s=1.10000 tsr_diff=0.021584 integral_mean=-0.000634 integral_std=0.021033 log_ratio=-1.5211 accept=0.2185 swapped=False
i=7 pair=(2,3) lam_t=0.96667 lam_s=1.03333 tsr_diff=0.029287 integral_mean=0.000749 integral_std=0.026191 log_ratio=0.0000 accept=1.0000 swapped=True
i=8 pair=(0,3) lam_t=0.90000 lam_s=0.96667 tsr_diff=0.038945 integral_mean=0.000989 integral_std=0.041770 log_ratio=0.0000 accept=1.0000 swapped=True
i=8 pair=(2,1) lam_t=1.03333 lam_s=1.10000 tsr_diff=0.033696 integral_mean=-0.001118 integral_std=0.034795 log_ratio=-2.6836 accept=0.0683 swapped=False
i=9 pair=(0,2) lam_t=0.96667 lam_s=1.03333 tsr_diff=0.042952 integral_mean=0.001805 integral_std=0.044811 log_ratio=0.0000 accept=1.0000 swapped=True
i=10 pair=(3,2) lam_t=0.90000 lam_s=0.96667 tsr_diff=0.054568 integral_mean=0.004553 integral_std=0.058180 log_ratio=0.0000 accept=1.0000 swapped=True
i=10 pair=(0,1) lam_t=1.03333 lam_s=1.10000 tsr_diff=0.044792 integral_mean=0.001654 integral_std=0.056291 log_ratio=0.0000 accept=1.0000 swapped=True
i=11 pair=(3,1) lam_t=0.96667 lam_s=1.03333 tsr_diff=0.055006 integral_mean=0.004387 integral_std=0.057464 log_ratio=0.0000 accept=1.0000 swapped=True
i=12 pair=(2,1) lam_t=0.90000 lam_s=0.96667 tsr_diff=0.067611 integral_mean=0.010101 integral_std=0.087773 log_ratio=0.0000 accept=1.0000 swapped=True
i=12 pair=(3,0) lam_t=1.03333 lam_s=1.10000 tsr_diff=0.053218 integral_mean=-0.001385 integral_std=0.105432 log_ratio=-3.3238 accept=0.0360 swapped=False
i=13 pair=(2,3) lam_t=0.96667 lam_s=1.03333 tsr_diff=0.063407 integral_mean=0.003141 integral_std=0.109640 log_ratio=0.0000 accept=1.0000 swapped=True
i=14 pair=(1,3) lam_t=0.90000 lam_s=0.96667 tsr_diff=0.075344 integral_mean=0.025809 integral_std=0.345624 log_ratio=0.0000 accept=1.0000 swapped=True
i=14 pair=(2,0) lam_t=1.03333 lam_s=1.10000 tsr_diff=0.057895 integral_mean=0.033251 integral_std=0.253757 log_ratio=0.0000 accept=1.0000 swapped=True
Best Sample: 1 log probability 0.000
Saved 1 samples to: logs/pointmaze-giant-navigate-v0/inference/plans/release_H400_T256_LimitsNormalizer_b1_condFalse/2026-07-20 17:11:10/2/0.png
Saved 1 samples to: logs/pointmaze-giant-navigate-v0/inference/plans/release_H400_T256_LimitsNormalizer_b1_condFalse/2026-07-20 17:11:10/2/rollout.png
i=0 pair=(0,1) lam_t=0.90000 lam_s=0.96667 tsr_diff=0.000000 integral_mean=0.000000 integral_std=0.000000 log_ratio=0.0000 accept=1.0000 swapped=True
i=0 pair=(2,3) lam_t=1.03333 lam_s=1.10000 tsr_diff=0.000000 integral_mean=0.000000 integral_std=0.000000 log_ratio=0.0000 accept=1.0000 swapped=True
i=1 pair=(0,3) lam_t=0.96667 lam_s=1.03333 tsr_diff=0.000712 integral_mean=0.000168 integral_std=0.000901 log_ratio=0.0000 accept=1.0000 swapped=True
i=2 pair=(1,3) lam_t=0.90000 lam_s=0.96667 tsr_diff=0.002831 integral_mean=-0.000109 integral_std=0.002929 log_ratio=-0.2620 accept=0.7695 swapped=True
i=2 pair=(0,2) lam_t=1.03333 lam_s=1.10000 tsr_diff=0.002800 integral_mean=0.000121 integral_std=0.003021 log_ratio=0.0000 accept=1.0000 swapped=True
i=3 pair=(1,2) lam_t=0.96667 lam_s=1.03333 tsr_diff=0.006222 integral_mean=0.000009 integral_std=0.005975 log_ratio=0.0000 accept=1.0000 swapped=True
i=4 pair=(3,2) lam_t=0.90000 lam_s=0.96667 tsr_diff=0.011024 integral_mean=-0.000018 integral_std=0.010249 log_ratio=-0.0439 accept=0.9571 swapped=True
i=4 pair=(1,0) lam_t=1.03333 lam_s=1.10000 tsr_diff=0.010558 integral_mean=0.000153 integral_std=0.009345 log_ratio=0.0000 accept=1.0000 swapped=True
i=5 pair=(3,0) lam_t=0.96667 lam_s=1.03333 tsr_diff=0.016315 integral_mean=-0.000208 integral_std=0.015158 log_ratio=-0.4988 accept=0.6073 swapped=False
i=6 pair=(2,3) lam_t=0.90000 lam_s=0.96667 tsr_diff=0.023624 integral_mean=0.000347 integral_std=0.022479 log_ratio=0.0000 accept=1.0000 swapped=True
i=6 pair=(0,1) lam_t=1.03333 lam_s=1.10000 tsr_diff=0.021584 integral_mean=-0.000058 integral_std=0.018643 log_ratio=-0.1393 accept=0.8700 swapped=True
i=7 pair=(2,1) lam_t=0.96667 lam_s=1.03333 tsr_diff=0.029287 integral_mean=0.001524 integral_std=0.025017 log_ratio=0.0000 accept=1.0000 swapped=True
i=8 pair=(3,1) lam_t=0.90000 lam_s=0.96667 tsr_diff=0.038945 integral_mean=0.000814 integral_std=0.036917 log_ratio=0.0000 accept=1.0000 swapped=True
i=8 pair=(2,0) lam_t=1.03333 lam_s=1.10000 tsr_diff=0.033696 integral_mean=-0.000732 integral_std=0.030859 log_ratio=-1.7572 accept=0.1725 swapped=True
i=9 pair=(3,0) lam_t=0.96667 lam_s=1.03333 tsr_diff=0.042952 integral_mean=-0.000681 integral_std=0.041913 log_ratio=-1.6355 accept=0.1948 swapped=False
i=10 pair=(1,3) lam_t=0.90000 lam_s=0.96667 tsr_diff=0.054568 integral_mean=0.001229 integral_std=0.056926 log_ratio=0.0000 accept=1.0000 swapped=True
i=10 pair=(0,2) lam_t=1.03333 lam_s=1.10000 tsr_diff=0.044792 integral_mean=-0.003232 integral_std=0.040213 log_ratio=-7.7561 accept=0.0004 swapped=False
i=11 pair=(1,0) lam_t=0.96667 lam_s=1.03333 tsr_diff=0.055006 integral_mean=0.000373 integral_std=0.038819 log_ratio=0.0000 accept=1.0000 swapped=True
i=12 pair=(3,0) lam_t=0.90000 lam_s=0.96667 tsr_diff=0.067611 integral_mean=0.002530 integral_std=0.076467 log_ratio=0.0000 accept=1.0000 swapped=True
i=12 pair=(1,2) lam_t=1.03333 lam_s=1.10000 tsr_diff=0.053218 integral_mean=-0.005216 integral_std=0.069631 log_ratio=-12.5188 accept=0.0000 swapped=False
i=13 pair=(3,1) lam_t=0.96667 lam_s=1.03333 tsr_diff=0.063407 integral_mean=0.002679 integral_std=0.079349 log_ratio=0.0000 accept=1.0000 swapped=True
i=14 pair=(0,1) lam_t=0.90000 lam_s=0.96667 tsr_diff=0.075344 integral_mean=0.024529 integral_std=0.106957 log_ratio=0.0000 accept=1.0000 swapped=True
i=14 pair=(3,2) lam_t=1.03333 lam_s=1.10000 tsr_diff=0.057895 integral_mean=-0.063202 integral_std=0.434065 log_ratio=-151.6848 accept=0.0000 swapped=False
Best Sample: 0 log probability 0.000
Saved 1 samples to: logs/pointmaze-giant-navigate-v0/inference/plans/release_H400_T256_LimitsNormalizer_b1_condFalse/2026-07-20 17:11:10/3/0.png
Saved 1 samples to: logs/pointmaze-giant-navigate-v0/inference/plans/release_H400_T256_LimitsNormalizer_b1_condFalse/2026-07-20 17:11:10/3/rollout.png
i=0 pair=(0,1) lam_t=0.90000 lam_s=0.96667 tsr_diff=0.000000 integral_mean=0.000000 integral_std=0.000000 log_ratio=0.0000 accept=1.0000 swapped=True
i=0 pair=(2,3) lam_t=1.03333 lam_s=1.10000 tsr_diff=0.000000 integral_mean=0.000000 integral_std=0.000000 log_ratio=0.0000 accept=1.0000 swapped=True
i=1 pair=(0,3) lam_t=0.96667 lam_s=1.03333 tsr_diff=0.000712 integral_mean=-0.000018 integral_std=0.000708 log_ratio=-0.0434 accept=0.9575 swapped=True
i=2 pair=(1,3) lam_t=0.90000 lam_s=0.96667 tsr_diff=0.002831 integral_mean=-0.000000 integral_std=0.003003 log_ratio=-0.0007 accept=0.9993 swapped=True
i=2 pair=(0,2) lam_t=1.03333 lam_s=1.10000 tsr_diff=0.002800 integral_mean=-0.000053 integral_std=0.002631 log_ratio=-0.1282 accept=0.8797 swapped=True
i=3 pair=(1,2) lam_t=0.96667 lam_s=1.03333 tsr_diff=0.006222 integral_mean=0.000844 integral_std=0.007253 log_ratio=0.0000 accept=1.0000 swapped=True
i=4 pair=(3,2) lam_t=0.90000 lam_s=0.96667 tsr_diff=0.011024 integral_mean=0.000188 integral_std=0.010426 log_ratio=0.0000 accept=1.0000 swapped=True
i=4 pair=(1,0) lam_t=1.03333 lam_s=1.10000 tsr_diff=0.010558 integral_mean=0.002783 integral_std=0.013496 log_ratio=0.0000 accept=1.0000 swapped=True
i=5 pair=(3,0) lam_t=0.96667 lam_s=1.03333 tsr_diff=0.016315 integral_mean=0.000638 integral_std=0.014602 log_ratio=0.0000 accept=1.0000 swapped=True
i=6 pair=(2,0) lam_t=0.90000 lam_s=0.96667 tsr_diff=0.023624 integral_mean=-0.000713 integral_std=0.020614 log_ratio=-1.7107 accept=0.1807 swapped=False
i=6 pair=(3,1) lam_t=1.03333 lam_s=1.10000 tsr_diff=0.021584 integral_mean=-0.000920 integral_std=0.020842 log_ratio=-2.2087 accept=0.1098 swapped=False
i=7 pair=(0,3) lam_t=0.96667 lam_s=1.03333 tsr_diff=0.029287 integral_mean=-0.000190 integral_std=0.026388 log_ratio=-0.4555 accept=0.6341 swapped=True
i=8 pair=(2,3) lam_t=0.90000 lam_s=0.96667 tsr_diff=0.038945 integral_mean=-0.000008 integral_std=0.032934 log_ratio=-0.0191 accept=0.9811 swapped=True
i=8 pair=(0,1) lam_t=1.03333 lam_s=1.10000 tsr_diff=0.033696 integral_mean=-0.002843 integral_std=0.039355 log_ratio=-6.8223 accept=0.0011 swapped=False
i=9 pair=(2,0) lam_t=0.96667 lam_s=1.03333 tsr_diff=0.042952 integral_mean=-0.015232 integral_std=0.079943 log_ratio=-36.5560 accept=0.0000 swapped=False
i=10 pair=(3,2) lam_t=0.90000 lam_s=0.96667 tsr_diff=0.054568 integral_mean=0.004195 integral_std=0.058089 log_ratio=0.0000 accept=1.0000 swapped=True
i=10 pair=(0,1) lam_t=1.03333 lam_s=1.10000 tsr_diff=0.044792 integral_mean=0.016262 integral_std=0.090582 log_ratio=0.0000 accept=1.0000 swapped=True
i=11 pair=(3,1) lam_t=0.96667 lam_s=1.03333 tsr_diff=0.055006 integral_mean=0.004514 integral_std=0.079355 log_ratio=0.0000 accept=1.0000 swapped=True
i=12 pair=(2,1) lam_t=0.90000 lam_s=0.96667 tsr_diff=0.067611 integral_mean=-0.000263 integral_std=0.096361 log_ratio=-0.6306 accept=0.5323 swapped=False
i=12 pair=(3,0) lam_t=1.03333 lam_s=1.10000 tsr_diff=0.053218 integral_mean=-0.041114 integral_std=0.231927 log_ratio=-98.6744 accept=0.0000 swapped=False
i=13 pair=(1,3) lam_t=0.96667 lam_s=1.03333 tsr_diff=0.063407 integral_mean=0.000949 integral_std=0.146620 log_ratio=0.0000 accept=1.0000 swapped=True
i=14 pair=(2,3) lam_t=0.90000 lam_s=0.96667 tsr_diff=0.075344 integral_mean=-0.193897 integral_std=2.049593 log_ratio=-465.3529 accept=0.0000 swapped=False
i=14 pair=(1,0) lam_t=1.03333 lam_s=1.10000 tsr_diff=0.057895 integral_mean=-0.009560 integral_std=0.389351 log_ratio=-22.9436 accept=0.0000 swapped=False
Best Sample: 2 log probability -0.002
Saved 1 samples to: logs/pointmaze-giant-navigate-v0/inference/plans/release_H400_T256_LimitsNormalizer_b1_condFalse/2026-07-20 17:11:10/4/0.png
Saved 1 samples to: logs/pointmaze-giant-navigate-v0/inference/plans/release_H400_T256_LimitsNormalizer_b1_condFalse/2026-07-20 17:11:10/4/rollout.png
i=0 pair=(0,1) lam_t=0.90000 lam_s=0.96667 tsr_diff=0.000000 integral_mean=0.000000 integral_std=0.000000 log_ratio=0.0000 accept=1.0000 swapped=True
i=0 pair=(2,3) lam_t=1.03333 lam_s=1.10000 tsr_diff=0.000000 integral_mean=0.000000 integral_std=0.000000 log_ratio=0.0000 accept=1.0000 swapped=True
i=1 pair=(0,3) lam_t=0.96667 lam_s=1.03333 tsr_diff=0.000712 integral_mean=-0.000018 integral_std=0.000737 log_ratio=-0.0441 accept=0.9569 swapped=True
i=2 pair=(1,3) lam_t=0.90000 lam_s=0.96667 tsr_diff=0.002831 integral_mean=0.000115 integral_std=0.002894 log_ratio=0.0000 accept=1.0000 swapped=True
i=2 pair=(0,2) lam_t=1.03333 lam_s=1.10000 tsr_diff=0.002800 integral_mean=0.000068 integral_std=0.002701 log_ratio=0.0000 accept=1.0000 swapped=True
i=3 pair=(1,2) lam_t=0.96667 lam_s=1.03333 tsr_diff=0.006222 integral_mean=-0.000019 integral_std=0.006115 log_ratio=-0.0449 accept=0.9561 swapped=True
i=4 pair=(3,2) lam_t=0.90000 lam_s=0.96667 tsr_diff=0.011024 integral_mean=-0.000080 integral_std=0.011635 log_ratio=-0.1915 accept=0.8257 swapped=True
i=4 pair=(1,0) lam_t=1.03333 lam_s=1.10000 tsr_diff=0.010558 integral_mean=-0.000161 integral_std=0.010368 log_ratio=-0.3875 accept=0.6788 swapped=True
i=5 pair=(3,0) lam_t=0.96667 lam_s=1.03333 tsr_diff=0.016315 integral_mean=-0.000534 integral_std=0.015278 log_ratio=-1.2826 accept=0.2773 swapped=False
i=6 pair=(2,3) lam_t=0.90000 lam_s=0.96667 tsr_diff=0.023624 integral_mean=0.000629 integral_std=0.022004 log_ratio=0.0000 accept=1.0000 swapped=True
i=6 pair=(0,1) lam_t=1.03333 lam_s=1.10000 tsr_diff=0.021584 integral_mean=0.021368 integral_std=0.076824 log_ratio=0.0000 accept=1.0000 swapped=True
i=7 pair=(2,1) lam_t=0.96667 lam_s=1.03333 tsr_diff=0.029287 integral_mean=0.000105 integral_std=0.026991 log_ratio=0.0000 accept=1.0000 swapped=True
i=8 pair=(3,1) lam_t=0.90000 lam_s=0.96667 tsr_diff=0.038945 integral_mean=-0.000679 integral_std=0.035919 log_ratio=-1.6304 accept=0.1959 swapped=False
i=8 pair=(2,0) lam_t=1.03333 lam_s=1.10000 tsr_diff=0.033696 integral_mean=-0.009585 integral_std=0.048895 log_ratio=-23.0045 accept=0.0000 swapped=False
i=9 pair=(1,2) lam_t=0.96667 lam_s=1.03333 tsr_diff=0.042952 integral_mean=-0.002318 integral_std=0.044871 log_ratio=-5.5634 accept=0.0038 swapped=False
i=10 pair=(3,1) lam_t=0.90000 lam_s=0.96667 tsr_diff=0.054568 integral_mean=-0.000036 integral_std=0.060673 log_ratio=-0.0871 accept=0.9166 swapped=True
i=10 pair=(2,0) lam_t=1.03333 lam_s=1.10000 tsr_diff=0.044792 integral_mean=-0.005645 integral_std=0.061937 log_ratio=-13.5480 accept=0.0000 swapped=False
i=11 pair=(3,2) lam_t=0.96667 lam_s=1.03333 tsr_diff=0.055006 integral_mean=-0.000432 integral_std=0.054258 log_ratio=-1.0363 accept=0.3548 swapped=False
i=12 pair=(1,3) lam_t=0.90000 lam_s=0.96667 tsr_diff=0.067611 integral_mean=0.006979 integral_std=0.083345 log_ratio=0.0000 accept=1.0000 swapped=True
i=12 pair=(2,0) lam_t=1.03333 lam_s=1.10000 tsr_diff=0.053218 integral_mean=-0.011639 integral_std=0.130459 log_ratio=-27.9339 accept=0.0000 swapped=False
i=13 pair=(1,2) lam_t=0.96667 lam_s=1.03333 tsr_diff=0.063407 integral_mean=0.003183 integral_std=0.118763 log_ratio=0.0000 accept=1.0000 swapped=True
i=14 pair=(3,2) lam_t=0.90000 lam_s=0.96667 tsr_diff=0.075344 integral_mean=0.028040 integral_std=0.326826 log_ratio=0.0000 accept=1.0000 swapped=True
i=14 pair=(1,0) lam_t=1.03333 lam_s=1.10000 tsr_diff=0.057895 integral_mean=-0.035739 integral_std=0.386163 log_ratio=-85.7735 accept=0.0000 swapped=False
Best Sample: 3 log probability -14.833
Saved 1 samples to: logs/pointmaze-giant-navigate-v0/inference/plans/release_H400_T256_LimitsNormalizer_b1_condFalse/2026-07-20 17:11:10/5/0.png
Saved 1 samples to: logs/pointmaze-giant-navigate-v0/inference/plans/release_H400_T256_LimitsNormalizer_b1_condFalse/2026-07-20 17:11:10/5/rollout.png
i=0 pair=(0,1) lam_t=0.90000 lam_s=0.96667 tsr_diff=0.000000 integral_mean=0.000000 integral_std=0.000000 log_ratio=0.0000 accept=1.0000 swapped=True
i=0 pair=(2,3) lam_t=1.03333 lam_s=1.10000 tsr_diff=0.000000 integral_mean=0.000000 integral_std=0.000000 log_ratio=0.0000 accept=1.0000 swapped=True
i=1 pair=(0,3) lam_t=0.96667 lam_s=1.03333 tsr_diff=0.000712 integral_mean=0.000022 integral_std=0.000727 log_ratio=0.0000 accept=1.0000 swapped=True
i=2 pair=(1,3) lam_t=0.90000 lam_s=0.96667 tsr_diff=0.002831 integral_mean=-0.000038 integral_std=0.002701 log_ratio=-0.0919 accept=0.9122 swapped=True
i=2 pair=(0,2) lam_t=1.03333 lam_s=1.10000 tsr_diff=0.002800 integral_mean=0.000262 integral_std=0.003176 log_ratio=0.0000 accept=1.0000 swapped=True
i=3 pair=(1,2) lam_t=0.96667 lam_s=1.03333 tsr_diff=0.006222 integral_mean=0.000561 integral_std=0.006700 log_ratio=0.0000 accept=1.0000 swapped=True
i=4 pair=(3,2) lam_t=0.90000 lam_s=0.96667 tsr_diff=0.011024 integral_mean=0.002105 integral_std=0.012668 log_ratio=0.0000 accept=1.0000 swapped=True
i=4 pair=(1,0) lam_t=1.03333 lam_s=1.10000 tsr_diff=0.010558 integral_mean=0.001330 integral_std=0.011937 log_ratio=0.0000 accept=1.0000 swapped=True
i=5 pair=(3,0) lam_t=0.96667 lam_s=1.03333 tsr_diff=0.016315 integral_mean=0.000577 integral_std=0.017180 log_ratio=0.0000 accept=1.0000 swapped=True
i=6 pair=(2,0) lam_t=0.90000 lam_s=0.96667 tsr_diff=0.023624 integral_mean=-0.001038 integral_std=0.024124 log_ratio=-2.4905 accept=0.0829 swapped=False
i=6 pair=(3,1) lam_t=1.03333 lam_s=1.10000 tsr_diff=0.021584 integral_mean=-0.000873 integral_std=0.024247 log_ratio=-2.0954 accept=0.1230 swapped=False
i=7 pair=(0,3) lam_t=0.96667 lam_s=1.03333 tsr_diff=0.029287 integral_mean=-0.000387 integral_std=0.028968 log_ratio=-0.9280 accept=0.3954 swapped=True
i=8 pair=(2,3) lam_t=0.90000 lam_s=0.96667 tsr_diff=0.038945 integral_mean=-0.001405 integral_std=0.038681 log_ratio=-3.3730 accept=0.0343 swapped=False
i=8 pair=(0,1) lam_t=1.03333 lam_s=1.10000 tsr_diff=0.033696 integral_mean=-0.004237 integral_std=0.039938 log_ratio=-10.1696 accept=0.0000 swapped=False
i=9 pair=(3,0) lam_t=0.96667 lam_s=1.03333 tsr_diff=0.042952 integral_mean=0.001670 integral_std=0.038035 log_ratio=0.0000 accept=1.0000 swapped=True
i=10 pair=(2,0) lam_t=0.90000 lam_s=0.96667 tsr_diff=0.054568 integral_mean=0.000439 integral_std=0.045065 log_ratio=0.0000 accept=1.0000 swapped=True
i=10 pair=(3,1) lam_t=1.03333 lam_s=1.10000 tsr_diff=0.044792 integral_mean=-0.005921 integral_std=0.072112 log_ratio=-14.2099 accept=0.0000 swapped=False
i=11 pair=(2,3) lam_t=0.96667 lam_s=1.03333 tsr_diff=0.055006 integral_mean=0.003071 integral_std=0.062626 log_ratio=0.0000 accept=1.0000 swapped=True
i=12 pair=(0,3) lam_t=0.90000 lam_s=0.96667 tsr_diff=0.067611 integral_mean=0.004405 integral_std=0.093001 log_ratio=0.0000 accept=1.0000 swapped=True
i=12 pair=(2,1) lam_t=1.03333 lam_s=1.10000 tsr_diff=0.053218 integral_mean=-0.011660 integral_std=0.118014 log_ratio=-27.9835 accept=0.0000 swapped=False
i=13 pair=(0,2) lam_t=0.96667 lam_s=1.03333 tsr_diff=0.063407 integral_mean=0.006430 integral_std=0.109325 log_ratio=0.0000 accept=1.0000 swapped=True
i=14 pair=(3,2) lam_t=0.90000 lam_s=0.96667 tsr_diff=0.075344 integral_mean=0.060792 integral_std=0.337300 log_ratio=0.0000 accept=1.0000 swapped=True
i=14 pair=(0,1) lam_t=1.03333 lam_s=1.10000 tsr_diff=0.057895 integral_mean=-0.004344 integral_std=0.274651 log_ratio=-10.4254 accept=0.0000 swapped=False
Best Sample: 0 log probability -11.712
Saved 1 samples to: logs/pointmaze-giant-navigate-v0/inference/plans/release_H400_T256_LimitsNormalizer_b1_condFalse/2026-07-20 17:11:10/6/0.png
Saved 1 samples to: logs/pointmaze-giant-navigate-v0/inference/plans/release_H400_T256_LimitsNormalizer_b1_condFalse/2026-07-20 17:11:10/6/rollout.png
i=0 pair=(0,1) lam_t=0.90000 lam_s=0.96667 tsr_diff=0.000000 integral_mean=0.000000 integral_std=0.000000 log_ratio=0.0000 accept=1.0000 swapped=True
i=0 pair=(2,3) lam_t=1.03333 lam_s=1.10000 tsr_diff=0.000000 integral_mean=0.000000 integral_std=0.000000 log_ratio=0.0000 accept=1.0000 swapped=True
i=1 pair=(0,3) lam_t=0.96667 lam_s=1.03333 tsr_diff=0.000712 integral_mean=-0.000021 integral_std=0.000770 log_ratio=-0.0513 accept=0.9500 swapped=True
i=2 pair=(1,3) lam_t=0.90000 lam_s=0.96667 tsr_diff=0.002831 integral_mean=0.000123 integral_std=0.002707 log_ratio=0.0000 accept=1.0000 swapped=True
i=2 pair=(0,2) lam_t=1.03333 lam_s=1.10000 tsr_diff=0.002800 integral_mean=-0.000466 integral_std=0.003145 log_ratio=-1.1175 accept=0.3271 swapped=False
i=3 pair=(1,0) lam_t=0.96667 lam_s=1.03333 tsr_diff=0.006222 integral_mean=0.000137 integral_std=0.006197 log_ratio=0.0000 accept=1.0000 swapped=True
i=4 pair=(3,0) lam_t=0.90000 lam_s=0.96667 tsr_diff=0.011024 integral_mean=0.000047 integral_std=0.010293 log_ratio=0.0000 accept=1.0000 swapped=True
i=4 pair=(1,2) lam_t=1.03333 lam_s=1.10000 tsr_diff=0.010558 integral_mean=0.000217 integral_std=0.010536 log_ratio=0.0000 accept=1.0000 swapped=True
i=5 pair=(3,2) lam_t=0.96667 lam_s=1.03333 tsr_diff=0.016315 integral_mean=0.000462 integral_std=0.015321 log_ratio=0.0000 accept=1.0000 swapped=True
i=6 pair=(0,2) lam_t=0.90000 lam_s=0.96667 tsr_diff=0.023624 integral_mean=0.000332 integral_std=0.021896 log_ratio=0.0000 accept=1.0000 swapped=True
i=6 pair=(3,1) lam_t=1.03333 lam_s=1.10000 tsr_diff=0.021584 integral_mean=-0.000475 integral_std=0.021287 log_ratio=-1.1391 accept=0.3201 swapped=False
i=7 pair=(0,3) lam_t=0.96667 lam_s=1.03333 tsr_diff=0.029287 integral_mean=0.000279 integral_std=0.028012 log_ratio=0.0000 accept=1.0000 swapped=True
i=8 pair=(2,3) lam_t=0.90000 lam_s=0.96667 tsr_diff=0.038945 integral_mean=0.000062 integral_std=0.037213 log_ratio=0.0000 accept=1.0000 swapped=True
i=8 pair=(0,1) lam_t=1.03333 lam_s=1.10000 tsr_diff=0.033696 integral_mean=-0.001176 integral_std=0.037638 log_ratio=-2.8214 accept=0.0595 swapped=False
i=9 pair=(2,0) lam_t=0.96667 lam_s=1.03333 tsr_diff=0.042952 integral_mean=-0.001154 integral_std=0.038610 log_ratio=-2.7684 accept=0.0628 swapped=False
i=10 pair=(3,2) lam_t=0.90000 lam_s=0.96667 tsr_diff=0.054568 integral_mean=0.004324 integral_std=0.056835 log_ratio=0.0000 accept=1.0000 swapped=True
i=10 pair=(0,1) lam_t=1.03333 lam_s=1.10000 tsr_diff=0.044792 integral_mean=-0.004038 integral_std=0.059608 log_ratio=-9.6903 accept=0.0001 swapped=False
i=11 pair=(3,0) lam_t=0.96667 lam_s=1.03333 tsr_diff=0.055006 integral_mean=0.001570 integral_std=0.055651 log_ratio=0.0000 accept=1.0000 swapped=True
i=12 pair=(2,0) lam_t=0.90000 lam_s=0.96667 tsr_diff=0.067611 integral_mean=0.006322 integral_std=0.077600 log_ratio=0.0000 accept=1.0000 swapped=True
i=12 pair=(3,1) lam_t=1.03333 lam_s=1.10000 tsr_diff=0.053218 integral_mean=-0.010897 integral_std=0.081276 log_ratio=-26.1531 accept=0.0000 swapped=False
i=13 pair=(2,3) lam_t=0.96667 lam_s=1.03333 tsr_diff=0.063407 integral_mean=0.007150 integral_std=0.081574 log_ratio=0.0000 accept=1.0000 swapped=True
i=14 pair=(0,3) lam_t=0.90000 lam_s=0.96667 tsr_diff=0.075344 integral_mean=0.038996 integral_std=0.165460 log_ratio=0.0000 accept=1.0000 swapped=True
i=14 pair=(2,1) lam_t=1.03333 lam_s=1.10000 tsr_diff=0.057895 integral_mean=-0.144246 integral_std=0.835986 log_ratio=-346.1898 accept=0.0000 swapped=False
Best Sample: 3 log probability -0.092
Saved 1 samples to: logs/pointmaze-giant-navigate-v0/inference/plans/release_H400_T256_LimitsNormalizer_b1_condFalse/2026-07-20 17:11:10/7/0.png
Saved 1 samples to: logs/pointmaze-giant-navigate-v0/inference/plans/release_H400_T256_LimitsNormalizer_b1_condFalse/2026-07-20 17:11:10/7/rollout.png
i=0 pair=(0,1) lam_t=0.90000 lam_s=0.96667 tsr_diff=0.000000 integral_mean=0.000000 integral_std=0.000000 log_ratio=0.0000 accept=1.0000 swapped=True
i=0 pair=(2,3) lam_t=1.03333 lam_s=1.10000 tsr_diff=0.000000 integral_mean=0.000000 integral_std=0.000000 log_ratio=0.0000 accept=1.0000 swapped=True
i=1 pair=(0,3) lam_t=0.96667 lam_s=1.03333 tsr_diff=0.000712 integral_mean=0.000017 integral_std=0.000693 log_ratio=0.0000 accept=1.0000 swapped=True
i=2 pair=(1,3) lam_t=0.90000 lam_s=0.96667 tsr_diff=0.002831 integral_mean=-0.000015 integral_std=0.002767 log_ratio=-0.0367 accept=0.9640 swapped=True
i=2 pair=(0,2) lam_t=1.03333 lam_s=1.10000 tsr_diff=0.002800 integral_mean=0.000059 integral_std=0.002703 log_ratio=0.0000 accept=1.0000 swapped=True
i=3 pair=(1,2) lam_t=0.96667 lam_s=1.03333 tsr_diff=0.006222 integral_mean=-0.000145 integral_std=0.006156 log_ratio=-0.3468 accept=0.7069 swapped=True
i=4 pair=(3,2) lam_t=0.90000 lam_s=0.96667 tsr_diff=0.011024 integral_mean=0.001445 integral_std=0.011665 log_ratio=0.0000 accept=1.0000 swapped=True
i=4 pair=(1,0) lam_t=1.03333 lam_s=1.10000 tsr_diff=0.010558 integral_mean=0.000179 integral_std=0.010634 log_ratio=0.0000 accept=1.0000 swapped=True
i=5 pair=(3,0) lam_t=0.96667 lam_s=1.03333 tsr_diff=0.016315 integral_mean=0.000926 integral_std=0.016659 log_ratio=0.0000 accept=1.0000 swapped=True
i=6 pair=(2,0) lam_t=0.90000 lam_s=0.96667 tsr_diff=0.023624 integral_mean=-0.000252 integral_std=0.021538 log_ratio=-0.6054 accept=0.5459 swapped=True
i=6 pair=(3,1) lam_t=1.03333 lam_s=1.10000 tsr_diff=0.021584 integral_mean=0.000059 integral_std=0.018983 log_ratio=0.0000 accept=1.0000 swapped=True
i=7 pair=(2,1) lam_t=0.96667 lam_s=1.03333 tsr_diff=0.029287 integral_mean=-0.000829 integral_std=0.029449 log_ratio=-1.9902 accept=0.1367 swapped=False
i=8 pair=(0,2) lam_t=0.90000 lam_s=0.96667 tsr_diff=0.038945 integral_mean=0.000933 integral_std=0.037796 log_ratio=0.0000 accept=1.0000 swapped=True
i=8 pair=(1,3) lam_t=1.03333 lam_s=1.10000 tsr_diff=0.033696 integral_mean=-0.000526 integral_std=0.030014 log_ratio=-1.2623 accept=0.2830 swapped=False
i=9 pair=(0,1) lam_t=0.96667 lam_s=1.03333 tsr_diff=0.042952 integral_mean=0.000367 integral_std=0.039705 log_ratio=0.0000 accept=1.0000 swapped=True
i=10 pair=(2,1) lam_t=0.90000 lam_s=0.96667 tsr_diff=0.054568 integral_mean=0.001046 integral_std=0.056022 log_ratio=0.0000 accept=1.0000 swapped=True
i=10 pair=(0,3) lam_t=1.03333 lam_s=1.10000 tsr_diff=0.044792 integral_mean=0.006113 integral_std=0.066273 log_ratio=0.0000 accept=1.0000 swapped=True
i=11 pair=(2,3) lam_t=0.96667 lam_s=1.03333 tsr_diff=0.055006 integral_mean=0.002294 integral_std=0.075183 log_ratio=0.0000 accept=1.0000 swapped=True
i=12 pair=(1,3) lam_t=0.90000 lam_s=0.96667 tsr_diff=0.067611 integral_mean=0.002618 integral_std=0.045109 log_ratio=0.0000 accept=1.0000 swapped=True
i=12 pair=(2,0) lam_t=1.03333 lam_s=1.10000 tsr_diff=0.053218 integral_mean=0.005509 integral_std=0.070827 log_ratio=0.0000 accept=1.0000 swapped=True
i=13 pair=(1,0) lam_t=0.96667 lam_s=1.03333 tsr_diff=0.063407 integral_mean=-0.005580 integral_std=0.174673 log_ratio=-13.3924 accept=0.0000 swapped=False
i=14 pair=(3,1) lam_t=0.90000 lam_s=0.96667 tsr_diff=0.075344 integral_mean=0.031889 integral_std=0.091991 log_ratio=0.0000 accept=1.0000 swapped=True
i=14 pair=(0,2) lam_t=1.03333 lam_s=1.10000 tsr_diff=0.057895 integral_mean=0.079984 integral_std=0.719370 log_ratio=0.0000 accept=1.0000 swapped=True
Best Sample: 3 log probability -0.129
Saved 1 samples to: logs/pointmaze-giant-navigate-v0/inference/plans/release_H400_T256_LimitsNormalizer_b1_condFalse/2026-07-20 17:11:10/8/0.png
Saved 1 samples to: logs/pointmaze-giant-navigate-v0/inference/plans/release_H400_T256_LimitsNormalizer_b1_condFalse/2026-07-20 17:11:10/8/rollout.png
i=0 pair=(0,1) lam_t=0.90000 lam_s=0.96667 tsr_diff=0.000000 integral_mean=0.000000 integral_std=0.000000 log_ratio=0.0000 accept=1.0000 swapped=True
i=0 pair=(2,3) lam_t=1.03333 lam_s=1.10000 tsr_diff=0.000000 integral_mean=0.000000 integral_std=0.000000 log_ratio=0.0000 accept=1.0000 swapped=True
i=1 pair=(0,3) lam_t=0.96667 lam_s=1.03333 tsr_diff=0.000712 integral_mean=0.000020 integral_std=0.000707 log_ratio=0.0000 accept=1.0000 swapped=True
i=2 pair=(1,3) lam_t=0.90000 lam_s=0.96667 tsr_diff=0.002831 integral_mean=-0.000460 integral_std=0.003435 log_ratio=-1.1028 accept=0.3319 swapped=True
i=2 pair=(0,2) lam_t=1.03333 lam_s=1.10000 tsr_diff=0.002800 integral_mean=-0.000184 integral_std=0.003040 log_ratio=-0.4422 accept=0.6426 swapped=False
i=3 pair=(1,0) lam_t=0.96667 lam_s=1.03333 tsr_diff=0.006222 integral_mean=-0.000161 integral_std=0.006224 log_ratio=-0.3868 accept=0.6792 swapped=True
i=4 pair=(3,0) lam_t=0.90000 lam_s=0.96667 tsr_diff=0.011024 integral_mean=0.000566 integral_std=0.011783 log_ratio=0.0000 accept=1.0000 swapped=True
i=4 pair=(1,2) lam_t=1.03333 lam_s=1.10000 tsr_diff=0.010558 integral_mean=-0.000068 integral_std=0.010830 log_ratio=-0.1641 accept=0.8486 swapped=True
i=5 pair=(3,2) lam_t=0.96667 lam_s=1.03333 tsr_diff=0.016315 integral_mean=0.001972 integral_std=0.017968 log_ratio=0.0000 accept=1.0000 swapped=True
i=6 pair=(0,2) lam_t=0.90000 lam_s=0.96667 tsr_diff=0.023624 integral_mean=0.000447 integral_std=0.022588 log_ratio=0.0000 accept=1.0000 swapped=True
i=6 pair=(3,1) lam_t=1.03333 lam_s=1.10000 tsr_diff=0.021584 integral_mean=0.001463 integral_std=0.022692 log_ratio=0.0000 accept=1.0000 swapped=True
i=7 pair=(0,1) lam_t=0.96667 lam_s=1.03333 tsr_diff=0.029287 integral_mean=-0.001630 integral_std=0.029575 log_ratio=-3.9124 accept=0.0200 swapped=False
i=8 pair=(2,0) lam_t=0.90000 lam_s=0.96667 tsr_diff=0.038945 integral_mean=0.000008 integral_std=0.036967 log_ratio=0.0000 accept=1.0000 swapped=True
i=8 pair=(1,3) lam_t=1.03333 lam_s=1.10000 tsr_diff=0.033696 integral_mean=0.002072 integral_std=0.034463 log_ratio=0.0000 accept=1.0000 swapped=True
i=9 pair=(2,3) lam_t=0.96667 lam_s=1.03333 tsr_diff=0.042952 integral_mean=0.001508 integral_std=0.034401 log_ratio=0.0000 accept=1.0000 swapped=True
i=10 pair=(0,3) lam_t=0.90000 lam_s=0.96667 tsr_diff=0.054568 integral_mean=0.002554 integral_std=0.050176 log_ratio=0.0000 accept=1.0000 swapped=True
i=10 pair=(2,1) lam_t=1.03333 lam_s=1.10000 tsr_diff=0.044792 integral_mean=-0.001154 integral_std=0.055209 log_ratio=-2.7708 accept=0.0626 swapped=False
i=11 pair=(0,2) lam_t=0.96667 lam_s=1.03333 tsr_diff=0.055006 integral_mean=0.002936 integral_std=0.061642 log_ratio=0.0000 accept=1.0000 swapped=True
i=12 pair=(3,2) lam_t=0.90000 lam_s=0.96667 tsr_diff=0.067611 integral_mean=0.005180 integral_std=0.087325 log_ratio=0.0000 accept=1.0000 swapped=True
i=12 pair=(0,1) lam_t=1.03333 lam_s=1.10000 tsr_diff=0.053218 integral_mean=-0.007337 integral_std=0.084132 log_ratio=-17.6093 accept=0.0000 swapped=False
i=13 pair=(3,0) lam_t=0.96667 lam_s=1.03333 tsr_diff=0.063407 integral_mean=-0.001806 integral_std=0.089703 log_ratio=-4.3351 accept=0.0131 swapped=False
i=14 pair=(2,3) lam_t=0.90000 lam_s=0.96667 tsr_diff=0.075344 integral_mean=0.037596 integral_std=0.240219 log_ratio=0.0000 accept=1.0000 swapped=True
i=14 pair=(0,1) lam_t=1.03333 lam_s=1.10000 tsr_diff=0.057895 integral_mean=-0.054434 integral_std=0.451004 log_ratio=-130.6424 accept=0.0000 swapped=False
Best Sample: 0 log probability -10.915
Saved 1 samples to: logs/pointmaze-giant-navigate-v0/inference/plans/release_H400_T256_LimitsNormalizer_b1_condFalse/2026-07-20 17:11:10/9/0.png
Saved 1 samples to: logs/pointmaze-giant-navigate-v0/inference/plans/release_H400_T256_LimitsNormalizer_b1_condFalse/2026-07-20 17:11:10/9/rollout.png
i=0 pair=(0,1) lam_t=0.90000 lam_s=0.96667 tsr_diff=0.000000 integral_mean=0.000000 integral_std=0.000000 log_ratio=0.0000 accept=1.0000 swapped=True
i=0 pair=(2,3) lam_t=1.03333 lam_s=1.10000 tsr_diff=0.000000 integral_mean=0.000000 integral_std=0.000000 log_ratio=0.0000 accept=1.0000 swapped=True
i=1 pair=(0,3) lam_t=0.96667 lam_s=1.03333 tsr_diff=0.000712 integral_mean=0.000049 integral_std=0.000751 log_ratio=0.0000 accept=1.0000 swapped=True
i=2 pair=(1,3) lam_t=0.90000 lam_s=0.96667 tsr_diff=0.002831 integral_mean=-0.003389 integral_std=0.008730 log_ratio=-8.1340 accept=0.0003 swapped=False
i=2 pair=(0,2) lam_t=1.03333 lam_s=1.10000 tsr_diff=0.002800 integral_mean=-0.000103 integral_std=0.002798 log_ratio=-0.2460 accept=0.7819 swapped=True
i=3 pair=(3,2) lam_t=0.96667 lam_s=1.03333 tsr_diff=0.006222 integral_mean=0.001415 integral_std=0.008014 log_ratio=0.0000 accept=1.0000 swapped=True
i=4 pair=(1,2) lam_t=0.90000 lam_s=0.96667 tsr_diff=0.011024 integral_mean=-0.000001 integral_std=0.010653 log_ratio=-0.0023 accept=0.9978 swapped=True
i=4 pair=(3,0) lam_t=1.03333 lam_s=1.10000 tsr_diff=0.010558 integral_mean=0.000783 integral_std=0.010360 log_ratio=0.0000 accept=1.0000 swapped=True
i=5 pair=(1,0) lam_t=0.96667 lam_s=1.03333 tsr_diff=0.016315 integral_mean=0.000265 integral_std=0.015195 log_ratio=0.0000 accept=1.0000 swapped=True
i=6 pair=(2,0) lam_t=0.90000 lam_s=0.96667 tsr_diff=0.023624 integral_mean=-0.000548 integral_std=0.022021 log_ratio=-1.3143 accept=0.2687 swapped=True
i=6 pair=(1,3) lam_t=1.03333 lam_s=1.10000 tsr_diff=0.021584 integral_mean=-0.002104 integral_std=0.022822 log_ratio=-5.0499 accept=0.0064 swapped=False
i=7 pair=(2,1) lam_t=0.96667 lam_s=1.03333 tsr_diff=0.029287 integral_mean=0.000487 integral_std=0.026461 log_ratio=0.0000 accept=1.0000 swapped=True
i=8 pair=(0,1) lam_t=0.90000 lam_s=0.96667 tsr_diff=0.038945 integral_mean=0.001756 integral_std=0.038563 log_ratio=0.0000 accept=1.0000 swapped=True
i=8 pair=(2,3) lam_t=1.03333 lam_s=1.10000 tsr_diff=0.033696 integral_mean=-0.002443 integral_std=0.038813 log_ratio=-5.8624 accept=0.0028 swapped=False
i=9 pair=(0,2) lam_t=0.96667 lam_s=1.03333 tsr_diff=0.042952 integral_mean=0.001455 integral_std=0.042508 log_ratio=0.0000 accept=1.0000 swapped=True
i=10 pair=(1,2) lam_t=0.90000 lam_s=0.96667 tsr_diff=0.054568 integral_mean=-0.000052 integral_std=0.045451 log_ratio=-0.1245 accept=0.8829 swapped=False
i=10 pair=(0,3) lam_t=1.03333 lam_s=1.10000 tsr_diff=0.044792 integral_mean=-0.000007 integral_std=0.060642 log_ratio=-0.0168 accept=0.9834 swapped=True
i=11 pair=(2,3) lam_t=0.96667 lam_s=1.03333 tsr_diff=0.055006 integral_mean=-0.004839 integral_std=0.081355 log_ratio=-11.6140 accept=0.0000 swapped=False
i=12 pair=(1,2) lam_t=0.90000 lam_s=0.96667 tsr_diff=0.067611 integral_mean=0.006107 integral_std=0.060755 log_ratio=0.0000 accept=1.0000 swapped=True
i=12 pair=(3,0) lam_t=1.03333 lam_s=1.10000 tsr_diff=0.053218 integral_mean=-0.000153 integral_std=0.116176 log_ratio=-0.3663 accept=0.6933 swapped=True
i=13 pair=(1,0) lam_t=0.96667 lam_s=1.03333 tsr_diff=0.063407 integral_mean=0.007959 integral_std=0.106019 log_ratio=0.0000 accept=1.0000 swapped=True
i=14 pair=(2,0) lam_t=0.90000 lam_s=0.96667 tsr_diff=0.075344 integral_mean=0.056180 integral_std=0.327804 log_ratio=0.0000 accept=1.0000 swapped=True
i=14 pair=(1,3) lam_t=1.03333 lam_s=1.10000 tsr_diff=0.057895 integral_mean=-0.052741 integral_std=0.449486 log_ratio=-126.5794 accept=0.0000 swapped=False
Best Sample: 2 log probability -0.073
Saved 1 samples to: logs/pointmaze-giant-navigate-v0/inference/plans/release_H400_T256_LimitsNormalizer_b1_condFalse/2026-07-20 17:11:10/10/0.png
Saved 1 samples to: logs/pointmaze-giant-navigate-v0/inference/plans/release_H400_T256_LimitsNormalizer_b1_condFalse/2026-07-20 17:11:10/10/rollout.png
i=0 pair=(0,1) lam_t=0.90000 lam_s=0.96667 tsr_diff=0.000000 integral_mean=0.000000 integral_std=0.000000 log_ratio=0.0000 accept=1.0000 swapped=True
i=0 pair=(2,3) lam_t=1.03333 lam_s=1.10000 tsr_diff=0.000000 integral_mean=0.000000 integral_std=0.000000 log_ratio=0.0000 accept=1.0000 swapped=True
i=1 pair=(0,3) lam_t=0.96667 lam_s=1.03333 tsr_diff=0.000712 integral_mean=0.000002 integral_std=0.000683 log_ratio=0.0000 accept=1.0000 swapped=True
i=2 pair=(1,3) lam_t=0.90000 lam_s=0.96667 tsr_diff=0.002831 integral_mean=-0.000024 integral_std=0.002825 log_ratio=-0.0588 accept=0.9429 swapped=True
i=2 pair=(0,2) lam_t=1.03333 lam_s=1.10000 tsr_diff=0.002800 integral_mean=-0.000014 integral_std=0.002713 log_ratio=-0.0324 accept=0.9681 swapped=True
i=3 pair=(1,2) lam_t=0.96667 lam_s=1.03333 tsr_diff=0.006222 integral_mean=-0.000106 integral_std=0.006312 log_ratio=-0.2556 accept=0.7745 swapped=True
i=4 pair=(3,2) lam_t=0.90000 lam_s=0.96667 tsr_diff=0.011024 integral_mean=0.000488 integral_std=0.011214 log_ratio=0.0000 accept=1.0000 swapped=True
i=4 pair=(1,0) lam_t=1.03333 lam_s=1.10000 tsr_diff=0.010558 integral_mean=0.000360 integral_std=0.009650 log_ratio=0.0000 accept=1.0000 swapped=True
i=5 pair=(3,0) lam_t=0.96667 lam_s=1.03333 tsr_diff=0.016315 integral_mean=0.000270 integral_std=0.016482 log_ratio=0.0000 accept=1.0000 swapped=True
i=6 pair=(2,0) lam_t=0.90000 lam_s=0.96667 tsr_diff=0.023624 integral_mean=-0.000326 integral_std=0.021829 log_ratio=-0.7831 accept=0.4570 swapped=False
i=6 pair=(3,1) lam_t=1.03333 lam_s=1.10000 tsr_diff=0.021584 integral_mean=0.001045 integral_std=0.021024 log_ratio=0.0000 accept=1.0000 swapped=True
i=7 pair=(0,1) lam_t=0.96667 lam_s=1.03333 tsr_diff=0.029287 integral_mean=0.000653 integral_std=0.027097 log_ratio=0.0000 accept=1.0000 swapped=True
i=8 pair=(2,1) lam_t=0.90000 lam_s=0.96667 tsr_diff=0.038945 integral_mean=0.001501 integral_std=0.037737 log_ratio=0.0000 accept=1.0000 swapped=True
i=8 pair=(0,3) lam_t=1.03333 lam_s=1.10000 tsr_diff=0.033696 integral_mean=-0.003928 integral_std=0.040984 log_ratio=-9.4269 accept=0.0001 swapped=False
i=9 pair=(2,0) lam_t=0.96667 lam_s=1.03333 tsr_diff=0.042952 integral_mean=0.001108 integral_std=0.036924 log_ratio=0.0000 accept=1.0000 swapped=True
i=10 pair=(1,0) lam_t=0.90000 lam_s=0.96667 tsr_diff=0.054568 integral_mean=0.002756 integral_std=0.050985 log_ratio=0.0000 accept=1.0000 swapped=True
i=10 pair=(2,3) lam_t=1.03333 lam_s=1.10000 tsr_diff=0.044792 integral_mean=-0.006609 integral_std=0.071570 log_ratio=-15.8609 accept=0.0000 swapped=False
i=11 pair=(1,2) lam_t=0.96667 lam_s=1.03333 tsr_diff=0.055006 integral_mean=0.000188 integral_std=0.066603 log_ratio=0.0000 accept=1.0000 swapped=True
i=12 pair=(0,2) lam_t=0.90000 lam_s=0.96667 tsr_diff=0.067611 integral_mean=0.002862 integral_std=0.075408 log_ratio=0.0000 accept=1.0000 swapped=True
i=12 pair=(1,3) lam_t=1.03333 lam_s=1.10000 tsr_diff=0.053218 integral_mean=-0.017607 integral_std=0.101517 log_ratio=-42.2557 accept=0.0000 swapped=False
i=13 pair=(0,1) lam_t=0.96667 lam_s=1.03333 tsr_diff=0.063407 integral_mean=0.007467 integral_std=0.064284 log_ratio=0.0000 accept=1.0000 swapped=True
i=14 pair=(2,1) lam_t=0.90000 lam_s=0.96667 tsr_diff=0.075344 integral_mean=0.039161 integral_std=0.237617 log_ratio=0.0000 accept=1.0000 swapped=True
i=14 pair=(0,3) lam_t=1.03333 lam_s=1.10000 tsr_diff=0.057895 integral_mean=-0.289906 integral_std=1.353011 log_ratio=-695.7750 accept=0.0000 swapped=False
Best Sample: 0 log probability -0.141
Saved 1 samples to: logs/pointmaze-giant-navigate-v0/inference/plans/release_H400_T256_LimitsNormalizer_b1_condFalse/2026-07-20 17:11:10/11/0.png
Saved 1 samples to: logs/pointmaze-giant-navigate-v0/inference/plans/release_H400_T256_LimitsNormalizer_b1_condFalse/2026-07-20 17:11:10/11/rollout.png
i=0 pair=(0,1) lam_t=0.90000 lam_s=0.96667 tsr_diff=0.000000 integral_mean=0.000000 integral_std=0.000000 log_ratio=0.0000 accept=1.0000 swapped=True
i=0 pair=(2,3) lam_t=1.03333 lam_s=1.10000 tsr_diff=0.000000 integral_mean=0.000000 integral_std=0.000000 log_ratio=0.0000 accept=1.0000 swapped=True
i=1 pair=(0,3) lam_t=0.96667 lam_s=1.03333 tsr_diff=0.000712 integral_mean=0.000071 integral_std=0.000778 log_ratio=0.0000 accept=1.0000 swapped=True
i=2 pair=(1,3) lam_t=0.90000 lam_s=0.96667 tsr_diff=0.002831 integral_mean=-0.000180 integral_std=0.003625 log_ratio=-0.4312 accept=0.6497 swapped=True
i=2 pair=(0,2) lam_t=1.03333 lam_s=1.10000 tsr_diff=0.002800 integral_mean=-0.000007 integral_std=0.002810 log_ratio=-0.0169 accept=0.9832 swapped=True
i=3 pair=(1,2) lam_t=0.96667 lam_s=1.03333 tsr_diff=0.006222 integral_mean=-0.000149 integral_std=0.006247 log_ratio=-0.3566 accept=0.7001 swapped=True
i=4 pair=(3,2) lam_t=0.90000 lam_s=0.96667 tsr_diff=0.011024 integral_mean=0.000236 integral_std=0.010292 log_ratio=0.0000 accept=1.0000 swapped=True
i=4 pair=(1,0) lam_t=1.03333 lam_s=1.10000 tsr_diff=0.010558 integral_mean=0.000618 integral_std=0.010735 log_ratio=0.0000 accept=1.0000 swapped=True
i=5 pair=(3,0) lam_t=0.96667 lam_s=1.03333 tsr_diff=0.016315 integral_mean=0.000617 integral_std=0.015511 log_ratio=0.0000 accept=1.0000 swapped=True
i=6 pair=(2,0) lam_t=0.90000 lam_s=0.96667 tsr_diff=0.023624 integral_mean=-0.000411 integral_std=0.020611 log_ratio=-0.9872 accept=0.3726 swapped=True
i=6 pair=(3,1) lam_t=1.03333 lam_s=1.10000 tsr_diff=0.021584 integral_mean=-0.000325 integral_std=0.021972 log_ratio=-0.7812 accept=0.4579 swapped=True
i=7 pair=(2,1) lam_t=0.96667 lam_s=1.03333 tsr_diff=0.029287 integral_mean=-0.000255 integral_std=0.026540 log_ratio=-0.6129 accept=0.5418 swapped=True
i=8 pair=(0,1) lam_t=0.90000 lam_s=0.96667 tsr_diff=0.038945 integral_mean=-0.000405 integral_std=0.033765 log_ratio=-0.9712 accept=0.3786 swapped=False
i=8 pair=(2,3) lam_t=1.03333 lam_s=1.10000 tsr_diff=0.033696 integral_mean=-0.001889 integral_std=0.038568 log_ratio=-4.5324 accept=0.0108 swapped=False
i=9 pair=(1,2) lam_t=0.96667 lam_s=1.03333 tsr_diff=0.042952 integral_mean=-0.001746 integral_std=0.033825 log_ratio=-4.1914 accept=0.0151 swapped=False
i=10 pair=(0,1) lam_t=0.90000 lam_s=0.96667 tsr_diff=0.054568 integral_mean=0.002948 integral_std=0.048748 log_ratio=0.0000 accept=1.0000 swapped=True
i=10 pair=(2,3) lam_t=1.03333 lam_s=1.10000 tsr_diff=0.044792 integral_mean=-0.003241 integral_std=0.056186 log_ratio=-7.7783 accept=0.0004 swapped=False
i=11 pair=(0,2) lam_t=0.96667 lam_s=1.03333 tsr_diff=0.055006 integral_mean=0.001628 integral_std=0.044798 log_ratio=0.0000 accept=1.0000 swapped=True
i=12 pair=(1,2) lam_t=0.90000 lam_s=0.96667 tsr_diff=0.067611 integral_mean=0.004038 integral_std=0.053729 log_ratio=0.0000 accept=1.0000 swapped=True
i=12 pair=(0,3) lam_t=1.03333 lam_s=1.10000 tsr_diff=0.053218 integral_mean=-0.005468 integral_std=0.095718 log_ratio=-13.1235 accept=0.0000 swapped=False
i=13 pair=(1,0) lam_t=0.96667 lam_s=1.03333 tsr_diff=0.063407 integral_mean=0.001129 integral_std=0.074114 log_ratio=0.0000 accept=1.0000 swapped=True
i=14 pair=(2,0) lam_t=0.90000 lam_s=0.96667 tsr_diff=0.075344 integral_mean=0.030170 integral_std=0.108868 log_ratio=0.0000 accept=1.0000 swapped=True
i=14 pair=(1,3) lam_t=1.03333 lam_s=1.10000 tsr_diff=0.057895 integral_mean=-0.011180 integral_std=0.211867 log_ratio=-26.8331 accept=0.0000 swapped=False
Best Sample: 2 log probability -0.000
Saved 1 samples to: logs/pointmaze-giant-navigate-v0/inference/plans/release_H400_T256_LimitsNormalizer_b1_condFalse/2026-07-20 17:11:10/12/0.png
Saved 1 samples to: logs/pointmaze-giant-navigate-v0/inference/plans/release_H400_T256_LimitsNormalizer_b1_condFalse/2026-07-20 17:11:10/12/rollout.png
i=0 pair=(0,1) lam_t=0.90000 lam_s=0.96667 tsr_diff=0.000000 integral_mean=0.000000 integral_std=0.000000 log_ratio=0.0000 accept=1.0000 swapped=True
i=0 pair=(2,3) lam_t=1.03333 lam_s=1.10000 tsr_diff=0.000000 integral_mean=0.000000 integral_std=0.000000 log_ratio=0.0000 accept=1.0000 swapped=True
i=1 pair=(0,3) lam_t=0.96667 lam_s=1.03333 tsr_diff=0.000712 integral_mean=0.000026 integral_std=0.000717 log_ratio=0.0000 accept=1.0000 swapped=True
i=2 pair=(1,3) lam_t=0.90000 lam_s=0.96667 tsr_diff=0.002831 integral_mean=-0.000075 integral_std=0.002963 log_ratio=-0.1793 accept=0.8359 swapped=True
i=2 pair=(0,2) lam_t=1.03333 lam_s=1.10000 tsr_diff=0.002800 integral_mean=-0.000734 integral_std=0.003364 log_ratio=-1.7620 accept=0.1717 swapped=False
i=3 pair=(1,0) lam_t=0.96667 lam_s=1.03333 tsr_diff=0.006222 integral_mean=0.000004 integral_std=0.005936 log_ratio=0.0000 accept=1.0000 swapped=True
i=4 pair=(3,0) lam_t=0.90000 lam_s=0.96667 tsr_diff=0.011024 integral_mean=-0.000209 integral_std=0.011750 log_ratio=-0.5012 accept=0.6058 swapped=False
i=4 pair=(1,2) lam_t=1.03333 lam_s=1.10000 tsr_diff=0.010558 integral_mean=-0.000469 integral_std=0.010713 log_ratio=-1.1249 accept=0.3247 swapped=True
i=5 pair=(0,2) lam_t=0.96667 lam_s=1.03333 tsr_diff=0.016315 integral_mean=0.000350 integral_std=0.015716 log_ratio=0.0000 accept=1.0000 swapped=True
i=6 pair=(3,2) lam_t=0.90000 lam_s=0.96667 tsr_diff=0.023624 integral_mean=0.000347 integral_std=0.022739 log_ratio=0.0000 accept=1.0000 swapped=True
i=6 pair=(0,1) lam_t=1.03333 lam_s=1.10000 tsr_diff=0.021584 integral_mean=0.000567 integral_std=0.020034 log_ratio=0.0000 accept=1.0000 swapped=True
i=7 pair=(3,1) lam_t=0.96667 lam_s=1.03333 tsr_diff=0.029287 integral_mean=0.000613 integral_std=0.026196 log_ratio=0.0000 accept=1.0000 swapped=True
i=8 pair=(2,1) lam_t=0.90000 lam_s=0.96667 tsr_diff=0.038945 integral_mean=0.001085 integral_std=0.034491 log_ratio=0.0000 accept=1.0000 swapped=True
i=8 pair=(3,0) lam_t=1.03333 lam_s=1.10000 tsr_diff=0.033696 integral_mean=0.000114 integral_std=0.034595 log_ratio=0.0000 accept=1.0000 swapped=True
i=9 pair=(2,0) lam_t=0.96667 lam_s=1.03333 tsr_diff=0.042952 integral_mean=-0.001419 integral_std=0.042261 log_ratio=-3.4047 accept=0.0332 swapped=False
i=10 pair=(1,2) lam_t=0.90000 lam_s=0.96667 tsr_diff=0.054568 integral_mean=-0.002486 integral_std=0.053642 log_ratio=-5.9674 accept=0.0026 swapped=False
i=10 pair=(0,3) lam_t=1.03333 lam_s=1.10000 tsr_diff=0.044792 integral_mean=-0.004971 integral_std=0.057777 log_ratio=-11.9316 accept=0.0000 swapped=False
i=11 pair=(2,0) lam_t=0.96667 lam_s=1.03333 tsr_diff=0.055006 integral_mean=-0.002946 integral_std=0.066270 log_ratio=-7.0707 accept=0.0008 swapped=False
i=12 pair=(1,2) lam_t=0.90000 lam_s=0.96667 tsr_diff=0.067611 integral_mean=0.004214 integral_std=0.092173 log_ratio=0.0000 accept=1.0000 swapped=True
i=12 pair=(0,3) lam_t=1.03333 lam_s=1.10000 tsr_diff=0.053218 integral_mean=-0.007216 integral_std=0.087743 log_ratio=-17.3174 accept=0.0000 swapped=False
i=13 pair=(1,0) lam_t=0.96667 lam_s=1.03333 tsr_diff=0.063407 integral_mean=-0.001200 integral_std=0.077857 log_ratio=-2.8811 accept=0.0561 swapped=False
i=14 pair=(2,1) lam_t=0.90000 lam_s=0.96667 tsr_diff=0.075344 integral_mean=0.044920 integral_std=0.258928 log_ratio=0.0000 accept=1.0000 swapped=True
i=14 pair=(0,3) lam_t=1.03333 lam_s=1.10000 tsr_diff=0.057895 integral_mean=0.087208 integral_std=1.336552 log_ratio=0.0000 accept=1.0000 swapped=True
Best Sample: 1 log probability -2.515
Saved 1 samples to: logs/pointmaze-giant-navigate-v0/inference/plans/release_H400_T256_LimitsNormalizer_b1_condFalse/2026-07-20 17:11:10/13/0.png
Saved 1 samples to: logs/pointmaze-giant-navigate-v0/inference/plans/release_H400_T256_LimitsNormalizer_b1_condFalse/2026-07-20 17:11:10/13/rollout.png
i=0 pair=(0,1) lam_t=0.90000 lam_s=0.96667 tsr_diff=0.000000 integral_mean=0.000000 integral_std=0.000000 log_ratio=0.0000 accept=1.0000 swapped=True
i=0 pair=(2,3) lam_t=1.03333 lam_s=1.10000 tsr_diff=0.000000 integral_mean=0.000000 integral_std=0.000000 log_ratio=0.0000 accept=1.0000 swapped=True
i=1 pair=(0,3) lam_t=0.96667 lam_s=1.03333 tsr_diff=0.000712 integral_mean=0.000011 integral_std=0.000711 log_ratio=0.0000 accept=1.0000 swapped=True
i=2 pair=(1,3) lam_t=0.90000 lam_s=0.96667 tsr_diff=0.002831 integral_mean=0.000053 integral_std=0.002804 log_ratio=0.0000 accept=1.0000 swapped=True
i=2 pair=(0,2) lam_t=1.03333 lam_s=1.10000 tsr_diff=0.002800 integral_mean=-0.000041 integral_std=0.002780 log_ratio=-0.0980 accept=0.9066 swapped=True
i=3 pair=(1,2) lam_t=0.96667 lam_s=1.03333 tsr_diff=0.006222 integral_mean=-0.000373 integral_std=0.006997 log_ratio=-0.8943 accept=0.4089 swapped=True
i=4 pair=(3,2) lam_t=0.90000 lam_s=0.96667 tsr_diff=0.011024 integral_mean=-0.000108 integral_std=0.010047 log_ratio=-0.2601 accept=0.7710 swapped=True
i=4 pair=(1,0) lam_t=1.03333 lam_s=1.10000 tsr_diff=0.010558 integral_mean=-0.000043 integral_std=0.011356 log_ratio=-0.1027 accept=0.9024 swapped=True
i=5 pair=(3,0) lam_t=0.96667 lam_s=1.03333 tsr_diff=0.016315 integral_mean=-0.000528 integral_std=0.015643 log_ratio=-1.2669 accept=0.2817 swapped=False
i=6 pair=(2,3) lam_t=0.90000 lam_s=0.96667 tsr_diff=0.023624 integral_mean=0.000081 integral_std=0.021314 log_ratio=0.0000 accept=1.0000 swapped=True
i=6 pair=(0,1) lam_t=1.03333 lam_s=1.10000 tsr_diff=0.021584 integral_mean=0.010182 integral_std=0.044035 log_ratio=0.0000 accept=1.0000 swapped=True
i=7 pair=(2,1) lam_t=0.96667 lam_s=1.03333 tsr_diff=0.029287 integral_mean=-0.001188 integral_std=0.030517 log_ratio=-2.8501 accept=0.0578 swapped=False
i=8 pair=(3,2) lam_t=0.90000 lam_s=0.96667 tsr_diff=0.038945 integral_mean=0.000209 integral_std=0.037285 log_ratio=0.0000 accept=1.0000 swapped=True
i=8 pair=(1,0) lam_t=1.03333 lam_s=1.10000 tsr_diff=0.033696 integral_mean=-0.009288 integral_std=0.050613 log_ratio=-22.2910 accept=0.0000 swapped=False
i=9 pair=(3,1) lam_t=0.96667 lam_s=1.03333 tsr_diff=0.042952 integral_mean=-0.001544 integral_std=0.052169 log_ratio=-3.7048 accept=0.0246 swapped=False
i=10 pair=(2,3) lam_t=0.90000 lam_s=0.96667 tsr_diff=0.054568 integral_mean=-0.001012 integral_std=0.053285 log_ratio=-2.4277 accept=0.0882 swapped=False
i=10 pair=(1,0) lam_t=1.03333 lam_s=1.10000 tsr_diff=0.044792 integral_mean=-0.000902 integral_std=0.050695 log_ratio=-2.1640 accept=0.1149 swapped=False
i=11 pair=(3,1) lam_t=0.96667 lam_s=1.03333 tsr_diff=0.055006 integral_mean=0.001311 integral_std=0.082936 log_ratio=0.0000 accept=1.0000 swapped=True
i=12 pair=(2,1) lam_t=0.90000 lam_s=0.96667 tsr_diff=0.067611 integral_mean=-0.011318 integral_std=0.149728 log_ratio=-27.1639 accept=0.0000 swapped=False
i=12 pair=(3,0) lam_t=1.03333 lam_s=1.10000 tsr_diff=0.053218 integral_mean=-0.005717 integral_std=0.113068 log_ratio=-13.7196 accept=0.0000 swapped=False
i=13 pair=(1,3) lam_t=0.96667 lam_s=1.03333 tsr_diff=0.063407 integral_mean=0.022607 integral_std=0.221037 log_ratio=0.0000 accept=1.0000 swapped=True
i=14 pair=(2,3) lam_t=0.90000 lam_s=0.96667 tsr_diff=0.075344 integral_mean=0.043285 integral_std=0.341834 log_ratio=0.0000 accept=1.0000 swapped=True
i=14 pair=(1,0) lam_t=1.03333 lam_s=1.10000 tsr_diff=0.057895 integral_mean=-0.050607 integral_std=0.553571 log_ratio=-121.4565 accept=0.0000 swapped=False
Best Sample: 2 log probability -15.898
Saved 1 samples to: logs/pointmaze-giant-navigate-v0/inference/plans/release_H400_T256_LimitsNormalizer_b1_condFalse/2026-07-20 17:11:10/14/0.png
Saved 1 samples to: logs/pointmaze-giant-navigate-v0/inference/plans/release_H400_T256_LimitsNormalizer_b1_condFalse/2026-07-20 17:11:10/14/rollout.png
i=0 pair=(0,1) lam_t=0.90000 lam_s=0.96667 tsr_diff=0.000000 integral_mean=0.000000 integral_std=0.000000 log_ratio=0.0000 accept=1.0000 swapped=True
i=0 pair=(2,3) lam_t=1.03333 lam_s=1.10000 tsr_diff=0.000000 integral_mean=0.000000 integral_std=0.000000 log_ratio=0.0000 accept=1.0000 swapped=True
i=1 pair=(0,3) lam_t=0.96667 lam_s=1.03333 tsr_diff=0.000712 integral_mean=-0.000029 integral_std=0.000754 log_ratio=-0.0695 accept=0.9328 swapped=True
i=2 pair=(1,3) lam_t=0.90000 lam_s=0.96667 tsr_diff=0.002831 integral_mean=-0.000066 integral_std=0.003022 log_ratio=-0.1573 accept=0.8545 swapped=True
i=2 pair=(0,2) lam_t=1.03333 lam_s=1.10000 tsr_diff=0.002800 integral_mean=-0.000183 integral_std=0.002764 log_ratio=-0.4383 accept=0.6452 swapped=False
i=3 pair=(1,0) lam_t=0.96667 lam_s=1.03333 tsr_diff=0.006222 integral_mean=0.000109 integral_std=0.005754 log_ratio=0.0000 accept=1.0000 swapped=True
i=4 pair=(3,0) lam_t=0.90000 lam_s=0.96667 tsr_diff=0.011024 integral_mean=0.000239 integral_std=0.010269 log_ratio=0.0000 accept=1.0000 swapped=True
i=4 pair=(1,2) lam_t=1.03333 lam_s=1.10000 tsr_diff=0.010558 integral_mean=-0.000151 integral_std=0.009703 log_ratio=-0.3629 accept=0.6957 swapped=True
i=5 pair=(3,2) lam_t=0.96667 lam_s=1.03333 tsr_diff=0.016315 integral_mean=0.000140 integral_std=0.016667 log_ratio=0.0000 accept=1.0000 swapped=True
i=6 pair=(0,2) lam_t=0.90000 lam_s=0.96667 tsr_diff=0.023624 integral_mean=0.000730 integral_std=0.023268 log_ratio=0.0000 accept=1.0000 swapped=True
i=6 pair=(3,1) lam_t=1.03333 lam_s=1.10000 tsr_diff=0.021584 integral_mean=0.000582 integral_std=0.022534 log_ratio=0.0000 accept=1.0000 swapped=True
i=7 pair=(0,1) lam_t=0.96667 lam_s=1.03333 tsr_diff=0.029287 integral_mean=0.000977 integral_std=0.027386 log_ratio=0.0000 accept=1.0000 swapped=True
i=8 pair=(2,1) lam_t=0.90000 lam_s=0.96667 tsr_diff=0.038945 integral_mean=0.000730 integral_std=0.032731 log_ratio=0.0000 accept=1.0000 swapped=True
i=8 pair=(0,3) lam_t=1.03333 lam_s=1.10000 tsr_diff=0.033696 integral_mean=0.000438 integral_std=0.037718 log_ratio=0.0000 accept=1.0000 swapped=True
i=9 pair=(2,3) lam_t=0.96667 lam_s=1.03333 tsr_diff=0.042952 integral_mean=-0.000332 integral_std=0.048386 log_ratio=-0.7974 accept=0.4505 swapped=False
i=10 pair=(1,2) lam_t=0.90000 lam_s=0.96667 tsr_diff=0.054568 integral_mean=-0.000803 integral_std=0.046621 log_ratio=-1.9265 accept=0.1457 swapped=False
i=10 pair=(3,0) lam_t=1.03333 lam_s=1.10000 tsr_diff=0.044792 integral_mean=-0.004533 integral_std=0.066665 log_ratio=-10.8782 accept=0.0000 swapped=False
i=11 pair=(2,3) lam_t=0.96667 lam_s=1.03333 tsr_diff=0.055006 integral_mean=-0.000707 integral_std=0.071895 log_ratio=-1.6966 accept=0.1833 swapped=False
i=12 pair=(1,2) lam_t=0.90000 lam_s=0.96667 tsr_diff=0.067611 integral_mean=0.003348 integral_std=0.056786 log_ratio=0.0000 accept=1.0000 swapped=True
i=12 pair=(3,0) lam_t=1.03333 lam_s=1.10000 tsr_diff=0.053218 integral_mean=-0.007725 integral_std=0.134576 log_ratio=-18.5406 accept=0.0000 swapped=False
i=13 pair=(1,3) lam_t=0.96667 lam_s=1.03333 tsr_diff=0.063407 integral_mean=0.008477 integral_std=0.104253 log_ratio=0.0000 accept=1.0000 swapped=True
i=14 pair=(2,3) lam_t=0.90000 lam_s=0.96667 tsr_diff=0.075344 integral_mean=0.084900 integral_std=0.282895 log_ratio=0.0000 accept=1.0000 swapped=True
i=14 pair=(1,0) lam_t=1.03333 lam_s=1.10000 tsr_diff=0.057895 integral_mean=-0.050663 integral_std=0.396319 log_ratio=-121.5911 accept=0.0000 swapped=False
Best Sample: 3 log probability -3.077
Saved 1 samples to: logs/pointmaze-giant-navigate-v0/inference/plans/release_H400_T256_LimitsNormalizer_b1_condFalse/2026-07-20 17:11:10/15/0.png
Saved 1 samples to: logs/pointmaze-giant-navigate-v0/inference/plans/release_H400_T256_LimitsNormalizer_b1_condFalse/2026-07-20 17:11:10/15/rollout.png
i=0 pair=(0,1) lam_t=0.90000 lam_s=0.96667 tsr_diff=0.000000 integral_mean=0.000000 integral_std=0.000000 log_ratio=0.0000 accept=1.0000 swapped=True
i=0 pair=(2,3) lam_t=1.03333 lam_s=1.10000 tsr_diff=0.000000 integral_mean=0.000000 integral_std=0.000000 log_ratio=0.0000 accept=1.0000 swapped=True
i=1 pair=(0,3) lam_t=0.96667 lam_s=1.03333 tsr_diff=0.000712 integral_mean=0.000017 integral_std=0.000704 log_ratio=0.0000 accept=1.0000 swapped=True
i=2 pair=(1,3) lam_t=0.90000 lam_s=0.96667 tsr_diff=0.002831 integral_mean=-0.001996 integral_std=0.006151 log_ratio=-4.7908 accept=0.0083 swapped=False
i=2 pair=(0,2) lam_t=1.03333 lam_s=1.10000 tsr_diff=0.002800 integral_mean=-0.000130 integral_std=0.002867 log_ratio=-0.3113 accept=0.7325 swapped=True
i=3 pair=(3,2) lam_t=0.96667 lam_s=1.03333 tsr_diff=0.006222 integral_mean=0.001156 integral_std=0.007397 log_ratio=0.0000 accept=1.0000 swapped=True
i=4 pair=(1,2) lam_t=0.90000 lam_s=0.96667 tsr_diff=0.011024 integral_mean=0.000198 integral_std=0.010367 log_ratio=0.0000 accept=1.0000 swapped=True
i=4 pair=(3,0) lam_t=1.03333 lam_s=1.10000 tsr_diff=0.010558 integral_mean=0.000372 integral_std=0.010503 log_ratio=0.0000 accept=1.0000 swapped=True
i=5 pair=(1,0) lam_t=0.96667 lam_s=1.03333 tsr_diff=0.016315 integral_mean=-0.000647 integral_std=0.015882 log_ratio=-1.5527 accept=0.2117 swapped=False
i=6 pair=(2,1) lam_t=0.90000 lam_s=0.96667 tsr_diff=0.023624 integral_mean=0.001366 integral_std=0.023381 log_ratio=0.0000 accept=1.0000 swapped=True
i=6 pair=(0,3) lam_t=1.03333 lam_s=1.10000 tsr_diff=0.021584 integral_mean=0.001018 integral_std=0.022743 log_ratio=0.0000 accept=1.0000 swapped=True
i=7 pair=(2,3) lam_t=0.96667 lam_s=1.03333 tsr_diff=0.029287 integral_mean=0.000293 integral_std=0.028690 log_ratio=0.0000 accept=1.0000 swapped=True
i=8 pair=(1,3) lam_t=0.90000 lam_s=0.96667 tsr_diff=0.038945 integral_mean=0.001815 integral_std=0.034916 log_ratio=0.0000 accept=1.0000 swapped=True
i=8 pair=(2,0) lam_t=1.03333 lam_s=1.10000 tsr_diff=0.033696 integral_mean=0.001132 integral_std=0.031210 log_ratio=0.0000 accept=1.0000 swapped=True
i=9 pair=(1,0) lam_t=0.96667 lam_s=1.03333 tsr_diff=0.042952 integral_mean=0.001669 integral_std=0.038880 log_ratio=0.0000 accept=1.0000 swapped=True
i=10 pair=(3,0) lam_t=0.90000 lam_s=0.96667 tsr_diff=0.054568 integral_mean=0.001481 integral_std=0.047693 log_ratio=0.0000 accept=1.0000 swapped=True
i=10 pair=(1,2) lam_t=1.03333 lam_s=1.10000 tsr_diff=0.044792 integral_mean=0.000210 integral_std=0.040427 log_ratio=0.0000 accept=1.0000 swapped=True
i=11 pair=(3,2) lam_t=0.96667 lam_s=1.03333 tsr_diff=0.055006 integral_mean=-0.002026 integral_std=0.056970 log_ratio=-4.8634 accept=0.0077 swapped=False
i=12 pair=(0,3) lam_t=0.90000 lam_s=0.96667 tsr_diff=0.067611 integral_mean=0.006707 integral_std=0.073975 log_ratio=0.0000 accept=1.0000 swapped=True
i=12 pair=(2,1) lam_t=1.03333 lam_s=1.10000 tsr_diff=0.053218 integral_mean=-0.005972 integral_std=0.065935 log_ratio=-14.3321 accept=0.0000 swapped=False
i=13 pair=(0,2) lam_t=0.96667 lam_s=1.03333 tsr_diff=0.063407 integral_mean=0.019717 integral_std=0.136387 log_ratio=0.0000 accept=1.0000 swapped=True
i=14 pair=(3,2) lam_t=0.90000 lam_s=0.96667 tsr_diff=0.075344 integral_mean=0.057089 integral_std=0.203306 log_ratio=0.0000 accept=1.0000 swapped=True
i=14 pair=(0,1) lam_t=1.03333 lam_s=1.10000 tsr_diff=0.057895 integral_mean=-0.197591 integral_std=0.866194 log_ratio=-474.2179 accept=0.0000 swapped=False
Best Sample: 3 log probability -0.029
Saved 1 samples to: logs/pointmaze-giant-navigate-v0/inference/plans/release_H400_T256_LimitsNormalizer_b1_condFalse/2026-07-20 17:11:10/16/0.png
Saved 1 samples to: logs/pointmaze-giant-navigate-v0/inference/plans/release_H400_T256_LimitsNormalizer_b1_condFalse/2026-07-20 17:11:10/16/rollout.png
i=0 pair=(0,1) lam_t=0.90000 lam_s=0.96667 tsr_diff=0.000000 integral_mean=0.000000 integral_std=0.000000 log_ratio=0.0000 accept=1.0000 swapped=True
i=0 pair=(2,3) lam_t=1.03333 lam_s=1.10000 tsr_diff=0.000000 integral_mean=0.000000 integral_std=0.000000 log_ratio=0.0000 accept=1.0000 swapped=True
i=1 pair=(0,3) lam_t=0.96667 lam_s=1.03333 tsr_diff=0.000712 integral_mean=-0.000192 integral_std=0.000999 log_ratio=-0.4599 accept=0.6314 swapped=True
i=2 pair=(1,3) lam_t=0.90000 lam_s=0.96667 tsr_diff=0.002831 integral_mean=-0.000121 integral_std=0.002961 log_ratio=-0.2896 accept=0.7485 swapped=False
i=2 pair=(0,2) lam_t=1.03333 lam_s=1.10000 tsr_diff=0.002800 integral_mean=0.000031 integral_std=0.002751 log_ratio=0.0000 accept=1.0000 swapped=True
i=3 pair=(3,2) lam_t=0.96667 lam_s=1.03333 tsr_diff=0.006222 integral_mean=0.000175 integral_std=0.006210 log_ratio=0.0000 accept=1.0000 swapped=True
i=4 pair=(1,2) lam_t=0.90000 lam_s=0.96667 tsr_diff=0.011024 integral_mean=-0.000141 integral_std=0.010632 log_ratio=-0.3379 accept=0.7133 swapped=True
i=4 pair=(3,0) lam_t=1.03333 lam_s=1.10000 tsr_diff=0.010558 integral_mean=-0.000731 integral_std=0.010530 log_ratio=-1.7542 accept=0.1731 swapped=True
i=5 pair=(1,0) lam_t=0.96667 lam_s=1.03333 tsr_diff=0.016315 integral_mean=-0.000384 integral_std=0.014855 log_ratio=-0.9219 accept=0.3978 swapped=False
i=6 pair=(2,1) lam_t=0.90000 lam_s=0.96667 tsr_diff=0.023624 integral_mean=0.000791 integral_std=0.022586 log_ratio=0.0000 accept=1.0000 swapped=True
i=6 pair=(0,3) lam_t=1.03333 lam_s=1.10000 tsr_diff=0.021584 integral_mean=-0.000678 integral_std=0.019921 log_ratio=-1.6276 accept=0.1964 swapped=False
i=7 pair=(2,0) lam_t=0.96667 lam_s=1.03333 tsr_diff=0.029287 integral_mean=0.000749 integral_std=0.028613 log_ratio=0.0000 accept=1.0000 swapped=True
i=8 pair=(1,0) lam_t=0.90000 lam_s=0.96667 tsr_diff=0.038945 integral_mean=0.000235 integral_std=0.036520 log_ratio=0.0000 accept=1.0000 swapped=True
i=8 pair=(2,3) lam_t=1.03333 lam_s=1.10000 tsr_diff=0.033696 integral_mean=-0.000540 integral_std=0.033809 log_ratio=-1.2963 accept=0.2736 swapped=False
i=9 pair=(1,2) lam_t=0.96667 lam_s=1.03333 tsr_diff=0.042952 integral_mean=-0.000486 integral_std=0.041254 log_ratio=-1.1671 accept=0.3113 swapped=False
i=10 pair=(0,1) lam_t=0.90000 lam_s=0.96667 tsr_diff=0.054568 integral_mean=0.001308 integral_std=0.050571 log_ratio=0.0000 accept=1.0000 swapped=True
i=10 pair=(2,3) lam_t=1.03333 lam_s=1.10000 tsr_diff=0.044792 integral_mean=-0.001130 integral_std=0.045349 log_ratio=-2.7121 accept=0.0664 swapped=False
i=11 pair=(0,2) lam_t=0.96667 lam_s=1.03333 tsr_diff=0.055006 integral_mean=0.001774 integral_std=0.051503 log_ratio=0.0000 accept=1.0000 swapped=True
i=12 pair=(1,2) lam_t=0.90000 lam_s=0.96667 tsr_diff=0.067611 integral_mean=0.008537 integral_std=0.075532 log_ratio=0.0000 accept=1.0000 swapped=True
i=12 pair=(0,3) lam_t=1.03333 lam_s=1.10000 tsr_diff=0.053218 integral_mean=-0.003653 integral_std=0.058915 log_ratio=-8.7667 accept=0.0002 swapped=False
i=13 pair=(1,0) lam_t=0.96667 lam_s=1.03333 tsr_diff=0.063407 integral_mean=0.004813 integral_std=0.089926 log_ratio=0.0000 accept=1.0000 swapped=True
i=14 pair=(2,0) lam_t=0.90000 lam_s=0.96667 tsr_diff=0.075344 integral_mean=0.042849 integral_std=0.234629 log_ratio=0.0000 accept=1.0000 swapped=True
i=14 pair=(1,3) lam_t=1.03333 lam_s=1.10000 tsr_diff=0.057895 integral_mean=-0.019542 integral_std=0.137253 log_ratio=-46.8997 accept=0.0000 swapped=False
Best Sample: 1 log probability -0.887
Saved 1 samples to: logs/pointmaze-giant-navigate-v0/inference/plans/release_H400_T256_LimitsNormalizer_b1_condFalse/2026-07-20 17:11:10/17/0.png
Saved 1 samples to: logs/pointmaze-giant-navigate-v0/inference/plans/release_H400_T256_LimitsNormalizer_b1_condFalse/2026-07-20 17:11:10/17/rollout.png
i=0 pair=(0,1) lam_t=0.90000 lam_s=0.96667 tsr_diff=0.000000 integral_mean=0.000000 integral_std=0.000000 log_ratio=0.0000 accept=1.0000 swapped=True
i=0 pair=(2,3) lam_t=1.03333 lam_s=1.10000 tsr_diff=0.000000 integral_mean=0.000000 integral_std=0.000000 log_ratio=0.0000 accept=1.0000 swapped=True
i=1 pair=(0,3) lam_t=0.96667 lam_s=1.03333 tsr_diff=0.000712 integral_mean=-0.000000 integral_std=0.000690 log_ratio=-0.0010 accept=0.9990 swapped=True
i=2 pair=(1,3) lam_t=0.90000 lam_s=0.96667 tsr_diff=0.002831 integral_mean=-0.000169 integral_std=0.002888 log_ratio=-0.4060 accept=0.6663 swapped=True
i=2 pair=(0,2) lam_t=1.03333 lam_s=1.10000 tsr_diff=0.002800 integral_mean=0.000559 integral_std=0.003251 log_ratio=0.0000 accept=1.0000 swapped=True
i=3 pair=(1,2) lam_t=0.96667 lam_s=1.03333 tsr_diff=0.006222 integral_mean=0.000069 integral_std=0.005944 log_ratio=0.0000 accept=1.0000 swapped=True
i=4 pair=(3,2) lam_t=0.90000 lam_s=0.96667 tsr_diff=0.011024 integral_mean=0.000308 integral_std=0.011159 log_ratio=0.0000 accept=1.0000 swapped=True
i=4 pair=(1,0) lam_t=1.03333 lam_s=1.10000 tsr_diff=0.010558 integral_mean=0.000001 integral_std=0.010220 log_ratio=0.0000 accept=1.0000 swapped=True
i=5 pair=(3,0) lam_t=0.96667 lam_s=1.03333 tsr_diff=0.016315 integral_mean=0.000299 integral_std=0.016407 log_ratio=0.0000 accept=1.0000 swapped=True
i=6 pair=(2,0) lam_t=0.90000 lam_s=0.96667 tsr_diff=0.023624 integral_mean=-0.001526 integral_std=0.024470 log_ratio=-3.6625 accept=0.0257 swapped=False
i=6 pair=(3,1) lam_t=1.03333 lam_s=1.10000 tsr_diff=0.021584 integral_mean=0.000843 integral_std=0.022963 log_ratio=0.0000 accept=1.0000 swapped=True
i=7 pair=(0,1) lam_t=0.96667 lam_s=1.03333 tsr_diff=0.029287 integral_mean=0.012580 integral_std=0.048106 log_ratio=0.0000 accept=1.0000 swapped=True
i=8 pair=(2,1) lam_t=0.90000 lam_s=0.96667 tsr_diff=0.038945 integral_mean=-0.000098 integral_std=0.031943 log_ratio=-0.2354 accept=0.7902 swapped=True
i=8 pair=(0,3) lam_t=1.03333 lam_s=1.10000 tsr_diff=0.033696 integral_mean=0.005249 integral_std=0.042613 log_ratio=0.0000 accept=1.0000 swapped=True
i=9 pair=(2,3) lam_t=0.96667 lam_s=1.03333 tsr_diff=0.042952 integral_mean=0.000651 integral_std=0.045724 log_ratio=0.0000 accept=1.0000 swapped=True
i=10 pair=(1,3) lam_t=0.90000 lam_s=0.96667 tsr_diff=0.054568 integral_mean=0.000726 integral_std=0.067495 log_ratio=0.0000 accept=1.0000 swapped=True
i=10 pair=(2,0) lam_t=1.03333 lam_s=1.10000 tsr_diff=0.044792 integral_mean=-0.012519 integral_std=0.072362 log_ratio=-30.0457 accept=0.0000 swapped=False
i=11 pair=(1,2) lam_t=0.96667 lam_s=1.03333 tsr_diff=0.055006 integral_mean=-0.001088 integral_std=0.062545 log_ratio=-2.6112 accept=0.0734 swapped=False
i=12 pair=(3,1) lam_t=0.90000 lam_s=0.96667 tsr_diff=0.067611 integral_mean=0.008569 integral_std=0.114888 log_ratio=0.0000 accept=1.0000 swapped=True
i=12 pair=(2,0) lam_t=1.03333 lam_s=1.10000 tsr_diff=0.053218 integral_mean=-0.004926 integral_std=0.103999 log_ratio=-11.8217 accept=0.0000 swapped=False
i=13 pair=(3,2) lam_t=0.96667 lam_s=1.03333 tsr_diff=0.063407 integral_mean=0.007406 integral_std=0.147444 log_ratio=0.0000 accept=1.0000 swapped=True
i=14 pair=(1,2) lam_t=0.90000 lam_s=0.96667 tsr_diff=0.075344 integral_mean=0.042711 integral_std=0.200752 log_ratio=0.0000 accept=1.0000 swapped=True
i=14 pair=(3,0) lam_t=1.03333 lam_s=1.10000 tsr_diff=0.057895 integral_mean=-0.014356 integral_std=0.487535 log_ratio=-34.4554 accept=0.0000 swapped=False
Best Sample: 1 log probability -20.574
Saved 1 samples to: logs/pointmaze-giant-navigate-v0/inference/plans/release_H400_T256_LimitsNormalizer_b1_condFalse/2026-07-20 17:11:10/18/0.png
Saved 1 samples to: logs/pointmaze-giant-navigate-v0/inference/plans/release_H400_T256_LimitsNormalizer_b1_condFalse/2026-07-20 17:11:10/18/rollout.png
i=0 pair=(0,1) lam_t=0.90000 lam_s=0.96667 tsr_diff=0.000000 integral_mean=0.000000 integral_std=0.000000 log_ratio=0.0000 accept=1.0000 swapped=True
i=0 pair=(2,3) lam_t=1.03333 lam_s=1.10000 tsr_diff=0.000000 integral_mean=0.000000 integral_std=0.000000 log_ratio=0.0000 accept=1.0000 swapped=True
i=1 pair=(0,3) lam_t=0.96667 lam_s=1.03333 tsr_diff=0.000712 integral_mean=-0.000009 integral_std=0.000699 log_ratio=-0.0226 accept=0.9777 swapped=True
i=2 pair=(1,3) lam_t=0.90000 lam_s=0.96667 tsr_diff=0.002831 integral_mean=-0.000049 integral_std=0.002799 log_ratio=-0.1175 accept=0.8891 swapped=True
i=2 pair=(0,2) lam_t=1.03333 lam_s=1.10000 tsr_diff=0.002800 integral_mean=-0.000020 integral_std=0.002758 log_ratio=-0.0470 accept=0.9541 swapped=True
i=3 pair=(1,2) lam_t=0.96667 lam_s=1.03333 tsr_diff=0.006222 integral_mean=-0.000393 integral_std=0.006465 log_ratio=-0.9430 accept=0.3895 swapped=True
i=4 pair=(3,2) lam_t=0.90000 lam_s=0.96667 tsr_diff=0.011024 integral_mean=-0.001603 integral_std=0.012201 log_ratio=-3.8476 accept=0.0213 swapped=False
i=4 pair=(1,0) lam_t=1.03333 lam_s=1.10000 tsr_diff=0.010558 integral_mean=-0.000014 integral_std=0.009968 log_ratio=-0.0333 accept=0.9672 swapped=True
i=5 pair=(2,0) lam_t=0.96667 lam_s=1.03333 tsr_diff=0.016315 integral_mean=0.001376 integral_std=0.016881 log_ratio=0.0000 accept=1.0000 swapped=True
i=6 pair=(3,0) lam_t=0.90000 lam_s=0.96667 tsr_diff=0.023624 integral_mean=-0.000224 integral_std=0.021871 log_ratio=-0.5368 accept=0.5846 swapped=True
i=6 pair=(2,1) lam_t=1.03333 lam_s=1.10000 tsr_diff=0.021584 integral_mean=0.001644 integral_std=0.022149 log_ratio=0.0000 accept=1.0000 swapped=True
i=7 pair=(3,1) lam_t=0.96667 lam_s=1.03333 tsr_diff=0.029287 integral_mean=0.000318 integral_std=0.025353 log_ratio=0.0000 accept=1.0000 swapped=True
i=8 pair=(0,1) lam_t=0.90000 lam_s=0.96667 tsr_diff=0.038945 integral_mean=0.001037 integral_std=0.034380 log_ratio=0.0000 accept=1.0000 swapped=True
i=8 pair=(3,2) lam_t=1.03333 lam_s=1.10000 tsr_diff=0.033696 integral_mean=-0.000168 integral_std=0.035933 log_ratio=-0.4037 accept=0.6678 swapped=True
i=9 pair=(0,2) lam_t=0.96667 lam_s=1.03333 tsr_diff=0.042952 integral_mean=0.000006 integral_std=0.043180 log_ratio=0.0000 accept=1.0000 swapped=True
i=10 pair=(1,2) lam_t=0.90000 lam_s=0.96667 tsr_diff=0.054568 integral_mean=0.000563 integral_std=0.064001 log_ratio=0.0000 accept=1.0000 swapped=True
i=10 pair=(0,3) lam_t=1.03333 lam_s=1.10000 tsr_diff=0.044792 integral_mean=-0.001590 integral_std=0.048668 log_ratio=-3.8158 accept=0.0220 swapped=False
i=11 pair=(1,0) lam_t=0.96667 lam_s=1.03333 tsr_diff=0.055006 integral_mean=0.000602 integral_std=0.068353 log_ratio=0.0000 accept=1.0000 swapped=True
i=12 pair=(2,0) lam_t=0.90000 lam_s=0.96667 tsr_diff=0.067611 integral_mean=0.009612 integral_std=0.088645 log_ratio=0.0000 accept=1.0000 swapped=True
i=12 pair=(1,3) lam_t=1.03333 lam_s=1.10000 tsr_diff=0.053218 integral_mean=-0.005528 integral_std=0.083830 log_ratio=-13.2667 accept=0.0000 swapped=False
i=13 pair=(2,1) lam_t=0.96667 lam_s=1.03333 tsr_diff=0.063407 integral_mean=0.039464 integral_std=0.282162 log_ratio=0.0000 accept=1.0000 swapped=True
i=14 pair=(0,1) lam_t=0.90000 lam_s=0.96667 tsr_diff=0.075344 integral_mean=0.108414 integral_std=0.405923 log_ratio=0.0000 accept=1.0000 swapped=True
i=14 pair=(2,3) lam_t=1.03333 lam_s=1.10000 tsr_diff=0.057895 integral_mean=-0.361660 integral_std=1.668449 log_ratio=-867.9844 accept=0.0000 swapped=False
Best Sample: 1 log probability -0.128
Saved 1 samples to: logs/pointmaze-giant-navigate-v0/inference/plans/release_H400_T256_LimitsNormalizer_b1_condFalse/2026-07-20 17:11:10/19/0.png
Saved 1 samples to: logs/pointmaze-giant-navigate-v0/inference/plans/release_H400_T256_LimitsNormalizer_b1_condFalse/2026-07-20 17:11:10/19/rollout.png
i=0 pair=(0,1) lam_t=0.90000 lam_s=0.96667 tsr_diff=0.000000 integral_mean=0.000000 integral_std=0.000000 log_ratio=0.0000 accept=1.0000 swapped=True
i=0 pair=(2,3) lam_t=1.03333 lam_s=1.10000 tsr_diff=0.000000 integral_mean=0.000000 integral_std=0.000000 log_ratio=0.0000 accept=1.0000 swapped=True
i=1 pair=(0,3) lam_t=0.96667 lam_s=1.03333 tsr_diff=0.000712 integral_mean=-0.000041 integral_std=0.000724 log_ratio=-0.0983 accept=0.9064 swapped=True
i=2 pair=(1,3) lam_t=0.90000 lam_s=0.96667 tsr_diff=0.002831 integral_mean=0.000371 integral_std=0.003596 log_ratio=0.0000 accept=1.0000 swapped=True
i=2 pair=(0,2) lam_t=1.03333 lam_s=1.10000 tsr_diff=0.002800 integral_mean=-0.000198 integral_std=0.002856 log_ratio=-0.4755 accept=0.6216 swapped=False
i=3 pair=(1,0) lam_t=0.96667 lam_s=1.03333 tsr_diff=0.006222 integral_mean=0.000078 integral_std=0.006063 log_ratio=0.0000 accept=1.0000 swapped=True
i=4 pair=(3,0) lam_t=0.90000 lam_s=0.96667 tsr_diff=0.011024 integral_mean=0.000925 integral_std=0.011094 log_ratio=0.0000 accept=1.0000 swapped=True
i=4 pair=(1,2) lam_t=1.03333 lam_s=1.10000 tsr_diff=0.010558 integral_mean=0.000007 integral_std=0.010042 log_ratio=0.0000 accept=1.0000 swapped=True
i=5 pair=(3,2) lam_t=0.96667 lam_s=1.03333 tsr_diff=0.016315 integral_mean=0.000907 integral_std=0.015531 log_ratio=0.0000 accept=1.0000 swapped=True
i=6 pair=(0,2) lam_t=0.90000 lam_s=0.96667 tsr_diff=0.023624 integral_mean=-0.000313 integral_std=0.021944 log_ratio=-0.7514 accept=0.4717 swapped=False
i=6 pair=(3,1) lam_t=1.03333 lam_s=1.10000 tsr_diff=0.021584 integral_mean=0.000228 integral_std=0.020438 log_ratio=0.0000 accept=1.0000 swapped=True
i=7 pair=(2,1) lam_t=0.96667 lam_s=1.03333 tsr_diff=0.029287 integral_mean=-0.000113 integral_std=0.027009 log_ratio=-0.2704 accept=0.7631 swapped=False
i=8 pair=(0,2) lam_t=0.90000 lam_s=0.96667 tsr_diff=0.038945 integral_mean=0.000513 integral_std=0.037080 log_ratio=0.0000 accept=1.0000 swapped=True
i=8 pair=(1,3) lam_t=1.03333 lam_s=1.10000 tsr_diff=0.033696 integral_mean=-0.001084 integral_std=0.029926 log_ratio=-2.6022 accept=0.0741 swapped=False
i=9 pair=(0,1) lam_t=0.96667 lam_s=1.03333 tsr_diff=0.042952 integral_mean=-0.001055 integral_std=0.042503 log_ratio=-2.5325 accept=0.0795 swapped=False
i=10 pair=(2,0) lam_t=0.90000 lam_s=0.96667 tsr_diff=0.054568 integral_mean=0.001743 integral_std=0.063160 log_ratio=0.0000 accept=1.0000 swapped=True
i=10 pair=(1,3) lam_t=1.03333 lam_s=1.10000 tsr_diff=0.044792 integral_mean=-0.002821 integral_std=0.041907 log_ratio=-6.7705 accept=0.0011 swapped=False
i=11 pair=(2,1) lam_t=0.96667 lam_s=1.03333 tsr_diff=0.055006 integral_mean=-0.001903 integral_std=0.062593 log_ratio=-4.5677 accept=0.0104 swapped=False
i=12 pair=(0,2) lam_t=0.90000 lam_s=0.96667 tsr_diff=0.067611 integral_mean=0.006830 integral_std=0.101771 log_ratio=0.0000 accept=1.0000 swapped=True
i=12 pair=(1,3) lam_t=1.03333 lam_s=1.10000 tsr_diff=0.053218 integral_mean=-0.005975 integral_std=0.075214 log_ratio=-14.3392 accept=0.0000 swapped=False
i=13 pair=(0,1) lam_t=0.96667 lam_s=1.03333 tsr_diff=0.063407 integral_mean=0.005533 integral_std=0.110052 log_ratio=0.0000 accept=1.0000 swapped=True
i=14 pair=(2,1) lam_t=0.90000 lam_s=0.96667 tsr_diff=0.075344 integral_mean=0.041928 integral_std=0.314194 log_ratio=0.0000 accept=1.0000 swapped=True
i=14 pair=(0,3) lam_t=1.03333 lam_s=1.10000 tsr_diff=0.057895 integral_mean=-0.041385 integral_std=0.428024 log_ratio=-99.3239 accept=0.0000 swapped=False
Best Sample: 0 log probability -22.364
Saved 1 samples to: logs/pointmaze-giant-navigate-v0/inference/plans/release_H400_T256_LimitsNormalizer_b1_condFalse/2026-07-20 17:11:10/20/0.png
Saved 1 samples to: logs/pointmaze-giant-navigate-v0/inference/plans/release_H400_T256_LimitsNormalizer_b1_condFalse/2026-07-20 17:11:10/20/rollout.png
i=0 pair=(0,1) lam_t=0.90000 lam_s=0.96667 tsr_diff=0.000000 integral_mean=0.000000 integral_std=0.000000 log_ratio=0.0000 accept=1.0000 swapped=True
i=0 pair=(2,3) lam_t=1.03333 lam_s=1.10000 tsr_diff=0.000000 integral_mean=0.000000 integral_std=0.000000 log_ratio=0.0000 accept=1.0000 swapped=True
i=1 pair=(0,3) lam_t=0.96667 lam_s=1.03333 tsr_diff=0.000712 integral_mean=0.000006 integral_std=0.000709 log_ratio=0.0000 accept=1.0000 swapped=True
i=2 pair=(1,3) lam_t=0.90000 lam_s=0.96667 tsr_diff=0.002831 integral_mean=-0.000064 integral_std=0.002850 log_ratio=-0.1538 accept=0.8574 swapped=True
i=2 pair=(0,2) lam_t=1.03333 lam_s=1.10000 tsr_diff=0.002800 integral_mean=0.000043 integral_std=0.002779 log_ratio=0.0000 accept=1.0000 swapped=True
i=3 pair=(1,2) lam_t=0.96667 lam_s=1.03333 tsr_diff=0.006222 integral_mean=0.000033 integral_std=0.005734 log_ratio=0.0000 accept=1.0000 swapped=True
i=4 pair=(3,2) lam_t=0.90000 lam_s=0.96667 tsr_diff=0.011024 integral_mean=0.000161 integral_std=0.010290 log_ratio=0.0000 accept=1.0000 swapped=True
i=4 pair=(1,0) lam_t=1.03333 lam_s=1.10000 tsr_diff=0.010558 integral_mean=-0.000011 integral_std=0.010316 log_ratio=-0.0270 accept=0.9734 swapped=True
i=5 pair=(3,0) lam_t=0.96667 lam_s=1.03333 tsr_diff=0.016315 integral_mean=-0.001888 integral_std=0.016786 log_ratio=-4.5324 accept=0.0108 swapped=False
i=6 pair=(2,3) lam_t=0.90000 lam_s=0.96667 tsr_diff=0.023624 integral_mean=-0.000035 integral_std=0.020551 log_ratio=-0.0851 accept=0.9184 swapped=True
i=6 pair=(0,1) lam_t=1.03333 lam_s=1.10000 tsr_diff=0.021584 integral_mean=0.001359 integral_std=0.024336 log_ratio=0.0000 accept=1.0000 swapped=True
i=7 pair=(2,1) lam_t=0.96667 lam_s=1.03333 tsr_diff=0.029287 integral_mean=0.000794 integral_std=0.024932 log_ratio=0.0000 accept=1.0000 swapped=True
i=8 pair=(3,1) lam_t=0.90000 lam_s=0.96667 tsr_diff=0.038945 integral_mean=0.001310 integral_std=0.032730 log_ratio=0.0000 accept=1.0000 swapped=True
i=8 pair=(2,0) lam_t=1.03333 lam_s=1.10000 tsr_diff=0.033696 integral_mean=-0.000014 integral_std=0.031747 log_ratio=-0.0337 accept=0.9669 swapped=True
i=9 pair=(3,0) lam_t=0.96667 lam_s=1.03333 tsr_diff=0.042952 integral_mean=0.001166 integral_std=0.041144 log_ratio=0.0000 accept=1.0000 swapped=True
i=10 pair=(1,0) lam_t=0.90000 lam_s=0.96667 tsr_diff=0.054568 integral_mean=0.002717 integral_std=0.053507 log_ratio=0.0000 accept=1.0000 swapped=True
i=10 pair=(3,2) lam_t=1.03333 lam_s=1.10000 tsr_diff=0.044792 integral_mean=-0.000446 integral_std=0.039946 log_ratio=-1.0705 accept=0.3429 swapped=False
i=11 pair=(1,3) lam_t=0.96667 lam_s=1.03333 tsr_diff=0.055006 integral_mean=-0.001476 integral_std=0.043485 log_ratio=-3.5428 accept=0.0289 swapped=False
i=12 pair=(0,1) lam_t=0.90000 lam_s=0.96667 tsr_diff=0.067611 integral_mean=0.015091 integral_std=0.120733 log_ratio=0.0000 accept=1.0000 swapped=True
i=12 pair=(3,2) lam_t=1.03333 lam_s=1.10000 tsr_diff=0.053218 integral_mean=-0.004111 integral_std=0.076564 log_ratio=-9.8664 accept=0.0001 swapped=False
i=13 pair=(0,3) lam_t=0.96667 lam_s=1.03333 tsr_diff=0.063407 integral_mean=0.014059 integral_std=0.122432 log_ratio=0.0000 accept=1.0000 swapped=True
i=14 pair=(1,3) lam_t=0.90000 lam_s=0.96667 tsr_diff=0.075344 integral_mean=0.030408 integral_std=0.079718 log_ratio=0.0000 accept=1.0000 swapped=True
i=14 pair=(0,2) lam_t=1.03333 lam_s=1.10000 tsr_diff=0.057895 integral_mean=-0.163642 integral_std=0.907216 log_ratio=-392.7417 accept=0.0000 swapped=False
Best Sample: 1 log probability 0.000
Saved 1 samples to: logs/pointmaze-giant-navigate-v0/inference/plans/release_H400_T256_LimitsNormalizer_b1_condFalse/2026-07-20 17:11:10/21/0.png
Saved 1 samples to: logs/pointmaze-giant-navigate-v0/inference/plans/release_H400_T256_LimitsNormalizer_b1_condFalse/2026-07-20 17:11:10/21/rollout.png
i=0 pair=(0,1) lam_t=0.90000 lam_s=0.96667 tsr_diff=0.000000 integral_mean=0.000000 integral_std=0.000000 log_ratio=0.0000 accept=1.0000 swapped=True
i=0 pair=(2,3) lam_t=1.03333 lam_s=1.10000 tsr_diff=0.000000 integral_mean=0.000000 integral_std=0.000000 log_ratio=0.0000 accept=1.0000 swapped=True
i=1 pair=(0,3) lam_t=0.96667 lam_s=1.03333 tsr_diff=0.000712 integral_mean=0.000016 integral_std=0.000754 log_ratio=0.0000 accept=1.0000 swapped=True
i=2 pair=(1,3) lam_t=0.90000 lam_s=0.96667 tsr_diff=0.002831 integral_mean=0.000075 integral_std=0.002743 log_ratio=0.0000 accept=1.0000 swapped=True
i=2 pair=(0,2) lam_t=1.03333 lam_s=1.10000 tsr_diff=0.002800 integral_mean=0.000065 integral_std=0.002886 log_ratio=0.0000 accept=1.0000 swapped=True
i=3 pair=(1,2) lam_t=0.96667 lam_s=1.03333 tsr_diff=0.006222 integral_mean=-0.000440 integral_std=0.006337 log_ratio=-1.0565 accept=0.3477 swapped=False
i=4 pair=(3,1) lam_t=0.90000 lam_s=0.96667 tsr_diff=0.011024 integral_mean=0.000092 integral_std=0.010106 log_ratio=0.0000 accept=1.0000 swapped=True
i=4 pair=(2,0) lam_t=1.03333 lam_s=1.10000 tsr_diff=0.010558 integral_mean=0.000522 integral_std=0.009792 log_ratio=0.0000 accept=1.0000 swapped=True
i=5 pair=(3,0) lam_t=0.96667 lam_s=1.03333 tsr_diff=0.016315 integral_mean=-0.000597 integral_std=0.015948 log_ratio=-1.4321 accept=0.2388 swapped=False
i=6 pair=(1,3) lam_t=0.90000 lam_s=0.96667 tsr_diff=0.023624 integral_mean=0.001023 integral_std=0.022440 log_ratio=0.0000 accept=1.0000 swapped=True
i=6 pair=(0,2) lam_t=1.03333 lam_s=1.10000 tsr_diff=0.021584 integral_mean=0.000085 integral_std=0.019794 log_ratio=0.0000 accept=1.0000 swapped=True
i=7 pair=(1,2) lam_t=0.96667 lam_s=1.03333 tsr_diff=0.029287 integral_mean=-0.001348 integral_std=0.027479 log_ratio=-3.2348 accept=0.0394 swapped=False
i=8 pair=(3,1) lam_t=0.90000 lam_s=0.96667 tsr_diff=0.038945 integral_mean=0.000085 integral_std=0.034986 log_ratio=0.0000 accept=1.0000 swapped=True
i=8 pair=(2,0) lam_t=1.03333 lam_s=1.10000 tsr_diff=0.033696 integral_mean=0.000450 integral_std=0.027303 log_ratio=0.0000 accept=1.0000 swapped=True
i=9 pair=(3,0) lam_t=0.96667 lam_s=1.03333 tsr_diff=0.042952 integral_mean=0.002311 integral_std=0.038606 log_ratio=0.0000 accept=1.0000 swapped=True
i=10 pair=(1,0) lam_t=0.90000 lam_s=0.96667 tsr_diff=0.054568 integral_mean=0.006551 integral_std=0.055678 log_ratio=0.0000 accept=1.0000 swapped=True
i=10 pair=(3,2) lam_t=1.03333 lam_s=1.10000 tsr_diff=0.044792 integral_mean=0.002035 integral_std=0.046180 log_ratio=0.0000 accept=1.0000 swapped=True
i=11 pair=(1,2) lam_t=0.96667 lam_s=1.03333 tsr_diff=0.055006 integral_mean=0.008353 integral_std=0.065907 log_ratio=0.0000 accept=1.0000 swapped=True
i=12 pair=(0,2) lam_t=0.90000 lam_s=0.96667 tsr_diff=0.067611 integral_mean=0.004133 integral_std=0.076350 log_ratio=0.0000 accept=1.0000 swapped=True
i=12 pair=(1,3) lam_t=1.03333 lam_s=1.10000 tsr_diff=0.053218 integral_mean=0.000489 integral_std=0.081844 log_ratio=0.0000 accept=1.0000 swapped=True
i=13 pair=(0,3) lam_t=0.96667 lam_s=1.03333 tsr_diff=0.063407 integral_mean=0.008424 integral_std=0.099209 log_ratio=0.0000 accept=1.0000 swapped=True
i=14 pair=(2,3) lam_t=0.90000 lam_s=0.96667 tsr_diff=0.075344 integral_mean=0.057519 integral_std=0.303611 log_ratio=0.0000 accept=1.0000 swapped=True
i=14 pair=(0,1) lam_t=1.03333 lam_s=1.10000 tsr_diff=0.057895 integral_mean=-0.017608 integral_std=0.171233 log_ratio=-42.2598 accept=0.0000 swapped=False
Best Sample: 1 log probability -13.550
Saved 1 samples to: logs/pointmaze-giant-navigate-v0/inference/plans/release_H400_T256_LimitsNormalizer_b1_condFalse/2026-07-20 17:11:10/22/0.png
Saved 1 samples to: logs/pointmaze-giant-navigate-v0/inference/plans/release_H400_T256_LimitsNormalizer_b1_condFalse/2026-07-20 17:11:10/22/rollout.png
i=0 pair=(0,1) lam_t=0.90000 lam_s=0.96667 tsr_diff=0.000000 integral_mean=0.000000 integral_std=0.000000 log_ratio=0.0000 accept=1.0000 swapped=True
i=0 pair=(2,3) lam_t=1.03333 lam_s=1.10000 tsr_diff=0.000000 integral_mean=0.000000 integral_std=0.000000 log_ratio=0.0000 accept=1.0000 swapped=True
i=1 pair=(0,3) lam_t=0.96667 lam_s=1.03333 tsr_diff=0.000712 integral_mean=-0.000005 integral_std=0.000678 log_ratio=-0.0111 accept=0.9890 swapped=True
i=2 pair=(1,3) lam_t=0.90000 lam_s=0.96667 tsr_diff=0.002831 integral_mean=0.000039 integral_std=0.002661 log_ratio=0.0000 accept=1.0000 swapped=True
i=2 pair=(0,2) lam_t=1.03333 lam_s=1.10000 tsr_diff=0.002800 integral_mean=-0.000155 integral_std=0.003121 log_ratio=-0.3717 accept=0.6896 swapped=True
i=3 pair=(1,2) lam_t=0.96667 lam_s=1.03333 tsr_diff=0.006222 integral_mean=-0.000132 integral_std=0.006259 log_ratio=-0.3156 accept=0.7293 swapped=True
i=4 pair=(3,2) lam_t=0.90000 lam_s=0.96667 tsr_diff=0.011024 integral_mean=-0.000074 integral_std=0.010044 log_ratio=-0.1769 accept=0.8378 swapped=True
i=4 pair=(1,0) lam_t=1.03333 lam_s=1.10000 tsr_diff=0.010558 integral_mean=-0.000047 integral_std=0.009764 log_ratio=-0.1120 accept=0.8940 swapped=True
i=5 pair=(3,0) lam_t=0.96667 lam_s=1.03333 tsr_diff=0.016315 integral_mean=0.000506 integral_std=0.016231 log_ratio=0.0000 accept=1.0000 swapped=True
i=6 pair=(2,0) lam_t=0.90000 lam_s=0.96667 tsr_diff=0.023624 integral_mean=0.000857 integral_std=0.022711 log_ratio=0.0000 accept=1.0000 swapped=True
i=6 pair=(3,1) lam_t=1.03333 lam_s=1.10000 tsr_diff=0.021584 integral_mean=-0.000324 integral_std=0.019621 log_ratio=-0.7775 accept=0.4596 swapped=False
i=7 pair=(2,3) lam_t=0.96667 lam_s=1.03333 tsr_diff=0.029287 integral_mean=0.000962 integral_std=0.027274 log_ratio=0.0000 accept=1.0000 swapped=True
i=8 pair=(0,3) lam_t=0.90000 lam_s=0.96667 tsr_diff=0.038945 integral_mean=0.000326 integral_std=0.035906 log_ratio=0.0000 accept=1.0000 swapped=True
i=8 pair=(2,1) lam_t=1.03333 lam_s=1.10000 tsr_diff=0.033696 integral_mean=0.000114 integral_std=0.033113 log_ratio=0.0000 accept=1.0000 swapped=True
i=9 pair=(0,1) lam_t=0.96667 lam_s=1.03333 tsr_diff=0.042952 integral_mean=-0.000778 integral_std=0.039029 log_ratio=-1.8669 accept=0.1546 swapped=False
i=10 pair=(3,0) lam_t=0.90000 lam_s=0.96667 tsr_diff=0.054568 integral_mean=0.003590 integral_std=0.055862 log_ratio=0.0000 accept=1.0000 swapped=True
i=10 pair=(1,2) lam_t=1.03333 lam_s=1.10000 tsr_diff=0.044792 integral_mean=-0.009559 integral_std=0.076269 log_ratio=-22.9408 accept=0.0000 swapped=False
i=11 pair=(3,1) lam_t=0.96667 lam_s=1.03333 tsr_diff=0.055006 integral_mean=0.003459 integral_std=0.040076 log_ratio=0.0000 accept=1.0000 swapped=True
i=12 pair=(0,1) lam_t=0.90000 lam_s=0.96667 tsr_diff=0.067611 integral_mean=0.009224 integral_std=0.087140 log_ratio=0.0000 accept=1.0000 swapped=True
i=12 pair=(3,2) lam_t=1.03333 lam_s=1.10000 tsr_diff=0.053218 integral_mean=-0.010541 integral_std=0.120768 log_ratio=-25.2979 accept=0.0000 swapped=False
i=13 pair=(0,3) lam_t=0.96667 lam_s=1.03333 tsr_diff=0.063407 integral_mean=0.008051 integral_std=0.090520 log_ratio=0.0000 accept=1.0000 swapped=True
i=14 pair=(1,3) lam_t=0.90000 lam_s=0.96667 tsr_diff=0.075344 integral_mean=0.036502 integral_std=0.092377 log_ratio=0.0000 accept=1.0000 swapped=True
i=14 pair=(0,2) lam_t=1.03333 lam_s=1.10000 tsr_diff=0.057895 integral_mean=-0.013375 integral_std=0.252049 log_ratio=-32.1008 accept=0.0000 swapped=False
Best Sample: 1 log probability 0.000
Saved 1 samples to: logs/pointmaze-giant-navigate-v0/inference/plans/release_H400_T256_LimitsNormalizer_b1_condFalse/2026-07-20 17:11:10/23/0.png
Saved 1 samples to: logs/pointmaze-giant-navigate-v0/inference/plans/release_H400_T256_LimitsNormalizer_b1_condFalse/2026-07-20 17:11:10/23/rollout.png
i=0 pair=(0,1) lam_t=0.90000 lam_s=0.96667 tsr_diff=0.000000 integral_mean=0.000000 integral_std=0.000000 log_ratio=0.0000 accept=1.0000 swapped=True
i=0 pair=(2,3) lam_t=1.03333 lam_s=1.10000 tsr_diff=0.000000 integral_mean=0.000000 integral_std=0.000000 log_ratio=0.0000 accept=1.0000 swapped=True
i=1 pair=(0,3) lam_t=0.96667 lam_s=1.03333 tsr_diff=0.000712 integral_mean=0.000017 integral_std=0.000714 log_ratio=0.0000 accept=1.0000 swapped=True
i=2 pair=(1,3) lam_t=0.90000 lam_s=0.96667 tsr_diff=0.002831 integral_mean=-0.000213 integral_std=0.003231 log_ratio=-0.5104 accept=0.6002 swapped=False
i=2 pair=(0,2) lam_t=1.03333 lam_s=1.10000 tsr_diff=0.002800 integral_mean=-0.000036 integral_std=0.002811 log_ratio=-0.0857 accept=0.9178 swapped=True
i=3 pair=(3,2) lam_t=0.96667 lam_s=1.03333 tsr_diff=0.006222 integral_mean=0.000106 integral_std=0.006293 log_ratio=0.0000 accept=1.0000 swapped=True
i=4 pair=(1,2) lam_t=0.90000 lam_s=0.96667 tsr_diff=0.011024 integral_mean=-0.000983 integral_std=0.011740 log_ratio=-2.3583 accept=0.0946 swapped=False
i=4 pair=(3,0) lam_t=1.03333 lam_s=1.10000 tsr_diff=0.010558 integral_mean=0.000285 integral_std=0.009820 log_ratio=0.0000 accept=1.0000 swapped=True
i=5 pair=(2,0) lam_t=0.96667 lam_s=1.03333 tsr_diff=0.016315 integral_mean=0.000933 integral_std=0.015911 log_ratio=0.0000 accept=1.0000 swapped=True
i=6 pair=(1,0) lam_t=0.90000 lam_s=0.96667 tsr_diff=0.023624 integral_mean=0.000171 integral_std=0.021744 log_ratio=0.0000 accept=1.0000 swapped=True
i=6 pair=(2,3) lam_t=1.03333 lam_s=1.10000 tsr_diff=0.021584 integral_mean=0.000993 integral_std=0.021409 log_ratio=0.0000 accept=1.0000 swapped=True
i=7 pair=(1,3) lam_t=0.96667 lam_s=1.03333 tsr_diff=0.029287 integral_mean=0.001759 integral_std=0.029825 log_ratio=0.0000 accept=1.0000 swapped=True
i=8 pair=(0,3) lam_t=0.90000 lam_s=0.96667 tsr_diff=0.038945 integral_mean=0.000489 integral_std=0.035797 log_ratio=0.0000 accept=1.0000 swapped=True
i=8 pair=(1,2) lam_t=1.03333 lam_s=1.10000 tsr_diff=0.033696 integral_mean=0.001204 integral_std=0.037218 log_ratio=0.0000 accept=1.0000 swapped=True
i=9 pair=(0,2) lam_t=0.96667 lam_s=1.03333 tsr_diff=0.042952 integral_mean=0.000716 integral_std=0.040036 log_ratio=0.0000 accept=1.0000 swapped=True
i=10 pair=(3,2) lam_t=0.90000 lam_s=0.96667 tsr_diff=0.054568 integral_mean=0.001797 integral_std=0.058842 log_ratio=0.0000 accept=1.0000 swapped=True
i=10 pair=(0,1) lam_t=1.03333 lam_s=1.10000 tsr_diff=0.044792 integral_mean=-0.007300 integral_std=0.056305 log_ratio=-17.5199 accept=0.0000 swapped=False
i=11 pair=(3,0) lam_t=0.96667 lam_s=1.03333 tsr_diff=0.055006 integral_mean=0.007267 integral_std=0.073539 log_ratio=0.0000 accept=1.0000 swapped=True
i=12 pair=(2,0) lam_t=0.90000 lam_s=0.96667 tsr_diff=0.067611 integral_mean=0.007121 integral_std=0.075583 log_ratio=0.0000 accept=1.0000 swapped=True
i=12 pair=(3,1) lam_t=1.03333 lam_s=1.10000 tsr_diff=0.053218 integral_mean=-0.014158 integral_std=0.112646 log_ratio=-33.9782 accept=0.0000 swapped=False
i=13 pair=(2,3) lam_t=0.96667 lam_s=1.03333 tsr_diff=0.063407 integral_mean=0.010761 integral_std=0.106530 log_ratio=0.0000 accept=1.0000 swapped=True
i=14 pair=(0,3) lam_t=0.90000 lam_s=0.96667 tsr_diff=0.075344 integral_mean=0.068246 integral_std=0.279662 log_ratio=0.0000 accept=1.0000 swapped=True
i=14 pair=(2,1) lam_t=1.03333 lam_s=1.10000 tsr_diff=0.057895 integral_mean=-0.232790 integral_std=1.126606 log_ratio=-558.6951 accept=0.0000 swapped=False
Best Sample: 0 log probability 0.000
Saved 1 samples to: logs/pointmaze-giant-navigate-v0/inference/plans/release_H400_T256_LimitsNormalizer_b1_condFalse/2026-07-20 17:11:10/24/0.png
Saved 1 samples to: logs/pointmaze-giant-navigate-v0/inference/plans/release_H400_T256_LimitsNormalizer_b1_condFalse/2026-07-20 17:11:10/24/rollout.png
i=0 pair=(0,1) lam_t=0.90000 lam_s=0.96667 tsr_diff=0.000000 integral_mean=0.000000 integral_std=0.000000 log_ratio=0.0000 accept=1.0000 swapped=True
i=0 pair=(2,3) lam_t=1.03333 lam_s=1.10000 tsr_diff=0.000000 integral_mean=0.000000 integral_std=0.000000 log_ratio=0.0000 accept=1.0000 swapped=True
i=1 pair=(0,3) lam_t=0.96667 lam_s=1.03333 tsr_diff=0.000712 integral_mean=0.000021 integral_std=0.000698 log_ratio=0.0000 accept=1.0000 swapped=True
i=2 pair=(1,3) lam_t=0.90000 lam_s=0.96667 tsr_diff=0.002831 integral_mean=-0.000382 integral_std=0.003400 log_ratio=-0.9160 accept=0.4001 swapped=False
i=2 pair=(0,2) lam_t=1.03333 lam_s=1.10000 tsr_diff=0.002800 integral_mean=-0.000086 integral_std=0.002809 log_ratio=-0.2065 accept=0.8134 swapped=True
i=3 pair=(3,2) lam_t=0.96667 lam_s=1.03333 tsr_diff=0.006222 integral_mean=0.000397 integral_std=0.006684 log_ratio=0.0000 accept=1.0000 swapped=True
i=4 pair=(1,2) lam_t=0.90000 lam_s=0.96667 tsr_diff=0.011024 integral_mean=0.000344 integral_std=0.010073 log_ratio=0.0000 accept=1.0000 swapped=True
i=4 pair=(3,0) lam_t=1.03333 lam_s=1.10000 tsr_diff=0.010558 integral_mean=-0.000568 integral_std=0.010994 log_ratio=-1.3625 accept=0.2560 swapped=True
i=5 pair=(1,0) lam_t=0.96667 lam_s=1.03333 tsr_diff=0.016315 integral_mean=-0.000485 integral_std=0.016550 log_ratio=-1.1640 accept=0.3122 swapped=True
i=6 pair=(2,0) lam_t=0.90000 lam_s=0.96667 tsr_diff=0.023624 integral_mean=0.000650 integral_std=0.024402 log_ratio=0.0000 accept=1.0000 swapped=True
i=6 pair=(1,3) lam_t=1.03333 lam_s=1.10000 tsr_diff=0.021584 integral_mean=-0.000506 integral_std=0.019747 log_ratio=-1.2155 accept=0.2966 swapped=False
i=7 pair=(2,1) lam_t=0.96667 lam_s=1.03333 tsr_diff=0.029287 integral_mean=0.001352 integral_std=0.026940 log_ratio=0.0000 accept=1.0000 swapped=True
i=8 pair=(0,1) lam_t=0.90000 lam_s=0.96667 tsr_diff=0.038945 integral_mean=0.002807 integral_std=0.041632 log_ratio=0.0000 accept=1.0000 swapped=True
i=8 pair=(2,3) lam_t=1.03333 lam_s=1.10000 tsr_diff=0.033696 integral_mean=-0.007125 integral_std=0.039489 log_ratio=-17.0997 accept=0.0000 swapped=False
i=9 pair=(0,2) lam_t=0.96667 lam_s=1.03333 tsr_diff=0.042952 integral_mean=0.002421 integral_std=0.054788 log_ratio=0.0000 accept=1.0000 swapped=True
i=10 pair=(1,2) lam_t=0.90000 lam_s=0.96667 tsr_diff=0.054568 integral_mean=0.000234 integral_std=0.054648 log_ratio=0.0000 accept=1.0000 swapped=True
i=10 pair=(0,3) lam_t=1.03333 lam_s=1.10000 tsr_diff=0.044792 integral_mean=0.001863 integral_std=0.054949 log_ratio=0.0000 accept=1.0000 swapped=True
i=11 pair=(1,3) lam_t=0.96667 lam_s=1.03333 tsr_diff=0.055006 integral_mean=-0.004543 integral_std=0.055869 log_ratio=-10.9027 accept=0.0000 swapped=False
i=12 pair=(2,1) lam_t=0.90000 lam_s=0.96667 tsr_diff=0.067611 integral_mean=0.008336 integral_std=0.077516 log_ratio=0.0000 accept=1.0000 swapped=True
i=12 pair=(3,0) lam_t=1.03333 lam_s=1.10000 tsr_diff=0.053218 integral_mean=-0.005158 integral_std=0.092402 log_ratio=-12.3781 accept=0.0000 swapped=False
i=13 pair=(2,3) lam_t=0.96667 lam_s=1.03333 tsr_diff=0.063407 integral_mean=0.007428 integral_std=0.134473 log_ratio=0.0000 accept=1.0000 swapped=True
i=14 pair=(1,3) lam_t=0.90000 lam_s=0.96667 tsr_diff=0.075344 integral_mean=0.023143 integral_std=0.359401 log_ratio=0.0000 accept=1.0000 swapped=True
i=14 pair=(2,0) lam_t=1.03333 lam_s=1.10000 tsr_diff=0.057895 integral_mean=-0.017650 integral_std=0.340923 log_ratio=-42.3607 accept=0.0000 swapped=False
Best Sample: 1 log probability 0.000
Saved 1 samples to: logs/pointmaze-giant-navigate-v0/inference/plans/release_H400_T256_LimitsNormalizer_b1_condFalse/2026-07-20 17:11:10/25/0.png
Saved 1 samples to: logs/pointmaze-giant-navigate-v0/inference/plans/release_H400_T256_LimitsNormalizer_b1_condFalse/2026-07-20 17:11:10/25/rollout.png
i=0 pair=(0,1) lam_t=0.90000 lam_s=0.96667 tsr_diff=0.000000 integral_mean=0.000000 integral_std=0.000000 log_ratio=0.0000 accept=1.0000 swapped=True
i=0 pair=(2,3) lam_t=1.03333 lam_s=1.10000 tsr_diff=0.000000 integral_mean=0.000000 integral_std=0.000000 log_ratio=0.0000 accept=1.0000 swapped=True
i=1 pair=(0,3) lam_t=0.96667 lam_s=1.03333 tsr_diff=0.000712 integral_mean=-0.000016 integral_std=0.000734 log_ratio=-0.0384 accept=0.9623 swapped=True
i=2 pair=(1,3) lam_t=0.90000 lam_s=0.96667 tsr_diff=0.002831 integral_mean=0.000034 integral_std=0.002830 log_ratio=0.0000 accept=1.0000 swapped=True
i=2 pair=(0,2) lam_t=1.03333 lam_s=1.10000 tsr_diff=0.002800 integral_mean=-0.000032 integral_std=0.002605 log_ratio=-0.0774 accept=0.9255 swapped=True
i=3 pair=(1,2) lam_t=0.96667 lam_s=1.03333 tsr_diff=0.006222 integral_mean=-0.000036 integral_std=0.005889 log_ratio=-0.0869 accept=0.9168 swapped=True
i=4 pair=(3,2) lam_t=0.90000 lam_s=0.96667 tsr_diff=0.011024 integral_mean=0.000122 integral_std=0.010169 log_ratio=0.0000 accept=1.0000 swapped=True
i=4 pair=(1,0) lam_t=1.03333 lam_s=1.10000 tsr_diff=0.010558 integral_mean=-0.000112 integral_std=0.010281 log_ratio=-0.2699 accept=0.7635 swapped=True
i=5 pair=(3,0) lam_t=0.96667 lam_s=1.03333 tsr_diff=0.016315 integral_mean=-0.002534 integral_std=0.018640 log_ratio=-6.0822 accept=0.0023 swapped=False
i=6 pair=(2,3) lam_t=0.90000 lam_s=0.96667 tsr_diff=0.023624 integral_mean=0.000596 integral_std=0.022507 log_ratio=0.0000 accept=1.0000 swapped=True
i=6 pair=(0,1) lam_t=1.03333 lam_s=1.10000 tsr_diff=0.021584 integral_mean=-0.000748 integral_std=0.023267 log_ratio=-1.7950 accept=0.1661 swapped=False
i=7 pair=(2,0) lam_t=0.96667 lam_s=1.03333 tsr_diff=0.029287 integral_mean=-0.000323 integral_std=0.027244 log_ratio=-0.7743 accept=0.4610 swapped=False
i=8 pair=(3,2) lam_t=0.90000 lam_s=0.96667 tsr_diff=0.038945 integral_mean=-0.001316 integral_std=0.040699 log_ratio=-3.1584 accept=0.0425 swapped=False
i=8 pair=(0,1) lam_t=1.03333 lam_s=1.10000 tsr_diff=0.033696 integral_mean=0.000164 integral_std=0.037517 log_ratio=0.0000 accept=1.0000 swapped=True
i=9 pair=(2,1) lam_t=0.96667 lam_s=1.03333 tsr_diff=0.042952 integral_mean=0.001208 integral_std=0.046954 log_ratio=0.0000 accept=1.0000 swapped=True
i=10 pair=(3,1) lam_t=0.90000 lam_s=0.96667 tsr_diff=0.054568 integral_mean=0.002670 integral_std=0.072408 log_ratio=0.0000 accept=1.0000 swapped=True
i=10 pair=(2,0) lam_t=1.03333 lam_s=1.10000 tsr_diff=0.044792 integral_mean=-0.004208 integral_std=0.051545 log_ratio=-10.1003 accept=0.0000 swapped=False
i=11 pair=(3,2) lam_t=0.96667 lam_s=1.03333 tsr_diff=0.055006 integral_mean=0.003095 integral_std=0.068758 log_ratio=0.0000 accept=1.0000 swapped=True
i=12 pair=(1,2) lam_t=0.90000 lam_s=0.96667 tsr_diff=0.067611 integral_mean=0.008978 integral_std=0.097510 log_ratio=0.0000 accept=1.0000 swapped=True
i=12 pair=(3,0) lam_t=1.03333 lam_s=1.10000 tsr_diff=0.053218 integral_mean=-0.002278 integral_std=0.095022 log_ratio=-5.4663 accept=0.0042 swapped=False
i=13 pair=(1,3) lam_t=0.96667 lam_s=1.03333 tsr_diff=0.063407 integral_mean=-0.005325 integral_std=0.121465 log_ratio=-12.7792 accept=0.0000 swapped=False
i=14 pair=(2,1) lam_t=0.90000 lam_s=0.96667 tsr_diff=0.075344 integral_mean=0.090437 integral_std=1.247699 log_ratio=0.0000 accept=1.0000 swapped=True
i=14 pair=(3,0) lam_t=1.03333 lam_s=1.10000 tsr_diff=0.057895 integral_mean=-0.000679 integral_std=0.333628 log_ratio=-1.6305 accept=0.1958 swapped=False
Best Sample: 1 log probability -17.348
Saved 1 samples to: logs/pointmaze-giant-navigate-v0/inference/plans/release_H400_T256_LimitsNormalizer_b1_condFalse/2026-07-20 17:11:10/26/0.png
Saved 1 samples to: logs/pointmaze-giant-navigate-v0/inference/plans/release_H400_T256_LimitsNormalizer_b1_condFalse/2026-07-20 17:11:10/26/rollout.png
i=0 pair=(0,1) lam_t=0.90000 lam_s=0.96667 tsr_diff=0.000000 integral_mean=0.000000 integral_std=0.000000 log_ratio=0.0000 accept=1.0000 swapped=True
i=0 pair=(2,3) lam_t=1.03333 lam_s=1.10000 tsr_diff=0.000000 integral_mean=0.000000 integral_std=0.000000 log_ratio=0.0000 accept=1.0000 swapped=True
i=1 pair=(0,3) lam_t=0.96667 lam_s=1.03333 tsr_diff=0.000712 integral_mean=-0.000025 integral_std=0.000684 log_ratio=-0.0589 accept=0.9428 swapped=True
i=2 pair=(1,3) lam_t=0.90000 lam_s=0.96667 tsr_diff=0.002831 integral_mean=0.000227 integral_std=0.002994 log_ratio=0.0000 accept=1.0000 swapped=True
i=2 pair=(0,2) lam_t=1.03333 lam_s=1.10000 tsr_diff=0.002800 integral_mean=0.000534 integral_std=0.003430 log_ratio=0.0000 accept=1.0000 swapped=True
i=3 pair=(1,2) lam_t=0.96667 lam_s=1.03333 tsr_diff=0.006222 integral_mean=0.000065 integral_std=0.006317 log_ratio=0.0000 accept=1.0000 swapped=True
i=4 pair=(3,2) lam_t=0.90000 lam_s=0.96667 tsr_diff=0.011024 integral_mean=-0.000272 integral_std=0.010543 log_ratio=-0.6532 accept=0.5204 swapped=False
i=4 pair=(1,0) lam_t=1.03333 lam_s=1.10000 tsr_diff=0.010558 integral_mean=-0.000404 integral_std=0.011258 log_ratio=-0.9704 accept=0.3789 swapped=False
i=5 pair=(2,1) lam_t=0.96667 lam_s=1.03333 tsr_diff=0.016315 integral_mean=0.000037 integral_std=0.014617 log_ratio=0.0000 accept=1.0000 swapped=True
i=6 pair=(3,1) lam_t=0.90000 lam_s=0.96667 tsr_diff=0.023624 integral_mean=-0.000177 integral_std=0.023125 log_ratio=-0.4243 accept=0.6542 swapped=True
i=6 pair=(2,0) lam_t=1.03333 lam_s=1.10000 tsr_diff=0.021584 integral_mean=-0.001608 integral_std=0.023490 log_ratio=-3.8588 accept=0.0211 swapped=False
i=7 pair=(3,2) lam_t=0.96667 lam_s=1.03333 tsr_diff=0.029287 integral_mean=-0.000654 integral_std=0.029671 log_ratio=-1.5704 accept=0.2080 swapped=False
i=8 pair=(1,3) lam_t=0.90000 lam_s=0.96667 tsr_diff=0.038945 integral_mean=0.000874 integral_std=0.039738 log_ratio=0.0000 accept=1.0000 swapped=True
i=8 pair=(2,0) lam_t=1.03333 lam_s=1.10000 tsr_diff=0.033696 integral_mean=-0.001784 integral_std=0.032068 log_ratio=-4.2816 accept=0.0138 swapped=False
i=9 pair=(1,2) lam_t=0.96667 lam_s=1.03333 tsr_diff=0.042952 integral_mean=0.001542 integral_std=0.039124 log_ratio=0.0000 accept=1.0000 swapped=True
i=10 pair=(3,2) lam_t=0.90000 lam_s=0.96667 tsr_diff=0.054568 integral_mean=0.000260 integral_std=0.054424 log_ratio=0.0000 accept=1.0000 swapped=True
i=10 pair=(1,0) lam_t=1.03333 lam_s=1.10000 tsr_diff=0.044792 integral_mean=0.001170 integral_std=0.050266 log_ratio=0.0000 accept=1.0000 swapped=True
i=11 pair=(3,0) lam_t=0.96667 lam_s=1.03333 tsr_diff=0.055006 integral_mean=0.002048 integral_std=0.053447 log_ratio=0.0000 accept=1.0000 swapped=True
i=12 pair=(2,0) lam_t=0.90000 lam_s=0.96667 tsr_diff=0.067611 integral_mean=0.005528 integral_std=0.076215 log_ratio=0.0000 accept=1.0000 swapped=True
i=12 pair=(3,1) lam_t=1.03333 lam_s=1.10000 tsr_diff=0.053218 integral_mean=0.000228 integral_std=0.081342 log_ratio=0.0000 accept=1.0000 swapped=True
i=13 pair=(2,1) lam_t=0.96667 lam_s=1.03333 tsr_diff=0.063407 integral_mean=0.008035 integral_std=0.102164 log_ratio=0.0000 accept=1.0000 swapped=True
i=14 pair=(0,1) lam_t=0.90000 lam_s=0.96667 tsr_diff=0.075344 integral_mean=0.077510 integral_std=0.347691 log_ratio=0.0000 accept=1.0000 swapped=True
i=14 pair=(2,3) lam_t=1.03333 lam_s=1.10000 tsr_diff=0.057895 integral_mean=0.018699 integral_std=0.178309 log_ratio=0.0000 accept=1.0000 swapped=True
Best Sample: 0 log probability -15.274
Saved 1 samples to: logs/pointmaze-giant-navigate-v0/inference/plans/release_H400_T256_LimitsNormalizer_b1_condFalse/2026-07-20 17:11:10/27/0.png
Saved 1 samples to: logs/pointmaze-giant-navigate-v0/inference/plans/release_H400_T256_LimitsNormalizer_b1_condFalse/2026-07-20 17:11:10/27/rollout.png
i=0 pair=(0,1) lam_t=0.90000 lam_s=0.96667 tsr_diff=0.000000 integral_mean=0.000000 integral_std=0.000000 log_ratio=0.0000 accept=1.0000 swapped=True
i=0 pair=(2,3) lam_t=1.03333 lam_s=1.10000 tsr_diff=0.000000 integral_mean=0.000000 integral_std=0.000000 log_ratio=0.0000 accept=1.0000 swapped=True
i=1 pair=(0,3) lam_t=0.96667 lam_s=1.03333 tsr_diff=0.000712 integral_mean=-0.000057 integral_std=0.000767 log_ratio=-0.1376 accept=0.8715 swapped=True
i=2 pair=(1,3) lam_t=0.90000 lam_s=0.96667 tsr_diff=0.002831 integral_mean=-0.000067 integral_std=0.002788 log_ratio=-0.1615 accept=0.8509 swapped=False
i=2 pair=(0,2) lam_t=1.03333 lam_s=1.10000 tsr_diff=0.002800 integral_mean=0.000137 integral_std=0.002849 log_ratio=0.0000 accept=1.0000 swapped=True
i=3 pair=(3,2) lam_t=0.96667 lam_s=1.03333 tsr_diff=0.006222 integral_mean=0.000232 integral_std=0.006068 log_ratio=0.0000 accept=1.0000 swapped=True
i=4 pair=(1,2) lam_t=0.90000 lam_s=0.96667 tsr_diff=0.011024 integral_mean=-0.000395 integral_std=0.011110 log_ratio=-0.9474 accept=0.3878 swapped=False
i=4 pair=(3,0) lam_t=1.03333 lam_s=1.10000 tsr_diff=0.010558 integral_mean=0.000149 integral_std=0.010823 log_ratio=0.0000 accept=1.0000 swapped=True
i=5 pair=(2,0) lam_t=0.96667 lam_s=1.03333 tsr_diff=0.016315 integral_mean=0.000244 integral_std=0.016101 log_ratio=0.0000 accept=1.0000 swapped=True
i=6 pair=(1,0) lam_t=0.90000 lam_s=0.96667 tsr_diff=0.023624 integral_mean=-0.000006 integral_std=0.021823 log_ratio=-0.0134 accept=0.9866 swapped=True
i=6 pair=(2,3) lam_t=1.03333 lam_s=1.10000 tsr_diff=0.021584 integral_mean=-0.000443 integral_std=0.019904 log_ratio=-1.0624 accept=0.3456 swapped=False
i=7 pair=(1,2) lam_t=0.96667 lam_s=1.03333 tsr_diff=0.029287 integral_mean=-0.000036 integral_std=0.028146 log_ratio=-0.0854 accept=0.9182 swapped=False
i=8 pair=(0,1) lam_t=0.90000 lam_s=0.96667 tsr_diff=0.038945 integral_mean=0.000193 integral_std=0.034785 log_ratio=0.0000 accept=1.0000 swapped=True
i=8 pair=(2,3) lam_t=1.03333 lam_s=1.10000 tsr_diff=0.033696 integral_mean=-0.000832 integral_std=0.033413 log_ratio=-1.9965 accept=0.1358 swapped=False
i=9 pair=(0,2) lam_t=0.96667 lam_s=1.03333 tsr_diff=0.042952 integral_mean=-0.001382 integral_std=0.043810 log_ratio=-3.3172 accept=0.0363 swapped=False
i=10 pair=(1,0) lam_t=0.90000 lam_s=0.96667 tsr_diff=0.054568 integral_mean=0.002921 integral_std=0.050184 log_ratio=0.0000 accept=1.0000 swapped=True
i=10 pair=(2,3) lam_t=1.03333 lam_s=1.10000 tsr_diff=0.044792 integral_mean=-0.003006 integral_std=0.056888 log_ratio=-7.2145 accept=0.0007 swapped=False
i=11 pair=(1,2) lam_t=0.96667 lam_s=1.03333 tsr_diff=0.055006 integral_mean=-0.001363 integral_std=0.073872 log_ratio=-3.2708 accept=0.0380 swapped=False
i=12 pair=(0,1) lam_t=0.90000 lam_s=0.96667 tsr_diff=0.067611 integral_mean=0.005923 integral_std=0.067461 log_ratio=0.0000 accept=1.0000 swapped=True
i=12 pair=(2,3) lam_t=1.03333 lam_s=1.10000 tsr_diff=0.053218 integral_mean=0.000915 integral_std=0.099679 log_ratio=0.0000 accept=1.0000 swapped=True
i=13 pair=(0,3) lam_t=0.96667 lam_s=1.03333 tsr_diff=0.063407 integral_mean=0.000441 integral_std=0.141548 log_ratio=0.0000 accept=1.0000 swapped=True
i=14 pair=(1,3) lam_t=0.90000 lam_s=0.96667 tsr_diff=0.075344 integral_mean=0.030033 integral_std=0.749822 log_ratio=0.0000 accept=1.0000 swapped=True
i=14 pair=(0,2) lam_t=1.03333 lam_s=1.10000 tsr_diff=0.057895 integral_mean=0.009061 integral_std=0.196778 log_ratio=0.0000 accept=1.0000 swapped=True
Best Sample: 1 log probability 0.000
Saved 1 samples to: logs/pointmaze-giant-navigate-v0/inference/plans/release_H400_T256_LimitsNormalizer_b1_condFalse/2026-07-20 17:11:10/28/0.png
Saved 1 samples to: logs/pointmaze-giant-navigate-v0/inference/plans/release_H400_T256_LimitsNormalizer_b1_condFalse/2026-07-20 17:11:10/28/rollout.png
i=0 pair=(0,1) lam_t=0.90000 lam_s=0.96667 tsr_diff=0.000000 integral_mean=0.000000 integral_std=0.000000 log_ratio=0.0000 accept=1.0000 swapped=True
i=0 pair=(2,3) lam_t=1.03333 lam_s=1.10000 tsr_diff=0.000000 integral_mean=0.000000 integral_std=0.000000 log_ratio=0.0000 accept=1.0000 swapped=True
i=1 pair=(0,3) lam_t=0.96667 lam_s=1.03333 tsr_diff=0.000712 integral_mean=-0.000017 integral_std=0.000685 log_ratio=-0.0403 accept=0.9605 swapped=True
i=2 pair=(1,3) lam_t=0.90000 lam_s=0.96667 tsr_diff=0.002831 integral_mean=-0.000010 integral_std=0.003161 log_ratio=-0.0250 accept=0.9753 swapped=True
i=2 pair=(0,2) lam_t=1.03333 lam_s=1.10000 tsr_diff=0.002800 integral_mean=0.000116 integral_std=0.002742 log_ratio=0.0000 accept=1.0000 swapped=True
i=3 pair=(1,2) lam_t=0.96667 lam_s=1.03333 tsr_diff=0.006222 integral_mean=0.000457 integral_std=0.006015 log_ratio=0.0000 accept=1.0000 swapped=True
i=4 pair=(3,2) lam_t=0.90000 lam_s=0.96667 tsr_diff=0.011024 integral_mean=0.000637 integral_std=0.009876 log_ratio=0.0000 accept=1.0000 swapped=True
i=4 pair=(1,0) lam_t=1.03333 lam_s=1.10000 tsr_diff=0.010558 integral_mean=0.000055 integral_std=0.010216 log_ratio=0.0000 accept=1.0000 swapped=True
i=5 pair=(3,0) lam_t=0.96667 lam_s=1.03333 tsr_diff=0.016315 integral_mean=0.000311 integral_std=0.015053 log_ratio=0.0000 accept=1.0000 swapped=True
i=6 pair=(2,0) lam_t=0.90000 lam_s=0.96667 tsr_diff=0.023624 integral_mean=0.001326 integral_std=0.023461 log_ratio=0.0000 accept=1.0000 swapped=True
i=6 pair=(3,1) lam_t=1.03333 lam_s=1.10000 tsr_diff=0.021584 integral_mean=-0.000900 integral_std=0.021050 log_ratio=-2.1606 accept=0.1153 swapped=True
i=7 pair=(2,1) lam_t=0.96667 lam_s=1.03333 tsr_diff=0.029287 integral_mean=0.000307 integral_std=0.026122 log_ratio=0.0000 accept=1.0000 swapped=True
i=8 pair=(0,1) lam_t=0.90000 lam_s=0.96667 tsr_diff=0.038945 integral_mean=0.000480 integral_std=0.033989 log_ratio=0.0000 accept=1.0000 swapped=True
i=8 pair=(2,3) lam_t=1.03333 lam_s=1.10000 tsr_diff=0.033696 integral_mean=0.000154 integral_std=0.032777 log_ratio=0.0000 accept=1.0000 swapped=True
i=9 pair=(0,3) lam_t=0.96667 lam_s=1.03333 tsr_diff=0.042952 integral_mean=0.000675 integral_std=0.033905 log_ratio=0.0000 accept=1.0000 swapped=True
i=10 pair=(1,3) lam_t=0.90000 lam_s=0.96667 tsr_diff=0.054568 integral_mean=0.003519 integral_std=0.046209 log_ratio=0.0000 accept=1.0000 swapped=True
i=10 pair=(0,2) lam_t=1.03333 lam_s=1.10000 tsr_diff=0.044792 integral_mean=-0.007304 integral_std=0.056675 log_ratio=-17.5298 accept=0.0000 swapped=False
i=11 pair=(1,0) lam_t=0.96667 lam_s=1.03333 tsr_diff=0.055006 integral_mean=0.003999 integral_std=0.051976 log_ratio=0.0000 accept=1.0000 swapped=True
i=12 pair=(3,0) lam_t=0.90000 lam_s=0.96667 tsr_diff=0.067611 integral_mean=0.003117 integral_std=0.042992 log_ratio=0.0000 accept=1.0000 swapped=True
i=12 pair=(1,2) lam_t=1.03333 lam_s=1.10000 tsr_diff=0.053218 integral_mean=-0.008607 integral_std=0.101836 log_ratio=-20.6566 accept=0.0000 swapped=False
i=13 pair=(3,1) lam_t=0.96667 lam_s=1.03333 tsr_diff=0.063407 integral_mean=-0.005201 integral_std=0.100225 log_ratio=-12.4816 accept=0.0000 swapped=False
i=14 pair=(0,3) lam_t=0.90000 lam_s=0.96667 tsr_diff=0.075344 integral_mean=0.028223 integral_std=0.076533 log_ratio=0.0000 accept=1.0000 swapped=True
i=14 pair=(1,2) lam_t=1.03333 lam_s=1.10000 tsr_diff=0.057895 integral_mean=-0.070335 integral_std=0.627643 log_ratio=-168.8047 accept=0.0000 swapped=False
Best Sample: 0 log probability 0.000
Saved 1 samples to: logs/pointmaze-giant-navigate-v0/inference/plans/release_H400_T256_LimitsNormalizer_b1_condFalse/2026-07-20 17:11:10/29/0.png
Saved 1 samples to: logs/pointmaze-giant-navigate-v0/inference/plans/release_H400_T256_LimitsNormalizer_b1_condFalse/2026-07-20 17:11:10/29/rollout.png
i=0 pair=(0,1) lam_t=0.90000 lam_s=0.96667 tsr_diff=0.000000 integral_mean=0.000000 integral_std=0.000000 log_ratio=0.0000 accept=1.0000 swapped=True
i=0 pair=(2,3) lam_t=1.03333 lam_s=1.10000 tsr_diff=0.000000 integral_mean=0.000000 integral_std=0.000000 log_ratio=0.0000 accept=1.0000 swapped=True
i=1 pair=(0,3) lam_t=0.96667 lam_s=1.03333 tsr_diff=0.000712 integral_mean=-0.000026 integral_std=0.000727 log_ratio=-0.0620 accept=0.9399 swapped=True
i=2 pair=(1,3) lam_t=0.90000 lam_s=0.96667 tsr_diff=0.002831 integral_mean=0.000085 integral_std=0.002932 log_ratio=0.0000 accept=1.0000 swapped=True
i=2 pair=(0,2) lam_t=1.03333 lam_s=1.10000 tsr_diff=0.002800 integral_mean=0.000037 integral_std=0.002695 log_ratio=0.0000 accept=1.0000 swapped=True
i=3 pair=(1,2) lam_t=0.96667 lam_s=1.03333 tsr_diff=0.006222 integral_mean=0.000181 integral_std=0.006163 log_ratio=0.0000 accept=1.0000 swapped=True
i=4 pair=(3,2) lam_t=0.90000 lam_s=0.96667 tsr_diff=0.011024 integral_mean=-0.001534 integral_std=0.014544 log_ratio=-3.6824 accept=0.0252 swapped=False
i=4 pair=(1,0) lam_t=1.03333 lam_s=1.10000 tsr_diff=0.010558 integral_mean=-0.001637 integral_std=0.013499 log_ratio=-3.9295 accept=0.0197 swapped=False
i=5 pair=(2,1) lam_t=0.96667 lam_s=1.03333 tsr_diff=0.016315 integral_mean=0.001228 integral_std=0.018267 log_ratio=0.0000 accept=1.0000 swapped=True
i=6 pair=(3,1) lam_t=0.90000 lam_s=0.96667 tsr_diff=0.023624 integral_mean=0.000343 integral_std=0.022895 log_ratio=0.0000 accept=1.0000 swapped=True
i=6 pair=(2,0) lam_t=1.03333 lam_s=1.10000 tsr_diff=0.021584 integral_mean=0.001137 integral_std=0.022946 log_ratio=0.0000 accept=1.0000 swapped=True
i=7 pair=(3,0) lam_t=0.96667 lam_s=1.03333 tsr_diff=0.029287 integral_mean=0.001201 integral_std=0.031107 log_ratio=0.0000 accept=1.0000 swapped=True
i=8 pair=(1,0) lam_t=0.90000 lam_s=0.96667 tsr_diff=0.038945 integral_mean=0.003227 integral_std=0.041125 log_ratio=0.0000 accept=1.0000 swapped=True
i=8 pair=(3,2) lam_t=1.03333 lam_s=1.10000 tsr_diff=0.033696 integral_mean=0.002108 integral_std=0.031488 log_ratio=0.0000 accept=1.0000 swapped=True
i=9 pair=(1,2) lam_t=0.96667 lam_s=1.03333 tsr_diff=0.042952 integral_mean=0.004211 integral_std=0.040500 log_ratio=0.0000 accept=1.0000 swapped=True
i=10 pair=(0,2) lam_t=0.90000 lam_s=0.96667 tsr_diff=0.054568 integral_mean=0.004717 integral_std=0.062999 log_ratio=0.0000 accept=1.0000 swapped=True
i=10 pair=(1,3) lam_t=1.03333 lam_s=1.10000 tsr_diff=0.044792 integral_mean=-0.005277 integral_std=0.061164 log_ratio=-12.6648 accept=0.0000 swapped=False
i=11 pair=(0,1) lam_t=0.96667 lam_s=1.03333 tsr_diff=0.055006 integral_mean=-0.005000 integral_std=0.100158 log_ratio=-12.0007 accept=0.0000 swapped=False
i=12 pair=(2,0) lam_t=0.90000 lam_s=0.96667 tsr_diff=0.067611 integral_mean=0.006423 integral_std=0.103896 log_ratio=0.0000 accept=1.0000 swapped=True
i=12 pair=(1,3) lam_t=1.03333 lam_s=1.10000 tsr_diff=0.053218 integral_mean=-0.013041 integral_std=0.122510 log_ratio=-31.2976 accept=0.0000 swapped=False
i=13 pair=(2,1) lam_t=0.96667 lam_s=1.03333 tsr_diff=0.063407 integral_mean=-0.041780 integral_std=0.453474 log_ratio=-100.2710 accept=0.0000 swapped=False
i=14 pair=(0,2) lam_t=0.90000 lam_s=0.96667 tsr_diff=0.075344 integral_mean=0.103660 integral_std=0.298770 log_ratio=0.0000 accept=1.0000 swapped=True
i=14 pair=(1,3) lam_t=1.03333 lam_s=1.10000 tsr_diff=0.057895 integral_mean=-0.099813 integral_std=0.865421 log_ratio=-239.5509 accept=0.0000 swapped=False
Best Sample: 0 log probability -17.187
Saved 1 samples to: logs/pointmaze-giant-navigate-v0/inference/plans/release_H400_T256_LimitsNormalizer_b1_condFalse/2026-07-20 17:11:10/30/0.png
Saved 1 samples to: logs/pointmaze-giant-navigate-v0/inference/plans/release_H400_T256_LimitsNormalizer_b1_condFalse/2026-07-20 17:11:10/30/rollout.png
i=0 pair=(0,1) lam_t=0.90000 lam_s=0.96667 tsr_diff=0.000000 integral_mean=0.000000 integral_std=0.000000 log_ratio=0.0000 accept=1.0000 swapped=True
i=0 pair=(2,3) lam_t=1.03333 lam_s=1.10000 tsr_diff=0.000000 integral_mean=0.000000 integral_std=0.000000 log_ratio=0.0000 accept=1.0000 swapped=True
i=1 pair=(0,3) lam_t=0.96667 lam_s=1.03333 tsr_diff=0.000712 integral_mean=-0.000022 integral_std=0.000761 log_ratio=-0.0535 accept=0.9479 swapped=True
i=2 pair=(1,3) lam_t=0.90000 lam_s=0.96667 tsr_diff=0.002831 integral_mean=-0.000068 integral_std=0.002805 log_ratio=-0.1624 accept=0.8501 swapped=True
i=2 pair=(0,2) lam_t=1.03333 lam_s=1.10000 tsr_diff=0.002800 integral_mean=-0.000010 integral_std=0.002839 log_ratio=-0.0238 accept=0.9765 swapped=True
i=3 pair=(1,2) lam_t=0.96667 lam_s=1.03333 tsr_diff=0.006222 integral_mean=0.000417 integral_std=0.006662 log_ratio=0.0000 accept=1.0000 swapped=True
i=4 pair=(3,2) lam_t=0.90000 lam_s=0.96667 tsr_diff=0.011024 integral_mean=-0.000450 integral_std=0.012011 log_ratio=-1.0801 accept=0.3396 swapped=False
i=4 pair=(1,0) lam_t=1.03333 lam_s=1.10000 tsr_diff=0.010558 integral_mean=0.000239 integral_std=0.010578 log_ratio=0.0000 accept=1.0000 swapped=True
i=5 pair=(2,0) lam_t=0.96667 lam_s=1.03333 tsr_diff=0.016315 integral_mean=0.000826 integral_std=0.017894 log_ratio=0.0000 accept=1.0000 swapped=True
i=6 pair=(3,0) lam_t=0.90000 lam_s=0.96667 tsr_diff=0.023624 integral_mean=0.001037 integral_std=0.024149 log_ratio=0.0000 accept=1.0000 swapped=True
i=6 pair=(2,1) lam_t=1.03333 lam_s=1.10000 tsr_diff=0.021584 integral_mean=0.000456 integral_std=0.022816 log_ratio=0.0000 accept=1.0000 swapped=True
i=7 pair=(3,1) lam_t=0.96667 lam_s=1.03333 tsr_diff=0.029287 integral_mean=-0.001416 integral_std=0.031763 log_ratio=-3.3982 accept=0.0334 swapped=False
i=8 pair=(0,3) lam_t=0.90000 lam_s=0.96667 tsr_diff=0.038945 integral_mean=0.002030 integral_std=0.040414 log_ratio=0.0000 accept=1.0000 swapped=True
i=8 pair=(1,2) lam_t=1.03333 lam_s=1.10000 tsr_diff=0.033696 integral_mean=0.004748 integral_std=0.051512 log_ratio=0.0000 accept=1.0000 swapped=True
i=9 pair=(0,2) lam_t=0.96667 lam_s=1.03333 tsr_diff=0.042952 integral_mean=-0.001270 integral_std=0.048591 log_ratio=-3.0483 accept=0.0474 swapped=False
i=10 pair=(3,0) lam_t=0.90000 lam_s=0.96667 tsr_diff=0.054568 integral_mean=0.009266 integral_std=0.078656 log_ratio=0.0000 accept=1.0000 swapped=True
i=10 pair=(2,1) lam_t=1.03333 lam_s=1.10000 tsr_diff=0.044792 integral_mean=-0.005331 integral_std=0.068711 log_ratio=-12.7946 accept=0.0000 swapped=False
i=11 pair=(3,2) lam_t=0.96667 lam_s=1.03333 tsr_diff=0.055006 integral_mean=0.004385 integral_std=0.079737 log_ratio=0.0000 accept=1.0000 swapped=True
i=12 pair=(0,2) lam_t=0.90000 lam_s=0.96667 tsr_diff=0.067611 integral_mean=0.003837 integral_std=0.106467 log_ratio=0.0000 accept=1.0000 swapped=True
i=12 pair=(3,1) lam_t=1.03333 lam_s=1.10000 tsr_diff=0.053218 integral_mean=-0.043971 integral_std=0.269059 log_ratio=-105.5292 accept=0.0000 swapped=False
i=13 pair=(0,3) lam_t=0.96667 lam_s=1.03333 tsr_diff=0.063407 integral_mean=0.001871 integral_std=0.138378 log_ratio=0.0000 accept=1.0000 swapped=True
i=14 pair=(2,3) lam_t=0.90000 lam_s=0.96667 tsr_diff=0.075344 integral_mean=0.066702 integral_std=0.407073 log_ratio=0.0000 accept=1.0000 swapped=True
i=14 pair=(0,1) lam_t=1.03333 lam_s=1.10000 tsr_diff=0.057895 integral_mean=0.007075 integral_std=0.243509 log_ratio=0.0000 accept=1.0000 swapped=True
Best Sample: 1 log probability -15.942
Saved 1 samples to: logs/pointmaze-giant-navigate-v0/inference/plans/release_H400_T256_LimitsNormalizer_b1_condFalse/2026-07-20 17:11:10/31/0.png
Saved 1 samples to: logs/pointmaze-giant-navigate-v0/inference/plans/release_H400_T256_LimitsNormalizer_b1_condFalse/2026-07-20 17:11:10/31/rollout.png
i=0 pair=(0,1) lam_t=0.90000 lam_s=0.96667 tsr_diff=0.000000 integral_mean=0.000000 integral_std=0.000000 log_ratio=0.0000 accept=1.0000 swapped=True
i=0 pair=(2,3) lam_t=1.03333 lam_s=1.10000 tsr_diff=0.000000 integral_mean=0.000000 integral_std=0.000000 log_ratio=0.0000 accept=1.0000 swapped=True
i=1 pair=(0,3) lam_t=0.96667 lam_s=1.03333 tsr_diff=0.000712 integral_mean=0.000010 integral_std=0.000703 log_ratio=0.0000 accept=1.0000 swapped=True
i=2 pair=(1,3) lam_t=0.90000 lam_s=0.96667 tsr_diff=0.002831 integral_mean=-0.000042 integral_std=0.002633 log_ratio=-0.1017 accept=0.9033 swapped=True
i=2 pair=(0,2) lam_t=1.03333 lam_s=1.10000 tsr_diff=0.002800 integral_mean=-0.000227 integral_std=0.003004 log_ratio=-0.5449 accept=0.5799 swapped=True
i=3 pair=(1,2) lam_t=0.96667 lam_s=1.03333 tsr_diff=0.006222 integral_mean=0.000325 integral_std=0.006472 log_ratio=0.0000 accept=1.0000 swapped=True
i=4 pair=(3,2) lam_t=0.90000 lam_s=0.96667 tsr_diff=0.011024 integral_mean=0.000071 integral_std=0.011896 log_ratio=0.0000 accept=1.0000 swapped=True
i=4 pair=(1,0) lam_t=1.03333 lam_s=1.10000 tsr_diff=0.010558 integral_mean=0.000142 integral_std=0.009993 log_ratio=0.0000 accept=1.0000 swapped=True
i=5 pair=(3,0) lam_t=0.96667 lam_s=1.03333 tsr_diff=0.016315 integral_mean=0.000351 integral_std=0.015932 log_ratio=0.0000 accept=1.0000 swapped=True
i=6 pair=(2,0) lam_t=0.90000 lam_s=0.96667 tsr_diff=0.023624 integral_mean=0.000658 integral_std=0.022128 log_ratio=0.0000 accept=1.0000 swapped=True
i=6 pair=(3,1) lam_t=1.03333 lam_s=1.10000 tsr_diff=0.021584 integral_mean=0.000407 integral_std=0.021252 log_ratio=0.0000 accept=1.0000 swapped=True
i=7 pair=(2,1) lam_t=0.96667 lam_s=1.03333 tsr_diff=0.029287 integral_mean=0.000402 integral_std=0.026274 log_ratio=0.0000 accept=1.0000 swapped=True
i=8 pair=(0,1) lam_t=0.90000 lam_s=0.96667 tsr_diff=0.038945 integral_mean=0.008718 integral_std=0.045961 log_ratio=0.0000 accept=1.0000 swapped=True
i=8 pair=(2,3) lam_t=1.03333 lam_s=1.10000 tsr_diff=0.033696 integral_mean=-0.001045 integral_std=0.033727 log_ratio=-2.5088 accept=0.0814 swapped=True
i=9 pair=(0,3) lam_t=0.96667 lam_s=1.03333 tsr_diff=0.042952 integral_mean=0.005228 integral_std=0.053319 log_ratio=0.0000 accept=1.0000 swapped=True
i=10 pair=(1,3) lam_t=0.90000 lam_s=0.96667 tsr_diff=0.054568 integral_mean=-0.001625 integral_std=0.061614 log_ratio=-3.9011 accept=0.0202 swapped=False
i=10 pair=(0,2) lam_t=1.03333 lam_s=1.10000 tsr_diff=0.044792 integral_mean=0.002807 integral_std=0.048755 log_ratio=0.0000 accept=1.0000 swapped=True
i=11 pair=(3,2) lam_t=0.96667 lam_s=1.03333 tsr_diff=0.055006 integral_mean=-0.008513 integral_std=0.096925 log_ratio=-20.4316 accept=0.0000 swapped=False
i=12 pair=(1,3) lam_t=0.90000 lam_s=0.96667 tsr_diff=0.067611 integral_mean=0.004779 integral_std=0.105158 log_ratio=0.0000 accept=1.0000 swapped=True
i=12 pair=(2,0) lam_t=1.03333 lam_s=1.10000 tsr_diff=0.053218 integral_mean=0.037194 integral_std=0.216911 log_ratio=0.0000 accept=1.0000 swapped=True
i=13 pair=(1,0) lam_t=0.96667 lam_s=1.03333 tsr_diff=0.063407 integral_mean=-0.056188 integral_std=0.421719 log_ratio=-134.8501 accept=0.0000 swapped=False
i=14 pair=(3,1) lam_t=0.90000 lam_s=0.96667 tsr_diff=0.075344 integral_mean=0.068396 integral_std=0.412591 log_ratio=0.0000 accept=1.0000 swapped=True
i=14 pair=(0,2) lam_t=1.03333 lam_s=1.10000 tsr_diff=0.057895 integral_mean=-0.046406 integral_std=0.811300 log_ratio=-111.3737 accept=0.0000 swapped=False
Best Sample: 0 log probability -44.566
Saved 1 samples to: logs/pointmaze-giant-navigate-v0/inference/plans/release_H400_T256_LimitsNormalizer_b1_condFalse/2026-07-20 17:11:10/32/0.png
Saved 1 samples to: logs/pointmaze-giant-navigate-v0/inference/plans/release_H400_T256_LimitsNormalizer_b1_condFalse/2026-07-20 17:11:10/32/rollout.png
i=0 pair=(0,1) lam_t=0.90000 lam_s=0.96667 tsr_diff=0.000000 integral_mean=0.000000 integral_std=0.000000 log_ratio=0.0000 accept=1.0000 swapped=True
i=0 pair=(2,3) lam_t=1.03333 lam_s=1.10000 tsr_diff=0.000000 integral_mean=0.000000 integral_std=0.000000 log_ratio=0.0000 accept=1.0000 swapped=True
i=1 pair=(0,3) lam_t=0.96667 lam_s=1.03333 tsr_diff=0.000712 integral_mean=0.000021 integral_std=0.000746 log_ratio=0.0000 accept=1.0000 swapped=True
i=2 pair=(1,3) lam_t=0.90000 lam_s=0.96667 tsr_diff=0.002831 integral_mean=-0.000014 integral_std=0.002855 log_ratio=-0.0331 accept=0.9675 swapped=True
i=2 pair=(0,2) lam_t=1.03333 lam_s=1.10000 tsr_diff=0.002800 integral_mean=-0.000143 integral_std=0.002790 log_ratio=-0.3431 accept=0.7096 swapped=True
i=3 pair=(1,2) lam_t=0.96667 lam_s=1.03333 tsr_diff=0.006222 integral_mean=-0.000303 integral_std=0.006201 log_ratio=-0.7270 accept=0.4834 swapped=True
i=4 pair=(3,2) lam_t=0.90000 lam_s=0.96667 tsr_diff=0.011024 integral_mean=0.000299 integral_std=0.010220 log_ratio=0.0000 accept=1.0000 swapped=True
i=4 pair=(1,0) lam_t=1.03333 lam_s=1.10000 tsr_diff=0.010558 integral_mean=-0.000051 integral_std=0.010057 log_ratio=-0.1235 accept=0.8838 swapped=True
i=5 pair=(3,0) lam_t=0.96667 lam_s=1.03333 tsr_diff=0.016315 integral_mean=0.000508 integral_std=0.015640 log_ratio=0.0000 accept=1.0000 swapped=True
i=6 pair=(2,0) lam_t=0.90000 lam_s=0.96667 tsr_diff=0.023624 integral_mean=-0.000603 integral_std=0.025608 log_ratio=-1.4477 accept=0.2351 swapped=False
i=6 pair=(3,1) lam_t=1.03333 lam_s=1.10000 tsr_diff=0.021584 integral_mean=-0.000059 integral_std=0.018868 log_ratio=-0.1426 accept=0.8671 swapped=False
i=7 pair=(0,3) lam_t=0.96667 lam_s=1.03333 tsr_diff=0.029287 integral_mean=0.001363 integral_std=0.029266 log_ratio=0.0000 accept=1.0000 swapped=True
i=8 pair=(2,3) lam_t=0.90000 lam_s=0.96667 tsr_diff=0.038945 integral_mean=0.001227 integral_std=0.033964 log_ratio=0.0000 accept=1.0000 swapped=True
i=8 pair=(0,1) lam_t=1.03333 lam_s=1.10000 tsr_diff=0.033696 integral_mean=0.000323 integral_std=0.033696 log_ratio=0.0000 accept=1.0000 swapped=True
i=9 pair=(2,1) lam_t=0.96667 lam_s=1.03333 tsr_diff=0.042952 integral_mean=0.002481 integral_std=0.038875 log_ratio=0.0000 accept=1.0000 swapped=True
i=10 pair=(3,1) lam_t=0.90000 lam_s=0.96667 tsr_diff=0.054568 integral_mean=0.000640 integral_std=0.039807 log_ratio=0.0000 accept=1.0000 swapped=True
i=10 pair=(2,0) lam_t=1.03333 lam_s=1.10000 tsr_diff=0.044792 integral_mean=-0.002619 integral_std=0.066886 log_ratio=-6.2858 accept=0.0019 swapped=False
i=11 pair=(3,2) lam_t=0.96667 lam_s=1.03333 tsr_diff=0.055006 integral_mean=-0.002772 integral_std=0.046363 log_ratio=-6.6519 accept=0.0013 swapped=False
i=12 pair=(1,3) lam_t=0.90000 lam_s=0.96667 tsr_diff=0.067611 integral_mean=0.003099 integral_std=0.046315 log_ratio=0.0000 accept=1.0000 swapped=True
i=12 pair=(2,0) lam_t=1.03333 lam_s=1.10000 tsr_diff=0.053218 integral_mean=-0.006681 integral_std=0.113339 log_ratio=-16.0338 accept=0.0000 swapped=False
i=13 pair=(1,2) lam_t=0.96667 lam_s=1.03333 tsr_diff=0.063407 integral_mean=-0.003696 integral_std=0.077139 log_ratio=-8.8714 accept=0.0001 swapped=False
i=14 pair=(3,1) lam_t=0.90000 lam_s=0.96667 tsr_diff=0.075344 integral_mean=0.031057 integral_std=0.086030 log_ratio=0.0000 accept=1.0000 swapped=True
i=14 pair=(2,0) lam_t=1.03333 lam_s=1.10000 tsr_diff=0.057895 integral_mean=0.002539 integral_std=0.445207 log_ratio=0.0000 accept=1.0000 swapped=True
Best Sample: 3 log probability 0.000
Saved 1 samples to: logs/pointmaze-giant-navigate-v0/inference/plans/release_H400_T256_LimitsNormalizer_b1_condFalse/2026-07-20 17:11:10/33/0.png
Saved 1 samples to: logs/pointmaze-giant-navigate-v0/inference/plans/release_H400_T256_LimitsNormalizer_b1_condFalse/2026-07-20 17:11:10/33/rollout.png
i=0 pair=(0,1) lam_t=0.90000 lam_s=0.96667 tsr_diff=0.000000 integral_mean=0.000000 integral_std=0.000000 log_ratio=0.0000 accept=1.0000 swapped=True
i=0 pair=(2,3) lam_t=1.03333 lam_s=1.10000 tsr_diff=0.000000 integral_mean=0.000000 integral_std=0.000000 log_ratio=0.0000 accept=1.0000 swapped=True
i=1 pair=(0,3) lam_t=0.96667 lam_s=1.03333 tsr_diff=0.000712 integral_mean=0.000037 integral_std=0.000725 log_ratio=0.0000 accept=1.0000 swapped=True
i=2 pair=(1,3) lam_t=0.90000 lam_s=0.96667 tsr_diff=0.002831 integral_mean=0.000101 integral_std=0.002857 log_ratio=0.0000 accept=1.0000 swapped=True
i=2 pair=(0,2) lam_t=1.03333 lam_s=1.10000 tsr_diff=0.002800 integral_mean=-0.000079 integral_std=0.002695 log_ratio=-0.1898 accept=0.8271 swapped=True
i=3 pair=(1,2) lam_t=0.96667 lam_s=1.03333 tsr_diff=0.006222 integral_mean=-0.007641 integral_std=0.018061 log_ratio=-18.3396 accept=0.0000 swapped=False
i=4 pair=(3,1) lam_t=0.90000 lam_s=0.96667 tsr_diff=0.011024 integral_mean=0.001208 integral_std=0.012099 log_ratio=0.0000 accept=1.0000 swapped=True
i=4 pair=(2,0) lam_t=1.03333 lam_s=1.10000 tsr_diff=0.010558 integral_mean=0.003671 integral_std=0.015216 log_ratio=0.0000 accept=1.0000 swapped=True
i=5 pair=(3,0) lam_t=0.96667 lam_s=1.03333 tsr_diff=0.016315 integral_mean=0.002020 integral_std=0.016724 log_ratio=0.0000 accept=1.0000 swapped=True
i=6 pair=(1,0) lam_t=0.90000 lam_s=0.96667 tsr_diff=0.023624 integral_mean=0.000399 integral_std=0.022536 log_ratio=0.0000 accept=1.0000 swapped=True
i=6 pair=(3,2) lam_t=1.03333 lam_s=1.10000 tsr_diff=0.021584 integral_mean=-0.000567 integral_std=0.020664 log_ratio=-1.3600 accept=0.2567 swapped=False
i=7 pair=(1,3) lam_t=0.96667 lam_s=1.03333 tsr_diff=0.029287 integral_mean=-0.001034 integral_std=0.028602 log_ratio=-2.4811 accept=0.0836 swapped=False
i=8 pair=(0,1) lam_t=0.90000 lam_s=0.96667 tsr_diff=0.038945 integral_mean=0.000292 integral_std=0.038030 log_ratio=0.0000 accept=1.0000 swapped=True
i=8 pair=(3,2) lam_t=1.03333 lam_s=1.10000 tsr_diff=0.033696 integral_mean=-0.001452 integral_std=0.033838 log_ratio=-3.4859 accept=0.0306 swapped=False
i=9 pair=(0,3) lam_t=0.96667 lam_s=1.03333 tsr_diff=0.042952 integral_mean=0.001195 integral_std=0.043158 log_ratio=0.0000 accept=1.0000 swapped=True
i=10 pair=(1,3) lam_t=0.90000 lam_s=0.96667 tsr_diff=0.054568 integral_mean=0.001296 integral_std=0.053539 log_ratio=0.0000 accept=1.0000 swapped=True
i=10 pair=(0,2) lam_t=1.03333 lam_s=1.10000 tsr_diff=0.044792 integral_mean=0.001255 integral_std=0.048707 log_ratio=0.0000 accept=1.0000 swapped=True
i=11 pair=(1,2) lam_t=0.96667 lam_s=1.03333 tsr_diff=0.055006 integral_mean=0.004113 integral_std=0.064394 log_ratio=0.0000 accept=1.0000 swapped=True
i=12 pair=(3,2) lam_t=0.90000 lam_s=0.96667 tsr_diff=0.067611 integral_mean=0.021072 integral_std=0.117439 log_ratio=0.0000 accept=1.0000 swapped=True
i=12 pair=(1,0) lam_t=1.03333 lam_s=1.10000 tsr_diff=0.053218 integral_mean=-0.003099 integral_std=0.067536 log_ratio=-7.4376 accept=0.0006 swapped=False
i=13 pair=(3,1) lam_t=0.96667 lam_s=1.03333 tsr_diff=0.063407 integral_mean=0.024787 integral_std=0.173527 log_ratio=0.0000 accept=1.0000 swapped=True
i=14 pair=(2,1) lam_t=0.90000 lam_s=0.96667 tsr_diff=0.075344 integral_mean=0.090826 integral_std=0.450468 log_ratio=0.0000 accept=1.0000 swapped=True
i=14 pair=(3,0) lam_t=1.03333 lam_s=1.10000 tsr_diff=0.057895 integral_mean=0.036236 integral_std=0.332089 log_ratio=0.0000 accept=1.0000 swapped=True
Best Sample: 1 log probability -0.225
Saved 1 samples to: logs/pointmaze-giant-navigate-v0/inference/plans/release_H400_T256_LimitsNormalizer_b1_condFalse/2026-07-20 17:11:10/34/0.png
Saved 1 samples to: logs/pointmaze-giant-navigate-v0/inference/plans/release_H400_T256_LimitsNormalizer_b1_condFalse/2026-07-20 17:11:10/34/rollout.png
i=0 pair=(0,1) lam_t=0.90000 lam_s=0.96667 tsr_diff=0.000000 integral_mean=0.000000 integral_std=0.000000 log_ratio=0.0000 accept=1.0000 swapped=True
i=0 pair=(2,3) lam_t=1.03333 lam_s=1.10000 tsr_diff=0.000000 integral_mean=0.000000 integral_std=0.000000 log_ratio=0.0000 accept=1.0000 swapped=True
i=1 pair=(0,3) lam_t=0.96667 lam_s=1.03333 tsr_diff=0.000712 integral_mean=0.000006 integral_std=0.000717 log_ratio=0.0000 accept=1.0000 swapped=True
i=2 pair=(1,3) lam_t=0.90000 lam_s=0.96667 tsr_diff=0.002831 integral_mean=0.000106 integral_std=0.002868 log_ratio=0.0000 accept=1.0000 swapped=True
i=2 pair=(0,2) lam_t=1.03333 lam_s=1.10000 tsr_diff=0.002800 integral_mean=0.000124 integral_std=0.002574 log_ratio=0.0000 accept=1.0000 swapped=True
i=3 pair=(1,2) lam_t=0.96667 lam_s=1.03333 tsr_diff=0.006222 integral_mean=-0.000111 integral_std=0.006198 log_ratio=-0.2669 accept=0.7657 swapped=True
i=4 pair=(3,2) lam_t=0.90000 lam_s=0.96667 tsr_diff=0.011024 integral_mean=-0.000951 integral_std=0.012047 log_ratio=-2.2832 accept=0.1020 swapped=False
i=4 pair=(1,0) lam_t=1.03333 lam_s=1.10000 tsr_diff=0.010558 integral_mean=-0.000544 integral_std=0.011065 log_ratio=-1.3050 accept=0.2712 swapped=True
i=5 pair=(2,0) lam_t=0.96667 lam_s=1.03333 tsr_diff=0.016315 integral_mean=0.000348 integral_std=0.016428 log_ratio=0.0000 accept=1.0000 swapped=True
i=6 pair=(3,0) lam_t=0.90000 lam_s=0.96667 tsr_diff=0.023624 integral_mean=-0.000787 integral_std=0.023021 log_ratio=-1.8890 accept=0.1512 swapped=False
i=6 pair=(2,1) lam_t=1.03333 lam_s=1.10000 tsr_diff=0.021584 integral_mean=0.000292 integral_std=0.021247 log_ratio=0.0000 accept=1.0000 swapped=True
i=7 pair=(0,1) lam_t=0.96667 lam_s=1.03333 tsr_diff=0.029287 integral_mean=0.002222 integral_std=0.030394 log_ratio=0.0000 accept=1.0000 swapped=True
i=8 pair=(3,1) lam_t=0.90000 lam_s=0.96667 tsr_diff=0.038945 integral_mean=0.001006 integral_std=0.036920 log_ratio=0.0000 accept=1.0000 swapped=True
i=8 pair=(0,2) lam_t=1.03333 lam_s=1.10000 tsr_diff=0.033696 integral_mean=0.002151 integral_std=0.032201 log_ratio=0.0000 accept=1.0000 swapped=True
i=9 pair=(3,2) lam_t=0.96667 lam_s=1.03333 tsr_diff=0.042952 integral_mean=-0.000934 integral_std=0.045398 log_ratio=-2.2418 accept=0.1063 swapped=False
i=10 pair=(1,3) lam_t=0.90000 lam_s=0.96667 tsr_diff=0.054568 integral_mean=0.002147 integral_std=0.057787 log_ratio=0.0000 accept=1.0000 swapped=True
i=10 pair=(2,0) lam_t=1.03333 lam_s=1.10000 tsr_diff=0.044792 integral_mean=0.002627 integral_std=0.064800 log_ratio=0.0000 accept=1.0000 swapped=True
i=11 pair=(1,0) lam_t=0.96667 lam_s=1.03333 tsr_diff=0.055006 integral_mean=-0.003392 integral_std=0.071078 log_ratio=-8.1412 accept=0.0003 swapped=False
i=12 pair=(3,1) lam_t=0.90000 lam_s=0.96667 tsr_diff=0.067611 integral_mean=0.005255 integral_std=0.083020 log_ratio=0.0000 accept=1.0000 swapped=True
i=12 pair=(0,2) lam_t=1.03333 lam_s=1.10000 tsr_diff=0.053218 integral_mean=-0.015040 integral_std=0.119127 log_ratio=-36.0951 accept=0.0000 swapped=False
i=13 pair=(3,0) lam_t=0.96667 lam_s=1.03333 tsr_diff=0.063407 integral_mean=-0.003611 integral_std=0.131031 log_ratio=-8.6674 accept=0.0002 swapped=False
i=14 pair=(1,3) lam_t=0.90000 lam_s=0.96667 tsr_diff=0.075344 integral_mean=0.056202 integral_std=0.208055 log_ratio=0.0000 accept=1.0000 swapped=True
i=14 pair=(0,2) lam_t=1.03333 lam_s=1.10000 tsr_diff=0.057895 integral_mean=-0.009202 integral_std=0.409890 log_ratio=-22.0836 accept=0.0000 swapped=False
Best Sample: 1 log probability -4.070
Saved 1 samples to: logs/pointmaze-giant-navigate-v0/inference/plans/release_H400_T256_LimitsNormalizer_b1_condFalse/2026-07-20 17:11:10/35/0.png
Saved 1 samples to: logs/pointmaze-giant-navigate-v0/inference/plans/release_H400_T256_LimitsNormalizer_b1_condFalse/2026-07-20 17:11:10/35/rollout.png
i=0 pair=(0,1) lam_t=0.90000 lam_s=0.96667 tsr_diff=0.000000 integral_mean=0.000000 integral_std=0.000000 log_ratio=0.0000 accept=1.0000 swapped=True
i=0 pair=(2,3) lam_t=1.03333 lam_s=1.10000 tsr_diff=0.000000 integral_mean=0.000000 integral_std=0.000000 log_ratio=0.0000 accept=1.0000 swapped=True
i=1 pair=(0,3) lam_t=0.96667 lam_s=1.03333 tsr_diff=0.000712 integral_mean=-0.000003 integral_std=0.000719 log_ratio=-0.0080 accept=0.9920 swapped=True
i=2 pair=(1,3) lam_t=0.90000 lam_s=0.96667 tsr_diff=0.002831 integral_mean=0.000154 integral_std=0.002869 log_ratio=0.0000 accept=1.0000 swapped=True
i=2 pair=(0,2) lam_t=1.03333 lam_s=1.10000 tsr_diff=0.002800 integral_mean=-0.000095 integral_std=0.002787 log_ratio=-0.2285 accept=0.7957 swapped=False
i=3 pair=(1,0) lam_t=0.96667 lam_s=1.03333 tsr_diff=0.006222 integral_mean=-0.000161 integral_std=0.005864 log_ratio=-0.3872 accept=0.6789 swapped=False
i=4 pair=(3,1) lam_t=0.90000 lam_s=0.96667 tsr_diff=0.011024 integral_mean=0.000203 integral_std=0.010025 log_ratio=0.0000 accept=1.0000 swapped=True
i=4 pair=(0,2) lam_t=1.03333 lam_s=1.10000 tsr_diff=0.010558 integral_mean=-0.002035 integral_std=0.012632 log_ratio=-4.8849 accept=0.0076 swapped=False
i=5 pair=(3,0) lam_t=0.96667 lam_s=1.03333 tsr_diff=0.016315 integral_mean=0.000491 integral_std=0.015441 log_ratio=0.0000 accept=1.0000 swapped=True
i=6 pair=(1,0) lam_t=0.90000 lam_s=0.96667 tsr_diff=0.023624 integral_mean=0.000868 integral_std=0.022404 log_ratio=0.0000 accept=1.0000 swapped=True
i=6 pair=(3,2) lam_t=1.03333 lam_s=1.10000 tsr_diff=0.021584 integral_mean=-0.000412 integral_std=0.021050 log_ratio=-0.9885 accept=0.3721 swapped=True
i=7 pair=(1,2) lam_t=0.96667 lam_s=1.03333 tsr_diff=0.029287 integral_mean=0.000139 integral_std=0.030668 log_ratio=0.0000 accept=1.0000 swapped=True
i=8 pair=(0,2) lam_t=0.90000 lam_s=0.96667 tsr_diff=0.038945 integral_mean=0.000469 integral_std=0.042785 log_ratio=0.0000 accept=1.0000 swapped=True
i=8 pair=(1,3) lam_t=1.03333 lam_s=1.10000 tsr_diff=0.033696 integral_mean=0.002034 integral_std=0.034225 log_ratio=0.0000 accept=1.0000 swapped=True
i=9 pair=(0,3) lam_t=0.96667 lam_s=1.03333 tsr_diff=0.042952 integral_mean=0.001654 integral_std=0.036605 log_ratio=0.0000 accept=1.0000 swapped=True
i=10 pair=(2,3) lam_t=0.90000 lam_s=0.96667 tsr_diff=0.054568 integral_mean=0.004104 integral_std=0.064902 log_ratio=0.0000 accept=1.0000 swapped=True
i=10 pair=(0,1) lam_t=1.03333 lam_s=1.10000 tsr_diff=0.044792 integral_mean=-0.000605 integral_std=0.048518 log_ratio=-1.4511 accept=0.2343 swapped=False
i=11 pair=(2,0) lam_t=0.96667 lam_s=1.03333 tsr_diff=0.055006 integral_mean=0.002816 integral_std=0.069235 log_ratio=0.0000 accept=1.0000 swapped=True
i=12 pair=(3,0) lam_t=0.90000 lam_s=0.96667 tsr_diff=0.067611 integral_mean=0.007746 integral_std=0.076863 log_ratio=0.0000 accept=1.0000 swapped=True
i=12 pair=(2,1) lam_t=1.03333 lam_s=1.10000 tsr_diff=0.053218 integral_mean=-0.002634 integral_std=0.075317 log_ratio=-6.3212 accept=0.0018 swapped=False
i=13 pair=(3,2) lam_t=0.96667 lam_s=1.03333 tsr_diff=0.063407 integral_mean=0.012945 integral_std=0.106322 log_ratio=0.0000 accept=1.0000 swapped=True
i=14 pair=(0,2) lam_t=0.90000 lam_s=0.96667 tsr_diff=0.075344 integral_mean=0.107757 integral_std=0.251157 log_ratio=0.0000 accept=1.0000 swapped=True
i=14 pair=(3,1) lam_t=1.03333 lam_s=1.10000 tsr_diff=0.057895 integral_mean=-0.008669 integral_std=0.209466 log_ratio=-20.8058 accept=0.0000 swapped=False
Best Sample: 0 log probability 0.000
Saved 1 samples to: logs/pointmaze-giant-navigate-v0/inference/plans/release_H400_T256_LimitsNormalizer_b1_condFalse/2026-07-20 17:11:10/36/0.png
Saved 1 samples to: logs/pointmaze-giant-navigate-v0/inference/plans/release_H400_T256_LimitsNormalizer_b1_condFalse/2026-07-20 17:11:10/36/rollout.png
i=0 pair=(0,1) lam_t=0.90000 lam_s=0.96667 tsr_diff=0.000000 integral_mean=0.000000 integral_std=0.000000 log_ratio=0.0000 accept=1.0000 swapped=True
i=0 pair=(2,3) lam_t=1.03333 lam_s=1.10000 tsr_diff=0.000000 integral_mean=0.000000 integral_std=0.000000 log_ratio=0.0000 accept=1.0000 swapped=True
i=1 pair=(0,3) lam_t=0.96667 lam_s=1.03333 tsr_diff=0.000712 integral_mean=-0.000001 integral_std=0.000749 log_ratio=-0.0013 accept=0.9987 swapped=True
i=2 pair=(1,3) lam_t=0.90000 lam_s=0.96667 tsr_diff=0.002831 integral_mean=0.000530 integral_std=0.003412 log_ratio=0.0000 accept=1.0000 swapped=True
i=2 pair=(0,2) lam_t=1.03333 lam_s=1.10000 tsr_diff=0.002800 integral_mean=0.000010 integral_std=0.002827 log_ratio=0.0000 accept=1.0000 swapped=True
i=3 pair=(1,2) lam_t=0.96667 lam_s=1.03333 tsr_diff=0.006222 integral_mean=-0.000186 integral_std=0.006431 log_ratio=-0.4455 accept=0.6405 swapped=True
i=4 pair=(3,2) lam_t=0.90000 lam_s=0.96667 tsr_diff=0.011024 integral_mean=-0.000108 integral_std=0.010883 log_ratio=-0.2590 accept=0.7718 swapped=True
i=4 pair=(1,0) lam_t=1.03333 lam_s=1.10000 tsr_diff=0.010558 integral_mean=0.000006 integral_std=0.009356 log_ratio=0.0000 accept=1.0000 swapped=True
i=5 pair=(3,0) lam_t=0.96667 lam_s=1.03333 tsr_diff=0.016315 integral_mean=-0.000095 integral_std=0.016420 log_ratio=-0.2269 accept=0.7970 swapped=True
i=6 pair=(2,0) lam_t=0.90000 lam_s=0.96667 tsr_diff=0.023624 integral_mean=0.000317 integral_std=0.022090 log_ratio=0.0000 accept=1.0000 swapped=True
i=6 pair=(3,1) lam_t=1.03333 lam_s=1.10000 tsr_diff=0.021584 integral_mean=0.000392 integral_std=0.020667 log_ratio=0.0000 accept=1.0000 swapped=True
i=7 pair=(2,1) lam_t=0.96667 lam_s=1.03333 tsr_diff=0.029287 integral_mean=0.001284 integral_std=0.029749 log_ratio=0.0000 accept=1.0000 swapped=True
i=8 pair=(0,1) lam_t=0.90000 lam_s=0.96667 tsr_diff=0.038945 integral_mean=0.000706 integral_std=0.036647 log_ratio=0.0000 accept=1.0000 swapped=True
i=8 pair=(2,3) lam_t=1.03333 lam_s=1.10000 tsr_diff=0.033696 integral_mean=0.001247 integral_std=0.039729 log_ratio=0.0000 accept=1.0000 swapped=True
i=9 pair=(0,3) lam_t=0.96667 lam_s=1.03333 tsr_diff=0.042952 integral_mean=-0.000034 integral_std=0.047659 log_ratio=-0.0818 accept=0.9214 swapped=True
i=10 pair=(1,3) lam_t=0.90000 lam_s=0.96667 tsr_diff=0.054568 integral_mean=-0.000594 integral_std=0.054550 log_ratio=-1.4266 accept=0.2401 swapped=False
i=10 pair=(0,2) lam_t=1.03333 lam_s=1.10000 tsr_diff=0.044792 integral_mean=-0.004862 integral_std=0.070896 log_ratio=-11.6679 accept=0.0000 swapped=False
i=11 pair=(3,0) lam_t=0.96667 lam_s=1.03333 tsr_diff=0.055006 integral_mean=-0.004252 integral_std=0.069391 log_ratio=-10.2042 accept=0.0000 swapped=False
i=12 pair=(1,3) lam_t=0.90000 lam_s=0.96667 tsr_diff=0.067611 integral_mean=0.001130 integral_std=0.097928 log_ratio=0.0000 accept=1.0000 swapped=True
i=12 pair=(0,2) lam_t=1.03333 lam_s=1.10000 tsr_diff=0.053218 integral_mean=-0.004083 integral_std=0.105962 log_ratio=-9.7998 accept=0.0001 swapped=False
i=13 pair=(1,0) lam_t=0.96667 lam_s=1.03333 tsr_diff=0.063407 integral_mean=-0.005826 integral_std=0.134129 log_ratio=-13.9825 accept=0.0000 swapped=False
i=14 pair=(3,1) lam_t=0.90000 lam_s=0.96667 tsr_diff=0.075344 integral_mean=0.051008 integral_std=0.237767 log_ratio=0.0000 accept=1.0000 swapped=True
i=14 pair=(0,2) lam_t=1.03333 lam_s=1.10000 tsr_diff=0.057895 integral_mean=0.048194 integral_std=0.606981 log_ratio=0.0000 accept=1.0000 swapped=True
Best Sample: 1 log probability -0.826
Saved 1 samples to: logs/pointmaze-giant-navigate-v0/inference/plans/release_H400_T256_LimitsNormalizer_b1_condFalse/2026-07-20 17:11:10/37/0.png
Saved 1 samples to: logs/pointmaze-giant-navigate-v0/inference/plans/release_H400_T256_LimitsNormalizer_b1_condFalse/2026-07-20 17:11:10/37/rollout.png
i=0 pair=(0,1) lam_t=0.90000 lam_s=0.96667 tsr_diff=0.000000 integral_mean=0.000000 integral_std=0.000000 log_ratio=0.0000 accept=1.0000 swapped=True
i=0 pair=(2,3) lam_t=1.03333 lam_s=1.10000 tsr_diff=0.000000 integral_mean=0.000000 integral_std=0.000000 log_ratio=0.0000 accept=1.0000 swapped=True
i=1 pair=(0,3) lam_t=0.96667 lam_s=1.03333 tsr_diff=0.000712 integral_mean=0.000013 integral_std=0.000696 log_ratio=0.0000 accept=1.0000 swapped=True
i=2 pair=(1,3) lam_t=0.90000 lam_s=0.96667 tsr_diff=0.002831 integral_mean=0.000064 integral_std=0.002684 log_ratio=0.0000 accept=1.0000 swapped=True
i=2 pair=(0,2) lam_t=1.03333 lam_s=1.10000 tsr_diff=0.002800 integral_mean=0.000017 integral_std=0.002727 log_ratio=0.0000 accept=1.0000 swapped=True
i=3 pair=(1,2) lam_t=0.96667 lam_s=1.03333 tsr_diff=0.006222 integral_mean=0.000007 integral_std=0.006111 log_ratio=0.0000 accept=1.0000 swapped=True
i=4 pair=(3,2) lam_t=0.90000 lam_s=0.96667 tsr_diff=0.011024 integral_mean=-0.000258 integral_std=0.010287 log_ratio=-0.6185 accept=0.5387 swapped=False
i=4 pair=(1,0) lam_t=1.03333 lam_s=1.10000 tsr_diff=0.010558 integral_mean=-0.001964 integral_std=0.012346 log_ratio=-4.7124 accept=0.0090 swapped=False
i=5 pair=(2,1) lam_t=0.96667 lam_s=1.03333 tsr_diff=0.016315 integral_mean=0.000021 integral_std=0.015476 log_ratio=0.0000 accept=1.0000 swapped=True
i=6 pair=(3,1) lam_t=0.90000 lam_s=0.96667 tsr_diff=0.023624 integral_mean=-0.000251 integral_std=0.022074 log_ratio=-0.6036 accept=0.5468 swapped=True
i=6 pair=(2,0) lam_t=1.03333 lam_s=1.10000 tsr_diff=0.021584 integral_mean=0.000584 integral_std=0.021439 log_ratio=0.0000 accept=1.0000 swapped=True
i=7 pair=(3,0) lam_t=0.96667 lam_s=1.03333 tsr_diff=0.029287 integral_mean=-0.000061 integral_std=0.026564 log_ratio=-0.1460 accept=0.8642 swapped=True
i=8 pair=(1,0) lam_t=0.90000 lam_s=0.96667 tsr_diff=0.038945 integral_mean=-0.001979 integral_std=0.037565 log_ratio=-4.7486 accept=0.0087 swapped=False
i=8 pair=(3,2) lam_t=1.03333 lam_s=1.10000 tsr_diff=0.033696 integral_mean=-0.003490 integral_std=0.037005 log_ratio=-8.3758 accept=0.0002 swapped=False
i=9 pair=(0,3) lam_t=0.96667 lam_s=1.03333 tsr_diff=0.042952 integral_mean=0.001386 integral_std=0.044165 log_ratio=0.0000 accept=1.0000 swapped=True
i=10 pair=(1,3) lam_t=0.90000 lam_s=0.96667 tsr_diff=0.054568 integral_mean=0.003547 integral_std=0.055555 log_ratio=0.0000 accept=1.0000 swapped=True
i=10 pair=(0,2) lam_t=1.03333 lam_s=1.10000 tsr_diff=0.044792 integral_mean=-0.003737 integral_std=0.063201 log_ratio=-8.9690 accept=0.0001 swapped=False
i=11 pair=(1,0) lam_t=0.96667 lam_s=1.03333 tsr_diff=0.055006 integral_mean=0.000008 integral_std=0.043845 log_ratio=0.0000 accept=1.0000 swapped=True
i=12 pair=(3,0) lam_t=0.90000 lam_s=0.96667 tsr_diff=0.067611 integral_mean=0.004000 integral_std=0.070611 log_ratio=0.0000 accept=1.0000 swapped=True
i=12 pair=(1,2) lam_t=1.03333 lam_s=1.10000 tsr_diff=0.053218 integral_mean=-0.031900 integral_std=0.191477 log_ratio=-76.5597 accept=0.0000 swapped=False
i=13 pair=(3,1) lam_t=0.96667 lam_s=1.03333 tsr_diff=0.063407 integral_mean=0.006487 integral_std=0.074242 log_ratio=0.0000 accept=1.0000 swapped=True
i=14 pair=(0,1) lam_t=0.90000 lam_s=0.96667 tsr_diff=0.075344 integral_mean=0.043190 integral_std=0.122617 log_ratio=0.0000 accept=1.0000 swapped=True
i=14 pair=(3,2) lam_t=1.03333 lam_s=1.10000 tsr_diff=0.057895 integral_mean=-0.019194 integral_std=0.260326 log_ratio=-46.0646 accept=0.0000 swapped=False
Best Sample: 0 log probability -0.257
Saved 1 samples to: logs/pointmaze-giant-navigate-v0/inference/plans/release_H400_T256_LimitsNormalizer_b1_condFalse/2026-07-20 17:11:10/38/0.png
Saved 1 samples to: logs/pointmaze-giant-navigate-v0/inference/plans/release_H400_T256_LimitsNormalizer_b1_condFalse/2026-07-20 17:11:10/38/rollout.png
i=0 pair=(0,1) lam_t=0.90000 lam_s=0.96667 tsr_diff=0.000000 integral_mean=0.000000 integral_std=0.000000 log_ratio=0.0000 accept=1.0000 swapped=True
i=0 pair=(2,3) lam_t=1.03333 lam_s=1.10000 tsr_diff=0.000000 integral_mean=0.000000 integral_std=0.000000 log_ratio=0.0000 accept=1.0000 swapped=True
i=1 pair=(0,3) lam_t=0.96667 lam_s=1.03333 tsr_diff=0.000712 integral_mean=0.000143 integral_std=0.000895 log_ratio=0.0000 accept=1.0000 swapped=True
i=2 pair=(1,3) lam_t=0.90000 lam_s=0.96667 tsr_diff=0.002831 integral_mean=0.001928 integral_std=0.005821 log_ratio=0.0000 accept=1.0000 swapped=True
i=2 pair=(0,2) lam_t=1.03333 lam_s=1.10000 tsr_diff=0.002800 integral_mean=-0.000056 integral_std=0.002926 log_ratio=-0.1344 accept=0.8742 swapped=False
i=3 pair=(1,0) lam_t=0.96667 lam_s=1.03333 tsr_diff=0.006222 integral_mean=0.000325 integral_std=0.006913 log_ratio=0.0000 accept=1.0000 swapped=True
i=4 pair=(3,0) lam_t=0.90000 lam_s=0.96667 tsr_diff=0.011024 integral_mean=0.000278 integral_std=0.010415 log_ratio=0.0000 accept=1.0000 swapped=True
i=4 pair=(1,2) lam_t=1.03333 lam_s=1.10000 tsr_diff=0.010558 integral_mean=0.000568 integral_std=0.010302 log_ratio=0.0000 accept=1.0000 swapped=True
i=5 pair=(3,2) lam_t=0.96667 lam_s=1.03333 tsr_diff=0.016315 integral_mean=-0.001701 integral_std=0.017450 log_ratio=-4.0813 accept=0.0169 swapped=False
i=6 pair=(0,3) lam_t=0.90000 lam_s=0.96667 tsr_diff=0.023624 integral_mean=0.000272 integral_std=0.023309 log_ratio=0.0000 accept=1.0000 swapped=True
i=6 pair=(2,1) lam_t=1.03333 lam_s=1.10000 tsr_diff=0.021584 integral_mean=0.000912 integral_std=0.022033 log_ratio=0.0000 accept=1.0000 swapped=True
i=7 pair=(0,1) lam_t=0.96667 lam_s=1.03333 tsr_diff=0.029287 integral_mean=-0.003024 integral_std=0.032404 log_ratio=-7.2582 accept=0.0007 swapped=False
i=8 pair=(3,0) lam_t=0.90000 lam_s=0.96667 tsr_diff=0.038945 integral_mean=-0.000882 integral_std=0.040137 log_ratio=-2.1158 accept=0.1205 swapped=False
i=8 pair=(1,2) lam_t=1.03333 lam_s=1.10000 tsr_diff=0.033696 integral_mean=0.000413 integral_std=0.029880 log_ratio=0.0000 accept=1.0000 swapped=True
i=9 pair=(0,2) lam_t=0.96667 lam_s=1.03333 tsr_diff=0.042952 integral_mean=0.000385 integral_std=0.041676 log_ratio=0.0000 accept=1.0000 swapped=True
i=10 pair=(3,2) lam_t=0.90000 lam_s=0.96667 tsr_diff=0.054568 integral_mean=-0.003388 integral_std=0.070732 log_ratio=-8.1302 accept=0.0003 swapped=False
i=10 pair=(0,1) lam_t=1.03333 lam_s=1.10000 tsr_diff=0.044792 integral_mean=-0.002212 integral_std=0.046454 log_ratio=-5.3080 accept=0.0050 swapped=False
i=11 pair=(2,0) lam_t=0.96667 lam_s=1.03333 tsr_diff=0.055006 integral_mean=0.015123 integral_std=0.087434 log_ratio=0.0000 accept=1.0000 swapped=True
i=12 pair=(3,0) lam_t=0.90000 lam_s=0.96667 tsr_diff=0.067611 integral_mean=0.004135 integral_std=0.079779 log_ratio=0.0000 accept=1.0000 swapped=True
i=12 pair=(2,1) lam_t=1.03333 lam_s=1.10000 tsr_diff=0.053218 integral_mean=0.017371 integral_std=0.133024 log_ratio=0.0000 accept=1.0000 swapped=True
i=13 pair=(3,1) lam_t=0.96667 lam_s=1.03333 tsr_diff=0.063407 integral_mean=0.005696 integral_std=0.106505 log_ratio=0.0000 accept=1.0000 swapped=True
i=14 pair=(0,1) lam_t=0.90000 lam_s=0.96667 tsr_diff=0.075344 integral_mean=0.075987 integral_std=0.251153 log_ratio=0.0000 accept=1.0000 swapped=True
i=14 pair=(3,2) lam_t=1.03333 lam_s=1.10000 tsr_diff=0.057895 integral_mean=-0.028669 integral_std=0.292235 log_ratio=-68.8051 accept=0.0000 swapped=False
Best Sample: 0 log probability 0.000
Saved 1 samples to: logs/pointmaze-giant-navigate-v0/inference/plans/release_H400_T256_LimitsNormalizer_b1_condFalse/2026-07-20 17:11:10/39/0.png
Saved 1 samples to: logs/pointmaze-giant-navigate-v0/inference/plans/release_H400_T256_LimitsNormalizer_b1_condFalse/2026-07-20 17:11:10/39/rollout.png
i=0 pair=(0,1) lam_t=0.90000 lam_s=0.96667 tsr_diff=0.000000 integral_mean=0.000000 integral_std=0.000000 log_ratio=0.0000 accept=1.0000 swapped=True
i=0 pair=(2,3) lam_t=1.03333 lam_s=1.10000 tsr_diff=0.000000 integral_mean=0.000000 integral_std=0.000000 log_ratio=0.0000 accept=1.0000 swapped=True
i=1 pair=(0,3) lam_t=0.96667 lam_s=1.03333 tsr_diff=0.000712 integral_mean=0.000024 integral_std=0.000708 log_ratio=0.0000 accept=1.0000 swapped=True
i=2 pair=(1,3) lam_t=0.90000 lam_s=0.96667 tsr_diff=0.002831 integral_mean=-0.000000 integral_std=0.002642 log_ratio=-0.0005 accept=0.9995 swapped=True
i=2 pair=(0,2) lam_t=1.03333 lam_s=1.10000 tsr_diff=0.002800 integral_mean=0.000046 integral_std=0.002702 log_ratio=0.0000 accept=1.0000 swapped=True
i=3 pair=(1,2) lam_t=0.96667 lam_s=1.03333 tsr_diff=0.006222 integral_mean=-0.000005 integral_std=0.006341 log_ratio=-0.0119 accept=0.9882 swapped=True
i=4 pair=(3,2) lam_t=0.90000 lam_s=0.96667 tsr_diff=0.011024 integral_mean=0.000015 integral_std=0.010776 log_ratio=0.0000 accept=1.0000 swapped=True
i=4 pair=(1,0) lam_t=1.03333 lam_s=1.10000 tsr_diff=0.010558 integral_mean=0.004008 integral_std=0.015012 log_ratio=0.0000 accept=1.0000 swapped=True
i=5 pair=(3,0) lam_t=0.96667 lam_s=1.03333 tsr_diff=0.016315 integral_mean=-0.000199 integral_std=0.015391 log_ratio=-0.4775 accept=0.6203 swapped=True
i=6 pair=(2,0) lam_t=0.90000 lam_s=0.96667 tsr_diff=0.023624 integral_mean=-0.000260 integral_std=0.022086 log_ratio=-0.6237 accept=0.5359 swapped=True
i=6 pair=(3,1) lam_t=1.03333 lam_s=1.10000 tsr_diff=0.021584 integral_mean=-0.004841 integral_std=0.025139 log_ratio=-11.6182 accept=0.0000 swapped=False
i=7 pair=(2,3) lam_t=0.96667 lam_s=1.03333 tsr_diff=0.029287 integral_mean=-0.000462 integral_std=0.027867 log_ratio=-1.1099 accept=0.3296 swapped=False
i=8 pair=(0,2) lam_t=0.90000 lam_s=0.96667 tsr_diff=0.038945 integral_mean=0.005362 integral_std=0.041987 log_ratio=0.0000 accept=1.0000 swapped=True
i=8 pair=(3,1) lam_t=1.03333 lam_s=1.10000 tsr_diff=0.033696 integral_mean=-0.005082 integral_std=0.041191 log_ratio=-12.1961 accept=0.0000 swapped=False
i=9 pair=(0,3) lam_t=0.96667 lam_s=1.03333 tsr_diff=0.042952 integral_mean=0.005086 integral_std=0.043802 log_ratio=0.0000 accept=1.0000 swapped=True
i=10 pair=(2,3) lam_t=0.90000 lam_s=0.96667 tsr_diff=0.054568 integral_mean=0.004287 integral_std=0.058964 log_ratio=0.0000 accept=1.0000 swapped=True
i=10 pair=(0,1) lam_t=1.03333 lam_s=1.10000 tsr_diff=0.044792 integral_mean=-0.006119 integral_std=0.074294 log_ratio=-14.6858 accept=0.0000 swapped=False
i=11 pair=(2,0) lam_t=0.96667 lam_s=1.03333 tsr_diff=0.055006 integral_mean=-0.010274 integral_std=0.112855 log_ratio=-24.6574 accept=0.0000 swapped=False
i=12 pair=(3,2) lam_t=0.90000 lam_s=0.96667 tsr_diff=0.067611 integral_mean=0.003688 integral_std=0.112240 log_ratio=0.0000 accept=1.0000 swapped=True
i=12 pair=(0,1) lam_t=1.03333 lam_s=1.10000 tsr_diff=0.053218 integral_mean=-0.009529 integral_std=0.087926 log_ratio=-22.8703 accept=0.0000 swapped=False
i=13 pair=(3,0) lam_t=0.96667 lam_s=1.03333 tsr_diff=0.063407 integral_mean=0.008701 integral_std=0.115267 log_ratio=0.0000 accept=1.0000 swapped=True
i=14 pair=(2,0) lam_t=0.90000 lam_s=0.96667 tsr_diff=0.075344 integral_mean=0.096194 integral_std=0.339118 log_ratio=0.0000 accept=1.0000 swapped=True
i=14 pair=(3,1) lam_t=1.03333 lam_s=1.10000 tsr_diff=0.057895 integral_mean=-0.029097 integral_std=0.358454 log_ratio=-69.8335 accept=0.0000 swapped=False
Best Sample: 0 log probability -14.126
Saved 1 samples to: logs/pointmaze-giant-navigate-v0/inference/plans/release_H400_T256_LimitsNormalizer_b1_condFalse/2026-07-20 17:11:10/40/0.png
Saved 1 samples to: logs/pointmaze-giant-navigate-v0/inference/plans/release_H400_T256_LimitsNormalizer_b1_condFalse/2026-07-20 17:11:10/40/rollout.png
Success Rate: 62.5, Average Compute: 128.0
Exception ignored in: <function OffScreenViewer.__del__ at 0x1457d3527370>
Traceback (most recent call last):
  File "/n/home00/zoewu/.conda/envs/maze/lib/python3.10/site-packages/gymnasium/envs/mujoco/mujoco_rendering.py", line 204, in __del__
    self.free()
  File "/n/home00/zoewu/.conda/envs/maze/lib/python3.10/site-packages/gymnasium/envs/mujoco/mujoco_rendering.py", line 201, in free
    self.opengl_context.free()
  File "/n/home00/zoewu/.conda/envs/maze/lib/python3.10/site-packages/mujoco/egl/__init__.py", line 133, in free
    EGL.eglDestroyContext(EGL_DISPLAY, self._context)
  File "/n/home00/zoewu/.conda/envs/maze/lib/python3.10/site-packages/OpenGL/error.py", line 230, in glCheckError
    raise self._errorClass(
OpenGL.raw.EGL._errors.EGLError: EGLError(
	err = EGL_NOT_INITIALIZED,
	baseOperation = eglDestroyContext,
	cArguments = (
		<OpenGL._opaque.EGLDisplay_pointer object at 0x1458b178ce40>,
		<OpenGL._opaque.EGLContext_pointer object at 0x1457de983e40>,
	),
	result = 0
)
Exception ignored in: <function GLContext.__del__ at 0x1457dd208ee0>
Traceback (most recent call last):
  File "/n/home00/zoewu/.conda/envs/maze/lib/python3.10/site-packages/mujoco/egl/__init__.py", line 138, in __del__
    self.free()
  File "/n/home00/zoewu/.conda/envs/maze/lib/python3.10/site-packages/mujoco/egl/__init__.py", line 133, in free
    EGL.eglDestroyContext(EGL_DISPLAY, self._context)
  File "/n/home00/zoewu/.conda/envs/maze/lib/python3.10/site-packages/OpenGL/error.py", line 230, in glCheckError
    raise self._errorClass(
OpenGL.raw.EGL._errors.EGLError: EGLError(
	err = EGL_NOT_INITIALIZED,
	baseOperation = eglDestroyContext,
	cArguments = (
		<OpenGL._opaque.EGLDisplay_pointer object at 0x1458b178ce40>,
		<OpenGL._opaque.EGLContext_pointer object at 0x1457de983e40>,
	),
	result = 0
)
Exception ignored in: <function OffScreenViewer.__del__ at 0x1457d3527370>
Traceback (most recent call last):
  File "/n/home00/zoewu/.conda/envs/maze/lib/python3.10/site-packages/gymnasium/envs/mujoco/mujoco_rendering.py", line 204, in __del__
    self.free()
  File "/n/home00/zoewu/.conda/envs/maze/lib/python3.10/site-packages/gymnasium/envs/mujoco/mujoco_rendering.py", line 201, in free
    self.opengl_context.free()
  File "/n/home00/zoewu/.conda/envs/maze/lib/python3.10/site-packages/mujoco/egl/__init__.py", line 133, in free
    EGL.eglDestroyContext(EGL_DISPLAY, self._context)
  File "/n/home00/zoewu/.conda/envs/maze/lib/python3.10/site-packages/OpenGL/error.py", line 230, in glCheckError
    raise self._errorClass(
OpenGL.raw.EGL._errors.EGLError: EGLError(
	err = EGL_NOT_INITIALIZED,
	baseOperation = eglDestroyContext,
	cArguments = (
		<OpenGL._opaque.EGLDisplay_pointer object at 0x1458b178ce40>,
		<OpenGL._opaque.EGLContext_pointer object at 0x1457d3381440>,
	),
	result = 0
)
Exception ignored in: <function GLContext.__del__ at 0x1457dd208ee0>
Traceback (most recent call last):
  File "/n/home00/zoewu/.conda/envs/maze/lib/python3.10/site-packages/mujoco/egl/__init__.py", line 138, in __del__
    self.free()
  File "/n/home00/zoewu/.conda/envs/maze/lib/python3.10/site-packages/mujoco/egl/__init__.py", line 133, in free
    EGL.eglDestroyContext(EGL_DISPLAY, self._context)
  File "/n/home00/zoewu/.conda/envs/maze/lib/python3.10/site-packages/OpenGL/error.py", line 230, in glCheckError
    raise self._errorClass(
OpenGL.raw.EGL._errors.EGLError: EGLError(
	err = EGL_NOT_INITIALIZED,
	baseOperation = eglDestroyContext,
	cArguments = (
		<OpenGL._opaque.EGLDisplay_pointer object at 0x1458b178ce40>,
		<OpenGL._opaque.EGLContext_pointer object at 0x1457d3381440>,
	),
	result = 0
)
