/n/home00/zoewu/STEER/pointmaze/diffuser/utils/training.py:161: FutureWarning: You are using `torch.load` with `weights_only=False` (the current default value), which uses the default pickle module implicitly. It is possible to construct malicious pickle data which will execute arbitrary code during unpickling (See https://github.com/pytorch/pytorch/blob/main/SECURITY.md#untrusted-models for more details). In a future release, the default value for `weights_only` will be flipped to `True`. This limits the functions that could be executed during unpickling. Arbitrary objects will no longer be allowed to be loaded via this mode unless they are explicitly allowlisted by the user via `torch.serialization.add_safe_globals`. We recommend you start setting `weights_only=True` for any use case where you don't have full control of the loaded file. Please open an issue on GitHub for any issues related to this experimental feature.
  data = torch.load(loadpath, map_location='cpu')
[ utils/setup ] Reading config: config.pointmaze:pointmaze_giant_navigate_v0
[ utils/setup ] Using overrides | config: config.pointmaze | dataset: pointmaze_giant_navigate_v0
[ utils/setup ] Lazy fstring | diffusion_loadpath : f:diffusion/H{horizon}_T{n_diffusion_steps} --> diffusion/H400_T256
[ utils/setup ] Setting exp_name to: plans/release_H400_T256_LimitsNormalizer_b1_condFalse
[ utils/setup ] Saved args to logs/pointmaze-giant-navigate-v0/plans/release_H400_T256_LimitsNormalizer_b1_condFalse/0/args.json
[ utils/serialization ] Loaded config from logs/pointmaze-giant-navigate-v0/diffusion/H400_T256/dataset_config.pkl

[utils/config ] Config: <class 'diffuser.datasets.sequence.GoalDataset'>
    env: pointmaze-giant-navigate-v0
    horizon: 400
    max_path_length: 40000
    normalizer: LimitsNormalizer
    preprocess_fns: []
    termination_penalty: None
    use_padding: False

[ utils/serialization ] Loaded config from logs/pointmaze-giant-navigate-v0/diffusion/H400_T256/render_config.pkl

[utils/config ] Config: <class 'diffuser.utils.rendering.PointMazeRenderer'>
    env: pointmaze-giant-navigate-v0

[ utils/serialization ] Loaded config from logs/pointmaze-giant-navigate-v0/diffusion/H400_T256/model_config.pkl

[utils/config ] Config: <class 'diffuser.models.temporal.TemporalUnet'>
    cond_dim: 2
    dim_mults: (1, 4, 8)
    horizon: 424
    transition_dim: 4

[ utils/serialization ] Loaded config from logs/pointmaze-giant-navigate-v0/diffusion/H400_T256/diffusion_config.pkl

[utils/config ] Config: <class 'diffuser.models.diffusion.GaussianDiffusion'>
    action_dim: 2
    action_weight: 1
    clip_denoised: True
    horizon: 400
    loss_discount: 1
    loss_type: l2
    loss_weights: None
    n_timesteps: 256
    observation_dim: 2
    predict_epsilon: False

[ utils/serialization ] Loaded config from logs/pointmaze-giant-navigate-v0/diffusion/H400_T256/trainer_config.pkl

[utils/config ] Config: <class 'diffuser.utils.training.Trainer'>
    bucket: None
    ema_decay: 0.995
    gradient_accumulate_every: 2
    label_freq: 40000
    n_reference: 50
    n_samples: 10
    results_folder: logs/pointmaze-giant-navigate-v0/diffusion/H400_T256
    sample_freq: 1000
    save_freq: 1000
    save_parallel: False
    train_batch_size: 32
    train_lr: 0.0002

[ datasets/buffer ] Finalized replay buffer | 1500 episodes
[ datasets/buffer ] Fields:
    observations: (1500, 40000, 2)
    actions: (1500, 40000, 2)
    terminals: (1500, 40000, 1)
    next_observations: (1500, 40000, 2)
    normed_observations: (1500, 40000, 2)
    normed_actions: (1500, 40000, 2)
[ models/temporal ] Channel dimensions: [(4, 32), (32, 128), (128, 256)]
[(4, 32), (32, 128), (128, 256)]

[ utils/serialization ] Loading model epoch: 1200000

i=0 pair=(0,1) lam_t=0.99000 lam_s=0.99429 tsr_diff=0.000000 integral_mean=0.000000 integral_std=0.000000 log_ratio=0.0000 accept=1.0000 swapped=True
i=0 pair=(2,3) lam_t=0.99857 lam_s=1.00286 tsr_diff=0.000000 integral_mean=0.000000 integral_std=0.000000 log_ratio=0.0000 accept=1.0000 swapped=True
i=0 pair=(4,5) lam_t=1.00714 lam_s=1.01143 tsr_diff=0.000000 integral_mean=0.000000 integral_std=0.000000 log_ratio=0.0000 accept=1.0000 swapped=True
i=0 pair=(6,7) lam_t=1.01571 lam_s=1.02000 tsr_diff=0.000000 integral_mean=0.000000 integral_std=0.000000 log_ratio=0.0000 accept=1.0000 swapped=True
i=1 pair=(0,3) lam_t=0.99429 lam_s=0.99857 tsr_diff=0.000046 integral_mean=0.000000 integral_std=0.000047 log_ratio=0.0000 accept=1.0000 swapped=True
i=1 pair=(2,5) lam_t=1.00286 lam_s=1.00714 tsr_diff=0.000046 integral_mean=0.000002 integral_std=0.000044 log_ratio=0.0000 accept=1.0000 swapped=True
i=1 pair=(4,7) lam_t=1.01143 lam_s=1.01571 tsr_diff=0.000046 integral_mean=0.000001 integral_std=0.000047 log_ratio=0.0000 accept=1.0000 swapped=True
i=2 pair=(1,3) lam_t=0.99000 lam_s=0.99429 tsr_diff=0.000181 integral_mean=-0.000001 integral_std=0.000194 log_ratio=-0.0012 accept=0.9988 swapped=True
i=2 pair=(0,5) lam_t=0.99857 lam_s=1.00286 tsr_diff=0.000181 integral_mean=-0.000006 integral_std=0.000201 log_ratio=-0.0151 accept=0.9850 swapped=True
i=2 pair=(2,7) lam_t=1.00714 lam_s=1.01143 tsr_diff=0.000181 integral_mean=0.000001 integral_std=0.000186 log_ratio=0.0000 accept=1.0000 swapped=True
i=2 pair=(4,6) lam_t=1.01571 lam_s=1.02000 tsr_diff=0.000181 integral_mean=-0.000009 integral_std=0.000186 log_ratio=-0.0205 accept=0.9797 swapped=True
i=3 pair=(1,5) lam_t=0.99429 lam_s=0.99857 tsr_diff=0.000400 integral_mean=-0.000012 integral_std=0.000439 log_ratio=-0.0289 accept=0.9715 swapped=True
i=3 pair=(0,7) lam_t=1.00286 lam_s=1.00714 tsr_diff=0.000400 integral_mean=0.000009 integral_std=0.000448 log_ratio=0.0000 accept=1.0000 swapped=True
i=3 pair=(2,6) lam_t=1.01143 lam_s=1.01571 tsr_diff=0.000399 integral_mean=0.000005 integral_std=0.000424 log_ratio=0.0000 accept=1.0000 swapped=True
i=4 pair=(3,5) lam_t=0.99000 lam_s=0.99429 tsr_diff=0.000695 integral_mean=-0.000002 integral_std=0.000691 log_ratio=-0.0057 accept=0.9944 swapped=True
i=4 pair=(1,7) lam_t=0.99857 lam_s=1.00286 tsr_diff=0.000693 integral_mean=-0.000023 integral_std=0.000746 log_ratio=-0.0559 accept=0.9457 swapped=True
i=4 pair=(0,6) lam_t=1.00714 lam_s=1.01143 tsr_diff=0.000691 integral_mean=-0.000014 integral_std=0.000688 log_ratio=-0.0339 accept=0.9667 swapped=True
i=4 pair=(2,4) lam_t=1.01571 lam_s=1.02000 tsr_diff=0.000689 integral_mean=0.000019 integral_std=0.000663 log_ratio=0.0000 accept=1.0000 swapped=True
i=5 pair=(3,7) lam_t=0.99429 lam_s=0.99857 tsr_diff=0.001051 integral_mean=0.000047 integral_std=0.001024 log_ratio=0.0000 accept=1.0000 swapped=True
i=5 pair=(1,6) lam_t=1.00286 lam_s=1.00714 tsr_diff=0.001046 integral_mean=-0.000012 integral_std=0.000972 log_ratio=-0.0285 accept=0.9719 swapped=True
i=5 pair=(0,4) lam_t=1.01143 lam_s=1.01571 tsr_diff=0.001042 integral_mean=-0.000006 integral_std=0.001068 log_ratio=-0.0136 accept=0.9865 swapped=True
i=6 pair=(5,7) lam_t=0.99000 lam_s=0.99429 tsr_diff=0.001459 integral_mean=0.000019 integral_std=0.001452 log_ratio=0.0000 accept=1.0000 swapped=True
i=6 pair=(3,6) lam_t=0.99857 lam_s=1.00286 tsr_diff=0.001450 integral_mean=-0.000013 integral_std=0.001523 log_ratio=-0.0322 accept=0.9683 swapped=True
i=6 pair=(1,4) lam_t=1.00714 lam_s=1.01143 tsr_diff=0.001442 integral_mean=0.000016 integral_std=0.001460 log_ratio=0.0000 accept=1.0000 swapped=True
i=6 pair=(0,2) lam_t=1.01571 lam_s=1.02000 tsr_diff=0.001433 integral_mean=0.000025 integral_std=0.001490 log_ratio=0.0000 accept=1.0000 swapped=True
i=7 pair=(5,6) lam_t=0.99429 lam_s=0.99857 tsr_diff=0.001888 integral_mean=-0.000002 integral_std=0.001932 log_ratio=-0.0038 accept=0.9963 swapped=True
i=7 pair=(3,4) lam_t=1.00286 lam_s=1.00714 tsr_diff=0.001874 integral_mean=0.000011 integral_std=0.002107 log_ratio=0.0000 accept=1.0000 swapped=True
i=7 pair=(1,2) lam_t=1.01143 lam_s=1.01571 tsr_diff=0.001860 integral_mean=0.000085 integral_std=0.001882 log_ratio=0.0000 accept=1.0000 swapped=True
i=8 pair=(7,6) lam_t=0.99000 lam_s=0.99429 tsr_diff=0.002345 integral_mean=-0.000161 integral_std=0.002262 log_ratio=-0.3852 accept=0.6803 swapped=True
i=8 pair=(5,4) lam_t=0.99857 lam_s=1.00286 tsr_diff=0.002323 integral_mean=-0.000041 integral_std=0.002476 log_ratio=-0.0975 accept=0.9071 swapped=True
i=8 pair=(3,2) lam_t=1.00714 lam_s=1.01143 tsr_diff=0.002302 integral_mean=0.000068 integral_std=0.002680 log_ratio=0.0000 accept=1.0000 swapped=True
i=8 pair=(1,0) lam_t=1.01571 lam_s=1.02000 tsr_diff=0.002281 integral_mean=0.000100 integral_std=0.002309 log_ratio=0.0000 accept=1.0000 swapped=True
i=9 pair=(7,4) lam_t=0.99429 lam_s=0.99857 tsr_diff=0.002773 integral_mean=-0.000084 integral_std=0.003011 log_ratio=-0.2008 accept=0.8181 swapped=True
i=9 pair=(5,2) lam_t=1.00286 lam_s=1.00714 tsr_diff=0.002742 integral_mean=-0.000037 integral_std=0.003125 log_ratio=-0.0892 accept=0.9147 swapped=True
i=9 pair=(3,0) lam_t=1.01143 lam_s=1.01571 tsr_diff=0.002712 integral_mean=0.000099 integral_std=0.002546 log_ratio=0.0000 accept=1.0000 swapped=True
i=10 pair=(6,4) lam_t=0.99000 lam_s=0.99429 tsr_diff=0.003206 integral_mean=-0.000004 integral_std=0.003618 log_ratio=-0.0086 accept=0.9915 swapped=True
i=10 pair=(7,2) lam_t=0.99857 lam_s=1.00286 tsr_diff=0.003165 integral_mean=-0.000010 integral_std=0.003542 log_ratio=-0.0242 accept=0.9761 swapped=True
i=10 pair=(5,0) lam_t=1.00714 lam_s=1.01143 tsr_diff=0.003125 integral_mean=-0.000047 integral_std=0.002713 log_ratio=-0.1132 accept=0.8930 swapped=True
i=10 pair=(3,1) lam_t=1.01571 lam_s=1.02000 tsr_diff=0.003086 integral_mean=-0.000197 integral_std=0.003337 log_ratio=-0.4734 accept=0.6229 swapped=False
i=11 pair=(6,2) lam_t=0.99429 lam_s=0.99857 tsr_diff=0.003554 integral_mean=-0.000155 integral_std=0.003540 log_ratio=-0.3724 accept=0.6891 swapped=True
i=11 pair=(7,0) lam_t=1.00286 lam_s=1.00714 tsr_diff=0.003505 integral_mean=0.000013 integral_std=0.004128 log_ratio=0.0000 accept=1.0000 swapped=True
i=11 pair=(5,3) lam_t=1.01143 lam_s=1.01571 tsr_diff=0.003456 integral_mean=-0.000095 integral_std=0.003561 log_ratio=-0.2272 accept=0.7968 swapped=True
i=12 pair=(4,2) lam_t=0.99000 lam_s=0.99429 tsr_diff=0.003894 integral_mean=-0.000194 integral_std=0.005080 log_ratio=-0.4649 accept=0.6282 swapped=True
i=12 pair=(6,0) lam_t=0.99857 lam_s=1.00286 tsr_diff=0.003834 integral_mean=0.000209 integral_std=0.005399 log_ratio=0.0000 accept=1.0000 swapped=True
i=12 pair=(7,3) lam_t=1.00714 lam_s=1.01143 tsr_diff=0.003776 integral_mean=-0.000039 integral_std=0.004559 log_ratio=-0.0942 accept=0.9101 swapped=True
i=12 pair=(5,1) lam_t=1.01571 lam_s=1.02000 tsr_diff=0.003719 integral_mean=0.000028 integral_std=0.005010 log_ratio=0.0000 accept=1.0000 swapped=True
i=13 pair=(4,0) lam_t=0.99429 lam_s=0.99857 tsr_diff=0.004100 integral_mean=0.000590 integral_std=0.009159 log_ratio=0.0000 accept=1.0000 swapped=True
i=13 pair=(6,3) lam_t=1.00286 lam_s=1.00714 tsr_diff=0.004034 integral_mean=-0.000203 integral_std=0.008036 log_ratio=-0.4881 accept=0.6138 swapped=True
i=13 pair=(7,1) lam_t=1.01143 lam_s=1.01571 tsr_diff=0.003969 integral_mean=0.000055 integral_std=0.004955 log_ratio=0.0000 accept=1.0000 swapped=True
Best Sample: 6 log probability -0.704
Saved 1 samples to: logs/pointmaze-giant-navigate-v0/inference/plans/release_H400_T256_LimitsNormalizer_b1_condFalse/2026-07-15 11:35:06/1/0.png
Saved 1 samples to: logs/pointmaze-giant-navigate-v0/inference/plans/release_H400_T256_LimitsNormalizer_b1_condFalse/2026-07-15 11:35:06/1/rollout.png
i=0 pair=(0,1) lam_t=0.99000 lam_s=0.99429 tsr_diff=0.000000 integral_mean=0.000000 integral_std=0.000000 log_ratio=0.0000 accept=1.0000 swapped=True
i=0 pair=(2,3) lam_t=0.99857 lam_s=1.00286 tsr_diff=0.000000 integral_mean=0.000000 integral_std=0.000000 log_ratio=0.0000 accept=1.0000 swapped=True
i=0 pair=(4,5) lam_t=1.00714 lam_s=1.01143 tsr_diff=0.000000 integral_mean=0.000000 integral_std=0.000000 log_ratio=0.0000 accept=1.0000 swapped=True
i=0 pair=(6,7) lam_t=1.01571 lam_s=1.02000 tsr_diff=0.000000 integral_mean=0.000000 integral_std=0.000000 log_ratio=0.0000 accept=1.0000 swapped=True
i=1 pair=(0,3) lam_t=0.99429 lam_s=0.99857 tsr_diff=0.000046 integral_mean=-0.000000 integral_std=0.000047 log_ratio=-0.0009 accept=0.9991 swapped=True
i=1 pair=(2,5) lam_t=1.00286 lam_s=1.00714 tsr_diff=0.000046 integral_mean=0.000000 integral_std=0.000048 log_ratio=0.0000 accept=1.0000 swapped=True
i=1 pair=(4,7) lam_t=1.01143 lam_s=1.01571 tsr_diff=0.000046 integral_mean=0.000000 integral_std=0.000044 log_ratio=0.0000 accept=1.0000 swapped=True
i=2 pair=(1,3) lam_t=0.99000 lam_s=0.99429 tsr_diff=0.000181 integral_mean=-0.000004 integral_std=0.000172 log_ratio=-0.0098 accept=0.9902 swapped=True
i=2 pair=(0,5) lam_t=0.99857 lam_s=1.00286 tsr_diff=0.000181 integral_mean=-0.000005 integral_std=0.000182 log_ratio=-0.0112 accept=0.9888 swapped=True
i=2 pair=(2,7) lam_t=1.00714 lam_s=1.01143 tsr_diff=0.000181 integral_mean=0.000006 integral_std=0.000184 log_ratio=0.0000 accept=1.0000 swapped=True
i=2 pair=(4,6) lam_t=1.01571 lam_s=1.02000 tsr_diff=0.000181 integral_mean=0.000002 integral_std=0.000181 log_ratio=0.0000 accept=1.0000 swapped=True
i=3 pair=(1,5) lam_t=0.99429 lam_s=0.99857 tsr_diff=0.000400 integral_mean=0.000009 integral_std=0.000412 log_ratio=0.0000 accept=1.0000 swapped=True
i=3 pair=(0,7) lam_t=1.00286 lam_s=1.00714 tsr_diff=0.000400 integral_mean=0.000011 integral_std=0.000399 log_ratio=0.0000 accept=1.0000 swapped=True
i=3 pair=(2,6) lam_t=1.01143 lam_s=1.01571 tsr_diff=0.000399 integral_mean=0.000009 integral_std=0.000402 log_ratio=0.0000 accept=1.0000 swapped=True
i=4 pair=(3,5) lam_t=0.99000 lam_s=0.99429 tsr_diff=0.000695 integral_mean=0.000014 integral_std=0.000681 log_ratio=0.0000 accept=1.0000 swapped=True
i=4 pair=(1,7) lam_t=0.99857 lam_s=1.00286 tsr_diff=0.000693 integral_mean=0.000006 integral_std=0.000697 log_ratio=0.0000 accept=1.0000 swapped=True
i=4 pair=(0,6) lam_t=1.00714 lam_s=1.01143 tsr_diff=0.000691 integral_mean=-0.000008 integral_std=0.000729 log_ratio=-0.0192 accept=0.9810 swapped=False
i=4 pair=(2,4) lam_t=1.01571 lam_s=1.02000 tsr_diff=0.000689 integral_mean=-0.000034 integral_std=0.000709 log_ratio=-0.0814 accept=0.9218 swapped=True
i=5 pair=(3,7) lam_t=0.99429 lam_s=0.99857 tsr_diff=0.001051 integral_mean=0.000053 integral_std=0.001063 log_ratio=0.0000 accept=1.0000 swapped=True
i=5 pair=(1,0) lam_t=1.00286 lam_s=1.00714 tsr_diff=0.001046 integral_mean=0.000024 integral_std=0.001016 log_ratio=0.0000 accept=1.0000 swapped=True
i=5 pair=(6,4) lam_t=1.01143 lam_s=1.01571 tsr_diff=0.001042 integral_mean=-0.000040 integral_std=0.001116 log_ratio=-0.0966 accept=0.9079 swapped=True
i=6 pair=(5,7) lam_t=0.99000 lam_s=0.99429 tsr_diff=0.001459 integral_mean=-0.000055 integral_std=0.001379 log_ratio=-0.1311 accept=0.8772 swapped=True
i=6 pair=(3,0) lam_t=0.99857 lam_s=1.00286 tsr_diff=0.001450 integral_mean=0.000060 integral_std=0.001499 log_ratio=0.0000 accept=1.0000 swapped=True
i=6 pair=(1,4) lam_t=1.00714 lam_s=1.01143 tsr_diff=0.001442 integral_mean=0.000021 integral_std=0.001479 log_ratio=0.0000 accept=1.0000 swapped=True
i=6 pair=(6,2) lam_t=1.01571 lam_s=1.02000 tsr_diff=0.001433 integral_mean=-0.000011 integral_std=0.001462 log_ratio=-0.0258 accept=0.9746 swapped=True
i=7 pair=(5,0) lam_t=0.99429 lam_s=0.99857 tsr_diff=0.001888 integral_mean=0.000013 integral_std=0.001913 log_ratio=0.0000 accept=1.0000 swapped=True
i=7 pair=(3,4) lam_t=1.00286 lam_s=1.00714 tsr_diff=0.001874 integral_mean=-0.000028 integral_std=0.001945 log_ratio=-0.0661 accept=0.9360 swapped=True
i=7 pair=(1,2) lam_t=1.01143 lam_s=1.01571 tsr_diff=0.001860 integral_mean=0.000011 integral_std=0.002012 log_ratio=0.0000 accept=1.0000 swapped=True
i=8 pair=(7,0) lam_t=0.99000 lam_s=0.99429 tsr_diff=0.002345 integral_mean=0.000059 integral_std=0.002434 log_ratio=0.0000 accept=1.0000 swapped=True
i=8 pair=(5,4) lam_t=0.99857 lam_s=1.00286 tsr_diff=0.002323 integral_mean=-0.000083 integral_std=0.002347 log_ratio=-0.1989 accept=0.8196 swapped=True
i=8 pair=(3,2) lam_t=1.00714 lam_s=1.01143 tsr_diff=0.002302 integral_mean=0.000004 integral_std=0.002441 log_ratio=0.0000 accept=1.0000 swapped=True
i=8 pair=(1,6) lam_t=1.01571 lam_s=1.02000 tsr_diff=0.002281 integral_mean=-0.000041 integral_std=0.002484 log_ratio=-0.0983 accept=0.9064 swapped=True
i=9 pair=(7,4) lam_t=0.99429 lam_s=0.99857 tsr_diff=0.002773 integral_mean=-0.000040 integral_std=0.002962 log_ratio=-0.0970 accept=0.9075 swapped=True
i=9 pair=(5,2) lam_t=1.00286 lam_s=1.00714 tsr_diff=0.002742 integral_mean=-0.000124 integral_std=0.002945 log_ratio=-0.2979 accept=0.7424 swapped=True
i=9 pair=(3,6) lam_t=1.01143 lam_s=1.01571 tsr_diff=0.002712 integral_mean=-0.000033 integral_std=0.002848 log_ratio=-0.0794 accept=0.9237 swapped=True
i=10 pair=(0,4) lam_t=0.99000 lam_s=0.99429 tsr_diff=0.003206 integral_mean=-0.000297 integral_std=0.003163 log_ratio=-0.7132 accept=0.4901 swapped=True
i=10 pair=(7,2) lam_t=0.99857 lam_s=1.00286 tsr_diff=0.003165 integral_mean=-0.000246 integral_std=0.004172 log_ratio=-0.5899 accept=0.5544 swapped=True
i=10 pair=(5,6) lam_t=1.00714 lam_s=1.01143 tsr_diff=0.003125 integral_mean=-0.000167 integral_std=0.003513 log_ratio=-0.4015 accept=0.6693 swapped=False
i=10 pair=(3,1) lam_t=1.01571 lam_s=1.02000 tsr_diff=0.003086 integral_mean=-0.000089 integral_std=0.004094 log_ratio=-0.2136 accept=0.8076 swapped=False
i=11 pair=(0,2) lam_t=0.99429 lam_s=0.99857 tsr_diff=0.003554 integral_mean=-0.000002 integral_std=0.004621 log_ratio=-0.0038 accept=0.9963 swapped=True
i=11 pair=(7,5) lam_t=1.00286 lam_s=1.00714 tsr_diff=0.003505 integral_mean=0.000199 integral_std=0.003292 log_ratio=0.0000 accept=1.0000 swapped=True
i=11 pair=(6,3) lam_t=1.01143 lam_s=1.01571 tsr_diff=0.003456 integral_mean=0.000018 integral_std=0.004063 log_ratio=0.0000 accept=1.0000 swapped=True
i=12 pair=(4,2) lam_t=0.99000 lam_s=0.99429 tsr_diff=0.003894 integral_mean=0.000017 integral_std=0.005597 log_ratio=0.0000 accept=1.0000 swapped=True
i=12 pair=(0,5) lam_t=0.99857 lam_s=1.00286 tsr_diff=0.003834 integral_mean=-0.000057 integral_std=0.005263 log_ratio=-0.1362 accept=0.8727 swapped=True
i=12 pair=(7,3) lam_t=1.00714 lam_s=1.01143 tsr_diff=0.003776 integral_mean=0.000122 integral_std=0.005280 log_ratio=0.0000 accept=1.0000 swapped=True
i=12 pair=(6,1) lam_t=1.01571 lam_s=1.02000 tsr_diff=0.003719 integral_mean=0.000003 integral_std=0.006632 log_ratio=0.0000 accept=1.0000 swapped=True
i=13 pair=(4,5) lam_t=0.99429 lam_s=0.99857 tsr_diff=0.004100 integral_mean=0.000243 integral_std=0.006954 log_ratio=0.0000 accept=1.0000 swapped=True
i=13 pair=(0,3) lam_t=1.00286 lam_s=1.00714 tsr_diff=0.004034 integral_mean=-0.000006 integral_std=0.009128 log_ratio=-0.0136 accept=0.9865 swapped=True
i=13 pair=(7,1) lam_t=1.01143 lam_s=1.01571 tsr_diff=0.003969 integral_mean=-0.000316 integral_std=0.008424 log_ratio=-0.7579 accept=0.4687 swapped=True
Best Sample: 7 log probability -0.483
Saved 1 samples to: logs/pointmaze-giant-navigate-v0/inference/plans/release_H400_T256_LimitsNormalizer_b1_condFalse/2026-07-15 11:35:06/2/0.png
Saved 1 samples to: logs/pointmaze-giant-navigate-v0/inference/plans/release_H400_T256_LimitsNormalizer_b1_condFalse/2026-07-15 11:35:06/2/rollout.png
i=0 pair=(0,1) lam_t=0.99000 lam_s=0.99429 tsr_diff=0.000000 integral_mean=0.000000 integral_std=0.000000 log_ratio=0.0000 accept=1.0000 swapped=True
i=0 pair=(2,3) lam_t=0.99857 lam_s=1.00286 tsr_diff=0.000000 integral_mean=0.000000 integral_std=0.000000 log_ratio=0.0000 accept=1.0000 swapped=True
i=0 pair=(4,5) lam_t=1.00714 lam_s=1.01143 tsr_diff=0.000000 integral_mean=0.000000 integral_std=0.000000 log_ratio=0.0000 accept=1.0000 swapped=True
i=0 pair=(6,7) lam_t=1.01571 lam_s=1.02000 tsr_diff=0.000000 integral_mean=0.000000 integral_std=0.000000 log_ratio=0.0000 accept=1.0000 swapped=True
i=1 pair=(0,3) lam_t=0.99429 lam_s=0.99857 tsr_diff=0.000046 integral_mean=0.000001 integral_std=0.000046 log_ratio=0.0000 accept=1.0000 swapped=True
i=1 pair=(2,5) lam_t=1.00286 lam_s=1.00714 tsr_diff=0.000046 integral_mean=0.000000 integral_std=0.000043 log_ratio=0.0000 accept=1.0000 swapped=True
i=1 pair=(4,7) lam_t=1.01143 lam_s=1.01571 tsr_diff=0.000046 integral_mean=0.000001 integral_std=0.000044 log_ratio=0.0000 accept=1.0000 swapped=True
i=2 pair=(1,3) lam_t=0.99000 lam_s=0.99429 tsr_diff=0.000181 integral_mean=-0.000004 integral_std=0.000181 log_ratio=-0.0106 accept=0.9895 swapped=True
i=2 pair=(0,5) lam_t=0.99857 lam_s=1.00286 tsr_diff=0.000181 integral_mean=-0.000003 integral_std=0.000183 log_ratio=-0.0064 accept=0.9937 swapped=True
i=2 pair=(2,7) lam_t=1.00714 lam_s=1.01143 tsr_diff=0.000181 integral_mean=0.000019 integral_std=0.000218 log_ratio=0.0000 accept=1.0000 swapped=True
i=2 pair=(4,6) lam_t=1.01571 lam_s=1.02000 tsr_diff=0.000181 integral_mean=-0.000007 integral_std=0.000184 log_ratio=-0.0159 accept=0.9842 swapped=True
i=3 pair=(1,5) lam_t=0.99429 lam_s=0.99857 tsr_diff=0.000400 integral_mean=-0.000005 integral_std=0.000400 log_ratio=-0.0116 accept=0.9885 swapped=True
i=3 pair=(0,7) lam_t=1.00286 lam_s=1.00714 tsr_diff=0.000400 integral_mean=-0.000024 integral_std=0.000426 log_ratio=-0.0564 accept=0.9451 swapped=True
i=3 pair=(2,6) lam_t=1.01143 lam_s=1.01571 tsr_diff=0.000399 integral_mean=-0.000032 integral_std=0.000418 log_ratio=-0.0757 accept=0.9271 swapped=False
i=4 pair=(3,5) lam_t=0.99000 lam_s=0.99429 tsr_diff=0.000695 integral_mean=-0.000019 integral_std=0.000670 log_ratio=-0.0459 accept=0.9551 swapped=True
i=4 pair=(1,7) lam_t=0.99857 lam_s=1.00286 tsr_diff=0.000693 integral_mean=-0.000030 integral_std=0.000726 log_ratio=-0.0732 accept=0.9294 swapped=True
i=4 pair=(0,2) lam_t=1.00714 lam_s=1.01143 tsr_diff=0.000691 integral_mean=-0.000005 integral_std=0.000711 log_ratio=-0.0120 accept=0.9880 swapped=True
i=4 pair=(6,4) lam_t=1.01571 lam_s=1.02000 tsr_diff=0.000689 integral_mean=-0.000012 integral_std=0.000730 log_ratio=-0.0297 accept=0.9708 swapped=True
i=5 pair=(3,7) lam_t=0.99429 lam_s=0.99857 tsr_diff=0.001051 integral_mean=0.000082 integral_std=0.001124 log_ratio=0.0000 accept=1.0000 swapped=True
i=5 pair=(1,2) lam_t=1.00286 lam_s=1.00714 tsr_diff=0.001046 integral_mean=-0.000014 integral_std=0.000995 log_ratio=-0.0325 accept=0.9680 swapped=True
i=5 pair=(0,4) lam_t=1.01143 lam_s=1.01571 tsr_diff=0.001042 integral_mean=-0.000051 integral_std=0.001074 log_ratio=-0.1220 accept=0.8852 swapped=True
i=6 pair=(5,7) lam_t=0.99000 lam_s=0.99429 tsr_diff=0.001459 integral_mean=0.000059 integral_std=0.001419 log_ratio=0.0000 accept=1.0000 swapped=True
i=6 pair=(3,2) lam_t=0.99857 lam_s=1.00286 tsr_diff=0.001450 integral_mean=0.000033 integral_std=0.001562 log_ratio=0.0000 accept=1.0000 swapped=True
i=6 pair=(1,4) lam_t=1.00714 lam_s=1.01143 tsr_diff=0.001442 integral_mean=-0.000032 integral_std=0.001374 log_ratio=-0.0763 accept=0.9265 swapped=True
i=6 pair=(0,6) lam_t=1.01571 lam_s=1.02000 tsr_diff=0.001433 integral_mean=-0.000101 integral_std=0.001561 log_ratio=-0.2419 accept=0.7851 swapped=False
i=7 pair=(5,2) lam_t=0.99429 lam_s=0.99857 tsr_diff=0.001888 integral_mean=0.000042 integral_std=0.001960 log_ratio=0.0000 accept=1.0000 swapped=True
i=7 pair=(3,4) lam_t=1.00286 lam_s=1.00714 tsr_diff=0.001874 integral_mean=0.000003 integral_std=0.002029 log_ratio=0.0000 accept=1.0000 swapped=True
i=7 pair=(1,0) lam_t=1.01143 lam_s=1.01571 tsr_diff=0.001860 integral_mean=0.000044 integral_std=0.001895 log_ratio=0.0000 accept=1.0000 swapped=True
i=8 pair=(7,2) lam_t=0.99000 lam_s=0.99429 tsr_diff=0.002345 integral_mean=-0.000050 integral_std=0.002542 log_ratio=-0.1209 accept=0.8861 swapped=True
i=8 pair=(5,4) lam_t=0.99857 lam_s=1.00286 tsr_diff=0.002323 integral_mean=-0.000105 integral_std=0.002669 log_ratio=-0.2511 accept=0.7780 swapped=True
i=8 pair=(3,0) lam_t=1.00714 lam_s=1.01143 tsr_diff=0.002302 integral_mean=0.000018 integral_std=0.002125 log_ratio=0.0000 accept=1.0000 swapped=True
i=8 pair=(1,6) lam_t=1.01571 lam_s=1.02000 tsr_diff=0.002281 integral_mean=-0.000048 integral_std=0.002371 log_ratio=-0.1163 accept=0.8902 swapped=True
i=9 pair=(7,4) lam_t=0.99429 lam_s=0.99857 tsr_diff=0.002773 integral_mean=-0.000284 integral_std=0.003686 log_ratio=-0.6806 accept=0.5063 swapped=True
i=9 pair=(5,0) lam_t=1.00286 lam_s=1.00714 tsr_diff=0.002742 integral_mean=0.000062 integral_std=0.002818 log_ratio=0.0000 accept=1.0000 swapped=True
i=9 pair=(3,6) lam_t=1.01143 lam_s=1.01571 tsr_diff=0.002712 integral_mean=-0.000067 integral_std=0.002853 log_ratio=-0.1604 accept=0.8518 swapped=True
i=10 pair=(2,4) lam_t=0.99000 lam_s=0.99429 tsr_diff=0.003206 integral_mean=-0.000286 integral_std=0.004032 log_ratio=-0.6852 accept=0.5040 swapped=False
i=10 pair=(7,0) lam_t=0.99857 lam_s=1.00286 tsr_diff=0.003165 integral_mean=0.000020 integral_std=0.002501 log_ratio=0.0000 accept=1.0000 swapped=True
i=10 pair=(5,6) lam_t=1.00714 lam_s=1.01143 tsr_diff=0.003125 integral_mean=-0.000199 integral_std=0.003231 log_ratio=-0.4769 accept=0.6207 swapped=False
i=10 pair=(3,1) lam_t=1.01571 lam_s=1.02000 tsr_diff=0.003086 integral_mean=-0.000007 integral_std=0.003735 log_ratio=-0.0174 accept=0.9827 swapped=True
i=11 pair=(4,0) lam_t=0.99429 lam_s=0.99857 tsr_diff=0.003554 integral_mean=0.000299 integral_std=0.006265 log_ratio=0.0000 accept=1.0000 swapped=True
i=11 pair=(7,5) lam_t=1.00286 lam_s=1.00714 tsr_diff=0.003505 integral_mean=-0.000019 integral_std=0.004059 log_ratio=-0.0461 accept=0.9550 swapped=True
i=11 pair=(6,1) lam_t=1.01143 lam_s=1.01571 tsr_diff=0.003456 integral_mean=0.000274 integral_std=0.004469 log_ratio=0.0000 accept=1.0000 swapped=True
i=12 pair=(2,0) lam_t=0.99000 lam_s=0.99429 tsr_diff=0.003894 integral_mean=0.000199 integral_std=0.006409 log_ratio=0.0000 accept=1.0000 swapped=True
i=12 pair=(4,5) lam_t=0.99857 lam_s=1.00286 tsr_diff=0.003834 integral_mean=0.000452 integral_std=0.005735 log_ratio=0.0000 accept=1.0000 swapped=True
i=12 pair=(7,1) lam_t=1.00714 lam_s=1.01143 tsr_diff=0.003776 integral_mean=-0.000195 integral_std=0.005407 log_ratio=-0.4679 accept=0.6263 swapped=False
i=12 pair=(6,3) lam_t=1.01571 lam_s=1.02000 tsr_diff=0.003719 integral_mean=0.000079 integral_std=0.006163 log_ratio=0.0000 accept=1.0000 swapped=True
i=13 pair=(2,5) lam_t=0.99429 lam_s=0.99857 tsr_diff=0.004100 integral_mean=-0.000115 integral_std=0.007424 log_ratio=-0.2755 accept=0.7592 swapped=True
i=13 pair=(4,7) lam_t=1.00286 lam_s=1.00714 tsr_diff=0.004034 integral_mean=0.000287 integral_std=0.010568 log_ratio=0.0000 accept=1.0000 swapped=True
i=13 pair=(1,3) lam_t=1.01143 lam_s=1.01571 tsr_diff=0.003969 integral_mean=-0.000298 integral_std=0.008465 log_ratio=-0.7151 accept=0.4892 swapped=True
Best Sample: 0 log probability -0.003
Saved 1 samples to: logs/pointmaze-giant-navigate-v0/inference/plans/release_H400_T256_LimitsNormalizer_b1_condFalse/2026-07-15 11:35:06/3/0.png
Saved 1 samples to: logs/pointmaze-giant-navigate-v0/inference/plans/release_H400_T256_LimitsNormalizer_b1_condFalse/2026-07-15 11:35:06/3/rollout.png
i=0 pair=(0,1) lam_t=0.99000 lam_s=0.99429 tsr_diff=0.000000 integral_mean=0.000000 integral_std=0.000000 log_ratio=0.0000 accept=1.0000 swapped=True
i=0 pair=(2,3) lam_t=0.99857 lam_s=1.00286 tsr_diff=0.000000 integral_mean=0.000000 integral_std=0.000000 log_ratio=0.0000 accept=1.0000 swapped=True
i=0 pair=(4,5) lam_t=1.00714 lam_s=1.01143 tsr_diff=0.000000 integral_mean=0.000000 integral_std=0.000000 log_ratio=0.0000 accept=1.0000 swapped=True
i=0 pair=(6,7) lam_t=1.01571 lam_s=1.02000 tsr_diff=0.000000 integral_mean=0.000000 integral_std=0.000000 log_ratio=0.0000 accept=1.0000 swapped=True
i=1 pair=(0,3) lam_t=0.99429 lam_s=0.99857 tsr_diff=0.000046 integral_mean=0.000000 integral_std=0.000047 log_ratio=0.0000 accept=1.0000 swapped=True
i=1 pair=(2,5) lam_t=1.00286 lam_s=1.00714 tsr_diff=0.000046 integral_mean=0.000001 integral_std=0.000046 log_ratio=0.0000 accept=1.0000 swapped=True
i=1 pair=(4,7) lam_t=1.01143 lam_s=1.01571 tsr_diff=0.000046 integral_mean=-0.000001 integral_std=0.000047 log_ratio=-0.0016 accept=0.9984 swapped=True
i=2 pair=(1,3) lam_t=0.99000 lam_s=0.99429 tsr_diff=0.000181 integral_mean=0.000002 integral_std=0.000184 log_ratio=0.0000 accept=1.0000 swapped=True
i=2 pair=(0,5) lam_t=0.99857 lam_s=1.00286 tsr_diff=0.000181 integral_mean=0.000003 integral_std=0.000196 log_ratio=0.0000 accept=1.0000 swapped=True
i=2 pair=(2,7) lam_t=1.00714 lam_s=1.01143 tsr_diff=0.000181 integral_mean=-0.000004 integral_std=0.000184 log_ratio=-0.0101 accept=0.9899 swapped=True
i=2 pair=(4,6) lam_t=1.01571 lam_s=1.02000 tsr_diff=0.000181 integral_mean=-0.000005 integral_std=0.000175 log_ratio=-0.0126 accept=0.9874 swapped=True
i=3 pair=(1,5) lam_t=0.99429 lam_s=0.99857 tsr_diff=0.000400 integral_mean=-0.000015 integral_std=0.000457 log_ratio=-0.0357 accept=0.9649 swapped=True
i=3 pair=(0,7) lam_t=1.00286 lam_s=1.00714 tsr_diff=0.000400 integral_mean=0.000001 integral_std=0.000393 log_ratio=0.0000 accept=1.0000 swapped=True
i=3 pair=(2,6) lam_t=1.01143 lam_s=1.01571 tsr_diff=0.000399 integral_mean=-0.000012 integral_std=0.000413 log_ratio=-0.0279 accept=0.9725 swapped=True
i=4 pair=(3,5) lam_t=0.99000 lam_s=0.99429 tsr_diff=0.000695 integral_mean=0.000004 integral_std=0.000735 log_ratio=0.0000 accept=1.0000 swapped=True
i=4 pair=(1,7) lam_t=0.99857 lam_s=1.00286 tsr_diff=0.000693 integral_mean=-0.000015 integral_std=0.000674 log_ratio=-0.0358 accept=0.9648 swapped=True
i=4 pair=(0,6) lam_t=1.00714 lam_s=1.01143 tsr_diff=0.000691 integral_mean=-0.000006 integral_std=0.000830 log_ratio=-0.0143 accept=0.9858 swapped=True
i=4 pair=(2,4) lam_t=1.01571 lam_s=1.02000 tsr_diff=0.000689 integral_mean=0.000083 integral_std=0.000797 log_ratio=0.0000 accept=1.0000 swapped=True
i=5 pair=(3,7) lam_t=0.99429 lam_s=0.99857 tsr_diff=0.001051 integral_mean=-0.000034 integral_std=0.001012 log_ratio=-0.0805 accept=0.9227 swapped=True
i=5 pair=(1,6) lam_t=1.00286 lam_s=1.00714 tsr_diff=0.001046 integral_mean=-0.000009 integral_std=0.000986 log_ratio=-0.0219 accept=0.9783 swapped=True
i=5 pair=(0,4) lam_t=1.01143 lam_s=1.01571 tsr_diff=0.001042 integral_mean=0.000130 integral_std=0.001273 log_ratio=0.0000 accept=1.0000 swapped=True
i=6 pair=(5,7) lam_t=0.99000 lam_s=0.99429 tsr_diff=0.001459 integral_mean=0.000053 integral_std=0.001557 log_ratio=0.0000 accept=1.0000 swapped=True
i=6 pair=(3,6) lam_t=0.99857 lam_s=1.00286 tsr_diff=0.001450 integral_mean=-0.000043 integral_std=0.001345 log_ratio=-0.1021 accept=0.9029 swapped=True
i=6 pair=(1,4) lam_t=1.00714 lam_s=1.01143 tsr_diff=0.001442 integral_mean=0.000026 integral_std=0.001425 log_ratio=0.0000 accept=1.0000 swapped=True
i=6 pair=(0,2) lam_t=1.01571 lam_s=1.02000 tsr_diff=0.001433 integral_mean=0.000043 integral_std=0.001726 log_ratio=0.0000 accept=1.0000 swapped=True
i=7 pair=(5,6) lam_t=0.99429 lam_s=0.99857 tsr_diff=0.001888 integral_mean=-0.000019 integral_std=0.001992 log_ratio=-0.0459 accept=0.9552 swapped=True
i=7 pair=(3,4) lam_t=1.00286 lam_s=1.00714 tsr_diff=0.001874 integral_mean=0.000017 integral_std=0.001816 log_ratio=0.0000 accept=1.0000 swapped=True
i=7 pair=(1,2) lam_t=1.01143 lam_s=1.01571 tsr_diff=0.001860 integral_mean=-0.000108 integral_std=0.002176 log_ratio=-0.2597 accept=0.7713 swapped=True
i=8 pair=(7,6) lam_t=0.99000 lam_s=0.99429 tsr_diff=0.002345 integral_mean=-0.000012 integral_std=0.002320 log_ratio=-0.0283 accept=0.9721 swapped=True
i=8 pair=(5,4) lam_t=0.99857 lam_s=1.00286 tsr_diff=0.002323 integral_mean=0.000115 integral_std=0.002344 log_ratio=0.0000 accept=1.0000 swapped=True
i=8 pair=(3,2) lam_t=1.00714 lam_s=1.01143 tsr_diff=0.002302 integral_mean=-0.000126 integral_std=0.002609 log_ratio=-0.3024 accept=0.7390 swapped=True
i=8 pair=(1,0) lam_t=1.01571 lam_s=1.02000 tsr_diff=0.002281 integral_mean=-0.000011 integral_std=0.002175 log_ratio=-0.0260 accept=0.9743 swapped=True
i=9 pair=(7,4) lam_t=0.99429 lam_s=0.99857 tsr_diff=0.002773 integral_mean=0.000157 integral_std=0.002664 log_ratio=0.0000 accept=1.0000 swapped=True
i=9 pair=(5,2) lam_t=1.00286 lam_s=1.00714 tsr_diff=0.002742 integral_mean=-0.000003 integral_std=0.003202 log_ratio=-0.0080 accept=0.9920 swapped=True
i=9 pair=(3,0) lam_t=1.01143 lam_s=1.01571 tsr_diff=0.002712 integral_mean=-0.000052 integral_std=0.002761 log_ratio=-0.1253 accept=0.8823 swapped=False
i=10 pair=(6,4) lam_t=0.99000 lam_s=0.99429 tsr_diff=0.003206 integral_mean=-0.000012 integral_std=0.003357 log_ratio=-0.0279 accept=0.9725 swapped=True
i=10 pair=(7,2) lam_t=0.99857 lam_s=1.00286 tsr_diff=0.003165 integral_mean=0.000118 integral_std=0.004817 log_ratio=0.0000 accept=1.0000 swapped=True
i=10 pair=(5,3) lam_t=1.00714 lam_s=1.01143 tsr_diff=0.003125 integral_mean=0.000170 integral_std=0.003535 log_ratio=0.0000 accept=1.0000 swapped=True
i=10 pair=(0,1) lam_t=1.01571 lam_s=1.02000 tsr_diff=0.003086 integral_mean=0.000022 integral_std=0.003105 log_ratio=0.0000 accept=1.0000 swapped=True
i=11 pair=(6,2) lam_t=0.99429 lam_s=0.99857 tsr_diff=0.003554 integral_mean=-0.000099 integral_std=0.006398 log_ratio=-0.2365 accept=0.7894 swapped=True
i=11 pair=(7,3) lam_t=1.00286 lam_s=1.00714 tsr_diff=0.003505 integral_mean=0.000284 integral_std=0.003440 log_ratio=0.0000 accept=1.0000 swapped=True
i=11 pair=(5,1) lam_t=1.01143 lam_s=1.01571 tsr_diff=0.003456 integral_mean=0.000189 integral_std=0.004317 log_ratio=0.0000 accept=1.0000 swapped=True
i=12 pair=(4,2) lam_t=0.99000 lam_s=0.99429 tsr_diff=0.003894 integral_mean=-0.000306 integral_std=0.007228 log_ratio=-0.7342 accept=0.4799 swapped=True
i=12 pair=(6,3) lam_t=0.99857 lam_s=1.00286 tsr_diff=0.003834 integral_mean=0.000151 integral_std=0.003271 log_ratio=0.0000 accept=1.0000 swapped=True
i=12 pair=(7,1) lam_t=1.00714 lam_s=1.01143 tsr_diff=0.003776 integral_mean=0.000171 integral_std=0.003712 log_ratio=0.0000 accept=1.0000 swapped=True
i=12 pair=(5,0) lam_t=1.01571 lam_s=1.02000 tsr_diff=0.003719 integral_mean=-0.000003 integral_std=0.004899 log_ratio=-0.0078 accept=0.9922 swapped=True
i=13 pair=(4,3) lam_t=0.99429 lam_s=0.99857 tsr_diff=0.004100 integral_mean=-0.000070 integral_std=0.005569 log_ratio=-0.1680 accept=0.8453 swapped=False
i=13 pair=(6,1) lam_t=1.00286 lam_s=1.00714 tsr_diff=0.004034 integral_mean=0.000008 integral_std=0.002827 log_ratio=0.0000 accept=1.0000 swapped=True
i=13 pair=(7,0) lam_t=1.01143 lam_s=1.01571 tsr_diff=0.003969 integral_mean=0.000003 integral_std=0.006260 log_ratio=0.0000 accept=1.0000 swapped=True
Best Sample: 1 log probability -0.102
Saved 1 samples to: logs/pointmaze-giant-navigate-v0/inference/plans/release_H400_T256_LimitsNormalizer_b1_condFalse/2026-07-15 11:35:06/4/0.png
Saved 1 samples to: logs/pointmaze-giant-navigate-v0/inference/plans/release_H400_T256_LimitsNormalizer_b1_condFalse/2026-07-15 11:35:06/4/rollout.png
i=0 pair=(0,1) lam_t=0.99000 lam_s=0.99429 tsr_diff=0.000000 integral_mean=0.000000 integral_std=0.000000 log_ratio=0.0000 accept=1.0000 swapped=True
i=0 pair=(2,3) lam_t=0.99857 lam_s=1.00286 tsr_diff=0.000000 integral_mean=0.000000 integral_std=0.000000 log_ratio=0.0000 accept=1.0000 swapped=True
i=0 pair=(4,5) lam_t=1.00714 lam_s=1.01143 tsr_diff=0.000000 integral_mean=0.000000 integral_std=0.000000 log_ratio=0.0000 accept=1.0000 swapped=True
i=0 pair=(6,7) lam_t=1.01571 lam_s=1.02000 tsr_diff=0.000000 integral_mean=0.000000 integral_std=0.000000 log_ratio=0.0000 accept=1.0000 swapped=True
i=1 pair=(0,3) lam_t=0.99429 lam_s=0.99857 tsr_diff=0.000046 integral_mean=-0.000000 integral_std=0.000047 log_ratio=-0.0009 accept=0.9991 swapped=True
i=1 pair=(2,5) lam_t=1.00286 lam_s=1.00714 tsr_diff=0.000046 integral_mean=0.000001 integral_std=0.000044 log_ratio=0.0000 accept=1.0000 swapped=True
i=1 pair=(4,7) lam_t=1.01143 lam_s=1.01571 tsr_diff=0.000046 integral_mean=0.000000 integral_std=0.000048 log_ratio=0.0000 accept=1.0000 swapped=True
i=2 pair=(1,3) lam_t=0.99000 lam_s=0.99429 tsr_diff=0.000181 integral_mean=-0.000004 integral_std=0.000205 log_ratio=-0.0102 accept=0.9898 swapped=True
i=2 pair=(0,5) lam_t=0.99857 lam_s=1.00286 tsr_diff=0.000181 integral_mean=-0.000001 integral_std=0.000180 log_ratio=-0.0013 accept=0.9987 swapped=True
i=2 pair=(2,7) lam_t=1.00714 lam_s=1.01143 tsr_diff=0.000181 integral_mean=0.000000 integral_std=0.000190 log_ratio=0.0000 accept=1.0000 swapped=True
i=2 pair=(4,6) lam_t=1.01571 lam_s=1.02000 tsr_diff=0.000181 integral_mean=0.000008 integral_std=0.000191 log_ratio=0.0000 accept=1.0000 swapped=True
i=3 pair=(1,5) lam_t=0.99429 lam_s=0.99857 tsr_diff=0.000400 integral_mean=0.000028 integral_std=0.000420 log_ratio=0.0000 accept=1.0000 swapped=True
i=3 pair=(0,7) lam_t=1.00286 lam_s=1.00714 tsr_diff=0.000400 integral_mean=-0.000002 integral_std=0.000402 log_ratio=-0.0043 accept=0.9958 swapped=True
i=3 pair=(2,6) lam_t=1.01143 lam_s=1.01571 tsr_diff=0.000399 integral_mean=-0.000009 integral_std=0.000395 log_ratio=-0.0221 accept=0.9781 swapped=True
i=4 pair=(3,5) lam_t=0.99000 lam_s=0.99429 tsr_diff=0.000695 integral_mean=-0.000020 integral_std=0.000680 log_ratio=-0.0478 accept=0.9534 swapped=True
i=4 pair=(1,7) lam_t=0.99857 lam_s=1.00286 tsr_diff=0.000693 integral_mean=-0.000028 integral_std=0.000718 log_ratio=-0.0662 accept=0.9359 swapped=True
i=4 pair=(0,6) lam_t=1.00714 lam_s=1.01143 tsr_diff=0.000691 integral_mean=-0.000010 integral_std=0.000726 log_ratio=-0.0247 accept=0.9756 swapped=True
i=4 pair=(2,4) lam_t=1.01571 lam_s=1.02000 tsr_diff=0.000689 integral_mean=0.000002 integral_std=0.000715 log_ratio=0.0000 accept=1.0000 swapped=True
i=5 pair=(3,7) lam_t=0.99429 lam_s=0.99857 tsr_diff=0.001051 integral_mean=-0.000023 integral_std=0.001084 log_ratio=-0.0550 accept=0.9465 swapped=True
i=5 pair=(1,6) lam_t=1.00286 lam_s=1.00714 tsr_diff=0.001046 integral_mean=-0.000020 integral_std=0.001163 log_ratio=-0.0484 accept=0.9528 swapped=True
i=5 pair=(0,4) lam_t=1.01143 lam_s=1.01571 tsr_diff=0.001042 integral_mean=0.000100 integral_std=0.001270 log_ratio=0.0000 accept=1.0000 swapped=True
i=6 pair=(5,7) lam_t=0.99000 lam_s=0.99429 tsr_diff=0.001459 integral_mean=0.000048 integral_std=0.001554 log_ratio=0.0000 accept=1.0000 swapped=True
i=6 pair=(3,6) lam_t=0.99857 lam_s=1.00286 tsr_diff=0.001450 integral_mean=-0.000003 integral_std=0.001450 log_ratio=-0.0067 accept=0.9933 swapped=True
i=6 pair=(1,4) lam_t=1.00714 lam_s=1.01143 tsr_diff=0.001442 integral_mean=-0.000013 integral_std=0.001573 log_ratio=-0.0323 accept=0.9682 swapped=True
i=6 pair=(0,2) lam_t=1.01571 lam_s=1.02000 tsr_diff=0.001433 integral_mean=0.000096 integral_std=0.001418 log_ratio=0.0000 accept=1.0000 swapped=True
i=7 pair=(5,6) lam_t=0.99429 lam_s=0.99857 tsr_diff=0.001888 integral_mean=0.000011 integral_std=0.001962 log_ratio=0.0000 accept=1.0000 swapped=True
i=7 pair=(3,4) lam_t=1.00286 lam_s=1.00714 tsr_diff=0.001874 integral_mean=-0.000040 integral_std=0.001944 log_ratio=-0.0952 accept=0.9092 swapped=True
i=7 pair=(1,2) lam_t=1.01143 lam_s=1.01571 tsr_diff=0.001860 integral_mean=0.000023 integral_std=0.001769 log_ratio=0.0000 accept=1.0000 swapped=True
i=8 pair=(7,6) lam_t=0.99000 lam_s=0.99429 tsr_diff=0.002345 integral_mean=-0.000057 integral_std=0.002687 log_ratio=-0.1366 accept=0.8723 swapped=True
i=8 pair=(5,4) lam_t=0.99857 lam_s=1.00286 tsr_diff=0.002323 integral_mean=-0.000006 integral_std=0.002163 log_ratio=-0.0155 accept=0.9846 swapped=True
i=8 pair=(3,2) lam_t=1.00714 lam_s=1.01143 tsr_diff=0.002302 integral_mean=-0.000010 integral_std=0.002349 log_ratio=-0.0247 accept=0.9756 swapped=True
i=8 pair=(1,0) lam_t=1.01571 lam_s=1.02000 tsr_diff=0.002281 integral_mean=0.000003 integral_std=0.002343 log_ratio=0.0000 accept=1.0000 swapped=True
i=9 pair=(7,4) lam_t=0.99429 lam_s=0.99857 tsr_diff=0.002773 integral_mean=0.000045 integral_std=0.003253 log_ratio=0.0000 accept=1.0000 swapped=True
i=9 pair=(5,2) lam_t=1.00286 lam_s=1.00714 tsr_diff=0.002742 integral_mean=0.000032 integral_std=0.002886 log_ratio=0.0000 accept=1.0000 swapped=True
i=9 pair=(3,0) lam_t=1.01143 lam_s=1.01571 tsr_diff=0.002712 integral_mean=-0.000131 integral_std=0.002957 log_ratio=-0.3133 accept=0.7310 swapped=True
i=10 pair=(6,4) lam_t=0.99000 lam_s=0.99429 tsr_diff=0.003206 integral_mean=0.000029 integral_std=0.003455 log_ratio=0.0000 accept=1.0000 swapped=True
i=10 pair=(7,2) lam_t=0.99857 lam_s=1.00286 tsr_diff=0.003165 integral_mean=0.000194 integral_std=0.003702 log_ratio=0.0000 accept=1.0000 swapped=True
i=10 pair=(5,0) lam_t=1.00714 lam_s=1.01143 tsr_diff=0.003125 integral_mean=-0.000114 integral_std=0.003525 log_ratio=-0.2725 accept=0.7615 swapped=True
i=10 pair=(3,1) lam_t=1.01571 lam_s=1.02000 tsr_diff=0.003086 integral_mean=-0.000069 integral_std=0.003679 log_ratio=-0.1656 accept=0.8474 swapped=True
i=11 pair=(6,2) lam_t=0.99429 lam_s=0.99857 tsr_diff=0.003554 integral_mean=0.000336 integral_std=0.005020 log_ratio=0.0000 accept=1.0000 swapped=True
i=11 pair=(7,0) lam_t=1.00286 lam_s=1.00714 tsr_diff=0.003505 integral_mean=0.000018 integral_std=0.005128 log_ratio=0.0000 accept=1.0000 swapped=True
i=11 pair=(5,1) lam_t=1.01143 lam_s=1.01571 tsr_diff=0.003456 integral_mean=-0.000010 integral_std=0.004721 log_ratio=-0.0237 accept=0.9766 swapped=True
i=12 pair=(4,2) lam_t=0.99000 lam_s=0.99429 tsr_diff=0.003894 integral_mean=-0.000021 integral_std=0.006214 log_ratio=-0.0515 accept=0.9498 swapped=True
i=12 pair=(6,0) lam_t=0.99857 lam_s=1.00286 tsr_diff=0.003834 integral_mean=-0.000056 integral_std=0.006869 log_ratio=-0.1339 accept=0.8746 swapped=True
i=12 pair=(7,1) lam_t=1.00714 lam_s=1.01143 tsr_diff=0.003776 integral_mean=0.000121 integral_std=0.007292 log_ratio=0.0000 accept=1.0000 swapped=True
i=12 pair=(5,3) lam_t=1.01571 lam_s=1.02000 tsr_diff=0.003719 integral_mean=-0.000229 integral_std=0.002870 log_ratio=-0.5499 accept=0.5770 swapped=True
i=13 pair=(4,0) lam_t=0.99429 lam_s=0.99857 tsr_diff=0.004100 integral_mean=0.000141 integral_std=0.009861 log_ratio=0.0000 accept=1.0000 swapped=True
i=13 pair=(6,1) lam_t=1.00286 lam_s=1.00714 tsr_diff=0.004034 integral_mean=0.000075 integral_std=0.010424 log_ratio=0.0000 accept=1.0000 swapped=True
i=13 pair=(7,3) lam_t=1.01143 lam_s=1.01571 tsr_diff=0.003969 integral_mean=0.001040 integral_std=0.011667 log_ratio=0.0000 accept=1.0000 swapped=True
Best Sample: 5 log probability -0.001
Saved 1 samples to: logs/pointmaze-giant-navigate-v0/inference/plans/release_H400_T256_LimitsNormalizer_b1_condFalse/2026-07-15 11:35:06/5/0.png
Saved 1 samples to: logs/pointmaze-giant-navigate-v0/inference/plans/release_H400_T256_LimitsNormalizer_b1_condFalse/2026-07-15 11:35:06/5/rollout.png
i=0 pair=(0,1) lam_t=0.99000 lam_s=0.99429 tsr_diff=0.000000 integral_mean=0.000000 integral_std=0.000000 log_ratio=0.0000 accept=1.0000 swapped=True
i=0 pair=(2,3) lam_t=0.99857 lam_s=1.00286 tsr_diff=0.000000 integral_mean=0.000000 integral_std=0.000000 log_ratio=0.0000 accept=1.0000 swapped=True
i=0 pair=(4,5) lam_t=1.00714 lam_s=1.01143 tsr_diff=0.000000 integral_mean=0.000000 integral_std=0.000000 log_ratio=0.0000 accept=1.0000 swapped=True
i=0 pair=(6,7) lam_t=1.01571 lam_s=1.02000 tsr_diff=0.000000 integral_mean=0.000000 integral_std=0.000000 log_ratio=0.0000 accept=1.0000 swapped=True
i=1 pair=(0,3) lam_t=0.99429 lam_s=0.99857 tsr_diff=0.000046 integral_mean=0.000001 integral_std=0.000043 log_ratio=0.0000 accept=1.0000 swapped=True
i=1 pair=(2,5) lam_t=1.00286 lam_s=1.00714 tsr_diff=0.000046 integral_mean=0.000000 integral_std=0.000045 log_ratio=0.0000 accept=1.0000 swapped=True
i=1 pair=(4,7) lam_t=1.01143 lam_s=1.01571 tsr_diff=0.000046 integral_mean=-0.000002 integral_std=0.000047 log_ratio=-0.0042 accept=0.9958 swapped=True
i=2 pair=(1,3) lam_t=0.99000 lam_s=0.99429 tsr_diff=0.000181 integral_mean=0.000027 integral_std=0.000207 log_ratio=0.0000 accept=1.0000 swapped=True
i=2 pair=(0,5) lam_t=0.99857 lam_s=1.00286 tsr_diff=0.000181 integral_mean=-0.000002 integral_std=0.000211 log_ratio=-0.0053 accept=0.9947 swapped=True
i=2 pair=(2,7) lam_t=1.00714 lam_s=1.01143 tsr_diff=0.000181 integral_mean=-0.000002 integral_std=0.000182 log_ratio=-0.0049 accept=0.9951 swapped=True
i=2 pair=(4,6) lam_t=1.01571 lam_s=1.02000 tsr_diff=0.000181 integral_mean=-0.000051 integral_std=0.000245 log_ratio=-0.1219 accept=0.8852 swapped=True
i=3 pair=(1,5) lam_t=0.99429 lam_s=0.99857 tsr_diff=0.000400 integral_mean=0.000015 integral_std=0.000441 log_ratio=0.0000 accept=1.0000 swapped=True
i=3 pair=(0,7) lam_t=1.00286 lam_s=1.00714 tsr_diff=0.000400 integral_mean=0.000022 integral_std=0.000426 log_ratio=0.0000 accept=1.0000 swapped=True
i=3 pair=(2,6) lam_t=1.01143 lam_s=1.01571 tsr_diff=0.000399 integral_mean=-0.000045 integral_std=0.000437 log_ratio=-0.1072 accept=0.8983 swapped=True
i=4 pair=(3,5) lam_t=0.99000 lam_s=0.99429 tsr_diff=0.000695 integral_mean=0.000018 integral_std=0.000653 log_ratio=0.0000 accept=1.0000 swapped=True
i=4 pair=(1,7) lam_t=0.99857 lam_s=1.00286 tsr_diff=0.000693 integral_mean=0.000001 integral_std=0.000735 log_ratio=0.0000 accept=1.0000 swapped=True
i=4 pair=(0,6) lam_t=1.00714 lam_s=1.01143 tsr_diff=0.000691 integral_mean=-0.000016 integral_std=0.000750 log_ratio=-0.0395 accept=0.9612 swapped=True
i=4 pair=(2,4) lam_t=1.01571 lam_s=1.02000 tsr_diff=0.000689 integral_mean=-0.000023 integral_std=0.000661 log_ratio=-0.0544 accept=0.9471 swapped=True
i=5 pair=(3,7) lam_t=0.99429 lam_s=0.99857 tsr_diff=0.001051 integral_mean=-0.000011 integral_std=0.001119 log_ratio=-0.0274 accept=0.9729 swapped=True
i=5 pair=(1,6) lam_t=1.00286 lam_s=1.00714 tsr_diff=0.001046 integral_mean=-0.000054 integral_std=0.001121 log_ratio=-0.1288 accept=0.8791 swapped=True
i=5 pair=(0,4) lam_t=1.01143 lam_s=1.01571 tsr_diff=0.001042 integral_mean=0.000022 integral_std=0.001024 log_ratio=0.0000 accept=1.0000 swapped=True
i=6 pair=(5,7) lam_t=0.99000 lam_s=0.99429 tsr_diff=0.001459 integral_mean=-0.000046 integral_std=0.001670 log_ratio=-0.1094 accept=0.8964 swapped=True
i=6 pair=(3,6) lam_t=0.99857 lam_s=1.00286 tsr_diff=0.001450 integral_mean=-0.000130 integral_std=0.001929 log_ratio=-0.3119 accept=0.7321 swapped=True
i=6 pair=(1,4) lam_t=1.00714 lam_s=1.01143 tsr_diff=0.001442 integral_mean=0.000001 integral_std=0.001526 log_ratio=0.0000 accept=1.0000 swapped=True
i=6 pair=(0,2) lam_t=1.01571 lam_s=1.02000 tsr_diff=0.001433 integral_mean=-0.000010 integral_std=0.001466 log_ratio=-0.0229 accept=0.9774 swapped=True
i=7 pair=(5,6) lam_t=0.99429 lam_s=0.99857 tsr_diff=0.001888 integral_mean=-0.000546 integral_std=0.002862 log_ratio=-1.3104 accept=0.2697 swapped=False
i=7 pair=(3,4) lam_t=1.00286 lam_s=1.00714 tsr_diff=0.001874 integral_mean=-0.000004 integral_std=0.001789 log_ratio=-0.0095 accept=0.9905 swapped=True
i=7 pair=(1,2) lam_t=1.01143 lam_s=1.01571 tsr_diff=0.001860 integral_mean=0.000096 integral_std=0.002102 log_ratio=0.0000 accept=1.0000 swapped=True
i=8 pair=(7,5) lam_t=0.99000 lam_s=0.99429 tsr_diff=0.002345 integral_mean=0.000037 integral_std=0.002666 log_ratio=0.0000 accept=1.0000 swapped=True
i=8 pair=(6,4) lam_t=0.99857 lam_s=1.00286 tsr_diff=0.002323 integral_mean=0.000538 integral_std=0.003041 log_ratio=0.0000 accept=1.0000 swapped=True
i=8 pair=(3,2) lam_t=1.00714 lam_s=1.01143 tsr_diff=0.002302 integral_mean=-0.000037 integral_std=0.002338 log_ratio=-0.0897 accept=0.9142 swapped=True
i=8 pair=(1,0) lam_t=1.01571 lam_s=1.02000 tsr_diff=0.002281 integral_mean=0.000045 integral_std=0.002539 log_ratio=0.0000 accept=1.0000 swapped=True
i=9 pair=(7,4) lam_t=0.99429 lam_s=0.99857 tsr_diff=0.002773 integral_mean=0.000084 integral_std=0.003324 log_ratio=0.0000 accept=1.0000 swapped=True
i=9 pair=(6,2) lam_t=1.00286 lam_s=1.00714 tsr_diff=0.002742 integral_mean=0.000337 integral_std=0.003424 log_ratio=0.0000 accept=1.0000 swapped=True
i=9 pair=(3,0) lam_t=1.01143 lam_s=1.01571 tsr_diff=0.002712 integral_mean=-0.000064 integral_std=0.002661 log_ratio=-0.1537 accept=0.8575 swapped=True
i=10 pair=(5,4) lam_t=0.99000 lam_s=0.99429 tsr_diff=0.003206 integral_mean=-0.000119 integral_std=0.003555 log_ratio=-0.2858 accept=0.7514 swapped=True
i=10 pair=(7,2) lam_t=0.99857 lam_s=1.00286 tsr_diff=0.003165 integral_mean=0.000087 integral_std=0.004075 log_ratio=0.0000 accept=1.0000 swapped=True
i=10 pair=(6,0) lam_t=1.00714 lam_s=1.01143 tsr_diff=0.003125 integral_mean=0.000299 integral_std=0.003429 log_ratio=0.0000 accept=1.0000 swapped=True
i=10 pair=(3,1) lam_t=1.01571 lam_s=1.02000 tsr_diff=0.003086 integral_mean=-0.000261 integral_std=0.003705 log_ratio=-0.6272 accept=0.5341 swapped=True
i=11 pair=(5,2) lam_t=0.99429 lam_s=0.99857 tsr_diff=0.003554 integral_mean=-0.000015 integral_std=0.004274 log_ratio=-0.0366 accept=0.9640 swapped=True
i=11 pair=(7,0) lam_t=1.00286 lam_s=1.00714 tsr_diff=0.003505 integral_mean=0.000253 integral_std=0.005883 log_ratio=0.0000 accept=1.0000 swapped=True
i=11 pair=(6,1) lam_t=1.01143 lam_s=1.01571 tsr_diff=0.003456 integral_mean=0.000212 integral_std=0.005016 log_ratio=0.0000 accept=1.0000 swapped=True
i=12 pair=(4,2) lam_t=0.99000 lam_s=0.99429 tsr_diff=0.003894 integral_mean=-0.000017 integral_std=0.004279 log_ratio=-0.0419 accept=0.9590 swapped=True
i=12 pair=(5,0) lam_t=0.99857 lam_s=1.00286 tsr_diff=0.003834 integral_mean=-0.000260 integral_std=0.003792 log_ratio=-0.6233 accept=0.5362 swapped=True
i=12 pair=(7,1) lam_t=1.00714 lam_s=1.01143 tsr_diff=0.003776 integral_mean=0.000071 integral_std=0.007546 log_ratio=0.0000 accept=1.0000 swapped=True
i=12 pair=(6,3) lam_t=1.01571 lam_s=1.02000 tsr_diff=0.003719 integral_mean=0.000038 integral_std=0.005377 log_ratio=0.0000 accept=1.0000 swapped=True
i=13 pair=(4,0) lam_t=0.99429 lam_s=0.99857 tsr_diff=0.004100 integral_mean=0.000122 integral_std=0.006259 log_ratio=0.0000 accept=1.0000 swapped=True
i=13 pair=(5,1) lam_t=1.00286 lam_s=1.00714 tsr_diff=0.004034 integral_mean=-0.000678 integral_std=0.007746 log_ratio=-1.6279 accept=0.1963 swapped=False
i=13 pair=(7,3) lam_t=1.01143 lam_s=1.01571 tsr_diff=0.003969 integral_mean=0.000596 integral_std=0.011515 log_ratio=0.0000 accept=1.0000 swapped=True
Best Sample: 5 log probability -0.825
Saved 1 samples to: logs/pointmaze-giant-navigate-v0/inference/plans/release_H400_T256_LimitsNormalizer_b1_condFalse/2026-07-15 11:35:06/6/0.png
Saved 1 samples to: logs/pointmaze-giant-navigate-v0/inference/plans/release_H400_T256_LimitsNormalizer_b1_condFalse/2026-07-15 11:35:06/6/rollout.png
i=0 pair=(0,1) lam_t=0.99000 lam_s=0.99429 tsr_diff=0.000000 integral_mean=0.000000 integral_std=0.000000 log_ratio=0.0000 accept=1.0000 swapped=True
i=0 pair=(2,3) lam_t=0.99857 lam_s=1.00286 tsr_diff=0.000000 integral_mean=0.000000 integral_std=0.000000 log_ratio=0.0000 accept=1.0000 swapped=True
i=0 pair=(4,5) lam_t=1.00714 lam_s=1.01143 tsr_diff=0.000000 integral_mean=0.000000 integral_std=0.000000 log_ratio=0.0000 accept=1.0000 swapped=True
i=0 pair=(6,7) lam_t=1.01571 lam_s=1.02000 tsr_diff=0.000000 integral_mean=0.000000 integral_std=0.000000 log_ratio=0.0000 accept=1.0000 swapped=True
i=1 pair=(0,3) lam_t=0.99429 lam_s=0.99857 tsr_diff=0.000046 integral_mean=-0.000001 integral_std=0.000045 log_ratio=-0.0015 accept=0.9985 swapped=True
i=1 pair=(2,5) lam_t=1.00286 lam_s=1.00714 tsr_diff=0.000046 integral_mean=-0.000002 integral_std=0.000046 log_ratio=-0.0040 accept=0.9960 swapped=True
i=1 pair=(4,7) lam_t=1.01143 lam_s=1.01571 tsr_diff=0.000046 integral_mean=-0.000002 integral_std=0.000048 log_ratio=-0.0048 accept=0.9952 swapped=True
i=2 pair=(1,3) lam_t=0.99000 lam_s=0.99429 tsr_diff=0.000181 integral_mean=-0.000002 integral_std=0.000171 log_ratio=-0.0054 accept=0.9946 swapped=True
i=2 pair=(0,5) lam_t=0.99857 lam_s=1.00286 tsr_diff=0.000181 integral_mean=-0.000007 integral_std=0.000184 log_ratio=-0.0167 accept=0.9834 swapped=True
i=2 pair=(2,7) lam_t=1.00714 lam_s=1.01143 tsr_diff=0.000181 integral_mean=0.000002 integral_std=0.000182 log_ratio=0.0000 accept=1.0000 swapped=True
i=2 pair=(4,6) lam_t=1.01571 lam_s=1.02000 tsr_diff=0.000181 integral_mean=0.000008 integral_std=0.000187 log_ratio=0.0000 accept=1.0000 swapped=True
i=3 pair=(1,5) lam_t=0.99429 lam_s=0.99857 tsr_diff=0.000400 integral_mean=-0.000035 integral_std=0.000442 log_ratio=-0.0835 accept=0.9198 swapped=True
i=3 pair=(0,7) lam_t=1.00286 lam_s=1.00714 tsr_diff=0.000400 integral_mean=0.000017 integral_std=0.000436 log_ratio=0.0000 accept=1.0000 swapped=True
i=3 pair=(2,6) lam_t=1.01143 lam_s=1.01571 tsr_diff=0.000399 integral_mean=-0.000003 integral_std=0.000402 log_ratio=-0.0075 accept=0.9925 swapped=True
i=4 pair=(3,5) lam_t=0.99000 lam_s=0.99429 tsr_diff=0.000695 integral_mean=-0.000021 integral_std=0.000738 log_ratio=-0.0504 accept=0.9508 swapped=True
i=4 pair=(1,7) lam_t=0.99857 lam_s=1.00286 tsr_diff=0.000693 integral_mean=-0.000021 integral_std=0.000794 log_ratio=-0.0504 accept=0.9509 swapped=True
i=4 pair=(0,6) lam_t=1.00714 lam_s=1.01143 tsr_diff=0.000691 integral_mean=0.000008 integral_std=0.000666 log_ratio=0.0000 accept=1.0000 swapped=True
i=4 pair=(2,4) lam_t=1.01571 lam_s=1.02000 tsr_diff=0.000689 integral_mean=-0.000006 integral_std=0.000732 log_ratio=-0.0138 accept=0.9863 swapped=True
i=5 pair=(3,7) lam_t=0.99429 lam_s=0.99857 tsr_diff=0.001051 integral_mean=-0.000091 integral_std=0.001171 log_ratio=-0.2195 accept=0.8029 swapped=True
i=5 pair=(1,6) lam_t=1.00286 lam_s=1.00714 tsr_diff=0.001046 integral_mean=-0.000011 integral_std=0.001001 log_ratio=-0.0268 accept=0.9735 swapped=True
i=5 pair=(0,4) lam_t=1.01143 lam_s=1.01571 tsr_diff=0.001042 integral_mean=0.000015 integral_std=0.001024 log_ratio=0.0000 accept=1.0000 swapped=True
i=6 pair=(5,7) lam_t=0.99000 lam_s=0.99429 tsr_diff=0.001459 integral_mean=-0.000029 integral_std=0.001665 log_ratio=-0.0696 accept=0.9328 swapped=True
i=6 pair=(3,6) lam_t=0.99857 lam_s=1.00286 tsr_diff=0.001450 integral_mean=0.000048 integral_std=0.001377 log_ratio=0.0000 accept=1.0000 swapped=True
i=6 pair=(1,4) lam_t=1.00714 lam_s=1.01143 tsr_diff=0.001442 integral_mean=-0.000046 integral_std=0.001464 log_ratio=-0.1095 accept=0.8963 swapped=True
i=6 pair=(0,2) lam_t=1.01571 lam_s=1.02000 tsr_diff=0.001433 integral_mean=-0.000013 integral_std=0.001371 log_ratio=-0.0308 accept=0.9697 swapped=True
i=7 pair=(5,6) lam_t=0.99429 lam_s=0.99857 tsr_diff=0.001888 integral_mean=0.000158 integral_std=0.001984 log_ratio=0.0000 accept=1.0000 swapped=True
i=7 pair=(3,4) lam_t=1.00286 lam_s=1.00714 tsr_diff=0.001874 integral_mean=0.000009 integral_std=0.001887 log_ratio=0.0000 accept=1.0000 swapped=True
i=7 pair=(1,2) lam_t=1.01143 lam_s=1.01571 tsr_diff=0.001860 integral_mean=-0.000046 integral_std=0.001778 log_ratio=-0.1093 accept=0.8964 swapped=True
i=8 pair=(7,6) lam_t=0.99000 lam_s=0.99429 tsr_diff=0.002345 integral_mean=0.000041 integral_std=0.002794 log_ratio=0.0000 accept=1.0000 swapped=True
i=8 pair=(5,4) lam_t=0.99857 lam_s=1.00286 tsr_diff=0.002323 integral_mean=0.000160 integral_std=0.002516 log_ratio=0.0000 accept=1.0000 swapped=True
i=8 pair=(3,2) lam_t=1.00714 lam_s=1.01143 tsr_diff=0.002302 integral_mean=-0.000058 integral_std=0.001971 log_ratio=-0.1399 accept=0.8695 swapped=True
i=8 pair=(1,0) lam_t=1.01571 lam_s=1.02000 tsr_diff=0.002281 integral_mean=0.000001 integral_std=0.002065 log_ratio=0.0000 accept=1.0000 swapped=True
i=9 pair=(7,4) lam_t=0.99429 lam_s=0.99857 tsr_diff=0.002773 integral_mean=0.000125 integral_std=0.002890 log_ratio=0.0000 accept=1.0000 swapped=True
i=9 pair=(5,2) lam_t=1.00286 lam_s=1.00714 tsr_diff=0.002742 integral_mean=0.000157 integral_std=0.003221 log_ratio=0.0000 accept=1.0000 swapped=True
i=9 pair=(3,0) lam_t=1.01143 lam_s=1.01571 tsr_diff=0.002712 integral_mean=-0.000080 integral_std=0.002351 log_ratio=-0.1931 accept=0.8244 swapped=True
i=10 pair=(6,4) lam_t=0.99000 lam_s=0.99429 tsr_diff=0.003206 integral_mean=0.000061 integral_std=0.003860 log_ratio=0.0000 accept=1.0000 swapped=True
i=10 pair=(7,2) lam_t=0.99857 lam_s=1.00286 tsr_diff=0.003165 integral_mean=0.000387 integral_std=0.004422 log_ratio=0.0000 accept=1.0000 swapped=True
i=10 pair=(5,0) lam_t=1.00714 lam_s=1.01143 tsr_diff=0.003125 integral_mean=0.000276 integral_std=0.004129 log_ratio=0.0000 accept=1.0000 swapped=True
i=10 pair=(3,1) lam_t=1.01571 lam_s=1.02000 tsr_diff=0.003086 integral_mean=-0.000101 integral_std=0.002880 log_ratio=-0.2412 accept=0.7857 swapped=True
i=11 pair=(6,2) lam_t=0.99429 lam_s=0.99857 tsr_diff=0.003554 integral_mean=0.000133 integral_std=0.003173 log_ratio=0.0000 accept=1.0000 swapped=True
i=11 pair=(7,0) lam_t=1.00286 lam_s=1.00714 tsr_diff=0.003505 integral_mean=0.000172 integral_std=0.005060 log_ratio=0.0000 accept=1.0000 swapped=True
i=11 pair=(5,1) lam_t=1.01143 lam_s=1.01571 tsr_diff=0.003456 integral_mean=0.000238 integral_std=0.005168 log_ratio=0.0000 accept=1.0000 swapped=True
i=12 pair=(4,2) lam_t=0.99000 lam_s=0.99429 tsr_diff=0.003894 integral_mean=0.000202 integral_std=0.005537 log_ratio=0.0000 accept=1.0000 swapped=True
i=12 pair=(6,0) lam_t=0.99857 lam_s=1.00286 tsr_diff=0.003834 integral_mean=0.000182 integral_std=0.003339 log_ratio=0.0000 accept=1.0000 swapped=True
i=12 pair=(7,1) lam_t=1.00714 lam_s=1.01143 tsr_diff=0.003776 integral_mean=0.000162 integral_std=0.006652 log_ratio=0.0000 accept=1.0000 swapped=True
i=12 pair=(5,3) lam_t=1.01571 lam_s=1.02000 tsr_diff=0.003719 integral_mean=0.000525 integral_std=0.006517 log_ratio=0.0000 accept=1.0000 swapped=True
i=13 pair=(4,0) lam_t=0.99429 lam_s=0.99857 tsr_diff=0.004100 integral_mean=0.000014 integral_std=0.007342 log_ratio=0.0000 accept=1.0000 swapped=True
i=13 pair=(6,1) lam_t=1.00286 lam_s=1.00714 tsr_diff=0.004034 integral_mean=-0.000010 integral_std=0.003004 log_ratio=-0.0242 accept=0.9761 swapped=True
i=13 pair=(7,3) lam_t=1.01143 lam_s=1.01571 tsr_diff=0.003969 integral_mean=0.000254 integral_std=0.007502 log_ratio=0.0000 accept=1.0000 swapped=True
Best Sample: 0 log probability -0.038
Saved 1 samples to: logs/pointmaze-giant-navigate-v0/inference/plans/release_H400_T256_LimitsNormalizer_b1_condFalse/2026-07-15 11:35:06/7/0.png
Saved 1 samples to: logs/pointmaze-giant-navigate-v0/inference/plans/release_H400_T256_LimitsNormalizer_b1_condFalse/2026-07-15 11:35:06/7/rollout.png
i=0 pair=(0,1) lam_t=0.99000 lam_s=0.99429 tsr_diff=0.000000 integral_mean=0.000000 integral_std=0.000000 log_ratio=0.0000 accept=1.0000 swapped=True
i=0 pair=(2,3) lam_t=0.99857 lam_s=1.00286 tsr_diff=0.000000 integral_mean=0.000000 integral_std=0.000000 log_ratio=0.0000 accept=1.0000 swapped=True
i=0 pair=(4,5) lam_t=1.00714 lam_s=1.01143 tsr_diff=0.000000 integral_mean=0.000000 integral_std=0.000000 log_ratio=0.0000 accept=1.0000 swapped=True
i=0 pair=(6,7) lam_t=1.01571 lam_s=1.02000 tsr_diff=0.000000 integral_mean=0.000000 integral_std=0.000000 log_ratio=0.0000 accept=1.0000 swapped=True
i=1 pair=(0,3) lam_t=0.99429 lam_s=0.99857 tsr_diff=0.000046 integral_mean=-0.000001 integral_std=0.000047 log_ratio=-0.0012 accept=0.9988 swapped=True
i=1 pair=(2,5) lam_t=1.00286 lam_s=1.00714 tsr_diff=0.000046 integral_mean=0.000000 integral_std=0.000050 log_ratio=0.0000 accept=1.0000 swapped=True
i=1 pair=(4,7) lam_t=1.01143 lam_s=1.01571 tsr_diff=0.000046 integral_mean=-0.000001 integral_std=0.000045 log_ratio=-0.0018 accept=0.9982 swapped=True
i=2 pair=(1,3) lam_t=0.99000 lam_s=0.99429 tsr_diff=0.000181 integral_mean=0.000020 integral_std=0.000209 log_ratio=0.0000 accept=1.0000 swapped=True
i=2 pair=(0,5) lam_t=0.99857 lam_s=1.00286 tsr_diff=0.000181 integral_mean=0.000011 integral_std=0.000184 log_ratio=0.0000 accept=1.0000 swapped=True
i=2 pair=(2,7) lam_t=1.00714 lam_s=1.01143 tsr_diff=0.000181 integral_mean=0.000001 integral_std=0.000179 log_ratio=0.0000 accept=1.0000 swapped=True
i=2 pair=(4,6) lam_t=1.01571 lam_s=1.02000 tsr_diff=0.000181 integral_mean=-0.000006 integral_std=0.000178 log_ratio=-0.0135 accept=0.9865 swapped=True
i=3 pair=(1,5) lam_t=0.99429 lam_s=0.99857 tsr_diff=0.000400 integral_mean=-0.000004 integral_std=0.000391 log_ratio=-0.0089 accept=0.9912 swapped=True
i=3 pair=(0,7) lam_t=1.00286 lam_s=1.00714 tsr_diff=0.000400 integral_mean=0.000008 integral_std=0.000407 log_ratio=0.0000 accept=1.0000 swapped=True
i=3 pair=(2,6) lam_t=1.01143 lam_s=1.01571 tsr_diff=0.000399 integral_mean=-0.000001 integral_std=0.000403 log_ratio=-0.0023 accept=0.9977 swapped=True
i=4 pair=(3,5) lam_t=0.99000 lam_s=0.99429 tsr_diff=0.000695 integral_mean=0.000020 integral_std=0.000708 log_ratio=0.0000 accept=1.0000 swapped=True
i=4 pair=(1,7) lam_t=0.99857 lam_s=1.00286 tsr_diff=0.000693 integral_mean=0.000007 integral_std=0.000663 log_ratio=0.0000 accept=1.0000 swapped=True
i=4 pair=(0,6) lam_t=1.00714 lam_s=1.01143 tsr_diff=0.000691 integral_mean=-0.000052 integral_std=0.000744 log_ratio=-0.1244 accept=0.8830 swapped=True
i=4 pair=(2,4) lam_t=1.01571 lam_s=1.02000 tsr_diff=0.000689 integral_mean=-0.000011 integral_std=0.000711 log_ratio=-0.0276 accept=0.9728 swapped=True
i=5 pair=(3,7) lam_t=0.99429 lam_s=0.99857 tsr_diff=0.001051 integral_mean=0.000034 integral_std=0.001059 log_ratio=0.0000 accept=1.0000 swapped=True
i=5 pair=(1,6) lam_t=1.00286 lam_s=1.00714 tsr_diff=0.001046 integral_mean=-0.000087 integral_std=0.001125 log_ratio=-0.2087 accept=0.8116 swapped=True
i=5 pair=(0,4) lam_t=1.01143 lam_s=1.01571 tsr_diff=0.001042 integral_mean=-0.000077 integral_std=0.001112 log_ratio=-0.1853 accept=0.8309 swapped=True
i=6 pair=(5,7) lam_t=0.99000 lam_s=0.99429 tsr_diff=0.001459 integral_mean=0.000060 integral_std=0.001421 log_ratio=0.0000 accept=1.0000 swapped=True
i=6 pair=(3,6) lam_t=0.99857 lam_s=1.00286 tsr_diff=0.001450 integral_mean=-0.000083 integral_std=0.001561 log_ratio=-0.2000 accept=0.8187 swapped=True
i=6 pair=(1,4) lam_t=1.00714 lam_s=1.01143 tsr_diff=0.001442 integral_mean=-0.000049 integral_std=0.001563 log_ratio=-0.1165 accept=0.8901 swapped=True
i=6 pair=(0,2) lam_t=1.01571 lam_s=1.02000 tsr_diff=0.001433 integral_mean=0.000041 integral_std=0.001384 log_ratio=0.0000 accept=1.0000 swapped=True
i=7 pair=(5,6) lam_t=0.99429 lam_s=0.99857 tsr_diff=0.001888 integral_mean=-0.000075 integral_std=0.002129 log_ratio=-0.1808 accept=0.8346 swapped=True
i=7 pair=(3,4) lam_t=1.00286 lam_s=1.00714 tsr_diff=0.001874 integral_mean=-0.000011 integral_std=0.002034 log_ratio=-0.0260 accept=0.9743 swapped=True
i=7 pair=(1,2) lam_t=1.01143 lam_s=1.01571 tsr_diff=0.001860 integral_mean=0.000038 integral_std=0.001753 log_ratio=0.0000 accept=1.0000 swapped=True
i=8 pair=(7,6) lam_t=0.99000 lam_s=0.99429 tsr_diff=0.002345 integral_mean=-0.000192 integral_std=0.002799 log_ratio=-0.4601 accept=0.6312 swapped=False
i=8 pair=(5,4) lam_t=0.99857 lam_s=1.00286 tsr_diff=0.002323 integral_mean=0.000009 integral_std=0.002678 log_ratio=0.0000 accept=1.0000 swapped=True
i=8 pair=(3,2) lam_t=1.00714 lam_s=1.01143 tsr_diff=0.002302 integral_mean=0.000077 integral_std=0.002597 log_ratio=0.0000 accept=1.0000 swapped=True
i=8 pair=(1,0) lam_t=1.01571 lam_s=1.02000 tsr_diff=0.002281 integral_mean=0.000062 integral_std=0.002209 log_ratio=0.0000 accept=1.0000 swapped=True
i=9 pair=(6,4) lam_t=0.99429 lam_s=0.99857 tsr_diff=0.002773 integral_mean=0.000673 integral_std=0.004813 log_ratio=0.0000 accept=1.0000 swapped=True
i=9 pair=(5,2) lam_t=1.00286 lam_s=1.00714 tsr_diff=0.002742 integral_mean=0.000088 integral_std=0.002982 log_ratio=0.0000 accept=1.0000 swapped=True
i=9 pair=(3,0) lam_t=1.01143 lam_s=1.01571 tsr_diff=0.002712 integral_mean=0.000093 integral_std=0.003131 log_ratio=0.0000 accept=1.0000 swapped=True
i=10 pair=(7,4) lam_t=0.99000 lam_s=0.99429 tsr_diff=0.003206 integral_mean=-0.000186 integral_std=0.004056 log_ratio=-0.4465 accept=0.6399 swapped=True
i=10 pair=(6,2) lam_t=0.99857 lam_s=1.00286 tsr_diff=0.003165 integral_mean=0.001216 integral_std=0.005371 log_ratio=0.0000 accept=1.0000 swapped=True
i=10 pair=(5,0) lam_t=1.00714 lam_s=1.01143 tsr_diff=0.003125 integral_mean=0.000345 integral_std=0.003915 log_ratio=0.0000 accept=1.0000 swapped=True
i=10 pair=(3,1) lam_t=1.01571 lam_s=1.02000 tsr_diff=0.003086 integral_mean=0.000120 integral_std=0.003879 log_ratio=0.0000 accept=1.0000 swapped=True
i=11 pair=(7,2) lam_t=0.99429 lam_s=0.99857 tsr_diff=0.003554 integral_mean=-0.000060 integral_std=0.002893 log_ratio=-0.1442 accept=0.8657 swapped=True
i=11 pair=(6,0) lam_t=1.00286 lam_s=1.00714 tsr_diff=0.003505 integral_mean=0.001153 integral_std=0.006309 log_ratio=0.0000 accept=1.0000 swapped=True
i=11 pair=(5,1) lam_t=1.01143 lam_s=1.01571 tsr_diff=0.003456 integral_mean=0.000116 integral_std=0.004856 log_ratio=0.0000 accept=1.0000 swapped=True
i=12 pair=(4,2) lam_t=0.99000 lam_s=0.99429 tsr_diff=0.003894 integral_mean=0.000284 integral_std=0.006190 log_ratio=0.0000 accept=1.0000 swapped=True
i=12 pair=(7,0) lam_t=0.99857 lam_s=1.00286 tsr_diff=0.003834 integral_mean=-0.000088 integral_std=0.002874 log_ratio=-0.2105 accept=0.8102 swapped=True
i=12 pair=(6,1) lam_t=1.00714 lam_s=1.01143 tsr_diff=0.003776 integral_mean=0.000769 integral_std=0.006073 log_ratio=0.0000 accept=1.0000 swapped=True
i=12 pair=(5,3) lam_t=1.01571 lam_s=1.02000 tsr_diff=0.003719 integral_mean=0.000156 integral_std=0.005244 log_ratio=0.0000 accept=1.0000 swapped=True
i=13 pair=(4,0) lam_t=0.99429 lam_s=0.99857 tsr_diff=0.004100 integral_mean=0.000989 integral_std=0.011752 log_ratio=0.0000 accept=1.0000 swapped=True
i=13 pair=(7,1) lam_t=1.00286 lam_s=1.00714 tsr_diff=0.004034 integral_mean=0.000023 integral_std=0.003329 log_ratio=0.0000 accept=1.0000 swapped=True
i=13 pair=(6,3) lam_t=1.01143 lam_s=1.01571 tsr_diff=0.003969 integral_mean=0.000025 integral_std=0.009393 log_ratio=0.0000 accept=1.0000 swapped=True
Best Sample: 1 log probability -0.070
Saved 1 samples to: logs/pointmaze-giant-navigate-v0/inference/plans/release_H400_T256_LimitsNormalizer_b1_condFalse/2026-07-15 11:35:06/8/0.png
Saved 1 samples to: logs/pointmaze-giant-navigate-v0/inference/plans/release_H400_T256_LimitsNormalizer_b1_condFalse/2026-07-15 11:35:06/8/rollout.png
i=0 pair=(0,1) lam_t=0.99000 lam_s=0.99429 tsr_diff=0.000000 integral_mean=0.000000 integral_std=0.000000 log_ratio=0.0000 accept=1.0000 swapped=True
i=0 pair=(2,3) lam_t=0.99857 lam_s=1.00286 tsr_diff=0.000000 integral_mean=0.000000 integral_std=0.000000 log_ratio=0.0000 accept=1.0000 swapped=True
i=0 pair=(4,5) lam_t=1.00714 lam_s=1.01143 tsr_diff=0.000000 integral_mean=0.000000 integral_std=0.000000 log_ratio=0.0000 accept=1.0000 swapped=True
i=0 pair=(6,7) lam_t=1.01571 lam_s=1.02000 tsr_diff=0.000000 integral_mean=0.000000 integral_std=0.000000 log_ratio=0.0000 accept=1.0000 swapped=True
i=1 pair=(0,3) lam_t=0.99429 lam_s=0.99857 tsr_diff=0.000046 integral_mean=0.000001 integral_std=0.000047 log_ratio=0.0000 accept=1.0000 swapped=True
i=1 pair=(2,5) lam_t=1.00286 lam_s=1.00714 tsr_diff=0.000046 integral_mean=0.000000 integral_std=0.000046 log_ratio=0.0000 accept=1.0000 swapped=True
i=1 pair=(4,7) lam_t=1.01143 lam_s=1.01571 tsr_diff=0.000046 integral_mean=0.000001 integral_std=0.000049 log_ratio=0.0000 accept=1.0000 swapped=True
i=2 pair=(1,3) lam_t=0.99000 lam_s=0.99429 tsr_diff=0.000181 integral_mean=-0.000005 integral_std=0.000183 log_ratio=-0.0125 accept=0.9875 swapped=True
i=2 pair=(0,5) lam_t=0.99857 lam_s=1.00286 tsr_diff=0.000181 integral_mean=0.000003 integral_std=0.000173 log_ratio=0.0000 accept=1.0000 swapped=True
i=2 pair=(2,7) lam_t=1.00714 lam_s=1.01143 tsr_diff=0.000181 integral_mean=-0.000011 integral_std=0.000198 log_ratio=-0.0261 accept=0.9743 swapped=True
i=2 pair=(4,6) lam_t=1.01571 lam_s=1.02000 tsr_diff=0.000181 integral_mean=0.000004 integral_std=0.000170 log_ratio=0.0000 accept=1.0000 swapped=True
i=3 pair=(1,5) lam_t=0.99429 lam_s=0.99857 tsr_diff=0.000400 integral_mean=-0.000003 integral_std=0.000422 log_ratio=-0.0078 accept=0.9923 swapped=True
i=3 pair=(0,7) lam_t=1.00286 lam_s=1.00714 tsr_diff=0.000400 integral_mean=-0.000002 integral_std=0.000400 log_ratio=-0.0052 accept=0.9949 swapped=True
i=3 pair=(2,6) lam_t=1.01143 lam_s=1.01571 tsr_diff=0.000399 integral_mean=-0.000008 integral_std=0.000398 log_ratio=-0.0188 accept=0.9814 swapped=True
i=4 pair=(3,5) lam_t=0.99000 lam_s=0.99429 tsr_diff=0.000695 integral_mean=0.000014 integral_std=0.000705 log_ratio=0.0000 accept=1.0000 swapped=True
i=4 pair=(1,7) lam_t=0.99857 lam_s=1.00286 tsr_diff=0.000693 integral_mean=0.000049 integral_std=0.000734 log_ratio=0.0000 accept=1.0000 swapped=True
i=4 pair=(0,6) lam_t=1.00714 lam_s=1.01143 tsr_diff=0.000691 integral_mean=0.000018 integral_std=0.000683 log_ratio=0.0000 accept=1.0000 swapped=True
i=4 pair=(2,4) lam_t=1.01571 lam_s=1.02000 tsr_diff=0.000689 integral_mean=0.000002 integral_std=0.000639 log_ratio=0.0000 accept=1.0000 swapped=True
i=5 pair=(3,7) lam_t=0.99429 lam_s=0.99857 tsr_diff=0.001051 integral_mean=-0.000020 integral_std=0.001026 log_ratio=-0.0489 accept=0.9523 swapped=True
i=5 pair=(1,6) lam_t=1.00286 lam_s=1.00714 tsr_diff=0.001046 integral_mean=0.000024 integral_std=0.001015 log_ratio=0.0000 accept=1.0000 swapped=True
i=5 pair=(0,4) lam_t=1.01143 lam_s=1.01571 tsr_diff=0.001042 integral_mean=0.000020 integral_std=0.001098 log_ratio=0.0000 accept=1.0000 swapped=True
i=6 pair=(5,7) lam_t=0.99000 lam_s=0.99429 tsr_diff=0.001459 integral_mean=-0.000008 integral_std=0.001358 log_ratio=-0.0191 accept=0.9811 swapped=True
i=6 pair=(3,6) lam_t=0.99857 lam_s=1.00286 tsr_diff=0.001450 integral_mean=0.000034 integral_std=0.001455 log_ratio=0.0000 accept=1.0000 swapped=True
i=6 pair=(1,4) lam_t=1.00714 lam_s=1.01143 tsr_diff=0.001442 integral_mean=-0.000020 integral_std=0.001401 log_ratio=-0.0481 accept=0.9531 swapped=True
i=6 pair=(0,2) lam_t=1.01571 lam_s=1.02000 tsr_diff=0.001433 integral_mean=0.000116 integral_std=0.001568 log_ratio=0.0000 accept=1.0000 swapped=True
i=7 pair=(5,6) lam_t=0.99429 lam_s=0.99857 tsr_diff=0.001888 integral_mean=-0.000026 integral_std=0.001799 log_ratio=-0.0627 accept=0.9393 swapped=True
i=7 pair=(3,4) lam_t=1.00286 lam_s=1.00714 tsr_diff=0.001874 integral_mean=-0.000031 integral_std=0.001846 log_ratio=-0.0752 accept=0.9276 swapped=True
i=7 pair=(1,2) lam_t=1.01143 lam_s=1.01571 tsr_diff=0.001860 integral_mean=0.000014 integral_std=0.001641 log_ratio=0.0000 accept=1.0000 swapped=True
i=8 pair=(7,6) lam_t=0.99000 lam_s=0.99429 tsr_diff=0.002345 integral_mean=0.000012 integral_std=0.002048 log_ratio=0.0000 accept=1.0000 swapped=True
i=8 pair=(5,4) lam_t=0.99857 lam_s=1.00286 tsr_diff=0.002323 integral_mean=-0.000061 integral_std=0.002107 log_ratio=-0.1463 accept=0.8639 swapped=True
i=8 pair=(3,2) lam_t=1.00714 lam_s=1.01143 tsr_diff=0.002302 integral_mean=-0.000002 integral_std=0.002246 log_ratio=-0.0040 accept=0.9960 swapped=True
i=8 pair=(1,0) lam_t=1.01571 lam_s=1.02000 tsr_diff=0.002281 integral_mean=-0.000032 integral_std=0.002500 log_ratio=-0.0774 accept=0.9256 swapped=True
i=9 pair=(7,4) lam_t=0.99429 lam_s=0.99857 tsr_diff=0.002773 integral_mean=0.000062 integral_std=0.002770 log_ratio=0.0000 accept=1.0000 swapped=True
i=9 pair=(5,2) lam_t=1.00286 lam_s=1.00714 tsr_diff=0.002742 integral_mean=-0.000040 integral_std=0.002834 log_ratio=-0.0961 accept=0.9084 swapped=True
i=9 pair=(3,0) lam_t=1.01143 lam_s=1.01571 tsr_diff=0.002712 integral_mean=0.000009 integral_std=0.003277 log_ratio=0.0000 accept=1.0000 swapped=True
i=10 pair=(6,4) lam_t=0.99000 lam_s=0.99429 tsr_diff=0.003206 integral_mean=0.000127 integral_std=0.003166 log_ratio=0.0000 accept=1.0000 swapped=True
i=10 pair=(7,2) lam_t=0.99857 lam_s=1.00286 tsr_diff=0.003165 integral_mean=-0.000048 integral_std=0.003436 log_ratio=-0.1149 accept=0.8915 swapped=True
i=10 pair=(5,0) lam_t=1.00714 lam_s=1.01143 tsr_diff=0.003125 integral_mean=-0.000191 integral_std=0.003444 log_ratio=-0.4588 accept=0.6320 swapped=False
i=10 pair=(3,1) lam_t=1.01571 lam_s=1.02000 tsr_diff=0.003086 integral_mean=0.000058 integral_std=0.003438 log_ratio=0.0000 accept=1.0000 swapped=True
i=11 pair=(6,2) lam_t=0.99429 lam_s=0.99857 tsr_diff=0.003554 integral_mean=0.000018 integral_std=0.003832 log_ratio=0.0000 accept=1.0000 swapped=True
i=11 pair=(7,5) lam_t=1.00286 lam_s=1.00714 tsr_diff=0.003505 integral_mean=-0.000159 integral_std=0.002959 log_ratio=-0.3822 accept=0.6824 swapped=True
i=11 pair=(0,1) lam_t=1.01143 lam_s=1.01571 tsr_diff=0.003456 integral_mean=0.000256 integral_std=0.005185 log_ratio=0.0000 accept=1.0000 swapped=True
i=12 pair=(4,2) lam_t=0.99000 lam_s=0.99429 tsr_diff=0.003894 integral_mean=0.000000 integral_std=0.003450 log_ratio=0.0000 accept=1.0000 swapped=True
i=12 pair=(6,5) lam_t=0.99857 lam_s=1.00286 tsr_diff=0.003834 integral_mean=-0.000040 integral_std=0.003092 log_ratio=-0.0950 accept=0.9093 swapped=True
i=12 pair=(7,1) lam_t=1.00714 lam_s=1.01143 tsr_diff=0.003776 integral_mean=-0.000037 integral_std=0.004685 log_ratio=-0.0880 accept=0.9158 swapped=True
i=12 pair=(0,3) lam_t=1.01571 lam_s=1.02000 tsr_diff=0.003719 integral_mean=0.000153 integral_std=0.007343 log_ratio=0.0000 accept=1.0000 swapped=True
i=13 pair=(4,5) lam_t=0.99429 lam_s=0.99857 tsr_diff=0.004100 integral_mean=-0.000091 integral_std=0.005564 log_ratio=-0.2194 accept=0.8030 swapped=True
i=13 pair=(6,1) lam_t=1.00286 lam_s=1.00714 tsr_diff=0.004034 integral_mean=0.000117 integral_std=0.006959 log_ratio=0.0000 accept=1.0000 swapped=True
i=13 pair=(7,3) lam_t=1.01143 lam_s=1.01571 tsr_diff=0.003969 integral_mean=0.000070 integral_std=0.006958 log_ratio=0.0000 accept=1.0000 swapped=True
Best Sample: 5 log probability -0.024
Saved 1 samples to: logs/pointmaze-giant-navigate-v0/inference/plans/release_H400_T256_LimitsNormalizer_b1_condFalse/2026-07-15 11:35:06/9/0.png
Saved 1 samples to: logs/pointmaze-giant-navigate-v0/inference/plans/release_H400_T256_LimitsNormalizer_b1_condFalse/2026-07-15 11:35:06/9/rollout.png
i=0 pair=(0,1) lam_t=0.99000 lam_s=0.99429 tsr_diff=0.000000 integral_mean=0.000000 integral_std=0.000000 log_ratio=0.0000 accept=1.0000 swapped=True
i=0 pair=(2,3) lam_t=0.99857 lam_s=1.00286 tsr_diff=0.000000 integral_mean=0.000000 integral_std=0.000000 log_ratio=0.0000 accept=1.0000 swapped=True
i=0 pair=(4,5) lam_t=1.00714 lam_s=1.01143 tsr_diff=0.000000 integral_mean=0.000000 integral_std=0.000000 log_ratio=0.0000 accept=1.0000 swapped=True
i=0 pair=(6,7) lam_t=1.01571 lam_s=1.02000 tsr_diff=0.000000 integral_mean=0.000000 integral_std=0.000000 log_ratio=0.0000 accept=1.0000 swapped=True
i=1 pair=(0,3) lam_t=0.99429 lam_s=0.99857 tsr_diff=0.000046 integral_mean=0.000000 integral_std=0.000045 log_ratio=0.0000 accept=1.0000 swapped=True
i=1 pair=(2,5) lam_t=1.00286 lam_s=1.00714 tsr_diff=0.000046 integral_mean=-0.000001 integral_std=0.000046 log_ratio=-0.0027 accept=0.9973 swapped=True
i=1 pair=(4,7) lam_t=1.01143 lam_s=1.01571 tsr_diff=0.000046 integral_mean=0.000001 integral_std=0.000045 log_ratio=0.0000 accept=1.0000 swapped=True
i=2 pair=(1,3) lam_t=0.99000 lam_s=0.99429 tsr_diff=0.000181 integral_mean=-0.000000 integral_std=0.000185 log_ratio=-0.0001 accept=0.9999 swapped=True
i=2 pair=(0,5) lam_t=0.99857 lam_s=1.00286 tsr_diff=0.000181 integral_mean=0.000002 integral_std=0.000176 log_ratio=0.0000 accept=1.0000 swapped=True
i=2 pair=(2,7) lam_t=1.00714 lam_s=1.01143 tsr_diff=0.000181 integral_mean=-0.000005 integral_std=0.000195 log_ratio=-0.0117 accept=0.9883 swapped=True
i=2 pair=(4,6) lam_t=1.01571 lam_s=1.02000 tsr_diff=0.000181 integral_mean=0.000004 integral_std=0.000178 log_ratio=0.0000 accept=1.0000 swapped=True
i=3 pair=(1,5) lam_t=0.99429 lam_s=0.99857 tsr_diff=0.000400 integral_mean=0.000004 integral_std=0.000407 log_ratio=0.0000 accept=1.0000 swapped=True
i=3 pair=(0,7) lam_t=1.00286 lam_s=1.00714 tsr_diff=0.000400 integral_mean=-0.000003 integral_std=0.000442 log_ratio=-0.0077 accept=0.9924 swapped=True
i=3 pair=(2,6) lam_t=1.01143 lam_s=1.01571 tsr_diff=0.000399 integral_mean=-0.000010 integral_std=0.000420 log_ratio=-0.0251 accept=0.9752 swapped=True
i=4 pair=(3,5) lam_t=0.99000 lam_s=0.99429 tsr_diff=0.000695 integral_mean=0.000024 integral_std=0.000669 log_ratio=0.0000 accept=1.0000 swapped=True
i=4 pair=(1,7) lam_t=0.99857 lam_s=1.00286 tsr_diff=0.000693 integral_mean=0.000016 integral_std=0.000816 log_ratio=0.0000 accept=1.0000 swapped=True
i=4 pair=(0,6) lam_t=1.00714 lam_s=1.01143 tsr_diff=0.000691 integral_mean=0.000025 integral_std=0.000666 log_ratio=0.0000 accept=1.0000 swapped=True
i=4 pair=(2,4) lam_t=1.01571 lam_s=1.02000 tsr_diff=0.000689 integral_mean=-0.000016 integral_std=0.000682 log_ratio=-0.0376 accept=0.9631 swapped=True
i=5 pair=(3,7) lam_t=0.99429 lam_s=0.99857 tsr_diff=0.001051 integral_mean=-0.000052 integral_std=0.001032 log_ratio=-0.1255 accept=0.8821 swapped=True
i=5 pair=(1,6) lam_t=1.00286 lam_s=1.00714 tsr_diff=0.001046 integral_mean=0.000043 integral_std=0.001134 log_ratio=0.0000 accept=1.0000 swapped=True
i=5 pair=(0,4) lam_t=1.01143 lam_s=1.01571 tsr_diff=0.001042 integral_mean=0.000033 integral_std=0.001016 log_ratio=0.0000 accept=1.0000 swapped=True
i=6 pair=(5,7) lam_t=0.99000 lam_s=0.99429 tsr_diff=0.001459 integral_mean=-0.000024 integral_std=0.001350 log_ratio=-0.0575 accept=0.9441 swapped=True
i=6 pair=(3,6) lam_t=0.99857 lam_s=1.00286 tsr_diff=0.001450 integral_mean=0.000012 integral_std=0.001371 log_ratio=0.0000 accept=1.0000 swapped=True
i=6 pair=(1,4) lam_t=1.00714 lam_s=1.01143 tsr_diff=0.001442 integral_mean=0.000018 integral_std=0.001479 log_ratio=0.0000 accept=1.0000 swapped=True
i=6 pair=(0,2) lam_t=1.01571 lam_s=1.02000 tsr_diff=0.001433 integral_mean=-0.000047 integral_std=0.001606 log_ratio=-0.1121 accept=0.8940 swapped=True
i=7 pair=(5,6) lam_t=0.99429 lam_s=0.99857 tsr_diff=0.001888 integral_mean=0.000001 integral_std=0.001739 log_ratio=0.0000 accept=1.0000 swapped=True
i=7 pair=(3,4) lam_t=1.00286 lam_s=1.00714 tsr_diff=0.001874 integral_mean=0.000070 integral_std=0.001719 log_ratio=0.0000 accept=1.0000 swapped=True
i=7 pair=(1,2) lam_t=1.01143 lam_s=1.01571 tsr_diff=0.001860 integral_mean=0.000001 integral_std=0.002091 log_ratio=0.0000 accept=1.0000 swapped=True
i=8 pair=(7,6) lam_t=0.99000 lam_s=0.99429 tsr_diff=0.002345 integral_mean=0.000024 integral_std=0.002172 log_ratio=0.0000 accept=1.0000 swapped=True
i=8 pair=(5,4) lam_t=0.99857 lam_s=1.00286 tsr_diff=0.002323 integral_mean=0.000100 integral_std=0.002055 log_ratio=0.0000 accept=1.0000 swapped=True
i=8 pair=(3,2) lam_t=1.00714 lam_s=1.01143 tsr_diff=0.002302 integral_mean=-0.000107 integral_std=0.002366 log_ratio=-0.2560 accept=0.7741 swapped=True
i=8 pair=(1,0) lam_t=1.01571 lam_s=1.02000 tsr_diff=0.002281 integral_mean=0.000039 integral_std=0.002717 log_ratio=0.0000 accept=1.0000 swapped=True
i=9 pair=(7,4) lam_t=0.99429 lam_s=0.99857 tsr_diff=0.002773 integral_mean=0.000039 integral_std=0.002653 log_ratio=0.0000 accept=1.0000 swapped=True
i=9 pair=(5,2) lam_t=1.00286 lam_s=1.00714 tsr_diff=0.002742 integral_mean=-0.000181 integral_std=0.003063 log_ratio=-0.4345 accept=0.6476 swapped=False
i=9 pair=(3,0) lam_t=1.01143 lam_s=1.01571 tsr_diff=0.002712 integral_mean=-0.000029 integral_std=0.002990 log_ratio=-0.0697 accept=0.9327 swapped=True
i=10 pair=(6,4) lam_t=0.99000 lam_s=0.99429 tsr_diff=0.003206 integral_mean=0.000055 integral_std=0.002961 log_ratio=0.0000 accept=1.0000 swapped=True
i=10 pair=(7,5) lam_t=0.99857 lam_s=1.00286 tsr_diff=0.003165 integral_mean=-0.000155 integral_std=0.002846 log_ratio=-0.3732 accept=0.6885 swapped=True
i=10 pair=(2,0) lam_t=1.00714 lam_s=1.01143 tsr_diff=0.003125 integral_mean=0.000139 integral_std=0.003662 log_ratio=0.0000 accept=1.0000 swapped=True
i=10 pair=(3,1) lam_t=1.01571 lam_s=1.02000 tsr_diff=0.003086 integral_mean=-0.000188 integral_std=0.004037 log_ratio=-0.4519 accept=0.6364 swapped=True
i=11 pair=(6,5) lam_t=0.99429 lam_s=0.99857 tsr_diff=0.003554 integral_mean=-0.000001 integral_std=0.003186 log_ratio=-0.0024 accept=0.9976 swapped=True
i=11 pair=(7,0) lam_t=1.00286 lam_s=1.00714 tsr_diff=0.003505 integral_mean=-0.000161 integral_std=0.004091 log_ratio=-0.3856 accept=0.6800 swapped=False
i=11 pair=(2,1) lam_t=1.01143 lam_s=1.01571 tsr_diff=0.003456 integral_mean=-0.000033 integral_std=0.005073 log_ratio=-0.0799 accept=0.9232 swapped=True
i=12 pair=(4,5) lam_t=0.99000 lam_s=0.99429 tsr_diff=0.003894 integral_mean=-0.000125 integral_std=0.003235 log_ratio=-0.2990 accept=0.7416 swapped=True
i=12 pair=(6,7) lam_t=0.99857 lam_s=1.00286 tsr_diff=0.003834 integral_mean=0.000167 integral_std=0.004032 log_ratio=0.0000 accept=1.0000 swapped=True
i=12 pair=(0,1) lam_t=1.00714 lam_s=1.01143 tsr_diff=0.003776 integral_mean=-0.000042 integral_std=0.008018 log_ratio=-0.0999 accept=0.9049 swapped=True
i=12 pair=(2,3) lam_t=1.01571 lam_s=1.02000 tsr_diff=0.003719 integral_mean=0.000276 integral_std=0.005330 log_ratio=0.0000 accept=1.0000 swapped=True
i=13 pair=(4,7) lam_t=0.99429 lam_s=0.99857 tsr_diff=0.004100 integral_mean=0.000235 integral_std=0.003925 log_ratio=0.0000 accept=1.0000 swapped=True
i=13 pair=(6,1) lam_t=1.00286 lam_s=1.00714 tsr_diff=0.004034 integral_mean=-0.000344 integral_std=0.012051 log_ratio=-0.8246 accept=0.4384 swapped=False
i=13 pair=(0,3) lam_t=1.01143 lam_s=1.01571 tsr_diff=0.003969 integral_mean=0.000563 integral_std=0.007357 log_ratio=0.0000 accept=1.0000 swapped=True
Best Sample: 4 log probability -0.275
Saved 1 samples to: logs/pointmaze-giant-navigate-v0/inference/plans/release_H400_T256_LimitsNormalizer_b1_condFalse/2026-07-15 11:35:06/10/0.png
Saved 1 samples to: logs/pointmaze-giant-navigate-v0/inference/plans/release_H400_T256_LimitsNormalizer_b1_condFalse/2026-07-15 11:35:06/10/rollout.png
i=0 pair=(0,1) lam_t=0.99000 lam_s=0.99429 tsr_diff=0.000000 integral_mean=0.000000 integral_std=0.000000 log_ratio=0.0000 accept=1.0000 swapped=True
i=0 pair=(2,3) lam_t=0.99857 lam_s=1.00286 tsr_diff=0.000000 integral_mean=0.000000 integral_std=0.000000 log_ratio=0.0000 accept=1.0000 swapped=True
i=0 pair=(4,5) lam_t=1.00714 lam_s=1.01143 tsr_diff=0.000000 integral_mean=0.000000 integral_std=0.000000 log_ratio=0.0000 accept=1.0000 swapped=True
i=0 pair=(6,7) lam_t=1.01571 lam_s=1.02000 tsr_diff=0.000000 integral_mean=0.000000 integral_std=0.000000 log_ratio=0.0000 accept=1.0000 swapped=True
i=1 pair=(0,3) lam_t=0.99429 lam_s=0.99857 tsr_diff=0.000046 integral_mean=-0.000001 integral_std=0.000048 log_ratio=-0.0020 accept=0.9980 swapped=True
i=1 pair=(2,5) lam_t=1.00286 lam_s=1.00714 tsr_diff=0.000046 integral_mean=0.000000 integral_std=0.000048 log_ratio=0.0000 accept=1.0000 swapped=True
i=1 pair=(4,7) lam_t=1.01143 lam_s=1.01571 tsr_diff=0.000046 integral_mean=-0.000001 integral_std=0.000047 log_ratio=-0.0030 accept=0.9970 swapped=True
i=2 pair=(1,3) lam_t=0.99000 lam_s=0.99429 tsr_diff=0.000181 integral_mean=0.000001 integral_std=0.000180 log_ratio=0.0000 accept=1.0000 swapped=True
i=2 pair=(0,5) lam_t=0.99857 lam_s=1.00286 tsr_diff=0.000181 integral_mean=0.000003 integral_std=0.000181 log_ratio=0.0000 accept=1.0000 swapped=True
i=2 pair=(2,7) lam_t=1.00714 lam_s=1.01143 tsr_diff=0.000181 integral_mean=0.000000 integral_std=0.000182 log_ratio=0.0000 accept=1.0000 swapped=True
i=2 pair=(4,6) lam_t=1.01571 lam_s=1.02000 tsr_diff=0.000181 integral_mean=-0.000000 integral_std=0.000174 log_ratio=-0.0001 accept=0.9999 swapped=True
i=3 pair=(1,5) lam_t=0.99429 lam_s=0.99857 tsr_diff=0.000400 integral_mean=0.000007 integral_std=0.000394 log_ratio=0.0000 accept=1.0000 swapped=True
i=3 pair=(0,7) lam_t=1.00286 lam_s=1.00714 tsr_diff=0.000400 integral_mean=-0.000007 integral_std=0.000420 log_ratio=-0.0175 accept=0.9827 swapped=True
i=3 pair=(2,6) lam_t=1.01143 lam_s=1.01571 tsr_diff=0.000399 integral_mean=0.000001 integral_std=0.000440 log_ratio=0.0000 accept=1.0000 swapped=True
i=4 pair=(3,5) lam_t=0.99000 lam_s=0.99429 tsr_diff=0.000695 integral_mean=0.000011 integral_std=0.000683 log_ratio=0.0000 accept=1.0000 swapped=True
i=4 pair=(1,7) lam_t=0.99857 lam_s=1.00286 tsr_diff=0.000693 integral_mean=0.000012 integral_std=0.000702 log_ratio=0.0000 accept=1.0000 swapped=True
i=4 pair=(0,6) lam_t=1.00714 lam_s=1.01143 tsr_diff=0.000691 integral_mean=0.000023 integral_std=0.000707 log_ratio=0.0000 accept=1.0000 swapped=True
i=4 pair=(2,4) lam_t=1.01571 lam_s=1.02000 tsr_diff=0.000689 integral_mean=0.000035 integral_std=0.000757 log_ratio=0.0000 accept=1.0000 swapped=True
i=5 pair=(3,7) lam_t=0.99429 lam_s=0.99857 tsr_diff=0.001051 integral_mean=-0.000007 integral_std=0.001156 log_ratio=-0.0161 accept=0.9841 swapped=True
i=5 pair=(1,6) lam_t=1.00286 lam_s=1.00714 tsr_diff=0.001046 integral_mean=0.000051 integral_std=0.001063 log_ratio=0.0000 accept=1.0000 swapped=True
i=5 pair=(0,4) lam_t=1.01143 lam_s=1.01571 tsr_diff=0.001042 integral_mean=0.000018 integral_std=0.001037 log_ratio=0.0000 accept=1.0000 swapped=True
i=6 pair=(5,7) lam_t=0.99000 lam_s=0.99429 tsr_diff=0.001459 integral_mean=-0.000083 integral_std=0.001554 log_ratio=-0.1988 accept=0.8197 swapped=True
i=6 pair=(3,6) lam_t=0.99857 lam_s=1.00286 tsr_diff=0.001450 integral_mean=0.000028 integral_std=0.001364 log_ratio=0.0000 accept=1.0000 swapped=True
i=6 pair=(1,4) lam_t=1.00714 lam_s=1.01143 tsr_diff=0.001442 integral_mean=0.000022 integral_std=0.001469 log_ratio=0.0000 accept=1.0000 swapped=True
i=6 pair=(0,2) lam_t=1.01571 lam_s=1.02000 tsr_diff=0.001433 integral_mean=-0.000228 integral_std=0.001871 log_ratio=-0.5477 accept=0.5783 swapped=False
i=7 pair=(5,6) lam_t=0.99429 lam_s=0.99857 tsr_diff=0.001888 integral_mean=-0.000025 integral_std=0.001794 log_ratio=-0.0597 accept=0.9420 swapped=True
i=7 pair=(3,4) lam_t=1.00286 lam_s=1.00714 tsr_diff=0.001874 integral_mean=0.000079 integral_std=0.001716 log_ratio=0.0000 accept=1.0000 swapped=True
i=7 pair=(1,0) lam_t=1.01143 lam_s=1.01571 tsr_diff=0.001860 integral_mean=-0.000035 integral_std=0.002170 log_ratio=-0.0837 accept=0.9197 swapped=True
i=8 pair=(7,6) lam_t=0.99000 lam_s=0.99429 tsr_diff=0.002345 integral_mean=-0.000022 integral_std=0.002369 log_ratio=-0.0520 accept=0.9493 swapped=True
i=8 pair=(5,4) lam_t=0.99857 lam_s=1.00286 tsr_diff=0.002323 integral_mean=-0.000007 integral_std=0.002308 log_ratio=-0.0162 accept=0.9839 swapped=True
i=8 pair=(3,0) lam_t=1.00714 lam_s=1.01143 tsr_diff=0.002302 integral_mean=-0.000109 integral_std=0.002405 log_ratio=-0.2611 accept=0.7702 swapped=True
i=8 pair=(1,2) lam_t=1.01571 lam_s=1.02000 tsr_diff=0.002281 integral_mean=-0.000350 integral_std=0.002841 log_ratio=-0.8400 accept=0.4317 swapped=False
i=9 pair=(7,4) lam_t=0.99429 lam_s=0.99857 tsr_diff=0.002773 integral_mean=-0.000083 integral_std=0.002670 log_ratio=-0.1989 accept=0.8197 swapped=True
i=9 pair=(5,0) lam_t=1.00286 lam_s=1.00714 tsr_diff=0.002742 integral_mean=-0.000067 integral_std=0.003225 log_ratio=-0.1617 accept=0.8507 swapped=False
i=9 pair=(3,1) lam_t=1.01143 lam_s=1.01571 tsr_diff=0.002712 integral_mean=-0.000161 integral_std=0.002925 log_ratio=-0.3860 accept=0.6798 swapped=False
i=10 pair=(6,4) lam_t=0.99000 lam_s=0.99429 tsr_diff=0.003206 integral_mean=-0.000052 integral_std=0.002749 log_ratio=-0.1248 accept=0.8827 swapped=True
i=10 pair=(7,5) lam_t=0.99857 lam_s=1.00286 tsr_diff=0.003165 integral_mean=-0.000049 integral_std=0.003202 log_ratio=-0.1181 accept=0.8886 swapped=True
i=10 pair=(0,3) lam_t=1.00714 lam_s=1.01143 tsr_diff=0.003125 integral_mean=0.000157 integral_std=0.003321 log_ratio=0.0000 accept=1.0000 swapped=True
i=10 pair=(1,2) lam_t=1.01571 lam_s=1.02000 tsr_diff=0.003086 integral_mean=-0.000508 integral_std=0.004969 log_ratio=-1.2203 accept=0.2951 swapped=True
i=11 pair=(6,5) lam_t=0.99429 lam_s=0.99857 tsr_diff=0.003554 integral_mean=-0.000074 integral_std=0.004132 log_ratio=-0.1779 accept=0.8370 swapped=True
i=11 pair=(7,3) lam_t=1.00286 lam_s=1.00714 tsr_diff=0.003505 integral_mean=0.000143 integral_std=0.003920 log_ratio=0.0000 accept=1.0000 swapped=True
i=11 pair=(0,2) lam_t=1.01143 lam_s=1.01571 tsr_diff=0.003456 integral_mean=-0.000628 integral_std=0.005641 log_ratio=-1.5083 accept=0.2213 swapped=False
i=12 pair=(4,5) lam_t=0.99000 lam_s=0.99429 tsr_diff=0.003894 integral_mean=-0.000106 integral_std=0.005684 log_ratio=-0.2537 accept=0.7759 swapped=True
i=12 pair=(6,3) lam_t=0.99857 lam_s=1.00286 tsr_diff=0.003834 integral_mean=0.000078 integral_std=0.002878 log_ratio=0.0000 accept=1.0000 swapped=True
i=12 pair=(7,0) lam_t=1.00714 lam_s=1.01143 tsr_diff=0.003776 integral_mean=-0.000279 integral_std=0.006239 log_ratio=-0.6685 accept=0.5125 swapped=True
i=12 pair=(2,1) lam_t=1.01571 lam_s=1.02000 tsr_diff=0.003719 integral_mean=0.000192 integral_std=0.008015 log_ratio=0.0000 accept=1.0000 swapped=True
i=13 pair=(4,3) lam_t=0.99429 lam_s=0.99857 tsr_diff=0.004100 integral_mean=0.000103 integral_std=0.003277 log_ratio=0.0000 accept=1.0000 swapped=True
i=13 pair=(6,0) lam_t=1.00286 lam_s=1.00714 tsr_diff=0.004034 integral_mean=-0.000558 integral_std=0.007790 log_ratio=-1.3398 accept=0.2619 swapped=False
i=13 pair=(7,1) lam_t=1.01143 lam_s=1.01571 tsr_diff=0.003969 integral_mean=-0.000195 integral_std=0.007692 log_ratio=-0.4679 accept=0.6263 swapped=False
Best Sample: 4 log probability -0.019
Saved 1 samples to: logs/pointmaze-giant-navigate-v0/inference/plans/release_H400_T256_LimitsNormalizer_b1_condFalse/2026-07-15 11:35:06/11/0.png
Saved 1 samples to: logs/pointmaze-giant-navigate-v0/inference/plans/release_H400_T256_LimitsNormalizer_b1_condFalse/2026-07-15 11:35:06/11/rollout.png
i=0 pair=(0,1) lam_t=0.99000 lam_s=0.99429 tsr_diff=0.000000 integral_mean=0.000000 integral_std=0.000000 log_ratio=0.0000 accept=1.0000 swapped=True
i=0 pair=(2,3) lam_t=0.99857 lam_s=1.00286 tsr_diff=0.000000 integral_mean=0.000000 integral_std=0.000000 log_ratio=0.0000 accept=1.0000 swapped=True
i=0 pair=(4,5) lam_t=1.00714 lam_s=1.01143 tsr_diff=0.000000 integral_mean=0.000000 integral_std=0.000000 log_ratio=0.0000 accept=1.0000 swapped=True
i=0 pair=(6,7) lam_t=1.01571 lam_s=1.02000 tsr_diff=0.000000 integral_mean=0.000000 integral_std=0.000000 log_ratio=0.0000 accept=1.0000 swapped=True
i=1 pair=(0,3) lam_t=0.99429 lam_s=0.99857 tsr_diff=0.000046 integral_mean=-0.000001 integral_std=0.000046 log_ratio=-0.0033 accept=0.9967 swapped=True
i=1 pair=(2,5) lam_t=1.00286 lam_s=1.00714 tsr_diff=0.000046 integral_mean=-0.000000 integral_std=0.000043 log_ratio=-0.0007 accept=0.9993 swapped=True
i=1 pair=(4,7) lam_t=1.01143 lam_s=1.01571 tsr_diff=0.000046 integral_mean=-0.000001 integral_std=0.000049 log_ratio=-0.0034 accept=0.9966 swapped=True
i=2 pair=(1,3) lam_t=0.99000 lam_s=0.99429 tsr_diff=0.000181 integral_mean=0.000005 integral_std=0.000186 log_ratio=0.0000 accept=1.0000 swapped=True
i=2 pair=(0,5) lam_t=0.99857 lam_s=1.00286 tsr_diff=0.000181 integral_mean=0.000000 integral_std=0.000185 log_ratio=0.0000 accept=1.0000 swapped=True
i=2 pair=(2,7) lam_t=1.00714 lam_s=1.01143 tsr_diff=0.000181 integral_mean=-0.000002 integral_std=0.000191 log_ratio=-0.0043 accept=0.9957 swapped=True
i=2 pair=(4,6) lam_t=1.01571 lam_s=1.02000 tsr_diff=0.000181 integral_mean=-0.000012 integral_std=0.000186 log_ratio=-0.0284 accept=0.9720 swapped=True
i=3 pair=(1,5) lam_t=0.99429 lam_s=0.99857 tsr_diff=0.000400 integral_mean=-0.000001 integral_std=0.000383 log_ratio=-0.0021 accept=0.9979 swapped=True
i=3 pair=(0,7) lam_t=1.00286 lam_s=1.00714 tsr_diff=0.000400 integral_mean=-0.000018 integral_std=0.000431 log_ratio=-0.0438 accept=0.9572 swapped=True
i=3 pair=(2,6) lam_t=1.01143 lam_s=1.01571 tsr_diff=0.000399 integral_mean=-0.000000 integral_std=0.000398 log_ratio=-0.0006 accept=0.9994 swapped=True
i=4 pair=(3,5) lam_t=0.99000 lam_s=0.99429 tsr_diff=0.000695 integral_mean=-0.000008 integral_std=0.000677 log_ratio=-0.0197 accept=0.9805 swapped=True
i=4 pair=(1,7) lam_t=0.99857 lam_s=1.00286 tsr_diff=0.000693 integral_mean=-0.000030 integral_std=0.000711 log_ratio=-0.0723 accept=0.9302 swapped=False
i=4 pair=(0,6) lam_t=1.00714 lam_s=1.01143 tsr_diff=0.000691 integral_mean=-0.000018 integral_std=0.000719 log_ratio=-0.0444 accept=0.9566 swapped=False
i=4 pair=(2,4) lam_t=1.01571 lam_s=1.02000 tsr_diff=0.000689 integral_mean=0.000008 integral_std=0.000737 log_ratio=0.0000 accept=1.0000 swapped=True
i=5 pair=(3,1) lam_t=0.99429 lam_s=0.99857 tsr_diff=0.001051 integral_mean=-0.000036 integral_std=0.001041 log_ratio=-0.0866 accept=0.9171 swapped=True
i=5 pair=(7,0) lam_t=1.00286 lam_s=1.00714 tsr_diff=0.001046 integral_mean=0.000057 integral_std=0.001041 log_ratio=0.0000 accept=1.0000 swapped=True
i=5 pair=(6,4) lam_t=1.01143 lam_s=1.01571 tsr_diff=0.001042 integral_mean=-0.000008 integral_std=0.001071 log_ratio=-0.0184 accept=0.9817 swapped=True
i=6 pair=(5,1) lam_t=0.99000 lam_s=0.99429 tsr_diff=0.001459 integral_mean=-0.000116 integral_std=0.001637 log_ratio=-0.2789 accept=0.7566 swapped=True
i=6 pair=(3,0) lam_t=0.99857 lam_s=1.00286 tsr_diff=0.001450 integral_mean=0.000016 integral_std=0.001761 log_ratio=0.0000 accept=1.0000 swapped=True
i=6 pair=(7,4) lam_t=1.00714 lam_s=1.01143 tsr_diff=0.001442 integral_mean=0.000005 integral_std=0.001492 log_ratio=0.0000 accept=1.0000 swapped=True
i=6 pair=(6,2) lam_t=1.01571 lam_s=1.02000 tsr_diff=0.001433 integral_mean=-0.000018 integral_std=0.001462 log_ratio=-0.0429 accept=0.9580 swapped=True
i=7 pair=(5,0) lam_t=0.99429 lam_s=0.99857 tsr_diff=0.001888 integral_mean=-0.000186 integral_std=0.002133 log_ratio=-0.4469 accept=0.6396 swapped=True
i=7 pair=(3,4) lam_t=1.00286 lam_s=1.00714 tsr_diff=0.001874 integral_mean=0.000278 integral_std=0.002103 log_ratio=0.0000 accept=1.0000 swapped=True
i=7 pair=(7,2) lam_t=1.01143 lam_s=1.01571 tsr_diff=0.001860 integral_mean=-0.000065 integral_std=0.002024 log_ratio=-0.1562 accept=0.8554 swapped=True
i=8 pair=(1,0) lam_t=0.99000 lam_s=0.99429 tsr_diff=0.002345 integral_mean=0.000016 integral_std=0.002430 log_ratio=0.0000 accept=1.0000 swapped=True
i=8 pair=(5,4) lam_t=0.99857 lam_s=1.00286 tsr_diff=0.002323 integral_mean=0.000008 integral_std=0.002244 log_ratio=0.0000 accept=1.0000 swapped=True
i=8 pair=(3,2) lam_t=1.00714 lam_s=1.01143 tsr_diff=0.002302 integral_mean=0.000199 integral_std=0.002702 log_ratio=0.0000 accept=1.0000 swapped=True
i=8 pair=(7,6) lam_t=1.01571 lam_s=1.02000 tsr_diff=0.002281 integral_mean=-0.000029 integral_std=0.002418 log_ratio=-0.0692 accept=0.9332 swapped=False
i=9 pair=(1,4) lam_t=0.99429 lam_s=0.99857 tsr_diff=0.002773 integral_mean=0.000075 integral_std=0.003077 log_ratio=0.0000 accept=1.0000 swapped=True
i=9 pair=(5,2) lam_t=1.00286 lam_s=1.00714 tsr_diff=0.002742 integral_mean=-0.000163 integral_std=0.003285 log_ratio=-0.3906 accept=0.6766 swapped=True
i=9 pair=(3,7) lam_t=1.01143 lam_s=1.01571 tsr_diff=0.002712 integral_mean=0.000282 integral_std=0.003529 log_ratio=0.0000 accept=1.0000 swapped=True
i=10 pair=(0,4) lam_t=0.99000 lam_s=0.99429 tsr_diff=0.003206 integral_mean=-0.000079 integral_std=0.003947 log_ratio=-0.1888 accept=0.8279 swapped=True
i=10 pair=(1,2) lam_t=0.99857 lam_s=1.00286 tsr_diff=0.003165 integral_mean=-0.000072 integral_std=0.003530 log_ratio=-0.1736 accept=0.8406 swapped=True
i=10 pair=(5,7) lam_t=1.00714 lam_s=1.01143 tsr_diff=0.003125 integral_mean=-0.000042 integral_std=0.003215 log_ratio=-0.1015 accept=0.9035 swapped=True
i=10 pair=(3,6) lam_t=1.01571 lam_s=1.02000 tsr_diff=0.003086 integral_mean=0.000065 integral_std=0.004686 log_ratio=0.0000 accept=1.0000 swapped=True
i=11 pair=(0,2) lam_t=0.99429 lam_s=0.99857 tsr_diff=0.003554 integral_mean=-0.000194 integral_std=0.005822 log_ratio=-0.4647 accept=0.6283 swapped=True
i=11 pair=(1,7) lam_t=1.00286 lam_s=1.00714 tsr_diff=0.003505 integral_mean=-0.000015 integral_std=0.004171 log_ratio=-0.0349 accept=0.9657 swapped=True
i=11 pair=(5,6) lam_t=1.01143 lam_s=1.01571 tsr_diff=0.003456 integral_mean=-0.000193 integral_std=0.004966 log_ratio=-0.4636 accept=0.6290 swapped=True
i=12 pair=(4,2) lam_t=0.99000 lam_s=0.99429 tsr_diff=0.003894 integral_mean=-0.000188 integral_std=0.007227 log_ratio=-0.4515 accept=0.6367 swapped=True
i=12 pair=(0,7) lam_t=0.99857 lam_s=1.00286 tsr_diff=0.003834 integral_mean=0.000288 integral_std=0.006059 log_ratio=0.0000 accept=1.0000 swapped=True
i=12 pair=(1,6) lam_t=1.00714 lam_s=1.01143 tsr_diff=0.003776 integral_mean=-0.000307 integral_std=0.006978 log_ratio=-0.7368 accept=0.4786 swapped=False
i=12 pair=(5,3) lam_t=1.01571 lam_s=1.02000 tsr_diff=0.003719 integral_mean=-0.000851 integral_std=0.007336 log_ratio=-2.0414 accept=0.1299 swapped=False
i=13 pair=(4,7) lam_t=0.99429 lam_s=0.99857 tsr_diff=0.004100 integral_mean=0.000176 integral_std=0.007994 log_ratio=0.0000 accept=1.0000 swapped=True
i=13 pair=(0,1) lam_t=1.00286 lam_s=1.00714 tsr_diff=0.004034 integral_mean=0.000150 integral_std=0.007119 log_ratio=0.0000 accept=1.0000 swapped=True
i=13 pair=(6,5) lam_t=1.01143 lam_s=1.01571 tsr_diff=0.003969 integral_mean=0.000357 integral_std=0.010281 log_ratio=0.0000 accept=1.0000 swapped=True
Best Sample: 4 log probability -3.567
Saved 1 samples to: logs/pointmaze-giant-navigate-v0/inference/plans/release_H400_T256_LimitsNormalizer_b1_condFalse/2026-07-15 11:35:06/12/0.png
Saved 1 samples to: logs/pointmaze-giant-navigate-v0/inference/plans/release_H400_T256_LimitsNormalizer_b1_condFalse/2026-07-15 11:35:06/12/rollout.png
i=0 pair=(0,1) lam_t=0.99000 lam_s=0.99429 tsr_diff=0.000000 integral_mean=0.000000 integral_std=0.000000 log_ratio=0.0000 accept=1.0000 swapped=True
i=0 pair=(2,3) lam_t=0.99857 lam_s=1.00286 tsr_diff=0.000000 integral_mean=0.000000 integral_std=0.000000 log_ratio=0.0000 accept=1.0000 swapped=True
i=0 pair=(4,5) lam_t=1.00714 lam_s=1.01143 tsr_diff=0.000000 integral_mean=0.000000 integral_std=0.000000 log_ratio=0.0000 accept=1.0000 swapped=True
i=0 pair=(6,7) lam_t=1.01571 lam_s=1.02000 tsr_diff=0.000000 integral_mean=0.000000 integral_std=0.000000 log_ratio=0.0000 accept=1.0000 swapped=True
i=1 pair=(0,3) lam_t=0.99429 lam_s=0.99857 tsr_diff=0.000046 integral_mean=-0.000000 integral_std=0.000043 log_ratio=-0.0000 accept=1.0000 swapped=True
i=1 pair=(2,5) lam_t=1.00286 lam_s=1.00714 tsr_diff=0.000046 integral_mean=-0.000000 integral_std=0.000046 log_ratio=-0.0006 accept=0.9994 swapped=True
i=1 pair=(4,7) lam_t=1.01143 lam_s=1.01571 tsr_diff=0.000046 integral_mean=-0.000002 integral_std=0.000043 log_ratio=-0.0041 accept=0.9959 swapped=True
i=2 pair=(1,3) lam_t=0.99000 lam_s=0.99429 tsr_diff=0.000181 integral_mean=-0.000128 integral_std=0.000355 log_ratio=-0.3074 accept=0.7353 swapped=True
i=2 pair=(0,5) lam_t=0.99857 lam_s=1.00286 tsr_diff=0.000181 integral_mean=-0.000000 integral_std=0.000177 log_ratio=-0.0003 accept=0.9997 swapped=True
i=2 pair=(2,7) lam_t=1.00714 lam_s=1.01143 tsr_diff=0.000181 integral_mean=0.000004 integral_std=0.000184 log_ratio=0.0000 accept=1.0000 swapped=True
i=2 pair=(4,6) lam_t=1.01571 lam_s=1.02000 tsr_diff=0.000181 integral_mean=-0.000001 integral_std=0.000184 log_ratio=-0.0014 accept=0.9986 swapped=True
i=3 pair=(1,5) lam_t=0.99429 lam_s=0.99857 tsr_diff=0.000400 integral_mean=0.000010 integral_std=0.000402 log_ratio=0.0000 accept=1.0000 swapped=True
i=3 pair=(0,7) lam_t=1.00286 lam_s=1.00714 tsr_diff=0.000400 integral_mean=0.000005 integral_std=0.000420 log_ratio=0.0000 accept=1.0000 swapped=True
i=3 pair=(2,6) lam_t=1.01143 lam_s=1.01571 tsr_diff=0.000399 integral_mean=-0.000002 integral_std=0.000383 log_ratio=-0.0046 accept=0.9954 swapped=True
i=4 pair=(3,5) lam_t=0.99000 lam_s=0.99429 tsr_diff=0.000695 integral_mean=0.000032 integral_std=0.000732 log_ratio=0.0000 accept=1.0000 swapped=True
i=4 pair=(1,7) lam_t=0.99857 lam_s=1.00286 tsr_diff=0.000693 integral_mean=-0.000013 integral_std=0.000677 log_ratio=-0.0312 accept=0.9693 swapped=True
i=4 pair=(0,6) lam_t=1.00714 lam_s=1.01143 tsr_diff=0.000691 integral_mean=-0.000007 integral_std=0.000663 log_ratio=-0.0163 accept=0.9838 swapped=True
i=4 pair=(2,4) lam_t=1.01571 lam_s=1.02000 tsr_diff=0.000689 integral_mean=0.000008 integral_std=0.000678 log_ratio=0.0000 accept=1.0000 swapped=True
i=5 pair=(3,7) lam_t=0.99429 lam_s=0.99857 tsr_diff=0.001051 integral_mean=0.000046 integral_std=0.001063 log_ratio=0.0000 accept=1.0000 swapped=True
i=5 pair=(1,6) lam_t=1.00286 lam_s=1.00714 tsr_diff=0.001046 integral_mean=0.000018 integral_std=0.000985 log_ratio=0.0000 accept=1.0000 swapped=True
i=5 pair=(0,4) lam_t=1.01143 lam_s=1.01571 tsr_diff=0.001042 integral_mean=0.000020 integral_std=0.001038 log_ratio=0.0000 accept=1.0000 swapped=True
i=6 pair=(5,7) lam_t=0.99000 lam_s=0.99429 tsr_diff=0.001459 integral_mean=0.000045 integral_std=0.001411 log_ratio=0.0000 accept=1.0000 swapped=True
i=6 pair=(3,6) lam_t=0.99857 lam_s=1.00286 tsr_diff=0.001450 integral_mean=0.000054 integral_std=0.001425 log_ratio=0.0000 accept=1.0000 swapped=True
i=6 pair=(1,4) lam_t=1.00714 lam_s=1.01143 tsr_diff=0.001442 integral_mean=-0.000000 integral_std=0.001405 log_ratio=-0.0005 accept=0.9995 swapped=True
i=6 pair=(0,2) lam_t=1.01571 lam_s=1.02000 tsr_diff=0.001433 integral_mean=0.000048 integral_std=0.001479 log_ratio=0.0000 accept=1.0000 swapped=True
i=7 pair=(5,6) lam_t=0.99429 lam_s=0.99857 tsr_diff=0.001888 integral_mean=0.000029 integral_std=0.001824 log_ratio=0.0000 accept=1.0000 swapped=True
i=7 pair=(3,4) lam_t=1.00286 lam_s=1.00714 tsr_diff=0.001874 integral_mean=-0.000049 integral_std=0.001833 log_ratio=-0.1170 accept=0.8895 swapped=True
i=7 pair=(1,2) lam_t=1.01143 lam_s=1.01571 tsr_diff=0.001860 integral_mean=0.000004 integral_std=0.001861 log_ratio=0.0000 accept=1.0000 swapped=True
i=8 pair=(7,6) lam_t=0.99000 lam_s=0.99429 tsr_diff=0.002345 integral_mean=-0.000057 integral_std=0.002102 log_ratio=-0.1358 accept=0.8730 swapped=True
i=8 pair=(5,4) lam_t=0.99857 lam_s=1.00286 tsr_diff=0.002323 integral_mean=-0.000031 integral_std=0.002345 log_ratio=-0.0747 accept=0.9280 swapped=True
i=8 pair=(3,2) lam_t=1.00714 lam_s=1.01143 tsr_diff=0.002302 integral_mean=0.000127 integral_std=0.002785 log_ratio=0.0000 accept=1.0000 swapped=True
i=8 pair=(1,0) lam_t=1.01571 lam_s=1.02000 tsr_diff=0.002281 integral_mean=-0.000009 integral_std=0.002435 log_ratio=-0.0216 accept=0.9786 swapped=True
i=9 pair=(7,4) lam_t=0.99429 lam_s=0.99857 tsr_diff=0.002773 integral_mean=-0.000026 integral_std=0.002443 log_ratio=-0.0621 accept=0.9398 swapped=True
i=9 pair=(5,2) lam_t=1.00286 lam_s=1.00714 tsr_diff=0.002742 integral_mean=0.000003 integral_std=0.002824 log_ratio=0.0000 accept=1.0000 swapped=True
i=9 pair=(3,0) lam_t=1.01143 lam_s=1.01571 tsr_diff=0.002712 integral_mean=0.000147 integral_std=0.003039 log_ratio=0.0000 accept=1.0000 swapped=True
i=10 pair=(6,4) lam_t=0.99000 lam_s=0.99429 tsr_diff=0.003206 integral_mean=-0.000226 integral_std=0.002971 log_ratio=-0.5432 accept=0.5809 swapped=True
i=10 pair=(7,2) lam_t=0.99857 lam_s=1.00286 tsr_diff=0.003165 integral_mean=-0.000089 integral_std=0.003293 log_ratio=-0.2132 accept=0.8080 swapped=False
i=10 pair=(5,0) lam_t=1.00714 lam_s=1.01143 tsr_diff=0.003125 integral_mean=-0.000061 integral_std=0.003364 log_ratio=-0.1460 accept=0.8641 swapped=True
i=10 pair=(3,1) lam_t=1.01571 lam_s=1.02000 tsr_diff=0.003086 integral_mean=0.000172 integral_std=0.003901 log_ratio=0.0000 accept=1.0000 swapped=True
i=11 pair=(6,7) lam_t=0.99429 lam_s=0.99857 tsr_diff=0.003554 integral_mean=0.000007 integral_std=0.003006 log_ratio=0.0000 accept=1.0000 swapped=True
i=11 pair=(2,0) lam_t=1.00286 lam_s=1.00714 tsr_diff=0.003505 integral_mean=0.000077 integral_std=0.005635 log_ratio=0.0000 accept=1.0000 swapped=True
i=11 pair=(5,1) lam_t=1.01143 lam_s=1.01571 tsr_diff=0.003456 integral_mean=-0.000246 integral_std=0.005142 log_ratio=-0.5908 accept=0.5539 swapped=False
i=12 pair=(4,7) lam_t=0.99000 lam_s=0.99429 tsr_diff=0.003894 integral_mean=0.000070 integral_std=0.003143 log_ratio=0.0000 accept=1.0000 swapped=True
i=12 pair=(6,0) lam_t=0.99857 lam_s=1.00286 tsr_diff=0.003834 integral_mean=-0.000065 integral_std=0.005286 log_ratio=-0.1553 accept=0.8562 swapped=True
i=12 pair=(2,5) lam_t=1.00714 lam_s=1.01143 tsr_diff=0.003776 integral_mean=0.000333 integral_std=0.005748 log_ratio=0.0000 accept=1.0000 swapped=True
i=12 pair=(1,3) lam_t=1.01571 lam_s=1.02000 tsr_diff=0.003719 integral_mean=0.000147 integral_std=0.005683 log_ratio=0.0000 accept=1.0000 swapped=True
i=13 pair=(4,0) lam_t=0.99429 lam_s=0.99857 tsr_diff=0.004100 integral_mean=-0.000344 integral_std=0.008520 log_ratio=-0.8252 accept=0.4381 swapped=False
i=13 pair=(6,5) lam_t=1.00286 lam_s=1.00714 tsr_diff=0.004034 integral_mean=-0.000008 integral_std=0.006223 log_ratio=-0.0199 accept=0.9803 swapped=True
i=13 pair=(2,3) lam_t=1.01143 lam_s=1.01571 tsr_diff=0.003969 integral_mean=0.000614 integral_std=0.008161 log_ratio=0.0000 accept=1.0000 swapped=True
Best Sample: 7 log probability -0.297
Saved 1 samples to: logs/pointmaze-giant-navigate-v0/inference/plans/release_H400_T256_LimitsNormalizer_b1_condFalse/2026-07-15 11:35:06/13/0.png
Saved 1 samples to: logs/pointmaze-giant-navigate-v0/inference/plans/release_H400_T256_LimitsNormalizer_b1_condFalse/2026-07-15 11:35:06/13/rollout.png
i=0 pair=(0,1) lam_t=0.99000 lam_s=0.99429 tsr_diff=0.000000 integral_mean=0.000000 integral_std=0.000000 log_ratio=0.0000 accept=1.0000 swapped=True
i=0 pair=(2,3) lam_t=0.99857 lam_s=1.00286 tsr_diff=0.000000 integral_mean=0.000000 integral_std=0.000000 log_ratio=0.0000 accept=1.0000 swapped=True
i=0 pair=(4,5) lam_t=1.00714 lam_s=1.01143 tsr_diff=0.000000 integral_mean=0.000000 integral_std=0.000000 log_ratio=0.0000 accept=1.0000 swapped=True
i=0 pair=(6,7) lam_t=1.01571 lam_s=1.02000 tsr_diff=0.000000 integral_mean=0.000000 integral_std=0.000000 log_ratio=0.0000 accept=1.0000 swapped=True
i=1 pair=(0,3) lam_t=0.99429 lam_s=0.99857 tsr_diff=0.000046 integral_mean=0.000000 integral_std=0.000045 log_ratio=0.0000 accept=1.0000 swapped=True
i=1 pair=(2,5) lam_t=1.00286 lam_s=1.00714 tsr_diff=0.000046 integral_mean=-0.000000 integral_std=0.000046 log_ratio=-0.0002 accept=0.9998 swapped=True
i=1 pair=(4,7) lam_t=1.01143 lam_s=1.01571 tsr_diff=0.000046 integral_mean=0.000001 integral_std=0.000048 log_ratio=0.0000 accept=1.0000 swapped=True
i=2 pair=(1,3) lam_t=0.99000 lam_s=0.99429 tsr_diff=0.000181 integral_mean=-0.000070 integral_std=0.000267 log_ratio=-0.1671 accept=0.8461 swapped=True
i=2 pair=(0,5) lam_t=0.99857 lam_s=1.00286 tsr_diff=0.000181 integral_mean=-0.000005 integral_std=0.000181 log_ratio=-0.0119 accept=0.9882 swapped=True
i=2 pair=(2,7) lam_t=1.00714 lam_s=1.01143 tsr_diff=0.000181 integral_mean=0.000003 integral_std=0.000177 log_ratio=0.0000 accept=1.0000 swapped=True
i=2 pair=(4,6) lam_t=1.01571 lam_s=1.02000 tsr_diff=0.000181 integral_mean=0.000005 integral_std=0.000185 log_ratio=0.0000 accept=1.0000 swapped=True
i=3 pair=(1,5) lam_t=0.99429 lam_s=0.99857 tsr_diff=0.000400 integral_mean=-0.000000 integral_std=0.000376 log_ratio=-0.0005 accept=0.9995 swapped=True
i=3 pair=(0,7) lam_t=1.00286 lam_s=1.00714 tsr_diff=0.000400 integral_mean=-0.000013 integral_std=0.000372 log_ratio=-0.0319 accept=0.9686 swapped=True
i=3 pair=(2,6) lam_t=1.01143 lam_s=1.01571 tsr_diff=0.000399 integral_mean=0.000007 integral_std=0.000380 log_ratio=0.0000 accept=1.0000 swapped=True
i=4 pair=(3,5) lam_t=0.99000 lam_s=0.99429 tsr_diff=0.000695 integral_mean=0.000031 integral_std=0.000724 log_ratio=0.0000 accept=1.0000 swapped=True
i=4 pair=(1,7) lam_t=0.99857 lam_s=1.00286 tsr_diff=0.000693 integral_mean=-0.000019 integral_std=0.000699 log_ratio=-0.0455 accept=0.9555 swapped=False
i=4 pair=(0,6) lam_t=1.00714 lam_s=1.01143 tsr_diff=0.000691 integral_mean=-0.000010 integral_std=0.000657 log_ratio=-0.0235 accept=0.9768 swapped=True
i=4 pair=(2,4) lam_t=1.01571 lam_s=1.02000 tsr_diff=0.000689 integral_mean=0.000001 integral_std=0.000703 log_ratio=0.0000 accept=1.0000 swapped=True
i=5 pair=(3,1) lam_t=0.99429 lam_s=0.99857 tsr_diff=0.001051 integral_mean=0.000011 integral_std=0.001083 log_ratio=0.0000 accept=1.0000 swapped=True
i=5 pair=(7,6) lam_t=1.00286 lam_s=1.00714 tsr_diff=0.001046 integral_mean=0.000027 integral_std=0.001053 log_ratio=0.0000 accept=1.0000 swapped=True
i=5 pair=(0,4) lam_t=1.01143 lam_s=1.01571 tsr_diff=0.001042 integral_mean=-0.000018 integral_std=0.001031 log_ratio=-0.0444 accept=0.9566 swapped=True
i=6 pair=(5,1) lam_t=0.99000 lam_s=0.99429 tsr_diff=0.001459 integral_mean=0.000015 integral_std=0.001333 log_ratio=0.0000 accept=1.0000 swapped=True
i=6 pair=(3,6) lam_t=0.99857 lam_s=1.00286 tsr_diff=0.001450 integral_mean=-0.000012 integral_std=0.001528 log_ratio=-0.0294 accept=0.9711 swapped=True
i=6 pair=(7,4) lam_t=1.00714 lam_s=1.01143 tsr_diff=0.001442 integral_mean=0.000022 integral_std=0.001450 log_ratio=0.0000 accept=1.0000 swapped=True
i=6 pair=(0,2) lam_t=1.01571 lam_s=1.02000 tsr_diff=0.001433 integral_mean=-0.000134 integral_std=0.001536 log_ratio=-0.3213 accept=0.7252 swapped=True
i=7 pair=(5,6) lam_t=0.99429 lam_s=0.99857 tsr_diff=0.001888 integral_mean=-0.000042 integral_std=0.001815 log_ratio=-0.1008 accept=0.9041 swapped=True
i=7 pair=(3,4) lam_t=1.00286 lam_s=1.00714 tsr_diff=0.001874 integral_mean=-0.000104 integral_std=0.002145 log_ratio=-0.2490 accept=0.7796 swapped=True
i=7 pair=(7,2) lam_t=1.01143 lam_s=1.01571 tsr_diff=0.001860 integral_mean=-0.000089 integral_std=0.001933 log_ratio=-0.2141 accept=0.8073 swapped=True
i=8 pair=(1,6) lam_t=0.99000 lam_s=0.99429 tsr_diff=0.002345 integral_mean=-0.000030 integral_std=0.002460 log_ratio=-0.0729 accept=0.9297 swapped=False
i=8 pair=(5,4) lam_t=0.99857 lam_s=1.00286 tsr_diff=0.002323 integral_mean=-0.000138 integral_std=0.002502 log_ratio=-0.3307 accept=0.7184 swapped=False
i=8 pair=(3,2) lam_t=1.00714 lam_s=1.01143 tsr_diff=0.002302 integral_mean=-0.000079 integral_std=0.002481 log_ratio=-0.1889 accept=0.8278 swapped=True
i=8 pair=(7,0) lam_t=1.01571 lam_s=1.02000 tsr_diff=0.002281 integral_mean=-0.000034 integral_std=0.002294 log_ratio=-0.0811 accept=0.9221 swapped=True
i=9 pair=(6,5) lam_t=0.99429 lam_s=0.99857 tsr_diff=0.002773 integral_mean=0.000059 integral_std=0.002828 log_ratio=0.0000 accept=1.0000 swapped=True
i=9 pair=(4,2) lam_t=1.00286 lam_s=1.00714 tsr_diff=0.002742 integral_mean=0.000043 integral_std=0.003477 log_ratio=0.0000 accept=1.0000 swapped=True
i=9 pair=(3,0) lam_t=1.01143 lam_s=1.01571 tsr_diff=0.002712 integral_mean=-0.000056 integral_std=0.003332 log_ratio=-0.1337 accept=0.8749 swapped=True
i=10 pair=(1,5) lam_t=0.99000 lam_s=0.99429 tsr_diff=0.003206 integral_mean=0.000021 integral_std=0.002753 log_ratio=0.0000 accept=1.0000 swapped=True
i=10 pair=(6,2) lam_t=0.99857 lam_s=1.00286 tsr_diff=0.003165 integral_mean=-0.000026 integral_std=0.003936 log_ratio=-0.0624 accept=0.9395 swapped=True
i=10 pair=(4,0) lam_t=1.00714 lam_s=1.01143 tsr_diff=0.003125 integral_mean=0.000343 integral_std=0.003919 log_ratio=0.0000 accept=1.0000 swapped=True
i=10 pair=(3,7) lam_t=1.01571 lam_s=1.02000 tsr_diff=0.003086 integral_mean=0.000087 integral_std=0.004438 log_ratio=0.0000 accept=1.0000 swapped=True
i=11 pair=(1,2) lam_t=0.99429 lam_s=0.99857 tsr_diff=0.003554 integral_mean=-0.000039 integral_std=0.004883 log_ratio=-0.0925 accept=0.9117 swapped=True
i=11 pair=(6,0) lam_t=1.00286 lam_s=1.00714 tsr_diff=0.003505 integral_mean=-0.000184 integral_std=0.004356 log_ratio=-0.4422 accept=0.6426 swapped=True
i=11 pair=(4,7) lam_t=1.01143 lam_s=1.01571 tsr_diff=0.003456 integral_mean=0.000277 integral_std=0.004650 log_ratio=0.0000 accept=1.0000 swapped=True
i=12 pair=(5,2) lam_t=0.99000 lam_s=0.99429 tsr_diff=0.003894 integral_mean=-0.000193 integral_std=0.006522 log_ratio=-0.4631 accept=0.6293 swapped=False
i=12 pair=(1,0) lam_t=0.99857 lam_s=1.00286 tsr_diff=0.003834 integral_mean=-0.000612 integral_std=0.005953 log_ratio=-1.4695 accept=0.2300 swapped=True
i=12 pair=(6,7) lam_t=1.00714 lam_s=1.01143 tsr_diff=0.003776 integral_mean=-0.000158 integral_std=0.003920 log_ratio=-0.3797 accept=0.6840 swapped=False
i=12 pair=(4,3) lam_t=1.01571 lam_s=1.02000 tsr_diff=0.003719 integral_mean=0.000836 integral_std=0.008798 log_ratio=0.0000 accept=1.0000 swapped=True
i=13 pair=(2,0) lam_t=0.99429 lam_s=0.99857 tsr_diff=0.004100 integral_mean=-0.000634 integral_std=0.010853 log_ratio=-1.5221 accept=0.2183 swapped=False
i=13 pair=(1,6) lam_t=1.00286 lam_s=1.00714 tsr_diff=0.004034 integral_mean=-0.000065 integral_std=0.006916 log_ratio=-0.1557 accept=0.8558 swapped=True
i=13 pair=(7,3) lam_t=1.01143 lam_s=1.01571 tsr_diff=0.003969 integral_mean=-0.000309 integral_std=0.011133 log_ratio=-0.7408 accept=0.4768 swapped=False
Best Sample: 1 log probability -0.231
Saved 1 samples to: logs/pointmaze-giant-navigate-v0/inference/plans/release_H400_T256_LimitsNormalizer_b1_condFalse/2026-07-15 11:35:06/14/0.png
Saved 1 samples to: logs/pointmaze-giant-navigate-v0/inference/plans/release_H400_T256_LimitsNormalizer_b1_condFalse/2026-07-15 11:35:06/14/rollout.png
i=0 pair=(0,1) lam_t=0.99000 lam_s=0.99429 tsr_diff=0.000000 integral_mean=0.000000 integral_std=0.000000 log_ratio=0.0000 accept=1.0000 swapped=True
i=0 pair=(2,3) lam_t=0.99857 lam_s=1.00286 tsr_diff=0.000000 integral_mean=0.000000 integral_std=0.000000 log_ratio=0.0000 accept=1.0000 swapped=True
i=0 pair=(4,5) lam_t=1.00714 lam_s=1.01143 tsr_diff=0.000000 integral_mean=0.000000 integral_std=0.000000 log_ratio=0.0000 accept=1.0000 swapped=True
i=0 pair=(6,7) lam_t=1.01571 lam_s=1.02000 tsr_diff=0.000000 integral_mean=0.000000 integral_std=0.000000 log_ratio=0.0000 accept=1.0000 swapped=True
i=1 pair=(0,3) lam_t=0.99429 lam_s=0.99857 tsr_diff=0.000046 integral_mean=-0.000000 integral_std=0.000044 log_ratio=-0.0006 accept=0.9994 swapped=True
i=1 pair=(2,5) lam_t=1.00286 lam_s=1.00714 tsr_diff=0.000046 integral_mean=0.000001 integral_std=0.000048 log_ratio=0.0000 accept=1.0000 swapped=True
i=1 pair=(4,7) lam_t=1.01143 lam_s=1.01571 tsr_diff=0.000046 integral_mean=-0.000001 integral_std=0.000049 log_ratio=-0.0017 accept=0.9983 swapped=True
i=2 pair=(1,3) lam_t=0.99000 lam_s=0.99429 tsr_diff=0.000181 integral_mean=0.000008 integral_std=0.000172 log_ratio=0.0000 accept=1.0000 swapped=True
i=2 pair=(0,5) lam_t=0.99857 lam_s=1.00286 tsr_diff=0.000181 integral_mean=0.000008 integral_std=0.000198 log_ratio=0.0000 accept=1.0000 swapped=True
i=2 pair=(2,7) lam_t=1.00714 lam_s=1.01143 tsr_diff=0.000181 integral_mean=-0.000019 integral_std=0.000212 log_ratio=-0.0454 accept=0.9556 swapped=True
i=2 pair=(4,6) lam_t=1.01571 lam_s=1.02000 tsr_diff=0.000181 integral_mean=0.000009 integral_std=0.000174 log_ratio=0.0000 accept=1.0000 swapped=True
i=3 pair=(1,5) lam_t=0.99429 lam_s=0.99857 tsr_diff=0.000400 integral_mean=-0.000009 integral_std=0.000413 log_ratio=-0.0213 accept=0.9790 swapped=True
i=3 pair=(0,7) lam_t=1.00286 lam_s=1.00714 tsr_diff=0.000400 integral_mean=-0.000005 integral_std=0.000391 log_ratio=-0.0113 accept=0.9888 swapped=True
i=3 pair=(2,6) lam_t=1.01143 lam_s=1.01571 tsr_diff=0.000399 integral_mean=0.000024 integral_std=0.000413 log_ratio=0.0000 accept=1.0000 swapped=True
i=4 pair=(3,5) lam_t=0.99000 lam_s=0.99429 tsr_diff=0.000695 integral_mean=0.000009 integral_std=0.000660 log_ratio=0.0000 accept=1.0000 swapped=True
i=4 pair=(1,7) lam_t=0.99857 lam_s=1.00286 tsr_diff=0.000693 integral_mean=-0.000006 integral_std=0.000644 log_ratio=-0.0145 accept=0.9856 swapped=True
i=4 pair=(0,6) lam_t=1.00714 lam_s=1.01143 tsr_diff=0.000691 integral_mean=0.000001 integral_std=0.000693 log_ratio=0.0000 accept=1.0000 swapped=True
i=4 pair=(2,4) lam_t=1.01571 lam_s=1.02000 tsr_diff=0.000689 integral_mean=0.000028 integral_std=0.000738 log_ratio=0.0000 accept=1.0000 swapped=True
i=5 pair=(3,7) lam_t=0.99429 lam_s=0.99857 tsr_diff=0.001051 integral_mean=0.000012 integral_std=0.000960 log_ratio=0.0000 accept=1.0000 swapped=True
i=5 pair=(1,6) lam_t=1.00286 lam_s=1.00714 tsr_diff=0.001046 integral_mean=0.000006 integral_std=0.001079 log_ratio=0.0000 accept=1.0000 swapped=True
i=5 pair=(0,4) lam_t=1.01143 lam_s=1.01571 tsr_diff=0.001042 integral_mean=0.000011 integral_std=0.001040 log_ratio=0.0000 accept=1.0000 swapped=True
i=6 pair=(5,7) lam_t=0.99000 lam_s=0.99429 tsr_diff=0.001459 integral_mean=0.000013 integral_std=0.001459 log_ratio=0.0000 accept=1.0000 swapped=True
i=6 pair=(3,6) lam_t=0.99857 lam_s=1.00286 tsr_diff=0.001450 integral_mean=0.000001 integral_std=0.001358 log_ratio=0.0000 accept=1.0000 swapped=True
i=6 pair=(1,4) lam_t=1.00714 lam_s=1.01143 tsr_diff=0.001442 integral_mean=-0.000005 integral_std=0.001427 log_ratio=-0.0130 accept=0.9870 swapped=True
i=6 pair=(0,2) lam_t=1.01571 lam_s=1.02000 tsr_diff=0.001433 integral_mean=0.000039 integral_std=0.001475 log_ratio=0.0000 accept=1.0000 swapped=True
i=7 pair=(5,6) lam_t=0.99429 lam_s=0.99857 tsr_diff=0.001888 integral_mean=0.000018 integral_std=0.001835 log_ratio=0.0000 accept=1.0000 swapped=True
i=7 pair=(3,4) lam_t=1.00286 lam_s=1.00714 tsr_diff=0.001874 integral_mean=0.000034 integral_std=0.001664 log_ratio=0.0000 accept=1.0000 swapped=True
i=7 pair=(1,2) lam_t=1.01143 lam_s=1.01571 tsr_diff=0.001860 integral_mean=-0.000047 integral_std=0.001912 log_ratio=-0.1130 accept=0.8931 swapped=True
i=8 pair=(7,6) lam_t=0.99000 lam_s=0.99429 tsr_diff=0.002345 integral_mean=-0.000046 integral_std=0.002264 log_ratio=-0.1112 accept=0.8948 swapped=True
i=8 pair=(5,4) lam_t=0.99857 lam_s=1.00286 tsr_diff=0.002323 integral_mean=0.000053 integral_std=0.002260 log_ratio=0.0000 accept=1.0000 swapped=True
i=8 pair=(3,2) lam_t=1.00714 lam_s=1.01143 tsr_diff=0.002302 integral_mean=-0.000083 integral_std=0.002473 log_ratio=-0.1985 accept=0.8200 swapped=False
i=8 pair=(1,0) lam_t=1.01571 lam_s=1.02000 tsr_diff=0.002281 integral_mean=0.000043 integral_std=0.002408 log_ratio=0.0000 accept=1.0000 swapped=True
i=9 pair=(7,4) lam_t=0.99429 lam_s=0.99857 tsr_diff=0.002773 integral_mean=-0.000066 integral_std=0.002971 log_ratio=-0.1593 accept=0.8527 swapped=False
i=9 pair=(5,3) lam_t=1.00286 lam_s=1.00714 tsr_diff=0.002742 integral_mean=0.000082 integral_std=0.002595 log_ratio=0.0000 accept=1.0000 swapped=True
i=9 pair=(2,0) lam_t=1.01143 lam_s=1.01571 tsr_diff=0.002712 integral_mean=0.000013 integral_std=0.003150 log_ratio=0.0000 accept=1.0000 swapped=True
i=10 pair=(6,7) lam_t=0.99000 lam_s=0.99429 tsr_diff=0.003206 integral_mean=-0.000279 integral_std=0.003385 log_ratio=-0.6702 accept=0.5116 swapped=True
i=10 pair=(4,3) lam_t=0.99857 lam_s=1.00286 tsr_diff=0.003165 integral_mean=-0.000112 integral_std=0.002644 log_ratio=-0.2692 accept=0.7640 swapped=True
i=10 pair=(5,0) lam_t=1.00714 lam_s=1.01143 tsr_diff=0.003125 integral_mean=-0.000126 integral_std=0.003662 log_ratio=-0.3015 accept=0.7397 swapped=True
i=10 pair=(2,1) lam_t=1.01571 lam_s=1.02000 tsr_diff=0.003086 integral_mean=-0.000123 integral_std=0.004632 log_ratio=-0.2960 accept=0.7438 swapped=True
i=11 pair=(6,3) lam_t=0.99429 lam_s=0.99857 tsr_diff=0.003554 integral_mean=-0.000013 integral_std=0.002807 log_ratio=-0.0301 accept=0.9703 swapped=True
i=11 pair=(4,0) lam_t=1.00286 lam_s=1.00714 tsr_diff=0.003505 integral_mean=-0.000082 integral_std=0.004173 log_ratio=-0.1977 accept=0.8206 swapped=True
i=11 pair=(5,1) lam_t=1.01143 lam_s=1.01571 tsr_diff=0.003456 integral_mean=-0.000044 integral_std=0.003949 log_ratio=-0.1051 accept=0.9002 swapped=True
i=12 pair=(7,3) lam_t=0.99000 lam_s=0.99429 tsr_diff=0.003894 integral_mean=-0.000012 integral_std=0.004408 log_ratio=-0.0285 accept=0.9719 swapped=False
i=12 pair=(6,0) lam_t=0.99857 lam_s=1.00286 tsr_diff=0.003834 integral_mean=-0.000495 integral_std=0.005567 log_ratio=-1.1876 accept=0.3050 swapped=False
i=12 pair=(4,1) lam_t=1.00714 lam_s=1.01143 tsr_diff=0.003776 integral_mean=-0.000104 integral_std=0.004951 log_ratio=-0.2500 accept=0.7788 swapped=True
i=12 pair=(5,2) lam_t=1.01571 lam_s=1.02000 tsr_diff=0.003719 integral_mean=-0.000093 integral_std=0.005595 log_ratio=-0.2233 accept=0.7999 swapped=True
i=13 pair=(3,6) lam_t=0.99429 lam_s=0.99857 tsr_diff=0.004100 integral_mean=0.000006 integral_std=0.003003 log_ratio=0.0000 accept=1.0000 swapped=True
i=13 pair=(0,1) lam_t=1.00286 lam_s=1.00714 tsr_diff=0.004034 integral_mean=-0.000509 integral_std=0.006846 log_ratio=-1.2226 accept=0.2945 swapped=False
i=13 pair=(4,2) lam_t=1.01143 lam_s=1.01571 tsr_diff=0.003969 integral_mean=-0.000234 integral_std=0.009445 log_ratio=-0.5625 accept=0.5698 swapped=True
Best Sample: 6 log probability 0.000
Saved 1 samples to: logs/pointmaze-giant-navigate-v0/inference/plans/release_H400_T256_LimitsNormalizer_b1_condFalse/2026-07-15 11:35:06/15/0.png
Saved 1 samples to: logs/pointmaze-giant-navigate-v0/inference/plans/release_H400_T256_LimitsNormalizer_b1_condFalse/2026-07-15 11:35:06/15/rollout.png
i=0 pair=(0,1) lam_t=0.99000 lam_s=0.99429 tsr_diff=0.000000 integral_mean=0.000000 integral_std=0.000000 log_ratio=0.0000 accept=1.0000 swapped=True
i=0 pair=(2,3) lam_t=0.99857 lam_s=1.00286 tsr_diff=0.000000 integral_mean=0.000000 integral_std=0.000000 log_ratio=0.0000 accept=1.0000 swapped=True
i=0 pair=(4,5) lam_t=1.00714 lam_s=1.01143 tsr_diff=0.000000 integral_mean=0.000000 integral_std=0.000000 log_ratio=0.0000 accept=1.0000 swapped=True
i=0 pair=(6,7) lam_t=1.01571 lam_s=1.02000 tsr_diff=0.000000 integral_mean=0.000000 integral_std=0.000000 log_ratio=0.0000 accept=1.0000 swapped=True
i=1 pair=(0,3) lam_t=0.99429 lam_s=0.99857 tsr_diff=0.000046 integral_mean=0.000001 integral_std=0.000046 log_ratio=0.0000 accept=1.0000 swapped=True
i=1 pair=(2,5) lam_t=1.00286 lam_s=1.00714 tsr_diff=0.000046 integral_mean=0.000001 integral_std=0.000045 log_ratio=0.0000 accept=1.0000 swapped=True
i=1 pair=(4,7) lam_t=1.01143 lam_s=1.01571 tsr_diff=0.000046 integral_mean=-0.000000 integral_std=0.000045 log_ratio=-0.0010 accept=0.9990 swapped=True
i=2 pair=(1,3) lam_t=0.99000 lam_s=0.99429 tsr_diff=0.000181 integral_mean=-0.000003 integral_std=0.000188 log_ratio=-0.0070 accept=0.9930 swapped=True
i=2 pair=(0,5) lam_t=0.99857 lam_s=1.00286 tsr_diff=0.000181 integral_mean=-0.000004 integral_std=0.000182 log_ratio=-0.0095 accept=0.9906 swapped=True
i=2 pair=(2,7) lam_t=1.00714 lam_s=1.01143 tsr_diff=0.000181 integral_mean=-0.000006 integral_std=0.000185 log_ratio=-0.0132 accept=0.9869 swapped=True
i=2 pair=(4,6) lam_t=1.01571 lam_s=1.02000 tsr_diff=0.000181 integral_mean=0.000000 integral_std=0.000176 log_ratio=0.0000 accept=1.0000 swapped=True
i=3 pair=(1,5) lam_t=0.99429 lam_s=0.99857 tsr_diff=0.000400 integral_mean=-0.000005 integral_std=0.000487 log_ratio=-0.0127 accept=0.9873 swapped=True
i=3 pair=(0,7) lam_t=1.00286 lam_s=1.00714 tsr_diff=0.000400 integral_mean=-0.000028 integral_std=0.000693 log_ratio=-0.0665 accept=0.9357 swapped=True
i=3 pair=(2,6) lam_t=1.01143 lam_s=1.01571 tsr_diff=0.000399 integral_mean=0.000006 integral_std=0.000405 log_ratio=0.0000 accept=1.0000 swapped=True
i=4 pair=(3,5) lam_t=0.99000 lam_s=0.99429 tsr_diff=0.000695 integral_mean=-0.000019 integral_std=0.000760 log_ratio=-0.0456 accept=0.9555 swapped=False
i=4 pair=(1,7) lam_t=0.99857 lam_s=1.00286 tsr_diff=0.000693 integral_mean=-0.000299 integral_std=0.001171 log_ratio=-0.7183 accept=0.4876 swapped=True
i=4 pair=(0,6) lam_t=1.00714 lam_s=1.01143 tsr_diff=0.000691 integral_mean=-0.000016 integral_std=0.000678 log_ratio=-0.0396 accept=0.9612 swapped=True
i=4 pair=(2,4) lam_t=1.01571 lam_s=1.02000 tsr_diff=0.000689 integral_mean=-0.000020 integral_std=0.000700 log_ratio=-0.0475 accept=0.9536 swapped=False
i=5 pair=(5,7) lam_t=0.99429 lam_s=0.99857 tsr_diff=0.001051 integral_mean=-0.000219 integral_std=0.001375 log_ratio=-0.5264 accept=0.5907 swapped=False
i=5 pair=(1,6) lam_t=1.00286 lam_s=1.00714 tsr_diff=0.001046 integral_mean=-0.000018 integral_std=0.001046 log_ratio=-0.0426 accept=0.9583 swapped=True
i=5 pair=(0,2) lam_t=1.01143 lam_s=1.01571 tsr_diff=0.001042 integral_mean=0.000023 integral_std=0.001014 log_ratio=0.0000 accept=1.0000 swapped=True
i=6 pair=(3,5) lam_t=0.99000 lam_s=0.99429 tsr_diff=0.001459 integral_mean=0.000008 integral_std=0.001598 log_ratio=0.0000 accept=1.0000 swapped=True
i=6 pair=(7,6) lam_t=0.99857 lam_s=1.00286 tsr_diff=0.001450 integral_mean=0.000193 integral_std=0.001777 log_ratio=0.0000 accept=1.0000 swapped=True
i=6 pair=(1,2) lam_t=1.00714 lam_s=1.01143 tsr_diff=0.001442 integral_mean=0.000082 integral_std=0.001554 log_ratio=0.0000 accept=1.0000 swapped=True
i=6 pair=(0,4) lam_t=1.01571 lam_s=1.02000 tsr_diff=0.001433 integral_mean=-0.000025 integral_std=0.001491 log_ratio=-0.0612 accept=0.9407 swapped=True
i=7 pair=(3,6) lam_t=0.99429 lam_s=0.99857 tsr_diff=0.001888 integral_mean=0.000040 integral_std=0.001719 log_ratio=0.0000 accept=1.0000 swapped=True
i=7 pair=(7,2) lam_t=1.00286 lam_s=1.00714 tsr_diff=0.001874 integral_mean=0.000170 integral_std=0.002104 log_ratio=0.0000 accept=1.0000 swapped=True
i=7 pair=(1,4) lam_t=1.01143 lam_s=1.01571 tsr_diff=0.001860 integral_mean=-0.000002 integral_std=0.002068 log_ratio=-0.0055 accept=0.9946 swapped=True
i=8 pair=(5,6) lam_t=0.99000 lam_s=0.99429 tsr_diff=0.002345 integral_mean=0.000045 integral_std=0.002631 log_ratio=0.0000 accept=1.0000 swapped=True
i=8 pair=(3,2) lam_t=0.99857 lam_s=1.00286 tsr_diff=0.002323 integral_mean=0.000077 integral_std=0.002336 log_ratio=0.0000 accept=1.0000 swapped=True
i=8 pair=(7,4) lam_t=1.00714 lam_s=1.01143 tsr_diff=0.002302 integral_mean=0.000185 integral_std=0.002717 log_ratio=0.0000 accept=1.0000 swapped=True
i=8 pair=(1,0) lam_t=1.01571 lam_s=1.02000 tsr_diff=0.002281 integral_mean=0.000063 integral_std=0.002657 log_ratio=0.0000 accept=1.0000 swapped=True
i=9 pair=(5,2) lam_t=0.99429 lam_s=0.99857 tsr_diff=0.002773 integral_mean=0.000159 integral_std=0.003301 log_ratio=0.0000 accept=1.0000 swapped=True
i=9 pair=(3,4) lam_t=1.00286 lam_s=1.00714 tsr_diff=0.002742 integral_mean=-0.000234 integral_std=0.003334 log_ratio=-0.5622 accept=0.5700 swapped=False
i=9 pair=(7,0) lam_t=1.01143 lam_s=1.01571 tsr_diff=0.002712 integral_mean=0.000281 integral_std=0.003268 log_ratio=0.0000 accept=1.0000 swapped=True
i=10 pair=(6,2) lam_t=0.99000 lam_s=0.99429 tsr_diff=0.003206 integral_mean=0.000007 integral_std=0.002759 log_ratio=0.0000 accept=1.0000 swapped=True
i=10 pair=(5,3) lam_t=0.99857 lam_s=1.00286 tsr_diff=0.003165 integral_mean=0.000038 integral_std=0.004380 log_ratio=0.0000 accept=1.0000 swapped=True
i=10 pair=(4,0) lam_t=1.00714 lam_s=1.01143 tsr_diff=0.003125 integral_mean=0.000373 integral_std=0.003930 log_ratio=0.0000 accept=1.0000 swapped=True
i=10 pair=(7,1) lam_t=1.01571 lam_s=1.02000 tsr_diff=0.003086 integral_mean=-0.000089 integral_std=0.004333 log_ratio=-0.2142 accept=0.8072 swapped=True
i=11 pair=(6,3) lam_t=0.99429 lam_s=0.99857 tsr_diff=0.003554 integral_mean=-0.000068 integral_std=0.004227 log_ratio=-0.1641 accept=0.8486 swapped=False
i=11 pair=(5,0) lam_t=1.00286 lam_s=1.00714 tsr_diff=0.003505 integral_mean=0.000126 integral_std=0.005485 log_ratio=0.0000 accept=1.0000 swapped=True
i=11 pair=(4,1) lam_t=1.01143 lam_s=1.01571 tsr_diff=0.003456 integral_mean=-0.000135 integral_std=0.006280 log_ratio=-0.3231 accept=0.7239 swapped=True
i=12 pair=(2,6) lam_t=0.99000 lam_s=0.99429 tsr_diff=0.003894 integral_mean=-0.000067 integral_std=0.003011 log_ratio=-0.1597 accept=0.8524 swapped=True
i=12 pair=(3,0) lam_t=0.99857 lam_s=1.00286 tsr_diff=0.003834 integral_mean=0.000053 integral_std=0.005057 log_ratio=0.0000 accept=1.0000 swapped=True
i=12 pair=(5,1) lam_t=1.00714 lam_s=1.01143 tsr_diff=0.003776 integral_mean=-0.000415 integral_std=0.005950 log_ratio=-0.9962 accept=0.3693 swapped=True
i=12 pair=(4,7) lam_t=1.01571 lam_s=1.02000 tsr_diff=0.003719 integral_mean=-0.000672 integral_std=0.009649 log_ratio=-1.6127 accept=0.1994 swapped=False
i=13 pair=(2,0) lam_t=0.99429 lam_s=0.99857 tsr_diff=0.004100 integral_mean=-0.000034 integral_std=0.003025 log_ratio=-0.0817 accept=0.9216 swapped=True
i=13 pair=(3,1) lam_t=1.00286 lam_s=1.00714 tsr_diff=0.004034 integral_mean=-0.001138 integral_std=0.014998 log_ratio=-2.7302 accept=0.0652 swapped=False
i=13 pair=(5,4) lam_t=1.01143 lam_s=1.01571 tsr_diff=0.003969 integral_mean=-0.001343 integral_std=0.014234 log_ratio=-3.2243 accept=0.0398 swapped=False
Best Sample: 0 log probability 0.000
Saved 1 samples to: logs/pointmaze-giant-navigate-v0/inference/plans/release_H400_T256_LimitsNormalizer_b1_condFalse/2026-07-15 11:35:06/16/0.png
Saved 1 samples to: logs/pointmaze-giant-navigate-v0/inference/plans/release_H400_T256_LimitsNormalizer_b1_condFalse/2026-07-15 11:35:06/16/rollout.png
i=0 pair=(0,1) lam_t=0.99000 lam_s=0.99429 tsr_diff=0.000000 integral_mean=0.000000 integral_std=0.000000 log_ratio=0.0000 accept=1.0000 swapped=True
i=0 pair=(2,3) lam_t=0.99857 lam_s=1.00286 tsr_diff=0.000000 integral_mean=0.000000 integral_std=0.000000 log_ratio=0.0000 accept=1.0000 swapped=True
i=0 pair=(4,5) lam_t=1.00714 lam_s=1.01143 tsr_diff=0.000000 integral_mean=0.000000 integral_std=0.000000 log_ratio=0.0000 accept=1.0000 swapped=True
i=0 pair=(6,7) lam_t=1.01571 lam_s=1.02000 tsr_diff=0.000000 integral_mean=0.000000 integral_std=0.000000 log_ratio=0.0000 accept=1.0000 swapped=True
i=1 pair=(0,3) lam_t=0.99429 lam_s=0.99857 tsr_diff=0.000046 integral_mean=-0.000001 integral_std=0.000047 log_ratio=-0.0015 accept=0.9985 swapped=True
i=1 pair=(2,5) lam_t=1.00286 lam_s=1.00714 tsr_diff=0.000046 integral_mean=-0.000000 integral_std=0.000049 log_ratio=-0.0004 accept=0.9996 swapped=True
i=1 pair=(4,7) lam_t=1.01143 lam_s=1.01571 tsr_diff=0.000046 integral_mean=-0.000001 integral_std=0.000046 log_ratio=-0.0023 accept=0.9977 swapped=True
i=2 pair=(1,3) lam_t=0.99000 lam_s=0.99429 tsr_diff=0.000181 integral_mean=-0.000000 integral_std=0.000187 log_ratio=-0.0008 accept=0.9992 swapped=True
i=2 pair=(0,5) lam_t=0.99857 lam_s=1.00286 tsr_diff=0.000181 integral_mean=-0.000001 integral_std=0.000183 log_ratio=-0.0019 accept=0.9981 swapped=True
i=2 pair=(2,7) lam_t=1.00714 lam_s=1.01143 tsr_diff=0.000181 integral_mean=-0.000001 integral_std=0.000185 log_ratio=-0.0018 accept=0.9982 swapped=True
i=2 pair=(4,6) lam_t=1.01571 lam_s=1.02000 tsr_diff=0.000181 integral_mean=0.000002 integral_std=0.000196 log_ratio=0.0000 accept=1.0000 swapped=True
i=3 pair=(1,5) lam_t=0.99429 lam_s=0.99857 tsr_diff=0.000400 integral_mean=0.000014 integral_std=0.000389 log_ratio=0.0000 accept=1.0000 swapped=True
i=3 pair=(0,7) lam_t=1.00286 lam_s=1.00714 tsr_diff=0.000400 integral_mean=-0.000008 integral_std=0.000408 log_ratio=-0.0188 accept=0.9814 swapped=True
i=3 pair=(2,6) lam_t=1.01143 lam_s=1.01571 tsr_diff=0.000399 integral_mean=-0.000001 integral_std=0.000394 log_ratio=-0.0033 accept=0.9967 swapped=True
i=4 pair=(3,5) lam_t=0.99000 lam_s=0.99429 tsr_diff=0.000695 integral_mean=0.000009 integral_std=0.000696 log_ratio=0.0000 accept=1.0000 swapped=True
i=4 pair=(1,7) lam_t=0.99857 lam_s=1.00286 tsr_diff=0.000693 integral_mean=-0.000015 integral_std=0.000728 log_ratio=-0.0363 accept=0.9643 swapped=True
i=4 pair=(0,6) lam_t=1.00714 lam_s=1.01143 tsr_diff=0.000691 integral_mean=0.000023 integral_std=0.000676 log_ratio=0.0000 accept=1.0000 swapped=True
i=4 pair=(2,4) lam_t=1.01571 lam_s=1.02000 tsr_diff=0.000689 integral_mean=-0.000008 integral_std=0.000683 log_ratio=-0.0187 accept=0.9815 swapped=True
i=5 pair=(3,7) lam_t=0.99429 lam_s=0.99857 tsr_diff=0.001051 integral_mean=-0.000037 integral_std=0.001141 log_ratio=-0.0882 accept=0.9156 swapped=True
i=5 pair=(1,6) lam_t=1.00286 lam_s=1.00714 tsr_diff=0.001046 integral_mean=0.000001 integral_std=0.000939 log_ratio=0.0000 accept=1.0000 swapped=True
i=5 pair=(0,4) lam_t=1.01143 lam_s=1.01571 tsr_diff=0.001042 integral_mean=0.000003 integral_std=0.000994 log_ratio=0.0000 accept=1.0000 swapped=True
i=6 pair=(5,7) lam_t=0.99000 lam_s=0.99429 tsr_diff=0.001459 integral_mean=-0.000011 integral_std=0.001382 log_ratio=-0.0270 accept=0.9733 swapped=True
i=6 pair=(3,6) lam_t=0.99857 lam_s=1.00286 tsr_diff=0.001450 integral_mean=0.000001 integral_std=0.001364 log_ratio=0.0000 accept=1.0000 swapped=True
i=6 pair=(1,4) lam_t=1.00714 lam_s=1.01143 tsr_diff=0.001442 integral_mean=-0.000001 integral_std=0.001303 log_ratio=-0.0031 accept=0.9969 swapped=True
i=6 pair=(0,2) lam_t=1.01571 lam_s=1.02000 tsr_diff=0.001433 integral_mean=0.000001 integral_std=0.001370 log_ratio=0.0000 accept=1.0000 swapped=True
i=7 pair=(5,6) lam_t=0.99429 lam_s=0.99857 tsr_diff=0.001888 integral_mean=0.000005 integral_std=0.001869 log_ratio=0.0000 accept=1.0000 swapped=True
i=7 pair=(3,4) lam_t=1.00286 lam_s=1.00714 tsr_diff=0.001874 integral_mean=-0.000043 integral_std=0.001662 log_ratio=-0.1026 accept=0.9025 swapped=True
i=7 pair=(1,2) lam_t=1.01143 lam_s=1.01571 tsr_diff=0.001860 integral_mean=0.000021 integral_std=0.001614 log_ratio=0.0000 accept=1.0000 swapped=True
i=8 pair=(7,6) lam_t=0.99000 lam_s=0.99429 tsr_diff=0.002345 integral_mean=0.000059 integral_std=0.002447 log_ratio=0.0000 accept=1.0000 swapped=True
i=8 pair=(5,4) lam_t=0.99857 lam_s=1.00286 tsr_diff=0.002323 integral_mean=0.000120 integral_std=0.002272 log_ratio=0.0000 accept=1.0000 swapped=True
i=8 pair=(3,2) lam_t=1.00714 lam_s=1.01143 tsr_diff=0.002302 integral_mean=-0.000058 integral_std=0.002035 log_ratio=-0.1384 accept=0.8707 swapped=True
i=8 pair=(1,0) lam_t=1.01571 lam_s=1.02000 tsr_diff=0.002281 integral_mean=-0.000000 integral_std=0.002288 log_ratio=-0.0006 accept=0.9995 swapped=True
i=9 pair=(7,4) lam_t=0.99429 lam_s=0.99857 tsr_diff=0.002773 integral_mean=0.000186 integral_std=0.002859 log_ratio=0.0000 accept=1.0000 swapped=True
i=9 pair=(5,2) lam_t=1.00286 lam_s=1.00714 tsr_diff=0.002742 integral_mean=0.000143 integral_std=0.003037 log_ratio=0.0000 accept=1.0000 swapped=True
i=9 pair=(3,0) lam_t=1.01143 lam_s=1.01571 tsr_diff=0.002712 integral_mean=-0.000112 integral_std=0.002688 log_ratio=-0.2682 accept=0.7647 swapped=True
i=10 pair=(6,4) lam_t=0.99000 lam_s=0.99429 tsr_diff=0.003206 integral_mean=-0.000065 integral_std=0.002538 log_ratio=-0.1550 accept=0.8564 swapped=True
i=10 pair=(7,2) lam_t=0.99857 lam_s=1.00286 tsr_diff=0.003165 integral_mean=0.000176 integral_std=0.003396 log_ratio=0.0000 accept=1.0000 swapped=True
i=10 pair=(5,0) lam_t=1.00714 lam_s=1.01143 tsr_diff=0.003125 integral_mean=0.000104 integral_std=0.003964 log_ratio=0.0000 accept=1.0000 swapped=True
i=10 pair=(3,1) lam_t=1.01571 lam_s=1.02000 tsr_diff=0.003086 integral_mean=-0.000108 integral_std=0.002878 log_ratio=-0.2582 accept=0.7724 swapped=True
i=11 pair=(6,2) lam_t=0.99429 lam_s=0.99857 tsr_diff=0.003554 integral_mean=0.000026 integral_std=0.002985 log_ratio=0.0000 accept=1.0000 swapped=True
i=11 pair=(7,0) lam_t=1.00286 lam_s=1.00714 tsr_diff=0.003505 integral_mean=0.000033 integral_std=0.004835 log_ratio=0.0000 accept=1.0000 swapped=True
i=11 pair=(5,1) lam_t=1.01143 lam_s=1.01571 tsr_diff=0.003456 integral_mean=0.000094 integral_std=0.004447 log_ratio=0.0000 accept=1.0000 swapped=True
i=12 pair=(4,2) lam_t=0.99000 lam_s=0.99429 tsr_diff=0.003894 integral_mean=-0.000062 integral_std=0.003004 log_ratio=-0.1497 accept=0.8610 swapped=False
i=12 pair=(6,0) lam_t=0.99857 lam_s=1.00286 tsr_diff=0.003834 integral_mean=-0.000050 integral_std=0.004568 log_ratio=-0.1211 accept=0.8859 swapped=True
i=12 pair=(7,1) lam_t=1.00714 lam_s=1.01143 tsr_diff=0.003776 integral_mean=0.000370 integral_std=0.004968 log_ratio=0.0000 accept=1.0000 swapped=True
i=12 pair=(5,3) lam_t=1.01571 lam_s=1.02000 tsr_diff=0.003719 integral_mean=0.000338 integral_std=0.005235 log_ratio=0.0000 accept=1.0000 swapped=True
i=13 pair=(2,0) lam_t=0.99429 lam_s=0.99857 tsr_diff=0.004100 integral_mean=0.000059 integral_std=0.006371 log_ratio=0.0000 accept=1.0000 swapped=True
i=13 pair=(6,1) lam_t=1.00286 lam_s=1.00714 tsr_diff=0.004034 integral_mean=-0.000055 integral_std=0.003112 log_ratio=-0.1324 accept=0.8760 swapped=True
i=13 pair=(7,3) lam_t=1.01143 lam_s=1.01571 tsr_diff=0.003969 integral_mean=0.000648 integral_std=0.007163 log_ratio=0.0000 accept=1.0000 swapped=True
Best Sample: 3 log probability -0.001
Saved 1 samples to: logs/pointmaze-giant-navigate-v0/inference/plans/release_H400_T256_LimitsNormalizer_b1_condFalse/2026-07-15 11:35:06/17/0.png
Saved 1 samples to: logs/pointmaze-giant-navigate-v0/inference/plans/release_H400_T256_LimitsNormalizer_b1_condFalse/2026-07-15 11:35:06/17/rollout.png
i=0 pair=(0,1) lam_t=0.99000 lam_s=0.99429 tsr_diff=0.000000 integral_mean=0.000000 integral_std=0.000000 log_ratio=0.0000 accept=1.0000 swapped=True
i=0 pair=(2,3) lam_t=0.99857 lam_s=1.00286 tsr_diff=0.000000 integral_mean=0.000000 integral_std=0.000000 log_ratio=0.0000 accept=1.0000 swapped=True
i=0 pair=(4,5) lam_t=1.00714 lam_s=1.01143 tsr_diff=0.000000 integral_mean=0.000000 integral_std=0.000000 log_ratio=0.0000 accept=1.0000 swapped=True
i=0 pair=(6,7) lam_t=1.01571 lam_s=1.02000 tsr_diff=0.000000 integral_mean=0.000000 integral_std=0.000000 log_ratio=0.0000 accept=1.0000 swapped=True
i=1 pair=(0,3) lam_t=0.99429 lam_s=0.99857 tsr_diff=0.000046 integral_mean=-0.000002 integral_std=0.000046 log_ratio=-0.0049 accept=0.9951 swapped=True
i=1 pair=(2,5) lam_t=1.00286 lam_s=1.00714 tsr_diff=0.000046 integral_mean=0.000002 integral_std=0.000049 log_ratio=0.0000 accept=1.0000 swapped=True
i=1 pair=(4,7) lam_t=1.01143 lam_s=1.01571 tsr_diff=0.000046 integral_mean=-0.000001 integral_std=0.000046 log_ratio=-0.0021 accept=0.9979 swapped=True
i=2 pair=(1,3) lam_t=0.99000 lam_s=0.99429 tsr_diff=0.000181 integral_mean=0.000002 integral_std=0.000185 log_ratio=0.0000 accept=1.0000 swapped=True
i=2 pair=(0,5) lam_t=0.99857 lam_s=1.00286 tsr_diff=0.000181 integral_mean=-0.000000 integral_std=0.000185 log_ratio=-0.0010 accept=0.9990 swapped=True
i=2 pair=(2,7) lam_t=1.00714 lam_s=1.01143 tsr_diff=0.000181 integral_mean=-0.000005 integral_std=0.000188 log_ratio=-0.0114 accept=0.9887 swapped=True
i=2 pair=(4,6) lam_t=1.01571 lam_s=1.02000 tsr_diff=0.000181 integral_mean=-0.000001 integral_std=0.000188 log_ratio=-0.0023 accept=0.9977 swapped=True
i=3 pair=(1,5) lam_t=0.99429 lam_s=0.99857 tsr_diff=0.000400 integral_mean=-0.000001 integral_std=0.000416 log_ratio=-0.0021 accept=0.9979 swapped=True
i=3 pair=(0,7) lam_t=1.00286 lam_s=1.00714 tsr_diff=0.000400 integral_mean=-0.000013 integral_std=0.000403 log_ratio=-0.0315 accept=0.9690 swapped=True
i=3 pair=(2,6) lam_t=1.01143 lam_s=1.01571 tsr_diff=0.000399 integral_mean=0.000010 integral_std=0.000409 log_ratio=0.0000 accept=1.0000 swapped=True
i=4 pair=(3,5) lam_t=0.99000 lam_s=0.99429 tsr_diff=0.000695 integral_mean=0.000003 integral_std=0.000731 log_ratio=0.0000 accept=1.0000 swapped=True
i=4 pair=(1,7) lam_t=0.99857 lam_s=1.00286 tsr_diff=0.000693 integral_mean=-0.000011 integral_std=0.000674 log_ratio=-0.0272 accept=0.9731 swapped=True
i=4 pair=(0,6) lam_t=1.00714 lam_s=1.01143 tsr_diff=0.000691 integral_mean=-0.000020 integral_std=0.000657 log_ratio=-0.0472 accept=0.9539 swapped=True
i=4 pair=(2,4) lam_t=1.01571 lam_s=1.02000 tsr_diff=0.000689 integral_mean=0.000015 integral_std=0.000766 log_ratio=0.0000 accept=1.0000 swapped=True
i=5 pair=(3,7) lam_t=0.99429 lam_s=0.99857 tsr_diff=0.001051 integral_mean=0.000023 integral_std=0.001130 log_ratio=0.0000 accept=1.0000 swapped=True
i=5 pair=(1,6) lam_t=1.00286 lam_s=1.00714 tsr_diff=0.001046 integral_mean=0.000001 integral_std=0.001145 log_ratio=0.0000 accept=1.0000 swapped=True
i=5 pair=(0,4) lam_t=1.01143 lam_s=1.01571 tsr_diff=0.001042 integral_mean=-0.000057 integral_std=0.001082 log_ratio=-0.1365 accept=0.8724 swapped=False
i=6 pair=(5,7) lam_t=0.99000 lam_s=0.99429 tsr_diff=0.001459 integral_mean=0.000057 integral_std=0.001625 log_ratio=0.0000 accept=1.0000 swapped=True
i=6 pair=(3,6) lam_t=0.99857 lam_s=1.00286 tsr_diff=0.001450 integral_mean=0.000039 integral_std=0.001496 log_ratio=0.0000 accept=1.0000 swapped=True
i=6 pair=(1,0) lam_t=1.00714 lam_s=1.01143 tsr_diff=0.001442 integral_mean=0.000042 integral_std=0.001499 log_ratio=0.0000 accept=1.0000 swapped=True
i=6 pair=(4,2) lam_t=1.01571 lam_s=1.02000 tsr_diff=0.001433 integral_mean=-0.000010 integral_std=0.001586 log_ratio=-0.0231 accept=0.9771 swapped=False
i=7 pair=(5,6) lam_t=0.99429 lam_s=0.99857 tsr_diff=0.001888 integral_mean=0.000090 integral_std=0.001932 log_ratio=0.0000 accept=1.0000 swapped=True
i=7 pair=(3,0) lam_t=1.00286 lam_s=1.00714 tsr_diff=0.001874 integral_mean=0.000042 integral_std=0.001960 log_ratio=0.0000 accept=1.0000 swapped=True
i=7 pair=(1,4) lam_t=1.01143 lam_s=1.01571 tsr_diff=0.001860 integral_mean=0.000026 integral_std=0.001959 log_ratio=0.0000 accept=1.0000 swapped=True
i=8 pair=(7,6) lam_t=0.99000 lam_s=0.99429 tsr_diff=0.002345 integral_mean=0.000048 integral_std=0.002587 log_ratio=0.0000 accept=1.0000 swapped=True
i=8 pair=(5,0) lam_t=0.99857 lam_s=1.00286 tsr_diff=0.002323 integral_mean=0.000069 integral_std=0.002431 log_ratio=0.0000 accept=1.0000 swapped=True
i=8 pair=(3,4) lam_t=1.00714 lam_s=1.01143 tsr_diff=0.002302 integral_mean=-0.000020 integral_std=0.002400 log_ratio=-0.0481 accept=0.9531 swapped=True
i=8 pair=(1,2) lam_t=1.01571 lam_s=1.02000 tsr_diff=0.002281 integral_mean=-0.000051 integral_std=0.002552 log_ratio=-0.1226 accept=0.8846 swapped=True
i=9 pair=(7,0) lam_t=0.99429 lam_s=0.99857 tsr_diff=0.002773 integral_mean=0.000108 integral_std=0.003221 log_ratio=0.0000 accept=1.0000 swapped=True
i=9 pair=(5,4) lam_t=1.00286 lam_s=1.00714 tsr_diff=0.002742 integral_mean=0.000045 integral_std=0.002994 log_ratio=0.0000 accept=1.0000 swapped=True
i=9 pair=(3,2) lam_t=1.01143 lam_s=1.01571 tsr_diff=0.002712 integral_mean=0.000061 integral_std=0.003180 log_ratio=0.0000 accept=1.0000 swapped=True
i=10 pair=(6,0) lam_t=0.99000 lam_s=0.99429 tsr_diff=0.003206 integral_mean=0.000137 integral_std=0.003303 log_ratio=0.0000 accept=1.0000 swapped=True
i=10 pair=(7,4) lam_t=0.99857 lam_s=1.00286 tsr_diff=0.003165 integral_mean=-0.000061 integral_std=0.003696 log_ratio=-0.1460 accept=0.8641 swapped=True
i=10 pair=(5,2) lam_t=1.00714 lam_s=1.01143 tsr_diff=0.003125 integral_mean=0.000057 integral_std=0.004162 log_ratio=0.0000 accept=1.0000 swapped=True
i=10 pair=(3,1) lam_t=1.01571 lam_s=1.02000 tsr_diff=0.003086 integral_mean=0.000042 integral_std=0.003435 log_ratio=0.0000 accept=1.0000 swapped=True
i=11 pair=(6,4) lam_t=0.99429 lam_s=0.99857 tsr_diff=0.003554 integral_mean=0.000147 integral_std=0.004974 log_ratio=0.0000 accept=1.0000 swapped=True
i=11 pair=(7,2) lam_t=1.00286 lam_s=1.00714 tsr_diff=0.003505 integral_mean=-0.000271 integral_std=0.005300 log_ratio=-0.6510 accept=0.5215 swapped=False
i=11 pair=(5,1) lam_t=1.01143 lam_s=1.01571 tsr_diff=0.003456 integral_mean=0.000084 integral_std=0.004409 log_ratio=0.0000 accept=1.0000 swapped=True
i=12 pair=(0,4) lam_t=0.99000 lam_s=0.99429 tsr_diff=0.003894 integral_mean=-0.000115 integral_std=0.005009 log_ratio=-0.2749 accept=0.7596 swapped=False
i=12 pair=(6,7) lam_t=0.99857 lam_s=1.00286 tsr_diff=0.003834 integral_mean=0.000363 integral_std=0.006766 log_ratio=0.0000 accept=1.0000 swapped=True
i=12 pair=(2,1) lam_t=1.00714 lam_s=1.01143 tsr_diff=0.003776 integral_mean=0.000614 integral_std=0.006575 log_ratio=0.0000 accept=1.0000 swapped=True
i=12 pair=(5,3) lam_t=1.01571 lam_s=1.02000 tsr_diff=0.003719 integral_mean=0.000219 integral_std=0.004339 log_ratio=0.0000 accept=1.0000 swapped=True
i=13 pair=(4,7) lam_t=0.99429 lam_s=0.99857 tsr_diff=0.004100 integral_mean=-0.000079 integral_std=0.007821 log_ratio=-0.1896 accept=0.8273 swapped=True
i=13 pair=(6,1) lam_t=1.00286 lam_s=1.00714 tsr_diff=0.004034 integral_mean=-0.000554 integral_std=0.009236 log_ratio=-1.3298 accept=0.2645 swapped=False
i=13 pair=(2,3) lam_t=1.01143 lam_s=1.01571 tsr_diff=0.003969 integral_mean=0.000403 integral_std=0.008378 log_ratio=0.0000 accept=1.0000 swapped=True
Best Sample: 0 log probability -1.925
Saved 1 samples to: logs/pointmaze-giant-navigate-v0/inference/plans/release_H400_T256_LimitsNormalizer_b1_condFalse/2026-07-15 11:35:06/18/0.png
Saved 1 samples to: logs/pointmaze-giant-navigate-v0/inference/plans/release_H400_T256_LimitsNormalizer_b1_condFalse/2026-07-15 11:35:06/18/rollout.png
i=0 pair=(0,1) lam_t=0.99000 lam_s=0.99429 tsr_diff=0.000000 integral_mean=0.000000 integral_std=0.000000 log_ratio=0.0000 accept=1.0000 swapped=True
i=0 pair=(2,3) lam_t=0.99857 lam_s=1.00286 tsr_diff=0.000000 integral_mean=0.000000 integral_std=0.000000 log_ratio=0.0000 accept=1.0000 swapped=True
i=0 pair=(4,5) lam_t=1.00714 lam_s=1.01143 tsr_diff=0.000000 integral_mean=0.000000 integral_std=0.000000 log_ratio=0.0000 accept=1.0000 swapped=True
i=0 pair=(6,7) lam_t=1.01571 lam_s=1.02000 tsr_diff=0.000000 integral_mean=0.000000 integral_std=0.000000 log_ratio=0.0000 accept=1.0000 swapped=True
i=1 pair=(0,3) lam_t=0.99429 lam_s=0.99857 tsr_diff=0.000046 integral_mean=0.000000 integral_std=0.000046 log_ratio=0.0000 accept=1.0000 swapped=True
i=1 pair=(2,5) lam_t=1.00286 lam_s=1.00714 tsr_diff=0.000046 integral_mean=0.000000 integral_std=0.000048 log_ratio=0.0000 accept=1.0000 swapped=True
i=1 pair=(4,7) lam_t=1.01143 lam_s=1.01571 tsr_diff=0.000046 integral_mean=0.000003 integral_std=0.000047 log_ratio=0.0000 accept=1.0000 swapped=True
i=2 pair=(1,3) lam_t=0.99000 lam_s=0.99429 tsr_diff=0.000181 integral_mean=-0.000005 integral_std=0.000186 log_ratio=-0.0126 accept=0.9875 swapped=True
i=2 pair=(0,5) lam_t=0.99857 lam_s=1.00286 tsr_diff=0.000181 integral_mean=-0.000007 integral_std=0.000186 log_ratio=-0.0172 accept=0.9829 swapped=True
i=2 pair=(2,7) lam_t=1.00714 lam_s=1.01143 tsr_diff=0.000181 integral_mean=-0.000003 integral_std=0.000188 log_ratio=-0.0080 accept=0.9921 swapped=True
i=2 pair=(4,6) lam_t=1.01571 lam_s=1.02000 tsr_diff=0.000181 integral_mean=0.000002 integral_std=0.000176 log_ratio=0.0000 accept=1.0000 swapped=True
i=3 pair=(1,5) lam_t=0.99429 lam_s=0.99857 tsr_diff=0.000400 integral_mean=-0.000021 integral_std=0.000429 log_ratio=-0.0508 accept=0.9505 swapped=True
i=3 pair=(0,7) lam_t=1.00286 lam_s=1.00714 tsr_diff=0.000400 integral_mean=0.000002 integral_std=0.000380 log_ratio=0.0000 accept=1.0000 swapped=True
i=3 pair=(2,6) lam_t=1.01143 lam_s=1.01571 tsr_diff=0.000399 integral_mean=0.000004 integral_std=0.000364 log_ratio=0.0000 accept=1.0000 swapped=True
i=4 pair=(3,5) lam_t=0.99000 lam_s=0.99429 tsr_diff=0.000695 integral_mean=-0.000005 integral_std=0.000706 log_ratio=-0.0132 accept=0.9869 swapped=True
i=4 pair=(1,7) lam_t=0.99857 lam_s=1.00286 tsr_diff=0.000693 integral_mean=0.000028 integral_std=0.000717 log_ratio=0.0000 accept=1.0000 swapped=True
i=4 pair=(0,6) lam_t=1.00714 lam_s=1.01143 tsr_diff=0.000691 integral_mean=0.000004 integral_std=0.000624 log_ratio=0.0000 accept=1.0000 swapped=True
i=4 pair=(2,4) lam_t=1.01571 lam_s=1.02000 tsr_diff=0.000689 integral_mean=0.000006 integral_std=0.000660 log_ratio=0.0000 accept=1.0000 swapped=True
i=5 pair=(3,7) lam_t=0.99429 lam_s=0.99857 tsr_diff=0.001051 integral_mean=0.000010 integral_std=0.000990 log_ratio=0.0000 accept=1.0000 swapped=True
i=5 pair=(1,6) lam_t=1.00286 lam_s=1.00714 tsr_diff=0.001046 integral_mean=0.000023 integral_std=0.001105 log_ratio=0.0000 accept=1.0000 swapped=True
i=5 pair=(0,4) lam_t=1.01143 lam_s=1.01571 tsr_diff=0.001042 integral_mean=-0.000030 integral_std=0.001237 log_ratio=-0.0724 accept=0.9301 swapped=True
i=6 pair=(5,7) lam_t=0.99000 lam_s=0.99429 tsr_diff=0.001459 integral_mean=0.000124 integral_std=0.001614 log_ratio=0.0000 accept=1.0000 swapped=True
i=6 pair=(3,6) lam_t=0.99857 lam_s=1.00286 tsr_diff=0.001450 integral_mean=0.000019 integral_std=0.001404 log_ratio=0.0000 accept=1.0000 swapped=True
i=6 pair=(1,4) lam_t=1.00714 lam_s=1.01143 tsr_diff=0.001442 integral_mean=-0.000066 integral_std=0.001807 log_ratio=-0.1582 accept=0.8536 swapped=True
i=6 pair=(0,2) lam_t=1.01571 lam_s=1.02000 tsr_diff=0.001433 integral_mean=0.000025 integral_std=0.001313 log_ratio=0.0000 accept=1.0000 swapped=True
i=7 pair=(5,6) lam_t=0.99429 lam_s=0.99857 tsr_diff=0.001888 integral_mean=0.000051 integral_std=0.002107 log_ratio=0.0000 accept=1.0000 swapped=True
i=7 pair=(3,4) lam_t=1.00286 lam_s=1.00714 tsr_diff=0.001874 integral_mean=-0.000126 integral_std=0.001954 log_ratio=-0.3031 accept=0.7385 swapped=True
i=7 pair=(1,2) lam_t=1.01143 lam_s=1.01571 tsr_diff=0.001860 integral_mean=0.000130 integral_std=0.001781 log_ratio=0.0000 accept=1.0000 swapped=True
i=8 pair=(7,6) lam_t=0.99000 lam_s=0.99429 tsr_diff=0.002345 integral_mean=-0.000012 integral_std=0.002140 log_ratio=-0.0297 accept=0.9707 swapped=True
i=8 pair=(5,4) lam_t=0.99857 lam_s=1.00286 tsr_diff=0.002323 integral_mean=0.000045 integral_std=0.002898 log_ratio=0.0000 accept=1.0000 swapped=True
i=8 pair=(3,2) lam_t=1.00714 lam_s=1.01143 tsr_diff=0.002302 integral_mean=0.000080 integral_std=0.002118 log_ratio=0.0000 accept=1.0000 swapped=True
i=8 pair=(1,0) lam_t=1.01571 lam_s=1.02000 tsr_diff=0.002281 integral_mean=0.000045 integral_std=0.002383 log_ratio=0.0000 accept=1.0000 swapped=True
i=9 pair=(7,4) lam_t=0.99429 lam_s=0.99857 tsr_diff=0.002773 integral_mean=-0.000309 integral_std=0.002989 log_ratio=-0.7421 accept=0.4761 swapped=True
i=9 pair=(5,2) lam_t=1.00286 lam_s=1.00714 tsr_diff=0.002742 integral_mean=0.000091 integral_std=0.003297 log_ratio=0.0000 accept=1.0000 swapped=True
i=9 pair=(3,0) lam_t=1.01143 lam_s=1.01571 tsr_diff=0.002712 integral_mean=0.000047 integral_std=0.002451 log_ratio=0.0000 accept=1.0000 swapped=True
i=10 pair=(6,4) lam_t=0.99000 lam_s=0.99429 tsr_diff=0.003206 integral_mean=-0.000442 integral_std=0.003753 log_ratio=-1.0602 accept=0.3464 swapped=False
i=10 pair=(7,2) lam_t=0.99857 lam_s=1.00286 tsr_diff=0.003165 integral_mean=-0.000050 integral_std=0.002685 log_ratio=-0.1212 accept=0.8859 swapped=True
i=10 pair=(5,0) lam_t=1.00714 lam_s=1.01143 tsr_diff=0.003125 integral_mean=0.000204 integral_std=0.004079 log_ratio=0.0000 accept=1.0000 swapped=True
i=10 pair=(3,1) lam_t=1.01571 lam_s=1.02000 tsr_diff=0.003086 integral_mean=-0.000016 integral_std=0.003361 log_ratio=-0.0373 accept=0.9634 swapped=True
i=11 pair=(4,2) lam_t=0.99429 lam_s=0.99857 tsr_diff=0.003554 integral_mean=0.000154 integral_std=0.003882 log_ratio=0.0000 accept=1.0000 swapped=True
i=11 pair=(7,0) lam_t=1.00286 lam_s=1.00714 tsr_diff=0.003505 integral_mean=0.000028 integral_std=0.003001 log_ratio=0.0000 accept=1.0000 swapped=True
i=11 pair=(5,1) lam_t=1.01143 lam_s=1.01571 tsr_diff=0.003456 integral_mean=0.000248 integral_std=0.005469 log_ratio=0.0000 accept=1.0000 swapped=True
i=12 pair=(6,2) lam_t=0.99000 lam_s=0.99429 tsr_diff=0.003894 integral_mean=0.000131 integral_std=0.003021 log_ratio=0.0000 accept=1.0000 swapped=True
i=12 pair=(4,0) lam_t=0.99857 lam_s=1.00286 tsr_diff=0.003834 integral_mean=0.000299 integral_std=0.004743 log_ratio=0.0000 accept=1.0000 swapped=True
i=12 pair=(7,1) lam_t=1.00714 lam_s=1.01143 tsr_diff=0.003776 integral_mean=-0.000259 integral_std=0.005277 log_ratio=-0.6227 accept=0.5365 swapped=False
i=12 pair=(5,3) lam_t=1.01571 lam_s=1.02000 tsr_diff=0.003719 integral_mean=0.000493 integral_std=0.006722 log_ratio=0.0000 accept=1.0000 swapped=True
i=13 pair=(6,0) lam_t=0.99429 lam_s=0.99857 tsr_diff=0.004100 integral_mean=-0.000080 integral_std=0.002974 log_ratio=-0.1922 accept=0.8252 swapped=False
i=13 pair=(4,7) lam_t=1.00286 lam_s=1.00714 tsr_diff=0.004034 integral_mean=0.000312 integral_std=0.007013 log_ratio=0.0000 accept=1.0000 swapped=True
i=13 pair=(1,3) lam_t=1.01143 lam_s=1.01571 tsr_diff=0.003969 integral_mean=0.000476 integral_std=0.006850 log_ratio=0.0000 accept=1.0000 swapped=True
Best Sample: 0 log probability -0.006
Saved 1 samples to: logs/pointmaze-giant-navigate-v0/inference/plans/release_H400_T256_LimitsNormalizer_b1_condFalse/2026-07-15 11:35:06/19/0.png
Saved 1 samples to: logs/pointmaze-giant-navigate-v0/inference/plans/release_H400_T256_LimitsNormalizer_b1_condFalse/2026-07-15 11:35:06/19/rollout.png
i=0 pair=(0,1) lam_t=0.99000 lam_s=0.99429 tsr_diff=0.000000 integral_mean=0.000000 integral_std=0.000000 log_ratio=0.0000 accept=1.0000 swapped=True
i=0 pair=(2,3) lam_t=0.99857 lam_s=1.00286 tsr_diff=0.000000 integral_mean=0.000000 integral_std=0.000000 log_ratio=0.0000 accept=1.0000 swapped=True
i=0 pair=(4,5) lam_t=1.00714 lam_s=1.01143 tsr_diff=0.000000 integral_mean=0.000000 integral_std=0.000000 log_ratio=0.0000 accept=1.0000 swapped=True
i=0 pair=(6,7) lam_t=1.01571 lam_s=1.02000 tsr_diff=0.000000 integral_mean=0.000000 integral_std=0.000000 log_ratio=0.0000 accept=1.0000 swapped=True
i=1 pair=(0,3) lam_t=0.99429 lam_s=0.99857 tsr_diff=0.000046 integral_mean=0.000000 integral_std=0.000046 log_ratio=0.0000 accept=1.0000 swapped=True
i=1 pair=(2,5) lam_t=1.00286 lam_s=1.00714 tsr_diff=0.000046 integral_mean=0.000001 integral_std=0.000044 log_ratio=0.0000 accept=1.0000 swapped=True
i=1 pair=(4,7) lam_t=1.01143 lam_s=1.01571 tsr_diff=0.000046 integral_mean=0.000000 integral_std=0.000047 log_ratio=0.0000 accept=1.0000 swapped=True
i=2 pair=(1,3) lam_t=0.99000 lam_s=0.99429 tsr_diff=0.000181 integral_mean=0.000005 integral_std=0.000208 log_ratio=0.0000 accept=1.0000 swapped=True
i=2 pair=(0,5) lam_t=0.99857 lam_s=1.00286 tsr_diff=0.000181 integral_mean=-0.000000 integral_std=0.000176 log_ratio=-0.0007 accept=0.9993 swapped=True
i=2 pair=(2,7) lam_t=1.00714 lam_s=1.01143 tsr_diff=0.000181 integral_mean=0.000002 integral_std=0.000185 log_ratio=0.0000 accept=1.0000 swapped=True
i=2 pair=(4,6) lam_t=1.01571 lam_s=1.02000 tsr_diff=0.000181 integral_mean=-0.000066 integral_std=0.000269 log_ratio=-0.1575 accept=0.8543 swapped=True
i=3 pair=(1,5) lam_t=0.99429 lam_s=0.99857 tsr_diff=0.000400 integral_mean=0.000020 integral_std=0.000425 log_ratio=0.0000 accept=1.0000 swapped=True
i=3 pair=(0,7) lam_t=1.00286 lam_s=1.00714 tsr_diff=0.000400 integral_mean=-0.000009 integral_std=0.000371 log_ratio=-0.0220 accept=0.9782 swapped=True
i=3 pair=(2,6) lam_t=1.01143 lam_s=1.01571 tsr_diff=0.000399 integral_mean=0.000098 integral_std=0.000581 log_ratio=0.0000 accept=1.0000 swapped=True
i=4 pair=(3,5) lam_t=0.99000 lam_s=0.99429 tsr_diff=0.000695 integral_mean=-0.000013 integral_std=0.000674 log_ratio=-0.0304 accept=0.9700 swapped=True
i=4 pair=(1,7) lam_t=0.99857 lam_s=1.00286 tsr_diff=0.000693 integral_mean=0.000024 integral_std=0.000696 log_ratio=0.0000 accept=1.0000 swapped=True
i=4 pair=(0,6) lam_t=1.00714 lam_s=1.01143 tsr_diff=0.000691 integral_mean=-0.000000 integral_std=0.000715 log_ratio=-0.0006 accept=0.9994 swapped=True
i=4 pair=(2,4) lam_t=1.01571 lam_s=1.02000 tsr_diff=0.000689 integral_mean=0.000198 integral_std=0.001092 log_ratio=0.0000 accept=1.0000 swapped=True
i=5 pair=(3,7) lam_t=0.99429 lam_s=0.99857 tsr_diff=0.001051 integral_mean=0.000005 integral_std=0.000965 log_ratio=0.0000 accept=1.0000 swapped=True
i=5 pair=(1,6) lam_t=1.00286 lam_s=1.00714 tsr_diff=0.001046 integral_mean=-0.000011 integral_std=0.001095 log_ratio=-0.0255 accept=0.9748 swapped=True
i=5 pair=(0,4) lam_t=1.01143 lam_s=1.01571 tsr_diff=0.001042 integral_mean=0.000103 integral_std=0.001107 log_ratio=0.0000 accept=1.0000 swapped=True
i=6 pair=(5,7) lam_t=0.99000 lam_s=0.99429 tsr_diff=0.001459 integral_mean=-0.000037 integral_std=0.001549 log_ratio=-0.0887 accept=0.9151 swapped=False
i=6 pair=(3,6) lam_t=0.99857 lam_s=1.00286 tsr_diff=0.001450 integral_mean=-0.000007 integral_std=0.001363 log_ratio=-0.0167 accept=0.9834 swapped=True
i=6 pair=(1,4) lam_t=1.00714 lam_s=1.01143 tsr_diff=0.001442 integral_mean=-0.000006 integral_std=0.001584 log_ratio=-0.0137 accept=0.9864 swapped=True
i=6 pair=(0,2) lam_t=1.01571 lam_s=1.02000 tsr_diff=0.001433 integral_mean=-0.000169 integral_std=0.001870 log_ratio=-0.4059 accept=0.6664 swapped=True
i=7 pair=(7,6) lam_t=0.99429 lam_s=0.99857 tsr_diff=0.001888 integral_mean=0.000041 integral_std=0.001945 log_ratio=0.0000 accept=1.0000 swapped=True
i=7 pair=(3,4) lam_t=1.00286 lam_s=1.00714 tsr_diff=0.001874 integral_mean=-0.000183 integral_std=0.002104 log_ratio=-0.4400 accept=0.6440 swapped=True
i=7 pair=(1,2) lam_t=1.01143 lam_s=1.01571 tsr_diff=0.001860 integral_mean=-0.000043 integral_std=0.002093 log_ratio=-0.1043 accept=0.9010 swapped=True
i=8 pair=(5,6) lam_t=0.99000 lam_s=0.99429 tsr_diff=0.002345 integral_mean=0.000042 integral_std=0.002471 log_ratio=0.0000 accept=1.0000 swapped=True
i=8 pair=(7,4) lam_t=0.99857 lam_s=1.00286 tsr_diff=0.002323 integral_mean=-0.000055 integral_std=0.002623 log_ratio=-0.1321 accept=0.8762 swapped=True
i=8 pair=(3,2) lam_t=1.00714 lam_s=1.01143 tsr_diff=0.002302 integral_mean=-0.000041 integral_std=0.002282 log_ratio=-0.0976 accept=0.9070 swapped=True
i=8 pair=(1,0) lam_t=1.01571 lam_s=1.02000 tsr_diff=0.002281 integral_mean=-0.000023 integral_std=0.002469 log_ratio=-0.0556 accept=0.9460 swapped=True
i=9 pair=(5,4) lam_t=0.99429 lam_s=0.99857 tsr_diff=0.002773 integral_mean=-0.000039 integral_std=0.003446 log_ratio=-0.0927 accept=0.9115 swapped=True
i=9 pair=(7,2) lam_t=1.00286 lam_s=1.00714 tsr_diff=0.002742 integral_mean=0.000063 integral_std=0.002616 log_ratio=0.0000 accept=1.0000 swapped=True
i=9 pair=(3,0) lam_t=1.01143 lam_s=1.01571 tsr_diff=0.002712 integral_mean=-0.000062 integral_std=0.002526 log_ratio=-0.1489 accept=0.8616 swapped=True
i=10 pair=(6,4) lam_t=0.99000 lam_s=0.99429 tsr_diff=0.003206 integral_mean=0.000013 integral_std=0.004234 log_ratio=0.0000 accept=1.0000 swapped=True
i=10 pair=(5,2) lam_t=0.99857 lam_s=1.00286 tsr_diff=0.003165 integral_mean=0.000015 integral_std=0.003957 log_ratio=0.0000 accept=1.0000 swapped=True
i=10 pair=(7,0) lam_t=1.00714 lam_s=1.01143 tsr_diff=0.003125 integral_mean=-0.000042 integral_std=0.002857 log_ratio=-0.1019 accept=0.9031 swapped=True
i=10 pair=(3,1) lam_t=1.01571 lam_s=1.02000 tsr_diff=0.003086 integral_mean=-0.000080 integral_std=0.003214 log_ratio=-0.1931 accept=0.8244 swapped=False
i=11 pair=(6,2) lam_t=0.99429 lam_s=0.99857 tsr_diff=0.003554 integral_mean=-0.000012 integral_std=0.003874 log_ratio=-0.0298 accept=0.9706 swapped=True
i=11 pair=(5,0) lam_t=1.00286 lam_s=1.00714 tsr_diff=0.003505 integral_mean=0.000141 integral_std=0.005024 log_ratio=0.0000 accept=1.0000 swapped=True
i=11 pair=(7,3) lam_t=1.01143 lam_s=1.01571 tsr_diff=0.003456 integral_mean=0.000078 integral_std=0.003683 log_ratio=0.0000 accept=1.0000 swapped=True
i=12 pair=(4,2) lam_t=0.99000 lam_s=0.99429 tsr_diff=0.003894 integral_mean=0.000198 integral_std=0.005775 log_ratio=0.0000 accept=1.0000 swapped=True
i=12 pair=(6,0) lam_t=0.99857 lam_s=1.00286 tsr_diff=0.003834 integral_mean=0.000056 integral_std=0.005170 log_ratio=0.0000 accept=1.0000 swapped=True
i=12 pair=(5,3) lam_t=1.00714 lam_s=1.01143 tsr_diff=0.003776 integral_mean=0.000001 integral_std=0.004801 log_ratio=0.0000 accept=1.0000 swapped=True
i=12 pair=(7,1) lam_t=1.01571 lam_s=1.02000 tsr_diff=0.003719 integral_mean=-0.000117 integral_std=0.005684 log_ratio=-0.2798 accept=0.7559 swapped=True
i=13 pair=(4,0) lam_t=0.99429 lam_s=0.99857 tsr_diff=0.004100 integral_mean=0.000056 integral_std=0.007813 log_ratio=0.0000 accept=1.0000 swapped=True
i=13 pair=(6,3) lam_t=1.00286 lam_s=1.00714 tsr_diff=0.004034 integral_mean=-0.000050 integral_std=0.003007 log_ratio=-0.1209 accept=0.8861 swapped=False
i=13 pair=(5,1) lam_t=1.01143 lam_s=1.01571 tsr_diff=0.003969 integral_mean=-0.000244 integral_std=0.004569 log_ratio=-0.5853 accept=0.5569 swapped=False
Best Sample: 3 log probability -0.130
Saved 1 samples to: logs/pointmaze-giant-navigate-v0/inference/plans/release_H400_T256_LimitsNormalizer_b1_condFalse/2026-07-15 11:35:06/20/0.png
Saved 1 samples to: logs/pointmaze-giant-navigate-v0/inference/plans/release_H400_T256_LimitsNormalizer_b1_condFalse/2026-07-15 11:35:06/20/rollout.png
i=0 pair=(0,1) lam_t=0.99000 lam_s=0.99429 tsr_diff=0.000000 integral_mean=0.000000 integral_std=0.000000 log_ratio=0.0000 accept=1.0000 swapped=True
i=0 pair=(2,3) lam_t=0.99857 lam_s=1.00286 tsr_diff=0.000000 integral_mean=0.000000 integral_std=0.000000 log_ratio=0.0000 accept=1.0000 swapped=True
i=0 pair=(4,5) lam_t=1.00714 lam_s=1.01143 tsr_diff=0.000000 integral_mean=0.000000 integral_std=0.000000 log_ratio=0.0000 accept=1.0000 swapped=True
i=0 pair=(6,7) lam_t=1.01571 lam_s=1.02000 tsr_diff=0.000000 integral_mean=0.000000 integral_std=0.000000 log_ratio=0.0000 accept=1.0000 swapped=True
i=1 pair=(0,3) lam_t=0.99429 lam_s=0.99857 tsr_diff=0.000046 integral_mean=-0.000000 integral_std=0.000046 log_ratio=-0.0002 accept=0.9998 swapped=True
i=1 pair=(2,5) lam_t=1.00286 lam_s=1.00714 tsr_diff=0.000046 integral_mean=-0.000001 integral_std=0.000052 log_ratio=-0.0026 accept=0.9974 swapped=True
i=1 pair=(4,7) lam_t=1.01143 lam_s=1.01571 tsr_diff=0.000046 integral_mean=-0.000001 integral_std=0.000046 log_ratio=-0.0036 accept=0.9964 swapped=True
i=2 pair=(1,3) lam_t=0.99000 lam_s=0.99429 tsr_diff=0.000181 integral_mean=0.000005 integral_std=0.000207 log_ratio=0.0000 accept=1.0000 swapped=True
i=2 pair=(0,5) lam_t=0.99857 lam_s=1.00286 tsr_diff=0.000181 integral_mean=-0.000003 integral_std=0.000173 log_ratio=-0.0083 accept=0.9917 swapped=True
i=2 pair=(2,7) lam_t=1.00714 lam_s=1.01143 tsr_diff=0.000181 integral_mean=0.000012 integral_std=0.000189 log_ratio=0.0000 accept=1.0000 swapped=True
i=2 pair=(4,6) lam_t=1.01571 lam_s=1.02000 tsr_diff=0.000181 integral_mean=0.000009 integral_std=0.000179 log_ratio=0.0000 accept=1.0000 swapped=True
i=3 pair=(1,5) lam_t=0.99429 lam_s=0.99857 tsr_diff=0.000400 integral_mean=0.000040 integral_std=0.000454 log_ratio=0.0000 accept=1.0000 swapped=True
i=3 pair=(0,7) lam_t=1.00286 lam_s=1.00714 tsr_diff=0.000400 integral_mean=0.000010 integral_std=0.000406 log_ratio=0.0000 accept=1.0000 swapped=True
i=3 pair=(2,6) lam_t=1.01143 lam_s=1.01571 tsr_diff=0.000399 integral_mean=0.000007 integral_std=0.000395 log_ratio=0.0000 accept=1.0000 swapped=True
i=4 pair=(3,5) lam_t=0.99000 lam_s=0.99429 tsr_diff=0.000695 integral_mean=0.000011 integral_std=0.000680 log_ratio=0.0000 accept=1.0000 swapped=True
i=4 pair=(1,7) lam_t=0.99857 lam_s=1.00286 tsr_diff=0.000693 integral_mean=-0.000003 integral_std=0.000750 log_ratio=-0.0073 accept=0.9927 swapped=True
i=4 pair=(0,6) lam_t=1.00714 lam_s=1.01143 tsr_diff=0.000691 integral_mean=-0.000010 integral_std=0.000675 log_ratio=-0.0243 accept=0.9760 swapped=True
i=4 pair=(2,4) lam_t=1.01571 lam_s=1.02000 tsr_diff=0.000689 integral_mean=0.000010 integral_std=0.000691 log_ratio=0.0000 accept=1.0000 swapped=True
i=5 pair=(3,7) lam_t=0.99429 lam_s=0.99857 tsr_diff=0.001051 integral_mean=0.000013 integral_std=0.001056 log_ratio=0.0000 accept=1.0000 swapped=True
i=5 pair=(1,6) lam_t=1.00286 lam_s=1.00714 tsr_diff=0.001046 integral_mean=0.000038 integral_std=0.001023 log_ratio=0.0000 accept=1.0000 swapped=True
i=5 pair=(0,4) lam_t=1.01143 lam_s=1.01571 tsr_diff=0.001042 integral_mean=-0.000005 integral_std=0.001036 log_ratio=-0.0129 accept=0.9872 swapped=True
i=6 pair=(5,7) lam_t=0.99000 lam_s=0.99429 tsr_diff=0.001459 integral_mean=-0.000066 integral_std=0.001473 log_ratio=-0.1586 accept=0.8533 swapped=True
i=6 pair=(3,6) lam_t=0.99857 lam_s=1.00286 tsr_diff=0.001450 integral_mean=0.000051 integral_std=0.001465 log_ratio=0.0000 accept=1.0000 swapped=True
i=6 pair=(1,4) lam_t=1.00714 lam_s=1.01143 tsr_diff=0.001442 integral_mean=-0.000010 integral_std=0.001479 log_ratio=-0.0252 accept=0.9751 swapped=True
i=6 pair=(0,2) lam_t=1.01571 lam_s=1.02000 tsr_diff=0.001433 integral_mean=-0.000031 integral_std=0.001380 log_ratio=-0.0732 accept=0.9294 swapped=True
i=7 pair=(5,6) lam_t=0.99429 lam_s=0.99857 tsr_diff=0.001888 integral_mean=0.000042 integral_std=0.001709 log_ratio=0.0000 accept=1.0000 swapped=True
i=7 pair=(3,4) lam_t=1.00286 lam_s=1.00714 tsr_diff=0.001874 integral_mean=0.000081 integral_std=0.002071 log_ratio=0.0000 accept=1.0000 swapped=True
i=7 pair=(1,2) lam_t=1.01143 lam_s=1.01571 tsr_diff=0.001860 integral_mean=-0.000047 integral_std=0.001835 log_ratio=-0.1120 accept=0.8941 swapped=True
i=8 pair=(7,6) lam_t=0.99000 lam_s=0.99429 tsr_diff=0.002345 integral_mean=0.000064 integral_std=0.002471 log_ratio=0.0000 accept=1.0000 swapped=True
i=8 pair=(5,4) lam_t=0.99857 lam_s=1.00286 tsr_diff=0.002323 integral_mean=-0.000098 integral_std=0.002487 log_ratio=-0.2360 accept=0.7898 swapped=True
i=8 pair=(3,2) lam_t=1.00714 lam_s=1.01143 tsr_diff=0.002302 integral_mean=0.000134 integral_std=0.003003 log_ratio=0.0000 accept=1.0000 swapped=True
i=8 pair=(1,0) lam_t=1.01571 lam_s=1.02000 tsr_diff=0.002281 integral_mean=0.000056 integral_std=0.002070 log_ratio=0.0000 accept=1.0000 swapped=True
i=9 pair=(7,4) lam_t=0.99429 lam_s=0.99857 tsr_diff=0.002773 integral_mean=-0.000134 integral_std=0.002623 log_ratio=-0.3218 accept=0.7248 swapped=True
i=9 pair=(5,2) lam_t=1.00286 lam_s=1.00714 tsr_diff=0.002742 integral_mean=-0.000117 integral_std=0.002952 log_ratio=-0.2813 accept=0.7548 swapped=True
i=9 pair=(3,0) lam_t=1.01143 lam_s=1.01571 tsr_diff=0.002712 integral_mean=0.000288 integral_std=0.003681 log_ratio=0.0000 accept=1.0000 swapped=True
i=10 pair=(6,4) lam_t=0.99000 lam_s=0.99429 tsr_diff=0.003206 integral_mean=-0.000051 integral_std=0.003895 log_ratio=-0.1219 accept=0.8852 swapped=True
i=10 pair=(7,2) lam_t=0.99857 lam_s=1.00286 tsr_diff=0.003165 integral_mean=-0.000094 integral_std=0.003750 log_ratio=-0.2266 accept=0.7972 swapped=True
i=10 pair=(5,0) lam_t=1.00714 lam_s=1.01143 tsr_diff=0.003125 integral_mean=-0.000049 integral_std=0.002533 log_ratio=-0.1171 accept=0.8895 swapped=True
i=10 pair=(3,1) lam_t=1.01571 lam_s=1.02000 tsr_diff=0.003086 integral_mean=0.000291 integral_std=0.004502 log_ratio=0.0000 accept=1.0000 swapped=True
i=11 pair=(6,2) lam_t=0.99429 lam_s=0.99857 tsr_diff=0.003554 integral_mean=-0.000200 integral_std=0.004014 log_ratio=-0.4800 accept=0.6188 swapped=True
i=11 pair=(7,0) lam_t=1.00286 lam_s=1.00714 tsr_diff=0.003505 integral_mean=0.000054 integral_std=0.004108 log_ratio=0.0000 accept=1.0000 swapped=True
i=11 pair=(5,1) lam_t=1.01143 lam_s=1.01571 tsr_diff=0.003456 integral_mean=-0.000096 integral_std=0.002859 log_ratio=-0.2302 accept=0.7944 swapped=True
i=12 pair=(4,2) lam_t=0.99000 lam_s=0.99429 tsr_diff=0.003894 integral_mean=-0.000138 integral_std=0.006667 log_ratio=-0.3323 accept=0.7172 swapped=False
i=12 pair=(6,0) lam_t=0.99857 lam_s=1.00286 tsr_diff=0.003834 integral_mean=-0.000047 integral_std=0.003322 log_ratio=-0.1120 accept=0.8941 swapped=True
i=12 pair=(7,1) lam_t=1.00714 lam_s=1.01143 tsr_diff=0.003776 integral_mean=-0.000111 integral_std=0.005049 log_ratio=-0.2655 accept=0.7669 swapped=True
i=12 pair=(5,3) lam_t=1.01571 lam_s=1.02000 tsr_diff=0.003719 integral_mean=-0.000410 integral_std=0.006739 log_ratio=-0.9838 accept=0.3739 swapped=False
i=13 pair=(2,0) lam_t=0.99429 lam_s=0.99857 tsr_diff=0.004100 integral_mean=0.000199 integral_std=0.006618 log_ratio=0.0000 accept=1.0000 swapped=True
i=13 pair=(6,1) lam_t=1.00286 lam_s=1.00714 tsr_diff=0.004034 integral_mean=0.000202 integral_std=0.003482 log_ratio=0.0000 accept=1.0000 swapped=True
i=13 pair=(7,5) lam_t=1.01143 lam_s=1.01571 tsr_diff=0.003969 integral_mean=-0.000233 integral_std=0.006043 log_ratio=-0.5601 accept=0.5711 swapped=False
Best Sample: 1 log probability -0.102
Saved 1 samples to: logs/pointmaze-giant-navigate-v0/inference/plans/release_H400_T256_LimitsNormalizer_b1_condFalse/2026-07-15 11:35:06/21/0.png
Saved 1 samples to: logs/pointmaze-giant-navigate-v0/inference/plans/release_H400_T256_LimitsNormalizer_b1_condFalse/2026-07-15 11:35:06/21/rollout.png
i=0 pair=(0,1) lam_t=0.99000 lam_s=0.99429 tsr_diff=0.000000 integral_mean=0.000000 integral_std=0.000000 log_ratio=0.0000 accept=1.0000 swapped=True
i=0 pair=(2,3) lam_t=0.99857 lam_s=1.00286 tsr_diff=0.000000 integral_mean=0.000000 integral_std=0.000000 log_ratio=0.0000 accept=1.0000 swapped=True
i=0 pair=(4,5) lam_t=1.00714 lam_s=1.01143 tsr_diff=0.000000 integral_mean=0.000000 integral_std=0.000000 log_ratio=0.0000 accept=1.0000 swapped=True
i=0 pair=(6,7) lam_t=1.01571 lam_s=1.02000 tsr_diff=0.000000 integral_mean=0.000000 integral_std=0.000000 log_ratio=0.0000 accept=1.0000 swapped=True
i=1 pair=(0,3) lam_t=0.99429 lam_s=0.99857 tsr_diff=0.000046 integral_mean=0.000000 integral_std=0.000044 log_ratio=0.0000 accept=1.0000 swapped=True
i=1 pair=(2,5) lam_t=1.00286 lam_s=1.00714 tsr_diff=0.000046 integral_mean=-0.000000 integral_std=0.000047 log_ratio=-0.0010 accept=0.9990 swapped=True
i=1 pair=(4,7) lam_t=1.01143 lam_s=1.01571 tsr_diff=0.000046 integral_mean=-0.000001 integral_std=0.000045 log_ratio=-0.0030 accept=0.9971 swapped=True
i=2 pair=(1,3) lam_t=0.99000 lam_s=0.99429 tsr_diff=0.000181 integral_mean=0.000023 integral_std=0.000197 log_ratio=0.0000 accept=1.0000 swapped=True
i=2 pair=(0,5) lam_t=0.99857 lam_s=1.00286 tsr_diff=0.000181 integral_mean=-0.000001 integral_std=0.000174 log_ratio=-0.0027 accept=0.9973 swapped=True
i=2 pair=(2,7) lam_t=1.00714 lam_s=1.01143 tsr_diff=0.000181 integral_mean=-0.000004 integral_std=0.000202 log_ratio=-0.0101 accept=0.9899 swapped=True
i=2 pair=(4,6) lam_t=1.01571 lam_s=1.02000 tsr_diff=0.000181 integral_mean=0.000004 integral_std=0.000178 log_ratio=0.0000 accept=1.0000 swapped=True
i=3 pair=(1,5) lam_t=0.99429 lam_s=0.99857 tsr_diff=0.000400 integral_mean=0.000019 integral_std=0.000423 log_ratio=0.0000 accept=1.0000 swapped=True
i=3 pair=(0,7) lam_t=1.00286 lam_s=1.00714 tsr_diff=0.000400 integral_mean=0.000001 integral_std=0.000405 log_ratio=0.0000 accept=1.0000 swapped=True
i=3 pair=(2,6) lam_t=1.01143 lam_s=1.01571 tsr_diff=0.000399 integral_mean=0.000026 integral_std=0.000432 log_ratio=0.0000 accept=1.0000 swapped=True
i=4 pair=(3,5) lam_t=0.99000 lam_s=0.99429 tsr_diff=0.000695 integral_mean=-0.000031 integral_std=0.000673 log_ratio=-0.0734 accept=0.9292 swapped=True
i=4 pair=(1,7) lam_t=0.99857 lam_s=1.00286 tsr_diff=0.000693 integral_mean=0.000013 integral_std=0.000700 log_ratio=0.0000 accept=1.0000 swapped=True
i=4 pair=(0,6) lam_t=1.00714 lam_s=1.01143 tsr_diff=0.000691 integral_mean=-0.000032 integral_std=0.000692 log_ratio=-0.0777 accept=0.9252 swapped=True
i=4 pair=(2,4) lam_t=1.01571 lam_s=1.02000 tsr_diff=0.000689 integral_mean=-0.000200 integral_std=0.001169 log_ratio=-0.4792 accept=0.6193 swapped=True
i=5 pair=(3,7) lam_t=0.99429 lam_s=0.99857 tsr_diff=0.001051 integral_mean=0.000008 integral_std=0.001059 log_ratio=0.0000 accept=1.0000 swapped=True
i=5 pair=(1,6) lam_t=1.00286 lam_s=1.00714 tsr_diff=0.001046 integral_mean=-0.000043 integral_std=0.001052 log_ratio=-0.1042 accept=0.9011 swapped=True
i=5 pair=(0,4) lam_t=1.01143 lam_s=1.01571 tsr_diff=0.001042 integral_mean=-0.000205 integral_std=0.001685 log_ratio=-0.4926 accept=0.6110 swapped=False
i=6 pair=(5,7) lam_t=0.99000 lam_s=0.99429 tsr_diff=0.001459 integral_mean=-0.000047 integral_std=0.001467 log_ratio=-0.1120 accept=0.8940 swapped=True
i=6 pair=(3,6) lam_t=0.99857 lam_s=1.00286 tsr_diff=0.001450 integral_mean=-0.000023 integral_std=0.001393 log_ratio=-0.0561 accept=0.9454 swapped=True
i=6 pair=(1,0) lam_t=1.00714 lam_s=1.01143 tsr_diff=0.001442 integral_mean=-0.000009 integral_std=0.001508 log_ratio=-0.0210 accept=0.9793 swapped=True
i=6 pair=(4,2) lam_t=1.01571 lam_s=1.02000 tsr_diff=0.001433 integral_mean=0.000202 integral_std=0.002300 log_ratio=0.0000 accept=1.0000 swapped=True
i=7 pair=(5,6) lam_t=0.99429 lam_s=0.99857 tsr_diff=0.001888 integral_mean=-0.000071 integral_std=0.001738 log_ratio=-0.1712 accept=0.8426 swapped=True
i=7 pair=(3,0) lam_t=1.00286 lam_s=1.00714 tsr_diff=0.001874 integral_mean=-0.000039 integral_std=0.001792 log_ratio=-0.0931 accept=0.9111 swapped=True
i=7 pair=(1,2) lam_t=1.01143 lam_s=1.01571 tsr_diff=0.001860 integral_mean=0.000029 integral_std=0.001891 log_ratio=0.0000 accept=1.0000 swapped=True
i=8 pair=(7,6) lam_t=0.99000 lam_s=0.99429 tsr_diff=0.002345 integral_mean=-0.000100 integral_std=0.002475 log_ratio=-0.2398 accept=0.7868 swapped=False
i=8 pair=(5,0) lam_t=0.99857 lam_s=1.00286 tsr_diff=0.002323 integral_mean=-0.000108 integral_std=0.002252 log_ratio=-0.2586 accept=0.7721 swapped=True
i=8 pair=(3,2) lam_t=1.00714 lam_s=1.01143 tsr_diff=0.002302 integral_mean=0.000020 integral_std=0.002069 log_ratio=0.0000 accept=1.0000 swapped=True
i=8 pair=(1,4) lam_t=1.01571 lam_s=1.02000 tsr_diff=0.002281 integral_mean=-0.000371 integral_std=0.003188 log_ratio=-0.8903 accept=0.4105 swapped=True
i=9 pair=(6,0) lam_t=0.99429 lam_s=0.99857 tsr_diff=0.002773 integral_mean=-0.000058 integral_std=0.002472 log_ratio=-0.1391 accept=0.8701 swapped=True
i=9 pair=(5,2) lam_t=1.00286 lam_s=1.00714 tsr_diff=0.002742 integral_mean=0.000049 integral_std=0.002534 log_ratio=0.0000 accept=1.0000 swapped=True
i=9 pair=(3,4) lam_t=1.01143 lam_s=1.01571 tsr_diff=0.002712 integral_mean=-0.000535 integral_std=0.003395 log_ratio=-1.2844 accept=0.2768 swapped=True
i=10 pair=(7,0) lam_t=0.99000 lam_s=0.99429 tsr_diff=0.003206 integral_mean=-0.000070 integral_std=0.003365 log_ratio=-0.1682 accept=0.8452 swapped=True
i=10 pair=(6,2) lam_t=0.99857 lam_s=1.00286 tsr_diff=0.003165 integral_mean=0.000105 integral_std=0.003019 log_ratio=0.0000 accept=1.0000 swapped=True
i=10 pair=(5,4) lam_t=1.00714 lam_s=1.01143 tsr_diff=0.003125 integral_mean=-0.000722 integral_std=0.004588 log_ratio=-1.7337 accept=0.1766 swapped=False
i=10 pair=(3,1) lam_t=1.01571 lam_s=1.02000 tsr_diff=0.003086 integral_mean=-0.000140 integral_std=0.003631 log_ratio=-0.3360 accept=0.7146 swapped=True
i=11 pair=(7,2) lam_t=0.99429 lam_s=0.99857 tsr_diff=0.003554 integral_mean=0.000127 integral_std=0.003583 log_ratio=0.0000 accept=1.0000 swapped=True
i=11 pair=(6,5) lam_t=1.00286 lam_s=1.00714 tsr_diff=0.003505 integral_mean=0.000156 integral_std=0.003571 log_ratio=0.0000 accept=1.0000 swapped=True
i=11 pair=(4,1) lam_t=1.01143 lam_s=1.01571 tsr_diff=0.003456 integral_mean=0.000801 integral_std=0.006953 log_ratio=0.0000 accept=1.0000 swapped=True
i=12 pair=(0,2) lam_t=0.99000 lam_s=0.99429 tsr_diff=0.003894 integral_mean=0.000080 integral_std=0.003235 log_ratio=0.0000 accept=1.0000 swapped=True
i=12 pair=(7,5) lam_t=0.99857 lam_s=1.00286 tsr_diff=0.003834 integral_mean=0.000086 integral_std=0.004740 log_ratio=0.0000 accept=1.0000 swapped=True
i=12 pair=(6,1) lam_t=1.00714 lam_s=1.01143 tsr_diff=0.003776 integral_mean=-0.000191 integral_std=0.006874 log_ratio=-0.4585 accept=0.6323 swapped=True
i=12 pair=(4,3) lam_t=1.01571 lam_s=1.02000 tsr_diff=0.003719 integral_mean=0.001190 integral_std=0.007521 log_ratio=0.0000 accept=1.0000 swapped=True
i=13 pair=(0,5) lam_t=0.99429 lam_s=0.99857 tsr_diff=0.004100 integral_mean=-0.000020 integral_std=0.002900 log_ratio=-0.0484 accept=0.9528 swapped=True
i=13 pair=(7,1) lam_t=1.00286 lam_s=1.00714 tsr_diff=0.004034 integral_mean=-0.000415 integral_std=0.006558 log_ratio=-0.9970 accept=0.3690 swapped=False
i=13 pair=(6,3) lam_t=1.01143 lam_s=1.01571 tsr_diff=0.003969 integral_mean=0.000418 integral_std=0.004990 log_ratio=0.0000 accept=1.0000 swapped=True
Best Sample: 3 log probability -0.061
Saved 1 samples to: logs/pointmaze-giant-navigate-v0/inference/plans/release_H400_T256_LimitsNormalizer_b1_condFalse/2026-07-15 11:35:06/22/0.png
Saved 1 samples to: logs/pointmaze-giant-navigate-v0/inference/plans/release_H400_T256_LimitsNormalizer_b1_condFalse/2026-07-15 11:35:06/22/rollout.png
i=0 pair=(0,1) lam_t=0.99000 lam_s=0.99429 tsr_diff=0.000000 integral_mean=0.000000 integral_std=0.000000 log_ratio=0.0000 accept=1.0000 swapped=True
i=0 pair=(2,3) lam_t=0.99857 lam_s=1.00286 tsr_diff=0.000000 integral_mean=0.000000 integral_std=0.000000 log_ratio=0.0000 accept=1.0000 swapped=True
i=0 pair=(4,5) lam_t=1.00714 lam_s=1.01143 tsr_diff=0.000000 integral_mean=0.000000 integral_std=0.000000 log_ratio=0.0000 accept=1.0000 swapped=True
i=0 pair=(6,7) lam_t=1.01571 lam_s=1.02000 tsr_diff=0.000000 integral_mean=0.000000 integral_std=0.000000 log_ratio=0.0000 accept=1.0000 swapped=True
i=1 pair=(0,3) lam_t=0.99429 lam_s=0.99857 tsr_diff=0.000046 integral_mean=0.000001 integral_std=0.000046 log_ratio=0.0000 accept=1.0000 swapped=True
i=1 pair=(2,5) lam_t=1.00286 lam_s=1.00714 tsr_diff=0.000046 integral_mean=-0.000001 integral_std=0.000049 log_ratio=-0.0014 accept=0.9986 swapped=True
i=1 pair=(4,7) lam_t=1.01143 lam_s=1.01571 tsr_diff=0.000046 integral_mean=0.000001 integral_std=0.000047 log_ratio=0.0000 accept=1.0000 swapped=True
i=2 pair=(1,3) lam_t=0.99000 lam_s=0.99429 tsr_diff=0.000181 integral_mean=-0.000002 integral_std=0.000180 log_ratio=-0.0055 accept=0.9945 swapped=True
i=2 pair=(0,5) lam_t=0.99857 lam_s=1.00286 tsr_diff=0.000181 integral_mean=0.000003 integral_std=0.000185 log_ratio=0.0000 accept=1.0000 swapped=True
i=2 pair=(2,7) lam_t=1.00714 lam_s=1.01143 tsr_diff=0.000181 integral_mean=-0.000005 integral_std=0.000193 log_ratio=-0.0110 accept=0.9891 swapped=True
i=2 pair=(4,6) lam_t=1.01571 lam_s=1.02000 tsr_diff=0.000181 integral_mean=0.000028 integral_std=0.000210 log_ratio=0.0000 accept=1.0000 swapped=True
i=3 pair=(1,5) lam_t=0.99429 lam_s=0.99857 tsr_diff=0.000400 integral_mean=0.000010 integral_std=0.000405 log_ratio=0.0000 accept=1.0000 swapped=True
i=3 pair=(0,7) lam_t=1.00286 lam_s=1.00714 tsr_diff=0.000400 integral_mean=-0.000002 integral_std=0.000382 log_ratio=-0.0058 accept=0.9943 swapped=True
i=3 pair=(2,6) lam_t=1.01143 lam_s=1.01571 tsr_diff=0.000399 integral_mean=0.000020 integral_std=0.000413 log_ratio=0.0000 accept=1.0000 swapped=True
i=4 pair=(3,5) lam_t=0.99000 lam_s=0.99429 tsr_diff=0.000695 integral_mean=0.000009 integral_std=0.000676 log_ratio=0.0000 accept=1.0000 swapped=True
i=4 pair=(1,7) lam_t=0.99857 lam_s=1.00286 tsr_diff=0.000693 integral_mean=-0.000010 integral_std=0.000684 log_ratio=-0.0233 accept=0.9769 swapped=True
i=4 pair=(0,6) lam_t=1.00714 lam_s=1.01143 tsr_diff=0.000691 integral_mean=-0.000002 integral_std=0.000659 log_ratio=-0.0049 accept=0.9951 swapped=True
i=4 pair=(2,4) lam_t=1.01571 lam_s=1.02000 tsr_diff=0.000689 integral_mean=-0.000001 integral_std=0.000732 log_ratio=-0.0023 accept=0.9977 swapped=True
i=5 pair=(3,7) lam_t=0.99429 lam_s=0.99857 tsr_diff=0.001051 integral_mean=0.000038 integral_std=0.001108 log_ratio=0.0000 accept=1.0000 swapped=True
i=5 pair=(1,6) lam_t=1.00286 lam_s=1.00714 tsr_diff=0.001046 integral_mean=-0.000015 integral_std=0.001016 log_ratio=-0.0362 accept=0.9645 swapped=True
i=5 pair=(0,4) lam_t=1.01143 lam_s=1.01571 tsr_diff=0.001042 integral_mean=-0.000020 integral_std=0.000974 log_ratio=-0.0491 accept=0.9521 swapped=True
i=6 pair=(5,7) lam_t=0.99000 lam_s=0.99429 tsr_diff=0.001459 integral_mean=0.000005 integral_std=0.001434 log_ratio=0.0000 accept=1.0000 swapped=True
i=6 pair=(3,6) lam_t=0.99857 lam_s=1.00286 tsr_diff=0.001450 integral_mean=0.000027 integral_std=0.001455 log_ratio=0.0000 accept=1.0000 swapped=True
i=6 pair=(1,4) lam_t=1.00714 lam_s=1.01143 tsr_diff=0.001442 integral_mean=0.000022 integral_std=0.001558 log_ratio=0.0000 accept=1.0000 swapped=True
i=6 pair=(0,2) lam_t=1.01571 lam_s=1.02000 tsr_diff=0.001433 integral_mean=-0.000095 integral_std=0.001555 log_ratio=-0.2292 accept=0.7952 swapped=True
i=7 pair=(5,6) lam_t=0.99429 lam_s=0.99857 tsr_diff=0.001888 integral_mean=-0.000002 integral_std=0.001768 log_ratio=-0.0046 accept=0.9954 swapped=True
i=7 pair=(3,4) lam_t=1.00286 lam_s=1.00714 tsr_diff=0.001874 integral_mean=0.000061 integral_std=0.001994 log_ratio=0.0000 accept=1.0000 swapped=True
i=7 pair=(1,2) lam_t=1.01143 lam_s=1.01571 tsr_diff=0.001860 integral_mean=-0.000023 integral_std=0.001816 log_ratio=-0.0560 accept=0.9455 swapped=True
i=8 pair=(7,6) lam_t=0.99000 lam_s=0.99429 tsr_diff=0.002345 integral_mean=0.000012 integral_std=0.002353 log_ratio=0.0000 accept=1.0000 swapped=True
i=8 pair=(5,4) lam_t=0.99857 lam_s=1.00286 tsr_diff=0.002323 integral_mean=0.000072 integral_std=0.002496 log_ratio=0.0000 accept=1.0000 swapped=True
i=8 pair=(3,2) lam_t=1.00714 lam_s=1.01143 tsr_diff=0.002302 integral_mean=0.000013 integral_std=0.002319 log_ratio=0.0000 accept=1.0000 swapped=True
i=8 pair=(1,0) lam_t=1.01571 lam_s=1.02000 tsr_diff=0.002281 integral_mean=0.000039 integral_std=0.002389 log_ratio=0.0000 accept=1.0000 swapped=True
i=9 pair=(7,4) lam_t=0.99429 lam_s=0.99857 tsr_diff=0.002773 integral_mean=0.000001 integral_std=0.002881 log_ratio=0.0000 accept=1.0000 swapped=True
i=9 pair=(5,2) lam_t=1.00286 lam_s=1.00714 tsr_diff=0.002742 integral_mean=-0.000154 integral_std=0.003532 log_ratio=-0.3698 accept=0.6909 swapped=False
i=9 pair=(3,0) lam_t=1.01143 lam_s=1.01571 tsr_diff=0.002712 integral_mean=-0.000030 integral_std=0.003401 log_ratio=-0.0730 accept=0.9296 swapped=True
i=10 pair=(6,4) lam_t=0.99000 lam_s=0.99429 tsr_diff=0.003206 integral_mean=0.000021 integral_std=0.003573 log_ratio=0.0000 accept=1.0000 swapped=True
i=10 pair=(7,5) lam_t=0.99857 lam_s=1.00286 tsr_diff=0.003165 integral_mean=-0.000019 integral_std=0.003052 log_ratio=-0.0461 accept=0.9549 swapped=True
i=10 pair=(2,0) lam_t=1.00714 lam_s=1.01143 tsr_diff=0.003125 integral_mean=-0.000344 integral_std=0.005255 log_ratio=-0.8257 accept=0.4379 swapped=True
i=10 pair=(3,1) lam_t=1.01571 lam_s=1.02000 tsr_diff=0.003086 integral_mean=-0.000010 integral_std=0.003515 log_ratio=-0.0240 accept=0.9763 swapped=True
i=11 pair=(6,5) lam_t=0.99429 lam_s=0.99857 tsr_diff=0.003554 integral_mean=-0.000132 integral_std=0.003833 log_ratio=-0.3166 accept=0.7286 swapped=True
i=11 pair=(7,0) lam_t=1.00286 lam_s=1.00714 tsr_diff=0.003505 integral_mean=-0.000372 integral_std=0.004829 log_ratio=-0.8930 accept=0.4094 swapped=True
i=11 pair=(2,1) lam_t=1.01143 lam_s=1.01571 tsr_diff=0.003456 integral_mean=0.000251 integral_std=0.004280 log_ratio=0.0000 accept=1.0000 swapped=True
i=12 pair=(4,5) lam_t=0.99000 lam_s=0.99429 tsr_diff=0.003894 integral_mean=-0.000389 integral_std=0.005733 log_ratio=-0.9330 accept=0.3934 swapped=True
i=12 pair=(6,0) lam_t=0.99857 lam_s=1.00286 tsr_diff=0.003834 integral_mean=-0.000484 integral_std=0.005323 log_ratio=-1.1604 accept=0.3134 swapped=False
i=12 pair=(7,1) lam_t=1.00714 lam_s=1.01143 tsr_diff=0.003776 integral_mean=0.000076 integral_std=0.006439 log_ratio=0.0000 accept=1.0000 swapped=True
i=12 pair=(2,3) lam_t=1.01571 lam_s=1.02000 tsr_diff=0.003719 integral_mean=0.000326 integral_std=0.005885 log_ratio=0.0000 accept=1.0000 swapped=True
i=13 pair=(4,6) lam_t=0.99429 lam_s=0.99857 tsr_diff=0.004100 integral_mean=-0.000243 integral_std=0.006928 log_ratio=-0.5833 accept=0.5581 swapped=True
i=13 pair=(0,1) lam_t=1.00286 lam_s=1.00714 tsr_diff=0.004034 integral_mean=0.000629 integral_std=0.009686 log_ratio=0.0000 accept=1.0000 swapped=True
i=13 pair=(7,3) lam_t=1.01143 lam_s=1.01571 tsr_diff=0.003969 integral_mean=-0.000648 integral_std=0.015008 log_ratio=-1.5551 accept=0.2112 swapped=False
Best Sample: 4 log probability -0.701
Saved 1 samples to: logs/pointmaze-giant-navigate-v0/inference/plans/release_H400_T256_LimitsNormalizer_b1_condFalse/2026-07-15 11:35:06/23/0.png
Saved 1 samples to: logs/pointmaze-giant-navigate-v0/inference/plans/release_H400_T256_LimitsNormalizer_b1_condFalse/2026-07-15 11:35:06/23/rollout.png
i=0 pair=(0,1) lam_t=0.99000 lam_s=0.99429 tsr_diff=0.000000 integral_mean=0.000000 integral_std=0.000000 log_ratio=0.0000 accept=1.0000 swapped=True
i=0 pair=(2,3) lam_t=0.99857 lam_s=1.00286 tsr_diff=0.000000 integral_mean=0.000000 integral_std=0.000000 log_ratio=0.0000 accept=1.0000 swapped=True
i=0 pair=(4,5) lam_t=1.00714 lam_s=1.01143 tsr_diff=0.000000 integral_mean=0.000000 integral_std=0.000000 log_ratio=0.0000 accept=1.0000 swapped=True
i=0 pair=(6,7) lam_t=1.01571 lam_s=1.02000 tsr_diff=0.000000 integral_mean=0.000000 integral_std=0.000000 log_ratio=0.0000 accept=1.0000 swapped=True
i=1 pair=(0,3) lam_t=0.99429 lam_s=0.99857 tsr_diff=0.000046 integral_mean=-0.000001 integral_std=0.000046 log_ratio=-0.0030 accept=0.9970 swapped=True
i=1 pair=(2,5) lam_t=1.00286 lam_s=1.00714 tsr_diff=0.000046 integral_mean=0.000001 integral_std=0.000046 log_ratio=0.0000 accept=1.0000 swapped=True
i=1 pair=(4,7) lam_t=1.01143 lam_s=1.01571 tsr_diff=0.000046 integral_mean=-0.000002 integral_std=0.000044 log_ratio=-0.0049 accept=0.9951 swapped=True
i=2 pair=(1,3) lam_t=0.99000 lam_s=0.99429 tsr_diff=0.000181 integral_mean=-0.000004 integral_std=0.000186 log_ratio=-0.0098 accept=0.9903 swapped=True
i=2 pair=(0,5) lam_t=0.99857 lam_s=1.00286 tsr_diff=0.000181 integral_mean=0.000010 integral_std=0.000187 log_ratio=0.0000 accept=1.0000 swapped=True
i=2 pair=(2,7) lam_t=1.00714 lam_s=1.01143 tsr_diff=0.000181 integral_mean=-0.000005 integral_std=0.000204 log_ratio=-0.0123 accept=0.9878 swapped=True
i=2 pair=(4,6) lam_t=1.01571 lam_s=1.02000 tsr_diff=0.000181 integral_mean=-0.000002 integral_std=0.000185 log_ratio=-0.0048 accept=0.9952 swapped=True
i=3 pair=(1,5) lam_t=0.99429 lam_s=0.99857 tsr_diff=0.000400 integral_mean=0.000022 integral_std=0.000412 log_ratio=0.0000 accept=1.0000 swapped=True
i=3 pair=(0,7) lam_t=1.00286 lam_s=1.00714 tsr_diff=0.000400 integral_mean=-0.000007 integral_std=0.000403 log_ratio=-0.0157 accept=0.9844 swapped=True
i=3 pair=(2,6) lam_t=1.01143 lam_s=1.01571 tsr_diff=0.000399 integral_mean=0.000003 integral_std=0.000395 log_ratio=0.0000 accept=1.0000 swapped=True
i=4 pair=(3,5) lam_t=0.99000 lam_s=0.99429 tsr_diff=0.000695 integral_mean=-0.000014 integral_std=0.000707 log_ratio=-0.0335 accept=0.9671 swapped=True
i=4 pair=(1,7) lam_t=0.99857 lam_s=1.00286 tsr_diff=0.000693 integral_mean=-0.000017 integral_std=0.000735 log_ratio=-0.0399 accept=0.9608 swapped=True
i=4 pair=(0,6) lam_t=1.00714 lam_s=1.01143 tsr_diff=0.000691 integral_mean=-0.000009 integral_std=0.000714 log_ratio=-0.0211 accept=0.9791 swapped=True
i=4 pair=(2,4) lam_t=1.01571 lam_s=1.02000 tsr_diff=0.000689 integral_mean=0.000025 integral_std=0.000773 log_ratio=0.0000 accept=1.0000 swapped=True
i=5 pair=(3,7) lam_t=0.99429 lam_s=0.99857 tsr_diff=0.001051 integral_mean=-0.000020 integral_std=0.001101 log_ratio=-0.0487 accept=0.9525 swapped=True
i=5 pair=(1,6) lam_t=1.00286 lam_s=1.00714 tsr_diff=0.001046 integral_mean=-0.000012 integral_std=0.000989 log_ratio=-0.0289 accept=0.9715 swapped=True
i=5 pair=(0,4) lam_t=1.01143 lam_s=1.01571 tsr_diff=0.001042 integral_mean=-0.000053 integral_std=0.001110 log_ratio=-0.1280 accept=0.8799 swapped=True
i=6 pair=(5,7) lam_t=0.99000 lam_s=0.99429 tsr_diff=0.001459 integral_mean=0.000001 integral_std=0.001523 log_ratio=0.0000 accept=1.0000 swapped=True
i=6 pair=(3,6) lam_t=0.99857 lam_s=1.00286 tsr_diff=0.001450 integral_mean=0.000003 integral_std=0.001459 log_ratio=0.0000 accept=1.0000 swapped=True
i=6 pair=(1,4) lam_t=1.00714 lam_s=1.01143 tsr_diff=0.001442 integral_mean=-0.000091 integral_std=0.001456 log_ratio=-0.2183 accept=0.8039 swapped=True
i=6 pair=(0,2) lam_t=1.01571 lam_s=1.02000 tsr_diff=0.001433 integral_mean=0.000011 integral_std=0.001358 log_ratio=0.0000 accept=1.0000 swapped=True
i=7 pair=(5,6) lam_t=0.99429 lam_s=0.99857 tsr_diff=0.001888 integral_mean=0.000040 integral_std=0.001975 log_ratio=0.0000 accept=1.0000 swapped=True
i=7 pair=(3,4) lam_t=1.00286 lam_s=1.00714 tsr_diff=0.001874 integral_mean=-0.000168 integral_std=0.002090 log_ratio=-0.4034 accept=0.6680 swapped=True
i=7 pair=(1,2) lam_t=1.01143 lam_s=1.01571 tsr_diff=0.001860 integral_mean=-0.000114 integral_std=0.001845 log_ratio=-0.2735 accept=0.7607 swapped=True
i=8 pair=(7,6) lam_t=0.99000 lam_s=0.99429 tsr_diff=0.002345 integral_mean=-0.000021 integral_std=0.002415 log_ratio=-0.0507 accept=0.9506 swapped=True
i=8 pair=(5,4) lam_t=0.99857 lam_s=1.00286 tsr_diff=0.002323 integral_mean=-0.000082 integral_std=0.003024 log_ratio=-0.1963 accept=0.8218 swapped=True
i=8 pair=(3,2) lam_t=1.00714 lam_s=1.01143 tsr_diff=0.002302 integral_mean=-0.000070 integral_std=0.002453 log_ratio=-0.1668 accept=0.8463 swapped=True
i=8 pair=(1,0) lam_t=1.01571 lam_s=1.02000 tsr_diff=0.002281 integral_mean=-0.000011 integral_std=0.002311 log_ratio=-0.0260 accept=0.9743 swapped=True
i=9 pair=(7,4) lam_t=0.99429 lam_s=0.99857 tsr_diff=0.002773 integral_mean=-0.000128 integral_std=0.003161 log_ratio=-0.3065 accept=0.7361 swapped=False
i=9 pair=(5,2) lam_t=1.00286 lam_s=1.00714 tsr_diff=0.002742 integral_mean=0.000001 integral_std=0.003235 log_ratio=0.0000 accept=1.0000 swapped=True
i=9 pair=(3,0) lam_t=1.01143 lam_s=1.01571 tsr_diff=0.002712 integral_mean=-0.000124 integral_std=0.002838 log_ratio=-0.2966 accept=0.7433 swapped=False
i=10 pair=(6,7) lam_t=0.99000 lam_s=0.99429 tsr_diff=0.003206 integral_mean=0.000026 integral_std=0.003560 log_ratio=0.0000 accept=1.0000 swapped=True
i=10 pair=(4,2) lam_t=0.99857 lam_s=1.00286 tsr_diff=0.003165 integral_mean=-0.000014 integral_std=0.003665 log_ratio=-0.0337 accept=0.9668 swapped=True
i=10 pair=(5,3) lam_t=1.00714 lam_s=1.01143 tsr_diff=0.003125 integral_mean=0.000264 integral_std=0.003788 log_ratio=0.0000 accept=1.0000 swapped=True
i=10 pair=(0,1) lam_t=1.01571 lam_s=1.02000 tsr_diff=0.003086 integral_mean=-0.000431 integral_std=0.004399 log_ratio=-1.0350 accept=0.3552 swapped=False
i=11 pair=(6,2) lam_t=0.99429 lam_s=0.99857 tsr_diff=0.003554 integral_mean=-0.000007 integral_std=0.003921 log_ratio=-0.0171 accept=0.9830 swapped=True
i=11 pair=(4,3) lam_t=1.00286 lam_s=1.00714 tsr_diff=0.003505 integral_mean=0.000095 integral_std=0.003503 log_ratio=0.0000 accept=1.0000 swapped=True
i=11 pair=(5,0) lam_t=1.01143 lam_s=1.01571 tsr_diff=0.003456 integral_mean=-0.000014 integral_std=0.005703 log_ratio=-0.0326 accept=0.9679 swapped=True
i=12 pair=(7,2) lam_t=0.99000 lam_s=0.99429 tsr_diff=0.003894 integral_mean=0.000006 integral_std=0.005714 log_ratio=0.0000 accept=1.0000 swapped=True
i=12 pair=(6,3) lam_t=0.99857 lam_s=1.00286 tsr_diff=0.003834 integral_mean=0.000084 integral_std=0.004729 log_ratio=0.0000 accept=1.0000 swapped=True
i=12 pair=(4,0) lam_t=1.00714 lam_s=1.01143 tsr_diff=0.003776 integral_mean=-0.000041 integral_std=0.005342 log_ratio=-0.0978 accept=0.9068 swapped=True
i=12 pair=(5,1) lam_t=1.01571 lam_s=1.02000 tsr_diff=0.003719 integral_mean=-0.000249 integral_std=0.005523 log_ratio=-0.5972 accept=0.5504 swapped=False
i=13 pair=(7,3) lam_t=0.99429 lam_s=0.99857 tsr_diff=0.004100 integral_mean=0.000216 integral_std=0.007311 log_ratio=0.0000 accept=1.0000 swapped=True
i=13 pair=(6,0) lam_t=1.00286 lam_s=1.00714 tsr_diff=0.004034 integral_mean=-0.000291 integral_std=0.006054 log_ratio=-0.6986 accept=0.4973 swapped=True
i=13 pair=(4,5) lam_t=1.01143 lam_s=1.01571 tsr_diff=0.003969 integral_mean=0.000205 integral_std=0.006883 log_ratio=0.0000 accept=1.0000 swapped=True
Best Sample: 3 log probability -0.154
Saved 1 samples to: logs/pointmaze-giant-navigate-v0/inference/plans/release_H400_T256_LimitsNormalizer_b1_condFalse/2026-07-15 11:35:06/24/0.png
Saved 1 samples to: logs/pointmaze-giant-navigate-v0/inference/plans/release_H400_T256_LimitsNormalizer_b1_condFalse/2026-07-15 11:35:06/24/rollout.png
i=0 pair=(0,1) lam_t=0.99000 lam_s=0.99429 tsr_diff=0.000000 integral_mean=0.000000 integral_std=0.000000 log_ratio=0.0000 accept=1.0000 swapped=True
i=0 pair=(2,3) lam_t=0.99857 lam_s=1.00286 tsr_diff=0.000000 integral_mean=0.000000 integral_std=0.000000 log_ratio=0.0000 accept=1.0000 swapped=True
i=0 pair=(4,5) lam_t=1.00714 lam_s=1.01143 tsr_diff=0.000000 integral_mean=0.000000 integral_std=0.000000 log_ratio=0.0000 accept=1.0000 swapped=True
i=0 pair=(6,7) lam_t=1.01571 lam_s=1.02000 tsr_diff=0.000000 integral_mean=0.000000 integral_std=0.000000 log_ratio=0.0000 accept=1.0000 swapped=True
i=1 pair=(0,3) lam_t=0.99429 lam_s=0.99857 tsr_diff=0.000046 integral_mean=-0.000001 integral_std=0.000049 log_ratio=-0.0027 accept=0.9973 swapped=True
i=1 pair=(2,5) lam_t=1.00286 lam_s=1.00714 tsr_diff=0.000046 integral_mean=0.000000 integral_std=0.000043 log_ratio=0.0000 accept=1.0000 swapped=True
i=1 pair=(4,7) lam_t=1.01143 lam_s=1.01571 tsr_diff=0.000046 integral_mean=-0.000001 integral_std=0.000045 log_ratio=-0.0013 accept=0.9987 swapped=True
i=2 pair=(1,3) lam_t=0.99000 lam_s=0.99429 tsr_diff=0.000181 integral_mean=-0.000012 integral_std=0.000191 log_ratio=-0.0295 accept=0.9710 swapped=True
i=2 pair=(0,5) lam_t=0.99857 lam_s=1.00286 tsr_diff=0.000181 integral_mean=-0.000013 integral_std=0.000191 log_ratio=-0.0305 accept=0.9699 swapped=True
i=2 pair=(2,7) lam_t=1.00714 lam_s=1.01143 tsr_diff=0.000181 integral_mean=-0.000002 integral_std=0.000182 log_ratio=-0.0050 accept=0.9950 swapped=True
i=2 pair=(4,6) lam_t=1.01571 lam_s=1.02000 tsr_diff=0.000181 integral_mean=0.000005 integral_std=0.000188 log_ratio=0.0000 accept=1.0000 swapped=True
i=3 pair=(1,5) lam_t=0.99429 lam_s=0.99857 tsr_diff=0.000400 integral_mean=-0.000016 integral_std=0.000424 log_ratio=-0.0373 accept=0.9634 swapped=True
i=3 pair=(0,7) lam_t=1.00286 lam_s=1.00714 tsr_diff=0.000400 integral_mean=-0.000012 integral_std=0.000413 log_ratio=-0.0298 accept=0.9706 swapped=True
i=3 pair=(2,6) lam_t=1.01143 lam_s=1.01571 tsr_diff=0.000399 integral_mean=0.000017 integral_std=0.000425 log_ratio=0.0000 accept=1.0000 swapped=True
i=4 pair=(3,5) lam_t=0.99000 lam_s=0.99429 tsr_diff=0.000695 integral_mean=0.000020 integral_std=0.000777 log_ratio=0.0000 accept=1.0000 swapped=True
i=4 pair=(1,7) lam_t=0.99857 lam_s=1.00286 tsr_diff=0.000693 integral_mean=-0.000000 integral_std=0.000659 log_ratio=-0.0008 accept=0.9992 swapped=True
i=4 pair=(0,6) lam_t=1.00714 lam_s=1.01143 tsr_diff=0.000691 integral_mean=0.000008 integral_std=0.000720 log_ratio=0.0000 accept=1.0000 swapped=True
i=4 pair=(2,4) lam_t=1.01571 lam_s=1.02000 tsr_diff=0.000689 integral_mean=-0.000018 integral_std=0.000741 log_ratio=-0.0434 accept=0.9575 swapped=True
i=5 pair=(3,7) lam_t=0.99429 lam_s=0.99857 tsr_diff=0.001051 integral_mean=0.000026 integral_std=0.001131 log_ratio=0.0000 accept=1.0000 swapped=True
i=5 pair=(1,6) lam_t=1.00286 lam_s=1.00714 tsr_diff=0.001046 integral_mean=0.000000 integral_std=0.000975 log_ratio=0.0000 accept=1.0000 swapped=True
i=5 pair=(0,4) lam_t=1.01143 lam_s=1.01571 tsr_diff=0.001042 integral_mean=-0.000018 integral_std=0.001059 log_ratio=-0.0444 accept=0.9566 swapped=True
i=6 pair=(5,7) lam_t=0.99000 lam_s=0.99429 tsr_diff=0.001459 integral_mean=0.000041 integral_std=0.001596 log_ratio=0.0000 accept=1.0000 swapped=True
i=6 pair=(3,6) lam_t=0.99857 lam_s=1.00286 tsr_diff=0.001450 integral_mean=0.000056 integral_std=0.001533 log_ratio=0.0000 accept=1.0000 swapped=True
i=6 pair=(1,4) lam_t=1.00714 lam_s=1.01143 tsr_diff=0.001442 integral_mean=-0.000034 integral_std=0.001426 log_ratio=-0.0809 accept=0.9223 swapped=True
i=6 pair=(0,2) lam_t=1.01571 lam_s=1.02000 tsr_diff=0.001433 integral_mean=-0.000112 integral_std=0.001522 log_ratio=-0.2686 accept=0.7644 swapped=True
i=7 pair=(5,6) lam_t=0.99429 lam_s=0.99857 tsr_diff=0.001888 integral_mean=0.000104 integral_std=0.002157 log_ratio=0.0000 accept=1.0000 swapped=True
i=7 pair=(3,4) lam_t=1.00286 lam_s=1.00714 tsr_diff=0.001874 integral_mean=0.000088 integral_std=0.001988 log_ratio=0.0000 accept=1.0000 swapped=True
i=7 pair=(1,2) lam_t=1.01143 lam_s=1.01571 tsr_diff=0.001860 integral_mean=-0.000151 integral_std=0.002021 log_ratio=-0.3635 accept=0.6952 swapped=True
i=8 pair=(7,6) lam_t=0.99000 lam_s=0.99429 tsr_diff=0.002345 integral_mean=0.000055 integral_std=0.002053 log_ratio=0.0000 accept=1.0000 swapped=True
i=8 pair=(5,4) lam_t=0.99857 lam_s=1.00286 tsr_diff=0.002323 integral_mean=0.000061 integral_std=0.002755 log_ratio=0.0000 accept=1.0000 swapped=True
i=8 pair=(3,2) lam_t=1.00714 lam_s=1.01143 tsr_diff=0.002302 integral_mean=-0.000051 integral_std=0.002588 log_ratio=-0.1225 accept=0.8847 swapped=True
i=8 pair=(1,0) lam_t=1.01571 lam_s=1.02000 tsr_diff=0.002281 integral_mean=0.000059 integral_std=0.002241 log_ratio=0.0000 accept=1.0000 swapped=True
i=9 pair=(7,4) lam_t=0.99429 lam_s=0.99857 tsr_diff=0.002773 integral_mean=-0.000149 integral_std=0.002949 log_ratio=-0.3571 accept=0.6997 swapped=True
i=9 pair=(5,2) lam_t=1.00286 lam_s=1.00714 tsr_diff=0.002742 integral_mean=-0.000230 integral_std=0.003273 log_ratio=-0.5513 accept=0.5762 swapped=False
i=9 pair=(3,0) lam_t=1.01143 lam_s=1.01571 tsr_diff=0.002712 integral_mean=0.000107 integral_std=0.003172 log_ratio=0.0000 accept=1.0000 swapped=True
i=10 pair=(6,4) lam_t=0.99000 lam_s=0.99429 tsr_diff=0.003206 integral_mean=-0.000193 integral_std=0.003692 log_ratio=-0.4641 accept=0.6287 swapped=True
i=10 pair=(7,5) lam_t=0.99857 lam_s=1.00286 tsr_diff=0.003165 integral_mean=-0.000052 integral_std=0.003870 log_ratio=-0.1239 accept=0.8834 swapped=True
i=10 pair=(2,0) lam_t=1.00714 lam_s=1.01143 tsr_diff=0.003125 integral_mean=0.000119 integral_std=0.004161 log_ratio=0.0000 accept=1.0000 swapped=True
i=10 pair=(3,1) lam_t=1.01571 lam_s=1.02000 tsr_diff=0.003086 integral_mean=0.000218 integral_std=0.004241 log_ratio=0.0000 accept=1.0000 swapped=True
i=11 pair=(6,5) lam_t=0.99429 lam_s=0.99857 tsr_diff=0.003554 integral_mean=-0.000080 integral_std=0.004542 log_ratio=-0.1923 accept=0.8251 swapped=True
i=11 pair=(7,0) lam_t=1.00286 lam_s=1.00714 tsr_diff=0.003505 integral_mean=-0.000183 integral_std=0.005139 log_ratio=-0.4392 accept=0.6445 swapped=False
i=11 pair=(2,1) lam_t=1.01143 lam_s=1.01571 tsr_diff=0.003456 integral_mean=0.000642 integral_std=0.005703 log_ratio=0.0000 accept=1.0000 swapped=True
i=12 pair=(4,5) lam_t=0.99000 lam_s=0.99429 tsr_diff=0.003894 integral_mean=-0.000079 integral_std=0.006555 log_ratio=-0.1891 accept=0.8277 swapped=True
i=12 pair=(6,7) lam_t=0.99857 lam_s=1.00286 tsr_diff=0.003834 integral_mean=-0.000054 integral_std=0.003105 log_ratio=-0.1287 accept=0.8793 swapped=False
i=12 pair=(0,1) lam_t=1.00714 lam_s=1.01143 tsr_diff=0.003776 integral_mean=0.000252 integral_std=0.006842 log_ratio=0.0000 accept=1.0000 swapped=True
i=12 pair=(2,3) lam_t=1.01571 lam_s=1.02000 tsr_diff=0.003719 integral_mean=0.000028 integral_std=0.005917 log_ratio=0.0000 accept=1.0000 swapped=True
i=13 pair=(4,6) lam_t=0.99429 lam_s=0.99857 tsr_diff=0.004100 integral_mean=-0.000054 integral_std=0.007215 log_ratio=-0.1297 accept=0.8783 swapped=False
i=13 pair=(7,1) lam_t=1.00286 lam_s=1.00714 tsr_diff=0.004034 integral_mean=0.000024 integral_std=0.003086 log_ratio=0.0000 accept=1.0000 swapped=True
i=13 pair=(0,3) lam_t=1.01143 lam_s=1.01571 tsr_diff=0.003969 integral_mean=-0.000038 integral_std=0.009249 log_ratio=-0.0922 accept=0.9120 swapped=True
Best Sample: 6 log probability -0.035
Saved 1 samples to: logs/pointmaze-giant-navigate-v0/inference/plans/release_H400_T256_LimitsNormalizer_b1_condFalse/2026-07-15 11:35:06/25/0.png
Saved 1 samples to: logs/pointmaze-giant-navigate-v0/inference/plans/release_H400_T256_LimitsNormalizer_b1_condFalse/2026-07-15 11:35:06/25/rollout.png
i=0 pair=(0,1) lam_t=0.99000 lam_s=0.99429 tsr_diff=0.000000 integral_mean=0.000000 integral_std=0.000000 log_ratio=0.0000 accept=1.0000 swapped=True
i=0 pair=(2,3) lam_t=0.99857 lam_s=1.00286 tsr_diff=0.000000 integral_mean=0.000000 integral_std=0.000000 log_ratio=0.0000 accept=1.0000 swapped=True
i=0 pair=(4,5) lam_t=1.00714 lam_s=1.01143 tsr_diff=0.000000 integral_mean=0.000000 integral_std=0.000000 log_ratio=0.0000 accept=1.0000 swapped=True
i=0 pair=(6,7) lam_t=1.01571 lam_s=1.02000 tsr_diff=0.000000 integral_mean=0.000000 integral_std=0.000000 log_ratio=0.0000 accept=1.0000 swapped=True
i=1 pair=(0,3) lam_t=0.99429 lam_s=0.99857 tsr_diff=0.000046 integral_mean=-0.000000 integral_std=0.000045 log_ratio=-0.0010 accept=0.9990 swapped=True
i=1 pair=(2,5) lam_t=1.00286 lam_s=1.00714 tsr_diff=0.000046 integral_mean=-0.000001 integral_std=0.000046 log_ratio=-0.0026 accept=0.9974 swapped=True
i=1 pair=(4,7) lam_t=1.01143 lam_s=1.01571 tsr_diff=0.000046 integral_mean=0.000001 integral_std=0.000045 log_ratio=0.0000 accept=1.0000 swapped=True
i=2 pair=(1,3) lam_t=0.99000 lam_s=0.99429 tsr_diff=0.000181 integral_mean=-0.000005 integral_std=0.000173 log_ratio=-0.0122 accept=0.9879 swapped=True
i=2 pair=(0,5) lam_t=0.99857 lam_s=1.00286 tsr_diff=0.000181 integral_mean=-0.000000 integral_std=0.000179 log_ratio=-0.0008 accept=0.9992 swapped=True
i=2 pair=(2,7) lam_t=1.00714 lam_s=1.01143 tsr_diff=0.000181 integral_mean=-0.000009 integral_std=0.000190 log_ratio=-0.0210 accept=0.9793 swapped=True
i=2 pair=(4,6) lam_t=1.01571 lam_s=1.02000 tsr_diff=0.000181 integral_mean=-0.000005 integral_std=0.000173 log_ratio=-0.0119 accept=0.9882 swapped=True
i=3 pair=(1,5) lam_t=0.99429 lam_s=0.99857 tsr_diff=0.000400 integral_mean=0.000009 integral_std=0.000374 log_ratio=0.0000 accept=1.0000 swapped=True
i=3 pair=(0,7) lam_t=1.00286 lam_s=1.00714 tsr_diff=0.000400 integral_mean=-0.000010 integral_std=0.000425 log_ratio=-0.0243 accept=0.9760 swapped=True
i=3 pair=(2,6) lam_t=1.01143 lam_s=1.01571 tsr_diff=0.000399 integral_mean=0.000003 integral_std=0.000415 log_ratio=0.0000 accept=1.0000 swapped=True
i=4 pair=(3,5) lam_t=0.99000 lam_s=0.99429 tsr_diff=0.000695 integral_mean=0.000007 integral_std=0.000689 log_ratio=0.0000 accept=1.0000 swapped=True
i=4 pair=(1,7) lam_t=0.99857 lam_s=1.00286 tsr_diff=0.000693 integral_mean=0.000012 integral_std=0.000708 log_ratio=0.0000 accept=1.0000 swapped=True
i=4 pair=(0,6) lam_t=1.00714 lam_s=1.01143 tsr_diff=0.000691 integral_mean=0.000026 integral_std=0.000691 log_ratio=0.0000 accept=1.0000 swapped=True
i=4 pair=(2,4) lam_t=1.01571 lam_s=1.02000 tsr_diff=0.000689 integral_mean=0.000014 integral_std=0.000728 log_ratio=0.0000 accept=1.0000 swapped=True
i=5 pair=(3,7) lam_t=0.99429 lam_s=0.99857 tsr_diff=0.001051 integral_mean=-0.000048 integral_std=0.001039 log_ratio=-0.1145 accept=0.8918 swapped=True
i=5 pair=(1,6) lam_t=1.00286 lam_s=1.00714 tsr_diff=0.001046 integral_mean=0.000016 integral_std=0.001041 log_ratio=0.0000 accept=1.0000 swapped=True
i=5 pair=(0,4) lam_t=1.01143 lam_s=1.01571 tsr_diff=0.001042 integral_mean=0.000019 integral_std=0.001001 log_ratio=0.0000 accept=1.0000 swapped=True
i=6 pair=(5,7) lam_t=0.99000 lam_s=0.99429 tsr_diff=0.001459 integral_mean=-0.000090 integral_std=0.001652 log_ratio=-0.2165 accept=0.8053 swapped=True
i=6 pair=(3,6) lam_t=0.99857 lam_s=1.00286 tsr_diff=0.001450 integral_mean=-0.000030 integral_std=0.001443 log_ratio=-0.0716 accept=0.9309 swapped=True
i=6 pair=(1,4) lam_t=1.00714 lam_s=1.01143 tsr_diff=0.001442 integral_mean=0.000019 integral_std=0.001425 log_ratio=0.0000 accept=1.0000 swapped=True
i=6 pair=(0,2) lam_t=1.01571 lam_s=1.02000 tsr_diff=0.001433 integral_mean=-0.000018 integral_std=0.001596 log_ratio=-0.0439 accept=0.9570 swapped=True
i=7 pair=(5,6) lam_t=0.99429 lam_s=0.99857 tsr_diff=0.001888 integral_mean=-0.000047 integral_std=0.001789 log_ratio=-0.1119 accept=0.8941 swapped=True
i=7 pair=(3,4) lam_t=1.00286 lam_s=1.00714 tsr_diff=0.001874 integral_mean=-0.000005 integral_std=0.001650 log_ratio=-0.0129 accept=0.9871 swapped=True
i=7 pair=(1,2) lam_t=1.01143 lam_s=1.01571 tsr_diff=0.001860 integral_mean=-0.000022 integral_std=0.002045 log_ratio=-0.0536 accept=0.9478 swapped=False
i=8 pair=(7,6) lam_t=0.99000 lam_s=0.99429 tsr_diff=0.002345 integral_mean=0.000018 integral_std=0.002305 log_ratio=0.0000 accept=1.0000 swapped=True
i=8 pair=(5,4) lam_t=0.99857 lam_s=1.00286 tsr_diff=0.002323 integral_mean=-0.000154 integral_std=0.002146 log_ratio=-0.3688 accept=0.6916 swapped=True
i=8 pair=(3,1) lam_t=1.00714 lam_s=1.01143 tsr_diff=0.002302 integral_mean=-0.000010 integral_std=0.002055 log_ratio=-0.0241 accept=0.9762 swapped=True
i=8 pair=(2,0) lam_t=1.01571 lam_s=1.02000 tsr_diff=0.002281 integral_mean=0.000027 integral_std=0.002552 log_ratio=0.0000 accept=1.0000 swapped=True
i=9 pair=(7,4) lam_t=0.99429 lam_s=0.99857 tsr_diff=0.002773 integral_mean=-0.000101 integral_std=0.002710 log_ratio=-0.2425 accept=0.7846 swapped=False
i=9 pair=(5,1) lam_t=1.00286 lam_s=1.00714 tsr_diff=0.002742 integral_mean=-0.000000 integral_std=0.002530 log_ratio=-0.0001 accept=0.9999 swapped=True
i=9 pair=(3,0) lam_t=1.01143 lam_s=1.01571 tsr_diff=0.002712 integral_mean=-0.000014 integral_std=0.002390 log_ratio=-0.0331 accept=0.9674 swapped=True
i=10 pair=(6,7) lam_t=0.99000 lam_s=0.99429 tsr_diff=0.003206 integral_mean=-0.000002 integral_std=0.003584 log_ratio=-0.0057 accept=0.9943 swapped=True
i=10 pair=(4,1) lam_t=0.99857 lam_s=1.00286 tsr_diff=0.003165 integral_mean=0.000246 integral_std=0.003961 log_ratio=0.0000 accept=1.0000 swapped=True
i=10 pair=(5,0) lam_t=1.00714 lam_s=1.01143 tsr_diff=0.003125 integral_mean=-0.000071 integral_std=0.002813 log_ratio=-0.1698 accept=0.8438 swapped=True
i=10 pair=(3,2) lam_t=1.01571 lam_s=1.02000 tsr_diff=0.003086 integral_mean=0.000076 integral_std=0.004255 log_ratio=0.0000 accept=1.0000 swapped=True
i=11 pair=(6,1) lam_t=0.99429 lam_s=0.99857 tsr_diff=0.003554 integral_mean=0.000021 integral_std=0.002976 log_ratio=0.0000 accept=1.0000 swapped=True
i=11 pair=(4,0) lam_t=1.00286 lam_s=1.00714 tsr_diff=0.003505 integral_mean=0.000139 integral_std=0.004221 log_ratio=0.0000 accept=1.0000 swapped=True
i=11 pair=(5,2) lam_t=1.01143 lam_s=1.01571 tsr_diff=0.003456 integral_mean=-0.000132 integral_std=0.005298 log_ratio=-0.3173 accept=0.7281 swapped=True
i=12 pair=(7,1) lam_t=0.99000 lam_s=0.99429 tsr_diff=0.003894 integral_mean=0.000164 integral_std=0.004988 log_ratio=0.0000 accept=1.0000 swapped=True
i=12 pair=(6,0) lam_t=0.99857 lam_s=1.00286 tsr_diff=0.003834 integral_mean=-0.000046 integral_std=0.003141 log_ratio=-0.1109 accept=0.8950 swapped=True
i=12 pair=(4,2) lam_t=1.00714 lam_s=1.01143 tsr_diff=0.003776 integral_mean=0.000355 integral_std=0.007106 log_ratio=0.0000 accept=1.0000 swapped=True
i=12 pair=(5,3) lam_t=1.01571 lam_s=1.02000 tsr_diff=0.003719 integral_mean=-0.000164 integral_std=0.003561 log_ratio=-0.3944 accept=0.6741 swapped=False
i=13 pair=(7,0) lam_t=0.99429 lam_s=0.99857 tsr_diff=0.004100 integral_mean=-0.000005 integral_std=0.006091 log_ratio=-0.0124 accept=0.9876 swapped=True
i=13 pair=(6,2) lam_t=1.00286 lam_s=1.00714 tsr_diff=0.004034 integral_mean=0.000108 integral_std=0.009925 log_ratio=0.0000 accept=1.0000 swapped=True
i=13 pair=(4,5) lam_t=1.01143 lam_s=1.01571 tsr_diff=0.003969 integral_mean=0.000182 integral_std=0.005651 log_ratio=0.0000 accept=1.0000 swapped=True
Best Sample: 5 log probability -0.040
Saved 1 samples to: logs/pointmaze-giant-navigate-v0/inference/plans/release_H400_T256_LimitsNormalizer_b1_condFalse/2026-07-15 11:35:06/26/0.png
Saved 1 samples to: logs/pointmaze-giant-navigate-v0/inference/plans/release_H400_T256_LimitsNormalizer_b1_condFalse/2026-07-15 11:35:06/26/rollout.png
i=0 pair=(0,1) lam_t=0.99000 lam_s=0.99429 tsr_diff=0.000000 integral_mean=0.000000 integral_std=0.000000 log_ratio=0.0000 accept=1.0000 swapped=True
i=0 pair=(2,3) lam_t=0.99857 lam_s=1.00286 tsr_diff=0.000000 integral_mean=0.000000 integral_std=0.000000 log_ratio=0.0000 accept=1.0000 swapped=True
i=0 pair=(4,5) lam_t=1.00714 lam_s=1.01143 tsr_diff=0.000000 integral_mean=0.000000 integral_std=0.000000 log_ratio=0.0000 accept=1.0000 swapped=True
i=0 pair=(6,7) lam_t=1.01571 lam_s=1.02000 tsr_diff=0.000000 integral_mean=0.000000 integral_std=0.000000 log_ratio=0.0000 accept=1.0000 swapped=True
i=1 pair=(0,3) lam_t=0.99429 lam_s=0.99857 tsr_diff=0.000046 integral_mean=-0.000002 integral_std=0.000045 log_ratio=-0.0036 accept=0.9964 swapped=True
i=1 pair=(2,5) lam_t=1.00286 lam_s=1.00714 tsr_diff=0.000046 integral_mean=-0.000002 integral_std=0.000047 log_ratio=-0.0037 accept=0.9963 swapped=True
i=1 pair=(4,7) lam_t=1.01143 lam_s=1.01571 tsr_diff=0.000046 integral_mean=-0.000002 integral_std=0.000046 log_ratio=-0.0040 accept=0.9960 swapped=True
i=2 pair=(1,3) lam_t=0.99000 lam_s=0.99429 tsr_diff=0.000181 integral_mean=0.000002 integral_std=0.000175 log_ratio=0.0000 accept=1.0000 swapped=True
i=2 pair=(0,5) lam_t=0.99857 lam_s=1.00286 tsr_diff=0.000181 integral_mean=0.000003 integral_std=0.000182 log_ratio=0.0000 accept=1.0000 swapped=True
i=2 pair=(2,7) lam_t=1.00714 lam_s=1.01143 tsr_diff=0.000181 integral_mean=0.000005 integral_std=0.000172 log_ratio=0.0000 accept=1.0000 swapped=True
i=2 pair=(4,6) lam_t=1.01571 lam_s=1.02000 tsr_diff=0.000181 integral_mean=-0.000001 integral_std=0.000214 log_ratio=-0.0016 accept=0.9984 swapped=True
i=3 pair=(1,5) lam_t=0.99429 lam_s=0.99857 tsr_diff=0.000400 integral_mean=0.000005 integral_std=0.000401 log_ratio=0.0000 accept=1.0000 swapped=True
i=3 pair=(0,7) lam_t=1.00286 lam_s=1.00714 tsr_diff=0.000400 integral_mean=0.000002 integral_std=0.000400 log_ratio=0.0000 accept=1.0000 swapped=True
i=3 pair=(2,6) lam_t=1.01143 lam_s=1.01571 tsr_diff=0.000399 integral_mean=-0.000041 integral_std=0.000464 log_ratio=-0.0985 accept=0.9062 swapped=True
i=4 pair=(3,5) lam_t=0.99000 lam_s=0.99429 tsr_diff=0.000695 integral_mean=0.000000 integral_std=0.000693 log_ratio=0.0000 accept=1.0000 swapped=True
i=4 pair=(1,7) lam_t=0.99857 lam_s=1.00286 tsr_diff=0.000693 integral_mean=0.000021 integral_std=0.000686 log_ratio=0.0000 accept=1.0000 swapped=True
i=4 pair=(0,6) lam_t=1.00714 lam_s=1.01143 tsr_diff=0.000691 integral_mean=-0.000064 integral_std=0.000698 log_ratio=-0.1537 accept=0.8575 swapped=True
i=4 pair=(2,4) lam_t=1.01571 lam_s=1.02000 tsr_diff=0.000689 integral_mean=-0.000003 integral_std=0.000680 log_ratio=-0.0071 accept=0.9930 swapped=True
i=5 pair=(3,7) lam_t=0.99429 lam_s=0.99857 tsr_diff=0.001051 integral_mean=0.000003 integral_std=0.001064 log_ratio=0.0000 accept=1.0000 swapped=True
i=5 pair=(1,6) lam_t=1.00286 lam_s=1.00714 tsr_diff=0.001046 integral_mean=-0.000043 integral_std=0.001204 log_ratio=-0.1042 accept=0.9010 swapped=True
i=5 pair=(0,4) lam_t=1.01143 lam_s=1.01571 tsr_diff=0.001042 integral_mean=-0.000061 integral_std=0.001028 log_ratio=-0.1470 accept=0.8633 swapped=True
i=6 pair=(5,7) lam_t=0.99000 lam_s=0.99429 tsr_diff=0.001459 integral_mean=0.000018 integral_std=0.001478 log_ratio=0.0000 accept=1.0000 swapped=True
i=6 pair=(3,6) lam_t=0.99857 lam_s=1.00286 tsr_diff=0.001450 integral_mean=-0.000050 integral_std=0.001362 log_ratio=-0.1193 accept=0.8875 swapped=True
i=6 pair=(1,4) lam_t=1.00714 lam_s=1.01143 tsr_diff=0.001442 integral_mean=0.000080 integral_std=0.001492 log_ratio=0.0000 accept=1.0000 swapped=True
i=6 pair=(0,2) lam_t=1.01571 lam_s=1.02000 tsr_diff=0.001433 integral_mean=-0.000010 integral_std=0.001388 log_ratio=-0.0243 accept=0.9760 swapped=True
i=7 pair=(5,6) lam_t=0.99429 lam_s=0.99857 tsr_diff=0.001888 integral_mean=-0.000088 integral_std=0.001870 log_ratio=-0.2108 accept=0.8099 swapped=False
i=7 pair=(3,4) lam_t=1.00286 lam_s=1.00714 tsr_diff=0.001874 integral_mean=-0.000005 integral_std=0.001892 log_ratio=-0.0111 accept=0.9889 swapped=True
i=7 pair=(1,2) lam_t=1.01143 lam_s=1.01571 tsr_diff=0.001860 integral_mean=0.000061 integral_std=0.001926 log_ratio=0.0000 accept=1.0000 swapped=True
i=8 pair=(7,5) lam_t=0.99000 lam_s=0.99429 tsr_diff=0.002345 integral_mean=-0.000019 integral_std=0.002368 log_ratio=-0.0466 accept=0.9545 swapped=True
i=8 pair=(6,4) lam_t=0.99857 lam_s=1.00286 tsr_diff=0.002323 integral_mean=0.000111 integral_std=0.002393 log_ratio=0.0000 accept=1.0000 swapped=True
i=8 pair=(3,2) lam_t=1.00714 lam_s=1.01143 tsr_diff=0.002302 integral_mean=0.000018 integral_std=0.002323 log_ratio=0.0000 accept=1.0000 swapped=True
i=8 pair=(1,0) lam_t=1.01571 lam_s=1.02000 tsr_diff=0.002281 integral_mean=-0.000042 integral_std=0.002784 log_ratio=-0.1018 accept=0.9032 swapped=True
i=9 pair=(7,4) lam_t=0.99429 lam_s=0.99857 tsr_diff=0.002773 integral_mean=0.000234 integral_std=0.003328 log_ratio=0.0000 accept=1.0000 swapped=True
i=9 pair=(6,2) lam_t=1.00286 lam_s=1.00714 tsr_diff=0.002742 integral_mean=0.000049 integral_std=0.003229 log_ratio=0.0000 accept=1.0000 swapped=True
i=9 pair=(3,0) lam_t=1.01143 lam_s=1.01571 tsr_diff=0.002712 integral_mean=-0.000163 integral_std=0.002670 log_ratio=-0.3911 accept=0.6763 swapped=False
i=10 pair=(5,4) lam_t=0.99000 lam_s=0.99429 tsr_diff=0.003206 integral_mean=0.000044 integral_std=0.003188 log_ratio=0.0000 accept=1.0000 swapped=True
i=10 pair=(7,2) lam_t=0.99857 lam_s=1.00286 tsr_diff=0.003165 integral_mean=0.000213 integral_std=0.004098 log_ratio=0.0000 accept=1.0000 swapped=True
i=10 pair=(6,3) lam_t=1.00714 lam_s=1.01143 tsr_diff=0.003125 integral_mean=0.000399 integral_std=0.004181 log_ratio=0.0000 accept=1.0000 swapped=True
i=10 pair=(0,1) lam_t=1.01571 lam_s=1.02000 tsr_diff=0.003086 integral_mean=-0.000171 integral_std=0.004139 log_ratio=-0.4099 accept=0.6637 swapped=False
i=11 pair=(5,2) lam_t=0.99429 lam_s=0.99857 tsr_diff=0.003554 integral_mean=-0.000083 integral_std=0.004253 log_ratio=-0.1989 accept=0.8197 swapped=True
i=11 pair=(7,3) lam_t=1.00286 lam_s=1.00714 tsr_diff=0.003505 integral_mean=0.000275 integral_std=0.005354 log_ratio=0.0000 accept=1.0000 swapped=True
i=11 pair=(6,0) lam_t=1.01143 lam_s=1.01571 tsr_diff=0.003456 integral_mean=0.000293 integral_std=0.004878 log_ratio=0.0000 accept=1.0000 swapped=True
i=12 pair=(4,2) lam_t=0.99000 lam_s=0.99429 tsr_diff=0.003894 integral_mean=-0.000353 integral_std=0.004079 log_ratio=-0.8478 accept=0.4284 swapped=False
i=12 pair=(5,3) lam_t=0.99857 lam_s=1.00286 tsr_diff=0.003834 integral_mean=-0.000049 integral_std=0.003322 log_ratio=-0.1176 accept=0.8890 swapped=True
i=12 pair=(7,0) lam_t=1.00714 lam_s=1.01143 tsr_diff=0.003776 integral_mean=0.000248 integral_std=0.006911 log_ratio=0.0000 accept=1.0000 swapped=True
i=12 pair=(6,1) lam_t=1.01571 lam_s=1.02000 tsr_diff=0.003719 integral_mean=0.000225 integral_std=0.007535 log_ratio=0.0000 accept=1.0000 swapped=True
i=13 pair=(2,3) lam_t=0.99429 lam_s=0.99857 tsr_diff=0.004100 integral_mean=0.000276 integral_std=0.007437 log_ratio=0.0000 accept=1.0000 swapped=True
i=13 pair=(5,0) lam_t=1.00286 lam_s=1.00714 tsr_diff=0.004034 integral_mean=-0.000212 integral_std=0.005811 log_ratio=-0.5091 accept=0.6010 swapped=True
i=13 pair=(7,1) lam_t=1.01143 lam_s=1.01571 tsr_diff=0.003969 integral_mean=-0.001031 integral_std=0.009863 log_ratio=-2.4742 accept=0.0842 swapped=True
Best Sample: 3 log probability -0.001
Saved 1 samples to: logs/pointmaze-giant-navigate-v0/inference/plans/release_H400_T256_LimitsNormalizer_b1_condFalse/2026-07-15 11:35:06/27/0.png
Saved 1 samples to: logs/pointmaze-giant-navigate-v0/inference/plans/release_H400_T256_LimitsNormalizer_b1_condFalse/2026-07-15 11:35:06/27/rollout.png
i=0 pair=(0,1) lam_t=0.99000 lam_s=0.99429 tsr_diff=0.000000 integral_mean=0.000000 integral_std=0.000000 log_ratio=0.0000 accept=1.0000 swapped=True
i=0 pair=(2,3) lam_t=0.99857 lam_s=1.00286 tsr_diff=0.000000 integral_mean=0.000000 integral_std=0.000000 log_ratio=0.0000 accept=1.0000 swapped=True
i=0 pair=(4,5) lam_t=1.00714 lam_s=1.01143 tsr_diff=0.000000 integral_mean=0.000000 integral_std=0.000000 log_ratio=0.0000 accept=1.0000 swapped=True
i=0 pair=(6,7) lam_t=1.01571 lam_s=1.02000 tsr_diff=0.000000 integral_mean=0.000000 integral_std=0.000000 log_ratio=0.0000 accept=1.0000 swapped=True
i=1 pair=(0,3) lam_t=0.99429 lam_s=0.99857 tsr_diff=0.000046 integral_mean=-0.000003 integral_std=0.000046 log_ratio=-0.0062 accept=0.9939 swapped=True
i=1 pair=(2,5) lam_t=1.00286 lam_s=1.00714 tsr_diff=0.000046 integral_mean=0.000001 integral_std=0.000046 log_ratio=0.0000 accept=1.0000 swapped=True
i=1 pair=(4,7) lam_t=1.01143 lam_s=1.01571 tsr_diff=0.000046 integral_mean=-0.000000 integral_std=0.000047 log_ratio=-0.0011 accept=0.9989 swapped=True
i=2 pair=(1,3) lam_t=0.99000 lam_s=0.99429 tsr_diff=0.000181 integral_mean=-0.000000 integral_std=0.000182 log_ratio=-0.0004 accept=0.9996 swapped=True
i=2 pair=(0,5) lam_t=0.99857 lam_s=1.00286 tsr_diff=0.000181 integral_mean=-0.000000 integral_std=0.000188 log_ratio=-0.0012 accept=0.9988 swapped=True
i=2 pair=(2,7) lam_t=1.00714 lam_s=1.01143 tsr_diff=0.000181 integral_mean=-0.000003 integral_std=0.000296 log_ratio=-0.0080 accept=0.9920 swapped=True
i=2 pair=(4,6) lam_t=1.01571 lam_s=1.02000 tsr_diff=0.000181 integral_mean=0.000004 integral_std=0.000191 log_ratio=0.0000 accept=1.0000 swapped=True
i=3 pair=(1,5) lam_t=0.99429 lam_s=0.99857 tsr_diff=0.000400 integral_mean=0.000014 integral_std=0.000406 log_ratio=0.0000 accept=1.0000 swapped=True
i=3 pair=(0,7) lam_t=1.00286 lam_s=1.00714 tsr_diff=0.000400 integral_mean=-0.000002 integral_std=0.000402 log_ratio=-0.0037 accept=0.9963 swapped=True
i=3 pair=(2,6) lam_t=1.01143 lam_s=1.01571 tsr_diff=0.000399 integral_mean=0.000178 integral_std=0.000674 log_ratio=0.0000 accept=1.0000 swapped=True
i=4 pair=(3,5) lam_t=0.99000 lam_s=0.99429 tsr_diff=0.000695 integral_mean=0.000017 integral_std=0.000706 log_ratio=0.0000 accept=1.0000 swapped=True
i=4 pair=(1,7) lam_t=0.99857 lam_s=1.00286 tsr_diff=0.000693 integral_mean=0.000012 integral_std=0.000741 log_ratio=0.0000 accept=1.0000 swapped=True
i=4 pair=(0,6) lam_t=1.00714 lam_s=1.01143 tsr_diff=0.000691 integral_mean=0.000011 integral_std=0.000686 log_ratio=0.0000 accept=1.0000 swapped=True
i=4 pair=(2,4) lam_t=1.01571 lam_s=1.02000 tsr_diff=0.000689 integral_mean=0.000113 integral_std=0.000842 log_ratio=0.0000 accept=1.0000 swapped=True
i=5 pair=(3,7) lam_t=0.99429 lam_s=0.99857 tsr_diff=0.001051 integral_mean=0.000013 integral_std=0.000948 log_ratio=0.0000 accept=1.0000 swapped=True
i=5 pair=(1,6) lam_t=1.00286 lam_s=1.00714 tsr_diff=0.001046 integral_mean=0.000015 integral_std=0.001060 log_ratio=0.0000 accept=1.0000 swapped=True
i=5 pair=(0,4) lam_t=1.01143 lam_s=1.01571 tsr_diff=0.001042 integral_mean=-0.000047 integral_std=0.001106 log_ratio=-0.1125 accept=0.8936 swapped=False
i=6 pair=(5,7) lam_t=0.99000 lam_s=0.99429 tsr_diff=0.001459 integral_mean=0.000081 integral_std=0.001415 log_ratio=0.0000 accept=1.0000 swapped=True
i=6 pair=(3,6) lam_t=0.99857 lam_s=1.00286 tsr_diff=0.001450 integral_mean=-0.000013 integral_std=0.001437 log_ratio=-0.0308 accept=0.9697 swapped=True
i=6 pair=(1,0) lam_t=1.00714 lam_s=1.01143 tsr_diff=0.001442 integral_mean=-0.000004 integral_std=0.001520 log_ratio=-0.0095 accept=0.9905 swapped=True
i=6 pair=(4,2) lam_t=1.01571 lam_s=1.02000 tsr_diff=0.001433 integral_mean=-0.000080 integral_std=0.001639 log_ratio=-0.1930 accept=0.8245 swapped=False
i=7 pair=(5,6) lam_t=0.99429 lam_s=0.99857 tsr_diff=0.001888 integral_mean=0.000045 integral_std=0.001972 log_ratio=0.0000 accept=1.0000 swapped=True
i=7 pair=(3,0) lam_t=1.00286 lam_s=1.00714 tsr_diff=0.001874 integral_mean=-0.000099 integral_std=0.001807 log_ratio=-0.2383 accept=0.7880 swapped=True
i=7 pair=(1,4) lam_t=1.01143 lam_s=1.01571 tsr_diff=0.001860 integral_mean=0.000016 integral_std=0.002060 log_ratio=0.0000 accept=1.0000 swapped=True
i=8 pair=(7,6) lam_t=0.99000 lam_s=0.99429 tsr_diff=0.002345 integral_mean=-0.000039 integral_std=0.002371 log_ratio=-0.0928 accept=0.9114 swapped=True
i=8 pair=(5,0) lam_t=0.99857 lam_s=1.00286 tsr_diff=0.002323 integral_mean=-0.000096 integral_std=0.002556 log_ratio=-0.2302 accept=0.7944 swapped=False
i=8 pair=(3,4) lam_t=1.00714 lam_s=1.01143 tsr_diff=0.002302 integral_mean=-0.000146 integral_std=0.002466 log_ratio=-0.3514 accept=0.7037 swapped=True
i=8 pair=(1,2) lam_t=1.01571 lam_s=1.02000 tsr_diff=0.002281 integral_mean=0.000029 integral_std=0.002500 log_ratio=0.0000 accept=1.0000 swapped=True
i=9 pair=(7,5) lam_t=0.99429 lam_s=0.99857 tsr_diff=0.002773 integral_mean=0.000017 integral_std=0.002703 log_ratio=0.0000 accept=1.0000 swapped=True
i=9 pair=(0,4) lam_t=1.00286 lam_s=1.00714 tsr_diff=0.002742 integral_mean=0.000056 integral_std=0.003631 log_ratio=0.0000 accept=1.0000 swapped=True
i=9 pair=(3,2) lam_t=1.01143 lam_s=1.01571 tsr_diff=0.002712 integral_mean=-0.000062 integral_std=0.002680 log_ratio=-0.1485 accept=0.8620 swapped=True
i=10 pair=(6,5) lam_t=0.99000 lam_s=0.99429 tsr_diff=0.003206 integral_mean=-0.000114 integral_std=0.004069 log_ratio=-0.2726 accept=0.7614 swapped=False
i=10 pair=(7,4) lam_t=0.99857 lam_s=1.00286 tsr_diff=0.003165 integral_mean=-0.000065 integral_std=0.004005 log_ratio=-0.1558 accept=0.8557 swapped=True
i=10 pair=(0,2) lam_t=1.00714 lam_s=1.01143 tsr_diff=0.003125 integral_mean=0.000193 integral_std=0.003451 log_ratio=0.0000 accept=1.0000 swapped=True
i=10 pair=(3,1) lam_t=1.01571 lam_s=1.02000 tsr_diff=0.003086 integral_mean=-0.000068 integral_std=0.003372 log_ratio=-0.1644 accept=0.8484 swapped=True
i=11 pair=(5,4) lam_t=0.99429 lam_s=0.99857 tsr_diff=0.003554 integral_mean=-0.000083 integral_std=0.005774 log_ratio=-0.1986 accept=0.8199 swapped=True
i=11 pair=(7,2) lam_t=1.00286 lam_s=1.00714 tsr_diff=0.003505 integral_mean=-0.000052 integral_std=0.003291 log_ratio=-0.1239 accept=0.8835 swapped=True
i=11 pair=(0,1) lam_t=1.01143 lam_s=1.01571 tsr_diff=0.003456 integral_mean=-0.000021 integral_std=0.004488 log_ratio=-0.0511 accept=0.9502 swapped=True
i=12 pair=(6,4) lam_t=0.99000 lam_s=0.99429 tsr_diff=0.003894 integral_mean=-0.000487 integral_std=0.005866 log_ratio=-1.1687 accept=0.3108 swapped=False
i=12 pair=(5,2) lam_t=0.99857 lam_s=1.00286 tsr_diff=0.003834 integral_mean=-0.000057 integral_std=0.004408 log_ratio=-0.1376 accept=0.8714 swapped=True
i=12 pair=(7,1) lam_t=1.00714 lam_s=1.01143 tsr_diff=0.003776 integral_mean=-0.000117 integral_std=0.004940 log_ratio=-0.2801 accept=0.7557 swapped=False
i=12 pair=(0,3) lam_t=1.01571 lam_s=1.02000 tsr_diff=0.003719 integral_mean=0.000258 integral_std=0.004752 log_ratio=0.0000 accept=1.0000 swapped=True
i=13 pair=(4,2) lam_t=0.99429 lam_s=0.99857 tsr_diff=0.004100 integral_mean=0.000056 integral_std=0.010851 log_ratio=0.0000 accept=1.0000 swapped=True
i=13 pair=(5,7) lam_t=1.00286 lam_s=1.00714 tsr_diff=0.004034 integral_mean=0.000347 integral_std=0.006684 log_ratio=0.0000 accept=1.0000 swapped=True
i=13 pair=(1,3) lam_t=1.01143 lam_s=1.01571 tsr_diff=0.003969 integral_mean=0.000211 integral_std=0.007652 log_ratio=0.0000 accept=1.0000 swapped=True
Best Sample: 7 log probability -0.905
Saved 1 samples to: logs/pointmaze-giant-navigate-v0/inference/plans/release_H400_T256_LimitsNormalizer_b1_condFalse/2026-07-15 11:35:06/28/0.png
Saved 1 samples to: logs/pointmaze-giant-navigate-v0/inference/plans/release_H400_T256_LimitsNormalizer_b1_condFalse/2026-07-15 11:35:06/28/rollout.png
i=0 pair=(0,1) lam_t=0.99000 lam_s=0.99429 tsr_diff=0.000000 integral_mean=0.000000 integral_std=0.000000 log_ratio=0.0000 accept=1.0000 swapped=True
i=0 pair=(2,3) lam_t=0.99857 lam_s=1.00286 tsr_diff=0.000000 integral_mean=0.000000 integral_std=0.000000 log_ratio=0.0000 accept=1.0000 swapped=True
i=0 pair=(4,5) lam_t=1.00714 lam_s=1.01143 tsr_diff=0.000000 integral_mean=0.000000 integral_std=0.000000 log_ratio=0.0000 accept=1.0000 swapped=True
i=0 pair=(6,7) lam_t=1.01571 lam_s=1.02000 tsr_diff=0.000000 integral_mean=0.000000 integral_std=0.000000 log_ratio=0.0000 accept=1.0000 swapped=True
i=1 pair=(0,3) lam_t=0.99429 lam_s=0.99857 tsr_diff=0.000046 integral_mean=0.000000 integral_std=0.000045 log_ratio=0.0000 accept=1.0000 swapped=True
i=1 pair=(2,5) lam_t=1.00286 lam_s=1.00714 tsr_diff=0.000046 integral_mean=-0.000000 integral_std=0.000046 log_ratio=-0.0000 accept=1.0000 swapped=True
i=1 pair=(4,7) lam_t=1.01143 lam_s=1.01571 tsr_diff=0.000046 integral_mean=0.000000 integral_std=0.000045 log_ratio=0.0000 accept=1.0000 swapped=True
i=2 pair=(1,3) lam_t=0.99000 lam_s=0.99429 tsr_diff=0.000181 integral_mean=-0.000005 integral_std=0.000176 log_ratio=-0.0112 accept=0.9889 swapped=True
i=2 pair=(0,5) lam_t=0.99857 lam_s=1.00286 tsr_diff=0.000181 integral_mean=-0.000002 integral_std=0.000171 log_ratio=-0.0050 accept=0.9950 swapped=True
i=2 pair=(2,7) lam_t=1.00714 lam_s=1.01143 tsr_diff=0.000181 integral_mean=0.000006 integral_std=0.000186 log_ratio=0.0000 accept=1.0000 swapped=True
i=2 pair=(4,6) lam_t=1.01571 lam_s=1.02000 tsr_diff=0.000181 integral_mean=0.000003 integral_std=0.000189 log_ratio=0.0000 accept=1.0000 swapped=True
i=3 pair=(1,5) lam_t=0.99429 lam_s=0.99857 tsr_diff=0.000400 integral_mean=-0.000007 integral_std=0.000419 log_ratio=-0.0164 accept=0.9838 swapped=True
i=3 pair=(0,7) lam_t=1.00286 lam_s=1.00714 tsr_diff=0.000400 integral_mean=-0.000004 integral_std=0.000414 log_ratio=-0.0095 accept=0.9905 swapped=True
i=3 pair=(2,6) lam_t=1.01143 lam_s=1.01571 tsr_diff=0.000399 integral_mean=-0.000014 integral_std=0.000381 log_ratio=-0.0329 accept=0.9676 swapped=True
i=4 pair=(3,5) lam_t=0.99000 lam_s=0.99429 tsr_diff=0.000695 integral_mean=0.000018 integral_std=0.000653 log_ratio=0.0000 accept=1.0000 swapped=True
i=4 pair=(1,7) lam_t=0.99857 lam_s=1.00286 tsr_diff=0.000693 integral_mean=-0.000003 integral_std=0.000683 log_ratio=-0.0080 accept=0.9920 swapped=True
i=4 pair=(0,6) lam_t=1.00714 lam_s=1.01143 tsr_diff=0.000691 integral_mean=0.000004 integral_std=0.000710 log_ratio=0.0000 accept=1.0000 swapped=True
i=4 pair=(2,4) lam_t=1.01571 lam_s=1.02000 tsr_diff=0.000689 integral_mean=-0.000010 integral_std=0.000646 log_ratio=-0.0245 accept=0.9758 swapped=True
i=5 pair=(3,7) lam_t=0.99429 lam_s=0.99857 tsr_diff=0.001051 integral_mean=-0.000045 integral_std=0.001105 log_ratio=-0.1087 accept=0.8970 swapped=True
i=5 pair=(1,6) lam_t=1.00286 lam_s=1.00714 tsr_diff=0.001046 integral_mean=-0.000032 integral_std=0.001048 log_ratio=-0.0767 accept=0.9262 swapped=False
i=5 pair=(0,4) lam_t=1.01143 lam_s=1.01571 tsr_diff=0.001042 integral_mean=0.000016 integral_std=0.000990 log_ratio=0.0000 accept=1.0000 swapped=True
i=6 pair=(5,7) lam_t=0.99000 lam_s=0.99429 tsr_diff=0.001459 integral_mean=-0.000044 integral_std=0.001399 log_ratio=-0.1046 accept=0.9007 swapped=True
i=6 pair=(3,1) lam_t=0.99857 lam_s=1.00286 tsr_diff=0.001450 integral_mean=0.000014 integral_std=0.001384 log_ratio=0.0000 accept=1.0000 swapped=True
i=6 pair=(6,4) lam_t=1.00714 lam_s=1.01143 tsr_diff=0.001442 integral_mean=0.000040 integral_std=0.001414 log_ratio=0.0000 accept=1.0000 swapped=True
i=6 pair=(0,2) lam_t=1.01571 lam_s=1.02000 tsr_diff=0.001433 integral_mean=-0.000034 integral_std=0.001364 log_ratio=-0.0805 accept=0.9227 swapped=True
i=7 pair=(5,1) lam_t=0.99429 lam_s=0.99857 tsr_diff=0.001888 integral_mean=0.000086 integral_std=0.001836 log_ratio=0.0000 accept=1.0000 swapped=True
i=7 pair=(3,4) lam_t=1.00286 lam_s=1.00714 tsr_diff=0.001874 integral_mean=0.000020 integral_std=0.001658 log_ratio=0.0000 accept=1.0000 swapped=True
i=7 pair=(6,2) lam_t=1.01143 lam_s=1.01571 tsr_diff=0.001860 integral_mean=0.000035 integral_std=0.001774 log_ratio=0.0000 accept=1.0000 swapped=True
i=8 pair=(7,1) lam_t=0.99000 lam_s=0.99429 tsr_diff=0.002345 integral_mean=0.000005 integral_std=0.002285 log_ratio=0.0000 accept=1.0000 swapped=True
i=8 pair=(5,4) lam_t=0.99857 lam_s=1.00286 tsr_diff=0.002323 integral_mean=-0.000007 integral_std=0.002268 log_ratio=-0.0166 accept=0.9835 swapped=True
i=8 pair=(3,2) lam_t=1.00714 lam_s=1.01143 tsr_diff=0.002302 integral_mean=0.000003 integral_std=0.002075 log_ratio=0.0000 accept=1.0000 swapped=True
i=8 pair=(6,0) lam_t=1.01571 lam_s=1.02000 tsr_diff=0.002281 integral_mean=0.000075 integral_std=0.002202 log_ratio=0.0000 accept=1.0000 swapped=True
i=9 pair=(7,4) lam_t=0.99429 lam_s=0.99857 tsr_diff=0.002773 integral_mean=-0.000031 integral_std=0.002772 log_ratio=-0.0752 accept=0.9276 swapped=True
i=9 pair=(5,2) lam_t=1.00286 lam_s=1.00714 tsr_diff=0.002742 integral_mean=0.000052 integral_std=0.002804 log_ratio=0.0000 accept=1.0000 swapped=True
i=9 pair=(3,0) lam_t=1.01143 lam_s=1.01571 tsr_diff=0.002712 integral_mean=0.000038 integral_std=0.002368 log_ratio=0.0000 accept=1.0000 swapped=True
i=10 pair=(1,4) lam_t=0.99000 lam_s=0.99429 tsr_diff=0.003206 integral_mean=-0.000222 integral_std=0.002998 log_ratio=-0.5321 accept=0.5873 swapped=False
i=10 pair=(7,2) lam_t=0.99857 lam_s=1.00286 tsr_diff=0.003165 integral_mean=0.000153 integral_std=0.003719 log_ratio=0.0000 accept=1.0000 swapped=True
i=10 pair=(5,0) lam_t=1.00714 lam_s=1.01143 tsr_diff=0.003125 integral_mean=0.000125 integral_std=0.003433 log_ratio=0.0000 accept=1.0000 swapped=True
i=10 pair=(3,6) lam_t=1.01571 lam_s=1.02000 tsr_diff=0.003086 integral_mean=-0.000095 integral_std=0.002832 log_ratio=-0.2270 accept=0.7969 swapped=True
i=11 pair=(4,2) lam_t=0.99429 lam_s=0.99857 tsr_diff=0.003554 integral_mean=0.000120 integral_std=0.002854 log_ratio=0.0000 accept=1.0000 swapped=True
i=11 pair=(7,0) lam_t=1.00286 lam_s=1.00714 tsr_diff=0.003505 integral_mean=0.000299 integral_std=0.004076 log_ratio=0.0000 accept=1.0000 swapped=True
i=11 pair=(5,6) lam_t=1.01143 lam_s=1.01571 tsr_diff=0.003456 integral_mean=-0.000086 integral_std=0.003774 log_ratio=-0.2054 accept=0.8143 swapped=True
i=12 pair=(1,2) lam_t=0.99000 lam_s=0.99429 tsr_diff=0.003894 integral_mean=0.000051 integral_std=0.002755 log_ratio=0.0000 accept=1.0000 swapped=True
i=12 pair=(4,0) lam_t=0.99857 lam_s=1.00286 tsr_diff=0.003834 integral_mean=0.000032 integral_std=0.002823 log_ratio=0.0000 accept=1.0000 swapped=True
i=12 pair=(7,6) lam_t=1.00714 lam_s=1.01143 tsr_diff=0.003776 integral_mean=-0.000195 integral_std=0.006172 log_ratio=-0.4686 accept=0.6259 swapped=False
i=12 pair=(5,3) lam_t=1.01571 lam_s=1.02000 tsr_diff=0.003719 integral_mean=0.000148 integral_std=0.004375 log_ratio=0.0000 accept=1.0000 swapped=True
i=13 pair=(1,0) lam_t=0.99429 lam_s=0.99857 tsr_diff=0.004100 integral_mean=0.000016 integral_std=0.002867 log_ratio=0.0000 accept=1.0000 swapped=True
i=13 pair=(4,7) lam_t=1.00286 lam_s=1.00714 tsr_diff=0.004034 integral_mean=0.000015 integral_std=0.006916 log_ratio=0.0000 accept=1.0000 swapped=True
i=13 pair=(6,3) lam_t=1.01143 lam_s=1.01571 tsr_diff=0.003969 integral_mean=0.000609 integral_std=0.006549 log_ratio=0.0000 accept=1.0000 swapped=True
Best Sample: 0 log probability 0.000
Saved 1 samples to: logs/pointmaze-giant-navigate-v0/inference/plans/release_H400_T256_LimitsNormalizer_b1_condFalse/2026-07-15 11:35:06/29/0.png
Saved 1 samples to: logs/pointmaze-giant-navigate-v0/inference/plans/release_H400_T256_LimitsNormalizer_b1_condFalse/2026-07-15 11:35:06/29/rollout.png
i=0 pair=(0,1) lam_t=0.99000 lam_s=0.99429 tsr_diff=0.000000 integral_mean=0.000000 integral_std=0.000000 log_ratio=0.0000 accept=1.0000 swapped=True
i=0 pair=(2,3) lam_t=0.99857 lam_s=1.00286 tsr_diff=0.000000 integral_mean=0.000000 integral_std=0.000000 log_ratio=0.0000 accept=1.0000 swapped=True
i=0 pair=(4,5) lam_t=1.00714 lam_s=1.01143 tsr_diff=0.000000 integral_mean=0.000000 integral_std=0.000000 log_ratio=0.0000 accept=1.0000 swapped=True
i=0 pair=(6,7) lam_t=1.01571 lam_s=1.02000 tsr_diff=0.000000 integral_mean=0.000000 integral_std=0.000000 log_ratio=0.0000 accept=1.0000 swapped=True
i=1 pair=(0,3) lam_t=0.99429 lam_s=0.99857 tsr_diff=0.000046 integral_mean=-0.000001 integral_std=0.000051 log_ratio=-0.0035 accept=0.9966 swapped=True
i=1 pair=(2,5) lam_t=1.00286 lam_s=1.00714 tsr_diff=0.000046 integral_mean=0.000001 integral_std=0.000048 log_ratio=0.0000 accept=1.0000 swapped=True
i=1 pair=(4,7) lam_t=1.01143 lam_s=1.01571 tsr_diff=0.000046 integral_mean=0.000002 integral_std=0.000046 log_ratio=0.0000 accept=1.0000 swapped=True
i=2 pair=(1,3) lam_t=0.99000 lam_s=0.99429 tsr_diff=0.000181 integral_mean=-0.000031 integral_std=0.000289 log_ratio=-0.0733 accept=0.9293 swapped=True
i=2 pair=(0,5) lam_t=0.99857 lam_s=1.00286 tsr_diff=0.000181 integral_mean=0.000006 integral_std=0.000191 log_ratio=0.0000 accept=1.0000 swapped=True
i=2 pair=(2,7) lam_t=1.00714 lam_s=1.01143 tsr_diff=0.000181 integral_mean=0.000006 integral_std=0.000185 log_ratio=0.0000 accept=1.0000 swapped=True
i=2 pair=(4,6) lam_t=1.01571 lam_s=1.02000 tsr_diff=0.000181 integral_mean=0.000031 integral_std=0.000224 log_ratio=0.0000 accept=1.0000 swapped=True
i=3 pair=(1,5) lam_t=0.99429 lam_s=0.99857 tsr_diff=0.000400 integral_mean=0.000084 integral_std=0.000501 log_ratio=0.0000 accept=1.0000 swapped=True
i=3 pair=(0,7) lam_t=1.00286 lam_s=1.00714 tsr_diff=0.000400 integral_mean=-0.000023 integral_std=0.000640 log_ratio=-0.0544 accept=0.9471 swapped=True
i=3 pair=(2,6) lam_t=1.01143 lam_s=1.01571 tsr_diff=0.000399 integral_mean=-0.000002 integral_std=0.000383 log_ratio=-0.0056 accept=0.9944 swapped=True
i=4 pair=(3,5) lam_t=0.99000 lam_s=0.99429 tsr_diff=0.000695 integral_mean=-0.000003 integral_std=0.000763 log_ratio=-0.0080 accept=0.9921 swapped=True
i=4 pair=(1,7) lam_t=0.99857 lam_s=1.00286 tsr_diff=0.000693 integral_mean=0.000044 integral_std=0.000713 log_ratio=0.0000 accept=1.0000 swapped=True
i=4 pair=(0,6) lam_t=1.00714 lam_s=1.01143 tsr_diff=0.000691 integral_mean=0.000202 integral_std=0.001012 log_ratio=0.0000 accept=1.0000 swapped=True
i=4 pair=(2,4) lam_t=1.01571 lam_s=1.02000 tsr_diff=0.000689 integral_mean=-0.000023 integral_std=0.000707 log_ratio=-0.0551 accept=0.9464 swapped=True
i=5 pair=(3,7) lam_t=0.99429 lam_s=0.99857 tsr_diff=0.001051 integral_mean=0.000033 integral_std=0.001034 log_ratio=0.0000 accept=1.0000 swapped=True
i=5 pair=(1,6) lam_t=1.00286 lam_s=1.00714 tsr_diff=0.001046 integral_mean=-0.000024 integral_std=0.001003 log_ratio=-0.0571 accept=0.9445 swapped=True
i=5 pair=(0,4) lam_t=1.01143 lam_s=1.01571 tsr_diff=0.001042 integral_mean=0.000145 integral_std=0.001207 log_ratio=0.0000 accept=1.0000 swapped=True
i=6 pair=(5,7) lam_t=0.99000 lam_s=0.99429 tsr_diff=0.001459 integral_mean=0.000047 integral_std=0.001620 log_ratio=0.0000 accept=1.0000 swapped=True
i=6 pair=(3,6) lam_t=0.99857 lam_s=1.00286 tsr_diff=0.001450 integral_mean=0.000073 integral_std=0.001525 log_ratio=0.0000 accept=1.0000 swapped=True
i=6 pair=(1,4) lam_t=1.00714 lam_s=1.01143 tsr_diff=0.001442 integral_mean=-0.000013 integral_std=0.001392 log_ratio=-0.0304 accept=0.9701 swapped=True
i=6 pair=(0,2) lam_t=1.01571 lam_s=1.02000 tsr_diff=0.001433 integral_mean=0.000094 integral_std=0.001570 log_ratio=0.0000 accept=1.0000 swapped=True
i=7 pair=(5,6) lam_t=0.99429 lam_s=0.99857 tsr_diff=0.001888 integral_mean=0.000101 integral_std=0.001931 log_ratio=0.0000 accept=1.0000 swapped=True
i=7 pair=(3,4) lam_t=1.00286 lam_s=1.00714 tsr_diff=0.001874 integral_mean=0.000006 integral_std=0.002117 log_ratio=0.0000 accept=1.0000 swapped=True
i=7 pair=(1,2) lam_t=1.01143 lam_s=1.01571 tsr_diff=0.001860 integral_mean=-0.000002 integral_std=0.001787 log_ratio=-0.0052 accept=0.9948 swapped=True
i=8 pair=(7,6) lam_t=0.99000 lam_s=0.99429 tsr_diff=0.002345 integral_mean=0.000052 integral_std=0.002290 log_ratio=0.0000 accept=1.0000 swapped=True
i=8 pair=(5,4) lam_t=0.99857 lam_s=1.00286 tsr_diff=0.002323 integral_mean=0.000016 integral_std=0.002806 log_ratio=0.0000 accept=1.0000 swapped=True
i=8 pair=(3,2) lam_t=1.00714 lam_s=1.01143 tsr_diff=0.002302 integral_mean=0.000006 integral_std=0.002716 log_ratio=0.0000 accept=1.0000 swapped=True
i=8 pair=(1,0) lam_t=1.01571 lam_s=1.02000 tsr_diff=0.002281 integral_mean=0.000049 integral_std=0.002166 log_ratio=0.0000 accept=1.0000 swapped=True
i=9 pair=(7,4) lam_t=0.99429 lam_s=0.99857 tsr_diff=0.002773 integral_mean=-0.000220 integral_std=0.003215 log_ratio=-0.5271 accept=0.5903 swapped=True
i=9 pair=(5,2) lam_t=1.00286 lam_s=1.00714 tsr_diff=0.002742 integral_mean=-0.000114 integral_std=0.003152 log_ratio=-0.2728 accept=0.7612 swapped=True
i=9 pair=(3,0) lam_t=1.01143 lam_s=1.01571 tsr_diff=0.002712 integral_mean=-0.000061 integral_std=0.003144 log_ratio=-0.1453 accept=0.8648 swapped=True
i=10 pair=(6,4) lam_t=0.99000 lam_s=0.99429 tsr_diff=0.003206 integral_mean=-0.000255 integral_std=0.003210 log_ratio=-0.6111 accept=0.5428 swapped=True
i=10 pair=(7,2) lam_t=0.99857 lam_s=1.00286 tsr_diff=0.003165 integral_mean=-0.000119 integral_std=0.003859 log_ratio=-0.2845 accept=0.7524 swapped=True
i=10 pair=(5,0) lam_t=1.00714 lam_s=1.01143 tsr_diff=0.003125 integral_mean=0.000143 integral_std=0.003441 log_ratio=0.0000 accept=1.0000 swapped=True
i=10 pair=(3,1) lam_t=1.01571 lam_s=1.02000 tsr_diff=0.003086 integral_mean=0.000028 integral_std=0.004173 log_ratio=0.0000 accept=1.0000 swapped=True
i=11 pair=(6,2) lam_t=0.99429 lam_s=0.99857 tsr_diff=0.003554 integral_mean=-0.000355 integral_std=0.004148 log_ratio=-0.8520 accept=0.4266 swapped=False
i=11 pair=(7,0) lam_t=1.00286 lam_s=1.00714 tsr_diff=0.003505 integral_mean=-0.000349 integral_std=0.004424 log_ratio=-0.8366 accept=0.4332 swapped=False
i=11 pair=(5,1) lam_t=1.01143 lam_s=1.01571 tsr_diff=0.003456 integral_mean=-0.000295 integral_std=0.005244 log_ratio=-0.7077 accept=0.4928 swapped=True
i=12 pair=(4,6) lam_t=0.99000 lam_s=0.99429 tsr_diff=0.003894 integral_mean=0.000416 integral_std=0.004509 log_ratio=0.0000 accept=1.0000 swapped=True
i=12 pair=(2,7) lam_t=0.99857 lam_s=1.00286 tsr_diff=0.003834 integral_mean=0.000261 integral_std=0.006496 log_ratio=0.0000 accept=1.0000 swapped=True
i=12 pair=(0,1) lam_t=1.00714 lam_s=1.01143 tsr_diff=0.003776 integral_mean=-0.000116 integral_std=0.005414 log_ratio=-0.2781 accept=0.7572 swapped=True
i=12 pair=(5,3) lam_t=1.01571 lam_s=1.02000 tsr_diff=0.003719 integral_mean=0.000275 integral_std=0.007028 log_ratio=0.0000 accept=1.0000 swapped=True
i=13 pair=(4,7) lam_t=0.99429 lam_s=0.99857 tsr_diff=0.004100 integral_mean=0.000487 integral_std=0.008940 log_ratio=0.0000 accept=1.0000 swapped=True
i=13 pair=(2,1) lam_t=1.00286 lam_s=1.00714 tsr_diff=0.004034 integral_mean=-0.000145 integral_std=0.010127 log_ratio=-0.3478 accept=0.7062 swapped=True
i=13 pair=(0,3) lam_t=1.01143 lam_s=1.01571 tsr_diff=0.003969 integral_mean=0.000817 integral_std=0.010136 log_ratio=0.0000 accept=1.0000 swapped=True
Best Sample: 6 log probability -0.021
Saved 1 samples to: logs/pointmaze-giant-navigate-v0/inference/plans/release_H400_T256_LimitsNormalizer_b1_condFalse/2026-07-15 11:35:06/30/0.png
Saved 1 samples to: logs/pointmaze-giant-navigate-v0/inference/plans/release_H400_T256_LimitsNormalizer_b1_condFalse/2026-07-15 11:35:06/30/rollout.png
i=0 pair=(0,1) lam_t=0.99000 lam_s=0.99429 tsr_diff=0.000000 integral_mean=0.000000 integral_std=0.000000 log_ratio=0.0000 accept=1.0000 swapped=True
i=0 pair=(2,3) lam_t=0.99857 lam_s=1.00286 tsr_diff=0.000000 integral_mean=0.000000 integral_std=0.000000 log_ratio=0.0000 accept=1.0000 swapped=True
i=0 pair=(4,5) lam_t=1.00714 lam_s=1.01143 tsr_diff=0.000000 integral_mean=0.000000 integral_std=0.000000 log_ratio=0.0000 accept=1.0000 swapped=True
i=0 pair=(6,7) lam_t=1.01571 lam_s=1.02000 tsr_diff=0.000000 integral_mean=0.000000 integral_std=0.000000 log_ratio=0.0000 accept=1.0000 swapped=True
i=1 pair=(0,3) lam_t=0.99429 lam_s=0.99857 tsr_diff=0.000046 integral_mean=-0.000001 integral_std=0.000051 log_ratio=-0.0016 accept=0.9984 swapped=True
i=1 pair=(2,5) lam_t=1.00286 lam_s=1.00714 tsr_diff=0.000046 integral_mean=-0.000001 integral_std=0.000045 log_ratio=-0.0012 accept=0.9988 swapped=True
i=1 pair=(4,7) lam_t=1.01143 lam_s=1.01571 tsr_diff=0.000046 integral_mean=-0.000001 integral_std=0.000045 log_ratio=-0.0032 accept=0.9968 swapped=True
i=2 pair=(1,3) lam_t=0.99000 lam_s=0.99429 tsr_diff=0.000181 integral_mean=-0.000007 integral_std=0.000186 log_ratio=-0.0162 accept=0.9839 swapped=True
i=2 pair=(0,5) lam_t=0.99857 lam_s=1.00286 tsr_diff=0.000181 integral_mean=0.000000 integral_std=0.000183 log_ratio=0.0000 accept=1.0000 swapped=True
i=2 pair=(2,7) lam_t=1.00714 lam_s=1.01143 tsr_diff=0.000181 integral_mean=0.000007 integral_std=0.000183 log_ratio=0.0000 accept=1.0000 swapped=True
i=2 pair=(4,6) lam_t=1.01571 lam_s=1.02000 tsr_diff=0.000181 integral_mean=-0.000003 integral_std=0.000178 log_ratio=-0.0082 accept=0.9919 swapped=True
i=3 pair=(1,5) lam_t=0.99429 lam_s=0.99857 tsr_diff=0.000400 integral_mean=0.000030 integral_std=0.000433 log_ratio=0.0000 accept=1.0000 swapped=True
i=3 pair=(0,7) lam_t=1.00286 lam_s=1.00714 tsr_diff=0.000400 integral_mean=0.000006 integral_std=0.000516 log_ratio=0.0000 accept=1.0000 swapped=True
i=3 pair=(2,6) lam_t=1.01143 lam_s=1.01571 tsr_diff=0.000399 integral_mean=-0.000004 integral_std=0.000395 log_ratio=-0.0087 accept=0.9914 swapped=True
i=4 pair=(3,5) lam_t=0.99000 lam_s=0.99429 tsr_diff=0.000695 integral_mean=0.000022 integral_std=0.000727 log_ratio=0.0000 accept=1.0000 swapped=True
i=4 pair=(1,7) lam_t=0.99857 lam_s=1.00286 tsr_diff=0.000693 integral_mean=-0.000054 integral_std=0.000819 log_ratio=-0.1302 accept=0.8779 swapped=True
i=4 pair=(0,6) lam_t=1.00714 lam_s=1.01143 tsr_diff=0.000691 integral_mean=0.000004 integral_std=0.000722 log_ratio=0.0000 accept=1.0000 swapped=True
i=4 pair=(2,4) lam_t=1.01571 lam_s=1.02000 tsr_diff=0.000689 integral_mean=-0.000032 integral_std=0.000746 log_ratio=-0.0780 accept=0.9250 swapped=True
i=5 pair=(3,7) lam_t=0.99429 lam_s=0.99857 tsr_diff=0.001051 integral_mean=0.000094 integral_std=0.001403 log_ratio=0.0000 accept=1.0000 swapped=True
i=5 pair=(1,6) lam_t=1.00286 lam_s=1.00714 tsr_diff=0.001046 integral_mean=0.000000 integral_std=0.001015 log_ratio=0.0000 accept=1.0000 swapped=True
i=5 pair=(0,4) lam_t=1.01143 lam_s=1.01571 tsr_diff=0.001042 integral_mean=-0.000026 integral_std=0.001198 log_ratio=-0.0627 accept=0.9392 swapped=True
i=6 pair=(5,7) lam_t=0.99000 lam_s=0.99429 tsr_diff=0.001459 integral_mean=-0.000085 integral_std=0.001476 log_ratio=-0.2039 accept=0.8155 swapped=True
i=6 pair=(3,6) lam_t=0.99857 lam_s=1.00286 tsr_diff=0.001450 integral_mean=0.000282 integral_std=0.001843 log_ratio=0.0000 accept=1.0000 swapped=True
i=6 pair=(1,4) lam_t=1.00714 lam_s=1.01143 tsr_diff=0.001442 integral_mean=-0.000024 integral_std=0.001390 log_ratio=-0.0586 accept=0.9430 swapped=True
i=6 pair=(0,2) lam_t=1.01571 lam_s=1.02000 tsr_diff=0.001433 integral_mean=0.000110 integral_std=0.001519 log_ratio=0.0000 accept=1.0000 swapped=True
i=7 pair=(5,6) lam_t=0.99429 lam_s=0.99857 tsr_diff=0.001888 integral_mean=0.000048 integral_std=0.001752 log_ratio=0.0000 accept=1.0000 swapped=True
i=7 pair=(3,4) lam_t=1.00286 lam_s=1.00714 tsr_diff=0.001874 integral_mean=0.000298 integral_std=0.002233 log_ratio=0.0000 accept=1.0000 swapped=True
i=7 pair=(1,2) lam_t=1.01143 lam_s=1.01571 tsr_diff=0.001860 integral_mean=0.000014 integral_std=0.001815 log_ratio=0.0000 accept=1.0000 swapped=True
i=8 pair=(7,6) lam_t=0.99000 lam_s=0.99429 tsr_diff=0.002345 integral_mean=-0.000006 integral_std=0.002040 log_ratio=-0.0143 accept=0.9858 swapped=True
i=8 pair=(5,4) lam_t=0.99857 lam_s=1.00286 tsr_diff=0.002323 integral_mean=-0.000004 integral_std=0.002021 log_ratio=-0.0097 accept=0.9904 swapped=True
i=8 pair=(3,2) lam_t=1.00714 lam_s=1.01143 tsr_diff=0.002302 integral_mean=0.000427 integral_std=0.003143 log_ratio=0.0000 accept=1.0000 swapped=True
i=8 pair=(1,0) lam_t=1.01571 lam_s=1.02000 tsr_diff=0.002281 integral_mean=-0.000165 integral_std=0.002510 log_ratio=-0.3951 accept=0.6736 swapped=True
i=9 pair=(7,4) lam_t=0.99429 lam_s=0.99857 tsr_diff=0.002773 integral_mean=-0.000067 integral_std=0.002597 log_ratio=-0.1613 accept=0.8511 swapped=False
i=9 pair=(5,2) lam_t=1.00286 lam_s=1.00714 tsr_diff=0.002742 integral_mean=0.000020 integral_std=0.002760 log_ratio=0.0000 accept=1.0000 swapped=True
i=9 pair=(3,0) lam_t=1.01143 lam_s=1.01571 tsr_diff=0.002712 integral_mean=0.000288 integral_std=0.003880 log_ratio=0.0000 accept=1.0000 swapped=True
i=10 pair=(6,7) lam_t=0.99000 lam_s=0.99429 tsr_diff=0.003206 integral_mean=-0.000002 integral_std=0.003334 log_ratio=-0.0053 accept=0.9947 swapped=True
i=10 pair=(4,2) lam_t=0.99857 lam_s=1.00286 tsr_diff=0.003165 integral_mean=0.000031 integral_std=0.003445 log_ratio=0.0000 accept=1.0000 swapped=True
i=10 pair=(5,0) lam_t=1.00714 lam_s=1.01143 tsr_diff=0.003125 integral_mean=-0.000399 integral_std=0.004242 log_ratio=-0.9583 accept=0.3836 swapped=False
i=10 pair=(3,1) lam_t=1.01571 lam_s=1.02000 tsr_diff=0.003086 integral_mean=0.000578 integral_std=0.004305 log_ratio=0.0000 accept=1.0000 swapped=True
i=11 pair=(6,2) lam_t=0.99429 lam_s=0.99857 tsr_diff=0.003554 integral_mean=-0.000043 integral_std=0.002882 log_ratio=-0.1021 accept=0.9030 swapped=True
i=11 pair=(4,5) lam_t=1.00286 lam_s=1.00714 tsr_diff=0.003505 integral_mean=0.000001 integral_std=0.003544 log_ratio=0.0000 accept=1.0000 swapped=True
i=11 pair=(0,1) lam_t=1.01143 lam_s=1.01571 tsr_diff=0.003456 integral_mean=0.000445 integral_std=0.006194 log_ratio=0.0000 accept=1.0000 swapped=True
i=12 pair=(7,2) lam_t=0.99000 lam_s=0.99429 tsr_diff=0.003894 integral_mean=0.000021 integral_std=0.004545 log_ratio=0.0000 accept=1.0000 swapped=True
i=12 pair=(6,5) lam_t=0.99857 lam_s=1.00286 tsr_diff=0.003834 integral_mean=-0.000237 integral_std=0.005159 log_ratio=-0.5690 accept=0.5661 swapped=False
i=12 pair=(4,1) lam_t=1.00714 lam_s=1.01143 tsr_diff=0.003776 integral_mean=-0.000068 integral_std=0.004949 log_ratio=-0.1623 accept=0.8502 swapped=False
i=12 pair=(0,3) lam_t=1.01571 lam_s=1.02000 tsr_diff=0.003719 integral_mean=-0.000412 integral_std=0.009634 log_ratio=-0.9884 accept=0.3722 swapped=False
i=13 pair=(7,6) lam_t=0.99429 lam_s=0.99857 tsr_diff=0.004100 integral_mean=0.000245 integral_std=0.006006 log_ratio=0.0000 accept=1.0000 swapped=True
i=13 pair=(5,4) lam_t=1.00286 lam_s=1.00714 tsr_diff=0.004034 integral_mean=-0.000341 integral_std=0.010432 log_ratio=-0.8194 accept=0.4407 swapped=True
i=13 pair=(1,0) lam_t=1.01143 lam_s=1.01571 tsr_diff=0.003969 integral_mean=-0.000685 integral_std=0.009103 log_ratio=-1.6428 accept=0.1934 swapped=True
Best Sample: 6 log probability -0.000
Saved 1 samples to: logs/pointmaze-giant-navigate-v0/inference/plans/release_H400_T256_LimitsNormalizer_b1_condFalse/2026-07-15 11:35:06/31/0.png
Saved 1 samples to: logs/pointmaze-giant-navigate-v0/inference/plans/release_H400_T256_LimitsNormalizer_b1_condFalse/2026-07-15 11:35:06/31/rollout.png
i=0 pair=(0,1) lam_t=0.99000 lam_s=0.99429 tsr_diff=0.000000 integral_mean=0.000000 integral_std=0.000000 log_ratio=0.0000 accept=1.0000 swapped=True
i=0 pair=(2,3) lam_t=0.99857 lam_s=1.00286 tsr_diff=0.000000 integral_mean=0.000000 integral_std=0.000000 log_ratio=0.0000 accept=1.0000 swapped=True
i=0 pair=(4,5) lam_t=1.00714 lam_s=1.01143 tsr_diff=0.000000 integral_mean=0.000000 integral_std=0.000000 log_ratio=0.0000 accept=1.0000 swapped=True
i=0 pair=(6,7) lam_t=1.01571 lam_s=1.02000 tsr_diff=0.000000 integral_mean=0.000000 integral_std=0.000000 log_ratio=0.0000 accept=1.0000 swapped=True
i=1 pair=(0,3) lam_t=0.99429 lam_s=0.99857 tsr_diff=0.000046 integral_mean=0.000001 integral_std=0.000047 log_ratio=0.0000 accept=1.0000 swapped=True
i=1 pair=(2,5) lam_t=1.00286 lam_s=1.00714 tsr_diff=0.000046 integral_mean=-0.000001 integral_std=0.000044 log_ratio=-0.0022 accept=0.9978 swapped=True
i=1 pair=(4,7) lam_t=1.01143 lam_s=1.01571 tsr_diff=0.000046 integral_mean=0.000001 integral_std=0.000046 log_ratio=0.0000 accept=1.0000 swapped=True
i=2 pair=(1,3) lam_t=0.99000 lam_s=0.99429 tsr_diff=0.000181 integral_mean=-0.000003 integral_std=0.000190 log_ratio=-0.0065 accept=0.9935 swapped=True
i=2 pair=(0,5) lam_t=0.99857 lam_s=1.00286 tsr_diff=0.000181 integral_mean=0.000005 integral_std=0.000178 log_ratio=0.0000 accept=1.0000 swapped=True
i=2 pair=(2,7) lam_t=1.00714 lam_s=1.01143 tsr_diff=0.000181 integral_mean=0.000001 integral_std=0.000179 log_ratio=0.0000 accept=1.0000 swapped=True
i=2 pair=(4,6) lam_t=1.01571 lam_s=1.02000 tsr_diff=0.000181 integral_mean=-0.000005 integral_std=0.000195 log_ratio=-0.0109 accept=0.9891 swapped=True
i=3 pair=(1,5) lam_t=0.99429 lam_s=0.99857 tsr_diff=0.000400 integral_mean=-0.000001 integral_std=0.000401 log_ratio=-0.0034 accept=0.9966 swapped=True
i=3 pair=(0,7) lam_t=1.00286 lam_s=1.00714 tsr_diff=0.000400 integral_mean=-0.000006 integral_std=0.000399 log_ratio=-0.0141 accept=0.9860 swapped=True
i=3 pair=(2,6) lam_t=1.01143 lam_s=1.01571 tsr_diff=0.000399 integral_mean=-0.000004 integral_std=0.000418 log_ratio=-0.0094 accept=0.9907 swapped=True
i=4 pair=(3,5) lam_t=0.99000 lam_s=0.99429 tsr_diff=0.000695 integral_mean=0.000038 integral_std=0.000998 log_ratio=0.0000 accept=1.0000 swapped=True
i=4 pair=(1,7) lam_t=0.99857 lam_s=1.00286 tsr_diff=0.000693 integral_mean=0.000026 integral_std=0.000640 log_ratio=0.0000 accept=1.0000 swapped=True
i=4 pair=(0,6) lam_t=1.00714 lam_s=1.01143 tsr_diff=0.000691 integral_mean=-0.000024 integral_std=0.000698 log_ratio=-0.0570 accept=0.9446 swapped=True
i=4 pair=(2,4) lam_t=1.01571 lam_s=1.02000 tsr_diff=0.000689 integral_mean=-0.000028 integral_std=0.000687 log_ratio=-0.0665 accept=0.9356 swapped=True
i=5 pair=(3,7) lam_t=0.99429 lam_s=0.99857 tsr_diff=0.001051 integral_mean=0.000020 integral_std=0.001000 log_ratio=0.0000 accept=1.0000 swapped=True
i=5 pair=(1,6) lam_t=1.00286 lam_s=1.00714 tsr_diff=0.001046 integral_mean=-0.000039 integral_std=0.001159 log_ratio=-0.0931 accept=0.9111 swapped=True
i=5 pair=(0,4) lam_t=1.01143 lam_s=1.01571 tsr_diff=0.001042 integral_mean=0.000004 integral_std=0.001057 log_ratio=0.0000 accept=1.0000 swapped=True
i=6 pair=(5,7) lam_t=0.99000 lam_s=0.99429 tsr_diff=0.001459 integral_mean=0.000153 integral_std=0.002589 log_ratio=0.0000 accept=1.0000 swapped=True
i=6 pair=(3,6) lam_t=0.99857 lam_s=1.00286 tsr_diff=0.001450 integral_mean=-0.000056 integral_std=0.001574 log_ratio=-0.1340 accept=0.8745 swapped=True
i=6 pair=(1,4) lam_t=1.00714 lam_s=1.01143 tsr_diff=0.001442 integral_mean=0.000008 integral_std=0.001446 log_ratio=0.0000 accept=1.0000 swapped=True
i=6 pair=(0,2) lam_t=1.01571 lam_s=1.02000 tsr_diff=0.001433 integral_mean=0.000045 integral_std=0.001427 log_ratio=0.0000 accept=1.0000 swapped=True
i=7 pair=(5,6) lam_t=0.99429 lam_s=0.99857 tsr_diff=0.001888 integral_mean=0.000275 integral_std=0.004829 log_ratio=0.0000 accept=1.0000 swapped=True
i=7 pair=(3,4) lam_t=1.00286 lam_s=1.00714 tsr_diff=0.001874 integral_mean=-0.000010 integral_std=0.001982 log_ratio=-0.0234 accept=0.9769 swapped=True
i=7 pair=(1,2) lam_t=1.01143 lam_s=1.01571 tsr_diff=0.001860 integral_mean=0.000022 integral_std=0.001922 log_ratio=0.0000 accept=1.0000 swapped=True
i=8 pair=(7,6) lam_t=0.99000 lam_s=0.99429 tsr_diff=0.002345 integral_mean=-0.000004 integral_std=0.002557 log_ratio=-0.0104 accept=0.9896 swapped=True
i=8 pair=(5,4) lam_t=0.99857 lam_s=1.00286 tsr_diff=0.002323 integral_mean=0.000440 integral_std=0.004149 log_ratio=0.0000 accept=1.0000 swapped=True
i=8 pair=(3,2) lam_t=1.00714 lam_s=1.01143 tsr_diff=0.002302 integral_mean=0.000126 integral_std=0.002459 log_ratio=0.0000 accept=1.0000 swapped=True
i=8 pair=(1,0) lam_t=1.01571 lam_s=1.02000 tsr_diff=0.002281 integral_mean=0.000019 integral_std=0.002659 log_ratio=0.0000 accept=1.0000 swapped=True
i=9 pair=(7,4) lam_t=0.99429 lam_s=0.99857 tsr_diff=0.002773 integral_mean=-0.000052 integral_std=0.002759 log_ratio=-0.1253 accept=0.8823 swapped=False
i=9 pair=(5,2) lam_t=1.00286 lam_s=1.00714 tsr_diff=0.002742 integral_mean=0.000406 integral_std=0.004108 log_ratio=0.0000 accept=1.0000 swapped=True
i=9 pair=(3,0) lam_t=1.01143 lam_s=1.01571 tsr_diff=0.002712 integral_mean=-0.000235 integral_std=0.003515 log_ratio=-0.5637 accept=0.5691 swapped=False
i=10 pair=(6,7) lam_t=0.99000 lam_s=0.99429 tsr_diff=0.003206 integral_mean=-0.000042 integral_std=0.003322 log_ratio=-0.1001 accept=0.9047 swapped=True
i=10 pair=(4,2) lam_t=0.99857 lam_s=1.00286 tsr_diff=0.003165 integral_mean=0.000028 integral_std=0.003164 log_ratio=0.0000 accept=1.0000 swapped=True
i=10 pair=(5,3) lam_t=1.00714 lam_s=1.01143 tsr_diff=0.003125 integral_mean=0.000103 integral_std=0.004141 log_ratio=0.0000 accept=1.0000 swapped=True
i=10 pair=(0,1) lam_t=1.01571 lam_s=1.02000 tsr_diff=0.003086 integral_mean=0.000021 integral_std=0.003771 log_ratio=0.0000 accept=1.0000 swapped=True
i=11 pair=(6,2) lam_t=0.99429 lam_s=0.99857 tsr_diff=0.003554 integral_mean=0.000015 integral_std=0.004167 log_ratio=0.0000 accept=1.0000 swapped=True
i=11 pair=(4,3) lam_t=1.00286 lam_s=1.00714 tsr_diff=0.003505 integral_mean=0.000044 integral_std=0.003617 log_ratio=0.0000 accept=1.0000 swapped=True
i=11 pair=(5,1) lam_t=1.01143 lam_s=1.01571 tsr_diff=0.003456 integral_mean=-0.000081 integral_std=0.004675 log_ratio=-0.1944 accept=0.8234 swapped=True
i=12 pair=(7,2) lam_t=0.99000 lam_s=0.99429 tsr_diff=0.003894 integral_mean=-0.000059 integral_std=0.003149 log_ratio=-0.1410 accept=0.8685 swapped=False
i=12 pair=(6,3) lam_t=0.99857 lam_s=1.00286 tsr_diff=0.003834 integral_mean=-0.000312 integral_std=0.005515 log_ratio=-0.7489 accept=0.4729 swapped=False
i=12 pair=(4,1) lam_t=1.00714 lam_s=1.01143 tsr_diff=0.003776 integral_mean=0.000039 integral_std=0.006436 log_ratio=0.0000 accept=1.0000 swapped=True
i=12 pair=(5,0) lam_t=1.01571 lam_s=1.02000 tsr_diff=0.003719 integral_mean=-0.000302 integral_std=0.004714 log_ratio=-0.7237 accept=0.4850 swapped=False
i=13 pair=(2,6) lam_t=0.99429 lam_s=0.99857 tsr_diff=0.004100 integral_mean=0.000078 integral_std=0.006769 log_ratio=0.0000 accept=1.0000 swapped=True
i=13 pair=(3,1) lam_t=1.00286 lam_s=1.00714 tsr_diff=0.004034 integral_mean=-0.000175 integral_std=0.008341 log_ratio=-0.4190 accept=0.6577 swapped=False
i=13 pair=(4,5) lam_t=1.01143 lam_s=1.01571 tsr_diff=0.003969 integral_mean=0.000245 integral_std=0.005953 log_ratio=0.0000 accept=1.0000 swapped=True
Best Sample: 2 log probability 0.000
Saved 1 samples to: logs/pointmaze-giant-navigate-v0/inference/plans/release_H400_T256_LimitsNormalizer_b1_condFalse/2026-07-15 11:35:06/32/0.png
Saved 1 samples to: logs/pointmaze-giant-navigate-v0/inference/plans/release_H400_T256_LimitsNormalizer_b1_condFalse/2026-07-15 11:35:06/32/rollout.png
i=0 pair=(0,1) lam_t=0.99000 lam_s=0.99429 tsr_diff=0.000000 integral_mean=0.000000 integral_std=0.000000 log_ratio=0.0000 accept=1.0000 swapped=True
i=0 pair=(2,3) lam_t=0.99857 lam_s=1.00286 tsr_diff=0.000000 integral_mean=0.000000 integral_std=0.000000 log_ratio=0.0000 accept=1.0000 swapped=True
i=0 pair=(4,5) lam_t=1.00714 lam_s=1.01143 tsr_diff=0.000000 integral_mean=0.000000 integral_std=0.000000 log_ratio=0.0000 accept=1.0000 swapped=True
i=0 pair=(6,7) lam_t=1.01571 lam_s=1.02000 tsr_diff=0.000000 integral_mean=0.000000 integral_std=0.000000 log_ratio=0.0000 accept=1.0000 swapped=True
i=1 pair=(0,3) lam_t=0.99429 lam_s=0.99857 tsr_diff=0.000046 integral_mean=-0.000001 integral_std=0.000049 log_ratio=-0.0016 accept=0.9984 swapped=True
i=1 pair=(2,5) lam_t=1.00286 lam_s=1.00714 tsr_diff=0.000046 integral_mean=-0.000001 integral_std=0.000046 log_ratio=-0.0021 accept=0.9979 swapped=True
i=1 pair=(4,7) lam_t=1.01143 lam_s=1.01571 tsr_diff=0.000046 integral_mean=0.000001 integral_std=0.000047 log_ratio=0.0000 accept=1.0000 swapped=True
i=2 pair=(1,3) lam_t=0.99000 lam_s=0.99429 tsr_diff=0.000181 integral_mean=0.000002 integral_std=0.000188 log_ratio=0.0000 accept=1.0000 swapped=True
i=2 pair=(0,5) lam_t=0.99857 lam_s=1.00286 tsr_diff=0.000181 integral_mean=-0.000000 integral_std=0.000188 log_ratio=-0.0002 accept=0.9998 swapped=True
i=2 pair=(2,7) lam_t=1.00714 lam_s=1.01143 tsr_diff=0.000181 integral_mean=-0.000004 integral_std=0.000199 log_ratio=-0.0105 accept=0.9896 swapped=True
i=2 pair=(4,6) lam_t=1.01571 lam_s=1.02000 tsr_diff=0.000181 integral_mean=-0.000002 integral_std=0.000177 log_ratio=-0.0054 accept=0.9947 swapped=True
i=3 pair=(1,5) lam_t=0.99429 lam_s=0.99857 tsr_diff=0.000400 integral_mean=0.000007 integral_std=0.000423 log_ratio=0.0000 accept=1.0000 swapped=True
i=3 pair=(0,7) lam_t=1.00286 lam_s=1.00714 tsr_diff=0.000400 integral_mean=-0.000008 integral_std=0.000439 log_ratio=-0.0190 accept=0.9812 swapped=True
i=3 pair=(2,6) lam_t=1.01143 lam_s=1.01571 tsr_diff=0.000399 integral_mean=0.000003 integral_std=0.000417 log_ratio=0.0000 accept=1.0000 swapped=True
i=4 pair=(3,5) lam_t=0.99000 lam_s=0.99429 tsr_diff=0.000695 integral_mean=0.000026 integral_std=0.000718 log_ratio=0.0000 accept=1.0000 swapped=True
i=4 pair=(1,7) lam_t=0.99857 lam_s=1.00286 tsr_diff=0.000693 integral_mean=-0.000029 integral_std=0.000727 log_ratio=-0.0686 accept=0.9337 swapped=True
i=4 pair=(0,6) lam_t=1.00714 lam_s=1.01143 tsr_diff=0.000691 integral_mean=0.000031 integral_std=0.000747 log_ratio=0.0000 accept=1.0000 swapped=True
i=4 pair=(2,4) lam_t=1.01571 lam_s=1.02000 tsr_diff=0.000689 integral_mean=0.000031 integral_std=0.000701 log_ratio=0.0000 accept=1.0000 swapped=True
i=5 pair=(3,7) lam_t=0.99429 lam_s=0.99857 tsr_diff=0.001051 integral_mean=0.000002 integral_std=0.001146 log_ratio=0.0000 accept=1.0000 swapped=True
i=5 pair=(1,6) lam_t=1.00286 lam_s=1.00714 tsr_diff=0.001046 integral_mean=-0.000076 integral_std=0.001175 log_ratio=-0.1822 accept=0.8334 swapped=True
i=5 pair=(0,4) lam_t=1.01143 lam_s=1.01571 tsr_diff=0.001042 integral_mean=-0.000008 integral_std=0.001009 log_ratio=-0.0181 accept=0.9821 swapped=True
i=6 pair=(5,7) lam_t=0.99000 lam_s=0.99429 tsr_diff=0.001459 integral_mean=0.000075 integral_std=0.001612 log_ratio=0.0000 accept=1.0000 swapped=True
i=6 pair=(3,6) lam_t=0.99857 lam_s=1.00286 tsr_diff=0.001450 integral_mean=-0.000063 integral_std=0.001535 log_ratio=-0.1520 accept=0.8590 swapped=True
i=6 pair=(1,4) lam_t=1.00714 lam_s=1.01143 tsr_diff=0.001442 integral_mean=0.000045 integral_std=0.001483 log_ratio=0.0000 accept=1.0000 swapped=True
i=6 pair=(0,2) lam_t=1.01571 lam_s=1.02000 tsr_diff=0.001433 integral_mean=0.000000 integral_std=0.001333 log_ratio=0.0000 accept=1.0000 swapped=True
i=7 pair=(5,6) lam_t=0.99429 lam_s=0.99857 tsr_diff=0.001888 integral_mean=-0.000059 integral_std=0.002013 log_ratio=-0.1414 accept=0.8681 swapped=True
i=7 pair=(3,4) lam_t=1.00286 lam_s=1.00714 tsr_diff=0.001874 integral_mean=-0.000102 integral_std=0.001937 log_ratio=-0.2458 accept=0.7821 swapped=True
i=7 pair=(1,2) lam_t=1.01143 lam_s=1.01571 tsr_diff=0.001860 integral_mean=0.000005 integral_std=0.001742 log_ratio=0.0000 accept=1.0000 swapped=True
i=8 pair=(7,6) lam_t=0.99000 lam_s=0.99429 tsr_diff=0.002345 integral_mean=-0.000159 integral_std=0.002906 log_ratio=-0.3827 accept=0.6820 swapped=False
i=8 pair=(5,4) lam_t=0.99857 lam_s=1.00286 tsr_diff=0.002323 integral_mean=-0.000060 integral_std=0.002454 log_ratio=-0.1432 accept=0.8666 swapped=True
i=8 pair=(3,2) lam_t=1.00714 lam_s=1.01143 tsr_diff=0.002302 integral_mean=0.000039 integral_std=0.002102 log_ratio=0.0000 accept=1.0000 swapped=True
i=8 pair=(1,0) lam_t=1.01571 lam_s=1.02000 tsr_diff=0.002281 integral_mean=-0.000033 integral_std=0.002222 log_ratio=-0.0800 accept=0.9231 swapped=True
i=9 pair=(6,4) lam_t=0.99429 lam_s=0.99857 tsr_diff=0.002773 integral_mean=0.000105 integral_std=0.003580 log_ratio=0.0000 accept=1.0000 swapped=True
i=9 pair=(5,2) lam_t=1.00286 lam_s=1.00714 tsr_diff=0.002742 integral_mean=0.000046 integral_std=0.002948 log_ratio=0.0000 accept=1.0000 swapped=True
i=9 pair=(3,0) lam_t=1.01143 lam_s=1.01571 tsr_diff=0.002712 integral_mean=-0.000124 integral_std=0.002837 log_ratio=-0.2987 accept=0.7418 swapped=True
i=10 pair=(7,4) lam_t=0.99000 lam_s=0.99429 tsr_diff=0.003206 integral_mean=-0.000056 integral_std=0.003509 log_ratio=-0.1341 accept=0.8745 swapped=True
i=10 pair=(6,2) lam_t=0.99857 lam_s=1.00286 tsr_diff=0.003165 integral_mean=0.000219 integral_std=0.004572 log_ratio=0.0000 accept=1.0000 swapped=True
i=10 pair=(5,0) lam_t=1.00714 lam_s=1.01143 tsr_diff=0.003125 integral_mean=0.000000 integral_std=0.003351 log_ratio=0.0000 accept=1.0000 swapped=True
i=10 pair=(3,1) lam_t=1.01571 lam_s=1.02000 tsr_diff=0.003086 integral_mean=0.000021 integral_std=0.003073 log_ratio=0.0000 accept=1.0000 swapped=True
i=11 pair=(7,2) lam_t=0.99429 lam_s=0.99857 tsr_diff=0.003554 integral_mean=0.000233 integral_std=0.004040 log_ratio=0.0000 accept=1.0000 swapped=True
i=11 pair=(6,0) lam_t=1.00286 lam_s=1.00714 tsr_diff=0.003505 integral_mean=0.000500 integral_std=0.006432 log_ratio=0.0000 accept=1.0000 swapped=True
i=11 pair=(5,1) lam_t=1.01143 lam_s=1.01571 tsr_diff=0.003456 integral_mean=0.000118 integral_std=0.004250 log_ratio=0.0000 accept=1.0000 swapped=True
i=12 pair=(4,2) lam_t=0.99000 lam_s=0.99429 tsr_diff=0.003894 integral_mean=0.000176 integral_std=0.004914 log_ratio=0.0000 accept=1.0000 swapped=True
i=12 pair=(7,0) lam_t=0.99857 lam_s=1.00286 tsr_diff=0.003834 integral_mean=-0.000096 integral_std=0.003826 log_ratio=-0.2315 accept=0.7933 swapped=True
i=12 pair=(6,1) lam_t=1.00714 lam_s=1.01143 tsr_diff=0.003776 integral_mean=0.000503 integral_std=0.008378 log_ratio=0.0000 accept=1.0000 swapped=True
i=12 pair=(5,3) lam_t=1.01571 lam_s=1.02000 tsr_diff=0.003719 integral_mean=0.000278 integral_std=0.005490 log_ratio=0.0000 accept=1.0000 swapped=True
i=13 pair=(4,0) lam_t=0.99429 lam_s=0.99857 tsr_diff=0.004100 integral_mean=-0.000334 integral_std=0.005499 log_ratio=-0.8027 accept=0.4481 swapped=False
i=13 pair=(7,1) lam_t=1.00286 lam_s=1.00714 tsr_diff=0.004034 integral_mean=0.000379 integral_std=0.006907 log_ratio=0.0000 accept=1.0000 swapped=True
i=13 pair=(6,3) lam_t=1.01143 lam_s=1.01571 tsr_diff=0.003969 integral_mean=0.000171 integral_std=0.010588 log_ratio=0.0000 accept=1.0000 swapped=True
Best Sample: 2 log probability 0.000
Saved 1 samples to: logs/pointmaze-giant-navigate-v0/inference/plans/release_H400_T256_LimitsNormalizer_b1_condFalse/2026-07-15 11:35:06/33/0.png
Saved 1 samples to: logs/pointmaze-giant-navigate-v0/inference/plans/release_H400_T256_LimitsNormalizer_b1_condFalse/2026-07-15 11:35:06/33/rollout.png
i=0 pair=(0,1) lam_t=0.99000 lam_s=0.99429 tsr_diff=0.000000 integral_mean=0.000000 integral_std=0.000000 log_ratio=0.0000 accept=1.0000 swapped=True
i=0 pair=(2,3) lam_t=0.99857 lam_s=1.00286 tsr_diff=0.000000 integral_mean=0.000000 integral_std=0.000000 log_ratio=0.0000 accept=1.0000 swapped=True
i=0 pair=(4,5) lam_t=1.00714 lam_s=1.01143 tsr_diff=0.000000 integral_mean=0.000000 integral_std=0.000000 log_ratio=0.0000 accept=1.0000 swapped=True
i=0 pair=(6,7) lam_t=1.01571 lam_s=1.02000 tsr_diff=0.000000 integral_mean=0.000000 integral_std=0.000000 log_ratio=0.0000 accept=1.0000 swapped=True
i=1 pair=(0,3) lam_t=0.99429 lam_s=0.99857 tsr_diff=0.000046 integral_mean=0.000000 integral_std=0.000047 log_ratio=0.0000 accept=1.0000 swapped=True
i=1 pair=(2,5) lam_t=1.00286 lam_s=1.00714 tsr_diff=0.000046 integral_mean=-0.000000 integral_std=0.000043 log_ratio=-0.0006 accept=0.9994 swapped=True
i=1 pair=(4,7) lam_t=1.01143 lam_s=1.01571 tsr_diff=0.000046 integral_mean=0.000002 integral_std=0.000048 log_ratio=0.0000 accept=1.0000 swapped=True
i=2 pair=(1,3) lam_t=0.99000 lam_s=0.99429 tsr_diff=0.000181 integral_mean=-0.000005 integral_std=0.000173 log_ratio=-0.0112 accept=0.9889 swapped=True
i=2 pair=(0,5) lam_t=0.99857 lam_s=1.00286 tsr_diff=0.000181 integral_mean=-0.000004 integral_std=0.000182 log_ratio=-0.0098 accept=0.9902 swapped=True
i=2 pair=(2,7) lam_t=1.00714 lam_s=1.01143 tsr_diff=0.000181 integral_mean=-0.000014 integral_std=0.000185 log_ratio=-0.0325 accept=0.9680 swapped=True
i=2 pair=(4,6) lam_t=1.01571 lam_s=1.02000 tsr_diff=0.000181 integral_mean=-0.000002 integral_std=0.000178 log_ratio=-0.0055 accept=0.9945 swapped=True
i=3 pair=(1,5) lam_t=0.99429 lam_s=0.99857 tsr_diff=0.000400 integral_mean=0.000002 integral_std=0.000389 log_ratio=0.0000 accept=1.0000 swapped=True
i=3 pair=(0,7) lam_t=1.00286 lam_s=1.00714 tsr_diff=0.000400 integral_mean=0.000011 integral_std=0.000428 log_ratio=0.0000 accept=1.0000 swapped=True
i=3 pair=(2,6) lam_t=1.01143 lam_s=1.01571 tsr_diff=0.000399 integral_mean=0.000007 integral_std=0.000404 log_ratio=0.0000 accept=1.0000 swapped=True
i=4 pair=(3,5) lam_t=0.99000 lam_s=0.99429 tsr_diff=0.000695 integral_mean=0.000001 integral_std=0.000708 log_ratio=0.0000 accept=1.0000 swapped=True
i=4 pair=(1,7) lam_t=0.99857 lam_s=1.00286 tsr_diff=0.000693 integral_mean=-0.000015 integral_std=0.000743 log_ratio=-0.0352 accept=0.9654 swapped=True
i=4 pair=(0,6) lam_t=1.00714 lam_s=1.01143 tsr_diff=0.000691 integral_mean=0.000064 integral_std=0.000743 log_ratio=0.0000 accept=1.0000 swapped=True
i=4 pair=(2,4) lam_t=1.01571 lam_s=1.02000 tsr_diff=0.000689 integral_mean=0.000004 integral_std=0.000680 log_ratio=0.0000 accept=1.0000 swapped=True
i=5 pair=(3,7) lam_t=0.99429 lam_s=0.99857 tsr_diff=0.001051 integral_mean=-0.000052 integral_std=0.001175 log_ratio=-0.1253 accept=0.8822 swapped=True
i=5 pair=(1,6) lam_t=1.00286 lam_s=1.00714 tsr_diff=0.001046 integral_mean=-0.000021 integral_std=0.000985 log_ratio=-0.0499 accept=0.9513 swapped=True
i=5 pair=(0,4) lam_t=1.01143 lam_s=1.01571 tsr_diff=0.001042 integral_mean=0.000015 integral_std=0.001160 log_ratio=0.0000 accept=1.0000 swapped=True
i=6 pair=(5,7) lam_t=0.99000 lam_s=0.99429 tsr_diff=0.001459 integral_mean=-0.000060 integral_std=0.001560 log_ratio=-0.1448 accept=0.8652 swapped=True
i=6 pair=(3,6) lam_t=0.99857 lam_s=1.00286 tsr_diff=0.001450 integral_mean=-0.000006 integral_std=0.001340 log_ratio=-0.0155 accept=0.9847 swapped=True
i=6 pair=(1,4) lam_t=1.00714 lam_s=1.01143 tsr_diff=0.001442 integral_mean=-0.000056 integral_std=0.001557 log_ratio=-0.1344 accept=0.8743 swapped=True
i=6 pair=(0,2) lam_t=1.01571 lam_s=1.02000 tsr_diff=0.001433 integral_mean=-0.000023 integral_std=0.001584 log_ratio=-0.0550 accept=0.9465 swapped=True
i=7 pair=(5,6) lam_t=0.99429 lam_s=0.99857 tsr_diff=0.001888 integral_mean=-0.000018 integral_std=0.001721 log_ratio=-0.0423 accept=0.9586 swapped=True
i=7 pair=(3,4) lam_t=1.00286 lam_s=1.00714 tsr_diff=0.001874 integral_mean=-0.000076 integral_std=0.002008 log_ratio=-0.1823 accept=0.8334 swapped=True
i=7 pair=(1,2) lam_t=1.01143 lam_s=1.01571 tsr_diff=0.001860 integral_mean=-0.000125 integral_std=0.001980 log_ratio=-0.3011 accept=0.7400 swapped=False
i=8 pair=(7,6) lam_t=0.99000 lam_s=0.99429 tsr_diff=0.002345 integral_mean=-0.000033 integral_std=0.002551 log_ratio=-0.0784 accept=0.9246 swapped=True
i=8 pair=(5,4) lam_t=0.99857 lam_s=1.00286 tsr_diff=0.002323 integral_mean=-0.000039 integral_std=0.002462 log_ratio=-0.0932 accept=0.9110 swapped=True
i=8 pair=(3,1) lam_t=1.00714 lam_s=1.01143 tsr_diff=0.002302 integral_mean=0.000003 integral_std=0.001994 log_ratio=0.0000 accept=1.0000 swapped=True
i=8 pair=(2,0) lam_t=1.01571 lam_s=1.02000 tsr_diff=0.002281 integral_mean=0.000034 integral_std=0.002728 log_ratio=0.0000 accept=1.0000 swapped=True
i=9 pair=(7,4) lam_t=0.99429 lam_s=0.99857 tsr_diff=0.002773 integral_mean=-0.000114 integral_std=0.002937 log_ratio=-0.2747 accept=0.7598 swapped=False
i=9 pair=(5,1) lam_t=1.00286 lam_s=1.00714 tsr_diff=0.002742 integral_mean=0.000034 integral_std=0.002490 log_ratio=0.0000 accept=1.0000 swapped=True
i=9 pair=(3,0) lam_t=1.01143 lam_s=1.01571 tsr_diff=0.002712 integral_mean=-0.000143 integral_std=0.003010 log_ratio=-0.3433 accept=0.7095 swapped=True
i=10 pair=(6,7) lam_t=0.99000 lam_s=0.99429 tsr_diff=0.003206 integral_mean=-0.000150 integral_std=0.004211 log_ratio=-0.3599 accept=0.6977 swapped=True
i=10 pair=(4,1) lam_t=0.99857 lam_s=1.00286 tsr_diff=0.003165 integral_mean=0.000106 integral_std=0.004067 log_ratio=0.0000 accept=1.0000 swapped=True
i=10 pair=(5,0) lam_t=1.00714 lam_s=1.01143 tsr_diff=0.003125 integral_mean=-0.000063 integral_std=0.003728 log_ratio=-0.1522 accept=0.8588 swapped=True
i=10 pair=(3,2) lam_t=1.01571 lam_s=1.02000 tsr_diff=0.003086 integral_mean=-0.000095 integral_std=0.003527 log_ratio=-0.2292 accept=0.7952 swapped=True
i=11 pair=(6,1) lam_t=0.99429 lam_s=0.99857 tsr_diff=0.003554 integral_mean=-0.000063 integral_std=0.002875 log_ratio=-0.1516 accept=0.8593 swapped=True
i=11 pair=(4,0) lam_t=1.00286 lam_s=1.00714 tsr_diff=0.003505 integral_mean=-0.000226 integral_std=0.006147 log_ratio=-0.5435 accept=0.5807 swapped=True
i=11 pair=(5,2) lam_t=1.01143 lam_s=1.01571 tsr_diff=0.003456 integral_mean=-0.000137 integral_std=0.004002 log_ratio=-0.3284 accept=0.7201 swapped=True
i=12 pair=(7,1) lam_t=0.99000 lam_s=0.99429 tsr_diff=0.003894 integral_mean=0.000165 integral_std=0.007198 log_ratio=0.0000 accept=1.0000 swapped=True
i=12 pair=(6,0) lam_t=0.99857 lam_s=1.00286 tsr_diff=0.003834 integral_mean=-0.000589 integral_std=0.005803 log_ratio=-1.4141 accept=0.2431 swapped=False
i=12 pair=(4,2) lam_t=1.00714 lam_s=1.01143 tsr_diff=0.003776 integral_mean=-0.000247 integral_std=0.007431 log_ratio=-0.5928 accept=0.5528 swapped=False
i=12 pair=(5,3) lam_t=1.01571 lam_s=1.02000 tsr_diff=0.003719 integral_mean=-0.000088 integral_std=0.002940 log_ratio=-0.2106 accept=0.8101 swapped=True
i=13 pair=(7,6) lam_t=0.99429 lam_s=0.99857 tsr_diff=0.004100 integral_mean=-0.000026 integral_std=0.010443 log_ratio=-0.0613 accept=0.9405 swapped=True
i=13 pair=(0,4) lam_t=1.00286 lam_s=1.00714 tsr_diff=0.004034 integral_mean=0.000164 integral_std=0.009713 log_ratio=0.0000 accept=1.0000 swapped=True
i=13 pair=(2,3) lam_t=1.01143 lam_s=1.01571 tsr_diff=0.003969 integral_mean=-0.000006 integral_std=0.006950 log_ratio=-0.0154 accept=0.9848 swapped=True
Best Sample: 1 log probability 0.000
Saved 1 samples to: logs/pointmaze-giant-navigate-v0/inference/plans/release_H400_T256_LimitsNormalizer_b1_condFalse/2026-07-15 11:35:06/34/0.png
Saved 1 samples to: logs/pointmaze-giant-navigate-v0/inference/plans/release_H400_T256_LimitsNormalizer_b1_condFalse/2026-07-15 11:35:06/34/rollout.png
i=0 pair=(0,1) lam_t=0.99000 lam_s=0.99429 tsr_diff=0.000000 integral_mean=0.000000 integral_std=0.000000 log_ratio=0.0000 accept=1.0000 swapped=True
i=0 pair=(2,3) lam_t=0.99857 lam_s=1.00286 tsr_diff=0.000000 integral_mean=0.000000 integral_std=0.000000 log_ratio=0.0000 accept=1.0000 swapped=True
i=0 pair=(4,5) lam_t=1.00714 lam_s=1.01143 tsr_diff=0.000000 integral_mean=0.000000 integral_std=0.000000 log_ratio=0.0000 accept=1.0000 swapped=True
i=0 pair=(6,7) lam_t=1.01571 lam_s=1.02000 tsr_diff=0.000000 integral_mean=0.000000 integral_std=0.000000 log_ratio=0.0000 accept=1.0000 swapped=True
i=1 pair=(0,3) lam_t=0.99429 lam_s=0.99857 tsr_diff=0.000046 integral_mean=-0.000000 integral_std=0.000045 log_ratio=-0.0001 accept=0.9999 swapped=True
i=1 pair=(2,5) lam_t=1.00286 lam_s=1.00714 tsr_diff=0.000046 integral_mean=-0.000001 integral_std=0.000045 log_ratio=-0.0030 accept=0.9970 swapped=True
i=1 pair=(4,7) lam_t=1.01143 lam_s=1.01571 tsr_diff=0.000046 integral_mean=-0.000001 integral_std=0.000044 log_ratio=-0.0015 accept=0.9985 swapped=True
i=2 pair=(1,3) lam_t=0.99000 lam_s=0.99429 tsr_diff=0.000181 integral_mean=0.000004 integral_std=0.000187 log_ratio=0.0000 accept=1.0000 swapped=True
i=2 pair=(0,5) lam_t=0.99857 lam_s=1.00286 tsr_diff=0.000181 integral_mean=-0.000002 integral_std=0.000184 log_ratio=-0.0057 accept=0.9943 swapped=True
i=2 pair=(2,7) lam_t=1.00714 lam_s=1.01143 tsr_diff=0.000181 integral_mean=0.000006 integral_std=0.000186 log_ratio=0.0000 accept=1.0000 swapped=True
i=2 pair=(4,6) lam_t=1.01571 lam_s=1.02000 tsr_diff=0.000181 integral_mean=-0.000001 integral_std=0.000192 log_ratio=-0.0025 accept=0.9975 swapped=True
i=3 pair=(1,5) lam_t=0.99429 lam_s=0.99857 tsr_diff=0.000400 integral_mean=-0.000007 integral_std=0.000413 log_ratio=-0.0173 accept=0.9829 swapped=True
i=3 pair=(0,7) lam_t=1.00286 lam_s=1.00714 tsr_diff=0.000400 integral_mean=-0.000013 integral_std=0.000436 log_ratio=-0.0307 accept=0.9697 swapped=True
i=3 pair=(2,6) lam_t=1.01143 lam_s=1.01571 tsr_diff=0.000399 integral_mean=-0.000000 integral_std=0.000408 log_ratio=-0.0006 accept=0.9994 swapped=True
i=4 pair=(3,5) lam_t=0.99000 lam_s=0.99429 tsr_diff=0.000695 integral_mean=-0.000018 integral_std=0.000734 log_ratio=-0.0433 accept=0.9576 swapped=True
i=4 pair=(1,7) lam_t=0.99857 lam_s=1.00286 tsr_diff=0.000693 integral_mean=-0.000019 integral_std=0.000695 log_ratio=-0.0446 accept=0.9564 swapped=True
i=4 pair=(0,6) lam_t=1.00714 lam_s=1.01143 tsr_diff=0.000691 integral_mean=-0.000008 integral_std=0.000697 log_ratio=-0.0197 accept=0.9805 swapped=True
i=4 pair=(2,4) lam_t=1.01571 lam_s=1.02000 tsr_diff=0.000689 integral_mean=-0.000003 integral_std=0.000663 log_ratio=-0.0064 accept=0.9936 swapped=True
i=5 pair=(3,7) lam_t=0.99429 lam_s=0.99857 tsr_diff=0.001051 integral_mean=0.000028 integral_std=0.001066 log_ratio=0.0000 accept=1.0000 swapped=True
i=5 pair=(1,6) lam_t=1.00286 lam_s=1.00714 tsr_diff=0.001046 integral_mean=-0.000028 integral_std=0.001035 log_ratio=-0.0668 accept=0.9354 swapped=True
i=5 pair=(0,4) lam_t=1.01143 lam_s=1.01571 tsr_diff=0.001042 integral_mean=0.000010 integral_std=0.001055 log_ratio=0.0000 accept=1.0000 swapped=True
i=6 pair=(5,7) lam_t=0.99000 lam_s=0.99429 tsr_diff=0.001459 integral_mean=0.000054 integral_std=0.001459 log_ratio=0.0000 accept=1.0000 swapped=True
i=6 pair=(3,6) lam_t=0.99857 lam_s=1.00286 tsr_diff=0.001450 integral_mean=-0.000063 integral_std=0.001355 log_ratio=-0.1522 accept=0.8588 swapped=True
i=6 pair=(1,4) lam_t=1.00714 lam_s=1.01143 tsr_diff=0.001442 integral_mean=0.000017 integral_std=0.001447 log_ratio=0.0000 accept=1.0000 swapped=True
i=6 pair=(0,2) lam_t=1.01571 lam_s=1.02000 tsr_diff=0.001433 integral_mean=0.000006 integral_std=0.001507 log_ratio=0.0000 accept=1.0000 swapped=True
i=7 pair=(5,6) lam_t=0.99429 lam_s=0.99857 tsr_diff=0.001888 integral_mean=0.000026 integral_std=0.001946 log_ratio=0.0000 accept=1.0000 swapped=True
i=7 pair=(3,4) lam_t=1.00286 lam_s=1.00714 tsr_diff=0.001874 integral_mean=-0.000014 integral_std=0.001859 log_ratio=-0.0330 accept=0.9675 swapped=True
i=7 pair=(1,2) lam_t=1.01143 lam_s=1.01571 tsr_diff=0.001860 integral_mean=-0.000079 integral_std=0.001975 log_ratio=-0.1903 accept=0.8267 swapped=True
i=8 pair=(7,6) lam_t=0.99000 lam_s=0.99429 tsr_diff=0.002345 integral_mean=-0.000011 integral_std=0.002321 log_ratio=-0.0275 accept=0.9728 swapped=True
i=8 pair=(5,4) lam_t=0.99857 lam_s=1.00286 tsr_diff=0.002323 integral_mean=0.000046 integral_std=0.002586 log_ratio=0.0000 accept=1.0000 swapped=True
i=8 pair=(3,2) lam_t=1.00714 lam_s=1.01143 tsr_diff=0.002302 integral_mean=-0.000073 integral_std=0.002436 log_ratio=-0.1754 accept=0.8391 swapped=True
i=8 pair=(1,0) lam_t=1.01571 lam_s=1.02000 tsr_diff=0.002281 integral_mean=-0.000004 integral_std=0.002255 log_ratio=-0.0106 accept=0.9895 swapped=True
i=9 pair=(7,4) lam_t=0.99429 lam_s=0.99857 tsr_diff=0.002773 integral_mean=0.000038 integral_std=0.002786 log_ratio=0.0000 accept=1.0000 swapped=True
i=9 pair=(5,2) lam_t=1.00286 lam_s=1.00714 tsr_diff=0.002742 integral_mean=0.000079 integral_std=0.003481 log_ratio=0.0000 accept=1.0000 swapped=True
i=9 pair=(3,0) lam_t=1.01143 lam_s=1.01571 tsr_diff=0.002712 integral_mean=-0.000181 integral_std=0.003368 log_ratio=-0.4334 accept=0.6483 swapped=True
i=10 pair=(6,4) lam_t=0.99000 lam_s=0.99429 tsr_diff=0.003206 integral_mean=-0.000147 integral_std=0.003526 log_ratio=-0.3520 accept=0.7032 swapped=True
i=10 pair=(7,2) lam_t=0.99857 lam_s=1.00286 tsr_diff=0.003165 integral_mean=-0.000040 integral_std=0.003375 log_ratio=-0.0964 accept=0.9081 swapped=True
i=10 pair=(5,0) lam_t=1.00714 lam_s=1.01143 tsr_diff=0.003125 integral_mean=-0.000150 integral_std=0.004210 log_ratio=-0.3591 accept=0.6983 swapped=False
i=10 pair=(3,1) lam_t=1.01571 lam_s=1.02000 tsr_diff=0.003086 integral_mean=-0.000239 integral_std=0.004037 log_ratio=-0.5747 accept=0.5629 swapped=True
i=11 pair=(6,2) lam_t=0.99429 lam_s=0.99857 tsr_diff=0.003554 integral_mean=-0.000339 integral_std=0.005349 log_ratio=-0.8144 accept=0.4429 swapped=True
i=11 pair=(7,5) lam_t=1.00286 lam_s=1.00714 tsr_diff=0.003505 integral_mean=-0.000183 integral_std=0.005601 log_ratio=-0.4396 accept=0.6443 swapped=False
i=11 pair=(0,1) lam_t=1.01143 lam_s=1.01571 tsr_diff=0.003456 integral_mean=0.000028 integral_std=0.004942 log_ratio=0.0000 accept=1.0000 swapped=True
i=12 pair=(4,2) lam_t=0.99000 lam_s=0.99429 tsr_diff=0.003894 integral_mean=-0.000341 integral_std=0.005088 log_ratio=-0.8196 accept=0.4406 swapped=False
i=12 pair=(6,7) lam_t=0.99857 lam_s=1.00286 tsr_diff=0.003834 integral_mean=-0.000151 integral_std=0.005599 log_ratio=-0.3616 accept=0.6966 swapped=True
i=12 pair=(5,1) lam_t=1.00714 lam_s=1.01143 tsr_diff=0.003776 integral_mean=-0.000332 integral_std=0.009644 log_ratio=-0.7965 accept=0.4509 swapped=False
i=12 pair=(0,3) lam_t=1.01571 lam_s=1.02000 tsr_diff=0.003719 integral_mean=0.000363 integral_std=0.006570 log_ratio=0.0000 accept=1.0000 swapped=True
i=13 pair=(2,7) lam_t=0.99429 lam_s=0.99857 tsr_diff=0.004100 integral_mean=0.000350 integral_std=0.008019 log_ratio=0.0000 accept=1.0000 swapped=True
i=13 pair=(6,5) lam_t=1.00286 lam_s=1.00714 tsr_diff=0.004034 integral_mean=-0.000242 integral_std=0.009002 log_ratio=-0.5804 accept=0.5597 swapped=True
i=13 pair=(1,3) lam_t=1.01143 lam_s=1.01571 tsr_diff=0.003969 integral_mean=0.000312 integral_std=0.009008 log_ratio=0.0000 accept=1.0000 swapped=True
Best Sample: 3 log probability -0.073
Saved 1 samples to: logs/pointmaze-giant-navigate-v0/inference/plans/release_H400_T256_LimitsNormalizer_b1_condFalse/2026-07-15 11:35:06/35/0.png
Saved 1 samples to: logs/pointmaze-giant-navigate-v0/inference/plans/release_H400_T256_LimitsNormalizer_b1_condFalse/2026-07-15 11:35:06/35/rollout.png
i=0 pair=(0,1) lam_t=0.99000 lam_s=0.99429 tsr_diff=0.000000 integral_mean=0.000000 integral_std=0.000000 log_ratio=0.0000 accept=1.0000 swapped=True
i=0 pair=(2,3) lam_t=0.99857 lam_s=1.00286 tsr_diff=0.000000 integral_mean=0.000000 integral_std=0.000000 log_ratio=0.0000 accept=1.0000 swapped=True
i=0 pair=(4,5) lam_t=1.00714 lam_s=1.01143 tsr_diff=0.000000 integral_mean=0.000000 integral_std=0.000000 log_ratio=0.0000 accept=1.0000 swapped=True
i=0 pair=(6,7) lam_t=1.01571 lam_s=1.02000 tsr_diff=0.000000 integral_mean=0.000000 integral_std=0.000000 log_ratio=0.0000 accept=1.0000 swapped=True
i=1 pair=(0,3) lam_t=0.99429 lam_s=0.99857 tsr_diff=0.000046 integral_mean=-0.000001 integral_std=0.000045 log_ratio=-0.0017 accept=0.9983 swapped=True
i=1 pair=(2,5) lam_t=1.00286 lam_s=1.00714 tsr_diff=0.000046 integral_mean=0.000001 integral_std=0.000048 log_ratio=0.0000 accept=1.0000 swapped=True
i=1 pair=(4,7) lam_t=1.01143 lam_s=1.01571 tsr_diff=0.000046 integral_mean=-0.000001 integral_std=0.000047 log_ratio=-0.0016 accept=0.9984 swapped=True
i=2 pair=(1,3) lam_t=0.99000 lam_s=0.99429 tsr_diff=0.000181 integral_mean=0.000001 integral_std=0.000193 log_ratio=0.0000 accept=1.0000 swapped=True
i=2 pair=(0,5) lam_t=0.99857 lam_s=1.00286 tsr_diff=0.000181 integral_mean=-0.000001 integral_std=0.000173 log_ratio=-0.0020 accept=0.9980 swapped=True
i=2 pair=(2,7) lam_t=1.00714 lam_s=1.01143 tsr_diff=0.000181 integral_mean=0.000006 integral_std=0.000178 log_ratio=0.0000 accept=1.0000 swapped=True
i=2 pair=(4,6) lam_t=1.01571 lam_s=1.02000 tsr_diff=0.000181 integral_mean=-0.000006 integral_std=0.000196 log_ratio=-0.0148 accept=0.9853 swapped=True
i=3 pair=(1,5) lam_t=0.99429 lam_s=0.99857 tsr_diff=0.000400 integral_mean=0.000040 integral_std=0.000439 log_ratio=0.0000 accept=1.0000 swapped=True
i=3 pair=(0,7) lam_t=1.00286 lam_s=1.00714 tsr_diff=0.000400 integral_mean=0.000005 integral_std=0.000374 log_ratio=0.0000 accept=1.0000 swapped=True
i=3 pair=(2,6) lam_t=1.01143 lam_s=1.01571 tsr_diff=0.000399 integral_mean=-0.000006 integral_std=0.000407 log_ratio=-0.0139 accept=0.9862 swapped=True
i=4 pair=(3,5) lam_t=0.99000 lam_s=0.99429 tsr_diff=0.000695 integral_mean=-0.000025 integral_std=0.000698 log_ratio=-0.0600 accept=0.9418 swapped=True
i=4 pair=(1,7) lam_t=0.99857 lam_s=1.00286 tsr_diff=0.000693 integral_mean=0.000035 integral_std=0.000672 log_ratio=0.0000 accept=1.0000 swapped=True
i=4 pair=(0,6) lam_t=1.00714 lam_s=1.01143 tsr_diff=0.000691 integral_mean=-0.000009 integral_std=0.000686 log_ratio=-0.0209 accept=0.9793 swapped=True
i=4 pair=(2,4) lam_t=1.01571 lam_s=1.02000 tsr_diff=0.000689 integral_mean=-0.000045 integral_std=0.000722 log_ratio=-0.1077 accept=0.8979 swapped=True
i=5 pair=(3,7) lam_t=0.99429 lam_s=0.99857 tsr_diff=0.001051 integral_mean=-0.000005 integral_std=0.000956 log_ratio=-0.0125 accept=0.9876 swapped=True
i=5 pair=(1,6) lam_t=1.00286 lam_s=1.00714 tsr_diff=0.001046 integral_mean=-0.000093 integral_std=0.001194 log_ratio=-0.2223 accept=0.8007 swapped=True
i=5 pair=(0,4) lam_t=1.01143 lam_s=1.01571 tsr_diff=0.001042 integral_mean=-0.000024 integral_std=0.001059 log_ratio=-0.0567 accept=0.9449 swapped=True
i=6 pair=(5,7) lam_t=0.99000 lam_s=0.99429 tsr_diff=0.001459 integral_mean=-0.000002 integral_std=0.001358 log_ratio=-0.0052 accept=0.9948 swapped=True
i=6 pair=(3,6) lam_t=0.99857 lam_s=1.00286 tsr_diff=0.001450 integral_mean=-0.000050 integral_std=0.001440 log_ratio=-0.1191 accept=0.8877 swapped=True
i=6 pair=(1,4) lam_t=1.00714 lam_s=1.01143 tsr_diff=0.001442 integral_mean=-0.000035 integral_std=0.001543 log_ratio=-0.0833 accept=0.9200 swapped=True
i=6 pair=(0,2) lam_t=1.01571 lam_s=1.02000 tsr_diff=0.001433 integral_mean=-0.000001 integral_std=0.001481 log_ratio=-0.0023 accept=0.9977 swapped=True
i=7 pair=(5,6) lam_t=0.99429 lam_s=0.99857 tsr_diff=0.001888 integral_mean=-0.000036 integral_std=0.001924 log_ratio=-0.0866 accept=0.9170 swapped=True
i=7 pair=(3,4) lam_t=1.00286 lam_s=1.00714 tsr_diff=0.001874 integral_mean=0.000002 integral_std=0.001858 log_ratio=0.0000 accept=1.0000 swapped=True
i=7 pair=(1,2) lam_t=1.01143 lam_s=1.01571 tsr_diff=0.001860 integral_mean=0.000009 integral_std=0.001911 log_ratio=0.0000 accept=1.0000 swapped=True
i=8 pair=(7,6) lam_t=0.99000 lam_s=0.99429 tsr_diff=0.002345 integral_mean=-0.000069 integral_std=0.002174 log_ratio=-0.1667 accept=0.8464 swapped=True
i=8 pair=(5,4) lam_t=0.99857 lam_s=1.00286 tsr_diff=0.002323 integral_mean=-0.000076 integral_std=0.002490 log_ratio=-0.1822 accept=0.8334 swapped=True
i=8 pair=(3,2) lam_t=1.00714 lam_s=1.01143 tsr_diff=0.002302 integral_mean=-0.000102 integral_std=0.002449 log_ratio=-0.2442 accept=0.7834 swapped=True
i=8 pair=(1,0) lam_t=1.01571 lam_s=1.02000 tsr_diff=0.002281 integral_mean=-0.000004 integral_std=0.002184 log_ratio=-0.0103 accept=0.9898 swapped=True
i=9 pair=(7,4) lam_t=0.99429 lam_s=0.99857 tsr_diff=0.002773 integral_mean=-0.000081 integral_std=0.002700 log_ratio=-0.1946 accept=0.8231 swapped=True
i=9 pair=(5,2) lam_t=1.00286 lam_s=1.00714 tsr_diff=0.002742 integral_mean=0.000023 integral_std=0.002799 log_ratio=0.0000 accept=1.0000 swapped=True
i=9 pair=(3,0) lam_t=1.01143 lam_s=1.01571 tsr_diff=0.002712 integral_mean=-0.000076 integral_std=0.002404 log_ratio=-0.1812 accept=0.8343 swapped=True
i=10 pair=(6,4) lam_t=0.99000 lam_s=0.99429 tsr_diff=0.003206 integral_mean=-0.000073 integral_std=0.003679 log_ratio=-0.1743 accept=0.8400 swapped=True
i=10 pair=(7,2) lam_t=0.99857 lam_s=1.00286 tsr_diff=0.003165 integral_mean=-0.000038 integral_std=0.004327 log_ratio=-0.0903 accept=0.9137 swapped=True
i=10 pair=(5,0) lam_t=1.00714 lam_s=1.01143 tsr_diff=0.003125 integral_mean=0.000017 integral_std=0.003488 log_ratio=0.0000 accept=1.0000 swapped=True
i=10 pair=(3,1) lam_t=1.01571 lam_s=1.02000 tsr_diff=0.003086 integral_mean=-0.000037 integral_std=0.002985 log_ratio=-0.0897 accept=0.9142 swapped=True
i=11 pair=(6,2) lam_t=0.99429 lam_s=0.99857 tsr_diff=0.003554 integral_mean=-0.000120 integral_std=0.005035 log_ratio=-0.2891 accept=0.7489 swapped=True
i=11 pair=(7,0) lam_t=1.00286 lam_s=1.00714 tsr_diff=0.003505 integral_mean=0.000008 integral_std=0.004027 log_ratio=0.0000 accept=1.0000 swapped=True
i=11 pair=(5,1) lam_t=1.01143 lam_s=1.01571 tsr_diff=0.003456 integral_mean=0.000127 integral_std=0.004257 log_ratio=0.0000 accept=1.0000 swapped=True
i=12 pair=(4,2) lam_t=0.99000 lam_s=0.99429 tsr_diff=0.003894 integral_mean=0.000034 integral_std=0.006208 log_ratio=0.0000 accept=1.0000 swapped=True
i=12 pair=(6,0) lam_t=0.99857 lam_s=1.00286 tsr_diff=0.003834 integral_mean=0.000129 integral_std=0.005070 log_ratio=0.0000 accept=1.0000 swapped=True
i=12 pair=(7,1) lam_t=1.00714 lam_s=1.01143 tsr_diff=0.003776 integral_mean=0.000086 integral_std=0.005442 log_ratio=0.0000 accept=1.0000 swapped=True
i=12 pair=(5,3) lam_t=1.01571 lam_s=1.02000 tsr_diff=0.003719 integral_mean=0.000288 integral_std=0.005201 log_ratio=0.0000 accept=1.0000 swapped=True
i=13 pair=(4,0) lam_t=0.99429 lam_s=0.99857 tsr_diff=0.004100 integral_mean=0.000244 integral_std=0.007444 log_ratio=0.0000 accept=1.0000 swapped=True
i=13 pair=(6,1) lam_t=1.00286 lam_s=1.00714 tsr_diff=0.004034 integral_mean=-0.000004 integral_std=0.007084 log_ratio=-0.0087 accept=0.9914 swapped=True
i=13 pair=(7,3) lam_t=1.01143 lam_s=1.01571 tsr_diff=0.003969 integral_mean=0.000217 integral_std=0.006523 log_ratio=0.0000 accept=1.0000 swapped=True
Best Sample: 0 log probability -0.032
Saved 1 samples to: logs/pointmaze-giant-navigate-v0/inference/plans/release_H400_T256_LimitsNormalizer_b1_condFalse/2026-07-15 11:35:06/36/0.png
Saved 1 samples to: logs/pointmaze-giant-navigate-v0/inference/plans/release_H400_T256_LimitsNormalizer_b1_condFalse/2026-07-15 11:35:06/36/rollout.png
i=0 pair=(0,1) lam_t=0.99000 lam_s=0.99429 tsr_diff=0.000000 integral_mean=0.000000 integral_std=0.000000 log_ratio=0.0000 accept=1.0000 swapped=True
i=0 pair=(2,3) lam_t=0.99857 lam_s=1.00286 tsr_diff=0.000000 integral_mean=0.000000 integral_std=0.000000 log_ratio=0.0000 accept=1.0000 swapped=True
i=0 pair=(4,5) lam_t=1.00714 lam_s=1.01143 tsr_diff=0.000000 integral_mean=0.000000 integral_std=0.000000 log_ratio=0.0000 accept=1.0000 swapped=True
i=0 pair=(6,7) lam_t=1.01571 lam_s=1.02000 tsr_diff=0.000000 integral_mean=0.000000 integral_std=0.000000 log_ratio=0.0000 accept=1.0000 swapped=True
i=1 pair=(0,3) lam_t=0.99429 lam_s=0.99857 tsr_diff=0.000046 integral_mean=0.000001 integral_std=0.000048 log_ratio=0.0000 accept=1.0000 swapped=True
i=1 pair=(2,5) lam_t=1.00286 lam_s=1.00714 tsr_diff=0.000046 integral_mean=0.000001 integral_std=0.000046 log_ratio=0.0000 accept=1.0000 swapped=True
i=1 pair=(4,7) lam_t=1.01143 lam_s=1.01571 tsr_diff=0.000046 integral_mean=0.000001 integral_std=0.000047 log_ratio=0.0000 accept=1.0000 swapped=True
i=2 pair=(1,3) lam_t=0.99000 lam_s=0.99429 tsr_diff=0.000181 integral_mean=0.000001 integral_std=0.000183 log_ratio=0.0000 accept=1.0000 swapped=True
i=2 pair=(0,5) lam_t=0.99857 lam_s=1.00286 tsr_diff=0.000181 integral_mean=-0.000003 integral_std=0.000175 log_ratio=-0.0067 accept=0.9933 swapped=True
i=2 pair=(2,7) lam_t=1.00714 lam_s=1.01143 tsr_diff=0.000181 integral_mean=-0.000001 integral_std=0.000179 log_ratio=-0.0031 accept=0.9969 swapped=True
i=2 pair=(4,6) lam_t=1.01571 lam_s=1.02000 tsr_diff=0.000181 integral_mean=0.000001 integral_std=0.000193 log_ratio=0.0000 accept=1.0000 swapped=True
i=3 pair=(1,5) lam_t=0.99429 lam_s=0.99857 tsr_diff=0.000400 integral_mean=0.000003 integral_std=0.000402 log_ratio=0.0000 accept=1.0000 swapped=True
i=3 pair=(0,7) lam_t=1.00286 lam_s=1.00714 tsr_diff=0.000400 integral_mean=-0.000010 integral_std=0.000397 log_ratio=-0.0239 accept=0.9764 swapped=True
i=3 pair=(2,6) lam_t=1.01143 lam_s=1.01571 tsr_diff=0.000399 integral_mean=-0.000047 integral_std=0.000505 log_ratio=-0.1119 accept=0.8941 swapped=True
i=4 pair=(3,5) lam_t=0.99000 lam_s=0.99429 tsr_diff=0.000695 integral_mean=-0.000002 integral_std=0.000680 log_ratio=-0.0039 accept=0.9961 swapped=True
i=4 pair=(1,7) lam_t=0.99857 lam_s=1.00286 tsr_diff=0.000693 integral_mean=0.000008 integral_std=0.000713 log_ratio=0.0000 accept=1.0000 swapped=True
i=4 pair=(0,6) lam_t=1.00714 lam_s=1.01143 tsr_diff=0.000691 integral_mean=0.000011 integral_std=0.000731 log_ratio=0.0000 accept=1.0000 swapped=True
i=4 pair=(2,4) lam_t=1.01571 lam_s=1.02000 tsr_diff=0.000689 integral_mean=0.000017 integral_std=0.000744 log_ratio=0.0000 accept=1.0000 swapped=True
i=5 pair=(3,7) lam_t=0.99429 lam_s=0.99857 tsr_diff=0.001051 integral_mean=0.000004 integral_std=0.001007 log_ratio=0.0000 accept=1.0000 swapped=True
i=5 pair=(1,6) lam_t=1.00286 lam_s=1.00714 tsr_diff=0.001046 integral_mean=0.000035 integral_std=0.001060 log_ratio=0.0000 accept=1.0000 swapped=True
i=5 pair=(0,4) lam_t=1.01143 lam_s=1.01571 tsr_diff=0.001042 integral_mean=0.000000 integral_std=0.001127 log_ratio=0.0000 accept=1.0000 swapped=True
i=6 pair=(5,7) lam_t=0.99000 lam_s=0.99429 tsr_diff=0.001459 integral_mean=0.000061 integral_std=0.001542 log_ratio=0.0000 accept=1.0000 swapped=True
i=6 pair=(3,6) lam_t=0.99857 lam_s=1.00286 tsr_diff=0.001450 integral_mean=-0.000023 integral_std=0.001503 log_ratio=-0.0543 accept=0.9472 swapped=True
i=6 pair=(1,4) lam_t=1.00714 lam_s=1.01143 tsr_diff=0.001442 integral_mean=0.000064 integral_std=0.001516 log_ratio=0.0000 accept=1.0000 swapped=True
i=6 pair=(0,2) lam_t=1.01571 lam_s=1.02000 tsr_diff=0.001433 integral_mean=-0.000047 integral_std=0.001401 log_ratio=-0.1129 accept=0.8933 swapped=False
i=7 pair=(5,6) lam_t=0.99429 lam_s=0.99857 tsr_diff=0.001888 integral_mean=-0.000060 integral_std=0.002037 log_ratio=-0.1449 accept=0.8652 swapped=True
i=7 pair=(3,4) lam_t=1.00286 lam_s=1.00714 tsr_diff=0.001874 integral_mean=-0.000067 integral_std=0.001795 log_ratio=-0.1598 accept=0.8523 swapped=True
i=7 pair=(1,0) lam_t=1.01143 lam_s=1.01571 tsr_diff=0.001860 integral_mean=0.000070 integral_std=0.001805 log_ratio=0.0000 accept=1.0000 swapped=True
i=8 pair=(7,6) lam_t=0.99000 lam_s=0.99429 tsr_diff=0.002345 integral_mean=-0.000069 integral_std=0.002469 log_ratio=-0.1666 accept=0.8465 swapped=True
i=8 pair=(5,4) lam_t=0.99857 lam_s=1.00286 tsr_diff=0.002323 integral_mean=-0.000005 integral_std=0.002377 log_ratio=-0.0122 accept=0.9879 swapped=True
i=8 pair=(3,0) lam_t=1.00714 lam_s=1.01143 tsr_diff=0.002302 integral_mean=0.000015 integral_std=0.002174 log_ratio=0.0000 accept=1.0000 swapped=True
i=8 pair=(1,2) lam_t=1.01571 lam_s=1.02000 tsr_diff=0.002281 integral_mean=-0.000020 integral_std=0.002289 log_ratio=-0.0490 accept=0.9522 swapped=True
i=9 pair=(7,4) lam_t=0.99429 lam_s=0.99857 tsr_diff=0.002773 integral_mean=-0.000082 integral_std=0.002981 log_ratio=-0.1967 accept=0.8214 swapped=True
i=9 pair=(5,0) lam_t=1.00286 lam_s=1.00714 tsr_diff=0.002742 integral_mean=0.000001 integral_std=0.002725 log_ratio=0.0000 accept=1.0000 swapped=True
i=9 pair=(3,2) lam_t=1.01143 lam_s=1.01571 tsr_diff=0.002712 integral_mean=-0.000018 integral_std=0.003104 log_ratio=-0.0421 accept=0.9588 swapped=True
i=10 pair=(6,4) lam_t=0.99000 lam_s=0.99429 tsr_diff=0.003206 integral_mean=-0.000140 integral_std=0.004150 log_ratio=-0.3363 accept=0.7144 swapped=True
i=10 pair=(7,0) lam_t=0.99857 lam_s=1.00286 tsr_diff=0.003165 integral_mean=0.000088 integral_std=0.003865 log_ratio=0.0000 accept=1.0000 swapped=True
i=10 pair=(5,2) lam_t=1.00714 lam_s=1.01143 tsr_diff=0.003125 integral_mean=-0.000160 integral_std=0.003794 log_ratio=-0.3843 accept=0.6810 swapped=True
i=10 pair=(3,1) lam_t=1.01571 lam_s=1.02000 tsr_diff=0.003086 integral_mean=0.000068 integral_std=0.003036 log_ratio=0.0000 accept=1.0000 swapped=True
i=11 pair=(6,0) lam_t=0.99429 lam_s=0.99857 tsr_diff=0.003554 integral_mean=0.000216 integral_std=0.004253 log_ratio=0.0000 accept=1.0000 swapped=True
i=11 pair=(7,2) lam_t=1.00286 lam_s=1.00714 tsr_diff=0.003505 integral_mean=0.000079 integral_std=0.005642 log_ratio=0.0000 accept=1.0000 swapped=True
i=11 pair=(5,1) lam_t=1.01143 lam_s=1.01571 tsr_diff=0.003456 integral_mean=0.000002 integral_std=0.003665 log_ratio=0.0000 accept=1.0000 swapped=True
i=12 pair=(4,0) lam_t=0.99000 lam_s=0.99429 tsr_diff=0.003894 integral_mean=0.000532 integral_std=0.006739 log_ratio=0.0000 accept=1.0000 swapped=True
i=12 pair=(6,2) lam_t=0.99857 lam_s=1.00286 tsr_diff=0.003834 integral_mean=0.000215 integral_std=0.005636 log_ratio=0.0000 accept=1.0000 swapped=True
i=12 pair=(7,1) lam_t=1.00714 lam_s=1.01143 tsr_diff=0.003776 integral_mean=0.000117 integral_std=0.006027 log_ratio=0.0000 accept=1.0000 swapped=True
i=12 pair=(5,3) lam_t=1.01571 lam_s=1.02000 tsr_diff=0.003719 integral_mean=-0.000083 integral_std=0.003091 log_ratio=-0.1995 accept=0.8191 swapped=True
i=13 pair=(4,2) lam_t=0.99429 lam_s=0.99857 tsr_diff=0.004100 integral_mean=-0.000090 integral_std=0.011381 log_ratio=-0.2165 accept=0.8053 swapped=True
i=13 pair=(6,1) lam_t=1.00286 lam_s=1.00714 tsr_diff=0.004034 integral_mean=0.000135 integral_std=0.010691 log_ratio=0.0000 accept=1.0000 swapped=True
i=13 pair=(7,3) lam_t=1.01143 lam_s=1.01571 tsr_diff=0.003969 integral_mean=0.000328 integral_std=0.005517 log_ratio=0.0000 accept=1.0000 swapped=True
Best Sample: 5 log probability 0.000
Saved 1 samples to: logs/pointmaze-giant-navigate-v0/inference/plans/release_H400_T256_LimitsNormalizer_b1_condFalse/2026-07-15 11:35:06/37/0.png
Saved 1 samples to: logs/pointmaze-giant-navigate-v0/inference/plans/release_H400_T256_LimitsNormalizer_b1_condFalse/2026-07-15 11:35:06/37/rollout.png
i=0 pair=(0,1) lam_t=0.99000 lam_s=0.99429 tsr_diff=0.000000 integral_mean=0.000000 integral_std=0.000000 log_ratio=0.0000 accept=1.0000 swapped=True
i=0 pair=(2,3) lam_t=0.99857 lam_s=1.00286 tsr_diff=0.000000 integral_mean=0.000000 integral_std=0.000000 log_ratio=0.0000 accept=1.0000 swapped=True
i=0 pair=(4,5) lam_t=1.00714 lam_s=1.01143 tsr_diff=0.000000 integral_mean=0.000000 integral_std=0.000000 log_ratio=0.0000 accept=1.0000 swapped=True
i=0 pair=(6,7) lam_t=1.01571 lam_s=1.02000 tsr_diff=0.000000 integral_mean=0.000000 integral_std=0.000000 log_ratio=0.0000 accept=1.0000 swapped=True
i=1 pair=(0,3) lam_t=0.99429 lam_s=0.99857 tsr_diff=0.000046 integral_mean=-0.000001 integral_std=0.000048 log_ratio=-0.0013 accept=0.9987 swapped=True
i=1 pair=(2,5) lam_t=1.00286 lam_s=1.00714 tsr_diff=0.000046 integral_mean=0.000002 integral_std=0.000046 log_ratio=0.0000 accept=1.0000 swapped=True
i=1 pair=(4,7) lam_t=1.01143 lam_s=1.01571 tsr_diff=0.000046 integral_mean=0.000000 integral_std=0.000047 log_ratio=0.0000 accept=1.0000 swapped=True
i=2 pair=(1,3) lam_t=0.99000 lam_s=0.99429 tsr_diff=0.000181 integral_mean=-0.000001 integral_std=0.000184 log_ratio=-0.0017 accept=0.9983 swapped=True
i=2 pair=(0,5) lam_t=0.99857 lam_s=1.00286 tsr_diff=0.000181 integral_mean=-0.000003 integral_std=0.000184 log_ratio=-0.0067 accept=0.9934 swapped=True
i=2 pair=(2,7) lam_t=1.00714 lam_s=1.01143 tsr_diff=0.000181 integral_mean=0.000002 integral_std=0.000178 log_ratio=0.0000 accept=1.0000 swapped=True
i=2 pair=(4,6) lam_t=1.01571 lam_s=1.02000 tsr_diff=0.000181 integral_mean=0.000005 integral_std=0.000176 log_ratio=0.0000 accept=1.0000 swapped=True
i=3 pair=(1,5) lam_t=0.99429 lam_s=0.99857 tsr_diff=0.000400 integral_mean=0.000008 integral_std=0.000393 log_ratio=0.0000 accept=1.0000 swapped=True
i=3 pair=(0,7) lam_t=1.00286 lam_s=1.00714 tsr_diff=0.000400 integral_mean=0.000003 integral_std=0.000407 log_ratio=0.0000 accept=1.0000 swapped=True
i=3 pair=(2,6) lam_t=1.01143 lam_s=1.01571 tsr_diff=0.000399 integral_mean=-0.000033 integral_std=0.000472 log_ratio=-0.0786 accept=0.9244 swapped=True
i=4 pair=(3,5) lam_t=0.99000 lam_s=0.99429 tsr_diff=0.000695 integral_mean=0.000043 integral_std=0.000696 log_ratio=0.0000 accept=1.0000 swapped=True
i=4 pair=(1,7) lam_t=0.99857 lam_s=1.00286 tsr_diff=0.000693 integral_mean=0.000006 integral_std=0.000695 log_ratio=0.0000 accept=1.0000 swapped=True
i=4 pair=(0,6) lam_t=1.00714 lam_s=1.01143 tsr_diff=0.000691 integral_mean=-0.000019 integral_std=0.000771 log_ratio=-0.0462 accept=0.9548 swapped=True
i=4 pair=(2,4) lam_t=1.01571 lam_s=1.02000 tsr_diff=0.000689 integral_mean=0.000007 integral_std=0.000691 log_ratio=0.0000 accept=1.0000 swapped=True
i=5 pair=(3,7) lam_t=0.99429 lam_s=0.99857 tsr_diff=0.001051 integral_mean=0.000062 integral_std=0.001177 log_ratio=0.0000 accept=1.0000 swapped=True
i=5 pair=(1,6) lam_t=1.00286 lam_s=1.00714 tsr_diff=0.001046 integral_mean=0.000084 integral_std=0.001180 log_ratio=0.0000 accept=1.0000 swapped=True
i=5 pair=(0,4) lam_t=1.01143 lam_s=1.01571 tsr_diff=0.001042 integral_mean=-0.000027 integral_std=0.001049 log_ratio=-0.0653 accept=0.9367 swapped=True
i=6 pair=(5,7) lam_t=0.99000 lam_s=0.99429 tsr_diff=0.001459 integral_mean=-0.000006 integral_std=0.001463 log_ratio=-0.0139 accept=0.9862 swapped=True
i=6 pair=(3,6) lam_t=0.99857 lam_s=1.00286 tsr_diff=0.001450 integral_mean=0.000091 integral_std=0.001829 log_ratio=0.0000 accept=1.0000 swapped=True
i=6 pair=(1,4) lam_t=1.00714 lam_s=1.01143 tsr_diff=0.001442 integral_mean=-0.000043 integral_std=0.001327 log_ratio=-0.1034 accept=0.9018 swapped=True
i=6 pair=(0,2) lam_t=1.01571 lam_s=1.02000 tsr_diff=0.001433 integral_mean=-0.000038 integral_std=0.001443 log_ratio=-0.0902 accept=0.9138 swapped=True
i=7 pair=(5,6) lam_t=0.99429 lam_s=0.99857 tsr_diff=0.001888 integral_mean=-0.000025 integral_std=0.001883 log_ratio=-0.0609 accept=0.9409 swapped=True
i=7 pair=(3,4) lam_t=1.00286 lam_s=1.00714 tsr_diff=0.001874 integral_mean=0.000129 integral_std=0.002004 log_ratio=0.0000 accept=1.0000 swapped=True
i=7 pair=(1,2) lam_t=1.01143 lam_s=1.01571 tsr_diff=0.001860 integral_mean=-0.000043 integral_std=0.001901 log_ratio=-0.1036 accept=0.9016 swapped=False
i=8 pair=(7,6) lam_t=0.99000 lam_s=0.99429 tsr_diff=0.002345 integral_mean=0.000042 integral_std=0.002422 log_ratio=0.0000 accept=1.0000 swapped=True
i=8 pair=(5,4) lam_t=0.99857 lam_s=1.00286 tsr_diff=0.002323 integral_mean=0.000070 integral_std=0.002136 log_ratio=0.0000 accept=1.0000 swapped=True
i=8 pair=(3,1) lam_t=1.00714 lam_s=1.01143 tsr_diff=0.002302 integral_mean=0.000231 integral_std=0.002459 log_ratio=0.0000 accept=1.0000 swapped=True
i=8 pair=(2,0) lam_t=1.01571 lam_s=1.02000 tsr_diff=0.002281 integral_mean=0.000010 integral_std=0.002327 log_ratio=0.0000 accept=1.0000 swapped=True
i=9 pair=(7,4) lam_t=0.99429 lam_s=0.99857 tsr_diff=0.002773 integral_mean=-0.000084 integral_std=0.002926 log_ratio=-0.2024 accept=0.8168 swapped=True
i=9 pair=(5,1) lam_t=1.00286 lam_s=1.00714 tsr_diff=0.002742 integral_mean=-0.000083 integral_std=0.002378 log_ratio=-0.1991 accept=0.8195 swapped=True
i=9 pair=(3,0) lam_t=1.01143 lam_s=1.01571 tsr_diff=0.002712 integral_mean=0.000236 integral_std=0.002755 log_ratio=0.0000 accept=1.0000 swapped=True
i=10 pair=(6,4) lam_t=0.99000 lam_s=0.99429 tsr_diff=0.003206 integral_mean=-0.000300 integral_std=0.003620 log_ratio=-0.7210 accept=0.4863 swapped=False
i=10 pair=(7,1) lam_t=0.99857 lam_s=1.00286 tsr_diff=0.003165 integral_mean=-0.000012 integral_std=0.003392 log_ratio=-0.0284 accept=0.9720 swapped=True
i=10 pair=(5,0) lam_t=1.00714 lam_s=1.01143 tsr_diff=0.003125 integral_mean=0.000046 integral_std=0.002559 log_ratio=0.0000 accept=1.0000 swapped=True
i=10 pair=(3,2) lam_t=1.01571 lam_s=1.02000 tsr_diff=0.003086 integral_mean=-0.000022 integral_std=0.003252 log_ratio=-0.0539 accept=0.9475 swapped=True
i=11 pair=(4,1) lam_t=0.99429 lam_s=0.99857 tsr_diff=0.003554 integral_mean=0.000486 integral_std=0.005490 log_ratio=0.0000 accept=1.0000 swapped=True
i=11 pair=(7,0) lam_t=1.00286 lam_s=1.00714 tsr_diff=0.003505 integral_mean=-0.000043 integral_std=0.004094 log_ratio=-0.1028 accept=0.9023 swapped=True
i=11 pair=(5,2) lam_t=1.01143 lam_s=1.01571 tsr_diff=0.003456 integral_mean=-0.000252 integral_std=0.004016 log_ratio=-0.6057 accept=0.5457 swapped=True
i=12 pair=(6,1) lam_t=0.99000 lam_s=0.99429 tsr_diff=0.003894 integral_mean=0.002171 integral_std=0.012522 log_ratio=0.0000 accept=1.0000 swapped=True
i=12 pair=(4,0) lam_t=0.99857 lam_s=1.00286 tsr_diff=0.003834 integral_mean=0.000302 integral_std=0.005355 log_ratio=0.0000 accept=1.0000 swapped=True
i=12 pair=(7,2) lam_t=1.00714 lam_s=1.01143 tsr_diff=0.003776 integral_mean=0.000089 integral_std=0.006208 log_ratio=0.0000 accept=1.0000 swapped=True
i=12 pair=(5,3) lam_t=1.01571 lam_s=1.02000 tsr_diff=0.003719 integral_mean=-0.000157 integral_std=0.004253 log_ratio=-0.3768 accept=0.6861 swapped=False
i=13 pair=(6,0) lam_t=0.99429 lam_s=0.99857 tsr_diff=0.004100 integral_mean=0.001310 integral_std=0.012734 log_ratio=0.0000 accept=1.0000 swapped=True
i=13 pair=(4,2) lam_t=1.00286 lam_s=1.00714 tsr_diff=0.004034 integral_mean=0.000215 integral_std=0.010393 log_ratio=0.0000 accept=1.0000 swapped=True
i=13 pair=(7,5) lam_t=1.01143 lam_s=1.01571 tsr_diff=0.003969 integral_mean=-0.000083 integral_std=0.006862 log_ratio=-0.2002 accept=0.8186 swapped=True
Best Sample: 1 log probability -0.159
Saved 1 samples to: logs/pointmaze-giant-navigate-v0/inference/plans/release_H400_T256_LimitsNormalizer_b1_condFalse/2026-07-15 11:35:06/38/0.png
Saved 1 samples to: logs/pointmaze-giant-navigate-v0/inference/plans/release_H400_T256_LimitsNormalizer_b1_condFalse/2026-07-15 11:35:06/38/rollout.png
i=0 pair=(0,1) lam_t=0.99000 lam_s=0.99429 tsr_diff=0.000000 integral_mean=0.000000 integral_std=0.000000 log_ratio=0.0000 accept=1.0000 swapped=True
i=0 pair=(2,3) lam_t=0.99857 lam_s=1.00286 tsr_diff=0.000000 integral_mean=0.000000 integral_std=0.000000 log_ratio=0.0000 accept=1.0000 swapped=True
i=0 pair=(4,5) lam_t=1.00714 lam_s=1.01143 tsr_diff=0.000000 integral_mean=0.000000 integral_std=0.000000 log_ratio=0.0000 accept=1.0000 swapped=True
i=0 pair=(6,7) lam_t=1.01571 lam_s=1.02000 tsr_diff=0.000000 integral_mean=0.000000 integral_std=0.000000 log_ratio=0.0000 accept=1.0000 swapped=True
i=1 pair=(0,3) lam_t=0.99429 lam_s=0.99857 tsr_diff=0.000046 integral_mean=-0.000001 integral_std=0.000048 log_ratio=-0.0015 accept=0.9985 swapped=True
i=1 pair=(2,5) lam_t=1.00286 lam_s=1.00714 tsr_diff=0.000046 integral_mean=0.000000 integral_std=0.000045 log_ratio=0.0000 accept=1.0000 swapped=True
i=1 pair=(4,7) lam_t=1.01143 lam_s=1.01571 tsr_diff=0.000046 integral_mean=0.000001 integral_std=0.000048 log_ratio=0.0000 accept=1.0000 swapped=True
i=2 pair=(1,3) lam_t=0.99000 lam_s=0.99429 tsr_diff=0.000181 integral_mean=-0.000006 integral_std=0.000195 log_ratio=-0.0133 accept=0.9868 swapped=True
i=2 pair=(0,5) lam_t=0.99857 lam_s=1.00286 tsr_diff=0.000181 integral_mean=-0.000003 integral_std=0.000170 log_ratio=-0.0079 accept=0.9921 swapped=True
i=2 pair=(2,7) lam_t=1.00714 lam_s=1.01143 tsr_diff=0.000181 integral_mean=0.000001 integral_std=0.000181 log_ratio=0.0000 accept=1.0000 swapped=True
i=2 pair=(4,6) lam_t=1.01571 lam_s=1.02000 tsr_diff=0.000181 integral_mean=-0.000002 integral_std=0.000186 log_ratio=-0.0042 accept=0.9958 swapped=True
i=3 pair=(1,5) lam_t=0.99429 lam_s=0.99857 tsr_diff=0.000400 integral_mean=0.000006 integral_std=0.000410 log_ratio=0.0000 accept=1.0000 swapped=True
i=3 pair=(0,7) lam_t=1.00286 lam_s=1.00714 tsr_diff=0.000400 integral_mean=-0.000003 integral_std=0.000478 log_ratio=-0.0062 accept=0.9938 swapped=True
i=3 pair=(2,6) lam_t=1.01143 lam_s=1.01571 tsr_diff=0.000399 integral_mean=-0.000003 integral_std=0.000408 log_ratio=-0.0072 accept=0.9929 swapped=True
i=4 pair=(3,5) lam_t=0.99000 lam_s=0.99429 tsr_diff=0.000695 integral_mean=-0.000005 integral_std=0.000710 log_ratio=-0.0125 accept=0.9875 swapped=True
i=4 pair=(1,7) lam_t=0.99857 lam_s=1.00286 tsr_diff=0.000693 integral_mean=-0.000014 integral_std=0.000704 log_ratio=-0.0346 accept=0.9660 swapped=True
i=4 pair=(0,6) lam_t=1.00714 lam_s=1.01143 tsr_diff=0.000691 integral_mean=-0.001390 integral_std=0.003652 log_ratio=-3.3354 accept=0.0356 swapped=False
i=4 pair=(2,4) lam_t=1.01571 lam_s=1.02000 tsr_diff=0.000689 integral_mean=0.000010 integral_std=0.000683 log_ratio=0.0000 accept=1.0000 swapped=True
i=5 pair=(3,7) lam_t=0.99429 lam_s=0.99857 tsr_diff=0.001051 integral_mean=-0.000067 integral_std=0.001124 log_ratio=-0.1607 accept=0.8515 swapped=True
i=5 pair=(1,0) lam_t=1.00286 lam_s=1.00714 tsr_diff=0.001046 integral_mean=-0.000074 integral_std=0.001061 log_ratio=-0.1784 accept=0.8366 swapped=True
i=5 pair=(6,4) lam_t=1.01143 lam_s=1.01571 tsr_diff=0.001042 integral_mean=0.000611 integral_std=0.001983 log_ratio=0.0000 accept=1.0000 swapped=True
i=6 pair=(5,7) lam_t=0.99000 lam_s=0.99429 tsr_diff=0.001459 integral_mean=-0.000039 integral_std=0.001499 log_ratio=-0.0934 accept=0.9108 swapped=True
i=6 pair=(3,0) lam_t=0.99857 lam_s=1.00286 tsr_diff=0.001450 integral_mean=-0.000058 integral_std=0.001533 log_ratio=-0.1391 accept=0.8701 swapped=True
i=6 pair=(1,4) lam_t=1.00714 lam_s=1.01143 tsr_diff=0.001442 integral_mean=0.000075 integral_std=0.001409 log_ratio=0.0000 accept=1.0000 swapped=True
i=6 pair=(6,2) lam_t=1.01571 lam_s=1.02000 tsr_diff=0.001433 integral_mean=0.000319 integral_std=0.001844 log_ratio=0.0000 accept=1.0000 swapped=True
i=7 pair=(5,0) lam_t=0.99429 lam_s=0.99857 tsr_diff=0.001888 integral_mean=-0.000059 integral_std=0.002057 log_ratio=-0.1417 accept=0.8679 swapped=True
i=7 pair=(3,4) lam_t=1.00286 lam_s=1.00714 tsr_diff=0.001874 integral_mean=0.000026 integral_std=0.001805 log_ratio=0.0000 accept=1.0000 swapped=True
i=7 pair=(1,2) lam_t=1.01143 lam_s=1.01571 tsr_diff=0.001860 integral_mean=-0.000020 integral_std=0.002150 log_ratio=-0.0473 accept=0.9538 swapped=True
i=8 pair=(7,0) lam_t=0.99000 lam_s=0.99429 tsr_diff=0.002345 integral_mean=-0.000064 integral_std=0.002353 log_ratio=-0.1539 accept=0.8574 swapped=True
i=8 pair=(5,4) lam_t=0.99857 lam_s=1.00286 tsr_diff=0.002323 integral_mean=-0.000012 integral_std=0.002245 log_ratio=-0.0296 accept=0.9709 swapped=True
i=8 pair=(3,2) lam_t=1.00714 lam_s=1.01143 tsr_diff=0.002302 integral_mean=-0.000023 integral_std=0.002549 log_ratio=-0.0544 accept=0.9471 swapped=True
i=8 pair=(1,6) lam_t=1.01571 lam_s=1.02000 tsr_diff=0.002281 integral_mean=-0.000113 integral_std=0.002666 log_ratio=-0.2718 accept=0.7620 swapped=True
i=9 pair=(7,4) lam_t=0.99429 lam_s=0.99857 tsr_diff=0.002773 integral_mean=-0.000020 integral_std=0.003276 log_ratio=-0.0474 accept=0.9537 swapped=True
i=9 pair=(5,2) lam_t=1.00286 lam_s=1.00714 tsr_diff=0.002742 integral_mean=0.000046 integral_std=0.002915 log_ratio=0.0000 accept=1.0000 swapped=True
i=9 pair=(3,6) lam_t=1.01143 lam_s=1.01571 tsr_diff=0.002712 integral_mean=-0.000136 integral_std=0.002739 log_ratio=-0.3271 accept=0.7210 swapped=True
i=10 pair=(0,4) lam_t=0.99000 lam_s=0.99429 tsr_diff=0.003206 integral_mean=0.000207 integral_std=0.004089 log_ratio=0.0000 accept=1.0000 swapped=True
i=10 pair=(7,2) lam_t=0.99857 lam_s=1.00286 tsr_diff=0.003165 integral_mean=0.000085 integral_std=0.003045 log_ratio=0.0000 accept=1.0000 swapped=True
i=10 pair=(5,6) lam_t=1.00714 lam_s=1.01143 tsr_diff=0.003125 integral_mean=-0.000099 integral_std=0.002988 log_ratio=-0.2366 accept=0.7893 swapped=True
i=10 pair=(3,1) lam_t=1.01571 lam_s=1.02000 tsr_diff=0.003086 integral_mean=-0.000068 integral_std=0.003629 log_ratio=-0.1643 accept=0.8485 swapped=False
i=11 pair=(0,2) lam_t=0.99429 lam_s=0.99857 tsr_diff=0.003554 integral_mean=0.000052 integral_std=0.004818 log_ratio=0.0000 accept=1.0000 swapped=True
i=11 pair=(7,6) lam_t=1.00286 lam_s=1.00714 tsr_diff=0.003505 integral_mean=0.000128 integral_std=0.004930 log_ratio=0.0000 accept=1.0000 swapped=True
i=11 pair=(5,3) lam_t=1.01143 lam_s=1.01571 tsr_diff=0.003456 integral_mean=-0.000058 integral_std=0.003322 log_ratio=-0.1404 accept=0.8690 swapped=True
i=12 pair=(4,2) lam_t=0.99000 lam_s=0.99429 tsr_diff=0.003894 integral_mean=0.000203 integral_std=0.005814 log_ratio=0.0000 accept=1.0000 swapped=True
i=12 pair=(0,6) lam_t=0.99857 lam_s=1.00286 tsr_diff=0.003834 integral_mean=0.000579 integral_std=0.006963 log_ratio=0.0000 accept=1.0000 swapped=True
i=12 pair=(7,3) lam_t=1.00714 lam_s=1.01143 tsr_diff=0.003776 integral_mean=0.000225 integral_std=0.007111 log_ratio=0.0000 accept=1.0000 swapped=True
i=12 pair=(5,1) lam_t=1.01571 lam_s=1.02000 tsr_diff=0.003719 integral_mean=-0.000233 integral_std=0.005862 log_ratio=-0.5589 accept=0.5718 swapped=True
i=13 pair=(4,6) lam_t=0.99429 lam_s=0.99857 tsr_diff=0.004100 integral_mean=0.000533 integral_std=0.007574 log_ratio=0.0000 accept=1.0000 swapped=True
i=13 pair=(0,3) lam_t=1.00286 lam_s=1.00714 tsr_diff=0.004034 integral_mean=0.000577 integral_std=0.009312 log_ratio=0.0000 accept=1.0000 swapped=True
i=13 pair=(7,1) lam_t=1.01143 lam_s=1.01571 tsr_diff=0.003969 integral_mean=-0.000814 integral_std=0.011492 log_ratio=-1.9545 accept=0.1416 swapped=False
Best Sample: 6 log probability -0.178
Saved 1 samples to: logs/pointmaze-giant-navigate-v0/inference/plans/release_H400_T256_LimitsNormalizer_b1_condFalse/2026-07-15 11:35:06/39/0.png
Saved 1 samples to: logs/pointmaze-giant-navigate-v0/inference/plans/release_H400_T256_LimitsNormalizer_b1_condFalse/2026-07-15 11:35:06/39/rollout.png
i=0 pair=(0,1) lam_t=0.99000 lam_s=0.99429 tsr_diff=0.000000 integral_mean=0.000000 integral_std=0.000000 log_ratio=0.0000 accept=1.0000 swapped=True
i=0 pair=(2,3) lam_t=0.99857 lam_s=1.00286 tsr_diff=0.000000 integral_mean=0.000000 integral_std=0.000000 log_ratio=0.0000 accept=1.0000 swapped=True
i=0 pair=(4,5) lam_t=1.00714 lam_s=1.01143 tsr_diff=0.000000 integral_mean=0.000000 integral_std=0.000000 log_ratio=0.0000 accept=1.0000 swapped=True
i=0 pair=(6,7) lam_t=1.01571 lam_s=1.02000 tsr_diff=0.000000 integral_mean=0.000000 integral_std=0.000000 log_ratio=0.0000 accept=1.0000 swapped=True
i=1 pair=(0,3) lam_t=0.99429 lam_s=0.99857 tsr_diff=0.000046 integral_mean=0.000000 integral_std=0.000047 log_ratio=0.0000 accept=1.0000 swapped=True
i=1 pair=(2,5) lam_t=1.00286 lam_s=1.00714 tsr_diff=0.000046 integral_mean=0.000001 integral_std=0.000063 log_ratio=0.0000 accept=1.0000 swapped=True
i=1 pair=(4,7) lam_t=1.01143 lam_s=1.01571 tsr_diff=0.000046 integral_mean=-0.000002 integral_std=0.000046 log_ratio=-0.0045 accept=0.9955 swapped=True
i=2 pair=(1,3) lam_t=0.99000 lam_s=0.99429 tsr_diff=0.000181 integral_mean=0.000002 integral_std=0.000179 log_ratio=0.0000 accept=1.0000 swapped=True
i=2 pair=(0,5) lam_t=0.99857 lam_s=1.00286 tsr_diff=0.000181 integral_mean=-0.000004 integral_std=0.000180 log_ratio=-0.0086 accept=0.9914 swapped=True
i=2 pair=(2,7) lam_t=1.00714 lam_s=1.01143 tsr_diff=0.000181 integral_mean=0.000029 integral_std=0.000237 log_ratio=0.0000 accept=1.0000 swapped=True
i=2 pair=(4,6) lam_t=1.01571 lam_s=1.02000 tsr_diff=0.000181 integral_mean=-0.000005 integral_std=0.000217 log_ratio=-0.0129 accept=0.9872 swapped=True
i=3 pair=(1,5) lam_t=0.99429 lam_s=0.99857 tsr_diff=0.000400 integral_mean=0.000002 integral_std=0.000409 log_ratio=0.0000 accept=1.0000 swapped=True
i=3 pair=(0,7) lam_t=1.00286 lam_s=1.00714 tsr_diff=0.000400 integral_mean=-0.000000 integral_std=0.000411 log_ratio=-0.0004 accept=0.9996 swapped=True
i=3 pair=(2,6) lam_t=1.01143 lam_s=1.01571 tsr_diff=0.000399 integral_mean=0.000014 integral_std=0.000409 log_ratio=0.0000 accept=1.0000 swapped=True
i=4 pair=(3,5) lam_t=0.99000 lam_s=0.99429 tsr_diff=0.000695 integral_mean=0.000015 integral_std=0.000729 log_ratio=0.0000 accept=1.0000 swapped=True
i=4 pair=(1,7) lam_t=0.99857 lam_s=1.00286 tsr_diff=0.000693 integral_mean=0.000011 integral_std=0.000669 log_ratio=0.0000 accept=1.0000 swapped=True
i=4 pair=(0,6) lam_t=1.00714 lam_s=1.01143 tsr_diff=0.000691 integral_mean=-0.000017 integral_std=0.000695 log_ratio=-0.0412 accept=0.9597 swapped=True
i=4 pair=(2,4) lam_t=1.01571 lam_s=1.02000 tsr_diff=0.000689 integral_mean=-0.000005 integral_std=0.000740 log_ratio=-0.0112 accept=0.9888 swapped=True
i=5 pair=(3,7) lam_t=0.99429 lam_s=0.99857 tsr_diff=0.001051 integral_mean=-0.000100 integral_std=0.001161 log_ratio=-0.2402 accept=0.7865 swapped=True
i=5 pair=(1,6) lam_t=1.00286 lam_s=1.00714 tsr_diff=0.001046 integral_mean=0.000009 integral_std=0.001021 log_ratio=0.0000 accept=1.0000 swapped=True
i=5 pair=(0,4) lam_t=1.01143 lam_s=1.01571 tsr_diff=0.001042 integral_mean=-0.000030 integral_std=0.001062 log_ratio=-0.0728 accept=0.9298 swapped=True
i=6 pair=(5,7) lam_t=0.99000 lam_s=0.99429 tsr_diff=0.001459 integral_mean=-0.000050 integral_std=0.001502 log_ratio=-0.1202 accept=0.8867 swapped=True
i=6 pair=(3,6) lam_t=0.99857 lam_s=1.00286 tsr_diff=0.001450 integral_mean=0.000031 integral_std=0.001531 log_ratio=0.0000 accept=1.0000 swapped=True
i=6 pair=(1,4) lam_t=1.00714 lam_s=1.01143 tsr_diff=0.001442 integral_mean=0.000029 integral_std=0.001448 log_ratio=0.0000 accept=1.0000 swapped=True
i=6 pair=(0,2) lam_t=1.01571 lam_s=1.02000 tsr_diff=0.001433 integral_mean=-0.000019 integral_std=0.001467 log_ratio=-0.0447 accept=0.9563 swapped=True
i=7 pair=(5,6) lam_t=0.99429 lam_s=0.99857 tsr_diff=0.001888 integral_mean=-0.000043 integral_std=0.001947 log_ratio=-0.1040 accept=0.9013 swapped=True
i=7 pair=(3,4) lam_t=1.00286 lam_s=1.00714 tsr_diff=0.001874 integral_mean=0.000002 integral_std=0.001956 log_ratio=0.0000 accept=1.0000 swapped=True
i=7 pair=(1,2) lam_t=1.01143 lam_s=1.01571 tsr_diff=0.001860 integral_mean=-0.000047 integral_std=0.001950 log_ratio=-0.1134 accept=0.8928 swapped=False
i=8 pair=(7,6) lam_t=0.99000 lam_s=0.99429 tsr_diff=0.002345 integral_mean=0.000014 integral_std=0.002574 log_ratio=0.0000 accept=1.0000 swapped=True
i=8 pair=(5,4) lam_t=0.99857 lam_s=1.00286 tsr_diff=0.002323 integral_mean=-0.000111 integral_std=0.002160 log_ratio=-0.2675 accept=0.7653 swapped=True
i=8 pair=(3,1) lam_t=1.00714 lam_s=1.01143 tsr_diff=0.002302 integral_mean=0.000027 integral_std=0.002464 log_ratio=0.0000 accept=1.0000 swapped=True
i=8 pair=(2,0) lam_t=1.01571 lam_s=1.02000 tsr_diff=0.002281 integral_mean=0.000186 integral_std=0.002749 log_ratio=0.0000 accept=1.0000 swapped=True
i=9 pair=(7,4) lam_t=0.99429 lam_s=0.99857 tsr_diff=0.002773 integral_mean=0.000022 integral_std=0.002745 log_ratio=0.0000 accept=1.0000 swapped=True
i=9 pair=(5,1) lam_t=1.00286 lam_s=1.00714 tsr_diff=0.002742 integral_mean=-0.000015 integral_std=0.002824 log_ratio=-0.0358 accept=0.9648 swapped=True
i=9 pair=(3,0) lam_t=1.01143 lam_s=1.01571 tsr_diff=0.002712 integral_mean=0.000040 integral_std=0.003099 log_ratio=0.0000 accept=1.0000 swapped=True
i=10 pair=(6,4) lam_t=0.99000 lam_s=0.99429 tsr_diff=0.003206 integral_mean=0.000070 integral_std=0.003557 log_ratio=0.0000 accept=1.0000 swapped=True
i=10 pair=(7,1) lam_t=0.99857 lam_s=1.00286 tsr_diff=0.003165 integral_mean=0.000062 integral_std=0.003394 log_ratio=0.0000 accept=1.0000 swapped=True
i=10 pair=(5,0) lam_t=1.00714 lam_s=1.01143 tsr_diff=0.003125 integral_mean=-0.000074 integral_std=0.003278 log_ratio=-0.1780 accept=0.8369 swapped=False
i=10 pair=(3,2) lam_t=1.01571 lam_s=1.02000 tsr_diff=0.003086 integral_mean=-0.000102 integral_std=0.003919 log_ratio=-0.2443 accept=0.7833 swapped=True
i=11 pair=(6,1) lam_t=0.99429 lam_s=0.99857 tsr_diff=0.003554 integral_mean=0.000182 integral_std=0.005207 log_ratio=0.0000 accept=1.0000 swapped=True
i=11 pair=(7,5) lam_t=1.00286 lam_s=1.00714 tsr_diff=0.003505 integral_mean=0.000331 integral_std=0.004235 log_ratio=0.0000 accept=1.0000 swapped=True
i=11 pair=(0,2) lam_t=1.01143 lam_s=1.01571 tsr_diff=0.003456 integral_mean=-0.000363 integral_std=0.005731 log_ratio=-0.8704 accept=0.4188 swapped=False
i=12 pair=(4,1) lam_t=0.99000 lam_s=0.99429 tsr_diff=0.003894 integral_mean=0.000343 integral_std=0.005677 log_ratio=0.0000 accept=1.0000 swapped=True
i=12 pair=(6,5) lam_t=0.99857 lam_s=1.00286 tsr_diff=0.003834 integral_mean=0.000315 integral_std=0.005484 log_ratio=0.0000 accept=1.0000 swapped=True
i=12 pair=(7,0) lam_t=1.00714 lam_s=1.01143 tsr_diff=0.003776 integral_mean=0.000210 integral_std=0.005140 log_ratio=0.0000 accept=1.0000 swapped=True
i=12 pair=(2,3) lam_t=1.01571 lam_s=1.02000 tsr_diff=0.003719 integral_mean=0.000414 integral_std=0.008092 log_ratio=0.0000 accept=1.0000 swapped=True
i=13 pair=(4,5) lam_t=0.99429 lam_s=0.99857 tsr_diff=0.004100 integral_mean=0.000208 integral_std=0.003499 log_ratio=0.0000 accept=1.0000 swapped=True
i=13 pair=(6,0) lam_t=1.00286 lam_s=1.00714 tsr_diff=0.004034 integral_mean=0.000206 integral_std=0.009301 log_ratio=0.0000 accept=1.0000 swapped=True
i=13 pair=(7,3) lam_t=1.01143 lam_s=1.01571 tsr_diff=0.003969 integral_mean=0.000323 integral_std=0.010201 log_ratio=0.0000 accept=1.0000 swapped=True
Best Sample: 4 log probability -0.664
Saved 1 samples to: logs/pointmaze-giant-navigate-v0/inference/plans/release_H400_T256_LimitsNormalizer_b1_condFalse/2026-07-15 11:35:06/40/0.png
Saved 1 samples to: logs/pointmaze-giant-navigate-v0/inference/plans/release_H400_T256_LimitsNormalizer_b1_condFalse/2026-07-15 11:35:06/40/rollout.png
Success Rate: 75.0, Average Compute: 256.0
Exception ignored in: <function OffScreenViewer.__del__ at 0x151c6c2932e0>
Traceback (most recent call last):
  File "/n/home00/zoewu/.conda/envs/maze/lib/python3.10/site-packages/gymnasium/envs/mujoco/mujoco_rendering.py", line 204, in __del__
    self.free()
  File "/n/home00/zoewu/.conda/envs/maze/lib/python3.10/site-packages/gymnasium/envs/mujoco/mujoco_rendering.py", line 201, in free
    self.opengl_context.free()
  File "/n/home00/zoewu/.conda/envs/maze/lib/python3.10/site-packages/mujoco/egl/__init__.py", line 133, in free
    EGL.eglDestroyContext(EGL_DISPLAY, self._context)
  File "/n/home00/zoewu/.conda/envs/maze/lib/python3.10/site-packages/OpenGL/error.py", line 230, in glCheckError
    raise self._errorClass(
OpenGL.raw.EGL._errors.EGLError: EGLError(
	err = EGL_NOT_INITIALIZED,
	baseOperation = eglDestroyContext,
	cArguments = (
		<OpenGL._opaque.EGLDisplay_pointer object at 0x151d4a504e40>,
		<OpenGL._opaque.EGLContext_pointer object at 0x151c776ebec0>,
	),
	result = 0
)
Exception ignored in: <function GLContext.__del__ at 0x151c75f74e50>
Traceback (most recent call last):
  File "/n/home00/zoewu/.conda/envs/maze/lib/python3.10/site-packages/mujoco/egl/__init__.py", line 138, in __del__
    self.free()
  File "/n/home00/zoewu/.conda/envs/maze/lib/python3.10/site-packages/mujoco/egl/__init__.py", line 133, in free
    EGL.eglDestroyContext(EGL_DISPLAY, self._context)
  File "/n/home00/zoewu/.conda/envs/maze/lib/python3.10/site-packages/OpenGL/error.py", line 230, in glCheckError
    raise self._errorClass(
OpenGL.raw.EGL._errors.EGLError: EGLError(
	err = EGL_NOT_INITIALIZED,
	baseOperation = eglDestroyContext,
	cArguments = (
		<OpenGL._opaque.EGLDisplay_pointer object at 0x151d4a504e40>,
		<OpenGL._opaque.EGLContext_pointer object at 0x151c776ebec0>,
	),
	result = 0
)
Exception ignored in: <function OffScreenViewer.__del__ at 0x151c6c2932e0>
Traceback (most recent call last):
  File "/n/home00/zoewu/.conda/envs/maze/lib/python3.10/site-packages/gymnasium/envs/mujoco/mujoco_rendering.py", line 204, in __del__
    self.free()
  File "/n/home00/zoewu/.conda/envs/maze/lib/python3.10/site-packages/gymnasium/envs/mujoco/mujoco_rendering.py", line 201, in free
    self.opengl_context.free()
  File "/n/home00/zoewu/.conda/envs/maze/lib/python3.10/site-packages/mujoco/egl/__init__.py", line 133, in free
    EGL.eglDestroyContext(EGL_DISPLAY, self._context)
  File "/n/home00/zoewu/.conda/envs/maze/lib/python3.10/site-packages/OpenGL/error.py", line 230, in glCheckError
    raise self._errorClass(
OpenGL.raw.EGL._errors.EGLError: EGLError(
	err = EGL_NOT_INITIALIZED,
	baseOperation = eglDestroyContext,
	cArguments = (
		<OpenGL._opaque.EGLDisplay_pointer object at 0x151d4a504e40>,
		<OpenGL._opaque.EGLContext_pointer object at 0x151c6c0e9340>,
	),
	result = 0
)
Exception ignored in: <function GLContext.__del__ at 0x151c75f74e50>
Traceback (most recent call last):
  File "/n/home00/zoewu/.conda/envs/maze/lib/python3.10/site-packages/mujoco/egl/__init__.py", line 138, in __del__
    self.free()
  File "/n/home00/zoewu/.conda/envs/maze/lib/python3.10/site-packages/mujoco/egl/__init__.py", line 133, in free
    EGL.eglDestroyContext(EGL_DISPLAY, self._context)
  File "/n/home00/zoewu/.conda/envs/maze/lib/python3.10/site-packages/OpenGL/error.py", line 230, in glCheckError
    raise self._errorClass(
OpenGL.raw.EGL._errors.EGLError: EGLError(
	err = EGL_NOT_INITIALIZED,
	baseOperation = eglDestroyContext,
	cArguments = (
		<OpenGL._opaque.EGLDisplay_pointer object at 0x151d4a504e40>,
		<OpenGL._opaque.EGLContext_pointer object at 0x151c6c0e9340>,
	),
	result = 0
)
