/n/home00/zoewu/STEER/pointmaze/diffuser/utils/training.py:161: FutureWarning: You are using `torch.load` with `weights_only=False` (the current default value), which uses the default pickle module implicitly. It is possible to construct malicious pickle data which will execute arbitrary code during unpickling (See https://github.com/pytorch/pytorch/blob/main/SECURITY.md#untrusted-models for more details). In a future release, the default value for `weights_only` will be flipped to `True`. This limits the functions that could be executed during unpickling. Arbitrary objects will no longer be allowed to be loaded via this mode unless they are explicitly allowlisted by the user via `torch.serialization.add_safe_globals`. We recommend you start setting `weights_only=True` for any use case where you don't have full control of the loaded file. Please open an issue on GitHub for any issues related to this experimental feature.
  data = torch.load(loadpath, map_location='cpu')
[ utils/setup ] Reading config: config.pointmaze:pointmaze_giant_navigate_v0
[ utils/setup ] Using overrides | config: config.pointmaze | dataset: pointmaze_giant_navigate_v0
[ utils/setup ] Lazy fstring | diffusion_loadpath : f:diffusion/H{horizon}_T{n_diffusion_steps} --> diffusion/H400_T256
[ utils/setup ] Setting exp_name to: plans/release_H400_T256_LimitsNormalizer_b1_condFalse
[ utils/setup ] Saved args to logs/pointmaze-giant-navigate-v0/plans/release_H400_T256_LimitsNormalizer_b1_condFalse/0/args.json
[ utils/serialization ] Loaded config from logs/pointmaze-giant-navigate-v0/diffusion/H400_T256/dataset_config.pkl

[utils/config ] Config: <class 'diffuser.datasets.sequence.GoalDataset'>
    env: pointmaze-giant-navigate-v0
    horizon: 400
    max_path_length: 40000
    normalizer: LimitsNormalizer
    preprocess_fns: []
    termination_penalty: None
    use_padding: False

[ utils/serialization ] Loaded config from logs/pointmaze-giant-navigate-v0/diffusion/H400_T256/render_config.pkl

[utils/config ] Config: <class 'diffuser.utils.rendering.PointMazeRenderer'>
    env: pointmaze-giant-navigate-v0

[ utils/serialization ] Loaded config from logs/pointmaze-giant-navigate-v0/diffusion/H400_T256/model_config.pkl

[utils/config ] Config: <class 'diffuser.models.temporal.TemporalUnet'>
    cond_dim: 2
    dim_mults: (1, 4, 8)
    horizon: 424
    transition_dim: 4

[ utils/serialization ] Loaded config from logs/pointmaze-giant-navigate-v0/diffusion/H400_T256/diffusion_config.pkl

[utils/config ] Config: <class 'diffuser.models.diffusion.GaussianDiffusion'>
    action_dim: 2
    action_weight: 1
    clip_denoised: True
    horizon: 400
    loss_discount: 1
    loss_type: l2
    loss_weights: None
    n_timesteps: 256
    observation_dim: 2
    predict_epsilon: False

[ utils/serialization ] Loaded config from logs/pointmaze-giant-navigate-v0/diffusion/H400_T256/trainer_config.pkl

[utils/config ] Config: <class 'diffuser.utils.training.Trainer'>
    bucket: None
    ema_decay: 0.995
    gradient_accumulate_every: 2
    label_freq: 40000
    n_reference: 50
    n_samples: 10
    results_folder: logs/pointmaze-giant-navigate-v0/diffusion/H400_T256
    sample_freq: 1000
    save_freq: 1000
    save_parallel: False
    train_batch_size: 32
    train_lr: 0.0002

[ datasets/buffer ] Finalized replay buffer | 1500 episodes
[ datasets/buffer ] Fields:
    observations: (1500, 40000, 2)
    actions: (1500, 40000, 2)
    terminals: (1500, 40000, 1)
    next_observations: (1500, 40000, 2)
    normed_observations: (1500, 40000, 2)
    normed_actions: (1500, 40000, 2)
[ models/temporal ] Channel dimensions: [(4, 32), (32, 128), (128, 256)]
[(4, 32), (32, 128), (128, 256)]

[ utils/serialization ] Loading model epoch: 1200000

i=0 pair=(0,1) lam_t=0.99000 lam_s=0.99429 tsr_diff=0.000000 integral_mean=0.000000 integral_std=0.000000 log_ratio=0.0000 accept=1.0000 swapped=True
i=0 pair=(2,3) lam_t=0.99857 lam_s=1.00286 tsr_diff=0.000000 integral_mean=0.000000 integral_std=0.000000 log_ratio=0.0000 accept=1.0000 swapped=True
i=0 pair=(4,5) lam_t=1.00714 lam_s=1.01143 tsr_diff=0.000000 integral_mean=0.000000 integral_std=0.000000 log_ratio=0.0000 accept=1.0000 swapped=True
i=0 pair=(6,7) lam_t=1.01571 lam_s=1.02000 tsr_diff=0.000000 integral_mean=0.000000 integral_std=0.000000 log_ratio=0.0000 accept=1.0000 swapped=True
i=1 pair=(0,3) lam_t=0.99429 lam_s=0.99857 tsr_diff=0.000046 integral_mean=-0.000000 integral_std=0.000050 log_ratio=-0.0011 accept=0.9990 swapped=True
i=1 pair=(2,5) lam_t=1.00286 lam_s=1.00714 tsr_diff=0.000046 integral_mean=0.000002 integral_std=0.000044 log_ratio=0.0000 accept=1.0000 swapped=True
i=1 pair=(4,7) lam_t=1.01143 lam_s=1.01571 tsr_diff=0.000046 integral_mean=0.000001 integral_std=0.000046 log_ratio=0.0000 accept=1.0000 swapped=True
i=2 pair=(1,3) lam_t=0.99000 lam_s=0.99429 tsr_diff=0.000181 integral_mean=-0.000006 integral_std=0.000204 log_ratio=-0.0139 accept=0.9862 swapped=True
i=2 pair=(0,5) lam_t=0.99857 lam_s=1.00286 tsr_diff=0.000181 integral_mean=0.000015 integral_std=0.000185 log_ratio=0.0000 accept=1.0000 swapped=True
i=2 pair=(2,7) lam_t=1.00714 lam_s=1.01143 tsr_diff=0.000181 integral_mean=-0.000002 integral_std=0.000179 log_ratio=-0.0041 accept=0.9959 swapped=True
i=2 pair=(4,6) lam_t=1.01571 lam_s=1.02000 tsr_diff=0.000181 integral_mean=-0.000021 integral_std=0.000196 log_ratio=-0.0504 accept=0.9509 swapped=True
i=3 pair=(1,5) lam_t=0.99429 lam_s=0.99857 tsr_diff=0.000400 integral_mean=0.000009 integral_std=0.000455 log_ratio=0.0000 accept=1.0000 swapped=True
i=3 pair=(0,7) lam_t=1.00286 lam_s=1.00714 tsr_diff=0.000400 integral_mean=0.000011 integral_std=0.000400 log_ratio=0.0000 accept=1.0000 swapped=True
i=3 pair=(2,6) lam_t=1.01143 lam_s=1.01571 tsr_diff=0.000399 integral_mean=-0.000002 integral_std=0.000422 log_ratio=-0.0054 accept=0.9946 swapped=True
i=4 pair=(3,5) lam_t=0.99000 lam_s=0.99429 tsr_diff=0.000695 integral_mean=-0.000054 integral_std=0.000842 log_ratio=-0.1295 accept=0.8785 swapped=True
i=4 pair=(1,7) lam_t=0.99857 lam_s=1.00286 tsr_diff=0.000693 integral_mean=-0.000005 integral_std=0.000755 log_ratio=-0.0123 accept=0.9877 swapped=True
i=4 pair=(0,6) lam_t=1.00714 lam_s=1.01143 tsr_diff=0.000691 integral_mean=-0.000016 integral_std=0.000670 log_ratio=-0.0373 accept=0.9634 swapped=True
i=4 pair=(2,4) lam_t=1.01571 lam_s=1.02000 tsr_diff=0.000689 integral_mean=-0.000037 integral_std=0.000917 log_ratio=-0.0876 accept=0.9161 swapped=True
i=5 pair=(3,7) lam_t=0.99429 lam_s=0.99857 tsr_diff=0.001051 integral_mean=0.000134 integral_std=0.001184 log_ratio=0.0000 accept=1.0000 swapped=True
i=5 pair=(1,6) lam_t=1.00286 lam_s=1.00714 tsr_diff=0.001046 integral_mean=-0.000008 integral_std=0.001048 log_ratio=-0.0183 accept=0.9818 swapped=True
i=5 pair=(0,4) lam_t=1.01143 lam_s=1.01571 tsr_diff=0.001042 integral_mean=-0.000039 integral_std=0.001116 log_ratio=-0.0942 accept=0.9101 swapped=True
i=6 pair=(5,7) lam_t=0.99000 lam_s=0.99429 tsr_diff=0.001459 integral_mean=0.000010 integral_std=0.001514 log_ratio=0.0000 accept=1.0000 swapped=True
i=6 pair=(3,6) lam_t=0.99857 lam_s=1.00286 tsr_diff=0.001450 integral_mean=0.000038 integral_std=0.001637 log_ratio=0.0000 accept=1.0000 swapped=True
i=6 pair=(1,4) lam_t=1.00714 lam_s=1.01143 tsr_diff=0.001442 integral_mean=-0.000027 integral_std=0.001451 log_ratio=-0.0654 accept=0.9367 swapped=True
i=6 pair=(0,2) lam_t=1.01571 lam_s=1.02000 tsr_diff=0.001433 integral_mean=-0.000035 integral_std=0.001583 log_ratio=-0.0844 accept=0.9190 swapped=True
i=7 pair=(5,6) lam_t=0.99429 lam_s=0.99857 tsr_diff=0.001888 integral_mean=-0.000005 integral_std=0.001862 log_ratio=-0.0120 accept=0.9881 swapped=True
i=7 pair=(3,4) lam_t=1.00286 lam_s=1.00714 tsr_diff=0.001874 integral_mean=0.000180 integral_std=0.002257 log_ratio=0.0000 accept=1.0000 swapped=True
i=7 pair=(1,2) lam_t=1.01143 lam_s=1.01571 tsr_diff=0.001860 integral_mean=-0.000038 integral_std=0.001959 log_ratio=-0.0905 accept=0.9134 swapped=True
i=8 pair=(7,6) lam_t=0.99000 lam_s=0.99429 tsr_diff=0.002345 integral_mean=-0.000177 integral_std=0.002390 log_ratio=-0.4236 accept=0.6547 swapped=True
i=8 pair=(5,4) lam_t=0.99857 lam_s=1.00286 tsr_diff=0.002323 integral_mean=-0.000029 integral_std=0.002194 log_ratio=-0.0702 accept=0.9322 swapped=True
i=8 pair=(3,2) lam_t=1.00714 lam_s=1.01143 tsr_diff=0.002302 integral_mean=0.000139 integral_std=0.002600 log_ratio=0.0000 accept=1.0000 swapped=True
i=8 pair=(1,0) lam_t=1.01571 lam_s=1.02000 tsr_diff=0.002281 integral_mean=-0.000022 integral_std=0.002183 log_ratio=-0.0521 accept=0.9492 swapped=True
i=9 pair=(7,4) lam_t=0.99429 lam_s=0.99857 tsr_diff=0.002773 integral_mean=0.000049 integral_std=0.002883 log_ratio=0.0000 accept=1.0000 swapped=True
i=9 pair=(5,2) lam_t=1.00286 lam_s=1.00714 tsr_diff=0.002742 integral_mean=-0.000142 integral_std=0.003240 log_ratio=-0.3403 accept=0.7116 swapped=True
i=9 pair=(3,0) lam_t=1.01143 lam_s=1.01571 tsr_diff=0.002712 integral_mean=0.000205 integral_std=0.003144 log_ratio=0.0000 accept=1.0000 swapped=True
i=10 pair=(6,4) lam_t=0.99000 lam_s=0.99429 tsr_diff=0.003206 integral_mean=0.000498 integral_std=0.004480 log_ratio=0.0000 accept=1.0000 swapped=True
i=10 pair=(7,2) lam_t=0.99857 lam_s=1.00286 tsr_diff=0.003165 integral_mean=-0.000193 integral_std=0.004729 log_ratio=-0.4634 accept=0.6292 swapped=False
i=10 pair=(5,0) lam_t=1.00714 lam_s=1.01143 tsr_diff=0.003125 integral_mean=-0.000151 integral_std=0.003394 log_ratio=-0.3623 accept=0.6960 swapped=True
i=10 pair=(3,1) lam_t=1.01571 lam_s=1.02000 tsr_diff=0.003086 integral_mean=0.000150 integral_std=0.003311 log_ratio=0.0000 accept=1.0000 swapped=True
i=11 pair=(6,7) lam_t=0.99429 lam_s=0.99857 tsr_diff=0.003554 integral_mean=0.000724 integral_std=0.005241 log_ratio=0.0000 accept=1.0000 swapped=True
i=11 pair=(2,0) lam_t=1.00286 lam_s=1.00714 tsr_diff=0.003505 integral_mean=0.000132 integral_std=0.005619 log_ratio=0.0000 accept=1.0000 swapped=True
i=11 pair=(5,1) lam_t=1.01143 lam_s=1.01571 tsr_diff=0.003456 integral_mean=-0.000028 integral_std=0.002893 log_ratio=-0.0666 accept=0.9356 swapped=True
i=12 pair=(4,7) lam_t=0.99000 lam_s=0.99429 tsr_diff=0.003894 integral_mean=0.000080 integral_std=0.004965 log_ratio=0.0000 accept=1.0000 swapped=True
i=12 pair=(6,0) lam_t=0.99857 lam_s=1.00286 tsr_diff=0.003834 integral_mean=0.000571 integral_std=0.006691 log_ratio=0.0000 accept=1.0000 swapped=True
i=12 pair=(2,1) lam_t=1.00714 lam_s=1.01143 tsr_diff=0.003776 integral_mean=0.000276 integral_std=0.006771 log_ratio=0.0000 accept=1.0000 swapped=True
i=12 pair=(5,3) lam_t=1.01571 lam_s=1.02000 tsr_diff=0.003719 integral_mean=-0.000095 integral_std=0.004710 log_ratio=-0.2277 accept=0.7964 swapped=True
i=13 pair=(4,0) lam_t=0.99429 lam_s=0.99857 tsr_diff=0.004100 integral_mean=-0.000034 integral_std=0.005293 log_ratio=-0.0808 accept=0.9224 swapped=True
i=13 pair=(6,1) lam_t=1.00286 lam_s=1.00714 tsr_diff=0.004034 integral_mean=0.001276 integral_std=0.011296 log_ratio=0.0000 accept=1.0000 swapped=True
i=13 pair=(2,3) lam_t=1.01143 lam_s=1.01571 tsr_diff=0.003969 integral_mean=-0.000239 integral_std=0.008267 log_ratio=-0.5738 accept=0.5634 swapped=False
Best Sample: 5 log probability 0.000
Saved 1 samples to: logs/pointmaze-giant-navigate-v0/inference/plans/release_H400_T256_LimitsNormalizer_b1_condFalse/2026-07-15 11:53:30/1/0.png
Saved 1 samples to: logs/pointmaze-giant-navigate-v0/inference/plans/release_H400_T256_LimitsNormalizer_b1_condFalse/2026-07-15 11:53:30/1/rollout.png
i=0 pair=(0,1) lam_t=0.99000 lam_s=0.99429 tsr_diff=0.000000 integral_mean=0.000000 integral_std=0.000000 log_ratio=0.0000 accept=1.0000 swapped=True
i=0 pair=(2,3) lam_t=0.99857 lam_s=1.00286 tsr_diff=0.000000 integral_mean=0.000000 integral_std=0.000000 log_ratio=0.0000 accept=1.0000 swapped=True
i=0 pair=(4,5) lam_t=1.00714 lam_s=1.01143 tsr_diff=0.000000 integral_mean=0.000000 integral_std=0.000000 log_ratio=0.0000 accept=1.0000 swapped=True
i=0 pair=(6,7) lam_t=1.01571 lam_s=1.02000 tsr_diff=0.000000 integral_mean=0.000000 integral_std=0.000000 log_ratio=0.0000 accept=1.0000 swapped=True
i=1 pair=(0,3) lam_t=0.99429 lam_s=0.99857 tsr_diff=0.000046 integral_mean=-0.000000 integral_std=0.000046 log_ratio=-0.0004 accept=0.9996 swapped=True
i=1 pair=(2,5) lam_t=1.00286 lam_s=1.00714 tsr_diff=0.000046 integral_mean=-0.000000 integral_std=0.000048 log_ratio=-0.0007 accept=0.9993 swapped=True
i=1 pair=(4,7) lam_t=1.01143 lam_s=1.01571 tsr_diff=0.000046 integral_mean=0.000000 integral_std=0.000045 log_ratio=0.0000 accept=1.0000 swapped=True
i=2 pair=(1,3) lam_t=0.99000 lam_s=0.99429 tsr_diff=0.000181 integral_mean=-0.000003 integral_std=0.000171 log_ratio=-0.0083 accept=0.9917 swapped=True
i=2 pair=(0,5) lam_t=0.99857 lam_s=1.00286 tsr_diff=0.000181 integral_mean=-0.000011 integral_std=0.000243 log_ratio=-0.0253 accept=0.9750 swapped=True
i=2 pair=(2,7) lam_t=1.00714 lam_s=1.01143 tsr_diff=0.000181 integral_mean=-0.000008 integral_std=0.000211 log_ratio=-0.0196 accept=0.9806 swapped=True
i=2 pair=(4,6) lam_t=1.01571 lam_s=1.02000 tsr_diff=0.000181 integral_mean=-0.000001 integral_std=0.000188 log_ratio=-0.0029 accept=0.9971 swapped=True
i=3 pair=(1,5) lam_t=0.99429 lam_s=0.99857 tsr_diff=0.000400 integral_mean=-0.000010 integral_std=0.000385 log_ratio=-0.0250 accept=0.9753 swapped=True
i=3 pair=(0,7) lam_t=1.00286 lam_s=1.00714 tsr_diff=0.000400 integral_mean=0.000028 integral_std=0.000418 log_ratio=0.0000 accept=1.0000 swapped=True
i=3 pair=(2,6) lam_t=1.01143 lam_s=1.01571 tsr_diff=0.000399 integral_mean=-0.000004 integral_std=0.000394 log_ratio=-0.0108 accept=0.9893 swapped=True
i=4 pair=(3,5) lam_t=0.99000 lam_s=0.99429 tsr_diff=0.000695 integral_mean=0.000004 integral_std=0.000695 log_ratio=0.0000 accept=1.0000 swapped=True
i=4 pair=(1,7) lam_t=0.99857 lam_s=1.00286 tsr_diff=0.000693 integral_mean=-0.000046 integral_std=0.000664 log_ratio=-0.1105 accept=0.8954 swapped=True
i=4 pair=(0,6) lam_t=1.00714 lam_s=1.01143 tsr_diff=0.000691 integral_mean=0.000049 integral_std=0.000771 log_ratio=0.0000 accept=1.0000 swapped=True
i=4 pair=(2,4) lam_t=1.01571 lam_s=1.02000 tsr_diff=0.000689 integral_mean=0.000013 integral_std=0.000725 log_ratio=0.0000 accept=1.0000 swapped=True
i=5 pair=(3,7) lam_t=0.99429 lam_s=0.99857 tsr_diff=0.001051 integral_mean=0.000011 integral_std=0.001017 log_ratio=0.0000 accept=1.0000 swapped=True
i=5 pair=(1,6) lam_t=1.00286 lam_s=1.00714 tsr_diff=0.001046 integral_mean=-0.000024 integral_std=0.001044 log_ratio=-0.0576 accept=0.9440 swapped=True
i=5 pair=(0,4) lam_t=1.01143 lam_s=1.01571 tsr_diff=0.001042 integral_mean=0.000023 integral_std=0.001042 log_ratio=0.0000 accept=1.0000 swapped=True
i=6 pair=(5,7) lam_t=0.99000 lam_s=0.99429 tsr_diff=0.001459 integral_mean=-0.000083 integral_std=0.001507 log_ratio=-0.1987 accept=0.8198 swapped=True
i=6 pair=(3,6) lam_t=0.99857 lam_s=1.00286 tsr_diff=0.001450 integral_mean=-0.000057 integral_std=0.001468 log_ratio=-0.1360 accept=0.8728 swapped=True
i=6 pair=(1,4) lam_t=1.00714 lam_s=1.01143 tsr_diff=0.001442 integral_mean=0.000008 integral_std=0.001616 log_ratio=0.0000 accept=1.0000 swapped=True
i=6 pair=(0,2) lam_t=1.01571 lam_s=1.02000 tsr_diff=0.001433 integral_mean=-0.000081 integral_std=0.001488 log_ratio=-0.1956 accept=0.8223 swapped=True
i=7 pair=(5,6) lam_t=0.99429 lam_s=0.99857 tsr_diff=0.001888 integral_mean=-0.000095 integral_std=0.001924 log_ratio=-0.2279 accept=0.7962 swapped=True
i=7 pair=(3,4) lam_t=1.00286 lam_s=1.00714 tsr_diff=0.001874 integral_mean=-0.000171 integral_std=0.001971 log_ratio=-0.4101 accept=0.6636 swapped=False
i=7 pair=(1,2) lam_t=1.01143 lam_s=1.01571 tsr_diff=0.001860 integral_mean=-0.000119 integral_std=0.002107 log_ratio=-0.2860 accept=0.7513 swapped=False
i=8 pair=(7,6) lam_t=0.99000 lam_s=0.99429 tsr_diff=0.002345 integral_mean=-0.000135 integral_std=0.002811 log_ratio=-0.3229 accept=0.7241 swapped=True
i=8 pair=(5,3) lam_t=0.99857 lam_s=1.00286 tsr_diff=0.002323 integral_mean=-0.000019 integral_std=0.002478 log_ratio=-0.0452 accept=0.9558 swapped=True
i=8 pair=(4,1) lam_t=1.00714 lam_s=1.01143 tsr_diff=0.002302 integral_mean=0.000127 integral_std=0.002636 log_ratio=0.0000 accept=1.0000 swapped=True
i=8 pair=(2,0) lam_t=1.01571 lam_s=1.02000 tsr_diff=0.002281 integral_mean=0.000118 integral_std=0.002856 log_ratio=0.0000 accept=1.0000 swapped=True
i=9 pair=(7,3) lam_t=0.99429 lam_s=0.99857 tsr_diff=0.002773 integral_mean=-0.000005 integral_std=0.002831 log_ratio=-0.0115 accept=0.9886 swapped=True
i=9 pair=(5,1) lam_t=1.00286 lam_s=1.00714 tsr_diff=0.002742 integral_mean=-0.000002 integral_std=0.002936 log_ratio=-0.0037 accept=0.9963 swapped=True
i=9 pair=(4,0) lam_t=1.01143 lam_s=1.01571 tsr_diff=0.002712 integral_mean=-0.000012 integral_std=0.003000 log_ratio=-0.0285 accept=0.9719 swapped=True
i=10 pair=(6,3) lam_t=0.99000 lam_s=0.99429 tsr_diff=0.003206 integral_mean=0.000241 integral_std=0.004207 log_ratio=0.0000 accept=1.0000 swapped=True
i=10 pair=(7,1) lam_t=0.99857 lam_s=1.00286 tsr_diff=0.003165 integral_mean=-0.000006 integral_std=0.003231 log_ratio=-0.0139 accept=0.9862 swapped=True
i=10 pair=(5,0) lam_t=1.00714 lam_s=1.01143 tsr_diff=0.003125 integral_mean=0.000039 integral_std=0.003563 log_ratio=0.0000 accept=1.0000 swapped=True
i=10 pair=(4,2) lam_t=1.01571 lam_s=1.02000 tsr_diff=0.003086 integral_mean=-0.000198 integral_std=0.004733 log_ratio=-0.4748 accept=0.6220 swapped=False
i=11 pair=(6,1) lam_t=0.99429 lam_s=0.99857 tsr_diff=0.003554 integral_mean=0.000412 integral_std=0.005014 log_ratio=0.0000 accept=1.0000 swapped=True
i=11 pair=(7,0) lam_t=1.00286 lam_s=1.00714 tsr_diff=0.003505 integral_mean=-0.000065 integral_std=0.003915 log_ratio=-0.1558 accept=0.8558 swapped=False
i=11 pair=(5,4) lam_t=1.01143 lam_s=1.01571 tsr_diff=0.003456 integral_mean=-0.000100 integral_std=0.003716 log_ratio=-0.2394 accept=0.7871 swapped=True
i=12 pair=(3,1) lam_t=0.99000 lam_s=0.99429 tsr_diff=0.003894 integral_mean=0.000011 integral_std=0.003020 log_ratio=0.0000 accept=1.0000 swapped=True
i=12 pair=(6,7) lam_t=0.99857 lam_s=1.00286 tsr_diff=0.003834 integral_mean=0.000391 integral_std=0.007033 log_ratio=0.0000 accept=1.0000 swapped=True
i=12 pair=(0,4) lam_t=1.00714 lam_s=1.01143 tsr_diff=0.003776 integral_mean=0.000037 integral_std=0.005864 log_ratio=0.0000 accept=1.0000 swapped=True
i=12 pair=(5,2) lam_t=1.01571 lam_s=1.02000 tsr_diff=0.003719 integral_mean=-0.000254 integral_std=0.006409 log_ratio=-0.6100 accept=0.5433 swapped=False
i=13 pair=(3,7) lam_t=0.99429 lam_s=0.99857 tsr_diff=0.004100 integral_mean=0.000028 integral_std=0.006243 log_ratio=0.0000 accept=1.0000 swapped=True
i=13 pair=(6,4) lam_t=1.00286 lam_s=1.00714 tsr_diff=0.004034 integral_mean=0.000553 integral_std=0.009752 log_ratio=0.0000 accept=1.0000 swapped=True
i=13 pair=(0,5) lam_t=1.01143 lam_s=1.01571 tsr_diff=0.003969 integral_mean=-0.000257 integral_std=0.006667 log_ratio=-0.6162 accept=0.5400 swapped=True
Best Sample: 5 log probability -0.001
Saved 1 samples to: logs/pointmaze-giant-navigate-v0/inference/plans/release_H400_T256_LimitsNormalizer_b1_condFalse/2026-07-15 11:53:30/2/0.png
Saved 1 samples to: logs/pointmaze-giant-navigate-v0/inference/plans/release_H400_T256_LimitsNormalizer_b1_condFalse/2026-07-15 11:53:30/2/rollout.png
i=0 pair=(0,1) lam_t=0.99000 lam_s=0.99429 tsr_diff=0.000000 integral_mean=0.000000 integral_std=0.000000 log_ratio=0.0000 accept=1.0000 swapped=True
i=0 pair=(2,3) lam_t=0.99857 lam_s=1.00286 tsr_diff=0.000000 integral_mean=0.000000 integral_std=0.000000 log_ratio=0.0000 accept=1.0000 swapped=True
i=0 pair=(4,5) lam_t=1.00714 lam_s=1.01143 tsr_diff=0.000000 integral_mean=0.000000 integral_std=0.000000 log_ratio=0.0000 accept=1.0000 swapped=True
i=0 pair=(6,7) lam_t=1.01571 lam_s=1.02000 tsr_diff=0.000000 integral_mean=0.000000 integral_std=0.000000 log_ratio=0.0000 accept=1.0000 swapped=True
i=1 pair=(0,3) lam_t=0.99429 lam_s=0.99857 tsr_diff=0.000046 integral_mean=-0.000000 integral_std=0.000044 log_ratio=-0.0004 accept=0.9996 swapped=True
i=1 pair=(2,5) lam_t=1.00286 lam_s=1.00714 tsr_diff=0.000046 integral_mean=0.000000 integral_std=0.000043 log_ratio=0.0000 accept=1.0000 swapped=True
i=1 pair=(4,7) lam_t=1.01143 lam_s=1.01571 tsr_diff=0.000046 integral_mean=0.000001 integral_std=0.000044 log_ratio=0.0000 accept=1.0000 swapped=True
i=2 pair=(1,3) lam_t=0.99000 lam_s=0.99429 tsr_diff=0.000181 integral_mean=0.000003 integral_std=0.000186 log_ratio=0.0000 accept=1.0000 swapped=True
i=2 pair=(0,5) lam_t=0.99857 lam_s=1.00286 tsr_diff=0.000181 integral_mean=-0.000002 integral_std=0.000177 log_ratio=-0.0052 accept=0.9948 swapped=True
i=2 pair=(2,7) lam_t=1.00714 lam_s=1.01143 tsr_diff=0.000181 integral_mean=-0.000006 integral_std=0.000186 log_ratio=-0.0149 accept=0.9852 swapped=True
i=2 pair=(4,6) lam_t=1.01571 lam_s=1.02000 tsr_diff=0.000181 integral_mean=-0.000008 integral_std=0.000182 log_ratio=-0.0188 accept=0.9813 swapped=True
i=3 pair=(1,5) lam_t=0.99429 lam_s=0.99857 tsr_diff=0.000400 integral_mean=0.000001 integral_std=0.000404 log_ratio=0.0000 accept=1.0000 swapped=True
i=3 pair=(0,7) lam_t=1.00286 lam_s=1.00714 tsr_diff=0.000400 integral_mean=0.000012 integral_std=0.000467 log_ratio=0.0000 accept=1.0000 swapped=True
i=3 pair=(2,6) lam_t=1.01143 lam_s=1.01571 tsr_diff=0.000399 integral_mean=-0.000002 integral_std=0.000401 log_ratio=-0.0058 accept=0.9942 swapped=True
i=4 pair=(3,5) lam_t=0.99000 lam_s=0.99429 tsr_diff=0.000695 integral_mean=-0.000011 integral_std=0.000687 log_ratio=-0.0256 accept=0.9747 swapped=True
i=4 pair=(1,7) lam_t=0.99857 lam_s=1.00286 tsr_diff=0.000693 integral_mean=-0.000029 integral_std=0.000712 log_ratio=-0.0702 accept=0.9322 swapped=True
i=4 pair=(0,6) lam_t=1.00714 lam_s=1.01143 tsr_diff=0.000691 integral_mean=0.000003 integral_std=0.000682 log_ratio=0.0000 accept=1.0000 swapped=True
i=4 pair=(2,4) lam_t=1.01571 lam_s=1.02000 tsr_diff=0.000689 integral_mean=0.000000 integral_std=0.000631 log_ratio=0.0000 accept=1.0000 swapped=True
i=5 pair=(3,7) lam_t=0.99429 lam_s=0.99857 tsr_diff=0.001051 integral_mean=-0.000012 integral_std=0.001036 log_ratio=-0.0284 accept=0.9720 swapped=True
i=5 pair=(1,6) lam_t=1.00286 lam_s=1.00714 tsr_diff=0.001046 integral_mean=0.000009 integral_std=0.001035 log_ratio=0.0000 accept=1.0000 swapped=True
i=5 pair=(0,4) lam_t=1.01143 lam_s=1.01571 tsr_diff=0.001042 integral_mean=-0.000008 integral_std=0.001037 log_ratio=-0.0184 accept=0.9818 swapped=True
i=6 pair=(5,7) lam_t=0.99000 lam_s=0.99429 tsr_diff=0.001459 integral_mean=0.000122 integral_std=0.001498 log_ratio=0.0000 accept=1.0000 swapped=True
i=6 pair=(3,6) lam_t=0.99857 lam_s=1.00286 tsr_diff=0.001450 integral_mean=-0.000038 integral_std=0.001386 log_ratio=-0.0912 accept=0.9128 swapped=True
i=6 pair=(1,4) lam_t=1.00714 lam_s=1.01143 tsr_diff=0.001442 integral_mean=0.000017 integral_std=0.001432 log_ratio=0.0000 accept=1.0000 swapped=True
i=6 pair=(0,2) lam_t=1.01571 lam_s=1.02000 tsr_diff=0.001433 integral_mean=-0.000013 integral_std=0.001433 log_ratio=-0.0321 accept=0.9684 swapped=True
i=7 pair=(5,6) lam_t=0.99429 lam_s=0.99857 tsr_diff=0.001888 integral_mean=0.000148 integral_std=0.002116 log_ratio=0.0000 accept=1.0000 swapped=True
i=7 pair=(3,4) lam_t=1.00286 lam_s=1.00714 tsr_diff=0.001874 integral_mean=0.000023 integral_std=0.001826 log_ratio=0.0000 accept=1.0000 swapped=True
i=7 pair=(1,2) lam_t=1.01143 lam_s=1.01571 tsr_diff=0.001860 integral_mean=-0.000030 integral_std=0.002014 log_ratio=-0.0731 accept=0.9295 swapped=True
i=8 pair=(7,6) lam_t=0.99000 lam_s=0.99429 tsr_diff=0.002345 integral_mean=-0.000083 integral_std=0.002437 log_ratio=-0.1996 accept=0.8190 swapped=True
i=8 pair=(5,4) lam_t=0.99857 lam_s=1.00286 tsr_diff=0.002323 integral_mean=0.000090 integral_std=0.002536 log_ratio=0.0000 accept=1.0000 swapped=True
i=8 pair=(3,2) lam_t=1.00714 lam_s=1.01143 tsr_diff=0.002302 integral_mean=-0.000216 integral_std=0.002554 log_ratio=-0.5183 accept=0.5955 swapped=True
i=8 pair=(1,0) lam_t=1.01571 lam_s=1.02000 tsr_diff=0.002281 integral_mean=-0.000018 integral_std=0.002541 log_ratio=-0.0438 accept=0.9571 swapped=True
i=9 pair=(7,4) lam_t=0.99429 lam_s=0.99857 tsr_diff=0.002773 integral_mean=-0.000155 integral_std=0.003078 log_ratio=-0.3721 accept=0.6893 swapped=True
i=9 pair=(5,2) lam_t=1.00286 lam_s=1.00714 tsr_diff=0.002742 integral_mean=-0.000107 integral_std=0.003432 log_ratio=-0.2560 accept=0.7742 swapped=True
i=9 pair=(3,0) lam_t=1.01143 lam_s=1.01571 tsr_diff=0.002712 integral_mean=-0.000090 integral_std=0.003112 log_ratio=-0.2155 accept=0.8062 swapped=True
i=10 pair=(6,4) lam_t=0.99000 lam_s=0.99429 tsr_diff=0.003206 integral_mean=0.000108 integral_std=0.003690 log_ratio=0.0000 accept=1.0000 swapped=True
i=10 pair=(7,2) lam_t=0.99857 lam_s=1.00286 tsr_diff=0.003165 integral_mean=-0.000129 integral_std=0.004194 log_ratio=-0.3103 accept=0.7332 swapped=False
i=10 pair=(5,0) lam_t=1.00714 lam_s=1.01143 tsr_diff=0.003125 integral_mean=-0.000124 integral_std=0.003764 log_ratio=-0.2966 accept=0.7434 swapped=True
i=10 pair=(3,1) lam_t=1.01571 lam_s=1.02000 tsr_diff=0.003086 integral_mean=-0.000255 integral_std=0.004004 log_ratio=-0.6125 accept=0.5420 swapped=False
i=11 pair=(6,7) lam_t=0.99429 lam_s=0.99857 tsr_diff=0.003554 integral_mean=-0.000087 integral_std=0.005208 log_ratio=-0.2088 accept=0.8115 swapped=True
i=11 pair=(2,0) lam_t=1.00286 lam_s=1.00714 tsr_diff=0.003505 integral_mean=-0.000272 integral_std=0.004982 log_ratio=-0.6529 accept=0.5206 swapped=False
i=11 pair=(5,3) lam_t=1.01143 lam_s=1.01571 tsr_diff=0.003456 integral_mean=0.000121 integral_std=0.003824 log_ratio=0.0000 accept=1.0000 swapped=True
i=12 pair=(4,7) lam_t=0.99000 lam_s=0.99429 tsr_diff=0.003894 integral_mean=-0.000200 integral_std=0.007128 log_ratio=-0.4806 accept=0.6184 swapped=False
i=12 pair=(6,2) lam_t=0.99857 lam_s=1.00286 tsr_diff=0.003834 integral_mean=0.000095 integral_std=0.004536 log_ratio=0.0000 accept=1.0000 swapped=True
i=12 pair=(0,3) lam_t=1.00714 lam_s=1.01143 tsr_diff=0.003776 integral_mean=0.000324 integral_std=0.007390 log_ratio=0.0000 accept=1.0000 swapped=True
i=12 pair=(5,1) lam_t=1.01571 lam_s=1.02000 tsr_diff=0.003719 integral_mean=-0.000457 integral_std=0.007311 log_ratio=-1.0960 accept=0.3342 swapped=False
i=13 pair=(7,2) lam_t=0.99429 lam_s=0.99857 tsr_diff=0.004100 integral_mean=-0.000281 integral_std=0.013386 log_ratio=-0.6752 accept=0.5091 swapped=True
i=13 pair=(6,3) lam_t=1.00286 lam_s=1.00714 tsr_diff=0.004034 integral_mean=0.000108 integral_std=0.007131 log_ratio=0.0000 accept=1.0000 swapped=True
i=13 pair=(0,5) lam_t=1.01143 lam_s=1.01571 tsr_diff=0.003969 integral_mean=0.000578 integral_std=0.012123 log_ratio=0.0000 accept=1.0000 swapped=True
Best Sample: 4 log probability -3.692
Saved 1 samples to: logs/pointmaze-giant-navigate-v0/inference/plans/release_H400_T256_LimitsNormalizer_b1_condFalse/2026-07-15 11:53:30/3/0.png
Saved 1 samples to: logs/pointmaze-giant-navigate-v0/inference/plans/release_H400_T256_LimitsNormalizer_b1_condFalse/2026-07-15 11:53:30/3/rollout.png
i=0 pair=(0,1) lam_t=0.99000 lam_s=0.99429 tsr_diff=0.000000 integral_mean=0.000000 integral_std=0.000000 log_ratio=0.0000 accept=1.0000 swapped=True
i=0 pair=(2,3) lam_t=0.99857 lam_s=1.00286 tsr_diff=0.000000 integral_mean=0.000000 integral_std=0.000000 log_ratio=0.0000 accept=1.0000 swapped=True
i=0 pair=(4,5) lam_t=1.00714 lam_s=1.01143 tsr_diff=0.000000 integral_mean=0.000000 integral_std=0.000000 log_ratio=0.0000 accept=1.0000 swapped=True
i=0 pair=(6,7) lam_t=1.01571 lam_s=1.02000 tsr_diff=0.000000 integral_mean=0.000000 integral_std=0.000000 log_ratio=0.0000 accept=1.0000 swapped=True
i=1 pair=(0,3) lam_t=0.99429 lam_s=0.99857 tsr_diff=0.000046 integral_mean=0.000000 integral_std=0.000047 log_ratio=0.0000 accept=1.0000 swapped=True
i=1 pair=(2,5) lam_t=1.00286 lam_s=1.00714 tsr_diff=0.000046 integral_mean=0.000002 integral_std=0.000046 log_ratio=0.0000 accept=1.0000 swapped=True
i=1 pair=(4,7) lam_t=1.01143 lam_s=1.01571 tsr_diff=0.000046 integral_mean=-0.000002 integral_std=0.000047 log_ratio=-0.0049 accept=0.9952 swapped=True
i=2 pair=(1,3) lam_t=0.99000 lam_s=0.99429 tsr_diff=0.000181 integral_mean=-0.000035 integral_std=0.000219 log_ratio=-0.0838 accept=0.9197 swapped=True
i=2 pair=(0,5) lam_t=0.99857 lam_s=1.00286 tsr_diff=0.000181 integral_mean=0.000014 integral_std=0.000363 log_ratio=0.0000 accept=1.0000 swapped=True
i=2 pair=(2,7) lam_t=1.00714 lam_s=1.01143 tsr_diff=0.000181 integral_mean=-0.000004 integral_std=0.000184 log_ratio=-0.0095 accept=0.9905 swapped=True
i=2 pair=(4,6) lam_t=1.01571 lam_s=1.02000 tsr_diff=0.000181 integral_mean=-0.000005 integral_std=0.000172 log_ratio=-0.0113 accept=0.9888 swapped=True
i=3 pair=(1,5) lam_t=0.99429 lam_s=0.99857 tsr_diff=0.000400 integral_mean=-0.000204 integral_std=0.000696 log_ratio=-0.4902 accept=0.6125 swapped=False
i=3 pair=(0,7) lam_t=1.00286 lam_s=1.00714 tsr_diff=0.000400 integral_mean=0.000027 integral_std=0.000452 log_ratio=0.0000 accept=1.0000 swapped=True
i=3 pair=(2,6) lam_t=1.01143 lam_s=1.01571 tsr_diff=0.000399 integral_mean=-0.000010 integral_std=0.000411 log_ratio=-0.0236 accept=0.9767 swapped=True
i=4 pair=(3,1) lam_t=0.99000 lam_s=0.99429 tsr_diff=0.000695 integral_mean=0.000048 integral_std=0.000784 log_ratio=0.0000 accept=1.0000 swapped=True
i=4 pair=(5,7) lam_t=0.99857 lam_s=1.00286 tsr_diff=0.000693 integral_mean=0.000062 integral_std=0.000796 log_ratio=0.0000 accept=1.0000 swapped=True
i=4 pair=(0,6) lam_t=1.00714 lam_s=1.01143 tsr_diff=0.000691 integral_mean=0.000008 integral_std=0.000752 log_ratio=0.0000 accept=1.0000 swapped=True
i=4 pair=(2,4) lam_t=1.01571 lam_s=1.02000 tsr_diff=0.000689 integral_mean=-0.000019 integral_std=0.000692 log_ratio=-0.0467 accept=0.9544 swapped=True
i=5 pair=(3,7) lam_t=0.99429 lam_s=0.99857 tsr_diff=0.001051 integral_mean=0.000029 integral_std=0.001112 log_ratio=0.0000 accept=1.0000 swapped=True
i=5 pair=(5,6) lam_t=1.00286 lam_s=1.00714 tsr_diff=0.001046 integral_mean=0.000016 integral_std=0.001069 log_ratio=0.0000 accept=1.0000 swapped=True
i=5 pair=(0,4) lam_t=1.01143 lam_s=1.01571 tsr_diff=0.001042 integral_mean=0.000016 integral_std=0.001134 log_ratio=0.0000 accept=1.0000 swapped=True
i=6 pair=(1,7) lam_t=0.99000 lam_s=0.99429 tsr_diff=0.001459 integral_mean=0.000031 integral_std=0.001534 log_ratio=0.0000 accept=1.0000 swapped=True
i=6 pair=(3,6) lam_t=0.99857 lam_s=1.00286 tsr_diff=0.001450 integral_mean=0.000012 integral_std=0.001434 log_ratio=0.0000 accept=1.0000 swapped=True
i=6 pair=(5,4) lam_t=1.00714 lam_s=1.01143 tsr_diff=0.001442 integral_mean=0.000036 integral_std=0.001465 log_ratio=0.0000 accept=1.0000 swapped=True
i=6 pair=(0,2) lam_t=1.01571 lam_s=1.02000 tsr_diff=0.001433 integral_mean=0.000015 integral_std=0.001566 log_ratio=0.0000 accept=1.0000 swapped=True
i=7 pair=(1,6) lam_t=0.99429 lam_s=0.99857 tsr_diff=0.001888 integral_mean=0.000000 integral_std=0.001923 log_ratio=0.0000 accept=1.0000 swapped=True
i=7 pair=(3,4) lam_t=1.00286 lam_s=1.00714 tsr_diff=0.001874 integral_mean=0.000050 integral_std=0.001897 log_ratio=0.0000 accept=1.0000 swapped=True
i=7 pair=(5,2) lam_t=1.01143 lam_s=1.01571 tsr_diff=0.001860 integral_mean=-0.000069 integral_std=0.001959 log_ratio=-0.1667 accept=0.8465 swapped=True
i=8 pair=(7,6) lam_t=0.99000 lam_s=0.99429 tsr_diff=0.002345 integral_mean=-0.000022 integral_std=0.002406 log_ratio=-0.0520 accept=0.9494 swapped=True
i=8 pair=(1,4) lam_t=0.99857 lam_s=1.00286 tsr_diff=0.002323 integral_mean=-0.000096 integral_std=0.002380 log_ratio=-0.2296 accept=0.7948 swapped=True
i=8 pair=(3,2) lam_t=1.00714 lam_s=1.01143 tsr_diff=0.002302 integral_mean=0.000024 integral_std=0.002538 log_ratio=0.0000 accept=1.0000 swapped=True
i=8 pair=(5,0) lam_t=1.01571 lam_s=1.02000 tsr_diff=0.002281 integral_mean=-0.000039 integral_std=0.002480 log_ratio=-0.0943 accept=0.9100 swapped=True
i=9 pair=(7,4) lam_t=0.99429 lam_s=0.99857 tsr_diff=0.002773 integral_mean=0.000097 integral_std=0.002768 log_ratio=0.0000 accept=1.0000 swapped=True
i=9 pair=(1,2) lam_t=1.00286 lam_s=1.00714 tsr_diff=0.002742 integral_mean=-0.000018 integral_std=0.003338 log_ratio=-0.0421 accept=0.9588 swapped=True
i=9 pair=(3,0) lam_t=1.01143 lam_s=1.01571 tsr_diff=0.002712 integral_mean=0.000028 integral_std=0.003437 log_ratio=0.0000 accept=1.0000 swapped=True
i=10 pair=(6,4) lam_t=0.99000 lam_s=0.99429 tsr_diff=0.003206 integral_mean=-0.000099 integral_std=0.003166 log_ratio=-0.2372 accept=0.7888 swapped=True
i=10 pair=(7,2) lam_t=0.99857 lam_s=1.00286 tsr_diff=0.003165 integral_mean=-0.000208 integral_std=0.003231 log_ratio=-0.5003 accept=0.6064 swapped=True
i=10 pair=(1,0) lam_t=1.00714 lam_s=1.01143 tsr_diff=0.003125 integral_mean=-0.000268 integral_std=0.004208 log_ratio=-0.6428 accept=0.5258 swapped=False
i=10 pair=(3,5) lam_t=1.01571 lam_s=1.02000 tsr_diff=0.003086 integral_mean=0.000225 integral_std=0.003452 log_ratio=0.0000 accept=1.0000 swapped=True
i=11 pair=(6,2) lam_t=0.99429 lam_s=0.99857 tsr_diff=0.003554 integral_mean=0.000046 integral_std=0.004087 log_ratio=0.0000 accept=1.0000 swapped=True
i=11 pair=(7,1) lam_t=1.00286 lam_s=1.00714 tsr_diff=0.003505 integral_mean=-0.000158 integral_std=0.005008 log_ratio=-0.3790 accept=0.6845 swapped=True
i=11 pair=(0,5) lam_t=1.01143 lam_s=1.01571 tsr_diff=0.003456 integral_mean=0.000483 integral_std=0.005238 log_ratio=0.0000 accept=1.0000 swapped=True
i=12 pair=(4,2) lam_t=0.99000 lam_s=0.99429 tsr_diff=0.003894 integral_mean=-0.000367 integral_std=0.006346 log_ratio=-0.8799 accept=0.4148 swapped=True
i=12 pair=(6,1) lam_t=0.99857 lam_s=1.00286 tsr_diff=0.003834 integral_mean=-0.000143 integral_std=0.005361 log_ratio=-0.3441 accept=0.7089 swapped=True
i=12 pair=(7,5) lam_t=1.00714 lam_s=1.01143 tsr_diff=0.003776 integral_mean=0.000164 integral_std=0.005291 log_ratio=0.0000 accept=1.0000 swapped=True
i=12 pair=(0,3) lam_t=1.01571 lam_s=1.02000 tsr_diff=0.003719 integral_mean=0.000300 integral_std=0.007277 log_ratio=0.0000 accept=1.0000 swapped=True
i=13 pair=(4,1) lam_t=0.99429 lam_s=0.99857 tsr_diff=0.004100 integral_mean=-0.000153 integral_std=0.009044 log_ratio=-0.3677 accept=0.6923 swapped=False
i=13 pair=(6,5) lam_t=1.00286 lam_s=1.00714 tsr_diff=0.004034 integral_mean=-0.000147 integral_std=0.008336 log_ratio=-0.3519 accept=0.7034 swapped=True
i=13 pair=(7,3) lam_t=1.01143 lam_s=1.01571 tsr_diff=0.003969 integral_mean=0.000428 integral_std=0.007991 log_ratio=0.0000 accept=1.0000 swapped=True
Best Sample: 6 log probability -9.247
Saved 1 samples to: logs/pointmaze-giant-navigate-v0/inference/plans/release_H400_T256_LimitsNormalizer_b1_condFalse/2026-07-15 11:53:30/4/0.png
Saved 1 samples to: logs/pointmaze-giant-navigate-v0/inference/plans/release_H400_T256_LimitsNormalizer_b1_condFalse/2026-07-15 11:53:30/4/rollout.png
i=0 pair=(0,1) lam_t=0.99000 lam_s=0.99429 tsr_diff=0.000000 integral_mean=0.000000 integral_std=0.000000 log_ratio=0.0000 accept=1.0000 swapped=True
i=0 pair=(2,3) lam_t=0.99857 lam_s=1.00286 tsr_diff=0.000000 integral_mean=0.000000 integral_std=0.000000 log_ratio=0.0000 accept=1.0000 swapped=True
i=0 pair=(4,5) lam_t=1.00714 lam_s=1.01143 tsr_diff=0.000000 integral_mean=0.000000 integral_std=0.000000 log_ratio=0.0000 accept=1.0000 swapped=True
i=0 pair=(6,7) lam_t=1.01571 lam_s=1.02000 tsr_diff=0.000000 integral_mean=0.000000 integral_std=0.000000 log_ratio=0.0000 accept=1.0000 swapped=True
i=1 pair=(0,3) lam_t=0.99429 lam_s=0.99857 tsr_diff=0.000046 integral_mean=-0.000001 integral_std=0.000047 log_ratio=-0.0015 accept=0.9985 swapped=True
i=1 pair=(2,5) lam_t=1.00286 lam_s=1.00714 tsr_diff=0.000046 integral_mean=0.000001 integral_std=0.000045 log_ratio=0.0000 accept=1.0000 swapped=True
i=1 pair=(4,7) lam_t=1.01143 lam_s=1.01571 tsr_diff=0.000046 integral_mean=0.000001 integral_std=0.000046 log_ratio=0.0000 accept=1.0000 swapped=True
i=2 pair=(1,3) lam_t=0.99000 lam_s=0.99429 tsr_diff=0.000181 integral_mean=0.000015 integral_std=0.000227 log_ratio=0.0000 accept=1.0000 swapped=True
i=2 pair=(0,5) lam_t=0.99857 lam_s=1.00286 tsr_diff=0.000181 integral_mean=-0.000003 integral_std=0.000172 log_ratio=-0.0066 accept=0.9935 swapped=True
i=2 pair=(2,7) lam_t=1.00714 lam_s=1.01143 tsr_diff=0.000181 integral_mean=0.000003 integral_std=0.000189 log_ratio=0.0000 accept=1.0000 swapped=True
i=2 pair=(4,6) lam_t=1.01571 lam_s=1.02000 tsr_diff=0.000181 integral_mean=-0.000007 integral_std=0.000185 log_ratio=-0.0159 accept=0.9843 swapped=True
i=3 pair=(1,5) lam_t=0.99429 lam_s=0.99857 tsr_diff=0.000400 integral_mean=0.000015 integral_std=0.000396 log_ratio=0.0000 accept=1.0000 swapped=True
i=3 pair=(0,7) lam_t=1.00286 lam_s=1.00714 tsr_diff=0.000400 integral_mean=-0.000012 integral_std=0.000494 log_ratio=-0.0277 accept=0.9726 swapped=True
i=3 pair=(2,6) lam_t=1.01143 lam_s=1.01571 tsr_diff=0.000399 integral_mean=-0.000017 integral_std=0.000409 log_ratio=-0.0400 accept=0.9608 swapped=True
i=4 pair=(3,5) lam_t=0.99000 lam_s=0.99429 tsr_diff=0.000695 integral_mean=-0.000012 integral_std=0.000690 log_ratio=-0.0279 accept=0.9725 swapped=True
i=4 pair=(1,7) lam_t=0.99857 lam_s=1.00286 tsr_diff=0.000693 integral_mean=0.000059 integral_std=0.000813 log_ratio=0.0000 accept=1.0000 swapped=True
i=4 pair=(0,6) lam_t=1.00714 lam_s=1.01143 tsr_diff=0.000691 integral_mean=0.000015 integral_std=0.000776 log_ratio=0.0000 accept=1.0000 swapped=True
i=4 pair=(2,4) lam_t=1.01571 lam_s=1.02000 tsr_diff=0.000689 integral_mean=0.000020 integral_std=0.000671 log_ratio=0.0000 accept=1.0000 swapped=True
i=5 pair=(3,7) lam_t=0.99429 lam_s=0.99857 tsr_diff=0.001051 integral_mean=-0.000041 integral_std=0.001183 log_ratio=-0.0992 accept=0.9056 swapped=True
i=5 pair=(1,6) lam_t=1.00286 lam_s=1.00714 tsr_diff=0.001046 integral_mean=-0.000038 integral_std=0.001228 log_ratio=-0.0907 accept=0.9133 swapped=True
i=5 pair=(0,4) lam_t=1.01143 lam_s=1.01571 tsr_diff=0.001042 integral_mean=0.000021 integral_std=0.001036 log_ratio=0.0000 accept=1.0000 swapped=True
i=6 pair=(5,7) lam_t=0.99000 lam_s=0.99429 tsr_diff=0.001459 integral_mean=-0.000020 integral_std=0.001668 log_ratio=-0.0477 accept=0.9534 swapped=True
i=6 pair=(3,6) lam_t=0.99857 lam_s=1.00286 tsr_diff=0.001450 integral_mean=-0.000028 integral_std=0.001481 log_ratio=-0.0665 accept=0.9357 swapped=True
i=6 pair=(1,4) lam_t=1.00714 lam_s=1.01143 tsr_diff=0.001442 integral_mean=0.000238 integral_std=0.001916 log_ratio=0.0000 accept=1.0000 swapped=True
i=6 pair=(0,2) lam_t=1.01571 lam_s=1.02000 tsr_diff=0.001433 integral_mean=0.000087 integral_std=0.001417 log_ratio=0.0000 accept=1.0000 swapped=True
i=7 pair=(5,6) lam_t=0.99429 lam_s=0.99857 tsr_diff=0.001888 integral_mean=0.000027 integral_std=0.001848 log_ratio=0.0000 accept=1.0000 swapped=True
i=7 pair=(3,4) lam_t=1.00286 lam_s=1.00714 tsr_diff=0.001874 integral_mean=0.000071 integral_std=0.001864 log_ratio=0.0000 accept=1.0000 swapped=True
i=7 pair=(1,2) lam_t=1.01143 lam_s=1.01571 tsr_diff=0.001860 integral_mean=0.000351 integral_std=0.002805 log_ratio=0.0000 accept=1.0000 swapped=True
i=8 pair=(7,6) lam_t=0.99000 lam_s=0.99429 tsr_diff=0.002345 integral_mean=0.000036 integral_std=0.002941 log_ratio=0.0000 accept=1.0000 swapped=True
i=8 pair=(5,4) lam_t=0.99857 lam_s=1.00286 tsr_diff=0.002323 integral_mean=0.000044 integral_std=0.001998 log_ratio=0.0000 accept=1.0000 swapped=True
i=8 pair=(3,2) lam_t=1.00714 lam_s=1.01143 tsr_diff=0.002302 integral_mean=0.000042 integral_std=0.002133 log_ratio=0.0000 accept=1.0000 swapped=True
i=8 pair=(1,0) lam_t=1.01571 lam_s=1.02000 tsr_diff=0.002281 integral_mean=0.000226 integral_std=0.003117 log_ratio=0.0000 accept=1.0000 swapped=True
i=9 pair=(7,4) lam_t=0.99429 lam_s=0.99857 tsr_diff=0.002773 integral_mean=0.000213 integral_std=0.003661 log_ratio=0.0000 accept=1.0000 swapped=True
i=9 pair=(5,2) lam_t=1.00286 lam_s=1.00714 tsr_diff=0.002742 integral_mean=0.000112 integral_std=0.002743 log_ratio=0.0000 accept=1.0000 swapped=True
i=9 pair=(3,0) lam_t=1.01143 lam_s=1.01571 tsr_diff=0.002712 integral_mean=-0.000211 integral_std=0.002913 log_ratio=-0.5063 accept=0.6027 swapped=True
i=10 pair=(6,4) lam_t=0.99000 lam_s=0.99429 tsr_diff=0.003206 integral_mean=0.000013 integral_std=0.003073 log_ratio=0.0000 accept=1.0000 swapped=True
i=10 pair=(7,2) lam_t=0.99857 lam_s=1.00286 tsr_diff=0.003165 integral_mean=0.000284 integral_std=0.004764 log_ratio=0.0000 accept=1.0000 swapped=True
i=10 pair=(5,0) lam_t=1.00714 lam_s=1.01143 tsr_diff=0.003125 integral_mean=-0.000167 integral_std=0.003574 log_ratio=-0.4006 accept=0.6700 swapped=True
i=10 pair=(3,1) lam_t=1.01571 lam_s=1.02000 tsr_diff=0.003086 integral_mean=-0.000374 integral_std=0.004048 log_ratio=-0.8969 accept=0.4078 swapped=False
i=11 pair=(6,2) lam_t=0.99429 lam_s=0.99857 tsr_diff=0.003554 integral_mean=0.000210 integral_std=0.004325 log_ratio=0.0000 accept=1.0000 swapped=True
i=11 pair=(7,0) lam_t=1.00286 lam_s=1.00714 tsr_diff=0.003505 integral_mean=-0.000097 integral_std=0.006239 log_ratio=-0.2322 accept=0.7928 swapped=False
i=11 pair=(5,3) lam_t=1.01143 lam_s=1.01571 tsr_diff=0.003456 integral_mean=-0.000127 integral_std=0.004264 log_ratio=-0.3046 accept=0.7374 swapped=True
i=12 pair=(4,2) lam_t=0.99000 lam_s=0.99429 tsr_diff=0.003894 integral_mean=0.000035 integral_std=0.005369 log_ratio=0.0000 accept=1.0000 swapped=True
i=12 pair=(6,7) lam_t=0.99857 lam_s=1.00286 tsr_diff=0.003834 integral_mean=-0.000562 integral_std=0.008618 log_ratio=-1.3491 accept=0.2595 swapped=False
i=12 pair=(0,3) lam_t=1.00714 lam_s=1.01143 tsr_diff=0.003776 integral_mean=-0.000282 integral_std=0.009003 log_ratio=-0.6768 accept=0.5082 swapped=True
i=12 pair=(5,1) lam_t=1.01571 lam_s=1.02000 tsr_diff=0.003719 integral_mean=-0.000334 integral_std=0.005745 log_ratio=-0.8007 accept=0.4490 swapped=True
i=13 pair=(4,6) lam_t=0.99429 lam_s=0.99857 tsr_diff=0.004100 integral_mean=0.000057 integral_std=0.007178 log_ratio=0.0000 accept=1.0000 swapped=True
i=13 pair=(7,3) lam_t=1.00286 lam_s=1.00714 tsr_diff=0.004034 integral_mean=-0.000003 integral_std=0.011316 log_ratio=-0.0072 accept=0.9929 swapped=True
i=13 pair=(0,1) lam_t=1.01143 lam_s=1.01571 tsr_diff=0.003969 integral_mean=-0.000319 integral_std=0.010548 log_ratio=-0.7666 accept=0.4646 swapped=True
Best Sample: 2 log probability -1.390
Saved 1 samples to: logs/pointmaze-giant-navigate-v0/inference/plans/release_H400_T256_LimitsNormalizer_b1_condFalse/2026-07-15 11:53:30/5/0.png
Saved 1 samples to: logs/pointmaze-giant-navigate-v0/inference/plans/release_H400_T256_LimitsNormalizer_b1_condFalse/2026-07-15 11:53:30/5/rollout.png
i=0 pair=(0,1) lam_t=0.99000 lam_s=0.99429 tsr_diff=0.000000 integral_mean=0.000000 integral_std=0.000000 log_ratio=0.0000 accept=1.0000 swapped=True
i=0 pair=(2,3) lam_t=0.99857 lam_s=1.00286 tsr_diff=0.000000 integral_mean=0.000000 integral_std=0.000000 log_ratio=0.0000 accept=1.0000 swapped=True
i=0 pair=(4,5) lam_t=1.00714 lam_s=1.01143 tsr_diff=0.000000 integral_mean=0.000000 integral_std=0.000000 log_ratio=0.0000 accept=1.0000 swapped=True
i=0 pair=(6,7) lam_t=1.01571 lam_s=1.02000 tsr_diff=0.000000 integral_mean=0.000000 integral_std=0.000000 log_ratio=0.0000 accept=1.0000 swapped=True
i=1 pair=(0,3) lam_t=0.99429 lam_s=0.99857 tsr_diff=0.000046 integral_mean=0.000001 integral_std=0.000041 log_ratio=0.0000 accept=1.0000 swapped=True
i=1 pair=(2,5) lam_t=1.00286 lam_s=1.00714 tsr_diff=0.000046 integral_mean=0.000000 integral_std=0.000057 log_ratio=0.0000 accept=1.0000 swapped=True
i=1 pair=(4,7) lam_t=1.01143 lam_s=1.01571 tsr_diff=0.000046 integral_mean=-0.000001 integral_std=0.000046 log_ratio=-0.0028 accept=0.9972 swapped=True
i=2 pair=(1,3) lam_t=0.99000 lam_s=0.99429 tsr_diff=0.000181 integral_mean=0.000008 integral_std=0.000177 log_ratio=0.0000 accept=1.0000 swapped=True
i=2 pair=(0,5) lam_t=0.99857 lam_s=1.00286 tsr_diff=0.000181 integral_mean=-0.000019 integral_std=0.000206 log_ratio=-0.0446 accept=0.9564 swapped=True
i=2 pair=(2,7) lam_t=1.00714 lam_s=1.01143 tsr_diff=0.000181 integral_mean=-0.000017 integral_std=0.000199 log_ratio=-0.0405 accept=0.9604 swapped=True
i=2 pair=(4,6) lam_t=1.01571 lam_s=1.02000 tsr_diff=0.000181 integral_mean=-0.000009 integral_std=0.000220 log_ratio=-0.0222 accept=0.9780 swapped=True
i=3 pair=(1,5) lam_t=0.99429 lam_s=0.99857 tsr_diff=0.000400 integral_mean=-0.000010 integral_std=0.000440 log_ratio=-0.0236 accept=0.9767 swapped=True
i=3 pair=(0,7) lam_t=1.00286 lam_s=1.00714 tsr_diff=0.000400 integral_mean=0.000017 integral_std=0.000461 log_ratio=0.0000 accept=1.0000 swapped=True
i=3 pair=(2,6) lam_t=1.01143 lam_s=1.01571 tsr_diff=0.000399 integral_mean=-0.000036 integral_std=0.000422 log_ratio=-0.0863 accept=0.9173 swapped=True
i=4 pair=(3,5) lam_t=0.99000 lam_s=0.99429 tsr_diff=0.000695 integral_mean=-0.000025 integral_std=0.000735 log_ratio=-0.0595 accept=0.9422 swapped=True
i=4 pair=(1,7) lam_t=0.99857 lam_s=1.00286 tsr_diff=0.000693 integral_mean=-0.000010 integral_std=0.000728 log_ratio=-0.0229 accept=0.9774 swapped=True
i=4 pair=(0,6) lam_t=1.00714 lam_s=1.01143 tsr_diff=0.000691 integral_mean=0.000011 integral_std=0.000775 log_ratio=0.0000 accept=1.0000 swapped=True
i=4 pair=(2,4) lam_t=1.01571 lam_s=1.02000 tsr_diff=0.000689 integral_mean=-0.000015 integral_std=0.000654 log_ratio=-0.0367 accept=0.9640 swapped=True
i=5 pair=(3,7) lam_t=0.99429 lam_s=0.99857 tsr_diff=0.001051 integral_mean=-0.000048 integral_std=0.001103 log_ratio=-0.1150 accept=0.8913 swapped=True
i=5 pair=(1,6) lam_t=1.00286 lam_s=1.00714 tsr_diff=0.001046 integral_mean=-0.000020 integral_std=0.001139 log_ratio=-0.0472 accept=0.9539 swapped=True
i=5 pair=(0,4) lam_t=1.01143 lam_s=1.01571 tsr_diff=0.001042 integral_mean=0.000035 integral_std=0.001110 log_ratio=0.0000 accept=1.0000 swapped=True
i=6 pair=(5,7) lam_t=0.99000 lam_s=0.99429 tsr_diff=0.001459 integral_mean=0.000004 integral_std=0.001710 log_ratio=0.0000 accept=1.0000 swapped=True
i=6 pair=(3,6) lam_t=0.99857 lam_s=1.00286 tsr_diff=0.001450 integral_mean=-0.000095 integral_std=0.001546 log_ratio=-0.2279 accept=0.7962 swapped=True
i=6 pair=(1,4) lam_t=1.00714 lam_s=1.01143 tsr_diff=0.001442 integral_mean=0.000043 integral_std=0.001654 log_ratio=0.0000 accept=1.0000 swapped=True
i=6 pair=(0,2) lam_t=1.01571 lam_s=1.02000 tsr_diff=0.001433 integral_mean=0.000033 integral_std=0.001463 log_ratio=0.0000 accept=1.0000 swapped=True
i=7 pair=(5,6) lam_t=0.99429 lam_s=0.99857 tsr_diff=0.001888 integral_mean=-0.000011 integral_std=0.002042 log_ratio=-0.0253 accept=0.9751 swapped=True
i=7 pair=(3,4) lam_t=1.00286 lam_s=1.00714 tsr_diff=0.001874 integral_mean=-0.000127 integral_std=0.002020 log_ratio=-0.3041 accept=0.7378 swapped=False
i=7 pair=(1,2) lam_t=1.01143 lam_s=1.01571 tsr_diff=0.001860 integral_mean=0.000034 integral_std=0.001851 log_ratio=0.0000 accept=1.0000 swapped=True
i=8 pair=(7,6) lam_t=0.99000 lam_s=0.99429 tsr_diff=0.002345 integral_mean=-0.000136 integral_std=0.002406 log_ratio=-0.3273 accept=0.7209 swapped=True
i=8 pair=(5,3) lam_t=0.99857 lam_s=1.00286 tsr_diff=0.002323 integral_mean=0.000026 integral_std=0.002296 log_ratio=0.0000 accept=1.0000 swapped=True
i=8 pair=(4,2) lam_t=1.00714 lam_s=1.01143 tsr_diff=0.002302 integral_mean=0.000066 integral_std=0.002555 log_ratio=0.0000 accept=1.0000 swapped=True
i=8 pair=(1,0) lam_t=1.01571 lam_s=1.02000 tsr_diff=0.002281 integral_mean=-0.000114 integral_std=0.002508 log_ratio=-0.2729 accept=0.7612 swapped=True
i=9 pair=(7,3) lam_t=0.99429 lam_s=0.99857 tsr_diff=0.002773 integral_mean=0.000069 integral_std=0.002751 log_ratio=0.0000 accept=1.0000 swapped=True
i=9 pair=(5,2) lam_t=1.00286 lam_s=1.00714 tsr_diff=0.002742 integral_mean=-0.000083 integral_std=0.002852 log_ratio=-0.1981 accept=0.8203 swapped=True
i=9 pair=(4,0) lam_t=1.01143 lam_s=1.01571 tsr_diff=0.002712 integral_mean=0.000060 integral_std=0.002723 log_ratio=0.0000 accept=1.0000 swapped=True
i=10 pair=(6,3) lam_t=0.99000 lam_s=0.99429 tsr_diff=0.003206 integral_mean=0.000167 integral_std=0.003779 log_ratio=0.0000 accept=1.0000 swapped=True
i=10 pair=(7,2) lam_t=0.99857 lam_s=1.00286 tsr_diff=0.003165 integral_mean=0.000033 integral_std=0.003834 log_ratio=0.0000 accept=1.0000 swapped=True
i=10 pair=(5,0) lam_t=1.00714 lam_s=1.01143 tsr_diff=0.003125 integral_mean=-0.000164 integral_std=0.003780 log_ratio=-0.3924 accept=0.6754 swapped=False
i=10 pair=(4,1) lam_t=1.01571 lam_s=1.02000 tsr_diff=0.003086 integral_mean=0.000133 integral_std=0.003651 log_ratio=0.0000 accept=1.0000 swapped=True
i=11 pair=(6,2) lam_t=0.99429 lam_s=0.99857 tsr_diff=0.003554 integral_mean=-0.000038 integral_std=0.006141 log_ratio=-0.0915 accept=0.9125 swapped=True
i=11 pair=(7,5) lam_t=1.00286 lam_s=1.00714 tsr_diff=0.003505 integral_mean=0.000143 integral_std=0.004041 log_ratio=0.0000 accept=1.0000 swapped=True
i=11 pair=(0,1) lam_t=1.01143 lam_s=1.01571 tsr_diff=0.003456 integral_mean=0.000208 integral_std=0.004911 log_ratio=0.0000 accept=1.0000 swapped=True
i=12 pair=(3,2) lam_t=0.99000 lam_s=0.99429 tsr_diff=0.003894 integral_mean=-0.000438 integral_std=0.006320 log_ratio=-1.0502 accept=0.3499 swapped=False
i=12 pair=(6,5) lam_t=0.99857 lam_s=1.00286 tsr_diff=0.003834 integral_mean=0.000796 integral_std=0.009170 log_ratio=0.0000 accept=1.0000 swapped=True
i=12 pair=(7,1) lam_t=1.00714 lam_s=1.01143 tsr_diff=0.003776 integral_mean=0.000077 integral_std=0.006523 log_ratio=0.0000 accept=1.0000 swapped=True
i=12 pair=(0,4) lam_t=1.01571 lam_s=1.02000 tsr_diff=0.003719 integral_mean=0.000246 integral_std=0.004793 log_ratio=0.0000 accept=1.0000 swapped=True
i=13 pair=(2,5) lam_t=0.99429 lam_s=0.99857 tsr_diff=0.004100 integral_mean=0.000039 integral_std=0.008424 log_ratio=0.0000 accept=1.0000 swapped=True
i=13 pair=(6,1) lam_t=1.00286 lam_s=1.00714 tsr_diff=0.004034 integral_mean=0.000104 integral_std=0.008808 log_ratio=0.0000 accept=1.0000 swapped=True
i=13 pair=(7,4) lam_t=1.01143 lam_s=1.01571 tsr_diff=0.003969 integral_mean=0.000288 integral_std=0.011230 log_ratio=0.0000 accept=1.0000 swapped=True
Best Sample: 3 log probability -0.217
Saved 1 samples to: logs/pointmaze-giant-navigate-v0/inference/plans/release_H400_T256_LimitsNormalizer_b1_condFalse/2026-07-15 11:53:30/6/0.png
Saved 1 samples to: logs/pointmaze-giant-navigate-v0/inference/plans/release_H400_T256_LimitsNormalizer_b1_condFalse/2026-07-15 11:53:30/6/rollout.png
i=0 pair=(0,1) lam_t=0.99000 lam_s=0.99429 tsr_diff=0.000000 integral_mean=0.000000 integral_std=0.000000 log_ratio=0.0000 accept=1.0000 swapped=True
i=0 pair=(2,3) lam_t=0.99857 lam_s=1.00286 tsr_diff=0.000000 integral_mean=0.000000 integral_std=0.000000 log_ratio=0.0000 accept=1.0000 swapped=True
i=0 pair=(4,5) lam_t=1.00714 lam_s=1.01143 tsr_diff=0.000000 integral_mean=0.000000 integral_std=0.000000 log_ratio=0.0000 accept=1.0000 swapped=True
i=0 pair=(6,7) lam_t=1.01571 lam_s=1.02000 tsr_diff=0.000000 integral_mean=0.000000 integral_std=0.000000 log_ratio=0.0000 accept=1.0000 swapped=True
i=1 pair=(0,3) lam_t=0.99429 lam_s=0.99857 tsr_diff=0.000046 integral_mean=-0.000001 integral_std=0.000044 log_ratio=-0.0018 accept=0.9982 swapped=True
i=1 pair=(2,5) lam_t=1.00286 lam_s=1.00714 tsr_diff=0.000046 integral_mean=-0.000001 integral_std=0.000047 log_ratio=-0.0032 accept=0.9968 swapped=True
i=1 pair=(4,7) lam_t=1.01143 lam_s=1.01571 tsr_diff=0.000046 integral_mean=-0.000001 integral_std=0.000051 log_ratio=-0.0034 accept=0.9966 swapped=True
i=2 pair=(1,3) lam_t=0.99000 lam_s=0.99429 tsr_diff=0.000181 integral_mean=-0.000006 integral_std=0.000178 log_ratio=-0.0138 accept=0.9863 swapped=True
i=2 pair=(0,5) lam_t=0.99857 lam_s=1.00286 tsr_diff=0.000181 integral_mean=-0.000013 integral_std=0.000220 log_ratio=-0.0301 accept=0.9704 swapped=True
i=2 pair=(2,7) lam_t=1.00714 lam_s=1.01143 tsr_diff=0.000181 integral_mean=0.000003 integral_std=0.000180 log_ratio=0.0000 accept=1.0000 swapped=True
i=2 pair=(4,6) lam_t=1.01571 lam_s=1.02000 tsr_diff=0.000181 integral_mean=0.000005 integral_std=0.000178 log_ratio=0.0000 accept=1.0000 swapped=True
i=3 pair=(1,5) lam_t=0.99429 lam_s=0.99857 tsr_diff=0.000400 integral_mean=-0.000026 integral_std=0.000412 log_ratio=-0.0622 accept=0.9397 swapped=True
i=3 pair=(0,7) lam_t=1.00286 lam_s=1.00714 tsr_diff=0.000400 integral_mean=0.000022 integral_std=0.000442 log_ratio=0.0000 accept=1.0000 swapped=True
i=3 pair=(2,6) lam_t=1.01143 lam_s=1.01571 tsr_diff=0.000399 integral_mean=-0.000005 integral_std=0.000411 log_ratio=-0.0110 accept=0.9890 swapped=True
i=4 pair=(3,5) lam_t=0.99000 lam_s=0.99429 tsr_diff=0.000695 integral_mean=0.000000 integral_std=0.000677 log_ratio=0.0000 accept=1.0000 swapped=True
i=4 pair=(1,7) lam_t=0.99857 lam_s=1.00286 tsr_diff=0.000693 integral_mean=-0.000035 integral_std=0.000717 log_ratio=-0.0831 accept=0.9202 swapped=True
i=4 pair=(0,6) lam_t=1.00714 lam_s=1.01143 tsr_diff=0.000691 integral_mean=0.000022 integral_std=0.000680 log_ratio=0.0000 accept=1.0000 swapped=True
i=4 pair=(2,4) lam_t=1.01571 lam_s=1.02000 tsr_diff=0.000689 integral_mean=-0.000001 integral_std=0.000738 log_ratio=-0.0022 accept=0.9979 swapped=True
i=5 pair=(3,7) lam_t=0.99429 lam_s=0.99857 tsr_diff=0.001051 integral_mean=-0.000053 integral_std=0.001080 log_ratio=-0.1262 accept=0.8814 swapped=True
i=5 pair=(1,6) lam_t=1.00286 lam_s=1.00714 tsr_diff=0.001046 integral_mean=0.000007 integral_std=0.001053 log_ratio=0.0000 accept=1.0000 swapped=True
i=5 pair=(0,4) lam_t=1.01143 lam_s=1.01571 tsr_diff=0.001042 integral_mean=0.000003 integral_std=0.001089 log_ratio=0.0000 accept=1.0000 swapped=True
i=6 pair=(5,7) lam_t=0.99000 lam_s=0.99429 tsr_diff=0.001459 integral_mean=-0.000108 integral_std=0.001604 log_ratio=-0.2588 accept=0.7720 swapped=True
i=6 pair=(3,6) lam_t=0.99857 lam_s=1.00286 tsr_diff=0.001450 integral_mean=0.000046 integral_std=0.001413 log_ratio=0.0000 accept=1.0000 swapped=True
i=6 pair=(1,4) lam_t=1.00714 lam_s=1.01143 tsr_diff=0.001442 integral_mean=-0.000041 integral_std=0.001511 log_ratio=-0.0981 accept=0.9065 swapped=True
i=6 pair=(0,2) lam_t=1.01571 lam_s=1.02000 tsr_diff=0.001433 integral_mean=-0.000039 integral_std=0.001533 log_ratio=-0.0946 accept=0.9097 swapped=True
i=7 pair=(5,6) lam_t=0.99429 lam_s=0.99857 tsr_diff=0.001888 integral_mean=0.000072 integral_std=0.001763 log_ratio=0.0000 accept=1.0000 swapped=True
i=7 pair=(3,4) lam_t=1.00286 lam_s=1.00714 tsr_diff=0.001874 integral_mean=-0.000005 integral_std=0.001860 log_ratio=-0.0114 accept=0.9887 swapped=True
i=7 pair=(1,2) lam_t=1.01143 lam_s=1.01571 tsr_diff=0.001860 integral_mean=-0.000019 integral_std=0.001930 log_ratio=-0.0454 accept=0.9556 swapped=True
i=8 pair=(7,6) lam_t=0.99000 lam_s=0.99429 tsr_diff=0.002345 integral_mean=0.000032 integral_std=0.002465 log_ratio=0.0000 accept=1.0000 swapped=True
i=8 pair=(5,4) lam_t=0.99857 lam_s=1.00286 tsr_diff=0.002323 integral_mean=0.000030 integral_std=0.002368 log_ratio=0.0000 accept=1.0000 swapped=True
i=8 pair=(3,2) lam_t=1.00714 lam_s=1.01143 tsr_diff=0.002302 integral_mean=-0.000103 integral_std=0.002353 log_ratio=-0.2479 accept=0.7804 swapped=True
i=8 pair=(1,0) lam_t=1.01571 lam_s=1.02000 tsr_diff=0.002281 integral_mean=0.000048 integral_std=0.002602 log_ratio=0.0000 accept=1.0000 swapped=True
i=9 pair=(7,4) lam_t=0.99429 lam_s=0.99857 tsr_diff=0.002773 integral_mean=0.000224 integral_std=0.003712 log_ratio=0.0000 accept=1.0000 swapped=True
i=9 pair=(5,2) lam_t=1.00286 lam_s=1.00714 tsr_diff=0.002742 integral_mean=-0.000115 integral_std=0.003245 log_ratio=-0.2758 accept=0.7590 swapped=True
i=9 pair=(3,0) lam_t=1.01143 lam_s=1.01571 tsr_diff=0.002712 integral_mean=-0.000077 integral_std=0.002862 log_ratio=-0.1840 accept=0.8320 swapped=True
i=10 pair=(6,4) lam_t=0.99000 lam_s=0.99429 tsr_diff=0.003206 integral_mean=-0.000046 integral_std=0.003199 log_ratio=-0.1112 accept=0.8948 swapped=True
i=10 pair=(7,2) lam_t=0.99857 lam_s=1.00286 tsr_diff=0.003165 integral_mean=0.000456 integral_std=0.004526 log_ratio=0.0000 accept=1.0000 swapped=True
i=10 pair=(5,0) lam_t=1.00714 lam_s=1.01143 tsr_diff=0.003125 integral_mean=0.000003 integral_std=0.004209 log_ratio=0.0000 accept=1.0000 swapped=True
i=10 pair=(3,1) lam_t=1.01571 lam_s=1.02000 tsr_diff=0.003086 integral_mean=-0.000102 integral_std=0.003163 log_ratio=-0.2446 accept=0.7830 swapped=True
i=11 pair=(6,2) lam_t=0.99429 lam_s=0.99857 tsr_diff=0.003554 integral_mean=-0.000327 integral_std=0.004073 log_ratio=-0.7846 accept=0.4563 swapped=False
i=11 pair=(7,0) lam_t=1.00286 lam_s=1.00714 tsr_diff=0.003505 integral_mean=0.000265 integral_std=0.008788 log_ratio=0.0000 accept=1.0000 swapped=True
i=11 pair=(5,1) lam_t=1.01143 lam_s=1.01571 tsr_diff=0.003456 integral_mean=-0.000402 integral_std=0.004648 log_ratio=-0.9652 accept=0.3809 swapped=False
i=12 pair=(4,6) lam_t=0.99000 lam_s=0.99429 tsr_diff=0.003894 integral_mean=0.000232 integral_std=0.005315 log_ratio=0.0000 accept=1.0000 swapped=True
i=12 pair=(2,0) lam_t=0.99857 lam_s=1.00286 tsr_diff=0.003834 integral_mean=-0.001019 integral_std=0.009323 log_ratio=-2.4467 accept=0.0866 swapped=False
i=12 pair=(7,5) lam_t=1.00714 lam_s=1.01143 tsr_diff=0.003776 integral_mean=0.000998 integral_std=0.007711 log_ratio=0.0000 accept=1.0000 swapped=True
i=12 pair=(1,3) lam_t=1.01571 lam_s=1.02000 tsr_diff=0.003719 integral_mean=0.000150 integral_std=0.004181 log_ratio=0.0000 accept=1.0000 swapped=True
i=13 pair=(4,2) lam_t=0.99429 lam_s=0.99857 tsr_diff=0.004100 integral_mean=0.000130 integral_std=0.008673 log_ratio=0.0000 accept=1.0000 swapped=True
i=13 pair=(0,5) lam_t=1.00286 lam_s=1.00714 tsr_diff=0.004034 integral_mean=0.001668 integral_std=0.013067 log_ratio=0.0000 accept=1.0000 swapped=True
i=13 pair=(7,3) lam_t=1.01143 lam_s=1.01571 tsr_diff=0.003969 integral_mean=0.001627 integral_std=0.009442 log_ratio=0.0000 accept=1.0000 swapped=True
Best Sample: 3 log probability -0.436
Saved 1 samples to: logs/pointmaze-giant-navigate-v0/inference/plans/release_H400_T256_LimitsNormalizer_b1_condFalse/2026-07-15 11:53:30/7/0.png
Saved 1 samples to: logs/pointmaze-giant-navigate-v0/inference/plans/release_H400_T256_LimitsNormalizer_b1_condFalse/2026-07-15 11:53:30/7/rollout.png
i=0 pair=(0,1) lam_t=0.99000 lam_s=0.99429 tsr_diff=0.000000 integral_mean=0.000000 integral_std=0.000000 log_ratio=0.0000 accept=1.0000 swapped=True
i=0 pair=(2,3) lam_t=0.99857 lam_s=1.00286 tsr_diff=0.000000 integral_mean=0.000000 integral_std=0.000000 log_ratio=0.0000 accept=1.0000 swapped=True
i=0 pair=(4,5) lam_t=1.00714 lam_s=1.01143 tsr_diff=0.000000 integral_mean=0.000000 integral_std=0.000000 log_ratio=0.0000 accept=1.0000 swapped=True
i=0 pair=(6,7) lam_t=1.01571 lam_s=1.02000 tsr_diff=0.000000 integral_mean=0.000000 integral_std=0.000000 log_ratio=0.0000 accept=1.0000 swapped=True
i=1 pair=(0,3) lam_t=0.99429 lam_s=0.99857 tsr_diff=0.000046 integral_mean=-0.000000 integral_std=0.000049 log_ratio=-0.0005 accept=0.9995 swapped=True
i=1 pair=(2,5) lam_t=1.00286 lam_s=1.00714 tsr_diff=0.000046 integral_mean=0.000001 integral_std=0.000050 log_ratio=0.0000 accept=1.0000 swapped=True
i=1 pair=(4,7) lam_t=1.01143 lam_s=1.01571 tsr_diff=0.000046 integral_mean=-0.000001 integral_std=0.000045 log_ratio=-0.0028 accept=0.9972 swapped=True
i=2 pair=(1,3) lam_t=0.99000 lam_s=0.99429 tsr_diff=0.000181 integral_mean=0.000002 integral_std=0.000191 log_ratio=0.0000 accept=1.0000 swapped=True
i=2 pair=(0,5) lam_t=0.99857 lam_s=1.00286 tsr_diff=0.000181 integral_mean=0.000007 integral_std=0.000184 log_ratio=0.0000 accept=1.0000 swapped=True
i=2 pair=(2,7) lam_t=1.00714 lam_s=1.01143 tsr_diff=0.000181 integral_mean=-0.000011 integral_std=0.000202 log_ratio=-0.0258 accept=0.9745 swapped=True
i=2 pair=(4,6) lam_t=1.01571 lam_s=1.02000 tsr_diff=0.000181 integral_mean=-0.000008 integral_std=0.000177 log_ratio=-0.0186 accept=0.9816 swapped=True
i=3 pair=(1,5) lam_t=0.99429 lam_s=0.99857 tsr_diff=0.000400 integral_mean=-0.000007 integral_std=0.000394 log_ratio=-0.0172 accept=0.9830 swapped=True
i=3 pair=(0,7) lam_t=1.00286 lam_s=1.00714 tsr_diff=0.000400 integral_mean=-0.000001 integral_std=0.000425 log_ratio=-0.0036 accept=0.9964 swapped=True
i=3 pair=(2,6) lam_t=1.01143 lam_s=1.01571 tsr_diff=0.000399 integral_mean=0.000009 integral_std=0.000461 log_ratio=0.0000 accept=1.0000 swapped=True
i=4 pair=(3,5) lam_t=0.99000 lam_s=0.99429 tsr_diff=0.000695 integral_mean=0.000017 integral_std=0.000681 log_ratio=0.0000 accept=1.0000 swapped=True
i=4 pair=(1,7) lam_t=0.99857 lam_s=1.00286 tsr_diff=0.000693 integral_mean=0.000016 integral_std=0.000677 log_ratio=0.0000 accept=1.0000 swapped=True
i=4 pair=(0,6) lam_t=1.00714 lam_s=1.01143 tsr_diff=0.000691 integral_mean=-0.000052 integral_std=0.000733 log_ratio=-0.1259 accept=0.8817 swapped=True
i=4 pair=(2,4) lam_t=1.01571 lam_s=1.02000 tsr_diff=0.000689 integral_mean=-0.000004 integral_std=0.000693 log_ratio=-0.0100 accept=0.9901 swapped=True
i=5 pair=(3,7) lam_t=0.99429 lam_s=0.99857 tsr_diff=0.001051 integral_mean=0.000006 integral_std=0.001000 log_ratio=0.0000 accept=1.0000 swapped=True
i=5 pair=(1,6) lam_t=1.00286 lam_s=1.00714 tsr_diff=0.001046 integral_mean=-0.000030 integral_std=0.001050 log_ratio=-0.0713 accept=0.9312 swapped=True
i=5 pair=(0,4) lam_t=1.01143 lam_s=1.01571 tsr_diff=0.001042 integral_mean=-0.000090 integral_std=0.001176 log_ratio=-0.2172 accept=0.8048 swapped=True
i=6 pair=(5,7) lam_t=0.99000 lam_s=0.99429 tsr_diff=0.001459 integral_mean=0.000021 integral_std=0.001404 log_ratio=0.0000 accept=1.0000 swapped=True
i=6 pair=(3,6) lam_t=0.99857 lam_s=1.00286 tsr_diff=0.001450 integral_mean=-0.000080 integral_std=0.001569 log_ratio=-0.1919 accept=0.8254 swapped=True
i=6 pair=(1,4) lam_t=1.00714 lam_s=1.01143 tsr_diff=0.001442 integral_mean=-0.000002 integral_std=0.001497 log_ratio=-0.0052 accept=0.9948 swapped=True
i=6 pair=(0,2) lam_t=1.01571 lam_s=1.02000 tsr_diff=0.001433 integral_mean=0.000098 integral_std=0.001622 log_ratio=0.0000 accept=1.0000 swapped=True
i=7 pair=(5,6) lam_t=0.99429 lam_s=0.99857 tsr_diff=0.001888 integral_mean=-0.000048 integral_std=0.001943 log_ratio=-0.1164 accept=0.8901 swapped=True
i=7 pair=(3,4) lam_t=1.00286 lam_s=1.00714 tsr_diff=0.001874 integral_mean=-0.000026 integral_std=0.001779 log_ratio=-0.0621 accept=0.9398 swapped=True
i=7 pair=(1,2) lam_t=1.01143 lam_s=1.01571 tsr_diff=0.001860 integral_mean=0.000017 integral_std=0.001810 log_ratio=0.0000 accept=1.0000 swapped=True
i=8 pair=(7,6) lam_t=0.99000 lam_s=0.99429 tsr_diff=0.002345 integral_mean=-0.000100 integral_std=0.002642 log_ratio=-0.2410 accept=0.7858 swapped=False
i=8 pair=(5,4) lam_t=0.99857 lam_s=1.00286 tsr_diff=0.002323 integral_mean=0.000066 integral_std=0.002719 log_ratio=0.0000 accept=1.0000 swapped=True
i=8 pair=(3,2) lam_t=1.00714 lam_s=1.01143 tsr_diff=0.002302 integral_mean=-0.000191 integral_std=0.002383 log_ratio=-0.4578 accept=0.6327 swapped=False
i=8 pair=(1,0) lam_t=1.01571 lam_s=1.02000 tsr_diff=0.002281 integral_mean=-0.000069 integral_std=0.002398 log_ratio=-0.1660 accept=0.8471 swapped=True
i=9 pair=(6,4) lam_t=0.99429 lam_s=0.99857 tsr_diff=0.002773 integral_mean=0.000101 integral_std=0.003585 log_ratio=0.0000 accept=1.0000 swapped=True
i=9 pair=(5,3) lam_t=1.00286 lam_s=1.00714 tsr_diff=0.002742 integral_mean=0.000079 integral_std=0.003056 log_ratio=0.0000 accept=1.0000 swapped=True
i=9 pair=(2,0) lam_t=1.01143 lam_s=1.01571 tsr_diff=0.002712 integral_mean=-0.000036 integral_std=0.002719 log_ratio=-0.0869 accept=0.9168 swapped=True
i=10 pair=(7,4) lam_t=0.99000 lam_s=0.99429 tsr_diff=0.003206 integral_mean=-0.000096 integral_std=0.003857 log_ratio=-0.2315 accept=0.7933 swapped=True
i=10 pair=(6,3) lam_t=0.99857 lam_s=1.00286 tsr_diff=0.003165 integral_mean=0.000192 integral_std=0.004262 log_ratio=0.0000 accept=1.0000 swapped=True
i=10 pair=(5,0) lam_t=1.00714 lam_s=1.01143 tsr_diff=0.003125 integral_mean=0.000070 integral_std=0.003697 log_ratio=0.0000 accept=1.0000 swapped=True
i=10 pair=(2,1) lam_t=1.01571 lam_s=1.02000 tsr_diff=0.003086 integral_mean=-0.000014 integral_std=0.002655 log_ratio=-0.0341 accept=0.9665 swapped=True
i=11 pair=(7,3) lam_t=0.99429 lam_s=0.99857 tsr_diff=0.003554 integral_mean=0.000036 integral_std=0.003976 log_ratio=0.0000 accept=1.0000 swapped=True
i=11 pair=(6,0) lam_t=1.00286 lam_s=1.00714 tsr_diff=0.003505 integral_mean=0.000087 integral_std=0.005398 log_ratio=0.0000 accept=1.0000 swapped=True
i=11 pair=(5,1) lam_t=1.01143 lam_s=1.01571 tsr_diff=0.003456 integral_mean=-0.000010 integral_std=0.004075 log_ratio=-0.0246 accept=0.9757 swapped=True
i=12 pair=(4,3) lam_t=0.99000 lam_s=0.99429 tsr_diff=0.003894 integral_mean=0.000133 integral_std=0.004692 log_ratio=0.0000 accept=1.0000 swapped=True
i=12 pair=(7,0) lam_t=0.99857 lam_s=1.00286 tsr_diff=0.003834 integral_mean=-0.000381 integral_std=0.005448 log_ratio=-0.9137 accept=0.4010 swapped=True
i=12 pair=(6,1) lam_t=1.00714 lam_s=1.01143 tsr_diff=0.003776 integral_mean=0.000585 integral_std=0.008297 log_ratio=0.0000 accept=1.0000 swapped=True
i=12 pair=(5,2) lam_t=1.01571 lam_s=1.02000 tsr_diff=0.003719 integral_mean=0.000136 integral_std=0.005369 log_ratio=0.0000 accept=1.0000 swapped=True
i=13 pair=(4,0) lam_t=0.99429 lam_s=0.99857 tsr_diff=0.004100 integral_mean=-0.000113 integral_std=0.008914 log_ratio=-0.2720 accept=0.7619 swapped=False
i=13 pair=(7,1) lam_t=1.00286 lam_s=1.00714 tsr_diff=0.004034 integral_mean=-0.000061 integral_std=0.008715 log_ratio=-0.1473 accept=0.8630 swapped=True
i=13 pair=(6,2) lam_t=1.01143 lam_s=1.01571 tsr_diff=0.003969 integral_mean=0.000641 integral_std=0.010210 log_ratio=0.0000 accept=1.0000 swapped=True
Best Sample: 3 log probability -0.072
Saved 1 samples to: logs/pointmaze-giant-navigate-v0/inference/plans/release_H400_T256_LimitsNormalizer_b1_condFalse/2026-07-15 11:53:30/8/0.png
Saved 1 samples to: logs/pointmaze-giant-navigate-v0/inference/plans/release_H400_T256_LimitsNormalizer_b1_condFalse/2026-07-15 11:53:30/8/rollout.png
i=0 pair=(0,1) lam_t=0.99000 lam_s=0.99429 tsr_diff=0.000000 integral_mean=0.000000 integral_std=0.000000 log_ratio=0.0000 accept=1.0000 swapped=True
i=0 pair=(2,3) lam_t=0.99857 lam_s=1.00286 tsr_diff=0.000000 integral_mean=0.000000 integral_std=0.000000 log_ratio=0.0000 accept=1.0000 swapped=True
i=0 pair=(4,5) lam_t=1.00714 lam_s=1.01143 tsr_diff=0.000000 integral_mean=0.000000 integral_std=0.000000 log_ratio=0.0000 accept=1.0000 swapped=True
i=0 pair=(6,7) lam_t=1.01571 lam_s=1.02000 tsr_diff=0.000000 integral_mean=0.000000 integral_std=0.000000 log_ratio=0.0000 accept=1.0000 swapped=True
i=1 pair=(0,3) lam_t=0.99429 lam_s=0.99857 tsr_diff=0.000046 integral_mean=0.000001 integral_std=0.000046 log_ratio=0.0000 accept=1.0000 swapped=True
i=1 pair=(2,5) lam_t=1.00286 lam_s=1.00714 tsr_diff=0.000046 integral_mean=0.000000 integral_std=0.000045 log_ratio=0.0000 accept=1.0000 swapped=True
i=1 pair=(4,7) lam_t=1.01143 lam_s=1.01571 tsr_diff=0.000046 integral_mean=-0.000001 integral_std=0.000045 log_ratio=-0.0014 accept=0.9986 swapped=True
i=2 pair=(1,3) lam_t=0.99000 lam_s=0.99429 tsr_diff=0.000181 integral_mean=0.000000 integral_std=0.000183 log_ratio=0.0000 accept=1.0000 swapped=True
i=2 pair=(0,5) lam_t=0.99857 lam_s=1.00286 tsr_diff=0.000181 integral_mean=0.000003 integral_std=0.000180 log_ratio=0.0000 accept=1.0000 swapped=True
i=2 pair=(2,7) lam_t=1.00714 lam_s=1.01143 tsr_diff=0.000181 integral_mean=0.000009 integral_std=0.000221 log_ratio=0.0000 accept=1.0000 swapped=True
i=2 pair=(4,6) lam_t=1.01571 lam_s=1.02000 tsr_diff=0.000181 integral_mean=0.000003 integral_std=0.000174 log_ratio=0.0000 accept=1.0000 swapped=True
i=3 pair=(1,5) lam_t=0.99429 lam_s=0.99857 tsr_diff=0.000400 integral_mean=-0.000015 integral_std=0.000453 log_ratio=-0.0348 accept=0.9658 swapped=True
i=3 pair=(0,7) lam_t=1.00286 lam_s=1.00714 tsr_diff=0.000400 integral_mean=-0.000024 integral_std=0.000452 log_ratio=-0.0581 accept=0.9436 swapped=True
i=3 pair=(2,6) lam_t=1.01143 lam_s=1.01571 tsr_diff=0.000399 integral_mean=-0.000007 integral_std=0.000396 log_ratio=-0.0156 accept=0.9845 swapped=True
i=4 pair=(3,5) lam_t=0.99000 lam_s=0.99429 tsr_diff=0.000695 integral_mean=0.000029 integral_std=0.000714 log_ratio=0.0000 accept=1.0000 swapped=True
i=4 pair=(1,7) lam_t=0.99857 lam_s=1.00286 tsr_diff=0.000693 integral_mean=0.000025 integral_std=0.000743 log_ratio=0.0000 accept=1.0000 swapped=True
i=4 pair=(0,6) lam_t=1.00714 lam_s=1.01143 tsr_diff=0.000691 integral_mean=0.000029 integral_std=0.000723 log_ratio=0.0000 accept=1.0000 swapped=True
i=4 pair=(2,4) lam_t=1.01571 lam_s=1.02000 tsr_diff=0.000689 integral_mean=-0.000108 integral_std=0.000904 log_ratio=-0.2598 accept=0.7712 swapped=True
i=5 pair=(3,7) lam_t=0.99429 lam_s=0.99857 tsr_diff=0.001051 integral_mean=0.000050 integral_std=0.001190 log_ratio=0.0000 accept=1.0000 swapped=True
i=5 pair=(1,6) lam_t=1.00286 lam_s=1.00714 tsr_diff=0.001046 integral_mean=0.000060 integral_std=0.001142 log_ratio=0.0000 accept=1.0000 swapped=True
i=5 pair=(0,4) lam_t=1.01143 lam_s=1.01571 tsr_diff=0.001042 integral_mean=-0.000147 integral_std=0.001443 log_ratio=-0.3539 accept=0.7020 swapped=True
i=6 pair=(5,7) lam_t=0.99000 lam_s=0.99429 tsr_diff=0.001459 integral_mean=-0.000030 integral_std=0.001522 log_ratio=-0.0708 accept=0.9316 swapped=True
i=6 pair=(3,6) lam_t=0.99857 lam_s=1.00286 tsr_diff=0.001450 integral_mean=0.000032 integral_std=0.001529 log_ratio=0.0000 accept=1.0000 swapped=True
i=6 pair=(1,4) lam_t=1.00714 lam_s=1.01143 tsr_diff=0.001442 integral_mean=-0.000080 integral_std=0.001531 log_ratio=-0.1913 accept=0.8259 swapped=True
i=6 pair=(0,2) lam_t=1.01571 lam_s=1.02000 tsr_diff=0.001433 integral_mean=0.000035 integral_std=0.001532 log_ratio=0.0000 accept=1.0000 swapped=True
i=7 pair=(5,6) lam_t=0.99429 lam_s=0.99857 tsr_diff=0.001888 integral_mean=-0.000029 integral_std=0.001929 log_ratio=-0.0689 accept=0.9335 swapped=True
i=7 pair=(3,4) lam_t=1.00286 lam_s=1.00714 tsr_diff=0.001874 integral_mean=0.000030 integral_std=0.001891 log_ratio=0.0000 accept=1.0000 swapped=True
i=7 pair=(1,2) lam_t=1.01143 lam_s=1.01571 tsr_diff=0.001860 integral_mean=0.000026 integral_std=0.001775 log_ratio=0.0000 accept=1.0000 swapped=True
i=8 pair=(7,6) lam_t=0.99000 lam_s=0.99429 tsr_diff=0.002345 integral_mean=0.000036 integral_std=0.002608 log_ratio=0.0000 accept=1.0000 swapped=True
i=8 pair=(5,4) lam_t=0.99857 lam_s=1.00286 tsr_diff=0.002323 integral_mean=-0.000053 integral_std=0.002167 log_ratio=-0.1278 accept=0.8800 swapped=True
i=8 pair=(3,2) lam_t=1.00714 lam_s=1.01143 tsr_diff=0.002302 integral_mean=0.000082 integral_std=0.002360 log_ratio=0.0000 accept=1.0000 swapped=True
i=8 pair=(1,0) lam_t=1.01571 lam_s=1.02000 tsr_diff=0.002281 integral_mean=0.000022 integral_std=0.002552 log_ratio=0.0000 accept=1.0000 swapped=True
i=9 pair=(7,4) lam_t=0.99429 lam_s=0.99857 tsr_diff=0.002773 integral_mean=0.000111 integral_std=0.002803 log_ratio=0.0000 accept=1.0000 swapped=True
i=9 pair=(5,2) lam_t=1.00286 lam_s=1.00714 tsr_diff=0.002742 integral_mean=-0.000041 integral_std=0.002796 log_ratio=-0.0978 accept=0.9069 swapped=True
i=9 pair=(3,0) lam_t=1.01143 lam_s=1.01571 tsr_diff=0.002712 integral_mean=0.000058 integral_std=0.002980 log_ratio=0.0000 accept=1.0000 swapped=True
i=10 pair=(6,4) lam_t=0.99000 lam_s=0.99429 tsr_diff=0.003206 integral_mean=0.000061 integral_std=0.003525 log_ratio=0.0000 accept=1.0000 swapped=True
i=10 pair=(7,2) lam_t=0.99857 lam_s=1.00286 tsr_diff=0.003165 integral_mean=0.000040 integral_std=0.003829 log_ratio=0.0000 accept=1.0000 swapped=True
i=10 pair=(5,0) lam_t=1.00714 lam_s=1.01143 tsr_diff=0.003125 integral_mean=-0.000359 integral_std=0.004020 log_ratio=-0.8623 accept=0.4222 swapped=False
i=10 pair=(3,1) lam_t=1.01571 lam_s=1.02000 tsr_diff=0.003086 integral_mean=0.000559 integral_std=0.004742 log_ratio=0.0000 accept=1.0000 swapped=True
i=11 pair=(6,2) lam_t=0.99429 lam_s=0.99857 tsr_diff=0.003554 integral_mean=-0.000062 integral_std=0.004358 log_ratio=-0.1499 accept=0.8608 swapped=True
i=11 pair=(7,5) lam_t=1.00286 lam_s=1.00714 tsr_diff=0.003505 integral_mean=-0.000164 integral_std=0.004547 log_ratio=-0.3939 accept=0.6744 swapped=True
i=11 pair=(0,1) lam_t=1.01143 lam_s=1.01571 tsr_diff=0.003456 integral_mean=0.000335 integral_std=0.005539 log_ratio=0.0000 accept=1.0000 swapped=True
i=12 pair=(4,2) lam_t=0.99000 lam_s=0.99429 tsr_diff=0.003894 integral_mean=0.000450 integral_std=0.006406 log_ratio=0.0000 accept=1.0000 swapped=True
i=12 pair=(6,5) lam_t=0.99857 lam_s=1.00286 tsr_diff=0.003834 integral_mean=0.000365 integral_std=0.005084 log_ratio=0.0000 accept=1.0000 swapped=True
i=12 pair=(7,1) lam_t=1.00714 lam_s=1.01143 tsr_diff=0.003776 integral_mean=0.000192 integral_std=0.004726 log_ratio=0.0000 accept=1.0000 swapped=True
i=12 pair=(0,3) lam_t=1.01571 lam_s=1.02000 tsr_diff=0.003719 integral_mean=-0.000085 integral_std=0.006608 log_ratio=-0.2035 accept=0.8158 swapped=True
i=13 pair=(4,5) lam_t=0.99429 lam_s=0.99857 tsr_diff=0.004100 integral_mean=0.001248 integral_std=0.010504 log_ratio=0.0000 accept=1.0000 swapped=True
i=13 pair=(6,1) lam_t=1.00286 lam_s=1.00714 tsr_diff=0.004034 integral_mean=0.000255 integral_std=0.008562 log_ratio=0.0000 accept=1.0000 swapped=True
i=13 pair=(7,3) lam_t=1.01143 lam_s=1.01571 tsr_diff=0.003969 integral_mean=0.000050 integral_std=0.010695 log_ratio=0.0000 accept=1.0000 swapped=True
Best Sample: 5 log probability 0.000
Saved 1 samples to: logs/pointmaze-giant-navigate-v0/inference/plans/release_H400_T256_LimitsNormalizer_b1_condFalse/2026-07-15 11:53:30/9/0.png
Saved 1 samples to: logs/pointmaze-giant-navigate-v0/inference/plans/release_H400_T256_LimitsNormalizer_b1_condFalse/2026-07-15 11:53:30/9/rollout.png
i=0 pair=(0,1) lam_t=0.99000 lam_s=0.99429 tsr_diff=0.000000 integral_mean=0.000000 integral_std=0.000000 log_ratio=0.0000 accept=1.0000 swapped=True
i=0 pair=(2,3) lam_t=0.99857 lam_s=1.00286 tsr_diff=0.000000 integral_mean=0.000000 integral_std=0.000000 log_ratio=0.0000 accept=1.0000 swapped=True
i=0 pair=(4,5) lam_t=1.00714 lam_s=1.01143 tsr_diff=0.000000 integral_mean=0.000000 integral_std=0.000000 log_ratio=0.0000 accept=1.0000 swapped=True
i=0 pair=(6,7) lam_t=1.01571 lam_s=1.02000 tsr_diff=0.000000 integral_mean=0.000000 integral_std=0.000000 log_ratio=0.0000 accept=1.0000 swapped=True
i=1 pair=(0,3) lam_t=0.99429 lam_s=0.99857 tsr_diff=0.000046 integral_mean=0.000000 integral_std=0.000046 log_ratio=0.0000 accept=1.0000 swapped=True
i=1 pair=(2,5) lam_t=1.00286 lam_s=1.00714 tsr_diff=0.000046 integral_mean=-0.000001 integral_std=0.000046 log_ratio=-0.0030 accept=0.9970 swapped=True
i=1 pair=(4,7) lam_t=1.01143 lam_s=1.01571 tsr_diff=0.000046 integral_mean=0.000002 integral_std=0.000046 log_ratio=0.0000 accept=1.0000 swapped=True
i=2 pair=(1,3) lam_t=0.99000 lam_s=0.99429 tsr_diff=0.000181 integral_mean=0.000001 integral_std=0.000178 log_ratio=0.0000 accept=1.0000 swapped=True
i=2 pair=(0,5) lam_t=0.99857 lam_s=1.00286 tsr_diff=0.000181 integral_mean=-0.000005 integral_std=0.000177 log_ratio=-0.0127 accept=0.9874 swapped=True
i=2 pair=(2,7) lam_t=1.00714 lam_s=1.01143 tsr_diff=0.000181 integral_mean=-0.000001 integral_std=0.000191 log_ratio=-0.0019 accept=0.9981 swapped=True
i=2 pair=(4,6) lam_t=1.01571 lam_s=1.02000 tsr_diff=0.000181 integral_mean=0.000007 integral_std=0.000183 log_ratio=0.0000 accept=1.0000 swapped=True
i=3 pair=(1,5) lam_t=0.99429 lam_s=0.99857 tsr_diff=0.000400 integral_mean=-0.000007 integral_std=0.000490 log_ratio=-0.0159 accept=0.9842 swapped=True
i=3 pair=(0,7) lam_t=1.00286 lam_s=1.00714 tsr_diff=0.000400 integral_mean=0.000009 integral_std=0.000418 log_ratio=0.0000 accept=1.0000 swapped=True
i=3 pair=(2,6) lam_t=1.01143 lam_s=1.01571 tsr_diff=0.000399 integral_mean=-0.000005 integral_std=0.000398 log_ratio=-0.0124 accept=0.9877 swapped=True
i=4 pair=(3,5) lam_t=0.99000 lam_s=0.99429 tsr_diff=0.000695 integral_mean=-0.000031 integral_std=0.000775 log_ratio=-0.0746 accept=0.9281 swapped=True
i=4 pair=(1,7) lam_t=0.99857 lam_s=1.00286 tsr_diff=0.000693 integral_mean=-0.000008 integral_std=0.000686 log_ratio=-0.0187 accept=0.9815 swapped=True
i=4 pair=(0,6) lam_t=1.00714 lam_s=1.01143 tsr_diff=0.000691 integral_mean=0.000020 integral_std=0.000661 log_ratio=0.0000 accept=1.0000 swapped=True
i=4 pair=(2,4) lam_t=1.01571 lam_s=1.02000 tsr_diff=0.000689 integral_mean=-0.000050 integral_std=0.000735 log_ratio=-0.1200 accept=0.8870 swapped=True
i=5 pair=(3,7) lam_t=0.99429 lam_s=0.99857 tsr_diff=0.001051 integral_mean=0.000020 integral_std=0.001038 log_ratio=0.0000 accept=1.0000 swapped=True
i=5 pair=(1,6) lam_t=1.00286 lam_s=1.00714 tsr_diff=0.001046 integral_mean=0.000006 integral_std=0.001078 log_ratio=0.0000 accept=1.0000 swapped=True
i=5 pair=(0,4) lam_t=1.01143 lam_s=1.01571 tsr_diff=0.001042 integral_mean=0.000026 integral_std=0.001063 log_ratio=0.0000 accept=1.0000 swapped=True
i=6 pair=(5,7) lam_t=0.99000 lam_s=0.99429 tsr_diff=0.001459 integral_mean=0.000056 integral_std=0.001448 log_ratio=0.0000 accept=1.0000 swapped=True
i=6 pair=(3,6) lam_t=0.99857 lam_s=1.00286 tsr_diff=0.001450 integral_mean=-0.000001 integral_std=0.001591 log_ratio=-0.0014 accept=0.9986 swapped=True
i=6 pair=(1,4) lam_t=1.00714 lam_s=1.01143 tsr_diff=0.001442 integral_mean=-0.000000 integral_std=0.001511 log_ratio=-0.0007 accept=0.9993 swapped=True
i=6 pair=(0,2) lam_t=1.01571 lam_s=1.02000 tsr_diff=0.001433 integral_mean=-0.000075 integral_std=0.001581 log_ratio=-0.1792 accept=0.8359 swapped=True
i=7 pair=(5,6) lam_t=0.99429 lam_s=0.99857 tsr_diff=0.001888 integral_mean=0.000008 integral_std=0.002020 log_ratio=0.0000 accept=1.0000 swapped=True
i=7 pair=(3,4) lam_t=1.00286 lam_s=1.00714 tsr_diff=0.001874 integral_mean=0.000104 integral_std=0.001931 log_ratio=0.0000 accept=1.0000 swapped=True
i=7 pair=(1,2) lam_t=1.01143 lam_s=1.01571 tsr_diff=0.001860 integral_mean=-0.000071 integral_std=0.001921 log_ratio=-0.1711 accept=0.8428 swapped=True
i=8 pair=(7,6) lam_t=0.99000 lam_s=0.99429 tsr_diff=0.002345 integral_mean=-0.000036 integral_std=0.002363 log_ratio=-0.0856 accept=0.9180 swapped=True
i=8 pair=(5,4) lam_t=0.99857 lam_s=1.00286 tsr_diff=0.002323 integral_mean=0.000088 integral_std=0.002461 log_ratio=0.0000 accept=1.0000 swapped=True
i=8 pair=(3,2) lam_t=1.00714 lam_s=1.01143 tsr_diff=0.002302 integral_mean=-0.000004 integral_std=0.002583 log_ratio=-0.0099 accept=0.9902 swapped=True
i=8 pair=(1,0) lam_t=1.01571 lam_s=1.02000 tsr_diff=0.002281 integral_mean=-0.000116 integral_std=0.002514 log_ratio=-0.2781 accept=0.7572 swapped=False
i=9 pair=(7,4) lam_t=0.99429 lam_s=0.99857 tsr_diff=0.002773 integral_mean=-0.000074 integral_std=0.003578 log_ratio=-0.1785 accept=0.8365 swapped=True
i=9 pair=(5,2) lam_t=1.00286 lam_s=1.00714 tsr_diff=0.002742 integral_mean=-0.000009 integral_std=0.003580 log_ratio=-0.0206 accept=0.9796 swapped=True
i=9 pair=(3,1) lam_t=1.01143 lam_s=1.01571 tsr_diff=0.002712 integral_mean=0.000024 integral_std=0.003095 log_ratio=0.0000 accept=1.0000 swapped=True
i=10 pair=(6,4) lam_t=0.99000 lam_s=0.99429 tsr_diff=0.003206 integral_mean=-0.000004 integral_std=0.005161 log_ratio=-0.0099 accept=0.9902 swapped=True
i=10 pair=(7,2) lam_t=0.99857 lam_s=1.00286 tsr_diff=0.003165 integral_mean=-0.000318 integral_std=0.003878 log_ratio=-0.7641 accept=0.4658 swapped=True
i=10 pair=(5,1) lam_t=1.00714 lam_s=1.01143 tsr_diff=0.003125 integral_mean=0.000064 integral_std=0.004728 log_ratio=0.0000 accept=1.0000 swapped=True
i=10 pair=(3,0) lam_t=1.01571 lam_s=1.02000 tsr_diff=0.003086 integral_mean=0.000002 integral_std=0.004293 log_ratio=0.0000 accept=1.0000 swapped=True
i=11 pair=(6,2) lam_t=0.99429 lam_s=0.99857 tsr_diff=0.003554 integral_mean=-0.000081 integral_std=0.004592 log_ratio=-0.1945 accept=0.8233 swapped=True
i=11 pair=(7,1) lam_t=1.00286 lam_s=1.00714 tsr_diff=0.003505 integral_mean=-0.000104 integral_std=0.004276 log_ratio=-0.2487 accept=0.7798 swapped=True
i=11 pair=(5,0) lam_t=1.01143 lam_s=1.01571 tsr_diff=0.003456 integral_mean=-0.000317 integral_std=0.005791 log_ratio=-0.7608 accept=0.4673 swapped=False
i=12 pair=(4,2) lam_t=0.99000 lam_s=0.99429 tsr_diff=0.003894 integral_mean=-0.000163 integral_std=0.007483 log_ratio=-0.3918 accept=0.6759 swapped=True
i=12 pair=(6,1) lam_t=0.99857 lam_s=1.00286 tsr_diff=0.003834 integral_mean=-0.000121 integral_std=0.005863 log_ratio=-0.2914 accept=0.7472 swapped=True
i=12 pair=(7,5) lam_t=1.00714 lam_s=1.01143 tsr_diff=0.003776 integral_mean=-0.000319 integral_std=0.005811 log_ratio=-0.7650 accept=0.4653 swapped=False
i=12 pair=(0,3) lam_t=1.01571 lam_s=1.02000 tsr_diff=0.003719 integral_mean=-0.000071 integral_std=0.007580 log_ratio=-0.1701 accept=0.8436 swapped=True
i=13 pair=(4,1) lam_t=0.99429 lam_s=0.99857 tsr_diff=0.004100 integral_mean=0.000151 integral_std=0.009722 log_ratio=0.0000 accept=1.0000 swapped=True
i=13 pair=(6,7) lam_t=1.00286 lam_s=1.00714 tsr_diff=0.004034 integral_mean=0.000506 integral_std=0.007701 log_ratio=0.0000 accept=1.0000 swapped=True
i=13 pair=(5,3) lam_t=1.01143 lam_s=1.01571 tsr_diff=0.003969 integral_mean=-0.000340 integral_std=0.008485 log_ratio=-0.8162 accept=0.4421 swapped=False
Best Sample: 7 log probability -0.131
Saved 1 samples to: logs/pointmaze-giant-navigate-v0/inference/plans/release_H400_T256_LimitsNormalizer_b1_condFalse/2026-07-15 11:53:30/10/0.png
Saved 1 samples to: logs/pointmaze-giant-navigate-v0/inference/plans/release_H400_T256_LimitsNormalizer_b1_condFalse/2026-07-15 11:53:30/10/rollout.png
i=0 pair=(0,1) lam_t=0.99000 lam_s=0.99429 tsr_diff=0.000000 integral_mean=0.000000 integral_std=0.000000 log_ratio=0.0000 accept=1.0000 swapped=True
i=0 pair=(2,3) lam_t=0.99857 lam_s=1.00286 tsr_diff=0.000000 integral_mean=0.000000 integral_std=0.000000 log_ratio=0.0000 accept=1.0000 swapped=True
i=0 pair=(4,5) lam_t=1.00714 lam_s=1.01143 tsr_diff=0.000000 integral_mean=0.000000 integral_std=0.000000 log_ratio=0.0000 accept=1.0000 swapped=True
i=0 pair=(6,7) lam_t=1.01571 lam_s=1.02000 tsr_diff=0.000000 integral_mean=0.000000 integral_std=0.000000 log_ratio=0.0000 accept=1.0000 swapped=True
i=1 pair=(0,3) lam_t=0.99429 lam_s=0.99857 tsr_diff=0.000046 integral_mean=-0.000001 integral_std=0.000048 log_ratio=-0.0027 accept=0.9973 swapped=True
i=1 pair=(2,5) lam_t=1.00286 lam_s=1.00714 tsr_diff=0.000046 integral_mean=-0.000000 integral_std=0.000048 log_ratio=-0.0002 accept=0.9998 swapped=True
i=1 pair=(4,7) lam_t=1.01143 lam_s=1.01571 tsr_diff=0.000046 integral_mean=-0.000001 integral_std=0.000047 log_ratio=-0.0032 accept=0.9968 swapped=True
i=2 pair=(1,3) lam_t=0.99000 lam_s=0.99429 tsr_diff=0.000181 integral_mean=-0.000004 integral_std=0.000175 log_ratio=-0.0088 accept=0.9912 swapped=True
i=2 pair=(0,5) lam_t=0.99857 lam_s=1.00286 tsr_diff=0.000181 integral_mean=-0.000001 integral_std=0.000187 log_ratio=-0.0028 accept=0.9973 swapped=True
i=2 pair=(2,7) lam_t=1.00714 lam_s=1.01143 tsr_diff=0.000181 integral_mean=0.000002 integral_std=0.000175 log_ratio=0.0000 accept=1.0000 swapped=True
i=2 pair=(4,6) lam_t=1.01571 lam_s=1.02000 tsr_diff=0.000181 integral_mean=-0.000002 integral_std=0.000191 log_ratio=-0.0055 accept=0.9945 swapped=True
i=3 pair=(1,5) lam_t=0.99429 lam_s=0.99857 tsr_diff=0.000400 integral_mean=-0.000003 integral_std=0.000395 log_ratio=-0.0084 accept=0.9917 swapped=True
i=3 pair=(0,7) lam_t=1.00286 lam_s=1.00714 tsr_diff=0.000400 integral_mean=0.000002 integral_std=0.000393 log_ratio=0.0000 accept=1.0000 swapped=True
i=3 pair=(2,6) lam_t=1.01143 lam_s=1.01571 tsr_diff=0.000399 integral_mean=-0.000042 integral_std=0.000495 log_ratio=-0.1016 accept=0.9034 swapped=True
i=4 pair=(3,5) lam_t=0.99000 lam_s=0.99429 tsr_diff=0.000695 integral_mean=-0.000005 integral_std=0.000694 log_ratio=-0.0120 accept=0.9880 swapped=True
i=4 pair=(1,7) lam_t=0.99857 lam_s=1.00286 tsr_diff=0.000693 integral_mean=0.000006 integral_std=0.000724 log_ratio=0.0000 accept=1.0000 swapped=True
i=4 pair=(0,6) lam_t=1.00714 lam_s=1.01143 tsr_diff=0.000691 integral_mean=0.000001 integral_std=0.000727 log_ratio=0.0000 accept=1.0000 swapped=True
i=4 pair=(2,4) lam_t=1.01571 lam_s=1.02000 tsr_diff=0.000689 integral_mean=0.000020 integral_std=0.000717 log_ratio=0.0000 accept=1.0000 swapped=True
i=5 pair=(3,7) lam_t=0.99429 lam_s=0.99857 tsr_diff=0.001051 integral_mean=0.000023 integral_std=0.001118 log_ratio=0.0000 accept=1.0000 swapped=True
i=5 pair=(1,6) lam_t=1.00286 lam_s=1.00714 tsr_diff=0.001046 integral_mean=0.000140 integral_std=0.001202 log_ratio=0.0000 accept=1.0000 swapped=True
i=5 pair=(0,4) lam_t=1.01143 lam_s=1.01571 tsr_diff=0.001042 integral_mean=-0.000000 integral_std=0.001037 log_ratio=-0.0008 accept=0.9992 swapped=True
i=6 pair=(5,7) lam_t=0.99000 lam_s=0.99429 tsr_diff=0.001459 integral_mean=0.000049 integral_std=0.001453 log_ratio=0.0000 accept=1.0000 swapped=True
i=6 pair=(3,6) lam_t=0.99857 lam_s=1.00286 tsr_diff=0.001450 integral_mean=0.000018 integral_std=0.001410 log_ratio=0.0000 accept=1.0000 swapped=True
i=6 pair=(1,4) lam_t=1.00714 lam_s=1.01143 tsr_diff=0.001442 integral_mean=0.000316 integral_std=0.002245 log_ratio=0.0000 accept=1.0000 swapped=True
i=6 pair=(0,2) lam_t=1.01571 lam_s=1.02000 tsr_diff=0.001433 integral_mean=0.000043 integral_std=0.001385 log_ratio=0.0000 accept=1.0000 swapped=True
i=7 pair=(5,6) lam_t=0.99429 lam_s=0.99857 tsr_diff=0.001888 integral_mean=0.000027 integral_std=0.001972 log_ratio=0.0000 accept=1.0000 swapped=True
i=7 pair=(3,4) lam_t=1.00286 lam_s=1.00714 tsr_diff=0.001874 integral_mean=0.000087 integral_std=0.001908 log_ratio=0.0000 accept=1.0000 swapped=True
i=7 pair=(1,2) lam_t=1.01143 lam_s=1.01571 tsr_diff=0.001860 integral_mean=0.000701 integral_std=0.003700 log_ratio=0.0000 accept=1.0000 swapped=True
i=8 pair=(7,6) lam_t=0.99000 lam_s=0.99429 tsr_diff=0.002345 integral_mean=-0.000024 integral_std=0.002523 log_ratio=-0.0576 accept=0.9441 swapped=True
i=8 pair=(5,4) lam_t=0.99857 lam_s=1.00286 tsr_diff=0.002323 integral_mean=-0.000023 integral_std=0.002231 log_ratio=-0.0557 accept=0.9458 swapped=True
i=8 pair=(3,2) lam_t=1.00714 lam_s=1.01143 tsr_diff=0.002302 integral_mean=-0.000041 integral_std=0.002505 log_ratio=-0.0990 accept=0.9057 swapped=True
i=8 pair=(1,0) lam_t=1.01571 lam_s=1.02000 tsr_diff=0.002281 integral_mean=0.000690 integral_std=0.003899 log_ratio=0.0000 accept=1.0000 swapped=True
i=9 pair=(7,4) lam_t=0.99429 lam_s=0.99857 tsr_diff=0.002773 integral_mean=-0.000167 integral_std=0.002666 log_ratio=-0.4009 accept=0.6697 swapped=True
i=9 pair=(5,2) lam_t=1.00286 lam_s=1.00714 tsr_diff=0.002742 integral_mean=0.000006 integral_std=0.002961 log_ratio=0.0000 accept=1.0000 swapped=True
i=9 pair=(3,0) lam_t=1.01143 lam_s=1.01571 tsr_diff=0.002712 integral_mean=-0.000132 integral_std=0.002970 log_ratio=-0.3163 accept=0.7289 swapped=False
i=10 pair=(6,4) lam_t=0.99000 lam_s=0.99429 tsr_diff=0.003206 integral_mean=-0.000083 integral_std=0.004291 log_ratio=-0.1983 accept=0.8201 swapped=True
i=10 pair=(7,2) lam_t=0.99857 lam_s=1.00286 tsr_diff=0.003165 integral_mean=-0.000081 integral_std=0.002706 log_ratio=-0.1933 accept=0.8242 swapped=True
i=10 pair=(5,3) lam_t=1.00714 lam_s=1.01143 tsr_diff=0.003125 integral_mean=0.000071 integral_std=0.004249 log_ratio=0.0000 accept=1.0000 swapped=True
i=10 pair=(0,1) lam_t=1.01571 lam_s=1.02000 tsr_diff=0.003086 integral_mean=-0.000800 integral_std=0.005272 log_ratio=-1.9207 accept=0.1465 swapped=False
i=11 pair=(6,2) lam_t=0.99429 lam_s=0.99857 tsr_diff=0.003554 integral_mean=-0.000005 integral_std=0.005099 log_ratio=-0.0116 accept=0.9885 swapped=True
i=11 pair=(7,3) lam_t=1.00286 lam_s=1.00714 tsr_diff=0.003505 integral_mean=-0.000020 integral_std=0.004143 log_ratio=-0.0478 accept=0.9533 swapped=True
i=11 pair=(5,0) lam_t=1.01143 lam_s=1.01571 tsr_diff=0.003456 integral_mean=-0.000017 integral_std=0.003949 log_ratio=-0.0397 accept=0.9611 swapped=True
i=12 pair=(4,2) lam_t=0.99000 lam_s=0.99429 tsr_diff=0.003894 integral_mean=0.000405 integral_std=0.005120 log_ratio=0.0000 accept=1.0000 swapped=True
i=12 pair=(6,3) lam_t=0.99857 lam_s=1.00286 tsr_diff=0.003834 integral_mean=0.000155 integral_std=0.004538 log_ratio=0.0000 accept=1.0000 swapped=True
i=12 pair=(7,0) lam_t=1.00714 lam_s=1.01143 tsr_diff=0.003776 integral_mean=0.000002 integral_std=0.003230 log_ratio=0.0000 accept=1.0000 swapped=True
i=12 pair=(5,1) lam_t=1.01571 lam_s=1.02000 tsr_diff=0.003719 integral_mean=-0.001100 integral_std=0.009633 log_ratio=-2.6399 accept=0.0714 swapped=False
i=13 pair=(4,3) lam_t=0.99429 lam_s=0.99857 tsr_diff=0.004100 integral_mean=0.000239 integral_std=0.009250 log_ratio=0.0000 accept=1.0000 swapped=True
i=13 pair=(6,0) lam_t=1.00286 lam_s=1.00714 tsr_diff=0.004034 integral_mean=0.000016 integral_std=0.008771 log_ratio=0.0000 accept=1.0000 swapped=True
i=13 pair=(7,5) lam_t=1.01143 lam_s=1.01571 tsr_diff=0.003969 integral_mean=-0.000504 integral_std=0.006842 log_ratio=-1.2093 accept=0.2984 swapped=False
Best Sample: 0 log probability -0.066
Saved 1 samples to: logs/pointmaze-giant-navigate-v0/inference/plans/release_H400_T256_LimitsNormalizer_b1_condFalse/2026-07-15 11:53:30/11/0.png
Saved 1 samples to: logs/pointmaze-giant-navigate-v0/inference/plans/release_H400_T256_LimitsNormalizer_b1_condFalse/2026-07-15 11:53:30/11/rollout.png
i=0 pair=(0,1) lam_t=0.99000 lam_s=0.99429 tsr_diff=0.000000 integral_mean=0.000000 integral_std=0.000000 log_ratio=0.0000 accept=1.0000 swapped=True
i=0 pair=(2,3) lam_t=0.99857 lam_s=1.00286 tsr_diff=0.000000 integral_mean=0.000000 integral_std=0.000000 log_ratio=0.0000 accept=1.0000 swapped=True
i=0 pair=(4,5) lam_t=1.00714 lam_s=1.01143 tsr_diff=0.000000 integral_mean=0.000000 integral_std=0.000000 log_ratio=0.0000 accept=1.0000 swapped=True
i=0 pair=(6,7) lam_t=1.01571 lam_s=1.02000 tsr_diff=0.000000 integral_mean=0.000000 integral_std=0.000000 log_ratio=0.0000 accept=1.0000 swapped=True
i=1 pair=(0,3) lam_t=0.99429 lam_s=0.99857 tsr_diff=0.000046 integral_mean=0.000000 integral_std=0.000057 log_ratio=0.0000 accept=1.0000 swapped=True
i=1 pair=(2,5) lam_t=1.00286 lam_s=1.00714 tsr_diff=0.000046 integral_mean=-0.000000 integral_std=0.000044 log_ratio=-0.0003 accept=0.9997 swapped=True
i=1 pair=(4,7) lam_t=1.01143 lam_s=1.01571 tsr_diff=0.000046 integral_mean=-0.000002 integral_std=0.000049 log_ratio=-0.0040 accept=0.9960 swapped=True
i=2 pair=(1,3) lam_t=0.99000 lam_s=0.99429 tsr_diff=0.000181 integral_mean=0.000006 integral_std=0.000187 log_ratio=0.0000 accept=1.0000 swapped=True
i=2 pair=(0,5) lam_t=0.99857 lam_s=1.00286 tsr_diff=0.000181 integral_mean=0.000015 integral_std=0.000191 log_ratio=0.0000 accept=1.0000 swapped=True
i=2 pair=(2,7) lam_t=1.00714 lam_s=1.01143 tsr_diff=0.000181 integral_mean=0.000002 integral_std=0.000197 log_ratio=0.0000 accept=1.0000 swapped=True
i=2 pair=(4,6) lam_t=1.01571 lam_s=1.02000 tsr_diff=0.000181 integral_mean=-0.000005 integral_std=0.000175 log_ratio=-0.0121 accept=0.9880 swapped=True
i=3 pair=(1,5) lam_t=0.99429 lam_s=0.99857 tsr_diff=0.000400 integral_mean=0.000002 integral_std=0.000410 log_ratio=0.0000 accept=1.0000 swapped=True
i=3 pair=(0,7) lam_t=1.00286 lam_s=1.00714 tsr_diff=0.000400 integral_mean=-0.000027 integral_std=0.000439 log_ratio=-0.0645 accept=0.9375 swapped=True
i=3 pair=(2,6) lam_t=1.01143 lam_s=1.01571 tsr_diff=0.000399 integral_mean=0.000020 integral_std=0.000418 log_ratio=0.0000 accept=1.0000 swapped=True
i=4 pair=(3,5) lam_t=0.99000 lam_s=0.99429 tsr_diff=0.000695 integral_mean=-0.000021 integral_std=0.000716 log_ratio=-0.0496 accept=0.9517 swapped=True
i=4 pair=(1,7) lam_t=0.99857 lam_s=1.00286 tsr_diff=0.000693 integral_mean=0.000012 integral_std=0.000778 log_ratio=0.0000 accept=1.0000 swapped=True
i=4 pair=(0,6) lam_t=1.00714 lam_s=1.01143 tsr_diff=0.000691 integral_mean=0.000022 integral_std=0.000718 log_ratio=0.0000 accept=1.0000 swapped=True
i=4 pair=(2,4) lam_t=1.01571 lam_s=1.02000 tsr_diff=0.000689 integral_mean=0.000004 integral_std=0.000700 log_ratio=0.0000 accept=1.0000 swapped=True
i=5 pair=(3,7) lam_t=0.99429 lam_s=0.99857 tsr_diff=0.001051 integral_mean=-0.000047 integral_std=0.001061 log_ratio=-0.1118 accept=0.8942 swapped=True
i=5 pair=(1,6) lam_t=1.00286 lam_s=1.00714 tsr_diff=0.001046 integral_mean=0.000026 integral_std=0.001008 log_ratio=0.0000 accept=1.0000 swapped=True
i=5 pair=(0,4) lam_t=1.01143 lam_s=1.01571 tsr_diff=0.001042 integral_mean=0.000027 integral_std=0.001052 log_ratio=0.0000 accept=1.0000 swapped=True
i=6 pair=(5,7) lam_t=0.99000 lam_s=0.99429 tsr_diff=0.001459 integral_mean=-0.000042 integral_std=0.001512 log_ratio=-0.1000 accept=0.9049 swapped=True
i=6 pair=(3,6) lam_t=0.99857 lam_s=1.00286 tsr_diff=0.001450 integral_mean=-0.000025 integral_std=0.001346 log_ratio=-0.0611 accept=0.9407 swapped=True
i=6 pair=(1,4) lam_t=1.00714 lam_s=1.01143 tsr_diff=0.001442 integral_mean=0.000017 integral_std=0.001451 log_ratio=0.0000 accept=1.0000 swapped=True
i=6 pair=(0,2) lam_t=1.01571 lam_s=1.02000 tsr_diff=0.001433 integral_mean=0.000005 integral_std=0.001510 log_ratio=0.0000 accept=1.0000 swapped=True
i=7 pair=(5,6) lam_t=0.99429 lam_s=0.99857 tsr_diff=0.001888 integral_mean=-0.000002 integral_std=0.001968 log_ratio=-0.0045 accept=0.9955 swapped=True
i=7 pair=(3,4) lam_t=1.00286 lam_s=1.00714 tsr_diff=0.001874 integral_mean=0.000108 integral_std=0.001724 log_ratio=0.0000 accept=1.0000 swapped=True
i=7 pair=(1,2) lam_t=1.01143 lam_s=1.01571 tsr_diff=0.001860 integral_mean=-0.000111 integral_std=0.002032 log_ratio=-0.2664 accept=0.7661 swapped=True
i=8 pair=(7,6) lam_t=0.99000 lam_s=0.99429 tsr_diff=0.002345 integral_mean=0.000102 integral_std=0.002570 log_ratio=0.0000 accept=1.0000 swapped=True
i=8 pair=(5,4) lam_t=0.99857 lam_s=1.00286 tsr_diff=0.002323 integral_mean=0.000095 integral_std=0.002476 log_ratio=0.0000 accept=1.0000 swapped=True
i=8 pair=(3,2) lam_t=1.00714 lam_s=1.01143 tsr_diff=0.002302 integral_mean=-0.000029 integral_std=0.002744 log_ratio=-0.0702 accept=0.9322 swapped=True
i=8 pair=(1,0) lam_t=1.01571 lam_s=1.02000 tsr_diff=0.002281 integral_mean=-0.000056 integral_std=0.002298 log_ratio=-0.1343 accept=0.8743 swapped=False
i=9 pair=(7,4) lam_t=0.99429 lam_s=0.99857 tsr_diff=0.002773 integral_mean=0.000128 integral_std=0.003083 log_ratio=0.0000 accept=1.0000 swapped=True
i=9 pair=(5,2) lam_t=1.00286 lam_s=1.00714 tsr_diff=0.002742 integral_mean=-0.000335 integral_std=0.003628 log_ratio=-0.8050 accept=0.4471 swapped=True
i=9 pair=(3,1) lam_t=1.01143 lam_s=1.01571 tsr_diff=0.002712 integral_mean=-0.000041 integral_std=0.002792 log_ratio=-0.0991 accept=0.9057 swapped=True
i=10 pair=(6,4) lam_t=0.99000 lam_s=0.99429 tsr_diff=0.003206 integral_mean=-0.000403 integral_std=0.003825 log_ratio=-0.9672 accept=0.3801 swapped=False
i=10 pair=(7,2) lam_t=0.99857 lam_s=1.00286 tsr_diff=0.003165 integral_mean=0.000060 integral_std=0.004783 log_ratio=0.0000 accept=1.0000 swapped=True
i=10 pair=(5,1) lam_t=1.00714 lam_s=1.01143 tsr_diff=0.003125 integral_mean=-0.000030 integral_std=0.003671 log_ratio=-0.0721 accept=0.9304 swapped=True
i=10 pair=(3,0) lam_t=1.01571 lam_s=1.02000 tsr_diff=0.003086 integral_mean=-0.000210 integral_std=0.003918 log_ratio=-0.5041 accept=0.6041 swapped=True
i=11 pair=(4,2) lam_t=0.99429 lam_s=0.99857 tsr_diff=0.003554 integral_mean=-0.000563 integral_std=0.007001 log_ratio=-1.3514 accept=0.2589 swapped=False
i=11 pair=(7,1) lam_t=1.00286 lam_s=1.00714 tsr_diff=0.003505 integral_mean=0.000070 integral_std=0.004810 log_ratio=0.0000 accept=1.0000 swapped=True
i=11 pair=(5,0) lam_t=1.01143 lam_s=1.01571 tsr_diff=0.003456 integral_mean=-0.000126 integral_std=0.005381 log_ratio=-0.3014 accept=0.7398 swapped=True
i=12 pair=(6,4) lam_t=0.99000 lam_s=0.99429 tsr_diff=0.003894 integral_mean=-0.000299 integral_std=0.003958 log_ratio=-0.7183 accept=0.4876 swapped=True
i=12 pair=(2,1) lam_t=0.99857 lam_s=1.00286 tsr_diff=0.003834 integral_mean=0.000584 integral_std=0.005752 log_ratio=0.0000 accept=1.0000 swapped=True
i=12 pair=(7,0) lam_t=1.00714 lam_s=1.01143 tsr_diff=0.003776 integral_mean=-0.000579 integral_std=0.007785 log_ratio=-1.3888 accept=0.2494 swapped=False
i=12 pair=(5,3) lam_t=1.01571 lam_s=1.02000 tsr_diff=0.003719 integral_mean=0.000020 integral_std=0.005516 log_ratio=0.0000 accept=1.0000 swapped=True
i=13 pair=(6,1) lam_t=0.99429 lam_s=0.99857 tsr_diff=0.004100 integral_mean=-0.000039 integral_std=0.006044 log_ratio=-0.0942 accept=0.9101 swapped=True
i=13 pair=(2,7) lam_t=1.00286 lam_s=1.00714 tsr_diff=0.004034 integral_mean=0.001373 integral_std=0.014589 log_ratio=0.0000 accept=1.0000 swapped=True
i=13 pair=(0,3) lam_t=1.01143 lam_s=1.01571 tsr_diff=0.003969 integral_mean=0.000456 integral_std=0.009654 log_ratio=0.0000 accept=1.0000 swapped=True
Best Sample: 6 log probability -0.451
Saved 1 samples to: logs/pointmaze-giant-navigate-v0/inference/plans/release_H400_T256_LimitsNormalizer_b1_condFalse/2026-07-15 11:53:30/12/0.png
Saved 1 samples to: logs/pointmaze-giant-navigate-v0/inference/plans/release_H400_T256_LimitsNormalizer_b1_condFalse/2026-07-15 11:53:30/12/rollout.png
i=0 pair=(0,1) lam_t=0.99000 lam_s=0.99429 tsr_diff=0.000000 integral_mean=0.000000 integral_std=0.000000 log_ratio=0.0000 accept=1.0000 swapped=True
i=0 pair=(2,3) lam_t=0.99857 lam_s=1.00286 tsr_diff=0.000000 integral_mean=0.000000 integral_std=0.000000 log_ratio=0.0000 accept=1.0000 swapped=True
i=0 pair=(4,5) lam_t=1.00714 lam_s=1.01143 tsr_diff=0.000000 integral_mean=0.000000 integral_std=0.000000 log_ratio=0.0000 accept=1.0000 swapped=True
i=0 pair=(6,7) lam_t=1.01571 lam_s=1.02000 tsr_diff=0.000000 integral_mean=0.000000 integral_std=0.000000 log_ratio=0.0000 accept=1.0000 swapped=True
i=1 pair=(0,3) lam_t=0.99429 lam_s=0.99857 tsr_diff=0.000046 integral_mean=-0.000000 integral_std=0.000045 log_ratio=-0.0007 accept=0.9993 swapped=True
i=1 pair=(2,5) lam_t=1.00286 lam_s=1.00714 tsr_diff=0.000046 integral_mean=-0.000000 integral_std=0.000044 log_ratio=-0.0006 accept=0.9994 swapped=True
i=1 pair=(4,7) lam_t=1.01143 lam_s=1.01571 tsr_diff=0.000046 integral_mean=-0.000001 integral_std=0.000043 log_ratio=-0.0032 accept=0.9968 swapped=True
i=2 pair=(1,3) lam_t=0.99000 lam_s=0.99429 tsr_diff=0.000181 integral_mean=-0.000009 integral_std=0.000184 log_ratio=-0.0208 accept=0.9794 swapped=True
i=2 pair=(0,5) lam_t=0.99857 lam_s=1.00286 tsr_diff=0.000181 integral_mean=-0.000001 integral_std=0.000179 log_ratio=-0.0014 accept=0.9986 swapped=True
i=2 pair=(2,7) lam_t=1.00714 lam_s=1.01143 tsr_diff=0.000181 integral_mean=-0.000003 integral_std=0.000186 log_ratio=-0.0074 accept=0.9926 swapped=True
i=2 pair=(4,6) lam_t=1.01571 lam_s=1.02000 tsr_diff=0.000181 integral_mean=-0.000002 integral_std=0.000190 log_ratio=-0.0045 accept=0.9955 swapped=True
i=3 pair=(1,5) lam_t=0.99429 lam_s=0.99857 tsr_diff=0.000400 integral_mean=0.000011 integral_std=0.000431 log_ratio=0.0000 accept=1.0000 swapped=True
i=3 pair=(0,7) lam_t=1.00286 lam_s=1.00714 tsr_diff=0.000400 integral_mean=-0.000020 integral_std=0.000407 log_ratio=-0.0484 accept=0.9527 swapped=True
i=3 pair=(2,6) lam_t=1.01143 lam_s=1.01571 tsr_diff=0.000399 integral_mean=-0.000003 integral_std=0.000383 log_ratio=-0.0072 accept=0.9928 swapped=True
i=4 pair=(3,5) lam_t=0.99000 lam_s=0.99429 tsr_diff=0.000695 integral_mean=-0.000013 integral_std=0.000709 log_ratio=-0.0315 accept=0.9690 swapped=True
i=4 pair=(1,7) lam_t=0.99857 lam_s=1.00286 tsr_diff=0.000693 integral_mean=0.000006 integral_std=0.000750 log_ratio=0.0000 accept=1.0000 swapped=True
i=4 pair=(0,6) lam_t=1.00714 lam_s=1.01143 tsr_diff=0.000691 integral_mean=-0.000010 integral_std=0.000661 log_ratio=-0.0245 accept=0.9758 swapped=True
i=4 pair=(2,4) lam_t=1.01571 lam_s=1.02000 tsr_diff=0.000689 integral_mean=-0.000003 integral_std=0.000687 log_ratio=-0.0061 accept=0.9940 swapped=True
i=5 pair=(3,7) lam_t=0.99429 lam_s=0.99857 tsr_diff=0.001051 integral_mean=-0.000023 integral_std=0.001126 log_ratio=-0.0541 accept=0.9473 swapped=True
i=5 pair=(1,6) lam_t=1.00286 lam_s=1.00714 tsr_diff=0.001046 integral_mean=0.000011 integral_std=0.001016 log_ratio=0.0000 accept=1.0000 swapped=True
i=5 pair=(0,4) lam_t=1.01143 lam_s=1.01571 tsr_diff=0.001042 integral_mean=0.000031 integral_std=0.001043 log_ratio=0.0000 accept=1.0000 swapped=True
i=6 pair=(5,7) lam_t=0.99000 lam_s=0.99429 tsr_diff=0.001459 integral_mean=0.000061 integral_std=0.001594 log_ratio=0.0000 accept=1.0000 swapped=True
i=6 pair=(3,6) lam_t=0.99857 lam_s=1.00286 tsr_diff=0.001450 integral_mean=0.000058 integral_std=0.001548 log_ratio=0.0000 accept=1.0000 swapped=True
i=6 pair=(1,4) lam_t=1.00714 lam_s=1.01143 tsr_diff=0.001442 integral_mean=0.000004 integral_std=0.001353 log_ratio=0.0000 accept=1.0000 swapped=True
i=6 pair=(0,2) lam_t=1.01571 lam_s=1.02000 tsr_diff=0.001433 integral_mean=0.000100 integral_std=0.001560 log_ratio=0.0000 accept=1.0000 swapped=True
i=7 pair=(5,6) lam_t=0.99429 lam_s=0.99857 tsr_diff=0.001888 integral_mean=0.000015 integral_std=0.001943 log_ratio=0.0000 accept=1.0000 swapped=True
i=7 pair=(3,4) lam_t=1.00286 lam_s=1.00714 tsr_diff=0.001874 integral_mean=-0.000013 integral_std=0.002039 log_ratio=-0.0317 accept=0.9688 swapped=True
i=7 pair=(1,2) lam_t=1.01143 lam_s=1.01571 tsr_diff=0.001860 integral_mean=0.000025 integral_std=0.001958 log_ratio=0.0000 accept=1.0000 swapped=True
i=8 pair=(7,6) lam_t=0.99000 lam_s=0.99429 tsr_diff=0.002345 integral_mean=0.000053 integral_std=0.002627 log_ratio=0.0000 accept=1.0000 swapped=True
i=8 pair=(5,4) lam_t=0.99857 lam_s=1.00286 tsr_diff=0.002323 integral_mean=-0.000006 integral_std=0.002381 log_ratio=-0.0141 accept=0.9860 swapped=True
i=8 pair=(3,2) lam_t=1.00714 lam_s=1.01143 tsr_diff=0.002302 integral_mean=0.000099 integral_std=0.002171 log_ratio=0.0000 accept=1.0000 swapped=True
i=8 pair=(1,0) lam_t=1.01571 lam_s=1.02000 tsr_diff=0.002281 integral_mean=-0.000088 integral_std=0.002384 log_ratio=-0.2109 accept=0.8098 swapped=True
i=9 pair=(7,4) lam_t=0.99429 lam_s=0.99857 tsr_diff=0.002773 integral_mean=0.000074 integral_std=0.002996 log_ratio=0.0000 accept=1.0000 swapped=True
i=9 pair=(5,2) lam_t=1.00286 lam_s=1.00714 tsr_diff=0.002742 integral_mean=0.000150 integral_std=0.002871 log_ratio=0.0000 accept=1.0000 swapped=True
i=9 pair=(3,0) lam_t=1.01143 lam_s=1.01571 tsr_diff=0.002712 integral_mean=-0.000039 integral_std=0.003228 log_ratio=-0.0928 accept=0.9114 swapped=True
i=10 pair=(6,4) lam_t=0.99000 lam_s=0.99429 tsr_diff=0.003206 integral_mean=-0.000086 integral_std=0.003950 log_ratio=-0.2055 accept=0.8142 swapped=True
i=10 pair=(7,2) lam_t=0.99857 lam_s=1.00286 tsr_diff=0.003165 integral_mean=0.000147 integral_std=0.003121 log_ratio=0.0000 accept=1.0000 swapped=True
i=10 pair=(5,0) lam_t=1.00714 lam_s=1.01143 tsr_diff=0.003125 integral_mean=-0.000225 integral_std=0.003676 log_ratio=-0.5409 accept=0.5822 swapped=False
i=10 pair=(3,1) lam_t=1.01571 lam_s=1.02000 tsr_diff=0.003086 integral_mean=0.000079 integral_std=0.003474 log_ratio=0.0000 accept=1.0000 swapped=True
i=11 pair=(6,2) lam_t=0.99429 lam_s=0.99857 tsr_diff=0.003554 integral_mean=0.000264 integral_std=0.004498 log_ratio=0.0000 accept=1.0000 swapped=True
i=11 pair=(7,5) lam_t=1.00286 lam_s=1.00714 tsr_diff=0.003505 integral_mean=-0.000229 integral_std=0.004916 log_ratio=-0.5494 accept=0.5773 swapped=False
i=11 pair=(0,1) lam_t=1.01143 lam_s=1.01571 tsr_diff=0.003456 integral_mean=0.000213 integral_std=0.004255 log_ratio=0.0000 accept=1.0000 swapped=True
i=12 pair=(4,2) lam_t=0.99000 lam_s=0.99429 tsr_diff=0.003894 integral_mean=0.000330 integral_std=0.005448 log_ratio=0.0000 accept=1.0000 swapped=True
i=12 pair=(6,7) lam_t=0.99857 lam_s=1.00286 tsr_diff=0.003834 integral_mean=0.000180 integral_std=0.006873 log_ratio=0.0000 accept=1.0000 swapped=True
i=12 pair=(5,1) lam_t=1.00714 lam_s=1.01143 tsr_diff=0.003776 integral_mean=0.000406 integral_std=0.005350 log_ratio=0.0000 accept=1.0000 swapped=True
i=12 pair=(0,3) lam_t=1.01571 lam_s=1.02000 tsr_diff=0.003719 integral_mean=-0.000027 integral_std=0.006074 log_ratio=-0.0658 accept=0.9363 swapped=True
i=13 pair=(4,7) lam_t=0.99429 lam_s=0.99857 tsr_diff=0.004100 integral_mean=0.000103 integral_std=0.007807 log_ratio=0.0000 accept=1.0000 swapped=True
i=13 pair=(6,1) lam_t=1.00286 lam_s=1.00714 tsr_diff=0.004034 integral_mean=0.000345 integral_std=0.007510 log_ratio=0.0000 accept=1.0000 swapped=True
i=13 pair=(5,3) lam_t=1.01143 lam_s=1.01571 tsr_diff=0.003969 integral_mean=-0.000010 integral_std=0.008353 log_ratio=-0.0241 accept=0.9762 swapped=True
Best Sample: 2 log probability -0.062
Saved 1 samples to: logs/pointmaze-giant-navigate-v0/inference/plans/release_H400_T256_LimitsNormalizer_b1_condFalse/2026-07-15 11:53:30/13/0.png
Saved 1 samples to: logs/pointmaze-giant-navigate-v0/inference/plans/release_H400_T256_LimitsNormalizer_b1_condFalse/2026-07-15 11:53:30/13/rollout.png
i=0 pair=(0,1) lam_t=0.99000 lam_s=0.99429 tsr_diff=0.000000 integral_mean=0.000000 integral_std=0.000000 log_ratio=0.0000 accept=1.0000 swapped=True
i=0 pair=(2,3) lam_t=0.99857 lam_s=1.00286 tsr_diff=0.000000 integral_mean=0.000000 integral_std=0.000000 log_ratio=0.0000 accept=1.0000 swapped=True
i=0 pair=(4,5) lam_t=1.00714 lam_s=1.01143 tsr_diff=0.000000 integral_mean=0.000000 integral_std=0.000000 log_ratio=0.0000 accept=1.0000 swapped=True
i=0 pair=(6,7) lam_t=1.01571 lam_s=1.02000 tsr_diff=0.000000 integral_mean=0.000000 integral_std=0.000000 log_ratio=0.0000 accept=1.0000 swapped=True
i=1 pair=(0,3) lam_t=0.99429 lam_s=0.99857 tsr_diff=0.000046 integral_mean=0.000001 integral_std=0.000045 log_ratio=0.0000 accept=1.0000 swapped=True
i=1 pair=(2,5) lam_t=1.00286 lam_s=1.00714 tsr_diff=0.000046 integral_mean=-0.000000 integral_std=0.000045 log_ratio=-0.0002 accept=0.9998 swapped=True
i=1 pair=(4,7) lam_t=1.01143 lam_s=1.01571 tsr_diff=0.000046 integral_mean=0.000000 integral_std=0.000046 log_ratio=0.0000 accept=1.0000 swapped=True
i=2 pair=(1,3) lam_t=0.99000 lam_s=0.99429 tsr_diff=0.000181 integral_mean=-0.000005 integral_std=0.000189 log_ratio=-0.0132 accept=0.9869 swapped=True
i=2 pair=(0,5) lam_t=0.99857 lam_s=1.00286 tsr_diff=0.000181 integral_mean=-0.000005 integral_std=0.000177 log_ratio=-0.0118 accept=0.9882 swapped=True
i=2 pair=(2,7) lam_t=1.00714 lam_s=1.01143 tsr_diff=0.000181 integral_mean=0.000001 integral_std=0.000175 log_ratio=0.0000 accept=1.0000 swapped=True
i=2 pair=(4,6) lam_t=1.01571 lam_s=1.02000 tsr_diff=0.000181 integral_mean=0.000074 integral_std=0.000274 log_ratio=0.0000 accept=1.0000 swapped=True
i=3 pair=(1,5) lam_t=0.99429 lam_s=0.99857 tsr_diff=0.000400 integral_mean=0.000007 integral_std=0.000426 log_ratio=0.0000 accept=1.0000 swapped=True
i=3 pair=(0,7) lam_t=1.00286 lam_s=1.00714 tsr_diff=0.000400 integral_mean=0.000136 integral_std=0.000592 log_ratio=0.0000 accept=1.0000 swapped=True
i=3 pair=(2,6) lam_t=1.01143 lam_s=1.01571 tsr_diff=0.000399 integral_mean=0.000011 integral_std=0.000388 log_ratio=0.0000 accept=1.0000 swapped=True
i=4 pair=(3,5) lam_t=0.99000 lam_s=0.99429 tsr_diff=0.000695 integral_mean=0.000003 integral_std=0.000737 log_ratio=0.0000 accept=1.0000 swapped=True
i=4 pair=(1,7) lam_t=0.99857 lam_s=1.00286 tsr_diff=0.000693 integral_mean=-0.000009 integral_std=0.000715 log_ratio=-0.0220 accept=0.9782 swapped=False
i=4 pair=(0,6) lam_t=1.00714 lam_s=1.01143 tsr_diff=0.000691 integral_mean=0.000040 integral_std=0.000719 log_ratio=0.0000 accept=1.0000 swapped=True
i=4 pair=(2,4) lam_t=1.01571 lam_s=1.02000 tsr_diff=0.000689 integral_mean=-0.000035 integral_std=0.000742 log_ratio=-0.0843 accept=0.9192 swapped=True
i=5 pair=(3,1) lam_t=0.99429 lam_s=0.99857 tsr_diff=0.001051 integral_mean=-0.000028 integral_std=0.001020 log_ratio=-0.0661 accept=0.9360 swapped=True
i=5 pair=(7,6) lam_t=1.00286 lam_s=1.00714 tsr_diff=0.001046 integral_mean=0.000028 integral_std=0.001024 log_ratio=0.0000 accept=1.0000 swapped=True
i=5 pair=(0,4) lam_t=1.01143 lam_s=1.01571 tsr_diff=0.001042 integral_mean=0.000010 integral_std=0.001136 log_ratio=0.0000 accept=1.0000 swapped=True
i=6 pair=(5,1) lam_t=0.99000 lam_s=0.99429 tsr_diff=0.001459 integral_mean=0.000067 integral_std=0.001478 log_ratio=0.0000 accept=1.0000 swapped=True
i=6 pair=(3,6) lam_t=0.99857 lam_s=1.00286 tsr_diff=0.001450 integral_mean=0.000023 integral_std=0.001459 log_ratio=0.0000 accept=1.0000 swapped=True
i=6 pair=(7,4) lam_t=1.00714 lam_s=1.01143 tsr_diff=0.001442 integral_mean=-0.000038 integral_std=0.001611 log_ratio=-0.0902 accept=0.9137 swapped=True
i=6 pair=(0,2) lam_t=1.01571 lam_s=1.02000 tsr_diff=0.001433 integral_mean=-0.000040 integral_std=0.001392 log_ratio=-0.0958 accept=0.9086 swapped=True
i=7 pair=(5,6) lam_t=0.99429 lam_s=0.99857 tsr_diff=0.001888 integral_mean=0.000026 integral_std=0.001730 log_ratio=0.0000 accept=1.0000 swapped=True
i=7 pair=(3,4) lam_t=1.00286 lam_s=1.00714 tsr_diff=0.001874 integral_mean=-0.000079 integral_std=0.002038 log_ratio=-0.1902 accept=0.8268 swapped=True
i=7 pair=(7,2) lam_t=1.01143 lam_s=1.01571 tsr_diff=0.001860 integral_mean=-0.000025 integral_std=0.001776 log_ratio=-0.0591 accept=0.9426 swapped=True
i=8 pair=(1,6) lam_t=0.99000 lam_s=0.99429 tsr_diff=0.002345 integral_mean=0.000036 integral_std=0.002682 log_ratio=0.0000 accept=1.0000 swapped=True
i=8 pair=(5,4) lam_t=0.99857 lam_s=1.00286 tsr_diff=0.002323 integral_mean=-0.000129 integral_std=0.002556 log_ratio=-0.3105 accept=0.7331 swapped=False
i=8 pair=(3,2) lam_t=1.00714 lam_s=1.01143 tsr_diff=0.002302 integral_mean=0.000037 integral_std=0.002557 log_ratio=0.0000 accept=1.0000 swapped=True
i=8 pair=(7,0) lam_t=1.01571 lam_s=1.02000 tsr_diff=0.002281 integral_mean=-0.000085 integral_std=0.002466 log_ratio=-0.2048 accept=0.8148 swapped=False
i=9 pair=(1,5) lam_t=0.99429 lam_s=0.99857 tsr_diff=0.002773 integral_mean=0.000033 integral_std=0.003044 log_ratio=0.0000 accept=1.0000 swapped=True
i=9 pair=(4,2) lam_t=1.00286 lam_s=1.00714 tsr_diff=0.002742 integral_mean=-0.000010 integral_std=0.003313 log_ratio=-0.0235 accept=0.9767 swapped=True
i=9 pair=(3,7) lam_t=1.01143 lam_s=1.01571 tsr_diff=0.002712 integral_mean=0.000063 integral_std=0.003138 log_ratio=0.0000 accept=1.0000 swapped=True
i=10 pair=(6,5) lam_t=0.99000 lam_s=0.99429 tsr_diff=0.003206 integral_mean=0.000040 integral_std=0.003041 log_ratio=0.0000 accept=1.0000 swapped=True
i=10 pair=(1,2) lam_t=0.99857 lam_s=1.00286 tsr_diff=0.003165 integral_mean=-0.000215 integral_std=0.004382 log_ratio=-0.5164 accept=0.5967 swapped=False
i=10 pair=(4,7) lam_t=1.00714 lam_s=1.01143 tsr_diff=0.003125 integral_mean=0.000243 integral_std=0.004079 log_ratio=0.0000 accept=1.0000 swapped=True
i=10 pair=(3,0) lam_t=1.01571 lam_s=1.02000 tsr_diff=0.003086 integral_mean=0.000238 integral_std=0.004055 log_ratio=0.0000 accept=1.0000 swapped=True
i=11 pair=(6,1) lam_t=0.99429 lam_s=0.99857 tsr_diff=0.003554 integral_mean=-0.000228 integral_std=0.005104 log_ratio=-0.5480 accept=0.5781 swapped=True
i=11 pair=(2,7) lam_t=1.00286 lam_s=1.00714 tsr_diff=0.003505 integral_mean=0.000371 integral_std=0.005111 log_ratio=0.0000 accept=1.0000 swapped=True
i=11 pair=(4,0) lam_t=1.01143 lam_s=1.01571 tsr_diff=0.003456 integral_mean=0.000265 integral_std=0.005348 log_ratio=0.0000 accept=1.0000 swapped=True
i=12 pair=(5,1) lam_t=0.99000 lam_s=0.99429 tsr_diff=0.003894 integral_mean=-0.000228 integral_std=0.006436 log_ratio=-0.5480 accept=0.5781 swapped=False
i=12 pair=(6,7) lam_t=0.99857 lam_s=1.00286 tsr_diff=0.003834 integral_mean=-0.000083 integral_std=0.004576 log_ratio=-0.1993 accept=0.8193 swapped=True
i=12 pair=(2,0) lam_t=1.00714 lam_s=1.01143 tsr_diff=0.003776 integral_mean=-0.000029 integral_std=0.005925 log_ratio=-0.0687 accept=0.9336 swapped=True
i=12 pair=(4,3) lam_t=1.01571 lam_s=1.02000 tsr_diff=0.003719 integral_mean=-0.000148 integral_std=0.007322 log_ratio=-0.3559 accept=0.7006 swapped=True
i=13 pair=(1,7) lam_t=0.99429 lam_s=0.99857 tsr_diff=0.004100 integral_mean=0.000248 integral_std=0.009673 log_ratio=0.0000 accept=1.0000 swapped=True
i=13 pair=(6,0) lam_t=1.00286 lam_s=1.00714 tsr_diff=0.004034 integral_mean=-0.000172 integral_std=0.008801 log_ratio=-0.4134 accept=0.6614 swapped=True
i=13 pair=(2,3) lam_t=1.01143 lam_s=1.01571 tsr_diff=0.003969 integral_mean=-0.000452 integral_std=0.014708 log_ratio=-1.0857 accept=0.3377 swapped=False
Best Sample: 7 log probability -13.854
Saved 1 samples to: logs/pointmaze-giant-navigate-v0/inference/plans/release_H400_T256_LimitsNormalizer_b1_condFalse/2026-07-15 11:53:30/14/0.png
Saved 1 samples to: logs/pointmaze-giant-navigate-v0/inference/plans/release_H400_T256_LimitsNormalizer_b1_condFalse/2026-07-15 11:53:30/14/rollout.png
i=0 pair=(0,1) lam_t=0.99000 lam_s=0.99429 tsr_diff=0.000000 integral_mean=0.000000 integral_std=0.000000 log_ratio=0.0000 accept=1.0000 swapped=True
i=0 pair=(2,3) lam_t=0.99857 lam_s=1.00286 tsr_diff=0.000000 integral_mean=0.000000 integral_std=0.000000 log_ratio=0.0000 accept=1.0000 swapped=True
i=0 pair=(4,5) lam_t=1.00714 lam_s=1.01143 tsr_diff=0.000000 integral_mean=0.000000 integral_std=0.000000 log_ratio=0.0000 accept=1.0000 swapped=True
i=0 pair=(6,7) lam_t=1.01571 lam_s=1.02000 tsr_diff=0.000000 integral_mean=0.000000 integral_std=0.000000 log_ratio=0.0000 accept=1.0000 swapped=True
i=1 pair=(0,3) lam_t=0.99429 lam_s=0.99857 tsr_diff=0.000046 integral_mean=-0.000000 integral_std=0.000044 log_ratio=-0.0009 accept=0.9991 swapped=True
i=1 pair=(2,5) lam_t=1.00286 lam_s=1.00714 tsr_diff=0.000046 integral_mean=0.000001 integral_std=0.000048 log_ratio=0.0000 accept=1.0000 swapped=True
i=1 pair=(4,7) lam_t=1.01143 lam_s=1.01571 tsr_diff=0.000046 integral_mean=-0.000001 integral_std=0.000048 log_ratio=-0.0013 accept=0.9987 swapped=True
i=2 pair=(1,3) lam_t=0.99000 lam_s=0.99429 tsr_diff=0.000181 integral_mean=0.000010 integral_std=0.000175 log_ratio=0.0000 accept=1.0000 swapped=True
i=2 pair=(0,5) lam_t=0.99857 lam_s=1.00286 tsr_diff=0.000181 integral_mean=-0.000001 integral_std=0.000191 log_ratio=-0.0025 accept=0.9975 swapped=True
i=2 pair=(2,7) lam_t=1.00714 lam_s=1.01143 tsr_diff=0.000181 integral_mean=-0.000004 integral_std=0.000184 log_ratio=-0.0092 accept=0.9908 swapped=True
i=2 pair=(4,6) lam_t=1.01571 lam_s=1.02000 tsr_diff=0.000181 integral_mean=0.000009 integral_std=0.000185 log_ratio=0.0000 accept=1.0000 swapped=True
i=3 pair=(1,5) lam_t=0.99429 lam_s=0.99857 tsr_diff=0.000400 integral_mean=0.000008 integral_std=0.000467 log_ratio=0.0000 accept=1.0000 swapped=True
i=3 pair=(0,7) lam_t=1.00286 lam_s=1.00714 tsr_diff=0.000400 integral_mean=0.000010 integral_std=0.000397 log_ratio=0.0000 accept=1.0000 swapped=True
i=3 pair=(2,6) lam_t=1.01143 lam_s=1.01571 tsr_diff=0.000399 integral_mean=-0.000014 integral_std=0.000448 log_ratio=-0.0344 accept=0.9662 swapped=True
i=4 pair=(3,5) lam_t=0.99000 lam_s=0.99429 tsr_diff=0.000695 integral_mean=0.000026 integral_std=0.000685 log_ratio=0.0000 accept=1.0000 swapped=True
i=4 pair=(1,7) lam_t=0.99857 lam_s=1.00286 tsr_diff=0.000693 integral_mean=0.000057 integral_std=0.000713 log_ratio=0.0000 accept=1.0000 swapped=True
i=4 pair=(0,6) lam_t=1.00714 lam_s=1.01143 tsr_diff=0.000691 integral_mean=-0.000030 integral_std=0.000720 log_ratio=-0.0726 accept=0.9300 swapped=True
i=4 pair=(2,4) lam_t=1.01571 lam_s=1.02000 tsr_diff=0.000689 integral_mean=-0.000048 integral_std=0.000750 log_ratio=-0.1159 accept=0.8906 swapped=True
i=5 pair=(3,7) lam_t=0.99429 lam_s=0.99857 tsr_diff=0.001051 integral_mean=0.000012 integral_std=0.000968 log_ratio=0.0000 accept=1.0000 swapped=True
i=5 pair=(1,6) lam_t=1.00286 lam_s=1.00714 tsr_diff=0.001046 integral_mean=0.000079 integral_std=0.001152 log_ratio=0.0000 accept=1.0000 swapped=True
i=5 pair=(0,4) lam_t=1.01143 lam_s=1.01571 tsr_diff=0.001042 integral_mean=-0.000046 integral_std=0.001106 log_ratio=-0.1097 accept=0.8961 swapped=True
i=6 pair=(5,7) lam_t=0.99000 lam_s=0.99429 tsr_diff=0.001459 integral_mean=0.000046 integral_std=0.001439 log_ratio=0.0000 accept=1.0000 swapped=True
i=6 pair=(3,6) lam_t=0.99857 lam_s=1.00286 tsr_diff=0.001450 integral_mean=-0.000028 integral_std=0.001478 log_ratio=-0.0677 accept=0.9345 swapped=True
i=6 pair=(1,4) lam_t=1.00714 lam_s=1.01143 tsr_diff=0.001442 integral_mean=-0.000037 integral_std=0.001560 log_ratio=-0.0896 accept=0.9143 swapped=True
i=6 pair=(0,2) lam_t=1.01571 lam_s=1.02000 tsr_diff=0.001433 integral_mean=0.000029 integral_std=0.001315 log_ratio=0.0000 accept=1.0000 swapped=True
i=7 pair=(5,6) lam_t=0.99429 lam_s=0.99857 tsr_diff=0.001888 integral_mean=0.000078 integral_std=0.002277 log_ratio=0.0000 accept=1.0000 swapped=True
i=7 pair=(3,4) lam_t=1.00286 lam_s=1.00714 tsr_diff=0.001874 integral_mean=-0.000026 integral_std=0.001807 log_ratio=-0.0628 accept=0.9392 swapped=True
i=7 pair=(1,2) lam_t=1.01143 lam_s=1.01571 tsr_diff=0.001860 integral_mean=0.000041 integral_std=0.001768 log_ratio=0.0000 accept=1.0000 swapped=True
i=8 pair=(7,6) lam_t=0.99000 lam_s=0.99429 tsr_diff=0.002345 integral_mean=-0.000019 integral_std=0.002725 log_ratio=-0.0463 accept=0.9548 swapped=True
i=8 pair=(5,4) lam_t=0.99857 lam_s=1.00286 tsr_diff=0.002323 integral_mean=0.000117 integral_std=0.002813 log_ratio=0.0000 accept=1.0000 swapped=True
i=8 pair=(3,2) lam_t=1.00714 lam_s=1.01143 tsr_diff=0.002302 integral_mean=-0.000074 integral_std=0.002232 log_ratio=-0.1782 accept=0.8368 swapped=False
i=8 pair=(1,0) lam_t=1.01571 lam_s=1.02000 tsr_diff=0.002281 integral_mean=0.000143 integral_std=0.002291 log_ratio=0.0000 accept=1.0000 swapped=True
i=9 pair=(7,4) lam_t=0.99429 lam_s=0.99857 tsr_diff=0.002773 integral_mean=-0.000079 integral_std=0.003478 log_ratio=-0.1893 accept=0.8276 swapped=False
i=9 pair=(5,3) lam_t=1.00286 lam_s=1.00714 tsr_diff=0.002742 integral_mean=0.000190 integral_std=0.003329 log_ratio=0.0000 accept=1.0000 swapped=True
i=9 pair=(2,0) lam_t=1.01143 lam_s=1.01571 tsr_diff=0.002712 integral_mean=-0.000012 integral_std=0.002521 log_ratio=-0.0294 accept=0.9710 swapped=True
i=10 pair=(6,7) lam_t=0.99000 lam_s=0.99429 tsr_diff=0.003206 integral_mean=-0.000191 integral_std=0.004665 log_ratio=-0.4581 accept=0.6325 swapped=True
i=10 pair=(4,3) lam_t=0.99857 lam_s=1.00286 tsr_diff=0.003165 integral_mean=-0.000194 integral_std=0.004062 log_ratio=-0.4648 accept=0.6283 swapped=True
i=10 pair=(5,0) lam_t=1.00714 lam_s=1.01143 tsr_diff=0.003125 integral_mean=0.000143 integral_std=0.003713 log_ratio=0.0000 accept=1.0000 swapped=True
i=10 pair=(2,1) lam_t=1.01571 lam_s=1.02000 tsr_diff=0.003086 integral_mean=0.000024 integral_std=0.003132 log_ratio=0.0000 accept=1.0000 swapped=True
i=11 pair=(6,3) lam_t=0.99429 lam_s=0.99857 tsr_diff=0.003554 integral_mean=-0.000097 integral_std=0.005149 log_ratio=-0.2328 accept=0.7923 swapped=False
i=11 pair=(4,0) lam_t=1.00286 lam_s=1.00714 tsr_diff=0.003505 integral_mean=-0.000025 integral_std=0.005406 log_ratio=-0.0610 accept=0.9408 swapped=True
i=11 pair=(5,1) lam_t=1.01143 lam_s=1.01571 tsr_diff=0.003456 integral_mean=0.000178 integral_std=0.004479 log_ratio=0.0000 accept=1.0000 swapped=True
i=12 pair=(7,6) lam_t=0.99000 lam_s=0.99429 tsr_diff=0.003894 integral_mean=0.000161 integral_std=0.008231 log_ratio=0.0000 accept=1.0000 swapped=True
i=12 pair=(3,0) lam_t=0.99857 lam_s=1.00286 tsr_diff=0.003834 integral_mean=-0.000172 integral_std=0.004640 log_ratio=-0.4129 accept=0.6617 swapped=True
i=12 pair=(4,1) lam_t=1.00714 lam_s=1.01143 tsr_diff=0.003776 integral_mean=0.000027 integral_std=0.006853 log_ratio=0.0000 accept=1.0000 swapped=True
i=12 pair=(5,2) lam_t=1.01571 lam_s=1.02000 tsr_diff=0.003719 integral_mean=0.000258 integral_std=0.005145 log_ratio=0.0000 accept=1.0000 swapped=True
i=13 pair=(7,0) lam_t=0.99429 lam_s=0.99857 tsr_diff=0.004100 integral_mean=0.000757 integral_std=0.008449 log_ratio=0.0000 accept=1.0000 swapped=True
i=13 pair=(3,1) lam_t=1.00286 lam_s=1.00714 tsr_diff=0.004034 integral_mean=-0.000142 integral_std=0.006414 log_ratio=-0.3419 accept=0.7104 swapped=False
i=13 pair=(4,2) lam_t=1.01143 lam_s=1.01571 tsr_diff=0.003969 integral_mean=-0.000104 integral_std=0.010486 log_ratio=-0.2502 accept=0.7786 swapped=True
Best Sample: 2 log probability -0.337
Saved 1 samples to: logs/pointmaze-giant-navigate-v0/inference/plans/release_H400_T256_LimitsNormalizer_b1_condFalse/2026-07-15 11:53:30/15/0.png
Saved 1 samples to: logs/pointmaze-giant-navigate-v0/inference/plans/release_H400_T256_LimitsNormalizer_b1_condFalse/2026-07-15 11:53:30/15/rollout.png
i=0 pair=(0,1) lam_t=0.99000 lam_s=0.99429 tsr_diff=0.000000 integral_mean=0.000000 integral_std=0.000000 log_ratio=0.0000 accept=1.0000 swapped=True
i=0 pair=(2,3) lam_t=0.99857 lam_s=1.00286 tsr_diff=0.000000 integral_mean=0.000000 integral_std=0.000000 log_ratio=0.0000 accept=1.0000 swapped=True
i=0 pair=(4,5) lam_t=1.00714 lam_s=1.01143 tsr_diff=0.000000 integral_mean=0.000000 integral_std=0.000000 log_ratio=0.0000 accept=1.0000 swapped=True
i=0 pair=(6,7) lam_t=1.01571 lam_s=1.02000 tsr_diff=0.000000 integral_mean=0.000000 integral_std=0.000000 log_ratio=0.0000 accept=1.0000 swapped=True
i=1 pair=(0,3) lam_t=0.99429 lam_s=0.99857 tsr_diff=0.000046 integral_mean=0.000001 integral_std=0.000046 log_ratio=0.0000 accept=1.0000 swapped=True
i=1 pair=(2,5) lam_t=1.00286 lam_s=1.00714 tsr_diff=0.000046 integral_mean=0.000001 integral_std=0.000044 log_ratio=0.0000 accept=1.0000 swapped=True
i=1 pair=(4,7) lam_t=1.01143 lam_s=1.01571 tsr_diff=0.000046 integral_mean=-0.000000 integral_std=0.000045 log_ratio=-0.0002 accept=0.9998 swapped=True
i=2 pair=(1,3) lam_t=0.99000 lam_s=0.99429 tsr_diff=0.000181 integral_mean=-0.000001 integral_std=0.000177 log_ratio=-0.0032 accept=0.9968 swapped=True
i=2 pair=(0,5) lam_t=0.99857 lam_s=1.00286 tsr_diff=0.000181 integral_mean=-0.000007 integral_std=0.000178 log_ratio=-0.0164 accept=0.9837 swapped=True
i=2 pair=(2,7) lam_t=1.00714 lam_s=1.01143 tsr_diff=0.000181 integral_mean=-0.000005 integral_std=0.000191 log_ratio=-0.0110 accept=0.9890 swapped=True
i=2 pair=(4,6) lam_t=1.01571 lam_s=1.02000 tsr_diff=0.000181 integral_mean=-0.000004 integral_std=0.000182 log_ratio=-0.0087 accept=0.9914 swapped=True
i=3 pair=(1,5) lam_t=0.99429 lam_s=0.99857 tsr_diff=0.000400 integral_mean=-0.000002 integral_std=0.000426 log_ratio=-0.0044 accept=0.9956 swapped=True
i=3 pair=(0,7) lam_t=1.00286 lam_s=1.00714 tsr_diff=0.000400 integral_mean=-0.000015 integral_std=0.000405 log_ratio=-0.0355 accept=0.9651 swapped=True
i=3 pair=(2,6) lam_t=1.01143 lam_s=1.01571 tsr_diff=0.000399 integral_mean=0.000004 integral_std=0.000413 log_ratio=0.0000 accept=1.0000 swapped=True
i=4 pair=(3,5) lam_t=0.99000 lam_s=0.99429 tsr_diff=0.000695 integral_mean=-0.000014 integral_std=0.000701 log_ratio=-0.0331 accept=0.9675 swapped=True
i=4 pair=(1,7) lam_t=0.99857 lam_s=1.00286 tsr_diff=0.000693 integral_mean=-0.000001 integral_std=0.000691 log_ratio=-0.0034 accept=0.9967 swapped=True
i=4 pair=(0,6) lam_t=1.00714 lam_s=1.01143 tsr_diff=0.000691 integral_mean=0.000009 integral_std=0.000756 log_ratio=0.0000 accept=1.0000 swapped=True
i=4 pair=(2,4) lam_t=1.01571 lam_s=1.02000 tsr_diff=0.000689 integral_mean=-0.000024 integral_std=0.000703 log_ratio=-0.0566 accept=0.9450 swapped=False
i=5 pair=(3,7) lam_t=0.99429 lam_s=0.99857 tsr_diff=0.001051 integral_mean=-0.000036 integral_std=0.001328 log_ratio=-0.0873 accept=0.9164 swapped=True
i=5 pair=(1,6) lam_t=1.00286 lam_s=1.00714 tsr_diff=0.001046 integral_mean=-0.000053 integral_std=0.001013 log_ratio=-0.1273 accept=0.8805 swapped=True
i=5 pair=(0,2) lam_t=1.01143 lam_s=1.01571 tsr_diff=0.001042 integral_mean=0.000087 integral_std=0.001253 log_ratio=0.0000 accept=1.0000 swapped=True
i=6 pair=(5,7) lam_t=0.99000 lam_s=0.99429 tsr_diff=0.001459 integral_mean=-0.000614 integral_std=0.002389 log_ratio=-1.4744 accept=0.2289 swapped=False
i=6 pair=(3,6) lam_t=0.99857 lam_s=1.00286 tsr_diff=0.001450 integral_mean=-0.000057 integral_std=0.001496 log_ratio=-0.1358 accept=0.8731 swapped=True
i=6 pair=(1,2) lam_t=1.00714 lam_s=1.01143 tsr_diff=0.001442 integral_mean=0.000022 integral_std=0.001413 log_ratio=0.0000 accept=1.0000 swapped=True
i=6 pair=(0,4) lam_t=1.01571 lam_s=1.02000 tsr_diff=0.001433 integral_mean=0.000276 integral_std=0.002588 log_ratio=0.0000 accept=1.0000 swapped=True
i=7 pair=(7,6) lam_t=0.99429 lam_s=0.99857 tsr_diff=0.001888 integral_mean=0.000556 integral_std=0.002752 log_ratio=0.0000 accept=1.0000 swapped=True
i=7 pair=(3,2) lam_t=1.00286 lam_s=1.00714 tsr_diff=0.001874 integral_mean=0.000039 integral_std=0.001799 log_ratio=0.0000 accept=1.0000 swapped=True
i=7 pair=(1,4) lam_t=1.01143 lam_s=1.01571 tsr_diff=0.001860 integral_mean=-0.000148 integral_std=0.001991 log_ratio=-0.3552 accept=0.7010 swapped=True
i=8 pair=(5,6) lam_t=0.99000 lam_s=0.99429 tsr_diff=0.002345 integral_mean=0.000048 integral_std=0.002428 log_ratio=0.0000 accept=1.0000 swapped=True
i=8 pair=(7,2) lam_t=0.99857 lam_s=1.00286 tsr_diff=0.002323 integral_mean=0.000529 integral_std=0.003059 log_ratio=0.0000 accept=1.0000 swapped=True
i=8 pair=(3,4) lam_t=1.00714 lam_s=1.01143 tsr_diff=0.002302 integral_mean=-0.000087 integral_std=0.002590 log_ratio=-0.2076 accept=0.8125 swapped=False
i=8 pair=(1,0) lam_t=1.01571 lam_s=1.02000 tsr_diff=0.002281 integral_mean=-0.000166 integral_std=0.002512 log_ratio=-0.3979 accept=0.6717 swapped=True
i=9 pair=(5,2) lam_t=0.99429 lam_s=0.99857 tsr_diff=0.002773 integral_mean=0.000120 integral_std=0.003067 log_ratio=0.0000 accept=1.0000 swapped=True
i=9 pair=(7,3) lam_t=1.00286 lam_s=1.00714 tsr_diff=0.002742 integral_mean=0.000752 integral_std=0.004487 log_ratio=0.0000 accept=1.0000 swapped=True
i=9 pair=(4,0) lam_t=1.01143 lam_s=1.01571 tsr_diff=0.002712 integral_mean=-0.000024 integral_std=0.003535 log_ratio=-0.0587 accept=0.9430 swapped=True
i=10 pair=(6,2) lam_t=0.99000 lam_s=0.99429 tsr_diff=0.003206 integral_mean=0.000041 integral_std=0.003132 log_ratio=0.0000 accept=1.0000 swapped=True
i=10 pair=(5,3) lam_t=0.99857 lam_s=1.00286 tsr_diff=0.003165 integral_mean=0.000140 integral_std=0.003451 log_ratio=0.0000 accept=1.0000 swapped=True
i=10 pair=(7,0) lam_t=1.00714 lam_s=1.01143 tsr_diff=0.003125 integral_mean=0.000393 integral_std=0.004735 log_ratio=0.0000 accept=1.0000 swapped=True
i=10 pair=(4,1) lam_t=1.01571 lam_s=1.02000 tsr_diff=0.003086 integral_mean=0.000176 integral_std=0.003356 log_ratio=0.0000 accept=1.0000 swapped=True
i=11 pair=(6,3) lam_t=0.99429 lam_s=0.99857 tsr_diff=0.003554 integral_mean=0.000104 integral_std=0.004449 log_ratio=0.0000 accept=1.0000 swapped=True
i=11 pair=(5,0) lam_t=1.00286 lam_s=1.00714 tsr_diff=0.003505 integral_mean=-0.000040 integral_std=0.005640 log_ratio=-0.0956 accept=0.9088 swapped=True
i=11 pair=(7,1) lam_t=1.01143 lam_s=1.01571 tsr_diff=0.003456 integral_mean=0.001027 integral_std=0.006162 log_ratio=0.0000 accept=1.0000 swapped=True
i=12 pair=(2,3) lam_t=0.99000 lam_s=0.99429 tsr_diff=0.003894 integral_mean=0.000139 integral_std=0.005266 log_ratio=0.0000 accept=1.0000 swapped=True
i=12 pair=(6,0) lam_t=0.99857 lam_s=1.00286 tsr_diff=0.003834 integral_mean=-0.000316 integral_std=0.007739 log_ratio=-0.7590 accept=0.4682 swapped=False
i=12 pair=(5,1) lam_t=1.00714 lam_s=1.01143 tsr_diff=0.003776 integral_mean=0.000076 integral_std=0.005390 log_ratio=0.0000 accept=1.0000 swapped=True
i=12 pair=(7,4) lam_t=1.01571 lam_s=1.02000 tsr_diff=0.003719 integral_mean=0.000846 integral_std=0.009397 log_ratio=0.0000 accept=1.0000 swapped=True
i=13 pair=(2,6) lam_t=0.99429 lam_s=0.99857 tsr_diff=0.004100 integral_mean=-0.000123 integral_std=0.005755 log_ratio=-0.2958 accept=0.7439 swapped=True
i=13 pair=(0,1) lam_t=1.00286 lam_s=1.00714 tsr_diff=0.004034 integral_mean=0.000585 integral_std=0.010510 log_ratio=0.0000 accept=1.0000 swapped=True
i=13 pair=(5,4) lam_t=1.01143 lam_s=1.01571 tsr_diff=0.003969 integral_mean=0.000346 integral_std=0.008958 log_ratio=0.0000 accept=1.0000 swapped=True
Best Sample: 1 log probability -0.007
Saved 1 samples to: logs/pointmaze-giant-navigate-v0/inference/plans/release_H400_T256_LimitsNormalizer_b1_condFalse/2026-07-15 11:53:30/16/0.png
Saved 1 samples to: logs/pointmaze-giant-navigate-v0/inference/plans/release_H400_T256_LimitsNormalizer_b1_condFalse/2026-07-15 11:53:30/16/rollout.png
i=0 pair=(0,1) lam_t=0.99000 lam_s=0.99429 tsr_diff=0.000000 integral_mean=0.000000 integral_std=0.000000 log_ratio=0.0000 accept=1.0000 swapped=True
i=0 pair=(2,3) lam_t=0.99857 lam_s=1.00286 tsr_diff=0.000000 integral_mean=0.000000 integral_std=0.000000 log_ratio=0.0000 accept=1.0000 swapped=True
i=0 pair=(4,5) lam_t=1.00714 lam_s=1.01143 tsr_diff=0.000000 integral_mean=0.000000 integral_std=0.000000 log_ratio=0.0000 accept=1.0000 swapped=True
i=0 pair=(6,7) lam_t=1.01571 lam_s=1.02000 tsr_diff=0.000000 integral_mean=0.000000 integral_std=0.000000 log_ratio=0.0000 accept=1.0000 swapped=True
i=1 pair=(0,3) lam_t=0.99429 lam_s=0.99857 tsr_diff=0.000046 integral_mean=0.000000 integral_std=0.000047 log_ratio=0.0000 accept=1.0000 swapped=True
i=1 pair=(2,5) lam_t=1.00286 lam_s=1.00714 tsr_diff=0.000046 integral_mean=-0.000000 integral_std=0.000047 log_ratio=-0.0009 accept=0.9991 swapped=True
i=1 pair=(4,7) lam_t=1.01143 lam_s=1.01571 tsr_diff=0.000046 integral_mean=-0.000001 integral_std=0.000046 log_ratio=-0.0016 accept=0.9984 swapped=True
i=2 pair=(1,3) lam_t=0.99000 lam_s=0.99429 tsr_diff=0.000181 integral_mean=-0.000001 integral_std=0.000190 log_ratio=-0.0019 accept=0.9981 swapped=True
i=2 pair=(0,5) lam_t=0.99857 lam_s=1.00286 tsr_diff=0.000181 integral_mean=-0.000002 integral_std=0.000181 log_ratio=-0.0038 accept=0.9962 swapped=True
i=2 pair=(2,7) lam_t=1.00714 lam_s=1.01143 tsr_diff=0.000181 integral_mean=0.000000 integral_std=0.000182 log_ratio=0.0000 accept=1.0000 swapped=True
i=2 pair=(4,6) lam_t=1.01571 lam_s=1.02000 tsr_diff=0.000181 integral_mean=0.000134 integral_std=0.000387 log_ratio=0.0000 accept=1.0000 swapped=True
i=3 pair=(1,5) lam_t=0.99429 lam_s=0.99857 tsr_diff=0.000400 integral_mean=0.000010 integral_std=0.000418 log_ratio=0.0000 accept=1.0000 swapped=True
i=3 pair=(0,7) lam_t=1.00286 lam_s=1.00714 tsr_diff=0.000400 integral_mean=0.000008 integral_std=0.000432 log_ratio=0.0000 accept=1.0000 swapped=True
i=3 pair=(2,6) lam_t=1.01143 lam_s=1.01571 tsr_diff=0.000399 integral_mean=-0.000018 integral_std=0.000433 log_ratio=-0.0435 accept=0.9574 swapped=True
i=4 pair=(3,5) lam_t=0.99000 lam_s=0.99429 tsr_diff=0.000695 integral_mean=0.000006 integral_std=0.000682 log_ratio=0.0000 accept=1.0000 swapped=True
i=4 pair=(1,7) lam_t=0.99857 lam_s=1.00286 tsr_diff=0.000693 integral_mean=-0.000011 integral_std=0.000803 log_ratio=-0.0275 accept=0.9728 swapped=True
i=4 pair=(0,6) lam_t=1.00714 lam_s=1.01143 tsr_diff=0.000691 integral_mean=0.000052 integral_std=0.000783 log_ratio=0.0000 accept=1.0000 swapped=True
i=4 pair=(2,4) lam_t=1.01571 lam_s=1.02000 tsr_diff=0.000689 integral_mean=-0.000049 integral_std=0.000766 log_ratio=-0.1178 accept=0.8888 swapped=True
i=5 pair=(3,7) lam_t=0.99429 lam_s=0.99857 tsr_diff=0.001051 integral_mean=-0.000056 integral_std=0.001136 log_ratio=-0.1340 accept=0.8746 swapped=True
i=5 pair=(1,6) lam_t=1.00286 lam_s=1.00714 tsr_diff=0.001046 integral_mean=-0.000020 integral_std=0.000993 log_ratio=-0.0487 accept=0.9525 swapped=True
i=5 pair=(0,4) lam_t=1.01143 lam_s=1.01571 tsr_diff=0.001042 integral_mean=-0.000056 integral_std=0.001159 log_ratio=-0.1335 accept=0.8750 swapped=True
i=6 pair=(5,7) lam_t=0.99000 lam_s=0.99429 tsr_diff=0.001459 integral_mean=-0.000040 integral_std=0.001419 log_ratio=-0.0966 accept=0.9079 swapped=True
i=6 pair=(3,6) lam_t=0.99857 lam_s=1.00286 tsr_diff=0.001450 integral_mean=-0.000047 integral_std=0.001579 log_ratio=-0.1133 accept=0.8929 swapped=True
i=6 pair=(1,4) lam_t=1.00714 lam_s=1.01143 tsr_diff=0.001442 integral_mean=-0.000048 integral_std=0.001464 log_ratio=-0.1160 accept=0.8905 swapped=True
i=6 pair=(0,2) lam_t=1.01571 lam_s=1.02000 tsr_diff=0.001433 integral_mean=0.000036 integral_std=0.001411 log_ratio=0.0000 accept=1.0000 swapped=True
i=7 pair=(5,6) lam_t=0.99429 lam_s=0.99857 tsr_diff=0.001888 integral_mean=-0.000008 integral_std=0.002191 log_ratio=-0.0187 accept=0.9815 swapped=True
i=7 pair=(3,4) lam_t=1.00286 lam_s=1.00714 tsr_diff=0.001874 integral_mean=-0.000129 integral_std=0.001803 log_ratio=-0.3100 accept=0.7334 swapped=False
i=7 pair=(1,2) lam_t=1.01143 lam_s=1.01571 tsr_diff=0.001860 integral_mean=0.000054 integral_std=0.001792 log_ratio=0.0000 accept=1.0000 swapped=True
i=8 pair=(7,6) lam_t=0.99000 lam_s=0.99429 tsr_diff=0.002345 integral_mean=-0.000063 integral_std=0.002945 log_ratio=-0.1505 accept=0.8603 swapped=True
i=8 pair=(5,3) lam_t=0.99857 lam_s=1.00286 tsr_diff=0.002323 integral_mean=0.000114 integral_std=0.002110 log_ratio=0.0000 accept=1.0000 swapped=True
i=8 pair=(4,2) lam_t=1.00714 lam_s=1.01143 tsr_diff=0.002302 integral_mean=-0.000009 integral_std=0.002197 log_ratio=-0.0221 accept=0.9781 swapped=True
i=8 pair=(1,0) lam_t=1.01571 lam_s=1.02000 tsr_diff=0.002281 integral_mean=0.000006 integral_std=0.002503 log_ratio=0.0000 accept=1.0000 swapped=True
i=9 pair=(7,3) lam_t=0.99429 lam_s=0.99857 tsr_diff=0.002773 integral_mean=0.000175 integral_std=0.002905 log_ratio=0.0000 accept=1.0000 swapped=True
i=9 pair=(5,2) lam_t=1.00286 lam_s=1.00714 tsr_diff=0.002742 integral_mean=0.000091 integral_std=0.002551 log_ratio=0.0000 accept=1.0000 swapped=True
i=9 pair=(4,0) lam_t=1.01143 lam_s=1.01571 tsr_diff=0.002712 integral_mean=-0.000336 integral_std=0.003461 log_ratio=-0.8074 accept=0.4460 swapped=False
i=10 pair=(6,3) lam_t=0.99000 lam_s=0.99429 tsr_diff=0.003206 integral_mean=0.000391 integral_std=0.004555 log_ratio=0.0000 accept=1.0000 swapped=True
i=10 pair=(7,2) lam_t=0.99857 lam_s=1.00286 tsr_diff=0.003165 integral_mean=0.000221 integral_std=0.003453 log_ratio=0.0000 accept=1.0000 swapped=True
i=10 pair=(5,4) lam_t=1.00714 lam_s=1.01143 tsr_diff=0.003125 integral_mean=-0.000014 integral_std=0.003485 log_ratio=-0.0337 accept=0.9669 swapped=True
i=10 pair=(0,1) lam_t=1.01571 lam_s=1.02000 tsr_diff=0.003086 integral_mean=0.000461 integral_std=0.005172 log_ratio=0.0000 accept=1.0000 swapped=True
i=11 pair=(6,2) lam_t=0.99429 lam_s=0.99857 tsr_diff=0.003554 integral_mean=0.000182 integral_std=0.005707 log_ratio=0.0000 accept=1.0000 swapped=True
i=11 pair=(7,4) lam_t=1.00286 lam_s=1.00714 tsr_diff=0.003505 integral_mean=0.000092 integral_std=0.004532 log_ratio=0.0000 accept=1.0000 swapped=True
i=11 pair=(5,1) lam_t=1.01143 lam_s=1.01571 tsr_diff=0.003456 integral_mean=-0.000148 integral_std=0.004608 log_ratio=-0.3543 accept=0.7017 swapped=True
i=12 pair=(3,2) lam_t=0.99000 lam_s=0.99429 tsr_diff=0.003894 integral_mean=0.000010 integral_std=0.002961 log_ratio=0.0000 accept=1.0000 swapped=True
i=12 pair=(6,4) lam_t=0.99857 lam_s=1.00286 tsr_diff=0.003834 integral_mean=0.000091 integral_std=0.007880 log_ratio=0.0000 accept=1.0000 swapped=True
i=12 pair=(7,1) lam_t=1.00714 lam_s=1.01143 tsr_diff=0.003776 integral_mean=-0.000011 integral_std=0.007106 log_ratio=-0.0258 accept=0.9745 swapped=True
i=12 pair=(5,0) lam_t=1.01571 lam_s=1.02000 tsr_diff=0.003719 integral_mean=-0.000774 integral_std=0.008638 log_ratio=-1.8575 accept=0.1561 swapped=False
i=13 pair=(3,4) lam_t=0.99429 lam_s=0.99857 tsr_diff=0.004100 integral_mean=-0.000181 integral_std=0.007892 log_ratio=-0.4347 accept=0.6475 swapped=True
i=13 pair=(6,1) lam_t=1.00286 lam_s=1.00714 tsr_diff=0.004034 integral_mean=-0.000079 integral_std=0.006643 log_ratio=-0.1907 accept=0.8264 swapped=True
i=13 pair=(7,5) lam_t=1.01143 lam_s=1.01571 tsr_diff=0.003969 integral_mean=0.000612 integral_std=0.006513 log_ratio=0.0000 accept=1.0000 swapped=True
Best Sample: 2 log probability -0.283
Saved 1 samples to: logs/pointmaze-giant-navigate-v0/inference/plans/release_H400_T256_LimitsNormalizer_b1_condFalse/2026-07-15 11:53:30/17/0.png
Saved 1 samples to: logs/pointmaze-giant-navigate-v0/inference/plans/release_H400_T256_LimitsNormalizer_b1_condFalse/2026-07-15 11:53:30/17/rollout.png
i=0 pair=(0,1) lam_t=0.99000 lam_s=0.99429 tsr_diff=0.000000 integral_mean=0.000000 integral_std=0.000000 log_ratio=0.0000 accept=1.0000 swapped=True
i=0 pair=(2,3) lam_t=0.99857 lam_s=1.00286 tsr_diff=0.000000 integral_mean=0.000000 integral_std=0.000000 log_ratio=0.0000 accept=1.0000 swapped=True
i=0 pair=(4,5) lam_t=1.00714 lam_s=1.01143 tsr_diff=0.000000 integral_mean=0.000000 integral_std=0.000000 log_ratio=0.0000 accept=1.0000 swapped=True
i=0 pair=(6,7) lam_t=1.01571 lam_s=1.02000 tsr_diff=0.000000 integral_mean=0.000000 integral_std=0.000000 log_ratio=0.0000 accept=1.0000 swapped=True
i=1 pair=(0,3) lam_t=0.99429 lam_s=0.99857 tsr_diff=0.000046 integral_mean=-0.000003 integral_std=0.000046 log_ratio=-0.0062 accept=0.9938 swapped=True
i=1 pair=(2,5) lam_t=1.00286 lam_s=1.00714 tsr_diff=0.000046 integral_mean=0.000002 integral_std=0.000048 log_ratio=0.0000 accept=1.0000 swapped=True
i=1 pair=(4,7) lam_t=1.01143 lam_s=1.01571 tsr_diff=0.000046 integral_mean=-0.000002 integral_std=0.000047 log_ratio=-0.0042 accept=0.9958 swapped=True
i=2 pair=(1,3) lam_t=0.99000 lam_s=0.99429 tsr_diff=0.000181 integral_mean=-0.000005 integral_std=0.000196 log_ratio=-0.0124 accept=0.9876 swapped=True
i=2 pair=(0,5) lam_t=0.99857 lam_s=1.00286 tsr_diff=0.000181 integral_mean=0.000002 integral_std=0.000183 log_ratio=0.0000 accept=1.0000 swapped=True
i=2 pair=(2,7) lam_t=1.00714 lam_s=1.01143 tsr_diff=0.000181 integral_mean=-0.000005 integral_std=0.000181 log_ratio=-0.0116 accept=0.9884 swapped=True
i=2 pair=(4,6) lam_t=1.01571 lam_s=1.02000 tsr_diff=0.000181 integral_mean=-0.000005 integral_std=0.000180 log_ratio=-0.0114 accept=0.9886 swapped=True
i=3 pair=(1,5) lam_t=0.99429 lam_s=0.99857 tsr_diff=0.000400 integral_mean=-0.000004 integral_std=0.000413 log_ratio=-0.0105 accept=0.9896 swapped=True
i=3 pair=(0,7) lam_t=1.00286 lam_s=1.00714 tsr_diff=0.000400 integral_mean=-0.000000 integral_std=0.000376 log_ratio=-0.0003 accept=0.9997 swapped=True
i=3 pair=(2,6) lam_t=1.01143 lam_s=1.01571 tsr_diff=0.000399 integral_mean=0.000008 integral_std=0.000403 log_ratio=0.0000 accept=1.0000 swapped=True
i=4 pair=(3,5) lam_t=0.99000 lam_s=0.99429 tsr_diff=0.000695 integral_mean=0.000090 integral_std=0.000808 log_ratio=0.0000 accept=1.0000 swapped=True
i=4 pair=(1,7) lam_t=0.99857 lam_s=1.00286 tsr_diff=0.000693 integral_mean=-0.000020 integral_std=0.000792 log_ratio=-0.0491 accept=0.9521 swapped=True
i=4 pair=(0,6) lam_t=1.00714 lam_s=1.01143 tsr_diff=0.000691 integral_mean=-0.000021 integral_std=0.000658 log_ratio=-0.0494 accept=0.9518 swapped=True
i=4 pair=(2,4) lam_t=1.01571 lam_s=1.02000 tsr_diff=0.000689 integral_mean=-0.000006 integral_std=0.000685 log_ratio=-0.0150 accept=0.9851 swapped=True
i=5 pair=(3,7) lam_t=0.99429 lam_s=0.99857 tsr_diff=0.001051 integral_mean=-0.000000 integral_std=0.001516 log_ratio=-0.0005 accept=0.9995 swapped=True
i=5 pair=(1,6) lam_t=1.00286 lam_s=1.00714 tsr_diff=0.001046 integral_mean=0.000091 integral_std=0.001148 log_ratio=0.0000 accept=1.0000 swapped=True
i=5 pair=(0,4) lam_t=1.01143 lam_s=1.01571 tsr_diff=0.001042 integral_mean=-0.000020 integral_std=0.000990 log_ratio=-0.0474 accept=0.9537 swapped=True
i=6 pair=(5,7) lam_t=0.99000 lam_s=0.99429 tsr_diff=0.001459 integral_mean=-0.000003 integral_std=0.001577 log_ratio=-0.0063 accept=0.9937 swapped=True
i=6 pair=(3,6) lam_t=0.99857 lam_s=1.00286 tsr_diff=0.001450 integral_mean=0.000270 integral_std=0.001836 log_ratio=0.0000 accept=1.0000 swapped=True
i=6 pair=(1,4) lam_t=1.00714 lam_s=1.01143 tsr_diff=0.001442 integral_mean=0.000069 integral_std=0.001415 log_ratio=0.0000 accept=1.0000 swapped=True
i=6 pair=(0,2) lam_t=1.01571 lam_s=1.02000 tsr_diff=0.001433 integral_mean=0.000017 integral_std=0.001398 log_ratio=0.0000 accept=1.0000 swapped=True
i=7 pair=(5,6) lam_t=0.99429 lam_s=0.99857 tsr_diff=0.001888 integral_mean=0.000014 integral_std=0.001906 log_ratio=0.0000 accept=1.0000 swapped=True
i=7 pair=(3,4) lam_t=1.00286 lam_s=1.00714 tsr_diff=0.001874 integral_mean=0.000072 integral_std=0.001785 log_ratio=0.0000 accept=1.0000 swapped=True
i=7 pair=(1,2) lam_t=1.01143 lam_s=1.01571 tsr_diff=0.001860 integral_mean=0.000054 integral_std=0.001766 log_ratio=0.0000 accept=1.0000 swapped=True
i=8 pair=(7,6) lam_t=0.99000 lam_s=0.99429 tsr_diff=0.002345 integral_mean=0.000036 integral_std=0.002756 log_ratio=0.0000 accept=1.0000 swapped=True
i=8 pair=(5,4) lam_t=0.99857 lam_s=1.00286 tsr_diff=0.002323 integral_mean=0.000032 integral_std=0.002184 log_ratio=0.0000 accept=1.0000 swapped=True
i=8 pair=(3,2) lam_t=1.00714 lam_s=1.01143 tsr_diff=0.002302 integral_mean=0.000096 integral_std=0.002493 log_ratio=0.0000 accept=1.0000 swapped=True
i=8 pair=(1,0) lam_t=1.01571 lam_s=1.02000 tsr_diff=0.002281 integral_mean=0.000015 integral_std=0.002329 log_ratio=0.0000 accept=1.0000 swapped=True
i=9 pair=(7,4) lam_t=0.99429 lam_s=0.99857 tsr_diff=0.002773 integral_mean=0.000138 integral_std=0.003476 log_ratio=0.0000 accept=1.0000 swapped=True
i=9 pair=(5,2) lam_t=1.00286 lam_s=1.00714 tsr_diff=0.002742 integral_mean=0.000033 integral_std=0.002554 log_ratio=0.0000 accept=1.0000 swapped=True
i=9 pair=(3,0) lam_t=1.01143 lam_s=1.01571 tsr_diff=0.002712 integral_mean=0.000182 integral_std=0.002752 log_ratio=0.0000 accept=1.0000 swapped=True
i=10 pair=(6,4) lam_t=0.99000 lam_s=0.99429 tsr_diff=0.003206 integral_mean=0.000248 integral_std=0.004096 log_ratio=0.0000 accept=1.0000 swapped=True
i=10 pair=(7,2) lam_t=0.99857 lam_s=1.00286 tsr_diff=0.003165 integral_mean=0.000350 integral_std=0.004532 log_ratio=0.0000 accept=1.0000 swapped=True
i=10 pair=(5,0) lam_t=1.00714 lam_s=1.01143 tsr_diff=0.003125 integral_mean=0.000028 integral_std=0.002578 log_ratio=0.0000 accept=1.0000 swapped=True
i=10 pair=(3,1) lam_t=1.01571 lam_s=1.02000 tsr_diff=0.003086 integral_mean=0.000121 integral_std=0.002969 log_ratio=0.0000 accept=1.0000 swapped=True
i=11 pair=(6,2) lam_t=0.99429 lam_s=0.99857 tsr_diff=0.003554 integral_mean=0.000359 integral_std=0.004683 log_ratio=0.0000 accept=1.0000 swapped=True
i=11 pair=(7,0) lam_t=1.00286 lam_s=1.00714 tsr_diff=0.003505 integral_mean=0.000446 integral_std=0.005460 log_ratio=0.0000 accept=1.0000 swapped=True
i=11 pair=(5,1) lam_t=1.01143 lam_s=1.01571 tsr_diff=0.003456 integral_mean=-0.000124 integral_std=0.003386 log_ratio=-0.2967 accept=0.7433 swapped=True
i=12 pair=(4,2) lam_t=0.99000 lam_s=0.99429 tsr_diff=0.003894 integral_mean=-0.000009 integral_std=0.003180 log_ratio=-0.0227 accept=0.9775 swapped=True
i=12 pair=(6,0) lam_t=0.99857 lam_s=1.00286 tsr_diff=0.003834 integral_mean=0.000509 integral_std=0.006147 log_ratio=0.0000 accept=1.0000 swapped=True
i=12 pair=(7,1) lam_t=1.00714 lam_s=1.01143 tsr_diff=0.003776 integral_mean=0.000374 integral_std=0.006844 log_ratio=0.0000 accept=1.0000 swapped=True
i=12 pair=(5,3) lam_t=1.01571 lam_s=1.02000 tsr_diff=0.003719 integral_mean=-0.000231 integral_std=0.003739 log_ratio=-0.5545 accept=0.5743 swapped=False
i=13 pair=(4,0) lam_t=0.99429 lam_s=0.99857 tsr_diff=0.004100 integral_mean=0.000064 integral_std=0.003171 log_ratio=0.0000 accept=1.0000 swapped=True
i=13 pair=(6,1) lam_t=1.00286 lam_s=1.00714 tsr_diff=0.004034 integral_mean=0.000165 integral_std=0.007636 log_ratio=0.0000 accept=1.0000 swapped=True
i=13 pair=(7,5) lam_t=1.01143 lam_s=1.01571 tsr_diff=0.003969 integral_mean=0.000699 integral_std=0.010266 log_ratio=0.0000 accept=1.0000 swapped=True
Best Sample: 4 log probability -0.041
Saved 1 samples to: logs/pointmaze-giant-navigate-v0/inference/plans/release_H400_T256_LimitsNormalizer_b1_condFalse/2026-07-15 11:53:30/18/0.png
Saved 1 samples to: logs/pointmaze-giant-navigate-v0/inference/plans/release_H400_T256_LimitsNormalizer_b1_condFalse/2026-07-15 11:53:30/18/rollout.png
i=0 pair=(0,1) lam_t=0.99000 lam_s=0.99429 tsr_diff=0.000000 integral_mean=0.000000 integral_std=0.000000 log_ratio=0.0000 accept=1.0000 swapped=True
i=0 pair=(2,3) lam_t=0.99857 lam_s=1.00286 tsr_diff=0.000000 integral_mean=0.000000 integral_std=0.000000 log_ratio=0.0000 accept=1.0000 swapped=True
i=0 pair=(4,5) lam_t=1.00714 lam_s=1.01143 tsr_diff=0.000000 integral_mean=0.000000 integral_std=0.000000 log_ratio=0.0000 accept=1.0000 swapped=True
i=0 pair=(6,7) lam_t=1.01571 lam_s=1.02000 tsr_diff=0.000000 integral_mean=0.000000 integral_std=0.000000 log_ratio=0.0000 accept=1.0000 swapped=True
i=1 pair=(0,3) lam_t=0.99429 lam_s=0.99857 tsr_diff=0.000046 integral_mean=0.000000 integral_std=0.000046 log_ratio=0.0000 accept=1.0000 swapped=True
i=1 pair=(2,5) lam_t=1.00286 lam_s=1.00714 tsr_diff=0.000046 integral_mean=-0.000000 integral_std=0.000047 log_ratio=-0.0007 accept=0.9993 swapped=True
i=1 pair=(4,7) lam_t=1.01143 lam_s=1.01571 tsr_diff=0.000046 integral_mean=0.000003 integral_std=0.000047 log_ratio=0.0000 accept=1.0000 swapped=True
i=2 pair=(1,3) lam_t=0.99000 lam_s=0.99429 tsr_diff=0.000181 integral_mean=-0.000005 integral_std=0.000178 log_ratio=-0.0111 accept=0.9890 swapped=True
i=2 pair=(0,5) lam_t=0.99857 lam_s=1.00286 tsr_diff=0.000181 integral_mean=-0.000011 integral_std=0.000189 log_ratio=-0.0256 accept=0.9747 swapped=True
i=2 pair=(2,7) lam_t=1.00714 lam_s=1.01143 tsr_diff=0.000181 integral_mean=-0.000002 integral_std=0.000186 log_ratio=-0.0058 accept=0.9942 swapped=True
i=2 pair=(4,6) lam_t=1.01571 lam_s=1.02000 tsr_diff=0.000181 integral_mean=0.000002 integral_std=0.000180 log_ratio=0.0000 accept=1.0000 swapped=True
i=3 pair=(1,5) lam_t=0.99429 lam_s=0.99857 tsr_diff=0.000400 integral_mean=-0.000010 integral_std=0.000406 log_ratio=-0.0240 accept=0.9763 swapped=True
i=3 pair=(0,7) lam_t=1.00286 lam_s=1.00714 tsr_diff=0.000400 integral_mean=0.000010 integral_std=0.000396 log_ratio=0.0000 accept=1.0000 swapped=True
i=3 pair=(2,6) lam_t=1.01143 lam_s=1.01571 tsr_diff=0.000399 integral_mean=0.000013 integral_std=0.000389 log_ratio=0.0000 accept=1.0000 swapped=True
i=4 pair=(3,5) lam_t=0.99000 lam_s=0.99429 tsr_diff=0.000695 integral_mean=0.000002 integral_std=0.000657 log_ratio=0.0000 accept=1.0000 swapped=True
i=4 pair=(1,7) lam_t=0.99857 lam_s=1.00286 tsr_diff=0.000693 integral_mean=0.000006 integral_std=0.000693 log_ratio=0.0000 accept=1.0000 swapped=True
i=4 pair=(0,6) lam_t=1.00714 lam_s=1.01143 tsr_diff=0.000691 integral_mean=-0.000003 integral_std=0.000624 log_ratio=-0.0075 accept=0.9925 swapped=True
i=4 pair=(2,4) lam_t=1.01571 lam_s=1.02000 tsr_diff=0.000689 integral_mean=0.000014 integral_std=0.000696 log_ratio=0.0000 accept=1.0000 swapped=True
i=5 pair=(3,7) lam_t=0.99429 lam_s=0.99857 tsr_diff=0.001051 integral_mean=-0.000006 integral_std=0.001049 log_ratio=-0.0138 accept=0.9862 swapped=True
i=5 pair=(1,6) lam_t=1.00286 lam_s=1.00714 tsr_diff=0.001046 integral_mean=0.000007 integral_std=0.001044 log_ratio=0.0000 accept=1.0000 swapped=True
i=5 pair=(0,4) lam_t=1.01143 lam_s=1.01571 tsr_diff=0.001042 integral_mean=-0.000024 integral_std=0.001013 log_ratio=-0.0586 accept=0.9431 swapped=True
i=6 pair=(5,7) lam_t=0.99000 lam_s=0.99429 tsr_diff=0.001459 integral_mean=-0.000097 integral_std=0.001444 log_ratio=-0.2333 accept=0.7919 swapped=True
i=6 pair=(3,6) lam_t=0.99857 lam_s=1.00286 tsr_diff=0.001450 integral_mean=0.000012 integral_std=0.001397 log_ratio=0.0000 accept=1.0000 swapped=True
i=6 pair=(1,4) lam_t=1.00714 lam_s=1.01143 tsr_diff=0.001442 integral_mean=0.000014 integral_std=0.001477 log_ratio=0.0000 accept=1.0000 swapped=True
i=6 pair=(0,2) lam_t=1.01571 lam_s=1.02000 tsr_diff=0.001433 integral_mean=-0.000020 integral_std=0.001451 log_ratio=-0.0491 accept=0.9521 swapped=True
i=7 pair=(5,6) lam_t=0.99429 lam_s=0.99857 tsr_diff=0.001888 integral_mean=-0.000026 integral_std=0.001819 log_ratio=-0.0632 accept=0.9388 swapped=True
i=7 pair=(3,4) lam_t=1.00286 lam_s=1.00714 tsr_diff=0.001874 integral_mean=-0.000069 integral_std=0.001936 log_ratio=-0.1663 accept=0.8468 swapped=True
i=7 pair=(1,2) lam_t=1.01143 lam_s=1.01571 tsr_diff=0.001860 integral_mean=-0.000011 integral_std=0.001788 log_ratio=-0.0254 accept=0.9749 swapped=True
i=8 pair=(7,6) lam_t=0.99000 lam_s=0.99429 tsr_diff=0.002345 integral_mean=-0.000027 integral_std=0.002465 log_ratio=-0.0643 accept=0.9377 swapped=True
i=8 pair=(5,4) lam_t=0.99857 lam_s=1.00286 tsr_diff=0.002323 integral_mean=-0.000138 integral_std=0.002394 log_ratio=-0.3315 accept=0.7178 swapped=True
i=8 pair=(3,2) lam_t=1.00714 lam_s=1.01143 tsr_diff=0.002302 integral_mean=-0.000022 integral_std=0.002199 log_ratio=-0.0524 accept=0.9489 swapped=True
i=8 pair=(1,0) lam_t=1.01571 lam_s=1.02000 tsr_diff=0.002281 integral_mean=0.000009 integral_std=0.002042 log_ratio=0.0000 accept=1.0000 swapped=True
i=9 pair=(7,4) lam_t=0.99429 lam_s=0.99857 tsr_diff=0.002773 integral_mean=-0.000073 integral_std=0.003182 log_ratio=-0.1761 accept=0.8385 swapped=True
i=9 pair=(5,2) lam_t=1.00286 lam_s=1.00714 tsr_diff=0.002742 integral_mean=-0.000087 integral_std=0.002522 log_ratio=-0.2082 accept=0.8121 swapped=True
i=9 pair=(3,0) lam_t=1.01143 lam_s=1.01571 tsr_diff=0.002712 integral_mean=0.000033 integral_std=0.002394 log_ratio=0.0000 accept=1.0000 swapped=True
i=10 pair=(6,4) lam_t=0.99000 lam_s=0.99429 tsr_diff=0.003206 integral_mean=-0.000305 integral_std=0.003785 log_ratio=-0.7322 accept=0.4809 swapped=False
i=10 pair=(7,2) lam_t=0.99857 lam_s=1.00286 tsr_diff=0.003165 integral_mean=-0.000171 integral_std=0.003480 log_ratio=-0.4106 accept=0.6633 swapped=True
i=10 pair=(5,0) lam_t=1.00714 lam_s=1.01143 tsr_diff=0.003125 integral_mean=-0.000063 integral_std=0.002588 log_ratio=-0.1510 accept=0.8599 swapped=True
i=10 pair=(3,1) lam_t=1.01571 lam_s=1.02000 tsr_diff=0.003086 integral_mean=0.000054 integral_std=0.002641 log_ratio=0.0000 accept=1.0000 swapped=True
i=11 pair=(4,2) lam_t=0.99429 lam_s=0.99857 tsr_diff=0.003554 integral_mean=-0.000094 integral_std=0.004974 log_ratio=-0.2249 accept=0.7986 swapped=False
i=11 pair=(7,0) lam_t=1.00286 lam_s=1.00714 tsr_diff=0.003505 integral_mean=0.000084 integral_std=0.003887 log_ratio=0.0000 accept=1.0000 swapped=True
i=11 pair=(5,1) lam_t=1.01143 lam_s=1.01571 tsr_diff=0.003456 integral_mean=-0.000031 integral_std=0.002848 log_ratio=-0.0747 accept=0.9280 swapped=True
i=12 pair=(6,4) lam_t=0.99000 lam_s=0.99429 tsr_diff=0.003894 integral_mean=-0.000341 integral_std=0.005861 log_ratio=-0.8173 accept=0.4416 swapped=True
i=12 pair=(2,0) lam_t=0.99857 lam_s=1.00286 tsr_diff=0.003834 integral_mean=0.001266 integral_std=0.007662 log_ratio=0.0000 accept=1.0000 swapped=True
i=12 pair=(7,1) lam_t=1.00714 lam_s=1.01143 tsr_diff=0.003776 integral_mean=-0.000019 integral_std=0.004603 log_ratio=-0.0450 accept=0.9560 swapped=False
i=12 pair=(5,3) lam_t=1.01571 lam_s=1.02000 tsr_diff=0.003719 integral_mean=-0.000008 integral_std=0.002901 log_ratio=-0.0199 accept=0.9803 swapped=True
i=13 pair=(6,0) lam_t=0.99429 lam_s=0.99857 tsr_diff=0.004100 integral_mean=0.000042 integral_std=0.003208 log_ratio=0.0000 accept=1.0000 swapped=True
i=13 pair=(2,7) lam_t=1.00286 lam_s=1.00714 tsr_diff=0.004034 integral_mean=0.001740 integral_std=0.011924 log_ratio=0.0000 accept=1.0000 swapped=True
i=13 pair=(1,3) lam_t=1.01143 lam_s=1.01571 tsr_diff=0.003969 integral_mean=-0.000076 integral_std=0.003033 log_ratio=-0.1812 accept=0.8342 swapped=True
Best Sample: 0 log probability 0.000
Saved 1 samples to: logs/pointmaze-giant-navigate-v0/inference/plans/release_H400_T256_LimitsNormalizer_b1_condFalse/2026-07-15 11:53:30/19/0.png
Saved 1 samples to: logs/pointmaze-giant-navigate-v0/inference/plans/release_H400_T256_LimitsNormalizer_b1_condFalse/2026-07-15 11:53:30/19/rollout.png
i=0 pair=(0,1) lam_t=0.99000 lam_s=0.99429 tsr_diff=0.000000 integral_mean=0.000000 integral_std=0.000000 log_ratio=0.0000 accept=1.0000 swapped=True
i=0 pair=(2,3) lam_t=0.99857 lam_s=1.00286 tsr_diff=0.000000 integral_mean=0.000000 integral_std=0.000000 log_ratio=0.0000 accept=1.0000 swapped=True
i=0 pair=(4,5) lam_t=1.00714 lam_s=1.01143 tsr_diff=0.000000 integral_mean=0.000000 integral_std=0.000000 log_ratio=0.0000 accept=1.0000 swapped=True
i=0 pair=(6,7) lam_t=1.01571 lam_s=1.02000 tsr_diff=0.000000 integral_mean=0.000000 integral_std=0.000000 log_ratio=0.0000 accept=1.0000 swapped=True
i=1 pair=(0,3) lam_t=0.99429 lam_s=0.99857 tsr_diff=0.000046 integral_mean=0.000000 integral_std=0.000045 log_ratio=0.0000 accept=1.0000 swapped=True
i=1 pair=(2,5) lam_t=1.00286 lam_s=1.00714 tsr_diff=0.000046 integral_mean=0.000001 integral_std=0.000044 log_ratio=0.0000 accept=1.0000 swapped=True
i=1 pair=(4,7) lam_t=1.01143 lam_s=1.01571 tsr_diff=0.000046 integral_mean=0.000000 integral_std=0.000045 log_ratio=0.0000 accept=1.0000 swapped=True
i=2 pair=(1,3) lam_t=0.99000 lam_s=0.99429 tsr_diff=0.000181 integral_mean=0.000002 integral_std=0.000182 log_ratio=0.0000 accept=1.0000 swapped=True
i=2 pair=(0,5) lam_t=0.99857 lam_s=1.00286 tsr_diff=0.000181 integral_mean=0.000001 integral_std=0.000177 log_ratio=0.0000 accept=1.0000 swapped=True
i=2 pair=(2,7) lam_t=1.00714 lam_s=1.01143 tsr_diff=0.000181 integral_mean=-0.000001 integral_std=0.000182 log_ratio=-0.0022 accept=0.9978 swapped=True
i=2 pair=(4,6) lam_t=1.01571 lam_s=1.02000 tsr_diff=0.000181 integral_mean=-0.000008 integral_std=0.000187 log_ratio=-0.0196 accept=0.9806 swapped=True
i=3 pair=(1,5) lam_t=0.99429 lam_s=0.99857 tsr_diff=0.000400 integral_mean=0.000000 integral_std=0.000407 log_ratio=0.0000 accept=1.0000 swapped=True
i=3 pair=(0,7) lam_t=1.00286 lam_s=1.00714 tsr_diff=0.000400 integral_mean=-0.000007 integral_std=0.000420 log_ratio=-0.0159 accept=0.9843 swapped=True
i=3 pair=(2,6) lam_t=1.01143 lam_s=1.01571 tsr_diff=0.000399 integral_mean=-0.000022 integral_std=0.000406 log_ratio=-0.0518 accept=0.9495 swapped=True
i=4 pair=(3,5) lam_t=0.99000 lam_s=0.99429 tsr_diff=0.000695 integral_mean=-0.000053 integral_std=0.000750 log_ratio=-0.1273 accept=0.8804 swapped=True
i=4 pair=(1,7) lam_t=0.99857 lam_s=1.00286 tsr_diff=0.000693 integral_mean=0.000001 integral_std=0.000718 log_ratio=0.0000 accept=1.0000 swapped=True
i=4 pair=(0,6) lam_t=1.00714 lam_s=1.01143 tsr_diff=0.000691 integral_mean=-0.000012 integral_std=0.000715 log_ratio=-0.0277 accept=0.9727 swapped=True
i=4 pair=(2,4) lam_t=1.01571 lam_s=1.02000 tsr_diff=0.000689 integral_mean=-0.000007 integral_std=0.000712 log_ratio=-0.0178 accept=0.9824 swapped=True
i=5 pair=(3,7) lam_t=0.99429 lam_s=0.99857 tsr_diff=0.001051 integral_mean=0.000003 integral_std=0.000984 log_ratio=0.0000 accept=1.0000 swapped=True
i=5 pair=(1,6) lam_t=1.00286 lam_s=1.00714 tsr_diff=0.001046 integral_mean=0.000004 integral_std=0.001139 log_ratio=0.0000 accept=1.0000 swapped=True
i=5 pair=(0,4) lam_t=1.01143 lam_s=1.01571 tsr_diff=0.001042 integral_mean=0.000099 integral_std=0.001177 log_ratio=0.0000 accept=1.0000 swapped=True
i=6 pair=(5,7) lam_t=0.99000 lam_s=0.99429 tsr_diff=0.001459 integral_mean=0.000276 integral_std=0.002005 log_ratio=0.0000 accept=1.0000 swapped=True
i=6 pair=(3,6) lam_t=0.99857 lam_s=1.00286 tsr_diff=0.001450 integral_mean=-0.000021 integral_std=0.001526 log_ratio=-0.0513 accept=0.9500 swapped=True
i=6 pair=(1,4) lam_t=1.00714 lam_s=1.01143 tsr_diff=0.001442 integral_mean=-0.000003 integral_std=0.001481 log_ratio=-0.0066 accept=0.9934 swapped=True
i=6 pair=(0,2) lam_t=1.01571 lam_s=1.02000 tsr_diff=0.001433 integral_mean=0.000040 integral_std=0.001442 log_ratio=0.0000 accept=1.0000 swapped=True
i=7 pair=(5,6) lam_t=0.99429 lam_s=0.99857 tsr_diff=0.001888 integral_mean=0.000202 integral_std=0.002295 log_ratio=0.0000 accept=1.0000 swapped=True
i=7 pair=(3,4) lam_t=1.00286 lam_s=1.00714 tsr_diff=0.001874 integral_mean=-0.000049 integral_std=0.001995 log_ratio=-0.1179 accept=0.8888 swapped=True
i=7 pair=(1,2) lam_t=1.01143 lam_s=1.01571 tsr_diff=0.001860 integral_mean=0.000038 integral_std=0.001848 log_ratio=0.0000 accept=1.0000 swapped=True
i=8 pair=(7,6) lam_t=0.99000 lam_s=0.99429 tsr_diff=0.002345 integral_mean=-0.000054 integral_std=0.002441 log_ratio=-0.1299 accept=0.8782 swapped=True
i=8 pair=(5,4) lam_t=0.99857 lam_s=1.00286 tsr_diff=0.002323 integral_mean=0.000454 integral_std=0.003036 log_ratio=0.0000 accept=1.0000 swapped=True
i=8 pair=(3,2) lam_t=1.00714 lam_s=1.01143 tsr_diff=0.002302 integral_mean=-0.000002 integral_std=0.002083 log_ratio=-0.0042 accept=0.9958 swapped=True
i=8 pair=(1,0) lam_t=1.01571 lam_s=1.02000 tsr_diff=0.002281 integral_mean=-0.000035 integral_std=0.002338 log_ratio=-0.0831 accept=0.9203 swapped=True
i=9 pair=(7,4) lam_t=0.99429 lam_s=0.99857 tsr_diff=0.002773 integral_mean=0.000055 integral_std=0.003006 log_ratio=0.0000 accept=1.0000 swapped=True
i=9 pair=(5,2) lam_t=1.00286 lam_s=1.00714 tsr_diff=0.002742 integral_mean=0.000375 integral_std=0.003411 log_ratio=0.0000 accept=1.0000 swapped=True
i=9 pair=(3,0) lam_t=1.01143 lam_s=1.01571 tsr_diff=0.002712 integral_mean=-0.000045 integral_std=0.002696 log_ratio=-0.1086 accept=0.8971 swapped=True
i=10 pair=(6,4) lam_t=0.99000 lam_s=0.99429 tsr_diff=0.003206 integral_mean=0.000100 integral_std=0.003422 log_ratio=0.0000 accept=1.0000 swapped=True
i=10 pair=(7,2) lam_t=0.99857 lam_s=1.00286 tsr_diff=0.003165 integral_mean=0.000090 integral_std=0.002969 log_ratio=0.0000 accept=1.0000 swapped=True
i=10 pair=(5,0) lam_t=1.00714 lam_s=1.01143 tsr_diff=0.003125 integral_mean=0.000148 integral_std=0.004244 log_ratio=0.0000 accept=1.0000 swapped=True
i=10 pair=(3,1) lam_t=1.01571 lam_s=1.02000 tsr_diff=0.003086 integral_mean=0.000034 integral_std=0.003317 log_ratio=0.0000 accept=1.0000 swapped=True
i=11 pair=(6,2) lam_t=0.99429 lam_s=0.99857 tsr_diff=0.003554 integral_mean=-0.000020 integral_std=0.004397 log_ratio=-0.0486 accept=0.9526 swapped=True
i=11 pair=(7,0) lam_t=1.00286 lam_s=1.00714 tsr_diff=0.003505 integral_mean=-0.000123 integral_std=0.004022 log_ratio=-0.2945 accept=0.7449 swapped=False
i=11 pair=(5,1) lam_t=1.01143 lam_s=1.01571 tsr_diff=0.003456 integral_mean=0.000582 integral_std=0.004779 log_ratio=0.0000 accept=1.0000 swapped=True
i=12 pair=(4,2) lam_t=0.99000 lam_s=0.99429 tsr_diff=0.003894 integral_mean=0.000054 integral_std=0.005735 log_ratio=0.0000 accept=1.0000 swapped=True
i=12 pair=(6,7) lam_t=0.99857 lam_s=1.00286 tsr_diff=0.003834 integral_mean=0.000055 integral_std=0.006098 log_ratio=0.0000 accept=1.0000 swapped=True
i=12 pair=(0,1) lam_t=1.00714 lam_s=1.01143 tsr_diff=0.003776 integral_mean=0.000127 integral_std=0.006231 log_ratio=0.0000 accept=1.0000 swapped=True
i=12 pair=(5,3) lam_t=1.01571 lam_s=1.02000 tsr_diff=0.003719 integral_mean=0.000602 integral_std=0.006823 log_ratio=0.0000 accept=1.0000 swapped=True
i=13 pair=(4,7) lam_t=0.99429 lam_s=0.99857 tsr_diff=0.004100 integral_mean=-0.000241 integral_std=0.007491 log_ratio=-0.5775 accept=0.5613 swapped=True
i=13 pair=(6,1) lam_t=1.00286 lam_s=1.00714 tsr_diff=0.004034 integral_mean=0.001397 integral_std=0.012482 log_ratio=0.0000 accept=1.0000 swapped=True
i=13 pair=(0,3) lam_t=1.01143 lam_s=1.01571 tsr_diff=0.003969 integral_mean=0.006605 integral_std=0.046151 log_ratio=0.0000 accept=1.0000 swapped=True
Best Sample: 3 log probability -0.115
Saved 1 samples to: logs/pointmaze-giant-navigate-v0/inference/plans/release_H400_T256_LimitsNormalizer_b1_condFalse/2026-07-15 11:53:30/20/0.png
Saved 1 samples to: logs/pointmaze-giant-navigate-v0/inference/plans/release_H400_T256_LimitsNormalizer_b1_condFalse/2026-07-15 11:53:30/20/rollout.png
i=0 pair=(0,1) lam_t=0.99000 lam_s=0.99429 tsr_diff=0.000000 integral_mean=0.000000 integral_std=0.000000 log_ratio=0.0000 accept=1.0000 swapped=True
i=0 pair=(2,3) lam_t=0.99857 lam_s=1.00286 tsr_diff=0.000000 integral_mean=0.000000 integral_std=0.000000 log_ratio=0.0000 accept=1.0000 swapped=True
i=0 pair=(4,5) lam_t=1.00714 lam_s=1.01143 tsr_diff=0.000000 integral_mean=0.000000 integral_std=0.000000 log_ratio=0.0000 accept=1.0000 swapped=True
i=0 pair=(6,7) lam_t=1.01571 lam_s=1.02000 tsr_diff=0.000000 integral_mean=0.000000 integral_std=0.000000 log_ratio=0.0000 accept=1.0000 swapped=True
i=1 pair=(0,3) lam_t=0.99429 lam_s=0.99857 tsr_diff=0.000046 integral_mean=0.000000 integral_std=0.000045 log_ratio=0.0000 accept=1.0000 swapped=True
i=1 pair=(2,5) lam_t=1.00286 lam_s=1.00714 tsr_diff=0.000046 integral_mean=-0.000001 integral_std=0.000045 log_ratio=-0.0020 accept=0.9980 swapped=True
i=1 pair=(4,7) lam_t=1.01143 lam_s=1.01571 tsr_diff=0.000046 integral_mean=-0.000001 integral_std=0.000045 log_ratio=-0.0029 accept=0.9971 swapped=True
i=2 pair=(1,3) lam_t=0.99000 lam_s=0.99429 tsr_diff=0.000181 integral_mean=-0.000005 integral_std=0.000195 log_ratio=-0.0130 accept=0.9871 swapped=True
i=2 pair=(0,5) lam_t=0.99857 lam_s=1.00286 tsr_diff=0.000181 integral_mean=-0.000001 integral_std=0.000179 log_ratio=-0.0019 accept=0.9981 swapped=True
i=2 pair=(2,7) lam_t=1.00714 lam_s=1.01143 tsr_diff=0.000181 integral_mean=0.000000 integral_std=0.000210 log_ratio=0.0000 accept=1.0000 swapped=True
i=2 pair=(4,6) lam_t=1.01571 lam_s=1.02000 tsr_diff=0.000181 integral_mean=0.000003 integral_std=0.000180 log_ratio=0.0000 accept=1.0000 swapped=True
i=3 pair=(1,5) lam_t=0.99429 lam_s=0.99857 tsr_diff=0.000400 integral_mean=0.000008 integral_std=0.000426 log_ratio=0.0000 accept=1.0000 swapped=True
i=3 pair=(0,7) lam_t=1.00286 lam_s=1.00714 tsr_diff=0.000400 integral_mean=-0.000016 integral_std=0.000430 log_ratio=-0.0394 accept=0.9613 swapped=True
i=3 pair=(2,6) lam_t=1.01143 lam_s=1.01571 tsr_diff=0.000399 integral_mean=0.000003 integral_std=0.000398 log_ratio=0.0000 accept=1.0000 swapped=True
i=4 pair=(3,5) lam_t=0.99000 lam_s=0.99429 tsr_diff=0.000695 integral_mean=-0.000001 integral_std=0.000716 log_ratio=-0.0023 accept=0.9977 swapped=True
i=4 pair=(1,7) lam_t=0.99857 lam_s=1.00286 tsr_diff=0.000693 integral_mean=-0.000106 integral_std=0.000825 log_ratio=-0.2556 accept=0.7745 swapped=True
i=4 pair=(0,6) lam_t=1.00714 lam_s=1.01143 tsr_diff=0.000691 integral_mean=0.000014 integral_std=0.000715 log_ratio=0.0000 accept=1.0000 swapped=True
i=4 pair=(2,4) lam_t=1.01571 lam_s=1.02000 tsr_diff=0.000689 integral_mean=0.000008 integral_std=0.000654 log_ratio=0.0000 accept=1.0000 swapped=True
i=5 pair=(3,7) lam_t=0.99429 lam_s=0.99857 tsr_diff=0.001051 integral_mean=-0.000039 integral_std=0.001116 log_ratio=-0.0926 accept=0.9116 swapped=False
i=5 pair=(1,6) lam_t=1.00286 lam_s=1.00714 tsr_diff=0.001046 integral_mean=0.000013 integral_std=0.001008 log_ratio=0.0000 accept=1.0000 swapped=True
i=5 pair=(0,4) lam_t=1.01143 lam_s=1.01571 tsr_diff=0.001042 integral_mean=0.000008 integral_std=0.001038 log_ratio=0.0000 accept=1.0000 swapped=True
i=6 pair=(5,3) lam_t=0.99000 lam_s=0.99429 tsr_diff=0.001459 integral_mean=0.000008 integral_std=0.001494 log_ratio=0.0000 accept=1.0000 swapped=True
i=6 pair=(7,6) lam_t=0.99857 lam_s=1.00286 tsr_diff=0.001450 integral_mean=0.000048 integral_std=0.001612 log_ratio=0.0000 accept=1.0000 swapped=True
i=6 pair=(1,4) lam_t=1.00714 lam_s=1.01143 tsr_diff=0.001442 integral_mean=-0.000022 integral_std=0.001447 log_ratio=-0.0526 accept=0.9487 swapped=True
i=6 pair=(0,2) lam_t=1.01571 lam_s=1.02000 tsr_diff=0.001433 integral_mean=-0.000111 integral_std=0.001537 log_ratio=-0.2673 accept=0.7655 swapped=True
i=7 pair=(5,6) lam_t=0.99429 lam_s=0.99857 tsr_diff=0.001888 integral_mean=0.000053 integral_std=0.001906 log_ratio=0.0000 accept=1.0000 swapped=True
i=7 pair=(7,4) lam_t=1.00286 lam_s=1.00714 tsr_diff=0.001874 integral_mean=0.000263 integral_std=0.002159 log_ratio=0.0000 accept=1.0000 swapped=True
i=7 pair=(1,2) lam_t=1.01143 lam_s=1.01571 tsr_diff=0.001860 integral_mean=-0.000058 integral_std=0.001841 log_ratio=-0.1381 accept=0.8710 swapped=True
i=8 pair=(3,6) lam_t=0.99000 lam_s=0.99429 tsr_diff=0.002345 integral_mean=-0.000003 integral_std=0.002396 log_ratio=-0.0080 accept=0.9921 swapped=True
i=8 pair=(5,4) lam_t=0.99857 lam_s=1.00286 tsr_diff=0.002323 integral_mean=-0.000023 integral_std=0.002200 log_ratio=-0.0549 accept=0.9466 swapped=True
i=8 pair=(7,2) lam_t=1.00714 lam_s=1.01143 tsr_diff=0.002302 integral_mean=0.000189 integral_std=0.002976 log_ratio=0.0000 accept=1.0000 swapped=True
i=8 pair=(1,0) lam_t=1.01571 lam_s=1.02000 tsr_diff=0.002281 integral_mean=0.000011 integral_std=0.002189 log_ratio=0.0000 accept=1.0000 swapped=True
i=9 pair=(3,4) lam_t=0.99429 lam_s=0.99857 tsr_diff=0.002773 integral_mean=-0.000094 integral_std=0.003206 log_ratio=-0.2252 accept=0.7984 swapped=True
i=9 pair=(5,2) lam_t=1.00286 lam_s=1.00714 tsr_diff=0.002742 integral_mean=-0.000138 integral_std=0.003190 log_ratio=-0.3317 accept=0.7177 swapped=True
i=9 pair=(7,0) lam_t=1.01143 lam_s=1.01571 tsr_diff=0.002712 integral_mean=0.000407 integral_std=0.003761 log_ratio=0.0000 accept=1.0000 swapped=True
i=10 pair=(6,4) lam_t=0.99000 lam_s=0.99429 tsr_diff=0.003206 integral_mean=-0.000118 integral_std=0.004213 log_ratio=-0.2825 accept=0.7539 swapped=True
i=10 pair=(3,2) lam_t=0.99857 lam_s=1.00286 tsr_diff=0.003165 integral_mean=-0.000092 integral_std=0.004135 log_ratio=-0.2205 accept=0.8021 swapped=True
i=10 pair=(5,0) lam_t=1.00714 lam_s=1.01143 tsr_diff=0.003125 integral_mean=-0.000066 integral_std=0.003712 log_ratio=-0.1595 accept=0.8526 swapped=True
i=10 pair=(7,1) lam_t=1.01571 lam_s=1.02000 tsr_diff=0.003086 integral_mean=0.000264 integral_std=0.004526 log_ratio=0.0000 accept=1.0000 swapped=True
i=11 pair=(6,2) lam_t=0.99429 lam_s=0.99857 tsr_diff=0.003554 integral_mean=-0.000047 integral_std=0.004003 log_ratio=-0.1131 accept=0.8931 swapped=True
i=11 pair=(3,0) lam_t=1.00286 lam_s=1.00714 tsr_diff=0.003505 integral_mean=0.000079 integral_std=0.004259 log_ratio=0.0000 accept=1.0000 swapped=True
i=11 pair=(5,1) lam_t=1.01143 lam_s=1.01571 tsr_diff=0.003456 integral_mean=-0.000173 integral_std=0.004392 log_ratio=-0.4150 accept=0.6603 swapped=True
i=12 pair=(4,2) lam_t=0.99000 lam_s=0.99429 tsr_diff=0.003894 integral_mean=0.000234 integral_std=0.007860 log_ratio=0.0000 accept=1.0000 swapped=True
i=12 pair=(6,0) lam_t=0.99857 lam_s=1.00286 tsr_diff=0.003834 integral_mean=-0.000325 integral_std=0.006031 log_ratio=-0.7791 accept=0.4588 swapped=True
i=12 pair=(3,1) lam_t=1.00714 lam_s=1.01143 tsr_diff=0.003776 integral_mean=0.000882 integral_std=0.005961 log_ratio=0.0000 accept=1.0000 swapped=True
i=12 pair=(5,7) lam_t=1.01571 lam_s=1.02000 tsr_diff=0.003719 integral_mean=-0.000322 integral_std=0.005448 log_ratio=-0.7737 accept=0.4613 swapped=False
i=13 pair=(4,0) lam_t=0.99429 lam_s=0.99857 tsr_diff=0.004100 integral_mean=-0.000111 integral_std=0.010178 log_ratio=-0.2656 accept=0.7667 swapped=True
i=13 pair=(6,1) lam_t=1.00286 lam_s=1.00714 tsr_diff=0.004034 integral_mean=-0.000357 integral_std=0.007278 log_ratio=-0.8572 accept=0.4243 swapped=False
i=13 pair=(3,5) lam_t=1.01143 lam_s=1.01571 tsr_diff=0.003969 integral_mean=0.000343 integral_std=0.009193 log_ratio=0.0000 accept=1.0000 swapped=True
Best Sample: 1 log probability -3.572
Saved 1 samples to: logs/pointmaze-giant-navigate-v0/inference/plans/release_H400_T256_LimitsNormalizer_b1_condFalse/2026-07-15 11:53:30/21/0.png
Saved 1 samples to: logs/pointmaze-giant-navigate-v0/inference/plans/release_H400_T256_LimitsNormalizer_b1_condFalse/2026-07-15 11:53:30/21/rollout.png
i=0 pair=(0,1) lam_t=0.99000 lam_s=0.99429 tsr_diff=0.000000 integral_mean=0.000000 integral_std=0.000000 log_ratio=0.0000 accept=1.0000 swapped=True
i=0 pair=(2,3) lam_t=0.99857 lam_s=1.00286 tsr_diff=0.000000 integral_mean=0.000000 integral_std=0.000000 log_ratio=0.0000 accept=1.0000 swapped=True
i=0 pair=(4,5) lam_t=1.00714 lam_s=1.01143 tsr_diff=0.000000 integral_mean=0.000000 integral_std=0.000000 log_ratio=0.0000 accept=1.0000 swapped=True
i=0 pair=(6,7) lam_t=1.01571 lam_s=1.02000 tsr_diff=0.000000 integral_mean=0.000000 integral_std=0.000000 log_ratio=0.0000 accept=1.0000 swapped=True
i=1 pair=(0,3) lam_t=0.99429 lam_s=0.99857 tsr_diff=0.000046 integral_mean=-0.000000 integral_std=0.000044 log_ratio=-0.0008 accept=0.9992 swapped=True
i=1 pair=(2,5) lam_t=1.00286 lam_s=1.00714 tsr_diff=0.000046 integral_mean=-0.000001 integral_std=0.000047 log_ratio=-0.0016 accept=0.9984 swapped=True
i=1 pair=(4,7) lam_t=1.01143 lam_s=1.01571 tsr_diff=0.000046 integral_mean=-0.000001 integral_std=0.000044 log_ratio=-0.0025 accept=0.9975 swapped=True
i=2 pair=(1,3) lam_t=0.99000 lam_s=0.99429 tsr_diff=0.000181 integral_mean=0.000008 integral_std=0.000180 log_ratio=0.0000 accept=1.0000 swapped=True
i=2 pair=(0,5) lam_t=0.99857 lam_s=1.00286 tsr_diff=0.000181 integral_mean=-0.000003 integral_std=0.000176 log_ratio=-0.0066 accept=0.9935 swapped=True
i=2 pair=(2,7) lam_t=1.00714 lam_s=1.01143 tsr_diff=0.000181 integral_mean=-0.000001 integral_std=0.000179 log_ratio=-0.0014 accept=0.9986 swapped=True
i=2 pair=(4,6) lam_t=1.01571 lam_s=1.02000 tsr_diff=0.000181 integral_mean=0.000001 integral_std=0.000217 log_ratio=0.0000 accept=1.0000 swapped=True
i=3 pair=(1,5) lam_t=0.99429 lam_s=0.99857 tsr_diff=0.000400 integral_mean=-0.000005 integral_std=0.000402 log_ratio=-0.0132 accept=0.9869 swapped=True
i=3 pair=(0,7) lam_t=1.00286 lam_s=1.00714 tsr_diff=0.000400 integral_mean=-0.000006 integral_std=0.000406 log_ratio=-0.0138 accept=0.9863 swapped=True
i=3 pair=(2,6) lam_t=1.01143 lam_s=1.01571 tsr_diff=0.000399 integral_mean=-0.000024 integral_std=0.000462 log_ratio=-0.0577 accept=0.9439 swapped=True
i=4 pair=(3,5) lam_t=0.99000 lam_s=0.99429 tsr_diff=0.000695 integral_mean=-0.000025 integral_std=0.000674 log_ratio=-0.0600 accept=0.9418 swapped=True
i=4 pair=(1,7) lam_t=0.99857 lam_s=1.00286 tsr_diff=0.000693 integral_mean=-0.000171 integral_std=0.000984 log_ratio=-0.4108 accept=0.6631 swapped=False
i=4 pair=(0,6) lam_t=1.00714 lam_s=1.01143 tsr_diff=0.000691 integral_mean=-0.000011 integral_std=0.000688 log_ratio=-0.0263 accept=0.9741 swapped=True
i=4 pair=(2,4) lam_t=1.01571 lam_s=1.02000 tsr_diff=0.000689 integral_mean=0.000003 integral_std=0.000717 log_ratio=0.0000 accept=1.0000 swapped=True
i=5 pair=(3,1) lam_t=0.99429 lam_s=0.99857 tsr_diff=0.001051 integral_mean=0.000025 integral_std=0.001246 log_ratio=0.0000 accept=1.0000 swapped=True
i=5 pair=(7,6) lam_t=1.00286 lam_s=1.00714 tsr_diff=0.001046 integral_mean=0.000077 integral_std=0.001192 log_ratio=0.0000 accept=1.0000 swapped=True
i=5 pair=(0,4) lam_t=1.01143 lam_s=1.01571 tsr_diff=0.001042 integral_mean=0.000155 integral_std=0.001308 log_ratio=0.0000 accept=1.0000 swapped=True
i=6 pair=(5,1) lam_t=0.99000 lam_s=0.99429 tsr_diff=0.001459 integral_mean=-0.000014 integral_std=0.001436 log_ratio=-0.0325 accept=0.9680 swapped=True
i=6 pair=(3,6) lam_t=0.99857 lam_s=1.00286 tsr_diff=0.001450 integral_mean=0.000062 integral_std=0.001730 log_ratio=0.0000 accept=1.0000 swapped=True
i=6 pair=(7,4) lam_t=1.00714 lam_s=1.01143 tsr_diff=0.001442 integral_mean=0.000089 integral_std=0.001517 log_ratio=0.0000 accept=1.0000 swapped=True
i=6 pair=(0,2) lam_t=1.01571 lam_s=1.02000 tsr_diff=0.001433 integral_mean=0.000148 integral_std=0.001573 log_ratio=0.0000 accept=1.0000 swapped=True
i=7 pair=(5,6) lam_t=0.99429 lam_s=0.99857 tsr_diff=0.001888 integral_mean=-0.000060 integral_std=0.001871 log_ratio=-0.1435 accept=0.8663 swapped=True
i=7 pair=(3,4) lam_t=1.00286 lam_s=1.00714 tsr_diff=0.001874 integral_mean=0.000131 integral_std=0.001978 log_ratio=0.0000 accept=1.0000 swapped=True
i=7 pair=(7,2) lam_t=1.01143 lam_s=1.01571 tsr_diff=0.001860 integral_mean=-0.000010 integral_std=0.001928 log_ratio=-0.0241 accept=0.9762 swapped=True
i=8 pair=(1,6) lam_t=0.99000 lam_s=0.99429 tsr_diff=0.002345 integral_mean=-0.000036 integral_std=0.002229 log_ratio=-0.0857 accept=0.9179 swapped=True
i=8 pair=(5,4) lam_t=0.99857 lam_s=1.00286 tsr_diff=0.002323 integral_mean=0.000009 integral_std=0.002092 log_ratio=0.0000 accept=1.0000 swapped=True
i=8 pair=(3,2) lam_t=1.00714 lam_s=1.01143 tsr_diff=0.002302 integral_mean=0.000107 integral_std=0.002500 log_ratio=0.0000 accept=1.0000 swapped=True
i=8 pair=(7,0) lam_t=1.01571 lam_s=1.02000 tsr_diff=0.002281 integral_mean=-0.000095 integral_std=0.002571 log_ratio=-0.2277 accept=0.7963 swapped=True
i=9 pair=(1,4) lam_t=0.99429 lam_s=0.99857 tsr_diff=0.002773 integral_mean=0.000067 integral_std=0.002949 log_ratio=0.0000 accept=1.0000 swapped=True
i=9 pair=(5,2) lam_t=1.00286 lam_s=1.00714 tsr_diff=0.002742 integral_mean=-0.000045 integral_std=0.003056 log_ratio=-0.1071 accept=0.8985 swapped=True
i=9 pair=(3,0) lam_t=1.01143 lam_s=1.01571 tsr_diff=0.002712 integral_mean=-0.000054 integral_std=0.003546 log_ratio=-0.1302 accept=0.8779 swapped=True
i=10 pair=(6,4) lam_t=0.99000 lam_s=0.99429 tsr_diff=0.003206 integral_mean=0.000051 integral_std=0.003582 log_ratio=0.0000 accept=1.0000 swapped=True
i=10 pair=(1,2) lam_t=0.99857 lam_s=1.00286 tsr_diff=0.003165 integral_mean=-0.000038 integral_std=0.003945 log_ratio=-0.0907 accept=0.9133 swapped=True
i=10 pair=(5,0) lam_t=1.00714 lam_s=1.01143 tsr_diff=0.003125 integral_mean=-0.000134 integral_std=0.004166 log_ratio=-0.3208 accept=0.7255 swapped=True
i=10 pair=(3,7) lam_t=1.01571 lam_s=1.02000 tsr_diff=0.003086 integral_mean=0.000199 integral_std=0.003983 log_ratio=0.0000 accept=1.0000 swapped=True
i=11 pair=(6,2) lam_t=0.99429 lam_s=0.99857 tsr_diff=0.003554 integral_mean=-0.000002 integral_std=0.005595 log_ratio=-0.0045 accept=0.9955 swapped=True
i=11 pair=(1,0) lam_t=1.00286 lam_s=1.00714 tsr_diff=0.003505 integral_mean=-0.000189 integral_std=0.005343 log_ratio=-0.4532 accept=0.6356 swapped=False
i=11 pair=(5,7) lam_t=1.01143 lam_s=1.01571 tsr_diff=0.003456 integral_mean=0.000211 integral_std=0.004969 log_ratio=0.0000 accept=1.0000 swapped=True
i=12 pair=(4,2) lam_t=0.99000 lam_s=0.99429 tsr_diff=0.003894 integral_mean=-0.000262 integral_std=0.004788 log_ratio=-0.6288 accept=0.5332 swapped=True
i=12 pair=(6,1) lam_t=0.99857 lam_s=1.00286 tsr_diff=0.003834 integral_mean=0.000127 integral_std=0.003713 log_ratio=0.0000 accept=1.0000 swapped=True
i=12 pair=(0,7) lam_t=1.00714 lam_s=1.01143 tsr_diff=0.003776 integral_mean=0.000156 integral_std=0.005804 log_ratio=0.0000 accept=1.0000 swapped=True
i=12 pair=(5,3) lam_t=1.01571 lam_s=1.02000 tsr_diff=0.003719 integral_mean=-0.000400 integral_std=0.008105 log_ratio=-0.9608 accept=0.3826 swapped=True
i=13 pair=(4,1) lam_t=0.99429 lam_s=0.99857 tsr_diff=0.004100 integral_mean=-0.000064 integral_std=0.007529 log_ratio=-0.1540 accept=0.8573 swapped=True
i=13 pair=(6,7) lam_t=1.00286 lam_s=1.00714 tsr_diff=0.004034 integral_mean=-0.000095 integral_std=0.011833 log_ratio=-0.2271 accept=0.7969 swapped=True
i=13 pair=(0,3) lam_t=1.01143 lam_s=1.01571 tsr_diff=0.003969 integral_mean=0.000071 integral_std=0.010496 log_ratio=0.0000 accept=1.0000 swapped=True
Best Sample: 1 log probability -0.466
Saved 1 samples to: logs/pointmaze-giant-navigate-v0/inference/plans/release_H400_T256_LimitsNormalizer_b1_condFalse/2026-07-15 11:53:30/22/0.png
Saved 1 samples to: logs/pointmaze-giant-navigate-v0/inference/plans/release_H400_T256_LimitsNormalizer_b1_condFalse/2026-07-15 11:53:30/22/rollout.png
i=0 pair=(0,1) lam_t=0.99000 lam_s=0.99429 tsr_diff=0.000000 integral_mean=0.000000 integral_std=0.000000 log_ratio=0.0000 accept=1.0000 swapped=True
i=0 pair=(2,3) lam_t=0.99857 lam_s=1.00286 tsr_diff=0.000000 integral_mean=0.000000 integral_std=0.000000 log_ratio=0.0000 accept=1.0000 swapped=True
i=0 pair=(4,5) lam_t=1.00714 lam_s=1.01143 tsr_diff=0.000000 integral_mean=0.000000 integral_std=0.000000 log_ratio=0.0000 accept=1.0000 swapped=True
i=0 pair=(6,7) lam_t=1.01571 lam_s=1.02000 tsr_diff=0.000000 integral_mean=0.000000 integral_std=0.000000 log_ratio=0.0000 accept=1.0000 swapped=True
i=1 pair=(0,3) lam_t=0.99429 lam_s=0.99857 tsr_diff=0.000046 integral_mean=0.000001 integral_std=0.000045 log_ratio=0.0000 accept=1.0000 swapped=True
i=1 pair=(2,5) lam_t=1.00286 lam_s=1.00714 tsr_diff=0.000046 integral_mean=-0.000001 integral_std=0.000052 log_ratio=-0.0020 accept=0.9980 swapped=True
i=1 pair=(4,7) lam_t=1.01143 lam_s=1.01571 tsr_diff=0.000046 integral_mean=0.000001 integral_std=0.000047 log_ratio=0.0000 accept=1.0000 swapped=True
i=2 pair=(1,3) lam_t=0.99000 lam_s=0.99429 tsr_diff=0.000181 integral_mean=-0.000001 integral_std=0.000182 log_ratio=-0.0015 accept=0.9985 swapped=True
i=2 pair=(0,5) lam_t=0.99857 lam_s=1.00286 tsr_diff=0.000181 integral_mean=0.000101 integral_std=0.000309 log_ratio=0.0000 accept=1.0000 swapped=True
i=2 pair=(2,7) lam_t=1.00714 lam_s=1.01143 tsr_diff=0.000181 integral_mean=-0.000003 integral_std=0.000195 log_ratio=-0.0077 accept=0.9924 swapped=True
i=2 pair=(4,6) lam_t=1.01571 lam_s=1.02000 tsr_diff=0.000181 integral_mean=-0.000002 integral_std=0.000182 log_ratio=-0.0040 accept=0.9960 swapped=True
i=3 pair=(1,5) lam_t=0.99429 lam_s=0.99857 tsr_diff=0.000400 integral_mean=-0.000015 integral_std=0.000404 log_ratio=-0.0361 accept=0.9646 swapped=True
i=3 pair=(0,7) lam_t=1.00286 lam_s=1.00714 tsr_diff=0.000400 integral_mean=0.000008 integral_std=0.000500 log_ratio=0.0000 accept=1.0000 swapped=True
i=3 pair=(2,6) lam_t=1.01143 lam_s=1.01571 tsr_diff=0.000399 integral_mean=-0.000004 integral_std=0.000453 log_ratio=-0.0099 accept=0.9902 swapped=True
i=4 pair=(3,5) lam_t=0.99000 lam_s=0.99429 tsr_diff=0.000695 integral_mean=-0.000007 integral_std=0.000678 log_ratio=-0.0163 accept=0.9838 swapped=True
i=4 pair=(1,7) lam_t=0.99857 lam_s=1.00286 tsr_diff=0.000693 integral_mean=-0.000053 integral_std=0.000779 log_ratio=-0.1271 accept=0.8807 swapped=True
i=4 pair=(0,6) lam_t=1.00714 lam_s=1.01143 tsr_diff=0.000691 integral_mean=0.000022 integral_std=0.000710 log_ratio=0.0000 accept=1.0000 swapped=True
i=4 pair=(2,4) lam_t=1.01571 lam_s=1.02000 tsr_diff=0.000689 integral_mean=-0.000011 integral_std=0.000740 log_ratio=-0.0254 accept=0.9749 swapped=True
i=5 pair=(3,7) lam_t=0.99429 lam_s=0.99857 tsr_diff=0.001051 integral_mean=-0.000091 integral_std=0.001174 log_ratio=-0.2177 accept=0.8044 swapped=True
i=5 pair=(1,6) lam_t=1.00286 lam_s=1.00714 tsr_diff=0.001046 integral_mean=-0.000020 integral_std=0.000962 log_ratio=-0.0490 accept=0.9521 swapped=True
i=5 pair=(0,4) lam_t=1.01143 lam_s=1.01571 tsr_diff=0.001042 integral_mean=-0.000011 integral_std=0.000965 log_ratio=-0.0260 accept=0.9743 swapped=True
i=6 pair=(5,7) lam_t=0.99000 lam_s=0.99429 tsr_diff=0.001459 integral_mean=-0.000021 integral_std=0.001591 log_ratio=-0.0510 accept=0.9503 swapped=False
i=6 pair=(3,6) lam_t=0.99857 lam_s=1.00286 tsr_diff=0.001450 integral_mean=0.000005 integral_std=0.001371 log_ratio=0.0000 accept=1.0000 swapped=True
i=6 pair=(1,4) lam_t=1.00714 lam_s=1.01143 tsr_diff=0.001442 integral_mean=0.000002 integral_std=0.001338 log_ratio=0.0000 accept=1.0000 swapped=True
i=6 pair=(0,2) lam_t=1.01571 lam_s=1.02000 tsr_diff=0.001433 integral_mean=0.000063 integral_std=0.001575 log_ratio=0.0000 accept=1.0000 swapped=True
i=7 pair=(7,6) lam_t=0.99429 lam_s=0.99857 tsr_diff=0.001888 integral_mean=0.000072 integral_std=0.001960 log_ratio=0.0000 accept=1.0000 swapped=True
i=7 pair=(3,4) lam_t=1.00286 lam_s=1.00714 tsr_diff=0.001874 integral_mean=0.000018 integral_std=0.001761 log_ratio=0.0000 accept=1.0000 swapped=True
i=7 pair=(1,2) lam_t=1.01143 lam_s=1.01571 tsr_diff=0.001860 integral_mean=-0.000037 integral_std=0.001740 log_ratio=-0.0882 accept=0.9156 swapped=True
i=8 pair=(5,6) lam_t=0.99000 lam_s=0.99429 tsr_diff=0.002345 integral_mean=0.000071 integral_std=0.002621 log_ratio=0.0000 accept=1.0000 swapped=True
i=8 pair=(7,4) lam_t=0.99857 lam_s=1.00286 tsr_diff=0.002323 integral_mean=0.000134 integral_std=0.002895 log_ratio=0.0000 accept=1.0000 swapped=True
i=8 pair=(3,2) lam_t=1.00714 lam_s=1.01143 tsr_diff=0.002302 integral_mean=-0.000095 integral_std=0.002389 log_ratio=-0.2279 accept=0.7962 swapped=True
i=8 pair=(1,0) lam_t=1.01571 lam_s=1.02000 tsr_diff=0.002281 integral_mean=0.000019 integral_std=0.002156 log_ratio=0.0000 accept=1.0000 swapped=True
i=9 pair=(5,4) lam_t=0.99429 lam_s=0.99857 tsr_diff=0.002773 integral_mean=-0.000086 integral_std=0.003643 log_ratio=-0.2056 accept=0.8142 swapped=True
i=9 pair=(7,2) lam_t=1.00286 lam_s=1.00714 tsr_diff=0.002742 integral_mean=0.000017 integral_std=0.003500 log_ratio=0.0000 accept=1.0000 swapped=True
i=9 pair=(3,0) lam_t=1.01143 lam_s=1.01571 tsr_diff=0.002712 integral_mean=-0.000189 integral_std=0.002825 log_ratio=-0.4547 accept=0.6346 swapped=True
i=10 pair=(6,4) lam_t=0.99000 lam_s=0.99429 tsr_diff=0.003206 integral_mean=-0.000172 integral_std=0.003145 log_ratio=-0.4131 accept=0.6616 swapped=True
i=10 pair=(5,2) lam_t=0.99857 lam_s=1.00286 tsr_diff=0.003165 integral_mean=-0.000131 integral_std=0.005071 log_ratio=-0.3147 accept=0.7300 swapped=True
i=10 pair=(7,0) lam_t=1.00714 lam_s=1.01143 tsr_diff=0.003125 integral_mean=0.000190 integral_std=0.003882 log_ratio=0.0000 accept=1.0000 swapped=True
i=10 pair=(3,1) lam_t=1.01571 lam_s=1.02000 tsr_diff=0.003086 integral_mean=-0.000179 integral_std=0.003552 log_ratio=-0.4292 accept=0.6510 swapped=True
i=11 pair=(6,2) lam_t=0.99429 lam_s=0.99857 tsr_diff=0.003554 integral_mean=-0.000113 integral_std=0.004795 log_ratio=-0.2712 accept=0.7625 swapped=True
i=11 pair=(5,0) lam_t=1.00286 lam_s=1.00714 tsr_diff=0.003505 integral_mean=0.000268 integral_std=0.005574 log_ratio=0.0000 accept=1.0000 swapped=True
i=11 pair=(7,1) lam_t=1.01143 lam_s=1.01571 tsr_diff=0.003456 integral_mean=0.000117 integral_std=0.004111 log_ratio=0.0000 accept=1.0000 swapped=True
i=12 pair=(4,2) lam_t=0.99000 lam_s=0.99429 tsr_diff=0.003894 integral_mean=-0.000143 integral_std=0.006195 log_ratio=-0.3440 accept=0.7089 swapped=True
i=12 pair=(6,0) lam_t=0.99857 lam_s=1.00286 tsr_diff=0.003834 integral_mean=0.000022 integral_std=0.004559 log_ratio=0.0000 accept=1.0000 swapped=True
i=12 pair=(5,1) lam_t=1.00714 lam_s=1.01143 tsr_diff=0.003776 integral_mean=-0.000018 integral_std=0.007490 log_ratio=-0.0428 accept=0.9581 swapped=True
i=12 pair=(7,3) lam_t=1.01571 lam_s=1.02000 tsr_diff=0.003719 integral_mean=0.000193 integral_std=0.005948 log_ratio=0.0000 accept=1.0000 swapped=True
i=13 pair=(4,0) lam_t=0.99429 lam_s=0.99857 tsr_diff=0.004100 integral_mean=-0.000068 integral_std=0.004978 log_ratio=-0.1625 accept=0.8501 swapped=True
i=13 pair=(6,1) lam_t=1.00286 lam_s=1.00714 tsr_diff=0.004034 integral_mean=-0.000024 integral_std=0.006059 log_ratio=-0.0569 accept=0.9447 swapped=True
i=13 pair=(5,3) lam_t=1.01143 lam_s=1.01571 tsr_diff=0.003969 integral_mean=0.000257 integral_std=0.008993 log_ratio=0.0000 accept=1.0000 swapped=True
Best Sample: 1 log probability -0.095
Saved 1 samples to: logs/pointmaze-giant-navigate-v0/inference/plans/release_H400_T256_LimitsNormalizer_b1_condFalse/2026-07-15 11:53:30/23/0.png
Saved 1 samples to: logs/pointmaze-giant-navigate-v0/inference/plans/release_H400_T256_LimitsNormalizer_b1_condFalse/2026-07-15 11:53:30/23/rollout.png
i=0 pair=(0,1) lam_t=0.99000 lam_s=0.99429 tsr_diff=0.000000 integral_mean=0.000000 integral_std=0.000000 log_ratio=0.0000 accept=1.0000 swapped=True
i=0 pair=(2,3) lam_t=0.99857 lam_s=1.00286 tsr_diff=0.000000 integral_mean=0.000000 integral_std=0.000000 log_ratio=0.0000 accept=1.0000 swapped=True
i=0 pair=(4,5) lam_t=1.00714 lam_s=1.01143 tsr_diff=0.000000 integral_mean=0.000000 integral_std=0.000000 log_ratio=0.0000 accept=1.0000 swapped=True
i=0 pair=(6,7) lam_t=1.01571 lam_s=1.02000 tsr_diff=0.000000 integral_mean=0.000000 integral_std=0.000000 log_ratio=0.0000 accept=1.0000 swapped=True
i=1 pair=(0,3) lam_t=0.99429 lam_s=0.99857 tsr_diff=0.000046 integral_mean=-0.000002 integral_std=0.000045 log_ratio=-0.0046 accept=0.9954 swapped=True
i=1 pair=(2,5) lam_t=1.00286 lam_s=1.00714 tsr_diff=0.000046 integral_mean=0.000002 integral_std=0.000047 log_ratio=0.0000 accept=1.0000 swapped=True
i=1 pair=(4,7) lam_t=1.01143 lam_s=1.01571 tsr_diff=0.000046 integral_mean=-0.000001 integral_std=0.000044 log_ratio=-0.0026 accept=0.9974 swapped=True
i=2 pair=(1,3) lam_t=0.99000 lam_s=0.99429 tsr_diff=0.000181 integral_mean=-0.000005 integral_std=0.000177 log_ratio=-0.0122 accept=0.9879 swapped=True
i=2 pair=(0,5) lam_t=0.99857 lam_s=1.00286 tsr_diff=0.000181 integral_mean=0.000005 integral_std=0.000184 log_ratio=0.0000 accept=1.0000 swapped=True
i=2 pair=(2,7) lam_t=1.00714 lam_s=1.01143 tsr_diff=0.000181 integral_mean=0.000004 integral_std=0.000188 log_ratio=0.0000 accept=1.0000 swapped=True
i=2 pair=(4,6) lam_t=1.01571 lam_s=1.02000 tsr_diff=0.000181 integral_mean=0.000007 integral_std=0.000184 log_ratio=0.0000 accept=1.0000 swapped=True
i=3 pair=(1,5) lam_t=0.99429 lam_s=0.99857 tsr_diff=0.000400 integral_mean=0.000019 integral_std=0.000411 log_ratio=0.0000 accept=1.0000 swapped=True
i=3 pair=(0,7) lam_t=1.00286 lam_s=1.00714 tsr_diff=0.000400 integral_mean=0.000001 integral_std=0.000385 log_ratio=0.0000 accept=1.0000 swapped=True
i=3 pair=(2,6) lam_t=1.01143 lam_s=1.01571 tsr_diff=0.000399 integral_mean=0.000001 integral_std=0.000419 log_ratio=0.0000 accept=1.0000 swapped=True
i=4 pair=(3,5) lam_t=0.99000 lam_s=0.99429 tsr_diff=0.000695 integral_mean=0.000003 integral_std=0.000675 log_ratio=0.0000 accept=1.0000 swapped=True
i=4 pair=(1,7) lam_t=0.99857 lam_s=1.00286 tsr_diff=0.000693 integral_mean=0.000127 integral_std=0.000844 log_ratio=0.0000 accept=1.0000 swapped=True
i=4 pair=(0,6) lam_t=1.00714 lam_s=1.01143 tsr_diff=0.000691 integral_mean=-0.000011 integral_std=0.000688 log_ratio=-0.0261 accept=0.9742 swapped=True
i=4 pair=(2,4) lam_t=1.01571 lam_s=1.02000 tsr_diff=0.000689 integral_mean=0.000075 integral_std=0.000760 log_ratio=0.0000 accept=1.0000 swapped=True
i=5 pair=(3,7) lam_t=0.99429 lam_s=0.99857 tsr_diff=0.001051 integral_mean=-0.000002 integral_std=0.001066 log_ratio=-0.0051 accept=0.9949 swapped=True
i=5 pair=(1,6) lam_t=1.00286 lam_s=1.00714 tsr_diff=0.001046 integral_mean=0.000081 integral_std=0.001112 log_ratio=0.0000 accept=1.0000 swapped=True
i=5 pair=(0,4) lam_t=1.01143 lam_s=1.01571 tsr_diff=0.001042 integral_mean=-0.000030 integral_std=0.001046 log_ratio=-0.0720 accept=0.9305 swapped=True
i=6 pair=(5,7) lam_t=0.99000 lam_s=0.99429 tsr_diff=0.001459 integral_mean=0.000055 integral_std=0.001503 log_ratio=0.0000 accept=1.0000 swapped=True
i=6 pair=(3,6) lam_t=0.99857 lam_s=1.00286 tsr_diff=0.001450 integral_mean=0.000012 integral_std=0.001443 log_ratio=0.0000 accept=1.0000 swapped=True
i=6 pair=(1,4) lam_t=1.00714 lam_s=1.01143 tsr_diff=0.001442 integral_mean=0.000003 integral_std=0.001309 log_ratio=0.0000 accept=1.0000 swapped=True
i=6 pair=(0,2) lam_t=1.01571 lam_s=1.02000 tsr_diff=0.001433 integral_mean=-0.000020 integral_std=0.001482 log_ratio=-0.0477 accept=0.9534 swapped=True
i=7 pair=(5,6) lam_t=0.99429 lam_s=0.99857 tsr_diff=0.001888 integral_mean=0.000099 integral_std=0.001936 log_ratio=0.0000 accept=1.0000 swapped=True
i=7 pair=(3,4) lam_t=1.00286 lam_s=1.00714 tsr_diff=0.001874 integral_mean=0.000012 integral_std=0.001814 log_ratio=0.0000 accept=1.0000 swapped=True
i=7 pair=(1,2) lam_t=1.01143 lam_s=1.01571 tsr_diff=0.001860 integral_mean=0.000063 integral_std=0.002076 log_ratio=0.0000 accept=1.0000 swapped=True
i=8 pair=(7,6) lam_t=0.99000 lam_s=0.99429 tsr_diff=0.002345 integral_mean=-0.000035 integral_std=0.002084 log_ratio=-0.0847 accept=0.9188 swapped=True
i=8 pair=(5,4) lam_t=0.99857 lam_s=1.00286 tsr_diff=0.002323 integral_mean=0.000170 integral_std=0.002369 log_ratio=0.0000 accept=1.0000 swapped=True
i=8 pair=(3,2) lam_t=1.00714 lam_s=1.01143 tsr_diff=0.002302 integral_mean=-0.000054 integral_std=0.002524 log_ratio=-0.1304 accept=0.8777 swapped=True
i=8 pair=(1,0) lam_t=1.01571 lam_s=1.02000 tsr_diff=0.002281 integral_mean=0.000435 integral_std=0.002873 log_ratio=0.0000 accept=1.0000 swapped=True
i=9 pair=(7,4) lam_t=0.99429 lam_s=0.99857 tsr_diff=0.002773 integral_mean=-0.000130 integral_std=0.002935 log_ratio=-0.3132 accept=0.7311 swapped=False
i=9 pair=(5,2) lam_t=1.00286 lam_s=1.00714 tsr_diff=0.002742 integral_mean=-0.000294 integral_std=0.003819 log_ratio=-0.7064 accept=0.4934 swapped=True
i=9 pair=(3,0) lam_t=1.01143 lam_s=1.01571 tsr_diff=0.002712 integral_mean=-0.000027 integral_std=0.002735 log_ratio=-0.0647 accept=0.9373 swapped=True
i=10 pair=(6,7) lam_t=0.99000 lam_s=0.99429 tsr_diff=0.003206 integral_mean=-0.000014 integral_std=0.002631 log_ratio=-0.0335 accept=0.9670 swapped=True
i=10 pair=(4,2) lam_t=0.99857 lam_s=1.00286 tsr_diff=0.003165 integral_mean=-0.000875 integral_std=0.005261 log_ratio=-2.1010 accept=0.1223 swapped=False
i=10 pair=(5,0) lam_t=1.00714 lam_s=1.01143 tsr_diff=0.003125 integral_mean=0.000151 integral_std=0.003498 log_ratio=0.0000 accept=1.0000 swapped=True
i=10 pair=(3,1) lam_t=1.01571 lam_s=1.02000 tsr_diff=0.003086 integral_mean=-0.000406 integral_std=0.004355 log_ratio=-0.9754 accept=0.3771 swapped=False
i=11 pair=(6,4) lam_t=0.99429 lam_s=0.99857 tsr_diff=0.003554 integral_mean=-0.000090 integral_std=0.004286 log_ratio=-0.2159 accept=0.8058 swapped=True
i=11 pair=(2,0) lam_t=1.00286 lam_s=1.00714 tsr_diff=0.003505 integral_mean=0.000438 integral_std=0.005073 log_ratio=0.0000 accept=1.0000 swapped=True
i=11 pair=(5,3) lam_t=1.01143 lam_s=1.01571 tsr_diff=0.003456 integral_mean=0.000127 integral_std=0.004340 log_ratio=0.0000 accept=1.0000 swapped=True
i=12 pair=(7,4) lam_t=0.99000 lam_s=0.99429 tsr_diff=0.003894 integral_mean=-0.000273 integral_std=0.005971 log_ratio=-0.6542 accept=0.5199 swapped=False
i=12 pair=(6,0) lam_t=0.99857 lam_s=1.00286 tsr_diff=0.003834 integral_mean=0.000071 integral_std=0.003128 log_ratio=0.0000 accept=1.0000 swapped=True
i=12 pair=(2,3) lam_t=1.00714 lam_s=1.01143 tsr_diff=0.003776 integral_mean=0.000354 integral_std=0.006752 log_ratio=0.0000 accept=1.0000 swapped=True
i=12 pair=(5,1) lam_t=1.01571 lam_s=1.02000 tsr_diff=0.003719 integral_mean=-0.000272 integral_std=0.005550 log_ratio=-0.6530 accept=0.5205 swapped=False
i=13 pair=(4,0) lam_t=0.99429 lam_s=0.99857 tsr_diff=0.004100 integral_mean=0.000079 integral_std=0.007513 log_ratio=0.0000 accept=1.0000 swapped=True
i=13 pair=(6,3) lam_t=1.00286 lam_s=1.00714 tsr_diff=0.004034 integral_mean=-0.000175 integral_std=0.005944 log_ratio=-0.4209 accept=0.6565 swapped=True
i=13 pair=(2,5) lam_t=1.01143 lam_s=1.01571 tsr_diff=0.003969 integral_mean=0.001577 integral_std=0.014154 log_ratio=0.0000 accept=1.0000 swapped=True
Best Sample: 0 log probability 0.000
Saved 1 samples to: logs/pointmaze-giant-navigate-v0/inference/plans/release_H400_T256_LimitsNormalizer_b1_condFalse/2026-07-15 11:53:30/24/0.png
Saved 1 samples to: logs/pointmaze-giant-navigate-v0/inference/plans/release_H400_T256_LimitsNormalizer_b1_condFalse/2026-07-15 11:53:30/24/rollout.png
i=0 pair=(0,1) lam_t=0.99000 lam_s=0.99429 tsr_diff=0.000000 integral_mean=0.000000 integral_std=0.000000 log_ratio=0.0000 accept=1.0000 swapped=True
i=0 pair=(2,3) lam_t=0.99857 lam_s=1.00286 tsr_diff=0.000000 integral_mean=0.000000 integral_std=0.000000 log_ratio=0.0000 accept=1.0000 swapped=True
i=0 pair=(4,5) lam_t=1.00714 lam_s=1.01143 tsr_diff=0.000000 integral_mean=0.000000 integral_std=0.000000 log_ratio=0.0000 accept=1.0000 swapped=True
i=0 pair=(6,7) lam_t=1.01571 lam_s=1.02000 tsr_diff=0.000000 integral_mean=0.000000 integral_std=0.000000 log_ratio=0.0000 accept=1.0000 swapped=True
i=1 pair=(0,3) lam_t=0.99429 lam_s=0.99857 tsr_diff=0.000046 integral_mean=0.000000 integral_std=0.000046 log_ratio=0.0000 accept=1.0000 swapped=True
i=1 pair=(2,5) lam_t=1.00286 lam_s=1.00714 tsr_diff=0.000046 integral_mean=-0.000000 integral_std=0.000044 log_ratio=-0.0003 accept=0.9997 swapped=True
i=1 pair=(4,7) lam_t=1.01143 lam_s=1.01571 tsr_diff=0.000046 integral_mean=-0.000001 integral_std=0.000046 log_ratio=-0.0017 accept=0.9983 swapped=True
i=2 pair=(1,3) lam_t=0.99000 lam_s=0.99429 tsr_diff=0.000181 integral_mean=0.000005 integral_std=0.000175 log_ratio=0.0000 accept=1.0000 swapped=True
i=2 pair=(0,5) lam_t=0.99857 lam_s=1.00286 tsr_diff=0.000181 integral_mean=-0.000004 integral_std=0.000181 log_ratio=-0.0104 accept=0.9896 swapped=True
i=2 pair=(2,7) lam_t=1.00714 lam_s=1.01143 tsr_diff=0.000181 integral_mean=-0.000001 integral_std=0.000184 log_ratio=-0.0031 accept=0.9969 swapped=True
i=2 pair=(4,6) lam_t=1.01571 lam_s=1.02000 tsr_diff=0.000181 integral_mean=-0.000000 integral_std=0.000185 log_ratio=-0.0011 accept=0.9989 swapped=True
i=3 pair=(1,5) lam_t=0.99429 lam_s=0.99857 tsr_diff=0.000400 integral_mean=-0.000007 integral_std=0.000410 log_ratio=-0.0168 accept=0.9833 swapped=True
i=3 pair=(0,7) lam_t=1.00286 lam_s=1.00714 tsr_diff=0.000400 integral_mean=-0.000013 integral_std=0.000438 log_ratio=-0.0302 accept=0.9702 swapped=True
i=3 pair=(2,6) lam_t=1.01143 lam_s=1.01571 tsr_diff=0.000399 integral_mean=-0.000003 integral_std=0.000404 log_ratio=-0.0076 accept=0.9924 swapped=True
i=4 pair=(3,5) lam_t=0.99000 lam_s=0.99429 tsr_diff=0.000695 integral_mean=-0.000004 integral_std=0.000700 log_ratio=-0.0087 accept=0.9913 swapped=True
i=4 pair=(1,7) lam_t=0.99857 lam_s=1.00286 tsr_diff=0.000693 integral_mean=-0.000006 integral_std=0.000684 log_ratio=-0.0136 accept=0.9865 swapped=True
i=4 pair=(0,6) lam_t=1.00714 lam_s=1.01143 tsr_diff=0.000691 integral_mean=0.000024 integral_std=0.000740 log_ratio=0.0000 accept=1.0000 swapped=True
i=4 pair=(2,4) lam_t=1.01571 lam_s=1.02000 tsr_diff=0.000689 integral_mean=-0.000057 integral_std=0.000724 log_ratio=-0.1376 accept=0.8715 swapped=True
i=5 pair=(3,7) lam_t=0.99429 lam_s=0.99857 tsr_diff=0.001051 integral_mean=0.000003 integral_std=0.001038 log_ratio=0.0000 accept=1.0000 swapped=True
i=5 pair=(1,6) lam_t=1.00286 lam_s=1.00714 tsr_diff=0.001046 integral_mean=-0.000024 integral_std=0.001064 log_ratio=-0.0588 accept=0.9429 swapped=True
i=5 pair=(0,4) lam_t=1.01143 lam_s=1.01571 tsr_diff=0.001042 integral_mean=-0.000013 integral_std=0.001068 log_ratio=-0.0318 accept=0.9687 swapped=True
i=6 pair=(5,7) lam_t=0.99000 lam_s=0.99429 tsr_diff=0.001459 integral_mean=-0.000013 integral_std=0.001511 log_ratio=-0.0307 accept=0.9698 swapped=True
i=6 pair=(3,6) lam_t=0.99857 lam_s=1.00286 tsr_diff=0.001450 integral_mean=0.000001 integral_std=0.001571 log_ratio=0.0000 accept=1.0000 swapped=True
i=6 pair=(1,4) lam_t=1.00714 lam_s=1.01143 tsr_diff=0.001442 integral_mean=-0.000067 integral_std=0.001517 log_ratio=-0.1598 accept=0.8523 swapped=True
i=6 pair=(0,2) lam_t=1.01571 lam_s=1.02000 tsr_diff=0.001433 integral_mean=-0.000054 integral_std=0.001539 log_ratio=-0.1290 accept=0.8789 swapped=True
i=7 pair=(5,6) lam_t=0.99429 lam_s=0.99857 tsr_diff=0.001888 integral_mean=-0.000114 integral_std=0.002132 log_ratio=-0.2741 accept=0.7602 swapped=False
i=7 pair=(3,4) lam_t=1.00286 lam_s=1.00714 tsr_diff=0.001874 integral_mean=-0.000083 integral_std=0.001860 log_ratio=-0.1982 accept=0.8202 swapped=False
i=7 pair=(1,2) lam_t=1.01143 lam_s=1.01571 tsr_diff=0.001860 integral_mean=-0.000039 integral_std=0.001738 log_ratio=-0.0938 accept=0.9105 swapped=True
i=8 pair=(7,5) lam_t=0.99000 lam_s=0.99429 tsr_diff=0.002345 integral_mean=-0.000111 integral_std=0.002436 log_ratio=-0.2656 accept=0.7668 swapped=True
i=8 pair=(6,3) lam_t=0.99857 lam_s=1.00286 tsr_diff=0.002323 integral_mean=0.000103 integral_std=0.002603 log_ratio=0.0000 accept=1.0000 swapped=True
i=8 pair=(4,2) lam_t=1.00714 lam_s=1.01143 tsr_diff=0.002302 integral_mean=0.000033 integral_std=0.002315 log_ratio=0.0000 accept=1.0000 swapped=True
i=8 pair=(1,0) lam_t=1.01571 lam_s=1.02000 tsr_diff=0.002281 integral_mean=0.000047 integral_std=0.002308 log_ratio=0.0000 accept=1.0000 swapped=True
i=9 pair=(7,3) lam_t=0.99429 lam_s=0.99857 tsr_diff=0.002773 integral_mean=0.000014 integral_std=0.002794 log_ratio=0.0000 accept=1.0000 swapped=True
i=9 pair=(6,2) lam_t=1.00286 lam_s=1.00714 tsr_diff=0.002742 integral_mean=0.000293 integral_std=0.003684 log_ratio=0.0000 accept=1.0000 swapped=True
i=9 pair=(4,0) lam_t=1.01143 lam_s=1.01571 tsr_diff=0.002712 integral_mean=0.000101 integral_std=0.003317 log_ratio=0.0000 accept=1.0000 swapped=True
i=10 pair=(5,3) lam_t=0.99000 lam_s=0.99429 tsr_diff=0.003206 integral_mean=-0.000085 integral_std=0.003371 log_ratio=-0.2051 accept=0.8145 swapped=True
i=10 pair=(7,2) lam_t=0.99857 lam_s=1.00286 tsr_diff=0.003165 integral_mean=-0.000000 integral_std=0.003288 log_ratio=-0.0010 accept=0.9990 swapped=True
i=10 pair=(6,0) lam_t=1.00714 lam_s=1.01143 tsr_diff=0.003125 integral_mean=0.000863 integral_std=0.005346 log_ratio=0.0000 accept=1.0000 swapped=True
i=10 pair=(4,1) lam_t=1.01571 lam_s=1.02000 tsr_diff=0.003086 integral_mean=0.000039 integral_std=0.003299 log_ratio=0.0000 accept=1.0000 swapped=True
i=11 pair=(5,2) lam_t=0.99429 lam_s=0.99857 tsr_diff=0.003554 integral_mean=-0.000136 integral_std=0.004131 log_ratio=-0.3261 accept=0.7217 swapped=True
i=11 pair=(7,0) lam_t=1.00286 lam_s=1.00714 tsr_diff=0.003505 integral_mean=0.000076 integral_std=0.004688 log_ratio=0.0000 accept=1.0000 swapped=True
i=11 pair=(6,1) lam_t=1.01143 lam_s=1.01571 tsr_diff=0.003456 integral_mean=0.000513 integral_std=0.004523 log_ratio=0.0000 accept=1.0000 swapped=True
i=12 pair=(3,2) lam_t=0.99000 lam_s=0.99429 tsr_diff=0.003894 integral_mean=-0.000091 integral_std=0.002992 log_ratio=-0.2192 accept=0.8032 swapped=True
i=12 pair=(5,0) lam_t=0.99857 lam_s=1.00286 tsr_diff=0.003834 integral_mean=-0.000134 integral_std=0.004591 log_ratio=-0.3222 accept=0.7246 swapped=False
i=12 pair=(7,1) lam_t=1.00714 lam_s=1.01143 tsr_diff=0.003776 integral_mean=0.000087 integral_std=0.004769 log_ratio=0.0000 accept=1.0000 swapped=True
i=12 pair=(6,4) lam_t=1.01571 lam_s=1.02000 tsr_diff=0.003719 integral_mean=-0.000106 integral_std=0.005269 log_ratio=-0.2540 accept=0.7757 swapped=False
i=13 pair=(3,5) lam_t=0.99429 lam_s=0.99857 tsr_diff=0.004100 integral_mean=-0.000006 integral_std=0.006259 log_ratio=-0.0148 accept=0.9853 swapped=True
i=13 pair=(0,1) lam_t=1.00286 lam_s=1.00714 tsr_diff=0.004034 integral_mean=0.000213 integral_std=0.008969 log_ratio=0.0000 accept=1.0000 swapped=True
i=13 pair=(7,6) lam_t=1.01143 lam_s=1.01571 tsr_diff=0.003969 integral_mean=-0.000318 integral_std=0.008617 log_ratio=-0.7635 accept=0.4660 swapped=False
Best Sample: 5 log probability -0.013
Saved 1 samples to: logs/pointmaze-giant-navigate-v0/inference/plans/release_H400_T256_LimitsNormalizer_b1_condFalse/2026-07-15 11:53:30/25/0.png
Saved 1 samples to: logs/pointmaze-giant-navigate-v0/inference/plans/release_H400_T256_LimitsNormalizer_b1_condFalse/2026-07-15 11:53:30/25/rollout.png
i=0 pair=(0,1) lam_t=0.99000 lam_s=0.99429 tsr_diff=0.000000 integral_mean=0.000000 integral_std=0.000000 log_ratio=0.0000 accept=1.0000 swapped=True
i=0 pair=(2,3) lam_t=0.99857 lam_s=1.00286 tsr_diff=0.000000 integral_mean=0.000000 integral_std=0.000000 log_ratio=0.0000 accept=1.0000 swapped=True
i=0 pair=(4,5) lam_t=1.00714 lam_s=1.01143 tsr_diff=0.000000 integral_mean=0.000000 integral_std=0.000000 log_ratio=0.0000 accept=1.0000 swapped=True
i=0 pair=(6,7) lam_t=1.01571 lam_s=1.02000 tsr_diff=0.000000 integral_mean=0.000000 integral_std=0.000000 log_ratio=0.0000 accept=1.0000 swapped=True
i=1 pair=(0,3) lam_t=0.99429 lam_s=0.99857 tsr_diff=0.000046 integral_mean=-0.000000 integral_std=0.000045 log_ratio=-0.0010 accept=0.9990 swapped=True
i=1 pair=(2,5) lam_t=1.00286 lam_s=1.00714 tsr_diff=0.000046 integral_mean=-0.000001 integral_std=0.000046 log_ratio=-0.0030 accept=0.9970 swapped=True
i=1 pair=(4,7) lam_t=1.01143 lam_s=1.01571 tsr_diff=0.000046 integral_mean=0.000000 integral_std=0.000045 log_ratio=0.0000 accept=1.0000 swapped=True
i=2 pair=(1,3) lam_t=0.99000 lam_s=0.99429 tsr_diff=0.000181 integral_mean=0.000000 integral_std=0.000178 log_ratio=0.0000 accept=1.0000 swapped=True
i=2 pair=(0,5) lam_t=0.99857 lam_s=1.00286 tsr_diff=0.000181 integral_mean=-0.000006 integral_std=0.000186 log_ratio=-0.0133 accept=0.9868 swapped=True
i=2 pair=(2,7) lam_t=1.00714 lam_s=1.01143 tsr_diff=0.000181 integral_mean=-0.000011 integral_std=0.000185 log_ratio=-0.0270 accept=0.9733 swapped=True
i=2 pair=(4,6) lam_t=1.01571 lam_s=1.02000 tsr_diff=0.000181 integral_mean=-0.000008 integral_std=0.000178 log_ratio=-0.0191 accept=0.9810 swapped=True
i=3 pair=(1,5) lam_t=0.99429 lam_s=0.99857 tsr_diff=0.000400 integral_mean=0.000008 integral_std=0.000388 log_ratio=0.0000 accept=1.0000 swapped=True
i=3 pair=(0,7) lam_t=1.00286 lam_s=1.00714 tsr_diff=0.000400 integral_mean=-0.000000 integral_std=0.000476 log_ratio=-0.0002 accept=0.9998 swapped=True
i=3 pair=(2,6) lam_t=1.01143 lam_s=1.01571 tsr_diff=0.000399 integral_mean=-0.000010 integral_std=0.000398 log_ratio=-0.0231 accept=0.9772 swapped=True
i=4 pair=(3,5) lam_t=0.99000 lam_s=0.99429 tsr_diff=0.000695 integral_mean=-0.000005 integral_std=0.000721 log_ratio=-0.0123 accept=0.9878 swapped=True
i=4 pair=(1,7) lam_t=0.99857 lam_s=1.00286 tsr_diff=0.000693 integral_mean=-0.000010 integral_std=0.000734 log_ratio=-0.0247 accept=0.9756 swapped=True
i=4 pair=(0,6) lam_t=1.00714 lam_s=1.01143 tsr_diff=0.000691 integral_mean=0.000015 integral_std=0.000690 log_ratio=0.0000 accept=1.0000 swapped=True
i=4 pair=(2,4) lam_t=1.01571 lam_s=1.02000 tsr_diff=0.000689 integral_mean=-0.000012 integral_std=0.000763 log_ratio=-0.0297 accept=0.9708 swapped=True
i=5 pair=(3,7) lam_t=0.99429 lam_s=0.99857 tsr_diff=0.001051 integral_mean=-0.000028 integral_std=0.000980 log_ratio=-0.0671 accept=0.9351 swapped=True
i=5 pair=(1,6) lam_t=1.00286 lam_s=1.00714 tsr_diff=0.001046 integral_mean=0.000029 integral_std=0.001127 log_ratio=0.0000 accept=1.0000 swapped=True
i=5 pair=(0,4) lam_t=1.01143 lam_s=1.01571 tsr_diff=0.001042 integral_mean=-0.000032 integral_std=0.001053 log_ratio=-0.0769 accept=0.9260 swapped=True
i=6 pair=(5,7) lam_t=0.99000 lam_s=0.99429 tsr_diff=0.001459 integral_mean=-0.000069 integral_std=0.001412 log_ratio=-0.1652 accept=0.8477 swapped=True
i=6 pair=(3,6) lam_t=0.99857 lam_s=1.00286 tsr_diff=0.001450 integral_mean=-0.000051 integral_std=0.001492 log_ratio=-0.1235 accept=0.8838 swapped=True
i=6 pair=(1,4) lam_t=1.00714 lam_s=1.01143 tsr_diff=0.001442 integral_mean=0.000027 integral_std=0.001582 log_ratio=0.0000 accept=1.0000 swapped=True
i=6 pair=(0,2) lam_t=1.01571 lam_s=1.02000 tsr_diff=0.001433 integral_mean=0.000016 integral_std=0.001417 log_ratio=0.0000 accept=1.0000 swapped=True
i=7 pair=(5,6) lam_t=0.99429 lam_s=0.99857 tsr_diff=0.001888 integral_mean=-0.000087 integral_std=0.002043 log_ratio=-0.2100 accept=0.8106 swapped=True
i=7 pair=(3,4) lam_t=1.00286 lam_s=1.00714 tsr_diff=0.001874 integral_mean=0.000004 integral_std=0.001694 log_ratio=0.0000 accept=1.0000 swapped=True
i=7 pair=(1,2) lam_t=1.01143 lam_s=1.01571 tsr_diff=0.001860 integral_mean=0.000133 integral_std=0.001935 log_ratio=0.0000 accept=1.0000 swapped=True
i=8 pair=(7,6) lam_t=0.99000 lam_s=0.99429 tsr_diff=0.002345 integral_mean=-0.000015 integral_std=0.002568 log_ratio=-0.0367 accept=0.9640 swapped=True
i=8 pair=(5,4) lam_t=0.99857 lam_s=1.00286 tsr_diff=0.002323 integral_mean=-0.000088 integral_std=0.002294 log_ratio=-0.2108 accept=0.8099 swapped=True
i=8 pair=(3,2) lam_t=1.00714 lam_s=1.01143 tsr_diff=0.002302 integral_mean=0.000074 integral_std=0.002168 log_ratio=0.0000 accept=1.0000 swapped=True
i=8 pair=(1,0) lam_t=1.01571 lam_s=1.02000 tsr_diff=0.002281 integral_mean=0.000056 integral_std=0.002449 log_ratio=0.0000 accept=1.0000 swapped=True
i=9 pair=(7,4) lam_t=0.99429 lam_s=0.99857 tsr_diff=0.002773 integral_mean=-0.000021 integral_std=0.002739 log_ratio=-0.0500 accept=0.9512 swapped=True
i=9 pair=(5,2) lam_t=1.00286 lam_s=1.00714 tsr_diff=0.002742 integral_mean=-0.000050 integral_std=0.002942 log_ratio=-0.1202 accept=0.8867 swapped=True
i=9 pair=(3,0) lam_t=1.01143 lam_s=1.01571 tsr_diff=0.002712 integral_mean=-0.000048 integral_std=0.002438 log_ratio=-0.1161 accept=0.8904 swapped=True
i=10 pair=(6,4) lam_t=0.99000 lam_s=0.99429 tsr_diff=0.003206 integral_mean=0.000007 integral_std=0.003977 log_ratio=0.0000 accept=1.0000 swapped=True
i=10 pair=(7,2) lam_t=0.99857 lam_s=1.00286 tsr_diff=0.003165 integral_mean=-0.000016 integral_std=0.003011 log_ratio=-0.0387 accept=0.9620 swapped=True
i=10 pair=(5,0) lam_t=1.00714 lam_s=1.01143 tsr_diff=0.003125 integral_mean=-0.000017 integral_std=0.003624 log_ratio=-0.0417 accept=0.9592 swapped=True
i=10 pair=(3,1) lam_t=1.01571 lam_s=1.02000 tsr_diff=0.003086 integral_mean=-0.000079 integral_std=0.003654 log_ratio=-0.1886 accept=0.8281 swapped=True
i=11 pair=(6,2) lam_t=0.99429 lam_s=0.99857 tsr_diff=0.003554 integral_mean=0.000116 integral_std=0.004970 log_ratio=0.0000 accept=1.0000 swapped=True
i=11 pair=(7,0) lam_t=1.00286 lam_s=1.00714 tsr_diff=0.003505 integral_mean=0.000139 integral_std=0.004487 log_ratio=0.0000 accept=1.0000 swapped=True
i=11 pair=(5,1) lam_t=1.01143 lam_s=1.01571 tsr_diff=0.003456 integral_mean=-0.000120 integral_std=0.003978 log_ratio=-0.2891 accept=0.7490 swapped=True
i=12 pair=(4,2) lam_t=0.99000 lam_s=0.99429 tsr_diff=0.003894 integral_mean=0.000461 integral_std=0.005596 log_ratio=0.0000 accept=1.0000 swapped=True
i=12 pair=(6,0) lam_t=0.99857 lam_s=1.00286 tsr_diff=0.003834 integral_mean=0.000184 integral_std=0.005003 log_ratio=0.0000 accept=1.0000 swapped=True
i=12 pair=(7,1) lam_t=1.00714 lam_s=1.01143 tsr_diff=0.003776 integral_mean=-0.000032 integral_std=0.006834 log_ratio=-0.0779 accept=0.9250 swapped=True
i=12 pair=(5,3) lam_t=1.01571 lam_s=1.02000 tsr_diff=0.003719 integral_mean=-0.000079 integral_std=0.005778 log_ratio=-0.1889 accept=0.8278 swapped=True
i=13 pair=(4,0) lam_t=0.99429 lam_s=0.99857 tsr_diff=0.004100 integral_mean=0.000221 integral_std=0.007534 log_ratio=0.0000 accept=1.0000 swapped=True
i=13 pair=(6,1) lam_t=1.00286 lam_s=1.00714 tsr_diff=0.004034 integral_mean=0.000175 integral_std=0.011046 log_ratio=0.0000 accept=1.0000 swapped=True
i=13 pair=(7,3) lam_t=1.01143 lam_s=1.01571 tsr_diff=0.003969 integral_mean=0.000017 integral_std=0.006648 log_ratio=0.0000 accept=1.0000 swapped=True
Best Sample: 3 log probability -1.580
Saved 1 samples to: logs/pointmaze-giant-navigate-v0/inference/plans/release_H400_T256_LimitsNormalizer_b1_condFalse/2026-07-15 11:53:30/26/0.png
Saved 1 samples to: logs/pointmaze-giant-navigate-v0/inference/plans/release_H400_T256_LimitsNormalizer_b1_condFalse/2026-07-15 11:53:30/26/rollout.png
i=0 pair=(0,1) lam_t=0.99000 lam_s=0.99429 tsr_diff=0.000000 integral_mean=0.000000 integral_std=0.000000 log_ratio=0.0000 accept=1.0000 swapped=True
i=0 pair=(2,3) lam_t=0.99857 lam_s=1.00286 tsr_diff=0.000000 integral_mean=0.000000 integral_std=0.000000 log_ratio=0.0000 accept=1.0000 swapped=True
i=0 pair=(4,5) lam_t=1.00714 lam_s=1.01143 tsr_diff=0.000000 integral_mean=0.000000 integral_std=0.000000 log_ratio=0.0000 accept=1.0000 swapped=True
i=0 pair=(6,7) lam_t=1.01571 lam_s=1.02000 tsr_diff=0.000000 integral_mean=0.000000 integral_std=0.000000 log_ratio=0.0000 accept=1.0000 swapped=True
i=1 pair=(0,3) lam_t=0.99429 lam_s=0.99857 tsr_diff=0.000046 integral_mean=-0.000003 integral_std=0.000047 log_ratio=-0.0075 accept=0.9925 swapped=True
i=1 pair=(2,5) lam_t=1.00286 lam_s=1.00714 tsr_diff=0.000046 integral_mean=-0.000001 integral_std=0.000048 log_ratio=-0.0035 accept=0.9965 swapped=True
i=1 pair=(4,7) lam_t=1.01143 lam_s=1.01571 tsr_diff=0.000046 integral_mean=-0.000001 integral_std=0.000046 log_ratio=-0.0031 accept=0.9970 swapped=True
i=2 pair=(1,3) lam_t=0.99000 lam_s=0.99429 tsr_diff=0.000181 integral_mean=0.000004 integral_std=0.000176 log_ratio=0.0000 accept=1.0000 swapped=True
i=2 pair=(0,5) lam_t=0.99857 lam_s=1.00286 tsr_diff=0.000181 integral_mean=0.000006 integral_std=0.000188 log_ratio=0.0000 accept=1.0000 swapped=True
i=2 pair=(2,7) lam_t=1.00714 lam_s=1.01143 tsr_diff=0.000181 integral_mean=0.000004 integral_std=0.000173 log_ratio=0.0000 accept=1.0000 swapped=True
i=2 pair=(4,6) lam_t=1.01571 lam_s=1.02000 tsr_diff=0.000181 integral_mean=0.000003 integral_std=0.000176 log_ratio=0.0000 accept=1.0000 swapped=True
i=3 pair=(1,5) lam_t=0.99429 lam_s=0.99857 tsr_diff=0.000400 integral_mean=-0.000016 integral_std=0.000578 log_ratio=-0.0388 accept=0.9620 swapped=True
i=3 pair=(0,7) lam_t=1.00286 lam_s=1.00714 tsr_diff=0.000400 integral_mean=-0.000000 integral_std=0.000385 log_ratio=-0.0008 accept=0.9992 swapped=True
i=3 pair=(2,6) lam_t=1.01143 lam_s=1.01571 tsr_diff=0.000399 integral_mean=0.000000 integral_std=0.000404 log_ratio=0.0000 accept=1.0000 swapped=True
i=4 pair=(3,5) lam_t=0.99000 lam_s=0.99429 tsr_diff=0.000695 integral_mean=0.000000 integral_std=0.000688 log_ratio=0.0000 accept=1.0000 swapped=True
i=4 pair=(1,7) lam_t=0.99857 lam_s=1.00286 tsr_diff=0.000693 integral_mean=0.000237 integral_std=0.000954 log_ratio=0.0000 accept=1.0000 swapped=True
i=4 pair=(0,6) lam_t=1.00714 lam_s=1.01143 tsr_diff=0.000691 integral_mean=-0.000023 integral_std=0.000641 log_ratio=-0.0544 accept=0.9471 swapped=True
i=4 pair=(2,4) lam_t=1.01571 lam_s=1.02000 tsr_diff=0.000689 integral_mean=-0.000005 integral_std=0.000695 log_ratio=-0.0122 accept=0.9878 swapped=True
i=5 pair=(3,7) lam_t=0.99429 lam_s=0.99857 tsr_diff=0.001051 integral_mean=0.000009 integral_std=0.000998 log_ratio=0.0000 accept=1.0000 swapped=True
i=5 pair=(1,6) lam_t=1.00286 lam_s=1.00714 tsr_diff=0.001046 integral_mean=0.000181 integral_std=0.001142 log_ratio=0.0000 accept=1.0000 swapped=True
i=5 pair=(0,4) lam_t=1.01143 lam_s=1.01571 tsr_diff=0.001042 integral_mean=-0.000054 integral_std=0.000971 log_ratio=-0.1292 accept=0.8788 swapped=True
i=6 pair=(5,7) lam_t=0.99000 lam_s=0.99429 tsr_diff=0.001459 integral_mean=0.000246 integral_std=0.001881 log_ratio=0.0000 accept=1.0000 swapped=True
i=6 pair=(3,6) lam_t=0.99857 lam_s=1.00286 tsr_diff=0.001450 integral_mean=-0.000013 integral_std=0.001341 log_ratio=-0.0322 accept=0.9683 swapped=True
i=6 pair=(1,4) lam_t=1.00714 lam_s=1.01143 tsr_diff=0.001442 integral_mean=0.000041 integral_std=0.001379 log_ratio=0.0000 accept=1.0000 swapped=True
i=6 pair=(0,2) lam_t=1.01571 lam_s=1.02000 tsr_diff=0.001433 integral_mean=-0.000029 integral_std=0.001364 log_ratio=-0.0695 accept=0.9329 swapped=True
i=7 pair=(5,6) lam_t=0.99429 lam_s=0.99857 tsr_diff=0.001888 integral_mean=0.000179 integral_std=0.002205 log_ratio=0.0000 accept=1.0000 swapped=True
i=7 pair=(3,4) lam_t=1.00286 lam_s=1.00714 tsr_diff=0.001874 integral_mean=0.000014 integral_std=0.001798 log_ratio=0.0000 accept=1.0000 swapped=True
i=7 pair=(1,2) lam_t=1.01143 lam_s=1.01571 tsr_diff=0.001860 integral_mean=-0.000036 integral_std=0.001840 log_ratio=-0.0855 accept=0.9180 swapped=True
i=8 pair=(7,6) lam_t=0.99000 lam_s=0.99429 tsr_diff=0.002345 integral_mean=-0.000131 integral_std=0.002428 log_ratio=-0.3147 accept=0.7300 swapped=True
i=8 pair=(5,4) lam_t=0.99857 lam_s=1.00286 tsr_diff=0.002323 integral_mean=0.000461 integral_std=0.002759 log_ratio=0.0000 accept=1.0000 swapped=True
i=8 pair=(3,2) lam_t=1.00714 lam_s=1.01143 tsr_diff=0.002302 integral_mean=0.000026 integral_std=0.002320 log_ratio=0.0000 accept=1.0000 swapped=True
i=8 pair=(1,0) lam_t=1.01571 lam_s=1.02000 tsr_diff=0.002281 integral_mean=0.000004 integral_std=0.002107 log_ratio=0.0000 accept=1.0000 swapped=True
i=9 pair=(7,4) lam_t=0.99429 lam_s=0.99857 tsr_diff=0.002773 integral_mean=0.000046 integral_std=0.002475 log_ratio=0.0000 accept=1.0000 swapped=True
i=9 pair=(5,2) lam_t=1.00286 lam_s=1.00714 tsr_diff=0.002742 integral_mean=0.000641 integral_std=0.003932 log_ratio=0.0000 accept=1.0000 swapped=True
i=9 pair=(3,0) lam_t=1.01143 lam_s=1.01571 tsr_diff=0.002712 integral_mean=0.000038 integral_std=0.002431 log_ratio=0.0000 accept=1.0000 swapped=True
i=10 pair=(6,4) lam_t=0.99000 lam_s=0.99429 tsr_diff=0.003206 integral_mean=0.000095 integral_std=0.003619 log_ratio=0.0000 accept=1.0000 swapped=True
i=10 pair=(7,2) lam_t=0.99857 lam_s=1.00286 tsr_diff=0.003165 integral_mean=-0.000081 integral_std=0.003413 log_ratio=-0.1950 accept=0.8229 swapped=True
i=10 pair=(5,0) lam_t=1.00714 lam_s=1.01143 tsr_diff=0.003125 integral_mean=0.000918 integral_std=0.004700 log_ratio=0.0000 accept=1.0000 swapped=True
i=10 pair=(3,1) lam_t=1.01571 lam_s=1.02000 tsr_diff=0.003086 integral_mean=0.000054 integral_std=0.003118 log_ratio=0.0000 accept=1.0000 swapped=True
i=11 pair=(6,2) lam_t=0.99429 lam_s=0.99857 tsr_diff=0.003554 integral_mean=-0.000153 integral_std=0.004955 log_ratio=-0.3666 accept=0.6931 swapped=True
i=11 pair=(7,0) lam_t=1.00286 lam_s=1.00714 tsr_diff=0.003505 integral_mean=0.000054 integral_std=0.002840 log_ratio=0.0000 accept=1.0000 swapped=True
i=11 pair=(5,1) lam_t=1.01143 lam_s=1.01571 tsr_diff=0.003456 integral_mean=0.000698 integral_std=0.005389 log_ratio=0.0000 accept=1.0000 swapped=True
i=12 pair=(4,2) lam_t=0.99000 lam_s=0.99429 tsr_diff=0.003894 integral_mean=-0.000514 integral_std=0.005246 log_ratio=-1.2327 accept=0.2915 swapped=False
i=12 pair=(6,0) lam_t=0.99857 lam_s=1.00286 tsr_diff=0.003834 integral_mean=0.000015 integral_std=0.005194 log_ratio=0.0000 accept=1.0000 swapped=True
i=12 pair=(7,1) lam_t=1.00714 lam_s=1.01143 tsr_diff=0.003776 integral_mean=-0.000095 integral_std=0.003717 log_ratio=-0.2281 accept=0.7961 swapped=True
i=12 pair=(5,3) lam_t=1.01571 lam_s=1.02000 tsr_diff=0.003719 integral_mean=0.000225 integral_std=0.006851 log_ratio=0.0000 accept=1.0000 swapped=True
i=13 pair=(2,0) lam_t=0.99429 lam_s=0.99857 tsr_diff=0.004100 integral_mean=0.000341 integral_std=0.006462 log_ratio=0.0000 accept=1.0000 swapped=True
i=13 pair=(6,1) lam_t=1.00286 lam_s=1.00714 tsr_diff=0.004034 integral_mean=-0.000068 integral_std=0.007707 log_ratio=-0.1625 accept=0.8500 swapped=True
i=13 pair=(7,3) lam_t=1.01143 lam_s=1.01571 tsr_diff=0.003969 integral_mean=-0.000308 integral_std=0.004968 log_ratio=-0.7394 accept=0.4774 swapped=True
Best Sample: 7 log probability -0.054
Saved 1 samples to: logs/pointmaze-giant-navigate-v0/inference/plans/release_H400_T256_LimitsNormalizer_b1_condFalse/2026-07-15 11:53:30/27/0.png
Saved 1 samples to: logs/pointmaze-giant-navigate-v0/inference/plans/release_H400_T256_LimitsNormalizer_b1_condFalse/2026-07-15 11:53:30/27/rollout.png
i=0 pair=(0,1) lam_t=0.99000 lam_s=0.99429 tsr_diff=0.000000 integral_mean=0.000000 integral_std=0.000000 log_ratio=0.0000 accept=1.0000 swapped=True
i=0 pair=(2,3) lam_t=0.99857 lam_s=1.00286 tsr_diff=0.000000 integral_mean=0.000000 integral_std=0.000000 log_ratio=0.0000 accept=1.0000 swapped=True
i=0 pair=(4,5) lam_t=1.00714 lam_s=1.01143 tsr_diff=0.000000 integral_mean=0.000000 integral_std=0.000000 log_ratio=0.0000 accept=1.0000 swapped=True
i=0 pair=(6,7) lam_t=1.01571 lam_s=1.02000 tsr_diff=0.000000 integral_mean=0.000000 integral_std=0.000000 log_ratio=0.0000 accept=1.0000 swapped=True
i=1 pair=(0,3) lam_t=0.99429 lam_s=0.99857 tsr_diff=0.000046 integral_mean=-0.000003 integral_std=0.000046 log_ratio=-0.0067 accept=0.9933 swapped=True
i=1 pair=(2,5) lam_t=1.00286 lam_s=1.00714 tsr_diff=0.000046 integral_mean=0.000001 integral_std=0.000048 log_ratio=0.0000 accept=1.0000 swapped=True
i=1 pair=(4,7) lam_t=1.01143 lam_s=1.01571 tsr_diff=0.000046 integral_mean=-0.000000 integral_std=0.000047 log_ratio=-0.0008 accept=0.9992 swapped=True
i=2 pair=(1,3) lam_t=0.99000 lam_s=0.99429 tsr_diff=0.000181 integral_mean=-0.000005 integral_std=0.000187 log_ratio=-0.0126 accept=0.9875 swapped=True
i=2 pair=(0,5) lam_t=0.99857 lam_s=1.00286 tsr_diff=0.000181 integral_mean=-0.000001 integral_std=0.000186 log_ratio=-0.0032 accept=0.9968 swapped=True
i=2 pair=(2,7) lam_t=1.00714 lam_s=1.01143 tsr_diff=0.000181 integral_mean=-0.000001 integral_std=0.000181 log_ratio=-0.0030 accept=0.9970 swapped=True
i=2 pair=(4,6) lam_t=1.01571 lam_s=1.02000 tsr_diff=0.000181 integral_mean=-0.000004 integral_std=0.000189 log_ratio=-0.0091 accept=0.9910 swapped=True
i=3 pair=(1,5) lam_t=0.99429 lam_s=0.99857 tsr_diff=0.000400 integral_mean=0.000003 integral_std=0.000398 log_ratio=0.0000 accept=1.0000 swapped=True
i=3 pair=(0,7) lam_t=1.00286 lam_s=1.00714 tsr_diff=0.000400 integral_mean=-0.000003 integral_std=0.000388 log_ratio=-0.0076 accept=0.9924 swapped=True
i=3 pair=(2,6) lam_t=1.01143 lam_s=1.01571 tsr_diff=0.000399 integral_mean=-0.000009 integral_std=0.000401 log_ratio=-0.0220 accept=0.9782 swapped=True
i=4 pair=(3,5) lam_t=0.99000 lam_s=0.99429 tsr_diff=0.000695 integral_mean=0.000028 integral_std=0.000668 log_ratio=0.0000 accept=1.0000 swapped=True
i=4 pair=(1,7) lam_t=0.99857 lam_s=1.00286 tsr_diff=0.000693 integral_mean=-0.000009 integral_std=0.000703 log_ratio=-0.0225 accept=0.9777 swapped=True
i=4 pair=(0,6) lam_t=1.00714 lam_s=1.01143 tsr_diff=0.000691 integral_mean=-0.000001 integral_std=0.000828 log_ratio=-0.0013 accept=0.9987 swapped=True
i=4 pair=(2,4) lam_t=1.01571 lam_s=1.02000 tsr_diff=0.000689 integral_mean=0.000026 integral_std=0.000746 log_ratio=0.0000 accept=1.0000 swapped=True
i=5 pair=(3,7) lam_t=0.99429 lam_s=0.99857 tsr_diff=0.001051 integral_mean=0.000030 integral_std=0.001030 log_ratio=0.0000 accept=1.0000 swapped=True
i=5 pair=(1,6) lam_t=1.00286 lam_s=1.00714 tsr_diff=0.001046 integral_mean=-0.000017 integral_std=0.001009 log_ratio=-0.0401 accept=0.9607 swapped=True
i=5 pair=(0,4) lam_t=1.01143 lam_s=1.01571 tsr_diff=0.001042 integral_mean=0.000132 integral_std=0.001350 log_ratio=0.0000 accept=1.0000 swapped=True
i=6 pair=(5,7) lam_t=0.99000 lam_s=0.99429 tsr_diff=0.001459 integral_mean=0.000095 integral_std=0.001574 log_ratio=0.0000 accept=1.0000 swapped=True
i=6 pair=(3,6) lam_t=0.99857 lam_s=1.00286 tsr_diff=0.001450 integral_mean=0.000000 integral_std=0.001412 log_ratio=0.0000 accept=1.0000 swapped=True
i=6 pair=(1,4) lam_t=1.00714 lam_s=1.01143 tsr_diff=0.001442 integral_mean=-0.000019 integral_std=0.001442 log_ratio=-0.0449 accept=0.9561 swapped=True
i=6 pair=(0,2) lam_t=1.01571 lam_s=1.02000 tsr_diff=0.001433 integral_mean=0.000096 integral_std=0.001502 log_ratio=0.0000 accept=1.0000 swapped=True
i=7 pair=(5,6) lam_t=0.99429 lam_s=0.99857 tsr_diff=0.001888 integral_mean=0.000276 integral_std=0.002311 log_ratio=0.0000 accept=1.0000 swapped=True
i=7 pair=(3,4) lam_t=1.00286 lam_s=1.00714 tsr_diff=0.001874 integral_mean=-0.000042 integral_std=0.001966 log_ratio=-0.1012 accept=0.9037 swapped=True
i=7 pair=(1,2) lam_t=1.01143 lam_s=1.01571 tsr_diff=0.001860 integral_mean=-0.000035 integral_std=0.001762 log_ratio=-0.0838 accept=0.9197 swapped=True
i=8 pair=(7,6) lam_t=0.99000 lam_s=0.99429 tsr_diff=0.002345 integral_mean=0.000046 integral_std=0.002237 log_ratio=0.0000 accept=1.0000 swapped=True
i=8 pair=(5,4) lam_t=0.99857 lam_s=1.00286 tsr_diff=0.002323 integral_mean=0.000228 integral_std=0.002886 log_ratio=0.0000 accept=1.0000 swapped=True
i=8 pair=(3,2) lam_t=1.00714 lam_s=1.01143 tsr_diff=0.002302 integral_mean=-0.000026 integral_std=0.002195 log_ratio=-0.0623 accept=0.9396 swapped=True
i=8 pair=(1,0) lam_t=1.01571 lam_s=1.02000 tsr_diff=0.002281 integral_mean=-0.000195 integral_std=0.002725 log_ratio=-0.4687 accept=0.6258 swapped=False
i=9 pair=(7,4) lam_t=0.99429 lam_s=0.99857 tsr_diff=0.002773 integral_mean=-0.000027 integral_std=0.003358 log_ratio=-0.0642 accept=0.9378 swapped=True
i=9 pair=(5,2) lam_t=1.00286 lam_s=1.00714 tsr_diff=0.002742 integral_mean=0.000223 integral_std=0.003029 log_ratio=0.0000 accept=1.0000 swapped=True
i=9 pair=(3,1) lam_t=1.01143 lam_s=1.01571 tsr_diff=0.002712 integral_mean=-0.000002 integral_std=0.002586 log_ratio=-0.0045 accept=0.9955 swapped=True
i=10 pair=(6,4) lam_t=0.99000 lam_s=0.99429 tsr_diff=0.003206 integral_mean=-0.000070 integral_std=0.004126 log_ratio=-0.1676 accept=0.8457 swapped=False
i=10 pair=(7,2) lam_t=0.99857 lam_s=1.00286 tsr_diff=0.003165 integral_mean=0.000016 integral_std=0.003439 log_ratio=0.0000 accept=1.0000 swapped=True
i=10 pair=(5,1) lam_t=1.00714 lam_s=1.01143 tsr_diff=0.003125 integral_mean=0.000156 integral_std=0.003564 log_ratio=0.0000 accept=1.0000 swapped=True
i=10 pair=(3,0) lam_t=1.01571 lam_s=1.02000 tsr_diff=0.003086 integral_mean=-0.000546 integral_std=0.004406 log_ratio=-1.3109 accept=0.2696 swapped=False
i=11 pair=(4,2) lam_t=0.99429 lam_s=0.99857 tsr_diff=0.003554 integral_mean=0.000130 integral_std=0.005069 log_ratio=0.0000 accept=1.0000 swapped=True
i=11 pair=(7,1) lam_t=1.00286 lam_s=1.00714 tsr_diff=0.003505 integral_mean=0.000041 integral_std=0.003540 log_ratio=0.0000 accept=1.0000 swapped=True
i=11 pair=(5,3) lam_t=1.01143 lam_s=1.01571 tsr_diff=0.003456 integral_mean=0.000010 integral_std=0.003639 log_ratio=0.0000 accept=1.0000 swapped=True
i=12 pair=(6,2) lam_t=0.99000 lam_s=0.99429 tsr_diff=0.003894 integral_mean=0.000054 integral_std=0.004608 log_ratio=0.0000 accept=1.0000 swapped=True
i=12 pair=(4,1) lam_t=0.99857 lam_s=1.00286 tsr_diff=0.003834 integral_mean=-0.000014 integral_std=0.006548 log_ratio=-0.0337 accept=0.9668 swapped=True
i=12 pair=(7,3) lam_t=1.00714 lam_s=1.01143 tsr_diff=0.003776 integral_mean=-0.000034 integral_std=0.004674 log_ratio=-0.0825 accept=0.9208 swapped=True
i=12 pair=(5,0) lam_t=1.01571 lam_s=1.02000 tsr_diff=0.003719 integral_mean=-0.000628 integral_std=0.006918 log_ratio=-1.5066 accept=0.2217 swapped=True
i=13 pair=(6,1) lam_t=0.99429 lam_s=0.99857 tsr_diff=0.004100 integral_mean=-0.000081 integral_std=0.007081 log_ratio=-0.1949 accept=0.8229 swapped=True
i=13 pair=(4,3) lam_t=1.00286 lam_s=1.00714 tsr_diff=0.004034 integral_mean=0.000196 integral_std=0.008427 log_ratio=0.0000 accept=1.0000 swapped=True
i=13 pair=(7,0) lam_t=1.01143 lam_s=1.01571 tsr_diff=0.003969 integral_mean=-0.001009 integral_std=0.008771 log_ratio=-2.4208 accept=0.0888 swapped=False
Best Sample: 6 log probability -3.576
Saved 1 samples to: logs/pointmaze-giant-navigate-v0/inference/plans/release_H400_T256_LimitsNormalizer_b1_condFalse/2026-07-15 11:53:30/28/0.png
Saved 1 samples to: logs/pointmaze-giant-navigate-v0/inference/plans/release_H400_T256_LimitsNormalizer_b1_condFalse/2026-07-15 11:53:30/28/rollout.png
i=0 pair=(0,1) lam_t=0.99000 lam_s=0.99429 tsr_diff=0.000000 integral_mean=0.000000 integral_std=0.000000 log_ratio=0.0000 accept=1.0000 swapped=True
i=0 pair=(2,3) lam_t=0.99857 lam_s=1.00286 tsr_diff=0.000000 integral_mean=0.000000 integral_std=0.000000 log_ratio=0.0000 accept=1.0000 swapped=True
i=0 pair=(4,5) lam_t=1.00714 lam_s=1.01143 tsr_diff=0.000000 integral_mean=0.000000 integral_std=0.000000 log_ratio=0.0000 accept=1.0000 swapped=True
i=0 pair=(6,7) lam_t=1.01571 lam_s=1.02000 tsr_diff=0.000000 integral_mean=0.000000 integral_std=0.000000 log_ratio=0.0000 accept=1.0000 swapped=True
i=1 pair=(0,3) lam_t=0.99429 lam_s=0.99857 tsr_diff=0.000046 integral_mean=0.000000 integral_std=0.000045 log_ratio=0.0000 accept=1.0000 swapped=True
i=1 pair=(2,5) lam_t=1.00286 lam_s=1.00714 tsr_diff=0.000046 integral_mean=0.000001 integral_std=0.000046 log_ratio=0.0000 accept=1.0000 swapped=True
i=1 pair=(4,7) lam_t=1.01143 lam_s=1.01571 tsr_diff=0.000046 integral_mean=0.000000 integral_std=0.000047 log_ratio=0.0000 accept=1.0000 swapped=True
i=2 pair=(1,3) lam_t=0.99000 lam_s=0.99429 tsr_diff=0.000181 integral_mean=-0.000005 integral_std=0.000178 log_ratio=-0.0110 accept=0.9891 swapped=True
i=2 pair=(0,5) lam_t=0.99857 lam_s=1.00286 tsr_diff=0.000181 integral_mean=-0.000002 integral_std=0.000176 log_ratio=-0.0048 accept=0.9952 swapped=True
i=2 pair=(2,7) lam_t=1.00714 lam_s=1.01143 tsr_diff=0.000181 integral_mean=0.000004 integral_std=0.000187 log_ratio=0.0000 accept=1.0000 swapped=True
i=2 pair=(4,6) lam_t=1.01571 lam_s=1.02000 tsr_diff=0.000181 integral_mean=0.000005 integral_std=0.000188 log_ratio=0.0000 accept=1.0000 swapped=True
i=3 pair=(1,5) lam_t=0.99429 lam_s=0.99857 tsr_diff=0.000400 integral_mean=-0.000007 integral_std=0.000432 log_ratio=-0.0176 accept=0.9826 swapped=True
i=3 pair=(0,7) lam_t=1.00286 lam_s=1.00714 tsr_diff=0.000400 integral_mean=0.000003 integral_std=0.000426 log_ratio=0.0000 accept=1.0000 swapped=True
i=3 pair=(2,6) lam_t=1.01143 lam_s=1.01571 tsr_diff=0.000399 integral_mean=-0.000022 integral_std=0.000402 log_ratio=-0.0517 accept=0.9496 swapped=True
i=4 pair=(3,5) lam_t=0.99000 lam_s=0.99429 tsr_diff=0.000695 integral_mean=-0.000030 integral_std=0.000805 log_ratio=-0.0710 accept=0.9315 swapped=True
i=4 pair=(1,7) lam_t=0.99857 lam_s=1.00286 tsr_diff=0.000693 integral_mean=0.000009 integral_std=0.000685 log_ratio=0.0000 accept=1.0000 swapped=True
i=4 pair=(0,6) lam_t=1.00714 lam_s=1.01143 tsr_diff=0.000691 integral_mean=0.000049 integral_std=0.000734 log_ratio=0.0000 accept=1.0000 swapped=True
i=4 pair=(2,4) lam_t=1.01571 lam_s=1.02000 tsr_diff=0.000689 integral_mean=-0.000014 integral_std=0.000654 log_ratio=-0.0340 accept=0.9666 swapped=True
i=5 pair=(3,7) lam_t=0.99429 lam_s=0.99857 tsr_diff=0.001051 integral_mean=-0.000030 integral_std=0.001115 log_ratio=-0.0722 accept=0.9303 swapped=True
i=5 pair=(1,6) lam_t=1.00286 lam_s=1.00714 tsr_diff=0.001046 integral_mean=0.000019 integral_std=0.001020 log_ratio=0.0000 accept=1.0000 swapped=True
i=5 pair=(0,4) lam_t=1.01143 lam_s=1.01571 tsr_diff=0.001042 integral_mean=0.000053 integral_std=0.001045 log_ratio=0.0000 accept=1.0000 swapped=True
i=6 pair=(5,7) lam_t=0.99000 lam_s=0.99429 tsr_diff=0.001459 integral_mean=0.000097 integral_std=0.001540 log_ratio=0.0000 accept=1.0000 swapped=True
i=6 pair=(3,6) lam_t=0.99857 lam_s=1.00286 tsr_diff=0.001450 integral_mean=0.000040 integral_std=0.001490 log_ratio=0.0000 accept=1.0000 swapped=True
i=6 pair=(1,4) lam_t=1.00714 lam_s=1.01143 tsr_diff=0.001442 integral_mean=0.000044 integral_std=0.001385 log_ratio=0.0000 accept=1.0000 swapped=True
i=6 pair=(0,2) lam_t=1.01571 lam_s=1.02000 tsr_diff=0.001433 integral_mean=-0.000007 integral_std=0.001594 log_ratio=-0.0177 accept=0.9824 swapped=True
i=7 pair=(5,6) lam_t=0.99429 lam_s=0.99857 tsr_diff=0.001888 integral_mean=0.000205 integral_std=0.002143 log_ratio=0.0000 accept=1.0000 swapped=True
i=7 pair=(3,4) lam_t=1.00286 lam_s=1.00714 tsr_diff=0.001874 integral_mean=0.000052 integral_std=0.001810 log_ratio=0.0000 accept=1.0000 swapped=True
i=7 pair=(1,2) lam_t=1.01143 lam_s=1.01571 tsr_diff=0.001860 integral_mean=-0.000051 integral_std=0.001724 log_ratio=-0.1218 accept=0.8853 swapped=True
i=8 pair=(7,6) lam_t=0.99000 lam_s=0.99429 tsr_diff=0.002345 integral_mean=0.000109 integral_std=0.002396 log_ratio=0.0000 accept=1.0000 swapped=True
i=8 pair=(5,4) lam_t=0.99857 lam_s=1.00286 tsr_diff=0.002323 integral_mean=0.000194 integral_std=0.002808 log_ratio=0.0000 accept=1.0000 swapped=True
i=8 pair=(3,2) lam_t=1.00714 lam_s=1.01143 tsr_diff=0.002302 integral_mean=-0.000029 integral_std=0.002668 log_ratio=-0.0707 accept=0.9318 swapped=True
i=8 pair=(1,0) lam_t=1.01571 lam_s=1.02000 tsr_diff=0.002281 integral_mean=-0.000014 integral_std=0.002733 log_ratio=-0.0338 accept=0.9668 swapped=True
i=9 pair=(7,4) lam_t=0.99429 lam_s=0.99857 tsr_diff=0.002773 integral_mean=0.000155 integral_std=0.002743 log_ratio=0.0000 accept=1.0000 swapped=True
i=9 pair=(5,2) lam_t=1.00286 lam_s=1.00714 tsr_diff=0.002742 integral_mean=0.000097 integral_std=0.003189 log_ratio=0.0000 accept=1.0000 swapped=True
i=9 pair=(3,0) lam_t=1.01143 lam_s=1.01571 tsr_diff=0.002712 integral_mean=0.000029 integral_std=0.002680 log_ratio=0.0000 accept=1.0000 swapped=True
i=10 pair=(6,4) lam_t=0.99000 lam_s=0.99429 tsr_diff=0.003206 integral_mean=-0.000051 integral_std=0.002778 log_ratio=-0.1225 accept=0.8847 swapped=True
i=10 pair=(7,2) lam_t=0.99857 lam_s=1.00286 tsr_diff=0.003165 integral_mean=0.000051 integral_std=0.003986 log_ratio=0.0000 accept=1.0000 swapped=True
i=10 pair=(5,0) lam_t=1.00714 lam_s=1.01143 tsr_diff=0.003125 integral_mean=0.000087 integral_std=0.004645 log_ratio=0.0000 accept=1.0000 swapped=True
i=10 pair=(3,1) lam_t=1.01571 lam_s=1.02000 tsr_diff=0.003086 integral_mean=0.000107 integral_std=0.004034 log_ratio=0.0000 accept=1.0000 swapped=True
i=11 pair=(6,2) lam_t=0.99429 lam_s=0.99857 tsr_diff=0.003554 integral_mean=-0.000042 integral_std=0.004460 log_ratio=-0.1009 accept=0.9040 swapped=False
i=11 pair=(7,0) lam_t=1.00286 lam_s=1.00714 tsr_diff=0.003505 integral_mean=0.000158 integral_std=0.004714 log_ratio=0.0000 accept=1.0000 swapped=True
i=11 pair=(5,1) lam_t=1.01143 lam_s=1.01571 tsr_diff=0.003456 integral_mean=0.000099 integral_std=0.004127 log_ratio=0.0000 accept=1.0000 swapped=True
i=12 pair=(4,6) lam_t=0.99000 lam_s=0.99429 tsr_diff=0.003894 integral_mean=-0.000047 integral_std=0.003019 log_ratio=-0.1135 accept=0.8927 swapped=True
i=12 pair=(2,0) lam_t=0.99857 lam_s=1.00286 tsr_diff=0.003834 integral_mean=-0.000148 integral_std=0.007149 log_ratio=-0.3540 accept=0.7019 swapped=False
i=12 pair=(7,1) lam_t=1.00714 lam_s=1.01143 tsr_diff=0.003776 integral_mean=0.000215 integral_std=0.006082 log_ratio=0.0000 accept=1.0000 swapped=True
i=12 pair=(5,3) lam_t=1.01571 lam_s=1.02000 tsr_diff=0.003719 integral_mean=-0.000128 integral_std=0.008870 log_ratio=-0.3062 accept=0.7362 swapped=True
i=13 pair=(4,2) lam_t=0.99429 lam_s=0.99857 tsr_diff=0.004100 integral_mean=-0.000019 integral_std=0.007174 log_ratio=-0.0450 accept=0.9560 swapped=True
i=13 pair=(0,1) lam_t=1.00286 lam_s=1.00714 tsr_diff=0.004034 integral_mean=0.000423 integral_std=0.009800 log_ratio=0.0000 accept=1.0000 swapped=True
i=13 pair=(7,3) lam_t=1.01143 lam_s=1.01571 tsr_diff=0.003969 integral_mean=-0.000115 integral_std=0.008580 log_ratio=-0.2756 accept=0.7591 swapped=True
Best Sample: 4 log probability 0.000
Saved 1 samples to: logs/pointmaze-giant-navigate-v0/inference/plans/release_H400_T256_LimitsNormalizer_b1_condFalse/2026-07-15 11:53:30/29/0.png
Saved 1 samples to: logs/pointmaze-giant-navigate-v0/inference/plans/release_H400_T256_LimitsNormalizer_b1_condFalse/2026-07-15 11:53:30/29/rollout.png
i=0 pair=(0,1) lam_t=0.99000 lam_s=0.99429 tsr_diff=0.000000 integral_mean=0.000000 integral_std=0.000000 log_ratio=0.0000 accept=1.0000 swapped=True
i=0 pair=(2,3) lam_t=0.99857 lam_s=1.00286 tsr_diff=0.000000 integral_mean=0.000000 integral_std=0.000000 log_ratio=0.0000 accept=1.0000 swapped=True
i=0 pair=(4,5) lam_t=1.00714 lam_s=1.01143 tsr_diff=0.000000 integral_mean=0.000000 integral_std=0.000000 log_ratio=0.0000 accept=1.0000 swapped=True
i=0 pair=(6,7) lam_t=1.01571 lam_s=1.02000 tsr_diff=0.000000 integral_mean=0.000000 integral_std=0.000000 log_ratio=0.0000 accept=1.0000 swapped=True
i=1 pair=(0,3) lam_t=0.99429 lam_s=0.99857 tsr_diff=0.000046 integral_mean=-0.000002 integral_std=0.000050 log_ratio=-0.0058 accept=0.9942 swapped=True
i=1 pair=(2,5) lam_t=1.00286 lam_s=1.00714 tsr_diff=0.000046 integral_mean=0.000001 integral_std=0.000048 log_ratio=0.0000 accept=1.0000 swapped=True
i=1 pair=(4,7) lam_t=1.01143 lam_s=1.01571 tsr_diff=0.000046 integral_mean=0.000002 integral_std=0.000045 log_ratio=0.0000 accept=1.0000 swapped=True
i=2 pair=(1,3) lam_t=0.99000 lam_s=0.99429 tsr_diff=0.000181 integral_mean=-0.000004 integral_std=0.000191 log_ratio=-0.0085 accept=0.9915 swapped=True
i=2 pair=(0,5) lam_t=0.99857 lam_s=1.00286 tsr_diff=0.000181 integral_mean=0.000007 integral_std=0.000195 log_ratio=0.0000 accept=1.0000 swapped=True
i=2 pair=(2,7) lam_t=1.00714 lam_s=1.01143 tsr_diff=0.000181 integral_mean=0.000012 integral_std=0.000183 log_ratio=0.0000 accept=1.0000 swapped=True
i=2 pair=(4,6) lam_t=1.01571 lam_s=1.02000 tsr_diff=0.000181 integral_mean=0.000005 integral_std=0.000180 log_ratio=0.0000 accept=1.0000 swapped=True
i=3 pair=(1,5) lam_t=0.99429 lam_s=0.99857 tsr_diff=0.000400 integral_mean=0.000012 integral_std=0.000402 log_ratio=0.0000 accept=1.0000 swapped=True
i=3 pair=(0,7) lam_t=1.00286 lam_s=1.00714 tsr_diff=0.000400 integral_mean=0.000014 integral_std=0.000409 log_ratio=0.0000 accept=1.0000 swapped=True
i=3 pair=(2,6) lam_t=1.01143 lam_s=1.01571 tsr_diff=0.000399 integral_mean=-0.000002 integral_std=0.000369 log_ratio=-0.0054 accept=0.9946 swapped=True
i=4 pair=(3,5) lam_t=0.99000 lam_s=0.99429 tsr_diff=0.000695 integral_mean=-0.000053 integral_std=0.000775 log_ratio=-0.1260 accept=0.8816 swapped=True
i=4 pair=(1,7) lam_t=0.99857 lam_s=1.00286 tsr_diff=0.000693 integral_mean=0.000013 integral_std=0.000670 log_ratio=0.0000 accept=1.0000 swapped=True
i=4 pair=(0,6) lam_t=1.00714 lam_s=1.01143 tsr_diff=0.000691 integral_mean=-0.000040 integral_std=0.000710 log_ratio=-0.0972 accept=0.9074 swapped=True
i=4 pair=(2,4) lam_t=1.01571 lam_s=1.02000 tsr_diff=0.000689 integral_mean=-0.000003 integral_std=0.000665 log_ratio=-0.0065 accept=0.9935 swapped=True
i=5 pair=(3,7) lam_t=0.99429 lam_s=0.99857 tsr_diff=0.001051 integral_mean=-0.000045 integral_std=0.001021 log_ratio=-0.1078 accept=0.8978 swapped=True
i=5 pair=(1,6) lam_t=1.00286 lam_s=1.00714 tsr_diff=0.001046 integral_mean=-0.000081 integral_std=0.001074 log_ratio=-0.1940 accept=0.8237 swapped=False
i=5 pair=(0,4) lam_t=1.01143 lam_s=1.01571 tsr_diff=0.001042 integral_mean=0.000005 integral_std=0.001007 log_ratio=0.0000 accept=1.0000 swapped=True
i=6 pair=(5,7) lam_t=0.99000 lam_s=0.99429 tsr_diff=0.001459 integral_mean=0.000121 integral_std=0.001781 log_ratio=0.0000 accept=1.0000 swapped=True
i=6 pair=(3,1) lam_t=0.99857 lam_s=1.00286 tsr_diff=0.001450 integral_mean=0.000046 integral_std=0.001391 log_ratio=0.0000 accept=1.0000 swapped=True
i=6 pair=(6,4) lam_t=1.00714 lam_s=1.01143 tsr_diff=0.001442 integral_mean=-0.000018 integral_std=0.001457 log_ratio=-0.0429 accept=0.9580 swapped=True
i=6 pair=(0,2) lam_t=1.01571 lam_s=1.02000 tsr_diff=0.001433 integral_mean=-0.000050 integral_std=0.001391 log_ratio=-0.1191 accept=0.8877 swapped=True
i=7 pair=(5,1) lam_t=0.99429 lam_s=0.99857 tsr_diff=0.001888 integral_mean=0.000153 integral_std=0.002106 log_ratio=0.0000 accept=1.0000 swapped=True
i=7 pair=(3,4) lam_t=1.00286 lam_s=1.00714 tsr_diff=0.001874 integral_mean=-0.000053 integral_std=0.002261 log_ratio=-0.1272 accept=0.8806 swapped=True
i=7 pair=(6,2) lam_t=1.01143 lam_s=1.01571 tsr_diff=0.001860 integral_mean=0.000039 integral_std=0.001969 log_ratio=0.0000 accept=1.0000 swapped=True
i=8 pair=(7,1) lam_t=0.99000 lam_s=0.99429 tsr_diff=0.002345 integral_mean=-0.000068 integral_std=0.002275 log_ratio=-0.1641 accept=0.8486 swapped=True
i=8 pair=(5,4) lam_t=0.99857 lam_s=1.00286 tsr_diff=0.002323 integral_mean=0.000026 integral_std=0.002982 log_ratio=0.0000 accept=1.0000 swapped=True
i=8 pair=(3,2) lam_t=1.00714 lam_s=1.01143 tsr_diff=0.002302 integral_mean=-0.000007 integral_std=0.002413 log_ratio=-0.0172 accept=0.9830 swapped=True
i=8 pair=(6,0) lam_t=1.01571 lam_s=1.02000 tsr_diff=0.002281 integral_mean=-0.000015 integral_std=0.002633 log_ratio=-0.0354 accept=0.9653 swapped=True
i=9 pair=(7,4) lam_t=0.99429 lam_s=0.99857 tsr_diff=0.002773 integral_mean=-0.000189 integral_std=0.003588 log_ratio=-0.4541 accept=0.6350 swapped=True
i=9 pair=(5,2) lam_t=1.00286 lam_s=1.00714 tsr_diff=0.002742 integral_mean=0.000107 integral_std=0.003618 log_ratio=0.0000 accept=1.0000 swapped=True
i=9 pair=(3,0) lam_t=1.01143 lam_s=1.01571 tsr_diff=0.002712 integral_mean=-0.000150 integral_std=0.003305 log_ratio=-0.3594 accept=0.6981 swapped=False
i=10 pair=(1,4) lam_t=0.99000 lam_s=0.99429 tsr_diff=0.003206 integral_mean=-0.000286 integral_std=0.004807 log_ratio=-0.6868 accept=0.5032 swapped=True
i=10 pair=(7,2) lam_t=0.99857 lam_s=1.00286 tsr_diff=0.003165 integral_mean=0.000103 integral_std=0.003830 log_ratio=0.0000 accept=1.0000 swapped=True
i=10 pair=(5,3) lam_t=1.00714 lam_s=1.01143 tsr_diff=0.003125 integral_mean=0.000158 integral_std=0.004530 log_ratio=0.0000 accept=1.0000 swapped=True
i=10 pair=(0,6) lam_t=1.01571 lam_s=1.02000 tsr_diff=0.003086 integral_mean=-0.001340 integral_std=0.008703 log_ratio=-3.2166 accept=0.0401 swapped=False
i=11 pair=(1,2) lam_t=0.99429 lam_s=0.99857 tsr_diff=0.003554 integral_mean=0.000064 integral_std=0.004109 log_ratio=0.0000 accept=1.0000 swapped=True
i=11 pair=(7,3) lam_t=1.00286 lam_s=1.00714 tsr_diff=0.003505 integral_mean=-0.000003 integral_std=0.004048 log_ratio=-0.0075 accept=0.9925 swapped=True
i=11 pair=(5,0) lam_t=1.01143 lam_s=1.01571 tsr_diff=0.003456 integral_mean=0.000449 integral_std=0.006062 log_ratio=0.0000 accept=1.0000 swapped=True
i=12 pair=(4,2) lam_t=0.99000 lam_s=0.99429 tsr_diff=0.003894 integral_mean=0.000414 integral_std=0.008709 log_ratio=0.0000 accept=1.0000 swapped=True
i=12 pair=(1,3) lam_t=0.99857 lam_s=1.00286 tsr_diff=0.003834 integral_mean=0.000203 integral_std=0.004379 log_ratio=0.0000 accept=1.0000 swapped=True
i=12 pair=(7,0) lam_t=1.00714 lam_s=1.01143 tsr_diff=0.003776 integral_mean=-0.000172 integral_std=0.006745 log_ratio=-0.4126 accept=0.6619 swapped=True
i=12 pair=(5,6) lam_t=1.01571 lam_s=1.02000 tsr_diff=0.003719 integral_mean=0.000223 integral_std=0.007204 log_ratio=0.0000 accept=1.0000 swapped=True
i=13 pair=(4,3) lam_t=0.99429 lam_s=0.99857 tsr_diff=0.004100 integral_mean=0.000374 integral_std=0.011878 log_ratio=0.0000 accept=1.0000 swapped=True
i=13 pair=(1,0) lam_t=1.00286 lam_s=1.00714 tsr_diff=0.004034 integral_mean=-0.000481 integral_std=0.008190 log_ratio=-1.1538 accept=0.3154 swapped=False
i=13 pair=(7,6) lam_t=1.01143 lam_s=1.01571 tsr_diff=0.003969 integral_mean=0.000278 integral_std=0.009779 log_ratio=0.0000 accept=1.0000 swapped=True
Best Sample: 1 log probability -2.354
Saved 1 samples to: logs/pointmaze-giant-navigate-v0/inference/plans/release_H400_T256_LimitsNormalizer_b1_condFalse/2026-07-15 11:53:30/30/0.png
Saved 1 samples to: logs/pointmaze-giant-navigate-v0/inference/plans/release_H400_T256_LimitsNormalizer_b1_condFalse/2026-07-15 11:53:30/30/rollout.png
i=0 pair=(0,1) lam_t=0.99000 lam_s=0.99429 tsr_diff=0.000000 integral_mean=0.000000 integral_std=0.000000 log_ratio=0.0000 accept=1.0000 swapped=True
i=0 pair=(2,3) lam_t=0.99857 lam_s=1.00286 tsr_diff=0.000000 integral_mean=0.000000 integral_std=0.000000 log_ratio=0.0000 accept=1.0000 swapped=True
i=0 pair=(4,5) lam_t=1.00714 lam_s=1.01143 tsr_diff=0.000000 integral_mean=0.000000 integral_std=0.000000 log_ratio=0.0000 accept=1.0000 swapped=True
i=0 pair=(6,7) lam_t=1.01571 lam_s=1.02000 tsr_diff=0.000000 integral_mean=0.000000 integral_std=0.000000 log_ratio=0.0000 accept=1.0000 swapped=True
i=1 pair=(0,3) lam_t=0.99429 lam_s=0.99857 tsr_diff=0.000046 integral_mean=-0.000001 integral_std=0.000048 log_ratio=-0.0015 accept=0.9985 swapped=True
i=1 pair=(2,5) lam_t=1.00286 lam_s=1.00714 tsr_diff=0.000046 integral_mean=-0.000001 integral_std=0.000047 log_ratio=-0.0030 accept=0.9970 swapped=True
i=1 pair=(4,7) lam_t=1.01143 lam_s=1.01571 tsr_diff=0.000046 integral_mean=-0.000001 integral_std=0.000047 log_ratio=-0.0016 accept=0.9984 swapped=True
i=2 pair=(1,3) lam_t=0.99000 lam_s=0.99429 tsr_diff=0.000181 integral_mean=-0.000002 integral_std=0.000189 log_ratio=-0.0058 accept=0.9942 swapped=True
i=2 pair=(0,5) lam_t=0.99857 lam_s=1.00286 tsr_diff=0.000181 integral_mean=-0.000004 integral_std=0.000185 log_ratio=-0.0090 accept=0.9910 swapped=True
i=2 pair=(2,7) lam_t=1.00714 lam_s=1.01143 tsr_diff=0.000181 integral_mean=0.000006 integral_std=0.000186 log_ratio=0.0000 accept=1.0000 swapped=True
i=2 pair=(4,6) lam_t=1.01571 lam_s=1.02000 tsr_diff=0.000181 integral_mean=0.000004 integral_std=0.000174 log_ratio=0.0000 accept=1.0000 swapped=True
i=3 pair=(1,5) lam_t=0.99429 lam_s=0.99857 tsr_diff=0.000400 integral_mean=0.000021 integral_std=0.000437 log_ratio=0.0000 accept=1.0000 swapped=True
i=3 pair=(0,7) lam_t=1.00286 lam_s=1.00714 tsr_diff=0.000400 integral_mean=-0.000007 integral_std=0.000396 log_ratio=-0.0170 accept=0.9832 swapped=True
i=3 pair=(2,6) lam_t=1.01143 lam_s=1.01571 tsr_diff=0.000399 integral_mean=-0.000003 integral_std=0.000391 log_ratio=-0.0060 accept=0.9940 swapped=True
i=4 pair=(3,5) lam_t=0.99000 lam_s=0.99429 tsr_diff=0.000695 integral_mean=-0.000004 integral_std=0.000666 log_ratio=-0.0087 accept=0.9913 swapped=True
i=4 pair=(1,7) lam_t=0.99857 lam_s=1.00286 tsr_diff=0.000693 integral_mean=0.000045 integral_std=0.000726 log_ratio=0.0000 accept=1.0000 swapped=True
i=4 pair=(0,6) lam_t=1.00714 lam_s=1.01143 tsr_diff=0.000691 integral_mean=0.000181 integral_std=0.000996 log_ratio=0.0000 accept=1.0000 swapped=True
i=4 pair=(2,4) lam_t=1.01571 lam_s=1.02000 tsr_diff=0.000689 integral_mean=0.000022 integral_std=0.000822 log_ratio=0.0000 accept=1.0000 swapped=True
i=5 pair=(3,7) lam_t=0.99429 lam_s=0.99857 tsr_diff=0.001051 integral_mean=0.000051 integral_std=0.001008 log_ratio=0.0000 accept=1.0000 swapped=True
i=5 pair=(1,6) lam_t=1.00286 lam_s=1.00714 tsr_diff=0.001046 integral_mean=-0.000040 integral_std=0.001149 log_ratio=-0.0952 accept=0.9092 swapped=True
i=5 pair=(0,4) lam_t=1.01143 lam_s=1.01571 tsr_diff=0.001042 integral_mean=0.000018 integral_std=0.001159 log_ratio=0.0000 accept=1.0000 swapped=True
i=6 pair=(5,7) lam_t=0.99000 lam_s=0.99429 tsr_diff=0.001459 integral_mean=-0.000061 integral_std=0.001511 log_ratio=-0.1473 accept=0.8631 swapped=True
i=6 pair=(3,6) lam_t=0.99857 lam_s=1.00286 tsr_diff=0.001450 integral_mean=-0.000027 integral_std=0.001472 log_ratio=-0.0647 accept=0.9373 swapped=True
i=6 pair=(1,4) lam_t=1.00714 lam_s=1.01143 tsr_diff=0.001442 integral_mean=0.000003 integral_std=0.001548 log_ratio=0.0000 accept=1.0000 swapped=True
i=6 pair=(0,2) lam_t=1.01571 lam_s=1.02000 tsr_diff=0.001433 integral_mean=0.000045 integral_std=0.001361 log_ratio=0.0000 accept=1.0000 swapped=True
i=7 pair=(5,6) lam_t=0.99429 lam_s=0.99857 tsr_diff=0.001888 integral_mean=0.000006 integral_std=0.001866 log_ratio=0.0000 accept=1.0000 swapped=True
i=7 pair=(3,4) lam_t=1.00286 lam_s=1.00714 tsr_diff=0.001874 integral_mean=-0.000008 integral_std=0.002068 log_ratio=-0.0180 accept=0.9821 swapped=True
i=7 pair=(1,2) lam_t=1.01143 lam_s=1.01571 tsr_diff=0.001860 integral_mean=0.000003 integral_std=0.001828 log_ratio=0.0000 accept=1.0000 swapped=True
i=8 pair=(7,6) lam_t=0.99000 lam_s=0.99429 tsr_diff=0.002345 integral_mean=-0.000070 integral_std=0.002247 log_ratio=-0.1690 accept=0.8445 swapped=False
i=8 pair=(5,4) lam_t=0.99857 lam_s=1.00286 tsr_diff=0.002323 integral_mean=-0.000034 integral_std=0.002222 log_ratio=-0.0815 accept=0.9218 swapped=True
i=8 pair=(3,2) lam_t=1.00714 lam_s=1.01143 tsr_diff=0.002302 integral_mean=0.000087 integral_std=0.002404 log_ratio=0.0000 accept=1.0000 swapped=True
i=8 pair=(1,0) lam_t=1.01571 lam_s=1.02000 tsr_diff=0.002281 integral_mean=-0.000085 integral_std=0.002256 log_ratio=-0.2033 accept=0.8160 swapped=True
i=9 pair=(6,4) lam_t=0.99429 lam_s=0.99857 tsr_diff=0.002773 integral_mean=-0.000063 integral_std=0.003289 log_ratio=-0.1506 accept=0.8602 swapped=False
i=9 pair=(5,2) lam_t=1.00286 lam_s=1.00714 tsr_diff=0.002742 integral_mean=0.000080 integral_std=0.002585 log_ratio=0.0000 accept=1.0000 swapped=True
i=9 pair=(3,0) lam_t=1.01143 lam_s=1.01571 tsr_diff=0.002712 integral_mean=0.000035 integral_std=0.003457 log_ratio=0.0000 accept=1.0000 swapped=True
i=10 pair=(7,6) lam_t=0.99000 lam_s=0.99429 tsr_diff=0.003206 integral_mean=-0.000136 integral_std=0.003652 log_ratio=-0.3262 accept=0.7217 swapped=True
i=10 pair=(4,2) lam_t=0.99857 lam_s=1.00286 tsr_diff=0.003165 integral_mean=0.000080 integral_std=0.003468 log_ratio=0.0000 accept=1.0000 swapped=True
i=10 pair=(5,0) lam_t=1.00714 lam_s=1.01143 tsr_diff=0.003125 integral_mean=-0.000053 integral_std=0.002747 log_ratio=-0.1265 accept=0.8812 swapped=True
i=10 pair=(3,1) lam_t=1.01571 lam_s=1.02000 tsr_diff=0.003086 integral_mean=0.000458 integral_std=0.003654 log_ratio=0.0000 accept=1.0000 swapped=True
i=11 pair=(7,2) lam_t=0.99429 lam_s=0.99857 tsr_diff=0.003554 integral_mean=0.000099 integral_std=0.004934 log_ratio=0.0000 accept=1.0000 swapped=True
i=11 pair=(4,0) lam_t=1.00286 lam_s=1.00714 tsr_diff=0.003505 integral_mean=0.000163 integral_std=0.004247 log_ratio=0.0000 accept=1.0000 swapped=True
i=11 pair=(5,1) lam_t=1.01143 lam_s=1.01571 tsr_diff=0.003456 integral_mean=0.000109 integral_std=0.004675 log_ratio=0.0000 accept=1.0000 swapped=True
i=12 pair=(6,2) lam_t=0.99000 lam_s=0.99429 tsr_diff=0.003894 integral_mean=0.000037 integral_std=0.005955 log_ratio=0.0000 accept=1.0000 swapped=True
i=12 pair=(7,0) lam_t=0.99857 lam_s=1.00286 tsr_diff=0.003834 integral_mean=0.000185 integral_std=0.006873 log_ratio=0.0000 accept=1.0000 swapped=True
i=12 pair=(4,1) lam_t=1.00714 lam_s=1.01143 tsr_diff=0.003776 integral_mean=0.000311 integral_std=0.006411 log_ratio=0.0000 accept=1.0000 swapped=True
i=12 pair=(5,3) lam_t=1.01571 lam_s=1.02000 tsr_diff=0.003719 integral_mean=-0.001912 integral_std=0.010554 log_ratio=-4.5881 accept=0.0102 swapped=False
i=13 pair=(6,0) lam_t=0.99429 lam_s=0.99857 tsr_diff=0.004100 integral_mean=0.000231 integral_std=0.008194 log_ratio=0.0000 accept=1.0000 swapped=True
i=13 pair=(7,1) lam_t=1.00286 lam_s=1.00714 tsr_diff=0.004034 integral_mean=0.000345 integral_std=0.006816 log_ratio=0.0000 accept=1.0000 swapped=True
i=13 pair=(4,5) lam_t=1.01143 lam_s=1.01571 tsr_diff=0.003969 integral_mean=-0.000133 integral_std=0.008197 log_ratio=-0.3193 accept=0.7267 swapped=True
Best Sample: 0 log probability -0.032
Saved 1 samples to: logs/pointmaze-giant-navigate-v0/inference/plans/release_H400_T256_LimitsNormalizer_b1_condFalse/2026-07-15 11:53:30/31/0.png
Saved 1 samples to: logs/pointmaze-giant-navigate-v0/inference/plans/release_H400_T256_LimitsNormalizer_b1_condFalse/2026-07-15 11:53:30/31/rollout.png
i=0 pair=(0,1) lam_t=0.99000 lam_s=0.99429 tsr_diff=0.000000 integral_mean=0.000000 integral_std=0.000000 log_ratio=0.0000 accept=1.0000 swapped=True
i=0 pair=(2,3) lam_t=0.99857 lam_s=1.00286 tsr_diff=0.000000 integral_mean=0.000000 integral_std=0.000000 log_ratio=0.0000 accept=1.0000 swapped=True
i=0 pair=(4,5) lam_t=1.00714 lam_s=1.01143 tsr_diff=0.000000 integral_mean=0.000000 integral_std=0.000000 log_ratio=0.0000 accept=1.0000 swapped=True
i=0 pair=(6,7) lam_t=1.01571 lam_s=1.02000 tsr_diff=0.000000 integral_mean=0.000000 integral_std=0.000000 log_ratio=0.0000 accept=1.0000 swapped=True
i=1 pair=(0,3) lam_t=0.99429 lam_s=0.99857 tsr_diff=0.000046 integral_mean=0.000001 integral_std=0.000047 log_ratio=0.0000 accept=1.0000 swapped=True
i=1 pair=(2,5) lam_t=1.00286 lam_s=1.00714 tsr_diff=0.000046 integral_mean=-0.000001 integral_std=0.000044 log_ratio=-0.0012 accept=0.9988 swapped=True
i=1 pair=(4,7) lam_t=1.01143 lam_s=1.01571 tsr_diff=0.000046 integral_mean=0.000001 integral_std=0.000046 log_ratio=0.0000 accept=1.0000 swapped=True
i=2 pair=(1,3) lam_t=0.99000 lam_s=0.99429 tsr_diff=0.000181 integral_mean=-0.000002 integral_std=0.000186 log_ratio=-0.0043 accept=0.9957 swapped=True
i=2 pair=(0,5) lam_t=0.99857 lam_s=1.00286 tsr_diff=0.000181 integral_mean=0.000007 integral_std=0.000183 log_ratio=0.0000 accept=1.0000 swapped=True
i=2 pair=(2,7) lam_t=1.00714 lam_s=1.01143 tsr_diff=0.000181 integral_mean=-0.000004 integral_std=0.000184 log_ratio=-0.0104 accept=0.9897 swapped=True
i=2 pair=(4,6) lam_t=1.01571 lam_s=1.02000 tsr_diff=0.000181 integral_mean=-0.000002 integral_std=0.000185 log_ratio=-0.0050 accept=0.9950 swapped=True
i=3 pair=(1,5) lam_t=0.99429 lam_s=0.99857 tsr_diff=0.000400 integral_mean=0.000004 integral_std=0.000400 log_ratio=0.0000 accept=1.0000 swapped=True
i=3 pair=(0,7) lam_t=1.00286 lam_s=1.00714 tsr_diff=0.000400 integral_mean=-0.000022 integral_std=0.000412 log_ratio=-0.0538 accept=0.9476 swapped=True
i=3 pair=(2,6) lam_t=1.01143 lam_s=1.01571 tsr_diff=0.000399 integral_mean=0.000002 integral_std=0.000409 log_ratio=0.0000 accept=1.0000 swapped=True
i=4 pair=(3,5) lam_t=0.99000 lam_s=0.99429 tsr_diff=0.000695 integral_mean=0.000018 integral_std=0.000792 log_ratio=0.0000 accept=1.0000 swapped=True
i=4 pair=(1,7) lam_t=0.99857 lam_s=1.00286 tsr_diff=0.000693 integral_mean=0.000007 integral_std=0.000677 log_ratio=0.0000 accept=1.0000 swapped=True
i=4 pair=(0,6) lam_t=1.00714 lam_s=1.01143 tsr_diff=0.000691 integral_mean=0.000070 integral_std=0.000783 log_ratio=0.0000 accept=1.0000 swapped=True
i=4 pair=(2,4) lam_t=1.01571 lam_s=1.02000 tsr_diff=0.000689 integral_mean=0.000001 integral_std=0.000702 log_ratio=0.0000 accept=1.0000 swapped=True
i=5 pair=(3,7) lam_t=0.99429 lam_s=0.99857 tsr_diff=0.001051 integral_mean=0.000007 integral_std=0.001082 log_ratio=0.0000 accept=1.0000 swapped=True
i=5 pair=(1,6) lam_t=1.00286 lam_s=1.00714 tsr_diff=0.001046 integral_mean=-0.000008 integral_std=0.000979 log_ratio=-0.0189 accept=0.9813 swapped=True
i=5 pair=(0,4) lam_t=1.01143 lam_s=1.01571 tsr_diff=0.001042 integral_mean=0.000025 integral_std=0.001041 log_ratio=0.0000 accept=1.0000 swapped=True
i=6 pair=(5,7) lam_t=0.99000 lam_s=0.99429 tsr_diff=0.001459 integral_mean=-0.000046 integral_std=0.001510 log_ratio=-0.1106 accept=0.8953 swapped=True
i=6 pair=(3,6) lam_t=0.99857 lam_s=1.00286 tsr_diff=0.001450 integral_mean=0.000019 integral_std=0.001464 log_ratio=0.0000 accept=1.0000 swapped=True
i=6 pair=(1,4) lam_t=1.00714 lam_s=1.01143 tsr_diff=0.001442 integral_mean=0.000004 integral_std=0.001375 log_ratio=0.0000 accept=1.0000 swapped=True
i=6 pair=(0,2) lam_t=1.01571 lam_s=1.02000 tsr_diff=0.001433 integral_mean=0.000066 integral_std=0.001436 log_ratio=0.0000 accept=1.0000 swapped=True
i=7 pair=(5,6) lam_t=0.99429 lam_s=0.99857 tsr_diff=0.001888 integral_mean=-0.000009 integral_std=0.001802 log_ratio=-0.0221 accept=0.9781 swapped=True
i=7 pair=(3,4) lam_t=1.00286 lam_s=1.00714 tsr_diff=0.001874 integral_mean=0.000028 integral_std=0.001952 log_ratio=0.0000 accept=1.0000 swapped=True
i=7 pair=(1,2) lam_t=1.01143 lam_s=1.01571 tsr_diff=0.001860 integral_mean=-0.000134 integral_std=0.002133 log_ratio=-0.3210 accept=0.7254 swapped=True
i=8 pair=(7,6) lam_t=0.99000 lam_s=0.99429 tsr_diff=0.002345 integral_mean=0.000076 integral_std=0.002661 log_ratio=0.0000 accept=1.0000 swapped=True
i=8 pair=(5,4) lam_t=0.99857 lam_s=1.00286 tsr_diff=0.002323 integral_mean=0.000054 integral_std=0.002256 log_ratio=0.0000 accept=1.0000 swapped=True
i=8 pair=(3,2) lam_t=1.00714 lam_s=1.01143 tsr_diff=0.002302 integral_mean=0.000040 integral_std=0.002504 log_ratio=0.0000 accept=1.0000 swapped=True
i=8 pair=(1,0) lam_t=1.01571 lam_s=1.02000 tsr_diff=0.002281 integral_mean=-0.000071 integral_std=0.002463 log_ratio=-0.1708 accept=0.8430 swapped=True
i=9 pair=(7,4) lam_t=0.99429 lam_s=0.99857 tsr_diff=0.002773 integral_mean=0.000078 integral_std=0.003263 log_ratio=0.0000 accept=1.0000 swapped=True
i=9 pair=(5,2) lam_t=1.00286 lam_s=1.00714 tsr_diff=0.002742 integral_mean=-0.000043 integral_std=0.003055 log_ratio=-0.1021 accept=0.9029 swapped=False
i=9 pair=(3,0) lam_t=1.01143 lam_s=1.01571 tsr_diff=0.002712 integral_mean=0.000005 integral_std=0.003015 log_ratio=0.0000 accept=1.0000 swapped=True
i=10 pair=(6,4) lam_t=0.99000 lam_s=0.99429 tsr_diff=0.003206 integral_mean=-0.000057 integral_std=0.003253 log_ratio=-0.1358 accept=0.8730 swapped=True
i=10 pair=(7,5) lam_t=0.99857 lam_s=1.00286 tsr_diff=0.003165 integral_mean=-0.000010 integral_std=0.004714 log_ratio=-0.0235 accept=0.9768 swapped=True
i=10 pair=(2,0) lam_t=1.00714 lam_s=1.01143 tsr_diff=0.003125 integral_mean=-0.000022 integral_std=0.004431 log_ratio=-0.0522 accept=0.9491 swapped=True
i=10 pair=(3,1) lam_t=1.01571 lam_s=1.02000 tsr_diff=0.003086 integral_mean=0.000069 integral_std=0.003689 log_ratio=0.0000 accept=1.0000 swapped=True
i=11 pair=(6,5) lam_t=0.99429 lam_s=0.99857 tsr_diff=0.003554 integral_mean=-0.000327 integral_std=0.004558 log_ratio=-0.7856 accept=0.4558 swapped=False
i=11 pair=(7,0) lam_t=1.00286 lam_s=1.00714 tsr_diff=0.003505 integral_mean=0.000264 integral_std=0.005373 log_ratio=0.0000 accept=1.0000 swapped=True
i=11 pair=(2,1) lam_t=1.01143 lam_s=1.01571 tsr_diff=0.003456 integral_mean=0.000656 integral_std=0.005661 log_ratio=0.0000 accept=1.0000 swapped=True
i=12 pair=(4,6) lam_t=0.99000 lam_s=0.99429 tsr_diff=0.003894 integral_mean=-0.000017 integral_std=0.004572 log_ratio=-0.0401 accept=0.9607 swapped=True
i=12 pair=(5,0) lam_t=0.99857 lam_s=1.00286 tsr_diff=0.003834 integral_mean=-0.000234 integral_std=0.005480 log_ratio=-0.5621 accept=0.5700 swapped=False
i=12 pair=(7,1) lam_t=1.00714 lam_s=1.01143 tsr_diff=0.003776 integral_mean=0.000433 integral_std=0.007135 log_ratio=0.0000 accept=1.0000 swapped=True
i=12 pair=(2,3) lam_t=1.01571 lam_s=1.02000 tsr_diff=0.003719 integral_mean=0.000166 integral_std=0.005566 log_ratio=0.0000 accept=1.0000 swapped=True
i=13 pair=(4,5) lam_t=0.99429 lam_s=0.99857 tsr_diff=0.004100 integral_mean=-0.000064 integral_std=0.005458 log_ratio=-0.1539 accept=0.8574 swapped=True
i=13 pair=(0,1) lam_t=1.00286 lam_s=1.00714 tsr_diff=0.004034 integral_mean=0.000169 integral_std=0.007924 log_ratio=0.0000 accept=1.0000 swapped=True
i=13 pair=(7,3) lam_t=1.01143 lam_s=1.01571 tsr_diff=0.003969 integral_mean=0.000399 integral_std=0.011898 log_ratio=0.0000 accept=1.0000 swapped=True
Best Sample: 6 log probability -1.262
Saved 1 samples to: logs/pointmaze-giant-navigate-v0/inference/plans/release_H400_T256_LimitsNormalizer_b1_condFalse/2026-07-15 11:53:30/32/0.png
Saved 1 samples to: logs/pointmaze-giant-navigate-v0/inference/plans/release_H400_T256_LimitsNormalizer_b1_condFalse/2026-07-15 11:53:30/32/rollout.png
i=0 pair=(0,1) lam_t=0.99000 lam_s=0.99429 tsr_diff=0.000000 integral_mean=0.000000 integral_std=0.000000 log_ratio=0.0000 accept=1.0000 swapped=True
i=0 pair=(2,3) lam_t=0.99857 lam_s=1.00286 tsr_diff=0.000000 integral_mean=0.000000 integral_std=0.000000 log_ratio=0.0000 accept=1.0000 swapped=True
i=0 pair=(4,5) lam_t=1.00714 lam_s=1.01143 tsr_diff=0.000000 integral_mean=0.000000 integral_std=0.000000 log_ratio=0.0000 accept=1.0000 swapped=True
i=0 pair=(6,7) lam_t=1.01571 lam_s=1.02000 tsr_diff=0.000000 integral_mean=0.000000 integral_std=0.000000 log_ratio=0.0000 accept=1.0000 swapped=True
i=1 pair=(0,3) lam_t=0.99429 lam_s=0.99857 tsr_diff=0.000046 integral_mean=0.000002 integral_std=0.000050 log_ratio=0.0000 accept=1.0000 swapped=True
i=1 pair=(2,5) lam_t=1.00286 lam_s=1.00714 tsr_diff=0.000046 integral_mean=0.000000 integral_std=0.000044 log_ratio=0.0000 accept=1.0000 swapped=True
i=1 pair=(4,7) lam_t=1.01143 lam_s=1.01571 tsr_diff=0.000046 integral_mean=0.000000 integral_std=0.000047 log_ratio=0.0000 accept=1.0000 swapped=True
i=2 pair=(1,3) lam_t=0.99000 lam_s=0.99429 tsr_diff=0.000181 integral_mean=0.000004 integral_std=0.000190 log_ratio=0.0000 accept=1.0000 swapped=True
i=2 pair=(0,5) lam_t=0.99857 lam_s=1.00286 tsr_diff=0.000181 integral_mean=-0.000006 integral_std=0.000186 log_ratio=-0.0136 accept=0.9865 swapped=True
i=2 pair=(2,7) lam_t=1.00714 lam_s=1.01143 tsr_diff=0.000181 integral_mean=-0.000006 integral_std=0.000200 log_ratio=-0.0152 accept=0.9849 swapped=True
i=2 pair=(4,6) lam_t=1.01571 lam_s=1.02000 tsr_diff=0.000181 integral_mean=-0.000002 integral_std=0.000176 log_ratio=-0.0044 accept=0.9956 swapped=True
i=3 pair=(1,5) lam_t=0.99429 lam_s=0.99857 tsr_diff=0.000400 integral_mean=0.000009 integral_std=0.000429 log_ratio=0.0000 accept=1.0000 swapped=True
i=3 pair=(0,7) lam_t=1.00286 lam_s=1.00714 tsr_diff=0.000400 integral_mean=-0.000021 integral_std=0.000475 log_ratio=-0.0497 accept=0.9516 swapped=True
i=3 pair=(2,6) lam_t=1.01143 lam_s=1.01571 tsr_diff=0.000399 integral_mean=-0.000001 integral_std=0.000399 log_ratio=-0.0027 accept=0.9973 swapped=True
i=4 pair=(3,5) lam_t=0.99000 lam_s=0.99429 tsr_diff=0.000695 integral_mean=0.000065 integral_std=0.000738 log_ratio=0.0000 accept=1.0000 swapped=True
i=4 pair=(1,7) lam_t=0.99857 lam_s=1.00286 tsr_diff=0.000693 integral_mean=0.000029 integral_std=0.000782 log_ratio=0.0000 accept=1.0000 swapped=True
i=4 pair=(0,6) lam_t=1.00714 lam_s=1.01143 tsr_diff=0.000691 integral_mean=0.000062 integral_std=0.000778 log_ratio=0.0000 accept=1.0000 swapped=True
i=4 pair=(2,4) lam_t=1.01571 lam_s=1.02000 tsr_diff=0.000689 integral_mean=-0.000018 integral_std=0.000703 log_ratio=-0.0430 accept=0.9580 swapped=True
i=5 pair=(3,7) lam_t=0.99429 lam_s=0.99857 tsr_diff=0.001051 integral_mean=0.000028 integral_std=0.001167 log_ratio=0.0000 accept=1.0000 swapped=True
i=5 pair=(1,6) lam_t=1.00286 lam_s=1.00714 tsr_diff=0.001046 integral_mean=0.000052 integral_std=0.001107 log_ratio=0.0000 accept=1.0000 swapped=True
i=5 pair=(0,4) lam_t=1.01143 lam_s=1.01571 tsr_diff=0.001042 integral_mean=0.000013 integral_std=0.001094 log_ratio=0.0000 accept=1.0000 swapped=True
i=6 pair=(5,7) lam_t=0.99000 lam_s=0.99429 tsr_diff=0.001459 integral_mean=-0.000003 integral_std=0.001612 log_ratio=-0.0071 accept=0.9930 swapped=True
i=6 pair=(3,6) lam_t=0.99857 lam_s=1.00286 tsr_diff=0.001450 integral_mean=0.000043 integral_std=0.001486 log_ratio=0.0000 accept=1.0000 swapped=True
i=6 pair=(1,4) lam_t=1.00714 lam_s=1.01143 tsr_diff=0.001442 integral_mean=0.000082 integral_std=0.001551 log_ratio=0.0000 accept=1.0000 swapped=True
i=6 pair=(0,2) lam_t=1.01571 lam_s=1.02000 tsr_diff=0.001433 integral_mean=-0.000033 integral_std=0.001403 log_ratio=-0.0782 accept=0.9248 swapped=True
i=7 pair=(5,6) lam_t=0.99429 lam_s=0.99857 tsr_diff=0.001888 integral_mean=-0.000069 integral_std=0.001657 log_ratio=-0.1663 accept=0.8468 swapped=True
i=7 pair=(3,4) lam_t=1.00286 lam_s=1.00714 tsr_diff=0.001874 integral_mean=0.000017 integral_std=0.002064 log_ratio=0.0000 accept=1.0000 swapped=True
i=7 pair=(1,2) lam_t=1.01143 lam_s=1.01571 tsr_diff=0.001860 integral_mean=0.000124 integral_std=0.002243 log_ratio=0.0000 accept=1.0000 swapped=True
i=8 pair=(7,6) lam_t=0.99000 lam_s=0.99429 tsr_diff=0.002345 integral_mean=0.000209 integral_std=0.002807 log_ratio=0.0000 accept=1.0000 swapped=True
i=8 pair=(5,4) lam_t=0.99857 lam_s=1.00286 tsr_diff=0.002323 integral_mean=-0.000112 integral_std=0.002109 log_ratio=-0.2683 accept=0.7647 swapped=True
i=8 pair=(3,2) lam_t=1.00714 lam_s=1.01143 tsr_diff=0.002302 integral_mean=0.000037 integral_std=0.002649 log_ratio=0.0000 accept=1.0000 swapped=True
i=8 pair=(1,0) lam_t=1.01571 lam_s=1.02000 tsr_diff=0.002281 integral_mean=-0.000068 integral_std=0.002594 log_ratio=-0.1626 accept=0.8499 swapped=True
i=9 pair=(7,4) lam_t=0.99429 lam_s=0.99857 tsr_diff=0.002773 integral_mean=0.000115 integral_std=0.003224 log_ratio=0.0000 accept=1.0000 swapped=True
i=9 pair=(5,2) lam_t=1.00286 lam_s=1.00714 tsr_diff=0.002742 integral_mean=-0.000189 integral_std=0.002793 log_ratio=-0.4547 accept=0.6346 swapped=False
i=9 pair=(3,0) lam_t=1.01143 lam_s=1.01571 tsr_diff=0.002712 integral_mean=-0.000118 integral_std=0.003458 log_ratio=-0.2832 accept=0.7534 swapped=True
i=10 pair=(6,4) lam_t=0.99000 lam_s=0.99429 tsr_diff=0.003206 integral_mean=0.000041 integral_std=0.003463 log_ratio=0.0000 accept=1.0000 swapped=True
i=10 pair=(7,5) lam_t=0.99857 lam_s=1.00286 tsr_diff=0.003165 integral_mean=0.000181 integral_std=0.004061 log_ratio=0.0000 accept=1.0000 swapped=True
i=10 pair=(2,0) lam_t=1.00714 lam_s=1.01143 tsr_diff=0.003125 integral_mean=0.000004 integral_std=0.004812 log_ratio=0.0000 accept=1.0000 swapped=True
i=10 pair=(3,1) lam_t=1.01571 lam_s=1.02000 tsr_diff=0.003086 integral_mean=-0.000158 integral_std=0.004054 log_ratio=-0.3797 accept=0.6841 swapped=True
i=11 pair=(6,5) lam_t=0.99429 lam_s=0.99857 tsr_diff=0.003554 integral_mean=0.000198 integral_std=0.003394 log_ratio=0.0000 accept=1.0000 swapped=True
i=11 pair=(7,0) lam_t=1.00286 lam_s=1.00714 tsr_diff=0.003505 integral_mean=-0.000217 integral_std=0.005625 log_ratio=-0.5206 accept=0.5942 swapped=True
i=11 pair=(2,1) lam_t=1.01143 lam_s=1.01571 tsr_diff=0.003456 integral_mean=-0.000260 integral_std=0.005243 log_ratio=-0.6235 accept=0.5360 swapped=True
i=12 pair=(4,5) lam_t=0.99000 lam_s=0.99429 tsr_diff=0.003894 integral_mean=0.000009 integral_std=0.003467 log_ratio=0.0000 accept=1.0000 swapped=True
i=12 pair=(6,0) lam_t=0.99857 lam_s=1.00286 tsr_diff=0.003834 integral_mean=-0.000266 integral_std=0.006007 log_ratio=-0.6389 accept=0.5279 swapped=False
i=12 pair=(7,1) lam_t=1.00714 lam_s=1.01143 tsr_diff=0.003776 integral_mean=0.000527 integral_std=0.008829 log_ratio=0.0000 accept=1.0000 swapped=True
i=12 pair=(2,3) lam_t=1.01571 lam_s=1.02000 tsr_diff=0.003719 integral_mean=-0.000105 integral_std=0.006057 log_ratio=-0.2510 accept=0.7780 swapped=True
i=13 pair=(4,6) lam_t=0.99429 lam_s=0.99857 tsr_diff=0.004100 integral_mean=-0.000234 integral_std=0.004095 log_ratio=-0.5608 accept=0.5708 swapped=False
i=13 pair=(0,1) lam_t=1.00286 lam_s=1.00714 tsr_diff=0.004034 integral_mean=0.000702 integral_std=0.016215 log_ratio=0.0000 accept=1.0000 swapped=True
i=13 pair=(7,3) lam_t=1.01143 lam_s=1.01571 tsr_diff=0.003969 integral_mean=0.000830 integral_std=0.010454 log_ratio=0.0000 accept=1.0000 swapped=True
Best Sample: 5 log probability -0.126
Saved 1 samples to: logs/pointmaze-giant-navigate-v0/inference/plans/release_H400_T256_LimitsNormalizer_b1_condFalse/2026-07-15 11:53:30/33/0.png
Saved 1 samples to: logs/pointmaze-giant-navigate-v0/inference/plans/release_H400_T256_LimitsNormalizer_b1_condFalse/2026-07-15 11:53:30/33/rollout.png
i=0 pair=(0,1) lam_t=0.99000 lam_s=0.99429 tsr_diff=0.000000 integral_mean=0.000000 integral_std=0.000000 log_ratio=0.0000 accept=1.0000 swapped=True
i=0 pair=(2,3) lam_t=0.99857 lam_s=1.00286 tsr_diff=0.000000 integral_mean=0.000000 integral_std=0.000000 log_ratio=0.0000 accept=1.0000 swapped=True
i=0 pair=(4,5) lam_t=1.00714 lam_s=1.01143 tsr_diff=0.000000 integral_mean=0.000000 integral_std=0.000000 log_ratio=0.0000 accept=1.0000 swapped=True
i=0 pair=(6,7) lam_t=1.01571 lam_s=1.02000 tsr_diff=0.000000 integral_mean=0.000000 integral_std=0.000000 log_ratio=0.0000 accept=1.0000 swapped=True
i=1 pair=(0,3) lam_t=0.99429 lam_s=0.99857 tsr_diff=0.000046 integral_mean=-0.000000 integral_std=0.000046 log_ratio=-0.0006 accept=0.9994 swapped=True
i=1 pair=(2,5) lam_t=1.00286 lam_s=1.00714 tsr_diff=0.000046 integral_mean=-0.000000 integral_std=0.000043 log_ratio=-0.0011 accept=0.9989 swapped=True
i=1 pair=(4,7) lam_t=1.01143 lam_s=1.01571 tsr_diff=0.000046 integral_mean=0.000001 integral_std=0.000067 log_ratio=0.0000 accept=1.0000 swapped=True
i=2 pair=(1,3) lam_t=0.99000 lam_s=0.99429 tsr_diff=0.000181 integral_mean=-0.000005 integral_std=0.000181 log_ratio=-0.0108 accept=0.9892 swapped=True
i=2 pair=(0,5) lam_t=0.99857 lam_s=1.00286 tsr_diff=0.000181 integral_mean=-0.000006 integral_std=0.000172 log_ratio=-0.0153 accept=0.9848 swapped=True
i=2 pair=(2,7) lam_t=1.00714 lam_s=1.01143 tsr_diff=0.000181 integral_mean=-0.000010 integral_std=0.000177 log_ratio=-0.0244 accept=0.9759 swapped=True
i=2 pair=(4,6) lam_t=1.01571 lam_s=1.02000 tsr_diff=0.000181 integral_mean=0.000019 integral_std=0.000236 log_ratio=0.0000 accept=1.0000 swapped=True
i=3 pair=(1,5) lam_t=0.99429 lam_s=0.99857 tsr_diff=0.000400 integral_mean=0.000008 integral_std=0.000394 log_ratio=0.0000 accept=1.0000 swapped=True
i=3 pair=(0,7) lam_t=1.00286 lam_s=1.00714 tsr_diff=0.000400 integral_mean=-0.000000 integral_std=0.000397 log_ratio=-0.0011 accept=0.9989 swapped=True
i=3 pair=(2,6) lam_t=1.01143 lam_s=1.01571 tsr_diff=0.000399 integral_mean=0.000006 integral_std=0.000404 log_ratio=0.0000 accept=1.0000 swapped=True
i=4 pair=(3,5) lam_t=0.99000 lam_s=0.99429 tsr_diff=0.000695 integral_mean=0.000007 integral_std=0.000716 log_ratio=0.0000 accept=1.0000 swapped=True
i=4 pair=(1,7) lam_t=0.99857 lam_s=1.00286 tsr_diff=0.000693 integral_mean=-0.000014 integral_std=0.000716 log_ratio=-0.0346 accept=0.9660 swapped=True
i=4 pair=(0,6) lam_t=1.00714 lam_s=1.01143 tsr_diff=0.000691 integral_mean=0.000011 integral_std=0.000651 log_ratio=0.0000 accept=1.0000 swapped=True
i=4 pair=(2,4) lam_t=1.01571 lam_s=1.02000 tsr_diff=0.000689 integral_mean=-0.000000 integral_std=0.000687 log_ratio=-0.0001 accept=0.9999 swapped=True
i=5 pair=(3,7) lam_t=0.99429 lam_s=0.99857 tsr_diff=0.001051 integral_mean=-0.000056 integral_std=0.001143 log_ratio=-0.1335 accept=0.8751 swapped=True
i=5 pair=(1,6) lam_t=1.00286 lam_s=1.00714 tsr_diff=0.001046 integral_mean=-0.000003 integral_std=0.001021 log_ratio=-0.0070 accept=0.9930 swapped=True
i=5 pair=(0,4) lam_t=1.01143 lam_s=1.01571 tsr_diff=0.001042 integral_mean=-0.000002 integral_std=0.001061 log_ratio=-0.0039 accept=0.9961 swapped=True
i=6 pair=(5,7) lam_t=0.99000 lam_s=0.99429 tsr_diff=0.001459 integral_mean=-0.000092 integral_std=0.001479 log_ratio=-0.2210 accept=0.8017 swapped=True
i=6 pair=(3,6) lam_t=0.99857 lam_s=1.00286 tsr_diff=0.001450 integral_mean=-0.000015 integral_std=0.001434 log_ratio=-0.0364 accept=0.9642 swapped=True
i=6 pair=(1,4) lam_t=1.00714 lam_s=1.01143 tsr_diff=0.001442 integral_mean=0.000020 integral_std=0.001515 log_ratio=0.0000 accept=1.0000 swapped=True
i=6 pair=(0,2) lam_t=1.01571 lam_s=1.02000 tsr_diff=0.001433 integral_mean=-0.000119 integral_std=0.001591 log_ratio=-0.2855 accept=0.7517 swapped=False
i=7 pair=(5,6) lam_t=0.99429 lam_s=0.99857 tsr_diff=0.001888 integral_mean=-0.000021 integral_std=0.001730 log_ratio=-0.0511 accept=0.9501 swapped=True
i=7 pair=(3,4) lam_t=1.00286 lam_s=1.00714 tsr_diff=0.001874 integral_mean=-0.000027 integral_std=0.001809 log_ratio=-0.0645 accept=0.9376 swapped=True
i=7 pair=(1,0) lam_t=1.01143 lam_s=1.01571 tsr_diff=0.001860 integral_mean=0.000091 integral_std=0.001824 log_ratio=0.0000 accept=1.0000 swapped=True
i=8 pair=(7,6) lam_t=0.99000 lam_s=0.99429 tsr_diff=0.002345 integral_mean=0.000081 integral_std=0.002206 log_ratio=0.0000 accept=1.0000 swapped=True
i=8 pair=(5,4) lam_t=0.99857 lam_s=1.00286 tsr_diff=0.002323 integral_mean=0.000014 integral_std=0.002370 log_ratio=0.0000 accept=1.0000 swapped=True
i=8 pair=(3,0) lam_t=1.00714 lam_s=1.01143 tsr_diff=0.002302 integral_mean=-0.000002 integral_std=0.002202 log_ratio=-0.0049 accept=0.9951 swapped=True
i=8 pair=(1,2) lam_t=1.01571 lam_s=1.02000 tsr_diff=0.002281 integral_mean=-0.000301 integral_std=0.002774 log_ratio=-0.7235 accept=0.4850 swapped=False
i=9 pair=(7,4) lam_t=0.99429 lam_s=0.99857 tsr_diff=0.002773 integral_mean=0.000055 integral_std=0.003340 log_ratio=0.0000 accept=1.0000 swapped=True
i=9 pair=(5,0) lam_t=1.00286 lam_s=1.00714 tsr_diff=0.002742 integral_mean=0.000063 integral_std=0.002381 log_ratio=0.0000 accept=1.0000 swapped=True
i=9 pair=(3,1) lam_t=1.01143 lam_s=1.01571 tsr_diff=0.002712 integral_mean=-0.000110 integral_std=0.002638 log_ratio=-0.2638 accept=0.7681 swapped=True
i=10 pair=(6,4) lam_t=0.99000 lam_s=0.99429 tsr_diff=0.003206 integral_mean=-0.000263 integral_std=0.004252 log_ratio=-0.6310 accept=0.5320 swapped=True
i=10 pair=(7,0) lam_t=0.99857 lam_s=1.00286 tsr_diff=0.003165 integral_mean=0.000315 integral_std=0.003238 log_ratio=0.0000 accept=1.0000 swapped=True
i=10 pair=(5,1) lam_t=1.00714 lam_s=1.01143 tsr_diff=0.003125 integral_mean=-0.000132 integral_std=0.003470 log_ratio=-0.3170 accept=0.7283 swapped=True
i=10 pair=(3,2) lam_t=1.01571 lam_s=1.02000 tsr_diff=0.003086 integral_mean=-0.000306 integral_std=0.004345 log_ratio=-0.7353 accept=0.4793 swapped=True
i=11 pair=(6,0) lam_t=0.99429 lam_s=0.99857 tsr_diff=0.003554 integral_mean=-0.000070 integral_std=0.002732 log_ratio=-0.1673 accept=0.8460 swapped=True
i=11 pair=(7,1) lam_t=1.00286 lam_s=1.00714 tsr_diff=0.003505 integral_mean=0.000122 integral_std=0.004234 log_ratio=0.0000 accept=1.0000 swapped=True
i=11 pair=(5,2) lam_t=1.01143 lam_s=1.01571 tsr_diff=0.003456 integral_mean=-0.000490 integral_std=0.005626 log_ratio=-1.1769 accept=0.3082 swapped=False
i=12 pair=(4,0) lam_t=0.99000 lam_s=0.99429 tsr_diff=0.003894 integral_mean=0.000447 integral_std=0.008465 log_ratio=0.0000 accept=1.0000 swapped=True
i=12 pair=(6,1) lam_t=0.99857 lam_s=1.00286 tsr_diff=0.003834 integral_mean=-0.000226 integral_std=0.004926 log_ratio=-0.5425 accept=0.5813 swapped=False
i=12 pair=(7,5) lam_t=1.00714 lam_s=1.01143 tsr_diff=0.003776 integral_mean=0.000261 integral_std=0.004195 log_ratio=0.0000 accept=1.0000 swapped=True
i=12 pair=(2,3) lam_t=1.01571 lam_s=1.02000 tsr_diff=0.003719 integral_mean=0.000527 integral_std=0.006656 log_ratio=0.0000 accept=1.0000 swapped=True
i=13 pair=(4,6) lam_t=0.99429 lam_s=0.99857 tsr_diff=0.004100 integral_mean=0.000126 integral_std=0.008297 log_ratio=0.0000 accept=1.0000 swapped=True
i=13 pair=(1,5) lam_t=1.00286 lam_s=1.00714 tsr_diff=0.004034 integral_mean=-0.000028 integral_std=0.006591 log_ratio=-0.0666 accept=0.9356 swapped=True
i=13 pair=(7,3) lam_t=1.01143 lam_s=1.01571 tsr_diff=0.003969 integral_mean=0.000091 integral_std=0.005907 log_ratio=0.0000 accept=1.0000 swapped=True
Best Sample: 5 log probability -0.001
Saved 1 samples to: logs/pointmaze-giant-navigate-v0/inference/plans/release_H400_T256_LimitsNormalizer_b1_condFalse/2026-07-15 11:53:30/34/0.png
Saved 1 samples to: logs/pointmaze-giant-navigate-v0/inference/plans/release_H400_T256_LimitsNormalizer_b1_condFalse/2026-07-15 11:53:30/34/rollout.png
i=0 pair=(0,1) lam_t=0.99000 lam_s=0.99429 tsr_diff=0.000000 integral_mean=0.000000 integral_std=0.000000 log_ratio=0.0000 accept=1.0000 swapped=True
i=0 pair=(2,3) lam_t=0.99857 lam_s=1.00286 tsr_diff=0.000000 integral_mean=0.000000 integral_std=0.000000 log_ratio=0.0000 accept=1.0000 swapped=True
i=0 pair=(4,5) lam_t=1.00714 lam_s=1.01143 tsr_diff=0.000000 integral_mean=0.000000 integral_std=0.000000 log_ratio=0.0000 accept=1.0000 swapped=True
i=0 pair=(6,7) lam_t=1.01571 lam_s=1.02000 tsr_diff=0.000000 integral_mean=0.000000 integral_std=0.000000 log_ratio=0.0000 accept=1.0000 swapped=True
i=1 pair=(0,3) lam_t=0.99429 lam_s=0.99857 tsr_diff=0.000046 integral_mean=0.000000 integral_std=0.000045 log_ratio=0.0000 accept=1.0000 swapped=True
i=1 pair=(2,5) lam_t=1.00286 lam_s=1.00714 tsr_diff=0.000046 integral_mean=-0.000001 integral_std=0.000053 log_ratio=-0.0035 accept=0.9965 swapped=True
i=1 pair=(4,7) lam_t=1.01143 lam_s=1.01571 tsr_diff=0.000046 integral_mean=-0.000000 integral_std=0.000045 log_ratio=-0.0012 accept=0.9988 swapped=True
i=2 pair=(1,3) lam_t=0.99000 lam_s=0.99429 tsr_diff=0.000181 integral_mean=0.000001 integral_std=0.000183 log_ratio=0.0000 accept=1.0000 swapped=True
i=2 pair=(0,5) lam_t=0.99857 lam_s=1.00286 tsr_diff=0.000181 integral_mean=-0.000013 integral_std=0.000183 log_ratio=-0.0313 accept=0.9692 swapped=True
i=2 pair=(2,7) lam_t=1.00714 lam_s=1.01143 tsr_diff=0.000181 integral_mean=0.000004 integral_std=0.000180 log_ratio=0.0000 accept=1.0000 swapped=True
i=2 pair=(4,6) lam_t=1.01571 lam_s=1.02000 tsr_diff=0.000181 integral_mean=-0.000004 integral_std=0.000189 log_ratio=-0.0093 accept=0.9907 swapped=True
i=3 pair=(1,5) lam_t=0.99429 lam_s=0.99857 tsr_diff=0.000400 integral_mean=-0.000022 integral_std=0.000411 log_ratio=-0.0523 accept=0.9490 swapped=True
i=3 pair=(0,7) lam_t=1.00286 lam_s=1.00714 tsr_diff=0.000400 integral_mean=0.000031 integral_std=0.000419 log_ratio=0.0000 accept=1.0000 swapped=True
i=3 pair=(2,6) lam_t=1.01143 lam_s=1.01571 tsr_diff=0.000399 integral_mean=-0.000013 integral_std=0.000414 log_ratio=-0.0310 accept=0.9695 swapped=True
i=4 pair=(3,5) lam_t=0.99000 lam_s=0.99429 tsr_diff=0.000695 integral_mean=0.000036 integral_std=0.000764 log_ratio=0.0000 accept=1.0000 swapped=True
i=4 pair=(1,7) lam_t=0.99857 lam_s=1.00286 tsr_diff=0.000693 integral_mean=-0.000024 integral_std=0.000682 log_ratio=-0.0568 accept=0.9447 swapped=True
i=4 pair=(0,6) lam_t=1.00714 lam_s=1.01143 tsr_diff=0.000691 integral_mean=-0.000002 integral_std=0.000717 log_ratio=-0.0051 accept=0.9949 swapped=True
i=4 pair=(2,4) lam_t=1.01571 lam_s=1.02000 tsr_diff=0.000689 integral_mean=-0.000007 integral_std=0.000664 log_ratio=-0.0165 accept=0.9836 swapped=True
i=5 pair=(3,7) lam_t=0.99429 lam_s=0.99857 tsr_diff=0.001051 integral_mean=0.000029 integral_std=0.001033 log_ratio=0.0000 accept=1.0000 swapped=True
i=5 pair=(1,6) lam_t=1.00286 lam_s=1.00714 tsr_diff=0.001046 integral_mean=-0.000034 integral_std=0.001039 log_ratio=-0.0808 accept=0.9223 swapped=True
i=5 pair=(0,4) lam_t=1.01143 lam_s=1.01571 tsr_diff=0.001042 integral_mean=0.000012 integral_std=0.001048 log_ratio=0.0000 accept=1.0000 swapped=True
i=6 pair=(5,7) lam_t=0.99000 lam_s=0.99429 tsr_diff=0.001459 integral_mean=0.000077 integral_std=0.001529 log_ratio=0.0000 accept=1.0000 swapped=True
i=6 pair=(3,6) lam_t=0.99857 lam_s=1.00286 tsr_diff=0.001450 integral_mean=-0.000033 integral_std=0.001454 log_ratio=-0.0790 accept=0.9240 swapped=True
i=6 pair=(1,4) lam_t=1.00714 lam_s=1.01143 tsr_diff=0.001442 integral_mean=0.000007 integral_std=0.001367 log_ratio=0.0000 accept=1.0000 swapped=True
i=6 pair=(0,2) lam_t=1.01571 lam_s=1.02000 tsr_diff=0.001433 integral_mean=0.000043 integral_std=0.001486 log_ratio=0.0000 accept=1.0000 swapped=True
i=7 pair=(5,6) lam_t=0.99429 lam_s=0.99857 tsr_diff=0.001888 integral_mean=0.000027 integral_std=0.002050 log_ratio=0.0000 accept=1.0000 swapped=True
i=7 pair=(3,4) lam_t=1.00286 lam_s=1.00714 tsr_diff=0.001874 integral_mean=0.000012 integral_std=0.001890 log_ratio=0.0000 accept=1.0000 swapped=True
i=7 pair=(1,2) lam_t=1.01143 lam_s=1.01571 tsr_diff=0.001860 integral_mean=-0.000011 integral_std=0.001856 log_ratio=-0.0266 accept=0.9738 swapped=True
i=8 pair=(7,6) lam_t=0.99000 lam_s=0.99429 tsr_diff=0.002345 integral_mean=-0.000018 integral_std=0.002440 log_ratio=-0.0428 accept=0.9581 swapped=True
i=8 pair=(5,4) lam_t=0.99857 lam_s=1.00286 tsr_diff=0.002323 integral_mean=0.000078 integral_std=0.002789 log_ratio=0.0000 accept=1.0000 swapped=True
i=8 pair=(3,2) lam_t=1.00714 lam_s=1.01143 tsr_diff=0.002302 integral_mean=0.000023 integral_std=0.002269 log_ratio=0.0000 accept=1.0000 swapped=True
i=8 pair=(1,0) lam_t=1.01571 lam_s=1.02000 tsr_diff=0.002281 integral_mean=0.000009 integral_std=0.002544 log_ratio=0.0000 accept=1.0000 swapped=True
i=9 pair=(7,4) lam_t=0.99429 lam_s=0.99857 tsr_diff=0.002773 integral_mean=0.000085 integral_std=0.002712 log_ratio=0.0000 accept=1.0000 swapped=True
i=9 pair=(5,2) lam_t=1.00286 lam_s=1.00714 tsr_diff=0.002742 integral_mean=0.000040 integral_std=0.003548 log_ratio=0.0000 accept=1.0000 swapped=True
i=9 pair=(3,0) lam_t=1.01143 lam_s=1.01571 tsr_diff=0.002712 integral_mean=-0.000082 integral_std=0.003201 log_ratio=-0.1974 accept=0.8208 swapped=True
i=10 pair=(6,4) lam_t=0.99000 lam_s=0.99429 tsr_diff=0.003206 integral_mean=0.000187 integral_std=0.004395 log_ratio=0.0000 accept=1.0000 swapped=True
i=10 pair=(7,2) lam_t=0.99857 lam_s=1.00286 tsr_diff=0.003165 integral_mean=-0.000040 integral_std=0.003285 log_ratio=-0.0959 accept=0.9086 swapped=True
i=10 pair=(5,0) lam_t=1.00714 lam_s=1.01143 tsr_diff=0.003125 integral_mean=0.000082 integral_std=0.004240 log_ratio=0.0000 accept=1.0000 swapped=True
i=10 pair=(3,1) lam_t=1.01571 lam_s=1.02000 tsr_diff=0.003086 integral_mean=0.000081 integral_std=0.004050 log_ratio=0.0000 accept=1.0000 swapped=True
i=11 pair=(6,2) lam_t=0.99429 lam_s=0.99857 tsr_diff=0.003554 integral_mean=-0.000020 integral_std=0.004483 log_ratio=-0.0470 accept=0.9541 swapped=True
i=11 pair=(7,0) lam_t=1.00286 lam_s=1.00714 tsr_diff=0.003505 integral_mean=-0.000214 integral_std=0.005389 log_ratio=-0.5134 accept=0.5984 swapped=False
i=11 pair=(5,1) lam_t=1.01143 lam_s=1.01571 tsr_diff=0.003456 integral_mean=-0.000941 integral_std=0.007826 log_ratio=-2.2581 accept=0.1045 swapped=False
i=12 pair=(4,2) lam_t=0.99000 lam_s=0.99429 tsr_diff=0.003894 integral_mean=0.000128 integral_std=0.004069 log_ratio=0.0000 accept=1.0000 swapped=True
i=12 pair=(6,7) lam_t=0.99857 lam_s=1.00286 tsr_diff=0.003834 integral_mean=-0.000164 integral_std=0.005977 log_ratio=-0.3933 accept=0.6748 swapped=True
i=12 pair=(0,5) lam_t=1.00714 lam_s=1.01143 tsr_diff=0.003776 integral_mean=-0.000072 integral_std=0.006469 log_ratio=-0.1726 accept=0.8415 swapped=True
i=12 pair=(1,3) lam_t=1.01571 lam_s=1.02000 tsr_diff=0.003719 integral_mean=0.000566 integral_std=0.006651 log_ratio=0.0000 accept=1.0000 swapped=True
i=13 pair=(4,7) lam_t=0.99429 lam_s=0.99857 tsr_diff=0.004100 integral_mean=-0.000083 integral_std=0.007000 log_ratio=-0.1995 accept=0.8191 swapped=False
i=13 pair=(6,5) lam_t=1.00286 lam_s=1.00714 tsr_diff=0.004034 integral_mean=0.000275 integral_std=0.008826 log_ratio=0.0000 accept=1.0000 swapped=True
i=13 pair=(0,3) lam_t=1.01143 lam_s=1.01571 tsr_diff=0.003969 integral_mean=0.000256 integral_std=0.010527 log_ratio=0.0000 accept=1.0000 swapped=True
Best Sample: 2 log probability -0.139
Saved 1 samples to: logs/pointmaze-giant-navigate-v0/inference/plans/release_H400_T256_LimitsNormalizer_b1_condFalse/2026-07-15 11:53:30/35/0.png
Saved 1 samples to: logs/pointmaze-giant-navigate-v0/inference/plans/release_H400_T256_LimitsNormalizer_b1_condFalse/2026-07-15 11:53:30/35/rollout.png
i=0 pair=(0,1) lam_t=0.99000 lam_s=0.99429 tsr_diff=0.000000 integral_mean=0.000000 integral_std=0.000000 log_ratio=0.0000 accept=1.0000 swapped=True
i=0 pair=(2,3) lam_t=0.99857 lam_s=1.00286 tsr_diff=0.000000 integral_mean=0.000000 integral_std=0.000000 log_ratio=0.0000 accept=1.0000 swapped=True
i=0 pair=(4,5) lam_t=1.00714 lam_s=1.01143 tsr_diff=0.000000 integral_mean=0.000000 integral_std=0.000000 log_ratio=0.0000 accept=1.0000 swapped=True
i=0 pair=(6,7) lam_t=1.01571 lam_s=1.02000 tsr_diff=0.000000 integral_mean=0.000000 integral_std=0.000000 log_ratio=0.0000 accept=1.0000 swapped=True
i=1 pair=(0,3) lam_t=0.99429 lam_s=0.99857 tsr_diff=0.000046 integral_mean=-0.000000 integral_std=0.000045 log_ratio=-0.0005 accept=0.9995 swapped=True
i=1 pair=(2,5) lam_t=1.00286 lam_s=1.00714 tsr_diff=0.000046 integral_mean=0.000001 integral_std=0.000048 log_ratio=0.0000 accept=1.0000 swapped=True
i=1 pair=(4,7) lam_t=1.01143 lam_s=1.01571 tsr_diff=0.000046 integral_mean=-0.000001 integral_std=0.000046 log_ratio=-0.0013 accept=0.9987 swapped=True
i=2 pair=(1,3) lam_t=0.99000 lam_s=0.99429 tsr_diff=0.000181 integral_mean=0.000008 integral_std=0.000196 log_ratio=0.0000 accept=1.0000 swapped=True
i=2 pair=(0,5) lam_t=0.99857 lam_s=1.00286 tsr_diff=0.000181 integral_mean=0.000002 integral_std=0.000180 log_ratio=0.0000 accept=1.0000 swapped=True
i=2 pair=(2,7) lam_t=1.00714 lam_s=1.01143 tsr_diff=0.000181 integral_mean=-0.000011 integral_std=0.000211 log_ratio=-0.0266 accept=0.9737 swapped=True
i=2 pair=(4,6) lam_t=1.01571 lam_s=1.02000 tsr_diff=0.000181 integral_mean=-0.000002 integral_std=0.000205 log_ratio=-0.0043 accept=0.9957 swapped=True
i=3 pair=(1,5) lam_t=0.99429 lam_s=0.99857 tsr_diff=0.000400 integral_mean=0.000008 integral_std=0.000392 log_ratio=0.0000 accept=1.0000 swapped=True
i=3 pair=(0,7) lam_t=1.00286 lam_s=1.00714 tsr_diff=0.000400 integral_mean=0.000003 integral_std=0.000427 log_ratio=0.0000 accept=1.0000 swapped=True
i=3 pair=(2,6) lam_t=1.01143 lam_s=1.01571 tsr_diff=0.000399 integral_mean=-0.000009 integral_std=0.000407 log_ratio=-0.0208 accept=0.9795 swapped=True
i=4 pair=(3,5) lam_t=0.99000 lam_s=0.99429 tsr_diff=0.000695 integral_mean=-0.000009 integral_std=0.000704 log_ratio=-0.0213 accept=0.9789 swapped=True
i=4 pair=(1,7) lam_t=0.99857 lam_s=1.00286 tsr_diff=0.000693 integral_mean=-0.000033 integral_std=0.000679 log_ratio=-0.0803 accept=0.9228 swapped=True
i=4 pair=(0,6) lam_t=1.00714 lam_s=1.01143 tsr_diff=0.000691 integral_mean=0.000001 integral_std=0.000685 log_ratio=0.0000 accept=1.0000 swapped=True
i=4 pair=(2,4) lam_t=1.01571 lam_s=1.02000 tsr_diff=0.000689 integral_mean=-0.000047 integral_std=0.000737 log_ratio=-0.1134 accept=0.8928 swapped=True
i=5 pair=(3,7) lam_t=0.99429 lam_s=0.99857 tsr_diff=0.001051 integral_mean=-0.000119 integral_std=0.001195 log_ratio=-0.2867 accept=0.7507 swapped=True
i=5 pair=(1,6) lam_t=1.00286 lam_s=1.00714 tsr_diff=0.001046 integral_mean=0.000000 integral_std=0.001062 log_ratio=0.0000 accept=1.0000 swapped=True
i=5 pair=(0,4) lam_t=1.01143 lam_s=1.01571 tsr_diff=0.001042 integral_mean=-0.000000 integral_std=0.001065 log_ratio=-0.0007 accept=0.9993 swapped=True
i=6 pair=(5,7) lam_t=0.99000 lam_s=0.99429 tsr_diff=0.001459 integral_mean=-0.000140 integral_std=0.001603 log_ratio=-0.3371 accept=0.7138 swapped=True
i=6 pair=(3,6) lam_t=0.99857 lam_s=1.00286 tsr_diff=0.001450 integral_mean=0.000092 integral_std=0.001480 log_ratio=0.0000 accept=1.0000 swapped=True
i=6 pair=(1,4) lam_t=1.00714 lam_s=1.01143 tsr_diff=0.001442 integral_mean=-0.000082 integral_std=0.001554 log_ratio=-0.1979 accept=0.8204 swapped=True
i=6 pair=(0,2) lam_t=1.01571 lam_s=1.02000 tsr_diff=0.001433 integral_mean=-0.000026 integral_std=0.001551 log_ratio=-0.0617 accept=0.9401 swapped=True
i=7 pair=(5,6) lam_t=0.99429 lam_s=0.99857 tsr_diff=0.001888 integral_mean=-0.000003 integral_std=0.001778 log_ratio=-0.0069 accept=0.9932 swapped=True
i=7 pair=(3,4) lam_t=1.00286 lam_s=1.00714 tsr_diff=0.001874 integral_mean=0.000028 integral_std=0.001883 log_ratio=0.0000 accept=1.0000 swapped=True
i=7 pair=(1,2) lam_t=1.01143 lam_s=1.01571 tsr_diff=0.001860 integral_mean=0.000010 integral_std=0.001738 log_ratio=0.0000 accept=1.0000 swapped=True
i=8 pair=(7,6) lam_t=0.99000 lam_s=0.99429 tsr_diff=0.002345 integral_mean=0.000078 integral_std=0.002495 log_ratio=0.0000 accept=1.0000 swapped=True
i=8 pair=(5,4) lam_t=0.99857 lam_s=1.00286 tsr_diff=0.002323 integral_mean=-0.000178 integral_std=0.002521 log_ratio=-0.4275 accept=0.6521 swapped=True
i=8 pair=(3,2) lam_t=1.00714 lam_s=1.01143 tsr_diff=0.002302 integral_mean=0.000046 integral_std=0.002433 log_ratio=0.0000 accept=1.0000 swapped=True
i=8 pair=(1,0) lam_t=1.01571 lam_s=1.02000 tsr_diff=0.002281 integral_mean=-0.000615 integral_std=0.003546 log_ratio=-1.4751 accept=0.2287 swapped=True
i=9 pair=(7,4) lam_t=0.99429 lam_s=0.99857 tsr_diff=0.002773 integral_mean=0.000016 integral_std=0.003088 log_ratio=0.0000 accept=1.0000 swapped=True
i=9 pair=(5,2) lam_t=1.00286 lam_s=1.00714 tsr_diff=0.002742 integral_mean=0.000010 integral_std=0.002394 log_ratio=0.0000 accept=1.0000 swapped=True
i=9 pair=(3,0) lam_t=1.01143 lam_s=1.01571 tsr_diff=0.002712 integral_mean=-0.000424 integral_std=0.003752 log_ratio=-1.0184 accept=0.3612 swapped=False
i=10 pair=(6,4) lam_t=0.99000 lam_s=0.99429 tsr_diff=0.003206 integral_mean=0.000095 integral_std=0.004462 log_ratio=0.0000 accept=1.0000 swapped=True
i=10 pair=(7,2) lam_t=0.99857 lam_s=1.00286 tsr_diff=0.003165 integral_mean=0.000102 integral_std=0.003332 log_ratio=0.0000 accept=1.0000 swapped=True
i=10 pair=(5,3) lam_t=1.00714 lam_s=1.01143 tsr_diff=0.003125 integral_mean=-0.000266 integral_std=0.003451 log_ratio=-0.6384 accept=0.5282 swapped=False
i=10 pair=(0,1) lam_t=1.01571 lam_s=1.02000 tsr_diff=0.003086 integral_mean=0.000306 integral_std=0.004149 log_ratio=0.0000 accept=1.0000 swapped=True
i=11 pair=(6,2) lam_t=0.99429 lam_s=0.99857 tsr_diff=0.003554 integral_mean=0.000073 integral_std=0.003905 log_ratio=0.0000 accept=1.0000 swapped=True
i=11 pair=(7,5) lam_t=1.00286 lam_s=1.00714 tsr_diff=0.003505 integral_mean=0.000083 integral_std=0.004101 log_ratio=0.0000 accept=1.0000 swapped=True
i=11 pair=(3,1) lam_t=1.01143 lam_s=1.01571 tsr_diff=0.003456 integral_mean=0.000247 integral_std=0.004547 log_ratio=0.0000 accept=1.0000 swapped=True
i=12 pair=(4,2) lam_t=0.99000 lam_s=0.99429 tsr_diff=0.003894 integral_mean=0.001238 integral_std=0.008966 log_ratio=0.0000 accept=1.0000 swapped=True
i=12 pair=(6,5) lam_t=0.99857 lam_s=1.00286 tsr_diff=0.003834 integral_mean=-0.000104 integral_std=0.004273 log_ratio=-0.2495 accept=0.7792 swapped=True
i=12 pair=(7,1) lam_t=1.00714 lam_s=1.01143 tsr_diff=0.003776 integral_mean=0.000258 integral_std=0.005587 log_ratio=0.0000 accept=1.0000 swapped=True
i=12 pair=(3,0) lam_t=1.01571 lam_s=1.02000 tsr_diff=0.003719 integral_mean=0.000207 integral_std=0.007863 log_ratio=0.0000 accept=1.0000 swapped=True
i=13 pair=(4,5) lam_t=0.99429 lam_s=0.99857 tsr_diff=0.004100 integral_mean=0.001033 integral_std=0.010855 log_ratio=0.0000 accept=1.0000 swapped=True
i=13 pair=(6,1) lam_t=1.00286 lam_s=1.00714 tsr_diff=0.004034 integral_mean=0.000550 integral_std=0.007119 log_ratio=0.0000 accept=1.0000 swapped=True
i=13 pair=(7,0) lam_t=1.01143 lam_s=1.01571 tsr_diff=0.003969 integral_mean=-0.000209 integral_std=0.007467 log_ratio=-0.5015 accept=0.6056 swapped=True
Best Sample: 1 log probability -0.012
Saved 1 samples to: logs/pointmaze-giant-navigate-v0/inference/plans/release_H400_T256_LimitsNormalizer_b1_condFalse/2026-07-15 11:53:30/36/0.png
Saved 1 samples to: logs/pointmaze-giant-navigate-v0/inference/plans/release_H400_T256_LimitsNormalizer_b1_condFalse/2026-07-15 11:53:30/36/rollout.png
i=0 pair=(0,1) lam_t=0.99000 lam_s=0.99429 tsr_diff=0.000000 integral_mean=0.000000 integral_std=0.000000 log_ratio=0.0000 accept=1.0000 swapped=True
i=0 pair=(2,3) lam_t=0.99857 lam_s=1.00286 tsr_diff=0.000000 integral_mean=0.000000 integral_std=0.000000 log_ratio=0.0000 accept=1.0000 swapped=True
i=0 pair=(4,5) lam_t=1.00714 lam_s=1.01143 tsr_diff=0.000000 integral_mean=0.000000 integral_std=0.000000 log_ratio=0.0000 accept=1.0000 swapped=True
i=0 pair=(6,7) lam_t=1.01571 lam_s=1.02000 tsr_diff=0.000000 integral_mean=0.000000 integral_std=0.000000 log_ratio=0.0000 accept=1.0000 swapped=True
i=1 pair=(0,3) lam_t=0.99429 lam_s=0.99857 tsr_diff=0.000046 integral_mean=0.000001 integral_std=0.000047 log_ratio=0.0000 accept=1.0000 swapped=True
i=1 pair=(2,5) lam_t=1.00286 lam_s=1.00714 tsr_diff=0.000046 integral_mean=0.000001 integral_std=0.000047 log_ratio=0.0000 accept=1.0000 swapped=True
i=1 pair=(4,7) lam_t=1.01143 lam_s=1.01571 tsr_diff=0.000046 integral_mean=0.000001 integral_std=0.000047 log_ratio=0.0000 accept=1.0000 swapped=True
i=2 pair=(1,3) lam_t=0.99000 lam_s=0.99429 tsr_diff=0.000181 integral_mean=0.000005 integral_std=0.000187 log_ratio=0.0000 accept=1.0000 swapped=True
i=2 pair=(0,5) lam_t=0.99857 lam_s=1.00286 tsr_diff=0.000181 integral_mean=-0.000004 integral_std=0.000178 log_ratio=-0.0096 accept=0.9904 swapped=True
i=2 pair=(2,7) lam_t=1.00714 lam_s=1.01143 tsr_diff=0.000181 integral_mean=-0.000001 integral_std=0.000181 log_ratio=-0.0019 accept=0.9981 swapped=True
i=2 pair=(4,6) lam_t=1.01571 lam_s=1.02000 tsr_diff=0.000181 integral_mean=-0.000001 integral_std=0.000196 log_ratio=-0.0027 accept=0.9973 swapped=True
i=3 pair=(1,5) lam_t=0.99429 lam_s=0.99857 tsr_diff=0.000400 integral_mean=0.000012 integral_std=0.000419 log_ratio=0.0000 accept=1.0000 swapped=True
i=3 pair=(0,7) lam_t=1.00286 lam_s=1.00714 tsr_diff=0.000400 integral_mean=-0.000015 integral_std=0.000403 log_ratio=-0.0357 accept=0.9649 swapped=True
i=3 pair=(2,6) lam_t=1.01143 lam_s=1.01571 tsr_diff=0.000399 integral_mean=-0.000012 integral_std=0.000437 log_ratio=-0.0294 accept=0.9711 swapped=True
i=4 pair=(3,5) lam_t=0.99000 lam_s=0.99429 tsr_diff=0.000695 integral_mean=0.000009 integral_std=0.000706 log_ratio=0.0000 accept=1.0000 swapped=True
i=4 pair=(1,7) lam_t=0.99857 lam_s=1.00286 tsr_diff=0.000693 integral_mean=-0.000007 integral_std=0.000727 log_ratio=-0.0157 accept=0.9844 swapped=True
i=4 pair=(0,6) lam_t=1.00714 lam_s=1.01143 tsr_diff=0.000691 integral_mean=-0.000000 integral_std=0.000713 log_ratio=-0.0000 accept=1.0000 swapped=True
i=4 pair=(2,4) lam_t=1.01571 lam_s=1.02000 tsr_diff=0.000689 integral_mean=0.000008 integral_std=0.000735 log_ratio=0.0000 accept=1.0000 swapped=True
i=5 pair=(3,7) lam_t=0.99429 lam_s=0.99857 tsr_diff=0.001051 integral_mean=-0.000049 integral_std=0.001085 log_ratio=-0.1173 accept=0.8893 swapped=True
i=5 pair=(1,6) lam_t=1.00286 lam_s=1.00714 tsr_diff=0.001046 integral_mean=0.000020 integral_std=0.001033 log_ratio=0.0000 accept=1.0000 swapped=True
i=5 pair=(0,4) lam_t=1.01143 lam_s=1.01571 tsr_diff=0.001042 integral_mean=-0.000005 integral_std=0.001058 log_ratio=-0.0123 accept=0.9877 swapped=True
i=6 pair=(5,7) lam_t=0.99000 lam_s=0.99429 tsr_diff=0.001459 integral_mean=-0.000135 integral_std=0.001625 log_ratio=-0.3251 accept=0.7225 swapped=True
i=6 pair=(3,6) lam_t=0.99857 lam_s=1.00286 tsr_diff=0.001450 integral_mean=-0.000008 integral_std=0.001527 log_ratio=-0.0188 accept=0.9813 swapped=True
i=6 pair=(1,4) lam_t=1.00714 lam_s=1.01143 tsr_diff=0.001442 integral_mean=0.000035 integral_std=0.001428 log_ratio=0.0000 accept=1.0000 swapped=True
i=6 pair=(0,2) lam_t=1.01571 lam_s=1.02000 tsr_diff=0.001433 integral_mean=-0.000053 integral_std=0.001390 log_ratio=-0.1270 accept=0.8807 swapped=False
i=7 pair=(5,6) lam_t=0.99429 lam_s=0.99857 tsr_diff=0.001888 integral_mean=-0.000228 integral_std=0.002216 log_ratio=-0.5484 accept=0.5779 swapped=False
i=7 pair=(3,4) lam_t=1.00286 lam_s=1.00714 tsr_diff=0.001874 integral_mean=0.000035 integral_std=0.001933 log_ratio=0.0000 accept=1.0000 swapped=True
i=7 pair=(1,0) lam_t=1.01143 lam_s=1.01571 tsr_diff=0.001860 integral_mean=-0.000020 integral_std=0.001827 log_ratio=-0.0478 accept=0.9533 swapped=True
i=8 pair=(7,5) lam_t=0.99000 lam_s=0.99429 tsr_diff=0.002345 integral_mean=0.000109 integral_std=0.002583 log_ratio=0.0000 accept=1.0000 swapped=True
i=8 pair=(6,4) lam_t=0.99857 lam_s=1.00286 tsr_diff=0.002323 integral_mean=0.000169 integral_std=0.002651 log_ratio=0.0000 accept=1.0000 swapped=True
i=8 pair=(3,0) lam_t=1.00714 lam_s=1.01143 tsr_diff=0.002302 integral_mean=0.000160 integral_std=0.002829 log_ratio=0.0000 accept=1.0000 swapped=True
i=8 pair=(1,2) lam_t=1.01571 lam_s=1.02000 tsr_diff=0.002281 integral_mean=-0.000023 integral_std=0.002263 log_ratio=-0.0548 accept=0.9467 swapped=True
i=9 pair=(7,4) lam_t=0.99429 lam_s=0.99857 tsr_diff=0.002773 integral_mean=0.000181 integral_std=0.003288 log_ratio=0.0000 accept=1.0000 swapped=True
i=9 pair=(6,0) lam_t=1.00286 lam_s=1.00714 tsr_diff=0.002742 integral_mean=0.000199 integral_std=0.003136 log_ratio=0.0000 accept=1.0000 swapped=True
i=9 pair=(3,2) lam_t=1.01143 lam_s=1.01571 tsr_diff=0.002712 integral_mean=0.000380 integral_std=0.003570 log_ratio=0.0000 accept=1.0000 swapped=True
i=10 pair=(5,4) lam_t=0.99000 lam_s=0.99429 tsr_diff=0.003206 integral_mean=-0.000015 integral_std=0.003119 log_ratio=-0.0361 accept=0.9645 swapped=True
i=10 pair=(7,0) lam_t=0.99857 lam_s=1.00286 tsr_diff=0.003165 integral_mean=0.000082 integral_std=0.004325 log_ratio=0.0000 accept=1.0000 swapped=True
i=10 pair=(6,2) lam_t=1.00714 lam_s=1.01143 tsr_diff=0.003125 integral_mean=0.000068 integral_std=0.003727 log_ratio=0.0000 accept=1.0000 swapped=True
i=10 pair=(3,1) lam_t=1.01571 lam_s=1.02000 tsr_diff=0.003086 integral_mean=0.000438 integral_std=0.004005 log_ratio=0.0000 accept=1.0000 swapped=True
i=11 pair=(5,0) lam_t=0.99429 lam_s=0.99857 tsr_diff=0.003554 integral_mean=0.000007 integral_std=0.003945 log_ratio=0.0000 accept=1.0000 swapped=True
i=11 pair=(7,2) lam_t=1.00286 lam_s=1.00714 tsr_diff=0.003505 integral_mean=0.000202 integral_std=0.005433 log_ratio=0.0000 accept=1.0000 swapped=True
i=11 pair=(6,1) lam_t=1.01143 lam_s=1.01571 tsr_diff=0.003456 integral_mean=-0.000003 integral_std=0.004874 log_ratio=-0.0062 accept=0.9938 swapped=True
i=12 pair=(4,0) lam_t=0.99000 lam_s=0.99429 tsr_diff=0.003894 integral_mean=-0.000097 integral_std=0.003103 log_ratio=-0.2335 accept=0.7918 swapped=True
i=12 pair=(5,2) lam_t=0.99857 lam_s=1.00286 tsr_diff=0.003834 integral_mean=-0.000116 integral_std=0.004746 log_ratio=-0.2783 accept=0.7571 swapped=True
i=12 pair=(7,1) lam_t=1.00714 lam_s=1.01143 tsr_diff=0.003776 integral_mean=0.000228 integral_std=0.006356 log_ratio=0.0000 accept=1.0000 swapped=True
i=12 pair=(6,3) lam_t=1.01571 lam_s=1.02000 tsr_diff=0.003719 integral_mean=0.000439 integral_std=0.009352 log_ratio=0.0000 accept=1.0000 swapped=True
i=13 pair=(4,2) lam_t=0.99429 lam_s=0.99857 tsr_diff=0.004100 integral_mean=-0.000077 integral_std=0.006738 log_ratio=-0.1841 accept=0.8319 swapped=True
i=13 pair=(5,1) lam_t=1.00286 lam_s=1.00714 tsr_diff=0.004034 integral_mean=-0.000236 integral_std=0.007197 log_ratio=-0.5674 accept=0.5670 swapped=False
i=13 pair=(7,3) lam_t=1.01143 lam_s=1.01571 tsr_diff=0.003969 integral_mean=0.000638 integral_std=0.013694 log_ratio=0.0000 accept=1.0000 swapped=True
Best Sample: 0 log probability -0.184
Saved 1 samples to: logs/pointmaze-giant-navigate-v0/inference/plans/release_H400_T256_LimitsNormalizer_b1_condFalse/2026-07-15 11:53:30/37/0.png
Saved 1 samples to: logs/pointmaze-giant-navigate-v0/inference/plans/release_H400_T256_LimitsNormalizer_b1_condFalse/2026-07-15 11:53:30/37/rollout.png
i=0 pair=(0,1) lam_t=0.99000 lam_s=0.99429 tsr_diff=0.000000 integral_mean=0.000000 integral_std=0.000000 log_ratio=0.0000 accept=1.0000 swapped=True
i=0 pair=(2,3) lam_t=0.99857 lam_s=1.00286 tsr_diff=0.000000 integral_mean=0.000000 integral_std=0.000000 log_ratio=0.0000 accept=1.0000 swapped=True
i=0 pair=(4,5) lam_t=1.00714 lam_s=1.01143 tsr_diff=0.000000 integral_mean=0.000000 integral_std=0.000000 log_ratio=0.0000 accept=1.0000 swapped=True
i=0 pair=(6,7) lam_t=1.01571 lam_s=1.02000 tsr_diff=0.000000 integral_mean=0.000000 integral_std=0.000000 log_ratio=0.0000 accept=1.0000 swapped=True
i=1 pair=(0,3) lam_t=0.99429 lam_s=0.99857 tsr_diff=0.000046 integral_mean=-0.000000 integral_std=0.000047 log_ratio=-0.0009 accept=0.9991 swapped=True
i=1 pair=(2,5) lam_t=1.00286 lam_s=1.00714 tsr_diff=0.000046 integral_mean=0.000002 integral_std=0.000048 log_ratio=0.0000 accept=1.0000 swapped=True
i=1 pair=(4,7) lam_t=1.01143 lam_s=1.01571 tsr_diff=0.000046 integral_mean=0.000000 integral_std=0.000047 log_ratio=0.0000 accept=1.0000 swapped=True
i=2 pair=(1,3) lam_t=0.99000 lam_s=0.99429 tsr_diff=0.000181 integral_mean=-0.000000 integral_std=0.000192 log_ratio=-0.0004 accept=0.9996 swapped=True
i=2 pair=(0,5) lam_t=0.99857 lam_s=1.00286 tsr_diff=0.000181 integral_mean=-0.000009 integral_std=0.000189 log_ratio=-0.0215 accept=0.9787 swapped=True
i=2 pair=(2,7) lam_t=1.00714 lam_s=1.01143 tsr_diff=0.000181 integral_mean=0.000003 integral_std=0.000182 log_ratio=0.0000 accept=1.0000 swapped=True
i=2 pair=(4,6) lam_t=1.01571 lam_s=1.02000 tsr_diff=0.000181 integral_mean=0.000001 integral_std=0.000185 log_ratio=0.0000 accept=1.0000 swapped=True
i=3 pair=(1,5) lam_t=0.99429 lam_s=0.99857 tsr_diff=0.000400 integral_mean=0.000006 integral_std=0.000426 log_ratio=0.0000 accept=1.0000 swapped=True
i=3 pair=(0,7) lam_t=1.00286 lam_s=1.00714 tsr_diff=0.000400 integral_mean=-0.000023 integral_std=0.000419 log_ratio=-0.0555 accept=0.9460 swapped=True
i=3 pair=(2,6) lam_t=1.01143 lam_s=1.01571 tsr_diff=0.000399 integral_mean=-0.000000 integral_std=0.000399 log_ratio=-0.0004 accept=0.9996 swapped=True
i=4 pair=(3,5) lam_t=0.99000 lam_s=0.99429 tsr_diff=0.000695 integral_mean=0.000010 integral_std=0.000687 log_ratio=0.0000 accept=1.0000 swapped=True
i=4 pair=(1,7) lam_t=0.99857 lam_s=1.00286 tsr_diff=0.000693 integral_mean=0.000004 integral_std=0.000739 log_ratio=0.0000 accept=1.0000 swapped=True
i=4 pair=(0,6) lam_t=1.00714 lam_s=1.01143 tsr_diff=0.000691 integral_mean=0.000003 integral_std=0.000705 log_ratio=0.0000 accept=1.0000 swapped=True
i=4 pair=(2,4) lam_t=1.01571 lam_s=1.02000 tsr_diff=0.000689 integral_mean=-0.000017 integral_std=0.000668 log_ratio=-0.0407 accept=0.9602 swapped=True
i=5 pair=(3,7) lam_t=0.99429 lam_s=0.99857 tsr_diff=0.001051 integral_mean=0.000010 integral_std=0.001070 log_ratio=0.0000 accept=1.0000 swapped=True
i=5 pair=(1,6) lam_t=1.00286 lam_s=1.00714 tsr_diff=0.001046 integral_mean=-0.000020 integral_std=0.001068 log_ratio=-0.0486 accept=0.9526 swapped=True
i=5 pair=(0,4) lam_t=1.01143 lam_s=1.01571 tsr_diff=0.001042 integral_mean=0.000016 integral_std=0.001071 log_ratio=0.0000 accept=1.0000 swapped=True
i=6 pair=(5,7) lam_t=0.99000 lam_s=0.99429 tsr_diff=0.001459 integral_mean=0.000023 integral_std=0.001462 log_ratio=0.0000 accept=1.0000 swapped=True
i=6 pair=(3,6) lam_t=0.99857 lam_s=1.00286 tsr_diff=0.001450 integral_mean=0.000030 integral_std=0.001499 log_ratio=0.0000 accept=1.0000 swapped=True
i=6 pair=(1,4) lam_t=1.00714 lam_s=1.01143 tsr_diff=0.001442 integral_mean=0.000055 integral_std=0.001422 log_ratio=0.0000 accept=1.0000 swapped=True
i=6 pair=(0,2) lam_t=1.01571 lam_s=1.02000 tsr_diff=0.001433 integral_mean=0.000006 integral_std=0.001470 log_ratio=0.0000 accept=1.0000 swapped=True
i=7 pair=(5,6) lam_t=0.99429 lam_s=0.99857 tsr_diff=0.001888 integral_mean=0.000020 integral_std=0.002102 log_ratio=0.0000 accept=1.0000 swapped=True
i=7 pair=(3,4) lam_t=1.00286 lam_s=1.00714 tsr_diff=0.001874 integral_mean=0.000023 integral_std=0.001823 log_ratio=0.0000 accept=1.0000 swapped=True
i=7 pair=(1,2) lam_t=1.01143 lam_s=1.01571 tsr_diff=0.001860 integral_mean=0.000006 integral_std=0.002036 log_ratio=0.0000 accept=1.0000 swapped=True
i=8 pair=(7,6) lam_t=0.99000 lam_s=0.99429 tsr_diff=0.002345 integral_mean=-0.000013 integral_std=0.002350 log_ratio=-0.0309 accept=0.9696 swapped=True
i=8 pair=(5,4) lam_t=0.99857 lam_s=1.00286 tsr_diff=0.002323 integral_mean=0.000279 integral_std=0.002677 log_ratio=0.0000 accept=1.0000 swapped=True
i=8 pair=(3,2) lam_t=1.00714 lam_s=1.01143 tsr_diff=0.002302 integral_mean=-0.000039 integral_std=0.002224 log_ratio=-0.0929 accept=0.9113 swapped=False
i=8 pair=(1,0) lam_t=1.01571 lam_s=1.02000 tsr_diff=0.002281 integral_mean=0.000003 integral_std=0.002289 log_ratio=0.0000 accept=1.0000 swapped=True
i=9 pair=(7,4) lam_t=0.99429 lam_s=0.99857 tsr_diff=0.002773 integral_mean=-0.000097 integral_std=0.002792 log_ratio=-0.2325 accept=0.7926 swapped=True
i=9 pair=(5,3) lam_t=1.00286 lam_s=1.00714 tsr_diff=0.002742 integral_mean=0.000108 integral_std=0.003099 log_ratio=0.0000 accept=1.0000 swapped=True
i=9 pair=(2,0) lam_t=1.01143 lam_s=1.01571 tsr_diff=0.002712 integral_mean=-0.000059 integral_std=0.002867 log_ratio=-0.1418 accept=0.8678 swapped=True
i=10 pair=(6,4) lam_t=0.99000 lam_s=0.99429 tsr_diff=0.003206 integral_mean=-0.000226 integral_std=0.003076 log_ratio=-0.5420 accept=0.5816 swapped=False
i=10 pair=(7,3) lam_t=0.99857 lam_s=1.00286 tsr_diff=0.003165 integral_mean=-0.000162 integral_std=0.003358 log_ratio=-0.3893 accept=0.6775 swapped=False
i=10 pair=(5,0) lam_t=1.00714 lam_s=1.01143 tsr_diff=0.003125 integral_mean=0.000210 integral_std=0.004228 log_ratio=0.0000 accept=1.0000 swapped=True
i=10 pair=(2,1) lam_t=1.01571 lam_s=1.02000 tsr_diff=0.003086 integral_mean=-0.000034 integral_std=0.003434 log_ratio=-0.0814 accept=0.9219 swapped=True
i=11 pair=(4,7) lam_t=0.99429 lam_s=0.99857 tsr_diff=0.003554 integral_mean=0.000256 integral_std=0.004157 log_ratio=0.0000 accept=1.0000 swapped=True
i=11 pair=(3,0) lam_t=1.00286 lam_s=1.00714 tsr_diff=0.003505 integral_mean=-0.000107 integral_std=0.004540 log_ratio=-0.2577 accept=0.7729 swapped=True
i=11 pair=(5,1) lam_t=1.01143 lam_s=1.01571 tsr_diff=0.003456 integral_mean=0.000178 integral_std=0.005067 log_ratio=0.0000 accept=1.0000 swapped=True
i=12 pair=(6,7) lam_t=0.99000 lam_s=0.99429 tsr_diff=0.003894 integral_mean=-0.000140 integral_std=0.004868 log_ratio=-0.3360 accept=0.7146 swapped=False
i=12 pair=(4,0) lam_t=0.99857 lam_s=1.00286 tsr_diff=0.003834 integral_mean=0.000183 integral_std=0.004374 log_ratio=0.0000 accept=1.0000 swapped=True
i=12 pair=(3,1) lam_t=1.00714 lam_s=1.01143 tsr_diff=0.003776 integral_mean=-0.000028 integral_std=0.004893 log_ratio=-0.0666 accept=0.9355 swapped=True
i=12 pair=(5,2) lam_t=1.01571 lam_s=1.02000 tsr_diff=0.003719 integral_mean=0.000263 integral_std=0.006070 log_ratio=0.0000 accept=1.0000 swapped=True
i=13 pair=(7,0) lam_t=0.99429 lam_s=0.99857 tsr_diff=0.004100 integral_mean=-0.000177 integral_std=0.006724 log_ratio=-0.4247 accept=0.6539 swapped=True
i=13 pair=(4,1) lam_t=1.00286 lam_s=1.00714 tsr_diff=0.004034 integral_mean=0.000156 integral_std=0.006199 log_ratio=0.0000 accept=1.0000 swapped=True
i=13 pair=(3,2) lam_t=1.01143 lam_s=1.01571 tsr_diff=0.003969 integral_mean=-0.000331 integral_std=0.005694 log_ratio=-0.7942 accept=0.4520 swapped=False
Best Sample: 0 log probability -0.286
Saved 1 samples to: logs/pointmaze-giant-navigate-v0/inference/plans/release_H400_T256_LimitsNormalizer_b1_condFalse/2026-07-15 11:53:30/38/0.png
Saved 1 samples to: logs/pointmaze-giant-navigate-v0/inference/plans/release_H400_T256_LimitsNormalizer_b1_condFalse/2026-07-15 11:53:30/38/rollout.png
i=0 pair=(0,1) lam_t=0.99000 lam_s=0.99429 tsr_diff=0.000000 integral_mean=0.000000 integral_std=0.000000 log_ratio=0.0000 accept=1.0000 swapped=True
i=0 pair=(2,3) lam_t=0.99857 lam_s=1.00286 tsr_diff=0.000000 integral_mean=0.000000 integral_std=0.000000 log_ratio=0.0000 accept=1.0000 swapped=True
i=0 pair=(4,5) lam_t=1.00714 lam_s=1.01143 tsr_diff=0.000000 integral_mean=0.000000 integral_std=0.000000 log_ratio=0.0000 accept=1.0000 swapped=True
i=0 pair=(6,7) lam_t=1.01571 lam_s=1.02000 tsr_diff=0.000000 integral_mean=0.000000 integral_std=0.000000 log_ratio=0.0000 accept=1.0000 swapped=True
i=1 pair=(0,3) lam_t=0.99429 lam_s=0.99857 tsr_diff=0.000046 integral_mean=-0.000000 integral_std=0.000048 log_ratio=-0.0009 accept=0.9991 swapped=True
i=1 pair=(2,5) lam_t=1.00286 lam_s=1.00714 tsr_diff=0.000046 integral_mean=0.000000 integral_std=0.000046 log_ratio=0.0000 accept=1.0000 swapped=True
i=1 pair=(4,7) lam_t=1.01143 lam_s=1.01571 tsr_diff=0.000046 integral_mean=0.000000 integral_std=0.000049 log_ratio=0.0000 accept=1.0000 swapped=True
i=2 pair=(1,3) lam_t=0.99000 lam_s=0.99429 tsr_diff=0.000181 integral_mean=-0.000001 integral_std=0.000194 log_ratio=-0.0014 accept=0.9986 swapped=True
i=2 pair=(0,5) lam_t=0.99857 lam_s=1.00286 tsr_diff=0.000181 integral_mean=-0.000002 integral_std=0.000182 log_ratio=-0.0049 accept=0.9951 swapped=True
i=2 pair=(2,7) lam_t=1.00714 lam_s=1.01143 tsr_diff=0.000181 integral_mean=0.000000 integral_std=0.000181 log_ratio=0.0000 accept=1.0000 swapped=True
i=2 pair=(4,6) lam_t=1.01571 lam_s=1.02000 tsr_diff=0.000181 integral_mean=0.000005 integral_std=0.000187 log_ratio=0.0000 accept=1.0000 swapped=True
i=3 pair=(1,5) lam_t=0.99429 lam_s=0.99857 tsr_diff=0.000400 integral_mean=0.000038 integral_std=0.000469 log_ratio=0.0000 accept=1.0000 swapped=True
i=3 pair=(0,7) lam_t=1.00286 lam_s=1.00714 tsr_diff=0.000400 integral_mean=0.000034 integral_std=0.000483 log_ratio=0.0000 accept=1.0000 swapped=True
i=3 pair=(2,6) lam_t=1.01143 lam_s=1.01571 tsr_diff=0.000399 integral_mean=0.000030 integral_std=0.000451 log_ratio=0.0000 accept=1.0000 swapped=True
i=4 pair=(3,5) lam_t=0.99000 lam_s=0.99429 tsr_diff=0.000695 integral_mean=-0.000021 integral_std=0.000745 log_ratio=-0.0510 accept=0.9503 swapped=True
i=4 pair=(1,7) lam_t=0.99857 lam_s=1.00286 tsr_diff=0.000693 integral_mean=0.000170 integral_std=0.000942 log_ratio=0.0000 accept=1.0000 swapped=True
i=4 pair=(0,6) lam_t=1.00714 lam_s=1.01143 tsr_diff=0.000691 integral_mean=-0.000030 integral_std=0.000730 log_ratio=-0.0715 accept=0.9310 swapped=True
i=4 pair=(2,4) lam_t=1.01571 lam_s=1.02000 tsr_diff=0.000689 integral_mean=0.000036 integral_std=0.000744 log_ratio=0.0000 accept=1.0000 swapped=True
i=5 pair=(3,7) lam_t=0.99429 lam_s=0.99857 tsr_diff=0.001051 integral_mean=-0.000028 integral_std=0.001118 log_ratio=-0.0680 accept=0.9342 swapped=True
i=5 pair=(1,6) lam_t=1.00286 lam_s=1.00714 tsr_diff=0.001046 integral_mean=0.000037 integral_std=0.001194 log_ratio=0.0000 accept=1.0000 swapped=True
i=5 pair=(0,4) lam_t=1.01143 lam_s=1.01571 tsr_diff=0.001042 integral_mean=-0.000012 integral_std=0.001001 log_ratio=-0.0276 accept=0.9727 swapped=True
i=6 pair=(5,7) lam_t=0.99000 lam_s=0.99429 tsr_diff=0.001459 integral_mean=-0.000030 integral_std=0.001448 log_ratio=-0.0722 accept=0.9303 swapped=True
i=6 pair=(3,6) lam_t=0.99857 lam_s=1.00286 tsr_diff=0.001450 integral_mean=-0.000036 integral_std=0.001528 log_ratio=-0.0872 accept=0.9165 swapped=True
i=6 pair=(1,4) lam_t=1.00714 lam_s=1.01143 tsr_diff=0.001442 integral_mean=0.000114 integral_std=0.001479 log_ratio=0.0000 accept=1.0000 swapped=True
i=6 pair=(0,2) lam_t=1.01571 lam_s=1.02000 tsr_diff=0.001433 integral_mean=-0.000096 integral_std=0.001594 log_ratio=-0.2304 accept=0.7942 swapped=False
i=7 pair=(5,6) lam_t=0.99429 lam_s=0.99857 tsr_diff=0.001888 integral_mean=-0.000022 integral_std=0.001979 log_ratio=-0.0531 accept=0.9483 swapped=True
i=7 pair=(3,4) lam_t=1.00286 lam_s=1.00714 tsr_diff=0.001874 integral_mean=0.000038 integral_std=0.002103 log_ratio=0.0000 accept=1.0000 swapped=True
i=7 pair=(1,0) lam_t=1.01143 lam_s=1.01571 tsr_diff=0.001860 integral_mean=0.000051 integral_std=0.001921 log_ratio=0.0000 accept=1.0000 swapped=True
i=8 pair=(7,6) lam_t=0.99000 lam_s=0.99429 tsr_diff=0.002345 integral_mean=-0.000102 integral_std=0.002657 log_ratio=-0.2448 accept=0.7829 swapped=True
i=8 pair=(5,4) lam_t=0.99857 lam_s=1.00286 tsr_diff=0.002323 integral_mean=-0.000024 integral_std=0.002276 log_ratio=-0.0578 accept=0.9439 swapped=True
i=8 pair=(3,0) lam_t=1.00714 lam_s=1.01143 tsr_diff=0.002302 integral_mean=0.000123 integral_std=0.002597 log_ratio=0.0000 accept=1.0000 swapped=True
i=8 pair=(1,2) lam_t=1.01571 lam_s=1.02000 tsr_diff=0.002281 integral_mean=0.000029 integral_std=0.002812 log_ratio=0.0000 accept=1.0000 swapped=True
i=9 pair=(7,4) lam_t=0.99429 lam_s=0.99857 tsr_diff=0.002773 integral_mean=0.000032 integral_std=0.002772 log_ratio=0.0000 accept=1.0000 swapped=True
i=9 pair=(5,0) lam_t=1.00286 lam_s=1.00714 tsr_diff=0.002742 integral_mean=-0.000089 integral_std=0.002914 log_ratio=-0.2134 accept=0.8078 swapped=True
i=9 pair=(3,2) lam_t=1.01143 lam_s=1.01571 tsr_diff=0.002712 integral_mean=0.000012 integral_std=0.003094 log_ratio=0.0000 accept=1.0000 swapped=True
i=10 pair=(6,4) lam_t=0.99000 lam_s=0.99429 tsr_diff=0.003206 integral_mean=0.000376 integral_std=0.004363 log_ratio=0.0000 accept=1.0000 swapped=True
i=10 pair=(7,0) lam_t=0.99857 lam_s=1.00286 tsr_diff=0.003165 integral_mean=0.000108 integral_std=0.004317 log_ratio=0.0000 accept=1.0000 swapped=True
i=10 pair=(5,2) lam_t=1.00714 lam_s=1.01143 tsr_diff=0.003125 integral_mean=-0.000068 integral_std=0.004245 log_ratio=-0.1635 accept=0.8492 swapped=True
i=10 pair=(3,1) lam_t=1.01571 lam_s=1.02000 tsr_diff=0.003086 integral_mean=-0.000047 integral_std=0.004358 log_ratio=-0.1139 accept=0.8923 swapped=False
i=11 pair=(6,0) lam_t=0.99429 lam_s=0.99857 tsr_diff=0.003554 integral_mean=0.000597 integral_std=0.005876 log_ratio=0.0000 accept=1.0000 swapped=True
i=11 pair=(7,2) lam_t=1.00286 lam_s=1.00714 tsr_diff=0.003505 integral_mean=0.000305 integral_std=0.006318 log_ratio=0.0000 accept=1.0000 swapped=True
i=11 pair=(5,3) lam_t=1.01143 lam_s=1.01571 tsr_diff=0.003456 integral_mean=-0.000425 integral_std=0.005396 log_ratio=-1.0194 accept=0.3608 swapped=False
i=12 pair=(4,0) lam_t=0.99000 lam_s=0.99429 tsr_diff=0.003894 integral_mean=0.000189 integral_std=0.006777 log_ratio=0.0000 accept=1.0000 swapped=True
i=12 pair=(6,2) lam_t=0.99857 lam_s=1.00286 tsr_diff=0.003834 integral_mean=0.000827 integral_std=0.006800 log_ratio=0.0000 accept=1.0000 swapped=True
i=12 pair=(7,5) lam_t=1.00714 lam_s=1.01143 tsr_diff=0.003776 integral_mean=0.000274 integral_std=0.005274 log_ratio=0.0000 accept=1.0000 swapped=True
i=12 pair=(3,1) lam_t=1.01571 lam_s=1.02000 tsr_diff=0.003719 integral_mean=0.000094 integral_std=0.006258 log_ratio=0.0000 accept=1.0000 swapped=True
i=13 pair=(4,2) lam_t=0.99429 lam_s=0.99857 tsr_diff=0.004100 integral_mean=0.000298 integral_std=0.013077 log_ratio=0.0000 accept=1.0000 swapped=True
i=13 pair=(6,5) lam_t=1.00286 lam_s=1.00714 tsr_diff=0.004034 integral_mean=0.001096 integral_std=0.010664 log_ratio=0.0000 accept=1.0000 swapped=True
i=13 pair=(7,1) lam_t=1.01143 lam_s=1.01571 tsr_diff=0.003969 integral_mean=-0.000516 integral_std=0.011314 log_ratio=-1.2382 accept=0.2899 swapped=False
Best Sample: 5 log probability -3.009
Saved 1 samples to: logs/pointmaze-giant-navigate-v0/inference/plans/release_H400_T256_LimitsNormalizer_b1_condFalse/2026-07-15 11:53:30/39/0.png
Saved 1 samples to: logs/pointmaze-giant-navigate-v0/inference/plans/release_H400_T256_LimitsNormalizer_b1_condFalse/2026-07-15 11:53:30/39/rollout.png
i=0 pair=(0,1) lam_t=0.99000 lam_s=0.99429 tsr_diff=0.000000 integral_mean=0.000000 integral_std=0.000000 log_ratio=0.0000 accept=1.0000 swapped=True
i=0 pair=(2,3) lam_t=0.99857 lam_s=1.00286 tsr_diff=0.000000 integral_mean=0.000000 integral_std=0.000000 log_ratio=0.0000 accept=1.0000 swapped=True
i=0 pair=(4,5) lam_t=1.00714 lam_s=1.01143 tsr_diff=0.000000 integral_mean=0.000000 integral_std=0.000000 log_ratio=0.0000 accept=1.0000 swapped=True
i=0 pair=(6,7) lam_t=1.01571 lam_s=1.02000 tsr_diff=0.000000 integral_mean=0.000000 integral_std=0.000000 log_ratio=0.0000 accept=1.0000 swapped=True
i=1 pair=(0,3) lam_t=0.99429 lam_s=0.99857 tsr_diff=0.000046 integral_mean=-0.000000 integral_std=0.000046 log_ratio=-0.0007 accept=0.9993 swapped=True
i=1 pair=(2,5) lam_t=1.00286 lam_s=1.00714 tsr_diff=0.000046 integral_mean=-0.000003 integral_std=0.000049 log_ratio=-0.0073 accept=0.9927 swapped=True
i=1 pair=(4,7) lam_t=1.01143 lam_s=1.01571 tsr_diff=0.000046 integral_mean=-0.000002 integral_std=0.000046 log_ratio=-0.0057 accept=0.9943 swapped=True
i=2 pair=(1,3) lam_t=0.99000 lam_s=0.99429 tsr_diff=0.000181 integral_mean=0.000002 integral_std=0.000178 log_ratio=0.0000 accept=1.0000 swapped=True
i=2 pair=(0,5) lam_t=0.99857 lam_s=1.00286 tsr_diff=0.000181 integral_mean=-0.000002 integral_std=0.000182 log_ratio=-0.0043 accept=0.9958 swapped=True
i=2 pair=(2,7) lam_t=1.00714 lam_s=1.01143 tsr_diff=0.000181 integral_mean=-0.000007 integral_std=0.000192 log_ratio=-0.0176 accept=0.9825 swapped=True
i=2 pair=(4,6) lam_t=1.01571 lam_s=1.02000 tsr_diff=0.000181 integral_mean=0.000006 integral_std=0.000190 log_ratio=0.0000 accept=1.0000 swapped=True
i=3 pair=(1,5) lam_t=0.99429 lam_s=0.99857 tsr_diff=0.000400 integral_mean=-0.000004 integral_std=0.000416 log_ratio=-0.0092 accept=0.9908 swapped=True
i=3 pair=(0,7) lam_t=1.00286 lam_s=1.00714 tsr_diff=0.000400 integral_mean=-0.000007 integral_std=0.000418 log_ratio=-0.0167 accept=0.9834 swapped=True
i=3 pair=(2,6) lam_t=1.01143 lam_s=1.01571 tsr_diff=0.000399 integral_mean=0.000003 integral_std=0.000399 log_ratio=0.0000 accept=1.0000 swapped=True
i=4 pair=(3,5) lam_t=0.99000 lam_s=0.99429 tsr_diff=0.000695 integral_mean=-0.000016 integral_std=0.000691 log_ratio=-0.0385 accept=0.9622 swapped=True
i=4 pair=(1,7) lam_t=0.99857 lam_s=1.00286 tsr_diff=0.000693 integral_mean=0.000004 integral_std=0.000665 log_ratio=0.0000 accept=1.0000 swapped=True
i=4 pair=(0,6) lam_t=1.00714 lam_s=1.01143 tsr_diff=0.000691 integral_mean=0.000004 integral_std=0.000701 log_ratio=0.0000 accept=1.0000 swapped=True
i=4 pair=(2,4) lam_t=1.01571 lam_s=1.02000 tsr_diff=0.000689 integral_mean=-0.000018 integral_std=0.000731 log_ratio=-0.0427 accept=0.9582 swapped=True
i=5 pair=(3,7) lam_t=0.99429 lam_s=0.99857 tsr_diff=0.001051 integral_mean=-0.000079 integral_std=0.001187 log_ratio=-0.1891 accept=0.8277 swapped=True
i=5 pair=(1,6) lam_t=1.00286 lam_s=1.00714 tsr_diff=0.001046 integral_mean=0.000036 integral_std=0.001007 log_ratio=0.0000 accept=1.0000 swapped=True
i=5 pair=(0,4) lam_t=1.01143 lam_s=1.01571 tsr_diff=0.001042 integral_mean=0.000016 integral_std=0.001116 log_ratio=0.0000 accept=1.0000 swapped=True
i=6 pair=(5,7) lam_t=0.99000 lam_s=0.99429 tsr_diff=0.001459 integral_mean=-0.000093 integral_std=0.001663 log_ratio=-0.2241 accept=0.7993 swapped=True
i=6 pair=(3,6) lam_t=0.99857 lam_s=1.00286 tsr_diff=0.001450 integral_mean=0.000065 integral_std=0.001439 log_ratio=0.0000 accept=1.0000 swapped=True
i=6 pair=(1,4) lam_t=1.00714 lam_s=1.01143 tsr_diff=0.001442 integral_mean=0.000015 integral_std=0.001455 log_ratio=0.0000 accept=1.0000 swapped=True
i=6 pair=(0,2) lam_t=1.01571 lam_s=1.02000 tsr_diff=0.001433 integral_mean=0.000083 integral_std=0.001469 log_ratio=0.0000 accept=1.0000 swapped=True
i=7 pair=(5,6) lam_t=0.99429 lam_s=0.99857 tsr_diff=0.001888 integral_mean=0.000023 integral_std=0.001898 log_ratio=0.0000 accept=1.0000 swapped=True
i=7 pair=(3,4) lam_t=1.00286 lam_s=1.00714 tsr_diff=0.001874 integral_mean=-0.000016 integral_std=0.001831 log_ratio=-0.0386 accept=0.9621 swapped=True
i=7 pair=(1,2) lam_t=1.01143 lam_s=1.01571 tsr_diff=0.001860 integral_mean=0.000052 integral_std=0.001819 log_ratio=0.0000 accept=1.0000 swapped=True
i=8 pair=(7,6) lam_t=0.99000 lam_s=0.99429 tsr_diff=0.002345 integral_mean=0.000221 integral_std=0.002700 log_ratio=0.0000 accept=1.0000 swapped=True
i=8 pair=(5,4) lam_t=0.99857 lam_s=1.00286 tsr_diff=0.002323 integral_mean=-0.000098 integral_std=0.002372 log_ratio=-0.2341 accept=0.7913 swapped=True
i=8 pair=(3,2) lam_t=1.00714 lam_s=1.01143 tsr_diff=0.002302 integral_mean=0.000053 integral_std=0.002306 log_ratio=0.0000 accept=1.0000 swapped=True
i=8 pair=(1,0) lam_t=1.01571 lam_s=1.02000 tsr_diff=0.002281 integral_mean=0.000026 integral_std=0.002884 log_ratio=0.0000 accept=1.0000 swapped=True
i=9 pair=(7,4) lam_t=0.99429 lam_s=0.99857 tsr_diff=0.002773 integral_mean=0.000175 integral_std=0.003500 log_ratio=0.0000 accept=1.0000 swapped=True
i=9 pair=(5,2) lam_t=1.00286 lam_s=1.00714 tsr_diff=0.002742 integral_mean=0.000013 integral_std=0.003001 log_ratio=0.0000 accept=1.0000 swapped=True
i=9 pair=(3,0) lam_t=1.01143 lam_s=1.01571 tsr_diff=0.002712 integral_mean=-0.000106 integral_std=0.003429 log_ratio=-0.2540 accept=0.7757 swapped=True
i=10 pair=(6,4) lam_t=0.99000 lam_s=0.99429 tsr_diff=0.003206 integral_mean=-0.000035 integral_std=0.003758 log_ratio=-0.0832 accept=0.9202 swapped=True
i=10 pair=(7,2) lam_t=0.99857 lam_s=1.00286 tsr_diff=0.003165 integral_mean=0.000935 integral_std=0.005926 log_ratio=0.0000 accept=1.0000 swapped=True
i=10 pair=(5,0) lam_t=1.00714 lam_s=1.01143 tsr_diff=0.003125 integral_mean=-0.000167 integral_std=0.004044 log_ratio=-0.4004 accept=0.6700 swapped=False
i=10 pair=(3,1) lam_t=1.01571 lam_s=1.02000 tsr_diff=0.003086 integral_mean=0.000057 integral_std=0.003082 log_ratio=0.0000 accept=1.0000 swapped=True
i=11 pair=(6,2) lam_t=0.99429 lam_s=0.99857 tsr_diff=0.003554 integral_mean=0.000123 integral_std=0.003599 log_ratio=0.0000 accept=1.0000 swapped=True
i=11 pair=(7,5) lam_t=1.00286 lam_s=1.00714 tsr_diff=0.003505 integral_mean=0.000561 integral_std=0.004596 log_ratio=0.0000 accept=1.0000 swapped=True
i=11 pair=(0,1) lam_t=1.01143 lam_s=1.01571 tsr_diff=0.003456 integral_mean=0.000221 integral_std=0.004959 log_ratio=0.0000 accept=1.0000 swapped=True
i=12 pair=(4,2) lam_t=0.99000 lam_s=0.99429 tsr_diff=0.003894 integral_mean=0.000271 integral_std=0.005972 log_ratio=0.0000 accept=1.0000 swapped=True
i=12 pair=(6,5) lam_t=0.99857 lam_s=1.00286 tsr_diff=0.003834 integral_mean=-0.000183 integral_std=0.006087 log_ratio=-0.4391 accept=0.6446 swapped=True
i=12 pair=(7,1) lam_t=1.00714 lam_s=1.01143 tsr_diff=0.003776 integral_mean=0.000554 integral_std=0.006813 log_ratio=0.0000 accept=1.0000 swapped=True
i=12 pair=(0,3) lam_t=1.01571 lam_s=1.02000 tsr_diff=0.003719 integral_mean=0.000009 integral_std=0.008592 log_ratio=0.0000 accept=1.0000 swapped=True
i=13 pair=(4,5) lam_t=0.99429 lam_s=0.99857 tsr_diff=0.004100 integral_mean=0.000012 integral_std=0.006164 log_ratio=0.0000 accept=1.0000 swapped=True
i=13 pair=(6,1) lam_t=1.00286 lam_s=1.00714 tsr_diff=0.004034 integral_mean=-0.000063 integral_std=0.009117 log_ratio=-0.1503 accept=0.8605 swapped=True
i=13 pair=(7,3) lam_t=1.01143 lam_s=1.01571 tsr_diff=0.003969 integral_mean=0.000592 integral_std=0.012679 log_ratio=0.0000 accept=1.0000 swapped=True
Best Sample: 1 log probability -12.264
Saved 1 samples to: logs/pointmaze-giant-navigate-v0/inference/plans/release_H400_T256_LimitsNormalizer_b1_condFalse/2026-07-15 11:53:30/40/0.png
Saved 1 samples to: logs/pointmaze-giant-navigate-v0/inference/plans/release_H400_T256_LimitsNormalizer_b1_condFalse/2026-07-15 11:53:30/40/rollout.png
Success Rate: 65.0, Average Compute: 256.0
Exception ignored in: <function OffScreenViewer.__del__ at 0x14ca086932e0>
Traceback (most recent call last):
  File "/n/home00/zoewu/.conda/envs/maze/lib/python3.10/site-packages/gymnasium/envs/mujoco/mujoco_rendering.py", line 204, in __del__
    self.free()
  File "/n/home00/zoewu/.conda/envs/maze/lib/python3.10/site-packages/gymnasium/envs/mujoco/mujoco_rendering.py", line 201, in free
    self.opengl_context.free()
  File "/n/home00/zoewu/.conda/envs/maze/lib/python3.10/site-packages/mujoco/egl/__init__.py", line 133, in free
    EGL.eglDestroyContext(EGL_DISPLAY, self._context)
  File "/n/home00/zoewu/.conda/envs/maze/lib/python3.10/site-packages/OpenGL/error.py", line 230, in glCheckError
    raise self._errorClass(
OpenGL.raw.EGL._errors.EGLError: EGLError(
	err = EGL_NOT_INITIALIZED,
	baseOperation = eglDestroyContext,
	cArguments = (
		<OpenGL._opaque.EGLDisplay_pointer object at 0x14cae68f4e40>,
		<OpenGL._opaque.EGLContext_pointer object at 0x14ca13aebec0>,
	),
	result = 0
)
Exception ignored in: <function GLContext.__del__ at 0x14ca12374e50>
Traceback (most recent call last):
  File "/n/home00/zoewu/.conda/envs/maze/lib/python3.10/site-packages/mujoco/egl/__init__.py", line 138, in __del__
    self.free()
  File "/n/home00/zoewu/.conda/envs/maze/lib/python3.10/site-packages/mujoco/egl/__init__.py", line 133, in free
    EGL.eglDestroyContext(EGL_DISPLAY, self._context)
  File "/n/home00/zoewu/.conda/envs/maze/lib/python3.10/site-packages/OpenGL/error.py", line 230, in glCheckError
    raise self._errorClass(
OpenGL.raw.EGL._errors.EGLError: EGLError(
	err = EGL_NOT_INITIALIZED,
	baseOperation = eglDestroyContext,
	cArguments = (
		<OpenGL._opaque.EGLDisplay_pointer object at 0x14cae68f4e40>,
		<OpenGL._opaque.EGLContext_pointer object at 0x14ca13aebec0>,
	),
	result = 0
)
Exception ignored in: <function OffScreenViewer.__del__ at 0x14ca086932e0>
Traceback (most recent call last):
  File "/n/home00/zoewu/.conda/envs/maze/lib/python3.10/site-packages/gymnasium/envs/mujoco/mujoco_rendering.py", line 204, in __del__
    self.free()
  File "/n/home00/zoewu/.conda/envs/maze/lib/python3.10/site-packages/gymnasium/envs/mujoco/mujoco_rendering.py", line 201, in free
    self.opengl_context.free()
  File "/n/home00/zoewu/.conda/envs/maze/lib/python3.10/site-packages/mujoco/egl/__init__.py", line 133, in free
    EGL.eglDestroyContext(EGL_DISPLAY, self._context)
  File "/n/home00/zoewu/.conda/envs/maze/lib/python3.10/site-packages/OpenGL/error.py", line 230, in glCheckError
    raise self._errorClass(
OpenGL.raw.EGL._errors.EGLError: EGLError(
	err = EGL_NOT_INITIALIZED,
	baseOperation = eglDestroyContext,
	cArguments = (
		<OpenGL._opaque.EGLDisplay_pointer object at 0x14cae68f4e40>,
		<OpenGL._opaque.EGLContext_pointer object at 0x14ca084ed340>,
	),
	result = 0
)
Exception ignored in: <function GLContext.__del__ at 0x14ca12374e50>
Traceback (most recent call last):
  File "/n/home00/zoewu/.conda/envs/maze/lib/python3.10/site-packages/mujoco/egl/__init__.py", line 138, in __del__
    self.free()
  File "/n/home00/zoewu/.conda/envs/maze/lib/python3.10/site-packages/mujoco/egl/__init__.py", line 133, in free
    EGL.eglDestroyContext(EGL_DISPLAY, self._context)
  File "/n/home00/zoewu/.conda/envs/maze/lib/python3.10/site-packages/OpenGL/error.py", line 230, in glCheckError
    raise self._errorClass(
OpenGL.raw.EGL._errors.EGLError: EGLError(
	err = EGL_NOT_INITIALIZED,
	baseOperation = eglDestroyContext,
	cArguments = (
		<OpenGL._opaque.EGLDisplay_pointer object at 0x14cae68f4e40>,
		<OpenGL._opaque.EGLContext_pointer object at 0x14ca084ed340>,
	),
	result = 0
)
