/n/home00/zoewu/STEER/pointmaze/diffuser/utils/training.py:161: FutureWarning: You are using `torch.load` with `weights_only=False` (the current default value), which uses the default pickle module implicitly. It is possible to construct malicious pickle data which will execute arbitrary code during unpickling (See https://github.com/pytorch/pytorch/blob/main/SECURITY.md#untrusted-models for more details). In a future release, the default value for `weights_only` will be flipped to `True`. This limits the functions that could be executed during unpickling. Arbitrary objects will no longer be allowed to be loaded via this mode unless they are explicitly allowlisted by the user via `torch.serialization.add_safe_globals`. We recommend you start setting `weights_only=True` for any use case where you don't have full control of the loaded file. Please open an issue on GitHub for any issues related to this experimental feature.
  data = torch.load(loadpath, map_location='cpu')
[ utils/setup ] Reading config: config.pointmaze:pointmaze_giant_navigate_v0
[ utils/setup ] Using overrides | config: config.pointmaze | dataset: pointmaze_giant_navigate_v0
[ utils/setup ] Lazy fstring | diffusion_loadpath : f:diffusion/H{horizon}_T{n_diffusion_steps} --> diffusion/H400_T256
[ utils/setup ] Setting exp_name to: plans/release_H400_T256_LimitsNormalizer_b1_condFalse
[ utils/setup ] Saved args to logs/pointmaze-giant-navigate-v0/plans/release_H400_T256_LimitsNormalizer_b1_condFalse/0/args.json
[ utils/serialization ] Loaded config from logs/pointmaze-giant-navigate-v0/diffusion/H400_T256/dataset_config.pkl

[utils/config ] Config: <class 'diffuser.datasets.sequence.GoalDataset'>
    env: pointmaze-giant-navigate-v0
    horizon: 400
    max_path_length: 40000
    normalizer: LimitsNormalizer
    preprocess_fns: []
    termination_penalty: None
    use_padding: False

[ utils/serialization ] Loaded config from logs/pointmaze-giant-navigate-v0/diffusion/H400_T256/render_config.pkl

[utils/config ] Config: <class 'diffuser.utils.rendering.PointMazeRenderer'>
    env: pointmaze-giant-navigate-v0

[ utils/serialization ] Loaded config from logs/pointmaze-giant-navigate-v0/diffusion/H400_T256/model_config.pkl

[utils/config ] Config: <class 'diffuser.models.temporal.TemporalUnet'>
    cond_dim: 2
    dim_mults: (1, 4, 8)
    horizon: 424
    transition_dim: 4

[ utils/serialization ] Loaded config from logs/pointmaze-giant-navigate-v0/diffusion/H400_T256/diffusion_config.pkl

[utils/config ] Config: <class 'diffuser.models.diffusion.GaussianDiffusion'>
    action_dim: 2
    action_weight: 1
    clip_denoised: True
    horizon: 400
    loss_discount: 1
    loss_type: l2
    loss_weights: None
    n_timesteps: 256
    observation_dim: 2
    predict_epsilon: False

[ utils/serialization ] Loaded config from logs/pointmaze-giant-navigate-v0/diffusion/H400_T256/trainer_config.pkl

[utils/config ] Config: <class 'diffuser.utils.training.Trainer'>
    bucket: None
    ema_decay: 0.995
    gradient_accumulate_every: 2
    label_freq: 40000
    n_reference: 50
    n_samples: 10
    results_folder: logs/pointmaze-giant-navigate-v0/diffusion/H400_T256
    sample_freq: 1000
    save_freq: 1000
    save_parallel: False
    train_batch_size: 32
    train_lr: 0.0002

[ datasets/buffer ] Finalized replay buffer | 1500 episodes
[ datasets/buffer ] Fields:
    observations: (1500, 40000, 2)
    actions: (1500, 40000, 2)
    terminals: (1500, 40000, 1)
    next_observations: (1500, 40000, 2)
    normed_observations: (1500, 40000, 2)
    normed_actions: (1500, 40000, 2)
[ models/temporal ] Channel dimensions: [(4, 32), (32, 128), (128, 256)]
[(4, 32), (32, 128), (128, 256)]

[ utils/serialization ] Loading model epoch: 1200000

i=0 pair=(0,1) lam_t=0.99000 lam_s=0.99429 tsr_diff=0.000000 integral_mean=0.000000 integral_std=0.000000 log_ratio=0.0000 accept=1.0000 swapped=True
i=0 pair=(2,3) lam_t=0.99857 lam_s=1.00286 tsr_diff=0.000000 integral_mean=0.000000 integral_std=0.000000 log_ratio=0.0000 accept=1.0000 swapped=True
i=0 pair=(4,5) lam_t=1.00714 lam_s=1.01143 tsr_diff=0.000000 integral_mean=0.000000 integral_std=0.000000 log_ratio=0.0000 accept=1.0000 swapped=True
i=0 pair=(6,7) lam_t=1.01571 lam_s=1.02000 tsr_diff=0.000000 integral_mean=0.000000 integral_std=0.000000 log_ratio=0.0000 accept=1.0000 swapped=True
i=1 pair=(0,3) lam_t=0.99429 lam_s=0.99857 tsr_diff=0.000046 integral_mean=0.000001 integral_std=0.000047 log_ratio=0.0000 accept=1.0000 swapped=True
i=1 pair=(2,5) lam_t=1.00286 lam_s=1.00714 tsr_diff=0.000046 integral_mean=0.000002 integral_std=0.000045 log_ratio=0.0000 accept=1.0000 swapped=True
i=1 pair=(4,7) lam_t=1.01143 lam_s=1.01571 tsr_diff=0.000046 integral_mean=0.000003 integral_std=0.000053 log_ratio=0.0000 accept=1.0000 swapped=True
i=2 pair=(1,3) lam_t=0.99000 lam_s=0.99429 tsr_diff=0.000181 integral_mean=0.000005 integral_std=0.000190 log_ratio=0.0000 accept=1.0000 swapped=True
i=2 pair=(0,5) lam_t=0.99857 lam_s=1.00286 tsr_diff=0.000181 integral_mean=0.000011 integral_std=0.000179 log_ratio=0.0000 accept=1.0000 swapped=True
i=2 pair=(2,7) lam_t=1.00714 lam_s=1.01143 tsr_diff=0.000181 integral_mean=-0.000015 integral_std=0.000199 log_ratio=-0.0353 accept=0.9654 swapped=True
i=2 pair=(4,6) lam_t=1.01571 lam_s=1.02000 tsr_diff=0.000181 integral_mean=-0.000003 integral_std=0.000173 log_ratio=-0.0084 accept=0.9916 swapped=True
i=3 pair=(1,5) lam_t=0.99429 lam_s=0.99857 tsr_diff=0.000400 integral_mean=0.000009 integral_std=0.000416 log_ratio=0.0000 accept=1.0000 swapped=True
i=3 pair=(0,7) lam_t=1.00286 lam_s=1.00714 tsr_diff=0.000400 integral_mean=-0.000018 integral_std=0.000438 log_ratio=-0.0443 accept=0.9567 swapped=True
i=3 pair=(2,6) lam_t=1.01143 lam_s=1.01571 tsr_diff=0.000399 integral_mean=0.000008 integral_std=0.000396 log_ratio=0.0000 accept=1.0000 swapped=True
i=4 pair=(3,5) lam_t=0.99000 lam_s=0.99429 tsr_diff=0.000695 integral_mean=0.000010 integral_std=0.000685 log_ratio=0.0000 accept=1.0000 swapped=True
i=4 pair=(1,7) lam_t=0.99857 lam_s=1.00286 tsr_diff=0.000693 integral_mean=-0.000005 integral_std=0.000754 log_ratio=-0.0132 accept=0.9869 swapped=True
i=4 pair=(0,6) lam_t=1.00714 lam_s=1.01143 tsr_diff=0.000691 integral_mean=-0.000014 integral_std=0.000679 log_ratio=-0.0332 accept=0.9673 swapped=True
i=4 pair=(2,4) lam_t=1.01571 lam_s=1.02000 tsr_diff=0.000689 integral_mean=0.000024 integral_std=0.000683 log_ratio=0.0000 accept=1.0000 swapped=True
i=5 pair=(3,7) lam_t=0.99429 lam_s=0.99857 tsr_diff=0.001051 integral_mean=0.000013 integral_std=0.001058 log_ratio=0.0000 accept=1.0000 swapped=True
i=5 pair=(1,6) lam_t=1.00286 lam_s=1.00714 tsr_diff=0.001046 integral_mean=0.000009 integral_std=0.000992 log_ratio=0.0000 accept=1.0000 swapped=True
i=5 pair=(0,4) lam_t=1.01143 lam_s=1.01571 tsr_diff=0.001042 integral_mean=0.000001 integral_std=0.001066 log_ratio=0.0000 accept=1.0000 swapped=True
i=6 pair=(5,7) lam_t=0.99000 lam_s=0.99429 tsr_diff=0.001459 integral_mean=-0.000042 integral_std=0.001462 log_ratio=-0.1014 accept=0.9036 swapped=True
i=6 pair=(3,6) lam_t=0.99857 lam_s=1.00286 tsr_diff=0.001450 integral_mean=-0.000015 integral_std=0.001490 log_ratio=-0.0365 accept=0.9642 swapped=True
i=6 pair=(1,4) lam_t=1.00714 lam_s=1.01143 tsr_diff=0.001442 integral_mean=-0.000004 integral_std=0.001531 log_ratio=-0.0098 accept=0.9902 swapped=True
i=6 pair=(0,2) lam_t=1.01571 lam_s=1.02000 tsr_diff=0.001433 integral_mean=-0.000010 integral_std=0.001635 log_ratio=-0.0239 accept=0.9763 swapped=True
i=7 pair=(5,6) lam_t=0.99429 lam_s=0.99857 tsr_diff=0.001888 integral_mean=-0.000028 integral_std=0.001809 log_ratio=-0.0670 accept=0.9352 swapped=True
i=7 pair=(3,4) lam_t=1.00286 lam_s=1.00714 tsr_diff=0.001874 integral_mean=-0.000078 integral_std=0.001987 log_ratio=-0.1867 accept=0.8297 swapped=True
i=7 pair=(1,2) lam_t=1.01143 lam_s=1.01571 tsr_diff=0.001860 integral_mean=0.000007 integral_std=0.002201 log_ratio=0.0000 accept=1.0000 swapped=True
i=8 pair=(7,6) lam_t=0.99000 lam_s=0.99429 tsr_diff=0.002345 integral_mean=-0.000078 integral_std=0.002550 log_ratio=-0.1882 accept=0.8284 swapped=True
i=8 pair=(5,4) lam_t=0.99857 lam_s=1.00286 tsr_diff=0.002323 integral_mean=-0.000035 integral_std=0.002447 log_ratio=-0.0849 accept=0.9186 swapped=True
i=8 pair=(3,2) lam_t=1.00714 lam_s=1.01143 tsr_diff=0.002302 integral_mean=-0.000123 integral_std=0.002740 log_ratio=-0.2950 accept=0.7445 swapped=True
i=8 pair=(1,0) lam_t=1.01571 lam_s=1.02000 tsr_diff=0.002281 integral_mean=0.000095 integral_std=0.002085 log_ratio=0.0000 accept=1.0000 swapped=True
i=9 pair=(7,4) lam_t=0.99429 lam_s=0.99857 tsr_diff=0.002773 integral_mean=0.000037 integral_std=0.003031 log_ratio=0.0000 accept=1.0000 swapped=True
i=9 pair=(5,2) lam_t=1.00286 lam_s=1.00714 tsr_diff=0.002742 integral_mean=-0.000243 integral_std=0.003350 log_ratio=-0.5825 accept=0.5585 swapped=True
i=9 pair=(3,0) lam_t=1.01143 lam_s=1.01571 tsr_diff=0.002712 integral_mean=0.000114 integral_std=0.002794 log_ratio=0.0000 accept=1.0000 swapped=True
i=10 pair=(6,4) lam_t=0.99000 lam_s=0.99429 tsr_diff=0.003206 integral_mean=0.000044 integral_std=0.004264 log_ratio=0.0000 accept=1.0000 swapped=True
i=10 pair=(7,2) lam_t=0.99857 lam_s=1.00286 tsr_diff=0.003165 integral_mean=-0.000167 integral_std=0.004747 log_ratio=-0.4010 accept=0.6697 swapped=True
i=10 pair=(5,0) lam_t=1.00714 lam_s=1.01143 tsr_diff=0.003125 integral_mean=0.000008 integral_std=0.003121 log_ratio=0.0000 accept=1.0000 swapped=True
i=10 pair=(3,1) lam_t=1.01571 lam_s=1.02000 tsr_diff=0.003086 integral_mean=0.000047 integral_std=0.003593 log_ratio=0.0000 accept=1.0000 swapped=True
i=11 pair=(6,2) lam_t=0.99429 lam_s=0.99857 tsr_diff=0.003554 integral_mean=-0.000330 integral_std=0.005255 log_ratio=-0.7930 accept=0.4525 swapped=True
i=11 pair=(7,0) lam_t=1.00286 lam_s=1.00714 tsr_diff=0.003505 integral_mean=0.000191 integral_std=0.004219 log_ratio=0.0000 accept=1.0000 swapped=True
i=11 pair=(5,1) lam_t=1.01143 lam_s=1.01571 tsr_diff=0.003456 integral_mean=-0.000307 integral_std=0.004286 log_ratio=-0.7366 accept=0.4787 swapped=True
i=12 pair=(4,2) lam_t=0.99000 lam_s=0.99429 tsr_diff=0.003894 integral_mean=-0.000557 integral_std=0.008463 log_ratio=-1.3374 accept=0.2625 swapped=True
i=12 pair=(6,0) lam_t=0.99857 lam_s=1.00286 tsr_diff=0.003834 integral_mean=0.000040 integral_std=0.006625 log_ratio=0.0000 accept=1.0000 swapped=True
i=12 pair=(7,1) lam_t=1.00714 lam_s=1.01143 tsr_diff=0.003776 integral_mean=-0.000195 integral_std=0.007177 log_ratio=-0.4691 accept=0.6256 swapped=False
i=12 pair=(5,3) lam_t=1.01571 lam_s=1.02000 tsr_diff=0.003719 integral_mean=0.000029 integral_std=0.005567 log_ratio=0.0000 accept=1.0000 swapped=True
i=13 pair=(4,0) lam_t=0.99429 lam_s=0.99857 tsr_diff=0.004100 integral_mean=0.000634 integral_std=0.011439 log_ratio=0.0000 accept=1.0000 swapped=True
i=13 pair=(6,7) lam_t=1.00286 lam_s=1.00714 tsr_diff=0.004034 integral_mean=-0.000743 integral_std=0.011671 log_ratio=-1.7841 accept=0.1679 swapped=True
i=13 pair=(1,3) lam_t=1.01143 lam_s=1.01571 tsr_diff=0.003969 integral_mean=-0.000003 integral_std=0.007524 log_ratio=-0.0078 accept=0.9922 swapped=True
Best Sample: 0 log probability -0.518
Saved 1 samples to: logs/pointmaze-giant-navigate-v0/inference/plans/release_H400_T256_LimitsNormalizer_b1_condFalse/2026-07-15 12:07:56/1/0.png
Saved 1 samples to: logs/pointmaze-giant-navigate-v0/inference/plans/release_H400_T256_LimitsNormalizer_b1_condFalse/2026-07-15 12:07:56/1/rollout.png
i=0 pair=(0,1) lam_t=0.99000 lam_s=0.99429 tsr_diff=0.000000 integral_mean=0.000000 integral_std=0.000000 log_ratio=0.0000 accept=1.0000 swapped=True
i=0 pair=(2,3) lam_t=0.99857 lam_s=1.00286 tsr_diff=0.000000 integral_mean=0.000000 integral_std=0.000000 log_ratio=0.0000 accept=1.0000 swapped=True
i=0 pair=(4,5) lam_t=1.00714 lam_s=1.01143 tsr_diff=0.000000 integral_mean=0.000000 integral_std=0.000000 log_ratio=0.0000 accept=1.0000 swapped=True
i=0 pair=(6,7) lam_t=1.01571 lam_s=1.02000 tsr_diff=0.000000 integral_mean=0.000000 integral_std=0.000000 log_ratio=0.0000 accept=1.0000 swapped=True
i=1 pair=(0,3) lam_t=0.99429 lam_s=0.99857 tsr_diff=0.000046 integral_mean=-0.000000 integral_std=0.000046 log_ratio=-0.0008 accept=0.9992 swapped=True
i=1 pair=(2,5) lam_t=1.00286 lam_s=1.00714 tsr_diff=0.000046 integral_mean=0.000001 integral_std=0.000047 log_ratio=0.0000 accept=1.0000 swapped=True
i=1 pair=(4,7) lam_t=1.01143 lam_s=1.01571 tsr_diff=0.000046 integral_mean=0.000000 integral_std=0.000043 log_ratio=0.0000 accept=1.0000 swapped=True
i=2 pair=(1,3) lam_t=0.99000 lam_s=0.99429 tsr_diff=0.000181 integral_mean=-0.000006 integral_std=0.000172 log_ratio=-0.0134 accept=0.9867 swapped=True
i=2 pair=(0,5) lam_t=0.99857 lam_s=1.00286 tsr_diff=0.000181 integral_mean=0.000000 integral_std=0.000179 log_ratio=0.0000 accept=1.0000 swapped=True
i=2 pair=(2,7) lam_t=1.00714 lam_s=1.01143 tsr_diff=0.000181 integral_mean=0.000014 integral_std=0.000184 log_ratio=0.0000 accept=1.0000 swapped=True
i=2 pair=(4,6) lam_t=1.01571 lam_s=1.02000 tsr_diff=0.000181 integral_mean=0.000002 integral_std=0.000184 log_ratio=0.0000 accept=1.0000 swapped=True
i=3 pair=(1,5) lam_t=0.99429 lam_s=0.99857 tsr_diff=0.000400 integral_mean=-0.000003 integral_std=0.000382 log_ratio=-0.0081 accept=0.9919 swapped=True
i=3 pair=(0,7) lam_t=1.00286 lam_s=1.00714 tsr_diff=0.000400 integral_mean=0.000012 integral_std=0.000398 log_ratio=0.0000 accept=1.0000 swapped=True
i=3 pair=(2,6) lam_t=1.01143 lam_s=1.01571 tsr_diff=0.000399 integral_mean=-0.000002 integral_std=0.000395 log_ratio=-0.0037 accept=0.9963 swapped=True
i=4 pair=(3,5) lam_t=0.99000 lam_s=0.99429 tsr_diff=0.000695 integral_mean=0.000014 integral_std=0.000675 log_ratio=0.0000 accept=1.0000 swapped=True
i=4 pair=(1,7) lam_t=0.99857 lam_s=1.00286 tsr_diff=0.000693 integral_mean=0.000006 integral_std=0.000961 log_ratio=0.0000 accept=1.0000 swapped=True
i=4 pair=(0,6) lam_t=1.00714 lam_s=1.01143 tsr_diff=0.000691 integral_mean=0.000001 integral_std=0.000717 log_ratio=0.0000 accept=1.0000 swapped=True
i=4 pair=(2,4) lam_t=1.01571 lam_s=1.02000 tsr_diff=0.000689 integral_mean=-0.000018 integral_std=0.000708 log_ratio=-0.0437 accept=0.9573 swapped=True
i=5 pair=(3,7) lam_t=0.99429 lam_s=0.99857 tsr_diff=0.001051 integral_mean=-0.000144 integral_std=0.001279 log_ratio=-0.3452 accept=0.7081 swapped=False
i=5 pair=(1,6) lam_t=1.00286 lam_s=1.00714 tsr_diff=0.001046 integral_mean=0.000090 integral_std=0.001189 log_ratio=0.0000 accept=1.0000 swapped=True
i=5 pair=(0,4) lam_t=1.01143 lam_s=1.01571 tsr_diff=0.001042 integral_mean=-0.000025 integral_std=0.001039 log_ratio=-0.0610 accept=0.9408 swapped=True
i=6 pair=(5,3) lam_t=0.99000 lam_s=0.99429 tsr_diff=0.001459 integral_mean=0.000183 integral_std=0.001657 log_ratio=0.0000 accept=1.0000 swapped=True
i=6 pair=(7,6) lam_t=0.99857 lam_s=1.00286 tsr_diff=0.001450 integral_mean=0.000118 integral_std=0.001530 log_ratio=0.0000 accept=1.0000 swapped=True
i=6 pair=(1,4) lam_t=1.00714 lam_s=1.01143 tsr_diff=0.001442 integral_mean=0.000070 integral_std=0.001447 log_ratio=0.0000 accept=1.0000 swapped=True
i=6 pair=(0,2) lam_t=1.01571 lam_s=1.02000 tsr_diff=0.001433 integral_mean=-0.000122 integral_std=0.001539 log_ratio=-0.2923 accept=0.7465 swapped=True
i=7 pair=(5,6) lam_t=0.99429 lam_s=0.99857 tsr_diff=0.001888 integral_mean=0.000146 integral_std=0.001994 log_ratio=0.0000 accept=1.0000 swapped=True
i=7 pair=(7,4) lam_t=1.00286 lam_s=1.00714 tsr_diff=0.001874 integral_mean=0.000269 integral_std=0.002320 log_ratio=0.0000 accept=1.0000 swapped=True
i=7 pair=(1,2) lam_t=1.01143 lam_s=1.01571 tsr_diff=0.001860 integral_mean=-0.000060 integral_std=0.001995 log_ratio=-0.1428 accept=0.8669 swapped=False
i=8 pair=(3,6) lam_t=0.99000 lam_s=0.99429 tsr_diff=0.002345 integral_mean=-0.000007 integral_std=0.002040 log_ratio=-0.0170 accept=0.9832 swapped=True
i=8 pair=(5,4) lam_t=0.99857 lam_s=1.00286 tsr_diff=0.002323 integral_mean=0.000082 integral_std=0.002219 log_ratio=0.0000 accept=1.0000 swapped=True
i=8 pair=(7,1) lam_t=1.00714 lam_s=1.01143 tsr_diff=0.002302 integral_mean=0.000081 integral_std=0.002685 log_ratio=0.0000 accept=1.0000 swapped=True
i=8 pair=(2,0) lam_t=1.01571 lam_s=1.02000 tsr_diff=0.002281 integral_mean=0.000097 integral_std=0.002733 log_ratio=0.0000 accept=1.0000 swapped=True
i=9 pair=(3,4) lam_t=0.99429 lam_s=0.99857 tsr_diff=0.002773 integral_mean=0.000038 integral_std=0.002844 log_ratio=0.0000 accept=1.0000 swapped=True
i=9 pair=(5,1) lam_t=1.00286 lam_s=1.00714 tsr_diff=0.002742 integral_mean=-0.000036 integral_std=0.002902 log_ratio=-0.0864 accept=0.9172 swapped=True
i=9 pair=(7,0) lam_t=1.01143 lam_s=1.01571 tsr_diff=0.002712 integral_mean=0.000091 integral_std=0.002846 log_ratio=0.0000 accept=1.0000 swapped=True
i=10 pair=(6,4) lam_t=0.99000 lam_s=0.99429 tsr_diff=0.003206 integral_mean=-0.000046 integral_std=0.003517 log_ratio=-0.1112 accept=0.8947 swapped=True
i=10 pair=(3,1) lam_t=0.99857 lam_s=1.00286 tsr_diff=0.003165 integral_mean=-0.000370 integral_std=0.004142 log_ratio=-0.8892 accept=0.4110 swapped=True
i=10 pair=(5,0) lam_t=1.00714 lam_s=1.01143 tsr_diff=0.003125 integral_mean=-0.000009 integral_std=0.004204 log_ratio=-0.0227 accept=0.9776 swapped=True
i=10 pair=(7,2) lam_t=1.01571 lam_s=1.02000 tsr_diff=0.003086 integral_mean=-0.000155 integral_std=0.004599 log_ratio=-0.3725 accept=0.6890 swapped=False
i=11 pair=(6,1) lam_t=0.99429 lam_s=0.99857 tsr_diff=0.003554 integral_mean=-0.000469 integral_std=0.005007 log_ratio=-1.1247 accept=0.3248 swapped=False
i=11 pair=(3,0) lam_t=1.00286 lam_s=1.00714 tsr_diff=0.003505 integral_mean=-0.000115 integral_std=0.005077 log_ratio=-0.2769 accept=0.7581 swapped=False
i=11 pair=(5,7) lam_t=1.01143 lam_s=1.01571 tsr_diff=0.003456 integral_mean=-0.000198 integral_std=0.005145 log_ratio=-0.4762 accept=0.6211 swapped=True
i=12 pair=(4,6) lam_t=0.99000 lam_s=0.99429 tsr_diff=0.003894 integral_mean=0.000084 integral_std=0.005322 log_ratio=0.0000 accept=1.0000 swapped=True
i=12 pair=(1,3) lam_t=0.99857 lam_s=1.00286 tsr_diff=0.003834 integral_mean=0.000441 integral_std=0.006244 log_ratio=0.0000 accept=1.0000 swapped=True
i=12 pair=(0,7) lam_t=1.00714 lam_s=1.01143 tsr_diff=0.003776 integral_mean=0.000036 integral_std=0.006177 log_ratio=0.0000 accept=1.0000 swapped=True
i=12 pair=(5,2) lam_t=1.01571 lam_s=1.02000 tsr_diff=0.003719 integral_mean=-0.000156 integral_std=0.005315 log_ratio=-0.3736 accept=0.6882 swapped=True
i=13 pair=(4,3) lam_t=0.99429 lam_s=0.99857 tsr_diff=0.004100 integral_mean=0.000094 integral_std=0.006835 log_ratio=0.0000 accept=1.0000 swapped=True
i=13 pair=(1,7) lam_t=1.00286 lam_s=1.00714 tsr_diff=0.004034 integral_mean=0.000374 integral_std=0.008658 log_ratio=0.0000 accept=1.0000 swapped=True
i=13 pair=(0,2) lam_t=1.01143 lam_s=1.01571 tsr_diff=0.003969 integral_mean=0.002648 integral_std=0.026139 log_ratio=0.0000 accept=1.0000 swapped=True
Best Sample: 3 log probability -1.729
Saved 1 samples to: logs/pointmaze-giant-navigate-v0/inference/plans/release_H400_T256_LimitsNormalizer_b1_condFalse/2026-07-15 12:07:56/2/0.png
Saved 1 samples to: logs/pointmaze-giant-navigate-v0/inference/plans/release_H400_T256_LimitsNormalizer_b1_condFalse/2026-07-15 12:07:56/2/rollout.png
i=0 pair=(0,1) lam_t=0.99000 lam_s=0.99429 tsr_diff=0.000000 integral_mean=0.000000 integral_std=0.000000 log_ratio=0.0000 accept=1.0000 swapped=True
i=0 pair=(2,3) lam_t=0.99857 lam_s=1.00286 tsr_diff=0.000000 integral_mean=0.000000 integral_std=0.000000 log_ratio=0.0000 accept=1.0000 swapped=True
i=0 pair=(4,5) lam_t=1.00714 lam_s=1.01143 tsr_diff=0.000000 integral_mean=0.000000 integral_std=0.000000 log_ratio=0.0000 accept=1.0000 swapped=True
i=0 pair=(6,7) lam_t=1.01571 lam_s=1.02000 tsr_diff=0.000000 integral_mean=0.000000 integral_std=0.000000 log_ratio=0.0000 accept=1.0000 swapped=True
i=1 pair=(0,3) lam_t=0.99429 lam_s=0.99857 tsr_diff=0.000046 integral_mean=0.000001 integral_std=0.000045 log_ratio=0.0000 accept=1.0000 swapped=True
i=1 pair=(2,5) lam_t=1.00286 lam_s=1.00714 tsr_diff=0.000046 integral_mean=-0.000000 integral_std=0.000043 log_ratio=-0.0006 accept=0.9994 swapped=True
i=1 pair=(4,7) lam_t=1.01143 lam_s=1.01571 tsr_diff=0.000046 integral_mean=0.000001 integral_std=0.000044 log_ratio=0.0000 accept=1.0000 swapped=True
i=2 pair=(1,3) lam_t=0.99000 lam_s=0.99429 tsr_diff=0.000181 integral_mean=0.000006 integral_std=0.000175 log_ratio=0.0000 accept=1.0000 swapped=True
i=2 pair=(0,5) lam_t=0.99857 lam_s=1.00286 tsr_diff=0.000181 integral_mean=-0.000001 integral_std=0.000176 log_ratio=-0.0018 accept=0.9982 swapped=True
i=2 pair=(2,7) lam_t=1.00714 lam_s=1.01143 tsr_diff=0.000181 integral_mean=0.000006 integral_std=0.000205 log_ratio=0.0000 accept=1.0000 swapped=True
i=2 pair=(4,6) lam_t=1.01571 lam_s=1.02000 tsr_diff=0.000181 integral_mean=-0.000008 integral_std=0.000188 log_ratio=-0.0183 accept=0.9819 swapped=True
i=3 pair=(1,5) lam_t=0.99429 lam_s=0.99857 tsr_diff=0.000400 integral_mean=0.000006 integral_std=0.000426 log_ratio=0.0000 accept=1.0000 swapped=True
i=3 pair=(0,7) lam_t=1.00286 lam_s=1.00714 tsr_diff=0.000400 integral_mean=-0.000003 integral_std=0.000398 log_ratio=-0.0060 accept=0.9940 swapped=True
i=3 pair=(2,6) lam_t=1.01143 lam_s=1.01571 tsr_diff=0.000399 integral_mean=-0.000018 integral_std=0.000427 log_ratio=-0.0423 accept=0.9586 swapped=False
i=4 pair=(3,5) lam_t=0.99000 lam_s=0.99429 tsr_diff=0.000695 integral_mean=-0.000033 integral_std=0.000676 log_ratio=-0.0799 accept=0.9232 swapped=True
i=4 pair=(1,7) lam_t=0.99857 lam_s=1.00286 tsr_diff=0.000693 integral_mean=-0.000144 integral_std=0.001019 log_ratio=-0.3451 accept=0.7082 swapped=False
i=4 pair=(0,2) lam_t=1.00714 lam_s=1.01143 tsr_diff=0.000691 integral_mean=-0.000008 integral_std=0.000720 log_ratio=-0.0190 accept=0.9811 swapped=True
i=4 pair=(6,4) lam_t=1.01571 lam_s=1.02000 tsr_diff=0.000689 integral_mean=0.000018 integral_std=0.000711 log_ratio=0.0000 accept=1.0000 swapped=True
i=5 pair=(3,1) lam_t=0.99429 lam_s=0.99857 tsr_diff=0.001051 integral_mean=0.000023 integral_std=0.001134 log_ratio=0.0000 accept=1.0000 swapped=True
i=5 pair=(7,2) lam_t=1.00286 lam_s=1.00714 tsr_diff=0.001046 integral_mean=0.000182 integral_std=0.001290 log_ratio=0.0000 accept=1.0000 swapped=True
i=5 pair=(0,4) lam_t=1.01143 lam_s=1.01571 tsr_diff=0.001042 integral_mean=-0.000000 integral_std=0.001013 log_ratio=-0.0009 accept=0.9991 swapped=True
i=6 pair=(5,1) lam_t=0.99000 lam_s=0.99429 tsr_diff=0.001459 integral_mean=-0.000003 integral_std=0.001556 log_ratio=-0.0073 accept=0.9927 swapped=True
i=6 pair=(3,2) lam_t=0.99857 lam_s=1.00286 tsr_diff=0.001450 integral_mean=0.000006 integral_std=0.001543 log_ratio=0.0000 accept=1.0000 swapped=True
i=6 pair=(7,4) lam_t=1.00714 lam_s=1.01143 tsr_diff=0.001442 integral_mean=0.000100 integral_std=0.001423 log_ratio=0.0000 accept=1.0000 swapped=True
i=6 pair=(0,6) lam_t=1.01571 lam_s=1.02000 tsr_diff=0.001433 integral_mean=-0.000078 integral_std=0.001681 log_ratio=-0.1871 accept=0.8294 swapped=False
i=7 pair=(5,2) lam_t=0.99429 lam_s=0.99857 tsr_diff=0.001888 integral_mean=0.000063 integral_std=0.001927 log_ratio=0.0000 accept=1.0000 swapped=True
i=7 pair=(3,4) lam_t=1.00286 lam_s=1.00714 tsr_diff=0.001874 integral_mean=0.000074 integral_std=0.001967 log_ratio=0.0000 accept=1.0000 swapped=True
i=7 pair=(7,0) lam_t=1.01143 lam_s=1.01571 tsr_diff=0.001860 integral_mean=0.000053 integral_std=0.001838 log_ratio=0.0000 accept=1.0000 swapped=True
i=8 pair=(1,2) lam_t=0.99000 lam_s=0.99429 tsr_diff=0.002345 integral_mean=-0.000000 integral_std=0.002678 log_ratio=-0.0000 accept=1.0000 swapped=True
i=8 pair=(5,4) lam_t=0.99857 lam_s=1.00286 tsr_diff=0.002323 integral_mean=0.000089 integral_std=0.002433 log_ratio=0.0000 accept=1.0000 swapped=True
i=8 pair=(3,0) lam_t=1.00714 lam_s=1.01143 tsr_diff=0.002302 integral_mean=0.000165 integral_std=0.002475 log_ratio=0.0000 accept=1.0000 swapped=True
i=8 pair=(7,6) lam_t=1.01571 lam_s=1.02000 tsr_diff=0.002281 integral_mean=-0.000180 integral_std=0.003394 log_ratio=-0.4330 accept=0.6486 swapped=True
i=9 pair=(1,4) lam_t=0.99429 lam_s=0.99857 tsr_diff=0.002773 integral_mean=0.000021 integral_std=0.003042 log_ratio=0.0000 accept=1.0000 swapped=True
i=9 pair=(5,0) lam_t=1.00286 lam_s=1.00714 tsr_diff=0.002742 integral_mean=0.000145 integral_std=0.003012 log_ratio=0.0000 accept=1.0000 swapped=True
i=9 pair=(3,6) lam_t=1.01143 lam_s=1.01571 tsr_diff=0.002712 integral_mean=-0.000202 integral_std=0.003534 log_ratio=-0.4839 accept=0.6164 swapped=True
i=10 pair=(2,4) lam_t=0.99000 lam_s=0.99429 tsr_diff=0.003206 integral_mean=0.000068 integral_std=0.003287 log_ratio=0.0000 accept=1.0000 swapped=True
i=10 pair=(1,0) lam_t=0.99857 lam_s=1.00286 tsr_diff=0.003165 integral_mean=0.000254 integral_std=0.003524 log_ratio=0.0000 accept=1.0000 swapped=True
i=10 pair=(5,6) lam_t=1.00714 lam_s=1.01143 tsr_diff=0.003125 integral_mean=-0.000531 integral_std=0.004147 log_ratio=-1.2735 accept=0.2799 swapped=False
i=10 pair=(3,7) lam_t=1.01571 lam_s=1.02000 tsr_diff=0.003086 integral_mean=-0.000130 integral_std=0.004391 log_ratio=-0.3129 accept=0.7313 swapped=False
i=11 pair=(2,0) lam_t=0.99429 lam_s=0.99857 tsr_diff=0.003554 integral_mean=0.000077 integral_std=0.003859 log_ratio=0.0000 accept=1.0000 swapped=True
i=11 pair=(1,5) lam_t=1.00286 lam_s=1.00714 tsr_diff=0.003505 integral_mean=0.000194 integral_std=0.005732 log_ratio=0.0000 accept=1.0000 swapped=True
i=11 pair=(6,3) lam_t=1.01143 lam_s=1.01571 tsr_diff=0.003456 integral_mean=0.000433 integral_std=0.005599 log_ratio=0.0000 accept=1.0000 swapped=True
i=12 pair=(4,0) lam_t=0.99000 lam_s=0.99429 tsr_diff=0.003894 integral_mean=-0.000047 integral_std=0.004416 log_ratio=-0.1134 accept=0.8928 swapped=True
i=12 pair=(2,5) lam_t=0.99857 lam_s=1.00286 tsr_diff=0.003834 integral_mean=0.000124 integral_std=0.004845 log_ratio=0.0000 accept=1.0000 swapped=True
i=12 pair=(1,3) lam_t=1.00714 lam_s=1.01143 tsr_diff=0.003776 integral_mean=-0.000007 integral_std=0.006021 log_ratio=-0.0156 accept=0.9845 swapped=True
i=12 pair=(6,7) lam_t=1.01571 lam_s=1.02000 tsr_diff=0.003719 integral_mean=0.001055 integral_std=0.009020 log_ratio=0.0000 accept=1.0000 swapped=True
i=13 pair=(4,5) lam_t=0.99429 lam_s=0.99857 tsr_diff=0.004100 integral_mean=-0.000077 integral_std=0.008157 log_ratio=-0.1847 accept=0.8313 swapped=True
i=13 pair=(2,3) lam_t=1.00286 lam_s=1.00714 tsr_diff=0.004034 integral_mean=-0.000572 integral_std=0.009102 log_ratio=-1.3735 accept=0.2532 swapped=False
i=13 pair=(1,7) lam_t=1.01143 lam_s=1.01571 tsr_diff=0.003969 integral_mean=-0.000767 integral_std=0.008560 log_ratio=-1.8410 accept=0.1587 swapped=True
Best Sample: 0 log probability 0.000
Saved 1 samples to: logs/pointmaze-giant-navigate-v0/inference/plans/release_H400_T256_LimitsNormalizer_b1_condFalse/2026-07-15 12:07:56/3/0.png
Saved 1 samples to: logs/pointmaze-giant-navigate-v0/inference/plans/release_H400_T256_LimitsNormalizer_b1_condFalse/2026-07-15 12:07:56/3/rollout.png
i=0 pair=(0,1) lam_t=0.99000 lam_s=0.99429 tsr_diff=0.000000 integral_mean=0.000000 integral_std=0.000000 log_ratio=0.0000 accept=1.0000 swapped=True
i=0 pair=(2,3) lam_t=0.99857 lam_s=1.00286 tsr_diff=0.000000 integral_mean=0.000000 integral_std=0.000000 log_ratio=0.0000 accept=1.0000 swapped=True
i=0 pair=(4,5) lam_t=1.00714 lam_s=1.01143 tsr_diff=0.000000 integral_mean=0.000000 integral_std=0.000000 log_ratio=0.0000 accept=1.0000 swapped=True
i=0 pair=(6,7) lam_t=1.01571 lam_s=1.02000 tsr_diff=0.000000 integral_mean=0.000000 integral_std=0.000000 log_ratio=0.0000 accept=1.0000 swapped=True
i=1 pair=(0,3) lam_t=0.99429 lam_s=0.99857 tsr_diff=0.000046 integral_mean=0.000000 integral_std=0.000047 log_ratio=0.0000 accept=1.0000 swapped=True
i=1 pair=(2,5) lam_t=1.00286 lam_s=1.00714 tsr_diff=0.000046 integral_mean=0.000001 integral_std=0.000046 log_ratio=0.0000 accept=1.0000 swapped=True
i=1 pair=(4,7) lam_t=1.01143 lam_s=1.01571 tsr_diff=0.000046 integral_mean=-0.000002 integral_std=0.000049 log_ratio=-0.0038 accept=0.9962 swapped=True
i=2 pair=(1,3) lam_t=0.99000 lam_s=0.99429 tsr_diff=0.000181 integral_mean=-0.000007 integral_std=0.000182 log_ratio=-0.0166 accept=0.9835 swapped=True
i=2 pair=(0,5) lam_t=0.99857 lam_s=1.00286 tsr_diff=0.000181 integral_mean=0.000006 integral_std=0.000188 log_ratio=0.0000 accept=1.0000 swapped=True
i=2 pair=(2,7) lam_t=1.00714 lam_s=1.01143 tsr_diff=0.000181 integral_mean=-0.000001 integral_std=0.000180 log_ratio=-0.0027 accept=0.9973 swapped=True
i=2 pair=(4,6) lam_t=1.01571 lam_s=1.02000 tsr_diff=0.000181 integral_mean=-0.000012 integral_std=0.000203 log_ratio=-0.0295 accept=0.9709 swapped=True
i=3 pair=(1,5) lam_t=0.99429 lam_s=0.99857 tsr_diff=0.000400 integral_mean=-0.000010 integral_std=0.000407 log_ratio=-0.0236 accept=0.9767 swapped=True
i=3 pair=(0,7) lam_t=1.00286 lam_s=1.00714 tsr_diff=0.000400 integral_mean=0.000018 integral_std=0.000433 log_ratio=0.0000 accept=1.0000 swapped=True
i=3 pair=(2,6) lam_t=1.01143 lam_s=1.01571 tsr_diff=0.000399 integral_mean=-0.000014 integral_std=0.000402 log_ratio=-0.0344 accept=0.9662 swapped=True
i=4 pair=(3,5) lam_t=0.99000 lam_s=0.99429 tsr_diff=0.000695 integral_mean=-0.000004 integral_std=0.000739 log_ratio=-0.0104 accept=0.9897 swapped=True
i=4 pair=(1,7) lam_t=0.99857 lam_s=1.00286 tsr_diff=0.000693 integral_mean=-0.000012 integral_std=0.000686 log_ratio=-0.0285 accept=0.9719 swapped=True
i=4 pair=(0,6) lam_t=1.00714 lam_s=1.01143 tsr_diff=0.000691 integral_mean=-0.000001 integral_std=0.000739 log_ratio=-0.0031 accept=0.9969 swapped=True
i=4 pair=(2,4) lam_t=1.01571 lam_s=1.02000 tsr_diff=0.000689 integral_mean=0.000015 integral_std=0.000755 log_ratio=0.0000 accept=1.0000 swapped=True
i=5 pair=(3,7) lam_t=0.99429 lam_s=0.99857 tsr_diff=0.001051 integral_mean=0.000048 integral_std=0.001119 log_ratio=0.0000 accept=1.0000 swapped=True
i=5 pair=(1,6) lam_t=1.00286 lam_s=1.00714 tsr_diff=0.001046 integral_mean=-0.000003 integral_std=0.001041 log_ratio=-0.0072 accept=0.9929 swapped=True
i=5 pair=(0,4) lam_t=1.01143 lam_s=1.01571 tsr_diff=0.001042 integral_mean=0.000002 integral_std=0.001086 log_ratio=0.0000 accept=1.0000 swapped=True
i=6 pair=(5,7) lam_t=0.99000 lam_s=0.99429 tsr_diff=0.001459 integral_mean=0.000076 integral_std=0.001617 log_ratio=0.0000 accept=1.0000 swapped=True
i=6 pair=(3,6) lam_t=0.99857 lam_s=1.00286 tsr_diff=0.001450 integral_mean=0.000034 integral_std=0.001558 log_ratio=0.0000 accept=1.0000 swapped=True
i=6 pair=(1,4) lam_t=1.00714 lam_s=1.01143 tsr_diff=0.001442 integral_mean=0.000027 integral_std=0.001499 log_ratio=0.0000 accept=1.0000 swapped=True
i=6 pair=(0,2) lam_t=1.01571 lam_s=1.02000 tsr_diff=0.001433 integral_mean=-0.000031 integral_std=0.001485 log_ratio=-0.0752 accept=0.9276 swapped=True
i=7 pair=(5,6) lam_t=0.99429 lam_s=0.99857 tsr_diff=0.001888 integral_mean=-0.000006 integral_std=0.002019 log_ratio=-0.0155 accept=0.9847 swapped=True
i=7 pair=(3,4) lam_t=1.00286 lam_s=1.00714 tsr_diff=0.001874 integral_mean=0.000070 integral_std=0.002041 log_ratio=0.0000 accept=1.0000 swapped=True
i=7 pair=(1,2) lam_t=1.01143 lam_s=1.01571 tsr_diff=0.001860 integral_mean=-0.000043 integral_std=0.002095 log_ratio=-0.1031 accept=0.9021 swapped=True
i=8 pair=(7,6) lam_t=0.99000 lam_s=0.99429 tsr_diff=0.002345 integral_mean=-0.000033 integral_std=0.002187 log_ratio=-0.0795 accept=0.9235 swapped=True
i=8 pair=(5,4) lam_t=0.99857 lam_s=1.00286 tsr_diff=0.002323 integral_mean=-0.000047 integral_std=0.002375 log_ratio=-0.1125 accept=0.8936 swapped=True
i=8 pair=(3,2) lam_t=1.00714 lam_s=1.01143 tsr_diff=0.002302 integral_mean=0.000087 integral_std=0.002645 log_ratio=0.0000 accept=1.0000 swapped=True
i=8 pair=(1,0) lam_t=1.01571 lam_s=1.02000 tsr_diff=0.002281 integral_mean=-0.000018 integral_std=0.002570 log_ratio=-0.0428 accept=0.9581 swapped=True
i=9 pair=(7,4) lam_t=0.99429 lam_s=0.99857 tsr_diff=0.002773 integral_mean=0.000020 integral_std=0.002944 log_ratio=0.0000 accept=1.0000 swapped=True
i=9 pair=(5,2) lam_t=1.00286 lam_s=1.00714 tsr_diff=0.002742 integral_mean=0.000086 integral_std=0.003361 log_ratio=0.0000 accept=1.0000 swapped=True
i=9 pair=(3,0) lam_t=1.01143 lam_s=1.01571 tsr_diff=0.002712 integral_mean=-0.000104 integral_std=0.003696 log_ratio=-0.2506 accept=0.7783 swapped=False
i=10 pair=(6,4) lam_t=0.99000 lam_s=0.99429 tsr_diff=0.003206 integral_mean=-0.000154 integral_std=0.003627 log_ratio=-0.3694 accept=0.6911 swapped=True
i=10 pair=(7,2) lam_t=0.99857 lam_s=1.00286 tsr_diff=0.003165 integral_mean=-0.000128 integral_std=0.003326 log_ratio=-0.3063 accept=0.7362 swapped=True
i=10 pair=(5,3) lam_t=1.00714 lam_s=1.01143 tsr_diff=0.003125 integral_mean=-0.000076 integral_std=0.004119 log_ratio=-0.1829 accept=0.8328 swapped=False
i=10 pair=(0,1) lam_t=1.01571 lam_s=1.02000 tsr_diff=0.003086 integral_mean=0.000329 integral_std=0.004225 log_ratio=0.0000 accept=1.0000 swapped=True
i=11 pair=(6,2) lam_t=0.99429 lam_s=0.99857 tsr_diff=0.003554 integral_mean=0.000012 integral_std=0.003898 log_ratio=0.0000 accept=1.0000 swapped=True
i=11 pair=(7,5) lam_t=1.00286 lam_s=1.00714 tsr_diff=0.003505 integral_mean=-0.000339 integral_std=0.005128 log_ratio=-0.8142 accept=0.4430 swapped=True
i=11 pair=(3,1) lam_t=1.01143 lam_s=1.01571 tsr_diff=0.003456 integral_mean=0.000073 integral_std=0.005373 log_ratio=0.0000 accept=1.0000 swapped=True
i=12 pair=(4,2) lam_t=0.99000 lam_s=0.99429 tsr_diff=0.003894 integral_mean=-0.000057 integral_std=0.005714 log_ratio=-0.1358 accept=0.8730 swapped=True
i=12 pair=(6,5) lam_t=0.99857 lam_s=1.00286 tsr_diff=0.003834 integral_mean=0.000084 integral_std=0.007388 log_ratio=0.0000 accept=1.0000 swapped=True
i=12 pair=(7,1) lam_t=1.00714 lam_s=1.01143 tsr_diff=0.003776 integral_mean=-0.000252 integral_std=0.006683 log_ratio=-0.6054 accept=0.5459 swapped=False
i=12 pair=(3,0) lam_t=1.01571 lam_s=1.02000 tsr_diff=0.003719 integral_mean=0.001165 integral_std=0.009135 log_ratio=0.0000 accept=1.0000 swapped=True
i=13 pair=(4,5) lam_t=0.99429 lam_s=0.99857 tsr_diff=0.004100 integral_mean=-0.000443 integral_std=0.007980 log_ratio=-1.0640 accept=0.3451 swapped=False
i=13 pair=(6,7) lam_t=1.00286 lam_s=1.00714 tsr_diff=0.004034 integral_mean=-0.000005 integral_std=0.002553 log_ratio=-0.0110 accept=0.9890 swapped=True
i=13 pair=(1,0) lam_t=1.01143 lam_s=1.01571 tsr_diff=0.003969 integral_mean=-0.000605 integral_std=0.010380 log_ratio=-1.4520 accept=0.2341 swapped=True
Best Sample: 7 log probability -0.003
Saved 1 samples to: logs/pointmaze-giant-navigate-v0/inference/plans/release_H400_T256_LimitsNormalizer_b1_condFalse/2026-07-15 12:07:56/4/0.png
Saved 1 samples to: logs/pointmaze-giant-navigate-v0/inference/plans/release_H400_T256_LimitsNormalizer_b1_condFalse/2026-07-15 12:07:56/4/rollout.png
i=0 pair=(0,1) lam_t=0.99000 lam_s=0.99429 tsr_diff=0.000000 integral_mean=0.000000 integral_std=0.000000 log_ratio=0.0000 accept=1.0000 swapped=True
i=0 pair=(2,3) lam_t=0.99857 lam_s=1.00286 tsr_diff=0.000000 integral_mean=0.000000 integral_std=0.000000 log_ratio=0.0000 accept=1.0000 swapped=True
i=0 pair=(4,5) lam_t=1.00714 lam_s=1.01143 tsr_diff=0.000000 integral_mean=0.000000 integral_std=0.000000 log_ratio=0.0000 accept=1.0000 swapped=True
i=0 pair=(6,7) lam_t=1.01571 lam_s=1.02000 tsr_diff=0.000000 integral_mean=0.000000 integral_std=0.000000 log_ratio=0.0000 accept=1.0000 swapped=True
i=1 pair=(0,3) lam_t=0.99429 lam_s=0.99857 tsr_diff=0.000046 integral_mean=-0.000000 integral_std=0.000047 log_ratio=-0.0006 accept=0.9994 swapped=True
i=1 pair=(2,5) lam_t=1.00286 lam_s=1.00714 tsr_diff=0.000046 integral_mean=0.000000 integral_std=0.000044 log_ratio=0.0000 accept=1.0000 swapped=True
i=1 pair=(4,7) lam_t=1.01143 lam_s=1.01571 tsr_diff=0.000046 integral_mean=0.000001 integral_std=0.000045 log_ratio=0.0000 accept=1.0000 swapped=True
i=2 pair=(1,3) lam_t=0.99000 lam_s=0.99429 tsr_diff=0.000181 integral_mean=-0.000016 integral_std=0.000315 log_ratio=-0.0383 accept=0.9624 swapped=True
i=2 pair=(0,5) lam_t=0.99857 lam_s=1.00286 tsr_diff=0.000181 integral_mean=0.000023 integral_std=0.000204 log_ratio=0.0000 accept=1.0000 swapped=True
i=2 pair=(2,7) lam_t=1.00714 lam_s=1.01143 tsr_diff=0.000181 integral_mean=0.000006 integral_std=0.000193 log_ratio=0.0000 accept=1.0000 swapped=True
i=2 pair=(4,6) lam_t=1.01571 lam_s=1.02000 tsr_diff=0.000181 integral_mean=-0.000013 integral_std=0.000180 log_ratio=-0.0318 accept=0.9687 swapped=True
i=3 pair=(1,5) lam_t=0.99429 lam_s=0.99857 tsr_diff=0.000400 integral_mean=0.000030 integral_std=0.000417 log_ratio=0.0000 accept=1.0000 swapped=True
i=3 pair=(0,7) lam_t=1.00286 lam_s=1.00714 tsr_diff=0.000400 integral_mean=0.000014 integral_std=0.000436 log_ratio=0.0000 accept=1.0000 swapped=True
i=3 pair=(2,6) lam_t=1.01143 lam_s=1.01571 tsr_diff=0.000399 integral_mean=-0.000003 integral_std=0.000407 log_ratio=-0.0072 accept=0.9928 swapped=True
i=4 pair=(3,5) lam_t=0.99000 lam_s=0.99429 tsr_diff=0.000695 integral_mean=0.000047 integral_std=0.000790 log_ratio=0.0000 accept=1.0000 swapped=True
i=4 pair=(1,7) lam_t=0.99857 lam_s=1.00286 tsr_diff=0.000693 integral_mean=0.000005 integral_std=0.000690 log_ratio=0.0000 accept=1.0000 swapped=True
i=4 pair=(0,6) lam_t=1.00714 lam_s=1.01143 tsr_diff=0.000691 integral_mean=-0.000157 integral_std=0.001006 log_ratio=-0.3768 accept=0.6860 swapped=True
i=4 pair=(2,4) lam_t=1.01571 lam_s=1.02000 tsr_diff=0.000689 integral_mean=0.000024 integral_std=0.000694 log_ratio=0.0000 accept=1.0000 swapped=True
i=5 pair=(3,7) lam_t=0.99429 lam_s=0.99857 tsr_diff=0.001051 integral_mean=0.000027 integral_std=0.001042 log_ratio=0.0000 accept=1.0000 swapped=True
i=5 pair=(1,6) lam_t=1.00286 lam_s=1.00714 tsr_diff=0.001046 integral_mean=-0.000049 integral_std=0.001177 log_ratio=-0.1178 accept=0.8889 swapped=True
i=5 pair=(0,4) lam_t=1.01143 lam_s=1.01571 tsr_diff=0.001042 integral_mean=0.000333 integral_std=0.001661 log_ratio=0.0000 accept=1.0000 swapped=True
i=6 pair=(5,7) lam_t=0.99000 lam_s=0.99429 tsr_diff=0.001459 integral_mean=0.000066 integral_std=0.001606 log_ratio=0.0000 accept=1.0000 swapped=True
i=6 pair=(3,6) lam_t=0.99857 lam_s=1.00286 tsr_diff=0.001450 integral_mean=0.000105 integral_std=0.001746 log_ratio=0.0000 accept=1.0000 swapped=True
i=6 pair=(1,4) lam_t=1.00714 lam_s=1.01143 tsr_diff=0.001442 integral_mean=-0.000023 integral_std=0.001471 log_ratio=-0.0544 accept=0.9471 swapped=True
i=6 pair=(0,2) lam_t=1.01571 lam_s=1.02000 tsr_diff=0.001433 integral_mean=0.000123 integral_std=0.001554 log_ratio=0.0000 accept=1.0000 swapped=True
i=7 pair=(5,6) lam_t=0.99429 lam_s=0.99857 tsr_diff=0.001888 integral_mean=-0.000031 integral_std=0.002003 log_ratio=-0.0740 accept=0.9287 swapped=True
i=7 pair=(3,4) lam_t=1.00286 lam_s=1.00714 tsr_diff=0.001874 integral_mean=0.000173 integral_std=0.002099 log_ratio=0.0000 accept=1.0000 swapped=True
i=7 pair=(1,2) lam_t=1.01143 lam_s=1.01571 tsr_diff=0.001860 integral_mean=-0.000066 integral_std=0.001938 log_ratio=-0.1591 accept=0.8529 swapped=True
i=8 pair=(7,6) lam_t=0.99000 lam_s=0.99429 tsr_diff=0.002345 integral_mean=-0.000126 integral_std=0.002627 log_ratio=-0.3035 accept=0.7382 swapped=True
i=8 pair=(5,4) lam_t=0.99857 lam_s=1.00286 tsr_diff=0.002323 integral_mean=0.000001 integral_std=0.002322 log_ratio=0.0000 accept=1.0000 swapped=True
i=8 pair=(3,2) lam_t=1.00714 lam_s=1.01143 tsr_diff=0.002302 integral_mean=0.000083 integral_std=0.002578 log_ratio=0.0000 accept=1.0000 swapped=True
i=8 pair=(1,0) lam_t=1.01571 lam_s=1.02000 tsr_diff=0.002281 integral_mean=-0.000096 integral_std=0.002481 log_ratio=-0.2302 accept=0.7944 swapped=True
i=9 pair=(7,4) lam_t=0.99429 lam_s=0.99857 tsr_diff=0.002773 integral_mean=0.000063 integral_std=0.002995 log_ratio=0.0000 accept=1.0000 swapped=True
i=9 pair=(5,2) lam_t=1.00286 lam_s=1.00714 tsr_diff=0.002742 integral_mean=-0.000137 integral_std=0.003204 log_ratio=-0.3284 accept=0.7201 swapped=True
i=9 pair=(3,0) lam_t=1.01143 lam_s=1.01571 tsr_diff=0.002712 integral_mean=0.000340 integral_std=0.003399 log_ratio=0.0000 accept=1.0000 swapped=True
i=10 pair=(6,4) lam_t=0.99000 lam_s=0.99429 tsr_diff=0.003206 integral_mean=0.000184 integral_std=0.004255 log_ratio=0.0000 accept=1.0000 swapped=True
i=10 pair=(7,2) lam_t=0.99857 lam_s=1.00286 tsr_diff=0.003165 integral_mean=-0.000069 integral_std=0.004076 log_ratio=-0.1655 accept=0.8474 swapped=True
i=10 pair=(5,0) lam_t=1.00714 lam_s=1.01143 tsr_diff=0.003125 integral_mean=0.000054 integral_std=0.003133 log_ratio=0.0000 accept=1.0000 swapped=True
i=10 pair=(3,1) lam_t=1.01571 lam_s=1.02000 tsr_diff=0.003086 integral_mean=0.000349 integral_std=0.003982 log_ratio=0.0000 accept=1.0000 swapped=True
i=11 pair=(6,2) lam_t=0.99429 lam_s=0.99857 tsr_diff=0.003554 integral_mean=0.000157 integral_std=0.005140 log_ratio=0.0000 accept=1.0000 swapped=True
i=11 pair=(7,0) lam_t=1.00286 lam_s=1.00714 tsr_diff=0.003505 integral_mean=-0.000041 integral_std=0.004867 log_ratio=-0.0991 accept=0.9056 swapped=False
i=11 pair=(5,1) lam_t=1.01143 lam_s=1.01571 tsr_diff=0.003456 integral_mean=0.000097 integral_std=0.003959 log_ratio=0.0000 accept=1.0000 swapped=True
i=12 pair=(4,2) lam_t=0.99000 lam_s=0.99429 tsr_diff=0.003894 integral_mean=-0.000191 integral_std=0.006473 log_ratio=-0.4581 accept=0.6325 swapped=True
i=12 pair=(6,7) lam_t=0.99857 lam_s=1.00286 tsr_diff=0.003834 integral_mean=0.000258 integral_std=0.005233 log_ratio=0.0000 accept=1.0000 swapped=True
i=12 pair=(0,1) lam_t=1.00714 lam_s=1.01143 tsr_diff=0.003776 integral_mean=0.000172 integral_std=0.005282 log_ratio=0.0000 accept=1.0000 swapped=True
i=12 pair=(5,3) lam_t=1.01571 lam_s=1.02000 tsr_diff=0.003719 integral_mean=-0.000208 integral_std=0.005016 log_ratio=-0.4984 accept=0.6075 swapped=True
i=13 pair=(4,7) lam_t=0.99429 lam_s=0.99857 tsr_diff=0.004100 integral_mean=0.000028 integral_std=0.008039 log_ratio=0.0000 accept=1.0000 swapped=True
i=13 pair=(6,1) lam_t=1.00286 lam_s=1.00714 tsr_diff=0.004034 integral_mean=0.000445 integral_std=0.004775 log_ratio=0.0000 accept=1.0000 swapped=True
i=13 pair=(0,3) lam_t=1.01143 lam_s=1.01571 tsr_diff=0.003969 integral_mean=-0.000285 integral_std=0.007014 log_ratio=-0.6848 accept=0.5042 swapped=True
Best Sample: 1 log probability 0.000
Saved 1 samples to: logs/pointmaze-giant-navigate-v0/inference/plans/release_H400_T256_LimitsNormalizer_b1_condFalse/2026-07-15 12:07:56/5/0.png
Saved 1 samples to: logs/pointmaze-giant-navigate-v0/inference/plans/release_H400_T256_LimitsNormalizer_b1_condFalse/2026-07-15 12:07:56/5/rollout.png
i=0 pair=(0,1) lam_t=0.99000 lam_s=0.99429 tsr_diff=0.000000 integral_mean=0.000000 integral_std=0.000000 log_ratio=0.0000 accept=1.0000 swapped=True
i=0 pair=(2,3) lam_t=0.99857 lam_s=1.00286 tsr_diff=0.000000 integral_mean=0.000000 integral_std=0.000000 log_ratio=0.0000 accept=1.0000 swapped=True
i=0 pair=(4,5) lam_t=1.00714 lam_s=1.01143 tsr_diff=0.000000 integral_mean=0.000000 integral_std=0.000000 log_ratio=0.0000 accept=1.0000 swapped=True
i=0 pair=(6,7) lam_t=1.01571 lam_s=1.02000 tsr_diff=0.000000 integral_mean=0.000000 integral_std=0.000000 log_ratio=0.0000 accept=1.0000 swapped=True
i=1 pair=(0,3) lam_t=0.99429 lam_s=0.99857 tsr_diff=0.000046 integral_mean=0.000001 integral_std=0.000048 log_ratio=0.0000 accept=1.0000 swapped=True
i=1 pair=(2,5) lam_t=1.00286 lam_s=1.00714 tsr_diff=0.000046 integral_mean=-0.000000 integral_std=0.000045 log_ratio=-0.0008 accept=0.9992 swapped=True
i=1 pair=(4,7) lam_t=1.01143 lam_s=1.01571 tsr_diff=0.000046 integral_mean=-0.000001 integral_std=0.000047 log_ratio=-0.0035 accept=0.9965 swapped=True
i=2 pair=(1,3) lam_t=0.99000 lam_s=0.99429 tsr_diff=0.000181 integral_mean=0.000006 integral_std=0.000186 log_ratio=0.0000 accept=1.0000 swapped=True
i=2 pair=(0,5) lam_t=0.99857 lam_s=1.00286 tsr_diff=0.000181 integral_mean=0.000044 integral_std=0.000389 log_ratio=0.0000 accept=1.0000 swapped=True
i=2 pair=(2,7) lam_t=1.00714 lam_s=1.01143 tsr_diff=0.000181 integral_mean=-0.000035 integral_std=0.000215 log_ratio=-0.0829 accept=0.9204 swapped=True
i=2 pair=(4,6) lam_t=1.01571 lam_s=1.02000 tsr_diff=0.000181 integral_mean=-0.000025 integral_std=0.000208 log_ratio=-0.0607 accept=0.9411 swapped=True
i=3 pair=(1,5) lam_t=0.99429 lam_s=0.99857 tsr_diff=0.000400 integral_mean=0.000036 integral_std=0.000770 log_ratio=0.0000 accept=1.0000 swapped=True
i=3 pair=(0,7) lam_t=1.00286 lam_s=1.00714 tsr_diff=0.000400 integral_mean=-0.000030 integral_std=0.000537 log_ratio=-0.0721 accept=0.9305 swapped=True
i=3 pair=(2,6) lam_t=1.01143 lam_s=1.01571 tsr_diff=0.000399 integral_mean=-0.000039 integral_std=0.000429 log_ratio=-0.0947 accept=0.9096 swapped=True
i=4 pair=(3,5) lam_t=0.99000 lam_s=0.99429 tsr_diff=0.000695 integral_mean=0.000032 integral_std=0.000712 log_ratio=0.0000 accept=1.0000 swapped=True
i=4 pair=(1,7) lam_t=0.99857 lam_s=1.00286 tsr_diff=0.000693 integral_mean=0.000390 integral_std=0.001566 log_ratio=0.0000 accept=1.0000 swapped=True
i=4 pair=(0,6) lam_t=1.00714 lam_s=1.01143 tsr_diff=0.000691 integral_mean=0.000038 integral_std=0.001248 log_ratio=0.0000 accept=1.0000 swapped=True
i=4 pair=(2,4) lam_t=1.01571 lam_s=1.02000 tsr_diff=0.000689 integral_mean=-0.000048 integral_std=0.000696 log_ratio=-0.1162 accept=0.8903 swapped=True
i=5 pair=(3,7) lam_t=0.99429 lam_s=0.99857 tsr_diff=0.001051 integral_mean=-0.000196 integral_std=0.001393 log_ratio=-0.4697 accept=0.6252 swapped=True
i=5 pair=(1,6) lam_t=1.00286 lam_s=1.00714 tsr_diff=0.001046 integral_mean=0.000175 integral_std=0.001378 log_ratio=0.0000 accept=1.0000 swapped=True
i=5 pair=(0,4) lam_t=1.01143 lam_s=1.01571 tsr_diff=0.001042 integral_mean=0.000048 integral_std=0.001127 log_ratio=0.0000 accept=1.0000 swapped=True
i=6 pair=(5,7) lam_t=0.99000 lam_s=0.99429 tsr_diff=0.001459 integral_mean=-0.000161 integral_std=0.001668 log_ratio=-0.3859 accept=0.6798 swapped=True
i=6 pair=(3,6) lam_t=0.99857 lam_s=1.00286 tsr_diff=0.001450 integral_mean=-0.000021 integral_std=0.001527 log_ratio=-0.0502 accept=0.9510 swapped=True
i=6 pair=(1,4) lam_t=1.00714 lam_s=1.01143 tsr_diff=0.001442 integral_mean=0.000084 integral_std=0.001640 log_ratio=0.0000 accept=1.0000 swapped=True
i=6 pair=(0,2) lam_t=1.01571 lam_s=1.02000 tsr_diff=0.001433 integral_mean=0.000022 integral_std=0.001337 log_ratio=0.0000 accept=1.0000 swapped=True
i=7 pair=(5,6) lam_t=0.99429 lam_s=0.99857 tsr_diff=0.001888 integral_mean=-0.000047 integral_std=0.001898 log_ratio=-0.1138 accept=0.8924 swapped=True
i=7 pair=(3,4) lam_t=1.00286 lam_s=1.00714 tsr_diff=0.001874 integral_mean=-0.000030 integral_std=0.001931 log_ratio=-0.0711 accept=0.9314 swapped=False
i=7 pair=(1,2) lam_t=1.01143 lam_s=1.01571 tsr_diff=0.001860 integral_mean=0.000108 integral_std=0.001991 log_ratio=0.0000 accept=1.0000 swapped=True
i=8 pair=(7,6) lam_t=0.99000 lam_s=0.99429 tsr_diff=0.002345 integral_mean=-0.000061 integral_std=0.002445 log_ratio=-0.1456 accept=0.8645 swapped=True
i=8 pair=(5,3) lam_t=0.99857 lam_s=1.00286 tsr_diff=0.002323 integral_mean=-0.000032 integral_std=0.002494 log_ratio=-0.0768 accept=0.9261 swapped=True
i=8 pair=(4,2) lam_t=1.00714 lam_s=1.01143 tsr_diff=0.002302 integral_mean=0.000071 integral_std=0.002694 log_ratio=0.0000 accept=1.0000 swapped=True
i=8 pair=(1,0) lam_t=1.01571 lam_s=1.02000 tsr_diff=0.002281 integral_mean=0.000004 integral_std=0.002301 log_ratio=0.0000 accept=1.0000 swapped=True
i=9 pair=(7,3) lam_t=0.99429 lam_s=0.99857 tsr_diff=0.002773 integral_mean=0.000016 integral_std=0.003441 log_ratio=0.0000 accept=1.0000 swapped=True
i=9 pair=(5,2) lam_t=1.00286 lam_s=1.00714 tsr_diff=0.002742 integral_mean=-0.000015 integral_std=0.002274 log_ratio=-0.0356 accept=0.9650 swapped=True
i=9 pair=(4,0) lam_t=1.01143 lam_s=1.01571 tsr_diff=0.002712 integral_mean=0.000191 integral_std=0.003428 log_ratio=0.0000 accept=1.0000 swapped=True
i=10 pair=(6,3) lam_t=0.99000 lam_s=0.99429 tsr_diff=0.003206 integral_mean=-0.000107 integral_std=0.003908 log_ratio=-0.2576 accept=0.7729 swapped=True
i=10 pair=(7,2) lam_t=0.99857 lam_s=1.00286 tsr_diff=0.003165 integral_mean=0.000220 integral_std=0.003689 log_ratio=0.0000 accept=1.0000 swapped=True
i=10 pair=(5,0) lam_t=1.00714 lam_s=1.01143 tsr_diff=0.003125 integral_mean=-0.000114 integral_std=0.002820 log_ratio=-0.2733 accept=0.7609 swapped=False
i=10 pair=(4,1) lam_t=1.01571 lam_s=1.02000 tsr_diff=0.003086 integral_mean=0.000092 integral_std=0.004417 log_ratio=0.0000 accept=1.0000 swapped=True
i=11 pair=(6,2) lam_t=0.99429 lam_s=0.99857 tsr_diff=0.003554 integral_mean=0.000092 integral_std=0.003947 log_ratio=0.0000 accept=1.0000 swapped=True
i=11 pair=(7,5) lam_t=1.00286 lam_s=1.00714 tsr_diff=0.003505 integral_mean=0.000692 integral_std=0.004649 log_ratio=0.0000 accept=1.0000 swapped=True
i=11 pair=(0,1) lam_t=1.01143 lam_s=1.01571 tsr_diff=0.003456 integral_mean=-0.000024 integral_std=0.003660 log_ratio=-0.0579 accept=0.9437 swapped=True
i=12 pair=(3,2) lam_t=0.99000 lam_s=0.99429 tsr_diff=0.003894 integral_mean=0.000190 integral_std=0.006196 log_ratio=0.0000 accept=1.0000 swapped=True
i=12 pair=(6,5) lam_t=0.99857 lam_s=1.00286 tsr_diff=0.003834 integral_mean=-0.000011 integral_std=0.004011 log_ratio=-0.0269 accept=0.9735 swapped=True
i=12 pair=(7,1) lam_t=1.00714 lam_s=1.01143 tsr_diff=0.003776 integral_mean=0.000411 integral_std=0.004398 log_ratio=0.0000 accept=1.0000 swapped=True
i=12 pair=(0,4) lam_t=1.01571 lam_s=1.02000 tsr_diff=0.003719 integral_mean=-0.000339 integral_std=0.006936 log_ratio=-0.8145 accept=0.4428 swapped=False
i=13 pair=(3,5) lam_t=0.99429 lam_s=0.99857 tsr_diff=0.004100 integral_mean=0.000546 integral_std=0.010690 log_ratio=0.0000 accept=1.0000 swapped=True
i=13 pair=(6,1) lam_t=1.00286 lam_s=1.00714 tsr_diff=0.004034 integral_mean=-0.000241 integral_std=0.007488 log_ratio=-0.5785 accept=0.5607 swapped=False
i=13 pair=(7,0) lam_t=1.01143 lam_s=1.01571 tsr_diff=0.003969 integral_mean=0.000379 integral_std=0.006551 log_ratio=0.0000 accept=1.0000 swapped=True
Best Sample: 5 log probability -0.222
Saved 1 samples to: logs/pointmaze-giant-navigate-v0/inference/plans/release_H400_T256_LimitsNormalizer_b1_condFalse/2026-07-15 12:07:56/6/0.png
Saved 1 samples to: logs/pointmaze-giant-navigate-v0/inference/plans/release_H400_T256_LimitsNormalizer_b1_condFalse/2026-07-15 12:07:56/6/rollout.png
i=0 pair=(0,1) lam_t=0.99000 lam_s=0.99429 tsr_diff=0.000000 integral_mean=0.000000 integral_std=0.000000 log_ratio=0.0000 accept=1.0000 swapped=True
i=0 pair=(2,3) lam_t=0.99857 lam_s=1.00286 tsr_diff=0.000000 integral_mean=0.000000 integral_std=0.000000 log_ratio=0.0000 accept=1.0000 swapped=True
i=0 pair=(4,5) lam_t=1.00714 lam_s=1.01143 tsr_diff=0.000000 integral_mean=0.000000 integral_std=0.000000 log_ratio=0.0000 accept=1.0000 swapped=True
i=0 pair=(6,7) lam_t=1.01571 lam_s=1.02000 tsr_diff=0.000000 integral_mean=0.000000 integral_std=0.000000 log_ratio=0.0000 accept=1.0000 swapped=True
i=1 pair=(0,3) lam_t=0.99429 lam_s=0.99857 tsr_diff=0.000046 integral_mean=-0.000000 integral_std=0.000045 log_ratio=-0.0010 accept=0.9990 swapped=True
i=1 pair=(2,5) lam_t=1.00286 lam_s=1.00714 tsr_diff=0.000046 integral_mean=-0.000002 integral_std=0.000046 log_ratio=-0.0039 accept=0.9961 swapped=True
i=1 pair=(4,7) lam_t=1.01143 lam_s=1.01571 tsr_diff=0.000046 integral_mean=-0.000001 integral_std=0.000048 log_ratio=-0.0034 accept=0.9966 swapped=True
i=2 pair=(1,3) lam_t=0.99000 lam_s=0.99429 tsr_diff=0.000181 integral_mean=-0.000002 integral_std=0.000171 log_ratio=-0.0038 accept=0.9962 swapped=True
i=2 pair=(0,5) lam_t=0.99857 lam_s=1.00286 tsr_diff=0.000181 integral_mean=0.000014 integral_std=0.000213 log_ratio=0.0000 accept=1.0000 swapped=True
i=2 pair=(2,7) lam_t=1.00714 lam_s=1.01143 tsr_diff=0.000181 integral_mean=0.000002 integral_std=0.000180 log_ratio=0.0000 accept=1.0000 swapped=True
i=2 pair=(4,6) lam_t=1.01571 lam_s=1.02000 tsr_diff=0.000181 integral_mean=0.000016 integral_std=0.000198 log_ratio=0.0000 accept=1.0000 swapped=True
i=3 pair=(1,5) lam_t=0.99429 lam_s=0.99857 tsr_diff=0.000400 integral_mean=-0.000002 integral_std=0.000409 log_ratio=-0.0054 accept=0.9946 swapped=True
i=3 pair=(0,7) lam_t=1.00286 lam_s=1.00714 tsr_diff=0.000400 integral_mean=0.000014 integral_std=0.000424 log_ratio=0.0000 accept=1.0000 swapped=True
i=3 pair=(2,6) lam_t=1.01143 lam_s=1.01571 tsr_diff=0.000399 integral_mean=-0.000004 integral_std=0.000408 log_ratio=-0.0099 accept=0.9901 swapped=True
i=4 pair=(3,5) lam_t=0.99000 lam_s=0.99429 tsr_diff=0.000695 integral_mean=0.000016 integral_std=0.000684 log_ratio=0.0000 accept=1.0000 swapped=True
i=4 pair=(1,7) lam_t=0.99857 lam_s=1.00286 tsr_diff=0.000693 integral_mean=0.000007 integral_std=0.000698 log_ratio=0.0000 accept=1.0000 swapped=True
i=4 pair=(0,6) lam_t=1.00714 lam_s=1.01143 tsr_diff=0.000691 integral_mean=0.000012 integral_std=0.000671 log_ratio=0.0000 accept=1.0000 swapped=True
i=4 pair=(2,4) lam_t=1.01571 lam_s=1.02000 tsr_diff=0.000689 integral_mean=-0.000032 integral_std=0.000785 log_ratio=-0.0775 accept=0.9254 swapped=True
i=5 pair=(3,7) lam_t=0.99429 lam_s=0.99857 tsr_diff=0.001051 integral_mean=0.000056 integral_std=0.001310 log_ratio=0.0000 accept=1.0000 swapped=True
i=5 pair=(1,6) lam_t=1.00286 lam_s=1.00714 tsr_diff=0.001046 integral_mean=0.000008 integral_std=0.001031 log_ratio=0.0000 accept=1.0000 swapped=True
i=5 pair=(0,4) lam_t=1.01143 lam_s=1.01571 tsr_diff=0.001042 integral_mean=-0.000011 integral_std=0.001056 log_ratio=-0.0268 accept=0.9736 swapped=True
i=6 pair=(5,7) lam_t=0.99000 lam_s=0.99429 tsr_diff=0.001459 integral_mean=-0.000042 integral_std=0.001477 log_ratio=-0.0997 accept=0.9051 swapped=True
i=6 pair=(3,6) lam_t=0.99857 lam_s=1.00286 tsr_diff=0.001450 integral_mean=0.000181 integral_std=0.001631 log_ratio=0.0000 accept=1.0000 swapped=True
i=6 pair=(1,4) lam_t=1.00714 lam_s=1.01143 tsr_diff=0.001442 integral_mean=-0.000023 integral_std=0.001589 log_ratio=-0.0551 accept=0.9463 swapped=True
i=6 pair=(0,2) lam_t=1.01571 lam_s=1.02000 tsr_diff=0.001433 integral_mean=-0.000029 integral_std=0.001374 log_ratio=-0.0698 accept=0.9326 swapped=True
i=7 pair=(5,6) lam_t=0.99429 lam_s=0.99857 tsr_diff=0.001888 integral_mean=0.000052 integral_std=0.001652 log_ratio=0.0000 accept=1.0000 swapped=True
i=7 pair=(3,4) lam_t=1.00286 lam_s=1.00714 tsr_diff=0.001874 integral_mean=0.000178 integral_std=0.002017 log_ratio=0.0000 accept=1.0000 swapped=True
i=7 pair=(1,2) lam_t=1.01143 lam_s=1.01571 tsr_diff=0.001860 integral_mean=0.000022 integral_std=0.001943 log_ratio=0.0000 accept=1.0000 swapped=True
i=8 pair=(7,6) lam_t=0.99000 lam_s=0.99429 tsr_diff=0.002345 integral_mean=0.000012 integral_std=0.002460 log_ratio=0.0000 accept=1.0000 swapped=True
i=8 pair=(5,4) lam_t=0.99857 lam_s=1.00286 tsr_diff=0.002323 integral_mean=0.000058 integral_std=0.002365 log_ratio=0.0000 accept=1.0000 swapped=True
i=8 pair=(3,2) lam_t=1.00714 lam_s=1.01143 tsr_diff=0.002302 integral_mean=0.000121 integral_std=0.002510 log_ratio=0.0000 accept=1.0000 swapped=True
i=8 pair=(1,0) lam_t=1.01571 lam_s=1.02000 tsr_diff=0.002281 integral_mean=0.000156 integral_std=0.002468 log_ratio=0.0000 accept=1.0000 swapped=True
i=9 pair=(7,4) lam_t=0.99429 lam_s=0.99857 tsr_diff=0.002773 integral_mean=0.000176 integral_std=0.003255 log_ratio=0.0000 accept=1.0000 swapped=True
i=9 pair=(5,2) lam_t=1.00286 lam_s=1.00714 tsr_diff=0.002742 integral_mean=0.000000 integral_std=0.002405 log_ratio=0.0000 accept=1.0000 swapped=True
i=9 pair=(3,0) lam_t=1.01143 lam_s=1.01571 tsr_diff=0.002712 integral_mean=0.000152 integral_std=0.003170 log_ratio=0.0000 accept=1.0000 swapped=True
i=10 pair=(6,4) lam_t=0.99000 lam_s=0.99429 tsr_diff=0.003206 integral_mean=0.000151 integral_std=0.003695 log_ratio=0.0000 accept=1.0000 swapped=True
i=10 pair=(7,2) lam_t=0.99857 lam_s=1.00286 tsr_diff=0.003165 integral_mean=0.000239 integral_std=0.003263 log_ratio=0.0000 accept=1.0000 swapped=True
i=10 pair=(5,0) lam_t=1.00714 lam_s=1.01143 tsr_diff=0.003125 integral_mean=0.000029 integral_std=0.002666 log_ratio=0.0000 accept=1.0000 swapped=True
i=10 pair=(3,1) lam_t=1.01571 lam_s=1.02000 tsr_diff=0.003086 integral_mean=0.000136 integral_std=0.004161 log_ratio=0.0000 accept=1.0000 swapped=True
i=11 pair=(6,2) lam_t=0.99429 lam_s=0.99857 tsr_diff=0.003554 integral_mean=0.000115 integral_std=0.003214 log_ratio=0.0000 accept=1.0000 swapped=True
i=11 pair=(7,0) lam_t=1.00286 lam_s=1.00714 tsr_diff=0.003505 integral_mean=0.000094 integral_std=0.004430 log_ratio=0.0000 accept=1.0000 swapped=True
i=11 pair=(5,1) lam_t=1.01143 lam_s=1.01571 tsr_diff=0.003456 integral_mean=-0.000385 integral_std=0.004253 log_ratio=-0.9246 accept=0.3967 swapped=False
i=12 pair=(4,2) lam_t=0.99000 lam_s=0.99429 tsr_diff=0.003894 integral_mean=0.000049 integral_std=0.005431 log_ratio=0.0000 accept=1.0000 swapped=True
i=12 pair=(6,0) lam_t=0.99857 lam_s=1.00286 tsr_diff=0.003834 integral_mean=0.000299 integral_std=0.003717 log_ratio=0.0000 accept=1.0000 swapped=True
i=12 pair=(7,5) lam_t=1.00714 lam_s=1.01143 tsr_diff=0.003776 integral_mean=0.000145 integral_std=0.005540 log_ratio=0.0000 accept=1.0000 swapped=True
i=12 pair=(1,3) lam_t=1.01571 lam_s=1.02000 tsr_diff=0.003719 integral_mean=-0.000175 integral_std=0.007597 log_ratio=-0.4199 accept=0.6571 swapped=True
i=13 pair=(4,0) lam_t=0.99429 lam_s=0.99857 tsr_diff=0.004100 integral_mean=-0.000234 integral_std=0.007276 log_ratio=-0.5617 accept=0.5702 swapped=True
i=13 pair=(6,5) lam_t=1.00286 lam_s=1.00714 tsr_diff=0.004034 integral_mean=0.000227 integral_std=0.004302 log_ratio=0.0000 accept=1.0000 swapped=True
i=13 pair=(7,3) lam_t=1.01143 lam_s=1.01571 tsr_diff=0.003969 integral_mean=0.001159 integral_std=0.013877 log_ratio=0.0000 accept=1.0000 swapped=True
Best Sample: 5 log probability -0.004
Saved 1 samples to: logs/pointmaze-giant-navigate-v0/inference/plans/release_H400_T256_LimitsNormalizer_b1_condFalse/2026-07-15 12:07:56/7/0.png
Saved 1 samples to: logs/pointmaze-giant-navigate-v0/inference/plans/release_H400_T256_LimitsNormalizer_b1_condFalse/2026-07-15 12:07:56/7/rollout.png
i=0 pair=(0,1) lam_t=0.99000 lam_s=0.99429 tsr_diff=0.000000 integral_mean=0.000000 integral_std=0.000000 log_ratio=0.0000 accept=1.0000 swapped=True
i=0 pair=(2,3) lam_t=0.99857 lam_s=1.00286 tsr_diff=0.000000 integral_mean=0.000000 integral_std=0.000000 log_ratio=0.0000 accept=1.0000 swapped=True
i=0 pair=(4,5) lam_t=1.00714 lam_s=1.01143 tsr_diff=0.000000 integral_mean=0.000000 integral_std=0.000000 log_ratio=0.0000 accept=1.0000 swapped=True
i=0 pair=(6,7) lam_t=1.01571 lam_s=1.02000 tsr_diff=0.000000 integral_mean=0.000000 integral_std=0.000000 log_ratio=0.0000 accept=1.0000 swapped=True
i=1 pair=(0,3) lam_t=0.99429 lam_s=0.99857 tsr_diff=0.000046 integral_mean=-0.000001 integral_std=0.000047 log_ratio=-0.0013 accept=0.9987 swapped=True
i=1 pair=(2,5) lam_t=1.00286 lam_s=1.00714 tsr_diff=0.000046 integral_mean=0.000002 integral_std=0.000045 log_ratio=0.0000 accept=1.0000 swapped=True
i=1 pair=(4,7) lam_t=1.01143 lam_s=1.01571 tsr_diff=0.000046 integral_mean=-0.000003 integral_std=0.000053 log_ratio=-0.0066 accept=0.9934 swapped=True
i=2 pair=(1,3) lam_t=0.99000 lam_s=0.99429 tsr_diff=0.000181 integral_mean=0.000015 integral_std=0.000215 log_ratio=0.0000 accept=1.0000 swapped=True
i=2 pair=(0,5) lam_t=0.99857 lam_s=1.00286 tsr_diff=0.000181 integral_mean=0.000007 integral_std=0.000182 log_ratio=0.0000 accept=1.0000 swapped=True
i=2 pair=(2,7) lam_t=1.00714 lam_s=1.01143 tsr_diff=0.000181 integral_mean=0.000001 integral_std=0.000182 log_ratio=0.0000 accept=1.0000 swapped=True
i=2 pair=(4,6) lam_t=1.01571 lam_s=1.02000 tsr_diff=0.000181 integral_mean=-0.000005 integral_std=0.000182 log_ratio=-0.0132 accept=0.9869 swapped=True
i=3 pair=(1,5) lam_t=0.99429 lam_s=0.99857 tsr_diff=0.000400 integral_mean=-0.000010 integral_std=0.000533 log_ratio=-0.0247 accept=0.9756 swapped=True
i=3 pair=(0,7) lam_t=1.00286 lam_s=1.00714 tsr_diff=0.000400 integral_mean=0.000000 integral_std=0.000421 log_ratio=0.0000 accept=1.0000 swapped=True
i=3 pair=(2,6) lam_t=1.01143 lam_s=1.01571 tsr_diff=0.000399 integral_mean=-0.000003 integral_std=0.000400 log_ratio=-0.0079 accept=0.9921 swapped=True
i=4 pair=(3,5) lam_t=0.99000 lam_s=0.99429 tsr_diff=0.000695 integral_mean=-0.000038 integral_std=0.000724 log_ratio=-0.0920 accept=0.9121 swapped=True
i=4 pair=(1,7) lam_t=0.99857 lam_s=1.00286 tsr_diff=0.000693 integral_mean=0.000034 integral_std=0.000727 log_ratio=0.0000 accept=1.0000 swapped=True
i=4 pair=(0,6) lam_t=1.00714 lam_s=1.01143 tsr_diff=0.000691 integral_mean=-0.000028 integral_std=0.000679 log_ratio=-0.0670 accept=0.9352 swapped=True
i=4 pair=(2,4) lam_t=1.01571 lam_s=1.02000 tsr_diff=0.000689 integral_mean=0.000014 integral_std=0.000699 log_ratio=0.0000 accept=1.0000 swapped=True
i=5 pair=(3,7) lam_t=0.99429 lam_s=0.99857 tsr_diff=0.001051 integral_mean=-0.000004 integral_std=0.001042 log_ratio=-0.0095 accept=0.9905 swapped=True
i=5 pair=(1,6) lam_t=1.00286 lam_s=1.00714 tsr_diff=0.001046 integral_mean=-0.000005 integral_std=0.001048 log_ratio=-0.0132 accept=0.9869 swapped=True
i=5 pair=(0,4) lam_t=1.01143 lam_s=1.01571 tsr_diff=0.001042 integral_mean=-0.000064 integral_std=0.001037 log_ratio=-0.1537 accept=0.8575 swapped=True
i=6 pair=(5,7) lam_t=0.99000 lam_s=0.99429 tsr_diff=0.001459 integral_mean=0.000006 integral_std=0.001428 log_ratio=0.0000 accept=1.0000 swapped=True
i=6 pair=(3,6) lam_t=0.99857 lam_s=1.00286 tsr_diff=0.001450 integral_mean=-0.000068 integral_std=0.001533 log_ratio=-0.1643 accept=0.8485 swapped=True
i=6 pair=(1,4) lam_t=1.00714 lam_s=1.01143 tsr_diff=0.001442 integral_mean=0.000014 integral_std=0.001582 log_ratio=0.0000 accept=1.0000 swapped=True
i=6 pair=(0,2) lam_t=1.01571 lam_s=1.02000 tsr_diff=0.001433 integral_mean=0.000021 integral_std=0.001396 log_ratio=0.0000 accept=1.0000 swapped=True
i=7 pair=(5,6) lam_t=0.99429 lam_s=0.99857 tsr_diff=0.001888 integral_mean=-0.000033 integral_std=0.001923 log_ratio=-0.0784 accept=0.9246 swapped=True
i=7 pair=(3,4) lam_t=1.00286 lam_s=1.00714 tsr_diff=0.001874 integral_mean=-0.000008 integral_std=0.001811 log_ratio=-0.0198 accept=0.9804 swapped=True
i=7 pair=(1,2) lam_t=1.01143 lam_s=1.01571 tsr_diff=0.001860 integral_mean=0.000101 integral_std=0.002192 log_ratio=0.0000 accept=1.0000 swapped=True
i=8 pair=(7,6) lam_t=0.99000 lam_s=0.99429 tsr_diff=0.002345 integral_mean=-0.000003 integral_std=0.002594 log_ratio=-0.0061 accept=0.9939 swapped=True
i=8 pair=(5,4) lam_t=0.99857 lam_s=1.00286 tsr_diff=0.002323 integral_mean=0.000004 integral_std=0.002374 log_ratio=0.0000 accept=1.0000 swapped=True
i=8 pair=(3,2) lam_t=1.00714 lam_s=1.01143 tsr_diff=0.002302 integral_mean=-0.000032 integral_std=0.002203 log_ratio=-0.0758 accept=0.9270 swapped=True
i=8 pair=(1,0) lam_t=1.01571 lam_s=1.02000 tsr_diff=0.002281 integral_mean=0.000186 integral_std=0.002689 log_ratio=0.0000 accept=1.0000 swapped=True
i=9 pair=(7,4) lam_t=0.99429 lam_s=0.99857 tsr_diff=0.002773 integral_mean=0.000083 integral_std=0.003111 log_ratio=0.0000 accept=1.0000 swapped=True
i=9 pair=(5,2) lam_t=1.00286 lam_s=1.00714 tsr_diff=0.002742 integral_mean=0.000030 integral_std=0.002597 log_ratio=0.0000 accept=1.0000 swapped=True
i=9 pair=(3,0) lam_t=1.01143 lam_s=1.01571 tsr_diff=0.002712 integral_mean=-0.000107 integral_std=0.002860 log_ratio=-0.2572 accept=0.7732 swapped=True
i=10 pair=(6,4) lam_t=0.99000 lam_s=0.99429 tsr_diff=0.003206 integral_mean=-0.000021 integral_std=0.003393 log_ratio=-0.0502 accept=0.9511 swapped=True
i=10 pair=(7,2) lam_t=0.99857 lam_s=1.00286 tsr_diff=0.003165 integral_mean=0.000235 integral_std=0.003527 log_ratio=0.0000 accept=1.0000 swapped=True
i=10 pair=(5,0) lam_t=1.00714 lam_s=1.01143 tsr_diff=0.003125 integral_mean=0.000009 integral_std=0.003183 log_ratio=0.0000 accept=1.0000 swapped=True
i=10 pair=(3,1) lam_t=1.01571 lam_s=1.02000 tsr_diff=0.003086 integral_mean=-0.000195 integral_std=0.003665 log_ratio=-0.4682 accept=0.6261 swapped=False
i=11 pair=(6,2) lam_t=0.99429 lam_s=0.99857 tsr_diff=0.003554 integral_mean=0.000183 integral_std=0.004507 log_ratio=0.0000 accept=1.0000 swapped=True
i=11 pair=(7,0) lam_t=1.00286 lam_s=1.00714 tsr_diff=0.003505 integral_mean=0.000093 integral_std=0.004675 log_ratio=0.0000 accept=1.0000 swapped=True
i=11 pair=(5,3) lam_t=1.01143 lam_s=1.01571 tsr_diff=0.003456 integral_mean=-0.000003 integral_std=0.004883 log_ratio=-0.0072 accept=0.9929 swapped=True
i=12 pair=(4,2) lam_t=0.99000 lam_s=0.99429 tsr_diff=0.003894 integral_mean=0.000116 integral_std=0.004361 log_ratio=0.0000 accept=1.0000 swapped=True
i=12 pair=(6,0) lam_t=0.99857 lam_s=1.00286 tsr_diff=0.003834 integral_mean=0.000339 integral_std=0.005644 log_ratio=0.0000 accept=1.0000 swapped=True
i=12 pair=(7,3) lam_t=1.00714 lam_s=1.01143 tsr_diff=0.003776 integral_mean=0.000070 integral_std=0.004381 log_ratio=0.0000 accept=1.0000 swapped=True
i=12 pair=(5,1) lam_t=1.01571 lam_s=1.02000 tsr_diff=0.003719 integral_mean=-0.000346 integral_std=0.006413 log_ratio=-0.8302 accept=0.4360 swapped=True
i=13 pair=(4,0) lam_t=0.99429 lam_s=0.99857 tsr_diff=0.004100 integral_mean=0.000203 integral_std=0.006560 log_ratio=0.0000 accept=1.0000 swapped=True
i=13 pair=(6,3) lam_t=1.00286 lam_s=1.00714 tsr_diff=0.004034 integral_mean=0.000380 integral_std=0.008776 log_ratio=0.0000 accept=1.0000 swapped=True
i=13 pair=(7,1) lam_t=1.01143 lam_s=1.01571 tsr_diff=0.003969 integral_mean=0.000364 integral_std=0.008673 log_ratio=0.0000 accept=1.0000 swapped=True
Best Sample: 0 log probability -1.250
Saved 1 samples to: logs/pointmaze-giant-navigate-v0/inference/plans/release_H400_T256_LimitsNormalizer_b1_condFalse/2026-07-15 12:07:56/8/0.png
Saved 1 samples to: logs/pointmaze-giant-navigate-v0/inference/plans/release_H400_T256_LimitsNormalizer_b1_condFalse/2026-07-15 12:07:56/8/rollout.png
i=0 pair=(0,1) lam_t=0.99000 lam_s=0.99429 tsr_diff=0.000000 integral_mean=0.000000 integral_std=0.000000 log_ratio=0.0000 accept=1.0000 swapped=True
i=0 pair=(2,3) lam_t=0.99857 lam_s=1.00286 tsr_diff=0.000000 integral_mean=0.000000 integral_std=0.000000 log_ratio=0.0000 accept=1.0000 swapped=True
i=0 pair=(4,5) lam_t=1.00714 lam_s=1.01143 tsr_diff=0.000000 integral_mean=0.000000 integral_std=0.000000 log_ratio=0.0000 accept=1.0000 swapped=True
i=0 pair=(6,7) lam_t=1.01571 lam_s=1.02000 tsr_diff=0.000000 integral_mean=0.000000 integral_std=0.000000 log_ratio=0.0000 accept=1.0000 swapped=True
i=1 pair=(0,3) lam_t=0.99429 lam_s=0.99857 tsr_diff=0.000046 integral_mean=0.000001 integral_std=0.000046 log_ratio=0.0000 accept=1.0000 swapped=True
i=1 pair=(2,5) lam_t=1.00286 lam_s=1.00714 tsr_diff=0.000046 integral_mean=0.000000 integral_std=0.000046 log_ratio=0.0000 accept=1.0000 swapped=True
i=1 pair=(4,7) lam_t=1.01143 lam_s=1.01571 tsr_diff=0.000046 integral_mean=-0.000000 integral_std=0.000047 log_ratio=-0.0004 accept=0.9996 swapped=True
i=2 pair=(1,3) lam_t=0.99000 lam_s=0.99429 tsr_diff=0.000181 integral_mean=0.000002 integral_std=0.000197 log_ratio=0.0000 accept=1.0000 swapped=True
i=2 pair=(0,5) lam_t=0.99857 lam_s=1.00286 tsr_diff=0.000181 integral_mean=0.000002 integral_std=0.000183 log_ratio=0.0000 accept=1.0000 swapped=True
i=2 pair=(2,7) lam_t=1.00714 lam_s=1.01143 tsr_diff=0.000181 integral_mean=-0.000003 integral_std=0.000187 log_ratio=-0.0081 accept=0.9919 swapped=True
i=2 pair=(4,6) lam_t=1.01571 lam_s=1.02000 tsr_diff=0.000181 integral_mean=0.000001 integral_std=0.000195 log_ratio=0.0000 accept=1.0000 swapped=True
i=3 pair=(1,5) lam_t=0.99429 lam_s=0.99857 tsr_diff=0.000400 integral_mean=0.000009 integral_std=0.000420 log_ratio=0.0000 accept=1.0000 swapped=True
i=3 pair=(0,7) lam_t=1.00286 lam_s=1.00714 tsr_diff=0.000400 integral_mean=0.000003 integral_std=0.000407 log_ratio=0.0000 accept=1.0000 swapped=True
i=3 pair=(2,6) lam_t=1.01143 lam_s=1.01571 tsr_diff=0.000399 integral_mean=-0.000014 integral_std=0.000413 log_ratio=-0.0329 accept=0.9677 swapped=True
i=4 pair=(3,5) lam_t=0.99000 lam_s=0.99429 tsr_diff=0.000695 integral_mean=0.000020 integral_std=0.000712 log_ratio=0.0000 accept=1.0000 swapped=True
i=4 pair=(1,7) lam_t=0.99857 lam_s=1.00286 tsr_diff=0.000693 integral_mean=-0.000021 integral_std=0.000732 log_ratio=-0.0510 accept=0.9502 swapped=True
i=4 pair=(0,6) lam_t=1.00714 lam_s=1.01143 tsr_diff=0.000691 integral_mean=0.000014 integral_std=0.000757 log_ratio=0.0000 accept=1.0000 swapped=True
i=4 pair=(2,4) lam_t=1.01571 lam_s=1.02000 tsr_diff=0.000689 integral_mean=0.000006 integral_std=0.000655 log_ratio=0.0000 accept=1.0000 swapped=True
i=5 pair=(3,7) lam_t=0.99429 lam_s=0.99857 tsr_diff=0.001051 integral_mean=-0.000033 integral_std=0.001053 log_ratio=-0.0781 accept=0.9249 swapped=True
i=5 pair=(1,6) lam_t=1.00286 lam_s=1.00714 tsr_diff=0.001046 integral_mean=0.000035 integral_std=0.001089 log_ratio=0.0000 accept=1.0000 swapped=True
i=5 pair=(0,4) lam_t=1.01143 lam_s=1.01571 tsr_diff=0.001042 integral_mean=0.000051 integral_std=0.001161 log_ratio=0.0000 accept=1.0000 swapped=True
i=6 pair=(5,7) lam_t=0.99000 lam_s=0.99429 tsr_diff=0.001459 integral_mean=-0.000053 integral_std=0.001515 log_ratio=-0.1265 accept=0.8812 swapped=False
i=6 pair=(3,6) lam_t=0.99857 lam_s=1.00286 tsr_diff=0.001450 integral_mean=0.000063 integral_std=0.001492 log_ratio=0.0000 accept=1.0000 swapped=True
i=6 pair=(1,4) lam_t=1.00714 lam_s=1.01143 tsr_diff=0.001442 integral_mean=0.000017 integral_std=0.001455 log_ratio=0.0000 accept=1.0000 swapped=True
i=6 pair=(0,2) lam_t=1.01571 lam_s=1.02000 tsr_diff=0.001433 integral_mean=0.000057 integral_std=0.001371 log_ratio=0.0000 accept=1.0000 swapped=True
i=7 pair=(7,6) lam_t=0.99429 lam_s=0.99857 tsr_diff=0.001888 integral_mean=0.000030 integral_std=0.002011 log_ratio=0.0000 accept=1.0000 swapped=True
i=7 pair=(3,4) lam_t=1.00286 lam_s=1.00714 tsr_diff=0.001874 integral_mean=0.000080 integral_std=0.001984 log_ratio=0.0000 accept=1.0000 swapped=True
i=7 pair=(1,2) lam_t=1.01143 lam_s=1.01571 tsr_diff=0.001860 integral_mean=0.000079 integral_std=0.001795 log_ratio=0.0000 accept=1.0000 swapped=True
i=8 pair=(5,6) lam_t=0.99000 lam_s=0.99429 tsr_diff=0.002345 integral_mean=-0.000077 integral_std=0.002441 log_ratio=-0.1840 accept=0.8320 swapped=True
i=8 pair=(7,4) lam_t=0.99857 lam_s=1.00286 tsr_diff=0.002323 integral_mean=0.000033 integral_std=0.002567 log_ratio=0.0000 accept=1.0000 swapped=True
i=8 pair=(3,2) lam_t=1.00714 lam_s=1.01143 tsr_diff=0.002302 integral_mean=0.000112 integral_std=0.002373 log_ratio=0.0000 accept=1.0000 swapped=True
i=8 pair=(1,0) lam_t=1.01571 lam_s=1.02000 tsr_diff=0.002281 integral_mean=0.000078 integral_std=0.002360 log_ratio=0.0000 accept=1.0000 swapped=True
i=9 pair=(5,4) lam_t=0.99429 lam_s=0.99857 tsr_diff=0.002773 integral_mean=-0.000109 integral_std=0.002351 log_ratio=-0.2627 accept=0.7690 swapped=False
i=9 pair=(7,2) lam_t=1.00286 lam_s=1.00714 tsr_diff=0.002742 integral_mean=0.000160 integral_std=0.003332 log_ratio=0.0000 accept=1.0000 swapped=True
i=9 pair=(3,0) lam_t=1.01143 lam_s=1.01571 tsr_diff=0.002712 integral_mean=0.000239 integral_std=0.003479 log_ratio=0.0000 accept=1.0000 swapped=True
i=10 pair=(6,5) lam_t=0.99000 lam_s=0.99429 tsr_diff=0.003206 integral_mean=0.000116 integral_std=0.003599 log_ratio=0.0000 accept=1.0000 swapped=True
i=10 pair=(4,2) lam_t=0.99857 lam_s=1.00286 tsr_diff=0.003165 integral_mean=0.000111 integral_std=0.003343 log_ratio=0.0000 accept=1.0000 swapped=True
i=10 pair=(7,0) lam_t=1.00714 lam_s=1.01143 tsr_diff=0.003125 integral_mean=0.000227 integral_std=0.004115 log_ratio=0.0000 accept=1.0000 swapped=True
i=10 pair=(3,1) lam_t=1.01571 lam_s=1.02000 tsr_diff=0.003086 integral_mean=0.000070 integral_std=0.004104 log_ratio=0.0000 accept=1.0000 swapped=True
i=11 pair=(6,2) lam_t=0.99429 lam_s=0.99857 tsr_diff=0.003554 integral_mean=-0.000028 integral_std=0.003563 log_ratio=-0.0684 accept=0.9339 swapped=True
i=11 pair=(4,0) lam_t=1.00286 lam_s=1.00714 tsr_diff=0.003505 integral_mean=-0.000053 integral_std=0.004481 log_ratio=-0.1270 accept=0.8807 swapped=True
i=11 pair=(7,1) lam_t=1.01143 lam_s=1.01571 tsr_diff=0.003456 integral_mean=0.000028 integral_std=0.005347 log_ratio=0.0000 accept=1.0000 swapped=True
i=12 pair=(5,2) lam_t=0.99000 lam_s=0.99429 tsr_diff=0.003894 integral_mean=0.000008 integral_std=0.004535 log_ratio=0.0000 accept=1.0000 swapped=True
i=12 pair=(6,0) lam_t=0.99857 lam_s=1.00286 tsr_diff=0.003834 integral_mean=-0.000315 integral_std=0.006101 log_ratio=-0.7556 accept=0.4698 swapped=False
i=12 pair=(4,1) lam_t=1.00714 lam_s=1.01143 tsr_diff=0.003776 integral_mean=-0.000109 integral_std=0.004771 log_ratio=-0.2615 accept=0.7699 swapped=True
i=12 pair=(7,3) lam_t=1.01571 lam_s=1.02000 tsr_diff=0.003719 integral_mean=-0.000103 integral_std=0.007884 log_ratio=-0.2481 accept=0.7803 swapped=True
i=13 pair=(5,6) lam_t=0.99429 lam_s=0.99857 tsr_diff=0.004100 integral_mean=0.000041 integral_std=0.007150 log_ratio=0.0000 accept=1.0000 swapped=True
i=13 pair=(0,1) lam_t=1.00286 lam_s=1.00714 tsr_diff=0.004034 integral_mean=-0.000133 integral_std=0.008470 log_ratio=-0.3186 accept=0.7272 swapped=True
i=13 pair=(4,3) lam_t=1.01143 lam_s=1.01571 tsr_diff=0.003969 integral_mean=-0.000564 integral_std=0.012172 log_ratio=-1.3527 accept=0.2585 swapped=False
Best Sample: 5 log probability 0.000
Saved 1 samples to: logs/pointmaze-giant-navigate-v0/inference/plans/release_H400_T256_LimitsNormalizer_b1_condFalse/2026-07-15 12:07:56/9/0.png
Saved 1 samples to: logs/pointmaze-giant-navigate-v0/inference/plans/release_H400_T256_LimitsNormalizer_b1_condFalse/2026-07-15 12:07:56/9/rollout.png
i=0 pair=(0,1) lam_t=0.99000 lam_s=0.99429 tsr_diff=0.000000 integral_mean=0.000000 integral_std=0.000000 log_ratio=0.0000 accept=1.0000 swapped=True
i=0 pair=(2,3) lam_t=0.99857 lam_s=1.00286 tsr_diff=0.000000 integral_mean=0.000000 integral_std=0.000000 log_ratio=0.0000 accept=1.0000 swapped=True
i=0 pair=(4,5) lam_t=1.00714 lam_s=1.01143 tsr_diff=0.000000 integral_mean=0.000000 integral_std=0.000000 log_ratio=0.0000 accept=1.0000 swapped=True
i=0 pair=(6,7) lam_t=1.01571 lam_s=1.02000 tsr_diff=0.000000 integral_mean=0.000000 integral_std=0.000000 log_ratio=0.0000 accept=1.0000 swapped=True
i=1 pair=(0,3) lam_t=0.99429 lam_s=0.99857 tsr_diff=0.000046 integral_mean=-0.000000 integral_std=0.000045 log_ratio=-0.0011 accept=0.9989 swapped=True
i=1 pair=(2,5) lam_t=1.00286 lam_s=1.00714 tsr_diff=0.000046 integral_mean=-0.000001 integral_std=0.000047 log_ratio=-0.0018 accept=0.9982 swapped=True
i=1 pair=(4,7) lam_t=1.01143 lam_s=1.01571 tsr_diff=0.000046 integral_mean=0.000001 integral_std=0.000046 log_ratio=0.0000 accept=1.0000 swapped=True
i=2 pair=(1,3) lam_t=0.99000 lam_s=0.99429 tsr_diff=0.000181 integral_mean=0.000025 integral_std=0.000209 log_ratio=0.0000 accept=1.0000 swapped=True
i=2 pair=(0,5) lam_t=0.99857 lam_s=1.00286 tsr_diff=0.000181 integral_mean=0.000001 integral_std=0.000174 log_ratio=0.0000 accept=1.0000 swapped=True
i=2 pair=(2,7) lam_t=1.00714 lam_s=1.01143 tsr_diff=0.000181 integral_mean=0.000000 integral_std=0.000196 log_ratio=0.0000 accept=1.0000 swapped=True
i=2 pair=(4,6) lam_t=1.01571 lam_s=1.02000 tsr_diff=0.000181 integral_mean=0.000004 integral_std=0.000178 log_ratio=0.0000 accept=1.0000 swapped=True
i=3 pair=(1,5) lam_t=0.99429 lam_s=0.99857 tsr_diff=0.000400 integral_mean=0.000009 integral_std=0.000419 log_ratio=0.0000 accept=1.0000 swapped=True
i=3 pair=(0,7) lam_t=1.00286 lam_s=1.00714 tsr_diff=0.000400 integral_mean=-0.000029 integral_std=0.000434 log_ratio=-0.0696 accept=0.9328 swapped=True
i=3 pair=(2,6) lam_t=1.01143 lam_s=1.01571 tsr_diff=0.000399 integral_mean=0.000001 integral_std=0.000410 log_ratio=0.0000 accept=1.0000 swapped=True
i=4 pair=(3,5) lam_t=0.99000 lam_s=0.99429 tsr_diff=0.000695 integral_mean=0.000050 integral_std=0.000729 log_ratio=0.0000 accept=1.0000 swapped=True
i=4 pair=(1,7) lam_t=0.99857 lam_s=1.00286 tsr_diff=0.000693 integral_mean=-0.000070 integral_std=0.000829 log_ratio=-0.1688 accept=0.8447 swapped=True
i=4 pair=(0,6) lam_t=1.00714 lam_s=1.01143 tsr_diff=0.000691 integral_mean=-0.000016 integral_std=0.000695 log_ratio=-0.0391 accept=0.9617 swapped=True
i=4 pair=(2,4) lam_t=1.01571 lam_s=1.02000 tsr_diff=0.000689 integral_mean=-0.000025 integral_std=0.000684 log_ratio=-0.0594 accept=0.9424 swapped=True
i=5 pair=(3,7) lam_t=0.99429 lam_s=0.99857 tsr_diff=0.001051 integral_mean=-0.000008 integral_std=0.001016 log_ratio=-0.0196 accept=0.9806 swapped=True
i=5 pair=(1,6) lam_t=1.00286 lam_s=1.00714 tsr_diff=0.001046 integral_mean=0.000092 integral_std=0.001143 log_ratio=0.0000 accept=1.0000 swapped=True
i=5 pair=(0,4) lam_t=1.01143 lam_s=1.01571 tsr_diff=0.001042 integral_mean=0.000020 integral_std=0.001003 log_ratio=0.0000 accept=1.0000 swapped=True
i=6 pair=(5,7) lam_t=0.99000 lam_s=0.99429 tsr_diff=0.001459 integral_mean=0.000022 integral_std=0.001512 log_ratio=0.0000 accept=1.0000 swapped=True
i=6 pair=(3,6) lam_t=0.99857 lam_s=1.00286 tsr_diff=0.001450 integral_mean=0.000037 integral_std=0.001427 log_ratio=0.0000 accept=1.0000 swapped=True
i=6 pair=(1,4) lam_t=1.00714 lam_s=1.01143 tsr_diff=0.001442 integral_mean=0.000040 integral_std=0.001477 log_ratio=0.0000 accept=1.0000 swapped=True
i=6 pair=(0,2) lam_t=1.01571 lam_s=1.02000 tsr_diff=0.001433 integral_mean=-0.000029 integral_std=0.001518 log_ratio=-0.0699 accept=0.9325 swapped=True
i=7 pair=(5,6) lam_t=0.99429 lam_s=0.99857 tsr_diff=0.001888 integral_mean=-0.000006 integral_std=0.001989 log_ratio=-0.0156 accept=0.9845 swapped=True
i=7 pair=(3,4) lam_t=1.00286 lam_s=1.00714 tsr_diff=0.001874 integral_mean=0.000065 integral_std=0.001935 log_ratio=0.0000 accept=1.0000 swapped=True
i=7 pair=(1,2) lam_t=1.01143 lam_s=1.01571 tsr_diff=0.001860 integral_mean=-0.000011 integral_std=0.001954 log_ratio=-0.0269 accept=0.9735 swapped=True
i=8 pair=(7,6) lam_t=0.99000 lam_s=0.99429 tsr_diff=0.002345 integral_mean=0.000125 integral_std=0.002470 log_ratio=0.0000 accept=1.0000 swapped=True
i=8 pair=(5,4) lam_t=0.99857 lam_s=1.00286 tsr_diff=0.002323 integral_mean=0.000102 integral_std=0.002270 log_ratio=0.0000 accept=1.0000 swapped=True
i=8 pair=(3,2) lam_t=1.00714 lam_s=1.01143 tsr_diff=0.002302 integral_mean=0.000027 integral_std=0.002396 log_ratio=0.0000 accept=1.0000 swapped=True
i=8 pair=(1,0) lam_t=1.01571 lam_s=1.02000 tsr_diff=0.002281 integral_mean=-0.000137 integral_std=0.002742 log_ratio=-0.3295 accept=0.7193 swapped=False
i=9 pair=(7,4) lam_t=0.99429 lam_s=0.99857 tsr_diff=0.002773 integral_mean=0.000246 integral_std=0.003391 log_ratio=0.0000 accept=1.0000 swapped=True
i=9 pair=(5,2) lam_t=1.00286 lam_s=1.00714 tsr_diff=0.002742 integral_mean=-0.000026 integral_std=0.003131 log_ratio=-0.0633 accept=0.9387 swapped=True
i=9 pair=(3,1) lam_t=1.01143 lam_s=1.01571 tsr_diff=0.002712 integral_mean=0.000091 integral_std=0.002999 log_ratio=0.0000 accept=1.0000 swapped=True
i=10 pair=(6,4) lam_t=0.99000 lam_s=0.99429 tsr_diff=0.003206 integral_mean=0.000086 integral_std=0.003728 log_ratio=0.0000 accept=1.0000 swapped=True
i=10 pair=(7,2) lam_t=0.99857 lam_s=1.00286 tsr_diff=0.003165 integral_mean=0.000161 integral_std=0.003717 log_ratio=0.0000 accept=1.0000 swapped=True
i=10 pair=(5,1) lam_t=1.00714 lam_s=1.01143 tsr_diff=0.003125 integral_mean=-0.000103 integral_std=0.003893 log_ratio=-0.2483 accept=0.7801 swapped=False
i=10 pair=(3,0) lam_t=1.01571 lam_s=1.02000 tsr_diff=0.003086 integral_mean=-0.000097 integral_std=0.003651 log_ratio=-0.2329 accept=0.7922 swapped=True
i=11 pair=(6,2) lam_t=0.99429 lam_s=0.99857 tsr_diff=0.003554 integral_mean=0.000118 integral_std=0.005106 log_ratio=0.0000 accept=1.0000 swapped=True
i=11 pair=(7,5) lam_t=1.00286 lam_s=1.00714 tsr_diff=0.003505 integral_mean=0.000069 integral_std=0.005528 log_ratio=0.0000 accept=1.0000 swapped=True
i=11 pair=(1,0) lam_t=1.01143 lam_s=1.01571 tsr_diff=0.003456 integral_mean=-0.000008 integral_std=0.005072 log_ratio=-0.0188 accept=0.9813 swapped=True
i=12 pair=(4,2) lam_t=0.99000 lam_s=0.99429 tsr_diff=0.003894 integral_mean=-0.000158 integral_std=0.005559 log_ratio=-0.3802 accept=0.6837 swapped=True
i=12 pair=(6,5) lam_t=0.99857 lam_s=1.00286 tsr_diff=0.003834 integral_mean=-0.000135 integral_std=0.006432 log_ratio=-0.3247 accept=0.7227 swapped=True
i=12 pair=(7,0) lam_t=1.00714 lam_s=1.01143 tsr_diff=0.003776 integral_mean=0.000215 integral_std=0.006763 log_ratio=0.0000 accept=1.0000 swapped=True
i=12 pair=(1,3) lam_t=1.01571 lam_s=1.02000 tsr_diff=0.003719 integral_mean=-0.000163 integral_std=0.005566 log_ratio=-0.3908 accept=0.6765 swapped=True
i=13 pair=(4,5) lam_t=0.99429 lam_s=0.99857 tsr_diff=0.004100 integral_mean=-0.000472 integral_std=0.007136 log_ratio=-1.1331 accept=0.3220 swapped=True
i=13 pair=(6,0) lam_t=1.00286 lam_s=1.00714 tsr_diff=0.004034 integral_mean=0.000324 integral_std=0.009103 log_ratio=0.0000 accept=1.0000 swapped=True
i=13 pair=(7,3) lam_t=1.01143 lam_s=1.01571 tsr_diff=0.003969 integral_mean=0.000075 integral_std=0.008340 log_ratio=0.0000 accept=1.0000 swapped=True
Best Sample: 4 log probability -2.326
Saved 1 samples to: logs/pointmaze-giant-navigate-v0/inference/plans/release_H400_T256_LimitsNormalizer_b1_condFalse/2026-07-15 12:07:56/10/0.png
Saved 1 samples to: logs/pointmaze-giant-navigate-v0/inference/plans/release_H400_T256_LimitsNormalizer_b1_condFalse/2026-07-15 12:07:56/10/rollout.png
i=0 pair=(0,1) lam_t=0.99000 lam_s=0.99429 tsr_diff=0.000000 integral_mean=0.000000 integral_std=0.000000 log_ratio=0.0000 accept=1.0000 swapped=True
i=0 pair=(2,3) lam_t=0.99857 lam_s=1.00286 tsr_diff=0.000000 integral_mean=0.000000 integral_std=0.000000 log_ratio=0.0000 accept=1.0000 swapped=True
i=0 pair=(4,5) lam_t=1.00714 lam_s=1.01143 tsr_diff=0.000000 integral_mean=0.000000 integral_std=0.000000 log_ratio=0.0000 accept=1.0000 swapped=True
i=0 pair=(6,7) lam_t=1.01571 lam_s=1.02000 tsr_diff=0.000000 integral_mean=0.000000 integral_std=0.000000 log_ratio=0.0000 accept=1.0000 swapped=True
i=1 pair=(0,3) lam_t=0.99429 lam_s=0.99857 tsr_diff=0.000046 integral_mean=-0.000001 integral_std=0.000047 log_ratio=-0.0022 accept=0.9978 swapped=True
i=1 pair=(2,5) lam_t=1.00286 lam_s=1.00714 tsr_diff=0.000046 integral_mean=0.000001 integral_std=0.000051 log_ratio=0.0000 accept=1.0000 swapped=True
i=1 pair=(4,7) lam_t=1.01143 lam_s=1.01571 tsr_diff=0.000046 integral_mean=-0.000001 integral_std=0.000049 log_ratio=-0.0024 accept=0.9976 swapped=True
i=2 pair=(1,3) lam_t=0.99000 lam_s=0.99429 tsr_diff=0.000181 integral_mean=-0.000001 integral_std=0.000178 log_ratio=-0.0034 accept=0.9966 swapped=True
i=2 pair=(0,5) lam_t=0.99857 lam_s=1.00286 tsr_diff=0.000181 integral_mean=0.000001 integral_std=0.000182 log_ratio=0.0000 accept=1.0000 swapped=True
i=2 pair=(2,7) lam_t=1.00714 lam_s=1.01143 tsr_diff=0.000181 integral_mean=0.000000 integral_std=0.000178 log_ratio=0.0000 accept=1.0000 swapped=True
i=2 pair=(4,6) lam_t=1.01571 lam_s=1.02000 tsr_diff=0.000181 integral_mean=0.000003 integral_std=0.000176 log_ratio=0.0000 accept=1.0000 swapped=True
i=3 pair=(1,5) lam_t=0.99429 lam_s=0.99857 tsr_diff=0.000400 integral_mean=-0.000000 integral_std=0.000445 log_ratio=-0.0004 accept=0.9996 swapped=True
i=3 pair=(0,7) lam_t=1.00286 lam_s=1.00714 tsr_diff=0.000400 integral_mean=-0.000004 integral_std=0.000430 log_ratio=-0.0087 accept=0.9913 swapped=True
i=3 pair=(2,6) lam_t=1.01143 lam_s=1.01571 tsr_diff=0.000399 integral_mean=-0.000036 integral_std=0.000490 log_ratio=-0.0858 accept=0.9178 swapped=True
i=4 pair=(3,5) lam_t=0.99000 lam_s=0.99429 tsr_diff=0.000695 integral_mean=-0.000007 integral_std=0.000882 log_ratio=-0.0168 accept=0.9834 swapped=True
i=4 pair=(1,7) lam_t=0.99857 lam_s=1.00286 tsr_diff=0.000693 integral_mean=0.000073 integral_std=0.000773 log_ratio=0.0000 accept=1.0000 swapped=True
i=4 pair=(0,6) lam_t=1.00714 lam_s=1.01143 tsr_diff=0.000691 integral_mean=0.000032 integral_std=0.000714 log_ratio=0.0000 accept=1.0000 swapped=True
i=4 pair=(2,4) lam_t=1.01571 lam_s=1.02000 tsr_diff=0.000689 integral_mean=-0.000081 integral_std=0.000930 log_ratio=-0.1948 accept=0.8230 swapped=False
i=5 pair=(3,7) lam_t=0.99429 lam_s=0.99857 tsr_diff=0.001051 integral_mean=0.000110 integral_std=0.001214 log_ratio=0.0000 accept=1.0000 swapped=True
i=5 pair=(1,6) lam_t=1.00286 lam_s=1.00714 tsr_diff=0.001046 integral_mean=0.000065 integral_std=0.001100 log_ratio=0.0000 accept=1.0000 swapped=True
i=5 pair=(0,2) lam_t=1.01143 lam_s=1.01571 tsr_diff=0.001042 integral_mean=-0.000267 integral_std=0.001530 log_ratio=-0.6400 accept=0.5273 swapped=False
i=6 pair=(5,7) lam_t=0.99000 lam_s=0.99429 tsr_diff=0.001459 integral_mean=0.000036 integral_std=0.001484 log_ratio=0.0000 accept=1.0000 swapped=True
i=6 pair=(3,6) lam_t=0.99857 lam_s=1.00286 tsr_diff=0.001450 integral_mean=0.000112 integral_std=0.001606 log_ratio=0.0000 accept=1.0000 swapped=True
i=6 pair=(1,0) lam_t=1.00714 lam_s=1.01143 tsr_diff=0.001442 integral_mean=-0.000039 integral_std=0.001609 log_ratio=-0.0928 accept=0.9114 swapped=True
i=6 pair=(2,4) lam_t=1.01571 lam_s=1.02000 tsr_diff=0.001433 integral_mean=0.000178 integral_std=0.001665 log_ratio=0.0000 accept=1.0000 swapped=True
i=7 pair=(5,6) lam_t=0.99429 lam_s=0.99857 tsr_diff=0.001888 integral_mean=0.000014 integral_std=0.001841 log_ratio=0.0000 accept=1.0000 swapped=True
i=7 pair=(3,0) lam_t=1.00286 lam_s=1.00714 tsr_diff=0.001874 integral_mean=0.000064 integral_std=0.002221 log_ratio=0.0000 accept=1.0000 swapped=True
i=7 pair=(1,4) lam_t=1.01143 lam_s=1.01571 tsr_diff=0.001860 integral_mean=0.000060 integral_std=0.002034 log_ratio=0.0000 accept=1.0000 swapped=True
i=8 pair=(7,6) lam_t=0.99000 lam_s=0.99429 tsr_diff=0.002345 integral_mean=-0.000031 integral_std=0.002474 log_ratio=-0.0744 accept=0.9283 swapped=True
i=8 pair=(5,0) lam_t=0.99857 lam_s=1.00286 tsr_diff=0.002323 integral_mean=-0.000078 integral_std=0.002637 log_ratio=-0.1881 accept=0.8285 swapped=True
i=8 pair=(3,4) lam_t=1.00714 lam_s=1.01143 tsr_diff=0.002302 integral_mean=0.000088 integral_std=0.002664 log_ratio=0.0000 accept=1.0000 swapped=True
i=8 pair=(1,2) lam_t=1.01571 lam_s=1.02000 tsr_diff=0.002281 integral_mean=-0.000222 integral_std=0.002593 log_ratio=-0.5339 accept=0.5863 swapped=True
i=9 pair=(7,0) lam_t=0.99429 lam_s=0.99857 tsr_diff=0.002773 integral_mean=-0.000179 integral_std=0.003145 log_ratio=-0.4301 accept=0.6505 swapped=True
i=9 pair=(5,4) lam_t=1.00286 lam_s=1.00714 tsr_diff=0.002742 integral_mean=-0.000029 integral_std=0.002604 log_ratio=-0.0698 accept=0.9326 swapped=True
i=9 pair=(3,2) lam_t=1.01143 lam_s=1.01571 tsr_diff=0.002712 integral_mean=-0.000024 integral_std=0.003493 log_ratio=-0.0570 accept=0.9446 swapped=True
i=10 pair=(6,0) lam_t=0.99000 lam_s=0.99429 tsr_diff=0.003206 integral_mean=-0.000095 integral_std=0.003248 log_ratio=-0.2288 accept=0.7955 swapped=True
i=10 pair=(7,4) lam_t=0.99857 lam_s=1.00286 tsr_diff=0.003165 integral_mean=-0.000233 integral_std=0.004056 log_ratio=-0.5600 accept=0.5712 swapped=True
i=10 pair=(5,2) lam_t=1.00714 lam_s=1.01143 tsr_diff=0.003125 integral_mean=-0.000314 integral_std=0.004253 log_ratio=-0.7538 accept=0.4706 swapped=True
i=10 pair=(3,1) lam_t=1.01571 lam_s=1.02000 tsr_diff=0.003086 integral_mean=0.000213 integral_std=0.003054 log_ratio=0.0000 accept=1.0000 swapped=True
i=11 pair=(6,4) lam_t=0.99429 lam_s=0.99857 tsr_diff=0.003554 integral_mean=-0.000169 integral_std=0.004309 log_ratio=-0.4059 accept=0.6664 swapped=True
i=11 pair=(7,2) lam_t=1.00286 lam_s=1.00714 tsr_diff=0.003505 integral_mean=-0.000436 integral_std=0.005338 log_ratio=-1.0459 accept=0.3514 swapped=True
i=11 pair=(5,1) lam_t=1.01143 lam_s=1.01571 tsr_diff=0.003456 integral_mean=-0.000024 integral_std=0.005144 log_ratio=-0.0579 accept=0.9438 swapped=True
i=12 pair=(0,4) lam_t=0.99000 lam_s=0.99429 tsr_diff=0.003894 integral_mean=0.000005 integral_std=0.007239 log_ratio=0.0000 accept=1.0000 swapped=True
i=12 pair=(6,2) lam_t=0.99857 lam_s=1.00286 tsr_diff=0.003834 integral_mean=-0.000127 integral_std=0.006613 log_ratio=-0.3054 accept=0.7368 swapped=True
i=12 pair=(7,1) lam_t=1.00714 lam_s=1.01143 tsr_diff=0.003776 integral_mean=0.000153 integral_std=0.006203 log_ratio=0.0000 accept=1.0000 swapped=True
i=12 pair=(5,3) lam_t=1.01571 lam_s=1.02000 tsr_diff=0.003719 integral_mean=0.000455 integral_std=0.006668 log_ratio=0.0000 accept=1.0000 swapped=True
i=13 pair=(0,2) lam_t=0.99429 lam_s=0.99857 tsr_diff=0.004100 integral_mean=-0.000473 integral_std=0.009675 log_ratio=-1.1361 accept=0.3211 swapped=False
i=13 pair=(6,1) lam_t=1.00286 lam_s=1.00714 tsr_diff=0.004034 integral_mean=0.000017 integral_std=0.007451 log_ratio=0.0000 accept=1.0000 swapped=True
i=13 pair=(7,3) lam_t=1.01143 lam_s=1.01571 tsr_diff=0.003969 integral_mean=0.000241 integral_std=0.009005 log_ratio=0.0000 accept=1.0000 swapped=True
Best Sample: 6 log probability -0.381
Saved 1 samples to: logs/pointmaze-giant-navigate-v0/inference/plans/release_H400_T256_LimitsNormalizer_b1_condFalse/2026-07-15 12:07:56/11/0.png
Saved 1 samples to: logs/pointmaze-giant-navigate-v0/inference/plans/release_H400_T256_LimitsNormalizer_b1_condFalse/2026-07-15 12:07:56/11/rollout.png
i=0 pair=(0,1) lam_t=0.99000 lam_s=0.99429 tsr_diff=0.000000 integral_mean=0.000000 integral_std=0.000000 log_ratio=0.0000 accept=1.0000 swapped=True
i=0 pair=(2,3) lam_t=0.99857 lam_s=1.00286 tsr_diff=0.000000 integral_mean=0.000000 integral_std=0.000000 log_ratio=0.0000 accept=1.0000 swapped=True
i=0 pair=(4,5) lam_t=1.00714 lam_s=1.01143 tsr_diff=0.000000 integral_mean=0.000000 integral_std=0.000000 log_ratio=0.0000 accept=1.0000 swapped=True
i=0 pair=(6,7) lam_t=1.01571 lam_s=1.02000 tsr_diff=0.000000 integral_mean=0.000000 integral_std=0.000000 log_ratio=0.0000 accept=1.0000 swapped=True
i=1 pair=(0,3) lam_t=0.99429 lam_s=0.99857 tsr_diff=0.000046 integral_mean=-0.000000 integral_std=0.000048 log_ratio=-0.0011 accept=0.9989 swapped=True
i=1 pair=(2,5) lam_t=1.00286 lam_s=1.00714 tsr_diff=0.000046 integral_mean=-0.000000 integral_std=0.000044 log_ratio=-0.0005 accept=0.9995 swapped=True
i=1 pair=(4,7) lam_t=1.01143 lam_s=1.01571 tsr_diff=0.000046 integral_mean=-0.000001 integral_std=0.000049 log_ratio=-0.0025 accept=0.9975 swapped=True
i=2 pair=(1,3) lam_t=0.99000 lam_s=0.99429 tsr_diff=0.000181 integral_mean=0.000007 integral_std=0.000184 log_ratio=0.0000 accept=1.0000 swapped=True
i=2 pair=(0,5) lam_t=0.99857 lam_s=1.00286 tsr_diff=0.000181 integral_mean=0.000007 integral_std=0.000187 log_ratio=0.0000 accept=1.0000 swapped=True
i=2 pair=(2,7) lam_t=1.00714 lam_s=1.01143 tsr_diff=0.000181 integral_mean=-0.000005 integral_std=0.000194 log_ratio=-0.0113 accept=0.9888 swapped=True
i=2 pair=(4,6) lam_t=1.01571 lam_s=1.02000 tsr_diff=0.000181 integral_mean=-0.000007 integral_std=0.000176 log_ratio=-0.0162 accept=0.9839 swapped=True
i=3 pair=(1,5) lam_t=0.99429 lam_s=0.99857 tsr_diff=0.000400 integral_mean=0.000003 integral_std=0.000381 log_ratio=0.0000 accept=1.0000 swapped=True
i=3 pair=(0,7) lam_t=1.00286 lam_s=1.00714 tsr_diff=0.000400 integral_mean=-0.000008 integral_std=0.000454 log_ratio=-0.0192 accept=0.9810 swapped=True
i=3 pair=(2,6) lam_t=1.01143 lam_s=1.01571 tsr_diff=0.000399 integral_mean=-0.000003 integral_std=0.000369 log_ratio=-0.0076 accept=0.9924 swapped=True
i=4 pair=(3,5) lam_t=0.99000 lam_s=0.99429 tsr_diff=0.000695 integral_mean=-0.000080 integral_std=0.000793 log_ratio=-0.1925 accept=0.8249 swapped=True
i=4 pair=(1,7) lam_t=0.99857 lam_s=1.00286 tsr_diff=0.000693 integral_mean=-0.000055 integral_std=0.000756 log_ratio=-0.1311 accept=0.8771 swapped=False
i=4 pair=(0,6) lam_t=1.00714 lam_s=1.01143 tsr_diff=0.000691 integral_mean=-0.000002 integral_std=0.000683 log_ratio=-0.0036 accept=0.9964 swapped=True
i=4 pair=(2,4) lam_t=1.01571 lam_s=1.02000 tsr_diff=0.000689 integral_mean=-0.000008 integral_std=0.000667 log_ratio=-0.0195 accept=0.9807 swapped=True
i=5 pair=(3,1) lam_t=0.99429 lam_s=0.99857 tsr_diff=0.001051 integral_mean=-0.000017 integral_std=0.000956 log_ratio=-0.0407 accept=0.9601 swapped=True
i=5 pair=(7,6) lam_t=1.00286 lam_s=1.00714 tsr_diff=0.001046 integral_mean=0.000079 integral_std=0.001120 log_ratio=0.0000 accept=1.0000 swapped=True
i=5 pair=(0,4) lam_t=1.01143 lam_s=1.01571 tsr_diff=0.001042 integral_mean=0.000000 integral_std=0.001016 log_ratio=0.0000 accept=1.0000 swapped=True
i=6 pair=(5,1) lam_t=0.99000 lam_s=0.99429 tsr_diff=0.001459 integral_mean=-0.000001 integral_std=0.001581 log_ratio=-0.0022 accept=0.9978 swapped=True
i=6 pair=(3,6) lam_t=0.99857 lam_s=1.00286 tsr_diff=0.001450 integral_mean=-0.000035 integral_std=0.001332 log_ratio=-0.0834 accept=0.9200 swapped=True
i=6 pair=(7,4) lam_t=1.00714 lam_s=1.01143 tsr_diff=0.001442 integral_mean=0.000016 integral_std=0.001506 log_ratio=0.0000 accept=1.0000 swapped=True
i=6 pair=(0,2) lam_t=1.01571 lam_s=1.02000 tsr_diff=0.001433 integral_mean=-0.000000 integral_std=0.001442 log_ratio=-0.0003 accept=0.9997 swapped=True
i=7 pair=(5,6) lam_t=0.99429 lam_s=0.99857 tsr_diff=0.001888 integral_mean=0.000093 integral_std=0.002229 log_ratio=0.0000 accept=1.0000 swapped=True
i=7 pair=(3,4) lam_t=1.00286 lam_s=1.00714 tsr_diff=0.001874 integral_mean=0.000006 integral_std=0.001802 log_ratio=0.0000 accept=1.0000 swapped=True
i=7 pair=(7,2) lam_t=1.01143 lam_s=1.01571 tsr_diff=0.001860 integral_mean=-0.000058 integral_std=0.001969 log_ratio=-0.1403 accept=0.8691 swapped=True
i=8 pair=(1,6) lam_t=0.99000 lam_s=0.99429 tsr_diff=0.002345 integral_mean=-0.000030 integral_std=0.002015 log_ratio=-0.0714 accept=0.9311 swapped=True
i=8 pair=(5,4) lam_t=0.99857 lam_s=1.00286 tsr_diff=0.002323 integral_mean=0.000084 integral_std=0.002804 log_ratio=0.0000 accept=1.0000 swapped=True
i=8 pair=(3,2) lam_t=1.00714 lam_s=1.01143 tsr_diff=0.002302 integral_mean=0.000106 integral_std=0.002242 log_ratio=0.0000 accept=1.0000 swapped=True
i=8 pair=(7,0) lam_t=1.01571 lam_s=1.02000 tsr_diff=0.002281 integral_mean=0.000058 integral_std=0.002252 log_ratio=0.0000 accept=1.0000 swapped=True
i=9 pair=(1,4) lam_t=0.99429 lam_s=0.99857 tsr_diff=0.002773 integral_mean=0.000056 integral_std=0.002605 log_ratio=0.0000 accept=1.0000 swapped=True
i=9 pair=(5,2) lam_t=1.00286 lam_s=1.00714 tsr_diff=0.002742 integral_mean=0.000184 integral_std=0.003801 log_ratio=0.0000 accept=1.0000 swapped=True
i=9 pair=(3,0) lam_t=1.01143 lam_s=1.01571 tsr_diff=0.002712 integral_mean=0.000017 integral_std=0.002804 log_ratio=0.0000 accept=1.0000 swapped=True
i=10 pair=(6,4) lam_t=0.99000 lam_s=0.99429 tsr_diff=0.003206 integral_mean=0.000027 integral_std=0.002785 log_ratio=0.0000 accept=1.0000 swapped=True
i=10 pair=(1,2) lam_t=0.99857 lam_s=1.00286 tsr_diff=0.003165 integral_mean=0.000075 integral_std=0.002778 log_ratio=0.0000 accept=1.0000 swapped=True
i=10 pair=(5,0) lam_t=1.00714 lam_s=1.01143 tsr_diff=0.003125 integral_mean=0.000405 integral_std=0.003953 log_ratio=0.0000 accept=1.0000 swapped=True
i=10 pair=(3,7) lam_t=1.01571 lam_s=1.02000 tsr_diff=0.003086 integral_mean=0.000039 integral_std=0.003731 log_ratio=0.0000 accept=1.0000 swapped=True
i=11 pair=(6,2) lam_t=0.99429 lam_s=0.99857 tsr_diff=0.003554 integral_mean=-0.000099 integral_std=0.003024 log_ratio=-0.2368 accept=0.7891 swapped=True
i=11 pair=(1,0) lam_t=1.00286 lam_s=1.00714 tsr_diff=0.003505 integral_mean=0.000109 integral_std=0.004091 log_ratio=0.0000 accept=1.0000 swapped=True
i=11 pair=(5,7) lam_t=1.01143 lam_s=1.01571 tsr_diff=0.003456 integral_mean=0.000249 integral_std=0.005140 log_ratio=0.0000 accept=1.0000 swapped=True
i=12 pair=(4,2) lam_t=0.99000 lam_s=0.99429 tsr_diff=0.003894 integral_mean=-0.000027 integral_std=0.003420 log_ratio=-0.0657 accept=0.9364 swapped=True
i=12 pair=(6,0) lam_t=0.99857 lam_s=1.00286 tsr_diff=0.003834 integral_mean=-0.000136 integral_std=0.005637 log_ratio=-0.3254 accept=0.7222 swapped=True
i=12 pair=(1,7) lam_t=1.00714 lam_s=1.01143 tsr_diff=0.003776 integral_mean=-0.000039 integral_std=0.005360 log_ratio=-0.0938 accept=0.9105 swapped=False
i=12 pair=(5,3) lam_t=1.01571 lam_s=1.02000 tsr_diff=0.003719 integral_mean=0.000741 integral_std=0.008058 log_ratio=0.0000 accept=1.0000 swapped=True
i=13 pair=(4,0) lam_t=0.99429 lam_s=0.99857 tsr_diff=0.004100 integral_mean=-0.000057 integral_std=0.007723 log_ratio=-0.1371 accept=0.8719 swapped=True
i=13 pair=(6,1) lam_t=1.00286 lam_s=1.00714 tsr_diff=0.004034 integral_mean=-0.000018 integral_std=0.003179 log_ratio=-0.0441 accept=0.9569 swapped=True
i=13 pair=(7,3) lam_t=1.01143 lam_s=1.01571 tsr_diff=0.003969 integral_mean=0.000009 integral_std=0.007937 log_ratio=0.0000 accept=1.0000 swapped=True
Best Sample: 2 log probability -0.252
Saved 1 samples to: logs/pointmaze-giant-navigate-v0/inference/plans/release_H400_T256_LimitsNormalizer_b1_condFalse/2026-07-15 12:07:56/12/0.png
Saved 1 samples to: logs/pointmaze-giant-navigate-v0/inference/plans/release_H400_T256_LimitsNormalizer_b1_condFalse/2026-07-15 12:07:56/12/rollout.png
i=0 pair=(0,1) lam_t=0.99000 lam_s=0.99429 tsr_diff=0.000000 integral_mean=0.000000 integral_std=0.000000 log_ratio=0.0000 accept=1.0000 swapped=True
i=0 pair=(2,3) lam_t=0.99857 lam_s=1.00286 tsr_diff=0.000000 integral_mean=0.000000 integral_std=0.000000 log_ratio=0.0000 accept=1.0000 swapped=True
i=0 pair=(4,5) lam_t=1.00714 lam_s=1.01143 tsr_diff=0.000000 integral_mean=0.000000 integral_std=0.000000 log_ratio=0.0000 accept=1.0000 swapped=True
i=0 pair=(6,7) lam_t=1.01571 lam_s=1.02000 tsr_diff=0.000000 integral_mean=0.000000 integral_std=0.000000 log_ratio=0.0000 accept=1.0000 swapped=True
i=1 pair=(0,3) lam_t=0.99429 lam_s=0.99857 tsr_diff=0.000046 integral_mean=-0.000000 integral_std=0.000044 log_ratio=-0.0001 accept=0.9999 swapped=True
i=1 pair=(2,5) lam_t=1.00286 lam_s=1.00714 tsr_diff=0.000046 integral_mean=-0.000000 integral_std=0.000044 log_ratio=-0.0009 accept=0.9991 swapped=True
i=1 pair=(4,7) lam_t=1.01143 lam_s=1.01571 tsr_diff=0.000046 integral_mean=-0.000001 integral_std=0.000042 log_ratio=-0.0035 accept=0.9966 swapped=True
i=2 pair=(1,3) lam_t=0.99000 lam_s=0.99429 tsr_diff=0.000181 integral_mean=0.000000 integral_std=0.000175 log_ratio=0.0000 accept=1.0000 swapped=True
i=2 pair=(0,5) lam_t=0.99857 lam_s=1.00286 tsr_diff=0.000181 integral_mean=0.000002 integral_std=0.000176 log_ratio=0.0000 accept=1.0000 swapped=True
i=2 pair=(2,7) lam_t=1.00714 lam_s=1.01143 tsr_diff=0.000181 integral_mean=-0.000004 integral_std=0.000196 log_ratio=-0.0106 accept=0.9895 swapped=True
i=2 pair=(4,6) lam_t=1.01571 lam_s=1.02000 tsr_diff=0.000181 integral_mean=0.000002 integral_std=0.000187 log_ratio=0.0000 accept=1.0000 swapped=True
i=3 pair=(1,5) lam_t=0.99429 lam_s=0.99857 tsr_diff=0.000400 integral_mean=0.000017 integral_std=0.000395 log_ratio=0.0000 accept=1.0000 swapped=True
i=3 pair=(0,7) lam_t=1.00286 lam_s=1.00714 tsr_diff=0.000400 integral_mean=-0.000119 integral_std=0.000540 log_ratio=-0.2853 accept=0.7518 swapped=True
i=3 pair=(2,6) lam_t=1.01143 lam_s=1.01571 tsr_diff=0.000399 integral_mean=0.000020 integral_std=0.000413 log_ratio=0.0000 accept=1.0000 swapped=True
i=4 pair=(3,5) lam_t=0.99000 lam_s=0.99429 tsr_diff=0.000695 integral_mean=0.000005 integral_std=0.000689 log_ratio=0.0000 accept=1.0000 swapped=True
i=4 pair=(1,7) lam_t=0.99857 lam_s=1.00286 tsr_diff=0.000693 integral_mean=-0.000055 integral_std=0.000699 log_ratio=-0.1312 accept=0.8771 swapped=True
i=4 pair=(0,6) lam_t=1.00714 lam_s=1.01143 tsr_diff=0.000691 integral_mean=-0.000022 integral_std=0.000681 log_ratio=-0.0530 accept=0.9484 swapped=True
i=4 pair=(2,4) lam_t=1.01571 lam_s=1.02000 tsr_diff=0.000689 integral_mean=0.000005 integral_std=0.000708 log_ratio=0.0000 accept=1.0000 swapped=True
i=5 pair=(3,7) lam_t=0.99429 lam_s=0.99857 tsr_diff=0.001051 integral_mean=0.000028 integral_std=0.001055 log_ratio=0.0000 accept=1.0000 swapped=True
i=5 pair=(1,6) lam_t=1.00286 lam_s=1.00714 tsr_diff=0.001046 integral_mean=-0.000021 integral_std=0.001023 log_ratio=-0.0503 accept=0.9509 swapped=True
i=5 pair=(0,4) lam_t=1.01143 lam_s=1.01571 tsr_diff=0.001042 integral_mean=0.000028 integral_std=0.001002 log_ratio=0.0000 accept=1.0000 swapped=True
i=6 pair=(5,7) lam_t=0.99000 lam_s=0.99429 tsr_diff=0.001459 integral_mean=0.000023 integral_std=0.001469 log_ratio=0.0000 accept=1.0000 swapped=True
i=6 pair=(3,6) lam_t=0.99857 lam_s=1.00286 tsr_diff=0.001450 integral_mean=-0.000001 integral_std=0.001458 log_ratio=-0.0014 accept=0.9986 swapped=True
i=6 pair=(1,4) lam_t=1.00714 lam_s=1.01143 tsr_diff=0.001442 integral_mean=0.000026 integral_std=0.001434 log_ratio=0.0000 accept=1.0000 swapped=True
i=6 pair=(0,2) lam_t=1.01571 lam_s=1.02000 tsr_diff=0.001433 integral_mean=0.000031 integral_std=0.001469 log_ratio=0.0000 accept=1.0000 swapped=True
i=7 pair=(5,6) lam_t=0.99429 lam_s=0.99857 tsr_diff=0.001888 integral_mean=-0.000023 integral_std=0.001969 log_ratio=-0.0555 accept=0.9460 swapped=True
i=7 pair=(3,4) lam_t=1.00286 lam_s=1.00714 tsr_diff=0.001874 integral_mean=-0.000075 integral_std=0.001908 log_ratio=-0.1796 accept=0.8356 swapped=True
i=7 pair=(1,2) lam_t=1.01143 lam_s=1.01571 tsr_diff=0.001860 integral_mean=0.000043 integral_std=0.001910 log_ratio=0.0000 accept=1.0000 swapped=True
i=8 pair=(7,6) lam_t=0.99000 lam_s=0.99429 tsr_diff=0.002345 integral_mean=-0.000016 integral_std=0.002335 log_ratio=-0.0383 accept=0.9624 swapped=True
i=8 pair=(5,4) lam_t=0.99857 lam_s=1.00286 tsr_diff=0.002323 integral_mean=-0.000011 integral_std=0.002315 log_ratio=-0.0257 accept=0.9746 swapped=True
i=8 pair=(3,2) lam_t=1.00714 lam_s=1.01143 tsr_diff=0.002302 integral_mean=0.000076 integral_std=0.002253 log_ratio=0.0000 accept=1.0000 swapped=True
i=8 pair=(1,0) lam_t=1.01571 lam_s=1.02000 tsr_diff=0.002281 integral_mean=0.000063 integral_std=0.002233 log_ratio=0.0000 accept=1.0000 swapped=True
i=9 pair=(7,4) lam_t=0.99429 lam_s=0.99857 tsr_diff=0.002773 integral_mean=0.000103 integral_std=0.003184 log_ratio=0.0000 accept=1.0000 swapped=True
i=9 pair=(5,2) lam_t=1.00286 lam_s=1.00714 tsr_diff=0.002742 integral_mean=0.000056 integral_std=0.002630 log_ratio=0.0000 accept=1.0000 swapped=True
i=9 pair=(3,0) lam_t=1.01143 lam_s=1.01571 tsr_diff=0.002712 integral_mean=0.000002 integral_std=0.002708 log_ratio=0.0000 accept=1.0000 swapped=True
i=10 pair=(6,4) lam_t=0.99000 lam_s=0.99429 tsr_diff=0.003206 integral_mean=-0.000161 integral_std=0.003964 log_ratio=-0.3858 accept=0.6799 swapped=True
i=10 pair=(7,2) lam_t=0.99857 lam_s=1.00286 tsr_diff=0.003165 integral_mean=0.000220 integral_std=0.004005 log_ratio=0.0000 accept=1.0000 swapped=True
i=10 pair=(5,0) lam_t=1.00714 lam_s=1.01143 tsr_diff=0.003125 integral_mean=-0.000008 integral_std=0.002964 log_ratio=-0.0196 accept=0.9805 swapped=True
i=10 pair=(3,1) lam_t=1.01571 lam_s=1.02000 tsr_diff=0.003086 integral_mean=0.000049 integral_std=0.003171 log_ratio=0.0000 accept=1.0000 swapped=True
i=11 pair=(6,2) lam_t=0.99429 lam_s=0.99857 tsr_diff=0.003554 integral_mean=0.000215 integral_std=0.004703 log_ratio=0.0000 accept=1.0000 swapped=True
i=11 pair=(7,0) lam_t=1.00286 lam_s=1.00714 tsr_diff=0.003505 integral_mean=0.000259 integral_std=0.005317 log_ratio=0.0000 accept=1.0000 swapped=True
i=11 pair=(5,1) lam_t=1.01143 lam_s=1.01571 tsr_diff=0.003456 integral_mean=0.000187 integral_std=0.003985 log_ratio=0.0000 accept=1.0000 swapped=True
i=12 pair=(4,2) lam_t=0.99000 lam_s=0.99429 tsr_diff=0.003894 integral_mean=0.000241 integral_std=0.005559 log_ratio=0.0000 accept=1.0000 swapped=True
i=12 pair=(6,0) lam_t=0.99857 lam_s=1.00286 tsr_diff=0.003834 integral_mean=0.000318 integral_std=0.005498 log_ratio=0.0000 accept=1.0000 swapped=True
i=12 pair=(7,1) lam_t=1.00714 lam_s=1.01143 tsr_diff=0.003776 integral_mean=-0.000001 integral_std=0.006547 log_ratio=-0.0029 accept=0.9971 swapped=True
i=12 pair=(5,3) lam_t=1.01571 lam_s=1.02000 tsr_diff=0.003719 integral_mean=0.000190 integral_std=0.004762 log_ratio=0.0000 accept=1.0000 swapped=True
i=13 pair=(4,0) lam_t=0.99429 lam_s=0.99857 tsr_diff=0.004100 integral_mean=0.000024 integral_std=0.003210 log_ratio=0.0000 accept=1.0000 swapped=True
i=13 pair=(6,1) lam_t=1.00286 lam_s=1.00714 tsr_diff=0.004034 integral_mean=0.000064 integral_std=0.008222 log_ratio=0.0000 accept=1.0000 swapped=True
i=13 pair=(7,3) lam_t=1.01143 lam_s=1.01571 tsr_diff=0.003969 integral_mean=0.000155 integral_std=0.007054 log_ratio=0.0000 accept=1.0000 swapped=True
Best Sample: 2 log probability -0.140
Saved 1 samples to: logs/pointmaze-giant-navigate-v0/inference/plans/release_H400_T256_LimitsNormalizer_b1_condFalse/2026-07-15 12:07:56/13/0.png
Saved 1 samples to: logs/pointmaze-giant-navigate-v0/inference/plans/release_H400_T256_LimitsNormalizer_b1_condFalse/2026-07-15 12:07:56/13/rollout.png
i=0 pair=(0,1) lam_t=0.99000 lam_s=0.99429 tsr_diff=0.000000 integral_mean=0.000000 integral_std=0.000000 log_ratio=0.0000 accept=1.0000 swapped=True
i=0 pair=(2,3) lam_t=0.99857 lam_s=1.00286 tsr_diff=0.000000 integral_mean=0.000000 integral_std=0.000000 log_ratio=0.0000 accept=1.0000 swapped=True
i=0 pair=(4,5) lam_t=1.00714 lam_s=1.01143 tsr_diff=0.000000 integral_mean=0.000000 integral_std=0.000000 log_ratio=0.0000 accept=1.0000 swapped=True
i=0 pair=(6,7) lam_t=1.01571 lam_s=1.02000 tsr_diff=0.000000 integral_mean=0.000000 integral_std=0.000000 log_ratio=0.0000 accept=1.0000 swapped=True
i=1 pair=(0,3) lam_t=0.99429 lam_s=0.99857 tsr_diff=0.000046 integral_mean=0.000000 integral_std=0.000045 log_ratio=0.0000 accept=1.0000 swapped=True
i=1 pair=(2,5) lam_t=1.00286 lam_s=1.00714 tsr_diff=0.000046 integral_mean=-0.000000 integral_std=0.000045 log_ratio=-0.0000 accept=1.0000 swapped=True
i=1 pair=(4,7) lam_t=1.01143 lam_s=1.01571 tsr_diff=0.000046 integral_mean=-0.000000 integral_std=0.000045 log_ratio=-0.0011 accept=0.9989 swapped=True
i=2 pair=(1,3) lam_t=0.99000 lam_s=0.99429 tsr_diff=0.000181 integral_mean=-0.000004 integral_std=0.000182 log_ratio=-0.0090 accept=0.9910 swapped=True
i=2 pair=(0,5) lam_t=0.99857 lam_s=1.00286 tsr_diff=0.000181 integral_mean=-0.000004 integral_std=0.000178 log_ratio=-0.0096 accept=0.9905 swapped=True
i=2 pair=(2,7) lam_t=1.00714 lam_s=1.01143 tsr_diff=0.000181 integral_mean=0.000002 integral_std=0.000198 log_ratio=0.0000 accept=1.0000 swapped=True
i=2 pair=(4,6) lam_t=1.01571 lam_s=1.02000 tsr_diff=0.000181 integral_mean=0.000002 integral_std=0.000185 log_ratio=0.0000 accept=1.0000 swapped=True
i=3 pair=(1,5) lam_t=0.99429 lam_s=0.99857 tsr_diff=0.000400 integral_mean=-0.000001 integral_std=0.000384 log_ratio=-0.0013 accept=0.9987 swapped=True
i=3 pair=(0,7) lam_t=1.00286 lam_s=1.00714 tsr_diff=0.000400 integral_mean=-0.000008 integral_std=0.000374 log_ratio=-0.0194 accept=0.9808 swapped=True
i=3 pair=(2,6) lam_t=1.01143 lam_s=1.01571 tsr_diff=0.000399 integral_mean=0.000052 integral_std=0.000458 log_ratio=0.0000 accept=1.0000 swapped=True
i=4 pair=(3,5) lam_t=0.99000 lam_s=0.99429 tsr_diff=0.000695 integral_mean=-0.000005 integral_std=0.000678 log_ratio=-0.0131 accept=0.9870 swapped=True
i=4 pair=(1,7) lam_t=0.99857 lam_s=1.00286 tsr_diff=0.000693 integral_mean=-0.000010 integral_std=0.000707 log_ratio=-0.0242 accept=0.9761 swapped=False
i=4 pair=(0,6) lam_t=1.00714 lam_s=1.01143 tsr_diff=0.000691 integral_mean=-0.000008 integral_std=0.000651 log_ratio=-0.0193 accept=0.9809 swapped=True
i=4 pair=(2,4) lam_t=1.01571 lam_s=1.02000 tsr_diff=0.000689 integral_mean=0.000011 integral_std=0.000757 log_ratio=0.0000 accept=1.0000 swapped=True
i=5 pair=(3,1) lam_t=0.99429 lam_s=0.99857 tsr_diff=0.001051 integral_mean=-0.000036 integral_std=0.000969 log_ratio=-0.0857 accept=0.9178 swapped=True
i=5 pair=(7,6) lam_t=1.00286 lam_s=1.00714 tsr_diff=0.001046 integral_mean=0.000034 integral_std=0.001069 log_ratio=0.0000 accept=1.0000 swapped=True
i=5 pair=(0,4) lam_t=1.01143 lam_s=1.01571 tsr_diff=0.001042 integral_mean=-0.000019 integral_std=0.001109 log_ratio=-0.0445 accept=0.9565 swapped=True
i=6 pair=(5,1) lam_t=0.99000 lam_s=0.99429 tsr_diff=0.001459 integral_mean=0.000029 integral_std=0.001407 log_ratio=0.0000 accept=1.0000 swapped=True
i=6 pair=(3,6) lam_t=0.99857 lam_s=1.00286 tsr_diff=0.001450 integral_mean=-0.000013 integral_std=0.001249 log_ratio=-0.0324 accept=0.9681 swapped=True
i=6 pair=(7,4) lam_t=1.00714 lam_s=1.01143 tsr_diff=0.001442 integral_mean=-0.000040 integral_std=0.001594 log_ratio=-0.0971 accept=0.9075 swapped=True
i=6 pair=(0,2) lam_t=1.01571 lam_s=1.02000 tsr_diff=0.001433 integral_mean=-0.000045 integral_std=0.001325 log_ratio=-0.1076 accept=0.8980 swapped=True
i=7 pair=(5,6) lam_t=0.99429 lam_s=0.99857 tsr_diff=0.001888 integral_mean=0.000050 integral_std=0.001783 log_ratio=0.0000 accept=1.0000 swapped=True
i=7 pair=(3,4) lam_t=1.00286 lam_s=1.00714 tsr_diff=0.001874 integral_mean=-0.000129 integral_std=0.001943 log_ratio=-0.3107 accept=0.7329 swapped=True
i=7 pair=(7,2) lam_t=1.01143 lam_s=1.01571 tsr_diff=0.001860 integral_mean=-0.000084 integral_std=0.001903 log_ratio=-0.2027 accept=0.8165 swapped=True
i=8 pair=(1,6) lam_t=0.99000 lam_s=0.99429 tsr_diff=0.002345 integral_mean=0.000022 integral_std=0.002358 log_ratio=0.0000 accept=1.0000 swapped=True
i=8 pair=(5,4) lam_t=0.99857 lam_s=1.00286 tsr_diff=0.002323 integral_mean=0.000046 integral_std=0.002688 log_ratio=0.0000 accept=1.0000 swapped=True
i=8 pair=(3,2) lam_t=1.00714 lam_s=1.01143 tsr_diff=0.002302 integral_mean=-0.000079 integral_std=0.002274 log_ratio=-0.1893 accept=0.8275 swapped=True
i=8 pair=(7,0) lam_t=1.01571 lam_s=1.02000 tsr_diff=0.002281 integral_mean=-0.000047 integral_std=0.002307 log_ratio=-0.1136 accept=0.8926 swapped=True
i=9 pair=(1,4) lam_t=0.99429 lam_s=0.99857 tsr_diff=0.002773 integral_mean=0.000002 integral_std=0.003166 log_ratio=0.0000 accept=1.0000 swapped=True
i=9 pair=(5,2) lam_t=1.00286 lam_s=1.00714 tsr_diff=0.002742 integral_mean=-0.000031 integral_std=0.002877 log_ratio=-0.0732 accept=0.9294 swapped=True
i=9 pair=(3,0) lam_t=1.01143 lam_s=1.01571 tsr_diff=0.002712 integral_mean=-0.000153 integral_std=0.002624 log_ratio=-0.3664 accept=0.6932 swapped=True
i=10 pair=(6,4) lam_t=0.99000 lam_s=0.99429 tsr_diff=0.003206 integral_mean=-0.000071 integral_std=0.003779 log_ratio=-0.1713 accept=0.8426 swapped=True
i=10 pair=(1,2) lam_t=0.99857 lam_s=1.00286 tsr_diff=0.003165 integral_mean=-0.000331 integral_std=0.003691 log_ratio=-0.7946 accept=0.4518 swapped=False
i=10 pair=(5,0) lam_t=1.00714 lam_s=1.01143 tsr_diff=0.003125 integral_mean=0.000091 integral_std=0.003299 log_ratio=0.0000 accept=1.0000 swapped=True
i=10 pair=(3,7) lam_t=1.01571 lam_s=1.02000 tsr_diff=0.003086 integral_mean=0.000031 integral_std=0.003832 log_ratio=0.0000 accept=1.0000 swapped=True
i=11 pair=(6,1) lam_t=0.99429 lam_s=0.99857 tsr_diff=0.003554 integral_mean=0.000054 integral_std=0.004405 log_ratio=0.0000 accept=1.0000 swapped=True
i=11 pair=(2,0) lam_t=1.00286 lam_s=1.00714 tsr_diff=0.003505 integral_mean=0.000040 integral_std=0.004327 log_ratio=0.0000 accept=1.0000 swapped=True
i=11 pair=(5,7) lam_t=1.01143 lam_s=1.01571 tsr_diff=0.003456 integral_mean=-0.000257 integral_std=0.005211 log_ratio=-0.6159 accept=0.5402 swapped=True
i=12 pair=(4,1) lam_t=0.99000 lam_s=0.99429 tsr_diff=0.003894 integral_mean=0.000217 integral_std=0.006627 log_ratio=0.0000 accept=1.0000 swapped=True
i=12 pair=(6,0) lam_t=0.99857 lam_s=1.00286 tsr_diff=0.003834 integral_mean=-0.000183 integral_std=0.005200 log_ratio=-0.4381 accept=0.6453 swapped=True
i=12 pair=(2,7) lam_t=1.00714 lam_s=1.01143 tsr_diff=0.003776 integral_mean=-0.000221 integral_std=0.006476 log_ratio=-0.5296 accept=0.5889 swapped=False
i=12 pair=(5,3) lam_t=1.01571 lam_s=1.02000 tsr_diff=0.003719 integral_mean=0.000198 integral_std=0.004862 log_ratio=0.0000 accept=1.0000 swapped=True
i=13 pair=(4,0) lam_t=0.99429 lam_s=0.99857 tsr_diff=0.004100 integral_mean=0.000208 integral_std=0.010196 log_ratio=0.0000 accept=1.0000 swapped=True
i=13 pair=(6,2) lam_t=1.00286 lam_s=1.00714 tsr_diff=0.004034 integral_mean=-0.000398 integral_std=0.005717 log_ratio=-0.9558 accept=0.3845 swapped=True
i=13 pair=(7,3) lam_t=1.01143 lam_s=1.01571 tsr_diff=0.003969 integral_mean=0.000076 integral_std=0.008226 log_ratio=0.0000 accept=1.0000 swapped=True
Best Sample: 1 log probability -1.026
Saved 1 samples to: logs/pointmaze-giant-navigate-v0/inference/plans/release_H400_T256_LimitsNormalizer_b1_condFalse/2026-07-15 12:07:56/14/0.png
Saved 1 samples to: logs/pointmaze-giant-navigate-v0/inference/plans/release_H400_T256_LimitsNormalizer_b1_condFalse/2026-07-15 12:07:56/14/rollout.png
i=0 pair=(0,1) lam_t=0.99000 lam_s=0.99429 tsr_diff=0.000000 integral_mean=0.000000 integral_std=0.000000 log_ratio=0.0000 accept=1.0000 swapped=True
i=0 pair=(2,3) lam_t=0.99857 lam_s=1.00286 tsr_diff=0.000000 integral_mean=0.000000 integral_std=0.000000 log_ratio=0.0000 accept=1.0000 swapped=True
i=0 pair=(4,5) lam_t=1.00714 lam_s=1.01143 tsr_diff=0.000000 integral_mean=0.000000 integral_std=0.000000 log_ratio=0.0000 accept=1.0000 swapped=True
i=0 pair=(6,7) lam_t=1.01571 lam_s=1.02000 tsr_diff=0.000000 integral_mean=0.000000 integral_std=0.000000 log_ratio=0.0000 accept=1.0000 swapped=True
i=1 pair=(0,3) lam_t=0.99429 lam_s=0.99857 tsr_diff=0.000046 integral_mean=0.000000 integral_std=0.000044 log_ratio=0.0000 accept=1.0000 swapped=True
i=1 pair=(2,5) lam_t=1.00286 lam_s=1.00714 tsr_diff=0.000046 integral_mean=0.000001 integral_std=0.000048 log_ratio=0.0000 accept=1.0000 swapped=True
i=1 pair=(4,7) lam_t=1.01143 lam_s=1.01571 tsr_diff=0.000046 integral_mean=-0.000000 integral_std=0.000046 log_ratio=-0.0005 accept=0.9995 swapped=True
i=2 pair=(1,3) lam_t=0.99000 lam_s=0.99429 tsr_diff=0.000181 integral_mean=0.000006 integral_std=0.000171 log_ratio=0.0000 accept=1.0000 swapped=True
i=2 pair=(0,5) lam_t=0.99857 lam_s=1.00286 tsr_diff=0.000181 integral_mean=0.000005 integral_std=0.000172 log_ratio=0.0000 accept=1.0000 swapped=True
i=2 pair=(2,7) lam_t=1.00714 lam_s=1.01143 tsr_diff=0.000181 integral_mean=-0.000025 integral_std=0.000207 log_ratio=-0.0610 accept=0.9408 swapped=True
i=2 pair=(4,6) lam_t=1.01571 lam_s=1.02000 tsr_diff=0.000181 integral_mean=0.000009 integral_std=0.000175 log_ratio=0.0000 accept=1.0000 swapped=True
i=3 pair=(1,5) lam_t=0.99429 lam_s=0.99857 tsr_diff=0.000400 integral_mean=0.000011 integral_std=0.000398 log_ratio=0.0000 accept=1.0000 swapped=True
i=3 pair=(0,7) lam_t=1.00286 lam_s=1.00714 tsr_diff=0.000400 integral_mean=-0.000022 integral_std=0.000426 log_ratio=-0.0535 accept=0.9479 swapped=True
i=3 pair=(2,6) lam_t=1.01143 lam_s=1.01571 tsr_diff=0.000399 integral_mean=0.000011 integral_std=0.000406 log_ratio=0.0000 accept=1.0000 swapped=True
i=4 pair=(3,5) lam_t=0.99000 lam_s=0.99429 tsr_diff=0.000695 integral_mean=0.000006 integral_std=0.000672 log_ratio=0.0000 accept=1.0000 swapped=True
i=4 pair=(1,7) lam_t=0.99857 lam_s=1.00286 tsr_diff=0.000693 integral_mean=0.000082 integral_std=0.000854 log_ratio=0.0000 accept=1.0000 swapped=True
i=4 pair=(0,6) lam_t=1.00714 lam_s=1.01143 tsr_diff=0.000691 integral_mean=-0.000010 integral_std=0.000669 log_ratio=-0.0242 accept=0.9760 swapped=True
i=4 pair=(2,4) lam_t=1.01571 lam_s=1.02000 tsr_diff=0.000689 integral_mean=-0.000009 integral_std=0.000697 log_ratio=-0.0225 accept=0.9777 swapped=True
i=5 pair=(3,7) lam_t=0.99429 lam_s=0.99857 tsr_diff=0.001051 integral_mean=0.000010 integral_std=0.001046 log_ratio=0.0000 accept=1.0000 swapped=True
i=5 pair=(1,6) lam_t=1.00286 lam_s=1.00714 tsr_diff=0.001046 integral_mean=0.000089 integral_std=0.001333 log_ratio=0.0000 accept=1.0000 swapped=True
i=5 pair=(0,4) lam_t=1.01143 lam_s=1.01571 tsr_diff=0.001042 integral_mean=-0.000008 integral_std=0.001009 log_ratio=-0.0183 accept=0.9819 swapped=True
i=6 pair=(5,7) lam_t=0.99000 lam_s=0.99429 tsr_diff=0.001459 integral_mean=-0.000012 integral_std=0.001441 log_ratio=-0.0277 accept=0.9727 swapped=True
i=6 pair=(3,6) lam_t=0.99857 lam_s=1.00286 tsr_diff=0.001450 integral_mean=-0.000014 integral_std=0.001357 log_ratio=-0.0337 accept=0.9669 swapped=True
i=6 pair=(1,4) lam_t=1.00714 lam_s=1.01143 tsr_diff=0.001442 integral_mean=0.000227 integral_std=0.001818 log_ratio=0.0000 accept=1.0000 swapped=True
i=6 pair=(0,2) lam_t=1.01571 lam_s=1.02000 tsr_diff=0.001433 integral_mean=0.000022 integral_std=0.001375 log_ratio=0.0000 accept=1.0000 swapped=True
i=7 pair=(5,6) lam_t=0.99429 lam_s=0.99857 tsr_diff=0.001888 integral_mean=0.000010 integral_std=0.001962 log_ratio=0.0000 accept=1.0000 swapped=True
i=7 pair=(3,4) lam_t=1.00286 lam_s=1.00714 tsr_diff=0.001874 integral_mean=-0.000018 integral_std=0.001800 log_ratio=-0.0444 accept=0.9566 swapped=True
i=7 pair=(1,2) lam_t=1.01143 lam_s=1.01571 tsr_diff=0.001860 integral_mean=0.000277 integral_std=0.002139 log_ratio=0.0000 accept=1.0000 swapped=True
i=8 pair=(7,6) lam_t=0.99000 lam_s=0.99429 tsr_diff=0.002345 integral_mean=-0.000012 integral_std=0.002646 log_ratio=-0.0298 accept=0.9706 swapped=True
i=8 pair=(5,4) lam_t=0.99857 lam_s=1.00286 tsr_diff=0.002323 integral_mean=-0.000007 integral_std=0.002615 log_ratio=-0.0168 accept=0.9833 swapped=True
i=8 pair=(3,2) lam_t=1.00714 lam_s=1.01143 tsr_diff=0.002302 integral_mean=-0.000012 integral_std=0.002305 log_ratio=-0.0287 accept=0.9717 swapped=True
i=8 pair=(1,0) lam_t=1.01571 lam_s=1.02000 tsr_diff=0.002281 integral_mean=0.000201 integral_std=0.002590 log_ratio=0.0000 accept=1.0000 swapped=True
i=9 pair=(7,4) lam_t=0.99429 lam_s=0.99857 tsr_diff=0.002773 integral_mean=-0.000016 integral_std=0.003518 log_ratio=-0.0390 accept=0.9617 swapped=True
i=9 pair=(5,2) lam_t=1.00286 lam_s=1.00714 tsr_diff=0.002742 integral_mean=-0.000020 integral_std=0.002832 log_ratio=-0.0481 accept=0.9530 swapped=True
i=9 pair=(3,0) lam_t=1.01143 lam_s=1.01571 tsr_diff=0.002712 integral_mean=0.000027 integral_std=0.002502 log_ratio=0.0000 accept=1.0000 swapped=True
i=10 pair=(6,4) lam_t=0.99000 lam_s=0.99429 tsr_diff=0.003206 integral_mean=0.000008 integral_std=0.003291 log_ratio=0.0000 accept=1.0000 swapped=True
i=10 pair=(7,2) lam_t=0.99857 lam_s=1.00286 tsr_diff=0.003165 integral_mean=-0.000103 integral_std=0.004149 log_ratio=-0.2469 accept=0.7812 swapped=True
i=10 pair=(5,0) lam_t=1.00714 lam_s=1.01143 tsr_diff=0.003125 integral_mean=0.000078 integral_std=0.003589 log_ratio=0.0000 accept=1.0000 swapped=True
i=10 pair=(3,1) lam_t=1.01571 lam_s=1.02000 tsr_diff=0.003086 integral_mean=-0.000162 integral_std=0.004099 log_ratio=-0.3893 accept=0.6775 swapped=True
i=11 pair=(6,2) lam_t=0.99429 lam_s=0.99857 tsr_diff=0.003554 integral_mean=0.000135 integral_std=0.004415 log_ratio=0.0000 accept=1.0000 swapped=True
i=11 pair=(7,0) lam_t=1.00286 lam_s=1.00714 tsr_diff=0.003505 integral_mean=0.000071 integral_std=0.005266 log_ratio=0.0000 accept=1.0000 swapped=True
i=11 pair=(5,1) lam_t=1.01143 lam_s=1.01571 tsr_diff=0.003456 integral_mean=-0.000293 integral_std=0.004112 log_ratio=-0.7041 accept=0.4946 swapped=True
i=12 pair=(4,2) lam_t=0.99000 lam_s=0.99429 tsr_diff=0.003894 integral_mean=0.000375 integral_std=0.005734 log_ratio=0.0000 accept=1.0000 swapped=True
i=12 pair=(6,0) lam_t=0.99857 lam_s=1.00286 tsr_diff=0.003834 integral_mean=-0.000016 integral_std=0.003633 log_ratio=-0.0374 accept=0.9633 swapped=True
i=12 pair=(7,1) lam_t=1.00714 lam_s=1.01143 tsr_diff=0.003776 integral_mean=-0.000065 integral_std=0.005439 log_ratio=-0.1563 accept=0.8553 swapped=True
i=12 pair=(5,3) lam_t=1.01571 lam_s=1.02000 tsr_diff=0.003719 integral_mean=0.000173 integral_std=0.005367 log_ratio=0.0000 accept=1.0000 swapped=True
i=13 pair=(4,0) lam_t=0.99429 lam_s=0.99857 tsr_diff=0.004100 integral_mean=0.000199 integral_std=0.006568 log_ratio=0.0000 accept=1.0000 swapped=True
i=13 pair=(6,1) lam_t=1.00286 lam_s=1.00714 tsr_diff=0.004034 integral_mean=0.000383 integral_std=0.008889 log_ratio=0.0000 accept=1.0000 swapped=True
i=13 pair=(7,3) lam_t=1.01143 lam_s=1.01571 tsr_diff=0.003969 integral_mean=-0.000074 integral_std=0.009486 log_ratio=-0.1776 accept=0.8373 swapped=True
Best Sample: 3 log probability -0.000
Saved 1 samples to: logs/pointmaze-giant-navigate-v0/inference/plans/release_H400_T256_LimitsNormalizer_b1_condFalse/2026-07-15 12:07:56/15/0.png
Saved 1 samples to: logs/pointmaze-giant-navigate-v0/inference/plans/release_H400_T256_LimitsNormalizer_b1_condFalse/2026-07-15 12:07:56/15/rollout.png
i=0 pair=(0,1) lam_t=0.99000 lam_s=0.99429 tsr_diff=0.000000 integral_mean=0.000000 integral_std=0.000000 log_ratio=0.0000 accept=1.0000 swapped=True
i=0 pair=(2,3) lam_t=0.99857 lam_s=1.00286 tsr_diff=0.000000 integral_mean=0.000000 integral_std=0.000000 log_ratio=0.0000 accept=1.0000 swapped=True
i=0 pair=(4,5) lam_t=1.00714 lam_s=1.01143 tsr_diff=0.000000 integral_mean=0.000000 integral_std=0.000000 log_ratio=0.0000 accept=1.0000 swapped=True
i=0 pair=(6,7) lam_t=1.01571 lam_s=1.02000 tsr_diff=0.000000 integral_mean=0.000000 integral_std=0.000000 log_ratio=0.0000 accept=1.0000 swapped=True
i=1 pair=(0,3) lam_t=0.99429 lam_s=0.99857 tsr_diff=0.000046 integral_mean=0.000001 integral_std=0.000047 log_ratio=0.0000 accept=1.0000 swapped=True
i=1 pair=(2,5) lam_t=1.00286 lam_s=1.00714 tsr_diff=0.000046 integral_mean=0.000001 integral_std=0.000045 log_ratio=0.0000 accept=1.0000 swapped=True
i=1 pair=(4,7) lam_t=1.01143 lam_s=1.01571 tsr_diff=0.000046 integral_mean=-0.000001 integral_std=0.000045 log_ratio=-0.0027 accept=0.9973 swapped=True
i=2 pair=(1,3) lam_t=0.99000 lam_s=0.99429 tsr_diff=0.000181 integral_mean=-0.000002 integral_std=0.000182 log_ratio=-0.0050 accept=0.9950 swapped=True
i=2 pair=(0,5) lam_t=0.99857 lam_s=1.00286 tsr_diff=0.000181 integral_mean=-0.000004 integral_std=0.000180 log_ratio=-0.0094 accept=0.9906 swapped=True
i=2 pair=(2,7) lam_t=1.00714 lam_s=1.01143 tsr_diff=0.000181 integral_mean=-0.000005 integral_std=0.000188 log_ratio=-0.0114 accept=0.9887 swapped=True
i=2 pair=(4,6) lam_t=1.01571 lam_s=1.02000 tsr_diff=0.000181 integral_mean=-0.000002 integral_std=0.000174 log_ratio=-0.0045 accept=0.9955 swapped=True
i=3 pair=(1,5) lam_t=0.99429 lam_s=0.99857 tsr_diff=0.000400 integral_mean=-0.000008 integral_std=0.000442 log_ratio=-0.0192 accept=0.9809 swapped=True
i=3 pair=(0,7) lam_t=1.00286 lam_s=1.00714 tsr_diff=0.000400 integral_mean=-0.000027 integral_std=0.000451 log_ratio=-0.0645 accept=0.9376 swapped=True
i=3 pair=(2,6) lam_t=1.01143 lam_s=1.01571 tsr_diff=0.000399 integral_mean=0.000000 integral_std=0.000450 log_ratio=0.0000 accept=1.0000 swapped=True
i=4 pair=(3,5) lam_t=0.99000 lam_s=0.99429 tsr_diff=0.000695 integral_mean=-0.000009 integral_std=0.000703 log_ratio=-0.0218 accept=0.9784 swapped=True
i=4 pair=(1,7) lam_t=0.99857 lam_s=1.00286 tsr_diff=0.000693 integral_mean=0.000002 integral_std=0.000684 log_ratio=0.0000 accept=1.0000 swapped=True
i=4 pair=(0,6) lam_t=1.00714 lam_s=1.01143 tsr_diff=0.000691 integral_mean=-0.000055 integral_std=0.000781 log_ratio=-0.1309 accept=0.8773 swapped=False
i=4 pair=(2,4) lam_t=1.01571 lam_s=1.02000 tsr_diff=0.000689 integral_mean=-0.000035 integral_std=0.000742 log_ratio=-0.0833 accept=0.9200 swapped=False
i=5 pair=(3,7) lam_t=0.99429 lam_s=0.99857 tsr_diff=0.001051 integral_mean=0.000036 integral_std=0.001092 log_ratio=0.0000 accept=1.0000 swapped=True
i=5 pair=(1,0) lam_t=1.00286 lam_s=1.00714 tsr_diff=0.001046 integral_mean=-0.000135 integral_std=0.001206 log_ratio=-0.3250 accept=0.7225 swapped=False
i=5 pair=(6,2) lam_t=1.01143 lam_s=1.01571 tsr_diff=0.001042 integral_mean=0.000077 integral_std=0.001108 log_ratio=0.0000 accept=1.0000 swapped=True
i=6 pair=(5,7) lam_t=0.99000 lam_s=0.99429 tsr_diff=0.001459 integral_mean=0.000004 integral_std=0.001411 log_ratio=0.0000 accept=1.0000 swapped=True
i=6 pair=(3,1) lam_t=0.99857 lam_s=1.00286 tsr_diff=0.001450 integral_mean=0.000010 integral_std=0.001519 log_ratio=0.0000 accept=1.0000 swapped=True
i=6 pair=(0,2) lam_t=1.00714 lam_s=1.01143 tsr_diff=0.001442 integral_mean=0.000132 integral_std=0.001607 log_ratio=0.0000 accept=1.0000 swapped=True
i=6 pair=(6,4) lam_t=1.01571 lam_s=1.02000 tsr_diff=0.001433 integral_mean=0.000084 integral_std=0.001594 log_ratio=0.0000 accept=1.0000 swapped=True
i=7 pair=(5,1) lam_t=0.99429 lam_s=0.99857 tsr_diff=0.001888 integral_mean=-0.000004 integral_std=0.002032 log_ratio=-0.0102 accept=0.9899 swapped=True
i=7 pair=(3,2) lam_t=1.00286 lam_s=1.00714 tsr_diff=0.001874 integral_mean=0.000059 integral_std=0.002030 log_ratio=0.0000 accept=1.0000 swapped=True
i=7 pair=(0,4) lam_t=1.01143 lam_s=1.01571 tsr_diff=0.001860 integral_mean=0.000164 integral_std=0.002029 log_ratio=0.0000 accept=1.0000 swapped=True
i=8 pair=(7,1) lam_t=0.99000 lam_s=0.99429 tsr_diff=0.002345 integral_mean=-0.000111 integral_std=0.002832 log_ratio=-0.2674 accept=0.7654 swapped=True
i=8 pair=(5,2) lam_t=0.99857 lam_s=1.00286 tsr_diff=0.002323 integral_mean=0.000084 integral_std=0.002232 log_ratio=0.0000 accept=1.0000 swapped=True
i=8 pair=(3,4) lam_t=1.00714 lam_s=1.01143 tsr_diff=0.002302 integral_mean=0.000083 integral_std=0.002412 log_ratio=0.0000 accept=1.0000 swapped=True
i=8 pair=(0,6) lam_t=1.01571 lam_s=1.02000 tsr_diff=0.002281 integral_mean=0.000006 integral_std=0.002800 log_ratio=0.0000 accept=1.0000 swapped=True
i=9 pair=(7,2) lam_t=0.99429 lam_s=0.99857 tsr_diff=0.002773 integral_mean=-0.000041 integral_std=0.002633 log_ratio=-0.0976 accept=0.9071 swapped=True
i=9 pair=(5,4) lam_t=1.00286 lam_s=1.00714 tsr_diff=0.002742 integral_mean=-0.000031 integral_std=0.002821 log_ratio=-0.0741 accept=0.9286 swapped=True
i=9 pair=(3,6) lam_t=1.01143 lam_s=1.01571 tsr_diff=0.002712 integral_mean=-0.000116 integral_std=0.003301 log_ratio=-0.2785 accept=0.7569 swapped=True
i=10 pair=(1,2) lam_t=0.99000 lam_s=0.99429 tsr_diff=0.003206 integral_mean=0.000134 integral_std=0.004497 log_ratio=0.0000 accept=1.0000 swapped=True
i=10 pair=(7,4) lam_t=0.99857 lam_s=1.00286 tsr_diff=0.003165 integral_mean=-0.000146 integral_std=0.003838 log_ratio=-0.3506 accept=0.7043 swapped=True
i=10 pair=(5,6) lam_t=1.00714 lam_s=1.01143 tsr_diff=0.003125 integral_mean=-0.000260 integral_std=0.003930 log_ratio=-0.6235 accept=0.5361 swapped=False
i=10 pair=(3,0) lam_t=1.01571 lam_s=1.02000 tsr_diff=0.003086 integral_mean=-0.000261 integral_std=0.003877 log_ratio=-0.6275 accept=0.5339 swapped=True
i=11 pair=(1,4) lam_t=0.99429 lam_s=0.99857 tsr_diff=0.003554 integral_mean=-0.000008 integral_std=0.005400 log_ratio=-0.0187 accept=0.9815 swapped=True
i=11 pair=(7,5) lam_t=1.00286 lam_s=1.00714 tsr_diff=0.003505 integral_mean=-0.000010 integral_std=0.004179 log_ratio=-0.0234 accept=0.9768 swapped=True
i=11 pair=(6,0) lam_t=1.01143 lam_s=1.01571 tsr_diff=0.003456 integral_mean=-0.000122 integral_std=0.005373 log_ratio=-0.2919 accept=0.7469 swapped=True
i=12 pair=(2,4) lam_t=0.99000 lam_s=0.99429 tsr_diff=0.003894 integral_mean=-0.000325 integral_std=0.007721 log_ratio=-0.7809 accept=0.4580 swapped=False
i=12 pair=(1,5) lam_t=0.99857 lam_s=1.00286 tsr_diff=0.003834 integral_mean=0.000364 integral_std=0.007031 log_ratio=0.0000 accept=1.0000 swapped=True
i=12 pair=(7,0) lam_t=1.00714 lam_s=1.01143 tsr_diff=0.003776 integral_mean=-0.000415 integral_std=0.007052 log_ratio=-0.9956 accept=0.3695 swapped=True
i=12 pair=(6,3) lam_t=1.01571 lam_s=1.02000 tsr_diff=0.003719 integral_mean=0.000340 integral_std=0.006539 log_ratio=0.0000 accept=1.0000 swapped=True
i=13 pair=(4,5) lam_t=0.99429 lam_s=0.99857 tsr_diff=0.004100 integral_mean=0.000375 integral_std=0.008989 log_ratio=0.0000 accept=1.0000 swapped=True
i=13 pair=(1,0) lam_t=1.00286 lam_s=1.00714 tsr_diff=0.004034 integral_mean=-0.000080 integral_std=0.010662 log_ratio=-0.1908 accept=0.8263 swapped=True
i=13 pair=(7,3) lam_t=1.01143 lam_s=1.01571 tsr_diff=0.003969 integral_mean=-0.000145 integral_std=0.009910 log_ratio=-0.3468 accept=0.7069 swapped=True
Best Sample: 7 log probability -0.200
Saved 1 samples to: logs/pointmaze-giant-navigate-v0/inference/plans/release_H400_T256_LimitsNormalizer_b1_condFalse/2026-07-15 12:07:56/16/0.png
Saved 1 samples to: logs/pointmaze-giant-navigate-v0/inference/plans/release_H400_T256_LimitsNormalizer_b1_condFalse/2026-07-15 12:07:56/16/rollout.png
i=0 pair=(0,1) lam_t=0.99000 lam_s=0.99429 tsr_diff=0.000000 integral_mean=0.000000 integral_std=0.000000 log_ratio=0.0000 accept=1.0000 swapped=True
i=0 pair=(2,3) lam_t=0.99857 lam_s=1.00286 tsr_diff=0.000000 integral_mean=0.000000 integral_std=0.000000 log_ratio=0.0000 accept=1.0000 swapped=True
i=0 pair=(4,5) lam_t=1.00714 lam_s=1.01143 tsr_diff=0.000000 integral_mean=0.000000 integral_std=0.000000 log_ratio=0.0000 accept=1.0000 swapped=True
i=0 pair=(6,7) lam_t=1.01571 lam_s=1.02000 tsr_diff=0.000000 integral_mean=0.000000 integral_std=0.000000 log_ratio=0.0000 accept=1.0000 swapped=True
i=1 pair=(0,3) lam_t=0.99429 lam_s=0.99857 tsr_diff=0.000046 integral_mean=0.000000 integral_std=0.000047 log_ratio=0.0000 accept=1.0000 swapped=True
i=1 pair=(2,5) lam_t=1.00286 lam_s=1.00714 tsr_diff=0.000046 integral_mean=-0.000000 integral_std=0.000047 log_ratio=-0.0006 accept=0.9994 swapped=True
i=1 pair=(4,7) lam_t=1.01143 lam_s=1.01571 tsr_diff=0.000046 integral_mean=-0.000001 integral_std=0.000047 log_ratio=-0.0030 accept=0.9970 swapped=True
i=2 pair=(1,3) lam_t=0.99000 lam_s=0.99429 tsr_diff=0.000181 integral_mean=0.000002 integral_std=0.000191 log_ratio=0.0000 accept=1.0000 swapped=True
i=2 pair=(0,5) lam_t=0.99857 lam_s=1.00286 tsr_diff=0.000181 integral_mean=0.000000 integral_std=0.000180 log_ratio=0.0000 accept=1.0000 swapped=True
i=2 pair=(2,7) lam_t=1.00714 lam_s=1.01143 tsr_diff=0.000181 integral_mean=0.000002 integral_std=0.000180 log_ratio=0.0000 accept=1.0000 swapped=True
i=2 pair=(4,6) lam_t=1.01571 lam_s=1.02000 tsr_diff=0.000181 integral_mean=0.000002 integral_std=0.000178 log_ratio=0.0000 accept=1.0000 swapped=True
i=3 pair=(1,5) lam_t=0.99429 lam_s=0.99857 tsr_diff=0.000400 integral_mean=0.000030 integral_std=0.000409 log_ratio=0.0000 accept=1.0000 swapped=True
i=3 pair=(0,7) lam_t=1.00286 lam_s=1.00714 tsr_diff=0.000400 integral_mean=-0.000011 integral_std=0.000411 log_ratio=-0.0265 accept=0.9738 swapped=True
i=3 pair=(2,6) lam_t=1.01143 lam_s=1.01571 tsr_diff=0.000399 integral_mean=0.000001 integral_std=0.000402 log_ratio=0.0000 accept=1.0000 swapped=True
i=4 pair=(3,5) lam_t=0.99000 lam_s=0.99429 tsr_diff=0.000695 integral_mean=0.000017 integral_std=0.000666 log_ratio=0.0000 accept=1.0000 swapped=True
i=4 pair=(1,7) lam_t=0.99857 lam_s=1.00286 tsr_diff=0.000693 integral_mean=-0.000040 integral_std=0.000762 log_ratio=-0.0961 accept=0.9084 swapped=True
i=4 pair=(0,6) lam_t=1.00714 lam_s=1.01143 tsr_diff=0.000691 integral_mean=0.000012 integral_std=0.000659 log_ratio=0.0000 accept=1.0000 swapped=True
i=4 pair=(2,4) lam_t=1.01571 lam_s=1.02000 tsr_diff=0.000689 integral_mean=-0.000001 integral_std=0.000714 log_ratio=-0.0024 accept=0.9976 swapped=True
i=5 pair=(3,7) lam_t=0.99429 lam_s=0.99857 tsr_diff=0.001051 integral_mean=-0.000034 integral_std=0.001102 log_ratio=-0.0815 accept=0.9217 swapped=True
i=5 pair=(1,6) lam_t=1.00286 lam_s=1.00714 tsr_diff=0.001046 integral_mean=0.000016 integral_std=0.000997 log_ratio=0.0000 accept=1.0000 swapped=True
i=5 pair=(0,4) lam_t=1.01143 lam_s=1.01571 tsr_diff=0.001042 integral_mean=-0.000034 integral_std=0.001129 log_ratio=-0.0811 accept=0.9221 swapped=True
i=6 pair=(5,7) lam_t=0.99000 lam_s=0.99429 tsr_diff=0.001459 integral_mean=-0.000014 integral_std=0.001400 log_ratio=-0.0327 accept=0.9678 swapped=True
i=6 pair=(3,6) lam_t=0.99857 lam_s=1.00286 tsr_diff=0.001450 integral_mean=0.000012 integral_std=0.001387 log_ratio=0.0000 accept=1.0000 swapped=True
i=6 pair=(1,4) lam_t=1.00714 lam_s=1.01143 tsr_diff=0.001442 integral_mean=-0.000005 integral_std=0.001427 log_ratio=-0.0126 accept=0.9875 swapped=True
i=6 pair=(0,2) lam_t=1.01571 lam_s=1.02000 tsr_diff=0.001433 integral_mean=0.000005 integral_std=0.001330 log_ratio=0.0000 accept=1.0000 swapped=True
i=7 pair=(5,6) lam_t=0.99429 lam_s=0.99857 tsr_diff=0.001888 integral_mean=-0.000011 integral_std=0.001728 log_ratio=-0.0276 accept=0.9728 swapped=True
i=7 pair=(3,4) lam_t=1.00286 lam_s=1.00714 tsr_diff=0.001874 integral_mean=-0.000052 integral_std=0.001943 log_ratio=-0.1244 accept=0.8830 swapped=True
i=7 pair=(1,2) lam_t=1.01143 lam_s=1.01571 tsr_diff=0.001860 integral_mean=0.000048 integral_std=0.001961 log_ratio=0.0000 accept=1.0000 swapped=True
i=8 pair=(7,6) lam_t=0.99000 lam_s=0.99429 tsr_diff=0.002345 integral_mean=0.000041 integral_std=0.002285 log_ratio=0.0000 accept=1.0000 swapped=True
i=8 pair=(5,4) lam_t=0.99857 lam_s=1.00286 tsr_diff=0.002323 integral_mean=0.000031 integral_std=0.002412 log_ratio=0.0000 accept=1.0000 swapped=True
i=8 pair=(3,2) lam_t=1.00714 lam_s=1.01143 tsr_diff=0.002302 integral_mean=-0.000069 integral_std=0.002186 log_ratio=-0.1658 accept=0.8472 swapped=True
i=8 pair=(1,0) lam_t=1.01571 lam_s=1.02000 tsr_diff=0.002281 integral_mean=0.000084 integral_std=0.002520 log_ratio=0.0000 accept=1.0000 swapped=True
i=9 pair=(7,4) lam_t=0.99429 lam_s=0.99857 tsr_diff=0.002773 integral_mean=-0.000093 integral_std=0.003353 log_ratio=-0.2221 accept=0.8008 swapped=True
i=9 pair=(5,2) lam_t=1.00286 lam_s=1.00714 tsr_diff=0.002742 integral_mean=0.000049 integral_std=0.002507 log_ratio=0.0000 accept=1.0000 swapped=True
i=9 pair=(3,0) lam_t=1.01143 lam_s=1.01571 tsr_diff=0.002712 integral_mean=0.000001 integral_std=0.002623 log_ratio=0.0000 accept=1.0000 swapped=True
i=10 pair=(6,4) lam_t=0.99000 lam_s=0.99429 tsr_diff=0.003206 integral_mean=-0.000249 integral_std=0.003253 log_ratio=-0.5987 accept=0.5495 swapped=True
i=10 pair=(7,2) lam_t=0.99857 lam_s=1.00286 tsr_diff=0.003165 integral_mean=0.000105 integral_std=0.003316 log_ratio=0.0000 accept=1.0000 swapped=True
i=10 pair=(5,0) lam_t=1.00714 lam_s=1.01143 tsr_diff=0.003125 integral_mean=0.000030 integral_std=0.002835 log_ratio=0.0000 accept=1.0000 swapped=True
i=10 pair=(3,1) lam_t=1.01571 lam_s=1.02000 tsr_diff=0.003086 integral_mean=-0.000010 integral_std=0.004126 log_ratio=-0.0249 accept=0.9754 swapped=True
i=11 pair=(6,2) lam_t=0.99429 lam_s=0.99857 tsr_diff=0.003554 integral_mean=0.000022 integral_std=0.003038 log_ratio=0.0000 accept=1.0000 swapped=True
i=11 pair=(7,0) lam_t=1.00286 lam_s=1.00714 tsr_diff=0.003505 integral_mean=0.000024 integral_std=0.003963 log_ratio=0.0000 accept=1.0000 swapped=True
i=11 pair=(5,1) lam_t=1.01143 lam_s=1.01571 tsr_diff=0.003456 integral_mean=-0.000063 integral_std=0.004992 log_ratio=-0.1512 accept=0.8597 swapped=True
i=12 pair=(4,2) lam_t=0.99000 lam_s=0.99429 tsr_diff=0.003894 integral_mean=-0.000033 integral_std=0.004486 log_ratio=-0.0793 accept=0.9238 swapped=False
i=12 pair=(6,0) lam_t=0.99857 lam_s=1.00286 tsr_diff=0.003834 integral_mean=0.000011 integral_std=0.002922 log_ratio=0.0000 accept=1.0000 swapped=True
i=12 pair=(7,1) lam_t=1.00714 lam_s=1.01143 tsr_diff=0.003776 integral_mean=0.000097 integral_std=0.007268 log_ratio=0.0000 accept=1.0000 swapped=True
i=12 pair=(5,3) lam_t=1.01571 lam_s=1.02000 tsr_diff=0.003719 integral_mean=-0.000127 integral_std=0.004745 log_ratio=-0.3056 accept=0.7367 swapped=True
i=13 pair=(2,0) lam_t=0.99429 lam_s=0.99857 tsr_diff=0.004100 integral_mean=-0.000030 integral_std=0.002901 log_ratio=-0.0713 accept=0.9311 swapped=True
i=13 pair=(6,1) lam_t=1.00286 lam_s=1.00714 tsr_diff=0.004034 integral_mean=-0.000427 integral_std=0.010215 log_ratio=-1.0258 accept=0.3585 swapped=False
i=13 pair=(7,3) lam_t=1.01143 lam_s=1.01571 tsr_diff=0.003969 integral_mean=-0.000218 integral_std=0.007263 log_ratio=-0.5221 accept=0.5933 swapped=True
Best Sample: 0 log probability -0.102
Saved 1 samples to: logs/pointmaze-giant-navigate-v0/inference/plans/release_H400_T256_LimitsNormalizer_b1_condFalse/2026-07-15 12:07:56/17/0.png
Saved 1 samples to: logs/pointmaze-giant-navigate-v0/inference/plans/release_H400_T256_LimitsNormalizer_b1_condFalse/2026-07-15 12:07:56/17/rollout.png
i=0 pair=(0,1) lam_t=0.99000 lam_s=0.99429 tsr_diff=0.000000 integral_mean=0.000000 integral_std=0.000000 log_ratio=0.0000 accept=1.0000 swapped=True
i=0 pair=(2,3) lam_t=0.99857 lam_s=1.00286 tsr_diff=0.000000 integral_mean=0.000000 integral_std=0.000000 log_ratio=0.0000 accept=1.0000 swapped=True
i=0 pair=(4,5) lam_t=1.00714 lam_s=1.01143 tsr_diff=0.000000 integral_mean=0.000000 integral_std=0.000000 log_ratio=0.0000 accept=1.0000 swapped=True
i=0 pair=(6,7) lam_t=1.01571 lam_s=1.02000 tsr_diff=0.000000 integral_mean=0.000000 integral_std=0.000000 log_ratio=0.0000 accept=1.0000 swapped=True
i=1 pair=(0,3) lam_t=0.99429 lam_s=0.99857 tsr_diff=0.000046 integral_mean=-0.000002 integral_std=0.000045 log_ratio=-0.0049 accept=0.9951 swapped=True
i=1 pair=(2,5) lam_t=1.00286 lam_s=1.00714 tsr_diff=0.000046 integral_mean=0.000002 integral_std=0.000048 log_ratio=0.0000 accept=1.0000 swapped=True
i=1 pair=(4,7) lam_t=1.01143 lam_s=1.01571 tsr_diff=0.000046 integral_mean=-0.000001 integral_std=0.000046 log_ratio=-0.0030 accept=0.9970 swapped=True
i=2 pair=(1,3) lam_t=0.99000 lam_s=0.99429 tsr_diff=0.000181 integral_mean=-0.000002 integral_std=0.000184 log_ratio=-0.0053 accept=0.9947 swapped=True
i=2 pair=(0,5) lam_t=0.99857 lam_s=1.00286 tsr_diff=0.000181 integral_mean=0.000004 integral_std=0.000210 log_ratio=0.0000 accept=1.0000 swapped=True
i=2 pair=(2,7) lam_t=1.00714 lam_s=1.01143 tsr_diff=0.000181 integral_mean=-0.000004 integral_std=0.000181 log_ratio=-0.0088 accept=0.9913 swapped=True
i=2 pair=(4,6) lam_t=1.01571 lam_s=1.02000 tsr_diff=0.000181 integral_mean=-0.000005 integral_std=0.000177 log_ratio=-0.0109 accept=0.9892 swapped=True
i=3 pair=(1,5) lam_t=0.99429 lam_s=0.99857 tsr_diff=0.000400 integral_mean=-0.000017 integral_std=0.000458 log_ratio=-0.0403 accept=0.9605 swapped=True
i=3 pair=(0,7) lam_t=1.00286 lam_s=1.00714 tsr_diff=0.000400 integral_mean=-0.000027 integral_std=0.000415 log_ratio=-0.0648 accept=0.9373 swapped=True
i=3 pair=(2,6) lam_t=1.01143 lam_s=1.01571 tsr_diff=0.000399 integral_mean=-0.000002 integral_std=0.000424 log_ratio=-0.0050 accept=0.9950 swapped=True
i=4 pair=(3,5) lam_t=0.99000 lam_s=0.99429 tsr_diff=0.000695 integral_mean=-0.000020 integral_std=0.000783 log_ratio=-0.0481 accept=0.9531 swapped=True
i=4 pair=(1,7) lam_t=0.99857 lam_s=1.00286 tsr_diff=0.000693 integral_mean=-0.000036 integral_std=0.000740 log_ratio=-0.0870 accept=0.9166 swapped=False
i=4 pair=(0,6) lam_t=1.00714 lam_s=1.01143 tsr_diff=0.000691 integral_mean=-0.000028 integral_std=0.000680 log_ratio=-0.0683 accept=0.9340 swapped=True
i=4 pair=(2,4) lam_t=1.01571 lam_s=1.02000 tsr_diff=0.000689 integral_mean=-0.000003 integral_std=0.000683 log_ratio=-0.0065 accept=0.9936 swapped=True
i=5 pair=(3,1) lam_t=0.99429 lam_s=0.99857 tsr_diff=0.001051 integral_mean=-0.000000 integral_std=0.001158 log_ratio=-0.0012 accept=0.9988 swapped=True
i=5 pair=(7,6) lam_t=1.00286 lam_s=1.00714 tsr_diff=0.001046 integral_mean=0.000060 integral_std=0.001168 log_ratio=0.0000 accept=1.0000 swapped=True
i=5 pair=(0,4) lam_t=1.01143 lam_s=1.01571 tsr_diff=0.001042 integral_mean=0.000049 integral_std=0.001106 log_ratio=0.0000 accept=1.0000 swapped=True
i=6 pair=(5,1) lam_t=0.99000 lam_s=0.99429 tsr_diff=0.001459 integral_mean=0.000028 integral_std=0.001443 log_ratio=0.0000 accept=1.0000 swapped=True
i=6 pair=(3,6) lam_t=0.99857 lam_s=1.00286 tsr_diff=0.001450 integral_mean=-0.000074 integral_std=0.001604 log_ratio=-0.1764 accept=0.8382 swapped=True
i=6 pair=(7,4) lam_t=1.00714 lam_s=1.01143 tsr_diff=0.001442 integral_mean=0.000029 integral_std=0.001460 log_ratio=0.0000 accept=1.0000 swapped=True
i=6 pair=(0,2) lam_t=1.01571 lam_s=1.02000 tsr_diff=0.001433 integral_mean=0.000054 integral_std=0.001439 log_ratio=0.0000 accept=1.0000 swapped=True
i=7 pair=(5,6) lam_t=0.99429 lam_s=0.99857 tsr_diff=0.001888 integral_mean=-0.000036 integral_std=0.002111 log_ratio=-0.0865 accept=0.9171 swapped=True
i=7 pair=(3,4) lam_t=1.00286 lam_s=1.00714 tsr_diff=0.001874 integral_mean=0.000041 integral_std=0.001798 log_ratio=0.0000 accept=1.0000 swapped=True
i=7 pair=(7,2) lam_t=1.01143 lam_s=1.01571 tsr_diff=0.001860 integral_mean=0.000065 integral_std=0.001897 log_ratio=0.0000 accept=1.0000 swapped=True
i=8 pair=(1,6) lam_t=0.99000 lam_s=0.99429 tsr_diff=0.002345 integral_mean=-0.000185 integral_std=0.002849 log_ratio=-0.4444 accept=0.6412 swapped=True
i=8 pair=(5,4) lam_t=0.99857 lam_s=1.00286 tsr_diff=0.002323 integral_mean=0.000062 integral_std=0.002434 log_ratio=0.0000 accept=1.0000 swapped=True
i=8 pair=(3,2) lam_t=1.00714 lam_s=1.01143 tsr_diff=0.002302 integral_mean=0.000013 integral_std=0.002448 log_ratio=0.0000 accept=1.0000 swapped=True
i=8 pair=(7,0) lam_t=1.01571 lam_s=1.02000 tsr_diff=0.002281 integral_mean=0.000060 integral_std=0.002952 log_ratio=0.0000 accept=1.0000 swapped=True
i=9 pair=(1,4) lam_t=0.99429 lam_s=0.99857 tsr_diff=0.002773 integral_mean=0.000006 integral_std=0.002468 log_ratio=0.0000 accept=1.0000 swapped=True
i=9 pair=(5,2) lam_t=1.00286 lam_s=1.00714 tsr_diff=0.002742 integral_mean=0.000102 integral_std=0.002841 log_ratio=0.0000 accept=1.0000 swapped=True
i=9 pair=(3,0) lam_t=1.01143 lam_s=1.01571 tsr_diff=0.002712 integral_mean=0.000090 integral_std=0.003298 log_ratio=0.0000 accept=1.0000 swapped=True
i=10 pair=(6,4) lam_t=0.99000 lam_s=0.99429 tsr_diff=0.003206 integral_mean=0.000391 integral_std=0.004569 log_ratio=0.0000 accept=1.0000 swapped=True
i=10 pair=(1,2) lam_t=0.99857 lam_s=1.00286 tsr_diff=0.003165 integral_mean=-0.000011 integral_std=0.002682 log_ratio=-0.0266 accept=0.9738 swapped=True
i=10 pair=(5,0) lam_t=1.00714 lam_s=1.01143 tsr_diff=0.003125 integral_mean=-0.000013 integral_std=0.003116 log_ratio=-0.0323 accept=0.9682 swapped=True
i=10 pair=(3,7) lam_t=1.01571 lam_s=1.02000 tsr_diff=0.003086 integral_mean=0.000007 integral_std=0.004446 log_ratio=0.0000 accept=1.0000 swapped=True
i=11 pair=(6,2) lam_t=0.99429 lam_s=0.99857 tsr_diff=0.003554 integral_mean=0.000418 integral_std=0.005614 log_ratio=0.0000 accept=1.0000 swapped=True
i=11 pair=(1,0) lam_t=1.00286 lam_s=1.00714 tsr_diff=0.003505 integral_mean=-0.000022 integral_std=0.004013 log_ratio=-0.0533 accept=0.9481 swapped=True
i=11 pair=(5,7) lam_t=1.01143 lam_s=1.01571 tsr_diff=0.003456 integral_mean=-0.000424 integral_std=0.005643 log_ratio=-1.0185 accept=0.3612 swapped=True
i=12 pair=(4,2) lam_t=0.99000 lam_s=0.99429 tsr_diff=0.003894 integral_mean=0.000023 integral_std=0.003060 log_ratio=0.0000 accept=1.0000 swapped=True
i=12 pair=(6,0) lam_t=0.99857 lam_s=1.00286 tsr_diff=0.003834 integral_mean=0.000062 integral_std=0.007551 log_ratio=0.0000 accept=1.0000 swapped=True
i=12 pair=(1,7) lam_t=1.00714 lam_s=1.01143 tsr_diff=0.003776 integral_mean=-0.000512 integral_std=0.008261 log_ratio=-1.2281 accept=0.2928 swapped=False
i=12 pair=(5,3) lam_t=1.01571 lam_s=1.02000 tsr_diff=0.003719 integral_mean=-0.000616 integral_std=0.007477 log_ratio=-1.4777 accept=0.2282 swapped=False
i=13 pair=(4,0) lam_t=0.99429 lam_s=0.99857 tsr_diff=0.004100 integral_mean=-0.000085 integral_std=0.006553 log_ratio=-0.2035 accept=0.8158 swapped=True
i=13 pair=(6,1) lam_t=1.00286 lam_s=1.00714 tsr_diff=0.004034 integral_mean=0.000367 integral_std=0.010588 log_ratio=0.0000 accept=1.0000 swapped=True
i=13 pair=(7,5) lam_t=1.01143 lam_s=1.01571 tsr_diff=0.003969 integral_mean=0.000546 integral_std=0.011011 log_ratio=0.0000 accept=1.0000 swapped=True
Best Sample: 1 log probability -0.021
Saved 1 samples to: logs/pointmaze-giant-navigate-v0/inference/plans/release_H400_T256_LimitsNormalizer_b1_condFalse/2026-07-15 12:07:56/18/0.png
Saved 1 samples to: logs/pointmaze-giant-navigate-v0/inference/plans/release_H400_T256_LimitsNormalizer_b1_condFalse/2026-07-15 12:07:56/18/rollout.png
i=0 pair=(0,1) lam_t=0.99000 lam_s=0.99429 tsr_diff=0.000000 integral_mean=0.000000 integral_std=0.000000 log_ratio=0.0000 accept=1.0000 swapped=True
i=0 pair=(2,3) lam_t=0.99857 lam_s=1.00286 tsr_diff=0.000000 integral_mean=0.000000 integral_std=0.000000 log_ratio=0.0000 accept=1.0000 swapped=True
i=0 pair=(4,5) lam_t=1.00714 lam_s=1.01143 tsr_diff=0.000000 integral_mean=0.000000 integral_std=0.000000 log_ratio=0.0000 accept=1.0000 swapped=True
i=0 pair=(6,7) lam_t=1.01571 lam_s=1.02000 tsr_diff=0.000000 integral_mean=0.000000 integral_std=0.000000 log_ratio=0.0000 accept=1.0000 swapped=True
i=1 pair=(0,3) lam_t=0.99429 lam_s=0.99857 tsr_diff=0.000046 integral_mean=-0.000000 integral_std=0.000047 log_ratio=-0.0009 accept=0.9991 swapped=True
i=1 pair=(2,5) lam_t=1.00286 lam_s=1.00714 tsr_diff=0.000046 integral_mean=-0.000001 integral_std=0.000048 log_ratio=-0.0017 accept=0.9983 swapped=True
i=1 pair=(4,7) lam_t=1.01143 lam_s=1.01571 tsr_diff=0.000046 integral_mean=0.000003 integral_std=0.000047 log_ratio=0.0000 accept=1.0000 swapped=True
i=2 pair=(1,3) lam_t=0.99000 lam_s=0.99429 tsr_diff=0.000181 integral_mean=-0.000005 integral_std=0.000185 log_ratio=-0.0127 accept=0.9874 swapped=True
i=2 pair=(0,5) lam_t=0.99857 lam_s=1.00286 tsr_diff=0.000181 integral_mean=-0.000009 integral_std=0.000185 log_ratio=-0.0211 accept=0.9791 swapped=True
i=2 pair=(2,7) lam_t=1.00714 lam_s=1.01143 tsr_diff=0.000181 integral_mean=-0.000003 integral_std=0.000200 log_ratio=-0.0065 accept=0.9935 swapped=True
i=2 pair=(4,6) lam_t=1.01571 lam_s=1.02000 tsr_diff=0.000181 integral_mean=-0.000005 integral_std=0.000182 log_ratio=-0.0115 accept=0.9886 swapped=True
i=3 pair=(1,5) lam_t=0.99429 lam_s=0.99857 tsr_diff=0.000400 integral_mean=-0.000006 integral_std=0.000421 log_ratio=-0.0144 accept=0.9857 swapped=True
i=3 pair=(0,7) lam_t=1.00286 lam_s=1.00714 tsr_diff=0.000400 integral_mean=-0.000014 integral_std=0.000409 log_ratio=-0.0343 accept=0.9663 swapped=True
i=3 pair=(2,6) lam_t=1.01143 lam_s=1.01571 tsr_diff=0.000399 integral_mean=0.000001 integral_std=0.000381 log_ratio=0.0000 accept=1.0000 swapped=True
i=4 pair=(3,5) lam_t=0.99000 lam_s=0.99429 tsr_diff=0.000695 integral_mean=-0.000030 integral_std=0.000767 log_ratio=-0.0727 accept=0.9298 swapped=True
i=4 pair=(1,7) lam_t=0.99857 lam_s=1.00286 tsr_diff=0.000693 integral_mean=0.000023 integral_std=0.000783 log_ratio=0.0000 accept=1.0000 swapped=True
i=4 pair=(0,6) lam_t=1.00714 lam_s=1.01143 tsr_diff=0.000691 integral_mean=0.000001 integral_std=0.000636 log_ratio=0.0000 accept=1.0000 swapped=True
i=4 pair=(2,4) lam_t=1.01571 lam_s=1.02000 tsr_diff=0.000689 integral_mean=0.000005 integral_std=0.000685 log_ratio=0.0000 accept=1.0000 swapped=True
i=5 pair=(3,7) lam_t=0.99429 lam_s=0.99857 tsr_diff=0.001051 integral_mean=-0.000008 integral_std=0.001062 log_ratio=-0.0200 accept=0.9802 swapped=True
i=5 pair=(1,6) lam_t=1.00286 lam_s=1.00714 tsr_diff=0.001046 integral_mean=-0.000169 integral_std=0.001424 log_ratio=-0.4050 accept=0.6670 swapped=True
i=5 pair=(0,4) lam_t=1.01143 lam_s=1.01571 tsr_diff=0.001042 integral_mean=-0.000034 integral_std=0.001030 log_ratio=-0.0828 accept=0.9205 swapped=True
i=6 pair=(5,7) lam_t=0.99000 lam_s=0.99429 tsr_diff=0.001459 integral_mean=-0.000003 integral_std=0.001414 log_ratio=-0.0081 accept=0.9920 swapped=True
i=6 pair=(3,6) lam_t=0.99857 lam_s=1.00286 tsr_diff=0.001450 integral_mean=-0.000145 integral_std=0.001828 log_ratio=-0.3477 accept=0.7063 swapped=True
i=6 pair=(1,4) lam_t=1.00714 lam_s=1.01143 tsr_diff=0.001442 integral_mean=0.000058 integral_std=0.001530 log_ratio=0.0000 accept=1.0000 swapped=True
i=6 pair=(0,2) lam_t=1.01571 lam_s=1.02000 tsr_diff=0.001433 integral_mean=0.000021 integral_std=0.001305 log_ratio=0.0000 accept=1.0000 swapped=True
i=7 pair=(5,6) lam_t=0.99429 lam_s=0.99857 tsr_diff=0.001888 integral_mean=-0.000350 integral_std=0.002349 log_ratio=-0.8396 accept=0.4319 swapped=True
i=7 pair=(3,4) lam_t=1.00286 lam_s=1.00714 tsr_diff=0.001874 integral_mean=-0.000061 integral_std=0.002096 log_ratio=-0.1460 accept=0.8642 swapped=True
i=7 pair=(1,2) lam_t=1.01143 lam_s=1.01571 tsr_diff=0.001860 integral_mean=0.000103 integral_std=0.001840 log_ratio=0.0000 accept=1.0000 swapped=True
i=8 pair=(7,6) lam_t=0.99000 lam_s=0.99429 tsr_diff=0.002345 integral_mean=-0.000569 integral_std=0.003373 log_ratio=-1.3649 accept=0.2554 swapped=False
i=8 pair=(5,4) lam_t=0.99857 lam_s=1.00286 tsr_diff=0.002323 integral_mean=-0.000121 integral_std=0.002191 log_ratio=-0.2907 accept=0.7478 swapped=True
i=8 pair=(3,2) lam_t=1.00714 lam_s=1.01143 tsr_diff=0.002302 integral_mean=0.000020 integral_std=0.002430 log_ratio=0.0000 accept=1.0000 swapped=True
i=8 pair=(1,0) lam_t=1.01571 lam_s=1.02000 tsr_diff=0.002281 integral_mean=0.000075 integral_std=0.002524 log_ratio=0.0000 accept=1.0000 swapped=True
i=9 pair=(6,4) lam_t=0.99429 lam_s=0.99857 tsr_diff=0.002773 integral_mean=0.000441 integral_std=0.003767 log_ratio=0.0000 accept=1.0000 swapped=True
i=9 pair=(5,2) lam_t=1.00286 lam_s=1.00714 tsr_diff=0.002742 integral_mean=0.000089 integral_std=0.002849 log_ratio=0.0000 accept=1.0000 swapped=True
i=9 pair=(3,0) lam_t=1.01143 lam_s=1.01571 tsr_diff=0.002712 integral_mean=0.000048 integral_std=0.003037 log_ratio=0.0000 accept=1.0000 swapped=True
i=10 pair=(7,4) lam_t=0.99000 lam_s=0.99429 tsr_diff=0.003206 integral_mean=-0.000264 integral_std=0.003803 log_ratio=-0.6337 accept=0.5306 swapped=False
i=10 pair=(6,2) lam_t=0.99857 lam_s=1.00286 tsr_diff=0.003165 integral_mean=0.000596 integral_std=0.004229 log_ratio=0.0000 accept=1.0000 swapped=True
i=10 pair=(5,0) lam_t=1.00714 lam_s=1.01143 tsr_diff=0.003125 integral_mean=0.000118 integral_std=0.003593 log_ratio=0.0000 accept=1.0000 swapped=True
i=10 pair=(3,1) lam_t=1.01571 lam_s=1.02000 tsr_diff=0.003086 integral_mean=0.000027 integral_std=0.003709 log_ratio=0.0000 accept=1.0000 swapped=True
i=11 pair=(4,2) lam_t=0.99429 lam_s=0.99857 tsr_diff=0.003554 integral_mean=0.000159 integral_std=0.004064 log_ratio=0.0000 accept=1.0000 swapped=True
i=11 pair=(6,0) lam_t=1.00286 lam_s=1.00714 tsr_diff=0.003505 integral_mean=0.000759 integral_std=0.005590 log_ratio=0.0000 accept=1.0000 swapped=True
i=11 pair=(5,1) lam_t=1.01143 lam_s=1.01571 tsr_diff=0.003456 integral_mean=-0.000078 integral_std=0.005516 log_ratio=-0.1880 accept=0.8286 swapped=True
i=12 pair=(7,2) lam_t=0.99000 lam_s=0.99429 tsr_diff=0.003894 integral_mean=0.000249 integral_std=0.004409 log_ratio=0.0000 accept=1.0000 swapped=True
i=12 pair=(4,0) lam_t=0.99857 lam_s=1.00286 tsr_diff=0.003834 integral_mean=0.000253 integral_std=0.005108 log_ratio=0.0000 accept=1.0000 swapped=True
i=12 pair=(6,1) lam_t=1.00714 lam_s=1.01143 tsr_diff=0.003776 integral_mean=0.000768 integral_std=0.009546 log_ratio=0.0000 accept=1.0000 swapped=True
i=12 pair=(5,3) lam_t=1.01571 lam_s=1.02000 tsr_diff=0.003719 integral_mean=0.000240 integral_std=0.006584 log_ratio=0.0000 accept=1.0000 swapped=True
i=13 pair=(7,0) lam_t=0.99429 lam_s=0.99857 tsr_diff=0.004100 integral_mean=0.000185 integral_std=0.005142 log_ratio=0.0000 accept=1.0000 swapped=True
i=13 pair=(4,1) lam_t=1.00286 lam_s=1.00714 tsr_diff=0.004034 integral_mean=-0.000751 integral_std=0.013182 log_ratio=-1.8012 accept=0.1651 swapped=False
i=13 pair=(6,3) lam_t=1.01143 lam_s=1.01571 tsr_diff=0.003969 integral_mean=0.000977 integral_std=0.011131 log_ratio=0.0000 accept=1.0000 swapped=True
Best Sample: 2 log probability -0.522
Saved 1 samples to: logs/pointmaze-giant-navigate-v0/inference/plans/release_H400_T256_LimitsNormalizer_b1_condFalse/2026-07-15 12:07:56/19/0.png
Saved 1 samples to: logs/pointmaze-giant-navigate-v0/inference/plans/release_H400_T256_LimitsNormalizer_b1_condFalse/2026-07-15 12:07:56/19/rollout.png
i=0 pair=(0,1) lam_t=0.99000 lam_s=0.99429 tsr_diff=0.000000 integral_mean=0.000000 integral_std=0.000000 log_ratio=0.0000 accept=1.0000 swapped=True
i=0 pair=(2,3) lam_t=0.99857 lam_s=1.00286 tsr_diff=0.000000 integral_mean=0.000000 integral_std=0.000000 log_ratio=0.0000 accept=1.0000 swapped=True
i=0 pair=(4,5) lam_t=1.00714 lam_s=1.01143 tsr_diff=0.000000 integral_mean=0.000000 integral_std=0.000000 log_ratio=0.0000 accept=1.0000 swapped=True
i=0 pair=(6,7) lam_t=1.01571 lam_s=1.02000 tsr_diff=0.000000 integral_mean=0.000000 integral_std=0.000000 log_ratio=0.0000 accept=1.0000 swapped=True
i=1 pair=(0,3) lam_t=0.99429 lam_s=0.99857 tsr_diff=0.000046 integral_mean=0.000000 integral_std=0.000045 log_ratio=0.0000 accept=1.0000 swapped=True
i=1 pair=(2,5) lam_t=1.00286 lam_s=1.00714 tsr_diff=0.000046 integral_mean=0.000001 integral_std=0.000047 log_ratio=0.0000 accept=1.0000 swapped=True
i=1 pair=(4,7) lam_t=1.01143 lam_s=1.01571 tsr_diff=0.000046 integral_mean=0.000001 integral_std=0.000047 log_ratio=0.0000 accept=1.0000 swapped=True
i=2 pair=(1,3) lam_t=0.99000 lam_s=0.99429 tsr_diff=0.000181 integral_mean=-0.000003 integral_std=0.000203 log_ratio=-0.0073 accept=0.9927 swapped=True
i=2 pair=(0,5) lam_t=0.99857 lam_s=1.00286 tsr_diff=0.000181 integral_mean=-0.000055 integral_std=0.000239 log_ratio=-0.1320 accept=0.8763 swapped=True
i=2 pair=(2,7) lam_t=1.00714 lam_s=1.01143 tsr_diff=0.000181 integral_mean=0.000003 integral_std=0.000187 log_ratio=0.0000 accept=1.0000 swapped=True
i=2 pair=(4,6) lam_t=1.01571 lam_s=1.02000 tsr_diff=0.000181 integral_mean=0.000004 integral_std=0.000243 log_ratio=0.0000 accept=1.0000 swapped=True
i=3 pair=(1,5) lam_t=0.99429 lam_s=0.99857 tsr_diff=0.000400 integral_mean=-0.000012 integral_std=0.000459 log_ratio=-0.0281 accept=0.9723 swapped=True
i=3 pair=(0,7) lam_t=1.00286 lam_s=1.00714 tsr_diff=0.000400 integral_mean=-0.000015 integral_std=0.000383 log_ratio=-0.0367 accept=0.9640 swapped=True
i=3 pair=(2,6) lam_t=1.01143 lam_s=1.01571 tsr_diff=0.000399 integral_mean=-0.000028 integral_std=0.000411 log_ratio=-0.0674 accept=0.9348 swapped=True
i=4 pair=(3,5) lam_t=0.99000 lam_s=0.99429 tsr_diff=0.000695 integral_mean=-0.000015 integral_std=0.000709 log_ratio=-0.0357 accept=0.9649 swapped=True
i=4 pair=(1,7) lam_t=0.99857 lam_s=1.00286 tsr_diff=0.000693 integral_mean=-0.000106 integral_std=0.000886 log_ratio=-0.2550 accept=0.7749 swapped=False
i=4 pair=(0,6) lam_t=1.00714 lam_s=1.01143 tsr_diff=0.000691 integral_mean=-0.000017 integral_std=0.000747 log_ratio=-0.0397 accept=0.9611 swapped=True
i=4 pair=(2,4) lam_t=1.01571 lam_s=1.02000 tsr_diff=0.000689 integral_mean=-0.000016 integral_std=0.000715 log_ratio=-0.0374 accept=0.9633 swapped=True
i=5 pair=(3,1) lam_t=0.99429 lam_s=0.99857 tsr_diff=0.001051 integral_mean=-0.000018 integral_std=0.001117 log_ratio=-0.0422 accept=0.9587 swapped=True
i=5 pair=(7,6) lam_t=1.00286 lam_s=1.00714 tsr_diff=0.001046 integral_mean=0.000094 integral_std=0.001451 log_ratio=0.0000 accept=1.0000 swapped=True
i=5 pair=(0,4) lam_t=1.01143 lam_s=1.01571 tsr_diff=0.001042 integral_mean=0.000045 integral_std=0.001070 log_ratio=0.0000 accept=1.0000 swapped=True
i=6 pair=(5,1) lam_t=0.99000 lam_s=0.99429 tsr_diff=0.001459 integral_mean=0.000000 integral_std=0.001641 log_ratio=0.0000 accept=1.0000 swapped=True
i=6 pair=(3,6) lam_t=0.99857 lam_s=1.00286 tsr_diff=0.001450 integral_mean=-0.000082 integral_std=0.001539 log_ratio=-0.1959 accept=0.8221 swapped=True
i=6 pair=(7,4) lam_t=1.00714 lam_s=1.01143 tsr_diff=0.001442 integral_mean=0.000234 integral_std=0.001994 log_ratio=0.0000 accept=1.0000 swapped=True
i=6 pair=(0,2) lam_t=1.01571 lam_s=1.02000 tsr_diff=0.001433 integral_mean=-0.000002 integral_std=0.001390 log_ratio=-0.0038 accept=0.9962 swapped=True
i=7 pair=(5,6) lam_t=0.99429 lam_s=0.99857 tsr_diff=0.001888 integral_mean=-0.000074 integral_std=0.002211 log_ratio=-0.1786 accept=0.8364 swapped=True
i=7 pair=(3,4) lam_t=1.00286 lam_s=1.00714 tsr_diff=0.001874 integral_mean=-0.000078 integral_std=0.001877 log_ratio=-0.1871 accept=0.8294 swapped=True
i=7 pair=(7,2) lam_t=1.01143 lam_s=1.01571 tsr_diff=0.001860 integral_mean=0.000290 integral_std=0.002213 log_ratio=0.0000 accept=1.0000 swapped=True
i=8 pair=(1,6) lam_t=0.99000 lam_s=0.99429 tsr_diff=0.002345 integral_mean=-0.000007 integral_std=0.002316 log_ratio=-0.0164 accept=0.9837 swapped=True
i=8 pair=(5,4) lam_t=0.99857 lam_s=1.00286 tsr_diff=0.002323 integral_mean=0.000044 integral_std=0.002859 log_ratio=0.0000 accept=1.0000 swapped=True
i=8 pair=(3,2) lam_t=1.00714 lam_s=1.01143 tsr_diff=0.002302 integral_mean=-0.000028 integral_std=0.002342 log_ratio=-0.0672 accept=0.9350 swapped=True
i=8 pair=(7,0) lam_t=1.01571 lam_s=1.02000 tsr_diff=0.002281 integral_mean=0.000250 integral_std=0.002342 log_ratio=0.0000 accept=1.0000 swapped=True
i=9 pair=(1,4) lam_t=0.99429 lam_s=0.99857 tsr_diff=0.002773 integral_mean=0.000019 integral_std=0.003473 log_ratio=0.0000 accept=1.0000 swapped=True
i=9 pair=(5,2) lam_t=1.00286 lam_s=1.00714 tsr_diff=0.002742 integral_mean=0.000096 integral_std=0.003469 log_ratio=0.0000 accept=1.0000 swapped=True
i=9 pair=(3,0) lam_t=1.01143 lam_s=1.01571 tsr_diff=0.002712 integral_mean=0.000074 integral_std=0.002773 log_ratio=0.0000 accept=1.0000 swapped=True
i=10 pair=(6,4) lam_t=0.99000 lam_s=0.99429 tsr_diff=0.003206 integral_mean=-0.000215 integral_std=0.004784 log_ratio=-0.5168 accept=0.5965 swapped=False
i=10 pair=(1,2) lam_t=0.99857 lam_s=1.00286 tsr_diff=0.003165 integral_mean=0.000059 integral_std=0.003470 log_ratio=0.0000 accept=1.0000 swapped=True
i=10 pair=(5,0) lam_t=1.00714 lam_s=1.01143 tsr_diff=0.003125 integral_mean=0.000002 integral_std=0.004126 log_ratio=0.0000 accept=1.0000 swapped=True
i=10 pair=(3,7) lam_t=1.01571 lam_s=1.02000 tsr_diff=0.003086 integral_mean=-0.000050 integral_std=0.003655 log_ratio=-0.1203 accept=0.8866 swapped=True
i=11 pair=(4,2) lam_t=0.99429 lam_s=0.99857 tsr_diff=0.003554 integral_mean=0.000073 integral_std=0.005725 log_ratio=0.0000 accept=1.0000 swapped=True
i=11 pair=(1,0) lam_t=1.00286 lam_s=1.00714 tsr_diff=0.003505 integral_mean=0.000188 integral_std=0.004096 log_ratio=0.0000 accept=1.0000 swapped=True
i=11 pair=(5,7) lam_t=1.01143 lam_s=1.01571 tsr_diff=0.003456 integral_mean=-0.000752 integral_std=0.007197 log_ratio=-1.8037 accept=0.1647 swapped=False
i=12 pair=(6,2) lam_t=0.99000 lam_s=0.99429 tsr_diff=0.003894 integral_mean=0.000013 integral_std=0.003473 log_ratio=0.0000 accept=1.0000 swapped=True
i=12 pair=(4,0) lam_t=0.99857 lam_s=1.00286 tsr_diff=0.003834 integral_mean=0.000430 integral_std=0.007138 log_ratio=0.0000 accept=1.0000 swapped=True
i=12 pair=(1,5) lam_t=1.00714 lam_s=1.01143 tsr_diff=0.003776 integral_mean=-0.000041 integral_std=0.008135 log_ratio=-0.0976 accept=0.9070 swapped=True
i=12 pair=(7,3) lam_t=1.01571 lam_s=1.02000 tsr_diff=0.003719 integral_mean=0.000500 integral_std=0.006319 log_ratio=0.0000 accept=1.0000 swapped=True
i=13 pair=(6,0) lam_t=0.99429 lam_s=0.99857 tsr_diff=0.004100 integral_mean=0.000168 integral_std=0.003989 log_ratio=0.0000 accept=1.0000 swapped=True
i=13 pair=(4,5) lam_t=1.00286 lam_s=1.00714 tsr_diff=0.004034 integral_mean=0.000601 integral_std=0.008960 log_ratio=0.0000 accept=1.0000 swapped=True
i=13 pair=(1,3) lam_t=1.01143 lam_s=1.01571 tsr_diff=0.003969 integral_mean=0.000421 integral_std=0.009408 log_ratio=0.0000 accept=1.0000 swapped=True
Best Sample: 0 log probability -0.004
Saved 1 samples to: logs/pointmaze-giant-navigate-v0/inference/plans/release_H400_T256_LimitsNormalizer_b1_condFalse/2026-07-15 12:07:56/20/0.png
Saved 1 samples to: logs/pointmaze-giant-navigate-v0/inference/plans/release_H400_T256_LimitsNormalizer_b1_condFalse/2026-07-15 12:07:56/20/rollout.png
i=0 pair=(0,1) lam_t=0.99000 lam_s=0.99429 tsr_diff=0.000000 integral_mean=0.000000 integral_std=0.000000 log_ratio=0.0000 accept=1.0000 swapped=True
i=0 pair=(2,3) lam_t=0.99857 lam_s=1.00286 tsr_diff=0.000000 integral_mean=0.000000 integral_std=0.000000 log_ratio=0.0000 accept=1.0000 swapped=True
i=0 pair=(4,5) lam_t=1.00714 lam_s=1.01143 tsr_diff=0.000000 integral_mean=0.000000 integral_std=0.000000 log_ratio=0.0000 accept=1.0000 swapped=True
i=0 pair=(6,7) lam_t=1.01571 lam_s=1.02000 tsr_diff=0.000000 integral_mean=0.000000 integral_std=0.000000 log_ratio=0.0000 accept=1.0000 swapped=True
i=1 pair=(0,3) lam_t=0.99429 lam_s=0.99857 tsr_diff=0.000046 integral_mean=-0.000000 integral_std=0.000047 log_ratio=-0.0011 accept=0.9989 swapped=True
i=1 pair=(2,5) lam_t=1.00286 lam_s=1.00714 tsr_diff=0.000046 integral_mean=0.000000 integral_std=0.000045 log_ratio=0.0000 accept=1.0000 swapped=True
i=1 pair=(4,7) lam_t=1.01143 lam_s=1.01571 tsr_diff=0.000046 integral_mean=-0.000002 integral_std=0.000046 log_ratio=-0.0038 accept=0.9962 swapped=True
i=2 pair=(1,3) lam_t=0.99000 lam_s=0.99429 tsr_diff=0.000181 integral_mean=-0.000001 integral_std=0.000187 log_ratio=-0.0024 accept=0.9976 swapped=True
i=2 pair=(0,5) lam_t=0.99857 lam_s=1.00286 tsr_diff=0.000181 integral_mean=-0.000003 integral_std=0.000175 log_ratio=-0.0065 accept=0.9935 swapped=True
i=2 pair=(2,7) lam_t=1.00714 lam_s=1.01143 tsr_diff=0.000181 integral_mean=-0.000012 integral_std=0.000189 log_ratio=-0.0284 accept=0.9720 swapped=True
i=2 pair=(4,6) lam_t=1.01571 lam_s=1.02000 tsr_diff=0.000181 integral_mean=0.000004 integral_std=0.000176 log_ratio=0.0000 accept=1.0000 swapped=True
i=3 pair=(1,5) lam_t=0.99429 lam_s=0.99857 tsr_diff=0.000400 integral_mean=0.000008 integral_std=0.000417 log_ratio=0.0000 accept=1.0000 swapped=True
i=3 pair=(0,7) lam_t=1.00286 lam_s=1.00714 tsr_diff=0.000400 integral_mean=-0.000001 integral_std=0.000413 log_ratio=-0.0021 accept=0.9979 swapped=True
i=3 pair=(2,6) lam_t=1.01143 lam_s=1.01571 tsr_diff=0.000399 integral_mean=-0.000009 integral_std=0.000394 log_ratio=-0.0224 accept=0.9778 swapped=True
i=4 pair=(3,5) lam_t=0.99000 lam_s=0.99429 tsr_diff=0.000695 integral_mean=0.000020 integral_std=0.000720 log_ratio=0.0000 accept=1.0000 swapped=True
i=4 pair=(1,7) lam_t=0.99857 lam_s=1.00286 tsr_diff=0.000693 integral_mean=-0.000001 integral_std=0.000692 log_ratio=-0.0028 accept=0.9972 swapped=True
i=4 pair=(0,6) lam_t=1.00714 lam_s=1.01143 tsr_diff=0.000691 integral_mean=-0.000013 integral_std=0.000728 log_ratio=-0.0303 accept=0.9701 swapped=True
i=4 pair=(2,4) lam_t=1.01571 lam_s=1.02000 tsr_diff=0.000689 integral_mean=-0.000047 integral_std=0.000723 log_ratio=-0.1128 accept=0.8934 swapped=True
i=5 pair=(3,7) lam_t=0.99429 lam_s=0.99857 tsr_diff=0.001051 integral_mean=0.000016 integral_std=0.001042 log_ratio=0.0000 accept=1.0000 swapped=True
i=5 pair=(1,6) lam_t=1.00286 lam_s=1.00714 tsr_diff=0.001046 integral_mean=0.000003 integral_std=0.001069 log_ratio=0.0000 accept=1.0000 swapped=True
i=5 pair=(0,4) lam_t=1.01143 lam_s=1.01571 tsr_diff=0.001042 integral_mean=-0.000044 integral_std=0.001055 log_ratio=-0.1046 accept=0.9007 swapped=True
i=6 pair=(5,7) lam_t=0.99000 lam_s=0.99429 tsr_diff=0.001459 integral_mean=-0.000033 integral_std=0.001480 log_ratio=-0.0784 accept=0.9246 swapped=True
i=6 pair=(3,6) lam_t=0.99857 lam_s=1.00286 tsr_diff=0.001450 integral_mean=-0.000000 integral_std=0.001450 log_ratio=-0.0004 accept=0.9996 swapped=True
i=6 pair=(1,4) lam_t=1.00714 lam_s=1.01143 tsr_diff=0.001442 integral_mean=-0.000053 integral_std=0.001447 log_ratio=-0.1277 accept=0.8801 swapped=True
i=6 pair=(0,2) lam_t=1.01571 lam_s=1.02000 tsr_diff=0.001433 integral_mean=0.000022 integral_std=0.001291 log_ratio=0.0000 accept=1.0000 swapped=True
i=7 pair=(5,6) lam_t=0.99429 lam_s=0.99857 tsr_diff=0.001888 integral_mean=0.000052 integral_std=0.001975 log_ratio=0.0000 accept=1.0000 swapped=True
i=7 pair=(3,4) lam_t=1.00286 lam_s=1.00714 tsr_diff=0.001874 integral_mean=-0.000017 integral_std=0.002062 log_ratio=-0.0408 accept=0.9601 swapped=True
i=7 pair=(1,2) lam_t=1.01143 lam_s=1.01571 tsr_diff=0.001860 integral_mean=0.000050 integral_std=0.001891 log_ratio=0.0000 accept=1.0000 swapped=True
i=8 pair=(7,6) lam_t=0.99000 lam_s=0.99429 tsr_diff=0.002345 integral_mean=-0.000020 integral_std=0.002469 log_ratio=-0.0478 accept=0.9534 swapped=True
i=8 pair=(5,4) lam_t=0.99857 lam_s=1.00286 tsr_diff=0.002323 integral_mean=-0.000101 integral_std=0.002256 log_ratio=-0.2432 accept=0.7841 swapped=True
i=8 pair=(3,2) lam_t=1.00714 lam_s=1.01143 tsr_diff=0.002302 integral_mean=0.000165 integral_std=0.002807 log_ratio=0.0000 accept=1.0000 swapped=True
i=8 pair=(1,0) lam_t=1.01571 lam_s=1.02000 tsr_diff=0.002281 integral_mean=0.000086 integral_std=0.002511 log_ratio=0.0000 accept=1.0000 swapped=True
i=9 pair=(7,4) lam_t=0.99429 lam_s=0.99857 tsr_diff=0.002773 integral_mean=-0.000180 integral_std=0.003079 log_ratio=-0.4312 accept=0.6497 swapped=True
i=9 pair=(5,2) lam_t=1.00286 lam_s=1.00714 tsr_diff=0.002742 integral_mean=0.000008 integral_std=0.002962 log_ratio=0.0000 accept=1.0000 swapped=True
i=9 pair=(3,0) lam_t=1.01143 lam_s=1.01571 tsr_diff=0.002712 integral_mean=0.000212 integral_std=0.003510 log_ratio=0.0000 accept=1.0000 swapped=True
i=10 pair=(6,4) lam_t=0.99000 lam_s=0.99429 tsr_diff=0.003206 integral_mean=-0.000037 integral_std=0.004079 log_ratio=-0.0899 accept=0.9141 swapped=True
i=10 pair=(7,2) lam_t=0.99857 lam_s=1.00286 tsr_diff=0.003165 integral_mean=0.000032 integral_std=0.003611 log_ratio=0.0000 accept=1.0000 swapped=True
i=10 pair=(5,0) lam_t=1.00714 lam_s=1.01143 tsr_diff=0.003125 integral_mean=0.000000 integral_std=0.003178 log_ratio=0.0000 accept=1.0000 swapped=True
i=10 pair=(3,1) lam_t=1.01571 lam_s=1.02000 tsr_diff=0.003086 integral_mean=0.000098 integral_std=0.004954 log_ratio=0.0000 accept=1.0000 swapped=True
i=11 pair=(6,2) lam_t=0.99429 lam_s=0.99857 tsr_diff=0.003554 integral_mean=0.000326 integral_std=0.005220 log_ratio=0.0000 accept=1.0000 swapped=True
i=11 pair=(7,0) lam_t=1.00286 lam_s=1.00714 tsr_diff=0.003505 integral_mean=-0.000002 integral_std=0.004453 log_ratio=-0.0057 accept=0.9944 swapped=True
i=11 pair=(5,1) lam_t=1.01143 lam_s=1.01571 tsr_diff=0.003456 integral_mean=-0.000063 integral_std=0.005035 log_ratio=-0.1514 accept=0.8595 swapped=True
i=12 pair=(4,2) lam_t=0.99000 lam_s=0.99429 tsr_diff=0.003894 integral_mean=0.001141 integral_std=0.009499 log_ratio=0.0000 accept=1.0000 swapped=True
i=12 pair=(6,0) lam_t=0.99857 lam_s=1.00286 tsr_diff=0.003834 integral_mean=0.000247 integral_std=0.006930 log_ratio=0.0000 accept=1.0000 swapped=True
i=12 pair=(7,1) lam_t=1.00714 lam_s=1.01143 tsr_diff=0.003776 integral_mean=-0.000526 integral_std=0.006746 log_ratio=-1.2635 accept=0.2827 swapped=True
i=12 pair=(5,3) lam_t=1.01571 lam_s=1.02000 tsr_diff=0.003719 integral_mean=-0.000554 integral_std=0.007089 log_ratio=-1.3289 accept=0.2648 swapped=False
i=13 pair=(4,0) lam_t=0.99429 lam_s=0.99857 tsr_diff=0.004100 integral_mean=0.000901 integral_std=0.009739 log_ratio=0.0000 accept=1.0000 swapped=True
i=13 pair=(6,1) lam_t=1.00286 lam_s=1.00714 tsr_diff=0.004034 integral_mean=-0.000308 integral_std=0.010696 log_ratio=-0.7393 accept=0.4774 swapped=False
i=13 pair=(7,5) lam_t=1.01143 lam_s=1.01571 tsr_diff=0.003969 integral_mean=-0.000458 integral_std=0.008704 log_ratio=-1.0981 accept=0.3335 swapped=False
Best Sample: 2 log probability 0.000
Saved 1 samples to: logs/pointmaze-giant-navigate-v0/inference/plans/release_H400_T256_LimitsNormalizer_b1_condFalse/2026-07-15 12:07:56/21/0.png
Saved 1 samples to: logs/pointmaze-giant-navigate-v0/inference/plans/release_H400_T256_LimitsNormalizer_b1_condFalse/2026-07-15 12:07:56/21/rollout.png
i=0 pair=(0,1) lam_t=0.99000 lam_s=0.99429 tsr_diff=0.000000 integral_mean=0.000000 integral_std=0.000000 log_ratio=0.0000 accept=1.0000 swapped=True
i=0 pair=(2,3) lam_t=0.99857 lam_s=1.00286 tsr_diff=0.000000 integral_mean=0.000000 integral_std=0.000000 log_ratio=0.0000 accept=1.0000 swapped=True
i=0 pair=(4,5) lam_t=1.00714 lam_s=1.01143 tsr_diff=0.000000 integral_mean=0.000000 integral_std=0.000000 log_ratio=0.0000 accept=1.0000 swapped=True
i=0 pair=(6,7) lam_t=1.01571 lam_s=1.02000 tsr_diff=0.000000 integral_mean=0.000000 integral_std=0.000000 log_ratio=0.0000 accept=1.0000 swapped=True
i=1 pair=(0,3) lam_t=0.99429 lam_s=0.99857 tsr_diff=0.000046 integral_mean=-0.000000 integral_std=0.000044 log_ratio=-0.0001 accept=0.9999 swapped=True
i=1 pair=(2,5) lam_t=1.00286 lam_s=1.00714 tsr_diff=0.000046 integral_mean=-0.000001 integral_std=0.000046 log_ratio=-0.0016 accept=0.9984 swapped=True
i=1 pair=(4,7) lam_t=1.01143 lam_s=1.01571 tsr_diff=0.000046 integral_mean=-0.000001 integral_std=0.000046 log_ratio=-0.0033 accept=0.9967 swapped=True
i=2 pair=(1,3) lam_t=0.99000 lam_s=0.99429 tsr_diff=0.000181 integral_mean=0.000025 integral_std=0.000200 log_ratio=0.0000 accept=1.0000 swapped=True
i=2 pair=(0,5) lam_t=0.99857 lam_s=1.00286 tsr_diff=0.000181 integral_mean=0.000007 integral_std=0.000186 log_ratio=0.0000 accept=1.0000 swapped=True
i=2 pair=(2,7) lam_t=1.00714 lam_s=1.01143 tsr_diff=0.000181 integral_mean=0.000000 integral_std=0.000173 log_ratio=0.0000 accept=1.0000 swapped=True
i=2 pair=(4,6) lam_t=1.01571 lam_s=1.02000 tsr_diff=0.000181 integral_mean=0.000007 integral_std=0.000185 log_ratio=0.0000 accept=1.0000 swapped=True
i=3 pair=(1,5) lam_t=0.99429 lam_s=0.99857 tsr_diff=0.000400 integral_mean=0.000016 integral_std=0.000415 log_ratio=0.0000 accept=1.0000 swapped=True
i=3 pair=(0,7) lam_t=1.00286 lam_s=1.00714 tsr_diff=0.000400 integral_mean=0.000006 integral_std=0.000408 log_ratio=0.0000 accept=1.0000 swapped=True
i=3 pair=(2,6) lam_t=1.01143 lam_s=1.01571 tsr_diff=0.000399 integral_mean=0.000001 integral_std=0.000397 log_ratio=0.0000 accept=1.0000 swapped=True
i=4 pair=(3,5) lam_t=0.99000 lam_s=0.99429 tsr_diff=0.000695 integral_mean=-0.000025 integral_std=0.000685 log_ratio=-0.0612 accept=0.9407 swapped=True
i=4 pair=(1,7) lam_t=0.99857 lam_s=1.00286 tsr_diff=0.000693 integral_mean=0.000014 integral_std=0.000705 log_ratio=0.0000 accept=1.0000 swapped=True
i=4 pair=(0,6) lam_t=1.00714 lam_s=1.01143 tsr_diff=0.000691 integral_mean=-0.000039 integral_std=0.000717 log_ratio=-0.0948 accept=0.9096 swapped=True
i=4 pair=(2,4) lam_t=1.01571 lam_s=1.02000 tsr_diff=0.000689 integral_mean=-0.000023 integral_std=0.000717 log_ratio=-0.0550 accept=0.9465 swapped=True
i=5 pair=(3,7) lam_t=0.99429 lam_s=0.99857 tsr_diff=0.001051 integral_mean=-0.000028 integral_std=0.001097 log_ratio=-0.0683 accept=0.9340 swapped=False
i=5 pair=(1,6) lam_t=1.00286 lam_s=1.00714 tsr_diff=0.001046 integral_mean=-0.000044 integral_std=0.001055 log_ratio=-0.1047 accept=0.9006 swapped=True
i=5 pair=(0,4) lam_t=1.01143 lam_s=1.01571 tsr_diff=0.001042 integral_mean=-0.000015 integral_std=0.001064 log_ratio=-0.0354 accept=0.9652 swapped=True
i=6 pair=(5,3) lam_t=0.99000 lam_s=0.99429 tsr_diff=0.001459 integral_mean=-0.000050 integral_std=0.001385 log_ratio=-0.1206 accept=0.8864 swapped=True
i=6 pair=(7,6) lam_t=0.99857 lam_s=1.00286 tsr_diff=0.001450 integral_mean=0.000051 integral_std=0.001424 log_ratio=0.0000 accept=1.0000 swapped=True
i=6 pair=(1,4) lam_t=1.00714 lam_s=1.01143 tsr_diff=0.001442 integral_mean=-0.000016 integral_std=0.001356 log_ratio=-0.0375 accept=0.9632 swapped=True
i=6 pair=(0,2) lam_t=1.01571 lam_s=1.02000 tsr_diff=0.001433 integral_mean=0.000026 integral_std=0.001560 log_ratio=0.0000 accept=1.0000 swapped=True
i=7 pair=(5,6) lam_t=0.99429 lam_s=0.99857 tsr_diff=0.001888 integral_mean=-0.000151 integral_std=0.001852 log_ratio=-0.3624 accept=0.6960 swapped=True
i=7 pair=(7,4) lam_t=1.00286 lam_s=1.00714 tsr_diff=0.001874 integral_mean=-0.000017 integral_std=0.001865 log_ratio=-0.0409 accept=0.9599 swapped=True
i=7 pair=(1,2) lam_t=1.01143 lam_s=1.01571 tsr_diff=0.001860 integral_mean=0.000025 integral_std=0.001806 log_ratio=0.0000 accept=1.0000 swapped=True
i=8 pair=(3,6) lam_t=0.99000 lam_s=0.99429 tsr_diff=0.002345 integral_mean=-0.000069 integral_std=0.002321 log_ratio=-0.1655 accept=0.8475 swapped=False
i=8 pair=(5,4) lam_t=0.99857 lam_s=1.00286 tsr_diff=0.002323 integral_mean=-0.000039 integral_std=0.002411 log_ratio=-0.0927 accept=0.9115 swapped=True
i=8 pair=(7,2) lam_t=1.00714 lam_s=1.01143 tsr_diff=0.002302 integral_mean=0.000037 integral_std=0.002216 log_ratio=0.0000 accept=1.0000 swapped=True
i=8 pair=(1,0) lam_t=1.01571 lam_s=1.02000 tsr_diff=0.002281 integral_mean=-0.000148 integral_std=0.002460 log_ratio=-0.3552 accept=0.7010 swapped=True
i=9 pair=(6,4) lam_t=0.99429 lam_s=0.99857 tsr_diff=0.002773 integral_mean=-0.000039 integral_std=0.003067 log_ratio=-0.0928 accept=0.9113 swapped=True
i=9 pair=(5,2) lam_t=1.00286 lam_s=1.00714 tsr_diff=0.002742 integral_mean=0.000057 integral_std=0.002756 log_ratio=0.0000 accept=1.0000 swapped=True
i=9 pair=(7,0) lam_t=1.01143 lam_s=1.01571 tsr_diff=0.002712 integral_mean=-0.000161 integral_std=0.002888 log_ratio=-0.3855 accept=0.6801 swapped=True
i=10 pair=(3,4) lam_t=0.99000 lam_s=0.99429 tsr_diff=0.003206 integral_mean=-0.000268 integral_std=0.003369 log_ratio=-0.6427 accept=0.5259 swapped=False
i=10 pair=(6,2) lam_t=0.99857 lam_s=1.00286 tsr_diff=0.003165 integral_mean=0.000123 integral_std=0.003410 log_ratio=0.0000 accept=1.0000 swapped=True
i=10 pair=(5,0) lam_t=1.00714 lam_s=1.01143 tsr_diff=0.003125 integral_mean=-0.000222 integral_std=0.003247 log_ratio=-0.5327 accept=0.5870 swapped=True
i=10 pair=(7,1) lam_t=1.01571 lam_s=1.02000 tsr_diff=0.003086 integral_mean=0.000022 integral_std=0.002690 log_ratio=0.0000 accept=1.0000 swapped=True
i=11 pair=(4,2) lam_t=0.99429 lam_s=0.99857 tsr_diff=0.003554 integral_mean=0.000029 integral_std=0.005003 log_ratio=0.0000 accept=1.0000 swapped=True
i=11 pair=(6,0) lam_t=1.00286 lam_s=1.00714 tsr_diff=0.003505 integral_mean=-0.000476 integral_std=0.004996 log_ratio=-1.1416 accept=0.3193 swapped=False
i=11 pair=(5,1) lam_t=1.01143 lam_s=1.01571 tsr_diff=0.003456 integral_mean=0.000069 integral_std=0.003657 log_ratio=0.0000 accept=1.0000 swapped=True
i=12 pair=(3,2) lam_t=0.99000 lam_s=0.99429 tsr_diff=0.003894 integral_mean=-0.000040 integral_std=0.003053 log_ratio=-0.0948 accept=0.9095 swapped=True
i=12 pair=(4,6) lam_t=0.99857 lam_s=1.00286 tsr_diff=0.003834 integral_mean=0.000915 integral_std=0.007047 log_ratio=0.0000 accept=1.0000 swapped=True
i=12 pair=(0,1) lam_t=1.00714 lam_s=1.01143 tsr_diff=0.003776 integral_mean=0.000929 integral_std=0.009300 log_ratio=0.0000 accept=1.0000 swapped=True
i=12 pair=(5,7) lam_t=1.01571 lam_s=1.02000 tsr_diff=0.003719 integral_mean=-0.000147 integral_std=0.004229 log_ratio=-0.3530 accept=0.7026 swapped=True
i=13 pair=(3,6) lam_t=0.99429 lam_s=0.99857 tsr_diff=0.004100 integral_mean=0.000031 integral_std=0.006523 log_ratio=0.0000 accept=1.0000 swapped=True
i=13 pair=(4,1) lam_t=1.00286 lam_s=1.00714 tsr_diff=0.004034 integral_mean=0.003014 integral_std=0.017379 log_ratio=0.0000 accept=1.0000 swapped=True
i=13 pair=(0,7) lam_t=1.01143 lam_s=1.01571 tsr_diff=0.003969 integral_mean=0.000866 integral_std=0.010399 log_ratio=0.0000 accept=1.0000 swapped=True
Best Sample: 2 log probability -0.147
Saved 1 samples to: logs/pointmaze-giant-navigate-v0/inference/plans/release_H400_T256_LimitsNormalizer_b1_condFalse/2026-07-15 12:07:56/22/0.png
Saved 1 samples to: logs/pointmaze-giant-navigate-v0/inference/plans/release_H400_T256_LimitsNormalizer_b1_condFalse/2026-07-15 12:07:56/22/rollout.png
i=0 pair=(0,1) lam_t=0.99000 lam_s=0.99429 tsr_diff=0.000000 integral_mean=0.000000 integral_std=0.000000 log_ratio=0.0000 accept=1.0000 swapped=True
i=0 pair=(2,3) lam_t=0.99857 lam_s=1.00286 tsr_diff=0.000000 integral_mean=0.000000 integral_std=0.000000 log_ratio=0.0000 accept=1.0000 swapped=True
i=0 pair=(4,5) lam_t=1.00714 lam_s=1.01143 tsr_diff=0.000000 integral_mean=0.000000 integral_std=0.000000 log_ratio=0.0000 accept=1.0000 swapped=True
i=0 pair=(6,7) lam_t=1.01571 lam_s=1.02000 tsr_diff=0.000000 integral_mean=0.000000 integral_std=0.000000 log_ratio=0.0000 accept=1.0000 swapped=True
i=1 pair=(0,3) lam_t=0.99429 lam_s=0.99857 tsr_diff=0.000046 integral_mean=-0.000000 integral_std=0.000047 log_ratio=-0.0006 accept=0.9994 swapped=True
i=1 pair=(2,5) lam_t=1.00286 lam_s=1.00714 tsr_diff=0.000046 integral_mean=-0.000001 integral_std=0.000052 log_ratio=-0.0016 accept=0.9984 swapped=True
i=1 pair=(4,7) lam_t=1.01143 lam_s=1.01571 tsr_diff=0.000046 integral_mean=0.000000 integral_std=0.000048 log_ratio=0.0000 accept=1.0000 swapped=True
i=2 pair=(1,3) lam_t=0.99000 lam_s=0.99429 tsr_diff=0.000181 integral_mean=-0.000002 integral_std=0.000182 log_ratio=-0.0051 accept=0.9949 swapped=True
i=2 pair=(0,5) lam_t=0.99857 lam_s=1.00286 tsr_diff=0.000181 integral_mean=0.000001 integral_std=0.000186 log_ratio=0.0000 accept=1.0000 swapped=True
i=2 pair=(2,7) lam_t=1.00714 lam_s=1.01143 tsr_diff=0.000181 integral_mean=-0.000007 integral_std=0.000188 log_ratio=-0.0163 accept=0.9838 swapped=True
i=2 pair=(4,6) lam_t=1.01571 lam_s=1.02000 tsr_diff=0.000181 integral_mean=-0.000041 integral_std=0.000241 log_ratio=-0.0974 accept=0.9072 swapped=True
i=3 pair=(1,5) lam_t=0.99429 lam_s=0.99857 tsr_diff=0.000400 integral_mean=0.000009 integral_std=0.000391 log_ratio=0.0000 accept=1.0000 swapped=True
i=3 pair=(0,7) lam_t=1.00286 lam_s=1.00714 tsr_diff=0.000400 integral_mean=-0.000002 integral_std=0.000390 log_ratio=-0.0039 accept=0.9961 swapped=True
i=3 pair=(2,6) lam_t=1.01143 lam_s=1.01571 tsr_diff=0.000399 integral_mean=0.000012 integral_std=0.000456 log_ratio=0.0000 accept=1.0000 swapped=True
i=4 pair=(3,5) lam_t=0.99000 lam_s=0.99429 tsr_diff=0.000695 integral_mean=0.000002 integral_std=0.000682 log_ratio=0.0000 accept=1.0000 swapped=True
i=4 pair=(1,7) lam_t=0.99857 lam_s=1.00286 tsr_diff=0.000693 integral_mean=-0.000017 integral_std=0.000678 log_ratio=-0.0410 accept=0.9598 swapped=True
i=4 pair=(0,6) lam_t=1.00714 lam_s=1.01143 tsr_diff=0.000691 integral_mean=-0.000035 integral_std=0.000738 log_ratio=-0.0834 accept=0.9199 swapped=True
i=4 pair=(2,4) lam_t=1.01571 lam_s=1.02000 tsr_diff=0.000689 integral_mean=-0.000001 integral_std=0.000735 log_ratio=-0.0013 accept=0.9987 swapped=True
i=5 pair=(3,7) lam_t=0.99429 lam_s=0.99857 tsr_diff=0.001051 integral_mean=0.000045 integral_std=0.001119 log_ratio=0.0000 accept=1.0000 swapped=True
i=5 pair=(1,6) lam_t=1.00286 lam_s=1.00714 tsr_diff=0.001046 integral_mean=-0.000051 integral_std=0.001092 log_ratio=-0.1218 accept=0.8853 swapped=True
i=5 pair=(0,4) lam_t=1.01143 lam_s=1.01571 tsr_diff=0.001042 integral_mean=-0.000105 integral_std=0.001063 log_ratio=-0.2510 accept=0.7780 swapped=True
i=6 pair=(5,7) lam_t=0.99000 lam_s=0.99429 tsr_diff=0.001459 integral_mean=0.000023 integral_std=0.001433 log_ratio=0.0000 accept=1.0000 swapped=True
i=6 pair=(3,6) lam_t=0.99857 lam_s=1.00286 tsr_diff=0.001450 integral_mean=-0.000007 integral_std=0.001589 log_ratio=-0.0162 accept=0.9839 swapped=True
i=6 pair=(1,4) lam_t=1.00714 lam_s=1.01143 tsr_diff=0.001442 integral_mean=-0.000061 integral_std=0.001499 log_ratio=-0.1469 accept=0.8634 swapped=True
i=6 pair=(0,2) lam_t=1.01571 lam_s=1.02000 tsr_diff=0.001433 integral_mean=-0.000031 integral_std=0.001362 log_ratio=-0.0734 accept=0.9293 swapped=True
i=7 pair=(5,6) lam_t=0.99429 lam_s=0.99857 tsr_diff=0.001888 integral_mean=-0.000071 integral_std=0.001857 log_ratio=-0.1700 accept=0.8437 swapped=True
i=7 pair=(3,4) lam_t=1.00286 lam_s=1.00714 tsr_diff=0.001874 integral_mean=-0.000028 integral_std=0.002004 log_ratio=-0.0663 accept=0.9358 swapped=True
i=7 pair=(1,2) lam_t=1.01143 lam_s=1.01571 tsr_diff=0.001860 integral_mean=0.000050 integral_std=0.001730 log_ratio=0.0000 accept=1.0000 swapped=True
i=8 pair=(7,6) lam_t=0.99000 lam_s=0.99429 tsr_diff=0.002345 integral_mean=-0.000074 integral_std=0.002597 log_ratio=-0.1777 accept=0.8372 swapped=True
i=8 pair=(5,4) lam_t=0.99857 lam_s=1.00286 tsr_diff=0.002323 integral_mean=0.000002 integral_std=0.002595 log_ratio=0.0000 accept=1.0000 swapped=True
i=8 pair=(3,2) lam_t=1.00714 lam_s=1.01143 tsr_diff=0.002302 integral_mean=0.000016 integral_std=0.002439 log_ratio=0.0000 accept=1.0000 swapped=True
i=8 pair=(1,0) lam_t=1.01571 lam_s=1.02000 tsr_diff=0.002281 integral_mean=0.000037 integral_std=0.002058 log_ratio=0.0000 accept=1.0000 swapped=True
i=9 pair=(7,4) lam_t=0.99429 lam_s=0.99857 tsr_diff=0.002773 integral_mean=-0.000034 integral_std=0.003302 log_ratio=-0.0822 accept=0.9211 swapped=True
i=9 pair=(5,2) lam_t=1.00286 lam_s=1.00714 tsr_diff=0.002742 integral_mean=0.000043 integral_std=0.003147 log_ratio=0.0000 accept=1.0000 swapped=True
i=9 pair=(3,0) lam_t=1.01143 lam_s=1.01571 tsr_diff=0.002712 integral_mean=0.000071 integral_std=0.003038 log_ratio=0.0000 accept=1.0000 swapped=True
i=10 pair=(6,4) lam_t=0.99000 lam_s=0.99429 tsr_diff=0.003206 integral_mean=0.000243 integral_std=0.004715 log_ratio=0.0000 accept=1.0000 swapped=True
i=10 pair=(7,2) lam_t=0.99857 lam_s=1.00286 tsr_diff=0.003165 integral_mean=0.000103 integral_std=0.003825 log_ratio=0.0000 accept=1.0000 swapped=True
i=10 pair=(5,0) lam_t=1.00714 lam_s=1.01143 tsr_diff=0.003125 integral_mean=0.000099 integral_std=0.004111 log_ratio=0.0000 accept=1.0000 swapped=True
i=10 pair=(3,1) lam_t=1.01571 lam_s=1.02000 tsr_diff=0.003086 integral_mean=0.000293 integral_std=0.004132 log_ratio=0.0000 accept=1.0000 swapped=True
i=11 pair=(6,2) lam_t=0.99429 lam_s=0.99857 tsr_diff=0.003554 integral_mean=0.000816 integral_std=0.006155 log_ratio=0.0000 accept=1.0000 swapped=True
i=11 pair=(7,0) lam_t=1.00286 lam_s=1.00714 tsr_diff=0.003505 integral_mean=0.000059 integral_std=0.005190 log_ratio=0.0000 accept=1.0000 swapped=True
i=11 pair=(5,1) lam_t=1.01143 lam_s=1.01571 tsr_diff=0.003456 integral_mean=0.000199 integral_std=0.005312 log_ratio=0.0000 accept=1.0000 swapped=True
i=12 pair=(4,2) lam_t=0.99000 lam_s=0.99429 tsr_diff=0.003894 integral_mean=0.000297 integral_std=0.005171 log_ratio=0.0000 accept=1.0000 swapped=True
i=12 pair=(6,0) lam_t=0.99857 lam_s=1.00286 tsr_diff=0.003834 integral_mean=0.000897 integral_std=0.008785 log_ratio=0.0000 accept=1.0000 swapped=True
i=12 pair=(7,1) lam_t=1.00714 lam_s=1.01143 tsr_diff=0.003776 integral_mean=-0.000025 integral_std=0.004806 log_ratio=-0.0595 accept=0.9423 swapped=True
i=12 pair=(5,3) lam_t=1.01571 lam_s=1.02000 tsr_diff=0.003719 integral_mean=-0.000096 integral_std=0.008181 log_ratio=-0.2296 accept=0.7949 swapped=True
i=13 pair=(4,0) lam_t=0.99429 lam_s=0.99857 tsr_diff=0.004100 integral_mean=0.000034 integral_std=0.006507 log_ratio=0.0000 accept=1.0000 swapped=True
i=13 pair=(6,1) lam_t=1.00286 lam_s=1.00714 tsr_diff=0.004034 integral_mean=0.003588 integral_std=0.024883 log_ratio=0.0000 accept=1.0000 swapped=True
i=13 pair=(7,3) lam_t=1.01143 lam_s=1.01571 tsr_diff=0.003969 integral_mean=-0.000506 integral_std=0.010901 log_ratio=-1.2137 accept=0.2971 swapped=False
Best Sample: 2 log probability -0.333
Saved 1 samples to: logs/pointmaze-giant-navigate-v0/inference/plans/release_H400_T256_LimitsNormalizer_b1_condFalse/2026-07-15 12:07:56/23/0.png
Saved 1 samples to: logs/pointmaze-giant-navigate-v0/inference/plans/release_H400_T256_LimitsNormalizer_b1_condFalse/2026-07-15 12:07:56/23/rollout.png
i=0 pair=(0,1) lam_t=0.99000 lam_s=0.99429 tsr_diff=0.000000 integral_mean=0.000000 integral_std=0.000000 log_ratio=0.0000 accept=1.0000 swapped=True
i=0 pair=(2,3) lam_t=0.99857 lam_s=1.00286 tsr_diff=0.000000 integral_mean=0.000000 integral_std=0.000000 log_ratio=0.0000 accept=1.0000 swapped=True
i=0 pair=(4,5) lam_t=1.00714 lam_s=1.01143 tsr_diff=0.000000 integral_mean=0.000000 integral_std=0.000000 log_ratio=0.0000 accept=1.0000 swapped=True
i=0 pair=(6,7) lam_t=1.01571 lam_s=1.02000 tsr_diff=0.000000 integral_mean=0.000000 integral_std=0.000000 log_ratio=0.0000 accept=1.0000 swapped=True
i=1 pair=(0,3) lam_t=0.99429 lam_s=0.99857 tsr_diff=0.000046 integral_mean=-0.000002 integral_std=0.000045 log_ratio=-0.0045 accept=0.9955 swapped=True
i=1 pair=(2,5) lam_t=1.00286 lam_s=1.00714 tsr_diff=0.000046 integral_mean=0.000001 integral_std=0.000045 log_ratio=0.0000 accept=1.0000 swapped=True
i=1 pair=(4,7) lam_t=1.01143 lam_s=1.01571 tsr_diff=0.000046 integral_mean=-0.000001 integral_std=0.000044 log_ratio=-0.0020 accept=0.9980 swapped=True
i=2 pair=(1,3) lam_t=0.99000 lam_s=0.99429 tsr_diff=0.000181 integral_mean=-0.000012 integral_std=0.000187 log_ratio=-0.0299 accept=0.9705 swapped=True
i=2 pair=(0,5) lam_t=0.99857 lam_s=1.00286 tsr_diff=0.000181 integral_mean=0.000004 integral_std=0.000183 log_ratio=0.0000 accept=1.0000 swapped=True
i=2 pair=(2,7) lam_t=1.00714 lam_s=1.01143 tsr_diff=0.000181 integral_mean=0.000031 integral_std=0.000254 log_ratio=0.0000 accept=1.0000 swapped=True
i=2 pair=(4,6) lam_t=1.01571 lam_s=1.02000 tsr_diff=0.000181 integral_mean=0.000002 integral_std=0.000186 log_ratio=0.0000 accept=1.0000 swapped=True
i=3 pair=(1,5) lam_t=0.99429 lam_s=0.99857 tsr_diff=0.000400 integral_mean=0.000026 integral_std=0.000408 log_ratio=0.0000 accept=1.0000 swapped=True
i=3 pair=(0,7) lam_t=1.00286 lam_s=1.00714 tsr_diff=0.000400 integral_mean=-0.000016 integral_std=0.000424 log_ratio=-0.0381 accept=0.9626 swapped=True
i=3 pair=(2,6) lam_t=1.01143 lam_s=1.01571 tsr_diff=0.000399 integral_mean=-0.000006 integral_std=0.000438 log_ratio=-0.0133 accept=0.9868 swapped=True
i=4 pair=(3,5) lam_t=0.99000 lam_s=0.99429 tsr_diff=0.000695 integral_mean=0.000007 integral_std=0.000660 log_ratio=0.0000 accept=1.0000 swapped=True
i=4 pair=(1,7) lam_t=0.99857 lam_s=1.00286 tsr_diff=0.000693 integral_mean=0.000026 integral_std=0.000677 log_ratio=0.0000 accept=1.0000 swapped=True
i=4 pair=(0,6) lam_t=1.00714 lam_s=1.01143 tsr_diff=0.000691 integral_mean=-0.000007 integral_std=0.000725 log_ratio=-0.0168 accept=0.9833 swapped=True
i=4 pair=(2,4) lam_t=1.01571 lam_s=1.02000 tsr_diff=0.000689 integral_mean=0.000015 integral_std=0.000744 log_ratio=0.0000 accept=1.0000 swapped=True
i=5 pair=(3,7) lam_t=0.99429 lam_s=0.99857 tsr_diff=0.001051 integral_mean=0.000006 integral_std=0.001031 log_ratio=0.0000 accept=1.0000 swapped=True
i=5 pair=(1,6) lam_t=1.00286 lam_s=1.00714 tsr_diff=0.001046 integral_mean=-0.000002 integral_std=0.001021 log_ratio=-0.0042 accept=0.9958 swapped=True
i=5 pair=(0,4) lam_t=1.01143 lam_s=1.01571 tsr_diff=0.001042 integral_mean=-0.000023 integral_std=0.001027 log_ratio=-0.0564 accept=0.9452 swapped=True
i=6 pair=(5,7) lam_t=0.99000 lam_s=0.99429 tsr_diff=0.001459 integral_mean=0.000015 integral_std=0.001419 log_ratio=0.0000 accept=1.0000 swapped=True
i=6 pair=(3,6) lam_t=0.99857 lam_s=1.00286 tsr_diff=0.001450 integral_mean=0.000012 integral_std=0.001385 log_ratio=0.0000 accept=1.0000 swapped=True
i=6 pair=(1,4) lam_t=1.00714 lam_s=1.01143 tsr_diff=0.001442 integral_mean=-0.000044 integral_std=0.001473 log_ratio=-0.1046 accept=0.9007 swapped=True
i=6 pair=(0,2) lam_t=1.01571 lam_s=1.02000 tsr_diff=0.001433 integral_mean=0.000012 integral_std=0.001371 log_ratio=0.0000 accept=1.0000 swapped=True
i=7 pair=(5,6) lam_t=0.99429 lam_s=0.99857 tsr_diff=0.001888 integral_mean=0.000062 integral_std=0.001738 log_ratio=0.0000 accept=1.0000 swapped=True
i=7 pair=(3,4) lam_t=1.00286 lam_s=1.00714 tsr_diff=0.001874 integral_mean=-0.000051 integral_std=0.001897 log_ratio=-0.1226 accept=0.8846 swapped=True
i=7 pair=(1,2) lam_t=1.01143 lam_s=1.01571 tsr_diff=0.001860 integral_mean=-0.000054 integral_std=0.001852 log_ratio=-0.1286 accept=0.8793 swapped=True
i=8 pair=(7,6) lam_t=0.99000 lam_s=0.99429 tsr_diff=0.002345 integral_mean=-0.000020 integral_std=0.002115 log_ratio=-0.0484 accept=0.9527 swapped=True
i=8 pair=(5,4) lam_t=0.99857 lam_s=1.00286 tsr_diff=0.002323 integral_mean=0.000043 integral_std=0.002428 log_ratio=0.0000 accept=1.0000 swapped=True
i=8 pair=(3,2) lam_t=1.00714 lam_s=1.01143 tsr_diff=0.002302 integral_mean=-0.000034 integral_std=0.002481 log_ratio=-0.0819 accept=0.9214 swapped=True
i=8 pair=(1,0) lam_t=1.01571 lam_s=1.02000 tsr_diff=0.002281 integral_mean=0.000079 integral_std=0.002392 log_ratio=0.0000 accept=1.0000 swapped=True
i=9 pair=(7,4) lam_t=0.99429 lam_s=0.99857 tsr_diff=0.002773 integral_mean=-0.000235 integral_std=0.003138 log_ratio=-0.5645 accept=0.5686 swapped=False
i=9 pair=(5,2) lam_t=1.00286 lam_s=1.00714 tsr_diff=0.002742 integral_mean=-0.000434 integral_std=0.003647 log_ratio=-1.0413 accept=0.3530 swapped=False
i=9 pair=(3,0) lam_t=1.01143 lam_s=1.01571 tsr_diff=0.002712 integral_mean=-0.000052 integral_std=0.002484 log_ratio=-0.1248 accept=0.8826 swapped=False
i=10 pair=(6,7) lam_t=0.99000 lam_s=0.99429 tsr_diff=0.003206 integral_mean=-0.000028 integral_std=0.002687 log_ratio=-0.0677 accept=0.9346 swapped=True
i=10 pair=(4,5) lam_t=0.99857 lam_s=1.00286 tsr_diff=0.003165 integral_mean=0.000213 integral_std=0.003760 log_ratio=0.0000 accept=1.0000 swapped=True
i=10 pair=(2,3) lam_t=1.00714 lam_s=1.01143 tsr_diff=0.003125 integral_mean=0.000541 integral_std=0.004185 log_ratio=0.0000 accept=1.0000 swapped=True
i=10 pair=(0,1) lam_t=1.01571 lam_s=1.02000 tsr_diff=0.003086 integral_mean=-0.000185 integral_std=0.003518 log_ratio=-0.4450 accept=0.6408 swapped=False
i=11 pair=(6,5) lam_t=0.99429 lam_s=0.99857 tsr_diff=0.003554 integral_mean=-0.000169 integral_std=0.003632 log_ratio=-0.4062 accept=0.6662 swapped=False
i=11 pair=(4,3) lam_t=1.00286 lam_s=1.00714 tsr_diff=0.003505 integral_mean=0.000435 integral_std=0.005178 log_ratio=0.0000 accept=1.0000 swapped=True
i=11 pair=(2,0) lam_t=1.01143 lam_s=1.01571 tsr_diff=0.003456 integral_mean=0.000338 integral_std=0.004872 log_ratio=0.0000 accept=1.0000 swapped=True
i=12 pair=(7,6) lam_t=0.99000 lam_s=0.99429 tsr_diff=0.003894 integral_mean=-0.000008 integral_std=0.003377 log_ratio=-0.0196 accept=0.9806 swapped=True
i=12 pair=(5,3) lam_t=0.99857 lam_s=1.00286 tsr_diff=0.003834 integral_mean=-0.000009 integral_std=0.003197 log_ratio=-0.0225 accept=0.9777 swapped=True
i=12 pair=(4,0) lam_t=1.00714 lam_s=1.01143 tsr_diff=0.003776 integral_mean=0.000184 integral_std=0.005668 log_ratio=0.0000 accept=1.0000 swapped=True
i=12 pair=(2,1) lam_t=1.01571 lam_s=1.02000 tsr_diff=0.003719 integral_mean=0.000356 integral_std=0.006211 log_ratio=0.0000 accept=1.0000 swapped=True
i=13 pair=(7,3) lam_t=0.99429 lam_s=0.99857 tsr_diff=0.004100 integral_mean=-0.000007 integral_std=0.003015 log_ratio=-0.0163 accept=0.9838 swapped=True
i=13 pair=(5,0) lam_t=1.00286 lam_s=1.00714 tsr_diff=0.004034 integral_mean=-0.000669 integral_std=0.005329 log_ratio=-1.6051 accept=0.2009 swapped=False
i=13 pair=(4,1) lam_t=1.01143 lam_s=1.01571 tsr_diff=0.003969 integral_mean=0.001790 integral_std=0.011828 log_ratio=0.0000 accept=1.0000 swapped=True
Best Sample: 6 log probability -0.285
Saved 1 samples to: logs/pointmaze-giant-navigate-v0/inference/plans/release_H400_T256_LimitsNormalizer_b1_condFalse/2026-07-15 12:07:56/24/0.png
Saved 1 samples to: logs/pointmaze-giant-navigate-v0/inference/plans/release_H400_T256_LimitsNormalizer_b1_condFalse/2026-07-15 12:07:56/24/rollout.png
i=0 pair=(0,1) lam_t=0.99000 lam_s=0.99429 tsr_diff=0.000000 integral_mean=0.000000 integral_std=0.000000 log_ratio=0.0000 accept=1.0000 swapped=True
i=0 pair=(2,3) lam_t=0.99857 lam_s=1.00286 tsr_diff=0.000000 integral_mean=0.000000 integral_std=0.000000 log_ratio=0.0000 accept=1.0000 swapped=True
i=0 pair=(4,5) lam_t=1.00714 lam_s=1.01143 tsr_diff=0.000000 integral_mean=0.000000 integral_std=0.000000 log_ratio=0.0000 accept=1.0000 swapped=True
i=0 pair=(6,7) lam_t=1.01571 lam_s=1.02000 tsr_diff=0.000000 integral_mean=0.000000 integral_std=0.000000 log_ratio=0.0000 accept=1.0000 swapped=True
i=1 pair=(0,3) lam_t=0.99429 lam_s=0.99857 tsr_diff=0.000046 integral_mean=-0.000000 integral_std=0.000046 log_ratio=-0.0009 accept=0.9991 swapped=True
i=1 pair=(2,5) lam_t=1.00286 lam_s=1.00714 tsr_diff=0.000046 integral_mean=0.000000 integral_std=0.000043 log_ratio=0.0000 accept=1.0000 swapped=True
i=1 pair=(4,7) lam_t=1.01143 lam_s=1.01571 tsr_diff=0.000046 integral_mean=0.000000 integral_std=0.000047 log_ratio=0.0000 accept=1.0000 swapped=True
i=2 pair=(1,3) lam_t=0.99000 lam_s=0.99429 tsr_diff=0.000181 integral_mean=0.000002 integral_std=0.000172 log_ratio=0.0000 accept=1.0000 swapped=True
i=2 pair=(0,5) lam_t=0.99857 lam_s=1.00286 tsr_diff=0.000181 integral_mean=-0.000003 integral_std=0.000201 log_ratio=-0.0081 accept=0.9919 swapped=True
i=2 pair=(2,7) lam_t=1.00714 lam_s=1.01143 tsr_diff=0.000181 integral_mean=-0.000005 integral_std=0.000184 log_ratio=-0.0119 accept=0.9882 swapped=True
i=2 pair=(4,6) lam_t=1.01571 lam_s=1.02000 tsr_diff=0.000181 integral_mean=0.000001 integral_std=0.000191 log_ratio=0.0000 accept=1.0000 swapped=True
i=3 pair=(1,5) lam_t=0.99429 lam_s=0.99857 tsr_diff=0.000400 integral_mean=-0.000011 integral_std=0.000412 log_ratio=-0.0257 accept=0.9746 swapped=True
i=3 pair=(0,7) lam_t=1.00286 lam_s=1.00714 tsr_diff=0.000400 integral_mean=0.000016 integral_std=0.000436 log_ratio=0.0000 accept=1.0000 swapped=True
i=3 pair=(2,6) lam_t=1.01143 lam_s=1.01571 tsr_diff=0.000399 integral_mean=-0.000001 integral_std=0.000395 log_ratio=-0.0018 accept=0.9982 swapped=True
i=4 pair=(3,5) lam_t=0.99000 lam_s=0.99429 tsr_diff=0.000695 integral_mean=-0.000011 integral_std=0.000692 log_ratio=-0.0257 accept=0.9746 swapped=True
i=4 pair=(1,7) lam_t=0.99857 lam_s=1.00286 tsr_diff=0.000693 integral_mean=0.000024 integral_std=0.000710 log_ratio=0.0000 accept=1.0000 swapped=True
i=4 pair=(0,6) lam_t=1.00714 lam_s=1.01143 tsr_diff=0.000691 integral_mean=0.000031 integral_std=0.000779 log_ratio=0.0000 accept=1.0000 swapped=True
i=4 pair=(2,4) lam_t=1.01571 lam_s=1.02000 tsr_diff=0.000689 integral_mean=-0.000037 integral_std=0.000708 log_ratio=-0.0878 accept=0.9159 swapped=True
i=5 pair=(3,7) lam_t=0.99429 lam_s=0.99857 tsr_diff=0.001051 integral_mean=-0.000008 integral_std=0.001096 log_ratio=-0.0203 accept=0.9799 swapped=True
i=5 pair=(1,6) lam_t=1.00286 lam_s=1.00714 tsr_diff=0.001046 integral_mean=0.000023 integral_std=0.001041 log_ratio=0.0000 accept=1.0000 swapped=True
i=5 pair=(0,4) lam_t=1.01143 lam_s=1.01571 tsr_diff=0.001042 integral_mean=-0.000039 integral_std=0.001067 log_ratio=-0.0931 accept=0.9111 swapped=True
i=6 pair=(5,7) lam_t=0.99000 lam_s=0.99429 tsr_diff=0.001459 integral_mean=-0.000009 integral_std=0.001403 log_ratio=-0.0221 accept=0.9782 swapped=True
i=6 pair=(3,6) lam_t=0.99857 lam_s=1.00286 tsr_diff=0.001450 integral_mean=0.000033 integral_std=0.001393 log_ratio=0.0000 accept=1.0000 swapped=True
i=6 pair=(1,4) lam_t=1.00714 lam_s=1.01143 tsr_diff=0.001442 integral_mean=0.000074 integral_std=0.001572 log_ratio=0.0000 accept=1.0000 swapped=True
i=6 pair=(0,2) lam_t=1.01571 lam_s=1.02000 tsr_diff=0.001433 integral_mean=-0.000013 integral_std=0.001608 log_ratio=-0.0316 accept=0.9689 swapped=True
i=7 pair=(5,6) lam_t=0.99429 lam_s=0.99857 tsr_diff=0.001888 integral_mean=0.000077 integral_std=0.002097 log_ratio=0.0000 accept=1.0000 swapped=True
i=7 pair=(3,4) lam_t=1.00286 lam_s=1.00714 tsr_diff=0.001874 integral_mean=-0.000002 integral_std=0.001823 log_ratio=-0.0048 accept=0.9952 swapped=True
i=7 pair=(1,2) lam_t=1.01143 lam_s=1.01571 tsr_diff=0.001860 integral_mean=0.000026 integral_std=0.002134 log_ratio=0.0000 accept=1.0000 swapped=True
i=8 pair=(7,6) lam_t=0.99000 lam_s=0.99429 tsr_diff=0.002345 integral_mean=0.000087 integral_std=0.002371 log_ratio=0.0000 accept=1.0000 swapped=True
i=8 pair=(5,4) lam_t=0.99857 lam_s=1.00286 tsr_diff=0.002323 integral_mean=0.000113 integral_std=0.002280 log_ratio=0.0000 accept=1.0000 swapped=True
i=8 pair=(3,2) lam_t=1.00714 lam_s=1.01143 tsr_diff=0.002302 integral_mean=-0.000093 integral_std=0.002180 log_ratio=-0.2223 accept=0.8007 swapped=True
i=8 pair=(1,0) lam_t=1.01571 lam_s=1.02000 tsr_diff=0.002281 integral_mean=0.000001 integral_std=0.002546 log_ratio=0.0000 accept=1.0000 swapped=True
i=9 pair=(7,4) lam_t=0.99429 lam_s=0.99857 tsr_diff=0.002773 integral_mean=-0.000039 integral_std=0.002624 log_ratio=-0.0940 accept=0.9103 swapped=True
i=9 pair=(5,2) lam_t=1.00286 lam_s=1.00714 tsr_diff=0.002742 integral_mean=0.000006 integral_std=0.003046 log_ratio=0.0000 accept=1.0000 swapped=True
i=9 pair=(3,0) lam_t=1.01143 lam_s=1.01571 tsr_diff=0.002712 integral_mean=-0.000157 integral_std=0.003035 log_ratio=-0.3760 accept=0.6866 swapped=True
i=10 pair=(6,4) lam_t=0.99000 lam_s=0.99429 tsr_diff=0.003206 integral_mean=-0.000031 integral_std=0.003853 log_ratio=-0.0740 accept=0.9286 swapped=True
i=10 pair=(7,2) lam_t=0.99857 lam_s=1.00286 tsr_diff=0.003165 integral_mean=-0.000067 integral_std=0.003811 log_ratio=-0.1597 accept=0.8524 swapped=True
i=10 pair=(5,0) lam_t=1.00714 lam_s=1.01143 tsr_diff=0.003125 integral_mean=-0.000235 integral_std=0.003771 log_ratio=-0.5638 accept=0.5691 swapped=True
i=10 pair=(3,1) lam_t=1.01571 lam_s=1.02000 tsr_diff=0.003086 integral_mean=-0.000273 integral_std=0.004210 log_ratio=-0.6550 accept=0.5195 swapped=False
i=11 pair=(6,2) lam_t=0.99429 lam_s=0.99857 tsr_diff=0.003554 integral_mean=-0.000194 integral_std=0.003379 log_ratio=-0.4649 accept=0.6282 swapped=False
i=11 pair=(7,0) lam_t=1.00286 lam_s=1.00714 tsr_diff=0.003505 integral_mean=-0.000340 integral_std=0.004547 log_ratio=-0.8152 accept=0.4425 swapped=False
i=11 pair=(5,3) lam_t=1.01143 lam_s=1.01571 tsr_diff=0.003456 integral_mean=-0.000118 integral_std=0.004783 log_ratio=-0.2842 accept=0.7526 swapped=True
i=12 pair=(4,6) lam_t=0.99000 lam_s=0.99429 tsr_diff=0.003894 integral_mean=0.000096 integral_std=0.005904 log_ratio=0.0000 accept=1.0000 swapped=True
i=12 pair=(2,7) lam_t=0.99857 lam_s=1.00286 tsr_diff=0.003834 integral_mean=0.000110 integral_std=0.005569 log_ratio=0.0000 accept=1.0000 swapped=True
i=12 pair=(0,3) lam_t=1.00714 lam_s=1.01143 tsr_diff=0.003776 integral_mean=0.000848 integral_std=0.007784 log_ratio=0.0000 accept=1.0000 swapped=True
i=12 pair=(5,1) lam_t=1.01571 lam_s=1.02000 tsr_diff=0.003719 integral_mean=-0.000222 integral_std=0.005952 log_ratio=-0.5330 accept=0.5868 swapped=False
i=13 pair=(4,7) lam_t=0.99429 lam_s=0.99857 tsr_diff=0.004100 integral_mean=0.000096 integral_std=0.005441 log_ratio=0.0000 accept=1.0000 swapped=True
i=13 pair=(2,3) lam_t=1.00286 lam_s=1.00714 tsr_diff=0.004034 integral_mean=0.000148 integral_std=0.003393 log_ratio=0.0000 accept=1.0000 swapped=True
i=13 pair=(0,5) lam_t=1.01143 lam_s=1.01571 tsr_diff=0.003969 integral_mean=0.000637 integral_std=0.008401 log_ratio=0.0000 accept=1.0000 swapped=True
Best Sample: 2 log probability -0.422
Saved 1 samples to: logs/pointmaze-giant-navigate-v0/inference/plans/release_H400_T256_LimitsNormalizer_b1_condFalse/2026-07-15 12:07:56/25/0.png
Saved 1 samples to: logs/pointmaze-giant-navigate-v0/inference/plans/release_H400_T256_LimitsNormalizer_b1_condFalse/2026-07-15 12:07:56/25/rollout.png
i=0 pair=(0,1) lam_t=0.99000 lam_s=0.99429 tsr_diff=0.000000 integral_mean=0.000000 integral_std=0.000000 log_ratio=0.0000 accept=1.0000 swapped=True
i=0 pair=(2,3) lam_t=0.99857 lam_s=1.00286 tsr_diff=0.000000 integral_mean=0.000000 integral_std=0.000000 log_ratio=0.0000 accept=1.0000 swapped=True
i=0 pair=(4,5) lam_t=1.00714 lam_s=1.01143 tsr_diff=0.000000 integral_mean=0.000000 integral_std=0.000000 log_ratio=0.0000 accept=1.0000 swapped=True
i=0 pair=(6,7) lam_t=1.01571 lam_s=1.02000 tsr_diff=0.000000 integral_mean=0.000000 integral_std=0.000000 log_ratio=0.0000 accept=1.0000 swapped=True
i=1 pair=(0,3) lam_t=0.99429 lam_s=0.99857 tsr_diff=0.000046 integral_mean=-0.000000 integral_std=0.000045 log_ratio=-0.0008 accept=0.9992 swapped=True
i=1 pair=(2,5) lam_t=1.00286 lam_s=1.00714 tsr_diff=0.000046 integral_mean=-0.000001 integral_std=0.000047 log_ratio=-0.0034 accept=0.9966 swapped=True
i=1 pair=(4,7) lam_t=1.01143 lam_s=1.01571 tsr_diff=0.000046 integral_mean=0.000000 integral_std=0.000045 log_ratio=0.0000 accept=1.0000 swapped=True
i=2 pair=(1,3) lam_t=0.99000 lam_s=0.99429 tsr_diff=0.000181 integral_mean=-0.000004 integral_std=0.000172 log_ratio=-0.0104 accept=0.9897 swapped=True
i=2 pair=(0,5) lam_t=0.99857 lam_s=1.00286 tsr_diff=0.000181 integral_mean=0.000002 integral_std=0.000175 log_ratio=0.0000 accept=1.0000 swapped=True
i=2 pair=(2,7) lam_t=1.00714 lam_s=1.01143 tsr_diff=0.000181 integral_mean=-0.000006 integral_std=0.000182 log_ratio=-0.0144 accept=0.9857 swapped=True
i=2 pair=(4,6) lam_t=1.01571 lam_s=1.02000 tsr_diff=0.000181 integral_mean=-0.000005 integral_std=0.000175 log_ratio=-0.0116 accept=0.9884 swapped=True
i=3 pair=(1,5) lam_t=0.99429 lam_s=0.99857 tsr_diff=0.000400 integral_mean=-0.000023 integral_std=0.000410 log_ratio=-0.0563 accept=0.9452 swapped=True
i=3 pair=(0,7) lam_t=1.00286 lam_s=1.00714 tsr_diff=0.000400 integral_mean=-0.000005 integral_std=0.000397 log_ratio=-0.0128 accept=0.9873 swapped=True
i=3 pair=(2,6) lam_t=1.01143 lam_s=1.01571 tsr_diff=0.000399 integral_mean=-0.000004 integral_std=0.000391 log_ratio=-0.0087 accept=0.9913 swapped=True
i=4 pair=(3,5) lam_t=0.99000 lam_s=0.99429 tsr_diff=0.000695 integral_mean=-0.000038 integral_std=0.000789 log_ratio=-0.0900 accept=0.9139 swapped=True
i=4 pair=(1,7) lam_t=0.99857 lam_s=1.00286 tsr_diff=0.000693 integral_mean=0.000013 integral_std=0.000658 log_ratio=0.0000 accept=1.0000 swapped=True
i=4 pair=(0,6) lam_t=1.00714 lam_s=1.01143 tsr_diff=0.000691 integral_mean=0.000009 integral_std=0.000669 log_ratio=0.0000 accept=1.0000 swapped=True
i=4 pair=(2,4) lam_t=1.01571 lam_s=1.02000 tsr_diff=0.000689 integral_mean=-0.000054 integral_std=0.000752 log_ratio=-0.1298 accept=0.8783 swapped=True
i=5 pair=(3,7) lam_t=0.99429 lam_s=0.99857 tsr_diff=0.001051 integral_mean=0.000009 integral_std=0.001007 log_ratio=0.0000 accept=1.0000 swapped=True
i=5 pair=(1,6) lam_t=1.00286 lam_s=1.00714 tsr_diff=0.001046 integral_mean=0.000017 integral_std=0.001038 log_ratio=0.0000 accept=1.0000 swapped=True
i=5 pair=(0,4) lam_t=1.01143 lam_s=1.01571 tsr_diff=0.001042 integral_mean=-0.000033 integral_std=0.001045 log_ratio=-0.0796 accept=0.9235 swapped=True
i=6 pair=(5,7) lam_t=0.99000 lam_s=0.99429 tsr_diff=0.001459 integral_mean=0.000059 integral_std=0.001501 log_ratio=0.0000 accept=1.0000 swapped=True
i=6 pair=(3,6) lam_t=0.99857 lam_s=1.00286 tsr_diff=0.001450 integral_mean=-0.000020 integral_std=0.001506 log_ratio=-0.0486 accept=0.9525 swapped=True
i=6 pair=(1,4) lam_t=1.00714 lam_s=1.01143 tsr_diff=0.001442 integral_mean=0.000011 integral_std=0.001483 log_ratio=0.0000 accept=1.0000 swapped=True
i=6 pair=(0,2) lam_t=1.01571 lam_s=1.02000 tsr_diff=0.001433 integral_mean=-0.000005 integral_std=0.001392 log_ratio=-0.0110 accept=0.9890 swapped=True
i=7 pair=(5,6) lam_t=0.99429 lam_s=0.99857 tsr_diff=0.001888 integral_mean=-0.000026 integral_std=0.001910 log_ratio=-0.0625 accept=0.9394 swapped=True
i=7 pair=(3,4) lam_t=1.00286 lam_s=1.00714 tsr_diff=0.001874 integral_mean=0.000012 integral_std=0.001693 log_ratio=0.0000 accept=1.0000 swapped=True
i=7 pair=(1,2) lam_t=1.01143 lam_s=1.01571 tsr_diff=0.001860 integral_mean=0.000005 integral_std=0.001673 log_ratio=0.0000 accept=1.0000 swapped=True
i=8 pair=(7,6) lam_t=0.99000 lam_s=0.99429 tsr_diff=0.002345 integral_mean=-0.000092 integral_std=0.002099 log_ratio=-0.2215 accept=0.8013 swapped=True
i=8 pair=(5,4) lam_t=0.99857 lam_s=1.00286 tsr_diff=0.002323 integral_mean=-0.000136 integral_std=0.002381 log_ratio=-0.3267 accept=0.7213 swapped=True
i=8 pair=(3,2) lam_t=1.00714 lam_s=1.01143 tsr_diff=0.002302 integral_mean=0.000072 integral_std=0.002131 log_ratio=0.0000 accept=1.0000 swapped=True
i=8 pair=(1,0) lam_t=1.01571 lam_s=1.02000 tsr_diff=0.002281 integral_mean=0.000034 integral_std=0.002017 log_ratio=0.0000 accept=1.0000 swapped=True
i=9 pair=(7,4) lam_t=0.99429 lam_s=0.99857 tsr_diff=0.002773 integral_mean=-0.000088 integral_std=0.002951 log_ratio=-0.2123 accept=0.8087 swapped=False
i=9 pair=(5,2) lam_t=1.00286 lam_s=1.00714 tsr_diff=0.002742 integral_mean=-0.000049 integral_std=0.002771 log_ratio=-0.1176 accept=0.8890 swapped=True
i=9 pair=(3,0) lam_t=1.01143 lam_s=1.01571 tsr_diff=0.002712 integral_mean=-0.000039 integral_std=0.002725 log_ratio=-0.0929 accept=0.9113 swapped=True
i=10 pair=(6,7) lam_t=0.99000 lam_s=0.99429 tsr_diff=0.003206 integral_mean=0.000087 integral_std=0.002851 log_ratio=0.0000 accept=1.0000 swapped=True
i=10 pair=(4,2) lam_t=0.99857 lam_s=1.00286 tsr_diff=0.003165 integral_mean=0.000401 integral_std=0.004355 log_ratio=0.0000 accept=1.0000 swapped=True
i=10 pair=(5,0) lam_t=1.00714 lam_s=1.01143 tsr_diff=0.003125 integral_mean=-0.000037 integral_std=0.003454 log_ratio=-0.0894 accept=0.9145 swapped=True
i=10 pair=(3,1) lam_t=1.01571 lam_s=1.02000 tsr_diff=0.003086 integral_mean=0.000019 integral_std=0.003204 log_ratio=0.0000 accept=1.0000 swapped=True
i=11 pair=(6,2) lam_t=0.99429 lam_s=0.99857 tsr_diff=0.003554 integral_mean=-0.000111 integral_std=0.002898 log_ratio=-0.2661 accept=0.7664 swapped=False
i=11 pair=(4,0) lam_t=1.00286 lam_s=1.00714 tsr_diff=0.003505 integral_mean=0.000591 integral_std=0.006427 log_ratio=0.0000 accept=1.0000 swapped=True
i=11 pair=(5,1) lam_t=1.01143 lam_s=1.01571 tsr_diff=0.003456 integral_mean=-0.000104 integral_std=0.003798 log_ratio=-0.2507 accept=0.7783 swapped=True
i=12 pair=(7,6) lam_t=0.99000 lam_s=0.99429 tsr_diff=0.003894 integral_mean=0.000058 integral_std=0.003003 log_ratio=0.0000 accept=1.0000 swapped=True
i=12 pair=(2,0) lam_t=0.99857 lam_s=1.00286 tsr_diff=0.003834 integral_mean=0.000062 integral_std=0.003160 log_ratio=0.0000 accept=1.0000 swapped=True
i=12 pair=(4,1) lam_t=1.00714 lam_s=1.01143 tsr_diff=0.003776 integral_mean=0.000352 integral_std=0.005518 log_ratio=0.0000 accept=1.0000 swapped=True
i=12 pair=(5,3) lam_t=1.01571 lam_s=1.02000 tsr_diff=0.003719 integral_mean=-0.000205 integral_std=0.005486 log_ratio=-0.4918 accept=0.6116 swapped=False
i=13 pair=(7,0) lam_t=0.99429 lam_s=0.99857 tsr_diff=0.004100 integral_mean=0.000015 integral_std=0.002716 log_ratio=0.0000 accept=1.0000 swapped=True
i=13 pair=(2,1) lam_t=1.00286 lam_s=1.00714 tsr_diff=0.004034 integral_mean=0.000127 integral_std=0.003241 log_ratio=0.0000 accept=1.0000 swapped=True
i=13 pair=(4,5) lam_t=1.01143 lam_s=1.01571 tsr_diff=0.003969 integral_mean=0.000522 integral_std=0.008409 log_ratio=0.0000 accept=1.0000 swapped=True
Best Sample: 5 log probability -0.028
Saved 1 samples to: logs/pointmaze-giant-navigate-v0/inference/plans/release_H400_T256_LimitsNormalizer_b1_condFalse/2026-07-15 12:07:56/26/0.png
Saved 1 samples to: logs/pointmaze-giant-navigate-v0/inference/plans/release_H400_T256_LimitsNormalizer_b1_condFalse/2026-07-15 12:07:56/26/rollout.png
i=0 pair=(0,1) lam_t=0.99000 lam_s=0.99429 tsr_diff=0.000000 integral_mean=0.000000 integral_std=0.000000 log_ratio=0.0000 accept=1.0000 swapped=True
i=0 pair=(2,3) lam_t=0.99857 lam_s=1.00286 tsr_diff=0.000000 integral_mean=0.000000 integral_std=0.000000 log_ratio=0.0000 accept=1.0000 swapped=True
i=0 pair=(4,5) lam_t=1.00714 lam_s=1.01143 tsr_diff=0.000000 integral_mean=0.000000 integral_std=0.000000 log_ratio=0.0000 accept=1.0000 swapped=True
i=0 pair=(6,7) lam_t=1.01571 lam_s=1.02000 tsr_diff=0.000000 integral_mean=0.000000 integral_std=0.000000 log_ratio=0.0000 accept=1.0000 swapped=True
i=1 pair=(0,3) lam_t=0.99429 lam_s=0.99857 tsr_diff=0.000046 integral_mean=-0.000002 integral_std=0.000044 log_ratio=-0.0059 accept=0.9941 swapped=True
i=1 pair=(2,5) lam_t=1.00286 lam_s=1.00714 tsr_diff=0.000046 integral_mean=-0.000001 integral_std=0.000047 log_ratio=-0.0033 accept=0.9967 swapped=True
i=1 pair=(4,7) lam_t=1.01143 lam_s=1.01571 tsr_diff=0.000046 integral_mean=-0.000001 integral_std=0.000046 log_ratio=-0.0025 accept=0.9975 swapped=True
i=2 pair=(1,3) lam_t=0.99000 lam_s=0.99429 tsr_diff=0.000181 integral_mean=-0.000001 integral_std=0.000250 log_ratio=-0.0018 accept=0.9982 swapped=True
i=2 pair=(0,5) lam_t=0.99857 lam_s=1.00286 tsr_diff=0.000181 integral_mean=0.000003 integral_std=0.000187 log_ratio=0.0000 accept=1.0000 swapped=True
i=2 pair=(2,7) lam_t=1.00714 lam_s=1.01143 tsr_diff=0.000181 integral_mean=0.000018 integral_std=0.000194 log_ratio=0.0000 accept=1.0000 swapped=True
i=2 pair=(4,6) lam_t=1.01571 lam_s=1.02000 tsr_diff=0.000181 integral_mean=0.000002 integral_std=0.000179 log_ratio=0.0000 accept=1.0000 swapped=True
i=3 pair=(1,5) lam_t=0.99429 lam_s=0.99857 tsr_diff=0.000400 integral_mean=0.000012 integral_std=0.000437 log_ratio=0.0000 accept=1.0000 swapped=True
i=3 pair=(0,7) lam_t=1.00286 lam_s=1.00714 tsr_diff=0.000400 integral_mean=-0.000010 integral_std=0.000397 log_ratio=-0.0234 accept=0.9769 swapped=True
i=3 pair=(2,6) lam_t=1.01143 lam_s=1.01571 tsr_diff=0.000399 integral_mean=0.000007 integral_std=0.000418 log_ratio=0.0000 accept=1.0000 swapped=True
i=4 pair=(3,5) lam_t=0.99000 lam_s=0.99429 tsr_diff=0.000695 integral_mean=0.000024 integral_std=0.000729 log_ratio=0.0000 accept=1.0000 swapped=True
i=4 pair=(1,7) lam_t=0.99857 lam_s=1.00286 tsr_diff=0.000693 integral_mean=0.000038 integral_std=0.000711 log_ratio=0.0000 accept=1.0000 swapped=True
i=4 pair=(0,6) lam_t=1.00714 lam_s=1.01143 tsr_diff=0.000691 integral_mean=-0.000011 integral_std=0.000673 log_ratio=-0.0276 accept=0.9728 swapped=True
i=4 pair=(2,4) lam_t=1.01571 lam_s=1.02000 tsr_diff=0.000689 integral_mean=0.000005 integral_std=0.000688 log_ratio=0.0000 accept=1.0000 swapped=True
i=5 pair=(3,7) lam_t=0.99429 lam_s=0.99857 tsr_diff=0.001051 integral_mean=-0.000021 integral_std=0.001151 log_ratio=-0.0510 accept=0.9502 swapped=True
i=5 pair=(1,6) lam_t=1.00286 lam_s=1.00714 tsr_diff=0.001046 integral_mean=0.000051 integral_std=0.001051 log_ratio=0.0000 accept=1.0000 swapped=True
i=5 pair=(0,4) lam_t=1.01143 lam_s=1.01571 tsr_diff=0.001042 integral_mean=-0.000019 integral_std=0.001005 log_ratio=-0.0457 accept=0.9554 swapped=True
i=6 pair=(5,7) lam_t=0.99000 lam_s=0.99429 tsr_diff=0.001459 integral_mean=-0.000010 integral_std=0.001454 log_ratio=-0.0240 accept=0.9763 swapped=True
i=6 pair=(3,6) lam_t=0.99857 lam_s=1.00286 tsr_diff=0.001450 integral_mean=0.000029 integral_std=0.001332 log_ratio=0.0000 accept=1.0000 swapped=True
i=6 pair=(1,4) lam_t=1.00714 lam_s=1.01143 tsr_diff=0.001442 integral_mean=0.000101 integral_std=0.001895 log_ratio=0.0000 accept=1.0000 swapped=True
i=6 pair=(0,2) lam_t=1.01571 lam_s=1.02000 tsr_diff=0.001433 integral_mean=0.000003 integral_std=0.001350 log_ratio=0.0000 accept=1.0000 swapped=True
i=7 pair=(5,6) lam_t=0.99429 lam_s=0.99857 tsr_diff=0.001888 integral_mean=-0.000037 integral_std=0.002007 log_ratio=-0.0883 accept=0.9155 swapped=True
i=7 pair=(3,4) lam_t=1.00286 lam_s=1.00714 tsr_diff=0.001874 integral_mean=0.000001 integral_std=0.001917 log_ratio=0.0000 accept=1.0000 swapped=True
i=7 pair=(1,2) lam_t=1.01143 lam_s=1.01571 tsr_diff=0.001860 integral_mean=0.001062 integral_std=0.004018 log_ratio=0.0000 accept=1.0000 swapped=True
i=8 pair=(7,6) lam_t=0.99000 lam_s=0.99429 tsr_diff=0.002345 integral_mean=-0.000052 integral_std=0.002695 log_ratio=-0.1240 accept=0.8834 swapped=True
i=8 pair=(5,4) lam_t=0.99857 lam_s=1.00286 tsr_diff=0.002323 integral_mean=0.000049 integral_std=0.002372 log_ratio=0.0000 accept=1.0000 swapped=True
i=8 pair=(3,2) lam_t=1.00714 lam_s=1.01143 tsr_diff=0.002302 integral_mean=0.000067 integral_std=0.002476 log_ratio=0.0000 accept=1.0000 swapped=True
i=8 pair=(1,0) lam_t=1.01571 lam_s=1.02000 tsr_diff=0.002281 integral_mean=0.001196 integral_std=0.004843 log_ratio=0.0000 accept=1.0000 swapped=True
i=9 pair=(7,4) lam_t=0.99429 lam_s=0.99857 tsr_diff=0.002773 integral_mean=0.000046 integral_std=0.003268 log_ratio=0.0000 accept=1.0000 swapped=True
i=9 pair=(5,2) lam_t=1.00286 lam_s=1.00714 tsr_diff=0.002742 integral_mean=-0.000025 integral_std=0.002410 log_ratio=-0.0595 accept=0.9423 swapped=True
i=9 pair=(3,0) lam_t=1.01143 lam_s=1.01571 tsr_diff=0.002712 integral_mean=0.000002 integral_std=0.003176 log_ratio=0.0000 accept=1.0000 swapped=True
i=10 pair=(6,4) lam_t=0.99000 lam_s=0.99429 tsr_diff=0.003206 integral_mean=0.000113 integral_std=0.004171 log_ratio=0.0000 accept=1.0000 swapped=True
i=10 pair=(7,2) lam_t=0.99857 lam_s=1.00286 tsr_diff=0.003165 integral_mean=0.000086 integral_std=0.003304 log_ratio=0.0000 accept=1.0000 swapped=True
i=10 pair=(5,0) lam_t=1.00714 lam_s=1.01143 tsr_diff=0.003125 integral_mean=-0.000104 integral_std=0.003113 log_ratio=-0.2505 accept=0.7784 swapped=False
i=10 pair=(3,1) lam_t=1.01571 lam_s=1.02000 tsr_diff=0.003086 integral_mean=-0.000848 integral_std=0.005106 log_ratio=-2.0355 accept=0.1306 swapped=False
i=11 pair=(6,2) lam_t=0.99429 lam_s=0.99857 tsr_diff=0.003554 integral_mean=0.000271 integral_std=0.006352 log_ratio=0.0000 accept=1.0000 swapped=True
i=11 pair=(7,5) lam_t=1.00286 lam_s=1.00714 tsr_diff=0.003505 integral_mean=0.000125 integral_std=0.004302 log_ratio=0.0000 accept=1.0000 swapped=True
i=11 pair=(0,3) lam_t=1.01143 lam_s=1.01571 tsr_diff=0.003456 integral_mean=0.000027 integral_std=0.005102 log_ratio=0.0000 accept=1.0000 swapped=True
i=12 pair=(4,2) lam_t=0.99000 lam_s=0.99429 tsr_diff=0.003894 integral_mean=-0.000035 integral_std=0.005204 log_ratio=-0.0844 accept=0.9190 swapped=True
i=12 pair=(6,5) lam_t=0.99857 lam_s=1.00286 tsr_diff=0.003834 integral_mean=0.000241 integral_std=0.006443 log_ratio=0.0000 accept=1.0000 swapped=True
i=12 pair=(7,3) lam_t=1.00714 lam_s=1.01143 tsr_diff=0.003776 integral_mean=0.000111 integral_std=0.007831 log_ratio=0.0000 accept=1.0000 swapped=True
i=12 pair=(0,1) lam_t=1.01571 lam_s=1.02000 tsr_diff=0.003719 integral_mean=-0.001114 integral_std=0.008041 log_ratio=-2.6737 accept=0.0690 swapped=False
i=13 pair=(4,5) lam_t=0.99429 lam_s=0.99857 tsr_diff=0.004100 integral_mean=0.000047 integral_std=0.006901 log_ratio=0.0000 accept=1.0000 swapped=True
i=13 pair=(6,3) lam_t=1.00286 lam_s=1.00714 tsr_diff=0.004034 integral_mean=0.000357 integral_std=0.008200 log_ratio=0.0000 accept=1.0000 swapped=True
i=13 pair=(7,0) lam_t=1.01143 lam_s=1.01571 tsr_diff=0.003969 integral_mean=0.000223 integral_std=0.008550 log_ratio=0.0000 accept=1.0000 swapped=True
Best Sample: 2 log probability -0.046
Saved 1 samples to: logs/pointmaze-giant-navigate-v0/inference/plans/release_H400_T256_LimitsNormalizer_b1_condFalse/2026-07-15 12:07:56/27/0.png
Saved 1 samples to: logs/pointmaze-giant-navigate-v0/inference/plans/release_H400_T256_LimitsNormalizer_b1_condFalse/2026-07-15 12:07:56/27/rollout.png
i=0 pair=(0,1) lam_t=0.99000 lam_s=0.99429 tsr_diff=0.000000 integral_mean=0.000000 integral_std=0.000000 log_ratio=0.0000 accept=1.0000 swapped=True
i=0 pair=(2,3) lam_t=0.99857 lam_s=1.00286 tsr_diff=0.000000 integral_mean=0.000000 integral_std=0.000000 log_ratio=0.0000 accept=1.0000 swapped=True
i=0 pair=(4,5) lam_t=1.00714 lam_s=1.01143 tsr_diff=0.000000 integral_mean=0.000000 integral_std=0.000000 log_ratio=0.0000 accept=1.0000 swapped=True
i=0 pair=(6,7) lam_t=1.01571 lam_s=1.02000 tsr_diff=0.000000 integral_mean=0.000000 integral_std=0.000000 log_ratio=0.0000 accept=1.0000 swapped=True
i=1 pair=(0,3) lam_t=0.99429 lam_s=0.99857 tsr_diff=0.000046 integral_mean=-0.000003 integral_std=0.000045 log_ratio=-0.0070 accept=0.9931 swapped=True
i=1 pair=(2,5) lam_t=1.00286 lam_s=1.00714 tsr_diff=0.000046 integral_mean=0.000001 integral_std=0.000047 log_ratio=0.0000 accept=1.0000 swapped=True
i=1 pair=(4,7) lam_t=1.01143 lam_s=1.01571 tsr_diff=0.000046 integral_mean=-0.000000 integral_std=0.000047 log_ratio=-0.0011 accept=0.9989 swapped=True
i=2 pair=(1,3) lam_t=0.99000 lam_s=0.99429 tsr_diff=0.000181 integral_mean=0.000004 integral_std=0.000196 log_ratio=0.0000 accept=1.0000 swapped=True
i=2 pair=(0,5) lam_t=0.99857 lam_s=1.00286 tsr_diff=0.000181 integral_mean=0.000000 integral_std=0.000183 log_ratio=0.0000 accept=1.0000 swapped=True
i=2 pair=(2,7) lam_t=1.00714 lam_s=1.01143 tsr_diff=0.000181 integral_mean=-0.000011 integral_std=0.000193 log_ratio=-0.0269 accept=0.9734 swapped=True
i=2 pair=(4,6) lam_t=1.01571 lam_s=1.02000 tsr_diff=0.000181 integral_mean=0.000001 integral_std=0.000195 log_ratio=0.0000 accept=1.0000 swapped=True
i=3 pair=(1,5) lam_t=0.99429 lam_s=0.99857 tsr_diff=0.000400 integral_mean=0.000020 integral_std=0.000431 log_ratio=0.0000 accept=1.0000 swapped=True
i=3 pair=(0,7) lam_t=1.00286 lam_s=1.00714 tsr_diff=0.000400 integral_mean=-0.000010 integral_std=0.000412 log_ratio=-0.0233 accept=0.9770 swapped=True
i=3 pair=(2,6) lam_t=1.01143 lam_s=1.01571 tsr_diff=0.000399 integral_mean=-0.000007 integral_std=0.000447 log_ratio=-0.0169 accept=0.9832 swapped=True
i=4 pair=(3,5) lam_t=0.99000 lam_s=0.99429 tsr_diff=0.000695 integral_mean=0.000050 integral_std=0.000703 log_ratio=0.0000 accept=1.0000 swapped=True
i=4 pair=(1,7) lam_t=0.99857 lam_s=1.00286 tsr_diff=0.000693 integral_mean=0.000001 integral_std=0.000717 log_ratio=0.0000 accept=1.0000 swapped=True
i=4 pair=(0,6) lam_t=1.00714 lam_s=1.01143 tsr_diff=0.000691 integral_mean=-0.000006 integral_std=0.000711 log_ratio=-0.0143 accept=0.9858 swapped=True
i=4 pair=(2,4) lam_t=1.01571 lam_s=1.02000 tsr_diff=0.000689 integral_mean=-0.000012 integral_std=0.000712 log_ratio=-0.0296 accept=0.9708 swapped=True
i=5 pair=(3,7) lam_t=0.99429 lam_s=0.99857 tsr_diff=0.001051 integral_mean=0.000033 integral_std=0.001082 log_ratio=0.0000 accept=1.0000 swapped=True
i=5 pair=(1,6) lam_t=1.00286 lam_s=1.00714 tsr_diff=0.001046 integral_mean=0.000020 integral_std=0.001132 log_ratio=0.0000 accept=1.0000 swapped=True
i=5 pair=(0,4) lam_t=1.01143 lam_s=1.01571 tsr_diff=0.001042 integral_mean=-0.000032 integral_std=0.001036 log_ratio=-0.0764 accept=0.9265 swapped=True
i=6 pair=(5,7) lam_t=0.99000 lam_s=0.99429 tsr_diff=0.001459 integral_mean=-0.000000 integral_std=0.001402 log_ratio=-0.0004 accept=0.9996 swapped=True
i=6 pair=(3,6) lam_t=0.99857 lam_s=1.00286 tsr_diff=0.001450 integral_mean=0.000004 integral_std=0.001457 log_ratio=0.0000 accept=1.0000 swapped=True
i=6 pair=(1,4) lam_t=1.00714 lam_s=1.01143 tsr_diff=0.001442 integral_mean=0.000046 integral_std=0.001475 log_ratio=0.0000 accept=1.0000 swapped=True
i=6 pair=(0,2) lam_t=1.01571 lam_s=1.02000 tsr_diff=0.001433 integral_mean=-0.000071 integral_std=0.001514 log_ratio=-0.1699 accept=0.8437 swapped=True
i=7 pair=(5,6) lam_t=0.99429 lam_s=0.99857 tsr_diff=0.001888 integral_mean=-0.000062 integral_std=0.002118 log_ratio=-0.1497 accept=0.8610 swapped=True
i=7 pair=(3,4) lam_t=1.00286 lam_s=1.00714 tsr_diff=0.001874 integral_mean=0.000005 integral_std=0.001860 log_ratio=0.0000 accept=1.0000 swapped=True
i=7 pair=(1,2) lam_t=1.01143 lam_s=1.01571 tsr_diff=0.001860 integral_mean=-0.000028 integral_std=0.001860 log_ratio=-0.0670 accept=0.9352 swapped=True
i=8 pair=(7,6) lam_t=0.99000 lam_s=0.99429 tsr_diff=0.002345 integral_mean=-0.000176 integral_std=0.002811 log_ratio=-0.4220 accept=0.6557 swapped=False
i=8 pair=(5,4) lam_t=0.99857 lam_s=1.00286 tsr_diff=0.002323 integral_mean=0.000003 integral_std=0.002233 log_ratio=0.0000 accept=1.0000 swapped=True
i=8 pair=(3,2) lam_t=1.00714 lam_s=1.01143 tsr_diff=0.002302 integral_mean=-0.000017 integral_std=0.002294 log_ratio=-0.0413 accept=0.9595 swapped=True
i=8 pair=(1,0) lam_t=1.01571 lam_s=1.02000 tsr_diff=0.002281 integral_mean=0.000025 integral_std=0.002217 log_ratio=0.0000 accept=1.0000 swapped=True
i=9 pair=(6,4) lam_t=0.99429 lam_s=0.99857 tsr_diff=0.002773 integral_mean=0.000240 integral_std=0.003619 log_ratio=0.0000 accept=1.0000 swapped=True
i=9 pair=(5,2) lam_t=1.00286 lam_s=1.00714 tsr_diff=0.002742 integral_mean=-0.000064 integral_std=0.002949 log_ratio=-0.1532 accept=0.8580 swapped=True
i=9 pair=(3,0) lam_t=1.01143 lam_s=1.01571 tsr_diff=0.002712 integral_mean=0.000069 integral_std=0.003153 log_ratio=0.0000 accept=1.0000 swapped=True
i=10 pair=(7,4) lam_t=0.99000 lam_s=0.99429 tsr_diff=0.003206 integral_mean=0.000118 integral_std=0.003892 log_ratio=0.0000 accept=1.0000 swapped=True
i=10 pair=(6,2) lam_t=0.99857 lam_s=1.00286 tsr_diff=0.003165 integral_mean=0.000122 integral_std=0.004554 log_ratio=0.0000 accept=1.0000 swapped=True
i=10 pair=(5,0) lam_t=1.00714 lam_s=1.01143 tsr_diff=0.003125 integral_mean=-0.000002 integral_std=0.002677 log_ratio=-0.0038 accept=0.9962 swapped=True
i=10 pair=(3,1) lam_t=1.01571 lam_s=1.02000 tsr_diff=0.003086 integral_mean=-0.000006 integral_std=0.004256 log_ratio=-0.0153 accept=0.9848 swapped=True
i=11 pair=(7,2) lam_t=0.99429 lam_s=0.99857 tsr_diff=0.003554 integral_mean=-0.000058 integral_std=0.004962 log_ratio=-0.1391 accept=0.8702 swapped=True
i=11 pair=(6,0) lam_t=1.00286 lam_s=1.00714 tsr_diff=0.003505 integral_mean=0.000422 integral_std=0.006043 log_ratio=0.0000 accept=1.0000 swapped=True
i=11 pair=(5,1) lam_t=1.01143 lam_s=1.01571 tsr_diff=0.003456 integral_mean=-0.000111 integral_std=0.003859 log_ratio=-0.2656 accept=0.7667 swapped=True
i=12 pair=(4,2) lam_t=0.99000 lam_s=0.99429 tsr_diff=0.003894 integral_mean=-0.000077 integral_std=0.005793 log_ratio=-0.1858 accept=0.8304 swapped=True
i=12 pair=(7,0) lam_t=0.99857 lam_s=1.00286 tsr_diff=0.003834 integral_mean=0.000163 integral_std=0.005341 log_ratio=0.0000 accept=1.0000 swapped=True
i=12 pair=(6,1) lam_t=1.00714 lam_s=1.01143 tsr_diff=0.003776 integral_mean=0.000651 integral_std=0.007244 log_ratio=0.0000 accept=1.0000 swapped=True
i=12 pair=(5,3) lam_t=1.01571 lam_s=1.02000 tsr_diff=0.003719 integral_mean=-0.000222 integral_std=0.005790 log_ratio=-0.5322 accept=0.5873 swapped=True
i=13 pair=(4,0) lam_t=0.99429 lam_s=0.99857 tsr_diff=0.004100 integral_mean=0.000211 integral_std=0.006902 log_ratio=0.0000 accept=1.0000 swapped=True
i=13 pair=(7,1) lam_t=1.00286 lam_s=1.00714 tsr_diff=0.004034 integral_mean=0.000202 integral_std=0.007029 log_ratio=0.0000 accept=1.0000 swapped=True
i=13 pair=(6,3) lam_t=1.01143 lam_s=1.01571 tsr_diff=0.003969 integral_mean=0.000228 integral_std=0.010642 log_ratio=0.0000 accept=1.0000 swapped=True
Best Sample: 0 log probability 0.000
Saved 1 samples to: logs/pointmaze-giant-navigate-v0/inference/plans/release_H400_T256_LimitsNormalizer_b1_condFalse/2026-07-15 12:07:56/28/0.png
Saved 1 samples to: logs/pointmaze-giant-navigate-v0/inference/plans/release_H400_T256_LimitsNormalizer_b1_condFalse/2026-07-15 12:07:56/28/rollout.png
i=0 pair=(0,1) lam_t=0.99000 lam_s=0.99429 tsr_diff=0.000000 integral_mean=0.000000 integral_std=0.000000 log_ratio=0.0000 accept=1.0000 swapped=True
i=0 pair=(2,3) lam_t=0.99857 lam_s=1.00286 tsr_diff=0.000000 integral_mean=0.000000 integral_std=0.000000 log_ratio=0.0000 accept=1.0000 swapped=True
i=0 pair=(4,5) lam_t=1.00714 lam_s=1.01143 tsr_diff=0.000000 integral_mean=0.000000 integral_std=0.000000 log_ratio=0.0000 accept=1.0000 swapped=True
i=0 pair=(6,7) lam_t=1.01571 lam_s=1.02000 tsr_diff=0.000000 integral_mean=0.000000 integral_std=0.000000 log_ratio=0.0000 accept=1.0000 swapped=True
i=1 pair=(0,3) lam_t=0.99429 lam_s=0.99857 tsr_diff=0.000046 integral_mean=0.000000 integral_std=0.000045 log_ratio=0.0000 accept=1.0000 swapped=True
i=1 pair=(2,5) lam_t=1.00286 lam_s=1.00714 tsr_diff=0.000046 integral_mean=0.000000 integral_std=0.000045 log_ratio=0.0000 accept=1.0000 swapped=True
i=1 pair=(4,7) lam_t=1.01143 lam_s=1.01571 tsr_diff=0.000046 integral_mean=0.000000 integral_std=0.000045 log_ratio=0.0000 accept=1.0000 swapped=True
i=2 pair=(1,3) lam_t=0.99000 lam_s=0.99429 tsr_diff=0.000181 integral_mean=-0.000005 integral_std=0.000200 log_ratio=-0.0110 accept=0.9891 swapped=True
i=2 pair=(0,5) lam_t=0.99857 lam_s=1.00286 tsr_diff=0.000181 integral_mean=-0.000001 integral_std=0.000173 log_ratio=-0.0012 accept=0.9988 swapped=True
i=2 pair=(2,7) lam_t=1.00714 lam_s=1.01143 tsr_diff=0.000181 integral_mean=0.000005 integral_std=0.000190 log_ratio=0.0000 accept=1.0000 swapped=True
i=2 pair=(4,6) lam_t=1.01571 lam_s=1.02000 tsr_diff=0.000181 integral_mean=0.000008 integral_std=0.000195 log_ratio=0.0000 accept=1.0000 swapped=True
i=3 pair=(1,5) lam_t=0.99429 lam_s=0.99857 tsr_diff=0.000400 integral_mean=0.000010 integral_std=0.000437 log_ratio=0.0000 accept=1.0000 swapped=True
i=3 pair=(0,7) lam_t=1.00286 lam_s=1.00714 tsr_diff=0.000400 integral_mean=-0.000041 integral_std=0.000471 log_ratio=-0.0992 accept=0.9055 swapped=True
i=3 pair=(2,6) lam_t=1.01143 lam_s=1.01571 tsr_diff=0.000399 integral_mean=-0.000004 integral_std=0.000384 log_ratio=-0.0104 accept=0.9896 swapped=True
i=4 pair=(3,5) lam_t=0.99000 lam_s=0.99429 tsr_diff=0.000695 integral_mean=0.000032 integral_std=0.000652 log_ratio=0.0000 accept=1.0000 swapped=True
i=4 pair=(1,7) lam_t=0.99857 lam_s=1.00286 tsr_diff=0.000693 integral_mean=0.000001 integral_std=0.000676 log_ratio=0.0000 accept=1.0000 swapped=True
i=4 pair=(0,6) lam_t=1.00714 lam_s=1.01143 tsr_diff=0.000691 integral_mean=0.000073 integral_std=0.000841 log_ratio=0.0000 accept=1.0000 swapped=True
i=4 pair=(2,4) lam_t=1.01571 lam_s=1.02000 tsr_diff=0.000689 integral_mean=-0.000020 integral_std=0.000676 log_ratio=-0.0487 accept=0.9525 swapped=True
i=5 pair=(3,7) lam_t=0.99429 lam_s=0.99857 tsr_diff=0.001051 integral_mean=-0.000021 integral_std=0.001042 log_ratio=-0.0501 accept=0.9511 swapped=True
i=5 pair=(1,6) lam_t=1.00286 lam_s=1.00714 tsr_diff=0.001046 integral_mean=-0.000036 integral_std=0.001111 log_ratio=-0.0870 accept=0.9167 swapped=False
i=5 pair=(0,4) lam_t=1.01143 lam_s=1.01571 tsr_diff=0.001042 integral_mean=0.000065 integral_std=0.001099 log_ratio=0.0000 accept=1.0000 swapped=True
i=6 pair=(5,7) lam_t=0.99000 lam_s=0.99429 tsr_diff=0.001459 integral_mean=-0.000081 integral_std=0.001450 log_ratio=-0.1933 accept=0.8242 swapped=True
i=6 pair=(3,1) lam_t=0.99857 lam_s=1.00286 tsr_diff=0.001450 integral_mean=0.000026 integral_std=0.001440 log_ratio=0.0000 accept=1.0000 swapped=True
i=6 pair=(6,4) lam_t=1.00714 lam_s=1.01143 tsr_diff=0.001442 integral_mean=0.000057 integral_std=0.001538 log_ratio=0.0000 accept=1.0000 swapped=True
i=6 pair=(0,2) lam_t=1.01571 lam_s=1.02000 tsr_diff=0.001433 integral_mean=0.000052 integral_std=0.001601 log_ratio=0.0000 accept=1.0000 swapped=True
i=7 pair=(5,1) lam_t=0.99429 lam_s=0.99857 tsr_diff=0.001888 integral_mean=0.000043 integral_std=0.001878 log_ratio=0.0000 accept=1.0000 swapped=True
i=7 pair=(3,4) lam_t=1.00286 lam_s=1.00714 tsr_diff=0.001874 integral_mean=0.000006 integral_std=0.001805 log_ratio=0.0000 accept=1.0000 swapped=True
i=7 pair=(6,2) lam_t=1.01143 lam_s=1.01571 tsr_diff=0.001860 integral_mean=0.000028 integral_std=0.001755 log_ratio=0.0000 accept=1.0000 swapped=True
i=8 pair=(7,1) lam_t=0.99000 lam_s=0.99429 tsr_diff=0.002345 integral_mean=0.000024 integral_std=0.002503 log_ratio=0.0000 accept=1.0000 swapped=True
i=8 pair=(5,4) lam_t=0.99857 lam_s=1.00286 tsr_diff=0.002323 integral_mean=-0.000184 integral_std=0.002417 log_ratio=-0.4422 accept=0.6426 swapped=True
i=8 pair=(3,2) lam_t=1.00714 lam_s=1.01143 tsr_diff=0.002302 integral_mean=-0.000014 integral_std=0.002541 log_ratio=-0.0343 accept=0.9662 swapped=True
i=8 pair=(6,0) lam_t=1.01571 lam_s=1.02000 tsr_diff=0.002281 integral_mean=-0.000161 integral_std=0.002745 log_ratio=-0.3874 accept=0.6788 swapped=True
i=9 pair=(7,4) lam_t=0.99429 lam_s=0.99857 tsr_diff=0.002773 integral_mean=0.000121 integral_std=0.003211 log_ratio=0.0000 accept=1.0000 swapped=True
i=9 pair=(5,2) lam_t=1.00286 lam_s=1.00714 tsr_diff=0.002742 integral_mean=-0.000067 integral_std=0.002733 log_ratio=-0.1619 accept=0.8505 swapped=True
i=9 pair=(3,0) lam_t=1.01143 lam_s=1.01571 tsr_diff=0.002712 integral_mean=0.000120 integral_std=0.003108 log_ratio=0.0000 accept=1.0000 swapped=True
i=10 pair=(1,4) lam_t=0.99000 lam_s=0.99429 tsr_diff=0.003206 integral_mean=-0.000112 integral_std=0.003349 log_ratio=-0.2684 accept=0.7646 swapped=True
i=10 pair=(7,2) lam_t=0.99857 lam_s=1.00286 tsr_diff=0.003165 integral_mean=0.000261 integral_std=0.004665 log_ratio=0.0000 accept=1.0000 swapped=True
i=10 pair=(5,0) lam_t=1.00714 lam_s=1.01143 tsr_diff=0.003125 integral_mean=-0.000058 integral_std=0.003737 log_ratio=-0.1392 accept=0.8701 swapped=True
i=10 pair=(3,6) lam_t=1.01571 lam_s=1.02000 tsr_diff=0.003086 integral_mean=0.000314 integral_std=0.004685 log_ratio=0.0000 accept=1.0000 swapped=True
i=11 pair=(1,2) lam_t=0.99429 lam_s=0.99857 tsr_diff=0.003554 integral_mean=-0.000042 integral_std=0.005515 log_ratio=-0.1007 accept=0.9042 swapped=False
i=11 pair=(7,0) lam_t=1.00286 lam_s=1.00714 tsr_diff=0.003505 integral_mean=0.000342 integral_std=0.004284 log_ratio=0.0000 accept=1.0000 swapped=True
i=11 pair=(5,6) lam_t=1.01143 lam_s=1.01571 tsr_diff=0.003456 integral_mean=-0.000230 integral_std=0.004565 log_ratio=-0.5509 accept=0.5764 swapped=True
i=12 pair=(4,1) lam_t=0.99000 lam_s=0.99429 tsr_diff=0.003894 integral_mean=0.000258 integral_std=0.005236 log_ratio=0.0000 accept=1.0000 swapped=True
i=12 pair=(2,0) lam_t=0.99857 lam_s=1.00286 tsr_diff=0.003834 integral_mean=0.000155 integral_std=0.007281 log_ratio=0.0000 accept=1.0000 swapped=True
i=12 pair=(7,6) lam_t=1.00714 lam_s=1.01143 tsr_diff=0.003776 integral_mean=0.000165 integral_std=0.008505 log_ratio=0.0000 accept=1.0000 swapped=True
i=12 pair=(5,3) lam_t=1.01571 lam_s=1.02000 tsr_diff=0.003719 integral_mean=-0.000418 integral_std=0.005695 log_ratio=-1.0041 accept=0.3664 swapped=False
i=13 pair=(4,0) lam_t=0.99429 lam_s=0.99857 tsr_diff=0.004100 integral_mean=0.000540 integral_std=0.009223 log_ratio=0.0000 accept=1.0000 swapped=True
i=13 pair=(2,6) lam_t=1.00286 lam_s=1.00714 tsr_diff=0.004034 integral_mean=0.000007 integral_std=0.006741 log_ratio=0.0000 accept=1.0000 swapped=True
i=13 pair=(7,5) lam_t=1.01143 lam_s=1.01571 tsr_diff=0.003969 integral_mean=0.000480 integral_std=0.006688 log_ratio=0.0000 accept=1.0000 swapped=True
Best Sample: 5 log probability -0.001
Saved 1 samples to: logs/pointmaze-giant-navigate-v0/inference/plans/release_H400_T256_LimitsNormalizer_b1_condFalse/2026-07-15 12:07:56/29/0.png
Saved 1 samples to: logs/pointmaze-giant-navigate-v0/inference/plans/release_H400_T256_LimitsNormalizer_b1_condFalse/2026-07-15 12:07:56/29/rollout.png
i=0 pair=(0,1) lam_t=0.99000 lam_s=0.99429 tsr_diff=0.000000 integral_mean=0.000000 integral_std=0.000000 log_ratio=0.0000 accept=1.0000 swapped=True
i=0 pair=(2,3) lam_t=0.99857 lam_s=1.00286 tsr_diff=0.000000 integral_mean=0.000000 integral_std=0.000000 log_ratio=0.0000 accept=1.0000 swapped=True
i=0 pair=(4,5) lam_t=1.00714 lam_s=1.01143 tsr_diff=0.000000 integral_mean=0.000000 integral_std=0.000000 log_ratio=0.0000 accept=1.0000 swapped=True
i=0 pair=(6,7) lam_t=1.01571 lam_s=1.02000 tsr_diff=0.000000 integral_mean=0.000000 integral_std=0.000000 log_ratio=0.0000 accept=1.0000 swapped=True
i=1 pair=(0,3) lam_t=0.99429 lam_s=0.99857 tsr_diff=0.000046 integral_mean=-0.000003 integral_std=0.000050 log_ratio=-0.0062 accept=0.9938 swapped=True
i=1 pair=(2,5) lam_t=1.00286 lam_s=1.00714 tsr_diff=0.000046 integral_mean=0.000001 integral_std=0.000046 log_ratio=0.0000 accept=1.0000 swapped=True
i=1 pair=(4,7) lam_t=1.01143 lam_s=1.01571 tsr_diff=0.000046 integral_mean=0.000002 integral_std=0.000045 log_ratio=0.0000 accept=1.0000 swapped=True
i=2 pair=(1,3) lam_t=0.99000 lam_s=0.99429 tsr_diff=0.000181 integral_mean=-0.000004 integral_std=0.000190 log_ratio=-0.0087 accept=0.9913 swapped=True
i=2 pair=(0,5) lam_t=0.99857 lam_s=1.00286 tsr_diff=0.000181 integral_mean=0.000007 integral_std=0.000192 log_ratio=0.0000 accept=1.0000 swapped=True
i=2 pair=(2,7) lam_t=1.00714 lam_s=1.01143 tsr_diff=0.000181 integral_mean=0.000005 integral_std=0.000173 log_ratio=0.0000 accept=1.0000 swapped=True
i=2 pair=(4,6) lam_t=1.01571 lam_s=1.02000 tsr_diff=0.000181 integral_mean=0.000016 integral_std=0.000194 log_ratio=0.0000 accept=1.0000 swapped=True
i=3 pair=(1,5) lam_t=0.99429 lam_s=0.99857 tsr_diff=0.000400 integral_mean=0.000034 integral_std=0.000433 log_ratio=0.0000 accept=1.0000 swapped=True
i=3 pair=(0,7) lam_t=1.00286 lam_s=1.00714 tsr_diff=0.000400 integral_mean=0.000002 integral_std=0.000416 log_ratio=0.0000 accept=1.0000 swapped=True
i=3 pair=(2,6) lam_t=1.01143 lam_s=1.01571 tsr_diff=0.000399 integral_mean=0.000003 integral_std=0.000373 log_ratio=0.0000 accept=1.0000 swapped=True
i=4 pair=(3,5) lam_t=0.99000 lam_s=0.99429 tsr_diff=0.000695 integral_mean=0.000016 integral_std=0.000678 log_ratio=0.0000 accept=1.0000 swapped=True
i=4 pair=(1,7) lam_t=0.99857 lam_s=1.00286 tsr_diff=0.000693 integral_mean=0.000013 integral_std=0.000677 log_ratio=0.0000 accept=1.0000 swapped=True
i=4 pair=(0,6) lam_t=1.00714 lam_s=1.01143 tsr_diff=0.000691 integral_mean=-0.000042 integral_std=0.000716 log_ratio=-0.0996 accept=0.9052 swapped=True
i=4 pair=(2,4) lam_t=1.01571 lam_s=1.02000 tsr_diff=0.000689 integral_mean=-0.000001 integral_std=0.000672 log_ratio=-0.0013 accept=0.9987 swapped=True
i=5 pair=(3,7) lam_t=0.99429 lam_s=0.99857 tsr_diff=0.001051 integral_mean=-0.000015 integral_std=0.000998 log_ratio=-0.0370 accept=0.9637 swapped=True
i=5 pair=(1,6) lam_t=1.00286 lam_s=1.00714 tsr_diff=0.001046 integral_mean=-0.000060 integral_std=0.001012 log_ratio=-0.1434 accept=0.8664 swapped=False
i=5 pair=(0,4) lam_t=1.01143 lam_s=1.01571 tsr_diff=0.001042 integral_mean=-0.000025 integral_std=0.001110 log_ratio=-0.0588 accept=0.9429 swapped=True
i=6 pair=(5,7) lam_t=0.99000 lam_s=0.99429 tsr_diff=0.001459 integral_mean=0.000002 integral_std=0.001450 log_ratio=0.0000 accept=1.0000 swapped=True
i=6 pair=(3,1) lam_t=0.99857 lam_s=1.00286 tsr_diff=0.001450 integral_mean=0.000023 integral_std=0.001334 log_ratio=0.0000 accept=1.0000 swapped=True
i=6 pair=(6,4) lam_t=1.00714 lam_s=1.01143 tsr_diff=0.001442 integral_mean=-0.000087 integral_std=0.001553 log_ratio=-0.2087 accept=0.8116 swapped=True
i=6 pair=(0,2) lam_t=1.01571 lam_s=1.02000 tsr_diff=0.001433 integral_mean=-0.000031 integral_std=0.001360 log_ratio=-0.0750 accept=0.9277 swapped=True
i=7 pair=(5,1) lam_t=0.99429 lam_s=0.99857 tsr_diff=0.001888 integral_mean=0.000067 integral_std=0.001790 log_ratio=0.0000 accept=1.0000 swapped=True
i=7 pair=(3,4) lam_t=1.00286 lam_s=1.00714 tsr_diff=0.001874 integral_mean=-0.000131 integral_std=0.002215 log_ratio=-0.3144 accept=0.7302 swapped=True
i=7 pair=(6,2) lam_t=1.01143 lam_s=1.01571 tsr_diff=0.001860 integral_mean=0.000025 integral_std=0.001867 log_ratio=0.0000 accept=1.0000 swapped=True
i=8 pair=(7,1) lam_t=0.99000 lam_s=0.99429 tsr_diff=0.002345 integral_mean=-0.000147 integral_std=0.002048 log_ratio=-0.3539 accept=0.7020 swapped=False
i=8 pair=(5,4) lam_t=0.99857 lam_s=1.00286 tsr_diff=0.002323 integral_mean=-0.000147 integral_std=0.002883 log_ratio=-0.3520 accept=0.7033 swapped=False
i=8 pair=(3,2) lam_t=1.00714 lam_s=1.01143 tsr_diff=0.002302 integral_mean=-0.000010 integral_std=0.002176 log_ratio=-0.0234 accept=0.9769 swapped=True
i=8 pair=(6,0) lam_t=1.01571 lam_s=1.02000 tsr_diff=0.002281 integral_mean=-0.000017 integral_std=0.002252 log_ratio=-0.0413 accept=0.9596 swapped=True
i=9 pair=(1,5) lam_t=0.99429 lam_s=0.99857 tsr_diff=0.002773 integral_mean=0.000021 integral_std=0.002519 log_ratio=0.0000 accept=1.0000 swapped=True
i=9 pair=(4,2) lam_t=1.00286 lam_s=1.00714 tsr_diff=0.002742 integral_mean=0.000158 integral_std=0.003389 log_ratio=0.0000 accept=1.0000 swapped=True
i=9 pair=(3,0) lam_t=1.01143 lam_s=1.01571 tsr_diff=0.002712 integral_mean=0.000027 integral_std=0.002636 log_ratio=0.0000 accept=1.0000 swapped=True
i=10 pair=(7,5) lam_t=0.99000 lam_s=0.99429 tsr_diff=0.003206 integral_mean=0.000017 integral_std=0.002828 log_ratio=0.0000 accept=1.0000 swapped=True
i=10 pair=(1,2) lam_t=0.99857 lam_s=1.00286 tsr_diff=0.003165 integral_mean=0.000040 integral_std=0.002879 log_ratio=0.0000 accept=1.0000 swapped=True
i=10 pair=(4,0) lam_t=1.00714 lam_s=1.01143 tsr_diff=0.003125 integral_mean=0.000429 integral_std=0.004225 log_ratio=0.0000 accept=1.0000 swapped=True
i=10 pair=(3,6) lam_t=1.01571 lam_s=1.02000 tsr_diff=0.003086 integral_mean=0.000088 integral_std=0.003347 log_ratio=0.0000 accept=1.0000 swapped=True
i=11 pair=(7,2) lam_t=0.99429 lam_s=0.99857 tsr_diff=0.003554 integral_mean=-0.000139 integral_std=0.002844 log_ratio=-0.3345 accept=0.7157 swapped=False
i=11 pair=(1,0) lam_t=1.00286 lam_s=1.00714 tsr_diff=0.003505 integral_mean=-0.000018 integral_std=0.003182 log_ratio=-0.0435 accept=0.9575 swapped=True
i=11 pair=(4,6) lam_t=1.01143 lam_s=1.01571 tsr_diff=0.003456 integral_mean=0.000349 integral_std=0.006341 log_ratio=0.0000 accept=1.0000 swapped=True
i=12 pair=(5,7) lam_t=0.99000 lam_s=0.99429 tsr_diff=0.003894 integral_mean=0.000112 integral_std=0.003170 log_ratio=0.0000 accept=1.0000 swapped=True
i=12 pair=(2,0) lam_t=0.99857 lam_s=1.00286 tsr_diff=0.003834 integral_mean=-0.000272 integral_std=0.003530 log_ratio=-0.6529 accept=0.5205 swapped=True
i=12 pair=(1,6) lam_t=1.00714 lam_s=1.01143 tsr_diff=0.003776 integral_mean=-0.000116 integral_std=0.005558 log_ratio=-0.2786 accept=0.7568 swapped=True
i=12 pair=(4,3) lam_t=1.01571 lam_s=1.02000 tsr_diff=0.003719 integral_mean=0.000671 integral_std=0.007539 log_ratio=0.0000 accept=1.0000 swapped=True
i=13 pair=(5,0) lam_t=0.99429 lam_s=0.99857 tsr_diff=0.004100 integral_mean=-0.000310 integral_std=0.003539 log_ratio=-0.7431 accept=0.4756 swapped=False
i=13 pair=(2,6) lam_t=1.00286 lam_s=1.00714 tsr_diff=0.004034 integral_mean=-0.000139 integral_std=0.007813 log_ratio=-0.3342 accept=0.7159 swapped=True
i=13 pair=(1,3) lam_t=1.01143 lam_s=1.01571 tsr_diff=0.003969 integral_mean=0.000081 integral_std=0.003148 log_ratio=0.0000 accept=1.0000 swapped=True
Best Sample: 5 log probability -0.125
Saved 1 samples to: logs/pointmaze-giant-navigate-v0/inference/plans/release_H400_T256_LimitsNormalizer_b1_condFalse/2026-07-15 12:07:56/30/0.png
Saved 1 samples to: logs/pointmaze-giant-navigate-v0/inference/plans/release_H400_T256_LimitsNormalizer_b1_condFalse/2026-07-15 12:07:56/30/rollout.png
i=0 pair=(0,1) lam_t=0.99000 lam_s=0.99429 tsr_diff=0.000000 integral_mean=0.000000 integral_std=0.000000 log_ratio=0.0000 accept=1.0000 swapped=True
i=0 pair=(2,3) lam_t=0.99857 lam_s=1.00286 tsr_diff=0.000000 integral_mean=0.000000 integral_std=0.000000 log_ratio=0.0000 accept=1.0000 swapped=True
i=0 pair=(4,5) lam_t=1.00714 lam_s=1.01143 tsr_diff=0.000000 integral_mean=0.000000 integral_std=0.000000 log_ratio=0.0000 accept=1.0000 swapped=True
i=0 pair=(6,7) lam_t=1.01571 lam_s=1.02000 tsr_diff=0.000000 integral_mean=0.000000 integral_std=0.000000 log_ratio=0.0000 accept=1.0000 swapped=True
i=1 pair=(0,3) lam_t=0.99429 lam_s=0.99857 tsr_diff=0.000046 integral_mean=-0.000001 integral_std=0.000047 log_ratio=-0.0020 accept=0.9980 swapped=True
i=1 pair=(2,5) lam_t=1.00286 lam_s=1.00714 tsr_diff=0.000046 integral_mean=-0.000001 integral_std=0.000045 log_ratio=-0.0017 accept=0.9983 swapped=True
i=1 pair=(4,7) lam_t=1.01143 lam_s=1.01571 tsr_diff=0.000046 integral_mean=-0.000001 integral_std=0.000045 log_ratio=-0.0032 accept=0.9968 swapped=True
i=2 pair=(1,3) lam_t=0.99000 lam_s=0.99429 tsr_diff=0.000181 integral_mean=0.000002 integral_std=0.000205 log_ratio=0.0000 accept=1.0000 swapped=True
i=2 pair=(0,5) lam_t=0.99857 lam_s=1.00286 tsr_diff=0.000181 integral_mean=-0.000003 integral_std=0.000182 log_ratio=-0.0063 accept=0.9937 swapped=True
i=2 pair=(2,7) lam_t=1.00714 lam_s=1.01143 tsr_diff=0.000181 integral_mean=0.000004 integral_std=0.000183 log_ratio=0.0000 accept=1.0000 swapped=True
i=2 pair=(4,6) lam_t=1.01571 lam_s=1.02000 tsr_diff=0.000181 integral_mean=0.000004 integral_std=0.000175 log_ratio=0.0000 accept=1.0000 swapped=True
i=3 pair=(1,5) lam_t=0.99429 lam_s=0.99857 tsr_diff=0.000400 integral_mean=0.000019 integral_std=0.000434 log_ratio=0.0000 accept=1.0000 swapped=True
i=3 pair=(0,7) lam_t=1.00286 lam_s=1.00714 tsr_diff=0.000400 integral_mean=-0.000009 integral_std=0.000399 log_ratio=-0.0205 accept=0.9797 swapped=False
i=3 pair=(2,6) lam_t=1.01143 lam_s=1.01571 tsr_diff=0.000399 integral_mean=-0.000002 integral_std=0.000403 log_ratio=-0.0049 accept=0.9951 swapped=True
i=4 pair=(3,5) lam_t=0.99000 lam_s=0.99429 tsr_diff=0.000695 integral_mean=-0.000019 integral_std=0.000644 log_ratio=-0.0446 accept=0.9564 swapped=True
i=4 pair=(1,0) lam_t=0.99857 lam_s=1.00286 tsr_diff=0.000693 integral_mean=0.000039 integral_std=0.000708 log_ratio=0.0000 accept=1.0000 swapped=True
i=4 pair=(7,6) lam_t=1.00714 lam_s=1.01143 tsr_diff=0.000691 integral_mean=-0.000001 integral_std=0.000662 log_ratio=-0.0028 accept=0.9972 swapped=True
i=4 pair=(2,4) lam_t=1.01571 lam_s=1.02000 tsr_diff=0.000689 integral_mean=0.000016 integral_std=0.000675 log_ratio=0.0000 accept=1.0000 swapped=True
i=5 pair=(3,0) lam_t=0.99429 lam_s=0.99857 tsr_diff=0.001051 integral_mean=0.000021 integral_std=0.001022 log_ratio=0.0000 accept=1.0000 swapped=True
i=5 pair=(1,6) lam_t=1.00286 lam_s=1.00714 tsr_diff=0.001046 integral_mean=0.000002 integral_std=0.001014 log_ratio=0.0000 accept=1.0000 swapped=True
i=5 pair=(7,4) lam_t=1.01143 lam_s=1.01571 tsr_diff=0.001042 integral_mean=-0.000007 integral_std=0.001026 log_ratio=-0.0169 accept=0.9832 swapped=True
i=6 pair=(5,0) lam_t=0.99000 lam_s=0.99429 tsr_diff=0.001459 integral_mean=-0.000048 integral_std=0.001416 log_ratio=-0.1153 accept=0.8911 swapped=True
i=6 pair=(3,6) lam_t=0.99857 lam_s=1.00286 tsr_diff=0.001450 integral_mean=0.000020 integral_std=0.001390 log_ratio=0.0000 accept=1.0000 swapped=True
i=6 pair=(1,4) lam_t=1.00714 lam_s=1.01143 tsr_diff=0.001442 integral_mean=0.000119 integral_std=0.001497 log_ratio=0.0000 accept=1.0000 swapped=True
i=6 pair=(7,2) lam_t=1.01571 lam_s=1.02000 tsr_diff=0.001433 integral_mean=0.000039 integral_std=0.001519 log_ratio=0.0000 accept=1.0000 swapped=True
i=7 pair=(5,6) lam_t=0.99429 lam_s=0.99857 tsr_diff=0.001888 integral_mean=0.000036 integral_std=0.001870 log_ratio=0.0000 accept=1.0000 swapped=True
i=7 pair=(3,4) lam_t=1.00286 lam_s=1.00714 tsr_diff=0.001874 integral_mean=0.000052 integral_std=0.001970 log_ratio=0.0000 accept=1.0000 swapped=True
i=7 pair=(1,2) lam_t=1.01143 lam_s=1.01571 tsr_diff=0.001860 integral_mean=0.000179 integral_std=0.001991 log_ratio=0.0000 accept=1.0000 swapped=True
i=8 pair=(0,6) lam_t=0.99000 lam_s=0.99429 tsr_diff=0.002345 integral_mean=-0.000023 integral_std=0.002316 log_ratio=-0.0541 accept=0.9473 swapped=False
i=8 pair=(5,4) lam_t=0.99857 lam_s=1.00286 tsr_diff=0.002323 integral_mean=0.000036 integral_std=0.001968 log_ratio=0.0000 accept=1.0000 swapped=True
i=8 pair=(3,2) lam_t=1.00714 lam_s=1.01143 tsr_diff=0.002302 integral_mean=0.000000 integral_std=0.002332 log_ratio=0.0000 accept=1.0000 swapped=True
i=8 pair=(1,7) lam_t=1.01571 lam_s=1.02000 tsr_diff=0.002281 integral_mean=0.000191 integral_std=0.002511 log_ratio=0.0000 accept=1.0000 swapped=True
i=9 pair=(6,4) lam_t=0.99429 lam_s=0.99857 tsr_diff=0.002773 integral_mean=0.000083 integral_std=0.003543 log_ratio=0.0000 accept=1.0000 swapped=True
i=9 pair=(5,2) lam_t=1.00286 lam_s=1.00714 tsr_diff=0.002742 integral_mean=-0.000042 integral_std=0.002741 log_ratio=-0.1006 accept=0.9043 swapped=True
i=9 pair=(3,7) lam_t=1.01143 lam_s=1.01571 tsr_diff=0.002712 integral_mean=0.000095 integral_std=0.002506 log_ratio=0.0000 accept=1.0000 swapped=True
i=10 pair=(0,4) lam_t=0.99000 lam_s=0.99429 tsr_diff=0.003206 integral_mean=0.000045 integral_std=0.003502 log_ratio=0.0000 accept=1.0000 swapped=True
i=10 pair=(6,2) lam_t=0.99857 lam_s=1.00286 tsr_diff=0.003165 integral_mean=0.000110 integral_std=0.004520 log_ratio=0.0000 accept=1.0000 swapped=True
i=10 pair=(5,7) lam_t=1.00714 lam_s=1.01143 tsr_diff=0.003125 integral_mean=-0.000147 integral_std=0.003521 log_ratio=-0.3532 accept=0.7025 swapped=False
i=10 pair=(3,1) lam_t=1.01571 lam_s=1.02000 tsr_diff=0.003086 integral_mean=-0.000176 integral_std=0.003648 log_ratio=-0.4213 accept=0.6562 swapped=False
i=11 pair=(0,2) lam_t=0.99429 lam_s=0.99857 tsr_diff=0.003554 integral_mean=-0.000193 integral_std=0.005028 log_ratio=-0.4621 accept=0.6300 swapped=False
i=11 pair=(6,5) lam_t=1.00286 lam_s=1.00714 tsr_diff=0.003505 integral_mean=0.000163 integral_std=0.004859 log_ratio=0.0000 accept=1.0000 swapped=True
i=11 pair=(7,3) lam_t=1.01143 lam_s=1.01571 tsr_diff=0.003456 integral_mean=0.000125 integral_std=0.003051 log_ratio=0.0000 accept=1.0000 swapped=True
i=12 pair=(4,0) lam_t=0.99000 lam_s=0.99429 tsr_diff=0.003894 integral_mean=0.000128 integral_std=0.005157 log_ratio=0.0000 accept=1.0000 swapped=True
i=12 pair=(2,5) lam_t=0.99857 lam_s=1.00286 tsr_diff=0.003834 integral_mean=0.000072 integral_std=0.004303 log_ratio=0.0000 accept=1.0000 swapped=True
i=12 pair=(6,3) lam_t=1.00714 lam_s=1.01143 tsr_diff=0.003776 integral_mean=0.000185 integral_std=0.004418 log_ratio=0.0000 accept=1.0000 swapped=True
i=12 pair=(7,1) lam_t=1.01571 lam_s=1.02000 tsr_diff=0.003719 integral_mean=-0.000472 integral_std=0.006351 log_ratio=-1.1338 accept=0.3218 swapped=False
i=13 pair=(4,5) lam_t=0.99429 lam_s=0.99857 tsr_diff=0.004100 integral_mean=-0.000041 integral_std=0.002932 log_ratio=-0.0987 accept=0.9060 swapped=True
i=13 pair=(2,3) lam_t=1.00286 lam_s=1.00714 tsr_diff=0.004034 integral_mean=0.000345 integral_std=0.007722 log_ratio=0.0000 accept=1.0000 swapped=True
i=13 pair=(6,7) lam_t=1.01143 lam_s=1.01571 tsr_diff=0.003969 integral_mean=0.000144 integral_std=0.004636 log_ratio=0.0000 accept=1.0000 swapped=True
Best Sample: 5 log probability -0.074
Saved 1 samples to: logs/pointmaze-giant-navigate-v0/inference/plans/release_H400_T256_LimitsNormalizer_b1_condFalse/2026-07-15 12:07:56/31/0.png
Saved 1 samples to: logs/pointmaze-giant-navigate-v0/inference/plans/release_H400_T256_LimitsNormalizer_b1_condFalse/2026-07-15 12:07:56/31/rollout.png
i=0 pair=(0,1) lam_t=0.99000 lam_s=0.99429 tsr_diff=0.000000 integral_mean=0.000000 integral_std=0.000000 log_ratio=0.0000 accept=1.0000 swapped=True
i=0 pair=(2,3) lam_t=0.99857 lam_s=1.00286 tsr_diff=0.000000 integral_mean=0.000000 integral_std=0.000000 log_ratio=0.0000 accept=1.0000 swapped=True
i=0 pair=(4,5) lam_t=1.00714 lam_s=1.01143 tsr_diff=0.000000 integral_mean=0.000000 integral_std=0.000000 log_ratio=0.0000 accept=1.0000 swapped=True
i=0 pair=(6,7) lam_t=1.01571 lam_s=1.02000 tsr_diff=0.000000 integral_mean=0.000000 integral_std=0.000000 log_ratio=0.0000 accept=1.0000 swapped=True
i=1 pair=(0,3) lam_t=0.99429 lam_s=0.99857 tsr_diff=0.000046 integral_mean=0.000001 integral_std=0.000047 log_ratio=0.0000 accept=1.0000 swapped=True
i=1 pair=(2,5) lam_t=1.00286 lam_s=1.00714 tsr_diff=0.000046 integral_mean=-0.000001 integral_std=0.000044 log_ratio=-0.0015 accept=0.9985 swapped=True
i=1 pair=(4,7) lam_t=1.01143 lam_s=1.01571 tsr_diff=0.000046 integral_mean=0.000000 integral_std=0.000050 log_ratio=0.0000 accept=1.0000 swapped=True
i=2 pair=(1,3) lam_t=0.99000 lam_s=0.99429 tsr_diff=0.000181 integral_mean=-0.000003 integral_std=0.000184 log_ratio=-0.0063 accept=0.9937 swapped=True
i=2 pair=(0,5) lam_t=0.99857 lam_s=1.00286 tsr_diff=0.000181 integral_mean=0.000007 integral_std=0.000185 log_ratio=0.0000 accept=1.0000 swapped=True
i=2 pair=(2,7) lam_t=1.00714 lam_s=1.01143 tsr_diff=0.000181 integral_mean=-0.000001 integral_std=0.000179 log_ratio=-0.0022 accept=0.9978 swapped=True
i=2 pair=(4,6) lam_t=1.01571 lam_s=1.02000 tsr_diff=0.000181 integral_mean=-0.000001 integral_std=0.000189 log_ratio=-0.0026 accept=0.9974 swapped=True
i=3 pair=(1,5) lam_t=0.99429 lam_s=0.99857 tsr_diff=0.000400 integral_mean=-0.000009 integral_std=0.000419 log_ratio=-0.0214 accept=0.9788 swapped=True
i=3 pair=(0,7) lam_t=1.00286 lam_s=1.00714 tsr_diff=0.000400 integral_mean=-0.000022 integral_std=0.000398 log_ratio=-0.0540 accept=0.9475 swapped=True
i=3 pair=(2,6) lam_t=1.01143 lam_s=1.01571 tsr_diff=0.000399 integral_mean=-0.000036 integral_std=0.000454 log_ratio=-0.0874 accept=0.9163 swapped=False
i=4 pair=(3,5) lam_t=0.99000 lam_s=0.99429 tsr_diff=0.000695 integral_mean=0.000000 integral_std=0.000724 log_ratio=0.0000 accept=1.0000 swapped=True
i=4 pair=(1,7) lam_t=0.99857 lam_s=1.00286 tsr_diff=0.000693 integral_mean=0.000009 integral_std=0.000669 log_ratio=0.0000 accept=1.0000 swapped=True
i=4 pair=(0,2) lam_t=1.00714 lam_s=1.01143 tsr_diff=0.000691 integral_mean=0.000003 integral_std=0.000697 log_ratio=0.0000 accept=1.0000 swapped=True
i=4 pair=(6,4) lam_t=1.01571 lam_s=1.02000 tsr_diff=0.000689 integral_mean=0.000014 integral_std=0.000737 log_ratio=0.0000 accept=1.0000 swapped=True
i=5 pair=(3,7) lam_t=0.99429 lam_s=0.99857 tsr_diff=0.001051 integral_mean=-0.000014 integral_std=0.001044 log_ratio=-0.0346 accept=0.9659 swapped=True
i=5 pair=(1,2) lam_t=1.00286 lam_s=1.00714 tsr_diff=0.001046 integral_mean=-0.000001 integral_std=0.000990 log_ratio=-0.0033 accept=0.9967 swapped=True
i=5 pair=(0,4) lam_t=1.01143 lam_s=1.01571 tsr_diff=0.001042 integral_mean=0.000013 integral_std=0.001087 log_ratio=0.0000 accept=1.0000 swapped=True
i=6 pair=(5,7) lam_t=0.99000 lam_s=0.99429 tsr_diff=0.001459 integral_mean=-0.000099 integral_std=0.001808 log_ratio=-0.2388 accept=0.7876 swapped=True
i=6 pair=(3,2) lam_t=0.99857 lam_s=1.00286 tsr_diff=0.001450 integral_mean=0.000049 integral_std=0.001318 log_ratio=0.0000 accept=1.0000 swapped=True
i=6 pair=(1,4) lam_t=1.00714 lam_s=1.01143 tsr_diff=0.001442 integral_mean=-0.000057 integral_std=0.001406 log_ratio=-0.1376 accept=0.8715 swapped=False
i=6 pair=(0,6) lam_t=1.01571 lam_s=1.02000 tsr_diff=0.001433 integral_mean=-0.000036 integral_std=0.001445 log_ratio=-0.0862 accept=0.9174 swapped=True
i=7 pair=(5,2) lam_t=0.99429 lam_s=0.99857 tsr_diff=0.001888 integral_mean=0.000222 integral_std=0.002135 log_ratio=0.0000 accept=1.0000 swapped=True
i=7 pair=(3,1) lam_t=1.00286 lam_s=1.00714 tsr_diff=0.001874 integral_mean=-0.000069 integral_std=0.001740 log_ratio=-0.1668 accept=0.8464 swapped=True
i=7 pair=(4,6) lam_t=1.01143 lam_s=1.01571 tsr_diff=0.001860 integral_mean=-0.000025 integral_std=0.001988 log_ratio=-0.0605 accept=0.9413 swapped=True
i=8 pair=(7,2) lam_t=0.99000 lam_s=0.99429 tsr_diff=0.002345 integral_mean=0.000008 integral_std=0.002375 log_ratio=0.0000 accept=1.0000 swapped=True
i=8 pair=(5,1) lam_t=0.99857 lam_s=1.00286 tsr_diff=0.002323 integral_mean=0.000095 integral_std=0.002406 log_ratio=0.0000 accept=1.0000 swapped=True
i=8 pair=(3,6) lam_t=1.00714 lam_s=1.01143 tsr_diff=0.002302 integral_mean=-0.000023 integral_std=0.002370 log_ratio=-0.0547 accept=0.9468 swapped=True
i=8 pair=(4,0) lam_t=1.01571 lam_s=1.02000 tsr_diff=0.002281 integral_mean=0.000050 integral_std=0.002645 log_ratio=0.0000 accept=1.0000 swapped=True
i=9 pair=(7,1) lam_t=0.99429 lam_s=0.99857 tsr_diff=0.002773 integral_mean=0.000042 integral_std=0.002802 log_ratio=0.0000 accept=1.0000 swapped=True
i=9 pair=(5,6) lam_t=1.00286 lam_s=1.00714 tsr_diff=0.002742 integral_mean=0.000170 integral_std=0.002956 log_ratio=0.0000 accept=1.0000 swapped=True
i=9 pair=(3,0) lam_t=1.01143 lam_s=1.01571 tsr_diff=0.002712 integral_mean=-0.000270 integral_std=0.003414 log_ratio=-0.6485 accept=0.5228 swapped=False
i=10 pair=(2,1) lam_t=0.99000 lam_s=0.99429 tsr_diff=0.003206 integral_mean=-0.000107 integral_std=0.002797 log_ratio=-0.2567 accept=0.7736 swapped=True
i=10 pair=(7,6) lam_t=0.99857 lam_s=1.00286 tsr_diff=0.003165 integral_mean=-0.002535 integral_std=0.009765 log_ratio=-6.0831 accept=0.0023 swapped=False
i=10 pair=(5,3) lam_t=1.00714 lam_s=1.01143 tsr_diff=0.003125 integral_mean=0.000032 integral_std=0.003380 log_ratio=0.0000 accept=1.0000 swapped=True
i=10 pair=(0,4) lam_t=1.01571 lam_s=1.02000 tsr_diff=0.003086 integral_mean=0.000044 integral_std=0.004589 log_ratio=0.0000 accept=1.0000 swapped=True
i=11 pair=(2,7) lam_t=0.99429 lam_s=0.99857 tsr_diff=0.003554 integral_mean=0.000127 integral_std=0.004123 log_ratio=0.0000 accept=1.0000 swapped=True
i=11 pair=(6,3) lam_t=1.00286 lam_s=1.00714 tsr_diff=0.003505 integral_mean=0.001414 integral_std=0.006662 log_ratio=0.0000 accept=1.0000 swapped=True
i=11 pair=(5,4) lam_t=1.01143 lam_s=1.01571 tsr_diff=0.003456 integral_mean=-0.000324 integral_std=0.004416 log_ratio=-0.7764 accept=0.4601 swapped=True
i=12 pair=(1,7) lam_t=0.99000 lam_s=0.99429 tsr_diff=0.003894 integral_mean=0.000008 integral_std=0.005709 log_ratio=0.0000 accept=1.0000 swapped=True
i=12 pair=(2,3) lam_t=0.99857 lam_s=1.00286 tsr_diff=0.003834 integral_mean=0.000041 integral_std=0.002817 log_ratio=0.0000 accept=1.0000 swapped=True
i=12 pair=(6,4) lam_t=1.00714 lam_s=1.01143 tsr_diff=0.003776 integral_mean=0.001042 integral_std=0.008094 log_ratio=0.0000 accept=1.0000 swapped=True
i=12 pair=(5,0) lam_t=1.01571 lam_s=1.02000 tsr_diff=0.003719 integral_mean=-0.000172 integral_std=0.006355 log_ratio=-0.4122 accept=0.6622 swapped=True
i=13 pair=(1,3) lam_t=0.99429 lam_s=0.99857 tsr_diff=0.004100 integral_mean=0.000026 integral_std=0.003183 log_ratio=0.0000 accept=1.0000 swapped=True
i=13 pair=(2,4) lam_t=1.00286 lam_s=1.00714 tsr_diff=0.004034 integral_mean=-0.000839 integral_std=0.009637 log_ratio=-2.0148 accept=0.1333 swapped=False
i=13 pair=(6,0) lam_t=1.01143 lam_s=1.01571 tsr_diff=0.003969 integral_mean=0.000547 integral_std=0.011495 log_ratio=0.0000 accept=1.0000 swapped=True
Best Sample: 2 log probability -0.026
Saved 1 samples to: logs/pointmaze-giant-navigate-v0/inference/plans/release_H400_T256_LimitsNormalizer_b1_condFalse/2026-07-15 12:07:56/32/0.png
Saved 1 samples to: logs/pointmaze-giant-navigate-v0/inference/plans/release_H400_T256_LimitsNormalizer_b1_condFalse/2026-07-15 12:07:56/32/rollout.png
i=0 pair=(0,1) lam_t=0.99000 lam_s=0.99429 tsr_diff=0.000000 integral_mean=0.000000 integral_std=0.000000 log_ratio=0.0000 accept=1.0000 swapped=True
i=0 pair=(2,3) lam_t=0.99857 lam_s=1.00286 tsr_diff=0.000000 integral_mean=0.000000 integral_std=0.000000 log_ratio=0.0000 accept=1.0000 swapped=True
i=0 pair=(4,5) lam_t=1.00714 lam_s=1.01143 tsr_diff=0.000000 integral_mean=0.000000 integral_std=0.000000 log_ratio=0.0000 accept=1.0000 swapped=True
i=0 pair=(6,7) lam_t=1.01571 lam_s=1.02000 tsr_diff=0.000000 integral_mean=0.000000 integral_std=0.000000 log_ratio=0.0000 accept=1.0000 swapped=True
i=1 pair=(0,3) lam_t=0.99429 lam_s=0.99857 tsr_diff=0.000046 integral_mean=0.000001 integral_std=0.000056 log_ratio=0.0000 accept=1.0000 swapped=True
i=1 pair=(2,5) lam_t=1.00286 lam_s=1.00714 tsr_diff=0.000046 integral_mean=0.000000 integral_std=0.000045 log_ratio=0.0000 accept=1.0000 swapped=True
i=1 pair=(4,7) lam_t=1.01143 lam_s=1.01571 tsr_diff=0.000046 integral_mean=-0.000000 integral_std=0.000048 log_ratio=-0.0007 accept=0.9993 swapped=True
i=2 pair=(1,3) lam_t=0.99000 lam_s=0.99429 tsr_diff=0.000181 integral_mean=0.000004 integral_std=0.000191 log_ratio=0.0000 accept=1.0000 swapped=True
i=2 pair=(0,5) lam_t=0.99857 lam_s=1.00286 tsr_diff=0.000181 integral_mean=0.000018 integral_std=0.000208 log_ratio=0.0000 accept=1.0000 swapped=True
i=2 pair=(2,7) lam_t=1.00714 lam_s=1.01143 tsr_diff=0.000181 integral_mean=-0.000006 integral_std=0.000207 log_ratio=-0.0153 accept=0.9849 swapped=True
i=2 pair=(4,6) lam_t=1.01571 lam_s=1.02000 tsr_diff=0.000181 integral_mean=-0.000001 integral_std=0.000178 log_ratio=-0.0028 accept=0.9972 swapped=True
i=3 pair=(1,5) lam_t=0.99429 lam_s=0.99857 tsr_diff=0.000400 integral_mean=0.000016 integral_std=0.000421 log_ratio=0.0000 accept=1.0000 swapped=True
i=3 pair=(0,7) lam_t=1.00286 lam_s=1.00714 tsr_diff=0.000400 integral_mean=-0.000012 integral_std=0.000472 log_ratio=-0.0278 accept=0.9725 swapped=True
i=3 pair=(2,6) lam_t=1.01143 lam_s=1.01571 tsr_diff=0.000399 integral_mean=0.000033 integral_std=0.000462 log_ratio=0.0000 accept=1.0000 swapped=True
i=4 pair=(3,5) lam_t=0.99000 lam_s=0.99429 tsr_diff=0.000695 integral_mean=0.000020 integral_std=0.000675 log_ratio=0.0000 accept=1.0000 swapped=True
i=4 pair=(1,7) lam_t=0.99857 lam_s=1.00286 tsr_diff=0.000693 integral_mean=-0.000049 integral_std=0.000787 log_ratio=-0.1188 accept=0.8880 swapped=True
i=4 pair=(0,6) lam_t=1.00714 lam_s=1.01143 tsr_diff=0.000691 integral_mean=-0.000004 integral_std=0.000747 log_ratio=-0.0092 accept=0.9908 swapped=True
i=4 pair=(2,4) lam_t=1.01571 lam_s=1.02000 tsr_diff=0.000689 integral_mean=0.000057 integral_std=0.000721 log_ratio=0.0000 accept=1.0000 swapped=True
i=5 pair=(3,7) lam_t=0.99429 lam_s=0.99857 tsr_diff=0.001051 integral_mean=-0.000018 integral_std=0.001149 log_ratio=-0.0429 accept=0.9580 swapped=True
i=5 pair=(1,6) lam_t=1.00286 lam_s=1.00714 tsr_diff=0.001046 integral_mean=-0.000060 integral_std=0.001225 log_ratio=-0.1442 accept=0.8657 swapped=True
i=5 pair=(0,4) lam_t=1.01143 lam_s=1.01571 tsr_diff=0.001042 integral_mean=-0.000000 integral_std=0.001017 log_ratio=-0.0002 accept=0.9998 swapped=True
i=6 pair=(5,7) lam_t=0.99000 lam_s=0.99429 tsr_diff=0.001459 integral_mean=-0.000038 integral_std=0.001499 log_ratio=-0.0902 accept=0.9137 swapped=True
i=6 pair=(3,6) lam_t=0.99857 lam_s=1.00286 tsr_diff=0.001450 integral_mean=-0.000063 integral_std=0.001479 log_ratio=-0.1520 accept=0.8590 swapped=True
i=6 pair=(1,4) lam_t=1.00714 lam_s=1.01143 tsr_diff=0.001442 integral_mean=0.000039 integral_std=0.001436 log_ratio=0.0000 accept=1.0000 swapped=True
i=6 pair=(0,2) lam_t=1.01571 lam_s=1.02000 tsr_diff=0.001433 integral_mean=-0.000025 integral_std=0.001387 log_ratio=-0.0605 accept=0.9413 swapped=True
i=7 pair=(5,6) lam_t=0.99429 lam_s=0.99857 tsr_diff=0.001888 integral_mean=-0.000159 integral_std=0.001901 log_ratio=-0.3820 accept=0.6825 swapped=True
i=7 pair=(3,4) lam_t=1.00286 lam_s=1.00714 tsr_diff=0.001874 integral_mean=-0.000098 integral_std=0.001923 log_ratio=-0.2361 accept=0.7897 swapped=True
i=7 pair=(1,2) lam_t=1.01143 lam_s=1.01571 tsr_diff=0.001860 integral_mean=0.000036 integral_std=0.001841 log_ratio=0.0000 accept=1.0000 swapped=True
i=8 pair=(7,6) lam_t=0.99000 lam_s=0.99429 tsr_diff=0.002345 integral_mean=-0.000126 integral_std=0.002511 log_ratio=-0.3022 accept=0.7392 swapped=False
i=8 pair=(5,4) lam_t=0.99857 lam_s=1.00286 tsr_diff=0.002323 integral_mean=-0.000089 integral_std=0.002125 log_ratio=-0.2138 accept=0.8075 swapped=True
i=8 pair=(3,2) lam_t=1.00714 lam_s=1.01143 tsr_diff=0.002302 integral_mean=-0.000123 integral_std=0.002467 log_ratio=-0.2942 accept=0.7451 swapped=False
i=8 pair=(1,0) lam_t=1.01571 lam_s=1.02000 tsr_diff=0.002281 integral_mean=-0.000057 integral_std=0.002164 log_ratio=-0.1361 accept=0.8727 swapped=True
i=9 pair=(6,4) lam_t=0.99429 lam_s=0.99857 tsr_diff=0.002773 integral_mean=0.000078 integral_std=0.003490 log_ratio=0.0000 accept=1.0000 swapped=True
i=9 pair=(5,3) lam_t=1.00286 lam_s=1.00714 tsr_diff=0.002742 integral_mean=-0.000060 integral_std=0.002650 log_ratio=-0.1443 accept=0.8656 swapped=False
i=9 pair=(2,0) lam_t=1.01143 lam_s=1.01571 tsr_diff=0.002712 integral_mean=0.000145 integral_std=0.003393 log_ratio=0.0000 accept=1.0000 swapped=True
i=10 pair=(7,4) lam_t=0.99000 lam_s=0.99429 tsr_diff=0.003206 integral_mean=-0.000153 integral_std=0.003869 log_ratio=-0.3662 accept=0.6933 swapped=False
i=10 pair=(6,5) lam_t=0.99857 lam_s=1.00286 tsr_diff=0.003165 integral_mean=0.000137 integral_std=0.003817 log_ratio=0.0000 accept=1.0000 swapped=True
i=10 pair=(3,0) lam_t=1.00714 lam_s=1.01143 tsr_diff=0.003125 integral_mean=-0.000105 integral_std=0.003411 log_ratio=-0.2517 accept=0.7775 swapped=False
i=10 pair=(2,1) lam_t=1.01571 lam_s=1.02000 tsr_diff=0.003086 integral_mean=-0.000284 integral_std=0.003774 log_ratio=-0.6817 accept=0.5058 swapped=True
i=11 pair=(4,5) lam_t=0.99429 lam_s=0.99857 tsr_diff=0.003554 integral_mean=-0.000009 integral_std=0.003269 log_ratio=-0.0212 accept=0.9790 swapped=True
i=11 pair=(6,3) lam_t=1.00286 lam_s=1.00714 tsr_diff=0.003505 integral_mean=0.000010 integral_std=0.005002 log_ratio=0.0000 accept=1.0000 swapped=True
i=11 pair=(0,1) lam_t=1.01143 lam_s=1.01571 tsr_diff=0.003456 integral_mean=-0.000125 integral_std=0.004640 log_ratio=-0.2994 accept=0.7412 swapped=True
i=12 pair=(7,5) lam_t=0.99000 lam_s=0.99429 tsr_diff=0.003894 integral_mean=-0.000158 integral_std=0.005340 log_ratio=-0.3797 accept=0.6841 swapped=True
i=12 pair=(4,3) lam_t=0.99857 lam_s=1.00286 tsr_diff=0.003834 integral_mean=0.000079 integral_std=0.004974 log_ratio=0.0000 accept=1.0000 swapped=True
i=12 pair=(6,1) lam_t=1.00714 lam_s=1.01143 tsr_diff=0.003776 integral_mean=-0.000444 integral_std=0.006927 log_ratio=-1.0652 accept=0.3447 swapped=False
i=12 pair=(0,2) lam_t=1.01571 lam_s=1.02000 tsr_diff=0.003719 integral_mean=0.000422 integral_std=0.006188 log_ratio=0.0000 accept=1.0000 swapped=True
i=13 pair=(7,3) lam_t=0.99429 lam_s=0.99857 tsr_diff=0.004100 integral_mean=-0.000517 integral_std=0.007016 log_ratio=-1.2403 accept=0.2893 swapped=False
i=13 pair=(4,6) lam_t=1.00286 lam_s=1.00714 tsr_diff=0.004034 integral_mean=-0.000317 integral_std=0.009130 log_ratio=-0.7600 accept=0.4677 swapped=True
i=13 pair=(1,2) lam_t=1.01143 lam_s=1.01571 tsr_diff=0.003969 integral_mean=0.000818 integral_std=0.008912 log_ratio=0.0000 accept=1.0000 swapped=True
Best Sample: 2 log probability -12.506
Saved 1 samples to: logs/pointmaze-giant-navigate-v0/inference/plans/release_H400_T256_LimitsNormalizer_b1_condFalse/2026-07-15 12:07:56/33/0.png
Saved 1 samples to: logs/pointmaze-giant-navigate-v0/inference/plans/release_H400_T256_LimitsNormalizer_b1_condFalse/2026-07-15 12:07:56/33/rollout.png
i=0 pair=(0,1) lam_t=0.99000 lam_s=0.99429 tsr_diff=0.000000 integral_mean=0.000000 integral_std=0.000000 log_ratio=0.0000 accept=1.0000 swapped=True
i=0 pair=(2,3) lam_t=0.99857 lam_s=1.00286 tsr_diff=0.000000 integral_mean=0.000000 integral_std=0.000000 log_ratio=0.0000 accept=1.0000 swapped=True
i=0 pair=(4,5) lam_t=1.00714 lam_s=1.01143 tsr_diff=0.000000 integral_mean=0.000000 integral_std=0.000000 log_ratio=0.0000 accept=1.0000 swapped=True
i=0 pair=(6,7) lam_t=1.01571 lam_s=1.02000 tsr_diff=0.000000 integral_mean=0.000000 integral_std=0.000000 log_ratio=0.0000 accept=1.0000 swapped=True
i=1 pair=(0,3) lam_t=0.99429 lam_s=0.99857 tsr_diff=0.000046 integral_mean=-0.000000 integral_std=0.000047 log_ratio=-0.0012 accept=0.9988 swapped=True
i=1 pair=(2,5) lam_t=1.00286 lam_s=1.00714 tsr_diff=0.000046 integral_mean=-0.000001 integral_std=0.000044 log_ratio=-0.0016 accept=0.9984 swapped=True
i=1 pair=(4,7) lam_t=1.01143 lam_s=1.01571 tsr_diff=0.000046 integral_mean=-0.000000 integral_std=0.000051 log_ratio=-0.0006 accept=0.9994 swapped=True
i=2 pair=(1,3) lam_t=0.99000 lam_s=0.99429 tsr_diff=0.000181 integral_mean=-0.000008 integral_std=0.000179 log_ratio=-0.0198 accept=0.9804 swapped=True
i=2 pair=(0,5) lam_t=0.99857 lam_s=1.00286 tsr_diff=0.000181 integral_mean=-0.000006 integral_std=0.000176 log_ratio=-0.0150 accept=0.9851 swapped=True
i=2 pair=(2,7) lam_t=1.00714 lam_s=1.01143 tsr_diff=0.000181 integral_mean=-0.000014 integral_std=0.000183 log_ratio=-0.0347 accept=0.9659 swapped=True
i=2 pair=(4,6) lam_t=1.01571 lam_s=1.02000 tsr_diff=0.000181 integral_mean=-0.000006 integral_std=0.000201 log_ratio=-0.0155 accept=0.9846 swapped=True
i=3 pair=(1,5) lam_t=0.99429 lam_s=0.99857 tsr_diff=0.000400 integral_mean=0.000001 integral_std=0.000390 log_ratio=0.0000 accept=1.0000 swapped=True
i=3 pair=(0,7) lam_t=1.00286 lam_s=1.00714 tsr_diff=0.000400 integral_mean=-0.000014 integral_std=0.000424 log_ratio=-0.0328 accept=0.9677 swapped=True
i=3 pair=(2,6) lam_t=1.01143 lam_s=1.01571 tsr_diff=0.000399 integral_mean=-0.000016 integral_std=0.000416 log_ratio=-0.0393 accept=0.9615 swapped=True
i=4 pair=(3,5) lam_t=0.99000 lam_s=0.99429 tsr_diff=0.000695 integral_mean=-0.000022 integral_std=0.000783 log_ratio=-0.0533 accept=0.9481 swapped=True
i=4 pair=(1,7) lam_t=0.99857 lam_s=1.00286 tsr_diff=0.000693 integral_mean=-0.000054 integral_std=0.000739 log_ratio=-0.1298 accept=0.8782 swapped=True
i=4 pair=(0,6) lam_t=1.00714 lam_s=1.01143 tsr_diff=0.000691 integral_mean=0.000001 integral_std=0.000693 log_ratio=0.0000 accept=1.0000 swapped=True
i=4 pair=(2,4) lam_t=1.01571 lam_s=1.02000 tsr_diff=0.000689 integral_mean=0.000003 integral_std=0.000655 log_ratio=0.0000 accept=1.0000 swapped=True
i=5 pair=(3,7) lam_t=0.99429 lam_s=0.99857 tsr_diff=0.001051 integral_mean=-0.000076 integral_std=0.001147 log_ratio=-0.1817 accept=0.8338 swapped=True
i=5 pair=(1,6) lam_t=1.00286 lam_s=1.00714 tsr_diff=0.001046 integral_mean=-0.000027 integral_std=0.000992 log_ratio=-0.0641 accept=0.9379 swapped=True
i=5 pair=(0,4) lam_t=1.01143 lam_s=1.01571 tsr_diff=0.001042 integral_mean=0.000024 integral_std=0.001031 log_ratio=0.0000 accept=1.0000 swapped=True
i=6 pair=(5,7) lam_t=0.99000 lam_s=0.99429 tsr_diff=0.001459 integral_mean=-0.000090 integral_std=0.001438 log_ratio=-0.2164 accept=0.8054 swapped=True
i=6 pair=(3,6) lam_t=0.99857 lam_s=1.00286 tsr_diff=0.001450 integral_mean=-0.000033 integral_std=0.001527 log_ratio=-0.0792 accept=0.9239 swapped=True
i=6 pair=(1,4) lam_t=1.00714 lam_s=1.01143 tsr_diff=0.001442 integral_mean=0.000010 integral_std=0.001332 log_ratio=0.0000 accept=1.0000 swapped=True
i=6 pair=(0,2) lam_t=1.01571 lam_s=1.02000 tsr_diff=0.001433 integral_mean=0.000019 integral_std=0.001495 log_ratio=0.0000 accept=1.0000 swapped=True
i=7 pair=(5,6) lam_t=0.99429 lam_s=0.99857 tsr_diff=0.001888 integral_mean=-0.000031 integral_std=0.001754 log_ratio=-0.0754 accept=0.9273 swapped=True
i=7 pair=(3,4) lam_t=1.00286 lam_s=1.00714 tsr_diff=0.001874 integral_mean=0.000050 integral_std=0.001907 log_ratio=0.0000 accept=1.0000 swapped=True
i=7 pair=(1,2) lam_t=1.01143 lam_s=1.01571 tsr_diff=0.001860 integral_mean=-0.000048 integral_std=0.001732 log_ratio=-0.1153 accept=0.8911 swapped=True
i=8 pair=(7,6) lam_t=0.99000 lam_s=0.99429 tsr_diff=0.002345 integral_mean=0.000123 integral_std=0.002409 log_ratio=0.0000 accept=1.0000 swapped=True
i=8 pair=(5,4) lam_t=0.99857 lam_s=1.00286 tsr_diff=0.002323 integral_mean=0.000050 integral_std=0.002057 log_ratio=0.0000 accept=1.0000 swapped=True
i=8 pair=(3,2) lam_t=1.00714 lam_s=1.01143 tsr_diff=0.002302 integral_mean=0.000022 integral_std=0.002283 log_ratio=0.0000 accept=1.0000 swapped=True
i=8 pair=(1,0) lam_t=1.01571 lam_s=1.02000 tsr_diff=0.002281 integral_mean=-0.000024 integral_std=0.002305 log_ratio=-0.0567 accept=0.9449 swapped=True
i=9 pair=(7,4) lam_t=0.99429 lam_s=0.99857 tsr_diff=0.002773 integral_mean=0.000215 integral_std=0.003116 log_ratio=0.0000 accept=1.0000 swapped=True
i=9 pair=(5,2) lam_t=1.00286 lam_s=1.00714 tsr_diff=0.002742 integral_mean=0.000050 integral_std=0.002512 log_ratio=0.0000 accept=1.0000 swapped=True
i=9 pair=(3,0) lam_t=1.01143 lam_s=1.01571 tsr_diff=0.002712 integral_mean=0.000041 integral_std=0.003199 log_ratio=0.0000 accept=1.0000 swapped=True
i=10 pair=(6,4) lam_t=0.99000 lam_s=0.99429 tsr_diff=0.003206 integral_mean=-0.000128 integral_std=0.002676 log_ratio=-0.3070 accept=0.7356 swapped=True
i=10 pair=(7,2) lam_t=0.99857 lam_s=1.00286 tsr_diff=0.003165 integral_mean=0.000398 integral_std=0.003735 log_ratio=0.0000 accept=1.0000 swapped=True
i=10 pair=(5,0) lam_t=1.00714 lam_s=1.01143 tsr_diff=0.003125 integral_mean=0.000095 integral_std=0.003357 log_ratio=0.0000 accept=1.0000 swapped=True
i=10 pair=(3,1) lam_t=1.01571 lam_s=1.02000 tsr_diff=0.003086 integral_mean=-0.000042 integral_std=0.003347 log_ratio=-0.1007 accept=0.9042 swapped=True
i=11 pair=(6,2) lam_t=0.99429 lam_s=0.99857 tsr_diff=0.003554 integral_mean=0.000065 integral_std=0.002690 log_ratio=0.0000 accept=1.0000 swapped=True
i=11 pair=(7,0) lam_t=1.00286 lam_s=1.00714 tsr_diff=0.003505 integral_mean=0.000048 integral_std=0.004584 log_ratio=0.0000 accept=1.0000 swapped=True
i=11 pair=(5,1) lam_t=1.01143 lam_s=1.01571 tsr_diff=0.003456 integral_mean=0.000100 integral_std=0.002901 log_ratio=0.0000 accept=1.0000 swapped=True
i=12 pair=(4,2) lam_t=0.99000 lam_s=0.99429 tsr_diff=0.003894 integral_mean=0.000043 integral_std=0.003076 log_ratio=0.0000 accept=1.0000 swapped=True
i=12 pair=(6,0) lam_t=0.99857 lam_s=1.00286 tsr_diff=0.003834 integral_mean=-0.000625 integral_std=0.005848 log_ratio=-1.4992 accept=0.2233 swapped=False
i=12 pair=(7,1) lam_t=1.00714 lam_s=1.01143 tsr_diff=0.003776 integral_mean=0.000456 integral_std=0.004984 log_ratio=0.0000 accept=1.0000 swapped=True
i=12 pair=(5,3) lam_t=1.01571 lam_s=1.02000 tsr_diff=0.003719 integral_mean=-0.000148 integral_std=0.005325 log_ratio=-0.3546 accept=0.7014 swapped=True
i=13 pair=(4,6) lam_t=0.99429 lam_s=0.99857 tsr_diff=0.004100 integral_mean=-0.000047 integral_std=0.003469 log_ratio=-0.1121 accept=0.8939 swapped=True
i=13 pair=(0,1) lam_t=1.00286 lam_s=1.00714 tsr_diff=0.004034 integral_mean=0.000512 integral_std=0.007878 log_ratio=0.0000 accept=1.0000 swapped=True
i=13 pair=(7,3) lam_t=1.01143 lam_s=1.01571 tsr_diff=0.003969 integral_mean=0.000600 integral_std=0.008915 log_ratio=0.0000 accept=1.0000 swapped=True
Best Sample: 5 log probability 0.000
Saved 1 samples to: logs/pointmaze-giant-navigate-v0/inference/plans/release_H400_T256_LimitsNormalizer_b1_condFalse/2026-07-15 12:07:56/34/0.png
Saved 1 samples to: logs/pointmaze-giant-navigate-v0/inference/plans/release_H400_T256_LimitsNormalizer_b1_condFalse/2026-07-15 12:07:56/34/rollout.png
i=0 pair=(0,1) lam_t=0.99000 lam_s=0.99429 tsr_diff=0.000000 integral_mean=0.000000 integral_std=0.000000 log_ratio=0.0000 accept=1.0000 swapped=True
i=0 pair=(2,3) lam_t=0.99857 lam_s=1.00286 tsr_diff=0.000000 integral_mean=0.000000 integral_std=0.000000 log_ratio=0.0000 accept=1.0000 swapped=True
i=0 pair=(4,5) lam_t=1.00714 lam_s=1.01143 tsr_diff=0.000000 integral_mean=0.000000 integral_std=0.000000 log_ratio=0.0000 accept=1.0000 swapped=True
i=0 pair=(6,7) lam_t=1.01571 lam_s=1.02000 tsr_diff=0.000000 integral_mean=0.000000 integral_std=0.000000 log_ratio=0.0000 accept=1.0000 swapped=True
i=1 pair=(0,3) lam_t=0.99429 lam_s=0.99857 tsr_diff=0.000046 integral_mean=-0.000000 integral_std=0.000045 log_ratio=-0.0000 accept=1.0000 swapped=True
i=1 pair=(2,5) lam_t=1.00286 lam_s=1.00714 tsr_diff=0.000046 integral_mean=-0.000001 integral_std=0.000045 log_ratio=-0.0028 accept=0.9972 swapped=True
i=1 pair=(4,7) lam_t=1.01143 lam_s=1.01571 tsr_diff=0.000046 integral_mean=-0.000001 integral_std=0.000045 log_ratio=-0.0014 accept=0.9986 swapped=True
i=2 pair=(1,3) lam_t=0.99000 lam_s=0.99429 tsr_diff=0.000181 integral_mean=0.000002 integral_std=0.000184 log_ratio=0.0000 accept=1.0000 swapped=True
i=2 pair=(0,5) lam_t=0.99857 lam_s=1.00286 tsr_diff=0.000181 integral_mean=0.000001 integral_std=0.000190 log_ratio=0.0000 accept=1.0000 swapped=True
i=2 pair=(2,7) lam_t=1.00714 lam_s=1.01143 tsr_diff=0.000181 integral_mean=0.000006 integral_std=0.000184 log_ratio=0.0000 accept=1.0000 swapped=True
i=2 pair=(4,6) lam_t=1.01571 lam_s=1.02000 tsr_diff=0.000181 integral_mean=-0.000001 integral_std=0.000184 log_ratio=-0.0034 accept=0.9966 swapped=True
i=3 pair=(1,5) lam_t=0.99429 lam_s=0.99857 tsr_diff=0.000400 integral_mean=-0.000010 integral_std=0.000399 log_ratio=-0.0234 accept=0.9768 swapped=True
i=3 pair=(0,7) lam_t=1.00286 lam_s=1.00714 tsr_diff=0.000400 integral_mean=0.000015 integral_std=0.000400 log_ratio=0.0000 accept=1.0000 swapped=True
i=3 pair=(2,6) lam_t=1.01143 lam_s=1.01571 tsr_diff=0.000399 integral_mean=0.000001 integral_std=0.000420 log_ratio=0.0000 accept=1.0000 swapped=True
i=4 pair=(3,5) lam_t=0.99000 lam_s=0.99429 tsr_diff=0.000695 integral_mean=0.000009 integral_std=0.000689 log_ratio=0.0000 accept=1.0000 swapped=True
i=4 pair=(1,7) lam_t=0.99857 lam_s=1.00286 tsr_diff=0.000693 integral_mean=-0.000014 integral_std=0.000708 log_ratio=-0.0346 accept=0.9660 swapped=True
i=4 pair=(0,6) lam_t=1.00714 lam_s=1.01143 tsr_diff=0.000691 integral_mean=-0.000021 integral_std=0.000698 log_ratio=-0.0503 accept=0.9510 swapped=True
i=4 pair=(2,4) lam_t=1.01571 lam_s=1.02000 tsr_diff=0.000689 integral_mean=-0.000106 integral_std=0.000850 log_ratio=-0.2534 accept=0.7761 swapped=False
i=5 pair=(3,7) lam_t=0.99429 lam_s=0.99857 tsr_diff=0.001051 integral_mean=-0.000065 integral_std=0.001240 log_ratio=-0.1561 accept=0.8555 swapped=True
i=5 pair=(1,6) lam_t=1.00286 lam_s=1.00714 tsr_diff=0.001046 integral_mean=-0.000053 integral_std=0.001039 log_ratio=-0.1266 accept=0.8811 swapped=True
i=5 pair=(0,2) lam_t=1.01143 lam_s=1.01571 tsr_diff=0.001042 integral_mean=-0.000023 integral_std=0.001023 log_ratio=-0.0545 accept=0.9469 swapped=True
i=6 pair=(5,7) lam_t=0.99000 lam_s=0.99429 tsr_diff=0.001459 integral_mean=-0.000124 integral_std=0.001695 log_ratio=-0.2966 accept=0.7434 swapped=True
i=6 pair=(3,6) lam_t=0.99857 lam_s=1.00286 tsr_diff=0.001450 integral_mean=-0.000079 integral_std=0.001476 log_ratio=-0.1900 accept=0.8269 swapped=True
i=6 pair=(1,2) lam_t=1.00714 lam_s=1.01143 tsr_diff=0.001442 integral_mean=-0.000030 integral_std=0.001419 log_ratio=-0.0732 accept=0.9295 swapped=True
i=6 pair=(0,4) lam_t=1.01571 lam_s=1.02000 tsr_diff=0.001433 integral_mean=-0.000057 integral_std=0.001451 log_ratio=-0.1379 accept=0.8712 swapped=False
i=7 pair=(5,6) lam_t=0.99429 lam_s=0.99857 tsr_diff=0.001888 integral_mean=-0.000011 integral_std=0.001928 log_ratio=-0.0266 accept=0.9738 swapped=True
i=7 pair=(3,2) lam_t=1.00286 lam_s=1.00714 tsr_diff=0.001874 integral_mean=-0.000005 integral_std=0.001853 log_ratio=-0.0130 accept=0.9871 swapped=True
i=7 pair=(1,0) lam_t=1.01143 lam_s=1.01571 tsr_diff=0.001860 integral_mean=-0.000010 integral_std=0.001655 log_ratio=-0.0251 accept=0.9752 swapped=True
i=8 pair=(7,6) lam_t=0.99000 lam_s=0.99429 tsr_diff=0.002345 integral_mean=0.001203 integral_std=0.005314 log_ratio=0.0000 accept=1.0000 swapped=True
i=8 pair=(5,2) lam_t=0.99857 lam_s=1.00286 tsr_diff=0.002323 integral_mean=-0.000070 integral_std=0.002304 log_ratio=-0.1682 accept=0.8452 swapped=True
i=8 pair=(3,0) lam_t=1.00714 lam_s=1.01143 tsr_diff=0.002302 integral_mean=0.000006 integral_std=0.002254 log_ratio=0.0000 accept=1.0000 swapped=True
i=8 pair=(1,4) lam_t=1.01571 lam_s=1.02000 tsr_diff=0.002281 integral_mean=-0.000078 integral_std=0.002267 log_ratio=-0.1865 accept=0.8299 swapped=True
i=9 pair=(7,2) lam_t=0.99429 lam_s=0.99857 tsr_diff=0.002773 integral_mean=0.001102 integral_std=0.004834 log_ratio=0.0000 accept=1.0000 swapped=True
i=9 pair=(5,0) lam_t=1.00286 lam_s=1.00714 tsr_diff=0.002742 integral_mean=0.000084 integral_std=0.003181 log_ratio=0.0000 accept=1.0000 swapped=True
i=9 pair=(3,4) lam_t=1.01143 lam_s=1.01571 tsr_diff=0.002712 integral_mean=-0.000058 integral_std=0.002865 log_ratio=-0.1386 accept=0.8706 swapped=True
i=10 pair=(6,2) lam_t=0.99000 lam_s=0.99429 tsr_diff=0.003206 integral_mean=0.000076 integral_std=0.003470 log_ratio=0.0000 accept=1.0000 swapped=True
i=10 pair=(7,0) lam_t=0.99857 lam_s=1.00286 tsr_diff=0.003165 integral_mean=0.000711 integral_std=0.005508 log_ratio=0.0000 accept=1.0000 swapped=True
i=10 pair=(5,4) lam_t=1.00714 lam_s=1.01143 tsr_diff=0.003125 integral_mean=0.000217 integral_std=0.004056 log_ratio=0.0000 accept=1.0000 swapped=True
i=10 pair=(3,1) lam_t=1.01571 lam_s=1.02000 tsr_diff=0.003086 integral_mean=-0.000051 integral_std=0.003105 log_ratio=-0.1214 accept=0.8857 swapped=True
i=11 pair=(6,0) lam_t=0.99429 lam_s=0.99857 tsr_diff=0.003554 integral_mean=-0.000067 integral_std=0.004672 log_ratio=-0.1608 accept=0.8515 swapped=True
i=11 pair=(7,4) lam_t=1.00286 lam_s=1.00714 tsr_diff=0.003505 integral_mean=0.001050 integral_std=0.007006 log_ratio=0.0000 accept=1.0000 swapped=True
i=11 pair=(5,1) lam_t=1.01143 lam_s=1.01571 tsr_diff=0.003456 integral_mean=0.000262 integral_std=0.004522 log_ratio=0.0000 accept=1.0000 swapped=True
i=12 pair=(2,0) lam_t=0.99000 lam_s=0.99429 tsr_diff=0.003894 integral_mean=-0.000140 integral_std=0.005466 log_ratio=-0.3357 accept=0.7149 swapped=True
i=12 pair=(6,4) lam_t=0.99857 lam_s=1.00286 tsr_diff=0.003834 integral_mean=0.000015 integral_std=0.005140 log_ratio=0.0000 accept=1.0000 swapped=True
i=12 pair=(7,1) lam_t=1.00714 lam_s=1.01143 tsr_diff=0.003776 integral_mean=0.000271 integral_std=0.006601 log_ratio=0.0000 accept=1.0000 swapped=True
i=12 pair=(5,3) lam_t=1.01571 lam_s=1.02000 tsr_diff=0.003719 integral_mean=0.000394 integral_std=0.005135 log_ratio=0.0000 accept=1.0000 swapped=True
i=13 pair=(2,4) lam_t=0.99429 lam_s=0.99857 tsr_diff=0.004100 integral_mean=-0.000217 integral_std=0.007771 log_ratio=-0.5209 accept=0.5940 swapped=False
i=13 pair=(6,1) lam_t=1.00286 lam_s=1.00714 tsr_diff=0.004034 integral_mean=0.000040 integral_std=0.007642 log_ratio=0.0000 accept=1.0000 swapped=True
i=13 pair=(7,3) lam_t=1.01143 lam_s=1.01571 tsr_diff=0.003969 integral_mean=0.000642 integral_std=0.006934 log_ratio=0.0000 accept=1.0000 swapped=True
Best Sample: 3 log probability 0.000
Saved 1 samples to: logs/pointmaze-giant-navigate-v0/inference/plans/release_H400_T256_LimitsNormalizer_b1_condFalse/2026-07-15 12:07:56/35/0.png
Saved 1 samples to: logs/pointmaze-giant-navigate-v0/inference/plans/release_H400_T256_LimitsNormalizer_b1_condFalse/2026-07-15 12:07:56/35/rollout.png
i=0 pair=(0,1) lam_t=0.99000 lam_s=0.99429 tsr_diff=0.000000 integral_mean=0.000000 integral_std=0.000000 log_ratio=0.0000 accept=1.0000 swapped=True
i=0 pair=(2,3) lam_t=0.99857 lam_s=1.00286 tsr_diff=0.000000 integral_mean=0.000000 integral_std=0.000000 log_ratio=0.0000 accept=1.0000 swapped=True
i=0 pair=(4,5) lam_t=1.00714 lam_s=1.01143 tsr_diff=0.000000 integral_mean=0.000000 integral_std=0.000000 log_ratio=0.0000 accept=1.0000 swapped=True
i=0 pair=(6,7) lam_t=1.01571 lam_s=1.02000 tsr_diff=0.000000 integral_mean=0.000000 integral_std=0.000000 log_ratio=0.0000 accept=1.0000 swapped=True
i=1 pair=(0,3) lam_t=0.99429 lam_s=0.99857 tsr_diff=0.000046 integral_mean=-0.000000 integral_std=0.000045 log_ratio=-0.0011 accept=0.9989 swapped=True
i=1 pair=(2,5) lam_t=1.00286 lam_s=1.00714 tsr_diff=0.000046 integral_mean=0.000001 integral_std=0.000048 log_ratio=0.0000 accept=1.0000 swapped=True
i=1 pair=(4,7) lam_t=1.01143 lam_s=1.01571 tsr_diff=0.000046 integral_mean=-0.000000 integral_std=0.000047 log_ratio=-0.0002 accept=0.9998 swapped=True
i=2 pair=(1,3) lam_t=0.99000 lam_s=0.99429 tsr_diff=0.000181 integral_mean=-0.000005 integral_std=0.000187 log_ratio=-0.0121 accept=0.9880 swapped=True
i=2 pair=(0,5) lam_t=0.99857 lam_s=1.00286 tsr_diff=0.000181 integral_mean=0.000005 integral_std=0.000174 log_ratio=0.0000 accept=1.0000 swapped=True
i=2 pair=(2,7) lam_t=1.00714 lam_s=1.01143 tsr_diff=0.000181 integral_mean=0.000009 integral_std=0.000181 log_ratio=0.0000 accept=1.0000 swapped=True
i=2 pair=(4,6) lam_t=1.01571 lam_s=1.02000 tsr_diff=0.000181 integral_mean=0.000042 integral_std=0.000243 log_ratio=0.0000 accept=1.0000 swapped=True
i=3 pair=(1,5) lam_t=0.99429 lam_s=0.99857 tsr_diff=0.000400 integral_mean=0.000010 integral_std=0.000389 log_ratio=0.0000 accept=1.0000 swapped=True
i=3 pair=(0,7) lam_t=1.00286 lam_s=1.00714 tsr_diff=0.000400 integral_mean=-0.000036 integral_std=0.000420 log_ratio=-0.0856 accept=0.9179 swapped=True
i=3 pair=(2,6) lam_t=1.01143 lam_s=1.01571 tsr_diff=0.000399 integral_mean=-0.000009 integral_std=0.000406 log_ratio=-0.0225 accept=0.9778 swapped=True
i=4 pair=(3,5) lam_t=0.99000 lam_s=0.99429 tsr_diff=0.000695 integral_mean=0.000002 integral_std=0.000691 log_ratio=0.0000 accept=1.0000 swapped=True
i=4 pair=(1,7) lam_t=0.99857 lam_s=1.00286 tsr_diff=0.000693 integral_mean=-0.000013 integral_std=0.000683 log_ratio=-0.0308 accept=0.9696 swapped=True
i=4 pair=(0,6) lam_t=1.00714 lam_s=1.01143 tsr_diff=0.000691 integral_mean=-0.000012 integral_std=0.000690 log_ratio=-0.0284 accept=0.9720 swapped=True
i=4 pair=(2,4) lam_t=1.01571 lam_s=1.02000 tsr_diff=0.000689 integral_mean=0.000008 integral_std=0.000687 log_ratio=0.0000 accept=1.0000 swapped=True
i=5 pair=(3,7) lam_t=0.99429 lam_s=0.99857 tsr_diff=0.001051 integral_mean=-0.000026 integral_std=0.001039 log_ratio=-0.0636 accept=0.9384 swapped=True
i=5 pair=(1,6) lam_t=1.00286 lam_s=1.00714 tsr_diff=0.001046 integral_mean=0.000018 integral_std=0.001113 log_ratio=0.0000 accept=1.0000 swapped=True
i=5 pair=(0,4) lam_t=1.01143 lam_s=1.01571 tsr_diff=0.001042 integral_mean=-0.000155 integral_std=0.001357 log_ratio=-0.3714 accept=0.6898 swapped=True
i=6 pair=(5,7) lam_t=0.99000 lam_s=0.99429 tsr_diff=0.001459 integral_mean=-0.000062 integral_std=0.001519 log_ratio=-0.1487 accept=0.8618 swapped=True
i=6 pair=(3,6) lam_t=0.99857 lam_s=1.00286 tsr_diff=0.001450 integral_mean=0.000006 integral_std=0.001636 log_ratio=0.0000 accept=1.0000 swapped=True
i=6 pair=(1,4) lam_t=1.00714 lam_s=1.01143 tsr_diff=0.001442 integral_mean=-0.000227 integral_std=0.001790 log_ratio=-0.5443 accept=0.5802 swapped=True
i=6 pair=(0,2) lam_t=1.01571 lam_s=1.02000 tsr_diff=0.001433 integral_mean=0.000027 integral_std=0.001531 log_ratio=0.0000 accept=1.0000 swapped=True
i=7 pair=(5,6) lam_t=0.99429 lam_s=0.99857 tsr_diff=0.001888 integral_mean=-0.000028 integral_std=0.002133 log_ratio=-0.0679 accept=0.9344 swapped=True
i=7 pair=(3,4) lam_t=1.00286 lam_s=1.00714 tsr_diff=0.001874 integral_mean=-0.000040 integral_std=0.001956 log_ratio=-0.0961 accept=0.9084 swapped=True
i=7 pair=(1,2) lam_t=1.01143 lam_s=1.01571 tsr_diff=0.001860 integral_mean=0.000045 integral_std=0.001902 log_ratio=0.0000 accept=1.0000 swapped=True
i=8 pair=(7,6) lam_t=0.99000 lam_s=0.99429 tsr_diff=0.002345 integral_mean=0.000089 integral_std=0.003039 log_ratio=0.0000 accept=1.0000 swapped=True
i=8 pair=(5,4) lam_t=0.99857 lam_s=1.00286 tsr_diff=0.002323 integral_mean=-0.000251 integral_std=0.002584 log_ratio=-0.6033 accept=0.5470 swapped=True
i=8 pair=(3,2) lam_t=1.00714 lam_s=1.01143 tsr_diff=0.002302 integral_mean=-0.000081 integral_std=0.002461 log_ratio=-0.1945 accept=0.8233 swapped=True
i=8 pair=(1,0) lam_t=1.01571 lam_s=1.02000 tsr_diff=0.002281 integral_mean=0.000059 integral_std=0.002647 log_ratio=0.0000 accept=1.0000 swapped=True
i=9 pair=(7,4) lam_t=0.99429 lam_s=0.99857 tsr_diff=0.002773 integral_mean=-0.000103 integral_std=0.003488 log_ratio=-0.2482 accept=0.7802 swapped=False
i=9 pair=(5,2) lam_t=1.00286 lam_s=1.00714 tsr_diff=0.002742 integral_mean=0.000011 integral_std=0.002868 log_ratio=0.0000 accept=1.0000 swapped=True
i=9 pair=(3,0) lam_t=1.01143 lam_s=1.01571 tsr_diff=0.002712 integral_mean=-0.000166 integral_std=0.003425 log_ratio=-0.3974 accept=0.6720 swapped=True
i=10 pair=(6,7) lam_t=0.99000 lam_s=0.99429 tsr_diff=0.003206 integral_mean=-0.000222 integral_std=0.005466 log_ratio=-0.5317 accept=0.5876 swapped=True
i=10 pair=(4,2) lam_t=0.99857 lam_s=1.00286 tsr_diff=0.003165 integral_mean=0.000119 integral_std=0.004022 log_ratio=0.0000 accept=1.0000 swapped=True
i=10 pair=(5,0) lam_t=1.00714 lam_s=1.01143 tsr_diff=0.003125 integral_mean=-0.000205 integral_std=0.003790 log_ratio=-0.4931 accept=0.6107 swapped=False
i=10 pair=(3,1) lam_t=1.01571 lam_s=1.02000 tsr_diff=0.003086 integral_mean=-0.000128 integral_std=0.003794 log_ratio=-0.3066 accept=0.7360 swapped=True
i=11 pair=(6,2) lam_t=0.99429 lam_s=0.99857 tsr_diff=0.003554 integral_mean=0.000293 integral_std=0.005415 log_ratio=0.0000 accept=1.0000 swapped=True
i=11 pair=(4,5) lam_t=1.00286 lam_s=1.00714 tsr_diff=0.003505 integral_mean=0.000129 integral_std=0.004174 log_ratio=0.0000 accept=1.0000 swapped=True
i=11 pair=(0,1) lam_t=1.01143 lam_s=1.01571 tsr_diff=0.003456 integral_mean=-0.000156 integral_std=0.005910 log_ratio=-0.3736 accept=0.6882 swapped=True
i=12 pair=(7,2) lam_t=0.99000 lam_s=0.99429 tsr_diff=0.003894 integral_mean=0.000663 integral_std=0.006876 log_ratio=0.0000 accept=1.0000 swapped=True
i=12 pair=(6,5) lam_t=0.99857 lam_s=1.00286 tsr_diff=0.003834 integral_mean=0.000413 integral_std=0.007336 log_ratio=0.0000 accept=1.0000 swapped=True
i=12 pair=(4,1) lam_t=1.00714 lam_s=1.01143 tsr_diff=0.003776 integral_mean=-0.000369 integral_std=0.005972 log_ratio=-0.8858 accept=0.4124 swapped=True
i=12 pair=(0,3) lam_t=1.01571 lam_s=1.02000 tsr_diff=0.003719 integral_mean=-0.000047 integral_std=0.007068 log_ratio=-0.1135 accept=0.8927 swapped=True
i=13 pair=(7,5) lam_t=0.99429 lam_s=0.99857 tsr_diff=0.004100 integral_mean=0.000133 integral_std=0.009296 log_ratio=0.0000 accept=1.0000 swapped=True
i=13 pair=(6,1) lam_t=1.00286 lam_s=1.00714 tsr_diff=0.004034 integral_mean=0.000337 integral_std=0.011460 log_ratio=0.0000 accept=1.0000 swapped=True
i=13 pair=(4,3) lam_t=1.01143 lam_s=1.01571 tsr_diff=0.003969 integral_mean=0.000030 integral_std=0.006820 log_ratio=0.0000 accept=1.0000 swapped=True
Best Sample: 5 log probability -3.022
Saved 1 samples to: logs/pointmaze-giant-navigate-v0/inference/plans/release_H400_T256_LimitsNormalizer_b1_condFalse/2026-07-15 12:07:56/36/0.png
Saved 1 samples to: logs/pointmaze-giant-navigate-v0/inference/plans/release_H400_T256_LimitsNormalizer_b1_condFalse/2026-07-15 12:07:56/36/rollout.png
i=0 pair=(0,1) lam_t=0.99000 lam_s=0.99429 tsr_diff=0.000000 integral_mean=0.000000 integral_std=0.000000 log_ratio=0.0000 accept=1.0000 swapped=True
i=0 pair=(2,3) lam_t=0.99857 lam_s=1.00286 tsr_diff=0.000000 integral_mean=0.000000 integral_std=0.000000 log_ratio=0.0000 accept=1.0000 swapped=True
i=0 pair=(4,5) lam_t=1.00714 lam_s=1.01143 tsr_diff=0.000000 integral_mean=0.000000 integral_std=0.000000 log_ratio=0.0000 accept=1.0000 swapped=True
i=0 pair=(6,7) lam_t=1.01571 lam_s=1.02000 tsr_diff=0.000000 integral_mean=0.000000 integral_std=0.000000 log_ratio=0.0000 accept=1.0000 swapped=True
i=1 pair=(0,3) lam_t=0.99429 lam_s=0.99857 tsr_diff=0.000046 integral_mean=0.000002 integral_std=0.000048 log_ratio=0.0000 accept=1.0000 swapped=True
i=1 pair=(2,5) lam_t=1.00286 lam_s=1.00714 tsr_diff=0.000046 integral_mean=0.000000 integral_std=0.000046 log_ratio=0.0000 accept=1.0000 swapped=True
i=1 pair=(4,7) lam_t=1.01143 lam_s=1.01571 tsr_diff=0.000046 integral_mean=0.000001 integral_std=0.000046 log_ratio=0.0000 accept=1.0000 swapped=True
i=2 pair=(1,3) lam_t=0.99000 lam_s=0.99429 tsr_diff=0.000181 integral_mean=-0.000003 integral_std=0.000181 log_ratio=-0.0079 accept=0.9921 swapped=True
i=2 pair=(0,5) lam_t=0.99857 lam_s=1.00286 tsr_diff=0.000181 integral_mean=0.000002 integral_std=0.000179 log_ratio=0.0000 accept=1.0000 swapped=True
i=2 pair=(2,7) lam_t=1.00714 lam_s=1.01143 tsr_diff=0.000181 integral_mean=-0.000009 integral_std=0.000197 log_ratio=-0.0216 accept=0.9787 swapped=True
i=2 pair=(4,6) lam_t=1.01571 lam_s=1.02000 tsr_diff=0.000181 integral_mean=0.000002 integral_std=0.000188 log_ratio=0.0000 accept=1.0000 swapped=True
i=3 pair=(1,5) lam_t=0.99429 lam_s=0.99857 tsr_diff=0.000400 integral_mean=0.000005 integral_std=0.000405 log_ratio=0.0000 accept=1.0000 swapped=True
i=3 pair=(0,7) lam_t=1.00286 lam_s=1.00714 tsr_diff=0.000400 integral_mean=-0.000010 integral_std=0.000405 log_ratio=-0.0236 accept=0.9767 swapped=True
i=3 pair=(2,6) lam_t=1.01143 lam_s=1.01571 tsr_diff=0.000399 integral_mean=-0.000001 integral_std=0.000397 log_ratio=-0.0017 accept=0.9983 swapped=True
i=4 pair=(3,5) lam_t=0.99000 lam_s=0.99429 tsr_diff=0.000695 integral_mean=0.000115 integral_std=0.000950 log_ratio=0.0000 accept=1.0000 swapped=True
i=4 pair=(1,7) lam_t=0.99857 lam_s=1.00286 tsr_diff=0.000693 integral_mean=-0.000011 integral_std=0.000691 log_ratio=-0.0261 accept=0.9743 swapped=True
i=4 pair=(0,6) lam_t=1.00714 lam_s=1.01143 tsr_diff=0.000691 integral_mean=0.000015 integral_std=0.000719 log_ratio=0.0000 accept=1.0000 swapped=True
i=4 pair=(2,4) lam_t=1.01571 lam_s=1.02000 tsr_diff=0.000689 integral_mean=0.000019 integral_std=0.000754 log_ratio=0.0000 accept=1.0000 swapped=True
i=5 pair=(3,7) lam_t=0.99429 lam_s=0.99857 tsr_diff=0.001051 integral_mean=0.000058 integral_std=0.001113 log_ratio=0.0000 accept=1.0000 swapped=True
i=5 pair=(1,6) lam_t=1.00286 lam_s=1.00714 tsr_diff=0.001046 integral_mean=0.000025 integral_std=0.001023 log_ratio=0.0000 accept=1.0000 swapped=True
i=5 pair=(0,4) lam_t=1.01143 lam_s=1.01571 tsr_diff=0.001042 integral_mean=0.000009 integral_std=0.001070 log_ratio=0.0000 accept=1.0000 swapped=True
i=6 pair=(5,7) lam_t=0.99000 lam_s=0.99429 tsr_diff=0.001459 integral_mean=-0.000018 integral_std=0.001417 log_ratio=-0.0438 accept=0.9572 swapped=True
i=6 pair=(3,6) lam_t=0.99857 lam_s=1.00286 tsr_diff=0.001450 integral_mean=0.000000 integral_std=0.001553 log_ratio=0.0000 accept=1.0000 swapped=True
i=6 pair=(1,4) lam_t=1.00714 lam_s=1.01143 tsr_diff=0.001442 integral_mean=0.000021 integral_std=0.001352 log_ratio=0.0000 accept=1.0000 swapped=True
i=6 pair=(0,2) lam_t=1.01571 lam_s=1.02000 tsr_diff=0.001433 integral_mean=-0.000051 integral_std=0.001463 log_ratio=-0.1233 accept=0.8840 swapped=False
i=7 pair=(5,6) lam_t=0.99429 lam_s=0.99857 tsr_diff=0.001888 integral_mean=-0.000048 integral_std=0.002066 log_ratio=-0.1157 accept=0.8907 swapped=True
i=7 pair=(3,4) lam_t=1.00286 lam_s=1.00714 tsr_diff=0.001874 integral_mean=-0.000013 integral_std=0.001658 log_ratio=-0.0315 accept=0.9690 swapped=True
i=7 pair=(1,0) lam_t=1.01143 lam_s=1.01571 tsr_diff=0.001860 integral_mean=-0.000019 integral_std=0.001693 log_ratio=-0.0454 accept=0.9556 swapped=True
i=8 pair=(7,6) lam_t=0.99000 lam_s=0.99429 tsr_diff=0.002345 integral_mean=-0.000055 integral_std=0.002567 log_ratio=-0.1325 accept=0.8759 swapped=True
i=8 pair=(5,4) lam_t=0.99857 lam_s=1.00286 tsr_diff=0.002323 integral_mean=0.000095 integral_std=0.002469 log_ratio=0.0000 accept=1.0000 swapped=True
i=8 pair=(3,0) lam_t=1.00714 lam_s=1.01143 tsr_diff=0.002302 integral_mean=-0.000023 integral_std=0.002060 log_ratio=-0.0554 accept=0.9461 swapped=True
i=8 pair=(1,2) lam_t=1.01571 lam_s=1.02000 tsr_diff=0.002281 integral_mean=-0.000123 integral_std=0.002369 log_ratio=-0.2946 accept=0.7449 swapped=True
i=9 pair=(7,4) lam_t=0.99429 lam_s=0.99857 tsr_diff=0.002773 integral_mean=0.000122 integral_std=0.003062 log_ratio=0.0000 accept=1.0000 swapped=True
i=9 pair=(5,0) lam_t=1.00286 lam_s=1.00714 tsr_diff=0.002742 integral_mean=-0.000039 integral_std=0.003333 log_ratio=-0.0931 accept=0.9111 swapped=True
i=9 pair=(3,2) lam_t=1.01143 lam_s=1.01571 tsr_diff=0.002712 integral_mean=-0.000117 integral_std=0.002955 log_ratio=-0.2810 accept=0.7550 swapped=False
i=10 pair=(6,4) lam_t=0.99000 lam_s=0.99429 tsr_diff=0.003206 integral_mean=-0.000076 integral_std=0.003381 log_ratio=-0.1818 accept=0.8338 swapped=True
i=10 pair=(7,0) lam_t=0.99857 lam_s=1.00286 tsr_diff=0.003165 integral_mean=-0.000018 integral_std=0.004294 log_ratio=-0.0424 accept=0.9585 swapped=True
i=10 pair=(5,3) lam_t=1.00714 lam_s=1.01143 tsr_diff=0.003125 integral_mean=0.000139 integral_std=0.004119 log_ratio=0.0000 accept=1.0000 swapped=True
i=10 pair=(2,1) lam_t=1.01571 lam_s=1.02000 tsr_diff=0.003086 integral_mean=0.000161 integral_std=0.003267 log_ratio=0.0000 accept=1.0000 swapped=True
i=11 pair=(6,0) lam_t=0.99429 lam_s=0.99857 tsr_diff=0.003554 integral_mean=-0.000223 integral_std=0.005331 log_ratio=-0.5347 accept=0.5858 swapped=True
i=11 pair=(7,3) lam_t=1.00286 lam_s=1.00714 tsr_diff=0.003505 integral_mean=0.000248 integral_std=0.005275 log_ratio=0.0000 accept=1.0000 swapped=True
i=11 pair=(5,1) lam_t=1.01143 lam_s=1.01571 tsr_diff=0.003456 integral_mean=0.000213 integral_std=0.004398 log_ratio=0.0000 accept=1.0000 swapped=True
i=12 pair=(4,0) lam_t=0.99000 lam_s=0.99429 tsr_diff=0.003894 integral_mean=-0.000289 integral_std=0.003980 log_ratio=-0.6934 accept=0.4999 swapped=False
i=12 pair=(6,3) lam_t=0.99857 lam_s=1.00286 tsr_diff=0.003834 integral_mean=0.000108 integral_std=0.005414 log_ratio=0.0000 accept=1.0000 swapped=True
i=12 pair=(7,1) lam_t=1.00714 lam_s=1.01143 tsr_diff=0.003776 integral_mean=0.000284 integral_std=0.006239 log_ratio=0.0000 accept=1.0000 swapped=True
i=12 pair=(5,2) lam_t=1.01571 lam_s=1.02000 tsr_diff=0.003719 integral_mean=-0.000278 integral_std=0.007554 log_ratio=-0.6678 accept=0.5129 swapped=True
i=13 pair=(0,3) lam_t=0.99429 lam_s=0.99857 tsr_diff=0.004100 integral_mean=0.000432 integral_std=0.009641 log_ratio=0.0000 accept=1.0000 swapped=True
i=13 pair=(6,1) lam_t=1.00286 lam_s=1.00714 tsr_diff=0.004034 integral_mean=0.000143 integral_std=0.007282 log_ratio=0.0000 accept=1.0000 swapped=True
i=13 pair=(7,2) lam_t=1.01143 lam_s=1.01571 tsr_diff=0.003969 integral_mean=-0.000001 integral_std=0.009576 log_ratio=-0.0024 accept=0.9976 swapped=True
Best Sample: 1 log probability -0.186
Saved 1 samples to: logs/pointmaze-giant-navigate-v0/inference/plans/release_H400_T256_LimitsNormalizer_b1_condFalse/2026-07-15 12:07:56/37/0.png
Saved 1 samples to: logs/pointmaze-giant-navigate-v0/inference/plans/release_H400_T256_LimitsNormalizer_b1_condFalse/2026-07-15 12:07:56/37/rollout.png
i=0 pair=(0,1) lam_t=0.99000 lam_s=0.99429 tsr_diff=0.000000 integral_mean=0.000000 integral_std=0.000000 log_ratio=0.0000 accept=1.0000 swapped=True
i=0 pair=(2,3) lam_t=0.99857 lam_s=1.00286 tsr_diff=0.000000 integral_mean=0.000000 integral_std=0.000000 log_ratio=0.0000 accept=1.0000 swapped=True
i=0 pair=(4,5) lam_t=1.00714 lam_s=1.01143 tsr_diff=0.000000 integral_mean=0.000000 integral_std=0.000000 log_ratio=0.0000 accept=1.0000 swapped=True
i=0 pair=(6,7) lam_t=1.01571 lam_s=1.02000 tsr_diff=0.000000 integral_mean=0.000000 integral_std=0.000000 log_ratio=0.0000 accept=1.0000 swapped=True
i=1 pair=(0,3) lam_t=0.99429 lam_s=0.99857 tsr_diff=0.000046 integral_mean=-0.000000 integral_std=0.000048 log_ratio=-0.0012 accept=0.9988 swapped=True
i=1 pair=(2,5) lam_t=1.00286 lam_s=1.00714 tsr_diff=0.000046 integral_mean=0.000000 integral_std=0.000048 log_ratio=0.0000 accept=1.0000 swapped=True
i=1 pair=(4,7) lam_t=1.01143 lam_s=1.01571 tsr_diff=0.000046 integral_mean=0.000000 integral_std=0.000046 log_ratio=0.0000 accept=1.0000 swapped=True
i=2 pair=(1,3) lam_t=0.99000 lam_s=0.99429 tsr_diff=0.000181 integral_mean=-0.000001 integral_std=0.000185 log_ratio=-0.0036 accept=0.9964 swapped=True
i=2 pair=(0,5) lam_t=0.99857 lam_s=1.00286 tsr_diff=0.000181 integral_mean=-0.000002 integral_std=0.000186 log_ratio=-0.0045 accept=0.9955 swapped=True
i=2 pair=(2,7) lam_t=1.00714 lam_s=1.01143 tsr_diff=0.000181 integral_mean=0.000003 integral_std=0.000184 log_ratio=0.0000 accept=1.0000 swapped=True
i=2 pair=(4,6) lam_t=1.01571 lam_s=1.02000 tsr_diff=0.000181 integral_mean=0.000015 integral_std=0.000190 log_ratio=0.0000 accept=1.0000 swapped=True
i=3 pair=(1,5) lam_t=0.99429 lam_s=0.99857 tsr_diff=0.000400 integral_mean=0.000001 integral_std=0.000414 log_ratio=0.0000 accept=1.0000 swapped=True
i=3 pair=(0,7) lam_t=1.00286 lam_s=1.00714 tsr_diff=0.000400 integral_mean=-0.000011 integral_std=0.000405 log_ratio=-0.0264 accept=0.9739 swapped=True
i=3 pair=(2,6) lam_t=1.01143 lam_s=1.01571 tsr_diff=0.000399 integral_mean=-0.000025 integral_std=0.000429 log_ratio=-0.0607 accept=0.9411 swapped=True
i=4 pair=(3,5) lam_t=0.99000 lam_s=0.99429 tsr_diff=0.000695 integral_mean=0.000023 integral_std=0.000727 log_ratio=0.0000 accept=1.0000 swapped=True
i=4 pair=(1,7) lam_t=0.99857 lam_s=1.00286 tsr_diff=0.000693 integral_mean=-0.000037 integral_std=0.000895 log_ratio=-0.0880 accept=0.9157 swapped=True
i=4 pair=(0,6) lam_t=1.00714 lam_s=1.01143 tsr_diff=0.000691 integral_mean=-0.000021 integral_std=0.000708 log_ratio=-0.0509 accept=0.9504 swapped=True
i=4 pair=(2,4) lam_t=1.01571 lam_s=1.02000 tsr_diff=0.000689 integral_mean=-0.000010 integral_std=0.000693 log_ratio=-0.0230 accept=0.9773 swapped=True
i=5 pair=(3,7) lam_t=0.99429 lam_s=0.99857 tsr_diff=0.001051 integral_mean=0.000046 integral_std=0.001064 log_ratio=0.0000 accept=1.0000 swapped=True
i=5 pair=(1,6) lam_t=1.00286 lam_s=1.00714 tsr_diff=0.001046 integral_mean=0.000105 integral_std=0.001227 log_ratio=0.0000 accept=1.0000 swapped=True
i=5 pair=(0,4) lam_t=1.01143 lam_s=1.01571 tsr_diff=0.001042 integral_mean=-0.000005 integral_std=0.001058 log_ratio=-0.0125 accept=0.9876 swapped=True
i=6 pair=(5,7) lam_t=0.99000 lam_s=0.99429 tsr_diff=0.001459 integral_mean=-0.000024 integral_std=0.001471 log_ratio=-0.0571 accept=0.9445 swapped=True
i=6 pair=(3,6) lam_t=0.99857 lam_s=1.00286 tsr_diff=0.001450 integral_mean=0.000023 integral_std=0.001651 log_ratio=0.0000 accept=1.0000 swapped=True
i=6 pair=(1,4) lam_t=1.00714 lam_s=1.01143 tsr_diff=0.001442 integral_mean=0.000017 integral_std=0.001457 log_ratio=0.0000 accept=1.0000 swapped=True
i=6 pair=(0,2) lam_t=1.01571 lam_s=1.02000 tsr_diff=0.001433 integral_mean=-0.000040 integral_std=0.001436 log_ratio=-0.0950 accept=0.9094 swapped=True
i=7 pair=(5,6) lam_t=0.99429 lam_s=0.99857 tsr_diff=0.001888 integral_mean=0.000030 integral_std=0.001921 log_ratio=0.0000 accept=1.0000 swapped=True
i=7 pair=(3,4) lam_t=1.00286 lam_s=1.00714 tsr_diff=0.001874 integral_mean=0.000020 integral_std=0.001989 log_ratio=0.0000 accept=1.0000 swapped=True
i=7 pair=(1,2) lam_t=1.01143 lam_s=1.01571 tsr_diff=0.001860 integral_mean=0.000075 integral_std=0.001936 log_ratio=0.0000 accept=1.0000 swapped=True
i=8 pair=(7,6) lam_t=0.99000 lam_s=0.99429 tsr_diff=0.002345 integral_mean=0.000033 integral_std=0.002707 log_ratio=0.0000 accept=1.0000 swapped=True
i=8 pair=(5,4) lam_t=0.99857 lam_s=1.00286 tsr_diff=0.002323 integral_mean=0.000084 integral_std=0.002185 log_ratio=0.0000 accept=1.0000 swapped=True
i=8 pair=(3,2) lam_t=1.00714 lam_s=1.01143 tsr_diff=0.002302 integral_mean=-0.000057 integral_std=0.002602 log_ratio=-0.1372 accept=0.8718 swapped=False
i=8 pair=(1,0) lam_t=1.01571 lam_s=1.02000 tsr_diff=0.002281 integral_mean=0.000063 integral_std=0.002321 log_ratio=0.0000 accept=1.0000 swapped=True
i=9 pair=(7,4) lam_t=0.99429 lam_s=0.99857 tsr_diff=0.002773 integral_mean=-0.000045 integral_std=0.003395 log_ratio=-0.1072 accept=0.8984 swapped=True
i=9 pair=(5,3) lam_t=1.00286 lam_s=1.00714 tsr_diff=0.002742 integral_mean=-0.000007 integral_std=0.003574 log_ratio=-0.0168 accept=0.9833 swapped=True
i=9 pair=(2,0) lam_t=1.01143 lam_s=1.01571 tsr_diff=0.002712 integral_mean=0.000065 integral_std=0.002652 log_ratio=0.0000 accept=1.0000 swapped=True
i=10 pair=(6,4) lam_t=0.99000 lam_s=0.99429 tsr_diff=0.003206 integral_mean=-0.000059 integral_std=0.003667 log_ratio=-0.1406 accept=0.8688 swapped=True
i=10 pair=(7,3) lam_t=0.99857 lam_s=1.00286 tsr_diff=0.003165 integral_mean=0.000027 integral_std=0.004001 log_ratio=0.0000 accept=1.0000 swapped=True
i=10 pair=(5,0) lam_t=1.00714 lam_s=1.01143 tsr_diff=0.003125 integral_mean=0.000241 integral_std=0.003552 log_ratio=0.0000 accept=1.0000 swapped=True
i=10 pair=(2,1) lam_t=1.01571 lam_s=1.02000 tsr_diff=0.003086 integral_mean=-0.000148 integral_std=0.003175 log_ratio=-0.3550 accept=0.7012 swapped=True
i=11 pair=(6,3) lam_t=0.99429 lam_s=0.99857 tsr_diff=0.003554 integral_mean=-0.000061 integral_std=0.006243 log_ratio=-0.1475 accept=0.8628 swapped=True
i=11 pair=(7,0) lam_t=1.00286 lam_s=1.00714 tsr_diff=0.003505 integral_mean=0.000099 integral_std=0.004552 log_ratio=0.0000 accept=1.0000 swapped=True
i=11 pair=(5,1) lam_t=1.01143 lam_s=1.01571 tsr_diff=0.003456 integral_mean=0.000031 integral_std=0.003291 log_ratio=0.0000 accept=1.0000 swapped=True
i=12 pair=(4,3) lam_t=0.99000 lam_s=0.99429 tsr_diff=0.003894 integral_mean=0.000229 integral_std=0.008657 log_ratio=0.0000 accept=1.0000 swapped=True
i=12 pair=(6,0) lam_t=0.99857 lam_s=1.00286 tsr_diff=0.003834 integral_mean=-0.000022 integral_std=0.004357 log_ratio=-0.0534 accept=0.9480 swapped=True
i=12 pair=(7,1) lam_t=1.00714 lam_s=1.01143 tsr_diff=0.003776 integral_mean=-0.000181 integral_std=0.006348 log_ratio=-0.4344 accept=0.6477 swapped=True
i=12 pair=(5,2) lam_t=1.01571 lam_s=1.02000 tsr_diff=0.003719 integral_mean=-0.000004 integral_std=0.004898 log_ratio=-0.0101 accept=0.9900 swapped=True
i=13 pair=(4,0) lam_t=0.99429 lam_s=0.99857 tsr_diff=0.004100 integral_mean=0.000312 integral_std=0.007221 log_ratio=0.0000 accept=1.0000 swapped=True
i=13 pair=(6,1) lam_t=1.00286 lam_s=1.00714 tsr_diff=0.004034 integral_mean=-0.000020 integral_std=0.006442 log_ratio=-0.0475 accept=0.9536 swapped=True
i=13 pair=(7,2) lam_t=1.01143 lam_s=1.01571 tsr_diff=0.003969 integral_mean=-0.000571 integral_std=0.009408 log_ratio=-1.3712 accept=0.2538 swapped=False
Best Sample: 0 log probability -0.349
Saved 1 samples to: logs/pointmaze-giant-navigate-v0/inference/plans/release_H400_T256_LimitsNormalizer_b1_condFalse/2026-07-15 12:07:56/38/0.png
Saved 1 samples to: logs/pointmaze-giant-navigate-v0/inference/plans/release_H400_T256_LimitsNormalizer_b1_condFalse/2026-07-15 12:07:56/38/rollout.png
i=0 pair=(0,1) lam_t=0.99000 lam_s=0.99429 tsr_diff=0.000000 integral_mean=0.000000 integral_std=0.000000 log_ratio=0.0000 accept=1.0000 swapped=True
i=0 pair=(2,3) lam_t=0.99857 lam_s=1.00286 tsr_diff=0.000000 integral_mean=0.000000 integral_std=0.000000 log_ratio=0.0000 accept=1.0000 swapped=True
i=0 pair=(4,5) lam_t=1.00714 lam_s=1.01143 tsr_diff=0.000000 integral_mean=0.000000 integral_std=0.000000 log_ratio=0.0000 accept=1.0000 swapped=True
i=0 pair=(6,7) lam_t=1.01571 lam_s=1.02000 tsr_diff=0.000000 integral_mean=0.000000 integral_std=0.000000 log_ratio=0.0000 accept=1.0000 swapped=True
i=1 pair=(0,3) lam_t=0.99429 lam_s=0.99857 tsr_diff=0.000046 integral_mean=-0.000001 integral_std=0.000048 log_ratio=-0.0012 accept=0.9988 swapped=True
i=1 pair=(2,5) lam_t=1.00286 lam_s=1.00714 tsr_diff=0.000046 integral_mean=-0.000000 integral_std=0.000046 log_ratio=-0.0002 accept=0.9998 swapped=True
i=1 pair=(4,7) lam_t=1.01143 lam_s=1.01571 tsr_diff=0.000046 integral_mean=0.000000 integral_std=0.000048 log_ratio=0.0000 accept=1.0000 swapped=True
i=2 pair=(1,3) lam_t=0.99000 lam_s=0.99429 tsr_diff=0.000181 integral_mean=0.000007 integral_std=0.000198 log_ratio=0.0000 accept=1.0000 swapped=True
i=2 pair=(0,5) lam_t=0.99857 lam_s=1.00286 tsr_diff=0.000181 integral_mean=-0.000003 integral_std=0.000170 log_ratio=-0.0072 accept=0.9928 swapped=True
i=2 pair=(2,7) lam_t=1.00714 lam_s=1.01143 tsr_diff=0.000181 integral_mean=-0.000001 integral_std=0.000189 log_ratio=-0.0023 accept=0.9977 swapped=True
i=2 pair=(4,6) lam_t=1.01571 lam_s=1.02000 tsr_diff=0.000181 integral_mean=0.000011 integral_std=0.000199 log_ratio=0.0000 accept=1.0000 swapped=True
i=3 pair=(1,5) lam_t=0.99429 lam_s=0.99857 tsr_diff=0.000400 integral_mean=0.000005 integral_std=0.000410 log_ratio=0.0000 accept=1.0000 swapped=True
i=3 pair=(0,7) lam_t=1.00286 lam_s=1.00714 tsr_diff=0.000400 integral_mean=0.000000 integral_std=0.000421 log_ratio=0.0000 accept=1.0000 swapped=True
i=3 pair=(2,6) lam_t=1.01143 lam_s=1.01571 tsr_diff=0.000399 integral_mean=-0.000010 integral_std=0.000413 log_ratio=-0.0229 accept=0.9774 swapped=True
i=4 pair=(3,5) lam_t=0.99000 lam_s=0.99429 tsr_diff=0.000695 integral_mean=-0.000008 integral_std=0.000727 log_ratio=-0.0189 accept=0.9813 swapped=True
i=4 pair=(1,7) lam_t=0.99857 lam_s=1.00286 tsr_diff=0.000693 integral_mean=0.000014 integral_std=0.000691 log_ratio=0.0000 accept=1.0000 swapped=True
i=4 pair=(0,6) lam_t=1.00714 lam_s=1.01143 tsr_diff=0.000691 integral_mean=-0.000015 integral_std=0.000704 log_ratio=-0.0366 accept=0.9641 swapped=True
i=4 pair=(2,4) lam_t=1.01571 lam_s=1.02000 tsr_diff=0.000689 integral_mean=-0.000005 integral_std=0.000678 log_ratio=-0.0112 accept=0.9889 swapped=True
i=5 pair=(3,7) lam_t=0.99429 lam_s=0.99857 tsr_diff=0.001051 integral_mean=-0.000012 integral_std=0.001053 log_ratio=-0.0296 accept=0.9708 swapped=True
i=5 pair=(1,6) lam_t=1.00286 lam_s=1.00714 tsr_diff=0.001046 integral_mean=0.000004 integral_std=0.001062 log_ratio=0.0000 accept=1.0000 swapped=True
i=5 pair=(0,4) lam_t=1.01143 lam_s=1.01571 tsr_diff=0.001042 integral_mean=0.000026 integral_std=0.000977 log_ratio=0.0000 accept=1.0000 swapped=True
i=6 pair=(5,7) lam_t=0.99000 lam_s=0.99429 tsr_diff=0.001459 integral_mean=0.000306 integral_std=0.001899 log_ratio=0.0000 accept=1.0000 swapped=True
i=6 pair=(3,6) lam_t=0.99857 lam_s=1.00286 tsr_diff=0.001450 integral_mean=-0.000015 integral_std=0.001474 log_ratio=-0.0357 accept=0.9650 swapped=True
i=6 pair=(1,4) lam_t=1.00714 lam_s=1.01143 tsr_diff=0.001442 integral_mean=0.000056 integral_std=0.001360 log_ratio=0.0000 accept=1.0000 swapped=True
i=6 pair=(0,2) lam_t=1.01571 lam_s=1.02000 tsr_diff=0.001433 integral_mean=-0.000009 integral_std=0.001420 log_ratio=-0.0222 accept=0.9781 swapped=True
i=7 pair=(5,6) lam_t=0.99429 lam_s=0.99857 tsr_diff=0.001888 integral_mean=0.000276 integral_std=0.002214 log_ratio=0.0000 accept=1.0000 swapped=True
i=7 pair=(3,4) lam_t=1.00286 lam_s=1.00714 tsr_diff=0.001874 integral_mean=0.000131 integral_std=0.002510 log_ratio=0.0000 accept=1.0000 swapped=True
i=7 pair=(1,2) lam_t=1.01143 lam_s=1.01571 tsr_diff=0.001860 integral_mean=0.000031 integral_std=0.001814 log_ratio=0.0000 accept=1.0000 swapped=True
i=8 pair=(7,6) lam_t=0.99000 lam_s=0.99429 tsr_diff=0.002345 integral_mean=0.000010 integral_std=0.002208 log_ratio=0.0000 accept=1.0000 swapped=True
i=8 pair=(5,4) lam_t=0.99857 lam_s=1.00286 tsr_diff=0.002323 integral_mean=0.000163 integral_std=0.002597 log_ratio=0.0000 accept=1.0000 swapped=True
i=8 pair=(3,2) lam_t=1.00714 lam_s=1.01143 tsr_diff=0.002302 integral_mean=0.000645 integral_std=0.003275 log_ratio=0.0000 accept=1.0000 swapped=True
i=8 pair=(1,0) lam_t=1.01571 lam_s=1.02000 tsr_diff=0.002281 integral_mean=0.000082 integral_std=0.002291 log_ratio=0.0000 accept=1.0000 swapped=True
i=9 pair=(7,4) lam_t=0.99429 lam_s=0.99857 tsr_diff=0.002773 integral_mean=0.000012 integral_std=0.003125 log_ratio=0.0000 accept=1.0000 swapped=True
i=9 pair=(5,2) lam_t=1.00286 lam_s=1.00714 tsr_diff=0.002742 integral_mean=0.000146 integral_std=0.002890 log_ratio=0.0000 accept=1.0000 swapped=True
i=9 pair=(3,0) lam_t=1.01143 lam_s=1.01571 tsr_diff=0.002712 integral_mean=0.000575 integral_std=0.003717 log_ratio=0.0000 accept=1.0000 swapped=True
i=10 pair=(6,4) lam_t=0.99000 lam_s=0.99429 tsr_diff=0.003206 integral_mean=0.000024 integral_std=0.003733 log_ratio=0.0000 accept=1.0000 swapped=True
i=10 pair=(7,2) lam_t=0.99857 lam_s=1.00286 tsr_diff=0.003165 integral_mean=0.000076 integral_std=0.003458 log_ratio=0.0000 accept=1.0000 swapped=True
i=10 pair=(5,0) lam_t=1.00714 lam_s=1.01143 tsr_diff=0.003125 integral_mean=0.000124 integral_std=0.003567 log_ratio=0.0000 accept=1.0000 swapped=True
i=10 pair=(3,1) lam_t=1.01571 lam_s=1.02000 tsr_diff=0.003086 integral_mean=0.000215 integral_std=0.004331 log_ratio=0.0000 accept=1.0000 swapped=True
i=11 pair=(6,2) lam_t=0.99429 lam_s=0.99857 tsr_diff=0.003554 integral_mean=0.000055 integral_std=0.004628 log_ratio=0.0000 accept=1.0000 swapped=True
i=11 pair=(7,0) lam_t=1.00286 lam_s=1.00714 tsr_diff=0.003505 integral_mean=0.000074 integral_std=0.003958 log_ratio=0.0000 accept=1.0000 swapped=True
i=11 pair=(5,1) lam_t=1.01143 lam_s=1.01571 tsr_diff=0.003456 integral_mean=-0.000122 integral_std=0.005280 log_ratio=-0.2931 accept=0.7460 swapped=True
i=12 pair=(4,2) lam_t=0.99000 lam_s=0.99429 tsr_diff=0.003894 integral_mean=0.000076 integral_std=0.005262 log_ratio=0.0000 accept=1.0000 swapped=True
i=12 pair=(6,0) lam_t=0.99857 lam_s=1.00286 tsr_diff=0.003834 integral_mean=0.000078 integral_std=0.005383 log_ratio=0.0000 accept=1.0000 swapped=True
i=12 pair=(7,1) lam_t=1.00714 lam_s=1.01143 tsr_diff=0.003776 integral_mean=-0.000309 integral_std=0.006538 log_ratio=-0.7421 accept=0.4761 swapped=True
i=12 pair=(5,3) lam_t=1.01571 lam_s=1.02000 tsr_diff=0.003719 integral_mean=0.000316 integral_std=0.006804 log_ratio=0.0000 accept=1.0000 swapped=True
i=13 pair=(4,0) lam_t=0.99429 lam_s=0.99857 tsr_diff=0.004100 integral_mean=0.000268 integral_std=0.006521 log_ratio=0.0000 accept=1.0000 swapped=True
i=13 pair=(6,1) lam_t=1.00286 lam_s=1.00714 tsr_diff=0.004034 integral_mean=-0.000001 integral_std=0.007854 log_ratio=-0.0016 accept=0.9984 swapped=True
i=13 pair=(7,3) lam_t=1.01143 lam_s=1.01571 tsr_diff=0.003969 integral_mean=-0.000102 integral_std=0.007646 log_ratio=-0.2457 accept=0.7822 swapped=False
Best Sample: 7 log probability -5.084
Saved 1 samples to: logs/pointmaze-giant-navigate-v0/inference/plans/release_H400_T256_LimitsNormalizer_b1_condFalse/2026-07-15 12:07:56/39/0.png
Saved 1 samples to: logs/pointmaze-giant-navigate-v0/inference/plans/release_H400_T256_LimitsNormalizer_b1_condFalse/2026-07-15 12:07:56/39/rollout.png
i=0 pair=(0,1) lam_t=0.99000 lam_s=0.99429 tsr_diff=0.000000 integral_mean=0.000000 integral_std=0.000000 log_ratio=0.0000 accept=1.0000 swapped=True
i=0 pair=(2,3) lam_t=0.99857 lam_s=1.00286 tsr_diff=0.000000 integral_mean=0.000000 integral_std=0.000000 log_ratio=0.0000 accept=1.0000 swapped=True
i=0 pair=(4,5) lam_t=1.00714 lam_s=1.01143 tsr_diff=0.000000 integral_mean=0.000000 integral_std=0.000000 log_ratio=0.0000 accept=1.0000 swapped=True
i=0 pair=(6,7) lam_t=1.01571 lam_s=1.02000 tsr_diff=0.000000 integral_mean=0.000000 integral_std=0.000000 log_ratio=0.0000 accept=1.0000 swapped=True
i=1 pair=(0,3) lam_t=0.99429 lam_s=0.99857 tsr_diff=0.000046 integral_mean=-0.000000 integral_std=0.000046 log_ratio=-0.0003 accept=0.9997 swapped=True
i=1 pair=(2,5) lam_t=1.00286 lam_s=1.00714 tsr_diff=0.000046 integral_mean=-0.000001 integral_std=0.000048 log_ratio=-0.0013 accept=0.9987 swapped=True
i=1 pair=(4,7) lam_t=1.01143 lam_s=1.01571 tsr_diff=0.000046 integral_mean=-0.000001 integral_std=0.000045 log_ratio=-0.0036 accept=0.9964 swapped=True
i=2 pair=(1,3) lam_t=0.99000 lam_s=0.99429 tsr_diff=0.000181 integral_mean=-0.000015 integral_std=0.000203 log_ratio=-0.0368 accept=0.9639 swapped=True
i=2 pair=(0,5) lam_t=0.99857 lam_s=1.00286 tsr_diff=0.000181 integral_mean=-0.000010 integral_std=0.000189 log_ratio=-0.0241 accept=0.9762 swapped=True
i=2 pair=(2,7) lam_t=1.00714 lam_s=1.01143 tsr_diff=0.000181 integral_mean=-0.000000 integral_std=0.000189 log_ratio=-0.0005 accept=0.9995 swapped=True
i=2 pair=(4,6) lam_t=1.01571 lam_s=1.02000 tsr_diff=0.000181 integral_mean=0.000004 integral_std=0.000188 log_ratio=0.0000 accept=1.0000 swapped=True
i=3 pair=(1,5) lam_t=0.99429 lam_s=0.99857 tsr_diff=0.000400 integral_mean=0.000005 integral_std=0.000450 log_ratio=0.0000 accept=1.0000 swapped=True
i=3 pair=(0,7) lam_t=1.00286 lam_s=1.00714 tsr_diff=0.000400 integral_mean=-0.000013 integral_std=0.000403 log_ratio=-0.0310 accept=0.9695 swapped=True
i=3 pair=(2,6) lam_t=1.01143 lam_s=1.01571 tsr_diff=0.000399 integral_mean=0.000012 integral_std=0.000410 log_ratio=0.0000 accept=1.0000 swapped=True
i=4 pair=(3,5) lam_t=0.99000 lam_s=0.99429 tsr_diff=0.000695 integral_mean=-0.000046 integral_std=0.000725 log_ratio=-0.1114 accept=0.8946 swapped=False
i=4 pair=(1,7) lam_t=0.99857 lam_s=1.00286 tsr_diff=0.000693 integral_mean=-0.000004 integral_std=0.000697 log_ratio=-0.0098 accept=0.9902 swapped=True
i=4 pair=(0,6) lam_t=1.00714 lam_s=1.01143 tsr_diff=0.000691 integral_mean=-0.000119 integral_std=0.000768 log_ratio=-0.2867 accept=0.7507 swapped=False
i=4 pair=(2,4) lam_t=1.01571 lam_s=1.02000 tsr_diff=0.000689 integral_mean=-0.000020 integral_std=0.000719 log_ratio=-0.0470 accept=0.9541 swapped=True
i=5 pair=(5,7) lam_t=0.99429 lam_s=0.99857 tsr_diff=0.001051 integral_mean=-0.000045 integral_std=0.001146 log_ratio=-0.1089 accept=0.8968 swapped=True
i=5 pair=(1,0) lam_t=1.00286 lam_s=1.00714 tsr_diff=0.001046 integral_mean=0.000021 integral_std=0.001009 log_ratio=0.0000 accept=1.0000 swapped=True
i=5 pair=(6,4) lam_t=1.01143 lam_s=1.01571 tsr_diff=0.001042 integral_mean=-0.000026 integral_std=0.001060 log_ratio=-0.0619 accept=0.9400 swapped=True
i=6 pair=(3,7) lam_t=0.99000 lam_s=0.99429 tsr_diff=0.001459 integral_mean=-0.000016 integral_std=0.001530 log_ratio=-0.0374 accept=0.9633 swapped=True
i=6 pair=(5,0) lam_t=0.99857 lam_s=1.00286 tsr_diff=0.001450 integral_mean=0.000011 integral_std=0.001474 log_ratio=0.0000 accept=1.0000 swapped=True
i=6 pair=(1,4) lam_t=1.00714 lam_s=1.01143 tsr_diff=0.001442 integral_mean=0.000038 integral_std=0.001619 log_ratio=0.0000 accept=1.0000 swapped=True
i=6 pair=(6,2) lam_t=1.01571 lam_s=1.02000 tsr_diff=0.001433 integral_mean=0.000004 integral_std=0.001381 log_ratio=0.0000 accept=1.0000 swapped=True
i=7 pair=(3,0) lam_t=0.99429 lam_s=0.99857 tsr_diff=0.001888 integral_mean=0.000007 integral_std=0.001866 log_ratio=0.0000 accept=1.0000 swapped=True
i=7 pair=(5,4) lam_t=1.00286 lam_s=1.00714 tsr_diff=0.001874 integral_mean=-0.000061 integral_std=0.001898 log_ratio=-0.1461 accept=0.8641 swapped=True
i=7 pair=(1,2) lam_t=1.01143 lam_s=1.01571 tsr_diff=0.001860 integral_mean=-0.000020 integral_std=0.001808 log_ratio=-0.0478 accept=0.9533 swapped=True
i=8 pair=(7,0) lam_t=0.99000 lam_s=0.99429 tsr_diff=0.002345 integral_mean=0.000094 integral_std=0.002676 log_ratio=0.0000 accept=1.0000 swapped=True
i=8 pair=(3,4) lam_t=0.99857 lam_s=1.00286 tsr_diff=0.002323 integral_mean=-0.000112 integral_std=0.002822 log_ratio=-0.2688 accept=0.7643 swapped=True
i=8 pair=(5,2) lam_t=1.00714 lam_s=1.01143 tsr_diff=0.002302 integral_mean=-0.000057 integral_std=0.002331 log_ratio=-0.1374 accept=0.8716 swapped=True
i=8 pair=(1,6) lam_t=1.01571 lam_s=1.02000 tsr_diff=0.002281 integral_mean=0.000025 integral_std=0.002274 log_ratio=0.0000 accept=1.0000 swapped=True
i=9 pair=(7,4) lam_t=0.99429 lam_s=0.99857 tsr_diff=0.002773 integral_mean=0.000058 integral_std=0.002872 log_ratio=0.0000 accept=1.0000 swapped=True
i=9 pair=(3,2) lam_t=1.00286 lam_s=1.00714 tsr_diff=0.002742 integral_mean=-0.000237 integral_std=0.003661 log_ratio=-0.5700 accept=0.5655 swapped=True
i=9 pair=(5,6) lam_t=1.01143 lam_s=1.01571 tsr_diff=0.002712 integral_mean=-0.000020 integral_std=0.002778 log_ratio=-0.0476 accept=0.9536 swapped=True
i=10 pair=(0,4) lam_t=0.99000 lam_s=0.99429 tsr_diff=0.003206 integral_mean=-0.000130 integral_std=0.004111 log_ratio=-0.3131 accept=0.7312 swapped=True
i=10 pair=(7,2) lam_t=0.99857 lam_s=1.00286 tsr_diff=0.003165 integral_mean=0.000071 integral_std=0.003554 log_ratio=0.0000 accept=1.0000 swapped=True
i=10 pair=(3,6) lam_t=1.00714 lam_s=1.01143 tsr_diff=0.003125 integral_mean=0.000024 integral_std=0.003960 log_ratio=0.0000 accept=1.0000 swapped=True
i=10 pair=(5,1) lam_t=1.01571 lam_s=1.02000 tsr_diff=0.003086 integral_mean=-0.000013 integral_std=0.003389 log_ratio=-0.0315 accept=0.9690 swapped=True
i=11 pair=(0,2) lam_t=0.99429 lam_s=0.99857 tsr_diff=0.003554 integral_mean=-0.000242 integral_std=0.004855 log_ratio=-0.5809 accept=0.5594 swapped=True
i=11 pair=(7,6) lam_t=1.00286 lam_s=1.00714 tsr_diff=0.003505 integral_mean=0.000186 integral_std=0.004546 log_ratio=0.0000 accept=1.0000 swapped=True
i=11 pair=(3,1) lam_t=1.01143 lam_s=1.01571 tsr_diff=0.003456 integral_mean=0.000071 integral_std=0.003519 log_ratio=0.0000 accept=1.0000 swapped=True
i=12 pair=(4,2) lam_t=0.99000 lam_s=0.99429 tsr_diff=0.003894 integral_mean=0.000036 integral_std=0.006509 log_ratio=0.0000 accept=1.0000 swapped=True
i=12 pair=(0,6) lam_t=0.99857 lam_s=1.00286 tsr_diff=0.003834 integral_mean=-0.000236 integral_std=0.004745 log_ratio=-0.5661 accept=0.5677 swapped=True
i=12 pair=(7,1) lam_t=1.00714 lam_s=1.01143 tsr_diff=0.003776 integral_mean=0.000282 integral_std=0.006604 log_ratio=0.0000 accept=1.0000 swapped=True
i=12 pair=(3,5) lam_t=1.01571 lam_s=1.02000 tsr_diff=0.003719 integral_mean=-0.000014 integral_std=0.005414 log_ratio=-0.0345 accept=0.9661 swapped=True
i=13 pair=(4,6) lam_t=0.99429 lam_s=0.99857 tsr_diff=0.004100 integral_mean=0.000199 integral_std=0.009534 log_ratio=0.0000 accept=1.0000 swapped=True
i=13 pair=(0,1) lam_t=1.00286 lam_s=1.00714 tsr_diff=0.004034 integral_mean=0.000008 integral_std=0.003262 log_ratio=0.0000 accept=1.0000 swapped=True
i=13 pair=(7,5) lam_t=1.01143 lam_s=1.01571 tsr_diff=0.003969 integral_mean=0.000681 integral_std=0.009332 log_ratio=0.0000 accept=1.0000 swapped=True
Best Sample: 1 log probability -3.263
Saved 1 samples to: logs/pointmaze-giant-navigate-v0/inference/plans/release_H400_T256_LimitsNormalizer_b1_condFalse/2026-07-15 12:07:56/40/0.png
Saved 1 samples to: logs/pointmaze-giant-navigate-v0/inference/plans/release_H400_T256_LimitsNormalizer_b1_condFalse/2026-07-15 12:07:56/40/rollout.png
Success Rate: 62.5, Average Compute: 256.0
Exception ignored in: <function OffScreenViewer.__del__ at 0x14c95accf2e0>
Traceback (most recent call last):
  File "/n/home00/zoewu/.conda/envs/maze/lib/python3.10/site-packages/gymnasium/envs/mujoco/mujoco_rendering.py", line 204, in __del__
    self.free()
  File "/n/home00/zoewu/.conda/envs/maze/lib/python3.10/site-packages/gymnasium/envs/mujoco/mujoco_rendering.py", line 201, in free
    self.opengl_context.free()
  File "/n/home00/zoewu/.conda/envs/maze/lib/python3.10/site-packages/mujoco/egl/__init__.py", line 133, in free
    EGL.eglDestroyContext(EGL_DISPLAY, self._context)
  File "/n/home00/zoewu/.conda/envs/maze/lib/python3.10/site-packages/OpenGL/error.py", line 230, in glCheckError
    raise self._errorClass(
OpenGL.raw.EGL._errors.EGLError: EGLError(
	err = EGL_NOT_INITIALIZED,
	baseOperation = eglDestroyContext,
	cArguments = (
		<OpenGL._opaque.EGLDisplay_pointer object at 0x14ca38f08e40>,
		<OpenGL._opaque.EGLContext_pointer object at 0x14c966127ec0>,
	),
	result = 0
)
Exception ignored in: <function GLContext.__del__ at 0x14c9649b4e50>
Traceback (most recent call last):
  File "/n/home00/zoewu/.conda/envs/maze/lib/python3.10/site-packages/mujoco/egl/__init__.py", line 138, in __del__
    self.free()
  File "/n/home00/zoewu/.conda/envs/maze/lib/python3.10/site-packages/mujoco/egl/__init__.py", line 133, in free
    EGL.eglDestroyContext(EGL_DISPLAY, self._context)
  File "/n/home00/zoewu/.conda/envs/maze/lib/python3.10/site-packages/OpenGL/error.py", line 230, in glCheckError
    raise self._errorClass(
OpenGL.raw.EGL._errors.EGLError: EGLError(
	err = EGL_NOT_INITIALIZED,
	baseOperation = eglDestroyContext,
	cArguments = (
		<OpenGL._opaque.EGLDisplay_pointer object at 0x14ca38f08e40>,
		<OpenGL._opaque.EGLContext_pointer object at 0x14c966127ec0>,
	),
	result = 0
)
Exception ignored in: <function OffScreenViewer.__del__ at 0x14c95accf2e0>
Traceback (most recent call last):
  File "/n/home00/zoewu/.conda/envs/maze/lib/python3.10/site-packages/gymnasium/envs/mujoco/mujoco_rendering.py", line 204, in __del__
    self.free()
  File "/n/home00/zoewu/.conda/envs/maze/lib/python3.10/site-packages/gymnasium/envs/mujoco/mujoco_rendering.py", line 201, in free
    self.opengl_context.free()
  File "/n/home00/zoewu/.conda/envs/maze/lib/python3.10/site-packages/mujoco/egl/__init__.py", line 133, in free
    EGL.eglDestroyContext(EGL_DISPLAY, self._context)
  File "/n/home00/zoewu/.conda/envs/maze/lib/python3.10/site-packages/OpenGL/error.py", line 230, in glCheckError
    raise self._errorClass(
OpenGL.raw.EGL._errors.EGLError: EGLError(
	err = EGL_NOT_INITIALIZED,
	baseOperation = eglDestroyContext,
	cArguments = (
		<OpenGL._opaque.EGLDisplay_pointer object at 0x14ca38f08e40>,
		<OpenGL._opaque.EGLContext_pointer object at 0x14c95ab29340>,
	),
	result = 0
)
Exception ignored in: <function GLContext.__del__ at 0x14c9649b4e50>
Traceback (most recent call last):
  File "/n/home00/zoewu/.conda/envs/maze/lib/python3.10/site-packages/mujoco/egl/__init__.py", line 138, in __del__
    self.free()
  File "/n/home00/zoewu/.conda/envs/maze/lib/python3.10/site-packages/mujoco/egl/__init__.py", line 133, in free
    EGL.eglDestroyContext(EGL_DISPLAY, self._context)
  File "/n/home00/zoewu/.conda/envs/maze/lib/python3.10/site-packages/OpenGL/error.py", line 230, in glCheckError
    raise self._errorClass(
OpenGL.raw.EGL._errors.EGLError: EGLError(
	err = EGL_NOT_INITIALIZED,
	baseOperation = eglDestroyContext,
	cArguments = (
		<OpenGL._opaque.EGLDisplay_pointer object at 0x14ca38f08e40>,
		<OpenGL._opaque.EGLContext_pointer object at 0x14c95ab29340>,
	),
	result = 0
)
