/n/home00/zoewu/STEER/pointmaze/diffuser/utils/training.py:161: FutureWarning: You are using `torch.load` with `weights_only=False` (the current default value), which uses the default pickle module implicitly. It is possible to construct malicious pickle data which will execute arbitrary code during unpickling (See https://github.com/pytorch/pytorch/blob/main/SECURITY.md#untrusted-models for more details). In a future release, the default value for `weights_only` will be flipped to `True`. This limits the functions that could be executed during unpickling. Arbitrary objects will no longer be allowed to be loaded via this mode unless they are explicitly allowlisted by the user via `torch.serialization.add_safe_globals`. We recommend you start setting `weights_only=True` for any use case where you don't have full control of the loaded file. Please open an issue on GitHub for any issues related to this experimental feature.
  data = torch.load(loadpath, map_location='cpu')
[ utils/setup ] Reading config: config.pointmaze:pointmaze_giant_navigate_v0
[ utils/setup ] Using overrides | config: config.pointmaze | dataset: pointmaze_giant_navigate_v0
[ utils/setup ] Lazy fstring | diffusion_loadpath : f:diffusion/H{horizon}_T{n_diffusion_steps} --> diffusion/H400_T256
[ utils/setup ] Setting exp_name to: plans/release_H400_T256_LimitsNormalizer_b1_condFalse
[ utils/setup ] Saved args to logs/pointmaze-giant-navigate-v0/plans/release_H400_T256_LimitsNormalizer_b1_condFalse/0/args.json
[ utils/serialization ] Loaded config from logs/pointmaze-giant-navigate-v0/diffusion/H400_T256/dataset_config.pkl

[utils/config ] Config: <class 'diffuser.datasets.sequence.GoalDataset'>
    env: pointmaze-giant-navigate-v0
    horizon: 400
    max_path_length: 40000
    normalizer: LimitsNormalizer
    preprocess_fns: []
    termination_penalty: None
    use_padding: False

[ utils/serialization ] Loaded config from logs/pointmaze-giant-navigate-v0/diffusion/H400_T256/render_config.pkl

[utils/config ] Config: <class 'diffuser.utils.rendering.PointMazeRenderer'>
    env: pointmaze-giant-navigate-v0

[ utils/serialization ] Loaded config from logs/pointmaze-giant-navigate-v0/diffusion/H400_T256/model_config.pkl

[utils/config ] Config: <class 'diffuser.models.temporal.TemporalUnet'>
    cond_dim: 2
    dim_mults: (1, 4, 8)
    horizon: 424
    transition_dim: 4

[ utils/serialization ] Loaded config from logs/pointmaze-giant-navigate-v0/diffusion/H400_T256/diffusion_config.pkl

[utils/config ] Config: <class 'diffuser.models.diffusion.GaussianDiffusion'>
    action_dim: 2
    action_weight: 1
    clip_denoised: True
    horizon: 400
    loss_discount: 1
    loss_type: l2
    loss_weights: None
    n_timesteps: 256
    observation_dim: 2
    predict_epsilon: False

[ utils/serialization ] Loaded config from logs/pointmaze-giant-navigate-v0/diffusion/H400_T256/trainer_config.pkl

[utils/config ] Config: <class 'diffuser.utils.training.Trainer'>
    bucket: None
    ema_decay: 0.995
    gradient_accumulate_every: 2
    label_freq: 40000
    n_reference: 50
    n_samples: 10
    results_folder: logs/pointmaze-giant-navigate-v0/diffusion/H400_T256
    sample_freq: 1000
    save_freq: 1000
    save_parallel: False
    train_batch_size: 32
    train_lr: 0.0002

[ datasets/buffer ] Finalized replay buffer | 1500 episodes
[ datasets/buffer ] Fields:
    observations: (1500, 40000, 2)
    actions: (1500, 40000, 2)
    terminals: (1500, 40000, 1)
    next_observations: (1500, 40000, 2)
    normed_observations: (1500, 40000, 2)
    normed_actions: (1500, 40000, 2)
[ models/temporal ] Channel dimensions: [(4, 32), (32, 128), (128, 256)]
[(4, 32), (32, 128), (128, 256)]

[ utils/serialization ] Loading model epoch: 1200000

i=0 pair=(0,1) lam_t=0.95000 lam_s=0.96429 tsr_diff=0.000000 integral_mean=0.000000 integral_std=0.000000 log_ratio=0.0000 accept=1.0000 swapped=True
i=0 pair=(2,3) lam_t=0.97857 lam_s=0.99286 tsr_diff=0.000000 integral_mean=0.000000 integral_std=0.000000 log_ratio=0.0000 accept=1.0000 swapped=True
i=0 pair=(4,5) lam_t=1.00714 lam_s=1.02143 tsr_diff=0.000000 integral_mean=0.000000 integral_std=0.000000 log_ratio=0.0000 accept=1.0000 swapped=True
i=0 pair=(6,7) lam_t=1.03571 lam_s=1.05000 tsr_diff=0.000000 integral_mean=0.000000 integral_std=0.000000 log_ratio=0.0000 accept=1.0000 swapped=True
i=1 pair=(0,3) lam_t=0.96429 lam_s=0.97857 tsr_diff=0.000153 integral_mean=-0.000006 integral_std=0.000159 log_ratio=-0.0134 accept=0.9867 swapped=True
i=1 pair=(2,5) lam_t=0.99286 lam_s=1.00714 tsr_diff=0.000152 integral_mean=0.000002 integral_std=0.000152 log_ratio=0.0000 accept=1.0000 swapped=True
i=1 pair=(4,7) lam_t=1.02143 lam_s=1.03571 tsr_diff=0.000152 integral_mean=0.000008 integral_std=0.000147 log_ratio=0.0000 accept=1.0000 swapped=True
i=2 pair=(1,3) lam_t=0.95000 lam_s=0.96429 tsr_diff=0.000605 integral_mean=0.000008 integral_std=0.000615 log_ratio=0.0000 accept=1.0000 swapped=True
i=2 pair=(0,5) lam_t=0.97857 lam_s=0.99286 tsr_diff=0.000604 integral_mean=0.000023 integral_std=0.000623 log_ratio=0.0000 accept=1.0000 swapped=True
i=2 pair=(2,7) lam_t=1.00714 lam_s=1.02143 tsr_diff=0.000603 integral_mean=-0.000002 integral_std=0.000643 log_ratio=-0.0042 accept=0.9958 swapped=True
i=2 pair=(4,6) lam_t=1.03571 lam_s=1.05000 tsr_diff=0.000601 integral_mean=-0.000043 integral_std=0.000579 log_ratio=-0.1043 accept=0.9009 swapped=True
i=3 pair=(1,5) lam_t=0.96429 lam_s=0.97857 tsr_diff=0.001341 integral_mean=0.000082 integral_std=0.001384 log_ratio=0.0000 accept=1.0000 swapped=True
i=3 pair=(0,7) lam_t=0.99286 lam_s=1.00714 tsr_diff=0.001333 integral_mean=-0.000001 integral_std=0.001282 log_ratio=-0.0023 accept=0.9977 swapped=True
i=3 pair=(2,6) lam_t=1.02143 lam_s=1.03571 tsr_diff=0.001326 integral_mean=0.000034 integral_std=0.001265 log_ratio=0.0000 accept=1.0000 swapped=True
i=4 pair=(3,5) lam_t=0.95000 lam_s=0.96429 tsr_diff=0.002344 integral_mean=0.000354 integral_std=0.002704 log_ratio=0.0000 accept=1.0000 swapped=True
i=4 pair=(1,7) lam_t=0.97857 lam_s=0.99286 tsr_diff=0.002322 integral_mean=0.000120 integral_std=0.002534 log_ratio=0.0000 accept=1.0000 swapped=True
i=4 pair=(0,6) lam_t=1.00714 lam_s=1.02143 tsr_diff=0.002301 integral_mean=-0.000050 integral_std=0.002087 log_ratio=-0.1188 accept=0.8879 swapped=False
i=4 pair=(2,4) lam_t=1.03571 lam_s=1.05000 tsr_diff=0.002280 integral_mean=0.000131 integral_std=0.002211 log_ratio=0.0000 accept=1.0000 swapped=True
i=5 pair=(3,7) lam_t=0.96429 lam_s=0.97857 tsr_diff=0.003545 integral_mean=-0.000226 integral_std=0.004207 log_ratio=-0.5424 accept=0.5813 swapped=False
i=5 pair=(1,0) lam_t=0.99286 lam_s=1.00714 tsr_diff=0.003496 integral_mean=0.000210 integral_std=0.003528 log_ratio=0.0000 accept=1.0000 swapped=True
i=5 pair=(6,4) lam_t=1.02143 lam_s=1.03571 tsr_diff=0.003447 integral_mean=-0.000118 integral_std=0.003125 log_ratio=-0.2832 accept=0.7534 swapped=True
i=6 pair=(5,3) lam_t=0.95000 lam_s=0.96429 tsr_diff=0.004979 integral_mean=-0.000488 integral_std=0.004918 log_ratio=-1.1701 accept=0.3103 swapped=False
i=6 pair=(7,0) lam_t=0.97857 lam_s=0.99286 tsr_diff=0.004883 integral_mean=0.000293 integral_std=0.005012 log_ratio=0.0000 accept=1.0000 swapped=True
i=6 pair=(1,4) lam_t=1.00714 lam_s=1.02143 tsr_diff=0.004789 integral_mean=-0.000497 integral_std=0.005420 log_ratio=-1.1923 accept=0.3035 swapped=True
i=6 pair=(6,2) lam_t=1.03571 lam_s=1.05000 tsr_diff=0.004698 integral_mean=0.000039 integral_std=0.004660 log_ratio=0.0000 accept=1.0000 swapped=True
i=7 pair=(3,0) lam_t=0.96429 lam_s=0.97857 tsr_diff=0.006435 integral_mean=0.000719 integral_std=0.007086 log_ratio=0.0000 accept=1.0000 swapped=True
i=7 pair=(7,4) lam_t=0.99286 lam_s=1.00714 tsr_diff=0.006274 integral_mean=-0.000234 integral_std=0.006624 log_ratio=-0.5605 accept=0.5709 swapped=True
i=7 pair=(1,2) lam_t=1.02143 lam_s=1.03571 tsr_diff=0.006120 integral_mean=0.000099 integral_std=0.005367 log_ratio=0.0000 accept=1.0000 swapped=True
i=8 pair=(5,0) lam_t=0.95000 lam_s=0.96429 tsr_diff=0.008123 integral_mean=-0.000546 integral_std=0.008265 log_ratio=-1.3107 accept=0.2696 swapped=False
i=8 pair=(3,4) lam_t=0.97857 lam_s=0.99286 tsr_diff=0.007872 integral_mean=-0.007910 integral_std=0.044065 log_ratio=-18.9851 accept=0.0000 swapped=False
i=8 pair=(7,2) lam_t=1.00714 lam_s=1.02143 tsr_diff=0.007631 integral_mean=0.000012 integral_std=0.007881 log_ratio=0.0000 accept=1.0000 swapped=True
i=8 pair=(1,6) lam_t=1.03571 lam_s=1.05000 tsr_diff=0.007402 integral_mean=-0.000060 integral_std=0.006614 log_ratio=-0.1436 accept=0.8662 swapped=True
i=9 pair=(0,3) lam_t=0.96429 lam_s=0.97857 tsr_diff=0.009548 integral_mean=-0.000685 integral_std=0.012111 log_ratio=-1.6445 accept=0.1931 swapped=False
i=9 pair=(4,2) lam_t=0.99286 lam_s=1.00714 tsr_diff=0.009200 integral_mean=0.005753 integral_std=0.024375 log_ratio=0.0000 accept=1.0000 swapped=True
i=9 pair=(7,6) lam_t=1.02143 lam_s=1.03571 tsr_diff=0.008870 integral_mean=0.000501 integral_std=0.008459 log_ratio=0.0000 accept=1.0000 swapped=True
i=10 pair=(5,0) lam_t=0.95000 lam_s=0.96429 tsr_diff=0.011265 integral_mean=-0.000439 integral_std=0.011443 log_ratio=-1.0547 accept=0.3483 swapped=False
i=10 pair=(3,2) lam_t=0.97857 lam_s=0.99286 tsr_diff=0.010789 integral_mean=0.000966 integral_std=0.011080 log_ratio=0.0000 accept=1.0000 swapped=True
i=10 pair=(4,6) lam_t=1.00714 lam_s=1.02143 tsr_diff=0.010342 integral_mean=0.004055 integral_std=0.017520 log_ratio=0.0000 accept=1.0000 swapped=True
i=10 pair=(7,1) lam_t=1.03571 lam_s=1.05000 tsr_diff=0.009923 integral_mean=0.005574 integral_std=0.027898 log_ratio=0.0000 accept=1.0000 swapped=True
i=11 pair=(0,2) lam_t=0.96429 lam_s=0.97857 tsr_diff=0.012354 integral_mean=0.000636 integral_std=0.018570 log_ratio=0.0000 accept=1.0000 swapped=True
i=11 pair=(3,6) lam_t=0.99286 lam_s=1.00714 tsr_diff=0.011778 integral_mean=0.000918 integral_std=0.012465 log_ratio=0.0000 accept=1.0000 swapped=True
i=11 pair=(4,1) lam_t=1.02143 lam_s=1.03571 tsr_diff=0.011242 integral_mean=0.003983 integral_std=0.025133 log_ratio=0.0000 accept=1.0000 swapped=True
i=12 pair=(5,2) lam_t=0.95000 lam_s=0.96429 tsr_diff=0.013839 integral_mean=0.000139 integral_std=0.019707 log_ratio=0.0000 accept=1.0000 swapped=True
i=12 pair=(0,6) lam_t=0.97857 lam_s=0.99286 tsr_diff=0.013131 integral_mean=0.002177 integral_std=0.017430 log_ratio=0.0000 accept=1.0000 swapped=True
i=12 pair=(3,1) lam_t=1.00714 lam_s=1.02143 tsr_diff=0.012476 integral_mean=0.000624 integral_std=0.016458 log_ratio=0.0000 accept=1.0000 swapped=True
i=12 pair=(4,7) lam_t=1.03571 lam_s=1.05000 tsr_diff=0.011868 integral_mean=0.002714 integral_std=0.037075 log_ratio=0.0000 accept=1.0000 swapped=True
i=13 pair=(5,6) lam_t=0.96429 lam_s=0.97857 tsr_diff=0.014342 integral_mean=0.001139 integral_std=0.013530 log_ratio=0.0000 accept=1.0000 swapped=True
i=13 pair=(0,1) lam_t=0.99286 lam_s=1.00714 tsr_diff=0.013574 integral_mean=0.004064 integral_std=0.029570 log_ratio=0.0000 accept=1.0000 swapped=True
i=13 pair=(3,7) lam_t=1.02143 lam_s=1.03571 tsr_diff=0.012866 integral_mean=-0.010071 integral_std=0.058495 log_ratio=-24.1693 accept=0.0000 swapped=False
i=14 pair=(2,6) lam_t=0.95000 lam_s=0.96429 tsr_diff=0.015346 integral_mean=0.010216 integral_std=0.077163 log_ratio=0.0000 accept=1.0000 swapped=True
i=14 pair=(5,1) lam_t=0.97857 lam_s=0.99286 tsr_diff=0.014482 integral_mean=0.003172 integral_std=0.023069 log_ratio=0.0000 accept=1.0000 swapped=True
i=14 pair=(0,3) lam_t=1.00714 lam_s=1.02143 tsr_diff=0.013689 integral_mean=0.020897 integral_std=0.112283 log_ratio=0.0000 accept=1.0000 swapped=True
i=14 pair=(7,4) lam_t=1.03571 lam_s=1.05000 tsr_diff=0.012959 integral_mean=0.014201 integral_std=0.173497 log_ratio=0.0000 accept=1.0000 swapped=True
Best Sample: 6 log probability -0.334
Saved 1 samples to: logs/pointmaze-giant-navigate-v0/inference/plans/release_H400_T256_LimitsNormalizer_b1_condFalse/2026-07-20 18:11:38/1/0.png
Saved 1 samples to: logs/pointmaze-giant-navigate-v0/inference/plans/release_H400_T256_LimitsNormalizer_b1_condFalse/2026-07-20 18:11:38/1/rollout.png
i=0 pair=(0,1) lam_t=0.95000 lam_s=0.96429 tsr_diff=0.000000 integral_mean=0.000000 integral_std=0.000000 log_ratio=0.0000 accept=1.0000 swapped=True
i=0 pair=(2,3) lam_t=0.97857 lam_s=0.99286 tsr_diff=0.000000 integral_mean=0.000000 integral_std=0.000000 log_ratio=0.0000 accept=1.0000 swapped=True
i=0 pair=(4,5) lam_t=1.00714 lam_s=1.02143 tsr_diff=0.000000 integral_mean=0.000000 integral_std=0.000000 log_ratio=0.0000 accept=1.0000 swapped=True
i=0 pair=(6,7) lam_t=1.03571 lam_s=1.05000 tsr_diff=0.000000 integral_mean=0.000000 integral_std=0.000000 log_ratio=0.0000 accept=1.0000 swapped=True
i=1 pair=(0,3) lam_t=0.96429 lam_s=0.97857 tsr_diff=0.000153 integral_mean=-0.000000 integral_std=0.000145 log_ratio=-0.0008 accept=0.9992 swapped=True
i=1 pair=(2,5) lam_t=0.99286 lam_s=1.00714 tsr_diff=0.000152 integral_mean=0.000005 integral_std=0.000157 log_ratio=0.0000 accept=1.0000 swapped=True
i=1 pair=(4,7) lam_t=1.02143 lam_s=1.03571 tsr_diff=0.000152 integral_mean=0.000001 integral_std=0.000145 log_ratio=0.0000 accept=1.0000 swapped=True
i=2 pair=(1,3) lam_t=0.95000 lam_s=0.96429 tsr_diff=0.000605 integral_mean=-0.000021 integral_std=0.000585 log_ratio=-0.0495 accept=0.9517 swapped=True
i=2 pair=(0,5) lam_t=0.97857 lam_s=0.99286 tsr_diff=0.000604 integral_mean=0.000042 integral_std=0.000639 log_ratio=0.0000 accept=1.0000 swapped=True
i=2 pair=(2,7) lam_t=1.00714 lam_s=1.02143 tsr_diff=0.000603 integral_mean=0.000022 integral_std=0.000586 log_ratio=0.0000 accept=1.0000 swapped=True
i=2 pair=(4,6) lam_t=1.03571 lam_s=1.05000 tsr_diff=0.000601 integral_mean=-0.000145 integral_std=0.000773 log_ratio=-0.3479 accept=0.7062 swapped=True
i=3 pair=(1,5) lam_t=0.96429 lam_s=0.97857 tsr_diff=0.001341 integral_mean=0.000017 integral_std=0.001283 log_ratio=0.0000 accept=1.0000 swapped=True
i=3 pair=(0,7) lam_t=0.99286 lam_s=1.00714 tsr_diff=0.001333 integral_mean=0.000042 integral_std=0.001351 log_ratio=0.0000 accept=1.0000 swapped=True
i=3 pair=(2,6) lam_t=1.02143 lam_s=1.03571 tsr_diff=0.001326 integral_mean=-0.000046 integral_std=0.001406 log_ratio=-0.1108 accept=0.8951 swapped=True
i=4 pair=(3,5) lam_t=0.95000 lam_s=0.96429 tsr_diff=0.002344 integral_mean=0.000026 integral_std=0.002339 log_ratio=0.0000 accept=1.0000 swapped=True
i=4 pair=(1,7) lam_t=0.97857 lam_s=0.99286 tsr_diff=0.002322 integral_mean=0.000042 integral_std=0.002221 log_ratio=0.0000 accept=1.0000 swapped=True
i=4 pair=(0,6) lam_t=1.00714 lam_s=1.02143 tsr_diff=0.002301 integral_mean=-0.000060 integral_std=0.002333 log_ratio=-0.1440 accept=0.8659 swapped=True
i=4 pair=(2,4) lam_t=1.03571 lam_s=1.05000 tsr_diff=0.002280 integral_mean=0.000011 integral_std=0.002390 log_ratio=0.0000 accept=1.0000 swapped=True
i=5 pair=(3,7) lam_t=0.96429 lam_s=0.97857 tsr_diff=0.003545 integral_mean=0.000093 integral_std=0.003127 log_ratio=0.0000 accept=1.0000 swapped=True
i=5 pair=(1,6) lam_t=0.99286 lam_s=1.00714 tsr_diff=0.003496 integral_mean=0.000009 integral_std=0.003560 log_ratio=0.0000 accept=1.0000 swapped=True
i=5 pair=(0,4) lam_t=1.02143 lam_s=1.03571 tsr_diff=0.003447 integral_mean=-0.000092 integral_std=0.003242 log_ratio=-0.2211 accept=0.8017 swapped=True
i=6 pair=(5,7) lam_t=0.95000 lam_s=0.96429 tsr_diff=0.004979 integral_mean=-0.000135 integral_std=0.004844 log_ratio=-0.3250 accept=0.7225 swapped=True
i=6 pair=(3,6) lam_t=0.97857 lam_s=0.99286 tsr_diff=0.004883 integral_mean=-0.000141 integral_std=0.004610 log_ratio=-0.3392 accept=0.7123 swapped=False
i=6 pair=(1,4) lam_t=1.00714 lam_s=1.02143 tsr_diff=0.004789 integral_mean=0.000189 integral_std=0.004916 log_ratio=0.0000 accept=1.0000 swapped=True
i=6 pair=(0,2) lam_t=1.03571 lam_s=1.05000 tsr_diff=0.004698 integral_mean=-0.000114 integral_std=0.004546 log_ratio=-0.2741 accept=0.7602 swapped=True
i=7 pair=(5,3) lam_t=0.96429 lam_s=0.97857 tsr_diff=0.006435 integral_mean=0.000014 integral_std=0.006237 log_ratio=0.0000 accept=1.0000 swapped=True
i=7 pair=(6,4) lam_t=0.99286 lam_s=1.00714 tsr_diff=0.006274 integral_mean=-0.000231 integral_std=0.005526 log_ratio=-0.5535 accept=0.5750 swapped=True
i=7 pair=(1,2) lam_t=1.02143 lam_s=1.03571 tsr_diff=0.006120 integral_mean=0.000187 integral_std=0.005942 log_ratio=0.0000 accept=1.0000 swapped=True
i=8 pair=(7,3) lam_t=0.95000 lam_s=0.96429 tsr_diff=0.008123 integral_mean=0.000201 integral_std=0.006644 log_ratio=0.0000 accept=1.0000 swapped=True
i=8 pair=(5,4) lam_t=0.97857 lam_s=0.99286 tsr_diff=0.007872 integral_mean=-0.000118 integral_std=0.008235 log_ratio=-0.2826 accept=0.7538 swapped=True
i=8 pair=(6,2) lam_t=1.00714 lam_s=1.02143 tsr_diff=0.007631 integral_mean=0.000079 integral_std=0.007687 log_ratio=0.0000 accept=1.0000 swapped=True
i=8 pair=(1,0) lam_t=1.03571 lam_s=1.05000 tsr_diff=0.007402 integral_mean=0.000022 integral_std=0.008236 log_ratio=0.0000 accept=1.0000 swapped=True
i=9 pair=(7,4) lam_t=0.96429 lam_s=0.97857 tsr_diff=0.009548 integral_mean=-0.000493 integral_std=0.010320 log_ratio=-1.1826 accept=0.3065 swapped=True
i=9 pair=(5,2) lam_t=0.99286 lam_s=1.00714 tsr_diff=0.009200 integral_mean=0.000150 integral_std=0.010844 log_ratio=0.0000 accept=1.0000 swapped=True
i=9 pair=(6,0) lam_t=1.02143 lam_s=1.03571 tsr_diff=0.008870 integral_mean=0.000140 integral_std=0.008575 log_ratio=0.0000 accept=1.0000 swapped=True
i=10 pair=(3,4) lam_t=0.95000 lam_s=0.96429 tsr_diff=0.011265 integral_mean=-0.000769 integral_std=0.012703 log_ratio=-1.8462 accept=0.1578 swapped=False
i=10 pair=(7,2) lam_t=0.97857 lam_s=0.99286 tsr_diff=0.010789 integral_mean=0.000232 integral_std=0.010524 log_ratio=0.0000 accept=1.0000 swapped=True
i=10 pair=(5,0) lam_t=1.00714 lam_s=1.02143 tsr_diff=0.010342 integral_mean=0.000641 integral_std=0.011918 log_ratio=0.0000 accept=1.0000 swapped=True
i=10 pair=(6,1) lam_t=1.03571 lam_s=1.05000 tsr_diff=0.009923 integral_mean=-0.001284 integral_std=0.013076 log_ratio=-3.0812 accept=0.0459 swapped=False
i=11 pair=(4,2) lam_t=0.96429 lam_s=0.97857 tsr_diff=0.012354 integral_mean=0.000479 integral_std=0.016236 log_ratio=0.0000 accept=1.0000 swapped=True
i=11 pair=(7,0) lam_t=0.99286 lam_s=1.00714 tsr_diff=0.011778 integral_mean=0.000974 integral_std=0.015596 log_ratio=0.0000 accept=1.0000 swapped=True
i=11 pair=(5,6) lam_t=1.02143 lam_s=1.03571 tsr_diff=0.011242 integral_mean=0.000578 integral_std=0.010331 log_ratio=0.0000 accept=1.0000 swapped=True
i=12 pair=(3,2) lam_t=0.95000 lam_s=0.96429 tsr_diff=0.013839 integral_mean=0.000067 integral_std=0.015890 log_ratio=0.0000 accept=1.0000 swapped=True
i=12 pair=(4,0) lam_t=0.97857 lam_s=0.99286 tsr_diff=0.013131 integral_mean=0.000859 integral_std=0.017411 log_ratio=0.0000 accept=1.0000 swapped=True
i=12 pair=(7,6) lam_t=1.00714 lam_s=1.02143 tsr_diff=0.012476 integral_mean=0.000275 integral_std=0.014219 log_ratio=0.0000 accept=1.0000 swapped=True
i=12 pair=(5,1) lam_t=1.03571 lam_s=1.05000 tsr_diff=0.011868 integral_mean=-0.001186 integral_std=0.025549 log_ratio=-2.8454 accept=0.0581 swapped=False
i=13 pair=(3,0) lam_t=0.96429 lam_s=0.97857 tsr_diff=0.014342 integral_mean=0.001241 integral_std=0.022017 log_ratio=0.0000 accept=1.0000 swapped=True
i=13 pair=(4,6) lam_t=0.99286 lam_s=1.00714 tsr_diff=0.013574 integral_mean=0.001295 integral_std=0.016516 log_ratio=0.0000 accept=1.0000 swapped=True
i=13 pair=(7,5) lam_t=1.02143 lam_s=1.03571 tsr_diff=0.012866 integral_mean=-0.000603 integral_std=0.027595 log_ratio=-1.4473 accept=0.2352 swapped=True
i=14 pair=(2,0) lam_t=0.95000 lam_s=0.96429 tsr_diff=0.015346 integral_mean=0.004551 integral_std=0.046151 log_ratio=0.0000 accept=1.0000 swapped=True
i=14 pair=(3,6) lam_t=0.97857 lam_s=0.99286 tsr_diff=0.014482 integral_mean=0.002968 integral_std=0.016380 log_ratio=0.0000 accept=1.0000 swapped=True
i=14 pair=(4,5) lam_t=1.00714 lam_s=1.02143 tsr_diff=0.013689 integral_mean=-0.002385 integral_std=0.093747 log_ratio=-5.7246 accept=0.0033 swapped=False
i=14 pair=(7,1) lam_t=1.03571 lam_s=1.05000 tsr_diff=0.012959 integral_mean=-0.016646 integral_std=0.097672 log_ratio=-39.9514 accept=0.0000 swapped=False
Best Sample: 0 log probability -0.308
Saved 1 samples to: logs/pointmaze-giant-navigate-v0/inference/plans/release_H400_T256_LimitsNormalizer_b1_condFalse/2026-07-20 18:11:38/2/0.png
Saved 1 samples to: logs/pointmaze-giant-navigate-v0/inference/plans/release_H400_T256_LimitsNormalizer_b1_condFalse/2026-07-20 18:11:38/2/rollout.png
i=0 pair=(0,1) lam_t=0.95000 lam_s=0.96429 tsr_diff=0.000000 integral_mean=0.000000 integral_std=0.000000 log_ratio=0.0000 accept=1.0000 swapped=True
i=0 pair=(2,3) lam_t=0.97857 lam_s=0.99286 tsr_diff=0.000000 integral_mean=0.000000 integral_std=0.000000 log_ratio=0.0000 accept=1.0000 swapped=True
i=0 pair=(4,5) lam_t=1.00714 lam_s=1.02143 tsr_diff=0.000000 integral_mean=0.000000 integral_std=0.000000 log_ratio=0.0000 accept=1.0000 swapped=True
i=0 pair=(6,7) lam_t=1.03571 lam_s=1.05000 tsr_diff=0.000000 integral_mean=0.000000 integral_std=0.000000 log_ratio=0.0000 accept=1.0000 swapped=True
i=1 pair=(0,3) lam_t=0.96429 lam_s=0.97857 tsr_diff=0.000153 integral_mean=0.000004 integral_std=0.000146 log_ratio=0.0000 accept=1.0000 swapped=True
i=1 pair=(2,5) lam_t=0.99286 lam_s=1.00714 tsr_diff=0.000152 integral_mean=0.000001 integral_std=0.000150 log_ratio=0.0000 accept=1.0000 swapped=True
i=1 pair=(4,7) lam_t=1.02143 lam_s=1.03571 tsr_diff=0.000152 integral_mean=0.000003 integral_std=0.000150 log_ratio=0.0000 accept=1.0000 swapped=True
i=2 pair=(1,3) lam_t=0.95000 lam_s=0.96429 tsr_diff=0.000605 integral_mean=0.000007 integral_std=0.000596 log_ratio=0.0000 accept=1.0000 swapped=True
i=2 pair=(0,5) lam_t=0.97857 lam_s=0.99286 tsr_diff=0.000604 integral_mean=-0.000014 integral_std=0.000596 log_ratio=-0.0341 accept=0.9665 swapped=True
i=2 pair=(2,7) lam_t=1.00714 lam_s=1.02143 tsr_diff=0.000603 integral_mean=-0.000065 integral_std=0.000771 log_ratio=-0.1556 accept=0.8559 swapped=True
i=2 pair=(4,6) lam_t=1.03571 lam_s=1.05000 tsr_diff=0.000601 integral_mean=-0.000001 integral_std=0.000608 log_ratio=-0.0015 accept=0.9985 swapped=True
i=3 pair=(1,5) lam_t=0.96429 lam_s=0.97857 tsr_diff=0.001341 integral_mean=-0.000045 integral_std=0.001372 log_ratio=-0.1091 accept=0.8967 swapped=True
i=3 pair=(0,7) lam_t=0.99286 lam_s=1.00714 tsr_diff=0.001333 integral_mean=-0.000097 integral_std=0.001303 log_ratio=-0.2333 accept=0.7919 swapped=True
i=3 pair=(2,6) lam_t=1.02143 lam_s=1.03571 tsr_diff=0.001326 integral_mean=-0.000031 integral_std=0.001329 log_ratio=-0.0734 accept=0.9293 swapped=True
i=4 pair=(3,5) lam_t=0.95000 lam_s=0.96429 tsr_diff=0.002344 integral_mean=-0.000052 integral_std=0.002191 log_ratio=-0.1244 accept=0.8831 swapped=True
i=4 pair=(1,7) lam_t=0.97857 lam_s=0.99286 tsr_diff=0.002322 integral_mean=-0.000147 integral_std=0.002363 log_ratio=-0.3530 accept=0.7026 swapped=False
i=4 pair=(0,6) lam_t=1.00714 lam_s=1.02143 tsr_diff=0.002301 integral_mean=-0.000054 integral_std=0.002128 log_ratio=-0.1285 accept=0.8794 swapped=False
i=4 pair=(2,4) lam_t=1.03571 lam_s=1.05000 tsr_diff=0.002280 integral_mean=-0.000091 integral_std=0.002163 log_ratio=-0.2185 accept=0.8037 swapped=True
i=5 pair=(3,1) lam_t=0.96429 lam_s=0.97857 tsr_diff=0.003545 integral_mean=0.000018 integral_std=0.003518 log_ratio=0.0000 accept=1.0000 swapped=True
i=5 pair=(7,0) lam_t=0.99286 lam_s=1.00714 tsr_diff=0.003496 integral_mean=0.000029 integral_std=0.003147 log_ratio=0.0000 accept=1.0000 swapped=True
i=5 pair=(6,4) lam_t=1.02143 lam_s=1.03571 tsr_diff=0.003447 integral_mean=-0.000080 integral_std=0.003207 log_ratio=-0.1924 accept=0.8250 swapped=True
i=6 pair=(5,1) lam_t=0.95000 lam_s=0.96429 tsr_diff=0.004979 integral_mean=0.000019 integral_std=0.005240 log_ratio=0.0000 accept=1.0000 swapped=True
i=6 pair=(3,0) lam_t=0.97857 lam_s=0.99286 tsr_diff=0.004883 integral_mean=0.000036 integral_std=0.004362 log_ratio=0.0000 accept=1.0000 swapped=True
i=6 pair=(7,4) lam_t=1.00714 lam_s=1.02143 tsr_diff=0.004789 integral_mean=0.000097 integral_std=0.004184 log_ratio=0.0000 accept=1.0000 swapped=True
i=6 pair=(6,2) lam_t=1.03571 lam_s=1.05000 tsr_diff=0.004698 integral_mean=-0.000192 integral_std=0.004453 log_ratio=-0.4603 accept=0.6311 swapped=True
i=7 pair=(5,0) lam_t=0.96429 lam_s=0.97857 tsr_diff=0.006435 integral_mean=0.000490 integral_std=0.006600 log_ratio=0.0000 accept=1.0000 swapped=True
i=7 pair=(3,4) lam_t=0.99286 lam_s=1.00714 tsr_diff=0.006274 integral_mean=0.000198 integral_std=0.005475 log_ratio=0.0000 accept=1.0000 swapped=True
i=7 pair=(7,2) lam_t=1.02143 lam_s=1.03571 tsr_diff=0.006120 integral_mean=-0.000180 integral_std=0.005646 log_ratio=-0.4310 accept=0.6499 swapped=False
i=8 pair=(1,0) lam_t=0.95000 lam_s=0.96429 tsr_diff=0.008123 integral_mean=-0.000065 integral_std=0.007036 log_ratio=-0.1571 accept=0.8546 swapped=False
i=8 pair=(5,4) lam_t=0.97857 lam_s=0.99286 tsr_diff=0.007872 integral_mean=0.000811 integral_std=0.007979 log_ratio=0.0000 accept=1.0000 swapped=True
i=8 pair=(3,7) lam_t=1.00714 lam_s=1.02143 tsr_diff=0.007631 integral_mean=0.000153 integral_std=0.006879 log_ratio=0.0000 accept=1.0000 swapped=True
i=8 pair=(2,6) lam_t=1.03571 lam_s=1.05000 tsr_diff=0.007402 integral_mean=-0.000011 integral_std=0.007156 log_ratio=-0.0272 accept=0.9731 swapped=True
i=9 pair=(0,4) lam_t=0.96429 lam_s=0.97857 tsr_diff=0.009548 integral_mean=0.000187 integral_std=0.008462 log_ratio=0.0000 accept=1.0000 swapped=True
i=9 pair=(5,7) lam_t=0.99286 lam_s=1.00714 tsr_diff=0.009200 integral_mean=0.000146 integral_std=0.009530 log_ratio=0.0000 accept=1.0000 swapped=True
i=9 pair=(3,6) lam_t=1.02143 lam_s=1.03571 tsr_diff=0.008870 integral_mean=-0.000031 integral_std=0.007717 log_ratio=-0.0752 accept=0.9276 swapped=True
i=10 pair=(1,4) lam_t=0.95000 lam_s=0.96429 tsr_diff=0.011265 integral_mean=0.000296 integral_std=0.009320 log_ratio=0.0000 accept=1.0000 swapped=True
i=10 pair=(0,7) lam_t=0.97857 lam_s=0.99286 tsr_diff=0.010789 integral_mean=-0.000777 integral_std=0.010913 log_ratio=-1.8637 accept=0.1551 swapped=False
i=10 pair=(5,6) lam_t=1.00714 lam_s=1.02143 tsr_diff=0.010342 integral_mean=0.000209 integral_std=0.010355 log_ratio=0.0000 accept=1.0000 swapped=True
i=10 pair=(3,2) lam_t=1.03571 lam_s=1.05000 tsr_diff=0.009923 integral_mean=0.000216 integral_std=0.009355 log_ratio=0.0000 accept=1.0000 swapped=True
i=11 pair=(1,0) lam_t=0.96429 lam_s=0.97857 tsr_diff=0.012354 integral_mean=0.000808 integral_std=0.011570 log_ratio=0.0000 accept=1.0000 swapped=True
i=11 pair=(7,6) lam_t=0.99286 lam_s=1.00714 tsr_diff=0.011778 integral_mean=0.000986 integral_std=0.013504 log_ratio=0.0000 accept=1.0000 swapped=True
i=11 pair=(5,2) lam_t=1.02143 lam_s=1.03571 tsr_diff=0.011242 integral_mean=0.000592 integral_std=0.011237 log_ratio=0.0000 accept=1.0000 swapped=True
i=12 pair=(4,0) lam_t=0.95000 lam_s=0.96429 tsr_diff=0.013839 integral_mean=-0.000021 integral_std=0.012782 log_ratio=-0.0511 accept=0.9502 swapped=True
i=12 pair=(1,6) lam_t=0.97857 lam_s=0.99286 tsr_diff=0.013131 integral_mean=0.001579 integral_std=0.013741 log_ratio=0.0000 accept=1.0000 swapped=True
i=12 pair=(7,2) lam_t=1.00714 lam_s=1.02143 tsr_diff=0.012476 integral_mean=0.001420 integral_std=0.014533 log_ratio=0.0000 accept=1.0000 swapped=True
i=12 pair=(5,3) lam_t=1.03571 lam_s=1.05000 tsr_diff=0.011868 integral_mean=-0.001034 integral_std=0.013831 log_ratio=-2.4815 accept=0.0836 swapped=False
i=13 pair=(4,6) lam_t=0.96429 lam_s=0.97857 tsr_diff=0.014342 integral_mean=0.000250 integral_std=0.014925 log_ratio=0.0000 accept=1.0000 swapped=True
i=13 pair=(1,2) lam_t=0.99286 lam_s=1.00714 tsr_diff=0.013574 integral_mean=0.000913 integral_std=0.013818 log_ratio=0.0000 accept=1.0000 swapped=True
i=13 pair=(7,5) lam_t=1.02143 lam_s=1.03571 tsr_diff=0.012866 integral_mean=0.002930 integral_std=0.027161 log_ratio=0.0000 accept=1.0000 swapped=True
i=14 pair=(0,6) lam_t=0.95000 lam_s=0.96429 tsr_diff=0.015346 integral_mean=0.000862 integral_std=0.011371 log_ratio=0.0000 accept=1.0000 swapped=True
i=14 pair=(4,2) lam_t=0.97857 lam_s=0.99286 tsr_diff=0.014482 integral_mean=0.000561 integral_std=0.008152 log_ratio=0.0000 accept=1.0000 swapped=True
i=14 pair=(1,5) lam_t=1.00714 lam_s=1.02143 tsr_diff=0.013689 integral_mean=0.002996 integral_std=0.045589 log_ratio=0.0000 accept=1.0000 swapped=True
i=14 pair=(7,3) lam_t=1.03571 lam_s=1.05000 tsr_diff=0.012959 integral_mean=0.003424 integral_std=0.065336 log_ratio=0.0000 accept=1.0000 swapped=True
Best Sample: 0 log probability 0.000
Saved 1 samples to: logs/pointmaze-giant-navigate-v0/inference/plans/release_H400_T256_LimitsNormalizer_b1_condFalse/2026-07-20 18:11:38/3/0.png
Saved 1 samples to: logs/pointmaze-giant-navigate-v0/inference/plans/release_H400_T256_LimitsNormalizer_b1_condFalse/2026-07-20 18:11:38/3/rollout.png
i=0 pair=(0,1) lam_t=0.95000 lam_s=0.96429 tsr_diff=0.000000 integral_mean=0.000000 integral_std=0.000000 log_ratio=0.0000 accept=1.0000 swapped=True
i=0 pair=(2,3) lam_t=0.97857 lam_s=0.99286 tsr_diff=0.000000 integral_mean=0.000000 integral_std=0.000000 log_ratio=0.0000 accept=1.0000 swapped=True
i=0 pair=(4,5) lam_t=1.00714 lam_s=1.02143 tsr_diff=0.000000 integral_mean=0.000000 integral_std=0.000000 log_ratio=0.0000 accept=1.0000 swapped=True
i=0 pair=(6,7) lam_t=1.03571 lam_s=1.05000 tsr_diff=0.000000 integral_mean=0.000000 integral_std=0.000000 log_ratio=0.0000 accept=1.0000 swapped=True
i=1 pair=(0,3) lam_t=0.96429 lam_s=0.97857 tsr_diff=0.000153 integral_mean=0.000005 integral_std=0.000158 log_ratio=0.0000 accept=1.0000 swapped=True
i=1 pair=(2,5) lam_t=0.99286 lam_s=1.00714 tsr_diff=0.000152 integral_mean=0.000005 integral_std=0.000155 log_ratio=0.0000 accept=1.0000 swapped=True
i=1 pair=(4,7) lam_t=1.02143 lam_s=1.03571 tsr_diff=0.000152 integral_mean=0.000003 integral_std=0.000152 log_ratio=0.0000 accept=1.0000 swapped=True
i=2 pair=(1,3) lam_t=0.95000 lam_s=0.96429 tsr_diff=0.000605 integral_mean=-0.000003 integral_std=0.000584 log_ratio=-0.0062 accept=0.9938 swapped=True
i=2 pair=(0,5) lam_t=0.97857 lam_s=0.99286 tsr_diff=0.000604 integral_mean=0.000026 integral_std=0.000579 log_ratio=0.0000 accept=1.0000 swapped=True
i=2 pair=(2,7) lam_t=1.00714 lam_s=1.02143 tsr_diff=0.000603 integral_mean=0.000005 integral_std=0.000593 log_ratio=0.0000 accept=1.0000 swapped=True
i=2 pair=(4,6) lam_t=1.03571 lam_s=1.05000 tsr_diff=0.000601 integral_mean=-0.000020 integral_std=0.000562 log_ratio=-0.0472 accept=0.9539 swapped=True
i=3 pair=(1,5) lam_t=0.96429 lam_s=0.97857 tsr_diff=0.001341 integral_mean=-0.000016 integral_std=0.001308 log_ratio=-0.0379 accept=0.9628 swapped=True
i=3 pair=(0,7) lam_t=0.99286 lam_s=1.00714 tsr_diff=0.001333 integral_mean=-0.000051 integral_std=0.001402 log_ratio=-0.1216 accept=0.8855 swapped=True
i=3 pair=(2,6) lam_t=1.02143 lam_s=1.03571 tsr_diff=0.001326 integral_mean=-0.000008 integral_std=0.001318 log_ratio=-0.0201 accept=0.9801 swapped=True
i=4 pair=(3,5) lam_t=0.95000 lam_s=0.96429 tsr_diff=0.002344 integral_mean=0.000131 integral_std=0.002382 log_ratio=0.0000 accept=1.0000 swapped=True
i=4 pair=(1,7) lam_t=0.97857 lam_s=0.99286 tsr_diff=0.002322 integral_mean=-0.000118 integral_std=0.002188 log_ratio=-0.2820 accept=0.7543 swapped=True
i=4 pair=(0,6) lam_t=1.00714 lam_s=1.02143 tsr_diff=0.002301 integral_mean=-0.000054 integral_std=0.002325 log_ratio=-0.1300 accept=0.8781 swapped=True
i=4 pair=(2,4) lam_t=1.03571 lam_s=1.05000 tsr_diff=0.002280 integral_mean=-0.000107 integral_std=0.002157 log_ratio=-0.2571 accept=0.7733 swapped=True
i=5 pair=(3,7) lam_t=0.96429 lam_s=0.97857 tsr_diff=0.003545 integral_mean=-0.000121 integral_std=0.003562 log_ratio=-0.2894 accept=0.7487 swapped=True
i=5 pair=(1,6) lam_t=0.99286 lam_s=1.00714 tsr_diff=0.003496 integral_mean=-0.000070 integral_std=0.003390 log_ratio=-0.1668 accept=0.8463 swapped=True
i=5 pair=(0,4) lam_t=1.02143 lam_s=1.03571 tsr_diff=0.003447 integral_mean=-0.000329 integral_std=0.003633 log_ratio=-0.7904 accept=0.4537 swapped=True
i=6 pair=(5,7) lam_t=0.95000 lam_s=0.96429 tsr_diff=0.004979 integral_mean=-0.000692 integral_std=0.005434 log_ratio=-1.6618 accept=0.1898 swapped=False
i=6 pair=(3,6) lam_t=0.97857 lam_s=0.99286 tsr_diff=0.004883 integral_mean=-0.000092 integral_std=0.004694 log_ratio=-0.2217 accept=0.8012 swapped=False
i=6 pair=(1,4) lam_t=1.00714 lam_s=1.02143 tsr_diff=0.004789 integral_mean=-0.000222 integral_std=0.004800 log_ratio=-0.5338 accept=0.5863 swapped=True
i=6 pair=(0,2) lam_t=1.03571 lam_s=1.05000 tsr_diff=0.004698 integral_mean=-0.000132 integral_std=0.004565 log_ratio=-0.3170 accept=0.7283 swapped=True
i=7 pair=(7,3) lam_t=0.96429 lam_s=0.97857 tsr_diff=0.006435 integral_mean=0.000699 integral_std=0.006584 log_ratio=0.0000 accept=1.0000 swapped=True
i=7 pair=(6,4) lam_t=0.99286 lam_s=1.00714 tsr_diff=0.006274 integral_mean=-0.000848 integral_std=0.008048 log_ratio=-2.0349 accept=0.1307 swapped=False
i=7 pair=(1,2) lam_t=1.02143 lam_s=1.03571 tsr_diff=0.006120 integral_mean=-0.000146 integral_std=0.006014 log_ratio=-0.3500 accept=0.7047 swapped=True
i=8 pair=(5,3) lam_t=0.95000 lam_s=0.96429 tsr_diff=0.008123 integral_mean=0.000032 integral_std=0.008716 log_ratio=0.0000 accept=1.0000 swapped=True
i=8 pair=(7,6) lam_t=0.97857 lam_s=0.99286 tsr_diff=0.007872 integral_mean=-0.000158 integral_std=0.010064 log_ratio=-0.3793 accept=0.6843 swapped=False
i=8 pair=(4,2) lam_t=1.00714 lam_s=1.02143 tsr_diff=0.007631 integral_mean=0.000475 integral_std=0.008867 log_ratio=0.0000 accept=1.0000 swapped=True
i=8 pair=(1,0) lam_t=1.03571 lam_s=1.05000 tsr_diff=0.007402 integral_mean=-0.000141 integral_std=0.006105 log_ratio=-0.3381 accept=0.7131 swapped=True
i=9 pair=(5,7) lam_t=0.96429 lam_s=0.97857 tsr_diff=0.009548 integral_mean=-0.001086 integral_std=0.010606 log_ratio=-2.6052 accept=0.0739 swapped=False
i=9 pair=(6,2) lam_t=0.99286 lam_s=1.00714 tsr_diff=0.009200 integral_mean=0.000349 integral_std=0.009721 log_ratio=0.0000 accept=1.0000 swapped=True
i=9 pair=(4,0) lam_t=1.02143 lam_s=1.03571 tsr_diff=0.008870 integral_mean=0.000437 integral_std=0.008336 log_ratio=0.0000 accept=1.0000 swapped=True
i=10 pair=(3,5) lam_t=0.95000 lam_s=0.96429 tsr_diff=0.011265 integral_mean=-0.000128 integral_std=0.014036 log_ratio=-0.3082 accept=0.7347 swapped=True
i=10 pair=(7,2) lam_t=0.97857 lam_s=0.99286 tsr_diff=0.010789 integral_mean=0.000724 integral_std=0.014479 log_ratio=0.0000 accept=1.0000 swapped=True
i=10 pair=(6,0) lam_t=1.00714 lam_s=1.02143 tsr_diff=0.010342 integral_mean=-0.000347 integral_std=0.010285 log_ratio=-0.8339 accept=0.4344 swapped=True
i=10 pair=(4,1) lam_t=1.03571 lam_s=1.05000 tsr_diff=0.009923 integral_mean=0.000927 integral_std=0.010373 log_ratio=0.0000 accept=1.0000 swapped=True
i=11 pair=(3,2) lam_t=0.96429 lam_s=0.97857 tsr_diff=0.012354 integral_mean=0.000420 integral_std=0.018724 log_ratio=0.0000 accept=1.0000 swapped=True
i=11 pair=(7,0) lam_t=0.99286 lam_s=1.00714 tsr_diff=0.011778 integral_mean=0.001517 integral_std=0.018455 log_ratio=0.0000 accept=1.0000 swapped=True
i=11 pair=(6,1) lam_t=1.02143 lam_s=1.03571 tsr_diff=0.011242 integral_mean=0.000506 integral_std=0.010936 log_ratio=0.0000 accept=1.0000 swapped=True
i=12 pair=(5,2) lam_t=0.95000 lam_s=0.96429 tsr_diff=0.013839 integral_mean=-0.000514 integral_std=0.015003 log_ratio=-1.2325 accept=0.2916 swapped=True
i=12 pair=(3,0) lam_t=0.97857 lam_s=0.99286 tsr_diff=0.013131 integral_mean=0.001487 integral_std=0.016401 log_ratio=0.0000 accept=1.0000 swapped=True
i=12 pair=(7,1) lam_t=1.00714 lam_s=1.02143 tsr_diff=0.012476 integral_mean=0.003389 integral_std=0.028870 log_ratio=0.0000 accept=1.0000 swapped=True
i=12 pair=(6,4) lam_t=1.03571 lam_s=1.05000 tsr_diff=0.011868 integral_mean=-0.000084 integral_std=0.014285 log_ratio=-0.2024 accept=0.8167 swapped=True
i=13 pair=(5,0) lam_t=0.96429 lam_s=0.97857 tsr_diff=0.014342 integral_mean=-0.000454 integral_std=0.021672 log_ratio=-1.0898 accept=0.3363 swapped=True
i=13 pair=(3,1) lam_t=0.99286 lam_s=1.00714 tsr_diff=0.013574 integral_mean=0.001945 integral_std=0.018175 log_ratio=0.0000 accept=1.0000 swapped=True
i=13 pair=(7,4) lam_t=1.02143 lam_s=1.03571 tsr_diff=0.012866 integral_mean=0.002540 integral_std=0.041995 log_ratio=0.0000 accept=1.0000 swapped=True
i=14 pair=(2,0) lam_t=0.95000 lam_s=0.96429 tsr_diff=0.015346 integral_mean=0.000571 integral_std=0.044357 log_ratio=0.0000 accept=1.0000 swapped=True
i=14 pair=(5,1) lam_t=0.97857 lam_s=0.99286 tsr_diff=0.014482 integral_mean=0.002722 integral_std=0.020709 log_ratio=0.0000 accept=1.0000 swapped=True
i=14 pair=(3,4) lam_t=1.00714 lam_s=1.02143 tsr_diff=0.013689 integral_mean=0.008453 integral_std=0.076820 log_ratio=0.0000 accept=1.0000 swapped=True
i=14 pair=(7,6) lam_t=1.03571 lam_s=1.05000 tsr_diff=0.012959 integral_mean=0.020661 integral_std=0.202892 log_ratio=0.0000 accept=1.0000 swapped=True
Best Sample: 1 log probability 0.000
Saved 1 samples to: logs/pointmaze-giant-navigate-v0/inference/plans/release_H400_T256_LimitsNormalizer_b1_condFalse/2026-07-20 18:11:38/4/0.png
Saved 1 samples to: logs/pointmaze-giant-navigate-v0/inference/plans/release_H400_T256_LimitsNormalizer_b1_condFalse/2026-07-20 18:11:38/4/rollout.png
i=0 pair=(0,1) lam_t=0.95000 lam_s=0.96429 tsr_diff=0.000000 integral_mean=0.000000 integral_std=0.000000 log_ratio=0.0000 accept=1.0000 swapped=True
i=0 pair=(2,3) lam_t=0.97857 lam_s=0.99286 tsr_diff=0.000000 integral_mean=0.000000 integral_std=0.000000 log_ratio=0.0000 accept=1.0000 swapped=True
i=0 pair=(4,5) lam_t=1.00714 lam_s=1.02143 tsr_diff=0.000000 integral_mean=0.000000 integral_std=0.000000 log_ratio=0.0000 accept=1.0000 swapped=True
i=0 pair=(6,7) lam_t=1.03571 lam_s=1.05000 tsr_diff=0.000000 integral_mean=0.000000 integral_std=0.000000 log_ratio=0.0000 accept=1.0000 swapped=True
i=1 pair=(0,3) lam_t=0.96429 lam_s=0.97857 tsr_diff=0.000153 integral_mean=0.000007 integral_std=0.000167 log_ratio=0.0000 accept=1.0000 swapped=True
i=1 pair=(2,5) lam_t=0.99286 lam_s=1.00714 tsr_diff=0.000152 integral_mean=0.000004 integral_std=0.000143 log_ratio=0.0000 accept=1.0000 swapped=True
i=1 pair=(4,7) lam_t=1.02143 lam_s=1.03571 tsr_diff=0.000152 integral_mean=0.000053 integral_std=0.000208 log_ratio=0.0000 accept=1.0000 swapped=True
i=2 pair=(1,3) lam_t=0.95000 lam_s=0.96429 tsr_diff=0.000605 integral_mean=0.000009 integral_std=0.000635 log_ratio=0.0000 accept=1.0000 swapped=True
i=2 pair=(0,5) lam_t=0.97857 lam_s=0.99286 tsr_diff=0.000604 integral_mean=0.000014 integral_std=0.000569 log_ratio=0.0000 accept=1.0000 swapped=True
i=2 pair=(2,7) lam_t=1.00714 lam_s=1.02143 tsr_diff=0.000603 integral_mean=-0.000078 integral_std=0.000717 log_ratio=-0.1870 accept=0.8294 swapped=False
i=2 pair=(4,6) lam_t=1.03571 lam_s=1.05000 tsr_diff=0.000601 integral_mean=0.000029 integral_std=0.000661 log_ratio=0.0000 accept=1.0000 swapped=True
i=3 pair=(1,5) lam_t=0.96429 lam_s=0.97857 tsr_diff=0.001341 integral_mean=0.000051 integral_std=0.001404 log_ratio=0.0000 accept=1.0000 swapped=True
i=3 pair=(0,2) lam_t=0.99286 lam_s=1.00714 tsr_diff=0.001333 integral_mean=0.000011 integral_std=0.001284 log_ratio=0.0000 accept=1.0000 swapped=True
i=3 pair=(7,6) lam_t=1.02143 lam_s=1.03571 tsr_diff=0.001326 integral_mean=0.000012 integral_std=0.001368 log_ratio=0.0000 accept=1.0000 swapped=True
i=4 pair=(3,5) lam_t=0.95000 lam_s=0.96429 tsr_diff=0.002344 integral_mean=-0.000119 integral_std=0.002293 log_ratio=-0.2861 accept=0.7512 swapped=True
i=4 pair=(1,2) lam_t=0.97857 lam_s=0.99286 tsr_diff=0.002322 integral_mean=-0.000083 integral_std=0.002308 log_ratio=-0.1988 accept=0.8197 swapped=True
i=4 pair=(0,6) lam_t=1.00714 lam_s=1.02143 tsr_diff=0.002301 integral_mean=-0.000132 integral_std=0.002297 log_ratio=-0.3178 accept=0.7278 swapped=True
i=4 pair=(7,4) lam_t=1.03571 lam_s=1.05000 tsr_diff=0.002280 integral_mean=-0.000108 integral_std=0.002461 log_ratio=-0.2592 accept=0.7717 swapped=True
i=5 pair=(3,2) lam_t=0.96429 lam_s=0.97857 tsr_diff=0.003545 integral_mean=-0.000010 integral_std=0.003326 log_ratio=-0.0251 accept=0.9752 swapped=True
i=5 pair=(1,6) lam_t=0.99286 lam_s=1.00714 tsr_diff=0.003496 integral_mean=-0.000061 integral_std=0.003367 log_ratio=-0.1460 accept=0.8642 swapped=True
i=5 pair=(0,4) lam_t=1.02143 lam_s=1.03571 tsr_diff=0.003447 integral_mean=-0.000183 integral_std=0.003095 log_ratio=-0.4382 accept=0.6452 swapped=True
i=6 pair=(5,2) lam_t=0.95000 lam_s=0.96429 tsr_diff=0.004979 integral_mean=0.000196 integral_std=0.004608 log_ratio=0.0000 accept=1.0000 swapped=True
i=6 pair=(3,6) lam_t=0.97857 lam_s=0.99286 tsr_diff=0.004883 integral_mean=-0.000128 integral_std=0.004711 log_ratio=-0.3063 accept=0.7362 swapped=False
i=6 pair=(1,4) lam_t=1.00714 lam_s=1.02143 tsr_diff=0.004789 integral_mean=-0.000169 integral_std=0.004829 log_ratio=-0.4053 accept=0.6668 swapped=True
i=6 pair=(0,7) lam_t=1.03571 lam_s=1.05000 tsr_diff=0.004698 integral_mean=-0.000108 integral_std=0.004584 log_ratio=-0.2603 accept=0.7708 swapped=False
i=7 pair=(5,3) lam_t=0.96429 lam_s=0.97857 tsr_diff=0.006435 integral_mean=0.000071 integral_std=0.005603 log_ratio=0.0000 accept=1.0000 swapped=True
i=7 pair=(6,4) lam_t=0.99286 lam_s=1.00714 tsr_diff=0.006274 integral_mean=0.000255 integral_std=0.006364 log_ratio=0.0000 accept=1.0000 swapped=True
i=7 pair=(1,0) lam_t=1.02143 lam_s=1.03571 tsr_diff=0.006120 integral_mean=-0.000094 integral_std=0.006514 log_ratio=-0.2245 accept=0.7989 swapped=False
i=8 pair=(2,3) lam_t=0.95000 lam_s=0.96429 tsr_diff=0.008123 integral_mean=0.000217 integral_std=0.007034 log_ratio=0.0000 accept=1.0000 swapped=True
i=8 pair=(5,4) lam_t=0.97857 lam_s=0.99286 tsr_diff=0.007872 integral_mean=0.000029 integral_std=0.006826 log_ratio=0.0000 accept=1.0000 swapped=True
i=8 pair=(6,1) lam_t=1.00714 lam_s=1.02143 tsr_diff=0.007631 integral_mean=0.000392 integral_std=0.007507 log_ratio=0.0000 accept=1.0000 swapped=True
i=8 pair=(0,7) lam_t=1.03571 lam_s=1.05000 tsr_diff=0.007402 integral_mean=-0.000799 integral_std=0.007951 log_ratio=-1.9186 accept=0.1468 swapped=False
i=9 pair=(2,4) lam_t=0.96429 lam_s=0.97857 tsr_diff=0.009548 integral_mean=-0.000039 integral_std=0.008990 log_ratio=-0.0941 accept=0.9102 swapped=True
i=9 pair=(5,1) lam_t=0.99286 lam_s=1.00714 tsr_diff=0.009200 integral_mean=0.000213 integral_std=0.008537 log_ratio=0.0000 accept=1.0000 swapped=True
i=9 pair=(6,0) lam_t=1.02143 lam_s=1.03571 tsr_diff=0.008870 integral_mean=-0.000055 integral_std=0.009131 log_ratio=-0.1317 accept=0.8766 swapped=True
i=10 pair=(3,4) lam_t=0.95000 lam_s=0.96429 tsr_diff=0.011265 integral_mean=-0.000004 integral_std=0.010727 log_ratio=-0.0106 accept=0.9894 swapped=True
i=10 pair=(2,1) lam_t=0.97857 lam_s=0.99286 tsr_diff=0.010789 integral_mean=0.000698 integral_std=0.012480 log_ratio=0.0000 accept=1.0000 swapped=True
i=10 pair=(5,0) lam_t=1.00714 lam_s=1.02143 tsr_diff=0.010342 integral_mean=-0.000314 integral_std=0.009313 log_ratio=-0.7530 accept=0.4709 swapped=True
i=10 pair=(6,7) lam_t=1.03571 lam_s=1.05000 tsr_diff=0.009923 integral_mean=-0.000106 integral_std=0.015890 log_ratio=-0.2547 accept=0.7752 swapped=True
i=11 pair=(3,1) lam_t=0.96429 lam_s=0.97857 tsr_diff=0.012354 integral_mean=0.000691 integral_std=0.012267 log_ratio=0.0000 accept=1.0000 swapped=True
i=11 pair=(2,0) lam_t=0.99286 lam_s=1.00714 tsr_diff=0.011778 integral_mean=-0.000062 integral_std=0.012903 log_ratio=-0.1498 accept=0.8609 swapped=True
i=11 pair=(5,7) lam_t=1.02143 lam_s=1.03571 tsr_diff=0.011242 integral_mean=-0.001394 integral_std=0.013704 log_ratio=-3.3468 accept=0.0352 swapped=False
i=12 pair=(4,1) lam_t=0.95000 lam_s=0.96429 tsr_diff=0.013839 integral_mean=0.001232 integral_std=0.019899 log_ratio=0.0000 accept=1.0000 swapped=True
i=12 pair=(3,0) lam_t=0.97857 lam_s=0.99286 tsr_diff=0.013131 integral_mean=-0.000368 integral_std=0.017690 log_ratio=-0.8838 accept=0.4132 swapped=False
i=12 pair=(2,5) lam_t=1.00714 lam_s=1.02143 tsr_diff=0.012476 integral_mean=0.001032 integral_std=0.008894 log_ratio=0.0000 accept=1.0000 swapped=True
i=12 pair=(7,6) lam_t=1.03571 lam_s=1.05000 tsr_diff=0.011868 integral_mean=-0.002509 integral_std=0.022672 log_ratio=-6.0219 accept=0.0024 swapped=False
i=13 pair=(4,3) lam_t=0.96429 lam_s=0.97857 tsr_diff=0.014342 integral_mean=0.002076 integral_std=0.022076 log_ratio=0.0000 accept=1.0000 swapped=True
i=13 pair=(0,5) lam_t=0.99286 lam_s=1.00714 tsr_diff=0.013574 integral_mean=0.002657 integral_std=0.020024 log_ratio=0.0000 accept=1.0000 swapped=True
i=13 pair=(2,7) lam_t=1.02143 lam_s=1.03571 tsr_diff=0.012866 integral_mean=-0.019168 integral_std=0.077713 log_ratio=-46.0023 accept=0.0000 swapped=False
i=14 pair=(1,3) lam_t=0.95000 lam_s=0.96429 tsr_diff=0.015346 integral_mean=0.000211 integral_std=0.021768 log_ratio=0.0000 accept=1.0000 swapped=True
i=14 pair=(4,5) lam_t=0.97857 lam_s=0.99286 tsr_diff=0.014482 integral_mean=0.007821 integral_std=0.058352 log_ratio=0.0000 accept=1.0000 swapped=True
i=14 pair=(0,2) lam_t=1.00714 lam_s=1.02143 tsr_diff=0.013689 integral_mean=0.006576 integral_std=0.056297 log_ratio=0.0000 accept=1.0000 swapped=True
i=14 pair=(7,6) lam_t=1.03571 lam_s=1.05000 tsr_diff=0.012959 integral_mean=0.013907 integral_std=0.215721 log_ratio=0.0000 accept=1.0000 swapped=True
Best Sample: 3 log probability 0.000
Saved 1 samples to: logs/pointmaze-giant-navigate-v0/inference/plans/release_H400_T256_LimitsNormalizer_b1_condFalse/2026-07-20 18:11:38/5/0.png
Saved 1 samples to: logs/pointmaze-giant-navigate-v0/inference/plans/release_H400_T256_LimitsNormalizer_b1_condFalse/2026-07-20 18:11:38/5/rollout.png
i=0 pair=(0,1) lam_t=0.95000 lam_s=0.96429 tsr_diff=0.000000 integral_mean=0.000000 integral_std=0.000000 log_ratio=0.0000 accept=1.0000 swapped=True
i=0 pair=(2,3) lam_t=0.97857 lam_s=0.99286 tsr_diff=0.000000 integral_mean=0.000000 integral_std=0.000000 log_ratio=0.0000 accept=1.0000 swapped=True
i=0 pair=(4,5) lam_t=1.00714 lam_s=1.02143 tsr_diff=0.000000 integral_mean=0.000000 integral_std=0.000000 log_ratio=0.0000 accept=1.0000 swapped=True
i=0 pair=(6,7) lam_t=1.03571 lam_s=1.05000 tsr_diff=0.000000 integral_mean=0.000000 integral_std=0.000000 log_ratio=0.0000 accept=1.0000 swapped=True
i=1 pair=(0,3) lam_t=0.96429 lam_s=0.97857 tsr_diff=0.000153 integral_mean=0.000005 integral_std=0.000146 log_ratio=0.0000 accept=1.0000 swapped=True
i=1 pair=(2,5) lam_t=0.99286 lam_s=1.00714 tsr_diff=0.000152 integral_mean=-0.000002 integral_std=0.000160 log_ratio=-0.0036 accept=0.9964 swapped=True
i=1 pair=(4,7) lam_t=1.02143 lam_s=1.03571 tsr_diff=0.000152 integral_mean=-0.000011 integral_std=0.000158 log_ratio=-0.0254 accept=0.9749 swapped=True
i=2 pair=(1,3) lam_t=0.95000 lam_s=0.96429 tsr_diff=0.000605 integral_mean=0.000047 integral_std=0.000622 log_ratio=0.0000 accept=1.0000 swapped=True
i=2 pair=(0,5) lam_t=0.97857 lam_s=0.99286 tsr_diff=0.000604 integral_mean=-0.000035 integral_std=0.000663 log_ratio=-0.0834 accept=0.9200 swapped=True
i=2 pair=(2,7) lam_t=1.00714 lam_s=1.02143 tsr_diff=0.000603 integral_mean=-0.000042 integral_std=0.000601 log_ratio=-0.1017 accept=0.9033 swapped=True
i=2 pair=(4,6) lam_t=1.03571 lam_s=1.05000 tsr_diff=0.000601 integral_mean=-0.000001 integral_std=0.000607 log_ratio=-0.0029 accept=0.9971 swapped=True
i=3 pair=(1,5) lam_t=0.96429 lam_s=0.97857 tsr_diff=0.001341 integral_mean=-0.000007 integral_std=0.001375 log_ratio=-0.0166 accept=0.9835 swapped=True
i=3 pair=(0,7) lam_t=0.99286 lam_s=1.00714 tsr_diff=0.001333 integral_mean=-0.000034 integral_std=0.001374 log_ratio=-0.0808 accept=0.9223 swapped=True
i=3 pair=(2,6) lam_t=1.02143 lam_s=1.03571 tsr_diff=0.001326 integral_mean=-0.000447 integral_std=0.001797 log_ratio=-1.0729 accept=0.3420 swapped=True
i=4 pair=(3,5) lam_t=0.95000 lam_s=0.96429 tsr_diff=0.002344 integral_mean=0.000039 integral_std=0.002139 log_ratio=0.0000 accept=1.0000 swapped=True
i=4 pair=(1,7) lam_t=0.97857 lam_s=0.99286 tsr_diff=0.002322 integral_mean=-0.000004 integral_std=0.002381 log_ratio=-0.0099 accept=0.9901 swapped=True
i=4 pair=(0,6) lam_t=1.00714 lam_s=1.02143 tsr_diff=0.002301 integral_mean=-0.000747 integral_std=0.004134 log_ratio=-1.7937 accept=0.1664 swapped=False
i=4 pair=(2,4) lam_t=1.03571 lam_s=1.05000 tsr_diff=0.002280 integral_mean=-0.000014 integral_std=0.002176 log_ratio=-0.0330 accept=0.9676 swapped=True
i=5 pair=(3,7) lam_t=0.96429 lam_s=0.97857 tsr_diff=0.003545 integral_mean=0.000055 integral_std=0.003611 log_ratio=0.0000 accept=1.0000 swapped=True
i=5 pair=(1,0) lam_t=0.99286 lam_s=1.00714 tsr_diff=0.003496 integral_mean=0.000008 integral_std=0.003174 log_ratio=0.0000 accept=1.0000 swapped=True
i=5 pair=(6,4) lam_t=1.02143 lam_s=1.03571 tsr_diff=0.003447 integral_mean=0.000735 integral_std=0.004439 log_ratio=0.0000 accept=1.0000 swapped=True
i=6 pair=(5,7) lam_t=0.95000 lam_s=0.96429 tsr_diff=0.004979 integral_mean=-0.000013 integral_std=0.004975 log_ratio=-0.0309 accept=0.9696 swapped=True
i=6 pair=(3,0) lam_t=0.97857 lam_s=0.99286 tsr_diff=0.004883 integral_mean=0.000132 integral_std=0.004455 log_ratio=0.0000 accept=1.0000 swapped=True
i=6 pair=(1,4) lam_t=1.00714 lam_s=1.02143 tsr_diff=0.004789 integral_mean=-0.000339 integral_std=0.005002 log_ratio=-0.8130 accept=0.4435 swapped=False
i=6 pair=(6,2) lam_t=1.03571 lam_s=1.05000 tsr_diff=0.004698 integral_mean=0.001417 integral_std=0.007040 log_ratio=0.0000 accept=1.0000 swapped=True
i=7 pair=(5,0) lam_t=0.96429 lam_s=0.97857 tsr_diff=0.006435 integral_mean=-0.000087 integral_std=0.006031 log_ratio=-0.2087 accept=0.8117 swapped=False
i=7 pair=(3,1) lam_t=0.99286 lam_s=1.00714 tsr_diff=0.006274 integral_mean=0.000307 integral_std=0.006106 log_ratio=0.0000 accept=1.0000 swapped=True
i=7 pair=(4,2) lam_t=1.02143 lam_s=1.03571 tsr_diff=0.006120 integral_mean=0.000089 integral_std=0.005731 log_ratio=0.0000 accept=1.0000 swapped=True
i=8 pair=(7,5) lam_t=0.95000 lam_s=0.96429 tsr_diff=0.008123 integral_mean=0.000207 integral_std=0.008188 log_ratio=0.0000 accept=1.0000 swapped=True
i=8 pair=(0,1) lam_t=0.97857 lam_s=0.99286 tsr_diff=0.007872 integral_mean=0.000497 integral_std=0.006403 log_ratio=0.0000 accept=1.0000 swapped=True
i=8 pair=(3,2) lam_t=1.00714 lam_s=1.02143 tsr_diff=0.007631 integral_mean=0.000549 integral_std=0.007949 log_ratio=0.0000 accept=1.0000 swapped=True
i=8 pair=(4,6) lam_t=1.03571 lam_s=1.05000 tsr_diff=0.007402 integral_mean=-0.000412 integral_std=0.008040 log_ratio=-0.9897 accept=0.3717 swapped=False
i=9 pair=(7,1) lam_t=0.96429 lam_s=0.97857 tsr_diff=0.009548 integral_mean=0.000574 integral_std=0.009996 log_ratio=0.0000 accept=1.0000 swapped=True
i=9 pair=(0,2) lam_t=0.99286 lam_s=1.00714 tsr_diff=0.009200 integral_mean=-0.000100 integral_std=0.008291 log_ratio=-0.2403 accept=0.7864 swapped=True
i=9 pair=(3,4) lam_t=1.02143 lam_s=1.03571 tsr_diff=0.008870 integral_mean=0.000456 integral_std=0.011658 log_ratio=0.0000 accept=1.0000 swapped=True
i=10 pair=(5,1) lam_t=0.95000 lam_s=0.96429 tsr_diff=0.011265 integral_mean=0.000394 integral_std=0.011462 log_ratio=0.0000 accept=1.0000 swapped=True
i=10 pair=(7,2) lam_t=0.97857 lam_s=0.99286 tsr_diff=0.010789 integral_mean=0.000844 integral_std=0.013830 log_ratio=0.0000 accept=1.0000 swapped=True
i=10 pair=(0,4) lam_t=1.00714 lam_s=1.02143 tsr_diff=0.010342 integral_mean=-0.000463 integral_std=0.011740 log_ratio=-1.1108 accept=0.3293 swapped=True
i=10 pair=(3,6) lam_t=1.03571 lam_s=1.05000 tsr_diff=0.009923 integral_mean=0.000131 integral_std=0.010803 log_ratio=0.0000 accept=1.0000 swapped=True
i=11 pair=(5,2) lam_t=0.96429 lam_s=0.97857 tsr_diff=0.012354 integral_mean=-0.000137 integral_std=0.017097 log_ratio=-0.3283 accept=0.7202 swapped=True
i=11 pair=(7,4) lam_t=0.99286 lam_s=1.00714 tsr_diff=0.011778 integral_mean=0.001061 integral_std=0.016159 log_ratio=0.0000 accept=1.0000 swapped=True
i=11 pair=(0,6) lam_t=1.02143 lam_s=1.03571 tsr_diff=0.011242 integral_mean=-0.001727 integral_std=0.017568 log_ratio=-4.1453 accept=0.0158 swapped=False
i=12 pair=(1,2) lam_t=0.95000 lam_s=0.96429 tsr_diff=0.013839 integral_mean=-0.001437 integral_std=0.026791 log_ratio=-3.4493 accept=0.0318 swapped=False
i=12 pair=(5,4) lam_t=0.97857 lam_s=0.99286 tsr_diff=0.013131 integral_mean=0.001038 integral_std=0.023736 log_ratio=0.0000 accept=1.0000 swapped=True
i=12 pair=(7,0) lam_t=1.00714 lam_s=1.02143 tsr_diff=0.012476 integral_mean=0.002188 integral_std=0.021270 log_ratio=0.0000 accept=1.0000 swapped=True
i=12 pair=(6,3) lam_t=1.03571 lam_s=1.05000 tsr_diff=0.011868 integral_mean=-0.000040 integral_std=0.020527 log_ratio=-0.0959 accept=0.9085 swapped=True
i=13 pair=(2,4) lam_t=0.96429 lam_s=0.97857 tsr_diff=0.014342 integral_mean=0.000689 integral_std=0.024466 log_ratio=0.0000 accept=1.0000 swapped=True
i=13 pair=(5,0) lam_t=0.99286 lam_s=1.00714 tsr_diff=0.013574 integral_mean=0.002306 integral_std=0.019977 log_ratio=0.0000 accept=1.0000 swapped=True
i=13 pair=(7,3) lam_t=1.02143 lam_s=1.03571 tsr_diff=0.012866 integral_mean=-0.000050 integral_std=0.041528 log_ratio=-0.1202 accept=0.8867 swapped=True
i=14 pair=(1,4) lam_t=0.95000 lam_s=0.96429 tsr_diff=0.015346 integral_mean=0.003136 integral_std=0.028168 log_ratio=0.0000 accept=1.0000 swapped=True
i=14 pair=(2,0) lam_t=0.97857 lam_s=0.99286 tsr_diff=0.014482 integral_mean=0.004104 integral_std=0.043339 log_ratio=0.0000 accept=1.0000 swapped=True
i=14 pair=(5,3) lam_t=1.00714 lam_s=1.02143 tsr_diff=0.013689 integral_mean=-0.015874 integral_std=0.181722 log_ratio=-38.0982 accept=0.0000 swapped=False
i=14 pair=(7,6) lam_t=1.03571 lam_s=1.05000 tsr_diff=0.012959 integral_mean=-0.001907 integral_std=0.147683 log_ratio=-4.5758 accept=0.0103 swapped=False
Best Sample: 1 log probability 0.000
Saved 1 samples to: logs/pointmaze-giant-navigate-v0/inference/plans/release_H400_T256_LimitsNormalizer_b1_condFalse/2026-07-20 18:11:38/6/0.png
Saved 1 samples to: logs/pointmaze-giant-navigate-v0/inference/plans/release_H400_T256_LimitsNormalizer_b1_condFalse/2026-07-20 18:11:38/6/rollout.png
i=0 pair=(0,1) lam_t=0.95000 lam_s=0.96429 tsr_diff=0.000000 integral_mean=0.000000 integral_std=0.000000 log_ratio=0.0000 accept=1.0000 swapped=True
i=0 pair=(2,3) lam_t=0.97857 lam_s=0.99286 tsr_diff=0.000000 integral_mean=0.000000 integral_std=0.000000 log_ratio=0.0000 accept=1.0000 swapped=True
i=0 pair=(4,5) lam_t=1.00714 lam_s=1.02143 tsr_diff=0.000000 integral_mean=0.000000 integral_std=0.000000 log_ratio=0.0000 accept=1.0000 swapped=True
i=0 pair=(6,7) lam_t=1.03571 lam_s=1.05000 tsr_diff=0.000000 integral_mean=0.000000 integral_std=0.000000 log_ratio=0.0000 accept=1.0000 swapped=True
i=1 pair=(0,3) lam_t=0.96429 lam_s=0.97857 tsr_diff=0.000153 integral_mean=0.000001 integral_std=0.000153 log_ratio=0.0000 accept=1.0000 swapped=True
i=1 pair=(2,5) lam_t=0.99286 lam_s=1.00714 tsr_diff=0.000152 integral_mean=-0.000002 integral_std=0.000148 log_ratio=-0.0044 accept=0.9956 swapped=True
i=1 pair=(4,7) lam_t=1.02143 lam_s=1.03571 tsr_diff=0.000152 integral_mean=0.000001 integral_std=0.000156 log_ratio=0.0000 accept=1.0000 swapped=True
i=2 pair=(1,3) lam_t=0.95000 lam_s=0.96429 tsr_diff=0.000605 integral_mean=-0.000008 integral_std=0.000590 log_ratio=-0.0184 accept=0.9818 swapped=True
i=2 pair=(0,5) lam_t=0.97857 lam_s=0.99286 tsr_diff=0.000604 integral_mean=-0.000012 integral_std=0.000686 log_ratio=-0.0291 accept=0.9714 swapped=True
i=2 pair=(2,7) lam_t=1.00714 lam_s=1.02143 tsr_diff=0.000603 integral_mean=-0.000018 integral_std=0.000641 log_ratio=-0.0431 accept=0.9578 swapped=True
i=2 pair=(4,6) lam_t=1.03571 lam_s=1.05000 tsr_diff=0.000601 integral_mean=0.000012 integral_std=0.000601 log_ratio=0.0000 accept=1.0000 swapped=True
i=3 pair=(1,5) lam_t=0.96429 lam_s=0.97857 tsr_diff=0.001341 integral_mean=-0.000042 integral_std=0.001291 log_ratio=-0.0998 accept=0.9050 swapped=True
i=3 pair=(0,7) lam_t=0.99286 lam_s=1.00714 tsr_diff=0.001333 integral_mean=-0.000107 integral_std=0.001500 log_ratio=-0.2574 accept=0.7730 swapped=True
i=3 pair=(2,6) lam_t=1.02143 lam_s=1.03571 tsr_diff=0.001326 integral_mean=-0.000002 integral_std=0.001315 log_ratio=-0.0048 accept=0.9952 swapped=True
i=4 pair=(3,5) lam_t=0.95000 lam_s=0.96429 tsr_diff=0.002344 integral_mean=0.000279 integral_std=0.002401 log_ratio=0.0000 accept=1.0000 swapped=True
i=4 pair=(1,7) lam_t=0.97857 lam_s=0.99286 tsr_diff=0.002322 integral_mean=-0.000013 integral_std=0.002302 log_ratio=-0.0309 accept=0.9695 swapped=True
i=4 pair=(0,6) lam_t=1.00714 lam_s=1.02143 tsr_diff=0.002301 integral_mean=0.000144 integral_std=0.002405 log_ratio=0.0000 accept=1.0000 swapped=True
i=4 pair=(2,4) lam_t=1.03571 lam_s=1.05000 tsr_diff=0.002280 integral_mean=0.000000 integral_std=0.002240 log_ratio=0.0000 accept=1.0000 swapped=True
i=5 pair=(3,7) lam_t=0.96429 lam_s=0.97857 tsr_diff=0.003545 integral_mean=0.000123 integral_std=0.003561 log_ratio=0.0000 accept=1.0000 swapped=True
i=5 pair=(1,6) lam_t=0.99286 lam_s=1.00714 tsr_diff=0.003496 integral_mean=0.000176 integral_std=0.003272 log_ratio=0.0000 accept=1.0000 swapped=True
i=5 pair=(0,4) lam_t=1.02143 lam_s=1.03571 tsr_diff=0.003447 integral_mean=0.000092 integral_std=0.003338 log_ratio=0.0000 accept=1.0000 swapped=True
i=6 pair=(5,7) lam_t=0.95000 lam_s=0.96429 tsr_diff=0.004979 integral_mean=-0.000028 integral_std=0.004509 log_ratio=-0.0667 accept=0.9355 swapped=True
i=6 pair=(3,6) lam_t=0.97857 lam_s=0.99286 tsr_diff=0.004883 integral_mean=0.000218 integral_std=0.004410 log_ratio=0.0000 accept=1.0000 swapped=True
i=6 pair=(1,4) lam_t=1.00714 lam_s=1.02143 tsr_diff=0.004789 integral_mean=-0.000031 integral_std=0.004522 log_ratio=-0.0755 accept=0.9273 swapped=True
i=6 pair=(0,2) lam_t=1.03571 lam_s=1.05000 tsr_diff=0.004698 integral_mean=0.000229 integral_std=0.004693 log_ratio=0.0000 accept=1.0000 swapped=True
i=7 pair=(5,6) lam_t=0.96429 lam_s=0.97857 tsr_diff=0.006435 integral_mean=0.000226 integral_std=0.005218 log_ratio=0.0000 accept=1.0000 swapped=True
i=7 pair=(3,4) lam_t=0.99286 lam_s=1.00714 tsr_diff=0.006274 integral_mean=0.001030 integral_std=0.007063 log_ratio=0.0000 accept=1.0000 swapped=True
i=7 pair=(1,2) lam_t=1.02143 lam_s=1.03571 tsr_diff=0.006120 integral_mean=-0.000043 integral_std=0.005196 log_ratio=-0.1021 accept=0.9030 swapped=True
i=8 pair=(7,6) lam_t=0.95000 lam_s=0.96429 tsr_diff=0.008123 integral_mean=-0.000118 integral_std=0.006857 log_ratio=-0.2824 accept=0.7540 swapped=True
i=8 pair=(5,4) lam_t=0.97857 lam_s=0.99286 tsr_diff=0.007872 integral_mean=0.000063 integral_std=0.007268 log_ratio=0.0000 accept=1.0000 swapped=True
i=8 pair=(3,2) lam_t=1.00714 lam_s=1.02143 tsr_diff=0.007631 integral_mean=0.000984 integral_std=0.008194 log_ratio=0.0000 accept=1.0000 swapped=True
i=8 pair=(1,0) lam_t=1.03571 lam_s=1.05000 tsr_diff=0.007402 integral_mean=-0.000166 integral_std=0.007726 log_ratio=-0.3976 accept=0.6719 swapped=True
i=9 pair=(7,4) lam_t=0.96429 lam_s=0.97857 tsr_diff=0.009548 integral_mean=0.000149 integral_std=0.009361 log_ratio=0.0000 accept=1.0000 swapped=True
i=9 pair=(5,2) lam_t=0.99286 lam_s=1.00714 tsr_diff=0.009200 integral_mean=0.000111 integral_std=0.007017 log_ratio=0.0000 accept=1.0000 swapped=True
i=9 pair=(3,0) lam_t=1.02143 lam_s=1.03571 tsr_diff=0.008870 integral_mean=0.000046 integral_std=0.012058 log_ratio=0.0000 accept=1.0000 swapped=True
i=10 pair=(6,4) lam_t=0.95000 lam_s=0.96429 tsr_diff=0.011265 integral_mean=-0.000666 integral_std=0.013072 log_ratio=-1.5995 accept=0.2020 swapped=False
i=10 pair=(7,2) lam_t=0.97857 lam_s=0.99286 tsr_diff=0.010789 integral_mean=0.000594 integral_std=0.007803 log_ratio=0.0000 accept=1.0000 swapped=True
i=10 pair=(5,0) lam_t=1.00714 lam_s=1.02143 tsr_diff=0.010342 integral_mean=-0.000543 integral_std=0.012537 log_ratio=-1.3040 accept=0.2715 swapped=False
i=10 pair=(3,1) lam_t=1.03571 lam_s=1.05000 tsr_diff=0.009923 integral_mean=0.000977 integral_std=0.010323 log_ratio=0.0000 accept=1.0000 swapped=True
i=11 pair=(4,2) lam_t=0.96429 lam_s=0.97857 tsr_diff=0.012354 integral_mean=0.000802 integral_std=0.013044 log_ratio=0.0000 accept=1.0000 swapped=True
i=11 pair=(7,5) lam_t=0.99286 lam_s=1.00714 tsr_diff=0.011778 integral_mean=0.000314 integral_std=0.008178 log_ratio=0.0000 accept=1.0000 swapped=True
i=11 pair=(0,1) lam_t=1.02143 lam_s=1.03571 tsr_diff=0.011242 integral_mean=0.000811 integral_std=0.016263 log_ratio=0.0000 accept=1.0000 swapped=True
i=12 pair=(6,2) lam_t=0.95000 lam_s=0.96429 tsr_diff=0.013839 integral_mean=0.000180 integral_std=0.008742 log_ratio=0.0000 accept=1.0000 swapped=True
i=12 pair=(4,5) lam_t=0.97857 lam_s=0.99286 tsr_diff=0.013131 integral_mean=0.001466 integral_std=0.019253 log_ratio=0.0000 accept=1.0000 swapped=True
i=12 pair=(7,1) lam_t=1.00714 lam_s=1.02143 tsr_diff=0.012476 integral_mean=-0.000011 integral_std=0.007837 log_ratio=-0.0268 accept=0.9735 swapped=True
i=12 pair=(0,3) lam_t=1.03571 lam_s=1.05000 tsr_diff=0.011868 integral_mean=-0.001084 integral_std=0.021568 log_ratio=-2.6019 accept=0.0741 swapped=False
i=13 pair=(6,5) lam_t=0.96429 lam_s=0.97857 tsr_diff=0.014342 integral_mean=0.000313 integral_std=0.008236 log_ratio=0.0000 accept=1.0000 swapped=True
i=13 pair=(4,1) lam_t=0.99286 lam_s=1.00714 tsr_diff=0.013574 integral_mean=0.002492 integral_std=0.026618 log_ratio=0.0000 accept=1.0000 swapped=True
i=13 pair=(7,0) lam_t=1.02143 lam_s=1.03571 tsr_diff=0.012866 integral_mean=-0.000644 integral_std=0.025109 log_ratio=-1.5447 accept=0.2134 swapped=True
i=14 pair=(2,5) lam_t=0.95000 lam_s=0.96429 tsr_diff=0.015346 integral_mean=0.000715 integral_std=0.013233 log_ratio=0.0000 accept=1.0000 swapped=True
i=14 pair=(6,1) lam_t=0.97857 lam_s=0.99286 tsr_diff=0.014482 integral_mean=0.000360 integral_std=0.008896 log_ratio=0.0000 accept=1.0000 swapped=True
i=14 pair=(4,0) lam_t=1.00714 lam_s=1.02143 tsr_diff=0.013689 integral_mean=-0.001680 integral_std=0.062221 log_ratio=-4.0323 accept=0.0177 swapped=True
i=14 pair=(7,3) lam_t=1.03571 lam_s=1.05000 tsr_diff=0.012959 integral_mean=0.007309 integral_std=0.063989 log_ratio=0.0000 accept=1.0000 swapped=True
Best Sample: 2 log probability 0.000
Saved 1 samples to: logs/pointmaze-giant-navigate-v0/inference/plans/release_H400_T256_LimitsNormalizer_b1_condFalse/2026-07-20 18:11:38/7/0.png
Saved 1 samples to: logs/pointmaze-giant-navigate-v0/inference/plans/release_H400_T256_LimitsNormalizer_b1_condFalse/2026-07-20 18:11:38/7/rollout.png
i=0 pair=(0,1) lam_t=0.95000 lam_s=0.96429 tsr_diff=0.000000 integral_mean=0.000000 integral_std=0.000000 log_ratio=0.0000 accept=1.0000 swapped=True
i=0 pair=(2,3) lam_t=0.97857 lam_s=0.99286 tsr_diff=0.000000 integral_mean=0.000000 integral_std=0.000000 log_ratio=0.0000 accept=1.0000 swapped=True
i=0 pair=(4,5) lam_t=1.00714 lam_s=1.02143 tsr_diff=0.000000 integral_mean=0.000000 integral_std=0.000000 log_ratio=0.0000 accept=1.0000 swapped=True
i=0 pair=(6,7) lam_t=1.03571 lam_s=1.05000 tsr_diff=0.000000 integral_mean=0.000000 integral_std=0.000000 log_ratio=0.0000 accept=1.0000 swapped=True
i=1 pair=(0,3) lam_t=0.96429 lam_s=0.97857 tsr_diff=0.000153 integral_mean=-0.000003 integral_std=0.000160 log_ratio=-0.0062 accept=0.9938 swapped=True
i=1 pair=(2,5) lam_t=0.99286 lam_s=1.00714 tsr_diff=0.000152 integral_mean=0.000031 integral_std=0.000188 log_ratio=0.0000 accept=1.0000 swapped=True
i=1 pair=(4,7) lam_t=1.02143 lam_s=1.03571 tsr_diff=0.000152 integral_mean=-0.000016 integral_std=0.000169 log_ratio=-0.0377 accept=0.9630 swapped=True
i=2 pair=(1,3) lam_t=0.95000 lam_s=0.96429 tsr_diff=0.000605 integral_mean=-0.000020 integral_std=0.000641 log_ratio=-0.0475 accept=0.9536 swapped=True
i=2 pair=(0,5) lam_t=0.97857 lam_s=0.99286 tsr_diff=0.000604 integral_mean=0.000015 integral_std=0.000608 log_ratio=0.0000 accept=1.0000 swapped=True
i=2 pair=(2,7) lam_t=1.00714 lam_s=1.02143 tsr_diff=0.000603 integral_mean=0.000026 integral_std=0.000599 log_ratio=0.0000 accept=1.0000 swapped=True
i=2 pair=(4,6) lam_t=1.03571 lam_s=1.05000 tsr_diff=0.000601 integral_mean=0.000117 integral_std=0.000759 log_ratio=0.0000 accept=1.0000 swapped=True
i=3 pair=(1,5) lam_t=0.96429 lam_s=0.97857 tsr_diff=0.001341 integral_mean=-0.000162 integral_std=0.001426 log_ratio=-0.3892 accept=0.6776 swapped=False
i=3 pair=(0,7) lam_t=0.99286 lam_s=1.00714 tsr_diff=0.001333 integral_mean=0.000011 integral_std=0.001280 log_ratio=0.0000 accept=1.0000 swapped=True
i=3 pair=(2,6) lam_t=1.02143 lam_s=1.03571 tsr_diff=0.001326 integral_mean=0.000054 integral_std=0.001293 log_ratio=0.0000 accept=1.0000 swapped=True
i=4 pair=(3,1) lam_t=0.95000 lam_s=0.96429 tsr_diff=0.002344 integral_mean=0.000108 integral_std=0.002285 log_ratio=0.0000 accept=1.0000 swapped=True
i=4 pair=(5,7) lam_t=0.97857 lam_s=0.99286 tsr_diff=0.002322 integral_mean=0.000291 integral_std=0.002534 log_ratio=0.0000 accept=1.0000 swapped=True
i=4 pair=(0,6) lam_t=1.00714 lam_s=1.02143 tsr_diff=0.002301 integral_mean=-0.000056 integral_std=0.002123 log_ratio=-0.1339 accept=0.8747 swapped=True
i=4 pair=(2,4) lam_t=1.03571 lam_s=1.05000 tsr_diff=0.002280 integral_mean=-0.000057 integral_std=0.002295 log_ratio=-0.1356 accept=0.8732 swapped=True
i=5 pair=(3,7) lam_t=0.96429 lam_s=0.97857 tsr_diff=0.003545 integral_mean=0.000198 integral_std=0.003310 log_ratio=0.0000 accept=1.0000 swapped=True
i=5 pair=(5,6) lam_t=0.99286 lam_s=1.00714 tsr_diff=0.003496 integral_mean=0.000044 integral_std=0.003481 log_ratio=0.0000 accept=1.0000 swapped=True
i=5 pair=(0,4) lam_t=1.02143 lam_s=1.03571 tsr_diff=0.003447 integral_mean=-0.000160 integral_std=0.003233 log_ratio=-0.3842 accept=0.6810 swapped=True
i=6 pair=(1,7) lam_t=0.95000 lam_s=0.96429 tsr_diff=0.004979 integral_mean=0.000081 integral_std=0.004226 log_ratio=0.0000 accept=1.0000 swapped=True
i=6 pair=(3,6) lam_t=0.97857 lam_s=0.99286 tsr_diff=0.004883 integral_mean=0.000012 integral_std=0.004945 log_ratio=0.0000 accept=1.0000 swapped=True
i=6 pair=(5,4) lam_t=1.00714 lam_s=1.02143 tsr_diff=0.004789 integral_mean=0.000304 integral_std=0.004935 log_ratio=0.0000 accept=1.0000 swapped=True
i=6 pair=(0,2) lam_t=1.03571 lam_s=1.05000 tsr_diff=0.004698 integral_mean=0.000135 integral_std=0.004509 log_ratio=0.0000 accept=1.0000 swapped=True
i=7 pair=(1,6) lam_t=0.96429 lam_s=0.97857 tsr_diff=0.006435 integral_mean=0.000081 integral_std=0.005901 log_ratio=0.0000 accept=1.0000 swapped=True
i=7 pair=(3,4) lam_t=0.99286 lam_s=1.00714 tsr_diff=0.006274 integral_mean=0.000031 integral_std=0.005704 log_ratio=0.0000 accept=1.0000 swapped=True
i=7 pair=(5,2) lam_t=1.02143 lam_s=1.03571 tsr_diff=0.006120 integral_mean=0.000739 integral_std=0.006322 log_ratio=0.0000 accept=1.0000 swapped=True
i=8 pair=(7,6) lam_t=0.95000 lam_s=0.96429 tsr_diff=0.008123 integral_mean=-0.000087 integral_std=0.006866 log_ratio=-0.2085 accept=0.8118 swapped=True
i=8 pair=(1,4) lam_t=0.97857 lam_s=0.99286 tsr_diff=0.007872 integral_mean=-0.000294 integral_std=0.007372 log_ratio=-0.7067 accept=0.4933 swapped=True
i=8 pair=(3,2) lam_t=1.00714 lam_s=1.02143 tsr_diff=0.007631 integral_mean=-0.000004 integral_std=0.007119 log_ratio=-0.0105 accept=0.9895 swapped=True
i=8 pair=(5,0) lam_t=1.03571 lam_s=1.05000 tsr_diff=0.007402 integral_mean=0.000910 integral_std=0.007959 log_ratio=0.0000 accept=1.0000 swapped=True
i=9 pair=(7,4) lam_t=0.96429 lam_s=0.97857 tsr_diff=0.009548 integral_mean=-0.000486 integral_std=0.008790 log_ratio=-1.1656 accept=0.3117 swapped=False
i=9 pair=(1,2) lam_t=0.99286 lam_s=1.00714 tsr_diff=0.009200 integral_mean=0.000077 integral_std=0.009429 log_ratio=0.0000 accept=1.0000 swapped=True
i=9 pair=(3,0) lam_t=1.02143 lam_s=1.03571 tsr_diff=0.008870 integral_mean=0.000158 integral_std=0.007936 log_ratio=0.0000 accept=1.0000 swapped=True
i=10 pair=(6,7) lam_t=0.95000 lam_s=0.96429 tsr_diff=0.011265 integral_mean=0.000288 integral_std=0.008921 log_ratio=0.0000 accept=1.0000 swapped=True
i=10 pair=(4,2) lam_t=0.97857 lam_s=0.99286 tsr_diff=0.010789 integral_mean=0.000712 integral_std=0.011348 log_ratio=0.0000 accept=1.0000 swapped=True
i=10 pair=(1,0) lam_t=1.00714 lam_s=1.02143 tsr_diff=0.010342 integral_mean=0.000440 integral_std=0.008318 log_ratio=0.0000 accept=1.0000 swapped=True
i=10 pair=(3,5) lam_t=1.03571 lam_s=1.05000 tsr_diff=0.009923 integral_mean=-0.000710 integral_std=0.012345 log_ratio=-1.7047 accept=0.1818 swapped=True
i=11 pair=(6,2) lam_t=0.96429 lam_s=0.97857 tsr_diff=0.012354 integral_mean=0.000441 integral_std=0.013880 log_ratio=0.0000 accept=1.0000 swapped=True
i=11 pair=(4,0) lam_t=0.99286 lam_s=1.00714 tsr_diff=0.011778 integral_mean=0.001000 integral_std=0.011735 log_ratio=0.0000 accept=1.0000 swapped=True
i=11 pair=(1,5) lam_t=1.02143 lam_s=1.03571 tsr_diff=0.011242 integral_mean=-0.001126 integral_std=0.012807 log_ratio=-2.7015 accept=0.0671 swapped=False
i=12 pair=(7,2) lam_t=0.95000 lam_s=0.96429 tsr_diff=0.013839 integral_mean=0.000473 integral_std=0.015616 log_ratio=0.0000 accept=1.0000 swapped=True
i=12 pair=(6,0) lam_t=0.97857 lam_s=0.99286 tsr_diff=0.013131 integral_mean=0.001136 integral_std=0.011298 log_ratio=0.0000 accept=1.0000 swapped=True
i=12 pair=(4,1) lam_t=1.00714 lam_s=1.02143 tsr_diff=0.012476 integral_mean=0.003890 integral_std=0.029146 log_ratio=0.0000 accept=1.0000 swapped=True
i=12 pair=(5,3) lam_t=1.03571 lam_s=1.05000 tsr_diff=0.011868 integral_mean=0.004339 integral_std=0.047121 log_ratio=0.0000 accept=1.0000 swapped=True
i=13 pair=(7,0) lam_t=0.96429 lam_s=0.97857 tsr_diff=0.014342 integral_mean=0.000320 integral_std=0.007975 log_ratio=0.0000 accept=1.0000 swapped=True
i=13 pair=(6,1) lam_t=0.99286 lam_s=1.00714 tsr_diff=0.013574 integral_mean=0.001250 integral_std=0.011522 log_ratio=0.0000 accept=1.0000 swapped=True
i=13 pair=(4,3) lam_t=1.02143 lam_s=1.03571 tsr_diff=0.012866 integral_mean=-0.000899 integral_std=0.024399 log_ratio=-2.1569 accept=0.1157 swapped=True
i=14 pair=(2,0) lam_t=0.95000 lam_s=0.96429 tsr_diff=0.015346 integral_mean=0.000651 integral_std=0.029647 log_ratio=0.0000 accept=1.0000 swapped=True
i=14 pair=(7,1) lam_t=0.97857 lam_s=0.99286 tsr_diff=0.014482 integral_mean=0.000750 integral_std=0.009125 log_ratio=0.0000 accept=1.0000 swapped=True
i=14 pair=(6,3) lam_t=1.00714 lam_s=1.02143 tsr_diff=0.013689 integral_mean=-0.002863 integral_std=0.060876 log_ratio=-6.8717 accept=0.0010 swapped=False
i=14 pair=(4,5) lam_t=1.03571 lam_s=1.05000 tsr_diff=0.012959 integral_mean=-0.007014 integral_std=0.060482 log_ratio=-16.8327 accept=0.0000 swapped=False
Best Sample: 0 log probability 0.000
Saved 1 samples to: logs/pointmaze-giant-navigate-v0/inference/plans/release_H400_T256_LimitsNormalizer_b1_condFalse/2026-07-20 18:11:38/8/0.png
Saved 1 samples to: logs/pointmaze-giant-navigate-v0/inference/plans/release_H400_T256_LimitsNormalizer_b1_condFalse/2026-07-20 18:11:38/8/rollout.png
i=0 pair=(0,1) lam_t=0.95000 lam_s=0.96429 tsr_diff=0.000000 integral_mean=0.000000 integral_std=0.000000 log_ratio=0.0000 accept=1.0000 swapped=True
i=0 pair=(2,3) lam_t=0.97857 lam_s=0.99286 tsr_diff=0.000000 integral_mean=0.000000 integral_std=0.000000 log_ratio=0.0000 accept=1.0000 swapped=True
i=0 pair=(4,5) lam_t=1.00714 lam_s=1.02143 tsr_diff=0.000000 integral_mean=0.000000 integral_std=0.000000 log_ratio=0.0000 accept=1.0000 swapped=True
i=0 pair=(6,7) lam_t=1.03571 lam_s=1.05000 tsr_diff=0.000000 integral_mean=0.000000 integral_std=0.000000 log_ratio=0.0000 accept=1.0000 swapped=True
i=1 pair=(0,3) lam_t=0.96429 lam_s=0.97857 tsr_diff=0.000153 integral_mean=-0.000001 integral_std=0.000151 log_ratio=-0.0013 accept=0.9987 swapped=True
i=1 pair=(2,5) lam_t=0.99286 lam_s=1.00714 tsr_diff=0.000152 integral_mean=-0.000001 integral_std=0.000155 log_ratio=-0.0028 accept=0.9972 swapped=True
i=1 pair=(4,7) lam_t=1.02143 lam_s=1.03571 tsr_diff=0.000152 integral_mean=0.000006 integral_std=0.000149 log_ratio=0.0000 accept=1.0000 swapped=True
i=2 pair=(1,3) lam_t=0.95000 lam_s=0.96429 tsr_diff=0.000605 integral_mean=-0.000003 integral_std=0.000613 log_ratio=-0.0084 accept=0.9917 swapped=True
i=2 pair=(0,5) lam_t=0.97857 lam_s=0.99286 tsr_diff=0.000604 integral_mean=0.000012 integral_std=0.000630 log_ratio=0.0000 accept=1.0000 swapped=True
i=2 pair=(2,7) lam_t=1.00714 lam_s=1.02143 tsr_diff=0.000603 integral_mean=-0.000034 integral_std=0.000595 log_ratio=-0.0817 accept=0.9216 swapped=True
i=2 pair=(4,6) lam_t=1.03571 lam_s=1.05000 tsr_diff=0.000601 integral_mean=0.000024 integral_std=0.000577 log_ratio=0.0000 accept=1.0000 swapped=True
i=3 pair=(1,5) lam_t=0.96429 lam_s=0.97857 tsr_diff=0.001341 integral_mean=0.000170 integral_std=0.001578 log_ratio=0.0000 accept=1.0000 swapped=True
i=3 pair=(0,7) lam_t=0.99286 lam_s=1.00714 tsr_diff=0.001333 integral_mean=0.000021 integral_std=0.001338 log_ratio=0.0000 accept=1.0000 swapped=True
i=3 pair=(2,6) lam_t=1.02143 lam_s=1.03571 tsr_diff=0.001326 integral_mean=0.000185 integral_std=0.001902 log_ratio=0.0000 accept=1.0000 swapped=True
i=4 pair=(3,5) lam_t=0.95000 lam_s=0.96429 tsr_diff=0.002344 integral_mean=0.000099 integral_std=0.002242 log_ratio=0.0000 accept=1.0000 swapped=True
i=4 pair=(1,7) lam_t=0.97857 lam_s=0.99286 tsr_diff=0.002322 integral_mean=0.000058 integral_std=0.002319 log_ratio=0.0000 accept=1.0000 swapped=True
i=4 pair=(0,6) lam_t=1.00714 lam_s=1.02143 tsr_diff=0.002301 integral_mean=-0.000147 integral_std=0.002565 log_ratio=-0.3521 accept=0.7032 swapped=True
i=4 pair=(2,4) lam_t=1.03571 lam_s=1.05000 tsr_diff=0.002280 integral_mean=0.000194 integral_std=0.002311 log_ratio=0.0000 accept=1.0000 swapped=True
i=5 pair=(3,7) lam_t=0.96429 lam_s=0.97857 tsr_diff=0.003545 integral_mean=-0.000018 integral_std=0.003270 log_ratio=-0.0440 accept=0.9569 swapped=True
i=5 pair=(1,6) lam_t=0.99286 lam_s=1.00714 tsr_diff=0.003496 integral_mean=-0.000265 integral_std=0.003772 log_ratio=-0.6349 accept=0.5300 swapped=True
i=5 pair=(0,4) lam_t=1.02143 lam_s=1.03571 tsr_diff=0.003447 integral_mean=0.000044 integral_std=0.003265 log_ratio=0.0000 accept=1.0000 swapped=True
i=6 pair=(5,7) lam_t=0.95000 lam_s=0.96429 tsr_diff=0.004979 integral_mean=-0.000062 integral_std=0.004362 log_ratio=-0.1486 accept=0.8619 swapped=True
i=6 pair=(3,6) lam_t=0.97857 lam_s=0.99286 tsr_diff=0.004883 integral_mean=-0.000266 integral_std=0.005609 log_ratio=-0.6390 accept=0.5278 swapped=True
i=6 pair=(1,4) lam_t=1.00714 lam_s=1.02143 tsr_diff=0.004789 integral_mean=-0.000035 integral_std=0.004549 log_ratio=-0.0839 accept=0.9195 swapped=True
i=6 pair=(0,2) lam_t=1.03571 lam_s=1.05000 tsr_diff=0.004698 integral_mean=-0.000058 integral_std=0.004398 log_ratio=-0.1380 accept=0.8711 swapped=True
i=7 pair=(5,6) lam_t=0.96429 lam_s=0.97857 tsr_diff=0.006435 integral_mean=-0.000314 integral_std=0.005809 log_ratio=-0.7531 accept=0.4709 swapped=True
i=7 pair=(3,4) lam_t=0.99286 lam_s=1.00714 tsr_diff=0.006274 integral_mean=-0.000050 integral_std=0.005347 log_ratio=-0.1211 accept=0.8859 swapped=True
i=7 pair=(1,2) lam_t=1.02143 lam_s=1.03571 tsr_diff=0.006120 integral_mean=-0.000041 integral_std=0.005647 log_ratio=-0.0980 accept=0.9066 swapped=True
i=8 pair=(7,6) lam_t=0.95000 lam_s=0.96429 tsr_diff=0.008123 integral_mean=-0.000141 integral_std=0.007224 log_ratio=-0.3391 accept=0.7124 swapped=True
i=8 pair=(5,4) lam_t=0.97857 lam_s=0.99286 tsr_diff=0.007872 integral_mean=-0.000373 integral_std=0.006877 log_ratio=-0.8962 accept=0.4081 swapped=False
i=8 pair=(3,2) lam_t=1.00714 lam_s=1.02143 tsr_diff=0.007631 integral_mean=-0.000124 integral_std=0.007022 log_ratio=-0.2979 accept=0.7424 swapped=True
i=8 pair=(1,0) lam_t=1.03571 lam_s=1.05000 tsr_diff=0.007402 integral_mean=0.000434 integral_std=0.008161 log_ratio=0.0000 accept=1.0000 swapped=True
i=9 pair=(7,5) lam_t=0.96429 lam_s=0.97857 tsr_diff=0.009548 integral_mean=0.000595 integral_std=0.008046 log_ratio=0.0000 accept=1.0000 swapped=True
i=9 pair=(4,2) lam_t=0.99286 lam_s=1.00714 tsr_diff=0.009200 integral_mean=-0.000173 integral_std=0.009707 log_ratio=-0.4140 accept=0.6610 swapped=True
i=9 pair=(3,0) lam_t=1.02143 lam_s=1.03571 tsr_diff=0.008870 integral_mean=-0.000328 integral_std=0.009254 log_ratio=-0.7882 accept=0.4546 swapped=True
i=10 pair=(6,5) lam_t=0.95000 lam_s=0.96429 tsr_diff=0.011265 integral_mean=0.000714 integral_std=0.010402 log_ratio=0.0000 accept=1.0000 swapped=True
i=10 pair=(7,2) lam_t=0.97857 lam_s=0.99286 tsr_diff=0.010789 integral_mean=-0.000058 integral_std=0.012887 log_ratio=-0.1401 accept=0.8693 swapped=True
i=10 pair=(4,0) lam_t=1.00714 lam_s=1.02143 tsr_diff=0.010342 integral_mean=-0.000943 integral_std=0.011553 log_ratio=-2.2621 accept=0.1041 swapped=False
i=10 pair=(3,1) lam_t=1.03571 lam_s=1.05000 tsr_diff=0.009923 integral_mean=0.000246 integral_std=0.011914 log_ratio=0.0000 accept=1.0000 swapped=True
i=11 pair=(6,2) lam_t=0.96429 lam_s=0.97857 tsr_diff=0.012354 integral_mean=0.000222 integral_std=0.020367 log_ratio=0.0000 accept=1.0000 swapped=True
i=11 pair=(7,4) lam_t=0.99286 lam_s=1.00714 tsr_diff=0.011778 integral_mean=-0.000670 integral_std=0.011983 log_ratio=-1.6074 accept=0.2004 swapped=True
i=11 pair=(0,1) lam_t=1.02143 lam_s=1.03571 tsr_diff=0.011242 integral_mean=0.000397 integral_std=0.018783 log_ratio=0.0000 accept=1.0000 swapped=True
i=12 pair=(5,2) lam_t=0.95000 lam_s=0.96429 tsr_diff=0.013839 integral_mean=-0.000753 integral_std=0.024763 log_ratio=-1.8060 accept=0.1643 swapped=False
i=12 pair=(6,4) lam_t=0.97857 lam_s=0.99286 tsr_diff=0.013131 integral_mean=0.001167 integral_std=0.021602 log_ratio=0.0000 accept=1.0000 swapped=True
i=12 pair=(7,1) lam_t=1.00714 lam_s=1.02143 tsr_diff=0.012476 integral_mean=-0.000568 integral_std=0.018176 log_ratio=-1.3631 accept=0.2559 swapped=False
i=12 pair=(0,3) lam_t=1.03571 lam_s=1.05000 tsr_diff=0.011868 integral_mean=0.002073 integral_std=0.022476 log_ratio=0.0000 accept=1.0000 swapped=True
i=13 pair=(2,4) lam_t=0.96429 lam_s=0.97857 tsr_diff=0.014342 integral_mean=-0.000268 integral_std=0.028320 log_ratio=-0.6438 accept=0.5253 swapped=False
i=13 pair=(6,7) lam_t=0.99286 lam_s=1.00714 tsr_diff=0.013574 integral_mean=0.001428 integral_std=0.020645 log_ratio=0.0000 accept=1.0000 swapped=True
i=13 pair=(1,3) lam_t=1.02143 lam_s=1.03571 tsr_diff=0.012866 integral_mean=0.002666 integral_std=0.038049 log_ratio=0.0000 accept=1.0000 swapped=True
i=14 pair=(5,2) lam_t=0.95000 lam_s=0.96429 tsr_diff=0.015346 integral_mean=-0.000761 integral_std=0.064977 log_ratio=-1.8265 accept=0.1610 swapped=False
i=14 pair=(4,7) lam_t=0.97857 lam_s=0.99286 tsr_diff=0.014482 integral_mean=0.008809 integral_std=0.062365 log_ratio=0.0000 accept=1.0000 swapped=True
i=14 pair=(6,3) lam_t=1.00714 lam_s=1.02143 tsr_diff=0.013689 integral_mean=0.002287 integral_std=0.081357 log_ratio=0.0000 accept=1.0000 swapped=True
i=14 pair=(1,0) lam_t=1.03571 lam_s=1.05000 tsr_diff=0.012959 integral_mean=-0.000095 integral_std=0.202853 log_ratio=-0.2281 accept=0.7960 swapped=True
Best Sample: 5 log probability 0.000
Saved 1 samples to: logs/pointmaze-giant-navigate-v0/inference/plans/release_H400_T256_LimitsNormalizer_b1_condFalse/2026-07-20 18:11:38/9/0.png
Saved 1 samples to: logs/pointmaze-giant-navigate-v0/inference/plans/release_H400_T256_LimitsNormalizer_b1_condFalse/2026-07-20 18:11:38/9/rollout.png
i=0 pair=(0,1) lam_t=0.95000 lam_s=0.96429 tsr_diff=0.000000 integral_mean=0.000000 integral_std=0.000000 log_ratio=0.0000 accept=1.0000 swapped=True
i=0 pair=(2,3) lam_t=0.97857 lam_s=0.99286 tsr_diff=0.000000 integral_mean=0.000000 integral_std=0.000000 log_ratio=0.0000 accept=1.0000 swapped=True
i=0 pair=(4,5) lam_t=1.00714 lam_s=1.02143 tsr_diff=0.000000 integral_mean=0.000000 integral_std=0.000000 log_ratio=0.0000 accept=1.0000 swapped=True
i=0 pair=(6,7) lam_t=1.03571 lam_s=1.05000 tsr_diff=0.000000 integral_mean=0.000000 integral_std=0.000000 log_ratio=0.0000 accept=1.0000 swapped=True
i=1 pair=(0,3) lam_t=0.96429 lam_s=0.97857 tsr_diff=0.000153 integral_mean=0.000012 integral_std=0.000164 log_ratio=0.0000 accept=1.0000 swapped=True
i=1 pair=(2,5) lam_t=0.99286 lam_s=1.00714 tsr_diff=0.000152 integral_mean=-0.000004 integral_std=0.000153 log_ratio=-0.0098 accept=0.9902 swapped=True
i=1 pair=(4,7) lam_t=1.02143 lam_s=1.03571 tsr_diff=0.000152 integral_mean=0.000007 integral_std=0.000149 log_ratio=0.0000 accept=1.0000 swapped=True
i=2 pair=(1,3) lam_t=0.95000 lam_s=0.96429 tsr_diff=0.000605 integral_mean=-0.000045 integral_std=0.000619 log_ratio=-0.1086 accept=0.8971 swapped=True
i=2 pair=(0,5) lam_t=0.97857 lam_s=0.99286 tsr_diff=0.000604 integral_mean=-0.000137 integral_std=0.000737 log_ratio=-0.3292 accept=0.7195 swapped=False
i=2 pair=(2,7) lam_t=1.00714 lam_s=1.02143 tsr_diff=0.000603 integral_mean=-0.000002 integral_std=0.000650 log_ratio=-0.0059 accept=0.9941 swapped=True
i=2 pair=(4,6) lam_t=1.03571 lam_s=1.05000 tsr_diff=0.000601 integral_mean=0.000022 integral_std=0.000602 log_ratio=0.0000 accept=1.0000 swapped=True
i=3 pair=(1,0) lam_t=0.96429 lam_s=0.97857 tsr_diff=0.001341 integral_mean=0.000002 integral_std=0.001286 log_ratio=0.0000 accept=1.0000 swapped=True
i=3 pair=(5,7) lam_t=0.99286 lam_s=1.00714 tsr_diff=0.001333 integral_mean=0.000077 integral_std=0.001482 log_ratio=0.0000 accept=1.0000 swapped=True
i=3 pair=(2,6) lam_t=1.02143 lam_s=1.03571 tsr_diff=0.001326 integral_mean=0.000004 integral_std=0.001255 log_ratio=0.0000 accept=1.0000 swapped=True
i=4 pair=(3,0) lam_t=0.95000 lam_s=0.96429 tsr_diff=0.002344 integral_mean=0.000081 integral_std=0.002241 log_ratio=0.0000 accept=1.0000 swapped=True
i=4 pair=(1,7) lam_t=0.97857 lam_s=0.99286 tsr_diff=0.002322 integral_mean=-0.000202 integral_std=0.002435 log_ratio=-0.4847 accept=0.6159 swapped=True
i=4 pair=(5,6) lam_t=1.00714 lam_s=1.02143 tsr_diff=0.002301 integral_mean=-0.000111 integral_std=0.002165 log_ratio=-0.2659 accept=0.7665 swapped=True
i=4 pair=(2,4) lam_t=1.03571 lam_s=1.05000 tsr_diff=0.002280 integral_mean=-0.000104 integral_std=0.002147 log_ratio=-0.2489 accept=0.7797 swapped=False
i=5 pair=(3,7) lam_t=0.96429 lam_s=0.97857 tsr_diff=0.003545 integral_mean=-0.000104 integral_std=0.003357 log_ratio=-0.2502 accept=0.7786 swapped=True
i=5 pair=(1,6) lam_t=0.99286 lam_s=1.00714 tsr_diff=0.003496 integral_mean=0.000012 integral_std=0.003486 log_ratio=0.0000 accept=1.0000 swapped=True
i=5 pair=(5,2) lam_t=1.02143 lam_s=1.03571 tsr_diff=0.003447 integral_mean=0.000199 integral_std=0.004082 log_ratio=0.0000 accept=1.0000 swapped=True
i=6 pair=(0,7) lam_t=0.95000 lam_s=0.96429 tsr_diff=0.004979 integral_mean=0.000115 integral_std=0.004738 log_ratio=0.0000 accept=1.0000 swapped=True
i=6 pair=(3,6) lam_t=0.97857 lam_s=0.99286 tsr_diff=0.004883 integral_mean=-0.000023 integral_std=0.004616 log_ratio=-0.0561 accept=0.9454 swapped=True
i=6 pair=(1,2) lam_t=1.00714 lam_s=1.02143 tsr_diff=0.004789 integral_mean=-0.000272 integral_std=0.004666 log_ratio=-0.6522 accept=0.5209 swapped=True
i=6 pair=(5,4) lam_t=1.03571 lam_s=1.05000 tsr_diff=0.004698 integral_mean=0.000620 integral_std=0.005089 log_ratio=0.0000 accept=1.0000 swapped=True
i=7 pair=(0,6) lam_t=0.96429 lam_s=0.97857 tsr_diff=0.006435 integral_mean=0.000212 integral_std=0.006706 log_ratio=0.0000 accept=1.0000 swapped=True
i=7 pair=(3,2) lam_t=0.99286 lam_s=1.00714 tsr_diff=0.006274 integral_mean=0.000002 integral_std=0.005610 log_ratio=0.0000 accept=1.0000 swapped=True
i=7 pair=(1,4) lam_t=1.02143 lam_s=1.03571 tsr_diff=0.006120 integral_mean=0.000092 integral_std=0.005347 log_ratio=0.0000 accept=1.0000 swapped=True
i=8 pair=(7,6) lam_t=0.95000 lam_s=0.96429 tsr_diff=0.008123 integral_mean=0.000282 integral_std=0.008707 log_ratio=0.0000 accept=1.0000 swapped=True
i=8 pair=(0,2) lam_t=0.97857 lam_s=0.99286 tsr_diff=0.007872 integral_mean=-0.000016 integral_std=0.007353 log_ratio=-0.0375 accept=0.9632 swapped=True
i=8 pair=(3,4) lam_t=1.00714 lam_s=1.02143 tsr_diff=0.007631 integral_mean=0.000331 integral_std=0.006925 log_ratio=0.0000 accept=1.0000 swapped=True
i=8 pair=(1,5) lam_t=1.03571 lam_s=1.05000 tsr_diff=0.007402 integral_mean=-0.001513 integral_std=0.009917 log_ratio=-3.6322 accept=0.0265 swapped=False
i=9 pair=(7,2) lam_t=0.96429 lam_s=0.97857 tsr_diff=0.009548 integral_mean=0.000026 integral_std=0.009591 log_ratio=0.0000 accept=1.0000 swapped=True
i=9 pair=(0,4) lam_t=0.99286 lam_s=1.00714 tsr_diff=0.009200 integral_mean=0.000278 integral_std=0.008313 log_ratio=0.0000 accept=1.0000 swapped=True
i=9 pair=(3,1) lam_t=1.02143 lam_s=1.03571 tsr_diff=0.008870 integral_mean=0.000203 integral_std=0.008218 log_ratio=0.0000 accept=1.0000 swapped=True
i=10 pair=(6,2) lam_t=0.95000 lam_s=0.96429 tsr_diff=0.011265 integral_mean=0.000264 integral_std=0.011003 log_ratio=0.0000 accept=1.0000 swapped=True
i=10 pair=(7,4) lam_t=0.97857 lam_s=0.99286 tsr_diff=0.010789 integral_mean=0.000079 integral_std=0.011394 log_ratio=0.0000 accept=1.0000 swapped=True
i=10 pair=(0,1) lam_t=1.00714 lam_s=1.02143 tsr_diff=0.010342 integral_mean=0.000372 integral_std=0.011030 log_ratio=0.0000 accept=1.0000 swapped=True
i=10 pair=(3,5) lam_t=1.03571 lam_s=1.05000 tsr_diff=0.009923 integral_mean=-0.001126 integral_std=0.010962 log_ratio=-2.7014 accept=0.0671 swapped=False
i=11 pair=(6,4) lam_t=0.96429 lam_s=0.97857 tsr_diff=0.012354 integral_mean=0.001157 integral_std=0.016246 log_ratio=0.0000 accept=1.0000 swapped=True
i=11 pair=(7,1) lam_t=0.99286 lam_s=1.00714 tsr_diff=0.011778 integral_mean=0.000442 integral_std=0.012470 log_ratio=0.0000 accept=1.0000 swapped=True
i=11 pair=(0,3) lam_t=1.02143 lam_s=1.03571 tsr_diff=0.011242 integral_mean=0.000082 integral_std=0.012319 log_ratio=0.0000 accept=1.0000 swapped=True
i=12 pair=(2,4) lam_t=0.95000 lam_s=0.96429 tsr_diff=0.013839 integral_mean=0.000169 integral_std=0.022852 log_ratio=0.0000 accept=1.0000 swapped=True
i=12 pair=(6,1) lam_t=0.97857 lam_s=0.99286 tsr_diff=0.013131 integral_mean=0.002787 integral_std=0.023479 log_ratio=0.0000 accept=1.0000 swapped=True
i=12 pair=(7,3) lam_t=1.00714 lam_s=1.02143 tsr_diff=0.012476 integral_mean=0.000821 integral_std=0.014961 log_ratio=0.0000 accept=1.0000 swapped=True
i=12 pair=(0,5) lam_t=1.03571 lam_s=1.05000 tsr_diff=0.011868 integral_mean=-0.001789 integral_std=0.017902 log_ratio=-4.2944 accept=0.0136 swapped=False
i=13 pair=(2,1) lam_t=0.96429 lam_s=0.97857 tsr_diff=0.014342 integral_mean=0.001394 integral_std=0.025316 log_ratio=0.0000 accept=1.0000 swapped=True
i=13 pair=(6,3) lam_t=0.99286 lam_s=1.00714 tsr_diff=0.013574 integral_mean=0.003984 integral_std=0.023722 log_ratio=0.0000 accept=1.0000 swapped=True
i=13 pair=(7,0) lam_t=1.02143 lam_s=1.03571 tsr_diff=0.012866 integral_mean=0.000271 integral_std=0.019863 log_ratio=0.0000 accept=1.0000 swapped=True
i=14 pair=(4,1) lam_t=0.95000 lam_s=0.96429 tsr_diff=0.015346 integral_mean=0.007526 integral_std=0.090215 log_ratio=0.0000 accept=1.0000 swapped=True
i=14 pair=(2,3) lam_t=0.97857 lam_s=0.99286 tsr_diff=0.014482 integral_mean=0.004888 integral_std=0.036152 log_ratio=0.0000 accept=1.0000 swapped=True
i=14 pair=(6,0) lam_t=1.00714 lam_s=1.02143 tsr_diff=0.013689 integral_mean=0.010034 integral_std=0.062094 log_ratio=0.0000 accept=1.0000 swapped=True
i=14 pair=(7,5) lam_t=1.03571 lam_s=1.05000 tsr_diff=0.012959 integral_mean=-0.008392 integral_std=0.078430 log_ratio=-20.1415 accept=0.0000 swapped=False
Best Sample: 3 log probability -0.098
Saved 1 samples to: logs/pointmaze-giant-navigate-v0/inference/plans/release_H400_T256_LimitsNormalizer_b1_condFalse/2026-07-20 18:11:38/10/0.png
Saved 1 samples to: logs/pointmaze-giant-navigate-v0/inference/plans/release_H400_T256_LimitsNormalizer_b1_condFalse/2026-07-20 18:11:38/10/rollout.png
i=0 pair=(0,1) lam_t=0.95000 lam_s=0.96429 tsr_diff=0.000000 integral_mean=0.000000 integral_std=0.000000 log_ratio=0.0000 accept=1.0000 swapped=True
i=0 pair=(2,3) lam_t=0.97857 lam_s=0.99286 tsr_diff=0.000000 integral_mean=0.000000 integral_std=0.000000 log_ratio=0.0000 accept=1.0000 swapped=True
i=0 pair=(4,5) lam_t=1.00714 lam_s=1.02143 tsr_diff=0.000000 integral_mean=0.000000 integral_std=0.000000 log_ratio=0.0000 accept=1.0000 swapped=True
i=0 pair=(6,7) lam_t=1.03571 lam_s=1.05000 tsr_diff=0.000000 integral_mean=0.000000 integral_std=0.000000 log_ratio=0.0000 accept=1.0000 swapped=True
i=1 pair=(0,3) lam_t=0.96429 lam_s=0.97857 tsr_diff=0.000153 integral_mean=-0.000001 integral_std=0.000155 log_ratio=-0.0024 accept=0.9976 swapped=True
i=1 pair=(2,5) lam_t=0.99286 lam_s=1.00714 tsr_diff=0.000152 integral_mean=0.000009 integral_std=0.000166 log_ratio=0.0000 accept=1.0000 swapped=True
i=1 pair=(4,7) lam_t=1.02143 lam_s=1.03571 tsr_diff=0.000152 integral_mean=0.000002 integral_std=0.000147 log_ratio=0.0000 accept=1.0000 swapped=True
i=2 pair=(1,3) lam_t=0.95000 lam_s=0.96429 tsr_diff=0.000605 integral_mean=-0.000004 integral_std=0.000582 log_ratio=-0.0106 accept=0.9894 swapped=True
i=2 pair=(0,5) lam_t=0.97857 lam_s=0.99286 tsr_diff=0.000604 integral_mean=0.000083 integral_std=0.000701 log_ratio=0.0000 accept=1.0000 swapped=True
i=2 pair=(2,7) lam_t=1.00714 lam_s=1.02143 tsr_diff=0.000603 integral_mean=0.000010 integral_std=0.000612 log_ratio=0.0000 accept=1.0000 swapped=True
i=2 pair=(4,6) lam_t=1.03571 lam_s=1.05000 tsr_diff=0.000601 integral_mean=0.000012 integral_std=0.000573 log_ratio=0.0000 accept=1.0000 swapped=True
i=3 pair=(1,5) lam_t=0.96429 lam_s=0.97857 tsr_diff=0.001341 integral_mean=-0.000081 integral_std=0.001362 log_ratio=-0.1936 accept=0.8240 swapped=True
i=3 pair=(0,7) lam_t=0.99286 lam_s=1.00714 tsr_diff=0.001333 integral_mean=0.000017 integral_std=0.001308 log_ratio=0.0000 accept=1.0000 swapped=True
i=3 pair=(2,6) lam_t=1.02143 lam_s=1.03571 tsr_diff=0.001326 integral_mean=0.000007 integral_std=0.001306 log_ratio=0.0000 accept=1.0000 swapped=True
i=4 pair=(3,5) lam_t=0.95000 lam_s=0.96429 tsr_diff=0.002344 integral_mean=0.000041 integral_std=0.002599 log_ratio=0.0000 accept=1.0000 swapped=True
i=4 pair=(1,7) lam_t=0.97857 lam_s=0.99286 tsr_diff=0.002322 integral_mean=-0.000130 integral_std=0.002436 log_ratio=-0.3122 accept=0.7318 swapped=True
i=4 pair=(0,6) lam_t=1.00714 lam_s=1.02143 tsr_diff=0.002301 integral_mean=0.000063 integral_std=0.002257 log_ratio=0.0000 accept=1.0000 swapped=True
i=4 pair=(2,4) lam_t=1.03571 lam_s=1.05000 tsr_diff=0.002280 integral_mean=-0.000033 integral_std=0.002047 log_ratio=-0.0799 accept=0.9232 swapped=True
i=5 pair=(3,7) lam_t=0.96429 lam_s=0.97857 tsr_diff=0.003545 integral_mean=0.000011 integral_std=0.003373 log_ratio=0.0000 accept=1.0000 swapped=True
i=5 pair=(1,6) lam_t=0.99286 lam_s=1.00714 tsr_diff=0.003496 integral_mean=0.000133 integral_std=0.003228 log_ratio=0.0000 accept=1.0000 swapped=True
i=5 pair=(0,4) lam_t=1.02143 lam_s=1.03571 tsr_diff=0.003447 integral_mean=-0.000041 integral_std=0.003571 log_ratio=-0.0990 accept=0.9058 swapped=True
i=6 pair=(5,7) lam_t=0.95000 lam_s=0.96429 tsr_diff=0.004979 integral_mean=0.000229 integral_std=0.005400 log_ratio=0.0000 accept=1.0000 swapped=True
i=6 pair=(3,6) lam_t=0.97857 lam_s=0.99286 tsr_diff=0.004883 integral_mean=0.000278 integral_std=0.004734 log_ratio=0.0000 accept=1.0000 swapped=True
i=6 pair=(1,4) lam_t=1.00714 lam_s=1.02143 tsr_diff=0.004789 integral_mean=-0.001505 integral_std=0.007153 log_ratio=-3.6112 accept=0.0270 swapped=False
i=6 pair=(0,2) lam_t=1.03571 lam_s=1.05000 tsr_diff=0.004698 integral_mean=0.000050 integral_std=0.004465 log_ratio=0.0000 accept=1.0000 swapped=True
i=7 pair=(5,6) lam_t=0.96429 lam_s=0.97857 tsr_diff=0.006435 integral_mean=0.000308 integral_std=0.006001 log_ratio=0.0000 accept=1.0000 swapped=True
i=7 pair=(3,1) lam_t=0.99286 lam_s=1.00714 tsr_diff=0.006274 integral_mean=0.000145 integral_std=0.006104 log_ratio=0.0000 accept=1.0000 swapped=True
i=7 pair=(4,2) lam_t=1.02143 lam_s=1.03571 tsr_diff=0.006120 integral_mean=0.000736 integral_std=0.006619 log_ratio=0.0000 accept=1.0000 swapped=True
i=8 pair=(7,6) lam_t=0.95000 lam_s=0.96429 tsr_diff=0.008123 integral_mean=-0.000038 integral_std=0.007268 log_ratio=-0.0919 accept=0.9122 swapped=False
i=8 pair=(5,1) lam_t=0.97857 lam_s=0.99286 tsr_diff=0.007872 integral_mean=0.000297 integral_std=0.007440 log_ratio=0.0000 accept=1.0000 swapped=True
i=8 pair=(3,2) lam_t=1.00714 lam_s=1.02143 tsr_diff=0.007631 integral_mean=-0.000133 integral_std=0.008156 log_ratio=-0.3188 accept=0.7270 swapped=True
i=8 pair=(4,0) lam_t=1.03571 lam_s=1.05000 tsr_diff=0.007402 integral_mean=0.000419 integral_std=0.007740 log_ratio=0.0000 accept=1.0000 swapped=True
i=9 pair=(6,1) lam_t=0.96429 lam_s=0.97857 tsr_diff=0.009548 integral_mean=0.000194 integral_std=0.009068 log_ratio=0.0000 accept=1.0000 swapped=True
i=9 pair=(5,2) lam_t=0.99286 lam_s=1.00714 tsr_diff=0.009200 integral_mean=0.000138 integral_std=0.010676 log_ratio=0.0000 accept=1.0000 swapped=True
i=9 pair=(3,0) lam_t=1.02143 lam_s=1.03571 tsr_diff=0.008870 integral_mean=0.000147 integral_std=0.008259 log_ratio=0.0000 accept=1.0000 swapped=True
i=10 pair=(7,1) lam_t=0.95000 lam_s=0.96429 tsr_diff=0.011265 integral_mean=0.000550 integral_std=0.011118 log_ratio=0.0000 accept=1.0000 swapped=True
i=10 pair=(6,2) lam_t=0.97857 lam_s=0.99286 tsr_diff=0.010789 integral_mean=0.000011 integral_std=0.010855 log_ratio=0.0000 accept=1.0000 swapped=True
i=10 pair=(5,0) lam_t=1.00714 lam_s=1.02143 tsr_diff=0.010342 integral_mean=0.000464 integral_std=0.012420 log_ratio=0.0000 accept=1.0000 swapped=True
i=10 pair=(3,4) lam_t=1.03571 lam_s=1.05000 tsr_diff=0.009923 integral_mean=0.000572 integral_std=0.013241 log_ratio=0.0000 accept=1.0000 swapped=True
i=11 pair=(7,2) lam_t=0.96429 lam_s=0.97857 tsr_diff=0.012354 integral_mean=0.000107 integral_std=0.011860 log_ratio=0.0000 accept=1.0000 swapped=True
i=11 pair=(6,0) lam_t=0.99286 lam_s=1.00714 tsr_diff=0.011778 integral_mean=0.000097 integral_std=0.011532 log_ratio=0.0000 accept=1.0000 swapped=True
i=11 pair=(5,4) lam_t=1.02143 lam_s=1.03571 tsr_diff=0.011242 integral_mean=0.000554 integral_std=0.014313 log_ratio=0.0000 accept=1.0000 swapped=True
i=12 pair=(1,2) lam_t=0.95000 lam_s=0.96429 tsr_diff=0.013839 integral_mean=0.000090 integral_std=0.020028 log_ratio=0.0000 accept=1.0000 swapped=True
i=12 pair=(7,0) lam_t=0.97857 lam_s=0.99286 tsr_diff=0.013131 integral_mean=0.000234 integral_std=0.007982 log_ratio=0.0000 accept=1.0000 swapped=True
i=12 pair=(6,4) lam_t=1.00714 lam_s=1.02143 tsr_diff=0.012476 integral_mean=-0.000230 integral_std=0.012174 log_ratio=-0.5523 accept=0.5756 swapped=True
i=12 pair=(5,3) lam_t=1.03571 lam_s=1.05000 tsr_diff=0.011868 integral_mean=-0.002084 integral_std=0.026837 log_ratio=-5.0018 accept=0.0067 swapped=False
i=13 pair=(1,0) lam_t=0.96429 lam_s=0.97857 tsr_diff=0.014342 integral_mean=0.000728 integral_std=0.018577 log_ratio=0.0000 accept=1.0000 swapped=True
i=13 pair=(7,4) lam_t=0.99286 lam_s=1.00714 tsr_diff=0.013574 integral_mean=-0.000103 integral_std=0.018541 log_ratio=-0.2465 accept=0.7815 swapped=True
i=13 pair=(6,5) lam_t=1.02143 lam_s=1.03571 tsr_diff=0.012866 integral_mean=-0.001020 integral_std=0.024067 log_ratio=-2.4472 accept=0.0865 swapped=False
i=14 pair=(2,0) lam_t=0.95000 lam_s=0.96429 tsr_diff=0.015346 integral_mean=0.001529 integral_std=0.026413 log_ratio=0.0000 accept=1.0000 swapped=True
i=14 pair=(1,4) lam_t=0.97857 lam_s=0.99286 tsr_diff=0.014482 integral_mean=0.001900 integral_std=0.040972 log_ratio=0.0000 accept=1.0000 swapped=True
i=14 pair=(7,6) lam_t=1.00714 lam_s=1.02143 tsr_diff=0.013689 integral_mean=-0.000520 integral_std=0.020556 log_ratio=-1.2482 accept=0.2870 swapped=False
i=14 pair=(5,3) lam_t=1.03571 lam_s=1.05000 tsr_diff=0.012959 integral_mean=-0.021136 integral_std=0.165250 log_ratio=-50.7266 accept=0.0000 swapped=False
Best Sample: 0 log probability 0.000
Saved 1 samples to: logs/pointmaze-giant-navigate-v0/inference/plans/release_H400_T256_LimitsNormalizer_b1_condFalse/2026-07-20 18:11:38/11/0.png
Saved 1 samples to: logs/pointmaze-giant-navigate-v0/inference/plans/release_H400_T256_LimitsNormalizer_b1_condFalse/2026-07-20 18:11:38/11/rollout.png
i=0 pair=(0,1) lam_t=0.95000 lam_s=0.96429 tsr_diff=0.000000 integral_mean=0.000000 integral_std=0.000000 log_ratio=0.0000 accept=1.0000 swapped=True
i=0 pair=(2,3) lam_t=0.97857 lam_s=0.99286 tsr_diff=0.000000 integral_mean=0.000000 integral_std=0.000000 log_ratio=0.0000 accept=1.0000 swapped=True
i=0 pair=(4,5) lam_t=1.00714 lam_s=1.02143 tsr_diff=0.000000 integral_mean=0.000000 integral_std=0.000000 log_ratio=0.0000 accept=1.0000 swapped=True
i=0 pair=(6,7) lam_t=1.03571 lam_s=1.05000 tsr_diff=0.000000 integral_mean=0.000000 integral_std=0.000000 log_ratio=0.0000 accept=1.0000 swapped=True
i=1 pair=(0,3) lam_t=0.96429 lam_s=0.97857 tsr_diff=0.000153 integral_mean=-0.000005 integral_std=0.000154 log_ratio=-0.0111 accept=0.9890 swapped=True
i=1 pair=(2,5) lam_t=0.99286 lam_s=1.00714 tsr_diff=0.000152 integral_mean=-0.000001 integral_std=0.000148 log_ratio=-0.0028 accept=0.9972 swapped=True
i=1 pair=(4,7) lam_t=1.02143 lam_s=1.03571 tsr_diff=0.000152 integral_mean=0.000006 integral_std=0.000147 log_ratio=0.0000 accept=1.0000 swapped=True
i=2 pair=(1,3) lam_t=0.95000 lam_s=0.96429 tsr_diff=0.000605 integral_mean=-0.000005 integral_std=0.000595 log_ratio=-0.0109 accept=0.9891 swapped=True
i=2 pair=(0,5) lam_t=0.97857 lam_s=0.99286 tsr_diff=0.000604 integral_mean=0.000010 integral_std=0.000568 log_ratio=0.0000 accept=1.0000 swapped=True
i=2 pair=(2,7) lam_t=1.00714 lam_s=1.02143 tsr_diff=0.000603 integral_mean=-0.000004 integral_std=0.000609 log_ratio=-0.0089 accept=0.9912 swapped=True
i=2 pair=(4,6) lam_t=1.03571 lam_s=1.05000 tsr_diff=0.000601 integral_mean=0.000023 integral_std=0.000592 log_ratio=0.0000 accept=1.0000 swapped=True
i=3 pair=(1,5) lam_t=0.96429 lam_s=0.97857 tsr_diff=0.001341 integral_mean=-0.000019 integral_std=0.001277 log_ratio=-0.0447 accept=0.9563 swapped=True
i=3 pair=(0,7) lam_t=0.99286 lam_s=1.00714 tsr_diff=0.001333 integral_mean=-0.000147 integral_std=0.001505 log_ratio=-0.3537 accept=0.7021 swapped=True
i=3 pair=(2,6) lam_t=1.02143 lam_s=1.03571 tsr_diff=0.001326 integral_mean=-0.000293 integral_std=0.001691 log_ratio=-0.7023 accept=0.4954 swapped=False
i=4 pair=(3,5) lam_t=0.95000 lam_s=0.96429 tsr_diff=0.002344 integral_mean=-0.000432 integral_std=0.002628 log_ratio=-1.0377 accept=0.3543 swapped=True
i=4 pair=(1,7) lam_t=0.97857 lam_s=0.99286 tsr_diff=0.002322 integral_mean=0.000007 integral_std=0.002447 log_ratio=0.0000 accept=1.0000 swapped=True
i=4 pair=(0,2) lam_t=1.00714 lam_s=1.02143 tsr_diff=0.002301 integral_mean=-0.000074 integral_std=0.002144 log_ratio=-0.1777 accept=0.8372 swapped=False
i=4 pair=(6,4) lam_t=1.03571 lam_s=1.05000 tsr_diff=0.002280 integral_mean=0.000171 integral_std=0.002439 log_ratio=0.0000 accept=1.0000 swapped=True
i=5 pair=(3,7) lam_t=0.96429 lam_s=0.97857 tsr_diff=0.003545 integral_mean=-0.000275 integral_std=0.003564 log_ratio=-0.6609 accept=0.5164 swapped=False
i=5 pair=(1,0) lam_t=0.99286 lam_s=1.00714 tsr_diff=0.003496 integral_mean=0.000136 integral_std=0.003410 log_ratio=0.0000 accept=1.0000 swapped=True
i=5 pair=(2,4) lam_t=1.02143 lam_s=1.03571 tsr_diff=0.003447 integral_mean=0.000053 integral_std=0.003254 log_ratio=0.0000 accept=1.0000 swapped=True
i=6 pair=(5,3) lam_t=0.95000 lam_s=0.96429 tsr_diff=0.004979 integral_mean=0.000132 integral_std=0.004447 log_ratio=0.0000 accept=1.0000 swapped=True
i=6 pair=(7,0) lam_t=0.97857 lam_s=0.99286 tsr_diff=0.004883 integral_mean=0.000093 integral_std=0.004789 log_ratio=0.0000 accept=1.0000 swapped=True
i=6 pair=(1,4) lam_t=1.00714 lam_s=1.02143 tsr_diff=0.004789 integral_mean=0.000267 integral_std=0.004900 log_ratio=0.0000 accept=1.0000 swapped=True
i=6 pair=(2,6) lam_t=1.03571 lam_s=1.05000 tsr_diff=0.004698 integral_mean=-0.000148 integral_std=0.004726 log_ratio=-0.3563 accept=0.7002 swapped=True
i=7 pair=(5,0) lam_t=0.96429 lam_s=0.97857 tsr_diff=0.006435 integral_mean=0.000308 integral_std=0.005736 log_ratio=0.0000 accept=1.0000 swapped=True
i=7 pair=(7,4) lam_t=0.99286 lam_s=1.00714 tsr_diff=0.006274 integral_mean=0.000045 integral_std=0.005606 log_ratio=0.0000 accept=1.0000 swapped=True
i=7 pair=(1,6) lam_t=1.02143 lam_s=1.03571 tsr_diff=0.006120 integral_mean=-0.000422 integral_std=0.007814 log_ratio=-1.0124 accept=0.3634 swapped=False
i=8 pair=(3,0) lam_t=0.95000 lam_s=0.96429 tsr_diff=0.008123 integral_mean=0.000601 integral_std=0.006737 log_ratio=0.0000 accept=1.0000 swapped=True
i=8 pair=(5,4) lam_t=0.97857 lam_s=0.99286 tsr_diff=0.007872 integral_mean=0.000068 integral_std=0.007235 log_ratio=0.0000 accept=1.0000 swapped=True
i=8 pair=(7,1) lam_t=1.00714 lam_s=1.02143 tsr_diff=0.007631 integral_mean=-0.000321 integral_std=0.008237 log_ratio=-0.7713 accept=0.4624 swapped=False
i=8 pair=(6,2) lam_t=1.03571 lam_s=1.05000 tsr_diff=0.007402 integral_mean=0.000662 integral_std=0.007992 log_ratio=0.0000 accept=1.0000 swapped=True
i=9 pair=(3,4) lam_t=0.96429 lam_s=0.97857 tsr_diff=0.009548 integral_mean=0.000003 integral_std=0.008721 log_ratio=0.0000 accept=1.0000 swapped=True
i=9 pair=(5,7) lam_t=0.99286 lam_s=1.00714 tsr_diff=0.009200 integral_mean=0.000170 integral_std=0.008487 log_ratio=0.0000 accept=1.0000 swapped=True
i=9 pair=(1,2) lam_t=1.02143 lam_s=1.03571 tsr_diff=0.008870 integral_mean=0.000658 integral_std=0.012040 log_ratio=0.0000 accept=1.0000 swapped=True
i=10 pair=(0,4) lam_t=0.95000 lam_s=0.96429 tsr_diff=0.011265 integral_mean=-0.000933 integral_std=0.010744 log_ratio=-2.2384 accept=0.1066 swapped=True
i=10 pair=(3,7) lam_t=0.97857 lam_s=0.99286 tsr_diff=0.010789 integral_mean=0.000365 integral_std=0.010587 log_ratio=0.0000 accept=1.0000 swapped=True
i=10 pair=(5,2) lam_t=1.00714 lam_s=1.02143 tsr_diff=0.010342 integral_mean=-0.000320 integral_std=0.010870 log_ratio=-0.7669 accept=0.4645 swapped=False
i=10 pair=(1,6) lam_t=1.03571 lam_s=1.05000 tsr_diff=0.009923 integral_mean=0.000419 integral_std=0.017851 log_ratio=0.0000 accept=1.0000 swapped=True
i=11 pair=(0,7) lam_t=0.96429 lam_s=0.97857 tsr_diff=0.012354 integral_mean=0.000390 integral_std=0.012065 log_ratio=0.0000 accept=1.0000 swapped=True
i=11 pair=(3,5) lam_t=0.99286 lam_s=1.00714 tsr_diff=0.011778 integral_mean=0.000090 integral_std=0.011861 log_ratio=0.0000 accept=1.0000 swapped=True
i=11 pair=(2,6) lam_t=1.02143 lam_s=1.03571 tsr_diff=0.011242 integral_mean=-0.000358 integral_std=0.015471 log_ratio=-0.8590 accept=0.4236 swapped=False
i=12 pair=(4,7) lam_t=0.95000 lam_s=0.96429 tsr_diff=0.013839 integral_mean=0.004384 integral_std=0.026677 log_ratio=0.0000 accept=1.0000 swapped=True
i=12 pair=(0,5) lam_t=0.97857 lam_s=0.99286 tsr_diff=0.013131 integral_mean=-0.000377 integral_std=0.017835 log_ratio=-0.9052 accept=0.4045 swapped=False
i=12 pair=(3,2) lam_t=1.00714 lam_s=1.02143 tsr_diff=0.012476 integral_mean=-0.001652 integral_std=0.017805 log_ratio=-3.9654 accept=0.0190 swapped=False
i=12 pair=(6,1) lam_t=1.03571 lam_s=1.05000 tsr_diff=0.011868 integral_mean=-0.003828 integral_std=0.042546 log_ratio=-9.1869 accept=0.0001 swapped=False
i=13 pair=(4,0) lam_t=0.96429 lam_s=0.97857 tsr_diff=0.014342 integral_mean=0.002993 integral_std=0.020705 log_ratio=0.0000 accept=1.0000 swapped=True
i=13 pair=(5,3) lam_t=0.99286 lam_s=1.00714 tsr_diff=0.013574 integral_mean=0.000639 integral_std=0.016216 log_ratio=0.0000 accept=1.0000 swapped=True
i=13 pair=(2,6) lam_t=1.02143 lam_s=1.03571 tsr_diff=0.012866 integral_mean=0.000659 integral_std=0.029842 log_ratio=0.0000 accept=1.0000 swapped=True
i=14 pair=(7,0) lam_t=0.95000 lam_s=0.96429 tsr_diff=0.015346 integral_mean=0.001184 integral_std=0.022195 log_ratio=0.0000 accept=1.0000 swapped=True
i=14 pair=(4,3) lam_t=0.97857 lam_s=0.99286 tsr_diff=0.014482 integral_mean=0.004842 integral_std=0.052302 log_ratio=0.0000 accept=1.0000 swapped=True
i=14 pair=(5,6) lam_t=1.00714 lam_s=1.02143 tsr_diff=0.013689 integral_mean=-0.011143 integral_std=0.079303 log_ratio=-26.7425 accept=0.0000 swapped=False
i=14 pair=(2,1) lam_t=1.03571 lam_s=1.05000 tsr_diff=0.012959 integral_mean=-0.006801 integral_std=0.178493 log_ratio=-16.3220 accept=0.0000 swapped=False
Best Sample: 3 log probability 0.000
Saved 1 samples to: logs/pointmaze-giant-navigate-v0/inference/plans/release_H400_T256_LimitsNormalizer_b1_condFalse/2026-07-20 18:11:38/12/0.png
Saved 1 samples to: logs/pointmaze-giant-navigate-v0/inference/plans/release_H400_T256_LimitsNormalizer_b1_condFalse/2026-07-20 18:11:38/12/rollout.png
i=0 pair=(0,1) lam_t=0.95000 lam_s=0.96429 tsr_diff=0.000000 integral_mean=0.000000 integral_std=0.000000 log_ratio=0.0000 accept=1.0000 swapped=True
i=0 pair=(2,3) lam_t=0.97857 lam_s=0.99286 tsr_diff=0.000000 integral_mean=0.000000 integral_std=0.000000 log_ratio=0.0000 accept=1.0000 swapped=True
i=0 pair=(4,5) lam_t=1.00714 lam_s=1.02143 tsr_diff=0.000000 integral_mean=0.000000 integral_std=0.000000 log_ratio=0.0000 accept=1.0000 swapped=True
i=0 pair=(6,7) lam_t=1.03571 lam_s=1.05000 tsr_diff=0.000000 integral_mean=0.000000 integral_std=0.000000 log_ratio=0.0000 accept=1.0000 swapped=True
i=1 pair=(0,3) lam_t=0.96429 lam_s=0.97857 tsr_diff=0.000153 integral_mean=-0.000001 integral_std=0.000151 log_ratio=-0.0018 accept=0.9982 swapped=True
i=1 pair=(2,5) lam_t=0.99286 lam_s=1.00714 tsr_diff=0.000152 integral_mean=0.000024 integral_std=0.000175 log_ratio=0.0000 accept=1.0000 swapped=True
i=1 pair=(4,7) lam_t=1.02143 lam_s=1.03571 tsr_diff=0.000152 integral_mean=0.000002 integral_std=0.000150 log_ratio=0.0000 accept=1.0000 swapped=True
i=2 pair=(1,3) lam_t=0.95000 lam_s=0.96429 tsr_diff=0.000605 integral_mean=0.000015 integral_std=0.000597 log_ratio=0.0000 accept=1.0000 swapped=True
i=2 pair=(0,5) lam_t=0.97857 lam_s=0.99286 tsr_diff=0.000604 integral_mean=0.000000 integral_std=0.000575 log_ratio=0.0000 accept=1.0000 swapped=True
i=2 pair=(2,7) lam_t=1.00714 lam_s=1.02143 tsr_diff=0.000603 integral_mean=0.000021 integral_std=0.000587 log_ratio=0.0000 accept=1.0000 swapped=True
i=2 pair=(4,6) lam_t=1.03571 lam_s=1.05000 tsr_diff=0.000601 integral_mean=-0.000001 integral_std=0.000605 log_ratio=-0.0023 accept=0.9977 swapped=True
i=3 pair=(1,5) lam_t=0.96429 lam_s=0.97857 tsr_diff=0.001341 integral_mean=0.000053 integral_std=0.001312 log_ratio=0.0000 accept=1.0000 swapped=True
i=3 pair=(0,7) lam_t=0.99286 lam_s=1.00714 tsr_diff=0.001333 integral_mean=-0.000089 integral_std=0.001402 log_ratio=-0.2130 accept=0.8081 swapped=True
i=3 pair=(2,6) lam_t=1.02143 lam_s=1.03571 tsr_diff=0.001326 integral_mean=0.000042 integral_std=0.001305 log_ratio=0.0000 accept=1.0000 swapped=True
i=4 pair=(3,5) lam_t=0.95000 lam_s=0.96429 tsr_diff=0.002344 integral_mean=0.000015 integral_std=0.002309 log_ratio=0.0000 accept=1.0000 swapped=True
i=4 pair=(1,7) lam_t=0.97857 lam_s=0.99286 tsr_diff=0.002322 integral_mean=0.000014 integral_std=0.002218 log_ratio=0.0000 accept=1.0000 swapped=True
i=4 pair=(0,6) lam_t=1.00714 lam_s=1.02143 tsr_diff=0.002301 integral_mean=-0.000019 integral_std=0.002128 log_ratio=-0.0463 accept=0.9548 swapped=False
i=4 pair=(2,4) lam_t=1.03571 lam_s=1.05000 tsr_diff=0.002280 integral_mean=0.000004 integral_std=0.002181 log_ratio=0.0000 accept=1.0000 swapped=True
i=5 pair=(3,7) lam_t=0.96429 lam_s=0.97857 tsr_diff=0.003545 integral_mean=-0.000136 integral_std=0.003561 log_ratio=-0.3260 accept=0.7218 swapped=True
i=5 pair=(1,0) lam_t=0.99286 lam_s=1.00714 tsr_diff=0.003496 integral_mean=0.000020 integral_std=0.003361 log_ratio=0.0000 accept=1.0000 swapped=True
i=5 pair=(6,4) lam_t=1.02143 lam_s=1.03571 tsr_diff=0.003447 integral_mean=-0.000014 integral_std=0.002997 log_ratio=-0.0336 accept=0.9670 swapped=True
i=6 pair=(5,7) lam_t=0.95000 lam_s=0.96429 tsr_diff=0.004979 integral_mean=0.000114 integral_std=0.005093 log_ratio=0.0000 accept=1.0000 swapped=True
i=6 pair=(3,0) lam_t=0.97857 lam_s=0.99286 tsr_diff=0.004883 integral_mean=-0.000210 integral_std=0.004953 log_ratio=-0.5049 accept=0.6035 swapped=False
i=6 pair=(1,4) lam_t=1.00714 lam_s=1.02143 tsr_diff=0.004789 integral_mean=0.000046 integral_std=0.004653 log_ratio=0.0000 accept=1.0000 swapped=True
i=6 pair=(6,2) lam_t=1.03571 lam_s=1.05000 tsr_diff=0.004698 integral_mean=-0.000397 integral_std=0.004938 log_ratio=-0.9528 accept=0.3857 swapped=False
i=7 pair=(5,3) lam_t=0.96429 lam_s=0.97857 tsr_diff=0.006435 integral_mean=0.000451 integral_std=0.006243 log_ratio=0.0000 accept=1.0000 swapped=True
i=7 pair=(0,4) lam_t=0.99286 lam_s=1.00714 tsr_diff=0.006274 integral_mean=0.000549 integral_std=0.005878 log_ratio=0.0000 accept=1.0000 swapped=True
i=7 pair=(1,6) lam_t=1.02143 lam_s=1.03571 tsr_diff=0.006120 integral_mean=0.000342 integral_std=0.006372 log_ratio=0.0000 accept=1.0000 swapped=True
i=8 pair=(7,3) lam_t=0.95000 lam_s=0.96429 tsr_diff=0.008123 integral_mean=0.000228 integral_std=0.008057 log_ratio=0.0000 accept=1.0000 swapped=True
i=8 pair=(5,4) lam_t=0.97857 lam_s=0.99286 tsr_diff=0.007872 integral_mean=0.000006 integral_std=0.006786 log_ratio=0.0000 accept=1.0000 swapped=True
i=8 pair=(0,6) lam_t=1.00714 lam_s=1.02143 tsr_diff=0.007631 integral_mean=0.000128 integral_std=0.007013 log_ratio=0.0000 accept=1.0000 swapped=True
i=8 pair=(1,2) lam_t=1.03571 lam_s=1.05000 tsr_diff=0.007402 integral_mean=-0.000266 integral_std=0.008353 log_ratio=-0.6383 accept=0.5282 swapped=False
i=9 pair=(7,4) lam_t=0.96429 lam_s=0.97857 tsr_diff=0.009548 integral_mean=0.000347 integral_std=0.010429 log_ratio=0.0000 accept=1.0000 swapped=True
i=9 pair=(5,6) lam_t=0.99286 lam_s=1.00714 tsr_diff=0.009200 integral_mean=0.000239 integral_std=0.007378 log_ratio=0.0000 accept=1.0000 swapped=True
i=9 pair=(0,1) lam_t=1.02143 lam_s=1.03571 tsr_diff=0.008870 integral_mean=0.000600 integral_std=0.010174 log_ratio=0.0000 accept=1.0000 swapped=True
i=10 pair=(3,4) lam_t=0.95000 lam_s=0.96429 tsr_diff=0.011265 integral_mean=-0.000182 integral_std=0.012511 log_ratio=-0.4372 accept=0.6459 swapped=True
i=10 pair=(7,6) lam_t=0.97857 lam_s=0.99286 tsr_diff=0.010789 integral_mean=0.000523 integral_std=0.011554 log_ratio=0.0000 accept=1.0000 swapped=True
i=10 pair=(5,1) lam_t=1.00714 lam_s=1.02143 tsr_diff=0.010342 integral_mean=-0.000708 integral_std=0.013763 log_ratio=-1.7004 accept=0.1826 swapped=False
i=10 pair=(0,2) lam_t=1.03571 lam_s=1.05000 tsr_diff=0.009923 integral_mean=0.000341 integral_std=0.011079 log_ratio=0.0000 accept=1.0000 swapped=True
i=11 pair=(3,6) lam_t=0.96429 lam_s=0.97857 tsr_diff=0.012354 integral_mean=0.000293 integral_std=0.013544 log_ratio=0.0000 accept=1.0000 swapped=True
i=11 pair=(7,5) lam_t=0.99286 lam_s=1.00714 tsr_diff=0.011778 integral_mean=0.000982 integral_std=0.013601 log_ratio=0.0000 accept=1.0000 swapped=True
i=11 pair=(1,2) lam_t=1.02143 lam_s=1.03571 tsr_diff=0.011242 integral_mean=0.000485 integral_std=0.016192 log_ratio=0.0000 accept=1.0000 swapped=True
i=12 pair=(4,6) lam_t=0.95000 lam_s=0.96429 tsr_diff=0.013839 integral_mean=0.000414 integral_std=0.009404 log_ratio=0.0000 accept=1.0000 swapped=True
i=12 pair=(3,5) lam_t=0.97857 lam_s=0.99286 tsr_diff=0.013131 integral_mean=0.000301 integral_std=0.013233 log_ratio=0.0000 accept=1.0000 swapped=True
i=12 pair=(7,2) lam_t=1.00714 lam_s=1.02143 tsr_diff=0.012476 integral_mean=0.000841 integral_std=0.022812 log_ratio=0.0000 accept=1.0000 swapped=True
i=12 pair=(1,0) lam_t=1.03571 lam_s=1.05000 tsr_diff=0.011868 integral_mean=-0.001321 integral_std=0.027588 log_ratio=-3.1708 accept=0.0420 swapped=False
i=13 pair=(4,5) lam_t=0.96429 lam_s=0.97857 tsr_diff=0.014342 integral_mean=0.000578 integral_std=0.007930 log_ratio=0.0000 accept=1.0000 swapped=True
i=13 pair=(3,2) lam_t=0.99286 lam_s=1.00714 tsr_diff=0.013574 integral_mean=0.000300 integral_std=0.021676 log_ratio=0.0000 accept=1.0000 swapped=True
i=13 pair=(7,1) lam_t=1.02143 lam_s=1.03571 tsr_diff=0.012866 integral_mean=0.001748 integral_std=0.032055 log_ratio=0.0000 accept=1.0000 swapped=True
i=14 pair=(6,5) lam_t=0.95000 lam_s=0.96429 tsr_diff=0.015346 integral_mean=0.001335 integral_std=0.011607 log_ratio=0.0000 accept=1.0000 swapped=True
i=14 pair=(4,2) lam_t=0.97857 lam_s=0.99286 tsr_diff=0.014482 integral_mean=0.001875 integral_std=0.031330 log_ratio=0.0000 accept=1.0000 swapped=True
i=14 pair=(3,1) lam_t=1.00714 lam_s=1.02143 tsr_diff=0.013689 integral_mean=-0.000169 integral_std=0.058365 log_ratio=-0.4049 accept=0.6670 swapped=True
i=14 pair=(7,0) lam_t=1.03571 lam_s=1.05000 tsr_diff=0.012959 integral_mean=0.001881 integral_std=0.089297 log_ratio=0.0000 accept=1.0000 swapped=True
Best Sample: 6 log probability 0.000
Saved 1 samples to: logs/pointmaze-giant-navigate-v0/inference/plans/release_H400_T256_LimitsNormalizer_b1_condFalse/2026-07-20 18:11:38/13/0.png
Saved 1 samples to: logs/pointmaze-giant-navigate-v0/inference/plans/release_H400_T256_LimitsNormalizer_b1_condFalse/2026-07-20 18:11:38/13/rollout.png
i=0 pair=(0,1) lam_t=0.95000 lam_s=0.96429 tsr_diff=0.000000 integral_mean=0.000000 integral_std=0.000000 log_ratio=0.0000 accept=1.0000 swapped=True
i=0 pair=(2,3) lam_t=0.97857 lam_s=0.99286 tsr_diff=0.000000 integral_mean=0.000000 integral_std=0.000000 log_ratio=0.0000 accept=1.0000 swapped=True
i=0 pair=(4,5) lam_t=1.00714 lam_s=1.02143 tsr_diff=0.000000 integral_mean=0.000000 integral_std=0.000000 log_ratio=0.0000 accept=1.0000 swapped=True
i=0 pair=(6,7) lam_t=1.03571 lam_s=1.05000 tsr_diff=0.000000 integral_mean=0.000000 integral_std=0.000000 log_ratio=0.0000 accept=1.0000 swapped=True
i=1 pair=(0,3) lam_t=0.96429 lam_s=0.97857 tsr_diff=0.000153 integral_mean=0.000000 integral_std=0.000149 log_ratio=0.0000 accept=1.0000 swapped=True
i=1 pair=(2,5) lam_t=0.99286 lam_s=1.00714 tsr_diff=0.000152 integral_mean=-0.000006 integral_std=0.000152 log_ratio=-0.0145 accept=0.9856 swapped=True
i=1 pair=(4,7) lam_t=1.02143 lam_s=1.03571 tsr_diff=0.000152 integral_mean=0.000235 integral_std=0.000530 log_ratio=0.0000 accept=1.0000 swapped=True
i=2 pair=(1,3) lam_t=0.95000 lam_s=0.96429 tsr_diff=0.000605 integral_mean=-0.000012 integral_std=0.000630 log_ratio=-0.0287 accept=0.9717 swapped=True
i=2 pair=(0,5) lam_t=0.97857 lam_s=0.99286 tsr_diff=0.000604 integral_mean=0.000009 integral_std=0.000608 log_ratio=0.0000 accept=1.0000 swapped=True
i=2 pair=(2,7) lam_t=1.00714 lam_s=1.02143 tsr_diff=0.000603 integral_mean=0.000029 integral_std=0.000594 log_ratio=0.0000 accept=1.0000 swapped=True
i=2 pair=(4,6) lam_t=1.03571 lam_s=1.05000 tsr_diff=0.000601 integral_mean=0.000096 integral_std=0.000703 log_ratio=0.0000 accept=1.0000 swapped=True
i=3 pair=(1,5) lam_t=0.96429 lam_s=0.97857 tsr_diff=0.001341 integral_mean=0.000015 integral_std=0.001254 log_ratio=0.0000 accept=1.0000 swapped=True
i=3 pair=(0,7) lam_t=0.99286 lam_s=1.00714 tsr_diff=0.001333 integral_mean=0.000009 integral_std=0.001321 log_ratio=0.0000 accept=1.0000 swapped=True
i=3 pair=(2,6) lam_t=1.02143 lam_s=1.03571 tsr_diff=0.001326 integral_mean=0.000021 integral_std=0.001217 log_ratio=0.0000 accept=1.0000 swapped=True
i=4 pair=(3,5) lam_t=0.95000 lam_s=0.96429 tsr_diff=0.002344 integral_mean=0.000039 integral_std=0.002270 log_ratio=0.0000 accept=1.0000 swapped=True
i=4 pair=(1,7) lam_t=0.97857 lam_s=0.99286 tsr_diff=0.002322 integral_mean=-0.000031 integral_std=0.002166 log_ratio=-0.0751 accept=0.9276 swapped=True
i=4 pair=(0,6) lam_t=1.00714 lam_s=1.02143 tsr_diff=0.002301 integral_mean=0.000012 integral_std=0.002101 log_ratio=0.0000 accept=1.0000 swapped=True
i=4 pair=(2,4) lam_t=1.03571 lam_s=1.05000 tsr_diff=0.002280 integral_mean=0.000002 integral_std=0.002193 log_ratio=0.0000 accept=1.0000 swapped=True
i=5 pair=(3,7) lam_t=0.96429 lam_s=0.97857 tsr_diff=0.003545 integral_mean=-0.000103 integral_std=0.003122 log_ratio=-0.2478 accept=0.7805 swapped=False
i=5 pair=(1,6) lam_t=0.99286 lam_s=1.00714 tsr_diff=0.003496 integral_mean=0.000039 integral_std=0.003072 log_ratio=0.0000 accept=1.0000 swapped=True
i=5 pair=(0,4) lam_t=1.02143 lam_s=1.03571 tsr_diff=0.003447 integral_mean=-0.000023 integral_std=0.003225 log_ratio=-0.0563 accept=0.9452 swapped=True
i=6 pair=(5,3) lam_t=0.95000 lam_s=0.96429 tsr_diff=0.004979 integral_mean=0.000183 integral_std=0.004509 log_ratio=0.0000 accept=1.0000 swapped=True
i=6 pair=(7,6) lam_t=0.97857 lam_s=0.99286 tsr_diff=0.004883 integral_mean=0.000029 integral_std=0.004141 log_ratio=0.0000 accept=1.0000 swapped=True
i=6 pair=(1,4) lam_t=1.00714 lam_s=1.02143 tsr_diff=0.004789 integral_mean=-0.000108 integral_std=0.004497 log_ratio=-0.2594 accept=0.7715 swapped=True
i=6 pair=(0,2) lam_t=1.03571 lam_s=1.05000 tsr_diff=0.004698 integral_mean=-0.000098 integral_std=0.004216 log_ratio=-0.2342 accept=0.7912 swapped=True
i=7 pair=(5,6) lam_t=0.96429 lam_s=0.97857 tsr_diff=0.006435 integral_mean=0.000032 integral_std=0.005279 log_ratio=0.0000 accept=1.0000 swapped=True
i=7 pair=(7,4) lam_t=0.99286 lam_s=1.00714 tsr_diff=0.006274 integral_mean=-0.000270 integral_std=0.005905 log_ratio=-0.6477 accept=0.5233 swapped=True
i=7 pair=(1,2) lam_t=1.02143 lam_s=1.03571 tsr_diff=0.006120 integral_mean=0.000084 integral_std=0.005101 log_ratio=0.0000 accept=1.0000 swapped=True
i=8 pair=(3,6) lam_t=0.95000 lam_s=0.96429 tsr_diff=0.008123 integral_mean=-0.000062 integral_std=0.007487 log_ratio=-0.1480 accept=0.8624 swapped=True
i=8 pair=(5,4) lam_t=0.97857 lam_s=0.99286 tsr_diff=0.007872 integral_mean=-0.000063 integral_std=0.007190 log_ratio=-0.1519 accept=0.8591 swapped=False
i=8 pair=(7,2) lam_t=1.00714 lam_s=1.02143 tsr_diff=0.007631 integral_mean=-0.000019 integral_std=0.006348 log_ratio=-0.0445 accept=0.9565 swapped=True
i=8 pair=(1,0) lam_t=1.03571 lam_s=1.05000 tsr_diff=0.007402 integral_mean=-0.000135 integral_std=0.007275 log_ratio=-0.3239 accept=0.7233 swapped=True
i=9 pair=(3,5) lam_t=0.96429 lam_s=0.97857 tsr_diff=0.009548 integral_mean=-0.000100 integral_std=0.008030 log_ratio=-0.2398 accept=0.7868 swapped=True
i=9 pair=(4,2) lam_t=0.99286 lam_s=1.00714 tsr_diff=0.009200 integral_mean=0.000257 integral_std=0.008692 log_ratio=0.0000 accept=1.0000 swapped=True
i=9 pair=(7,0) lam_t=1.02143 lam_s=1.03571 tsr_diff=0.008870 integral_mean=-0.000238 integral_std=0.008545 log_ratio=-0.5705 accept=0.5653 swapped=False
i=10 pair=(6,5) lam_t=0.95000 lam_s=0.96429 tsr_diff=0.011265 integral_mean=0.000030 integral_std=0.008557 log_ratio=0.0000 accept=1.0000 swapped=True
i=10 pair=(3,2) lam_t=0.97857 lam_s=0.99286 tsr_diff=0.010789 integral_mean=-0.000272 integral_std=0.009997 log_ratio=-0.6534 accept=0.5203 swapped=False
i=10 pair=(4,7) lam_t=1.00714 lam_s=1.02143 tsr_diff=0.010342 integral_mean=0.001269 integral_std=0.010234 log_ratio=0.0000 accept=1.0000 swapped=True
i=10 pair=(0,1) lam_t=1.03571 lam_s=1.05000 tsr_diff=0.009923 integral_mean=0.000525 integral_std=0.009588 log_ratio=0.0000 accept=1.0000 swapped=True
i=11 pair=(6,3) lam_t=0.96429 lam_s=0.97857 tsr_diff=0.012354 integral_mean=-0.000232 integral_std=0.012264 log_ratio=-0.5563 accept=0.5733 swapped=False
i=11 pair=(2,7) lam_t=0.99286 lam_s=1.00714 tsr_diff=0.011778 integral_mean=-0.000060 integral_std=0.007838 log_ratio=-0.1450 accept=0.8650 swapped=True
i=11 pair=(4,1) lam_t=1.02143 lam_s=1.03571 tsr_diff=0.011242 integral_mean=0.000747 integral_std=0.010659 log_ratio=0.0000 accept=1.0000 swapped=True
i=12 pair=(5,6) lam_t=0.95000 lam_s=0.96429 tsr_diff=0.013839 integral_mean=0.000114 integral_std=0.008163 log_ratio=0.0000 accept=1.0000 swapped=True
i=12 pair=(3,7) lam_t=0.97857 lam_s=0.99286 tsr_diff=0.013131 integral_mean=0.000463 integral_std=0.012336 log_ratio=0.0000 accept=1.0000 swapped=True
i=12 pair=(2,1) lam_t=1.00714 lam_s=1.02143 tsr_diff=0.012476 integral_mean=-0.000132 integral_std=0.007116 log_ratio=-0.3175 accept=0.7279 swapped=False
i=12 pair=(4,0) lam_t=1.03571 lam_s=1.05000 tsr_diff=0.011868 integral_mean=-0.000290 integral_std=0.014231 log_ratio=-0.6956 accept=0.4988 swapped=True
i=13 pair=(5,7) lam_t=0.96429 lam_s=0.97857 tsr_diff=0.014342 integral_mean=0.000094 integral_std=0.007240 log_ratio=0.0000 accept=1.0000 swapped=True
i=13 pair=(3,2) lam_t=0.99286 lam_s=1.00714 tsr_diff=0.013574 integral_mean=0.000923 integral_std=0.017859 log_ratio=0.0000 accept=1.0000 swapped=True
i=13 pair=(1,0) lam_t=1.02143 lam_s=1.03571 tsr_diff=0.012866 integral_mean=-0.001718 integral_std=0.022796 log_ratio=-4.1223 accept=0.0162 swapped=False
i=14 pair=(6,7) lam_t=0.95000 lam_s=0.96429 tsr_diff=0.015346 integral_mean=0.000960 integral_std=0.012465 log_ratio=0.0000 accept=1.0000 swapped=True
i=14 pair=(5,2) lam_t=0.97857 lam_s=0.99286 tsr_diff=0.014482 integral_mean=0.000723 integral_std=0.007546 log_ratio=0.0000 accept=1.0000 swapped=True
i=14 pair=(3,1) lam_t=1.00714 lam_s=1.02143 tsr_diff=0.013689 integral_mean=-0.000744 integral_std=0.034797 log_ratio=-1.7863 accept=0.1676 swapped=True
i=14 pair=(0,4) lam_t=1.03571 lam_s=1.05000 tsr_diff=0.012959 integral_mean=0.002661 integral_std=0.059916 log_ratio=0.0000 accept=1.0000 swapped=True
Best Sample: 6 log probability 0.000
Saved 1 samples to: logs/pointmaze-giant-navigate-v0/inference/plans/release_H400_T256_LimitsNormalizer_b1_condFalse/2026-07-20 18:11:38/14/0.png
Saved 1 samples to: logs/pointmaze-giant-navigate-v0/inference/plans/release_H400_T256_LimitsNormalizer_b1_condFalse/2026-07-20 18:11:38/14/rollout.png
i=0 pair=(0,1) lam_t=0.95000 lam_s=0.96429 tsr_diff=0.000000 integral_mean=0.000000 integral_std=0.000000 log_ratio=0.0000 accept=1.0000 swapped=True
i=0 pair=(2,3) lam_t=0.97857 lam_s=0.99286 tsr_diff=0.000000 integral_mean=0.000000 integral_std=0.000000 log_ratio=0.0000 accept=1.0000 swapped=True
i=0 pair=(4,5) lam_t=1.00714 lam_s=1.02143 tsr_diff=0.000000 integral_mean=0.000000 integral_std=0.000000 log_ratio=0.0000 accept=1.0000 swapped=True
i=0 pair=(6,7) lam_t=1.03571 lam_s=1.05000 tsr_diff=0.000000 integral_mean=0.000000 integral_std=0.000000 log_ratio=0.0000 accept=1.0000 swapped=True
i=1 pair=(0,3) lam_t=0.96429 lam_s=0.97857 tsr_diff=0.000153 integral_mean=-0.000007 integral_std=0.000148 log_ratio=-0.0168 accept=0.9833 swapped=True
i=1 pair=(2,5) lam_t=0.99286 lam_s=1.00714 tsr_diff=0.000152 integral_mean=-0.000002 integral_std=0.000156 log_ratio=-0.0044 accept=0.9957 swapped=True
i=1 pair=(4,7) lam_t=1.02143 lam_s=1.03571 tsr_diff=0.000152 integral_mean=-0.000003 integral_std=0.000151 log_ratio=-0.0082 accept=0.9918 swapped=True
i=2 pair=(1,3) lam_t=0.95000 lam_s=0.96429 tsr_diff=0.000605 integral_mean=-0.000478 integral_std=0.001482 log_ratio=-1.1469 accept=0.3176 swapped=False
i=2 pair=(0,5) lam_t=0.97857 lam_s=0.99286 tsr_diff=0.000604 integral_mean=0.000070 integral_std=0.000676 log_ratio=0.0000 accept=1.0000 swapped=True
i=2 pair=(2,7) lam_t=1.00714 lam_s=1.02143 tsr_diff=0.000603 integral_mean=-0.000002 integral_std=0.000597 log_ratio=-0.0040 accept=0.9960 swapped=True
i=2 pair=(4,6) lam_t=1.03571 lam_s=1.05000 tsr_diff=0.000601 integral_mean=0.000013 integral_std=0.000572 log_ratio=0.0000 accept=1.0000 swapped=True
i=3 pair=(3,5) lam_t=0.96429 lam_s=0.97857 tsr_diff=0.001341 integral_mean=0.000166 integral_std=0.001372 log_ratio=0.0000 accept=1.0000 swapped=True
i=3 pair=(0,7) lam_t=0.99286 lam_s=1.00714 tsr_diff=0.001333 integral_mean=-0.000028 integral_std=0.001273 log_ratio=-0.0662 accept=0.9360 swapped=True
i=3 pair=(2,6) lam_t=1.02143 lam_s=1.03571 tsr_diff=0.001326 integral_mean=-0.000105 integral_std=0.001449 log_ratio=-0.2528 accept=0.7766 swapped=False
i=4 pair=(1,5) lam_t=0.95000 lam_s=0.96429 tsr_diff=0.002344 integral_mean=0.000014 integral_std=0.002200 log_ratio=0.0000 accept=1.0000 swapped=True
i=4 pair=(3,7) lam_t=0.97857 lam_s=0.99286 tsr_diff=0.002322 integral_mean=0.000621 integral_std=0.002972 log_ratio=0.0000 accept=1.0000 swapped=True
i=4 pair=(0,2) lam_t=1.00714 lam_s=1.02143 tsr_diff=0.002301 integral_mean=-0.000066 integral_std=0.002261 log_ratio=-0.1594 accept=0.8526 swapped=True
i=4 pair=(6,4) lam_t=1.03571 lam_s=1.05000 tsr_diff=0.002280 integral_mean=0.000063 integral_std=0.002196 log_ratio=0.0000 accept=1.0000 swapped=True
i=5 pair=(1,7) lam_t=0.96429 lam_s=0.97857 tsr_diff=0.003545 integral_mean=0.000144 integral_std=0.003392 log_ratio=0.0000 accept=1.0000 swapped=True
i=5 pair=(3,2) lam_t=0.99286 lam_s=1.00714 tsr_diff=0.003496 integral_mean=0.000156 integral_std=0.003625 log_ratio=0.0000 accept=1.0000 swapped=True
i=5 pair=(0,4) lam_t=1.02143 lam_s=1.03571 tsr_diff=0.003447 integral_mean=0.000128 integral_std=0.003226 log_ratio=0.0000 accept=1.0000 swapped=True
i=6 pair=(5,7) lam_t=0.95000 lam_s=0.96429 tsr_diff=0.004979 integral_mean=0.000055 integral_std=0.004398 log_ratio=0.0000 accept=1.0000 swapped=True
i=6 pair=(1,2) lam_t=0.97857 lam_s=0.99286 tsr_diff=0.004883 integral_mean=0.000204 integral_std=0.004948 log_ratio=0.0000 accept=1.0000 swapped=True
i=6 pair=(3,4) lam_t=1.00714 lam_s=1.02143 tsr_diff=0.004789 integral_mean=0.000388 integral_std=0.004768 log_ratio=0.0000 accept=1.0000 swapped=True
i=6 pair=(0,6) lam_t=1.03571 lam_s=1.05000 tsr_diff=0.004698 integral_mean=0.000027 integral_std=0.004364 log_ratio=0.0000 accept=1.0000 swapped=True
i=7 pair=(5,2) lam_t=0.96429 lam_s=0.97857 tsr_diff=0.006435 integral_mean=0.000082 integral_std=0.005606 log_ratio=0.0000 accept=1.0000 swapped=True
i=7 pair=(1,4) lam_t=0.99286 lam_s=1.00714 tsr_diff=0.006274 integral_mean=0.000530 integral_std=0.006193 log_ratio=0.0000 accept=1.0000 swapped=True
i=7 pair=(3,6) lam_t=1.02143 lam_s=1.03571 tsr_diff=0.006120 integral_mean=0.000200 integral_std=0.005837 log_ratio=0.0000 accept=1.0000 swapped=True
i=8 pair=(7,2) lam_t=0.95000 lam_s=0.96429 tsr_diff=0.008123 integral_mean=0.000060 integral_std=0.008224 log_ratio=0.0000 accept=1.0000 swapped=True
i=8 pair=(5,4) lam_t=0.97857 lam_s=0.99286 tsr_diff=0.007872 integral_mean=0.000175 integral_std=0.007367 log_ratio=0.0000 accept=1.0000 swapped=True
i=8 pair=(1,6) lam_t=1.00714 lam_s=1.02143 tsr_diff=0.007631 integral_mean=0.000356 integral_std=0.008002 log_ratio=0.0000 accept=1.0000 swapped=True
i=8 pair=(3,0) lam_t=1.03571 lam_s=1.05000 tsr_diff=0.007402 integral_mean=0.001396 integral_std=0.009013 log_ratio=0.0000 accept=1.0000 swapped=True
i=9 pair=(7,4) lam_t=0.96429 lam_s=0.97857 tsr_diff=0.009548 integral_mean=0.000715 integral_std=0.009450 log_ratio=0.0000 accept=1.0000 swapped=True
i=9 pair=(5,6) lam_t=0.99286 lam_s=1.00714 tsr_diff=0.009200 integral_mean=0.000477 integral_std=0.008019 log_ratio=0.0000 accept=1.0000 swapped=True
i=9 pair=(1,0) lam_t=1.02143 lam_s=1.03571 tsr_diff=0.008870 integral_mean=0.000155 integral_std=0.009141 log_ratio=0.0000 accept=1.0000 swapped=True
i=10 pair=(2,4) lam_t=0.95000 lam_s=0.96429 tsr_diff=0.011265 integral_mean=0.000880 integral_std=0.011823 log_ratio=0.0000 accept=1.0000 swapped=True
i=10 pair=(7,6) lam_t=0.97857 lam_s=0.99286 tsr_diff=0.010789 integral_mean=0.001448 integral_std=0.014351 log_ratio=0.0000 accept=1.0000 swapped=True
i=10 pair=(5,0) lam_t=1.00714 lam_s=1.02143 tsr_diff=0.010342 integral_mean=0.000512 integral_std=0.010923 log_ratio=0.0000 accept=1.0000 swapped=True
i=10 pair=(1,3) lam_t=1.03571 lam_s=1.05000 tsr_diff=0.009923 integral_mean=-0.000042 integral_std=0.010357 log_ratio=-0.1005 accept=0.9044 swapped=False
i=11 pair=(2,6) lam_t=0.96429 lam_s=0.97857 tsr_diff=0.012354 integral_mean=0.001369 integral_std=0.012468 log_ratio=0.0000 accept=1.0000 swapped=True
i=11 pair=(7,0) lam_t=0.99286 lam_s=1.00714 tsr_diff=0.011778 integral_mean=0.001508 integral_std=0.021109 log_ratio=0.0000 accept=1.0000 swapped=True
i=11 pair=(5,1) lam_t=1.02143 lam_s=1.03571 tsr_diff=0.011242 integral_mean=0.000365 integral_std=0.011019 log_ratio=0.0000 accept=1.0000 swapped=True
i=12 pair=(4,6) lam_t=0.95000 lam_s=0.96429 tsr_diff=0.013839 integral_mean=0.000688 integral_std=0.014097 log_ratio=0.0000 accept=1.0000 swapped=True
i=12 pair=(2,0) lam_t=0.97857 lam_s=0.99286 tsr_diff=0.013131 integral_mean=0.001387 integral_std=0.020188 log_ratio=0.0000 accept=1.0000 swapped=True
i=12 pair=(7,1) lam_t=1.00714 lam_s=1.02143 tsr_diff=0.012476 integral_mean=0.000653 integral_std=0.013500 log_ratio=0.0000 accept=1.0000 swapped=True
i=12 pair=(5,3) lam_t=1.03571 lam_s=1.05000 tsr_diff=0.011868 integral_mean=0.000321 integral_std=0.011709 log_ratio=0.0000 accept=1.0000 swapped=True
i=13 pair=(4,0) lam_t=0.96429 lam_s=0.97857 tsr_diff=0.014342 integral_mean=-0.000064 integral_std=0.011495 log_ratio=-0.1535 accept=0.8577 swapped=False
i=13 pair=(2,1) lam_t=0.99286 lam_s=1.00714 tsr_diff=0.013574 integral_mean=0.002407 integral_std=0.024541 log_ratio=0.0000 accept=1.0000 swapped=True
i=13 pair=(7,3) lam_t=1.02143 lam_s=1.03571 tsr_diff=0.012866 integral_mean=0.000219 integral_std=0.017893 log_ratio=0.0000 accept=1.0000 swapped=True
i=14 pair=(6,4) lam_t=0.95000 lam_s=0.96429 tsr_diff=0.015346 integral_mean=0.001986 integral_std=0.034690 log_ratio=0.0000 accept=1.0000 swapped=True
i=14 pair=(0,1) lam_t=0.97857 lam_s=0.99286 tsr_diff=0.014482 integral_mean=0.000140 integral_std=0.047667 log_ratio=0.0000 accept=1.0000 swapped=True
i=14 pair=(2,3) lam_t=1.00714 lam_s=1.02143 tsr_diff=0.013689 integral_mean=0.009803 integral_std=0.065156 log_ratio=0.0000 accept=1.0000 swapped=True
i=14 pair=(7,5) lam_t=1.03571 lam_s=1.05000 tsr_diff=0.012959 integral_mean=-0.003659 integral_std=0.065976 log_ratio=-8.7812 accept=0.0002 swapped=False
Best Sample: 6 log probability 0.000
Saved 1 samples to: logs/pointmaze-giant-navigate-v0/inference/plans/release_H400_T256_LimitsNormalizer_b1_condFalse/2026-07-20 18:11:38/15/0.png
Saved 1 samples to: logs/pointmaze-giant-navigate-v0/inference/plans/release_H400_T256_LimitsNormalizer_b1_condFalse/2026-07-20 18:11:38/15/rollout.png
i=0 pair=(0,1) lam_t=0.95000 lam_s=0.96429 tsr_diff=0.000000 integral_mean=0.000000 integral_std=0.000000 log_ratio=0.0000 accept=1.0000 swapped=True
i=0 pair=(2,3) lam_t=0.97857 lam_s=0.99286 tsr_diff=0.000000 integral_mean=0.000000 integral_std=0.000000 log_ratio=0.0000 accept=1.0000 swapped=True
i=0 pair=(4,5) lam_t=1.00714 lam_s=1.02143 tsr_diff=0.000000 integral_mean=0.000000 integral_std=0.000000 log_ratio=0.0000 accept=1.0000 swapped=True
i=0 pair=(6,7) lam_t=1.03571 lam_s=1.05000 tsr_diff=0.000000 integral_mean=0.000000 integral_std=0.000000 log_ratio=0.0000 accept=1.0000 swapped=True
i=1 pair=(0,3) lam_t=0.96429 lam_s=0.97857 tsr_diff=0.000153 integral_mean=0.000001 integral_std=0.000163 log_ratio=0.0000 accept=1.0000 swapped=True
i=1 pair=(2,5) lam_t=0.99286 lam_s=1.00714 tsr_diff=0.000152 integral_mean=0.000006 integral_std=0.000154 log_ratio=0.0000 accept=1.0000 swapped=True
i=1 pair=(4,7) lam_t=1.02143 lam_s=1.03571 tsr_diff=0.000152 integral_mean=-0.000008 integral_std=0.000155 log_ratio=-0.0194 accept=0.9808 swapped=True
i=2 pair=(1,3) lam_t=0.95000 lam_s=0.96429 tsr_diff=0.000605 integral_mean=-0.000032 integral_std=0.000595 log_ratio=-0.0773 accept=0.9257 swapped=True
i=2 pair=(0,5) lam_t=0.97857 lam_s=0.99286 tsr_diff=0.000604 integral_mean=0.000005 integral_std=0.000598 log_ratio=0.0000 accept=1.0000 swapped=True
i=2 pair=(2,7) lam_t=1.00714 lam_s=1.02143 tsr_diff=0.000603 integral_mean=-0.000015 integral_std=0.000627 log_ratio=-0.0368 accept=0.9638 swapped=True
i=2 pair=(4,6) lam_t=1.03571 lam_s=1.05000 tsr_diff=0.000601 integral_mean=0.000032 integral_std=0.000687 log_ratio=0.0000 accept=1.0000 swapped=True
i=3 pair=(1,5) lam_t=0.96429 lam_s=0.97857 tsr_diff=0.001341 integral_mean=0.000032 integral_std=0.001300 log_ratio=0.0000 accept=1.0000 swapped=True
i=3 pair=(0,7) lam_t=0.99286 lam_s=1.00714 tsr_diff=0.001333 integral_mean=-0.000043 integral_std=0.001335 log_ratio=-0.1026 accept=0.9025 swapped=True
i=3 pair=(2,6) lam_t=1.02143 lam_s=1.03571 tsr_diff=0.001326 integral_mean=0.000143 integral_std=0.001554 log_ratio=0.0000 accept=1.0000 swapped=True
i=4 pair=(3,5) lam_t=0.95000 lam_s=0.96429 tsr_diff=0.002344 integral_mean=0.000057 integral_std=0.002176 log_ratio=0.0000 accept=1.0000 swapped=True
i=4 pair=(1,7) lam_t=0.97857 lam_s=0.99286 tsr_diff=0.002322 integral_mean=0.000022 integral_std=0.002264 log_ratio=0.0000 accept=1.0000 swapped=True
i=4 pair=(0,6) lam_t=1.00714 lam_s=1.02143 tsr_diff=0.002301 integral_mean=-0.000029 integral_std=0.002283 log_ratio=-0.0699 accept=0.9325 swapped=True
i=4 pair=(2,4) lam_t=1.03571 lam_s=1.05000 tsr_diff=0.002280 integral_mean=-0.000073 integral_std=0.002464 log_ratio=-0.1757 accept=0.8389 swapped=True
i=5 pair=(3,7) lam_t=0.96429 lam_s=0.97857 tsr_diff=0.003545 integral_mean=0.000162 integral_std=0.003324 log_ratio=0.0000 accept=1.0000 swapped=True
i=5 pair=(1,6) lam_t=0.99286 lam_s=1.00714 tsr_diff=0.003496 integral_mean=-0.000127 integral_std=0.003153 log_ratio=-0.3037 accept=0.7381 swapped=False
i=5 pair=(0,4) lam_t=1.02143 lam_s=1.03571 tsr_diff=0.003447 integral_mean=-0.000062 integral_std=0.003301 log_ratio=-0.1487 accept=0.8619 swapped=True
i=6 pair=(5,7) lam_t=0.95000 lam_s=0.96429 tsr_diff=0.004979 integral_mean=0.000046 integral_std=0.004300 log_ratio=0.0000 accept=1.0000 swapped=True
i=6 pair=(3,1) lam_t=0.97857 lam_s=0.99286 tsr_diff=0.004883 integral_mean=0.000456 integral_std=0.005219 log_ratio=0.0000 accept=1.0000 swapped=True
i=6 pair=(6,4) lam_t=1.00714 lam_s=1.02143 tsr_diff=0.004789 integral_mean=0.000060 integral_std=0.004656 log_ratio=0.0000 accept=1.0000 swapped=True
i=6 pair=(0,2) lam_t=1.03571 lam_s=1.05000 tsr_diff=0.004698 integral_mean=0.000235 integral_std=0.005044 log_ratio=0.0000 accept=1.0000 swapped=True
i=7 pair=(5,1) lam_t=0.96429 lam_s=0.97857 tsr_diff=0.006435 integral_mean=-0.000066 integral_std=0.005821 log_ratio=-0.1577 accept=0.8541 swapped=True
i=7 pair=(3,4) lam_t=0.99286 lam_s=1.00714 tsr_diff=0.006274 integral_mean=0.001128 integral_std=0.007876 log_ratio=0.0000 accept=1.0000 swapped=True
i=7 pair=(6,2) lam_t=1.02143 lam_s=1.03571 tsr_diff=0.006120 integral_mean=-0.000089 integral_std=0.006559 log_ratio=-0.2139 accept=0.8075 swapped=True
i=8 pair=(7,1) lam_t=0.95000 lam_s=0.96429 tsr_diff=0.008123 integral_mean=-0.000002 integral_std=0.007175 log_ratio=-0.0052 accept=0.9948 swapped=True
i=8 pair=(5,4) lam_t=0.97857 lam_s=0.99286 tsr_diff=0.007872 integral_mean=-0.000222 integral_std=0.007266 log_ratio=-0.5337 accept=0.5864 swapped=True
i=8 pair=(3,2) lam_t=1.00714 lam_s=1.02143 tsr_diff=0.007631 integral_mean=0.000770 integral_std=0.008347 log_ratio=0.0000 accept=1.0000 swapped=True
i=8 pair=(6,0) lam_t=1.03571 lam_s=1.05000 tsr_diff=0.007402 integral_mean=-0.000384 integral_std=0.008078 log_ratio=-0.9220 accept=0.3977 swapped=False
i=9 pair=(7,4) lam_t=0.96429 lam_s=0.97857 tsr_diff=0.009548 integral_mean=-0.000345 integral_std=0.009319 log_ratio=-0.8290 accept=0.4365 swapped=False
i=9 pair=(5,2) lam_t=0.99286 lam_s=1.00714 tsr_diff=0.009200 integral_mean=-0.000040 integral_std=0.009429 log_ratio=-0.0964 accept=0.9081 swapped=True
i=9 pair=(3,6) lam_t=1.02143 lam_s=1.03571 tsr_diff=0.008870 integral_mean=0.000414 integral_std=0.011126 log_ratio=0.0000 accept=1.0000 swapped=True
i=10 pair=(1,7) lam_t=0.95000 lam_s=0.96429 tsr_diff=0.011265 integral_mean=-0.000108 integral_std=0.010826 log_ratio=-0.2581 accept=0.7725 swapped=True
i=10 pair=(4,2) lam_t=0.97857 lam_s=0.99286 tsr_diff=0.010789 integral_mean=0.000046 integral_std=0.012958 log_ratio=0.0000 accept=1.0000 swapped=True
i=10 pair=(5,6) lam_t=1.00714 lam_s=1.02143 tsr_diff=0.010342 integral_mean=-0.000472 integral_std=0.010604 log_ratio=-1.1323 accept=0.3223 swapped=True
i=10 pair=(3,0) lam_t=1.03571 lam_s=1.05000 tsr_diff=0.009923 integral_mean=0.001693 integral_std=0.024043 log_ratio=0.0000 accept=1.0000 swapped=True
i=11 pair=(1,2) lam_t=0.96429 lam_s=0.97857 tsr_diff=0.012354 integral_mean=-0.000703 integral_std=0.016832 log_ratio=-1.6875 accept=0.1850 swapped=False
i=11 pair=(4,6) lam_t=0.99286 lam_s=1.00714 tsr_diff=0.011778 integral_mean=0.000017 integral_std=0.013706 log_ratio=0.0000 accept=1.0000 swapped=True
i=11 pair=(5,0) lam_t=1.02143 lam_s=1.03571 tsr_diff=0.011242 integral_mean=-0.002509 integral_std=0.013138 log_ratio=-6.0211 accept=0.0024 swapped=False
i=12 pair=(7,1) lam_t=0.95000 lam_s=0.96429 tsr_diff=0.013839 integral_mean=0.000654 integral_std=0.015303 log_ratio=0.0000 accept=1.0000 swapped=True
i=12 pair=(2,6) lam_t=0.97857 lam_s=0.99286 tsr_diff=0.013131 integral_mean=0.000252 integral_std=0.019718 log_ratio=0.0000 accept=1.0000 swapped=True
i=12 pair=(4,5) lam_t=1.00714 lam_s=1.02143 tsr_diff=0.012476 integral_mean=0.001894 integral_std=0.022021 log_ratio=0.0000 accept=1.0000 swapped=True
i=12 pair=(0,3) lam_t=1.03571 lam_s=1.05000 tsr_diff=0.011868 integral_mean=-0.000567 integral_std=0.021128 log_ratio=-1.3606 accept=0.2565 swapped=False
i=13 pair=(7,6) lam_t=0.96429 lam_s=0.97857 tsr_diff=0.014342 integral_mean=0.000012 integral_std=0.019024 log_ratio=0.0000 accept=1.0000 swapped=True
i=13 pair=(2,5) lam_t=0.99286 lam_s=1.00714 tsr_diff=0.013574 integral_mean=0.001419 integral_std=0.021607 log_ratio=0.0000 accept=1.0000 swapped=True
i=13 pair=(4,0) lam_t=1.02143 lam_s=1.03571 tsr_diff=0.012866 integral_mean=-0.000825 integral_std=0.021831 log_ratio=-1.9801 accept=0.1381 swapped=False
i=14 pair=(1,6) lam_t=0.95000 lam_s=0.96429 tsr_diff=0.015346 integral_mean=0.000270 integral_std=0.035978 log_ratio=0.0000 accept=1.0000 swapped=True
i=14 pair=(7,5) lam_t=0.97857 lam_s=0.99286 tsr_diff=0.014482 integral_mean=0.000439 integral_std=0.009419 log_ratio=0.0000 accept=1.0000 swapped=True
i=14 pair=(2,4) lam_t=1.00714 lam_s=1.02143 tsr_diff=0.013689 integral_mean=0.001882 integral_std=0.060113 log_ratio=0.0000 accept=1.0000 swapped=True
i=14 pair=(0,3) lam_t=1.03571 lam_s=1.05000 tsr_diff=0.012959 integral_mean=0.001307 integral_std=0.061468 log_ratio=0.0000 accept=1.0000 swapped=True
Best Sample: 5 log probability -0.117
Saved 1 samples to: logs/pointmaze-giant-navigate-v0/inference/plans/release_H400_T256_LimitsNormalizer_b1_condFalse/2026-07-20 18:11:38/16/0.png
Saved 1 samples to: logs/pointmaze-giant-navigate-v0/inference/plans/release_H400_T256_LimitsNormalizer_b1_condFalse/2026-07-20 18:11:38/16/rollout.png
i=0 pair=(0,1) lam_t=0.95000 lam_s=0.96429 tsr_diff=0.000000 integral_mean=0.000000 integral_std=0.000000 log_ratio=0.0000 accept=1.0000 swapped=True
i=0 pair=(2,3) lam_t=0.97857 lam_s=0.99286 tsr_diff=0.000000 integral_mean=0.000000 integral_std=0.000000 log_ratio=0.0000 accept=1.0000 swapped=True
i=0 pair=(4,5) lam_t=1.00714 lam_s=1.02143 tsr_diff=0.000000 integral_mean=0.000000 integral_std=0.000000 log_ratio=0.0000 accept=1.0000 swapped=True
i=0 pair=(6,7) lam_t=1.03571 lam_s=1.05000 tsr_diff=0.000000 integral_mean=0.000000 integral_std=0.000000 log_ratio=0.0000 accept=1.0000 swapped=True
i=1 pair=(0,3) lam_t=0.96429 lam_s=0.97857 tsr_diff=0.000153 integral_mean=-0.000001 integral_std=0.000150 log_ratio=-0.0035 accept=0.9965 swapped=True
i=1 pair=(2,5) lam_t=0.99286 lam_s=1.00714 tsr_diff=0.000152 integral_mean=-0.000006 integral_std=0.000150 log_ratio=-0.0141 accept=0.9860 swapped=True
i=1 pair=(4,7) lam_t=1.02143 lam_s=1.03571 tsr_diff=0.000152 integral_mean=0.000004 integral_std=0.000150 log_ratio=0.0000 accept=1.0000 swapped=True
i=2 pair=(1,3) lam_t=0.95000 lam_s=0.96429 tsr_diff=0.000605 integral_mean=0.000016 integral_std=0.000595 log_ratio=0.0000 accept=1.0000 swapped=True
i=2 pair=(0,5) lam_t=0.97857 lam_s=0.99286 tsr_diff=0.000604 integral_mean=-0.000016 integral_std=0.000589 log_ratio=-0.0378 accept=0.9629 swapped=True
i=2 pair=(2,7) lam_t=1.00714 lam_s=1.02143 tsr_diff=0.000603 integral_mean=-0.000118 integral_std=0.000724 log_ratio=-0.2839 accept=0.7528 swapped=False
i=2 pair=(4,6) lam_t=1.03571 lam_s=1.05000 tsr_diff=0.000601 integral_mean=0.000082 integral_std=0.000688 log_ratio=0.0000 accept=1.0000 swapped=True
i=3 pair=(1,5) lam_t=0.96429 lam_s=0.97857 tsr_diff=0.001341 integral_mean=-0.000008 integral_std=0.001458 log_ratio=-0.0196 accept=0.9806 swapped=True
i=3 pair=(0,2) lam_t=0.99286 lam_s=1.00714 tsr_diff=0.001333 integral_mean=0.000003 integral_std=0.001269 log_ratio=0.0000 accept=1.0000 swapped=True
i=3 pair=(7,6) lam_t=1.02143 lam_s=1.03571 tsr_diff=0.001326 integral_mean=0.000082 integral_std=0.001377 log_ratio=0.0000 accept=1.0000 swapped=True
i=4 pair=(3,5) lam_t=0.95000 lam_s=0.96429 tsr_diff=0.002344 integral_mean=-0.000016 integral_std=0.002261 log_ratio=-0.0385 accept=0.9622 swapped=True
i=4 pair=(1,2) lam_t=0.97857 lam_s=0.99286 tsr_diff=0.002322 integral_mean=0.000051 integral_std=0.002283 log_ratio=0.0000 accept=1.0000 swapped=True
i=4 pair=(0,6) lam_t=1.00714 lam_s=1.02143 tsr_diff=0.002301 integral_mean=0.000111 integral_std=0.002114 log_ratio=0.0000 accept=1.0000 swapped=True
i=4 pair=(7,4) lam_t=1.03571 lam_s=1.05000 tsr_diff=0.002280 integral_mean=0.000245 integral_std=0.002414 log_ratio=0.0000 accept=1.0000 swapped=True
i=5 pair=(3,2) lam_t=0.96429 lam_s=0.97857 tsr_diff=0.003545 integral_mean=0.000084 integral_std=0.003195 log_ratio=0.0000 accept=1.0000 swapped=True
i=5 pair=(1,6) lam_t=0.99286 lam_s=1.00714 tsr_diff=0.003496 integral_mean=0.000115 integral_std=0.003240 log_ratio=0.0000 accept=1.0000 swapped=True
i=5 pair=(0,4) lam_t=1.02143 lam_s=1.03571 tsr_diff=0.003447 integral_mean=0.000005 integral_std=0.003180 log_ratio=0.0000 accept=1.0000 swapped=True
i=6 pair=(5,2) lam_t=0.95000 lam_s=0.96429 tsr_diff=0.004979 integral_mean=0.000061 integral_std=0.004335 log_ratio=0.0000 accept=1.0000 swapped=True
i=6 pair=(3,6) lam_t=0.97857 lam_s=0.99286 tsr_diff=0.004883 integral_mean=-0.000093 integral_std=0.004248 log_ratio=-0.2233 accept=0.7999 swapped=True
i=6 pair=(1,4) lam_t=1.00714 lam_s=1.02143 tsr_diff=0.004789 integral_mean=-0.000020 integral_std=0.004485 log_ratio=-0.0473 accept=0.9538 swapped=False
i=6 pair=(0,7) lam_t=1.03571 lam_s=1.05000 tsr_diff=0.004698 integral_mean=-0.000073 integral_std=0.004357 log_ratio=-0.1757 accept=0.8389 swapped=True
i=7 pair=(5,6) lam_t=0.96429 lam_s=0.97857 tsr_diff=0.006435 integral_mean=0.000173 integral_std=0.005654 log_ratio=0.0000 accept=1.0000 swapped=True
i=7 pair=(3,1) lam_t=0.99286 lam_s=1.00714 tsr_diff=0.006274 integral_mean=-0.000141 integral_std=0.005500 log_ratio=-0.3391 accept=0.7124 swapped=True
i=7 pair=(4,7) lam_t=1.02143 lam_s=1.03571 tsr_diff=0.006120 integral_mean=-0.000151 integral_std=0.005208 log_ratio=-0.3634 accept=0.6953 swapped=False
i=8 pair=(2,6) lam_t=0.95000 lam_s=0.96429 tsr_diff=0.008123 integral_mean=0.000005 integral_std=0.006582 log_ratio=0.0000 accept=1.0000 swapped=True
i=8 pair=(5,1) lam_t=0.97857 lam_s=0.99286 tsr_diff=0.007872 integral_mean=-0.000007 integral_std=0.007927 log_ratio=-0.0170 accept=0.9832 swapped=True
i=8 pair=(3,4) lam_t=1.00714 lam_s=1.02143 tsr_diff=0.007631 integral_mean=-0.000086 integral_std=0.005913 log_ratio=-0.2070 accept=0.8130 swapped=False
i=8 pair=(7,0) lam_t=1.03571 lam_s=1.05000 tsr_diff=0.007402 integral_mean=-0.000739 integral_std=0.007545 log_ratio=-1.7729 accept=0.1698 swapped=False
i=9 pair=(2,1) lam_t=0.96429 lam_s=0.97857 tsr_diff=0.009548 integral_mean=-0.000516 integral_std=0.009268 log_ratio=-1.2389 accept=0.2897 swapped=False
i=9 pair=(5,3) lam_t=0.99286 lam_s=1.00714 tsr_diff=0.009200 integral_mean=0.000496 integral_std=0.007897 log_ratio=0.0000 accept=1.0000 swapped=True
i=9 pair=(4,7) lam_t=1.02143 lam_s=1.03571 tsr_diff=0.008870 integral_mean=-0.000482 integral_std=0.007529 log_ratio=-1.1556 accept=0.3149 swapped=False
i=10 pair=(6,2) lam_t=0.95000 lam_s=0.96429 tsr_diff=0.011265 integral_mean=-0.000129 integral_std=0.007954 log_ratio=-0.3092 accept=0.7340 swapped=True
i=10 pair=(1,3) lam_t=0.97857 lam_s=0.99286 tsr_diff=0.010789 integral_mean=0.000750 integral_std=0.011109 log_ratio=0.0000 accept=1.0000 swapped=True
i=10 pair=(5,4) lam_t=1.00714 lam_s=1.02143 tsr_diff=0.010342 integral_mean=0.000398 integral_std=0.009551 log_ratio=0.0000 accept=1.0000 swapped=True
i=10 pair=(7,0) lam_t=1.03571 lam_s=1.05000 tsr_diff=0.009923 integral_mean=-0.001635 integral_std=0.011936 log_ratio=-3.9235 accept=0.0198 swapped=False
i=11 pair=(6,3) lam_t=0.96429 lam_s=0.97857 tsr_diff=0.012354 integral_mean=0.000057 integral_std=0.008667 log_ratio=0.0000 accept=1.0000 swapped=True
i=11 pair=(1,4) lam_t=0.99286 lam_s=1.00714 tsr_diff=0.011778 integral_mean=0.001186 integral_std=0.013116 log_ratio=0.0000 accept=1.0000 swapped=True
i=11 pair=(5,7) lam_t=1.02143 lam_s=1.03571 tsr_diff=0.011242 integral_mean=-0.000653 integral_std=0.013344 log_ratio=-1.5662 accept=0.2088 swapped=True
i=12 pair=(2,3) lam_t=0.95000 lam_s=0.96429 tsr_diff=0.013839 integral_mean=0.000193 integral_std=0.009302 log_ratio=0.0000 accept=1.0000 swapped=True
i=12 pair=(6,4) lam_t=0.97857 lam_s=0.99286 tsr_diff=0.013131 integral_mean=0.000051 integral_std=0.007802 log_ratio=0.0000 accept=1.0000 swapped=True
i=12 pair=(1,7) lam_t=1.00714 lam_s=1.02143 tsr_diff=0.012476 integral_mean=-0.000615 integral_std=0.021085 log_ratio=-1.4771 accept=0.2283 swapped=False
i=12 pair=(5,0) lam_t=1.03571 lam_s=1.05000 tsr_diff=0.011868 integral_mean=-0.000886 integral_std=0.016828 log_ratio=-2.1276 accept=0.1191 swapped=False
i=13 pair=(2,4) lam_t=0.96429 lam_s=0.97857 tsr_diff=0.014342 integral_mean=0.000163 integral_std=0.007414 log_ratio=0.0000 accept=1.0000 swapped=True
i=13 pair=(6,1) lam_t=0.99286 lam_s=1.00714 tsr_diff=0.013574 integral_mean=-0.005544 integral_std=0.040350 log_ratio=-13.3059 accept=0.0000 swapped=False
i=13 pair=(7,5) lam_t=1.02143 lam_s=1.03571 tsr_diff=0.012866 integral_mean=0.001763 integral_std=0.023896 log_ratio=0.0000 accept=1.0000 swapped=True
i=14 pair=(3,4) lam_t=0.95000 lam_s=0.96429 tsr_diff=0.015346 integral_mean=0.001909 integral_std=0.013363 log_ratio=0.0000 accept=1.0000 swapped=True
i=14 pair=(2,6) lam_t=0.97857 lam_s=0.99286 tsr_diff=0.014482 integral_mean=0.000639 integral_std=0.007999 log_ratio=0.0000 accept=1.0000 swapped=True
i=14 pair=(1,5) lam_t=1.00714 lam_s=1.02143 tsr_diff=0.013689 integral_mean=0.006771 integral_std=0.057494 log_ratio=0.0000 accept=1.0000 swapped=True
i=14 pair=(7,0) lam_t=1.03571 lam_s=1.05000 tsr_diff=0.012959 integral_mean=0.003148 integral_std=0.057772 log_ratio=0.0000 accept=1.0000 swapped=True
Best Sample: 3 log probability 0.000
Saved 1 samples to: logs/pointmaze-giant-navigate-v0/inference/plans/release_H400_T256_LimitsNormalizer_b1_condFalse/2026-07-20 18:11:38/17/0.png
Saved 1 samples to: logs/pointmaze-giant-navigate-v0/inference/plans/release_H400_T256_LimitsNormalizer_b1_condFalse/2026-07-20 18:11:38/17/rollout.png
i=0 pair=(0,1) lam_t=0.95000 lam_s=0.96429 tsr_diff=0.000000 integral_mean=0.000000 integral_std=0.000000 log_ratio=0.0000 accept=1.0000 swapped=True
i=0 pair=(2,3) lam_t=0.97857 lam_s=0.99286 tsr_diff=0.000000 integral_mean=0.000000 integral_std=0.000000 log_ratio=0.0000 accept=1.0000 swapped=True
i=0 pair=(4,5) lam_t=1.00714 lam_s=1.02143 tsr_diff=0.000000 integral_mean=0.000000 integral_std=0.000000 log_ratio=0.0000 accept=1.0000 swapped=True
i=0 pair=(6,7) lam_t=1.03571 lam_s=1.05000 tsr_diff=0.000000 integral_mean=0.000000 integral_std=0.000000 log_ratio=0.0000 accept=1.0000 swapped=True
i=1 pair=(0,3) lam_t=0.96429 lam_s=0.97857 tsr_diff=0.000153 integral_mean=-0.000003 integral_std=0.000154 log_ratio=-0.0063 accept=0.9937 swapped=True
i=1 pair=(2,5) lam_t=0.99286 lam_s=1.00714 tsr_diff=0.000152 integral_mean=0.000002 integral_std=0.000155 log_ratio=0.0000 accept=1.0000 swapped=True
i=1 pair=(4,7) lam_t=1.02143 lam_s=1.03571 tsr_diff=0.000152 integral_mean=-0.000011 integral_std=0.000156 log_ratio=-0.0258 accept=0.9745 swapped=True
i=2 pair=(1,3) lam_t=0.95000 lam_s=0.96429 tsr_diff=0.000605 integral_mean=-0.000020 integral_std=0.000608 log_ratio=-0.0482 accept=0.9530 swapped=True
i=2 pair=(0,5) lam_t=0.97857 lam_s=0.99286 tsr_diff=0.000604 integral_mean=-0.000046 integral_std=0.000668 log_ratio=-0.1097 accept=0.8961 swapped=True
i=2 pair=(2,7) lam_t=1.00714 lam_s=1.02143 tsr_diff=0.000603 integral_mean=0.000034 integral_std=0.000632 log_ratio=0.0000 accept=1.0000 swapped=True
i=2 pair=(4,6) lam_t=1.03571 lam_s=1.05000 tsr_diff=0.000601 integral_mean=-0.000015 integral_std=0.000628 log_ratio=-0.0372 accept=0.9635 swapped=True
i=3 pair=(1,5) lam_t=0.96429 lam_s=0.97857 tsr_diff=0.001341 integral_mean=-0.000032 integral_std=0.001339 log_ratio=-0.0779 accept=0.9250 swapped=True
i=3 pair=(0,7) lam_t=0.99286 lam_s=1.00714 tsr_diff=0.001333 integral_mean=0.000092 integral_std=0.001345 log_ratio=0.0000 accept=1.0000 swapped=True
i=3 pair=(2,6) lam_t=1.02143 lam_s=1.03571 tsr_diff=0.001326 integral_mean=-0.000003 integral_std=0.001355 log_ratio=-0.0069 accept=0.9932 swapped=True
i=4 pair=(3,5) lam_t=0.95000 lam_s=0.96429 tsr_diff=0.002344 integral_mean=0.000013 integral_std=0.002312 log_ratio=0.0000 accept=1.0000 swapped=True
i=4 pair=(1,7) lam_t=0.97857 lam_s=0.99286 tsr_diff=0.002322 integral_mean=0.000004 integral_std=0.002231 log_ratio=0.0000 accept=1.0000 swapped=True
i=4 pair=(0,6) lam_t=1.00714 lam_s=1.02143 tsr_diff=0.002301 integral_mean=0.000140 integral_std=0.002408 log_ratio=0.0000 accept=1.0000 swapped=True
i=4 pair=(2,4) lam_t=1.03571 lam_s=1.05000 tsr_diff=0.002280 integral_mean=-0.000268 integral_std=0.002796 log_ratio=-0.6437 accept=0.5253 swapped=True
i=5 pair=(3,7) lam_t=0.96429 lam_s=0.97857 tsr_diff=0.003545 integral_mean=0.000049 integral_std=0.003441 log_ratio=0.0000 accept=1.0000 swapped=True
i=5 pair=(1,6) lam_t=0.99286 lam_s=1.00714 tsr_diff=0.003496 integral_mean=0.000012 integral_std=0.003273 log_ratio=0.0000 accept=1.0000 swapped=True
i=5 pair=(0,4) lam_t=1.02143 lam_s=1.03571 tsr_diff=0.003447 integral_mean=0.000187 integral_std=0.003622 log_ratio=0.0000 accept=1.0000 swapped=True
i=6 pair=(5,7) lam_t=0.95000 lam_s=0.96429 tsr_diff=0.004979 integral_mean=0.000086 integral_std=0.004901 log_ratio=0.0000 accept=1.0000 swapped=True
i=6 pair=(3,6) lam_t=0.97857 lam_s=0.99286 tsr_diff=0.004883 integral_mean=0.000173 integral_std=0.004573 log_ratio=0.0000 accept=1.0000 swapped=True
i=6 pair=(1,4) lam_t=1.00714 lam_s=1.02143 tsr_diff=0.004789 integral_mean=-0.000227 integral_std=0.005105 log_ratio=-0.5449 accept=0.5799 swapped=True
i=6 pair=(0,2) lam_t=1.03571 lam_s=1.05000 tsr_diff=0.004698 integral_mean=0.000386 integral_std=0.005095 log_ratio=0.0000 accept=1.0000 swapped=True
i=7 pair=(5,6) lam_t=0.96429 lam_s=0.97857 tsr_diff=0.006435 integral_mean=0.000044 integral_std=0.005885 log_ratio=0.0000 accept=1.0000 swapped=True
i=7 pair=(3,4) lam_t=0.99286 lam_s=1.00714 tsr_diff=0.006274 integral_mean=-0.000893 integral_std=0.007032 log_ratio=-2.1422 accept=0.1174 swapped=False
i=7 pair=(1,2) lam_t=1.02143 lam_s=1.03571 tsr_diff=0.006120 integral_mean=0.000045 integral_std=0.005517 log_ratio=0.0000 accept=1.0000 swapped=True
i=8 pair=(7,6) lam_t=0.95000 lam_s=0.96429 tsr_diff=0.008123 integral_mean=0.000069 integral_std=0.008531 log_ratio=0.0000 accept=1.0000 swapped=True
i=8 pair=(5,3) lam_t=0.97857 lam_s=0.99286 tsr_diff=0.007872 integral_mean=0.000558 integral_std=0.007759 log_ratio=0.0000 accept=1.0000 swapped=True
i=8 pair=(4,2) lam_t=1.00714 lam_s=1.02143 tsr_diff=0.007631 integral_mean=0.000659 integral_std=0.007934 log_ratio=0.0000 accept=1.0000 swapped=True
i=8 pair=(1,0) lam_t=1.03571 lam_s=1.05000 tsr_diff=0.007402 integral_mean=-0.000674 integral_std=0.008308 log_ratio=-1.6169 accept=0.1985 swapped=False
i=9 pair=(7,3) lam_t=0.96429 lam_s=0.97857 tsr_diff=0.009548 integral_mean=0.000218 integral_std=0.009370 log_ratio=0.0000 accept=1.0000 swapped=True
i=9 pair=(5,2) lam_t=0.99286 lam_s=1.00714 tsr_diff=0.009200 integral_mean=0.000324 integral_std=0.007910 log_ratio=0.0000 accept=1.0000 swapped=True
i=9 pair=(4,1) lam_t=1.02143 lam_s=1.03571 tsr_diff=0.008870 integral_mean=0.001166 integral_std=0.010897 log_ratio=0.0000 accept=1.0000 swapped=True
i=10 pair=(6,3) lam_t=0.95000 lam_s=0.96429 tsr_diff=0.011265 integral_mean=0.000284 integral_std=0.013680 log_ratio=0.0000 accept=1.0000 swapped=True
i=10 pair=(7,2) lam_t=0.97857 lam_s=0.99286 tsr_diff=0.010789 integral_mean=0.000609 integral_std=0.012083 log_ratio=0.0000 accept=1.0000 swapped=True
i=10 pair=(5,1) lam_t=1.00714 lam_s=1.02143 tsr_diff=0.010342 integral_mean=-0.000050 integral_std=0.008845 log_ratio=-0.1202 accept=0.8868 swapped=True
i=10 pair=(4,0) lam_t=1.03571 lam_s=1.05000 tsr_diff=0.009923 integral_mean=0.000110 integral_std=0.016216 log_ratio=0.0000 accept=1.0000 swapped=True
i=11 pair=(6,2) lam_t=0.96429 lam_s=0.97857 tsr_diff=0.012354 integral_mean=0.001363 integral_std=0.016465 log_ratio=0.0000 accept=1.0000 swapped=True
i=11 pair=(7,1) lam_t=0.99286 lam_s=1.00714 tsr_diff=0.011778 integral_mean=0.000157 integral_std=0.017240 log_ratio=0.0000 accept=1.0000 swapped=True
i=11 pair=(5,0) lam_t=1.02143 lam_s=1.03571 tsr_diff=0.011242 integral_mean=-0.001640 integral_std=0.017908 log_ratio=-3.9358 accept=0.0195 swapped=True
i=12 pair=(3,2) lam_t=0.95000 lam_s=0.96429 tsr_diff=0.013839 integral_mean=0.000695 integral_std=0.022556 log_ratio=0.0000 accept=1.0000 swapped=True
i=12 pair=(6,1) lam_t=0.97857 lam_s=0.99286 tsr_diff=0.013131 integral_mean=0.001530 integral_std=0.015738 log_ratio=0.0000 accept=1.0000 swapped=True
i=12 pair=(7,0) lam_t=1.00714 lam_s=1.02143 tsr_diff=0.012476 integral_mean=-0.001149 integral_std=0.027723 log_ratio=-2.7580 accept=0.0634 swapped=False
i=12 pair=(5,4) lam_t=1.03571 lam_s=1.05000 tsr_diff=0.011868 integral_mean=-0.003565 integral_std=0.025528 log_ratio=-8.5572 accept=0.0002 swapped=False
i=13 pair=(3,1) lam_t=0.96429 lam_s=0.97857 tsr_diff=0.014342 integral_mean=0.002260 integral_std=0.028805 log_ratio=0.0000 accept=1.0000 swapped=True
i=13 pair=(6,7) lam_t=0.99286 lam_s=1.00714 tsr_diff=0.013574 integral_mean=0.003198 integral_std=0.030639 log_ratio=0.0000 accept=1.0000 swapped=True
i=13 pair=(0,5) lam_t=1.02143 lam_s=1.03571 tsr_diff=0.012866 integral_mean=0.004050 integral_std=0.036438 log_ratio=0.0000 accept=1.0000 swapped=True
i=14 pair=(2,1) lam_t=0.95000 lam_s=0.96429 tsr_diff=0.015346 integral_mean=0.001121 integral_std=0.040704 log_ratio=0.0000 accept=1.0000 swapped=True
i=14 pair=(3,7) lam_t=0.97857 lam_s=0.99286 tsr_diff=0.014482 integral_mean=0.002652 integral_std=0.068110 log_ratio=0.0000 accept=1.0000 swapped=True
i=14 pair=(6,5) lam_t=1.00714 lam_s=1.02143 tsr_diff=0.013689 integral_mean=0.006435 integral_std=0.053107 log_ratio=0.0000 accept=1.0000 swapped=True
i=14 pair=(0,4) lam_t=1.03571 lam_s=1.05000 tsr_diff=0.012959 integral_mean=-0.000892 integral_std=0.155171 log_ratio=-2.1407 accept=0.1176 swapped=False
Best Sample: 1 log probability -0.296
Saved 1 samples to: logs/pointmaze-giant-navigate-v0/inference/plans/release_H400_T256_LimitsNormalizer_b1_condFalse/2026-07-20 18:11:38/18/0.png
Saved 1 samples to: logs/pointmaze-giant-navigate-v0/inference/plans/release_H400_T256_LimitsNormalizer_b1_condFalse/2026-07-20 18:11:38/18/rollout.png
i=0 pair=(0,1) lam_t=0.95000 lam_s=0.96429 tsr_diff=0.000000 integral_mean=0.000000 integral_std=0.000000 log_ratio=0.0000 accept=1.0000 swapped=True
i=0 pair=(2,3) lam_t=0.97857 lam_s=0.99286 tsr_diff=0.000000 integral_mean=0.000000 integral_std=0.000000 log_ratio=0.0000 accept=1.0000 swapped=True
i=0 pair=(4,5) lam_t=1.00714 lam_s=1.02143 tsr_diff=0.000000 integral_mean=0.000000 integral_std=0.000000 log_ratio=0.0000 accept=1.0000 swapped=True
i=0 pair=(6,7) lam_t=1.03571 lam_s=1.05000 tsr_diff=0.000000 integral_mean=0.000000 integral_std=0.000000 log_ratio=0.0000 accept=1.0000 swapped=True
i=1 pair=(0,3) lam_t=0.96429 lam_s=0.97857 tsr_diff=0.000153 integral_mean=0.000002 integral_std=0.000148 log_ratio=0.0000 accept=1.0000 swapped=True
i=1 pair=(2,5) lam_t=0.99286 lam_s=1.00714 tsr_diff=0.000152 integral_mean=0.000000 integral_std=0.000157 log_ratio=0.0000 accept=1.0000 swapped=True
i=1 pair=(4,7) lam_t=1.02143 lam_s=1.03571 tsr_diff=0.000152 integral_mean=-0.000004 integral_std=0.000165 log_ratio=-0.0087 accept=0.9913 swapped=True
i=2 pair=(1,3) lam_t=0.95000 lam_s=0.96429 tsr_diff=0.000605 integral_mean=0.000081 integral_std=0.000723 log_ratio=0.0000 accept=1.0000 swapped=True
i=2 pair=(0,5) lam_t=0.97857 lam_s=0.99286 tsr_diff=0.000604 integral_mean=-0.000028 integral_std=0.000606 log_ratio=-0.0671 accept=0.9351 swapped=True
i=2 pair=(2,7) lam_t=1.00714 lam_s=1.02143 tsr_diff=0.000603 integral_mean=0.000955 integral_std=0.002044 log_ratio=0.0000 accept=1.0000 swapped=True
i=2 pair=(4,6) lam_t=1.03571 lam_s=1.05000 tsr_diff=0.000601 integral_mean=0.000064 integral_std=0.000674 log_ratio=0.0000 accept=1.0000 swapped=True
i=3 pair=(1,5) lam_t=0.96429 lam_s=0.97857 tsr_diff=0.001341 integral_mean=0.000018 integral_std=0.001393 log_ratio=0.0000 accept=1.0000 swapped=True
i=3 pair=(0,7) lam_t=0.99286 lam_s=1.00714 tsr_diff=0.001333 integral_mean=-0.000311 integral_std=0.001778 log_ratio=-0.7463 accept=0.4741 swapped=False
i=3 pair=(2,6) lam_t=1.02143 lam_s=1.03571 tsr_diff=0.001326 integral_mean=0.000416 integral_std=0.001666 log_ratio=0.0000 accept=1.0000 swapped=True
i=4 pair=(3,5) lam_t=0.95000 lam_s=0.96429 tsr_diff=0.002344 integral_mean=0.000008 integral_std=0.002160 log_ratio=0.0000 accept=1.0000 swapped=True
i=4 pair=(1,0) lam_t=0.97857 lam_s=0.99286 tsr_diff=0.002322 integral_mean=0.000038 integral_std=0.002128 log_ratio=0.0000 accept=1.0000 swapped=True
i=4 pair=(7,6) lam_t=1.00714 lam_s=1.02143 tsr_diff=0.002301 integral_mean=0.000289 integral_std=0.002371 log_ratio=0.0000 accept=1.0000 swapped=True
i=4 pair=(2,4) lam_t=1.03571 lam_s=1.05000 tsr_diff=0.002280 integral_mean=0.000250 integral_std=0.002704 log_ratio=0.0000 accept=1.0000 swapped=True
i=5 pair=(3,0) lam_t=0.96429 lam_s=0.97857 tsr_diff=0.003545 integral_mean=0.000165 integral_std=0.003435 log_ratio=0.0000 accept=1.0000 swapped=True
i=5 pair=(1,6) lam_t=0.99286 lam_s=1.00714 tsr_diff=0.003496 integral_mean=0.000060 integral_std=0.003274 log_ratio=0.0000 accept=1.0000 swapped=True
i=5 pair=(7,4) lam_t=1.02143 lam_s=1.03571 tsr_diff=0.003447 integral_mean=0.000151 integral_std=0.003601 log_ratio=0.0000 accept=1.0000 swapped=True
i=6 pair=(5,0) lam_t=0.95000 lam_s=0.96429 tsr_diff=0.004979 integral_mean=-0.000036 integral_std=0.004619 log_ratio=-0.0873 accept=0.9164 swapped=True
i=6 pair=(3,6) lam_t=0.97857 lam_s=0.99286 tsr_diff=0.004883 integral_mean=-0.000074 integral_std=0.004727 log_ratio=-0.1778 accept=0.8371 swapped=True
i=6 pair=(1,4) lam_t=1.00714 lam_s=1.02143 tsr_diff=0.004789 integral_mean=-0.000135 integral_std=0.005397 log_ratio=-0.3250 accept=0.7225 swapped=True
i=6 pair=(7,2) lam_t=1.03571 lam_s=1.05000 tsr_diff=0.004698 integral_mean=0.000101 integral_std=0.004894 log_ratio=0.0000 accept=1.0000 swapped=True
i=7 pair=(5,6) lam_t=0.96429 lam_s=0.97857 tsr_diff=0.006435 integral_mean=-0.000067 integral_std=0.006193 log_ratio=-0.1612 accept=0.8511 swapped=False
i=7 pair=(3,4) lam_t=0.99286 lam_s=1.00714 tsr_diff=0.006274 integral_mean=-0.000270 integral_std=0.006227 log_ratio=-0.6473 accept=0.5235 swapped=False
i=7 pair=(1,2) lam_t=1.02143 lam_s=1.03571 tsr_diff=0.006120 integral_mean=0.000070 integral_std=0.005130 log_ratio=0.0000 accept=1.0000 swapped=True
i=8 pair=(0,5) lam_t=0.95000 lam_s=0.96429 tsr_diff=0.008123 integral_mean=0.000061 integral_std=0.007698 log_ratio=0.0000 accept=1.0000 swapped=True
i=8 pair=(6,3) lam_t=0.97857 lam_s=0.99286 tsr_diff=0.007872 integral_mean=-0.000090 integral_std=0.007943 log_ratio=-0.2167 accept=0.8052 swapped=False
i=8 pair=(4,2) lam_t=1.00714 lam_s=1.02143 tsr_diff=0.007631 integral_mean=0.000424 integral_std=0.008582 log_ratio=0.0000 accept=1.0000 swapped=True
i=8 pair=(1,7) lam_t=1.03571 lam_s=1.05000 tsr_diff=0.007402 integral_mean=-0.000081 integral_std=0.007437 log_ratio=-0.1942 accept=0.8235 swapped=True
i=9 pair=(0,6) lam_t=0.96429 lam_s=0.97857 tsr_diff=0.009548 integral_mean=0.000100 integral_std=0.007391 log_ratio=0.0000 accept=1.0000 swapped=True
i=9 pair=(3,2) lam_t=0.99286 lam_s=1.00714 tsr_diff=0.009200 integral_mean=-0.000611 integral_std=0.011273 log_ratio=-1.4673 accept=0.2306 swapped=True
i=9 pair=(4,7) lam_t=1.02143 lam_s=1.03571 tsr_diff=0.008870 integral_mean=0.000290 integral_std=0.009830 log_ratio=0.0000 accept=1.0000 swapped=True
i=10 pair=(5,6) lam_t=0.95000 lam_s=0.96429 tsr_diff=0.011265 integral_mean=0.000342 integral_std=0.011875 log_ratio=0.0000 accept=1.0000 swapped=True
i=10 pair=(0,2) lam_t=0.97857 lam_s=0.99286 tsr_diff=0.010789 integral_mean=-0.000282 integral_std=0.010547 log_ratio=-0.6762 accept=0.5086 swapped=True
i=10 pair=(3,7) lam_t=1.00714 lam_s=1.02143 tsr_diff=0.010342 integral_mean=0.000559 integral_std=0.013253 log_ratio=0.0000 accept=1.0000 swapped=True
i=10 pair=(4,1) lam_t=1.03571 lam_s=1.05000 tsr_diff=0.009923 integral_mean=0.002625 integral_std=0.015589 log_ratio=0.0000 accept=1.0000 swapped=True
i=11 pair=(5,2) lam_t=0.96429 lam_s=0.97857 tsr_diff=0.012354 integral_mean=0.000185 integral_std=0.014102 log_ratio=0.0000 accept=1.0000 swapped=True
i=11 pair=(0,7) lam_t=0.99286 lam_s=1.00714 tsr_diff=0.011778 integral_mean=-0.000521 integral_std=0.016574 log_ratio=-1.2500 accept=0.2865 swapped=True
i=11 pair=(3,1) lam_t=1.02143 lam_s=1.03571 tsr_diff=0.011242 integral_mean=0.007649 integral_std=0.036613 log_ratio=0.0000 accept=1.0000 swapped=True
i=12 pair=(6,2) lam_t=0.95000 lam_s=0.96429 tsr_diff=0.013839 integral_mean=0.000143 integral_std=0.018000 log_ratio=0.0000 accept=1.0000 swapped=True
i=12 pair=(5,7) lam_t=0.97857 lam_s=0.99286 tsr_diff=0.013131 integral_mean=-0.000478 integral_std=0.018864 log_ratio=-1.1477 accept=0.3174 swapped=False
i=12 pair=(0,1) lam_t=1.00714 lam_s=1.02143 tsr_diff=0.012476 integral_mean=-0.000181 integral_std=0.007472 log_ratio=-0.4352 accept=0.6471 swapped=False
i=12 pair=(3,4) lam_t=1.03571 lam_s=1.05000 tsr_diff=0.011868 integral_mean=0.000237 integral_std=0.023529 log_ratio=0.0000 accept=1.0000 swapped=True
i=13 pair=(6,5) lam_t=0.96429 lam_s=0.97857 tsr_diff=0.014342 integral_mean=0.001481 integral_std=0.017580 log_ratio=0.0000 accept=1.0000 swapped=True
i=13 pair=(7,0) lam_t=0.99286 lam_s=1.00714 tsr_diff=0.013574 integral_mean=0.001791 integral_std=0.029937 log_ratio=0.0000 accept=1.0000 swapped=True
i=13 pair=(1,4) lam_t=1.02143 lam_s=1.03571 tsr_diff=0.012866 integral_mean=-0.003330 integral_std=0.026821 log_ratio=-7.9924 accept=0.0003 swapped=False
i=14 pair=(2,5) lam_t=0.95000 lam_s=0.96429 tsr_diff=0.015346 integral_mean=0.003571 integral_std=0.041130 log_ratio=0.0000 accept=1.0000 swapped=True
i=14 pair=(6,0) lam_t=0.97857 lam_s=0.99286 tsr_diff=0.014482 integral_mean=-0.001193 integral_std=0.014717 log_ratio=-2.8643 accept=0.0570 swapped=False
i=14 pair=(7,1) lam_t=1.00714 lam_s=1.02143 tsr_diff=0.013689 integral_mean=0.005071 integral_std=0.049652 log_ratio=0.0000 accept=1.0000 swapped=True
i=14 pair=(4,3) lam_t=1.03571 lam_s=1.05000 tsr_diff=0.012959 integral_mean=0.016299 integral_std=0.141296 log_ratio=0.0000 accept=1.0000 swapped=True
Best Sample: 0 log probability -0.369
Saved 1 samples to: logs/pointmaze-giant-navigate-v0/inference/plans/release_H400_T256_LimitsNormalizer_b1_condFalse/2026-07-20 18:11:38/19/0.png
Saved 1 samples to: logs/pointmaze-giant-navigate-v0/inference/plans/release_H400_T256_LimitsNormalizer_b1_condFalse/2026-07-20 18:11:38/19/rollout.png
i=0 pair=(0,1) lam_t=0.95000 lam_s=0.96429 tsr_diff=0.000000 integral_mean=0.000000 integral_std=0.000000 log_ratio=0.0000 accept=1.0000 swapped=True
i=0 pair=(2,3) lam_t=0.97857 lam_s=0.99286 tsr_diff=0.000000 integral_mean=0.000000 integral_std=0.000000 log_ratio=0.0000 accept=1.0000 swapped=True
i=0 pair=(4,5) lam_t=1.00714 lam_s=1.02143 tsr_diff=0.000000 integral_mean=0.000000 integral_std=0.000000 log_ratio=0.0000 accept=1.0000 swapped=True
i=0 pair=(6,7) lam_t=1.03571 lam_s=1.05000 tsr_diff=0.000000 integral_mean=0.000000 integral_std=0.000000 log_ratio=0.0000 accept=1.0000 swapped=True
i=1 pair=(0,3) lam_t=0.96429 lam_s=0.97857 tsr_diff=0.000153 integral_mean=-0.000014 integral_std=0.000167 log_ratio=-0.0337 accept=0.9669 swapped=True
i=1 pair=(2,5) lam_t=0.99286 lam_s=1.00714 tsr_diff=0.000152 integral_mean=0.000000 integral_std=0.000143 log_ratio=0.0000 accept=1.0000 swapped=True
i=1 pair=(4,7) lam_t=1.02143 lam_s=1.03571 tsr_diff=0.000152 integral_mean=0.000005 integral_std=0.000158 log_ratio=0.0000 accept=1.0000 swapped=True
i=2 pair=(1,3) lam_t=0.95000 lam_s=0.96429 tsr_diff=0.000605 integral_mean=0.000008 integral_std=0.000652 log_ratio=0.0000 accept=1.0000 swapped=True
i=2 pair=(0,5) lam_t=0.97857 lam_s=0.99286 tsr_diff=0.000604 integral_mean=0.000015 integral_std=0.000613 log_ratio=0.0000 accept=1.0000 swapped=True
i=2 pair=(2,7) lam_t=1.00714 lam_s=1.02143 tsr_diff=0.000603 integral_mean=0.000015 integral_std=0.000596 log_ratio=0.0000 accept=1.0000 swapped=True
i=2 pair=(4,6) lam_t=1.03571 lam_s=1.05000 tsr_diff=0.000601 integral_mean=0.000649 integral_std=0.001841 log_ratio=0.0000 accept=1.0000 swapped=True
i=3 pair=(1,5) lam_t=0.96429 lam_s=0.97857 tsr_diff=0.001341 integral_mean=-0.000233 integral_std=0.001827 log_ratio=-0.5591 accept=0.5717 swapped=False
i=3 pair=(0,7) lam_t=0.99286 lam_s=1.00714 tsr_diff=0.001333 integral_mean=-0.000146 integral_std=0.001336 log_ratio=-0.3497 accept=0.7049 swapped=True
i=3 pair=(2,6) lam_t=1.02143 lam_s=1.03571 tsr_diff=0.001326 integral_mean=0.000032 integral_std=0.001265 log_ratio=0.0000 accept=1.0000 swapped=True
i=4 pair=(3,1) lam_t=0.95000 lam_s=0.96429 tsr_diff=0.002344 integral_mean=-0.000017 integral_std=0.002266 log_ratio=-0.0416 accept=0.9593 swapped=True
i=4 pair=(5,7) lam_t=0.97857 lam_s=0.99286 tsr_diff=0.002322 integral_mean=0.000243 integral_std=0.002874 log_ratio=0.0000 accept=1.0000 swapped=True
i=4 pair=(0,6) lam_t=1.00714 lam_s=1.02143 tsr_diff=0.002301 integral_mean=-0.000031 integral_std=0.002233 log_ratio=-0.0748 accept=0.9279 swapped=True
i=4 pair=(2,4) lam_t=1.03571 lam_s=1.05000 tsr_diff=0.002280 integral_mean=-0.000227 integral_std=0.002656 log_ratio=-0.5443 accept=0.5803 swapped=True
i=5 pair=(3,7) lam_t=0.96429 lam_s=0.97857 tsr_diff=0.003545 integral_mean=0.003008 integral_std=0.008542 log_ratio=0.0000 accept=1.0000 swapped=True
i=5 pair=(5,6) lam_t=0.99286 lam_s=1.00714 tsr_diff=0.003496 integral_mean=0.000047 integral_std=0.003571 log_ratio=0.0000 accept=1.0000 swapped=True
i=5 pair=(0,4) lam_t=1.02143 lam_s=1.03571 tsr_diff=0.003447 integral_mean=-0.000037 integral_std=0.003436 log_ratio=-0.0891 accept=0.9148 swapped=True
i=6 pair=(1,7) lam_t=0.95000 lam_s=0.96429 tsr_diff=0.004979 integral_mean=-0.000165 integral_std=0.004465 log_ratio=-0.3970 accept=0.6723 swapped=True
i=6 pair=(3,6) lam_t=0.97857 lam_s=0.99286 tsr_diff=0.004883 integral_mean=0.001395 integral_std=0.005901 log_ratio=0.0000 accept=1.0000 swapped=True
i=6 pair=(5,4) lam_t=1.00714 lam_s=1.02143 tsr_diff=0.004789 integral_mean=-0.000017 integral_std=0.004951 log_ratio=-0.0397 accept=0.9610 swapped=True
i=6 pair=(0,2) lam_t=1.03571 lam_s=1.05000 tsr_diff=0.004698 integral_mean=-0.000078 integral_std=0.004358 log_ratio=-0.1883 accept=0.8284 swapped=False
i=7 pair=(1,6) lam_t=0.96429 lam_s=0.97857 tsr_diff=0.006435 integral_mean=0.000123 integral_std=0.005870 log_ratio=0.0000 accept=1.0000 swapped=True
i=7 pair=(3,4) lam_t=0.99286 lam_s=1.00714 tsr_diff=0.006274 integral_mean=0.000689 integral_std=0.006914 log_ratio=0.0000 accept=1.0000 swapped=True
i=7 pair=(5,0) lam_t=1.02143 lam_s=1.03571 tsr_diff=0.006120 integral_mean=0.000004 integral_std=0.005914 log_ratio=0.0000 accept=1.0000 swapped=True
i=8 pair=(7,6) lam_t=0.95000 lam_s=0.96429 tsr_diff=0.008123 integral_mean=-0.000032 integral_std=0.007322 log_ratio=-0.0775 accept=0.9254 swapped=True
i=8 pair=(1,4) lam_t=0.97857 lam_s=0.99286 tsr_diff=0.007872 integral_mean=0.000046 integral_std=0.006863 log_ratio=0.0000 accept=1.0000 swapped=True
i=8 pair=(3,0) lam_t=1.00714 lam_s=1.02143 tsr_diff=0.007631 integral_mean=0.000858 integral_std=0.007579 log_ratio=0.0000 accept=1.0000 swapped=True
i=8 pair=(5,2) lam_t=1.03571 lam_s=1.05000 tsr_diff=0.007402 integral_mean=0.000051 integral_std=0.006657 log_ratio=0.0000 accept=1.0000 swapped=True
i=9 pair=(7,4) lam_t=0.96429 lam_s=0.97857 tsr_diff=0.009548 integral_mean=-0.000095 integral_std=0.008379 log_ratio=-0.2278 accept=0.7963 swapped=True
i=9 pair=(1,0) lam_t=0.99286 lam_s=1.00714 tsr_diff=0.009200 integral_mean=-0.000070 integral_std=0.008971 log_ratio=-0.1685 accept=0.8450 swapped=True
i=9 pair=(3,2) lam_t=1.02143 lam_s=1.03571 tsr_diff=0.008870 integral_mean=0.000316 integral_std=0.009791 log_ratio=0.0000 accept=1.0000 swapped=True
i=10 pair=(6,4) lam_t=0.95000 lam_s=0.96429 tsr_diff=0.011265 integral_mean=0.000215 integral_std=0.010744 log_ratio=0.0000 accept=1.0000 swapped=True
i=10 pair=(7,0) lam_t=0.97857 lam_s=0.99286 tsr_diff=0.010789 integral_mean=0.000021 integral_std=0.010547 log_ratio=0.0000 accept=1.0000 swapped=True
i=10 pair=(1,2) lam_t=1.00714 lam_s=1.02143 tsr_diff=0.010342 integral_mean=-0.000377 integral_std=0.010066 log_ratio=-0.9050 accept=0.4046 swapped=False
i=10 pair=(3,5) lam_t=1.03571 lam_s=1.05000 tsr_diff=0.009923 integral_mean=0.000411 integral_std=0.012773 log_ratio=0.0000 accept=1.0000 swapped=True
i=11 pair=(6,0) lam_t=0.96429 lam_s=0.97857 tsr_diff=0.012354 integral_mean=0.000920 integral_std=0.012974 log_ratio=0.0000 accept=1.0000 swapped=True
i=11 pair=(7,1) lam_t=0.99286 lam_s=1.00714 tsr_diff=0.011778 integral_mean=-0.000279 integral_std=0.008265 log_ratio=-0.6696 accept=0.5119 swapped=False
i=11 pair=(2,5) lam_t=1.02143 lam_s=1.03571 tsr_diff=0.011242 integral_mean=0.000044 integral_std=0.011647 log_ratio=0.0000 accept=1.0000 swapped=True
i=12 pair=(4,0) lam_t=0.95000 lam_s=0.96429 tsr_diff=0.013839 integral_mean=0.003083 integral_std=0.026464 log_ratio=0.0000 accept=1.0000 swapped=True
i=12 pair=(6,7) lam_t=0.97857 lam_s=0.99286 tsr_diff=0.013131 integral_mean=-0.000027 integral_std=0.014401 log_ratio=-0.0638 accept=0.9382 swapped=True
i=12 pair=(1,5) lam_t=1.00714 lam_s=1.02143 tsr_diff=0.012476 integral_mean=-0.000398 integral_std=0.013366 log_ratio=-0.9559 accept=0.3845 swapped=False
i=12 pair=(2,3) lam_t=1.03571 lam_s=1.05000 tsr_diff=0.011868 integral_mean=0.000804 integral_std=0.019881 log_ratio=0.0000 accept=1.0000 swapped=True
i=13 pair=(4,7) lam_t=0.96429 lam_s=0.97857 tsr_diff=0.014342 integral_mean=0.001123 integral_std=0.017537 log_ratio=0.0000 accept=1.0000 swapped=True
i=13 pair=(6,1) lam_t=0.99286 lam_s=1.00714 tsr_diff=0.013574 integral_mean=-0.000301 integral_std=0.018714 log_ratio=-0.7224 accept=0.4856 swapped=True
i=13 pair=(5,3) lam_t=1.02143 lam_s=1.03571 tsr_diff=0.012866 integral_mean=-0.000148 integral_std=0.024688 log_ratio=-0.3547 accept=0.7014 swapped=True
i=14 pair=(0,7) lam_t=0.95000 lam_s=0.96429 tsr_diff=0.015346 integral_mean=-0.000293 integral_std=0.021129 log_ratio=-0.7029 accept=0.4952 swapped=False
i=14 pair=(4,1) lam_t=0.97857 lam_s=0.99286 tsr_diff=0.014482 integral_mean=0.000748 integral_std=0.034079 log_ratio=0.0000 accept=1.0000 swapped=True
i=14 pair=(6,3) lam_t=1.00714 lam_s=1.02143 tsr_diff=0.013689 integral_mean=-0.004098 integral_std=0.066934 log_ratio=-9.8358 accept=0.0001 swapped=False
i=14 pair=(5,2) lam_t=1.03571 lam_s=1.05000 tsr_diff=0.012959 integral_mean=-0.001247 integral_std=0.143683 log_ratio=-2.9939 accept=0.0501 swapped=False
Best Sample: 1 log probability -0.058
Saved 1 samples to: logs/pointmaze-giant-navigate-v0/inference/plans/release_H400_T256_LimitsNormalizer_b1_condFalse/2026-07-20 18:11:38/20/0.png
Saved 1 samples to: logs/pointmaze-giant-navigate-v0/inference/plans/release_H400_T256_LimitsNormalizer_b1_condFalse/2026-07-20 18:11:38/20/rollout.png
i=0 pair=(0,1) lam_t=0.95000 lam_s=0.96429 tsr_diff=0.000000 integral_mean=0.000000 integral_std=0.000000 log_ratio=0.0000 accept=1.0000 swapped=True
i=0 pair=(2,3) lam_t=0.97857 lam_s=0.99286 tsr_diff=0.000000 integral_mean=0.000000 integral_std=0.000000 log_ratio=0.0000 accept=1.0000 swapped=True
i=0 pair=(4,5) lam_t=1.00714 lam_s=1.02143 tsr_diff=0.000000 integral_mean=0.000000 integral_std=0.000000 log_ratio=0.0000 accept=1.0000 swapped=True
i=0 pair=(6,7) lam_t=1.03571 lam_s=1.05000 tsr_diff=0.000000 integral_mean=0.000000 integral_std=0.000000 log_ratio=0.0000 accept=1.0000 swapped=True
i=1 pair=(0,3) lam_t=0.96429 lam_s=0.97857 tsr_diff=0.000153 integral_mean=-0.000002 integral_std=0.000155 log_ratio=-0.0059 accept=0.9941 swapped=True
i=1 pair=(2,5) lam_t=0.99286 lam_s=1.00714 tsr_diff=0.000152 integral_mean=0.000000 integral_std=0.000150 log_ratio=0.0000 accept=1.0000 swapped=True
i=1 pair=(4,7) lam_t=1.02143 lam_s=1.03571 tsr_diff=0.000152 integral_mean=-0.000001 integral_std=0.000152 log_ratio=-0.0030 accept=0.9970 swapped=True
i=2 pair=(1,3) lam_t=0.95000 lam_s=0.96429 tsr_diff=0.000605 integral_mean=0.000008 integral_std=0.000602 log_ratio=0.0000 accept=1.0000 swapped=True
i=2 pair=(0,5) lam_t=0.97857 lam_s=0.99286 tsr_diff=0.000604 integral_mean=-0.000025 integral_std=0.000579 log_ratio=-0.0597 accept=0.9421 swapped=True
i=2 pair=(2,7) lam_t=1.00714 lam_s=1.02143 tsr_diff=0.000603 integral_mean=0.000010 integral_std=0.000579 log_ratio=0.0000 accept=1.0000 swapped=True
i=2 pair=(4,6) lam_t=1.03571 lam_s=1.05000 tsr_diff=0.000601 integral_mean=0.000021 integral_std=0.000558 log_ratio=0.0000 accept=1.0000 swapped=True
i=3 pair=(1,5) lam_t=0.96429 lam_s=0.97857 tsr_diff=0.001341 integral_mean=0.000027 integral_std=0.001382 log_ratio=0.0000 accept=1.0000 swapped=True
i=3 pair=(0,7) lam_t=0.99286 lam_s=1.00714 tsr_diff=0.001333 integral_mean=0.000034 integral_std=0.001301 log_ratio=0.0000 accept=1.0000 swapped=True
i=3 pair=(2,6) lam_t=1.02143 lam_s=1.03571 tsr_diff=0.001326 integral_mean=0.000073 integral_std=0.001361 log_ratio=0.0000 accept=1.0000 swapped=True
i=4 pair=(3,5) lam_t=0.95000 lam_s=0.96429 tsr_diff=0.002344 integral_mean=0.000141 integral_std=0.002391 log_ratio=0.0000 accept=1.0000 swapped=True
i=4 pair=(1,7) lam_t=0.97857 lam_s=0.99286 tsr_diff=0.002322 integral_mean=-0.000012 integral_std=0.002189 log_ratio=-0.0292 accept=0.9712 swapped=True
i=4 pair=(0,6) lam_t=1.00714 lam_s=1.02143 tsr_diff=0.002301 integral_mean=-0.000011 integral_std=0.002207 log_ratio=-0.0263 accept=0.9740 swapped=True
i=4 pair=(2,4) lam_t=1.03571 lam_s=1.05000 tsr_diff=0.002280 integral_mean=0.000009 integral_std=0.002175 log_ratio=0.0000 accept=1.0000 swapped=True
i=5 pair=(3,7) lam_t=0.96429 lam_s=0.97857 tsr_diff=0.003545 integral_mean=0.000177 integral_std=0.003662 log_ratio=0.0000 accept=1.0000 swapped=True
i=5 pair=(1,6) lam_t=0.99286 lam_s=1.00714 tsr_diff=0.003496 integral_mean=0.000199 integral_std=0.003377 log_ratio=0.0000 accept=1.0000 swapped=True
i=5 pair=(0,4) lam_t=1.02143 lam_s=1.03571 tsr_diff=0.003447 integral_mean=-0.000031 integral_std=0.003269 log_ratio=-0.0749 accept=0.9279 swapped=True
i=6 pair=(5,7) lam_t=0.95000 lam_s=0.96429 tsr_diff=0.004979 integral_mean=-0.000108 integral_std=0.004631 log_ratio=-0.2601 accept=0.7710 swapped=True
i=6 pair=(3,6) lam_t=0.97857 lam_s=0.99286 tsr_diff=0.004883 integral_mean=0.000458 integral_std=0.004835 log_ratio=0.0000 accept=1.0000 swapped=True
i=6 pair=(1,4) lam_t=1.00714 lam_s=1.02143 tsr_diff=0.004789 integral_mean=0.000029 integral_std=0.004703 log_ratio=0.0000 accept=1.0000 swapped=True
i=6 pair=(0,2) lam_t=1.03571 lam_s=1.05000 tsr_diff=0.004698 integral_mean=0.000070 integral_std=0.003882 log_ratio=0.0000 accept=1.0000 swapped=True
i=7 pair=(5,6) lam_t=0.96429 lam_s=0.97857 tsr_diff=0.006435 integral_mean=0.000201 integral_std=0.006045 log_ratio=0.0000 accept=1.0000 swapped=True
i=7 pair=(3,4) lam_t=0.99286 lam_s=1.00714 tsr_diff=0.006274 integral_mean=0.000217 integral_std=0.006236 log_ratio=0.0000 accept=1.0000 swapped=True
i=7 pair=(1,2) lam_t=1.02143 lam_s=1.03571 tsr_diff=0.006120 integral_mean=0.000134 integral_std=0.005482 log_ratio=0.0000 accept=1.0000 swapped=True
i=8 pair=(7,6) lam_t=0.95000 lam_s=0.96429 tsr_diff=0.008123 integral_mean=0.000198 integral_std=0.007790 log_ratio=0.0000 accept=1.0000 swapped=True
i=8 pair=(5,4) lam_t=0.97857 lam_s=0.99286 tsr_diff=0.007872 integral_mean=-0.000112 integral_std=0.007225 log_ratio=-0.2683 accept=0.7647 swapped=True
i=8 pair=(3,2) lam_t=1.00714 lam_s=1.02143 tsr_diff=0.007631 integral_mean=0.000304 integral_std=0.007311 log_ratio=0.0000 accept=1.0000 swapped=True
i=8 pair=(1,0) lam_t=1.03571 lam_s=1.05000 tsr_diff=0.007402 integral_mean=0.000265 integral_std=0.006826 log_ratio=0.0000 accept=1.0000 swapped=True
i=9 pair=(7,4) lam_t=0.96429 lam_s=0.97857 tsr_diff=0.009548 integral_mean=-0.000162 integral_std=0.009101 log_ratio=-0.3889 accept=0.6778 swapped=True
i=9 pair=(5,2) lam_t=0.99286 lam_s=1.00714 tsr_diff=0.009200 integral_mean=-0.000064 integral_std=0.008580 log_ratio=-0.1525 accept=0.8585 swapped=True
i=9 pair=(3,0) lam_t=1.02143 lam_s=1.03571 tsr_diff=0.008870 integral_mean=0.000062 integral_std=0.007989 log_ratio=0.0000 accept=1.0000 swapped=True
i=10 pair=(6,4) lam_t=0.95000 lam_s=0.96429 tsr_diff=0.011265 integral_mean=-0.000464 integral_std=0.012877 log_ratio=-1.1142 accept=0.3282 swapped=False
i=10 pair=(7,2) lam_t=0.97857 lam_s=0.99286 tsr_diff=0.010789 integral_mean=0.000519 integral_std=0.010956 log_ratio=0.0000 accept=1.0000 swapped=True
i=10 pair=(5,0) lam_t=1.00714 lam_s=1.02143 tsr_diff=0.010342 integral_mean=0.000017 integral_std=0.009811 log_ratio=0.0000 accept=1.0000 swapped=True
i=10 pair=(3,1) lam_t=1.03571 lam_s=1.05000 tsr_diff=0.009923 integral_mean=-0.000321 integral_std=0.009484 log_ratio=-0.7711 accept=0.4625 swapped=True
i=11 pair=(4,2) lam_t=0.96429 lam_s=0.97857 tsr_diff=0.012354 integral_mean=0.000376 integral_std=0.012584 log_ratio=0.0000 accept=1.0000 swapped=True
i=11 pair=(7,0) lam_t=0.99286 lam_s=1.00714 tsr_diff=0.011778 integral_mean=0.000719 integral_std=0.013748 log_ratio=0.0000 accept=1.0000 swapped=True
i=11 pair=(5,1) lam_t=1.02143 lam_s=1.03571 tsr_diff=0.011242 integral_mean=-0.000325 integral_std=0.012464 log_ratio=-0.7794 accept=0.4587 swapped=True
i=12 pair=(6,2) lam_t=0.95000 lam_s=0.96429 tsr_diff=0.013839 integral_mean=-0.000079 integral_std=0.008541 log_ratio=-0.1904 accept=0.8266 swapped=True
i=12 pair=(4,0) lam_t=0.97857 lam_s=0.99286 tsr_diff=0.013131 integral_mean=0.000468 integral_std=0.014415 log_ratio=0.0000 accept=1.0000 swapped=True
i=12 pair=(7,1) lam_t=1.00714 lam_s=1.02143 tsr_diff=0.012476 integral_mean=0.000488 integral_std=0.018176 log_ratio=0.0000 accept=1.0000 swapped=True
i=12 pair=(5,3) lam_t=1.03571 lam_s=1.05000 tsr_diff=0.011868 integral_mean=0.000150 integral_std=0.016329 log_ratio=0.0000 accept=1.0000 swapped=True
i=13 pair=(6,0) lam_t=0.96429 lam_s=0.97857 tsr_diff=0.014342 integral_mean=0.000164 integral_std=0.007516 log_ratio=0.0000 accept=1.0000 swapped=True
i=13 pair=(4,1) lam_t=0.99286 lam_s=1.00714 tsr_diff=0.013574 integral_mean=-0.001294 integral_std=0.024023 log_ratio=-3.1045 accept=0.0448 swapped=False
i=13 pair=(7,3) lam_t=1.02143 lam_s=1.03571 tsr_diff=0.012866 integral_mean=0.000703 integral_std=0.021572 log_ratio=0.0000 accept=1.0000 swapped=True
i=14 pair=(2,0) lam_t=0.95000 lam_s=0.96429 tsr_diff=0.015346 integral_mean=0.001510 integral_std=0.012577 log_ratio=0.0000 accept=1.0000 swapped=True
i=14 pair=(6,4) lam_t=0.97857 lam_s=0.99286 tsr_diff=0.014482 integral_mean=0.001181 integral_std=0.025925 log_ratio=0.0000 accept=1.0000 swapped=True
i=14 pair=(1,3) lam_t=1.00714 lam_s=1.02143 tsr_diff=0.013689 integral_mean=0.001515 integral_std=0.056977 log_ratio=0.0000 accept=1.0000 swapped=True
i=14 pair=(7,5) lam_t=1.03571 lam_s=1.05000 tsr_diff=0.012959 integral_mean=-0.000233 integral_std=0.021967 log_ratio=-0.5600 accept=0.5712 swapped=True
Best Sample: 2 log probability -0.059
Saved 1 samples to: logs/pointmaze-giant-navigate-v0/inference/plans/release_H400_T256_LimitsNormalizer_b1_condFalse/2026-07-20 18:11:38/21/0.png
Saved 1 samples to: logs/pointmaze-giant-navigate-v0/inference/plans/release_H400_T256_LimitsNormalizer_b1_condFalse/2026-07-20 18:11:38/21/rollout.png
i=0 pair=(0,1) lam_t=0.95000 lam_s=0.96429 tsr_diff=0.000000 integral_mean=0.000000 integral_std=0.000000 log_ratio=0.0000 accept=1.0000 swapped=True
i=0 pair=(2,3) lam_t=0.97857 lam_s=0.99286 tsr_diff=0.000000 integral_mean=0.000000 integral_std=0.000000 log_ratio=0.0000 accept=1.0000 swapped=True
i=0 pair=(4,5) lam_t=1.00714 lam_s=1.02143 tsr_diff=0.000000 integral_mean=0.000000 integral_std=0.000000 log_ratio=0.0000 accept=1.0000 swapped=True
i=0 pair=(6,7) lam_t=1.03571 lam_s=1.05000 tsr_diff=0.000000 integral_mean=0.000000 integral_std=0.000000 log_ratio=0.0000 accept=1.0000 swapped=True
i=1 pair=(0,3) lam_t=0.96429 lam_s=0.97857 tsr_diff=0.000153 integral_mean=-0.000006 integral_std=0.000143 log_ratio=-0.0156 accept=0.9845 swapped=True
i=1 pair=(2,5) lam_t=0.99286 lam_s=1.00714 tsr_diff=0.000152 integral_mean=-0.000041 integral_std=0.000194 log_ratio=-0.0981 accept=0.9066 swapped=True
i=1 pair=(4,7) lam_t=1.02143 lam_s=1.03571 tsr_diff=0.000152 integral_mean=-0.000001 integral_std=0.000155 log_ratio=-0.0020 accept=0.9980 swapped=True
i=2 pair=(1,3) lam_t=0.95000 lam_s=0.96429 tsr_diff=0.000605 integral_mean=0.000015 integral_std=0.000583 log_ratio=0.0000 accept=1.0000 swapped=True
i=2 pair=(0,5) lam_t=0.97857 lam_s=0.99286 tsr_diff=0.000604 integral_mean=0.000025 integral_std=0.000704 log_ratio=0.0000 accept=1.0000 swapped=True
i=2 pair=(2,7) lam_t=1.00714 lam_s=1.02143 tsr_diff=0.000603 integral_mean=0.000007 integral_std=0.000561 log_ratio=0.0000 accept=1.0000 swapped=True
i=2 pair=(4,6) lam_t=1.03571 lam_s=1.05000 tsr_diff=0.000601 integral_mean=0.000042 integral_std=0.000629 log_ratio=0.0000 accept=1.0000 swapped=True
i=3 pair=(1,5) lam_t=0.96429 lam_s=0.97857 tsr_diff=0.001341 integral_mean=0.000057 integral_std=0.001371 log_ratio=0.0000 accept=1.0000 swapped=True
i=3 pair=(0,7) lam_t=0.99286 lam_s=1.00714 tsr_diff=0.001333 integral_mean=0.000409 integral_std=0.001922 log_ratio=0.0000 accept=1.0000 swapped=True
i=3 pair=(2,6) lam_t=1.02143 lam_s=1.03571 tsr_diff=0.001326 integral_mean=0.000009 integral_std=0.001232 log_ratio=0.0000 accept=1.0000 swapped=True
i=4 pair=(3,5) lam_t=0.95000 lam_s=0.96429 tsr_diff=0.002344 integral_mean=-0.000014 integral_std=0.002236 log_ratio=-0.0333 accept=0.9672 swapped=True
i=4 pair=(1,7) lam_t=0.97857 lam_s=0.99286 tsr_diff=0.002322 integral_mean=0.000033 integral_std=0.002219 log_ratio=0.0000 accept=1.0000 swapped=True
i=4 pair=(0,6) lam_t=1.00714 lam_s=1.02143 tsr_diff=0.002301 integral_mean=0.000006 integral_std=0.002529 log_ratio=0.0000 accept=1.0000 swapped=True
i=4 pair=(2,4) lam_t=1.03571 lam_s=1.05000 tsr_diff=0.002280 integral_mean=0.000331 integral_std=0.002781 log_ratio=0.0000 accept=1.0000 swapped=True
i=5 pair=(3,7) lam_t=0.96429 lam_s=0.97857 tsr_diff=0.003545 integral_mean=0.000014 integral_std=0.003637 log_ratio=0.0000 accept=1.0000 swapped=True
i=5 pair=(1,6) lam_t=0.99286 lam_s=1.00714 tsr_diff=0.003496 integral_mean=-0.000627 integral_std=0.003816 log_ratio=-1.5051 accept=0.2220 swapped=False
i=5 pair=(0,4) lam_t=1.02143 lam_s=1.03571 tsr_diff=0.003447 integral_mean=0.000184 integral_std=0.003390 log_ratio=0.0000 accept=1.0000 swapped=True
i=6 pair=(5,7) lam_t=0.95000 lam_s=0.96429 tsr_diff=0.004979 integral_mean=-0.000149 integral_std=0.004745 log_ratio=-0.3572 accept=0.6996 swapped=False
i=6 pair=(3,1) lam_t=0.97857 lam_s=0.99286 tsr_diff=0.004883 integral_mean=0.000023 integral_std=0.004709 log_ratio=0.0000 accept=1.0000 swapped=True
i=6 pair=(6,4) lam_t=1.00714 lam_s=1.02143 tsr_diff=0.004789 integral_mean=0.000709 integral_std=0.005150 log_ratio=0.0000 accept=1.0000 swapped=True
i=6 pair=(0,2) lam_t=1.03571 lam_s=1.05000 tsr_diff=0.004698 integral_mean=0.000070 integral_std=0.004998 log_ratio=0.0000 accept=1.0000 swapped=True
i=7 pair=(7,1) lam_t=0.96429 lam_s=0.97857 tsr_diff=0.006435 integral_mean=-0.000211 integral_std=0.005672 log_ratio=-0.5058 accept=0.6030 swapped=True
i=7 pair=(3,4) lam_t=0.99286 lam_s=1.00714 tsr_diff=0.006274 integral_mean=0.000097 integral_std=0.005620 log_ratio=0.0000 accept=1.0000 swapped=True
i=7 pair=(6,2) lam_t=1.02143 lam_s=1.03571 tsr_diff=0.006120 integral_mean=0.000412 integral_std=0.006408 log_ratio=0.0000 accept=1.0000 swapped=True
i=8 pair=(5,1) lam_t=0.95000 lam_s=0.96429 tsr_diff=0.008123 integral_mean=-0.000034 integral_std=0.008265 log_ratio=-0.0820 accept=0.9213 swapped=True
i=8 pair=(7,4) lam_t=0.97857 lam_s=0.99286 tsr_diff=0.007872 integral_mean=0.000150 integral_std=0.007559 log_ratio=0.0000 accept=1.0000 swapped=True
i=8 pair=(3,2) lam_t=1.00714 lam_s=1.02143 tsr_diff=0.007631 integral_mean=-0.000108 integral_std=0.006894 log_ratio=-0.2596 accept=0.7714 swapped=True
i=8 pair=(6,0) lam_t=1.03571 lam_s=1.05000 tsr_diff=0.007402 integral_mean=0.000378 integral_std=0.008048 log_ratio=0.0000 accept=1.0000 swapped=True
i=9 pair=(5,4) lam_t=0.96429 lam_s=0.97857 tsr_diff=0.009548 integral_mean=0.000086 integral_std=0.007378 log_ratio=0.0000 accept=1.0000 swapped=True
i=9 pair=(7,2) lam_t=0.99286 lam_s=1.00714 tsr_diff=0.009200 integral_mean=-0.000201 integral_std=0.008709 log_ratio=-0.4812 accept=0.6180 swapped=True
i=9 pair=(3,0) lam_t=1.02143 lam_s=1.03571 tsr_diff=0.008870 integral_mean=-0.000722 integral_std=0.008739 log_ratio=-1.7318 accept=0.1770 swapped=True
i=10 pair=(1,4) lam_t=0.95000 lam_s=0.96429 tsr_diff=0.011265 integral_mean=-0.000103 integral_std=0.013090 log_ratio=-0.2476 accept=0.7807 swapped=True
i=10 pair=(5,2) lam_t=0.97857 lam_s=0.99286 tsr_diff=0.010789 integral_mean=-0.000795 integral_std=0.013385 log_ratio=-1.9087 accept=0.1483 swapped=False
i=10 pair=(7,0) lam_t=1.00714 lam_s=1.02143 tsr_diff=0.010342 integral_mean=-0.000731 integral_std=0.014259 log_ratio=-1.7554 accept=0.1728 swapped=False
i=10 pair=(3,6) lam_t=1.03571 lam_s=1.05000 tsr_diff=0.009923 integral_mean=-0.001185 integral_std=0.012680 log_ratio=-2.8428 accept=0.0583 swapped=False
i=11 pair=(1,5) lam_t=0.96429 lam_s=0.97857 tsr_diff=0.012354 integral_mean=0.000477 integral_std=0.016187 log_ratio=0.0000 accept=1.0000 swapped=True
i=11 pair=(2,7) lam_t=0.99286 lam_s=1.00714 tsr_diff=0.011778 integral_mean=0.000899 integral_std=0.011793 log_ratio=0.0000 accept=1.0000 swapped=True
i=11 pair=(0,3) lam_t=1.02143 lam_s=1.03571 tsr_diff=0.011242 integral_mean=0.001764 integral_std=0.014949 log_ratio=0.0000 accept=1.0000 swapped=True
i=12 pair=(4,5) lam_t=0.95000 lam_s=0.96429 tsr_diff=0.013839 integral_mean=0.001081 integral_std=0.012484 log_ratio=0.0000 accept=1.0000 swapped=True
i=12 pair=(1,7) lam_t=0.97857 lam_s=0.99286 tsr_diff=0.013131 integral_mean=0.000558 integral_std=0.021317 log_ratio=0.0000 accept=1.0000 swapped=True
i=12 pair=(2,3) lam_t=1.00714 lam_s=1.02143 tsr_diff=0.012476 integral_mean=0.002382 integral_std=0.018751 log_ratio=0.0000 accept=1.0000 swapped=True
i=12 pair=(0,6) lam_t=1.03571 lam_s=1.05000 tsr_diff=0.011868 integral_mean=-0.001587 integral_std=0.018616 log_ratio=-3.8094 accept=0.0222 swapped=False
i=13 pair=(4,7) lam_t=0.96429 lam_s=0.97857 tsr_diff=0.014342 integral_mean=0.000769 integral_std=0.027968 log_ratio=0.0000 accept=1.0000 swapped=True
i=13 pair=(1,3) lam_t=0.99286 lam_s=1.00714 tsr_diff=0.013574 integral_mean=0.002072 integral_std=0.025444 log_ratio=0.0000 accept=1.0000 swapped=True
i=13 pair=(2,0) lam_t=1.02143 lam_s=1.03571 tsr_diff=0.012866 integral_mean=0.001962 integral_std=0.030267 log_ratio=0.0000 accept=1.0000 swapped=True
i=14 pair=(5,7) lam_t=0.95000 lam_s=0.96429 tsr_diff=0.015346 integral_mean=0.003492 integral_std=0.049233 log_ratio=0.0000 accept=1.0000 swapped=True
i=14 pair=(4,3) lam_t=0.97857 lam_s=0.99286 tsr_diff=0.014482 integral_mean=0.003353 integral_std=0.017869 log_ratio=0.0000 accept=1.0000 swapped=True
i=14 pair=(1,0) lam_t=1.00714 lam_s=1.02143 tsr_diff=0.013689 integral_mean=0.000144 integral_std=0.061210 log_ratio=0.0000 accept=1.0000 swapped=True
i=14 pair=(2,6) lam_t=1.03571 lam_s=1.05000 tsr_diff=0.012959 integral_mean=-0.006958 integral_std=0.095752 log_ratio=-16.6990 accept=0.0000 swapped=False
Best Sample: 3 log probability -0.033
Saved 1 samples to: logs/pointmaze-giant-navigate-v0/inference/plans/release_H400_T256_LimitsNormalizer_b1_condFalse/2026-07-20 18:11:38/22/0.png
Saved 1 samples to: logs/pointmaze-giant-navigate-v0/inference/plans/release_H400_T256_LimitsNormalizer_b1_condFalse/2026-07-20 18:11:38/22/rollout.png
i=0 pair=(0,1) lam_t=0.95000 lam_s=0.96429 tsr_diff=0.000000 integral_mean=0.000000 integral_std=0.000000 log_ratio=0.0000 accept=1.0000 swapped=True
i=0 pair=(2,3) lam_t=0.97857 lam_s=0.99286 tsr_diff=0.000000 integral_mean=0.000000 integral_std=0.000000 log_ratio=0.0000 accept=1.0000 swapped=True
i=0 pair=(4,5) lam_t=1.00714 lam_s=1.02143 tsr_diff=0.000000 integral_mean=0.000000 integral_std=0.000000 log_ratio=0.0000 accept=1.0000 swapped=True
i=0 pair=(6,7) lam_t=1.03571 lam_s=1.05000 tsr_diff=0.000000 integral_mean=0.000000 integral_std=0.000000 log_ratio=0.0000 accept=1.0000 swapped=True
i=1 pair=(0,3) lam_t=0.96429 lam_s=0.97857 tsr_diff=0.000153 integral_mean=-0.000001 integral_std=0.000157 log_ratio=-0.0035 accept=0.9965 swapped=True
i=1 pair=(2,5) lam_t=0.99286 lam_s=1.00714 tsr_diff=0.000152 integral_mean=-0.000001 integral_std=0.000158 log_ratio=-0.0016 accept=0.9984 swapped=True
i=1 pair=(4,7) lam_t=1.02143 lam_s=1.03571 tsr_diff=0.000152 integral_mean=-0.000005 integral_std=0.000150 log_ratio=-0.0123 accept=0.9877 swapped=True
i=2 pair=(1,3) lam_t=0.95000 lam_s=0.96429 tsr_diff=0.000605 integral_mean=-0.000015 integral_std=0.000594 log_ratio=-0.0371 accept=0.9636 swapped=True
i=2 pair=(0,5) lam_t=0.97857 lam_s=0.99286 tsr_diff=0.000604 integral_mean=0.000011 integral_std=0.000595 log_ratio=0.0000 accept=1.0000 swapped=True
i=2 pair=(2,7) lam_t=1.00714 lam_s=1.02143 tsr_diff=0.000603 integral_mean=0.000010 integral_std=0.000604 log_ratio=0.0000 accept=1.0000 swapped=True
i=2 pair=(4,6) lam_t=1.03571 lam_s=1.05000 tsr_diff=0.000601 integral_mean=-0.000017 integral_std=0.000589 log_ratio=-0.0405 accept=0.9603 swapped=True
i=3 pair=(1,5) lam_t=0.96429 lam_s=0.97857 tsr_diff=0.001341 integral_mean=0.000139 integral_std=0.001476 log_ratio=0.0000 accept=1.0000 swapped=True
i=3 pair=(0,7) lam_t=0.99286 lam_s=1.00714 tsr_diff=0.001333 integral_mean=0.000005 integral_std=0.001294 log_ratio=0.0000 accept=1.0000 swapped=True
i=3 pair=(2,6) lam_t=1.02143 lam_s=1.03571 tsr_diff=0.001326 integral_mean=0.000010 integral_std=0.001296 log_ratio=0.0000 accept=1.0000 swapped=True
i=4 pair=(3,5) lam_t=0.95000 lam_s=0.96429 tsr_diff=0.002344 integral_mean=-0.000886 integral_std=0.003957 log_ratio=-2.1257 accept=0.1193 swapped=False
i=4 pair=(1,7) lam_t=0.97857 lam_s=0.99286 tsr_diff=0.002322 integral_mean=-0.000018 integral_std=0.002310 log_ratio=-0.0439 accept=0.9571 swapped=True
i=4 pair=(0,6) lam_t=1.00714 lam_s=1.02143 tsr_diff=0.002301 integral_mean=-0.000326 integral_std=0.002646 log_ratio=-0.7830 accept=0.4570 swapped=True
i=4 pair=(2,4) lam_t=1.03571 lam_s=1.05000 tsr_diff=0.002280 integral_mean=-0.000179 integral_std=0.002462 log_ratio=-0.4301 accept=0.6504 swapped=True
i=5 pair=(5,7) lam_t=0.96429 lam_s=0.97857 tsr_diff=0.003545 integral_mean=0.000486 integral_std=0.003804 log_ratio=0.0000 accept=1.0000 swapped=True
i=5 pair=(1,6) lam_t=0.99286 lam_s=1.00714 tsr_diff=0.003496 integral_mean=-0.000304 integral_std=0.003465 log_ratio=-0.7287 accept=0.4825 swapped=False
i=5 pair=(0,4) lam_t=1.02143 lam_s=1.03571 tsr_diff=0.003447 integral_mean=-0.000171 integral_std=0.003321 log_ratio=-0.4110 accept=0.6630 swapped=False
i=6 pair=(3,7) lam_t=0.95000 lam_s=0.96429 tsr_diff=0.004979 integral_mean=0.000189 integral_std=0.004700 log_ratio=0.0000 accept=1.0000 swapped=True
i=6 pair=(5,1) lam_t=0.97857 lam_s=0.99286 tsr_diff=0.004883 integral_mean=0.000230 integral_std=0.004594 log_ratio=0.0000 accept=1.0000 swapped=True
i=6 pair=(6,0) lam_t=1.00714 lam_s=1.02143 tsr_diff=0.004789 integral_mean=-0.000023 integral_std=0.004501 log_ratio=-0.0542 accept=0.9473 swapped=True
i=6 pair=(4,2) lam_t=1.03571 lam_s=1.05000 tsr_diff=0.004698 integral_mean=0.000032 integral_std=0.004418 log_ratio=0.0000 accept=1.0000 swapped=True
i=7 pair=(3,1) lam_t=0.96429 lam_s=0.97857 tsr_diff=0.006435 integral_mean=0.000021 integral_std=0.006509 log_ratio=0.0000 accept=1.0000 swapped=True
i=7 pair=(5,0) lam_t=0.99286 lam_s=1.00714 tsr_diff=0.006274 integral_mean=-0.000375 integral_std=0.006076 log_ratio=-0.9007 accept=0.4063 swapped=False
i=7 pair=(6,2) lam_t=1.02143 lam_s=1.03571 tsr_diff=0.006120 integral_mean=0.000129 integral_std=0.006120 log_ratio=0.0000 accept=1.0000 swapped=True
i=8 pair=(7,1) lam_t=0.95000 lam_s=0.96429 tsr_diff=0.008123 integral_mean=0.000011 integral_std=0.008100 log_ratio=0.0000 accept=1.0000 swapped=True
i=8 pair=(3,5) lam_t=0.97857 lam_s=0.99286 tsr_diff=0.007872 integral_mean=0.000070 integral_std=0.008070 log_ratio=0.0000 accept=1.0000 swapped=True
i=8 pair=(0,2) lam_t=1.00714 lam_s=1.02143 tsr_diff=0.007631 integral_mean=0.000429 integral_std=0.007814 log_ratio=0.0000 accept=1.0000 swapped=True
i=8 pair=(6,4) lam_t=1.03571 lam_s=1.05000 tsr_diff=0.007402 integral_mean=0.000240 integral_std=0.006909 log_ratio=0.0000 accept=1.0000 swapped=True
i=9 pair=(7,5) lam_t=0.96429 lam_s=0.97857 tsr_diff=0.009548 integral_mean=0.000051 integral_std=0.009606 log_ratio=0.0000 accept=1.0000 swapped=True
i=9 pair=(3,2) lam_t=0.99286 lam_s=1.00714 tsr_diff=0.009200 integral_mean=-0.000096 integral_std=0.010411 log_ratio=-0.2297 accept=0.7948 swapped=True
i=9 pair=(0,4) lam_t=1.02143 lam_s=1.03571 tsr_diff=0.008870 integral_mean=0.000900 integral_std=0.009067 log_ratio=0.0000 accept=1.0000 swapped=True
i=10 pair=(1,5) lam_t=0.95000 lam_s=0.96429 tsr_diff=0.011265 integral_mean=-0.000166 integral_std=0.008139 log_ratio=-0.3992 accept=0.6709 swapped=False
i=10 pair=(7,2) lam_t=0.97857 lam_s=0.99286 tsr_diff=0.010789 integral_mean=0.000406 integral_std=0.010548 log_ratio=0.0000 accept=1.0000 swapped=True
i=10 pair=(3,4) lam_t=1.00714 lam_s=1.02143 tsr_diff=0.010342 integral_mean=0.000371 integral_std=0.013199 log_ratio=0.0000 accept=1.0000 swapped=True
i=10 pair=(0,6) lam_t=1.03571 lam_s=1.05000 tsr_diff=0.009923 integral_mean=0.000064 integral_std=0.011568 log_ratio=0.0000 accept=1.0000 swapped=True
i=11 pair=(5,2) lam_t=0.96429 lam_s=0.97857 tsr_diff=0.012354 integral_mean=0.000059 integral_std=0.008902 log_ratio=0.0000 accept=1.0000 swapped=True
i=11 pair=(7,4) lam_t=0.99286 lam_s=1.00714 tsr_diff=0.011778 integral_mean=0.000169 integral_std=0.013704 log_ratio=0.0000 accept=1.0000 swapped=True
i=11 pair=(3,6) lam_t=1.02143 lam_s=1.03571 tsr_diff=0.011242 integral_mean=-0.000668 integral_std=0.016062 log_ratio=-1.6028 accept=0.2013 swapped=False
i=12 pair=(1,2) lam_t=0.95000 lam_s=0.96429 tsr_diff=0.013839 integral_mean=0.000013 integral_std=0.009064 log_ratio=0.0000 accept=1.0000 swapped=True
i=12 pair=(5,4) lam_t=0.97857 lam_s=0.99286 tsr_diff=0.013131 integral_mean=-0.000242 integral_std=0.015284 log_ratio=-0.5797 accept=0.5601 swapped=False
i=12 pair=(7,3) lam_t=1.00714 lam_s=1.02143 tsr_diff=0.012476 integral_mean=-0.000445 integral_std=0.017455 log_ratio=-1.0689 accept=0.3434 swapped=False
i=12 pair=(6,0) lam_t=1.03571 lam_s=1.05000 tsr_diff=0.011868 integral_mean=-0.000759 integral_std=0.016905 log_ratio=-1.8211 accept=0.1618 swapped=False
i=13 pair=(1,5) lam_t=0.96429 lam_s=0.97857 tsr_diff=0.014342 integral_mean=0.000527 integral_std=0.008014 log_ratio=0.0000 accept=1.0000 swapped=True
i=13 pair=(4,7) lam_t=0.99286 lam_s=1.00714 tsr_diff=0.013574 integral_mean=0.000295 integral_std=0.023047 log_ratio=0.0000 accept=1.0000 swapped=True
i=13 pair=(3,6) lam_t=1.02143 lam_s=1.03571 tsr_diff=0.012866 integral_mean=-0.000495 integral_std=0.022969 log_ratio=-1.1869 accept=0.3052 swapped=False
i=14 pair=(2,5) lam_t=0.95000 lam_s=0.96429 tsr_diff=0.015346 integral_mean=0.001242 integral_std=0.012347 log_ratio=0.0000 accept=1.0000 swapped=True
i=14 pair=(1,7) lam_t=0.97857 lam_s=0.99286 tsr_diff=0.014482 integral_mean=0.002552 integral_std=0.023761 log_ratio=0.0000 accept=1.0000 swapped=True
i=14 pair=(4,3) lam_t=1.00714 lam_s=1.02143 tsr_diff=0.013689 integral_mean=-0.000091 integral_std=0.047573 log_ratio=-0.2186 accept=0.8036 swapped=True
i=14 pair=(6,0) lam_t=1.03571 lam_s=1.05000 tsr_diff=0.012959 integral_mean=0.003908 integral_std=0.066183 log_ratio=0.0000 accept=1.0000 swapped=True
Best Sample: 2 log probability -0.001
Saved 1 samples to: logs/pointmaze-giant-navigate-v0/inference/plans/release_H400_T256_LimitsNormalizer_b1_condFalse/2026-07-20 18:11:38/23/0.png
Saved 1 samples to: logs/pointmaze-giant-navigate-v0/inference/plans/release_H400_T256_LimitsNormalizer_b1_condFalse/2026-07-20 18:11:38/23/rollout.png
i=0 pair=(0,1) lam_t=0.95000 lam_s=0.96429 tsr_diff=0.000000 integral_mean=0.000000 integral_std=0.000000 log_ratio=0.0000 accept=1.0000 swapped=True
i=0 pair=(2,3) lam_t=0.97857 lam_s=0.99286 tsr_diff=0.000000 integral_mean=0.000000 integral_std=0.000000 log_ratio=0.0000 accept=1.0000 swapped=True
i=0 pair=(4,5) lam_t=1.00714 lam_s=1.02143 tsr_diff=0.000000 integral_mean=0.000000 integral_std=0.000000 log_ratio=0.0000 accept=1.0000 swapped=True
i=0 pair=(6,7) lam_t=1.03571 lam_s=1.05000 tsr_diff=0.000000 integral_mean=0.000000 integral_std=0.000000 log_ratio=0.0000 accept=1.0000 swapped=True
i=1 pair=(0,3) lam_t=0.96429 lam_s=0.97857 tsr_diff=0.000153 integral_mean=0.000002 integral_std=0.000151 log_ratio=0.0000 accept=1.0000 swapped=True
i=1 pair=(2,5) lam_t=0.99286 lam_s=1.00714 tsr_diff=0.000152 integral_mean=-0.000003 integral_std=0.000146 log_ratio=-0.0075 accept=0.9925 swapped=True
i=1 pair=(4,7) lam_t=1.02143 lam_s=1.03571 tsr_diff=0.000152 integral_mean=0.000001 integral_std=0.000156 log_ratio=0.0000 accept=1.0000 swapped=True
i=2 pair=(1,3) lam_t=0.95000 lam_s=0.96429 tsr_diff=0.000605 integral_mean=0.000024 integral_std=0.000597 log_ratio=0.0000 accept=1.0000 swapped=True
i=2 pair=(0,5) lam_t=0.97857 lam_s=0.99286 tsr_diff=0.000604 integral_mean=0.000012 integral_std=0.000590 log_ratio=0.0000 accept=1.0000 swapped=True
i=2 pair=(2,7) lam_t=1.00714 lam_s=1.02143 tsr_diff=0.000603 integral_mean=-0.000046 integral_std=0.000761 log_ratio=-0.1092 accept=0.8965 swapped=True
i=2 pair=(4,6) lam_t=1.03571 lam_s=1.05000 tsr_diff=0.000601 integral_mean=0.000072 integral_std=0.000623 log_ratio=0.0000 accept=1.0000 swapped=True
i=3 pair=(1,5) lam_t=0.96429 lam_s=0.97857 tsr_diff=0.001341 integral_mean=0.000034 integral_std=0.001290 log_ratio=0.0000 accept=1.0000 swapped=True
i=3 pair=(0,7) lam_t=0.99286 lam_s=1.00714 tsr_diff=0.001333 integral_mean=-0.000078 integral_std=0.001353 log_ratio=-0.1868 accept=0.8296 swapped=True
i=3 pair=(2,6) lam_t=1.02143 lam_s=1.03571 tsr_diff=0.001326 integral_mean=0.000039 integral_std=0.001354 log_ratio=0.0000 accept=1.0000 swapped=True
i=4 pair=(3,5) lam_t=0.95000 lam_s=0.96429 tsr_diff=0.002344 integral_mean=0.000028 integral_std=0.002516 log_ratio=0.0000 accept=1.0000 swapped=True
i=4 pair=(1,7) lam_t=0.97857 lam_s=0.99286 tsr_diff=0.002322 integral_mean=0.000038 integral_std=0.002163 log_ratio=0.0000 accept=1.0000 swapped=True
i=4 pair=(0,6) lam_t=1.00714 lam_s=1.02143 tsr_diff=0.002301 integral_mean=-0.000011 integral_std=0.002244 log_ratio=-0.0258 accept=0.9746 swapped=True
i=4 pair=(2,4) lam_t=1.03571 lam_s=1.05000 tsr_diff=0.002280 integral_mean=0.000007 integral_std=0.002361 log_ratio=0.0000 accept=1.0000 swapped=True
i=5 pair=(3,7) lam_t=0.96429 lam_s=0.97857 tsr_diff=0.003545 integral_mean=-0.000126 integral_std=0.003758 log_ratio=-0.3023 accept=0.7391 swapped=True
i=5 pair=(1,6) lam_t=0.99286 lam_s=1.00714 tsr_diff=0.003496 integral_mean=0.000082 integral_std=0.003025 log_ratio=0.0000 accept=1.0000 swapped=True
i=5 pair=(0,4) lam_t=1.02143 lam_s=1.03571 tsr_diff=0.003447 integral_mean=-0.000157 integral_std=0.003403 log_ratio=-0.3764 accept=0.6863 swapped=False
i=6 pair=(5,7) lam_t=0.95000 lam_s=0.96429 tsr_diff=0.004979 integral_mean=0.000025 integral_std=0.005303 log_ratio=0.0000 accept=1.0000 swapped=True
i=6 pair=(3,6) lam_t=0.97857 lam_s=0.99286 tsr_diff=0.004883 integral_mean=0.000578 integral_std=0.005534 log_ratio=0.0000 accept=1.0000 swapped=True
i=6 pair=(1,0) lam_t=1.00714 lam_s=1.02143 tsr_diff=0.004789 integral_mean=-0.000051 integral_std=0.004542 log_ratio=-0.1231 accept=0.8842 swapped=True
i=6 pair=(4,2) lam_t=1.03571 lam_s=1.05000 tsr_diff=0.004698 integral_mean=0.000067 integral_std=0.004858 log_ratio=0.0000 accept=1.0000 swapped=True
i=7 pair=(5,6) lam_t=0.96429 lam_s=0.97857 tsr_diff=0.006435 integral_mean=-0.000282 integral_std=0.007200 log_ratio=-0.6760 accept=0.5086 swapped=False
i=7 pair=(3,0) lam_t=0.99286 lam_s=1.00714 tsr_diff=0.006274 integral_mean=0.000472 integral_std=0.006614 log_ratio=0.0000 accept=1.0000 swapped=True
i=7 pair=(1,2) lam_t=1.02143 lam_s=1.03571 tsr_diff=0.006120 integral_mean=-0.000137 integral_std=0.005759 log_ratio=-0.3277 accept=0.7206 swapped=False
i=8 pair=(7,5) lam_t=0.95000 lam_s=0.96429 tsr_diff=0.008123 integral_mean=-0.000151 integral_std=0.008503 log_ratio=-0.3617 accept=0.6965 swapped=True
i=8 pair=(6,0) lam_t=0.97857 lam_s=0.99286 tsr_diff=0.007872 integral_mean=0.000662 integral_std=0.007974 log_ratio=0.0000 accept=1.0000 swapped=True
i=8 pair=(3,1) lam_t=1.00714 lam_s=1.02143 tsr_diff=0.007631 integral_mean=0.000686 integral_std=0.008115 log_ratio=0.0000 accept=1.0000 swapped=True
i=8 pair=(2,4) lam_t=1.03571 lam_s=1.05000 tsr_diff=0.007402 integral_mean=-0.000132 integral_std=0.008199 log_ratio=-0.3175 accept=0.7280 swapped=True
i=9 pair=(7,0) lam_t=0.96429 lam_s=0.97857 tsr_diff=0.009548 integral_mean=0.000061 integral_std=0.009363 log_ratio=0.0000 accept=1.0000 swapped=True
i=9 pair=(6,1) lam_t=0.99286 lam_s=1.00714 tsr_diff=0.009200 integral_mean=0.000366 integral_std=0.009171 log_ratio=0.0000 accept=1.0000 swapped=True
i=9 pair=(3,4) lam_t=1.02143 lam_s=1.03571 tsr_diff=0.008870 integral_mean=0.000407 integral_std=0.008875 log_ratio=0.0000 accept=1.0000 swapped=True
i=10 pair=(5,0) lam_t=0.95000 lam_s=0.96429 tsr_diff=0.011265 integral_mean=0.000868 integral_std=0.010016 log_ratio=0.0000 accept=1.0000 swapped=True
i=10 pair=(7,1) lam_t=0.97857 lam_s=0.99286 tsr_diff=0.010789 integral_mean=-0.000004 integral_std=0.010728 log_ratio=-0.0096 accept=0.9905 swapped=True
i=10 pair=(6,4) lam_t=1.00714 lam_s=1.02143 tsr_diff=0.010342 integral_mean=0.000328 integral_std=0.012216 log_ratio=0.0000 accept=1.0000 swapped=True
i=10 pair=(3,2) lam_t=1.03571 lam_s=1.05000 tsr_diff=0.009923 integral_mean=0.000098 integral_std=0.012173 log_ratio=0.0000 accept=1.0000 swapped=True
i=11 pair=(5,1) lam_t=0.96429 lam_s=0.97857 tsr_diff=0.012354 integral_mean=0.000380 integral_std=0.018955 log_ratio=0.0000 accept=1.0000 swapped=True
i=11 pair=(7,4) lam_t=0.99286 lam_s=1.00714 tsr_diff=0.011778 integral_mean=0.000685 integral_std=0.014501 log_ratio=0.0000 accept=1.0000 swapped=True
i=11 pair=(6,2) lam_t=1.02143 lam_s=1.03571 tsr_diff=0.011242 integral_mean=0.000493 integral_std=0.013593 log_ratio=0.0000 accept=1.0000 swapped=True
i=12 pair=(0,1) lam_t=0.95000 lam_s=0.96429 tsr_diff=0.013839 integral_mean=0.000297 integral_std=0.017832 log_ratio=0.0000 accept=1.0000 swapped=True
i=12 pair=(5,4) lam_t=0.97857 lam_s=0.99286 tsr_diff=0.013131 integral_mean=0.000956 integral_std=0.021422 log_ratio=0.0000 accept=1.0000 swapped=True
i=12 pair=(7,2) lam_t=1.00714 lam_s=1.02143 tsr_diff=0.012476 integral_mean=0.000551 integral_std=0.015027 log_ratio=0.0000 accept=1.0000 swapped=True
i=12 pair=(6,3) lam_t=1.03571 lam_s=1.05000 tsr_diff=0.011868 integral_mean=0.002203 integral_std=0.022452 log_ratio=0.0000 accept=1.0000 swapped=True
i=13 pair=(0,4) lam_t=0.96429 lam_s=0.97857 tsr_diff=0.014342 integral_mean=0.000597 integral_std=0.027675 log_ratio=0.0000 accept=1.0000 swapped=True
i=13 pair=(5,2) lam_t=0.99286 lam_s=1.00714 tsr_diff=0.013574 integral_mean=0.003710 integral_std=0.060092 log_ratio=0.0000 accept=1.0000 swapped=True
i=13 pair=(7,3) lam_t=1.02143 lam_s=1.03571 tsr_diff=0.012866 integral_mean=-0.001102 integral_std=0.023109 log_ratio=-2.6450 accept=0.0710 swapped=False
i=14 pair=(1,4) lam_t=0.95000 lam_s=0.96429 tsr_diff=0.015346 integral_mean=0.000760 integral_std=0.061230 log_ratio=0.0000 accept=1.0000 swapped=True
i=14 pair=(0,2) lam_t=0.97857 lam_s=0.99286 tsr_diff=0.014482 integral_mean=-0.000406 integral_std=0.028940 log_ratio=-0.9744 accept=0.3774 swapped=True
i=14 pair=(5,7) lam_t=1.00714 lam_s=1.02143 tsr_diff=0.013689 integral_mean=0.023812 integral_std=0.192203 log_ratio=0.0000 accept=1.0000 swapped=True
i=14 pair=(3,6) lam_t=1.03571 lam_s=1.05000 tsr_diff=0.012959 integral_mean=-0.001614 integral_std=0.127909 log_ratio=-3.8736 accept=0.0208 swapped=False
Best Sample: 0 log probability -0.008
Saved 1 samples to: logs/pointmaze-giant-navigate-v0/inference/plans/release_H400_T256_LimitsNormalizer_b1_condFalse/2026-07-20 18:11:38/24/0.png
Saved 1 samples to: logs/pointmaze-giant-navigate-v0/inference/plans/release_H400_T256_LimitsNormalizer_b1_condFalse/2026-07-20 18:11:38/24/rollout.png
i=0 pair=(0,1) lam_t=0.95000 lam_s=0.96429 tsr_diff=0.000000 integral_mean=0.000000 integral_std=0.000000 log_ratio=0.0000 accept=1.0000 swapped=True
i=0 pair=(2,3) lam_t=0.97857 lam_s=0.99286 tsr_diff=0.000000 integral_mean=0.000000 integral_std=0.000000 log_ratio=0.0000 accept=1.0000 swapped=True
i=0 pair=(4,5) lam_t=1.00714 lam_s=1.02143 tsr_diff=0.000000 integral_mean=0.000000 integral_std=0.000000 log_ratio=0.0000 accept=1.0000 swapped=True
i=0 pair=(6,7) lam_t=1.03571 lam_s=1.05000 tsr_diff=0.000000 integral_mean=0.000000 integral_std=0.000000 log_ratio=0.0000 accept=1.0000 swapped=True
i=1 pair=(0,3) lam_t=0.96429 lam_s=0.97857 tsr_diff=0.000153 integral_mean=0.000000 integral_std=0.000133 log_ratio=0.0000 accept=1.0000 swapped=True
i=1 pair=(2,5) lam_t=0.99286 lam_s=1.00714 tsr_diff=0.000152 integral_mean=0.000000 integral_std=0.000141 log_ratio=0.0000 accept=1.0000 swapped=True
i=1 pair=(4,7) lam_t=1.02143 lam_s=1.03571 tsr_diff=0.000152 integral_mean=-0.000000 integral_std=0.000149 log_ratio=-0.0005 accept=0.9995 swapped=True
i=2 pair=(1,3) lam_t=0.95000 lam_s=0.96429 tsr_diff=0.000605 integral_mean=0.000001 integral_std=0.000576 log_ratio=0.0000 accept=1.0000 swapped=True
i=2 pair=(0,5) lam_t=0.97857 lam_s=0.99286 tsr_diff=0.000604 integral_mean=0.000072 integral_std=0.000649 log_ratio=0.0000 accept=1.0000 swapped=True
i=2 pair=(2,7) lam_t=1.00714 lam_s=1.02143 tsr_diff=0.000603 integral_mean=0.000011 integral_std=0.000588 log_ratio=0.0000 accept=1.0000 swapped=True
i=2 pair=(4,6) lam_t=1.03571 lam_s=1.05000 tsr_diff=0.000601 integral_mean=-0.000028 integral_std=0.000638 log_ratio=-0.0672 accept=0.9350 swapped=True
i=3 pair=(1,5) lam_t=0.96429 lam_s=0.97857 tsr_diff=0.001341 integral_mean=-0.000006 integral_std=0.001271 log_ratio=-0.0148 accept=0.9853 swapped=True
i=3 pair=(0,7) lam_t=0.99286 lam_s=1.00714 tsr_diff=0.001333 integral_mean=0.000165 integral_std=0.002281 log_ratio=0.0000 accept=1.0000 swapped=True
i=3 pair=(2,6) lam_t=1.02143 lam_s=1.03571 tsr_diff=0.001326 integral_mean=-0.000077 integral_std=0.001408 log_ratio=-0.1854 accept=0.8308 swapped=True
i=4 pair=(3,5) lam_t=0.95000 lam_s=0.96429 tsr_diff=0.002344 integral_mean=0.000044 integral_std=0.002314 log_ratio=0.0000 accept=1.0000 swapped=True
i=4 pair=(1,7) lam_t=0.97857 lam_s=0.99286 tsr_diff=0.002322 integral_mean=-0.001411 integral_std=0.005095 log_ratio=-3.3856 accept=0.0339 swapped=False
i=4 pair=(0,6) lam_t=1.00714 lam_s=1.02143 tsr_diff=0.002301 integral_mean=0.000033 integral_std=0.002396 log_ratio=0.0000 accept=1.0000 swapped=True
i=4 pair=(2,4) lam_t=1.03571 lam_s=1.05000 tsr_diff=0.002280 integral_mean=-0.000043 integral_std=0.002367 log_ratio=-0.1021 accept=0.9030 swapped=True
i=5 pair=(3,1) lam_t=0.96429 lam_s=0.97857 tsr_diff=0.003545 integral_mean=0.000045 integral_std=0.003164 log_ratio=0.0000 accept=1.0000 swapped=True
i=5 pair=(7,6) lam_t=0.99286 lam_s=1.00714 tsr_diff=0.003496 integral_mean=0.000170 integral_std=0.003563 log_ratio=0.0000 accept=1.0000 swapped=True
i=5 pair=(0,4) lam_t=1.02143 lam_s=1.03571 tsr_diff=0.003447 integral_mean=0.000015 integral_std=0.003273 log_ratio=0.0000 accept=1.0000 swapped=True
i=6 pair=(5,1) lam_t=0.95000 lam_s=0.96429 tsr_diff=0.004979 integral_mean=0.000000 integral_std=0.004501 log_ratio=0.0000 accept=1.0000 swapped=True
i=6 pair=(3,6) lam_t=0.97857 lam_s=0.99286 tsr_diff=0.004883 integral_mean=-0.000028 integral_std=0.004388 log_ratio=-0.0663 accept=0.9359 swapped=True
i=6 pair=(7,4) lam_t=1.00714 lam_s=1.02143 tsr_diff=0.004789 integral_mean=0.009066 integral_std=0.024809 log_ratio=0.0000 accept=1.0000 swapped=True
i=6 pair=(0,2) lam_t=1.03571 lam_s=1.05000 tsr_diff=0.004698 integral_mean=-0.000213 integral_std=0.004667 log_ratio=-0.5102 accept=0.6004 swapped=True
i=7 pair=(5,6) lam_t=0.96429 lam_s=0.97857 tsr_diff=0.006435 integral_mean=-0.000011 integral_std=0.006114 log_ratio=-0.0264 accept=0.9739 swapped=True
i=7 pair=(3,4) lam_t=0.99286 lam_s=1.00714 tsr_diff=0.006274 integral_mean=0.000029 integral_std=0.005681 log_ratio=0.0000 accept=1.0000 swapped=True
i=7 pair=(7,2) lam_t=1.02143 lam_s=1.03571 tsr_diff=0.006120 integral_mean=0.005356 integral_std=0.015455 log_ratio=0.0000 accept=1.0000 swapped=True
i=8 pair=(1,6) lam_t=0.95000 lam_s=0.96429 tsr_diff=0.008123 integral_mean=0.000201 integral_std=0.007129 log_ratio=0.0000 accept=1.0000 swapped=True
i=8 pair=(5,4) lam_t=0.97857 lam_s=0.99286 tsr_diff=0.007872 integral_mean=-0.000485 integral_std=0.008255 log_ratio=-1.1645 accept=0.3121 swapped=True
i=8 pair=(3,2) lam_t=1.00714 lam_s=1.02143 tsr_diff=0.007631 integral_mean=-0.000466 integral_std=0.007233 log_ratio=-1.1180 accept=0.3269 swapped=True
i=8 pair=(7,0) lam_t=1.03571 lam_s=1.05000 tsr_diff=0.007402 integral_mean=0.003255 integral_std=0.011117 log_ratio=0.0000 accept=1.0000 swapped=True
i=9 pair=(1,4) lam_t=0.96429 lam_s=0.97857 tsr_diff=0.009548 integral_mean=-0.000140 integral_std=0.009774 log_ratio=-0.3365 accept=0.7142 swapped=True
i=9 pair=(5,2) lam_t=0.99286 lam_s=1.00714 tsr_diff=0.009200 integral_mean=-0.000697 integral_std=0.009586 log_ratio=-1.6717 accept=0.1879 swapped=True
i=9 pair=(3,0) lam_t=1.02143 lam_s=1.03571 tsr_diff=0.008870 integral_mean=-0.000166 integral_std=0.008240 log_ratio=-0.3990 accept=0.6710 swapped=False
i=10 pair=(6,4) lam_t=0.95000 lam_s=0.96429 tsr_diff=0.011265 integral_mean=0.001366 integral_std=0.017259 log_ratio=0.0000 accept=1.0000 swapped=True
i=10 pair=(1,2) lam_t=0.97857 lam_s=0.99286 tsr_diff=0.010789 integral_mean=-0.000883 integral_std=0.013055 log_ratio=-2.1198 accept=0.1201 swapped=False
i=10 pair=(5,3) lam_t=1.00714 lam_s=1.02143 tsr_diff=0.010342 integral_mean=-0.000323 integral_std=0.009262 log_ratio=-0.7747 accept=0.4608 swapped=False
i=10 pair=(0,7) lam_t=1.03571 lam_s=1.05000 tsr_diff=0.009923 integral_mean=-0.001258 integral_std=0.010554 log_ratio=-3.0201 accept=0.0488 swapped=False
i=11 pair=(6,1) lam_t=0.96429 lam_s=0.97857 tsr_diff=0.012354 integral_mean=0.001604 integral_std=0.018098 log_ratio=0.0000 accept=1.0000 swapped=True
i=11 pair=(2,5) lam_t=0.99286 lam_s=1.00714 tsr_diff=0.011778 integral_mean=0.001889 integral_std=0.015127 log_ratio=0.0000 accept=1.0000 swapped=True
i=11 pair=(3,0) lam_t=1.02143 lam_s=1.03571 tsr_diff=0.011242 integral_mean=-0.000158 integral_std=0.010892 log_ratio=-0.3783 accept=0.6850 swapped=True
i=12 pair=(4,1) lam_t=0.95000 lam_s=0.96429 tsr_diff=0.013839 integral_mean=0.001195 integral_std=0.017723 log_ratio=0.0000 accept=1.0000 swapped=True
i=12 pair=(6,5) lam_t=0.97857 lam_s=0.99286 tsr_diff=0.013131 integral_mean=0.002849 integral_std=0.019599 log_ratio=0.0000 accept=1.0000 swapped=True
i=12 pair=(2,0) lam_t=1.00714 lam_s=1.02143 tsr_diff=0.012476 integral_mean=0.000694 integral_std=0.010623 log_ratio=0.0000 accept=1.0000 swapped=True
i=12 pair=(3,7) lam_t=1.03571 lam_s=1.05000 tsr_diff=0.011868 integral_mean=-0.001942 integral_std=0.014823 log_ratio=-4.6613 accept=0.0095 swapped=False
i=13 pair=(4,5) lam_t=0.96429 lam_s=0.97857 tsr_diff=0.014342 integral_mean=0.003252 integral_std=0.027353 log_ratio=0.0000 accept=1.0000 swapped=True
i=13 pair=(6,0) lam_t=0.99286 lam_s=1.00714 tsr_diff=0.013574 integral_mean=0.002502 integral_std=0.027922 log_ratio=0.0000 accept=1.0000 swapped=True
i=13 pair=(2,3) lam_t=1.02143 lam_s=1.03571 tsr_diff=0.012866 integral_mean=0.001861 integral_std=0.017369 log_ratio=0.0000 accept=1.0000 swapped=True
i=14 pair=(1,5) lam_t=0.95000 lam_s=0.96429 tsr_diff=0.015346 integral_mean=0.003630 integral_std=0.021001 log_ratio=0.0000 accept=1.0000 swapped=True
i=14 pair=(4,0) lam_t=0.97857 lam_s=0.99286 tsr_diff=0.014482 integral_mean=0.008472 integral_std=0.061820 log_ratio=0.0000 accept=1.0000 swapped=True
i=14 pair=(6,3) lam_t=1.00714 lam_s=1.02143 tsr_diff=0.013689 integral_mean=0.014529 integral_std=0.137062 log_ratio=0.0000 accept=1.0000 swapped=True
i=14 pair=(2,7) lam_t=1.03571 lam_s=1.05000 tsr_diff=0.012959 integral_mean=-0.012572 integral_std=0.173466 log_ratio=-30.1721 accept=0.0000 swapped=False
Best Sample: 1 log probability 0.000
Saved 1 samples to: logs/pointmaze-giant-navigate-v0/inference/plans/release_H400_T256_LimitsNormalizer_b1_condFalse/2026-07-20 18:11:38/25/0.png
Saved 1 samples to: logs/pointmaze-giant-navigate-v0/inference/plans/release_H400_T256_LimitsNormalizer_b1_condFalse/2026-07-20 18:11:38/25/rollout.png
i=0 pair=(0,1) lam_t=0.95000 lam_s=0.96429 tsr_diff=0.000000 integral_mean=0.000000 integral_std=0.000000 log_ratio=0.0000 accept=1.0000 swapped=True
i=0 pair=(2,3) lam_t=0.97857 lam_s=0.99286 tsr_diff=0.000000 integral_mean=0.000000 integral_std=0.000000 log_ratio=0.0000 accept=1.0000 swapped=True
i=0 pair=(4,5) lam_t=1.00714 lam_s=1.02143 tsr_diff=0.000000 integral_mean=0.000000 integral_std=0.000000 log_ratio=0.0000 accept=1.0000 swapped=True
i=0 pair=(6,7) lam_t=1.03571 lam_s=1.05000 tsr_diff=0.000000 integral_mean=0.000000 integral_std=0.000000 log_ratio=0.0000 accept=1.0000 swapped=True
i=1 pair=(0,3) lam_t=0.96429 lam_s=0.97857 tsr_diff=0.000153 integral_mean=-0.000006 integral_std=0.000149 log_ratio=-0.0148 accept=0.9853 swapped=True
i=1 pair=(2,5) lam_t=0.99286 lam_s=1.00714 tsr_diff=0.000152 integral_mean=-0.000002 integral_std=0.000161 log_ratio=-0.0051 accept=0.9949 swapped=True
i=1 pair=(4,7) lam_t=1.02143 lam_s=1.03571 tsr_diff=0.000152 integral_mean=0.000001 integral_std=0.000145 log_ratio=0.0000 accept=1.0000 swapped=True
i=2 pair=(1,3) lam_t=0.95000 lam_s=0.96429 tsr_diff=0.000605 integral_mean=-0.000013 integral_std=0.000593 log_ratio=-0.0310 accept=0.9695 swapped=True
i=2 pair=(0,5) lam_t=0.97857 lam_s=0.99286 tsr_diff=0.000604 integral_mean=0.000031 integral_std=0.000575 log_ratio=0.0000 accept=1.0000 swapped=True
i=2 pair=(2,7) lam_t=1.00714 lam_s=1.02143 tsr_diff=0.000603 integral_mean=-0.000003 integral_std=0.000583 log_ratio=-0.0072 accept=0.9928 swapped=True
i=2 pair=(4,6) lam_t=1.03571 lam_s=1.05000 tsr_diff=0.000601 integral_mean=0.000015 integral_std=0.000619 log_ratio=0.0000 accept=1.0000 swapped=True
i=3 pair=(1,5) lam_t=0.96429 lam_s=0.97857 tsr_diff=0.001341 integral_mean=0.000014 integral_std=0.001246 log_ratio=0.0000 accept=1.0000 swapped=True
i=3 pair=(0,7) lam_t=0.99286 lam_s=1.00714 tsr_diff=0.001333 integral_mean=0.000036 integral_std=0.001398 log_ratio=0.0000 accept=1.0000 swapped=True
i=3 pair=(2,6) lam_t=1.02143 lam_s=1.03571 tsr_diff=0.001326 integral_mean=-0.000030 integral_std=0.001253 log_ratio=-0.0725 accept=0.9301 swapped=True
i=4 pair=(3,5) lam_t=0.95000 lam_s=0.96429 tsr_diff=0.002344 integral_mean=0.000001 integral_std=0.002208 log_ratio=0.0000 accept=1.0000 swapped=True
i=4 pair=(1,7) lam_t=0.97857 lam_s=0.99286 tsr_diff=0.002322 integral_mean=-0.000015 integral_std=0.002186 log_ratio=-0.0355 accept=0.9651 swapped=True
i=4 pair=(0,6) lam_t=1.00714 lam_s=1.02143 tsr_diff=0.002301 integral_mean=0.000077 integral_std=0.002202 log_ratio=0.0000 accept=1.0000 swapped=True
i=4 pair=(2,4) lam_t=1.03571 lam_s=1.05000 tsr_diff=0.002280 integral_mean=-0.000118 integral_std=0.002349 log_ratio=-0.2826 accept=0.7538 swapped=True
i=5 pair=(3,7) lam_t=0.96429 lam_s=0.97857 tsr_diff=0.003545 integral_mean=-0.000006 integral_std=0.003170 log_ratio=-0.0147 accept=0.9854 swapped=True
i=5 pair=(1,6) lam_t=0.99286 lam_s=1.00714 tsr_diff=0.003496 integral_mean=0.000004 integral_std=0.003320 log_ratio=0.0000 accept=1.0000 swapped=True
i=5 pair=(0,4) lam_t=1.02143 lam_s=1.03571 tsr_diff=0.003447 integral_mean=-0.000075 integral_std=0.003580 log_ratio=-0.1802 accept=0.8351 swapped=True
i=6 pair=(5,7) lam_t=0.95000 lam_s=0.96429 tsr_diff=0.004979 integral_mean=-0.000029 integral_std=0.004663 log_ratio=-0.0706 accept=0.9318 swapped=True
i=6 pair=(3,6) lam_t=0.97857 lam_s=0.99286 tsr_diff=0.004883 integral_mean=-0.000197 integral_std=0.004725 log_ratio=-0.4717 accept=0.6239 swapped=False
i=6 pair=(1,4) lam_t=1.00714 lam_s=1.02143 tsr_diff=0.004789 integral_mean=-0.000218 integral_std=0.004914 log_ratio=-0.5231 accept=0.5927 swapped=True
i=6 pair=(0,2) lam_t=1.03571 lam_s=1.05000 tsr_diff=0.004698 integral_mean=0.000213 integral_std=0.004816 log_ratio=0.0000 accept=1.0000 swapped=True
i=7 pair=(5,3) lam_t=0.96429 lam_s=0.97857 tsr_diff=0.006435 integral_mean=-0.000077 integral_std=0.005380 log_ratio=-0.1840 accept=0.8319 swapped=True
i=7 pair=(6,4) lam_t=0.99286 lam_s=1.00714 tsr_diff=0.006274 integral_mean=-0.000041 integral_std=0.006342 log_ratio=-0.0984 accept=0.9063 swapped=True
i=7 pair=(1,2) lam_t=1.02143 lam_s=1.03571 tsr_diff=0.006120 integral_mean=0.000124 integral_std=0.005413 log_ratio=0.0000 accept=1.0000 swapped=True
i=8 pair=(7,3) lam_t=0.95000 lam_s=0.96429 tsr_diff=0.008123 integral_mean=-0.000344 integral_std=0.007169 log_ratio=-0.8250 accept=0.4382 swapped=False
i=8 pair=(5,4) lam_t=0.97857 lam_s=0.99286 tsr_diff=0.007872 integral_mean=-0.000932 integral_std=0.009185 log_ratio=-2.2361 accept=0.1069 swapped=False
i=8 pair=(6,2) lam_t=1.00714 lam_s=1.02143 tsr_diff=0.007631 integral_mean=0.000553 integral_std=0.007896 log_ratio=0.0000 accept=1.0000 swapped=True
i=8 pair=(1,0) lam_t=1.03571 lam_s=1.05000 tsr_diff=0.007402 integral_mean=-0.000507 integral_std=0.008156 log_ratio=-1.2166 accept=0.2962 swapped=False
i=9 pair=(3,5) lam_t=0.96429 lam_s=0.97857 tsr_diff=0.009548 integral_mean=0.000133 integral_std=0.007994 log_ratio=0.0000 accept=1.0000 swapped=True
i=9 pair=(4,2) lam_t=0.99286 lam_s=1.00714 tsr_diff=0.009200 integral_mean=0.000183 integral_std=0.012374 log_ratio=0.0000 accept=1.0000 swapped=True
i=9 pair=(6,1) lam_t=1.02143 lam_s=1.03571 tsr_diff=0.008870 integral_mean=0.000384 integral_std=0.008267 log_ratio=0.0000 accept=1.0000 swapped=True
i=10 pair=(7,5) lam_t=0.95000 lam_s=0.96429 tsr_diff=0.011265 integral_mean=-0.000048 integral_std=0.010327 log_ratio=-0.1149 accept=0.8915 swapped=True
i=10 pair=(3,2) lam_t=0.97857 lam_s=0.99286 tsr_diff=0.010789 integral_mean=0.000051 integral_std=0.009762 log_ratio=0.0000 accept=1.0000 swapped=True
i=10 pair=(4,1) lam_t=1.00714 lam_s=1.02143 tsr_diff=0.010342 integral_mean=0.001430 integral_std=0.012448 log_ratio=0.0000 accept=1.0000 swapped=True
i=10 pair=(6,0) lam_t=1.03571 lam_s=1.05000 tsr_diff=0.009923 integral_mean=-0.000479 integral_std=0.013245 log_ratio=-1.1496 accept=0.3168 swapped=True
i=11 pair=(7,2) lam_t=0.96429 lam_s=0.97857 tsr_diff=0.012354 integral_mean=-0.000037 integral_std=0.011942 log_ratio=-0.0888 accept=0.9150 swapped=True
i=11 pair=(3,1) lam_t=0.99286 lam_s=1.00714 tsr_diff=0.011778 integral_mean=0.000706 integral_std=0.010421 log_ratio=0.0000 accept=1.0000 swapped=True
i=11 pair=(4,0) lam_t=1.02143 lam_s=1.03571 tsr_diff=0.011242 integral_mean=0.002519 integral_std=0.028607 log_ratio=0.0000 accept=1.0000 swapped=True
i=12 pair=(5,2) lam_t=0.95000 lam_s=0.96429 tsr_diff=0.013839 integral_mean=-0.000365 integral_std=0.010304 log_ratio=-0.8768 accept=0.4161 swapped=False
i=12 pair=(7,1) lam_t=0.97857 lam_s=0.99286 tsr_diff=0.013131 integral_mean=0.000493 integral_std=0.012631 log_ratio=0.0000 accept=1.0000 swapped=True
i=12 pair=(3,0) lam_t=1.00714 lam_s=1.02143 tsr_diff=0.012476 integral_mean=0.000592 integral_std=0.023082 log_ratio=0.0000 accept=1.0000 swapped=True
i=12 pair=(4,6) lam_t=1.03571 lam_s=1.05000 tsr_diff=0.011868 integral_mean=0.001850 integral_std=0.026305 log_ratio=0.0000 accept=1.0000 swapped=True
i=13 pair=(2,1) lam_t=0.96429 lam_s=0.97857 tsr_diff=0.014342 integral_mean=0.001266 integral_std=0.013136 log_ratio=0.0000 accept=1.0000 swapped=True
i=13 pair=(7,0) lam_t=0.99286 lam_s=1.00714 tsr_diff=0.013574 integral_mean=0.000438 integral_std=0.016751 log_ratio=0.0000 accept=1.0000 swapped=True
i=13 pair=(3,6) lam_t=1.02143 lam_s=1.03571 tsr_diff=0.012866 integral_mean=-0.001309 integral_std=0.019841 log_ratio=-3.1411 accept=0.0432 swapped=False
i=14 pair=(5,1) lam_t=0.95000 lam_s=0.96429 tsr_diff=0.015346 integral_mean=0.000852 integral_std=0.011079 log_ratio=0.0000 accept=1.0000 swapped=True
i=14 pair=(2,0) lam_t=0.97857 lam_s=0.99286 tsr_diff=0.014482 integral_mean=0.007999 integral_std=0.058493 log_ratio=0.0000 accept=1.0000 swapped=True
i=14 pair=(7,3) lam_t=1.00714 lam_s=1.02143 tsr_diff=0.013689 integral_mean=-0.004571 integral_std=0.059987 log_ratio=-10.9703 accept=0.0000 swapped=False
i=14 pair=(6,4) lam_t=1.03571 lam_s=1.05000 tsr_diff=0.012959 integral_mean=-0.017132 integral_std=0.190492 log_ratio=-41.1157 accept=0.0000 swapped=False
Best Sample: 1 log probability -0.001
Saved 1 samples to: logs/pointmaze-giant-navigate-v0/inference/plans/release_H400_T256_LimitsNormalizer_b1_condFalse/2026-07-20 18:11:38/26/0.png
Saved 1 samples to: logs/pointmaze-giant-navigate-v0/inference/plans/release_H400_T256_LimitsNormalizer_b1_condFalse/2026-07-20 18:11:38/26/rollout.png
i=0 pair=(0,1) lam_t=0.95000 lam_s=0.96429 tsr_diff=0.000000 integral_mean=0.000000 integral_std=0.000000 log_ratio=0.0000 accept=1.0000 swapped=True
i=0 pair=(2,3) lam_t=0.97857 lam_s=0.99286 tsr_diff=0.000000 integral_mean=0.000000 integral_std=0.000000 log_ratio=0.0000 accept=1.0000 swapped=True
i=0 pair=(4,5) lam_t=1.00714 lam_s=1.02143 tsr_diff=0.000000 integral_mean=0.000000 integral_std=0.000000 log_ratio=0.0000 accept=1.0000 swapped=True
i=0 pair=(6,7) lam_t=1.03571 lam_s=1.05000 tsr_diff=0.000000 integral_mean=0.000000 integral_std=0.000000 log_ratio=0.0000 accept=1.0000 swapped=True
i=1 pair=(0,3) lam_t=0.96429 lam_s=0.97857 tsr_diff=0.000153 integral_mean=-0.000012 integral_std=0.000168 log_ratio=-0.0285 accept=0.9719 swapped=True
i=1 pair=(2,5) lam_t=0.99286 lam_s=1.00714 tsr_diff=0.000152 integral_mean=-0.000001 integral_std=0.000155 log_ratio=-0.0015 accept=0.9985 swapped=True
i=1 pair=(4,7) lam_t=1.02143 lam_s=1.03571 tsr_diff=0.000152 integral_mean=-0.000000 integral_std=0.000162 log_ratio=-0.0010 accept=0.9990 swapped=True
i=2 pair=(1,3) lam_t=0.95000 lam_s=0.96429 tsr_diff=0.000605 integral_mean=-0.000056 integral_std=0.000673 log_ratio=-0.1336 accept=0.8750 swapped=True
i=2 pair=(0,5) lam_t=0.97857 lam_s=0.99286 tsr_diff=0.000604 integral_mean=0.000002 integral_std=0.000610 log_ratio=0.0000 accept=1.0000 swapped=True
i=2 pair=(2,7) lam_t=1.00714 lam_s=1.02143 tsr_diff=0.000603 integral_mean=0.000002 integral_std=0.000603 log_ratio=0.0000 accept=1.0000 swapped=True
i=2 pair=(4,6) lam_t=1.03571 lam_s=1.05000 tsr_diff=0.000601 integral_mean=0.000023 integral_std=0.000617 log_ratio=0.0000 accept=1.0000 swapped=True
i=3 pair=(1,5) lam_t=0.96429 lam_s=0.97857 tsr_diff=0.001341 integral_mean=-0.000018 integral_std=0.001344 log_ratio=-0.0420 accept=0.9588 swapped=True
i=3 pair=(0,7) lam_t=0.99286 lam_s=1.00714 tsr_diff=0.001333 integral_mean=0.000027 integral_std=0.001301 log_ratio=0.0000 accept=1.0000 swapped=True
i=3 pair=(2,6) lam_t=1.02143 lam_s=1.03571 tsr_diff=0.001326 integral_mean=-0.000273 integral_std=0.001668 log_ratio=-0.6562 accept=0.5188 swapped=False
i=4 pair=(3,5) lam_t=0.95000 lam_s=0.96429 tsr_diff=0.002344 integral_mean=0.001125 integral_std=0.004465 log_ratio=0.0000 accept=1.0000 swapped=True
i=4 pair=(1,7) lam_t=0.97857 lam_s=0.99286 tsr_diff=0.002322 integral_mean=0.000262 integral_std=0.002302 log_ratio=0.0000 accept=1.0000 swapped=True
i=4 pair=(0,2) lam_t=1.00714 lam_s=1.02143 tsr_diff=0.002301 integral_mean=-0.000019 integral_std=0.002087 log_ratio=-0.0463 accept=0.9547 swapped=True
i=4 pair=(6,4) lam_t=1.03571 lam_s=1.05000 tsr_diff=0.002280 integral_mean=0.000384 integral_std=0.002730 log_ratio=0.0000 accept=1.0000 swapped=True
i=5 pair=(3,7) lam_t=0.96429 lam_s=0.97857 tsr_diff=0.003545 integral_mean=0.000645 integral_std=0.004536 log_ratio=0.0000 accept=1.0000 swapped=True
i=5 pair=(1,2) lam_t=0.99286 lam_s=1.00714 tsr_diff=0.003496 integral_mean=0.000157 integral_std=0.003252 log_ratio=0.0000 accept=1.0000 swapped=True
i=5 pair=(0,4) lam_t=1.02143 lam_s=1.03571 tsr_diff=0.003447 integral_mean=-0.000115 integral_std=0.003321 log_ratio=-0.2748 accept=0.7597 swapped=True
i=6 pair=(5,7) lam_t=0.95000 lam_s=0.96429 tsr_diff=0.004979 integral_mean=0.000066 integral_std=0.005034 log_ratio=0.0000 accept=1.0000 swapped=True
i=6 pair=(3,2) lam_t=0.97857 lam_s=0.99286 tsr_diff=0.004883 integral_mean=0.000517 integral_std=0.004809 log_ratio=0.0000 accept=1.0000 swapped=True
i=6 pair=(1,4) lam_t=1.00714 lam_s=1.02143 tsr_diff=0.004789 integral_mean=-0.000000 integral_std=0.004295 log_ratio=-0.0004 accept=0.9996 swapped=True
i=6 pair=(0,6) lam_t=1.03571 lam_s=1.05000 tsr_diff=0.004698 integral_mean=-0.000002 integral_std=0.004450 log_ratio=-0.0058 accept=0.9942 swapped=True
i=7 pair=(5,2) lam_t=0.96429 lam_s=0.97857 tsr_diff=0.006435 integral_mean=0.000027 integral_std=0.005314 log_ratio=0.0000 accept=1.0000 swapped=True
i=7 pair=(3,4) lam_t=0.99286 lam_s=1.00714 tsr_diff=0.006274 integral_mean=0.000244 integral_std=0.006469 log_ratio=0.0000 accept=1.0000 swapped=True
i=7 pair=(1,6) lam_t=1.02143 lam_s=1.03571 tsr_diff=0.006120 integral_mean=-0.000168 integral_std=0.005550 log_ratio=-0.4023 accept=0.6688 swapped=True
i=8 pair=(7,2) lam_t=0.95000 lam_s=0.96429 tsr_diff=0.008123 integral_mean=0.000365 integral_std=0.007532 log_ratio=0.0000 accept=1.0000 swapped=True
i=8 pair=(5,4) lam_t=0.97857 lam_s=0.99286 tsr_diff=0.007872 integral_mean=0.000216 integral_std=0.006129 log_ratio=0.0000 accept=1.0000 swapped=True
i=8 pair=(3,6) lam_t=1.00714 lam_s=1.02143 tsr_diff=0.007631 integral_mean=-0.000239 integral_std=0.007735 log_ratio=-0.5736 accept=0.5635 swapped=False
i=8 pair=(1,0) lam_t=1.03571 lam_s=1.05000 tsr_diff=0.007402 integral_mean=-0.000275 integral_std=0.006898 log_ratio=-0.6589 accept=0.5174 swapped=False
i=9 pair=(7,4) lam_t=0.96429 lam_s=0.97857 tsr_diff=0.009548 integral_mean=0.000309 integral_std=0.009652 log_ratio=0.0000 accept=1.0000 swapped=True
i=9 pair=(5,3) lam_t=0.99286 lam_s=1.00714 tsr_diff=0.009200 integral_mean=0.000191 integral_std=0.008305 log_ratio=0.0000 accept=1.0000 swapped=True
i=9 pair=(6,1) lam_t=1.02143 lam_s=1.03571 tsr_diff=0.008870 integral_mean=0.000777 integral_std=0.008331 log_ratio=0.0000 accept=1.0000 swapped=True
i=10 pair=(2,4) lam_t=0.95000 lam_s=0.96429 tsr_diff=0.011265 integral_mean=-0.000039 integral_std=0.008410 log_ratio=-0.0931 accept=0.9111 swapped=True
i=10 pair=(7,3) lam_t=0.97857 lam_s=0.99286 tsr_diff=0.010789 integral_mean=0.000407 integral_std=0.009617 log_ratio=0.0000 accept=1.0000 swapped=True
i=10 pair=(5,1) lam_t=1.00714 lam_s=1.02143 tsr_diff=0.010342 integral_mean=0.000101 integral_std=0.009084 log_ratio=0.0000 accept=1.0000 swapped=True
i=10 pair=(6,0) lam_t=1.03571 lam_s=1.05000 tsr_diff=0.009923 integral_mean=0.001218 integral_std=0.013893 log_ratio=0.0000 accept=1.0000 swapped=True
i=11 pair=(2,3) lam_t=0.96429 lam_s=0.97857 tsr_diff=0.012354 integral_mean=-0.000122 integral_std=0.011656 log_ratio=-0.2918 accept=0.7469 swapped=True
i=11 pair=(7,1) lam_t=0.99286 lam_s=1.00714 tsr_diff=0.011778 integral_mean=0.001047 integral_std=0.015480 log_ratio=0.0000 accept=1.0000 swapped=True
i=11 pair=(5,0) lam_t=1.02143 lam_s=1.03571 tsr_diff=0.011242 integral_mean=-0.000412 integral_std=0.011709 log_ratio=-0.9895 accept=0.3718 swapped=False
i=12 pair=(4,3) lam_t=0.95000 lam_s=0.96429 tsr_diff=0.013839 integral_mean=0.000164 integral_std=0.014230 log_ratio=0.0000 accept=1.0000 swapped=True
i=12 pair=(2,1) lam_t=0.97857 lam_s=0.99286 tsr_diff=0.013131 integral_mean=0.000827 integral_std=0.012378 log_ratio=0.0000 accept=1.0000 swapped=True
i=12 pair=(7,5) lam_t=1.00714 lam_s=1.02143 tsr_diff=0.012476 integral_mean=0.001859 integral_std=0.019342 log_ratio=0.0000 accept=1.0000 swapped=True
i=12 pair=(0,6) lam_t=1.03571 lam_s=1.05000 tsr_diff=0.011868 integral_mean=0.000901 integral_std=0.013377 log_ratio=0.0000 accept=1.0000 swapped=True
i=13 pair=(4,1) lam_t=0.96429 lam_s=0.97857 tsr_diff=0.014342 integral_mean=0.000804 integral_std=0.018792 log_ratio=0.0000 accept=1.0000 swapped=True
i=13 pair=(2,5) lam_t=0.99286 lam_s=1.00714 tsr_diff=0.013574 integral_mean=0.000216 integral_std=0.007573 log_ratio=0.0000 accept=1.0000 swapped=True
i=13 pair=(7,6) lam_t=1.02143 lam_s=1.03571 tsr_diff=0.012866 integral_mean=0.002679 integral_std=0.028426 log_ratio=0.0000 accept=1.0000 swapped=True
i=14 pair=(3,1) lam_t=0.95000 lam_s=0.96429 tsr_diff=0.015346 integral_mean=0.000765 integral_std=0.039700 log_ratio=0.0000 accept=1.0000 swapped=True
i=14 pair=(4,5) lam_t=0.97857 lam_s=0.99286 tsr_diff=0.014482 integral_mean=-0.001332 integral_std=0.015467 log_ratio=-3.1959 accept=0.0409 swapped=False
i=14 pair=(2,6) lam_t=1.00714 lam_s=1.02143 tsr_diff=0.013689 integral_mean=-0.002087 integral_std=0.019145 log_ratio=-5.0095 accept=0.0067 swapped=False
i=14 pair=(7,0) lam_t=1.03571 lam_s=1.05000 tsr_diff=0.012959 integral_mean=0.000352 integral_std=0.166320 log_ratio=0.0000 accept=1.0000 swapped=True
Best Sample: 4 log probability 0.000
Saved 1 samples to: logs/pointmaze-giant-navigate-v0/inference/plans/release_H400_T256_LimitsNormalizer_b1_condFalse/2026-07-20 18:11:38/27/0.png
Saved 1 samples to: logs/pointmaze-giant-navigate-v0/inference/plans/release_H400_T256_LimitsNormalizer_b1_condFalse/2026-07-20 18:11:38/27/rollout.png
i=0 pair=(0,1) lam_t=0.95000 lam_s=0.96429 tsr_diff=0.000000 integral_mean=0.000000 integral_std=0.000000 log_ratio=0.0000 accept=1.0000 swapped=True
i=0 pair=(2,3) lam_t=0.97857 lam_s=0.99286 tsr_diff=0.000000 integral_mean=0.000000 integral_std=0.000000 log_ratio=0.0000 accept=1.0000 swapped=True
i=0 pair=(4,5) lam_t=1.00714 lam_s=1.02143 tsr_diff=0.000000 integral_mean=0.000000 integral_std=0.000000 log_ratio=0.0000 accept=1.0000 swapped=True
i=0 pair=(6,7) lam_t=1.03571 lam_s=1.05000 tsr_diff=0.000000 integral_mean=0.000000 integral_std=0.000000 log_ratio=0.0000 accept=1.0000 swapped=True
i=1 pair=(0,3) lam_t=0.96429 lam_s=0.97857 tsr_diff=0.000153 integral_mean=0.000007 integral_std=0.000164 log_ratio=0.0000 accept=1.0000 swapped=True
i=1 pair=(2,5) lam_t=0.99286 lam_s=1.00714 tsr_diff=0.000152 integral_mean=0.000011 integral_std=0.000167 log_ratio=0.0000 accept=1.0000 swapped=True
i=1 pair=(4,7) lam_t=1.02143 lam_s=1.03571 tsr_diff=0.000152 integral_mean=-0.000000 integral_std=0.000149 log_ratio=-0.0011 accept=0.9989 swapped=True
i=2 pair=(1,3) lam_t=0.95000 lam_s=0.96429 tsr_diff=0.000605 integral_mean=0.000005 integral_std=0.000607 log_ratio=0.0000 accept=1.0000 swapped=True
i=2 pair=(0,5) lam_t=0.97857 lam_s=0.99286 tsr_diff=0.000604 integral_mean=0.000048 integral_std=0.000647 log_ratio=0.0000 accept=1.0000 swapped=True
i=2 pair=(2,7) lam_t=1.00714 lam_s=1.02143 tsr_diff=0.000603 integral_mean=0.000279 integral_std=0.001196 log_ratio=0.0000 accept=1.0000 swapped=True
i=2 pair=(4,6) lam_t=1.03571 lam_s=1.05000 tsr_diff=0.000601 integral_mean=-0.000020 integral_std=0.000643 log_ratio=-0.0481 accept=0.9530 swapped=True
i=3 pair=(1,5) lam_t=0.96429 lam_s=0.97857 tsr_diff=0.001341 integral_mean=-0.000002 integral_std=0.001263 log_ratio=-0.0037 accept=0.9964 swapped=True
i=3 pair=(0,7) lam_t=0.99286 lam_s=1.00714 tsr_diff=0.001333 integral_mean=0.000555 integral_std=0.001977 log_ratio=0.0000 accept=1.0000 swapped=True
i=3 pair=(2,6) lam_t=1.02143 lam_s=1.03571 tsr_diff=0.001326 integral_mean=0.000314 integral_std=0.001874 log_ratio=0.0000 accept=1.0000 swapped=True
i=4 pair=(3,5) lam_t=0.95000 lam_s=0.96429 tsr_diff=0.002344 integral_mean=0.000107 integral_std=0.002127 log_ratio=0.0000 accept=1.0000 swapped=True
i=4 pair=(1,7) lam_t=0.97857 lam_s=0.99286 tsr_diff=0.002322 integral_mean=-0.000002 integral_std=0.002238 log_ratio=-0.0052 accept=0.9948 swapped=True
i=4 pair=(0,6) lam_t=1.00714 lam_s=1.02143 tsr_diff=0.002301 integral_mean=0.000470 integral_std=0.002763 log_ratio=0.0000 accept=1.0000 swapped=True
i=4 pair=(2,4) lam_t=1.03571 lam_s=1.05000 tsr_diff=0.002280 integral_mean=0.000036 integral_std=0.002683 log_ratio=0.0000 accept=1.0000 swapped=True
i=5 pair=(3,7) lam_t=0.96429 lam_s=0.97857 tsr_diff=0.003545 integral_mean=-0.000028 integral_std=0.003257 log_ratio=-0.0682 accept=0.9341 swapped=True
i=5 pair=(1,6) lam_t=0.99286 lam_s=1.00714 tsr_diff=0.003496 integral_mean=0.000341 integral_std=0.003847 log_ratio=0.0000 accept=1.0000 swapped=True
i=5 pair=(0,4) lam_t=1.02143 lam_s=1.03571 tsr_diff=0.003447 integral_mean=0.000236 integral_std=0.003665 log_ratio=0.0000 accept=1.0000 swapped=True
i=6 pair=(5,7) lam_t=0.95000 lam_s=0.96429 tsr_diff=0.004979 integral_mean=0.000050 integral_std=0.004246 log_ratio=0.0000 accept=1.0000 swapped=True
i=6 pair=(3,6) lam_t=0.97857 lam_s=0.99286 tsr_diff=0.004883 integral_mean=-0.000002 integral_std=0.004548 log_ratio=-0.0036 accept=0.9964 swapped=True
i=6 pair=(1,4) lam_t=1.00714 lam_s=1.02143 tsr_diff=0.004789 integral_mean=0.000168 integral_std=0.004708 log_ratio=0.0000 accept=1.0000 swapped=True
i=6 pair=(0,2) lam_t=1.03571 lam_s=1.05000 tsr_diff=0.004698 integral_mean=0.000089 integral_std=0.004993 log_ratio=0.0000 accept=1.0000 swapped=True
i=7 pair=(5,6) lam_t=0.96429 lam_s=0.97857 tsr_diff=0.006435 integral_mean=0.000047 integral_std=0.006049 log_ratio=0.0000 accept=1.0000 swapped=True
i=7 pair=(3,4) lam_t=0.99286 lam_s=1.00714 tsr_diff=0.006274 integral_mean=-0.000271 integral_std=0.006055 log_ratio=-0.6494 accept=0.5224 swapped=True
i=7 pair=(1,2) lam_t=1.02143 lam_s=1.03571 tsr_diff=0.006120 integral_mean=0.000200 integral_std=0.007031 log_ratio=0.0000 accept=1.0000 swapped=True
i=8 pair=(7,6) lam_t=0.95000 lam_s=0.96429 tsr_diff=0.008123 integral_mean=0.000256 integral_std=0.007711 log_ratio=0.0000 accept=1.0000 swapped=True
i=8 pair=(5,4) lam_t=0.97857 lam_s=0.99286 tsr_diff=0.007872 integral_mean=0.000021 integral_std=0.008296 log_ratio=0.0000 accept=1.0000 swapped=True
i=8 pair=(3,2) lam_t=1.00714 lam_s=1.02143 tsr_diff=0.007631 integral_mean=-0.000708 integral_std=0.007927 log_ratio=-1.6998 accept=0.1827 swapped=False
i=8 pair=(1,0) lam_t=1.03571 lam_s=1.05000 tsr_diff=0.007402 integral_mean=0.000128 integral_std=0.007506 log_ratio=0.0000 accept=1.0000 swapped=True
i=9 pair=(7,4) lam_t=0.96429 lam_s=0.97857 tsr_diff=0.009548 integral_mean=0.000179 integral_std=0.009628 log_ratio=0.0000 accept=1.0000 swapped=True
i=9 pair=(5,3) lam_t=0.99286 lam_s=1.00714 tsr_diff=0.009200 integral_mean=-0.000065 integral_std=0.007307 log_ratio=-0.1568 accept=0.8549 swapped=True
i=9 pair=(2,0) lam_t=1.02143 lam_s=1.03571 tsr_diff=0.008870 integral_mean=0.000693 integral_std=0.009806 log_ratio=0.0000 accept=1.0000 swapped=True
i=10 pair=(6,4) lam_t=0.95000 lam_s=0.96429 tsr_diff=0.011265 integral_mean=0.000122 integral_std=0.012192 log_ratio=0.0000 accept=1.0000 swapped=True
i=10 pair=(7,3) lam_t=0.97857 lam_s=0.99286 tsr_diff=0.010789 integral_mean=-0.000251 integral_std=0.007801 log_ratio=-0.6015 accept=0.5480 swapped=False
i=10 pair=(5,0) lam_t=1.00714 lam_s=1.02143 tsr_diff=0.010342 integral_mean=-0.000310 integral_std=0.009998 log_ratio=-0.7441 accept=0.4752 swapped=False
i=10 pair=(2,1) lam_t=1.03571 lam_s=1.05000 tsr_diff=0.009923 integral_mean=0.000641 integral_std=0.014554 log_ratio=0.0000 accept=1.0000 swapped=True
i=11 pair=(6,7) lam_t=0.96429 lam_s=0.97857 tsr_diff=0.012354 integral_mean=0.000573 integral_std=0.013650 log_ratio=0.0000 accept=1.0000 swapped=True
i=11 pair=(3,5) lam_t=0.99286 lam_s=1.00714 tsr_diff=0.011778 integral_mean=0.000138 integral_std=0.007931 log_ratio=0.0000 accept=1.0000 swapped=True
i=11 pair=(0,1) lam_t=1.02143 lam_s=1.03571 tsr_diff=0.011242 integral_mean=-0.000309 integral_std=0.014185 log_ratio=-0.7416 accept=0.4764 swapped=False
i=12 pair=(4,7) lam_t=0.95000 lam_s=0.96429 tsr_diff=0.013839 integral_mean=0.001162 integral_std=0.028110 log_ratio=0.0000 accept=1.0000 swapped=True
i=12 pair=(6,5) lam_t=0.97857 lam_s=0.99286 tsr_diff=0.013131 integral_mean=0.000601 integral_std=0.013784 log_ratio=0.0000 accept=1.0000 swapped=True
i=12 pair=(3,0) lam_t=1.00714 lam_s=1.02143 tsr_diff=0.012476 integral_mean=-0.000598 integral_std=0.013802 log_ratio=-1.4346 accept=0.2382 swapped=False
i=12 pair=(1,2) lam_t=1.03571 lam_s=1.05000 tsr_diff=0.011868 integral_mean=0.002810 integral_std=0.021600 log_ratio=0.0000 accept=1.0000 swapped=True
i=13 pair=(4,5) lam_t=0.96429 lam_s=0.97857 tsr_diff=0.014342 integral_mean=0.000837 integral_std=0.026137 log_ratio=0.0000 accept=1.0000 swapped=True
i=13 pair=(6,3) lam_t=0.99286 lam_s=1.00714 tsr_diff=0.013574 integral_mean=0.001076 integral_std=0.016233 log_ratio=0.0000 accept=1.0000 swapped=True
i=13 pair=(0,2) lam_t=1.02143 lam_s=1.03571 tsr_diff=0.012866 integral_mean=0.000015 integral_std=0.026641 log_ratio=0.0000 accept=1.0000 swapped=True
i=14 pair=(7,5) lam_t=0.95000 lam_s=0.96429 tsr_diff=0.015346 integral_mean=0.001066 integral_std=0.010897 log_ratio=0.0000 accept=1.0000 swapped=True
i=14 pair=(4,3) lam_t=0.97857 lam_s=0.99286 tsr_diff=0.014482 integral_mean=0.002936 integral_std=0.060956 log_ratio=0.0000 accept=1.0000 swapped=True
i=14 pair=(6,2) lam_t=1.00714 lam_s=1.02143 tsr_diff=0.013689 integral_mean=-0.002787 integral_std=0.048085 log_ratio=-6.6895 accept=0.0012 swapped=False
i=14 pair=(0,1) lam_t=1.03571 lam_s=1.05000 tsr_diff=0.012959 integral_mean=-0.005714 integral_std=0.124040 log_ratio=-13.7130 accept=0.0000 swapped=False
Best Sample: 5 log probability -0.001
Saved 1 samples to: logs/pointmaze-giant-navigate-v0/inference/plans/release_H400_T256_LimitsNormalizer_b1_condFalse/2026-07-20 18:11:38/28/0.png
Saved 1 samples to: logs/pointmaze-giant-navigate-v0/inference/plans/release_H400_T256_LimitsNormalizer_b1_condFalse/2026-07-20 18:11:38/28/rollout.png
i=0 pair=(0,1) lam_t=0.95000 lam_s=0.96429 tsr_diff=0.000000 integral_mean=0.000000 integral_std=0.000000 log_ratio=0.0000 accept=1.0000 swapped=True
i=0 pair=(2,3) lam_t=0.97857 lam_s=0.99286 tsr_diff=0.000000 integral_mean=0.000000 integral_std=0.000000 log_ratio=0.0000 accept=1.0000 swapped=True
i=0 pair=(4,5) lam_t=1.00714 lam_s=1.02143 tsr_diff=0.000000 integral_mean=0.000000 integral_std=0.000000 log_ratio=0.0000 accept=1.0000 swapped=True
i=0 pair=(6,7) lam_t=1.03571 lam_s=1.05000 tsr_diff=0.000000 integral_mean=0.000000 integral_std=0.000000 log_ratio=0.0000 accept=1.0000 swapped=True
i=1 pair=(0,3) lam_t=0.96429 lam_s=0.97857 tsr_diff=0.000153 integral_mean=-0.000000 integral_std=0.000141 log_ratio=-0.0012 accept=0.9988 swapped=True
i=1 pair=(2,5) lam_t=0.99286 lam_s=1.00714 tsr_diff=0.000152 integral_mean=0.000003 integral_std=0.000151 log_ratio=0.0000 accept=1.0000 swapped=True
i=1 pair=(4,7) lam_t=1.02143 lam_s=1.03571 tsr_diff=0.000152 integral_mean=-0.000025 integral_std=0.000174 log_ratio=-0.0605 accept=0.9413 swapped=True
i=2 pair=(1,3) lam_t=0.95000 lam_s=0.96429 tsr_diff=0.000605 integral_mean=-0.000009 integral_std=0.000580 log_ratio=-0.0205 accept=0.9797 swapped=True
i=2 pair=(0,5) lam_t=0.97857 lam_s=0.99286 tsr_diff=0.000604 integral_mean=-0.000002 integral_std=0.000580 log_ratio=-0.0045 accept=0.9955 swapped=True
i=2 pair=(2,7) lam_t=1.00714 lam_s=1.02143 tsr_diff=0.000603 integral_mean=0.000009 integral_std=0.000619 log_ratio=0.0000 accept=1.0000 swapped=True
i=2 pair=(4,6) lam_t=1.03571 lam_s=1.05000 tsr_diff=0.000601 integral_mean=0.000032 integral_std=0.000626 log_ratio=0.0000 accept=1.0000 swapped=True
i=3 pair=(1,5) lam_t=0.96429 lam_s=0.97857 tsr_diff=0.001341 integral_mean=-0.000020 integral_std=0.001360 log_ratio=-0.0487 accept=0.9525 swapped=True
i=3 pair=(0,7) lam_t=0.99286 lam_s=1.00714 tsr_diff=0.001333 integral_mean=0.000095 integral_std=0.001644 log_ratio=0.0000 accept=1.0000 swapped=True
i=3 pair=(2,6) lam_t=1.02143 lam_s=1.03571 tsr_diff=0.001326 integral_mean=-0.000001 integral_std=0.001269 log_ratio=-0.0014 accept=0.9986 swapped=True
i=4 pair=(3,5) lam_t=0.95000 lam_s=0.96429 tsr_diff=0.002344 integral_mean=0.000045 integral_std=0.002071 log_ratio=0.0000 accept=1.0000 swapped=True
i=4 pair=(1,7) lam_t=0.97857 lam_s=0.99286 tsr_diff=0.002322 integral_mean=-0.000226 integral_std=0.002441 log_ratio=-0.5416 accept=0.5818 swapped=False
i=4 pair=(0,6) lam_t=1.00714 lam_s=1.02143 tsr_diff=0.002301 integral_mean=0.000081 integral_std=0.002281 log_ratio=0.0000 accept=1.0000 swapped=True
i=4 pair=(2,4) lam_t=1.03571 lam_s=1.05000 tsr_diff=0.002280 integral_mean=-0.000039 integral_std=0.002317 log_ratio=-0.0935 accept=0.9107 swapped=True
i=5 pair=(3,1) lam_t=0.96429 lam_s=0.97857 tsr_diff=0.003545 integral_mean=-0.000011 integral_std=0.003158 log_ratio=-0.0269 accept=0.9734 swapped=False
i=5 pair=(7,6) lam_t=0.99286 lam_s=1.00714 tsr_diff=0.003496 integral_mean=0.000183 integral_std=0.003530 log_ratio=0.0000 accept=1.0000 swapped=True
i=5 pair=(0,4) lam_t=1.02143 lam_s=1.03571 tsr_diff=0.003447 integral_mean=-0.000045 integral_std=0.003411 log_ratio=-0.1080 accept=0.8976 swapped=True
i=6 pair=(5,3) lam_t=0.95000 lam_s=0.96429 tsr_diff=0.004979 integral_mean=-0.000268 integral_std=0.004670 log_ratio=-0.6428 accept=0.5258 swapped=True
i=6 pair=(1,6) lam_t=0.97857 lam_s=0.99286 tsr_diff=0.004883 integral_mean=0.000001 integral_std=0.004248 log_ratio=0.0000 accept=1.0000 swapped=True
i=6 pair=(7,4) lam_t=1.00714 lam_s=1.02143 tsr_diff=0.004789 integral_mean=0.000150 integral_std=0.004714 log_ratio=0.0000 accept=1.0000 swapped=True
i=6 pair=(0,2) lam_t=1.03571 lam_s=1.05000 tsr_diff=0.004698 integral_mean=-0.000184 integral_std=0.004552 log_ratio=-0.4425 accept=0.6424 swapped=False
i=7 pair=(5,6) lam_t=0.96429 lam_s=0.97857 tsr_diff=0.006435 integral_mean=0.000185 integral_std=0.005958 log_ratio=0.0000 accept=1.0000 swapped=True
i=7 pair=(1,4) lam_t=0.99286 lam_s=1.00714 tsr_diff=0.006274 integral_mean=-0.000144 integral_std=0.005743 log_ratio=-0.3467 accept=0.7070 swapped=True
i=7 pair=(7,0) lam_t=1.02143 lam_s=1.03571 tsr_diff=0.006120 integral_mean=0.000239 integral_std=0.006454 log_ratio=0.0000 accept=1.0000 swapped=True
i=8 pair=(3,6) lam_t=0.95000 lam_s=0.96429 tsr_diff=0.008123 integral_mean=0.000034 integral_std=0.006525 log_ratio=0.0000 accept=1.0000 swapped=True
i=8 pair=(5,4) lam_t=0.97857 lam_s=0.99286 tsr_diff=0.007872 integral_mean=0.000035 integral_std=0.008040 log_ratio=0.0000 accept=1.0000 swapped=True
i=8 pair=(1,0) lam_t=1.00714 lam_s=1.02143 tsr_diff=0.007631 integral_mean=-0.000011 integral_std=0.006897 log_ratio=-0.0273 accept=0.9731 swapped=True
i=8 pair=(7,2) lam_t=1.03571 lam_s=1.05000 tsr_diff=0.007402 integral_mean=-0.004294 integral_std=0.017330 log_ratio=-10.3066 accept=0.0000 swapped=False
i=9 pair=(3,4) lam_t=0.96429 lam_s=0.97857 tsr_diff=0.009548 integral_mean=-0.000111 integral_std=0.009677 log_ratio=-0.2658 accept=0.7666 swapped=True
i=9 pair=(5,0) lam_t=0.99286 lam_s=1.00714 tsr_diff=0.009200 integral_mean=-0.000050 integral_std=0.008802 log_ratio=-0.1194 accept=0.8875 swapped=True
i=9 pair=(1,7) lam_t=1.02143 lam_s=1.03571 tsr_diff=0.008870 integral_mean=-0.000695 integral_std=0.009415 log_ratio=-1.6669 accept=0.1888 swapped=True
i=10 pair=(6,4) lam_t=0.95000 lam_s=0.96429 tsr_diff=0.011265 integral_mean=-0.000848 integral_std=0.013047 log_ratio=-2.0362 accept=0.1305 swapped=False
i=10 pair=(3,0) lam_t=0.97857 lam_s=0.99286 tsr_diff=0.010789 integral_mean=-0.000104 integral_std=0.008404 log_ratio=-0.2503 accept=0.7786 swapped=True
i=10 pair=(5,7) lam_t=1.00714 lam_s=1.02143 tsr_diff=0.010342 integral_mean=-0.000261 integral_std=0.012146 log_ratio=-0.6259 accept=0.5348 swapped=True
i=10 pair=(1,2) lam_t=1.03571 lam_s=1.05000 tsr_diff=0.009923 integral_mean=-0.001796 integral_std=0.011136 log_ratio=-4.3109 accept=0.0134 swapped=False
i=11 pair=(4,0) lam_t=0.96429 lam_s=0.97857 tsr_diff=0.012354 integral_mean=0.001704 integral_std=0.018860 log_ratio=0.0000 accept=1.0000 swapped=True
i=11 pair=(3,7) lam_t=0.99286 lam_s=1.00714 tsr_diff=0.011778 integral_mean=-0.000585 integral_std=0.012945 log_ratio=-1.4039 accept=0.2456 swapped=True
i=11 pair=(5,1) lam_t=1.02143 lam_s=1.03571 tsr_diff=0.011242 integral_mean=0.000414 integral_std=0.012535 log_ratio=0.0000 accept=1.0000 swapped=True
i=12 pair=(6,0) lam_t=0.95000 lam_s=0.96429 tsr_diff=0.013839 integral_mean=-0.000675 integral_std=0.011495 log_ratio=-1.6202 accept=0.1979 swapped=False
i=12 pair=(4,7) lam_t=0.97857 lam_s=0.99286 tsr_diff=0.013131 integral_mean=0.000256 integral_std=0.022084 log_ratio=0.0000 accept=1.0000 swapped=True
i=12 pair=(3,1) lam_t=1.00714 lam_s=1.02143 tsr_diff=0.012476 integral_mean=0.000072 integral_std=0.007049 log_ratio=0.0000 accept=1.0000 swapped=True
i=12 pair=(5,2) lam_t=1.03571 lam_s=1.05000 tsr_diff=0.011868 integral_mean=-0.000656 integral_std=0.022100 log_ratio=-1.5748 accept=0.2070 swapped=False
i=13 pair=(0,7) lam_t=0.96429 lam_s=0.97857 tsr_diff=0.014342 integral_mean=0.002264 integral_std=0.023315 log_ratio=0.0000 accept=1.0000 swapped=True
i=13 pair=(4,1) lam_t=0.99286 lam_s=1.00714 tsr_diff=0.013574 integral_mean=0.002364 integral_std=0.026447 log_ratio=0.0000 accept=1.0000 swapped=True
i=13 pair=(3,5) lam_t=1.02143 lam_s=1.03571 tsr_diff=0.012866 integral_mean=-0.000956 integral_std=0.016646 log_ratio=-2.2942 accept=0.1008 swapped=False
i=14 pair=(6,7) lam_t=0.95000 lam_s=0.96429 tsr_diff=0.015346 integral_mean=0.004335 integral_std=0.027372 log_ratio=0.0000 accept=1.0000 swapped=True
i=14 pair=(0,1) lam_t=0.97857 lam_s=0.99286 tsr_diff=0.014482 integral_mean=0.009702 integral_std=0.047292 log_ratio=0.0000 accept=1.0000 swapped=True
i=14 pair=(4,3) lam_t=1.00714 lam_s=1.02143 tsr_diff=0.013689 integral_mean=0.006645 integral_std=0.067551 log_ratio=0.0000 accept=1.0000 swapped=True
i=14 pair=(5,2) lam_t=1.03571 lam_s=1.05000 tsr_diff=0.012959 integral_mean=-0.009394 integral_std=0.107028 log_ratio=-22.5458 accept=0.0000 swapped=False
Best Sample: 6 log probability -0.015
Saved 1 samples to: logs/pointmaze-giant-navigate-v0/inference/plans/release_H400_T256_LimitsNormalizer_b1_condFalse/2026-07-20 18:11:38/29/0.png
Saved 1 samples to: logs/pointmaze-giant-navigate-v0/inference/plans/release_H400_T256_LimitsNormalizer_b1_condFalse/2026-07-20 18:11:38/29/rollout.png
i=0 pair=(0,1) lam_t=0.95000 lam_s=0.96429 tsr_diff=0.000000 integral_mean=0.000000 integral_std=0.000000 log_ratio=0.0000 accept=1.0000 swapped=True
i=0 pair=(2,3) lam_t=0.97857 lam_s=0.99286 tsr_diff=0.000000 integral_mean=0.000000 integral_std=0.000000 log_ratio=0.0000 accept=1.0000 swapped=True
i=0 pair=(4,5) lam_t=1.00714 lam_s=1.02143 tsr_diff=0.000000 integral_mean=0.000000 integral_std=0.000000 log_ratio=0.0000 accept=1.0000 swapped=True
i=0 pair=(6,7) lam_t=1.03571 lam_s=1.05000 tsr_diff=0.000000 integral_mean=0.000000 integral_std=0.000000 log_ratio=0.0000 accept=1.0000 swapped=True
i=1 pair=(0,3) lam_t=0.96429 lam_s=0.97857 tsr_diff=0.000153 integral_mean=-0.000009 integral_std=0.000158 log_ratio=-0.0216 accept=0.9786 swapped=True
i=1 pair=(2,5) lam_t=0.99286 lam_s=1.00714 tsr_diff=0.000152 integral_mean=0.000002 integral_std=0.000154 log_ratio=0.0000 accept=1.0000 swapped=True
i=1 pair=(4,7) lam_t=1.02143 lam_s=1.03571 tsr_diff=0.000152 integral_mean=0.000009 integral_std=0.000160 log_ratio=0.0000 accept=1.0000 swapped=True
i=2 pair=(1,3) lam_t=0.95000 lam_s=0.96429 tsr_diff=0.000605 integral_mean=-0.000011 integral_std=0.000597 log_ratio=-0.0263 accept=0.9740 swapped=True
i=2 pair=(0,5) lam_t=0.97857 lam_s=0.99286 tsr_diff=0.000604 integral_mean=-0.000010 integral_std=0.000635 log_ratio=-0.0234 accept=0.9769 swapped=True
i=2 pair=(2,7) lam_t=1.00714 lam_s=1.02143 tsr_diff=0.000603 integral_mean=0.000067 integral_std=0.000620 log_ratio=0.0000 accept=1.0000 swapped=True
i=2 pair=(4,6) lam_t=1.03571 lam_s=1.05000 tsr_diff=0.000601 integral_mean=0.000017 integral_std=0.000589 log_ratio=0.0000 accept=1.0000 swapped=True
i=3 pair=(1,5) lam_t=0.96429 lam_s=0.97857 tsr_diff=0.001341 integral_mean=-0.000001 integral_std=0.001390 log_ratio=-0.0014 accept=0.9986 swapped=True
i=3 pair=(0,7) lam_t=0.99286 lam_s=1.00714 tsr_diff=0.001333 integral_mean=0.000059 integral_std=0.001264 log_ratio=0.0000 accept=1.0000 swapped=True
i=3 pair=(2,6) lam_t=1.02143 lam_s=1.03571 tsr_diff=0.001326 integral_mean=-0.000001 integral_std=0.001235 log_ratio=-0.0028 accept=0.9972 swapped=True
i=4 pair=(3,5) lam_t=0.95000 lam_s=0.96429 tsr_diff=0.002344 integral_mean=0.000000 integral_std=0.002186 log_ratio=0.0000 accept=1.0000 swapped=True
i=4 pair=(1,7) lam_t=0.97857 lam_s=0.99286 tsr_diff=0.002322 integral_mean=0.000115 integral_std=0.002328 log_ratio=0.0000 accept=1.0000 swapped=True
i=4 pair=(0,6) lam_t=1.00714 lam_s=1.02143 tsr_diff=0.002301 integral_mean=-0.000099 integral_std=0.002245 log_ratio=-0.2375 accept=0.7886 swapped=False
i=4 pair=(2,4) lam_t=1.03571 lam_s=1.05000 tsr_diff=0.002280 integral_mean=0.000035 integral_std=0.002133 log_ratio=0.0000 accept=1.0000 swapped=True
i=5 pair=(3,7) lam_t=0.96429 lam_s=0.97857 tsr_diff=0.003545 integral_mean=-0.000069 integral_std=0.003181 log_ratio=-0.1646 accept=0.8482 swapped=True
i=5 pair=(1,0) lam_t=0.99286 lam_s=1.00714 tsr_diff=0.003496 integral_mean=-0.000057 integral_std=0.003388 log_ratio=-0.1380 accept=0.8711 swapped=True
i=5 pair=(6,4) lam_t=1.02143 lam_s=1.03571 tsr_diff=0.003447 integral_mean=0.000104 integral_std=0.003003 log_ratio=0.0000 accept=1.0000 swapped=True
i=6 pair=(5,7) lam_t=0.95000 lam_s=0.96429 tsr_diff=0.004979 integral_mean=0.000153 integral_std=0.004770 log_ratio=0.0000 accept=1.0000 swapped=True
i=6 pair=(3,0) lam_t=0.97857 lam_s=0.99286 tsr_diff=0.004883 integral_mean=0.000316 integral_std=0.004646 log_ratio=0.0000 accept=1.0000 swapped=True
i=6 pair=(1,4) lam_t=1.00714 lam_s=1.02143 tsr_diff=0.004789 integral_mean=0.000177 integral_std=0.004551 log_ratio=0.0000 accept=1.0000 swapped=True
i=6 pair=(6,2) lam_t=1.03571 lam_s=1.05000 tsr_diff=0.004698 integral_mean=-0.000235 integral_std=0.004274 log_ratio=-0.5641 accept=0.5689 swapped=False
i=7 pair=(5,0) lam_t=0.96429 lam_s=0.97857 tsr_diff=0.006435 integral_mean=0.000224 integral_std=0.006111 log_ratio=0.0000 accept=1.0000 swapped=True
i=7 pair=(3,4) lam_t=0.99286 lam_s=1.00714 tsr_diff=0.006274 integral_mean=0.000472 integral_std=0.006216 log_ratio=0.0000 accept=1.0000 swapped=True
i=7 pair=(1,6) lam_t=1.02143 lam_s=1.03571 tsr_diff=0.006120 integral_mean=0.000101 integral_std=0.006177 log_ratio=0.0000 accept=1.0000 swapped=True
i=8 pair=(7,0) lam_t=0.95000 lam_s=0.96429 tsr_diff=0.008123 integral_mean=-0.000300 integral_std=0.007202 log_ratio=-0.7191 accept=0.4872 swapped=True
i=8 pair=(5,4) lam_t=0.97857 lam_s=0.99286 tsr_diff=0.007872 integral_mean=0.000144 integral_std=0.007954 log_ratio=0.0000 accept=1.0000 swapped=True
i=8 pair=(3,6) lam_t=1.00714 lam_s=1.02143 tsr_diff=0.007631 integral_mean=0.001218 integral_std=0.009047 log_ratio=0.0000 accept=1.0000 swapped=True
i=8 pair=(1,2) lam_t=1.03571 lam_s=1.05000 tsr_diff=0.007402 integral_mean=-0.000110 integral_std=0.008327 log_ratio=-0.2646 accept=0.7675 swapped=True
i=9 pair=(7,4) lam_t=0.96429 lam_s=0.97857 tsr_diff=0.009548 integral_mean=-0.000121 integral_std=0.008563 log_ratio=-0.2893 accept=0.7488 swapped=True
i=9 pair=(5,6) lam_t=0.99286 lam_s=1.00714 tsr_diff=0.009200 integral_mean=-0.000140 integral_std=0.009709 log_ratio=-0.3357 accept=0.7148 swapped=False
i=9 pair=(3,2) lam_t=1.02143 lam_s=1.03571 tsr_diff=0.008870 integral_mean=0.000417 integral_std=0.010786 log_ratio=0.0000 accept=1.0000 swapped=True
i=10 pair=(0,4) lam_t=0.95000 lam_s=0.96429 tsr_diff=0.011265 integral_mean=-0.000089 integral_std=0.012615 log_ratio=-0.2140 accept=0.8074 swapped=True
i=10 pair=(7,5) lam_t=0.97857 lam_s=0.99286 tsr_diff=0.010789 integral_mean=-0.000415 integral_std=0.009303 log_ratio=-0.9950 accept=0.3697 swapped=False
i=10 pair=(6,2) lam_t=1.00714 lam_s=1.02143 tsr_diff=0.010342 integral_mean=-0.000030 integral_std=0.009917 log_ratio=-0.0717 accept=0.9308 swapped=True
i=10 pair=(3,1) lam_t=1.03571 lam_s=1.05000 tsr_diff=0.009923 integral_mean=0.000229 integral_std=0.011327 log_ratio=0.0000 accept=1.0000 swapped=True
i=11 pair=(0,7) lam_t=0.96429 lam_s=0.97857 tsr_diff=0.012354 integral_mean=0.001440 integral_std=0.014294 log_ratio=0.0000 accept=1.0000 swapped=True
i=11 pair=(5,2) lam_t=0.99286 lam_s=1.00714 tsr_diff=0.011778 integral_mean=-0.000307 integral_std=0.012061 log_ratio=-0.7357 accept=0.4792 swapped=False
i=11 pair=(6,1) lam_t=1.02143 lam_s=1.03571 tsr_diff=0.011242 integral_mean=-0.000761 integral_std=0.016002 log_ratio=-1.8264 accept=0.1610 swapped=True
i=12 pair=(4,7) lam_t=0.95000 lam_s=0.96429 tsr_diff=0.013839 integral_mean=0.001044 integral_std=0.014542 log_ratio=0.0000 accept=1.0000 swapped=True
i=12 pair=(0,5) lam_t=0.97857 lam_s=0.99286 tsr_diff=0.013131 integral_mean=0.001477 integral_std=0.018191 log_ratio=0.0000 accept=1.0000 swapped=True
i=12 pair=(2,1) lam_t=1.00714 lam_s=1.02143 tsr_diff=0.012476 integral_mean=-0.001035 integral_std=0.021141 log_ratio=-2.4849 accept=0.0833 swapped=True
i=12 pair=(6,3) lam_t=1.03571 lam_s=1.05000 tsr_diff=0.011868 integral_mean=-0.000606 integral_std=0.016941 log_ratio=-1.4552 accept=0.2334 swapped=True
i=13 pair=(4,5) lam_t=0.96429 lam_s=0.97857 tsr_diff=0.014342 integral_mean=0.001494 integral_std=0.018146 log_ratio=0.0000 accept=1.0000 swapped=True
i=13 pair=(0,1) lam_t=0.99286 lam_s=1.00714 tsr_diff=0.013574 integral_mean=-0.001851 integral_std=0.029751 log_ratio=-4.4422 accept=0.0118 swapped=False
i=13 pair=(2,3) lam_t=1.02143 lam_s=1.03571 tsr_diff=0.012866 integral_mean=-0.001637 integral_std=0.027841 log_ratio=-3.9279 accept=0.0197 swapped=False
i=14 pair=(7,5) lam_t=0.95000 lam_s=0.96429 tsr_diff=0.015346 integral_mean=0.001776 integral_std=0.017587 log_ratio=0.0000 accept=1.0000 swapped=True
i=14 pair=(4,0) lam_t=0.97857 lam_s=0.99286 tsr_diff=0.014482 integral_mean=-0.009248 integral_std=0.144770 log_ratio=-22.1953 accept=0.0000 swapped=False
i=14 pair=(1,2) lam_t=1.00714 lam_s=1.02143 tsr_diff=0.013689 integral_mean=0.028899 integral_std=0.156903 log_ratio=0.0000 accept=1.0000 swapped=True
i=14 pair=(3,6) lam_t=1.03571 lam_s=1.05000 tsr_diff=0.012959 integral_mean=0.021641 integral_std=0.158675 log_ratio=0.0000 accept=1.0000 swapped=True
Best Sample: 4 log probability 0.000
Saved 1 samples to: logs/pointmaze-giant-navigate-v0/inference/plans/release_H400_T256_LimitsNormalizer_b1_condFalse/2026-07-20 18:11:38/30/0.png
Saved 1 samples to: logs/pointmaze-giant-navigate-v0/inference/plans/release_H400_T256_LimitsNormalizer_b1_condFalse/2026-07-20 18:11:38/30/rollout.png
i=0 pair=(0,1) lam_t=0.95000 lam_s=0.96429 tsr_diff=0.000000 integral_mean=0.000000 integral_std=0.000000 log_ratio=0.0000 accept=1.0000 swapped=True
i=0 pair=(2,3) lam_t=0.97857 lam_s=0.99286 tsr_diff=0.000000 integral_mean=0.000000 integral_std=0.000000 log_ratio=0.0000 accept=1.0000 swapped=True
i=0 pair=(4,5) lam_t=1.00714 lam_s=1.02143 tsr_diff=0.000000 integral_mean=0.000000 integral_std=0.000000 log_ratio=0.0000 accept=1.0000 swapped=True
i=0 pair=(6,7) lam_t=1.03571 lam_s=1.05000 tsr_diff=0.000000 integral_mean=0.000000 integral_std=0.000000 log_ratio=0.0000 accept=1.0000 swapped=True
i=1 pair=(0,3) lam_t=0.96429 lam_s=0.97857 tsr_diff=0.000153 integral_mean=-0.000000 integral_std=0.000149 log_ratio=-0.0011 accept=0.9989 swapped=True
i=1 pair=(2,5) lam_t=0.99286 lam_s=1.00714 tsr_diff=0.000152 integral_mean=0.000001 integral_std=0.000159 log_ratio=0.0000 accept=1.0000 swapped=True
i=1 pair=(4,7) lam_t=1.02143 lam_s=1.03571 tsr_diff=0.000152 integral_mean=-0.000010 integral_std=0.000154 log_ratio=-0.0244 accept=0.9759 swapped=True
i=2 pair=(1,3) lam_t=0.95000 lam_s=0.96429 tsr_diff=0.000605 integral_mean=-0.000338 integral_std=0.001247 log_ratio=-0.8111 accept=0.4444 swapped=False
i=2 pair=(0,5) lam_t=0.97857 lam_s=0.99286 tsr_diff=0.000604 integral_mean=-0.000010 integral_std=0.000589 log_ratio=-0.0242 accept=0.9761 swapped=True
i=2 pair=(2,7) lam_t=1.00714 lam_s=1.02143 tsr_diff=0.000603 integral_mean=0.000010 integral_std=0.000586 log_ratio=0.0000 accept=1.0000 swapped=True
i=2 pair=(4,6) lam_t=1.03571 lam_s=1.05000 tsr_diff=0.000601 integral_mean=-0.000082 integral_std=0.000692 log_ratio=-0.1964 accept=0.8217 swapped=False
i=3 pair=(3,5) lam_t=0.96429 lam_s=0.97857 tsr_diff=0.001341 integral_mean=0.000167 integral_std=0.001453 log_ratio=0.0000 accept=1.0000 swapped=True
i=3 pair=(0,7) lam_t=0.99286 lam_s=1.00714 tsr_diff=0.001333 integral_mean=0.000028 integral_std=0.001270 log_ratio=0.0000 accept=1.0000 swapped=True
i=3 pair=(2,4) lam_t=1.02143 lam_s=1.03571 tsr_diff=0.001326 integral_mean=0.000061 integral_std=0.001241 log_ratio=0.0000 accept=1.0000 swapped=True
i=4 pair=(1,5) lam_t=0.95000 lam_s=0.96429 tsr_diff=0.002344 integral_mean=-0.000027 integral_std=0.002325 log_ratio=-0.0643 accept=0.9377 swapped=True
i=4 pair=(3,7) lam_t=0.97857 lam_s=0.99286 tsr_diff=0.002322 integral_mean=0.000022 integral_std=0.002170 log_ratio=0.0000 accept=1.0000 swapped=True
i=4 pair=(0,4) lam_t=1.00714 lam_s=1.02143 tsr_diff=0.002301 integral_mean=-0.000603 integral_std=0.003357 log_ratio=-1.4483 accept=0.2350 swapped=False
i=4 pair=(2,6) lam_t=1.03571 lam_s=1.05000 tsr_diff=0.002280 integral_mean=-0.000064 integral_std=0.002280 log_ratio=-0.1537 accept=0.8575 swapped=False
i=5 pair=(1,7) lam_t=0.96429 lam_s=0.97857 tsr_diff=0.003545 integral_mean=-0.000010 integral_std=0.003246 log_ratio=-0.0228 accept=0.9774 swapped=True
i=5 pair=(3,0) lam_t=0.99286 lam_s=1.00714 tsr_diff=0.003496 integral_mean=0.000131 integral_std=0.003473 log_ratio=0.0000 accept=1.0000 swapped=True
i=5 pair=(4,2) lam_t=1.02143 lam_s=1.03571 tsr_diff=0.003447 integral_mean=0.000504 integral_std=0.003594 log_ratio=0.0000 accept=1.0000 swapped=True
i=6 pair=(5,7) lam_t=0.95000 lam_s=0.96429 tsr_diff=0.004979 integral_mean=-0.000241 integral_std=0.004850 log_ratio=-0.5773 accept=0.5614 swapped=False
i=6 pair=(1,0) lam_t=0.97857 lam_s=0.99286 tsr_diff=0.004883 integral_mean=-0.000804 integral_std=0.006171 log_ratio=-1.9294 accept=0.1452 swapped=False
i=6 pair=(3,2) lam_t=1.00714 lam_s=1.02143 tsr_diff=0.004789 integral_mean=0.000243 integral_std=0.004695 log_ratio=0.0000 accept=1.0000 swapped=True
i=6 pair=(4,6) lam_t=1.03571 lam_s=1.05000 tsr_diff=0.004698 integral_mean=-0.000061 integral_std=0.004644 log_ratio=-0.1457 accept=0.8644 swapped=True
i=7 pair=(7,1) lam_t=0.96429 lam_s=0.97857 tsr_diff=0.006435 integral_mean=0.000091 integral_std=0.005554 log_ratio=0.0000 accept=1.0000 swapped=True
i=7 pair=(0,2) lam_t=0.99286 lam_s=1.00714 tsr_diff=0.006274 integral_mean=0.001500 integral_std=0.008022 log_ratio=0.0000 accept=1.0000 swapped=True
i=7 pair=(3,6) lam_t=1.02143 lam_s=1.03571 tsr_diff=0.006120 integral_mean=0.000071 integral_std=0.005927 log_ratio=0.0000 accept=1.0000 swapped=True
i=8 pair=(5,1) lam_t=0.95000 lam_s=0.96429 tsr_diff=0.008123 integral_mean=0.000731 integral_std=0.008011 log_ratio=0.0000 accept=1.0000 swapped=True
i=8 pair=(7,2) lam_t=0.97857 lam_s=0.99286 tsr_diff=0.007872 integral_mean=0.000115 integral_std=0.007148 log_ratio=0.0000 accept=1.0000 swapped=True
i=8 pair=(0,6) lam_t=1.00714 lam_s=1.02143 tsr_diff=0.007631 integral_mean=-0.000145 integral_std=0.011339 log_ratio=-0.3484 accept=0.7058 swapped=False
i=8 pair=(3,4) lam_t=1.03571 lam_s=1.05000 tsr_diff=0.007402 integral_mean=-0.000599 integral_std=0.007554 log_ratio=-1.4370 accept=0.2376 swapped=False
i=9 pair=(5,2) lam_t=0.96429 lam_s=0.97857 tsr_diff=0.009548 integral_mean=0.001070 integral_std=0.010446 log_ratio=0.0000 accept=1.0000 swapped=True
i=9 pair=(7,0) lam_t=0.99286 lam_s=1.00714 tsr_diff=0.009200 integral_mean=-0.002292 integral_std=0.012442 log_ratio=-5.5013 accept=0.0041 swapped=False
i=9 pair=(6,3) lam_t=1.02143 lam_s=1.03571 tsr_diff=0.008870 integral_mean=0.001714 integral_std=0.013630 log_ratio=0.0000 accept=1.0000 swapped=True
i=10 pair=(1,2) lam_t=0.95000 lam_s=0.96429 tsr_diff=0.011265 integral_mean=0.000018 integral_std=0.008145 log_ratio=0.0000 accept=1.0000 swapped=True
i=10 pair=(5,7) lam_t=0.97857 lam_s=0.99286 tsr_diff=0.010789 integral_mean=0.000371 integral_std=0.015302 log_ratio=0.0000 accept=1.0000 swapped=True
i=10 pair=(0,3) lam_t=1.00714 lam_s=1.02143 tsr_diff=0.010342 integral_mean=0.002133 integral_std=0.016077 log_ratio=0.0000 accept=1.0000 swapped=True
i=10 pair=(6,4) lam_t=1.03571 lam_s=1.05000 tsr_diff=0.009923 integral_mean=0.001299 integral_std=0.015546 log_ratio=0.0000 accept=1.0000 swapped=True
i=11 pair=(1,7) lam_t=0.96429 lam_s=0.97857 tsr_diff=0.012354 integral_mean=-0.000733 integral_std=0.013211 log_ratio=-1.7599 accept=0.1721 swapped=False
i=11 pair=(5,3) lam_t=0.99286 lam_s=1.00714 tsr_diff=0.011778 integral_mean=0.000716 integral_std=0.015424 log_ratio=0.0000 accept=1.0000 swapped=True
i=11 pair=(0,4) lam_t=1.02143 lam_s=1.03571 tsr_diff=0.011242 integral_mean=0.001943 integral_std=0.024691 log_ratio=0.0000 accept=1.0000 swapped=True
i=12 pair=(2,1) lam_t=0.95000 lam_s=0.96429 tsr_diff=0.013839 integral_mean=0.000292 integral_std=0.009218 log_ratio=0.0000 accept=1.0000 swapped=True
i=12 pair=(7,3) lam_t=0.97857 lam_s=0.99286 tsr_diff=0.013131 integral_mean=0.001146 integral_std=0.022629 log_ratio=0.0000 accept=1.0000 swapped=True
i=12 pair=(5,4) lam_t=1.00714 lam_s=1.02143 tsr_diff=0.012476 integral_mean=-0.000102 integral_std=0.022680 log_ratio=-0.2449 accept=0.7828 swapped=True
i=12 pair=(0,6) lam_t=1.03571 lam_s=1.05000 tsr_diff=0.011868 integral_mean=-0.002370 integral_std=0.034698 log_ratio=-5.6888 accept=0.0034 swapped=False
i=13 pair=(2,3) lam_t=0.96429 lam_s=0.97857 tsr_diff=0.014342 integral_mean=0.001962 integral_std=0.027123 log_ratio=0.0000 accept=1.0000 swapped=True
i=13 pair=(7,4) lam_t=0.99286 lam_s=1.00714 tsr_diff=0.013574 integral_mean=0.004078 integral_std=0.034037 log_ratio=0.0000 accept=1.0000 swapped=True
i=13 pair=(5,0) lam_t=1.02143 lam_s=1.03571 tsr_diff=0.012866 integral_mean=-0.002165 integral_std=0.043332 log_ratio=-5.1966 accept=0.0055 swapped=False
i=14 pair=(1,3) lam_t=0.95000 lam_s=0.96429 tsr_diff=0.015346 integral_mean=0.002633 integral_std=0.051559 log_ratio=0.0000 accept=1.0000 swapped=True
i=14 pair=(2,4) lam_t=0.97857 lam_s=0.99286 tsr_diff=0.014482 integral_mean=0.007157 integral_std=0.056352 log_ratio=0.0000 accept=1.0000 swapped=True
i=14 pair=(7,5) lam_t=1.00714 lam_s=1.02143 tsr_diff=0.013689 integral_mean=0.005101 integral_std=0.067428 log_ratio=0.0000 accept=1.0000 swapped=True
i=14 pair=(0,6) lam_t=1.03571 lam_s=1.05000 tsr_diff=0.012959 integral_mean=-0.038503 integral_std=0.278030 log_ratio=-92.4068 accept=0.0000 swapped=False
Best Sample: 1 log probability -0.108
Saved 1 samples to: logs/pointmaze-giant-navigate-v0/inference/plans/release_H400_T256_LimitsNormalizer_b1_condFalse/2026-07-20 18:11:38/31/0.png
Saved 1 samples to: logs/pointmaze-giant-navigate-v0/inference/plans/release_H400_T256_LimitsNormalizer_b1_condFalse/2026-07-20 18:11:38/31/rollout.png
i=0 pair=(0,1) lam_t=0.95000 lam_s=0.96429 tsr_diff=0.000000 integral_mean=0.000000 integral_std=0.000000 log_ratio=0.0000 accept=1.0000 swapped=True
i=0 pair=(2,3) lam_t=0.97857 lam_s=0.99286 tsr_diff=0.000000 integral_mean=0.000000 integral_std=0.000000 log_ratio=0.0000 accept=1.0000 swapped=True
i=0 pair=(4,5) lam_t=1.00714 lam_s=1.02143 tsr_diff=0.000000 integral_mean=0.000000 integral_std=0.000000 log_ratio=0.0000 accept=1.0000 swapped=True
i=0 pair=(6,7) lam_t=1.03571 lam_s=1.05000 tsr_diff=0.000000 integral_mean=0.000000 integral_std=0.000000 log_ratio=0.0000 accept=1.0000 swapped=True
i=1 pair=(0,3) lam_t=0.96429 lam_s=0.97857 tsr_diff=0.000153 integral_mean=0.000006 integral_std=0.000158 log_ratio=0.0000 accept=1.0000 swapped=True
i=1 pair=(2,5) lam_t=0.99286 lam_s=1.00714 tsr_diff=0.000152 integral_mean=0.000001 integral_std=0.000149 log_ratio=0.0000 accept=1.0000 swapped=True
i=1 pair=(4,7) lam_t=1.02143 lam_s=1.03571 tsr_diff=0.000152 integral_mean=-0.000000 integral_std=0.000153 log_ratio=-0.0012 accept=0.9988 swapped=True
i=2 pair=(1,3) lam_t=0.95000 lam_s=0.96429 tsr_diff=0.000605 integral_mean=-0.000017 integral_std=0.000577 log_ratio=-0.0403 accept=0.9605 swapped=True
i=2 pair=(0,5) lam_t=0.97857 lam_s=0.99286 tsr_diff=0.000604 integral_mean=-0.000070 integral_std=0.000688 log_ratio=-0.1690 accept=0.8445 swapped=True
i=2 pair=(2,7) lam_t=1.00714 lam_s=1.02143 tsr_diff=0.000603 integral_mean=-0.000010 integral_std=0.000575 log_ratio=-0.0246 accept=0.9757 swapped=True
i=2 pair=(4,6) lam_t=1.03571 lam_s=1.05000 tsr_diff=0.000601 integral_mean=-0.000002 integral_std=0.000631 log_ratio=-0.0038 accept=0.9962 swapped=True
i=3 pair=(1,5) lam_t=0.96429 lam_s=0.97857 tsr_diff=0.001341 integral_mean=0.000078 integral_std=0.001515 log_ratio=0.0000 accept=1.0000 swapped=True
i=3 pair=(0,7) lam_t=0.99286 lam_s=1.00714 tsr_diff=0.001333 integral_mean=-0.000117 integral_std=0.001357 log_ratio=-0.2808 accept=0.7552 swapped=True
i=3 pair=(2,6) lam_t=1.02143 lam_s=1.03571 tsr_diff=0.001326 integral_mean=-0.000018 integral_std=0.001269 log_ratio=-0.0436 accept=0.9573 swapped=True
i=4 pair=(3,5) lam_t=0.95000 lam_s=0.96429 tsr_diff=0.002344 integral_mean=-0.000663 integral_std=0.003961 log_ratio=-1.5904 accept=0.2038 swapped=True
i=4 pair=(1,7) lam_t=0.97857 lam_s=0.99286 tsr_diff=0.002322 integral_mean=-0.000023 integral_std=0.002411 log_ratio=-0.0541 accept=0.9473 swapped=True
i=4 pair=(0,6) lam_t=1.00714 lam_s=1.02143 tsr_diff=0.002301 integral_mean=-0.000249 integral_std=0.002512 log_ratio=-0.5985 accept=0.5496 swapped=False
i=4 pair=(2,4) lam_t=1.03571 lam_s=1.05000 tsr_diff=0.002280 integral_mean=-0.000092 integral_std=0.002132 log_ratio=-0.2208 accept=0.8019 swapped=True
i=5 pair=(3,7) lam_t=0.96429 lam_s=0.97857 tsr_diff=0.003545 integral_mean=-0.000086 integral_std=0.003305 log_ratio=-0.2060 accept=0.8138 swapped=False
i=5 pair=(1,0) lam_t=0.99286 lam_s=1.00714 tsr_diff=0.003496 integral_mean=0.000236 integral_std=0.003568 log_ratio=0.0000 accept=1.0000 swapped=True
i=5 pair=(6,4) lam_t=1.02143 lam_s=1.03571 tsr_diff=0.003447 integral_mean=0.001481 integral_std=0.006073 log_ratio=0.0000 accept=1.0000 swapped=True
i=6 pair=(5,3) lam_t=0.95000 lam_s=0.96429 tsr_diff=0.004979 integral_mean=0.000830 integral_std=0.005777 log_ratio=0.0000 accept=1.0000 swapped=True
i=6 pair=(7,0) lam_t=0.97857 lam_s=0.99286 tsr_diff=0.004883 integral_mean=0.000121 integral_std=0.004972 log_ratio=0.0000 accept=1.0000 swapped=True
i=6 pair=(1,4) lam_t=1.00714 lam_s=1.02143 tsr_diff=0.004789 integral_mean=-0.000223 integral_std=0.005026 log_ratio=-0.5360 accept=0.5851 swapped=False
i=6 pair=(6,2) lam_t=1.03571 lam_s=1.05000 tsr_diff=0.004698 integral_mean=0.001562 integral_std=0.007347 log_ratio=0.0000 accept=1.0000 swapped=True
i=7 pair=(5,0) lam_t=0.96429 lam_s=0.97857 tsr_diff=0.006435 integral_mean=0.000432 integral_std=0.009158 log_ratio=0.0000 accept=1.0000 swapped=True
i=7 pair=(7,1) lam_t=0.99286 lam_s=1.00714 tsr_diff=0.006274 integral_mean=0.000370 integral_std=0.006980 log_ratio=0.0000 accept=1.0000 swapped=True
i=7 pair=(4,2) lam_t=1.02143 lam_s=1.03571 tsr_diff=0.006120 integral_mean=0.000063 integral_std=0.005624 log_ratio=0.0000 accept=1.0000 swapped=True
i=8 pair=(3,0) lam_t=0.95000 lam_s=0.96429 tsr_diff=0.008123 integral_mean=-0.000411 integral_std=0.008490 log_ratio=-0.9866 accept=0.3729 swapped=True
i=8 pair=(5,1) lam_t=0.97857 lam_s=0.99286 tsr_diff=0.007872 integral_mean=0.001235 integral_std=0.009996 log_ratio=0.0000 accept=1.0000 swapped=True
i=8 pair=(7,2) lam_t=1.00714 lam_s=1.02143 tsr_diff=0.007631 integral_mean=0.000390 integral_std=0.007281 log_ratio=0.0000 accept=1.0000 swapped=True
i=8 pair=(4,6) lam_t=1.03571 lam_s=1.05000 tsr_diff=0.007402 integral_mean=-0.001048 integral_std=0.008586 log_ratio=-2.5155 accept=0.0808 swapped=False
i=9 pair=(3,1) lam_t=0.96429 lam_s=0.97857 tsr_diff=0.009548 integral_mean=0.002442 integral_std=0.017007 log_ratio=0.0000 accept=1.0000 swapped=True
i=9 pair=(5,2) lam_t=0.99286 lam_s=1.00714 tsr_diff=0.009200 integral_mean=0.000604 integral_std=0.009431 log_ratio=0.0000 accept=1.0000 swapped=True
i=9 pair=(7,4) lam_t=1.02143 lam_s=1.03571 tsr_diff=0.008870 integral_mean=0.000525 integral_std=0.009555 log_ratio=0.0000 accept=1.0000 swapped=True
i=10 pair=(0,1) lam_t=0.95000 lam_s=0.96429 tsr_diff=0.011265 integral_mean=-0.000289 integral_std=0.014984 log_ratio=-0.6930 accept=0.5001 swapped=True
i=10 pair=(3,2) lam_t=0.97857 lam_s=0.99286 tsr_diff=0.010789 integral_mean=0.002901 integral_std=0.017237 log_ratio=0.0000 accept=1.0000 swapped=True
i=10 pair=(5,4) lam_t=1.00714 lam_s=1.02143 tsr_diff=0.010342 integral_mean=0.000480 integral_std=0.011239 log_ratio=0.0000 accept=1.0000 swapped=True
i=10 pair=(7,6) lam_t=1.03571 lam_s=1.05000 tsr_diff=0.009923 integral_mean=0.000236 integral_std=0.013366 log_ratio=0.0000 accept=1.0000 swapped=True
i=11 pair=(0,2) lam_t=0.96429 lam_s=0.97857 tsr_diff=0.012354 integral_mean=-0.003072 integral_std=0.021687 log_ratio=-7.3726 accept=0.0006 swapped=False
i=11 pair=(3,4) lam_t=0.99286 lam_s=1.00714 tsr_diff=0.011778 integral_mean=0.002116 integral_std=0.015986 log_ratio=0.0000 accept=1.0000 swapped=True
i=11 pair=(5,6) lam_t=1.02143 lam_s=1.03571 tsr_diff=0.011242 integral_mean=-0.000284 integral_std=0.015002 log_ratio=-0.6805 accept=0.5063 swapped=True
i=12 pair=(1,0) lam_t=0.95000 lam_s=0.96429 tsr_diff=0.013839 integral_mean=0.000280 integral_std=0.022133 log_ratio=0.0000 accept=1.0000 swapped=True
i=12 pair=(2,4) lam_t=0.97857 lam_s=0.99286 tsr_diff=0.013131 integral_mean=0.005481 integral_std=0.041233 log_ratio=0.0000 accept=1.0000 swapped=True
i=12 pair=(3,6) lam_t=1.00714 lam_s=1.02143 tsr_diff=0.012476 integral_mean=-0.000288 integral_std=0.020301 log_ratio=-0.6922 accept=0.5005 swapped=True
i=12 pair=(5,7) lam_t=1.03571 lam_s=1.05000 tsr_diff=0.011868 integral_mean=-0.000419 integral_std=0.021387 log_ratio=-1.0058 accept=0.3657 swapped=False
i=13 pair=(1,4) lam_t=0.96429 lam_s=0.97857 tsr_diff=0.014342 integral_mean=0.001035 integral_std=0.026153 log_ratio=0.0000 accept=1.0000 swapped=True
i=13 pair=(2,6) lam_t=0.99286 lam_s=1.00714 tsr_diff=0.013574 integral_mean=0.001912 integral_std=0.028821 log_ratio=0.0000 accept=1.0000 swapped=True
i=13 pair=(3,5) lam_t=1.02143 lam_s=1.03571 tsr_diff=0.012866 integral_mean=-0.008194 integral_std=0.067320 log_ratio=-19.6655 accept=0.0000 swapped=False
i=14 pair=(0,4) lam_t=0.95000 lam_s=0.96429 tsr_diff=0.015346 integral_mean=-0.001859 integral_std=0.063681 log_ratio=-4.4626 accept=0.0115 swapped=False
i=14 pair=(1,6) lam_t=0.97857 lam_s=0.99286 tsr_diff=0.014482 integral_mean=0.002826 integral_std=0.041174 log_ratio=0.0000 accept=1.0000 swapped=True
i=14 pair=(2,3) lam_t=1.00714 lam_s=1.02143 tsr_diff=0.013689 integral_mean=0.001423 integral_std=0.046965 log_ratio=0.0000 accept=1.0000 swapped=True
i=14 pair=(5,7) lam_t=1.03571 lam_s=1.05000 tsr_diff=0.012959 integral_mean=0.007035 integral_std=0.074846 log_ratio=0.0000 accept=1.0000 swapped=True
Best Sample: 1 log probability -2.833
Saved 1 samples to: logs/pointmaze-giant-navigate-v0/inference/plans/release_H400_T256_LimitsNormalizer_b1_condFalse/2026-07-20 18:11:38/32/0.png
Saved 1 samples to: logs/pointmaze-giant-navigate-v0/inference/plans/release_H400_T256_LimitsNormalizer_b1_condFalse/2026-07-20 18:11:38/32/rollout.png
i=0 pair=(0,1) lam_t=0.95000 lam_s=0.96429 tsr_diff=0.000000 integral_mean=0.000000 integral_std=0.000000 log_ratio=0.0000 accept=1.0000 swapped=True
i=0 pair=(2,3) lam_t=0.97857 lam_s=0.99286 tsr_diff=0.000000 integral_mean=0.000000 integral_std=0.000000 log_ratio=0.0000 accept=1.0000 swapped=True
i=0 pair=(4,5) lam_t=1.00714 lam_s=1.02143 tsr_diff=0.000000 integral_mean=0.000000 integral_std=0.000000 log_ratio=0.0000 accept=1.0000 swapped=True
i=0 pair=(6,7) lam_t=1.03571 lam_s=1.05000 tsr_diff=0.000000 integral_mean=0.000000 integral_std=0.000000 log_ratio=0.0000 accept=1.0000 swapped=True
i=1 pair=(0,3) lam_t=0.96429 lam_s=0.97857 tsr_diff=0.000153 integral_mean=0.000085 integral_std=0.000270 log_ratio=0.0000 accept=1.0000 swapped=True
i=1 pair=(2,5) lam_t=0.99286 lam_s=1.00714 tsr_diff=0.000152 integral_mean=-0.000001 integral_std=0.000152 log_ratio=-0.0015 accept=0.9985 swapped=True
i=1 pair=(4,7) lam_t=1.02143 lam_s=1.03571 tsr_diff=0.000152 integral_mean=-0.000011 integral_std=0.000169 log_ratio=-0.0271 accept=0.9732 swapped=True
i=2 pair=(1,3) lam_t=0.95000 lam_s=0.96429 tsr_diff=0.000605 integral_mean=-0.000123 integral_std=0.000750 log_ratio=-0.2941 accept=0.7452 swapped=False
i=2 pair=(0,5) lam_t=0.97857 lam_s=0.99286 tsr_diff=0.000604 integral_mean=-0.000065 integral_std=0.000760 log_ratio=-0.1555 accept=0.8560 swapped=True
i=2 pair=(2,7) lam_t=1.00714 lam_s=1.02143 tsr_diff=0.000603 integral_mean=-0.000024 integral_std=0.000628 log_ratio=-0.0568 accept=0.9447 swapped=True
i=2 pair=(4,6) lam_t=1.03571 lam_s=1.05000 tsr_diff=0.000601 integral_mean=-0.000015 integral_std=0.000603 log_ratio=-0.0350 accept=0.9656 swapped=False
i=3 pair=(3,5) lam_t=0.96429 lam_s=0.97857 tsr_diff=0.001341 integral_mean=0.000078 integral_std=0.001444 log_ratio=0.0000 accept=1.0000 swapped=True
i=3 pair=(0,7) lam_t=0.99286 lam_s=1.00714 tsr_diff=0.001333 integral_mean=0.000073 integral_std=0.001428 log_ratio=0.0000 accept=1.0000 swapped=True
i=3 pair=(2,4) lam_t=1.02143 lam_s=1.03571 tsr_diff=0.001326 integral_mean=0.000306 integral_std=0.001595 log_ratio=0.0000 accept=1.0000 swapped=True
i=4 pair=(1,5) lam_t=0.95000 lam_s=0.96429 tsr_diff=0.002344 integral_mean=0.000091 integral_std=0.002387 log_ratio=0.0000 accept=1.0000 swapped=True
i=4 pair=(3,7) lam_t=0.97857 lam_s=0.99286 tsr_diff=0.002322 integral_mean=0.000053 integral_std=0.002354 log_ratio=0.0000 accept=1.0000 swapped=True
i=4 pair=(0,4) lam_t=1.00714 lam_s=1.02143 tsr_diff=0.002301 integral_mean=0.000197 integral_std=0.002296 log_ratio=0.0000 accept=1.0000 swapped=True
i=4 pair=(2,6) lam_t=1.03571 lam_s=1.05000 tsr_diff=0.002280 integral_mean=0.000258 integral_std=0.002467 log_ratio=0.0000 accept=1.0000 swapped=True
i=5 pair=(1,7) lam_t=0.96429 lam_s=0.97857 tsr_diff=0.003545 integral_mean=0.000114 integral_std=0.003506 log_ratio=0.0000 accept=1.0000 swapped=True
i=5 pair=(3,4) lam_t=0.99286 lam_s=1.00714 tsr_diff=0.003496 integral_mean=0.000221 integral_std=0.003567 log_ratio=0.0000 accept=1.0000 swapped=True
i=5 pair=(0,6) lam_t=1.02143 lam_s=1.03571 tsr_diff=0.003447 integral_mean=0.000118 integral_std=0.003337 log_ratio=0.0000 accept=1.0000 swapped=True
i=6 pair=(5,7) lam_t=0.95000 lam_s=0.96429 tsr_diff=0.004979 integral_mean=-0.000130 integral_std=0.004697 log_ratio=-0.3125 accept=0.7316 swapped=True
i=6 pair=(1,4) lam_t=0.97857 lam_s=0.99286 tsr_diff=0.004883 integral_mean=0.000246 integral_std=0.004717 log_ratio=0.0000 accept=1.0000 swapped=True
i=6 pair=(3,6) lam_t=1.00714 lam_s=1.02143 tsr_diff=0.004789 integral_mean=0.000418 integral_std=0.004630 log_ratio=0.0000 accept=1.0000 swapped=True
i=6 pair=(0,2) lam_t=1.03571 lam_s=1.05000 tsr_diff=0.004698 integral_mean=-0.000115 integral_std=0.005003 log_ratio=-0.2767 accept=0.7583 swapped=True
i=7 pair=(5,4) lam_t=0.96429 lam_s=0.97857 tsr_diff=0.006435 integral_mean=-0.000193 integral_std=0.005745 log_ratio=-0.4626 accept=0.6297 swapped=True
i=7 pair=(1,6) lam_t=0.99286 lam_s=1.00714 tsr_diff=0.006274 integral_mean=0.000259 integral_std=0.005941 log_ratio=0.0000 accept=1.0000 swapped=True
i=7 pair=(3,2) lam_t=1.02143 lam_s=1.03571 tsr_diff=0.006120 integral_mean=0.000549 integral_std=0.007388 log_ratio=0.0000 accept=1.0000 swapped=True
i=8 pair=(7,4) lam_t=0.95000 lam_s=0.96429 tsr_diff=0.008123 integral_mean=-0.000102 integral_std=0.006849 log_ratio=-0.2451 accept=0.7826 swapped=False
i=8 pair=(5,6) lam_t=0.97857 lam_s=0.99286 tsr_diff=0.007872 integral_mean=-0.000033 integral_std=0.007115 log_ratio=-0.0791 accept=0.9240 swapped=True
i=8 pair=(1,2) lam_t=1.00714 lam_s=1.02143 tsr_diff=0.007631 integral_mean=0.000238 integral_std=0.008025 log_ratio=0.0000 accept=1.0000 swapped=True
i=8 pair=(3,0) lam_t=1.03571 lam_s=1.05000 tsr_diff=0.007402 integral_mean=0.000274 integral_std=0.007772 log_ratio=0.0000 accept=1.0000 swapped=True
i=9 pair=(4,6) lam_t=0.96429 lam_s=0.97857 tsr_diff=0.009548 integral_mean=0.000150 integral_std=0.009210 log_ratio=0.0000 accept=1.0000 swapped=True
i=9 pair=(5,2) lam_t=0.99286 lam_s=1.00714 tsr_diff=0.009200 integral_mean=-0.000203 integral_std=0.009099 log_ratio=-0.4871 accept=0.6144 swapped=True
i=9 pair=(1,0) lam_t=1.02143 lam_s=1.03571 tsr_diff=0.008870 integral_mean=0.000183 integral_std=0.009596 log_ratio=0.0000 accept=1.0000 swapped=True
i=10 pair=(7,6) lam_t=0.95000 lam_s=0.96429 tsr_diff=0.011265 integral_mean=-0.000441 integral_std=0.012179 log_ratio=-1.0588 accept=0.3469 swapped=False
i=10 pair=(4,2) lam_t=0.97857 lam_s=0.99286 tsr_diff=0.010789 integral_mean=0.000102 integral_std=0.011180 log_ratio=0.0000 accept=1.0000 swapped=True
i=10 pair=(5,0) lam_t=1.00714 lam_s=1.02143 tsr_diff=0.010342 integral_mean=0.000184 integral_std=0.011814 log_ratio=0.0000 accept=1.0000 swapped=True
i=10 pair=(1,3) lam_t=1.03571 lam_s=1.05000 tsr_diff=0.009923 integral_mean=0.000356 integral_std=0.011548 log_ratio=0.0000 accept=1.0000 swapped=True
i=11 pair=(6,2) lam_t=0.96429 lam_s=0.97857 tsr_diff=0.012354 integral_mean=0.000348 integral_std=0.016226 log_ratio=0.0000 accept=1.0000 swapped=True
i=11 pair=(4,0) lam_t=0.99286 lam_s=1.00714 tsr_diff=0.011778 integral_mean=-0.000586 integral_std=0.015308 log_ratio=-1.4057 accept=0.2452 swapped=False
i=11 pair=(5,3) lam_t=1.02143 lam_s=1.03571 tsr_diff=0.011242 integral_mean=-0.001073 integral_std=0.016678 log_ratio=-2.5760 accept=0.0761 swapped=False
i=12 pair=(7,2) lam_t=0.95000 lam_s=0.96429 tsr_diff=0.013839 integral_mean=-0.001034 integral_std=0.022384 log_ratio=-2.4821 accept=0.0836 swapped=False
i=12 pair=(6,4) lam_t=0.97857 lam_s=0.99286 tsr_diff=0.013131 integral_mean=0.000449 integral_std=0.014493 log_ratio=0.0000 accept=1.0000 swapped=True
i=12 pair=(0,5) lam_t=1.00714 lam_s=1.02143 tsr_diff=0.012476 integral_mean=0.001199 integral_std=0.017566 log_ratio=0.0000 accept=1.0000 swapped=True
i=12 pair=(3,1) lam_t=1.03571 lam_s=1.05000 tsr_diff=0.011868 integral_mean=-0.000212 integral_std=0.034195 log_ratio=-0.5089 accept=0.6012 swapped=False
i=13 pair=(2,4) lam_t=0.96429 lam_s=0.97857 tsr_diff=0.014342 integral_mean=0.001798 integral_std=0.020991 log_ratio=0.0000 accept=1.0000 swapped=True
i=13 pair=(6,5) lam_t=0.99286 lam_s=1.00714 tsr_diff=0.013574 integral_mean=0.000648 integral_std=0.021809 log_ratio=0.0000 accept=1.0000 swapped=True
i=13 pair=(0,3) lam_t=1.02143 lam_s=1.03571 tsr_diff=0.012866 integral_mean=0.000074 integral_std=0.036137 log_ratio=0.0000 accept=1.0000 swapped=True
i=14 pair=(7,4) lam_t=0.95000 lam_s=0.96429 tsr_diff=0.015346 integral_mean=0.001047 integral_std=0.012499 log_ratio=0.0000 accept=1.0000 swapped=True
i=14 pair=(2,5) lam_t=0.97857 lam_s=0.99286 tsr_diff=0.014482 integral_mean=0.004539 integral_std=0.047659 log_ratio=0.0000 accept=1.0000 swapped=True
i=14 pair=(6,3) lam_t=1.00714 lam_s=1.02143 tsr_diff=0.013689 integral_mean=-0.038737 integral_std=0.299182 log_ratio=-92.9681 accept=0.0000 swapped=False
i=14 pair=(0,1) lam_t=1.03571 lam_s=1.05000 tsr_diff=0.012959 integral_mean=-0.007491 integral_std=0.140723 log_ratio=-17.9783 accept=0.0000 swapped=False
Best Sample: 4 log probability -1.493
Saved 1 samples to: logs/pointmaze-giant-navigate-v0/inference/plans/release_H400_T256_LimitsNormalizer_b1_condFalse/2026-07-20 18:11:38/33/0.png
Saved 1 samples to: logs/pointmaze-giant-navigate-v0/inference/plans/release_H400_T256_LimitsNormalizer_b1_condFalse/2026-07-20 18:11:38/33/rollout.png
i=0 pair=(0,1) lam_t=0.95000 lam_s=0.96429 tsr_diff=0.000000 integral_mean=0.000000 integral_std=0.000000 log_ratio=0.0000 accept=1.0000 swapped=True
i=0 pair=(2,3) lam_t=0.97857 lam_s=0.99286 tsr_diff=0.000000 integral_mean=0.000000 integral_std=0.000000 log_ratio=0.0000 accept=1.0000 swapped=True
i=0 pair=(4,5) lam_t=1.00714 lam_s=1.02143 tsr_diff=0.000000 integral_mean=0.000000 integral_std=0.000000 log_ratio=0.0000 accept=1.0000 swapped=True
i=0 pair=(6,7) lam_t=1.03571 lam_s=1.05000 tsr_diff=0.000000 integral_mean=0.000000 integral_std=0.000000 log_ratio=0.0000 accept=1.0000 swapped=True
i=1 pair=(0,3) lam_t=0.96429 lam_s=0.97857 tsr_diff=0.000153 integral_mean=0.000002 integral_std=0.000146 log_ratio=0.0000 accept=1.0000 swapped=True
i=1 pair=(2,5) lam_t=0.99286 lam_s=1.00714 tsr_diff=0.000152 integral_mean=-0.000010 integral_std=0.000153 log_ratio=-0.0229 accept=0.9773 swapped=True
i=1 pair=(4,7) lam_t=1.02143 lam_s=1.03571 tsr_diff=0.000152 integral_mean=-0.000002 integral_std=0.000155 log_ratio=-0.0057 accept=0.9943 swapped=True
i=2 pair=(1,3) lam_t=0.95000 lam_s=0.96429 tsr_diff=0.000605 integral_mean=-0.000013 integral_std=0.000594 log_ratio=-0.0301 accept=0.9704 swapped=True
i=2 pair=(0,5) lam_t=0.97857 lam_s=0.99286 tsr_diff=0.000604 integral_mean=0.000032 integral_std=0.000692 log_ratio=0.0000 accept=1.0000 swapped=True
i=2 pair=(2,7) lam_t=1.00714 lam_s=1.02143 tsr_diff=0.000603 integral_mean=-0.000013 integral_std=0.000574 log_ratio=-0.0316 accept=0.9689 swapped=True
i=2 pair=(4,6) lam_t=1.03571 lam_s=1.05000 tsr_diff=0.000601 integral_mean=-0.000010 integral_std=0.000582 log_ratio=-0.0251 accept=0.9752 swapped=True
i=3 pair=(1,5) lam_t=0.96429 lam_s=0.97857 tsr_diff=0.001341 integral_mean=-0.000019 integral_std=0.001352 log_ratio=-0.0463 accept=0.9548 swapped=True
i=3 pair=(0,7) lam_t=0.99286 lam_s=1.00714 tsr_diff=0.001333 integral_mean=0.000043 integral_std=0.001281 log_ratio=0.0000 accept=1.0000 swapped=True
i=3 pair=(2,6) lam_t=1.02143 lam_s=1.03571 tsr_diff=0.001326 integral_mean=0.000026 integral_std=0.001336 log_ratio=0.0000 accept=1.0000 swapped=True
i=4 pair=(3,5) lam_t=0.95000 lam_s=0.96429 tsr_diff=0.002344 integral_mean=-0.000519 integral_std=0.003122 log_ratio=-1.2458 accept=0.2877 swapped=True
i=4 pair=(1,7) lam_t=0.97857 lam_s=0.99286 tsr_diff=0.002322 integral_mean=-0.000020 integral_std=0.002337 log_ratio=-0.0486 accept=0.9526 swapped=True
i=4 pair=(0,6) lam_t=1.00714 lam_s=1.02143 tsr_diff=0.002301 integral_mean=-0.000078 integral_std=0.002363 log_ratio=-0.1866 accept=0.8298 swapped=False
i=4 pair=(2,4) lam_t=1.03571 lam_s=1.05000 tsr_diff=0.002280 integral_mean=0.000091 integral_std=0.002176 log_ratio=0.0000 accept=1.0000 swapped=True
i=5 pair=(3,7) lam_t=0.96429 lam_s=0.97857 tsr_diff=0.003545 integral_mean=0.000047 integral_std=0.003178 log_ratio=0.0000 accept=1.0000 swapped=True
i=5 pair=(1,0) lam_t=0.99286 lam_s=1.00714 tsr_diff=0.003496 integral_mean=-0.000210 integral_std=0.003337 log_ratio=-0.5047 accept=0.6037 swapped=True
i=5 pair=(6,4) lam_t=1.02143 lam_s=1.03571 tsr_diff=0.003447 integral_mean=0.000932 integral_std=0.004699 log_ratio=0.0000 accept=1.0000 swapped=True
i=6 pair=(5,7) lam_t=0.95000 lam_s=0.96429 tsr_diff=0.004979 integral_mean=0.000271 integral_std=0.004850 log_ratio=0.0000 accept=1.0000 swapped=True
i=6 pair=(3,0) lam_t=0.97857 lam_s=0.99286 tsr_diff=0.004883 integral_mean=-0.000039 integral_std=0.004428 log_ratio=-0.0934 accept=0.9108 swapped=True
i=6 pair=(1,4) lam_t=1.00714 lam_s=1.02143 tsr_diff=0.004789 integral_mean=-0.000020 integral_std=0.004384 log_ratio=-0.0487 accept=0.9525 swapped=True
i=6 pair=(6,2) lam_t=1.03571 lam_s=1.05000 tsr_diff=0.004698 integral_mean=0.000229 integral_std=0.005433 log_ratio=0.0000 accept=1.0000 swapped=True
i=7 pair=(5,0) lam_t=0.96429 lam_s=0.97857 tsr_diff=0.006435 integral_mean=0.000497 integral_std=0.006466 log_ratio=0.0000 accept=1.0000 swapped=True
i=7 pair=(3,4) lam_t=0.99286 lam_s=1.00714 tsr_diff=0.006274 integral_mean=0.000050 integral_std=0.005930 log_ratio=0.0000 accept=1.0000 swapped=True
i=7 pair=(1,2) lam_t=1.02143 lam_s=1.03571 tsr_diff=0.006120 integral_mean=-0.000051 integral_std=0.006483 log_ratio=-0.1222 accept=0.8850 swapped=True
i=8 pair=(7,0) lam_t=0.95000 lam_s=0.96429 tsr_diff=0.008123 integral_mean=-0.000130 integral_std=0.006467 log_ratio=-0.3109 accept=0.7328 swapped=True
i=8 pair=(5,4) lam_t=0.97857 lam_s=0.99286 tsr_diff=0.007872 integral_mean=0.000331 integral_std=0.006975 log_ratio=0.0000 accept=1.0000 swapped=True
i=8 pair=(3,2) lam_t=1.00714 lam_s=1.02143 tsr_diff=0.007631 integral_mean=-0.000247 integral_std=0.007365 log_ratio=-0.5934 accept=0.5524 swapped=False
i=8 pair=(1,6) lam_t=1.03571 lam_s=1.05000 tsr_diff=0.007402 integral_mean=-0.000254 integral_std=0.007685 log_ratio=-0.6097 accept=0.5435 swapped=False
i=9 pair=(7,4) lam_t=0.96429 lam_s=0.97857 tsr_diff=0.009548 integral_mean=-0.000589 integral_std=0.010916 log_ratio=-1.4146 accept=0.2430 swapped=False
i=9 pair=(5,3) lam_t=0.99286 lam_s=1.00714 tsr_diff=0.009200 integral_mean=0.000570 integral_std=0.009156 log_ratio=0.0000 accept=1.0000 swapped=True
i=9 pair=(2,1) lam_t=1.02143 lam_s=1.03571 tsr_diff=0.008870 integral_mean=0.000068 integral_std=0.010368 log_ratio=0.0000 accept=1.0000 swapped=True
i=10 pair=(0,7) lam_t=0.95000 lam_s=0.96429 tsr_diff=0.011265 integral_mean=-0.000062 integral_std=0.008486 log_ratio=-0.1483 accept=0.8622 swapped=True
i=10 pair=(4,3) lam_t=0.97857 lam_s=0.99286 tsr_diff=0.010789 integral_mean=0.000996 integral_std=0.017140 log_ratio=0.0000 accept=1.0000 swapped=True
i=10 pair=(5,1) lam_t=1.00714 lam_s=1.02143 tsr_diff=0.010342 integral_mean=-0.000520 integral_std=0.011852 log_ratio=-1.2478 accept=0.2871 swapped=False
i=10 pair=(2,6) lam_t=1.03571 lam_s=1.05000 tsr_diff=0.009923 integral_mean=-0.000065 integral_std=0.012749 log_ratio=-0.1570 accept=0.8547 swapped=False
i=11 pair=(0,3) lam_t=0.96429 lam_s=0.97857 tsr_diff=0.012354 integral_mean=-0.000605 integral_std=0.010728 log_ratio=-1.4524 accept=0.2340 swapped=False
i=11 pair=(4,5) lam_t=0.99286 lam_s=1.00714 tsr_diff=0.011778 integral_mean=0.001241 integral_std=0.013885 log_ratio=0.0000 accept=1.0000 swapped=True
i=11 pair=(1,2) lam_t=1.02143 lam_s=1.03571 tsr_diff=0.011242 integral_mean=-0.000243 integral_std=0.017624 log_ratio=-0.5838 accept=0.5578 swapped=True
i=12 pair=(7,0) lam_t=0.95000 lam_s=0.96429 tsr_diff=0.013839 integral_mean=0.000372 integral_std=0.010244 log_ratio=0.0000 accept=1.0000 swapped=True
i=12 pair=(3,5) lam_t=0.97857 lam_s=0.99286 tsr_diff=0.013131 integral_mean=0.000196 integral_std=0.014219 log_ratio=0.0000 accept=1.0000 swapped=True
i=12 pair=(4,2) lam_t=1.00714 lam_s=1.02143 tsr_diff=0.012476 integral_mean=0.001814 integral_std=0.036434 log_ratio=0.0000 accept=1.0000 swapped=True
i=12 pair=(1,6) lam_t=1.03571 lam_s=1.05000 tsr_diff=0.011868 integral_mean=0.000783 integral_std=0.018979 log_ratio=0.0000 accept=1.0000 swapped=True
i=13 pair=(7,5) lam_t=0.96429 lam_s=0.97857 tsr_diff=0.014342 integral_mean=-0.000905 integral_std=0.020558 log_ratio=-2.1716 accept=0.1140 swapped=True
i=13 pair=(3,2) lam_t=0.99286 lam_s=1.00714 tsr_diff=0.013574 integral_mean=-0.002407 integral_std=0.028201 log_ratio=-5.7757 accept=0.0031 swapped=False
i=13 pair=(4,6) lam_t=1.02143 lam_s=1.03571 tsr_diff=0.012866 integral_mean=0.003846 integral_std=0.103708 log_ratio=0.0000 accept=1.0000 swapped=True
i=14 pair=(0,5) lam_t=0.95000 lam_s=0.96429 tsr_diff=0.015346 integral_mean=-0.003063 integral_std=0.052860 log_ratio=-7.3512 accept=0.0006 swapped=False
i=14 pair=(7,3) lam_t=0.97857 lam_s=0.99286 tsr_diff=0.014482 integral_mean=-0.000494 integral_std=0.022433 log_ratio=-1.1851 accept=0.3057 swapped=True
i=14 pair=(2,6) lam_t=1.00714 lam_s=1.02143 tsr_diff=0.013689 integral_mean=-0.003707 integral_std=0.105040 log_ratio=-8.8964 accept=0.0001 swapped=False
i=14 pair=(4,1) lam_t=1.03571 lam_s=1.05000 tsr_diff=0.012959 integral_mean=0.009790 integral_std=0.125381 log_ratio=0.0000 accept=1.0000 swapped=True
Best Sample: 0 log probability -0.000
Saved 1 samples to: logs/pointmaze-giant-navigate-v0/inference/plans/release_H400_T256_LimitsNormalizer_b1_condFalse/2026-07-20 18:11:38/34/0.png
Saved 1 samples to: logs/pointmaze-giant-navigate-v0/inference/plans/release_H400_T256_LimitsNormalizer_b1_condFalse/2026-07-20 18:11:38/34/rollout.png
i=0 pair=(0,1) lam_t=0.95000 lam_s=0.96429 tsr_diff=0.000000 integral_mean=0.000000 integral_std=0.000000 log_ratio=0.0000 accept=1.0000 swapped=True
i=0 pair=(2,3) lam_t=0.97857 lam_s=0.99286 tsr_diff=0.000000 integral_mean=0.000000 integral_std=0.000000 log_ratio=0.0000 accept=1.0000 swapped=True
i=0 pair=(4,5) lam_t=1.00714 lam_s=1.02143 tsr_diff=0.000000 integral_mean=0.000000 integral_std=0.000000 log_ratio=0.0000 accept=1.0000 swapped=True
i=0 pair=(6,7) lam_t=1.03571 lam_s=1.05000 tsr_diff=0.000000 integral_mean=0.000000 integral_std=0.000000 log_ratio=0.0000 accept=1.0000 swapped=True
i=1 pair=(0,3) lam_t=0.96429 lam_s=0.97857 tsr_diff=0.000153 integral_mean=-0.000004 integral_std=0.000155 log_ratio=-0.0096 accept=0.9904 swapped=True
i=1 pair=(2,5) lam_t=0.99286 lam_s=1.00714 tsr_diff=0.000152 integral_mean=-0.000009 integral_std=0.000159 log_ratio=-0.0212 accept=0.9791 swapped=True
i=1 pair=(4,7) lam_t=1.02143 lam_s=1.03571 tsr_diff=0.000152 integral_mean=-0.000003 integral_std=0.000145 log_ratio=-0.0063 accept=0.9937 swapped=True
i=2 pair=(1,3) lam_t=0.95000 lam_s=0.96429 tsr_diff=0.000605 integral_mean=0.000004 integral_std=0.000605 log_ratio=0.0000 accept=1.0000 swapped=True
i=2 pair=(0,5) lam_t=0.97857 lam_s=0.99286 tsr_diff=0.000604 integral_mean=-0.000017 integral_std=0.000612 log_ratio=-0.0407 accept=0.9601 swapped=True
i=2 pair=(2,7) lam_t=1.00714 lam_s=1.02143 tsr_diff=0.000603 integral_mean=-0.000003 integral_std=0.000604 log_ratio=-0.0061 accept=0.9940 swapped=True
i=2 pair=(4,6) lam_t=1.03571 lam_s=1.05000 tsr_diff=0.000601 integral_mean=-0.000000 integral_std=0.000596 log_ratio=-0.0005 accept=0.9995 swapped=True
i=3 pair=(1,5) lam_t=0.96429 lam_s=0.97857 tsr_diff=0.001341 integral_mean=0.000006 integral_std=0.001351 log_ratio=0.0000 accept=1.0000 swapped=True
i=3 pair=(0,7) lam_t=0.99286 lam_s=1.00714 tsr_diff=0.001333 integral_mean=0.000005 integral_std=0.001271 log_ratio=0.0000 accept=1.0000 swapped=True
i=3 pair=(2,6) lam_t=1.02143 lam_s=1.03571 tsr_diff=0.001326 integral_mean=-0.000190 integral_std=0.001449 log_ratio=-0.4560 accept=0.6338 swapped=True
i=4 pair=(3,5) lam_t=0.95000 lam_s=0.96429 tsr_diff=0.002344 integral_mean=-0.000073 integral_std=0.002439 log_ratio=-0.1754 accept=0.8391 swapped=False
i=4 pair=(1,7) lam_t=0.97857 lam_s=0.99286 tsr_diff=0.002322 integral_mean=0.000111 integral_std=0.002284 log_ratio=0.0000 accept=1.0000 swapped=True
i=4 pair=(0,6) lam_t=1.00714 lam_s=1.02143 tsr_diff=0.002301 integral_mean=-0.000066 integral_std=0.002296 log_ratio=-0.1589 accept=0.8531 swapped=True
i=4 pair=(2,4) lam_t=1.03571 lam_s=1.05000 tsr_diff=0.002280 integral_mean=0.000155 integral_std=0.002439 log_ratio=0.0000 accept=1.0000 swapped=True
i=5 pair=(5,7) lam_t=0.96429 lam_s=0.97857 tsr_diff=0.003545 integral_mean=0.000257 integral_std=0.003672 log_ratio=0.0000 accept=1.0000 swapped=True
i=5 pair=(1,6) lam_t=0.99286 lam_s=1.00714 tsr_diff=0.003496 integral_mean=-0.000106 integral_std=0.003371 log_ratio=-0.2556 accept=0.7745 swapped=False
i=5 pair=(0,4) lam_t=1.02143 lam_s=1.03571 tsr_diff=0.003447 integral_mean=-0.000023 integral_std=0.003220 log_ratio=-0.0554 accept=0.9461 swapped=True
i=6 pair=(3,7) lam_t=0.95000 lam_s=0.96429 tsr_diff=0.004979 integral_mean=-0.000018 integral_std=0.004424 log_ratio=-0.0433 accept=0.9577 swapped=True
i=6 pair=(5,1) lam_t=0.97857 lam_s=0.99286 tsr_diff=0.004883 integral_mean=0.000233 integral_std=0.004748 log_ratio=0.0000 accept=1.0000 swapped=True
i=6 pair=(6,4) lam_t=1.00714 lam_s=1.02143 tsr_diff=0.004789 integral_mean=0.000029 integral_std=0.004569 log_ratio=0.0000 accept=1.0000 swapped=True
i=6 pair=(0,2) lam_t=1.03571 lam_s=1.05000 tsr_diff=0.004698 integral_mean=-0.000013 integral_std=0.004150 log_ratio=-0.0316 accept=0.9689 swapped=True
i=7 pair=(3,1) lam_t=0.96429 lam_s=0.97857 tsr_diff=0.006435 integral_mean=0.000041 integral_std=0.005899 log_ratio=0.0000 accept=1.0000 swapped=True
i=7 pair=(5,4) lam_t=0.99286 lam_s=1.00714 tsr_diff=0.006274 integral_mean=0.000017 integral_std=0.006325 log_ratio=0.0000 accept=1.0000 swapped=True
i=7 pair=(6,2) lam_t=1.02143 lam_s=1.03571 tsr_diff=0.006120 integral_mean=-0.000390 integral_std=0.006536 log_ratio=-0.9371 accept=0.3918 swapped=True
i=8 pair=(7,1) lam_t=0.95000 lam_s=0.96429 tsr_diff=0.008123 integral_mean=0.000151 integral_std=0.007824 log_ratio=0.0000 accept=1.0000 swapped=True
i=8 pair=(3,4) lam_t=0.97857 lam_s=0.99286 tsr_diff=0.007872 integral_mean=-0.000057 integral_std=0.007222 log_ratio=-0.1361 accept=0.8728 swapped=True
i=8 pair=(5,2) lam_t=1.00714 lam_s=1.02143 tsr_diff=0.007631 integral_mean=-0.000829 integral_std=0.008219 log_ratio=-1.9890 accept=0.1368 swapped=False
i=8 pair=(6,0) lam_t=1.03571 lam_s=1.05000 tsr_diff=0.007402 integral_mean=-0.000050 integral_std=0.007412 log_ratio=-0.1209 accept=0.8861 swapped=True
i=9 pair=(7,4) lam_t=0.96429 lam_s=0.97857 tsr_diff=0.009548 integral_mean=-0.000286 integral_std=0.007640 log_ratio=-0.6872 accept=0.5030 swapped=True
i=9 pair=(3,5) lam_t=0.99286 lam_s=1.00714 tsr_diff=0.009200 integral_mean=-0.000608 integral_std=0.008269 log_ratio=-1.4583 accept=0.2326 swapped=True
i=9 pair=(2,0) lam_t=1.02143 lam_s=1.03571 tsr_diff=0.008870 integral_mean=0.002202 integral_std=0.011928 log_ratio=0.0000 accept=1.0000 swapped=True
i=10 pair=(1,4) lam_t=0.95000 lam_s=0.96429 tsr_diff=0.011265 integral_mean=-0.000153 integral_std=0.012026 log_ratio=-0.3661 accept=0.6934 swapped=True
i=10 pair=(7,5) lam_t=0.97857 lam_s=0.99286 tsr_diff=0.010789 integral_mean=-0.000598 integral_std=0.011053 log_ratio=-1.4353 accept=0.2380 swapped=False
i=10 pair=(3,0) lam_t=1.00714 lam_s=1.02143 tsr_diff=0.010342 integral_mean=-0.000074 integral_std=0.009651 log_ratio=-0.1774 accept=0.8374 swapped=True
i=10 pair=(2,6) lam_t=1.03571 lam_s=1.05000 tsr_diff=0.009923 integral_mean=0.002798 integral_std=0.012216 log_ratio=0.0000 accept=1.0000 swapped=True
i=11 pair=(1,7) lam_t=0.96429 lam_s=0.97857 tsr_diff=0.012354 integral_mean=0.000145 integral_std=0.014449 log_ratio=0.0000 accept=1.0000 swapped=True
i=11 pair=(5,0) lam_t=0.99286 lam_s=1.00714 tsr_diff=0.011778 integral_mean=0.000241 integral_std=0.013998 log_ratio=0.0000 accept=1.0000 swapped=True
i=11 pair=(3,6) lam_t=1.02143 lam_s=1.03571 tsr_diff=0.011242 integral_mean=-0.000128 integral_std=0.010622 log_ratio=-0.3074 accept=0.7354 swapped=False
i=12 pair=(4,7) lam_t=0.95000 lam_s=0.96429 tsr_diff=0.013839 integral_mean=0.000972 integral_std=0.011885 log_ratio=0.0000 accept=1.0000 swapped=True
i=12 pair=(1,0) lam_t=0.97857 lam_s=0.99286 tsr_diff=0.013131 integral_mean=-0.000239 integral_std=0.017238 log_ratio=-0.5744 accept=0.5630 swapped=True
i=12 pair=(5,3) lam_t=1.00714 lam_s=1.02143 tsr_diff=0.012476 integral_mean=0.000365 integral_std=0.010163 log_ratio=0.0000 accept=1.0000 swapped=True
i=12 pair=(6,2) lam_t=1.03571 lam_s=1.05000 tsr_diff=0.011868 integral_mean=-0.002292 integral_std=0.013835 log_ratio=-5.5019 accept=0.0041 swapped=False
i=13 pair=(4,0) lam_t=0.96429 lam_s=0.97857 tsr_diff=0.014342 integral_mean=0.000352 integral_std=0.021111 log_ratio=0.0000 accept=1.0000 swapped=True
i=13 pair=(1,3) lam_t=0.99286 lam_s=1.00714 tsr_diff=0.013574 integral_mean=0.001101 integral_std=0.018455 log_ratio=0.0000 accept=1.0000 swapped=True
i=13 pair=(5,6) lam_t=1.02143 lam_s=1.03571 tsr_diff=0.012866 integral_mean=0.000708 integral_std=0.016655 log_ratio=0.0000 accept=1.0000 swapped=True
i=14 pair=(7,0) lam_t=0.95000 lam_s=0.96429 tsr_diff=0.015346 integral_mean=0.001420 integral_std=0.031341 log_ratio=0.0000 accept=1.0000 swapped=True
i=14 pair=(4,3) lam_t=0.97857 lam_s=0.99286 tsr_diff=0.014482 integral_mean=0.005131 integral_std=0.029819 log_ratio=0.0000 accept=1.0000 swapped=True
i=14 pair=(1,6) lam_t=1.00714 lam_s=1.02143 tsr_diff=0.013689 integral_mean=0.001181 integral_std=0.018929 log_ratio=0.0000 accept=1.0000 swapped=True
i=14 pair=(5,2) lam_t=1.03571 lam_s=1.05000 tsr_diff=0.012959 integral_mean=-0.017145 integral_std=0.187723 log_ratio=-41.1474 accept=0.0000 swapped=False
Best Sample: 7 log probability 0.000
Saved 1 samples to: logs/pointmaze-giant-navigate-v0/inference/plans/release_H400_T256_LimitsNormalizer_b1_condFalse/2026-07-20 18:11:38/35/0.png
Saved 1 samples to: logs/pointmaze-giant-navigate-v0/inference/plans/release_H400_T256_LimitsNormalizer_b1_condFalse/2026-07-20 18:11:38/35/rollout.png
i=0 pair=(0,1) lam_t=0.95000 lam_s=0.96429 tsr_diff=0.000000 integral_mean=0.000000 integral_std=0.000000 log_ratio=0.0000 accept=1.0000 swapped=True
i=0 pair=(2,3) lam_t=0.97857 lam_s=0.99286 tsr_diff=0.000000 integral_mean=0.000000 integral_std=0.000000 log_ratio=0.0000 accept=1.0000 swapped=True
i=0 pair=(4,5) lam_t=1.00714 lam_s=1.02143 tsr_diff=0.000000 integral_mean=0.000000 integral_std=0.000000 log_ratio=0.0000 accept=1.0000 swapped=True
i=0 pair=(6,7) lam_t=1.03571 lam_s=1.05000 tsr_diff=0.000000 integral_mean=0.000000 integral_std=0.000000 log_ratio=0.0000 accept=1.0000 swapped=True
i=1 pair=(0,3) lam_t=0.96429 lam_s=0.97857 tsr_diff=0.000153 integral_mean=-0.000003 integral_std=0.000147 log_ratio=-0.0065 accept=0.9936 swapped=True
i=1 pair=(2,5) lam_t=0.99286 lam_s=1.00714 tsr_diff=0.000152 integral_mean=-0.000001 integral_std=0.000149 log_ratio=-0.0028 accept=0.9972 swapped=True
i=1 pair=(4,7) lam_t=1.02143 lam_s=1.03571 tsr_diff=0.000152 integral_mean=-0.000004 integral_std=0.000149 log_ratio=-0.0096 accept=0.9904 swapped=True
i=2 pair=(1,3) lam_t=0.95000 lam_s=0.96429 tsr_diff=0.000605 integral_mean=0.000037 integral_std=0.000632 log_ratio=0.0000 accept=1.0000 swapped=True
i=2 pair=(0,5) lam_t=0.97857 lam_s=0.99286 tsr_diff=0.000604 integral_mean=-0.000062 integral_std=0.000671 log_ratio=-0.1479 accept=0.8625 swapped=True
i=2 pair=(2,7) lam_t=1.00714 lam_s=1.02143 tsr_diff=0.000603 integral_mean=0.000014 integral_std=0.000610 log_ratio=0.0000 accept=1.0000 swapped=True
i=2 pair=(4,6) lam_t=1.03571 lam_s=1.05000 tsr_diff=0.000601 integral_mean=0.000079 integral_std=0.000712 log_ratio=0.0000 accept=1.0000 swapped=True
i=3 pair=(1,5) lam_t=0.96429 lam_s=0.97857 tsr_diff=0.001341 integral_mean=-0.000017 integral_std=0.001303 log_ratio=-0.0419 accept=0.9589 swapped=True
i=3 pair=(0,7) lam_t=0.99286 lam_s=1.00714 tsr_diff=0.001333 integral_mean=-0.000022 integral_std=0.001277 log_ratio=-0.0524 accept=0.9489 swapped=True
i=3 pair=(2,6) lam_t=1.02143 lam_s=1.03571 tsr_diff=0.001326 integral_mean=-0.000022 integral_std=0.001229 log_ratio=-0.0517 accept=0.9496 swapped=True
i=4 pair=(3,5) lam_t=0.95000 lam_s=0.96429 tsr_diff=0.002344 integral_mean=0.000002 integral_std=0.002535 log_ratio=0.0000 accept=1.0000 swapped=True
i=4 pair=(1,7) lam_t=0.97857 lam_s=0.99286 tsr_diff=0.002322 integral_mean=0.000042 integral_std=0.002189 log_ratio=0.0000 accept=1.0000 swapped=True
i=4 pair=(0,6) lam_t=1.00714 lam_s=1.02143 tsr_diff=0.002301 integral_mean=-0.000199 integral_std=0.002276 log_ratio=-0.4768 accept=0.6208 swapped=True
i=4 pair=(2,4) lam_t=1.03571 lam_s=1.05000 tsr_diff=0.002280 integral_mean=-0.000095 integral_std=0.002331 log_ratio=-0.2270 accept=0.7970 swapped=True
i=5 pair=(3,7) lam_t=0.96429 lam_s=0.97857 tsr_diff=0.003545 integral_mean=0.000156 integral_std=0.003379 log_ratio=0.0000 accept=1.0000 swapped=True
i=5 pair=(1,6) lam_t=0.99286 lam_s=1.00714 tsr_diff=0.003496 integral_mean=0.000077 integral_std=0.003599 log_ratio=0.0000 accept=1.0000 swapped=True
i=5 pair=(0,4) lam_t=1.02143 lam_s=1.03571 tsr_diff=0.003447 integral_mean=-0.000073 integral_std=0.003458 log_ratio=-0.1758 accept=0.8388 swapped=False
i=6 pair=(5,7) lam_t=0.95000 lam_s=0.96429 tsr_diff=0.004979 integral_mean=0.000056 integral_std=0.004473 log_ratio=0.0000 accept=1.0000 swapped=True
i=6 pair=(3,6) lam_t=0.97857 lam_s=0.99286 tsr_diff=0.004883 integral_mean=-0.000426 integral_std=0.005358 log_ratio=-1.0229 accept=0.3595 swapped=False
i=6 pair=(1,0) lam_t=1.00714 lam_s=1.02143 tsr_diff=0.004789 integral_mean=0.000044 integral_std=0.004900 log_ratio=0.0000 accept=1.0000 swapped=True
i=6 pair=(4,2) lam_t=1.03571 lam_s=1.05000 tsr_diff=0.004698 integral_mean=0.000216 integral_std=0.004809 log_ratio=0.0000 accept=1.0000 swapped=True
i=7 pair=(5,3) lam_t=0.96429 lam_s=0.97857 tsr_diff=0.006435 integral_mean=0.000097 integral_std=0.006715 log_ratio=0.0000 accept=1.0000 swapped=True
i=7 pair=(6,0) lam_t=0.99286 lam_s=1.00714 tsr_diff=0.006274 integral_mean=0.000291 integral_std=0.006113 log_ratio=0.0000 accept=1.0000 swapped=True
i=7 pair=(1,2) lam_t=1.02143 lam_s=1.03571 tsr_diff=0.006120 integral_mean=-0.000196 integral_std=0.005451 log_ratio=-0.4702 accept=0.6249 swapped=True
i=8 pair=(7,3) lam_t=0.95000 lam_s=0.96429 tsr_diff=0.008123 integral_mean=0.000114 integral_std=0.007959 log_ratio=0.0000 accept=1.0000 swapped=True
i=8 pair=(5,0) lam_t=0.97857 lam_s=0.99286 tsr_diff=0.007872 integral_mean=-0.000096 integral_std=0.007530 log_ratio=-0.2299 accept=0.7946 swapped=True
i=8 pair=(6,2) lam_t=1.00714 lam_s=1.02143 tsr_diff=0.007631 integral_mean=0.000510 integral_std=0.008727 log_ratio=0.0000 accept=1.0000 swapped=True
i=8 pair=(1,4) lam_t=1.03571 lam_s=1.05000 tsr_diff=0.007402 integral_mean=-0.000375 integral_std=0.007736 log_ratio=-0.8991 accept=0.4069 swapped=False
i=9 pair=(7,0) lam_t=0.96429 lam_s=0.97857 tsr_diff=0.009548 integral_mean=-0.000171 integral_std=0.009617 log_ratio=-0.4113 accept=0.6628 swapped=False
i=9 pair=(5,2) lam_t=0.99286 lam_s=1.00714 tsr_diff=0.009200 integral_mean=0.000068 integral_std=0.010220 log_ratio=0.0000 accept=1.0000 swapped=True
i=9 pair=(6,1) lam_t=1.02143 lam_s=1.03571 tsr_diff=0.008870 integral_mean=0.000134 integral_std=0.008574 log_ratio=0.0000 accept=1.0000 swapped=True
i=10 pair=(3,7) lam_t=0.95000 lam_s=0.96429 tsr_diff=0.011265 integral_mean=0.000274 integral_std=0.013709 log_ratio=0.0000 accept=1.0000 swapped=True
i=10 pair=(0,2) lam_t=0.97857 lam_s=0.99286 tsr_diff=0.010789 integral_mean=0.000034 integral_std=0.013964 log_ratio=0.0000 accept=1.0000 swapped=True
i=10 pair=(5,1) lam_t=1.00714 lam_s=1.02143 tsr_diff=0.010342 integral_mean=0.000720 integral_std=0.011758 log_ratio=0.0000 accept=1.0000 swapped=True
i=10 pair=(6,4) lam_t=1.03571 lam_s=1.05000 tsr_diff=0.009923 integral_mean=-0.000036 integral_std=0.011319 log_ratio=-0.0872 accept=0.9165 swapped=True
i=11 pair=(3,2) lam_t=0.96429 lam_s=0.97857 tsr_diff=0.012354 integral_mean=0.000097 integral_std=0.018543 log_ratio=0.0000 accept=1.0000 swapped=True
i=11 pair=(0,1) lam_t=0.99286 lam_s=1.00714 tsr_diff=0.011778 integral_mean=0.000280 integral_std=0.013240 log_ratio=0.0000 accept=1.0000 swapped=True
i=11 pair=(5,4) lam_t=1.02143 lam_s=1.03571 tsr_diff=0.011242 integral_mean=-0.000511 integral_std=0.011377 log_ratio=-1.2257 accept=0.2936 swapped=False
i=12 pair=(7,2) lam_t=0.95000 lam_s=0.96429 tsr_diff=0.013839 integral_mean=-0.000463 integral_std=0.023030 log_ratio=-1.1114 accept=0.3291 swapped=False
i=12 pair=(3,1) lam_t=0.97857 lam_s=0.99286 tsr_diff=0.013131 integral_mean=0.001436 integral_std=0.021186 log_ratio=0.0000 accept=1.0000 swapped=True
i=12 pair=(0,5) lam_t=1.00714 lam_s=1.02143 tsr_diff=0.012476 integral_mean=-0.000496 integral_std=0.015814 log_ratio=-1.1904 accept=0.3041 swapped=False
i=12 pair=(4,6) lam_t=1.03571 lam_s=1.05000 tsr_diff=0.011868 integral_mean=0.000816 integral_std=0.013984 log_ratio=0.0000 accept=1.0000 swapped=True
i=13 pair=(2,1) lam_t=0.96429 lam_s=0.97857 tsr_diff=0.014342 integral_mean=0.001321 integral_std=0.032584 log_ratio=0.0000 accept=1.0000 swapped=True
i=13 pair=(3,0) lam_t=0.99286 lam_s=1.00714 tsr_diff=0.013574 integral_mean=0.001939 integral_std=0.023672 log_ratio=0.0000 accept=1.0000 swapped=True
i=13 pair=(5,6) lam_t=1.02143 lam_s=1.03571 tsr_diff=0.012866 integral_mean=0.001557 integral_std=0.021141 log_ratio=0.0000 accept=1.0000 swapped=True
i=14 pair=(7,1) lam_t=0.95000 lam_s=0.96429 tsr_diff=0.015346 integral_mean=0.001187 integral_std=0.044135 log_ratio=0.0000 accept=1.0000 swapped=True
i=14 pair=(2,0) lam_t=0.97857 lam_s=0.99286 tsr_diff=0.014482 integral_mean=0.003048 integral_std=0.044880 log_ratio=0.0000 accept=1.0000 swapped=True
i=14 pair=(3,6) lam_t=1.00714 lam_s=1.02143 tsr_diff=0.013689 integral_mean=0.007893 integral_std=0.056137 log_ratio=0.0000 accept=1.0000 swapped=True
i=14 pair=(5,4) lam_t=1.03571 lam_s=1.05000 tsr_diff=0.012959 integral_mean=-0.003168 integral_std=0.057204 log_ratio=-7.6041 accept=0.0005 swapped=False
Best Sample: 7 log probability -0.022
Saved 1 samples to: logs/pointmaze-giant-navigate-v0/inference/plans/release_H400_T256_LimitsNormalizer_b1_condFalse/2026-07-20 18:11:38/36/0.png
Saved 1 samples to: logs/pointmaze-giant-navigate-v0/inference/plans/release_H400_T256_LimitsNormalizer_b1_condFalse/2026-07-20 18:11:38/36/rollout.png
i=0 pair=(0,1) lam_t=0.95000 lam_s=0.96429 tsr_diff=0.000000 integral_mean=0.000000 integral_std=0.000000 log_ratio=0.0000 accept=1.0000 swapped=True
i=0 pair=(2,3) lam_t=0.97857 lam_s=0.99286 tsr_diff=0.000000 integral_mean=0.000000 integral_std=0.000000 log_ratio=0.0000 accept=1.0000 swapped=True
i=0 pair=(4,5) lam_t=1.00714 lam_s=1.02143 tsr_diff=0.000000 integral_mean=0.000000 integral_std=0.000000 log_ratio=0.0000 accept=1.0000 swapped=True
i=0 pair=(6,7) lam_t=1.03571 lam_s=1.05000 tsr_diff=0.000000 integral_mean=0.000000 integral_std=0.000000 log_ratio=0.0000 accept=1.0000 swapped=True
i=1 pair=(0,3) lam_t=0.96429 lam_s=0.97857 tsr_diff=0.000153 integral_mean=0.000008 integral_std=0.000157 log_ratio=0.0000 accept=1.0000 swapped=True
i=1 pair=(2,5) lam_t=0.99286 lam_s=1.00714 tsr_diff=0.000152 integral_mean=0.000001 integral_std=0.000142 log_ratio=0.0000 accept=1.0000 swapped=True
i=1 pair=(4,7) lam_t=1.02143 lam_s=1.03571 tsr_diff=0.000152 integral_mean=0.000007 integral_std=0.000148 log_ratio=0.0000 accept=1.0000 swapped=True
i=2 pair=(1,3) lam_t=0.95000 lam_s=0.96429 tsr_diff=0.000605 integral_mean=-0.000006 integral_std=0.000634 log_ratio=-0.0140 accept=0.9861 swapped=True
i=2 pair=(0,5) lam_t=0.97857 lam_s=0.99286 tsr_diff=0.000604 integral_mean=-0.000010 integral_std=0.000576 log_ratio=-0.0228 accept=0.9774 swapped=True
i=2 pair=(2,7) lam_t=1.00714 lam_s=1.02143 tsr_diff=0.000603 integral_mean=-0.000029 integral_std=0.000580 log_ratio=-0.0691 accept=0.9332 swapped=True
i=2 pair=(4,6) lam_t=1.03571 lam_s=1.05000 tsr_diff=0.000601 integral_mean=0.000023 integral_std=0.000683 log_ratio=0.0000 accept=1.0000 swapped=True
i=3 pair=(1,5) lam_t=0.96429 lam_s=0.97857 tsr_diff=0.001341 integral_mean=-0.000037 integral_std=0.001392 log_ratio=-0.0886 accept=0.9153 swapped=True
i=3 pair=(0,7) lam_t=0.99286 lam_s=1.00714 tsr_diff=0.001333 integral_mean=-0.000055 integral_std=0.001345 log_ratio=-0.1311 accept=0.8771 swapped=True
i=3 pair=(2,6) lam_t=1.02143 lam_s=1.03571 tsr_diff=0.001326 integral_mean=0.000073 integral_std=0.001378 log_ratio=0.0000 accept=1.0000 swapped=True
i=4 pair=(3,5) lam_t=0.95000 lam_s=0.96429 tsr_diff=0.002344 integral_mean=-0.000158 integral_std=0.002437 log_ratio=-0.3799 accept=0.6839 swapped=True
i=4 pair=(1,7) lam_t=0.97857 lam_s=0.99286 tsr_diff=0.002322 integral_mean=-0.000014 integral_std=0.002165 log_ratio=-0.0343 accept=0.9662 swapped=True
i=4 pair=(0,6) lam_t=1.00714 lam_s=1.02143 tsr_diff=0.002301 integral_mean=0.000042 integral_std=0.002216 log_ratio=0.0000 accept=1.0000 swapped=True
i=4 pair=(2,4) lam_t=1.03571 lam_s=1.05000 tsr_diff=0.002280 integral_mean=0.000056 integral_std=0.002183 log_ratio=0.0000 accept=1.0000 swapped=True
i=5 pair=(3,7) lam_t=0.96429 lam_s=0.97857 tsr_diff=0.003545 integral_mean=-0.000036 integral_std=0.003262 log_ratio=-0.0876 accept=0.9162 swapped=True
i=5 pair=(1,6) lam_t=0.99286 lam_s=1.00714 tsr_diff=0.003496 integral_mean=0.000052 integral_std=0.003214 log_ratio=0.0000 accept=1.0000 swapped=True
i=5 pair=(0,4) lam_t=1.02143 lam_s=1.03571 tsr_diff=0.003447 integral_mean=-0.000038 integral_std=0.003340 log_ratio=-0.0922 accept=0.9119 swapped=True
i=6 pair=(5,7) lam_t=0.95000 lam_s=0.96429 tsr_diff=0.004979 integral_mean=-0.000001 integral_std=0.004902 log_ratio=-0.0013 accept=0.9987 swapped=True
i=6 pair=(3,6) lam_t=0.97857 lam_s=0.99286 tsr_diff=0.004883 integral_mean=-0.000260 integral_std=0.004944 log_ratio=-0.6241 accept=0.5357 swapped=True
i=6 pair=(1,4) lam_t=1.00714 lam_s=1.02143 tsr_diff=0.004789 integral_mean=0.000014 integral_std=0.004312 log_ratio=0.0000 accept=1.0000 swapped=True
i=6 pair=(0,2) lam_t=1.03571 lam_s=1.05000 tsr_diff=0.004698 integral_mean=-0.000326 integral_std=0.004526 log_ratio=-0.7820 accept=0.4575 swapped=True
i=7 pair=(5,6) lam_t=0.96429 lam_s=0.97857 tsr_diff=0.006435 integral_mean=-0.000361 integral_std=0.006552 log_ratio=-0.8667 accept=0.4203 swapped=False
i=7 pair=(3,4) lam_t=0.99286 lam_s=1.00714 tsr_diff=0.006274 integral_mean=-0.000100 integral_std=0.005530 log_ratio=-0.2409 accept=0.7859 swapped=True
i=7 pair=(1,2) lam_t=1.02143 lam_s=1.03571 tsr_diff=0.006120 integral_mean=-0.000220 integral_std=0.005382 log_ratio=-0.5286 accept=0.5894 swapped=True
i=8 pair=(7,5) lam_t=0.95000 lam_s=0.96429 tsr_diff=0.008123 integral_mean=0.000111 integral_std=0.007587 log_ratio=0.0000 accept=1.0000 swapped=True
i=8 pair=(6,4) lam_t=0.97857 lam_s=0.99286 tsr_diff=0.007872 integral_mean=0.000169 integral_std=0.008103 log_ratio=0.0000 accept=1.0000 swapped=True
i=8 pair=(3,2) lam_t=1.00714 lam_s=1.02143 tsr_diff=0.007631 integral_mean=-0.001163 integral_std=0.009891 log_ratio=-2.7909 accept=0.0614 swapped=False
i=8 pair=(1,0) lam_t=1.03571 lam_s=1.05000 tsr_diff=0.007402 integral_mean=0.000292 integral_std=0.006149 log_ratio=0.0000 accept=1.0000 swapped=True
i=9 pair=(7,4) lam_t=0.96429 lam_s=0.97857 tsr_diff=0.009548 integral_mean=-0.000093 integral_std=0.009003 log_ratio=-0.2228 accept=0.8003 swapped=True
i=9 pair=(6,3) lam_t=0.99286 lam_s=1.00714 tsr_diff=0.009200 integral_mean=0.000210 integral_std=0.008465 log_ratio=0.0000 accept=1.0000 swapped=True
i=9 pair=(2,0) lam_t=1.02143 lam_s=1.03571 tsr_diff=0.008870 integral_mean=0.000897 integral_std=0.009213 log_ratio=0.0000 accept=1.0000 swapped=True
i=10 pair=(5,4) lam_t=0.95000 lam_s=0.96429 tsr_diff=0.011265 integral_mean=-0.000426 integral_std=0.010110 log_ratio=-1.0228 accept=0.3596 swapped=True
i=10 pair=(7,3) lam_t=0.97857 lam_s=0.99286 tsr_diff=0.010789 integral_mean=0.000431 integral_std=0.009598 log_ratio=0.0000 accept=1.0000 swapped=True
i=10 pair=(6,0) lam_t=1.00714 lam_s=1.02143 tsr_diff=0.010342 integral_mean=0.000307 integral_std=0.009919 log_ratio=0.0000 accept=1.0000 swapped=True
i=10 pair=(2,1) lam_t=1.03571 lam_s=1.05000 tsr_diff=0.009923 integral_mean=0.000814 integral_std=0.012420 log_ratio=0.0000 accept=1.0000 swapped=True
i=11 pair=(5,3) lam_t=0.96429 lam_s=0.97857 tsr_diff=0.012354 integral_mean=0.000255 integral_std=0.011605 log_ratio=0.0000 accept=1.0000 swapped=True
i=11 pair=(7,0) lam_t=0.99286 lam_s=1.00714 tsr_diff=0.011778 integral_mean=0.000736 integral_std=0.010488 log_ratio=0.0000 accept=1.0000 swapped=True
i=11 pair=(6,1) lam_t=1.02143 lam_s=1.03571 tsr_diff=0.011242 integral_mean=0.000735 integral_std=0.012369 log_ratio=0.0000 accept=1.0000 swapped=True
i=12 pair=(4,3) lam_t=0.95000 lam_s=0.96429 tsr_diff=0.013839 integral_mean=0.017542 integral_std=0.082055 log_ratio=0.0000 accept=1.0000 swapped=True
i=12 pair=(5,0) lam_t=0.97857 lam_s=0.99286 tsr_diff=0.013131 integral_mean=0.000237 integral_std=0.016385 log_ratio=0.0000 accept=1.0000 swapped=True
i=12 pair=(7,1) lam_t=1.00714 lam_s=1.02143 tsr_diff=0.012476 integral_mean=-0.000066 integral_std=0.014684 log_ratio=-0.1594 accept=0.8526 swapped=False
i=12 pair=(6,2) lam_t=1.03571 lam_s=1.05000 tsr_diff=0.011868 integral_mean=-0.000825 integral_std=0.033719 log_ratio=-1.9789 accept=0.1382 swapped=False
i=13 pair=(4,0) lam_t=0.96429 lam_s=0.97857 tsr_diff=0.014342 integral_mean=0.005860 integral_std=0.027837 log_ratio=0.0000 accept=1.0000 swapped=True
i=13 pair=(5,7) lam_t=0.99286 lam_s=1.00714 tsr_diff=0.013574 integral_mean=-0.000169 integral_std=0.025328 log_ratio=-0.4050 accept=0.6670 swapped=True
i=13 pair=(1,6) lam_t=1.02143 lam_s=1.03571 tsr_diff=0.012866 integral_mean=-0.001103 integral_std=0.020452 log_ratio=-2.6465 accept=0.0709 swapped=False
i=14 pair=(3,0) lam_t=0.95000 lam_s=0.96429 tsr_diff=0.015346 integral_mean=0.001043 integral_std=0.011722 log_ratio=0.0000 accept=1.0000 swapped=True
i=14 pair=(4,7) lam_t=0.97857 lam_s=0.99286 tsr_diff=0.014482 integral_mean=0.005875 integral_std=0.068155 log_ratio=0.0000 accept=1.0000 swapped=True
i=14 pair=(5,1) lam_t=1.00714 lam_s=1.02143 tsr_diff=0.013689 integral_mean=-0.001598 integral_std=0.037586 log_ratio=-3.8354 accept=0.0216 swapped=False
i=14 pair=(6,2) lam_t=1.03571 lam_s=1.05000 tsr_diff=0.012959 integral_mean=0.016632 integral_std=0.170601 log_ratio=0.0000 accept=1.0000 swapped=True
Best Sample: 3 log probability 0.000
Saved 1 samples to: logs/pointmaze-giant-navigate-v0/inference/plans/release_H400_T256_LimitsNormalizer_b1_condFalse/2026-07-20 18:11:38/37/0.png
Saved 1 samples to: logs/pointmaze-giant-navigate-v0/inference/plans/release_H400_T256_LimitsNormalizer_b1_condFalse/2026-07-20 18:11:38/37/rollout.png
i=0 pair=(0,1) lam_t=0.95000 lam_s=0.96429 tsr_diff=0.000000 integral_mean=0.000000 integral_std=0.000000 log_ratio=0.0000 accept=1.0000 swapped=True
i=0 pair=(2,3) lam_t=0.97857 lam_s=0.99286 tsr_diff=0.000000 integral_mean=0.000000 integral_std=0.000000 log_ratio=0.0000 accept=1.0000 swapped=True
i=0 pair=(4,5) lam_t=1.00714 lam_s=1.02143 tsr_diff=0.000000 integral_mean=0.000000 integral_std=0.000000 log_ratio=0.0000 accept=1.0000 swapped=True
i=0 pair=(6,7) lam_t=1.03571 lam_s=1.05000 tsr_diff=0.000000 integral_mean=0.000000 integral_std=0.000000 log_ratio=0.0000 accept=1.0000 swapped=True
i=1 pair=(0,3) lam_t=0.96429 lam_s=0.97857 tsr_diff=0.000153 integral_mean=0.000002 integral_std=0.000154 log_ratio=0.0000 accept=1.0000 swapped=True
i=1 pair=(2,5) lam_t=0.99286 lam_s=1.00714 tsr_diff=0.000152 integral_mean=0.000004 integral_std=0.000154 log_ratio=0.0000 accept=1.0000 swapped=True
i=1 pair=(4,7) lam_t=1.02143 lam_s=1.03571 tsr_diff=0.000152 integral_mean=0.000006 integral_std=0.000160 log_ratio=0.0000 accept=1.0000 swapped=True
i=2 pair=(1,3) lam_t=0.95000 lam_s=0.96429 tsr_diff=0.000605 integral_mean=0.000003 integral_std=0.000663 log_ratio=0.0000 accept=1.0000 swapped=True
i=2 pair=(0,5) lam_t=0.97857 lam_s=0.99286 tsr_diff=0.000604 integral_mean=-0.000010 integral_std=0.000579 log_ratio=-0.0235 accept=0.9768 swapped=True
i=2 pair=(2,7) lam_t=1.00714 lam_s=1.02143 tsr_diff=0.000603 integral_mean=0.000439 integral_std=0.001171 log_ratio=0.0000 accept=1.0000 swapped=True
i=2 pair=(4,6) lam_t=1.03571 lam_s=1.05000 tsr_diff=0.000601 integral_mean=0.000021 integral_std=0.000583 log_ratio=0.0000 accept=1.0000 swapped=True
i=3 pair=(1,5) lam_t=0.96429 lam_s=0.97857 tsr_diff=0.001341 integral_mean=0.000011 integral_std=0.001349 log_ratio=0.0000 accept=1.0000 swapped=True
i=3 pair=(0,7) lam_t=0.99286 lam_s=1.00714 tsr_diff=0.001333 integral_mean=-0.000006 integral_std=0.001262 log_ratio=-0.0142 accept=0.9859 swapped=True
i=3 pair=(2,6) lam_t=1.02143 lam_s=1.03571 tsr_diff=0.001326 integral_mean=0.000242 integral_std=0.001603 log_ratio=0.0000 accept=1.0000 swapped=True
i=4 pair=(3,5) lam_t=0.95000 lam_s=0.96429 tsr_diff=0.002344 integral_mean=0.000075 integral_std=0.002093 log_ratio=0.0000 accept=1.0000 swapped=True
i=4 pair=(1,7) lam_t=0.97857 lam_s=0.99286 tsr_diff=0.002322 integral_mean=-0.000007 integral_std=0.002225 log_ratio=-0.0167 accept=0.9835 swapped=True
i=4 pair=(0,6) lam_t=1.00714 lam_s=1.02143 tsr_diff=0.002301 integral_mean=0.000039 integral_std=0.002196 log_ratio=0.0000 accept=1.0000 swapped=True
i=4 pair=(2,4) lam_t=1.03571 lam_s=1.05000 tsr_diff=0.002280 integral_mean=-0.000018 integral_std=0.002743 log_ratio=-0.0438 accept=0.9572 swapped=True
i=5 pair=(3,7) lam_t=0.96429 lam_s=0.97857 tsr_diff=0.003545 integral_mean=0.000051 integral_std=0.003497 log_ratio=0.0000 accept=1.0000 swapped=True
i=5 pair=(1,6) lam_t=0.99286 lam_s=1.00714 tsr_diff=0.003496 integral_mean=0.000008 integral_std=0.003200 log_ratio=0.0000 accept=1.0000 swapped=True
i=5 pair=(0,4) lam_t=1.02143 lam_s=1.03571 tsr_diff=0.003447 integral_mean=-0.000602 integral_std=0.003961 log_ratio=-1.4446 accept=0.2358 swapped=False
i=6 pair=(5,7) lam_t=0.95000 lam_s=0.96429 tsr_diff=0.004979 integral_mean=-0.000069 integral_std=0.004767 log_ratio=-0.1652 accept=0.8477 swapped=True
i=6 pair=(3,6) lam_t=0.97857 lam_s=0.99286 tsr_diff=0.004883 integral_mean=0.000064 integral_std=0.004605 log_ratio=0.0000 accept=1.0000 swapped=True
i=6 pair=(1,0) lam_t=1.00714 lam_s=1.02143 tsr_diff=0.004789 integral_mean=-0.000020 integral_std=0.004455 log_ratio=-0.0480 accept=0.9531 swapped=True
i=6 pair=(4,2) lam_t=1.03571 lam_s=1.05000 tsr_diff=0.004698 integral_mean=0.000234 integral_std=0.005297 log_ratio=0.0000 accept=1.0000 swapped=True
i=7 pair=(5,6) lam_t=0.96429 lam_s=0.97857 tsr_diff=0.006435 integral_mean=0.000047 integral_std=0.005819 log_ratio=0.0000 accept=1.0000 swapped=True
i=7 pair=(3,0) lam_t=0.99286 lam_s=1.00714 tsr_diff=0.006274 integral_mean=0.000002 integral_std=0.005994 log_ratio=0.0000 accept=1.0000 swapped=True
i=7 pair=(1,2) lam_t=1.02143 lam_s=1.03571 tsr_diff=0.006120 integral_mean=0.000157 integral_std=0.005628 log_ratio=0.0000 accept=1.0000 swapped=True
i=8 pair=(7,6) lam_t=0.95000 lam_s=0.96429 tsr_diff=0.008123 integral_mean=0.000106 integral_std=0.007170 log_ratio=0.0000 accept=1.0000 swapped=True
i=8 pair=(5,0) lam_t=0.97857 lam_s=0.99286 tsr_diff=0.007872 integral_mean=0.000227 integral_std=0.006538 log_ratio=0.0000 accept=1.0000 swapped=True
i=8 pair=(3,2) lam_t=1.00714 lam_s=1.02143 tsr_diff=0.007631 integral_mean=0.000021 integral_std=0.007420 log_ratio=0.0000 accept=1.0000 swapped=True
i=8 pair=(1,4) lam_t=1.03571 lam_s=1.05000 tsr_diff=0.007402 integral_mean=-0.000912 integral_std=0.008086 log_ratio=-2.1893 accept=0.1120 swapped=False
i=9 pair=(7,0) lam_t=0.96429 lam_s=0.97857 tsr_diff=0.009548 integral_mean=0.000398 integral_std=0.008535 log_ratio=0.0000 accept=1.0000 swapped=True
i=9 pair=(5,2) lam_t=0.99286 lam_s=1.00714 tsr_diff=0.009200 integral_mean=-0.000364 integral_std=0.008340 log_ratio=-0.8736 accept=0.4175 swapped=True
i=9 pair=(3,1) lam_t=1.02143 lam_s=1.03571 tsr_diff=0.008870 integral_mean=-0.000375 integral_std=0.008718 log_ratio=-0.9011 accept=0.4061 swapped=False
i=10 pair=(6,0) lam_t=0.95000 lam_s=0.96429 tsr_diff=0.011265 integral_mean=0.000604 integral_std=0.010194 log_ratio=0.0000 accept=1.0000 swapped=True
i=10 pair=(7,2) lam_t=0.97857 lam_s=0.99286 tsr_diff=0.010789 integral_mean=0.000264 integral_std=0.009373 log_ratio=0.0000 accept=1.0000 swapped=True
i=10 pair=(5,3) lam_t=1.00714 lam_s=1.02143 tsr_diff=0.010342 integral_mean=-0.000011 integral_std=0.009497 log_ratio=-0.0272 accept=0.9732 swapped=True
i=10 pair=(1,4) lam_t=1.03571 lam_s=1.05000 tsr_diff=0.009923 integral_mean=-0.000580 integral_std=0.013061 log_ratio=-1.3917 accept=0.2487 swapped=True
i=11 pair=(6,2) lam_t=0.96429 lam_s=0.97857 tsr_diff=0.012354 integral_mean=0.000377 integral_std=0.012977 log_ratio=0.0000 accept=1.0000 swapped=True
i=11 pair=(7,3) lam_t=0.99286 lam_s=1.00714 tsr_diff=0.011778 integral_mean=0.000647 integral_std=0.012862 log_ratio=0.0000 accept=1.0000 swapped=True
i=11 pair=(5,4) lam_t=1.02143 lam_s=1.03571 tsr_diff=0.011242 integral_mean=-0.001069 integral_std=0.015336 log_ratio=-2.5658 accept=0.0769 swapped=False
i=12 pair=(0,2) lam_t=0.95000 lam_s=0.96429 tsr_diff=0.013839 integral_mean=-0.000579 integral_std=0.016405 log_ratio=-1.3891 accept=0.2493 swapped=False
i=12 pair=(6,3) lam_t=0.97857 lam_s=0.99286 tsr_diff=0.013131 integral_mean=0.001680 integral_std=0.017350 log_ratio=0.0000 accept=1.0000 swapped=True
i=12 pair=(7,5) lam_t=1.00714 lam_s=1.02143 tsr_diff=0.012476 integral_mean=0.001398 integral_std=0.014704 log_ratio=0.0000 accept=1.0000 swapped=True
i=12 pair=(4,1) lam_t=1.03571 lam_s=1.05000 tsr_diff=0.011868 integral_mean=-0.000094 integral_std=0.022174 log_ratio=-0.2268 accept=0.7971 swapped=True
i=13 pair=(2,3) lam_t=0.96429 lam_s=0.97857 tsr_diff=0.014342 integral_mean=0.003161 integral_std=0.024983 log_ratio=0.0000 accept=1.0000 swapped=True
i=13 pair=(6,5) lam_t=0.99286 lam_s=1.00714 tsr_diff=0.013574 integral_mean=0.003196 integral_std=0.024769 log_ratio=0.0000 accept=1.0000 swapped=True
i=13 pair=(7,1) lam_t=1.02143 lam_s=1.03571 tsr_diff=0.012866 integral_mean=-0.000403 integral_std=0.023980 log_ratio=-0.9681 accept=0.3798 swapped=False
i=14 pair=(0,3) lam_t=0.95000 lam_s=0.96429 tsr_diff=0.015346 integral_mean=0.004349 integral_std=0.018850 log_ratio=0.0000 accept=1.0000 swapped=True
i=14 pair=(2,5) lam_t=0.97857 lam_s=0.99286 tsr_diff=0.014482 integral_mean=0.008390 integral_std=0.067519 log_ratio=0.0000 accept=1.0000 swapped=True
i=14 pair=(6,7) lam_t=1.00714 lam_s=1.02143 tsr_diff=0.013689 integral_mean=-0.004744 integral_std=0.071113 log_ratio=-11.3845 accept=0.0000 swapped=False
i=14 pair=(1,4) lam_t=1.03571 lam_s=1.05000 tsr_diff=0.012959 integral_mean=-0.019316 integral_std=0.278178 log_ratio=-46.3576 accept=0.0000 swapped=False
Best Sample: 0 log probability 0.000
Saved 1 samples to: logs/pointmaze-giant-navigate-v0/inference/plans/release_H400_T256_LimitsNormalizer_b1_condFalse/2026-07-20 18:11:38/38/0.png
Saved 1 samples to: logs/pointmaze-giant-navigate-v0/inference/plans/release_H400_T256_LimitsNormalizer_b1_condFalse/2026-07-20 18:11:38/38/rollout.png
i=0 pair=(0,1) lam_t=0.95000 lam_s=0.96429 tsr_diff=0.000000 integral_mean=0.000000 integral_std=0.000000 log_ratio=0.0000 accept=1.0000 swapped=True
i=0 pair=(2,3) lam_t=0.97857 lam_s=0.99286 tsr_diff=0.000000 integral_mean=0.000000 integral_std=0.000000 log_ratio=0.0000 accept=1.0000 swapped=True
i=0 pair=(4,5) lam_t=1.00714 lam_s=1.02143 tsr_diff=0.000000 integral_mean=0.000000 integral_std=0.000000 log_ratio=0.0000 accept=1.0000 swapped=True
i=0 pair=(6,7) lam_t=1.03571 lam_s=1.05000 tsr_diff=0.000000 integral_mean=0.000000 integral_std=0.000000 log_ratio=0.0000 accept=1.0000 swapped=True
i=1 pair=(0,3) lam_t=0.96429 lam_s=0.97857 tsr_diff=0.000153 integral_mean=-0.000000 integral_std=0.000147 log_ratio=-0.0007 accept=0.9993 swapped=True
i=1 pair=(2,5) lam_t=0.99286 lam_s=1.00714 tsr_diff=0.000152 integral_mean=-0.000003 integral_std=0.000154 log_ratio=-0.0078 accept=0.9922 swapped=True
i=1 pair=(4,7) lam_t=1.02143 lam_s=1.03571 tsr_diff=0.000152 integral_mean=-0.000005 integral_std=0.000153 log_ratio=-0.0122 accept=0.9879 swapped=True
i=2 pair=(1,3) lam_t=0.95000 lam_s=0.96429 tsr_diff=0.000605 integral_mean=-0.000014 integral_std=0.000602 log_ratio=-0.0342 accept=0.9664 swapped=True
i=2 pair=(0,5) lam_t=0.97857 lam_s=0.99286 tsr_diff=0.000604 integral_mean=-0.000007 integral_std=0.000576 log_ratio=-0.0161 accept=0.9840 swapped=True
i=2 pair=(2,7) lam_t=1.00714 lam_s=1.02143 tsr_diff=0.000603 integral_mean=-0.000013 integral_std=0.000610 log_ratio=-0.0324 accept=0.9681 swapped=True
i=2 pair=(4,6) lam_t=1.03571 lam_s=1.05000 tsr_diff=0.000601 integral_mean=0.000016 integral_std=0.000603 log_ratio=0.0000 accept=1.0000 swapped=True
i=3 pair=(1,5) lam_t=0.96429 lam_s=0.97857 tsr_diff=0.001341 integral_mean=0.000001 integral_std=0.001369 log_ratio=0.0000 accept=1.0000 swapped=True
i=3 pair=(0,7) lam_t=0.99286 lam_s=1.00714 tsr_diff=0.001333 integral_mean=-0.000017 integral_std=0.001366 log_ratio=-0.0399 accept=0.9609 swapped=True
i=3 pair=(2,6) lam_t=1.02143 lam_s=1.03571 tsr_diff=0.001326 integral_mean=-0.000024 integral_std=0.001247 log_ratio=-0.0582 accept=0.9435 swapped=True
i=4 pair=(3,5) lam_t=0.95000 lam_s=0.96429 tsr_diff=0.002344 integral_mean=-0.000009 integral_std=0.002365 log_ratio=-0.0209 accept=0.9793 swapped=True
i=4 pair=(1,7) lam_t=0.97857 lam_s=0.99286 tsr_diff=0.002322 integral_mean=-0.000065 integral_std=0.002207 log_ratio=-0.1570 accept=0.8547 swapped=False
i=4 pair=(0,6) lam_t=1.00714 lam_s=1.02143 tsr_diff=0.002301 integral_mean=0.000109 integral_std=0.002249 log_ratio=0.0000 accept=1.0000 swapped=True
i=4 pair=(2,4) lam_t=1.03571 lam_s=1.05000 tsr_diff=0.002280 integral_mean=-0.000032 integral_std=0.002310 log_ratio=-0.0767 accept=0.9262 swapped=True
i=5 pair=(3,1) lam_t=0.96429 lam_s=0.97857 tsr_diff=0.003545 integral_mean=0.000075 integral_std=0.003358 log_ratio=0.0000 accept=1.0000 swapped=True
i=5 pair=(7,6) lam_t=0.99286 lam_s=1.00714 tsr_diff=0.003496 integral_mean=0.000200 integral_std=0.003456 log_ratio=0.0000 accept=1.0000 swapped=True
i=5 pair=(0,4) lam_t=1.02143 lam_s=1.03571 tsr_diff=0.003447 integral_mean=0.000221 integral_std=0.003250 log_ratio=0.0000 accept=1.0000 swapped=True
i=6 pair=(5,1) lam_t=0.95000 lam_s=0.96429 tsr_diff=0.004979 integral_mean=0.000001 integral_std=0.004560 log_ratio=0.0000 accept=1.0000 swapped=True
i=6 pair=(3,6) lam_t=0.97857 lam_s=0.99286 tsr_diff=0.004883 integral_mean=0.000005 integral_std=0.004605 log_ratio=0.0000 accept=1.0000 swapped=True
i=6 pair=(7,4) lam_t=1.00714 lam_s=1.02143 tsr_diff=0.004789 integral_mean=0.000180 integral_std=0.004576 log_ratio=0.0000 accept=1.0000 swapped=True
i=6 pair=(0,2) lam_t=1.03571 lam_s=1.05000 tsr_diff=0.004698 integral_mean=-0.000057 integral_std=0.005965 log_ratio=-0.1377 accept=0.8714 swapped=True
i=7 pair=(5,6) lam_t=0.96429 lam_s=0.97857 tsr_diff=0.006435 integral_mean=0.000184 integral_std=0.005898 log_ratio=0.0000 accept=1.0000 swapped=True
i=7 pair=(3,4) lam_t=0.99286 lam_s=1.00714 tsr_diff=0.006274 integral_mean=0.000450 integral_std=0.005852 log_ratio=0.0000 accept=1.0000 swapped=True
i=7 pair=(7,2) lam_t=1.02143 lam_s=1.03571 tsr_diff=0.006120 integral_mean=0.000204 integral_std=0.005729 log_ratio=0.0000 accept=1.0000 swapped=True
i=8 pair=(1,6) lam_t=0.95000 lam_s=0.96429 tsr_diff=0.008123 integral_mean=-0.000142 integral_std=0.007301 log_ratio=-0.3412 accept=0.7109 swapped=True
i=8 pair=(5,4) lam_t=0.97857 lam_s=0.99286 tsr_diff=0.007872 integral_mean=0.000055 integral_std=0.007019 log_ratio=0.0000 accept=1.0000 swapped=True
i=8 pair=(3,2) lam_t=1.00714 lam_s=1.02143 tsr_diff=0.007631 integral_mean=0.000471 integral_std=0.007371 log_ratio=0.0000 accept=1.0000 swapped=True
i=8 pair=(7,0) lam_t=1.03571 lam_s=1.05000 tsr_diff=0.007402 integral_mean=0.000019 integral_std=0.008513 log_ratio=0.0000 accept=1.0000 swapped=True
i=9 pair=(1,4) lam_t=0.96429 lam_s=0.97857 tsr_diff=0.009548 integral_mean=0.000435 integral_std=0.009898 log_ratio=0.0000 accept=1.0000 swapped=True
i=9 pair=(5,2) lam_t=0.99286 lam_s=1.00714 tsr_diff=0.009200 integral_mean=0.000197 integral_std=0.007174 log_ratio=0.0000 accept=1.0000 swapped=True
i=9 pair=(3,0) lam_t=1.02143 lam_s=1.03571 tsr_diff=0.008870 integral_mean=0.000591 integral_std=0.011165 log_ratio=0.0000 accept=1.0000 swapped=True
i=10 pair=(6,4) lam_t=0.95000 lam_s=0.96429 tsr_diff=0.011265 integral_mean=-0.000508 integral_std=0.013074 log_ratio=-1.2203 accept=0.2952 swapped=False
i=10 pair=(1,2) lam_t=0.97857 lam_s=0.99286 tsr_diff=0.010789 integral_mean=0.000272 integral_std=0.011320 log_ratio=0.0000 accept=1.0000 swapped=True
i=10 pair=(5,0) lam_t=1.00714 lam_s=1.02143 tsr_diff=0.010342 integral_mean=-0.000804 integral_std=0.012585 log_ratio=-1.9292 accept=0.1453 swapped=False
i=10 pair=(3,7) lam_t=1.03571 lam_s=1.05000 tsr_diff=0.009923 integral_mean=0.000260 integral_std=0.009849 log_ratio=0.0000 accept=1.0000 swapped=True
i=11 pair=(4,2) lam_t=0.96429 lam_s=0.97857 tsr_diff=0.012354 integral_mean=0.000713 integral_std=0.012064 log_ratio=0.0000 accept=1.0000 swapped=True
i=11 pair=(1,5) lam_t=0.99286 lam_s=1.00714 tsr_diff=0.011778 integral_mean=0.000422 integral_std=0.012443 log_ratio=0.0000 accept=1.0000 swapped=True
i=11 pair=(0,7) lam_t=1.02143 lam_s=1.03571 tsr_diff=0.011242 integral_mean=-0.000368 integral_std=0.017425 log_ratio=-0.8842 accept=0.4130 swapped=False
i=12 pair=(6,2) lam_t=0.95000 lam_s=0.96429 tsr_diff=0.013839 integral_mean=0.000403 integral_std=0.014797 log_ratio=0.0000 accept=1.0000 swapped=True
i=12 pair=(4,5) lam_t=0.97857 lam_s=0.99286 tsr_diff=0.013131 integral_mean=0.000840 integral_std=0.014446 log_ratio=0.0000 accept=1.0000 swapped=True
i=12 pair=(1,0) lam_t=1.00714 lam_s=1.02143 tsr_diff=0.012476 integral_mean=0.000801 integral_std=0.025600 log_ratio=0.0000 accept=1.0000 swapped=True
i=12 pair=(7,3) lam_t=1.03571 lam_s=1.05000 tsr_diff=0.011868 integral_mean=0.000251 integral_std=0.013685 log_ratio=0.0000 accept=1.0000 swapped=True
i=13 pair=(6,5) lam_t=0.96429 lam_s=0.97857 tsr_diff=0.014342 integral_mean=0.000013 integral_std=0.016868 log_ratio=0.0000 accept=1.0000 swapped=True
i=13 pair=(4,0) lam_t=0.99286 lam_s=1.00714 tsr_diff=0.013574 integral_mean=0.000999 integral_std=0.030906 log_ratio=0.0000 accept=1.0000 swapped=True
i=13 pair=(1,3) lam_t=1.02143 lam_s=1.03571 tsr_diff=0.012866 integral_mean=0.000508 integral_std=0.025966 log_ratio=0.0000 accept=1.0000 swapped=True
i=14 pair=(2,5) lam_t=0.95000 lam_s=0.96429 tsr_diff=0.015346 integral_mean=0.001210 integral_std=0.012759 log_ratio=0.0000 accept=1.0000 swapped=True
i=14 pair=(6,0) lam_t=0.97857 lam_s=0.99286 tsr_diff=0.014482 integral_mean=-0.002231 integral_std=0.058174 log_ratio=-5.3553 accept=0.0047 swapped=False
i=14 pair=(4,3) lam_t=1.00714 lam_s=1.02143 tsr_diff=0.013689 integral_mean=0.002781 integral_std=0.071920 log_ratio=0.0000 accept=1.0000 swapped=True
i=14 pair=(1,7) lam_t=1.03571 lam_s=1.05000 tsr_diff=0.012959 integral_mean=-0.004941 integral_std=0.074984 log_ratio=-11.8587 accept=0.0000 swapped=False
Best Sample: 5 log probability -0.062
Saved 1 samples to: logs/pointmaze-giant-navigate-v0/inference/plans/release_H400_T256_LimitsNormalizer_b1_condFalse/2026-07-20 18:11:38/39/0.png
Saved 1 samples to: logs/pointmaze-giant-navigate-v0/inference/plans/release_H400_T256_LimitsNormalizer_b1_condFalse/2026-07-20 18:11:38/39/rollout.png
i=0 pair=(0,1) lam_t=0.95000 lam_s=0.96429 tsr_diff=0.000000 integral_mean=0.000000 integral_std=0.000000 log_ratio=0.0000 accept=1.0000 swapped=True
i=0 pair=(2,3) lam_t=0.97857 lam_s=0.99286 tsr_diff=0.000000 integral_mean=0.000000 integral_std=0.000000 log_ratio=0.0000 accept=1.0000 swapped=True
i=0 pair=(4,5) lam_t=1.00714 lam_s=1.02143 tsr_diff=0.000000 integral_mean=0.000000 integral_std=0.000000 log_ratio=0.0000 accept=1.0000 swapped=True
i=0 pair=(6,7) lam_t=1.03571 lam_s=1.05000 tsr_diff=0.000000 integral_mean=0.000000 integral_std=0.000000 log_ratio=0.0000 accept=1.0000 swapped=True
i=1 pair=(0,3) lam_t=0.96429 lam_s=0.97857 tsr_diff=0.000153 integral_mean=0.000001 integral_std=0.000148 log_ratio=0.0000 accept=1.0000 swapped=True
i=1 pair=(2,5) lam_t=0.99286 lam_s=1.00714 tsr_diff=0.000152 integral_mean=-0.000005 integral_std=0.000157 log_ratio=-0.0131 accept=0.9870 swapped=True
i=1 pair=(4,7) lam_t=1.02143 lam_s=1.03571 tsr_diff=0.000152 integral_mean=0.000002 integral_std=0.000149 log_ratio=0.0000 accept=1.0000 swapped=True
i=2 pair=(1,3) lam_t=0.95000 lam_s=0.96429 tsr_diff=0.000605 integral_mean=-0.000021 integral_std=0.000631 log_ratio=-0.0512 accept=0.9501 swapped=True
i=2 pair=(0,5) lam_t=0.97857 lam_s=0.99286 tsr_diff=0.000604 integral_mean=-0.000006 integral_std=0.000580 log_ratio=-0.0150 accept=0.9851 swapped=True
i=2 pair=(2,7) lam_t=1.00714 lam_s=1.02143 tsr_diff=0.000603 integral_mean=-0.000025 integral_std=0.000639 log_ratio=-0.0601 accept=0.9417 swapped=True
i=2 pair=(4,6) lam_t=1.03571 lam_s=1.05000 tsr_diff=0.000601 integral_mean=0.000010 integral_std=0.000632 log_ratio=0.0000 accept=1.0000 swapped=True
i=3 pair=(1,5) lam_t=0.96429 lam_s=0.97857 tsr_diff=0.001341 integral_mean=-0.000032 integral_std=0.001376 log_ratio=-0.0777 accept=0.9253 swapped=True
i=3 pair=(0,7) lam_t=0.99286 lam_s=1.00714 tsr_diff=0.001333 integral_mean=-0.000020 integral_std=0.001263 log_ratio=-0.0478 accept=0.9533 swapped=True
i=3 pair=(2,6) lam_t=1.02143 lam_s=1.03571 tsr_diff=0.001326 integral_mean=-0.000006 integral_std=0.001343 log_ratio=-0.0142 accept=0.9859 swapped=True
i=4 pair=(3,5) lam_t=0.95000 lam_s=0.96429 tsr_diff=0.002344 integral_mean=-0.000260 integral_std=0.002539 log_ratio=-0.6233 accept=0.5362 swapped=True
i=4 pair=(1,7) lam_t=0.97857 lam_s=0.99286 tsr_diff=0.002322 integral_mean=0.000002 integral_std=0.002275 log_ratio=0.0000 accept=1.0000 swapped=True
i=4 pair=(0,6) lam_t=1.00714 lam_s=1.02143 tsr_diff=0.002301 integral_mean=-0.000008 integral_std=0.002129 log_ratio=-0.0181 accept=0.9821 swapped=True
i=4 pair=(2,4) lam_t=1.03571 lam_s=1.05000 tsr_diff=0.002280 integral_mean=-0.000081 integral_std=0.002247 log_ratio=-0.1941 accept=0.8236 swapped=True
i=5 pair=(3,7) lam_t=0.96429 lam_s=0.97857 tsr_diff=0.003545 integral_mean=-0.000337 integral_std=0.003733 log_ratio=-0.8092 accept=0.4452 swapped=False
i=5 pair=(1,6) lam_t=0.99286 lam_s=1.00714 tsr_diff=0.003496 integral_mean=-0.000241 integral_std=0.003852 log_ratio=-0.5791 accept=0.5604 swapped=True
i=5 pair=(0,4) lam_t=1.02143 lam_s=1.03571 tsr_diff=0.003447 integral_mean=-0.000093 integral_std=0.003260 log_ratio=-0.2220 accept=0.8009 swapped=True
i=6 pair=(5,3) lam_t=0.95000 lam_s=0.96429 tsr_diff=0.004979 integral_mean=0.000184 integral_std=0.005136 log_ratio=0.0000 accept=1.0000 swapped=True
i=6 pair=(7,6) lam_t=0.97857 lam_s=0.99286 tsr_diff=0.004883 integral_mean=-0.000052 integral_std=0.006037 log_ratio=-0.1258 accept=0.8818 swapped=True
i=6 pair=(1,4) lam_t=1.00714 lam_s=1.02143 tsr_diff=0.004789 integral_mean=-0.000073 integral_std=0.004589 log_ratio=-0.1754 accept=0.8391 swapped=True
i=6 pair=(0,2) lam_t=1.03571 lam_s=1.05000 tsr_diff=0.004698 integral_mean=0.000152 integral_std=0.004251 log_ratio=0.0000 accept=1.0000 swapped=True
i=7 pair=(5,6) lam_t=0.96429 lam_s=0.97857 tsr_diff=0.006435 integral_mean=-0.000198 integral_std=0.006969 log_ratio=-0.4755 accept=0.6216 swapped=True
i=7 pair=(7,4) lam_t=0.99286 lam_s=1.00714 tsr_diff=0.006274 integral_mean=0.000307 integral_std=0.005919 log_ratio=0.0000 accept=1.0000 swapped=True
i=7 pair=(1,2) lam_t=1.02143 lam_s=1.03571 tsr_diff=0.006120 integral_mean=0.000042 integral_std=0.005531 log_ratio=0.0000 accept=1.0000 swapped=True
i=8 pair=(3,6) lam_t=0.95000 lam_s=0.96429 tsr_diff=0.008123 integral_mean=-0.000225 integral_std=0.007116 log_ratio=-0.5390 accept=0.5833 swapped=True
i=8 pair=(5,4) lam_t=0.97857 lam_s=0.99286 tsr_diff=0.007872 integral_mean=0.000010 integral_std=0.007490 log_ratio=0.0000 accept=1.0000 swapped=True
i=8 pair=(7,2) lam_t=1.00714 lam_s=1.02143 tsr_diff=0.007631 integral_mean=0.000672 integral_std=0.008129 log_ratio=0.0000 accept=1.0000 swapped=True
i=8 pair=(1,0) lam_t=1.03571 lam_s=1.05000 tsr_diff=0.007402 integral_mean=-0.000057 integral_std=0.007077 log_ratio=-0.1366 accept=0.8723 swapped=False
i=9 pair=(3,4) lam_t=0.96429 lam_s=0.97857 tsr_diff=0.009548 integral_mean=0.000055 integral_std=0.010826 log_ratio=0.0000 accept=1.0000 swapped=True
i=9 pair=(5,2) lam_t=0.99286 lam_s=1.00714 tsr_diff=0.009200 integral_mean=0.000382 integral_std=0.010128 log_ratio=0.0000 accept=1.0000 swapped=True
i=9 pair=(7,1) lam_t=1.02143 lam_s=1.03571 tsr_diff=0.008870 integral_mean=0.000831 integral_std=0.010176 log_ratio=0.0000 accept=1.0000 swapped=True
i=10 pair=(6,4) lam_t=0.95000 lam_s=0.96429 tsr_diff=0.011265 integral_mean=0.000698 integral_std=0.015505 log_ratio=0.0000 accept=1.0000 swapped=True
i=10 pair=(3,2) lam_t=0.97857 lam_s=0.99286 tsr_diff=0.010789 integral_mean=0.000479 integral_std=0.008601 log_ratio=0.0000 accept=1.0000 swapped=True
i=10 pair=(5,1) lam_t=1.00714 lam_s=1.02143 tsr_diff=0.010342 integral_mean=0.000875 integral_std=0.009814 log_ratio=0.0000 accept=1.0000 swapped=True
i=10 pair=(7,0) lam_t=1.03571 lam_s=1.05000 tsr_diff=0.009923 integral_mean=0.001105 integral_std=0.015281 log_ratio=0.0000 accept=1.0000 swapped=True
i=11 pair=(6,2) lam_t=0.96429 lam_s=0.97857 tsr_diff=0.012354 integral_mean=0.000875 integral_std=0.010854 log_ratio=0.0000 accept=1.0000 swapped=True
i=11 pair=(3,1) lam_t=0.99286 lam_s=1.00714 tsr_diff=0.011778 integral_mean=0.000267 integral_std=0.011568 log_ratio=0.0000 accept=1.0000 swapped=True
i=11 pair=(5,0) lam_t=1.02143 lam_s=1.03571 tsr_diff=0.011242 integral_mean=0.003671 integral_std=0.023552 log_ratio=0.0000 accept=1.0000 swapped=True
i=12 pair=(4,2) lam_t=0.95000 lam_s=0.96429 tsr_diff=0.013839 integral_mean=0.000674 integral_std=0.019642 log_ratio=0.0000 accept=1.0000 swapped=True
i=12 pair=(6,1) lam_t=0.97857 lam_s=0.99286 tsr_diff=0.013131 integral_mean=0.001848 integral_std=0.015336 log_ratio=0.0000 accept=1.0000 swapped=True
i=12 pair=(3,0) lam_t=1.00714 lam_s=1.02143 tsr_diff=0.012476 integral_mean=-0.000393 integral_std=0.018123 log_ratio=-0.9428 accept=0.3896 swapped=True
i=12 pair=(5,7) lam_t=1.03571 lam_s=1.05000 tsr_diff=0.011868 integral_mean=0.000472 integral_std=0.021182 log_ratio=0.0000 accept=1.0000 swapped=True
i=13 pair=(4,1) lam_t=0.96429 lam_s=0.97857 tsr_diff=0.014342 integral_mean=0.001094 integral_std=0.018633 log_ratio=0.0000 accept=1.0000 swapped=True
i=13 pair=(6,0) lam_t=0.99286 lam_s=1.00714 tsr_diff=0.013574 integral_mean=0.010800 integral_std=0.050639 log_ratio=0.0000 accept=1.0000 swapped=True
i=13 pair=(3,7) lam_t=1.02143 lam_s=1.03571 tsr_diff=0.012866 integral_mean=-0.006493 integral_std=0.048861 log_ratio=-15.5823 accept=0.0000 swapped=False
i=14 pair=(2,1) lam_t=0.95000 lam_s=0.96429 tsr_diff=0.015346 integral_mean=0.004474 integral_std=0.022076 log_ratio=0.0000 accept=1.0000 swapped=True
i=14 pair=(4,0) lam_t=0.97857 lam_s=0.99286 tsr_diff=0.014482 integral_mean=0.000285 integral_std=0.057292 log_ratio=0.0000 accept=1.0000 swapped=True
i=14 pair=(6,3) lam_t=1.00714 lam_s=1.02143 tsr_diff=0.013689 integral_mean=0.019658 integral_std=0.147005 log_ratio=0.0000 accept=1.0000 swapped=True
i=14 pair=(7,5) lam_t=1.03571 lam_s=1.05000 tsr_diff=0.012959 integral_mean=0.004258 integral_std=0.137120 log_ratio=0.0000 accept=1.0000 swapped=True
Best Sample: 2 log probability -0.001
Saved 1 samples to: logs/pointmaze-giant-navigate-v0/inference/plans/release_H400_T256_LimitsNormalizer_b1_condFalse/2026-07-20 18:11:38/40/0.png
Saved 1 samples to: logs/pointmaze-giant-navigate-v0/inference/plans/release_H400_T256_LimitsNormalizer_b1_condFalse/2026-07-20 18:11:38/40/rollout.png
Success Rate: 97.5, Average Compute: 256.0
Exception ignored in: <function OffScreenViewer.__del__ at 0x14e88a803370>
Traceback (most recent call last):
  File "/n/home00/zoewu/.conda/envs/maze/lib/python3.10/site-packages/gymnasium/envs/mujoco/mujoco_rendering.py", line 204, in __del__
    self.free()
  File "/n/home00/zoewu/.conda/envs/maze/lib/python3.10/site-packages/gymnasium/envs/mujoco/mujoco_rendering.py", line 201, in free
    self.opengl_context.free()
  File "/n/home00/zoewu/.conda/envs/maze/lib/python3.10/site-packages/mujoco/egl/__init__.py", line 133, in free
    EGL.eglDestroyContext(EGL_DISPLAY, self._context)
  File "/n/home00/zoewu/.conda/envs/maze/lib/python3.10/site-packages/OpenGL/error.py", line 230, in glCheckError
    raise self._errorClass(
OpenGL.raw.EGL._errors.EGLError: EGLError(
	err = EGL_NOT_INITIALIZED,
	baseOperation = eglDestroyContext,
	cArguments = (
		<OpenGL._opaque.EGLDisplay_pointer object at 0x14e968cd4e40>,
		<OpenGL._opaque.EGLContext_pointer object at 0x14e895f1fe40>,
	),
	result = 0
)
Exception ignored in: <function GLContext.__del__ at 0x14e894ea8ee0>
Traceback (most recent call last):
  File "/n/home00/zoewu/.conda/envs/maze/lib/python3.10/site-packages/mujoco/egl/__init__.py", line 138, in __del__
    self.free()
  File "/n/home00/zoewu/.conda/envs/maze/lib/python3.10/site-packages/mujoco/egl/__init__.py", line 133, in free
    EGL.eglDestroyContext(EGL_DISPLAY, self._context)
  File "/n/home00/zoewu/.conda/envs/maze/lib/python3.10/site-packages/OpenGL/error.py", line 230, in glCheckError
    raise self._errorClass(
OpenGL.raw.EGL._errors.EGLError: EGLError(
	err = EGL_NOT_INITIALIZED,
	baseOperation = eglDestroyContext,
	cArguments = (
		<OpenGL._opaque.EGLDisplay_pointer object at 0x14e968cd4e40>,
		<OpenGL._opaque.EGLContext_pointer object at 0x14e895f1fe40>,
	),
	result = 0
)
Exception ignored in: <function OffScreenViewer.__del__ at 0x14e88a803370>
Traceback (most recent call last):
  File "/n/home00/zoewu/.conda/envs/maze/lib/python3.10/site-packages/gymnasium/envs/mujoco/mujoco_rendering.py", line 204, in __del__
    self.free()
  File "/n/home00/zoewu/.conda/envs/maze/lib/python3.10/site-packages/gymnasium/envs/mujoco/mujoco_rendering.py", line 201, in free
    self.opengl_context.free()
  File "/n/home00/zoewu/.conda/envs/maze/lib/python3.10/site-packages/mujoco/egl/__init__.py", line 133, in free
    EGL.eglDestroyContext(EGL_DISPLAY, self._context)
  File "/n/home00/zoewu/.conda/envs/maze/lib/python3.10/site-packages/OpenGL/error.py", line 230, in glCheckError
    raise self._errorClass(
OpenGL.raw.EGL._errors.EGLError: EGLError(
	err = EGL_NOT_INITIALIZED,
	baseOperation = eglDestroyContext,
	cArguments = (
		<OpenGL._opaque.EGLDisplay_pointer object at 0x14e968cd4e40>,
		<OpenGL._opaque.EGLContext_pointer object at 0x14e8841f9440>,
	),
	result = 0
)
Exception ignored in: <function GLContext.__del__ at 0x14e894ea8ee0>
Traceback (most recent call last):
  File "/n/home00/zoewu/.conda/envs/maze/lib/python3.10/site-packages/mujoco/egl/__init__.py", line 138, in __del__
    self.free()
  File "/n/home00/zoewu/.conda/envs/maze/lib/python3.10/site-packages/mujoco/egl/__init__.py", line 133, in free
    EGL.eglDestroyContext(EGL_DISPLAY, self._context)
  File "/n/home00/zoewu/.conda/envs/maze/lib/python3.10/site-packages/OpenGL/error.py", line 230, in glCheckError
    raise self._errorClass(
OpenGL.raw.EGL._errors.EGLError: EGLError(
	err = EGL_NOT_INITIALIZED,
	baseOperation = eglDestroyContext,
	cArguments = (
		<OpenGL._opaque.EGLDisplay_pointer object at 0x14e968cd4e40>,
		<OpenGL._opaque.EGLContext_pointer object at 0x14e8841f9440>,
	),
	result = 0
)
