/n/home00/zoewu/STEER/pointmaze/diffuser/utils/training.py:161: FutureWarning: You are using `torch.load` with `weights_only=False` (the current default value), which uses the default pickle module implicitly. It is possible to construct malicious pickle data which will execute arbitrary code during unpickling (See https://github.com/pytorch/pytorch/blob/main/SECURITY.md#untrusted-models for more details). In a future release, the default value for `weights_only` will be flipped to `True`. This limits the functions that could be executed during unpickling. Arbitrary objects will no longer be allowed to be loaded via this mode unless they are explicitly allowlisted by the user via `torch.serialization.add_safe_globals`. We recommend you start setting `weights_only=True` for any use case where you don't have full control of the loaded file. Please open an issue on GitHub for any issues related to this experimental feature.
  data = torch.load(loadpath, map_location='cpu')
[ utils/setup ] Reading config: config.pointmaze:pointmaze_giant_navigate_v0
[ utils/setup ] Using overrides | config: config.pointmaze | dataset: pointmaze_giant_navigate_v0
[ utils/setup ] Lazy fstring | diffusion_loadpath : f:diffusion/H{horizon}_T{n_diffusion_steps} --> diffusion/H400_T256
[ utils/setup ] Setting exp_name to: plans/release_H400_T256_LimitsNormalizer_b1_condFalse
[ utils/setup ] Saved args to logs/pointmaze-giant-navigate-v0/plans/release_H400_T256_LimitsNormalizer_b1_condFalse/0/args.json
[ utils/serialization ] Loaded config from logs/pointmaze-giant-navigate-v0/diffusion/H400_T256/dataset_config.pkl

[utils/config ] Config: <class 'diffuser.datasets.sequence.GoalDataset'>
    env: pointmaze-giant-navigate-v0
    horizon: 400
    max_path_length: 40000
    normalizer: LimitsNormalizer
    preprocess_fns: []
    termination_penalty: None
    use_padding: False

[ utils/serialization ] Loaded config from logs/pointmaze-giant-navigate-v0/diffusion/H400_T256/render_config.pkl

[utils/config ] Config: <class 'diffuser.utils.rendering.PointMazeRenderer'>
    env: pointmaze-giant-navigate-v0

[ utils/serialization ] Loaded config from logs/pointmaze-giant-navigate-v0/diffusion/H400_T256/model_config.pkl

[utils/config ] Config: <class 'diffuser.models.temporal.TemporalUnet'>
    cond_dim: 2
    dim_mults: (1, 4, 8)
    horizon: 424
    transition_dim: 4

[ utils/serialization ] Loaded config from logs/pointmaze-giant-navigate-v0/diffusion/H400_T256/diffusion_config.pkl

[utils/config ] Config: <class 'diffuser.models.diffusion.GaussianDiffusion'>
    action_dim: 2
    action_weight: 1
    clip_denoised: True
    horizon: 400
    loss_discount: 1
    loss_type: l2
    loss_weights: None
    n_timesteps: 256
    observation_dim: 2
    predict_epsilon: False

[ utils/serialization ] Loaded config from logs/pointmaze-giant-navigate-v0/diffusion/H400_T256/trainer_config.pkl

[utils/config ] Config: <class 'diffuser.utils.training.Trainer'>
    bucket: None
    ema_decay: 0.995
    gradient_accumulate_every: 2
    label_freq: 40000
    n_reference: 50
    n_samples: 10
    results_folder: logs/pointmaze-giant-navigate-v0/diffusion/H400_T256
    sample_freq: 1000
    save_freq: 1000
    save_parallel: False
    train_batch_size: 32
    train_lr: 0.0002

[ datasets/buffer ] Finalized replay buffer | 1500 episodes
[ datasets/buffer ] Fields:
    observations: (1500, 40000, 2)
    actions: (1500, 40000, 2)
    terminals: (1500, 40000, 1)
    next_observations: (1500, 40000, 2)
    normed_observations: (1500, 40000, 2)
    normed_actions: (1500, 40000, 2)
[ models/temporal ] Channel dimensions: [(4, 32), (32, 128), (128, 256)]
[(4, 32), (32, 128), (128, 256)]

[ utils/serialization ] Loading model epoch: 1200000

i=0 pair=(0,1) lam_t=0.95000 lam_s=0.96429 tsr_diff=0.000000 integral_mean=0.000000 integral_std=0.000000 log_ratio=0.0000 accept=1.0000 swapped=True
i=0 pair=(2,3) lam_t=0.97857 lam_s=0.99286 tsr_diff=0.000000 integral_mean=0.000000 integral_std=0.000000 log_ratio=0.0000 accept=1.0000 swapped=True
i=0 pair=(4,5) lam_t=1.00714 lam_s=1.02143 tsr_diff=0.000000 integral_mean=0.000000 integral_std=0.000000 log_ratio=0.0000 accept=1.0000 swapped=True
i=0 pair=(6,7) lam_t=1.03571 lam_s=1.05000 tsr_diff=0.000000 integral_mean=0.000000 integral_std=0.000000 log_ratio=0.0000 accept=1.0000 swapped=True
i=1 pair=(0,3) lam_t=0.96429 lam_s=0.97857 tsr_diff=0.000153 integral_mean=-0.000004 integral_std=0.000160 log_ratio=-0.0087 accept=0.9913 swapped=True
i=1 pair=(2,5) lam_t=0.99286 lam_s=1.00714 tsr_diff=0.000152 integral_mean=0.000001 integral_std=0.000155 log_ratio=0.0000 accept=1.0000 swapped=True
i=1 pair=(4,7) lam_t=1.02143 lam_s=1.03571 tsr_diff=0.000152 integral_mean=-0.000000 integral_std=0.000150 log_ratio=-0.0009 accept=0.9991 swapped=True
i=2 pair=(1,3) lam_t=0.95000 lam_s=0.96429 tsr_diff=0.000605 integral_mean=0.000006 integral_std=0.000628 log_ratio=0.0000 accept=1.0000 swapped=True
i=2 pair=(0,5) lam_t=0.97857 lam_s=0.99286 tsr_diff=0.000604 integral_mean=-0.000099 integral_std=0.000789 log_ratio=-0.2382 accept=0.7880 swapped=True
i=2 pair=(2,7) lam_t=1.00714 lam_s=1.02143 tsr_diff=0.000603 integral_mean=-0.000003 integral_std=0.000584 log_ratio=-0.0062 accept=0.9938 swapped=True
i=2 pair=(4,6) lam_t=1.03571 lam_s=1.05000 tsr_diff=0.000601 integral_mean=-0.000030 integral_std=0.000548 log_ratio=-0.0725 accept=0.9301 swapped=True
i=3 pair=(1,5) lam_t=0.96429 lam_s=0.97857 tsr_diff=0.001341 integral_mean=-0.000055 integral_std=0.001382 log_ratio=-0.1315 accept=0.8768 swapped=True
i=3 pair=(0,7) lam_t=0.99286 lam_s=1.00714 tsr_diff=0.001333 integral_mean=-0.000001 integral_std=0.001256 log_ratio=-0.0036 accept=0.9964 swapped=True
i=3 pair=(2,6) lam_t=1.02143 lam_s=1.03571 tsr_diff=0.001326 integral_mean=-0.000076 integral_std=0.001420 log_ratio=-0.1814 accept=0.8341 swapped=True
i=4 pair=(3,5) lam_t=0.95000 lam_s=0.96429 tsr_diff=0.002344 integral_mean=-0.000016 integral_std=0.002307 log_ratio=-0.0392 accept=0.9616 swapped=True
i=4 pair=(1,7) lam_t=0.97857 lam_s=0.99286 tsr_diff=0.002322 integral_mean=0.000045 integral_std=0.002166 log_ratio=0.0000 accept=1.0000 swapped=True
i=4 pair=(0,6) lam_t=1.00714 lam_s=1.02143 tsr_diff=0.002301 integral_mean=-0.000095 integral_std=0.002271 log_ratio=-0.2279 accept=0.7962 swapped=False
i=4 pair=(2,4) lam_t=1.03571 lam_s=1.05000 tsr_diff=0.002280 integral_mean=0.000087 integral_std=0.002254 log_ratio=0.0000 accept=1.0000 swapped=True
i=5 pair=(3,7) lam_t=0.96429 lam_s=0.97857 tsr_diff=0.003545 integral_mean=0.000115 integral_std=0.003221 log_ratio=0.0000 accept=1.0000 swapped=True
i=5 pair=(1,0) lam_t=0.99286 lam_s=1.00714 tsr_diff=0.003496 integral_mean=0.000036 integral_std=0.003384 log_ratio=0.0000 accept=1.0000 swapped=True
i=5 pair=(6,4) lam_t=1.02143 lam_s=1.03571 tsr_diff=0.003447 integral_mean=-0.000035 integral_std=0.003177 log_ratio=-0.0840 accept=0.9195 swapped=True
i=6 pair=(5,7) lam_t=0.95000 lam_s=0.96429 tsr_diff=0.004979 integral_mean=-0.000115 integral_std=0.004829 log_ratio=-0.2752 accept=0.7594 swapped=True
i=6 pair=(3,0) lam_t=0.97857 lam_s=0.99286 tsr_diff=0.004883 integral_mean=0.000005 integral_std=0.004637 log_ratio=0.0000 accept=1.0000 swapped=True
i=6 pair=(1,4) lam_t=1.00714 lam_s=1.02143 tsr_diff=0.004789 integral_mean=0.000015 integral_std=0.004389 log_ratio=0.0000 accept=1.0000 swapped=True
i=6 pair=(6,2) lam_t=1.03571 lam_s=1.05000 tsr_diff=0.004698 integral_mean=0.000046 integral_std=0.004963 log_ratio=0.0000 accept=1.0000 swapped=True
i=7 pair=(5,0) lam_t=0.96429 lam_s=0.97857 tsr_diff=0.006435 integral_mean=0.000139 integral_std=0.005890 log_ratio=0.0000 accept=1.0000 swapped=True
i=7 pair=(3,4) lam_t=0.99286 lam_s=1.00714 tsr_diff=0.006274 integral_mean=0.000114 integral_std=0.005856 log_ratio=0.0000 accept=1.0000 swapped=True
i=7 pair=(1,2) lam_t=1.02143 lam_s=1.03571 tsr_diff=0.006120 integral_mean=-0.000172 integral_std=0.005700 log_ratio=-0.4139 accept=0.6610 swapped=False
i=8 pair=(7,0) lam_t=0.95000 lam_s=0.96429 tsr_diff=0.008123 integral_mean=0.000550 integral_std=0.007521 log_ratio=0.0000 accept=1.0000 swapped=True
i=8 pair=(5,4) lam_t=0.97857 lam_s=0.99286 tsr_diff=0.007872 integral_mean=0.000128 integral_std=0.007622 log_ratio=0.0000 accept=1.0000 swapped=True
i=8 pair=(3,1) lam_t=1.00714 lam_s=1.02143 tsr_diff=0.007631 integral_mean=0.000137 integral_std=0.007167 log_ratio=0.0000 accept=1.0000 swapped=True
i=8 pair=(2,6) lam_t=1.03571 lam_s=1.05000 tsr_diff=0.007402 integral_mean=0.000601 integral_std=0.008966 log_ratio=0.0000 accept=1.0000 swapped=True
i=9 pair=(7,4) lam_t=0.96429 lam_s=0.97857 tsr_diff=0.009548 integral_mean=0.000277 integral_std=0.010477 log_ratio=0.0000 accept=1.0000 swapped=True
i=9 pair=(5,1) lam_t=0.99286 lam_s=1.00714 tsr_diff=0.009200 integral_mean=0.000072 integral_std=0.007682 log_ratio=0.0000 accept=1.0000 swapped=True
i=9 pair=(3,6) lam_t=1.02143 lam_s=1.03571 tsr_diff=0.008870 integral_mean=0.000095 integral_std=0.009446 log_ratio=0.0000 accept=1.0000 swapped=True
i=10 pair=(0,4) lam_t=0.95000 lam_s=0.96429 tsr_diff=0.011265 integral_mean=-0.000685 integral_std=0.013095 log_ratio=-1.6440 accept=0.1932 swapped=False
i=10 pair=(7,1) lam_t=0.97857 lam_s=0.99286 tsr_diff=0.010789 integral_mean=-0.000290 integral_std=0.010027 log_ratio=-0.6966 accept=0.4983 swapped=False
i=10 pair=(5,6) lam_t=1.00714 lam_s=1.02143 tsr_diff=0.010342 integral_mean=0.000100 integral_std=0.011928 log_ratio=0.0000 accept=1.0000 swapped=True
i=10 pair=(3,2) lam_t=1.03571 lam_s=1.05000 tsr_diff=0.009923 integral_mean=-0.001015 integral_std=0.011667 log_ratio=-2.4359 accept=0.0875 swapped=False
i=11 pair=(4,7) lam_t=0.96429 lam_s=0.97857 tsr_diff=0.012354 integral_mean=0.001089 integral_std=0.016453 log_ratio=0.0000 accept=1.0000 swapped=True
i=11 pair=(1,6) lam_t=0.99286 lam_s=1.00714 tsr_diff=0.011778 integral_mean=0.000846 integral_std=0.016519 log_ratio=0.0000 accept=1.0000 swapped=True
i=11 pair=(5,3) lam_t=1.02143 lam_s=1.03571 tsr_diff=0.011242 integral_mean=0.000412 integral_std=0.012754 log_ratio=0.0000 accept=1.0000 swapped=True
i=12 pair=(0,7) lam_t=0.95000 lam_s=0.96429 tsr_diff=0.013839 integral_mean=-0.000236 integral_std=0.018029 log_ratio=-0.5673 accept=0.5671 swapped=True
i=12 pair=(4,6) lam_t=0.97857 lam_s=0.99286 tsr_diff=0.013131 integral_mean=0.000584 integral_std=0.017565 log_ratio=0.0000 accept=1.0000 swapped=True
i=12 pair=(1,3) lam_t=1.00714 lam_s=1.02143 tsr_diff=0.012476 integral_mean=0.001312 integral_std=0.017489 log_ratio=0.0000 accept=1.0000 swapped=True
i=12 pair=(5,2) lam_t=1.03571 lam_s=1.05000 tsr_diff=0.011868 integral_mean=-0.000801 integral_std=0.015052 log_ratio=-1.9214 accept=0.1464 swapped=False
i=13 pair=(0,6) lam_t=0.96429 lam_s=0.97857 tsr_diff=0.014342 integral_mean=0.000946 integral_std=0.018652 log_ratio=0.0000 accept=1.0000 swapped=True
i=13 pair=(4,3) lam_t=0.99286 lam_s=1.00714 tsr_diff=0.013574 integral_mean=0.001226 integral_std=0.016002 log_ratio=0.0000 accept=1.0000 swapped=True
i=13 pair=(1,5) lam_t=1.02143 lam_s=1.03571 tsr_diff=0.012866 integral_mean=-0.002273 integral_std=0.019509 log_ratio=-5.4558 accept=0.0043 swapped=False
i=14 pair=(7,6) lam_t=0.95000 lam_s=0.96429 tsr_diff=0.015346 integral_mean=0.010504 integral_std=0.075278 log_ratio=0.0000 accept=1.0000 swapped=True
i=14 pair=(0,3) lam_t=0.97857 lam_s=0.99286 tsr_diff=0.014482 integral_mean=-0.000417 integral_std=0.036671 log_ratio=-0.9998 accept=0.3680 swapped=False
i=14 pair=(4,1) lam_t=1.00714 lam_s=1.02143 tsr_diff=0.013689 integral_mean=0.002159 integral_std=0.039067 log_ratio=0.0000 accept=1.0000 swapped=True
i=14 pair=(5,2) lam_t=1.03571 lam_s=1.05000 tsr_diff=0.012959 integral_mean=0.011442 integral_std=0.173440 log_ratio=0.0000 accept=1.0000 swapped=True
Best Sample: 0 log probability -0.363
Saved 1 samples to: logs/pointmaze-giant-navigate-v0/inference/plans/release_H400_T256_LimitsNormalizer_b1_condFalse/2026-07-20 17:56:22/1/0.png
Saved 1 samples to: logs/pointmaze-giant-navigate-v0/inference/plans/release_H400_T256_LimitsNormalizer_b1_condFalse/2026-07-20 17:56:22/1/rollout.png
i=0 pair=(0,1) lam_t=0.95000 lam_s=0.96429 tsr_diff=0.000000 integral_mean=0.000000 integral_std=0.000000 log_ratio=0.0000 accept=1.0000 swapped=True
i=0 pair=(2,3) lam_t=0.97857 lam_s=0.99286 tsr_diff=0.000000 integral_mean=0.000000 integral_std=0.000000 log_ratio=0.0000 accept=1.0000 swapped=True
i=0 pair=(4,5) lam_t=1.00714 lam_s=1.02143 tsr_diff=0.000000 integral_mean=0.000000 integral_std=0.000000 log_ratio=0.0000 accept=1.0000 swapped=True
i=0 pair=(6,7) lam_t=1.03571 lam_s=1.05000 tsr_diff=0.000000 integral_mean=0.000000 integral_std=0.000000 log_ratio=0.0000 accept=1.0000 swapped=True
i=1 pair=(0,3) lam_t=0.96429 lam_s=0.97857 tsr_diff=0.000153 integral_mean=-0.000002 integral_std=0.000146 log_ratio=-0.0055 accept=0.9945 swapped=True
i=1 pair=(2,5) lam_t=0.99286 lam_s=1.00714 tsr_diff=0.000152 integral_mean=0.000000 integral_std=0.000153 log_ratio=0.0000 accept=1.0000 swapped=True
i=1 pair=(4,7) lam_t=1.02143 lam_s=1.03571 tsr_diff=0.000152 integral_mean=-0.000003 integral_std=0.000148 log_ratio=-0.0063 accept=0.9937 swapped=True
i=2 pair=(1,3) lam_t=0.95000 lam_s=0.96429 tsr_diff=0.000605 integral_mean=0.000091 integral_std=0.000739 log_ratio=0.0000 accept=1.0000 swapped=True
i=2 pair=(0,5) lam_t=0.97857 lam_s=0.99286 tsr_diff=0.000604 integral_mean=0.000008 integral_std=0.000606 log_ratio=0.0000 accept=1.0000 swapped=True
i=2 pair=(2,7) lam_t=1.00714 lam_s=1.02143 tsr_diff=0.000603 integral_mean=0.000022 integral_std=0.000561 log_ratio=0.0000 accept=1.0000 swapped=True
i=2 pair=(4,6) lam_t=1.03571 lam_s=1.05000 tsr_diff=0.000601 integral_mean=0.000211 integral_std=0.000845 log_ratio=0.0000 accept=1.0000 swapped=True
i=3 pair=(1,5) lam_t=0.96429 lam_s=0.97857 tsr_diff=0.001341 integral_mean=-0.000015 integral_std=0.001440 log_ratio=-0.0361 accept=0.9646 swapped=True
i=3 pair=(0,7) lam_t=0.99286 lam_s=1.00714 tsr_diff=0.001333 integral_mean=0.000019 integral_std=0.001245 log_ratio=0.0000 accept=1.0000 swapped=True
i=3 pair=(2,6) lam_t=1.02143 lam_s=1.03571 tsr_diff=0.001326 integral_mean=0.000002 integral_std=0.001268 log_ratio=0.0000 accept=1.0000 swapped=True
i=4 pair=(3,5) lam_t=0.95000 lam_s=0.96429 tsr_diff=0.002344 integral_mean=-0.000177 integral_std=0.002511 log_ratio=-0.4248 accept=0.6539 swapped=False
i=4 pair=(1,7) lam_t=0.97857 lam_s=0.99286 tsr_diff=0.002322 integral_mean=0.000153 integral_std=0.002360 log_ratio=0.0000 accept=1.0000 swapped=True
i=4 pair=(0,6) lam_t=1.00714 lam_s=1.02143 tsr_diff=0.002301 integral_mean=-0.000022 integral_std=0.002163 log_ratio=-0.0531 accept=0.9483 swapped=True
i=4 pair=(2,4) lam_t=1.03571 lam_s=1.05000 tsr_diff=0.002280 integral_mean=-0.000832 integral_std=0.003626 log_ratio=-1.9961 accept=0.1359 swapped=False
i=5 pair=(5,7) lam_t=0.96429 lam_s=0.97857 tsr_diff=0.003545 integral_mean=0.000308 integral_std=0.003505 log_ratio=0.0000 accept=1.0000 swapped=True
i=5 pair=(1,6) lam_t=0.99286 lam_s=1.00714 tsr_diff=0.003496 integral_mean=0.000128 integral_std=0.003507 log_ratio=0.0000 accept=1.0000 swapped=True
i=5 pair=(0,2) lam_t=1.02143 lam_s=1.03571 tsr_diff=0.003447 integral_mean=-0.000086 integral_std=0.003063 log_ratio=-0.2070 accept=0.8130 swapped=True
i=6 pair=(3,7) lam_t=0.95000 lam_s=0.96429 tsr_diff=0.004979 integral_mean=-0.000102 integral_std=0.004362 log_ratio=-0.2437 accept=0.7838 swapped=True
i=6 pair=(5,6) lam_t=0.97857 lam_s=0.99286 tsr_diff=0.004883 integral_mean=0.000006 integral_std=0.004549 log_ratio=0.0000 accept=1.0000 swapped=True
i=6 pair=(1,2) lam_t=1.00714 lam_s=1.02143 tsr_diff=0.004789 integral_mean=0.000194 integral_std=0.004474 log_ratio=0.0000 accept=1.0000 swapped=True
i=6 pair=(0,4) lam_t=1.03571 lam_s=1.05000 tsr_diff=0.004698 integral_mean=-0.001624 integral_std=0.007577 log_ratio=-3.8984 accept=0.0203 swapped=False
i=7 pair=(3,6) lam_t=0.96429 lam_s=0.97857 tsr_diff=0.006435 integral_mean=0.000033 integral_std=0.005215 log_ratio=0.0000 accept=1.0000 swapped=True
i=7 pair=(5,2) lam_t=0.99286 lam_s=1.00714 tsr_diff=0.006274 integral_mean=0.000031 integral_std=0.005606 log_ratio=0.0000 accept=1.0000 swapped=True
i=7 pair=(1,0) lam_t=1.02143 lam_s=1.03571 tsr_diff=0.006120 integral_mean=0.000514 integral_std=0.006061 log_ratio=0.0000 accept=1.0000 swapped=True
i=8 pair=(7,6) lam_t=0.95000 lam_s=0.96429 tsr_diff=0.008123 integral_mean=-0.000062 integral_std=0.006731 log_ratio=-0.1498 accept=0.8609 swapped=True
i=8 pair=(3,2) lam_t=0.97857 lam_s=0.99286 tsr_diff=0.007872 integral_mean=0.000086 integral_std=0.006330 log_ratio=0.0000 accept=1.0000 swapped=True
i=8 pair=(5,0) lam_t=1.00714 lam_s=1.02143 tsr_diff=0.007631 integral_mean=0.000127 integral_std=0.007589 log_ratio=0.0000 accept=1.0000 swapped=True
i=8 pair=(1,4) lam_t=1.03571 lam_s=1.05000 tsr_diff=0.007402 integral_mean=-0.001836 integral_std=0.011160 log_ratio=-4.4053 accept=0.0122 swapped=True
i=9 pair=(7,2) lam_t=0.96429 lam_s=0.97857 tsr_diff=0.009548 integral_mean=0.000054 integral_std=0.007593 log_ratio=0.0000 accept=1.0000 swapped=True
i=9 pair=(3,0) lam_t=0.99286 lam_s=1.00714 tsr_diff=0.009200 integral_mean=0.000219 integral_std=0.007139 log_ratio=0.0000 accept=1.0000 swapped=True
i=9 pair=(5,4) lam_t=1.02143 lam_s=1.03571 tsr_diff=0.008870 integral_mean=-0.001306 integral_std=0.011357 log_ratio=-3.1351 accept=0.0435 swapped=False
i=10 pair=(6,2) lam_t=0.95000 lam_s=0.96429 tsr_diff=0.011265 integral_mean=0.000214 integral_std=0.009023 log_ratio=0.0000 accept=1.0000 swapped=True
i=10 pair=(7,0) lam_t=0.97857 lam_s=0.99286 tsr_diff=0.010789 integral_mean=0.000119 integral_std=0.007265 log_ratio=0.0000 accept=1.0000 swapped=True
i=10 pair=(3,5) lam_t=1.00714 lam_s=1.02143 tsr_diff=0.010342 integral_mean=-0.000034 integral_std=0.010635 log_ratio=-0.0813 accept=0.9219 swapped=True
i=10 pair=(4,1) lam_t=1.03571 lam_s=1.05000 tsr_diff=0.009923 integral_mean=0.003198 integral_std=0.013381 log_ratio=0.0000 accept=1.0000 swapped=True
i=11 pair=(6,0) lam_t=0.96429 lam_s=0.97857 tsr_diff=0.012354 integral_mean=0.000399 integral_std=0.009203 log_ratio=0.0000 accept=1.0000 swapped=True
i=11 pair=(7,5) lam_t=0.99286 lam_s=1.00714 tsr_diff=0.011778 integral_mean=-0.000043 integral_std=0.012343 log_ratio=-0.1030 accept=0.9021 swapped=True
i=11 pair=(3,1) lam_t=1.02143 lam_s=1.03571 tsr_diff=0.011242 integral_mean=-0.000673 integral_std=0.011881 log_ratio=-1.6146 accept=0.1990 swapped=False
i=12 pair=(2,0) lam_t=0.95000 lam_s=0.96429 tsr_diff=0.013839 integral_mean=0.000049 integral_std=0.008029 log_ratio=0.0000 accept=1.0000 swapped=True
i=12 pair=(6,5) lam_t=0.97857 lam_s=0.99286 tsr_diff=0.013131 integral_mean=0.000405 integral_std=0.015357 log_ratio=0.0000 accept=1.0000 swapped=True
i=12 pair=(7,3) lam_t=1.00714 lam_s=1.02143 tsr_diff=0.012476 integral_mean=0.000133 integral_std=0.006960 log_ratio=0.0000 accept=1.0000 swapped=True
i=12 pair=(1,4) lam_t=1.03571 lam_s=1.05000 tsr_diff=0.011868 integral_mean=-0.004758 integral_std=0.032728 log_ratio=-11.4189 accept=0.0000 swapped=False
i=13 pair=(2,5) lam_t=0.96429 lam_s=0.97857 tsr_diff=0.014342 integral_mean=0.000293 integral_std=0.017767 log_ratio=0.0000 accept=1.0000 swapped=True
i=13 pair=(6,3) lam_t=0.99286 lam_s=1.00714 tsr_diff=0.013574 integral_mean=0.000623 integral_std=0.007327 log_ratio=0.0000 accept=1.0000 swapped=True
i=13 pair=(7,1) lam_t=1.02143 lam_s=1.03571 tsr_diff=0.012866 integral_mean=-0.005595 integral_std=0.049492 log_ratio=-13.4290 accept=0.0000 swapped=False
i=14 pair=(0,5) lam_t=0.95000 lam_s=0.96429 tsr_diff=0.015346 integral_mean=0.004371 integral_std=0.027305 log_ratio=0.0000 accept=1.0000 swapped=True
i=14 pair=(2,3) lam_t=0.97857 lam_s=0.99286 tsr_diff=0.014482 integral_mean=0.000699 integral_std=0.007961 log_ratio=0.0000 accept=1.0000 swapped=True
i=14 pair=(6,7) lam_t=1.00714 lam_s=1.02143 tsr_diff=0.013689 integral_mean=0.000767 integral_std=0.006718 log_ratio=0.0000 accept=1.0000 swapped=True
i=14 pair=(1,4) lam_t=1.03571 lam_s=1.05000 tsr_diff=0.012959 integral_mean=0.049222 integral_std=0.379700 log_ratio=0.0000 accept=1.0000 swapped=True
Best Sample: 3 log probability -0.019
Saved 1 samples to: logs/pointmaze-giant-navigate-v0/inference/plans/release_H400_T256_LimitsNormalizer_b1_condFalse/2026-07-20 17:56:22/2/0.png
Saved 1 samples to: logs/pointmaze-giant-navigate-v0/inference/plans/release_H400_T256_LimitsNormalizer_b1_condFalse/2026-07-20 17:56:22/2/rollout.png
i=0 pair=(0,1) lam_t=0.95000 lam_s=0.96429 tsr_diff=0.000000 integral_mean=0.000000 integral_std=0.000000 log_ratio=0.0000 accept=1.0000 swapped=True
i=0 pair=(2,3) lam_t=0.97857 lam_s=0.99286 tsr_diff=0.000000 integral_mean=0.000000 integral_std=0.000000 log_ratio=0.0000 accept=1.0000 swapped=True
i=0 pair=(4,5) lam_t=1.00714 lam_s=1.02143 tsr_diff=0.000000 integral_mean=0.000000 integral_std=0.000000 log_ratio=0.0000 accept=1.0000 swapped=True
i=0 pair=(6,7) lam_t=1.03571 lam_s=1.05000 tsr_diff=0.000000 integral_mean=0.000000 integral_std=0.000000 log_ratio=0.0000 accept=1.0000 swapped=True
i=1 pair=(0,3) lam_t=0.96429 lam_s=0.97857 tsr_diff=0.000153 integral_mean=0.000010 integral_std=0.000154 log_ratio=0.0000 accept=1.0000 swapped=True
i=1 pair=(2,5) lam_t=0.99286 lam_s=1.00714 tsr_diff=0.000152 integral_mean=0.000001 integral_std=0.000151 log_ratio=0.0000 accept=1.0000 swapped=True
i=1 pair=(4,7) lam_t=1.02143 lam_s=1.03571 tsr_diff=0.000152 integral_mean=-0.000007 integral_std=0.000156 log_ratio=-0.0162 accept=0.9839 swapped=True
i=2 pair=(1,3) lam_t=0.95000 lam_s=0.96429 tsr_diff=0.000605 integral_mean=-0.000013 integral_std=0.000588 log_ratio=-0.0306 accept=0.9698 swapped=True
i=2 pair=(0,5) lam_t=0.97857 lam_s=0.99286 tsr_diff=0.000604 integral_mean=-0.000006 integral_std=0.000581 log_ratio=-0.0145 accept=0.9856 swapped=True
i=2 pair=(2,7) lam_t=1.00714 lam_s=1.02143 tsr_diff=0.000603 integral_mean=-0.000029 integral_std=0.000597 log_ratio=-0.0698 accept=0.9326 swapped=True
i=2 pair=(4,6) lam_t=1.03571 lam_s=1.05000 tsr_diff=0.000601 integral_mean=-0.000010 integral_std=0.000577 log_ratio=-0.0231 accept=0.9772 swapped=True
i=3 pair=(1,5) lam_t=0.96429 lam_s=0.97857 tsr_diff=0.001341 integral_mean=0.000025 integral_std=0.001346 log_ratio=0.0000 accept=1.0000 swapped=True
i=3 pair=(0,7) lam_t=0.99286 lam_s=1.00714 tsr_diff=0.001333 integral_mean=-0.000051 integral_std=0.001260 log_ratio=-0.1229 accept=0.8844 swapped=True
i=3 pair=(2,6) lam_t=1.02143 lam_s=1.03571 tsr_diff=0.001326 integral_mean=-0.000013 integral_std=0.001267 log_ratio=-0.0313 accept=0.9692 swapped=True
i=4 pair=(3,5) lam_t=0.95000 lam_s=0.96429 tsr_diff=0.002344 integral_mean=0.000042 integral_std=0.002216 log_ratio=0.0000 accept=1.0000 swapped=True
i=4 pair=(1,7) lam_t=0.97857 lam_s=0.99286 tsr_diff=0.002322 integral_mean=-0.000023 integral_std=0.002201 log_ratio=-0.0552 accept=0.9463 swapped=True
i=4 pair=(0,6) lam_t=1.00714 lam_s=1.02143 tsr_diff=0.002301 integral_mean=-0.000083 integral_std=0.002144 log_ratio=-0.1991 accept=0.8195 swapped=False
i=4 pair=(2,4) lam_t=1.03571 lam_s=1.05000 tsr_diff=0.002280 integral_mean=-0.000179 integral_std=0.002252 log_ratio=-0.4285 accept=0.6515 swapped=False
i=5 pair=(3,7) lam_t=0.96429 lam_s=0.97857 tsr_diff=0.003545 integral_mean=0.000029 integral_std=0.003379 log_ratio=0.0000 accept=1.0000 swapped=True
i=5 pair=(1,0) lam_t=0.99286 lam_s=1.00714 tsr_diff=0.003496 integral_mean=0.000039 integral_std=0.003217 log_ratio=0.0000 accept=1.0000 swapped=True
i=5 pair=(6,2) lam_t=1.02143 lam_s=1.03571 tsr_diff=0.003447 integral_mean=-0.000096 integral_std=0.003256 log_ratio=-0.2312 accept=0.7936 swapped=True
i=6 pair=(5,7) lam_t=0.95000 lam_s=0.96429 tsr_diff=0.004979 integral_mean=0.000111 integral_std=0.004699 log_ratio=0.0000 accept=1.0000 swapped=True
i=6 pair=(3,0) lam_t=0.97857 lam_s=0.99286 tsr_diff=0.004883 integral_mean=-0.000031 integral_std=0.004634 log_ratio=-0.0751 accept=0.9276 swapped=True
i=6 pair=(1,2) lam_t=1.00714 lam_s=1.02143 tsr_diff=0.004789 integral_mean=0.000016 integral_std=0.004866 log_ratio=0.0000 accept=1.0000 swapped=True
i=6 pair=(6,4) lam_t=1.03571 lam_s=1.05000 tsr_diff=0.004698 integral_mean=0.000126 integral_std=0.004149 log_ratio=0.0000 accept=1.0000 swapped=True
i=7 pair=(5,0) lam_t=0.96429 lam_s=0.97857 tsr_diff=0.006435 integral_mean=0.000268 integral_std=0.005686 log_ratio=0.0000 accept=1.0000 swapped=True
i=7 pair=(3,2) lam_t=0.99286 lam_s=1.00714 tsr_diff=0.006274 integral_mean=0.000088 integral_std=0.005996 log_ratio=0.0000 accept=1.0000 swapped=True
i=7 pair=(1,4) lam_t=1.02143 lam_s=1.03571 tsr_diff=0.006120 integral_mean=0.000291 integral_std=0.005887 log_ratio=0.0000 accept=1.0000 swapped=True
i=8 pair=(7,0) lam_t=0.95000 lam_s=0.96429 tsr_diff=0.008123 integral_mean=-0.000185 integral_std=0.006974 log_ratio=-0.4443 accept=0.6413 swapped=False
i=8 pair=(5,2) lam_t=0.97857 lam_s=0.99286 tsr_diff=0.007872 integral_mean=0.000073 integral_std=0.007460 log_ratio=0.0000 accept=1.0000 swapped=True
i=8 pair=(3,4) lam_t=1.00714 lam_s=1.02143 tsr_diff=0.007631 integral_mean=0.000299 integral_std=0.007086 log_ratio=0.0000 accept=1.0000 swapped=True
i=8 pair=(1,6) lam_t=1.03571 lam_s=1.05000 tsr_diff=0.007402 integral_mean=0.000058 integral_std=0.007160 log_ratio=0.0000 accept=1.0000 swapped=True
i=9 pair=(0,2) lam_t=0.96429 lam_s=0.97857 tsr_diff=0.009548 integral_mean=-0.000122 integral_std=0.009108 log_ratio=-0.2921 accept=0.7467 swapped=False
i=9 pair=(5,4) lam_t=0.99286 lam_s=1.00714 tsr_diff=0.009200 integral_mean=0.000118 integral_std=0.008439 log_ratio=0.0000 accept=1.0000 swapped=True
i=9 pair=(3,6) lam_t=1.02143 lam_s=1.03571 tsr_diff=0.008870 integral_mean=0.000388 integral_std=0.009346 log_ratio=0.0000 accept=1.0000 swapped=True
i=10 pair=(7,0) lam_t=0.95000 lam_s=0.96429 tsr_diff=0.011265 integral_mean=0.000115 integral_std=0.009750 log_ratio=0.0000 accept=1.0000 swapped=True
i=10 pair=(2,4) lam_t=0.97857 lam_s=0.99286 tsr_diff=0.010789 integral_mean=-0.000238 integral_std=0.011079 log_ratio=-0.5707 accept=0.5651 swapped=False
i=10 pair=(5,6) lam_t=1.00714 lam_s=1.02143 tsr_diff=0.010342 integral_mean=-0.000132 integral_std=0.007818 log_ratio=-0.3159 accept=0.7291 swapped=False
i=10 pair=(3,1) lam_t=1.03571 lam_s=1.05000 tsr_diff=0.009923 integral_mean=-0.000746 integral_std=0.011735 log_ratio=-1.7909 accept=0.1668 swapped=False
i=11 pair=(7,2) lam_t=0.96429 lam_s=0.97857 tsr_diff=0.012354 integral_mean=0.000377 integral_std=0.010137 log_ratio=0.0000 accept=1.0000 swapped=True
i=11 pair=(4,5) lam_t=0.99286 lam_s=1.00714 tsr_diff=0.011778 integral_mean=0.000241 integral_std=0.015069 log_ratio=0.0000 accept=1.0000 swapped=True
i=11 pair=(6,3) lam_t=1.02143 lam_s=1.03571 tsr_diff=0.011242 integral_mean=-0.000407 integral_std=0.013451 log_ratio=-0.9772 accept=0.3764 swapped=True
i=12 pair=(0,2) lam_t=0.95000 lam_s=0.96429 tsr_diff=0.013839 integral_mean=0.000799 integral_std=0.014961 log_ratio=0.0000 accept=1.0000 swapped=True
i=12 pair=(7,5) lam_t=0.97857 lam_s=0.99286 tsr_diff=0.013131 integral_mean=0.000127 integral_std=0.011747 log_ratio=0.0000 accept=1.0000 swapped=True
i=12 pair=(4,3) lam_t=1.00714 lam_s=1.02143 tsr_diff=0.012476 integral_mean=-0.000339 integral_std=0.013107 log_ratio=-0.8132 accept=0.4434 swapped=False
i=12 pair=(6,1) lam_t=1.03571 lam_s=1.05000 tsr_diff=0.011868 integral_mean=-0.001697 integral_std=0.016078 log_ratio=-4.0727 accept=0.0170 swapped=False
i=13 pair=(0,5) lam_t=0.96429 lam_s=0.97857 tsr_diff=0.014342 integral_mean=0.000254 integral_std=0.007590 log_ratio=0.0000 accept=1.0000 swapped=True
i=13 pair=(7,4) lam_t=0.99286 lam_s=1.00714 tsr_diff=0.013574 integral_mean=-0.000350 integral_std=0.018573 log_ratio=-0.8408 accept=0.4314 swapped=True
i=13 pair=(3,6) lam_t=1.02143 lam_s=1.03571 tsr_diff=0.012866 integral_mean=0.002409 integral_std=0.027011 log_ratio=0.0000 accept=1.0000 swapped=True
i=14 pair=(2,5) lam_t=0.95000 lam_s=0.96429 tsr_diff=0.015346 integral_mean=0.000387 integral_std=0.021415 log_ratio=0.0000 accept=1.0000 swapped=True
i=14 pair=(0,4) lam_t=0.97857 lam_s=0.99286 tsr_diff=0.014482 integral_mean=0.002106 integral_std=0.034260 log_ratio=0.0000 accept=1.0000 swapped=True
i=14 pair=(7,6) lam_t=1.00714 lam_s=1.02143 tsr_diff=0.013689 integral_mean=0.000255 integral_std=0.014939 log_ratio=0.0000 accept=1.0000 swapped=True
i=14 pair=(3,1) lam_t=1.03571 lam_s=1.05000 tsr_diff=0.012959 integral_mean=-0.050659 integral_std=0.200394 log_ratio=-121.5814 accept=0.0000 swapped=False
Best Sample: 5 log probability 0.000
Saved 1 samples to: logs/pointmaze-giant-navigate-v0/inference/plans/release_H400_T256_LimitsNormalizer_b1_condFalse/2026-07-20 17:56:22/3/0.png
Saved 1 samples to: logs/pointmaze-giant-navigate-v0/inference/plans/release_H400_T256_LimitsNormalizer_b1_condFalse/2026-07-20 17:56:22/3/rollout.png
i=0 pair=(0,1) lam_t=0.95000 lam_s=0.96429 tsr_diff=0.000000 integral_mean=0.000000 integral_std=0.000000 log_ratio=0.0000 accept=1.0000 swapped=True
i=0 pair=(2,3) lam_t=0.97857 lam_s=0.99286 tsr_diff=0.000000 integral_mean=0.000000 integral_std=0.000000 log_ratio=0.0000 accept=1.0000 swapped=True
i=0 pair=(4,5) lam_t=1.00714 lam_s=1.02143 tsr_diff=0.000000 integral_mean=0.000000 integral_std=0.000000 log_ratio=0.0000 accept=1.0000 swapped=True
i=0 pair=(6,7) lam_t=1.03571 lam_s=1.05000 tsr_diff=0.000000 integral_mean=0.000000 integral_std=0.000000 log_ratio=0.0000 accept=1.0000 swapped=True
i=1 pair=(0,3) lam_t=0.96429 lam_s=0.97857 tsr_diff=0.000153 integral_mean=0.000004 integral_std=0.000159 log_ratio=0.0000 accept=1.0000 swapped=True
i=1 pair=(2,5) lam_t=0.99286 lam_s=1.00714 tsr_diff=0.000152 integral_mean=0.000006 integral_std=0.000155 log_ratio=0.0000 accept=1.0000 swapped=True
i=1 pair=(4,7) lam_t=1.02143 lam_s=1.03571 tsr_diff=0.000152 integral_mean=-0.000170 integral_std=0.000406 log_ratio=-0.4085 accept=0.6646 swapped=False
i=2 pair=(1,3) lam_t=0.95000 lam_s=0.96429 tsr_diff=0.000605 integral_mean=0.000010 integral_std=0.000601 log_ratio=0.0000 accept=1.0000 swapped=True
i=2 pair=(0,5) lam_t=0.97857 lam_s=0.99286 tsr_diff=0.000604 integral_mean=0.000023 integral_std=0.000583 log_ratio=0.0000 accept=1.0000 swapped=True
i=2 pair=(2,4) lam_t=1.00714 lam_s=1.02143 tsr_diff=0.000603 integral_mean=-0.000065 integral_std=0.000667 log_ratio=-0.1550 accept=0.8564 swapped=True
i=2 pair=(7,6) lam_t=1.03571 lam_s=1.05000 tsr_diff=0.000601 integral_mean=-0.000121 integral_std=0.000854 log_ratio=-0.2915 accept=0.7471 swapped=True
i=3 pair=(1,5) lam_t=0.96429 lam_s=0.97857 tsr_diff=0.001341 integral_mean=0.000062 integral_std=0.001350 log_ratio=0.0000 accept=1.0000 swapped=True
i=3 pair=(0,4) lam_t=0.99286 lam_s=1.00714 tsr_diff=0.001333 integral_mean=0.000036 integral_std=0.001624 log_ratio=0.0000 accept=1.0000 swapped=True
i=3 pair=(2,6) lam_t=1.02143 lam_s=1.03571 tsr_diff=0.001326 integral_mean=-0.000035 integral_std=0.001576 log_ratio=-0.0845 accept=0.9190 swapped=True
i=4 pair=(3,5) lam_t=0.95000 lam_s=0.96429 tsr_diff=0.002344 integral_mean=0.000059 integral_std=0.002435 log_ratio=0.0000 accept=1.0000 swapped=True
i=4 pair=(1,4) lam_t=0.97857 lam_s=0.99286 tsr_diff=0.002322 integral_mean=-0.000031 integral_std=0.002206 log_ratio=-0.0744 accept=0.9283 swapped=True
i=4 pair=(0,6) lam_t=1.00714 lam_s=1.02143 tsr_diff=0.002301 integral_mean=-0.000098 integral_std=0.002639 log_ratio=-0.2353 accept=0.7903 swapped=True
i=4 pair=(2,7) lam_t=1.03571 lam_s=1.05000 tsr_diff=0.002280 integral_mean=-0.000023 integral_std=0.002329 log_ratio=-0.0561 accept=0.9455 swapped=True
i=5 pair=(3,4) lam_t=0.96429 lam_s=0.97857 tsr_diff=0.003545 integral_mean=-0.000125 integral_std=0.003596 log_ratio=-0.2997 accept=0.7410 swapped=True
i=5 pair=(1,6) lam_t=0.99286 lam_s=1.00714 tsr_diff=0.003496 integral_mean=-0.000135 integral_std=0.003348 log_ratio=-0.3247 accept=0.7228 swapped=True
i=5 pair=(0,7) lam_t=1.02143 lam_s=1.03571 tsr_diff=0.003447 integral_mean=0.000081 integral_std=0.003355 log_ratio=0.0000 accept=1.0000 swapped=True
i=6 pair=(5,4) lam_t=0.95000 lam_s=0.96429 tsr_diff=0.004979 integral_mean=-0.000121 integral_std=0.004893 log_ratio=-0.2913 accept=0.7473 swapped=False
i=6 pair=(3,6) lam_t=0.97857 lam_s=0.99286 tsr_diff=0.004883 integral_mean=-0.000164 integral_std=0.004844 log_ratio=-0.3930 accept=0.6751 swapped=False
i=6 pair=(1,7) lam_t=1.00714 lam_s=1.02143 tsr_diff=0.004789 integral_mean=0.000030 integral_std=0.004392 log_ratio=0.0000 accept=1.0000 swapped=True
i=6 pair=(0,2) lam_t=1.03571 lam_s=1.05000 tsr_diff=0.004698 integral_mean=-0.000270 integral_std=0.005133 log_ratio=-0.6478 accept=0.5232 swapped=False
i=7 pair=(4,3) lam_t=0.96429 lam_s=0.97857 tsr_diff=0.006435 integral_mean=0.000142 integral_std=0.006366 log_ratio=0.0000 accept=1.0000 swapped=True
i=7 pair=(6,7) lam_t=0.99286 lam_s=1.00714 tsr_diff=0.006274 integral_mean=-0.000022 integral_std=0.006226 log_ratio=-0.0533 accept=0.9481 swapped=True
i=7 pair=(1,0) lam_t=1.02143 lam_s=1.03571 tsr_diff=0.006120 integral_mean=-0.000082 integral_std=0.005973 log_ratio=-0.1962 accept=0.8219 swapped=True
i=8 pair=(5,3) lam_t=0.95000 lam_s=0.96429 tsr_diff=0.008123 integral_mean=-0.000096 integral_std=0.007457 log_ratio=-0.2316 accept=0.7933 swapped=True
i=8 pair=(4,7) lam_t=0.97857 lam_s=0.99286 tsr_diff=0.007872 integral_mean=0.000149 integral_std=0.007955 log_ratio=0.0000 accept=1.0000 swapped=True
i=8 pair=(6,0) lam_t=1.00714 lam_s=1.02143 tsr_diff=0.007631 integral_mean=-0.000024 integral_std=0.008689 log_ratio=-0.0583 accept=0.9434 swapped=True
i=8 pair=(1,2) lam_t=1.03571 lam_s=1.05000 tsr_diff=0.007402 integral_mean=-0.000813 integral_std=0.008384 log_ratio=-1.9520 accept=0.1420 swapped=False
i=9 pair=(5,7) lam_t=0.96429 lam_s=0.97857 tsr_diff=0.009548 integral_mean=0.000963 integral_std=0.009572 log_ratio=0.0000 accept=1.0000 swapped=True
i=9 pair=(4,0) lam_t=0.99286 lam_s=1.00714 tsr_diff=0.009200 integral_mean=-0.001269 integral_std=0.011151 log_ratio=-3.0449 accept=0.0476 swapped=False
i=9 pair=(6,1) lam_t=1.02143 lam_s=1.03571 tsr_diff=0.008870 integral_mean=0.000408 integral_std=0.007668 log_ratio=0.0000 accept=1.0000 swapped=True
i=10 pair=(3,7) lam_t=0.95000 lam_s=0.96429 tsr_diff=0.011265 integral_mean=0.000254 integral_std=0.010139 log_ratio=0.0000 accept=1.0000 swapped=True
i=10 pair=(5,4) lam_t=0.97857 lam_s=0.99286 tsr_diff=0.010789 integral_mean=0.000182 integral_std=0.010104 log_ratio=0.0000 accept=1.0000 swapped=True
i=10 pair=(0,1) lam_t=1.00714 lam_s=1.02143 tsr_diff=0.010342 integral_mean=0.001524 integral_std=0.012232 log_ratio=0.0000 accept=1.0000 swapped=True
i=10 pair=(6,2) lam_t=1.03571 lam_s=1.05000 tsr_diff=0.009923 integral_mean=-0.000367 integral_std=0.013676 log_ratio=-0.8807 accept=0.4145 swapped=False
i=11 pair=(3,4) lam_t=0.96429 lam_s=0.97857 tsr_diff=0.012354 integral_mean=0.000465 integral_std=0.013774 log_ratio=0.0000 accept=1.0000 swapped=True
i=11 pair=(5,1) lam_t=0.99286 lam_s=1.00714 tsr_diff=0.011778 integral_mean=0.000531 integral_std=0.011829 log_ratio=0.0000 accept=1.0000 swapped=True
i=11 pair=(0,6) lam_t=1.02143 lam_s=1.03571 tsr_diff=0.011242 integral_mean=0.000590 integral_std=0.016781 log_ratio=0.0000 accept=1.0000 swapped=True
i=12 pair=(7,4) lam_t=0.95000 lam_s=0.96429 tsr_diff=0.013839 integral_mean=-0.000179 integral_std=0.016866 log_ratio=-0.4304 accept=0.6502 swapped=True
i=12 pair=(3,1) lam_t=0.97857 lam_s=0.99286 tsr_diff=0.013131 integral_mean=0.000381 integral_std=0.011453 log_ratio=0.0000 accept=1.0000 swapped=True
i=12 pair=(5,6) lam_t=1.00714 lam_s=1.02143 tsr_diff=0.012476 integral_mean=0.000654 integral_std=0.031394 log_ratio=0.0000 accept=1.0000 swapped=True
i=12 pair=(0,2) lam_t=1.03571 lam_s=1.05000 tsr_diff=0.011868 integral_mean=0.001088 integral_std=0.029633 log_ratio=0.0000 accept=1.0000 swapped=True
i=13 pair=(7,1) lam_t=0.96429 lam_s=0.97857 tsr_diff=0.014342 integral_mean=0.000393 integral_std=0.010279 log_ratio=0.0000 accept=1.0000 swapped=True
i=13 pair=(3,6) lam_t=0.99286 lam_s=1.00714 tsr_diff=0.013574 integral_mean=-0.001025 integral_std=0.023516 log_ratio=-2.4602 accept=0.0854 swapped=False
i=13 pair=(5,2) lam_t=1.02143 lam_s=1.03571 tsr_diff=0.012866 integral_mean=-0.000140 integral_std=0.029720 log_ratio=-0.3359 accept=0.7147 swapped=True
i=14 pair=(4,1) lam_t=0.95000 lam_s=0.96429 tsr_diff=0.015346 integral_mean=-0.000000 integral_std=0.032958 log_ratio=-0.0007 accept=0.9993 swapped=True
i=14 pair=(7,3) lam_t=0.97857 lam_s=0.99286 tsr_diff=0.014482 integral_mean=-0.000839 integral_std=0.035545 log_ratio=-2.0137 accept=0.1335 swapped=False
i=14 pair=(6,2) lam_t=1.00714 lam_s=1.02143 tsr_diff=0.013689 integral_mean=-0.012982 integral_std=0.187170 log_ratio=-31.1571 accept=0.0000 swapped=False
i=14 pair=(5,0) lam_t=1.03571 lam_s=1.05000 tsr_diff=0.012959 integral_mean=-0.010778 integral_std=0.056397 log_ratio=-25.8671 accept=0.0000 swapped=False
Best Sample: 7 log probability -11.096
Saved 1 samples to: logs/pointmaze-giant-navigate-v0/inference/plans/release_H400_T256_LimitsNormalizer_b1_condFalse/2026-07-20 17:56:22/4/0.png
Saved 1 samples to: logs/pointmaze-giant-navigate-v0/inference/plans/release_H400_T256_LimitsNormalizer_b1_condFalse/2026-07-20 17:56:22/4/rollout.png
i=0 pair=(0,1) lam_t=0.95000 lam_s=0.96429 tsr_diff=0.000000 integral_mean=0.000000 integral_std=0.000000 log_ratio=0.0000 accept=1.0000 swapped=True
i=0 pair=(2,3) lam_t=0.97857 lam_s=0.99286 tsr_diff=0.000000 integral_mean=0.000000 integral_std=0.000000 log_ratio=0.0000 accept=1.0000 swapped=True
i=0 pair=(4,5) lam_t=1.00714 lam_s=1.02143 tsr_diff=0.000000 integral_mean=0.000000 integral_std=0.000000 log_ratio=0.0000 accept=1.0000 swapped=True
i=0 pair=(6,7) lam_t=1.03571 lam_s=1.05000 tsr_diff=0.000000 integral_mean=0.000000 integral_std=0.000000 log_ratio=0.0000 accept=1.0000 swapped=True
i=1 pair=(0,3) lam_t=0.96429 lam_s=0.97857 tsr_diff=0.000153 integral_mean=-0.000005 integral_std=0.000159 log_ratio=-0.0127 accept=0.9874 swapped=True
i=1 pair=(2,5) lam_t=0.99286 lam_s=1.00714 tsr_diff=0.000152 integral_mean=0.000005 integral_std=0.000143 log_ratio=0.0000 accept=1.0000 swapped=True
i=1 pair=(4,7) lam_t=1.02143 lam_s=1.03571 tsr_diff=0.000152 integral_mean=0.000003 integral_std=0.000150 log_ratio=0.0000 accept=1.0000 swapped=True
i=2 pair=(1,3) lam_t=0.95000 lam_s=0.96429 tsr_diff=0.000605 integral_mean=-0.000038 integral_std=0.000725 log_ratio=-0.0901 accept=0.9138 swapped=True
i=2 pair=(0,5) lam_t=0.97857 lam_s=0.99286 tsr_diff=0.000604 integral_mean=0.000001 integral_std=0.000565 log_ratio=0.0000 accept=1.0000 swapped=True
i=2 pair=(2,7) lam_t=1.00714 lam_s=1.02143 tsr_diff=0.000603 integral_mean=0.000038 integral_std=0.000652 log_ratio=0.0000 accept=1.0000 swapped=True
i=2 pair=(4,6) lam_t=1.03571 lam_s=1.05000 tsr_diff=0.000601 integral_mean=-0.000005 integral_std=0.000550 log_ratio=-0.0119 accept=0.9881 swapped=True
i=3 pair=(1,5) lam_t=0.96429 lam_s=0.97857 tsr_diff=0.001341 integral_mean=0.000045 integral_std=0.001380 log_ratio=0.0000 accept=1.0000 swapped=True
i=3 pair=(0,7) lam_t=0.99286 lam_s=1.00714 tsr_diff=0.001333 integral_mean=-0.000032 integral_std=0.001240 log_ratio=-0.0765 accept=0.9264 swapped=True
i=3 pair=(2,6) lam_t=1.02143 lam_s=1.03571 tsr_diff=0.001326 integral_mean=-0.000047 integral_std=0.001402 log_ratio=-0.1133 accept=0.8929 swapped=True
i=4 pair=(3,5) lam_t=0.95000 lam_s=0.96429 tsr_diff=0.002344 integral_mean=0.000013 integral_std=0.002376 log_ratio=0.0000 accept=1.0000 swapped=True
i=4 pair=(1,7) lam_t=0.97857 lam_s=0.99286 tsr_diff=0.002322 integral_mean=-0.000014 integral_std=0.002186 log_ratio=-0.0337 accept=0.9669 swapped=True
i=4 pair=(0,6) lam_t=1.00714 lam_s=1.02143 tsr_diff=0.002301 integral_mean=-0.000108 integral_std=0.002216 log_ratio=-0.2583 accept=0.7724 swapped=True
i=4 pair=(2,4) lam_t=1.03571 lam_s=1.05000 tsr_diff=0.002280 integral_mean=0.000026 integral_std=0.002234 log_ratio=0.0000 accept=1.0000 swapped=True
i=5 pair=(3,7) lam_t=0.96429 lam_s=0.97857 tsr_diff=0.003545 integral_mean=0.000470 integral_std=0.003600 log_ratio=0.0000 accept=1.0000 swapped=True
i=5 pair=(1,6) lam_t=0.99286 lam_s=1.00714 tsr_diff=0.003496 integral_mean=0.000010 integral_std=0.003417 log_ratio=0.0000 accept=1.0000 swapped=True
i=5 pair=(0,4) lam_t=1.02143 lam_s=1.03571 tsr_diff=0.003447 integral_mean=-0.000105 integral_std=0.003048 log_ratio=-0.2513 accept=0.7778 swapped=True
i=6 pair=(5,7) lam_t=0.95000 lam_s=0.96429 tsr_diff=0.004979 integral_mean=0.000195 integral_std=0.004407 log_ratio=0.0000 accept=1.0000 swapped=True
i=6 pair=(3,6) lam_t=0.97857 lam_s=0.99286 tsr_diff=0.004883 integral_mean=0.000459 integral_std=0.005122 log_ratio=0.0000 accept=1.0000 swapped=True
i=6 pair=(1,4) lam_t=1.00714 lam_s=1.02143 tsr_diff=0.004789 integral_mean=-0.000074 integral_std=0.004550 log_ratio=-0.1771 accept=0.8377 swapped=True
i=6 pair=(0,2) lam_t=1.03571 lam_s=1.05000 tsr_diff=0.004698 integral_mean=0.000003 integral_std=0.004335 log_ratio=0.0000 accept=1.0000 swapped=True
i=7 pair=(5,6) lam_t=0.96429 lam_s=0.97857 tsr_diff=0.006435 integral_mean=-0.000118 integral_std=0.006337 log_ratio=-0.2838 accept=0.7529 swapped=True
i=7 pair=(3,4) lam_t=0.99286 lam_s=1.00714 tsr_diff=0.006274 integral_mean=-0.000394 integral_std=0.010413 log_ratio=-0.9445 accept=0.3889 swapped=True
i=7 pair=(1,2) lam_t=1.02143 lam_s=1.03571 tsr_diff=0.006120 integral_mean=-0.000154 integral_std=0.005968 log_ratio=-0.3704 accept=0.6905 swapped=False
i=8 pair=(7,6) lam_t=0.95000 lam_s=0.96429 tsr_diff=0.008123 integral_mean=-0.000269 integral_std=0.007709 log_ratio=-0.6446 accept=0.5249 swapped=True
i=8 pair=(5,4) lam_t=0.97857 lam_s=0.99286 tsr_diff=0.007872 integral_mean=-0.000921 integral_std=0.009476 log_ratio=-2.2115 accept=0.1095 swapped=False
i=8 pair=(3,1) lam_t=1.00714 lam_s=1.02143 tsr_diff=0.007631 integral_mean=0.000731 integral_std=0.008459 log_ratio=0.0000 accept=1.0000 swapped=True
i=8 pair=(2,0) lam_t=1.03571 lam_s=1.05000 tsr_diff=0.007402 integral_mean=0.000537 integral_std=0.007969 log_ratio=0.0000 accept=1.0000 swapped=True
i=9 pair=(7,5) lam_t=0.96429 lam_s=0.97857 tsr_diff=0.009548 integral_mean=-0.000069 integral_std=0.008052 log_ratio=-0.1647 accept=0.8481 swapped=True
i=9 pair=(4,1) lam_t=0.99286 lam_s=1.00714 tsr_diff=0.009200 integral_mean=0.000976 integral_std=0.009715 log_ratio=0.0000 accept=1.0000 swapped=True
i=9 pair=(3,0) lam_t=1.02143 lam_s=1.03571 tsr_diff=0.008870 integral_mean=0.000320 integral_std=0.009299 log_ratio=0.0000 accept=1.0000 swapped=True
i=10 pair=(6,5) lam_t=0.95000 lam_s=0.96429 tsr_diff=0.011265 integral_mean=0.000581 integral_std=0.012229 log_ratio=0.0000 accept=1.0000 swapped=True
i=10 pair=(7,1) lam_t=0.97857 lam_s=0.99286 tsr_diff=0.010789 integral_mean=0.000379 integral_std=0.008409 log_ratio=0.0000 accept=1.0000 swapped=True
i=10 pair=(4,0) lam_t=1.00714 lam_s=1.02143 tsr_diff=0.010342 integral_mean=0.001239 integral_std=0.012514 log_ratio=0.0000 accept=1.0000 swapped=True
i=10 pair=(3,2) lam_t=1.03571 lam_s=1.05000 tsr_diff=0.009923 integral_mean=0.001249 integral_std=0.011090 log_ratio=0.0000 accept=1.0000 swapped=True
i=11 pair=(6,1) lam_t=0.96429 lam_s=0.97857 tsr_diff=0.012354 integral_mean=0.008488 integral_std=0.038796 log_ratio=0.0000 accept=1.0000 swapped=True
i=11 pair=(7,0) lam_t=0.99286 lam_s=1.00714 tsr_diff=0.011778 integral_mean=0.000188 integral_std=0.012131 log_ratio=0.0000 accept=1.0000 swapped=True
i=11 pair=(4,2) lam_t=1.02143 lam_s=1.03571 tsr_diff=0.011242 integral_mean=0.002095 integral_std=0.018021 log_ratio=0.0000 accept=1.0000 swapped=True
i=12 pair=(5,1) lam_t=0.95000 lam_s=0.96429 tsr_diff=0.013839 integral_mean=0.000225 integral_std=0.008785 log_ratio=0.0000 accept=1.0000 swapped=True
i=12 pair=(6,0) lam_t=0.97857 lam_s=0.99286 tsr_diff=0.013131 integral_mean=0.005894 integral_std=0.023682 log_ratio=0.0000 accept=1.0000 swapped=True
i=12 pair=(7,2) lam_t=1.00714 lam_s=1.02143 tsr_diff=0.012476 integral_mean=-0.000169 integral_std=0.012774 log_ratio=-0.4063 accept=0.6661 swapped=True
i=12 pair=(4,3) lam_t=1.03571 lam_s=1.05000 tsr_diff=0.011868 integral_mean=-0.001048 integral_std=0.025547 log_ratio=-2.5142 accept=0.0809 swapped=False
i=13 pair=(5,0) lam_t=0.96429 lam_s=0.97857 tsr_diff=0.014342 integral_mean=-0.000445 integral_std=0.019839 log_ratio=-1.0675 accept=0.3439 swapped=False
i=13 pair=(6,2) lam_t=0.99286 lam_s=1.00714 tsr_diff=0.013574 integral_mean=0.005869 integral_std=0.027365 log_ratio=0.0000 accept=1.0000 swapped=True
i=13 pair=(7,4) lam_t=1.02143 lam_s=1.03571 tsr_diff=0.012866 integral_mean=-0.001268 integral_std=0.024630 log_ratio=-3.0430 accept=0.0477 swapped=False
i=14 pair=(1,5) lam_t=0.95000 lam_s=0.96429 tsr_diff=0.015346 integral_mean=0.000672 integral_std=0.011854 log_ratio=0.0000 accept=1.0000 swapped=True
i=14 pair=(0,2) lam_t=0.97857 lam_s=0.99286 tsr_diff=0.014482 integral_mean=0.001050 integral_std=0.030354 log_ratio=0.0000 accept=1.0000 swapped=True
i=14 pair=(6,7) lam_t=1.00714 lam_s=1.02143 tsr_diff=0.013689 integral_mean=0.015027 integral_std=0.078987 log_ratio=0.0000 accept=1.0000 swapped=True
i=14 pair=(4,3) lam_t=1.03571 lam_s=1.05000 tsr_diff=0.012959 integral_mean=-0.017409 integral_std=0.199468 log_ratio=-41.7805 accept=0.0000 swapped=False
Best Sample: 5 log probability 0.000
Saved 1 samples to: logs/pointmaze-giant-navigate-v0/inference/plans/release_H400_T256_LimitsNormalizer_b1_condFalse/2026-07-20 17:56:22/5/0.png
Saved 1 samples to: logs/pointmaze-giant-navigate-v0/inference/plans/release_H400_T256_LimitsNormalizer_b1_condFalse/2026-07-20 17:56:22/5/rollout.png
i=0 pair=(0,1) lam_t=0.95000 lam_s=0.96429 tsr_diff=0.000000 integral_mean=0.000000 integral_std=0.000000 log_ratio=0.0000 accept=1.0000 swapped=True
i=0 pair=(2,3) lam_t=0.97857 lam_s=0.99286 tsr_diff=0.000000 integral_mean=0.000000 integral_std=0.000000 log_ratio=0.0000 accept=1.0000 swapped=True
i=0 pair=(4,5) lam_t=1.00714 lam_s=1.02143 tsr_diff=0.000000 integral_mean=0.000000 integral_std=0.000000 log_ratio=0.0000 accept=1.0000 swapped=True
i=0 pair=(6,7) lam_t=1.03571 lam_s=1.05000 tsr_diff=0.000000 integral_mean=0.000000 integral_std=0.000000 log_ratio=0.0000 accept=1.0000 swapped=True
i=1 pair=(0,3) lam_t=0.96429 lam_s=0.97857 tsr_diff=0.000153 integral_mean=0.000000 integral_std=0.000150 log_ratio=0.0000 accept=1.0000 swapped=True
i=1 pair=(2,5) lam_t=0.99286 lam_s=1.00714 tsr_diff=0.000152 integral_mean=0.000002 integral_std=0.000157 log_ratio=0.0000 accept=1.0000 swapped=True
i=1 pair=(4,7) lam_t=1.02143 lam_s=1.03571 tsr_diff=0.000152 integral_mean=-0.000002 integral_std=0.000151 log_ratio=-0.0047 accept=0.9953 swapped=True
i=2 pair=(1,3) lam_t=0.95000 lam_s=0.96429 tsr_diff=0.000605 integral_mean=0.000077 integral_std=0.000675 log_ratio=0.0000 accept=1.0000 swapped=True
i=2 pair=(0,5) lam_t=0.97857 lam_s=0.99286 tsr_diff=0.000604 integral_mean=-0.000002 integral_std=0.000612 log_ratio=-0.0054 accept=0.9946 swapped=True
i=2 pair=(2,7) lam_t=1.00714 lam_s=1.02143 tsr_diff=0.000603 integral_mean=-0.000020 integral_std=0.000578 log_ratio=-0.0481 accept=0.9530 swapped=True
i=2 pair=(4,6) lam_t=1.03571 lam_s=1.05000 tsr_diff=0.000601 integral_mean=-0.000009 integral_std=0.000597 log_ratio=-0.0217 accept=0.9785 swapped=True
i=3 pair=(1,5) lam_t=0.96429 lam_s=0.97857 tsr_diff=0.001341 integral_mean=-0.000075 integral_std=0.001585 log_ratio=-0.1790 accept=0.8361 swapped=True
i=3 pair=(0,7) lam_t=0.99286 lam_s=1.00714 tsr_diff=0.001333 integral_mean=-0.000036 integral_std=0.001368 log_ratio=-0.0862 accept=0.9174 swapped=True
i=3 pair=(2,6) lam_t=1.02143 lam_s=1.03571 tsr_diff=0.001326 integral_mean=-0.000007 integral_std=0.001283 log_ratio=-0.0176 accept=0.9826 swapped=True
i=4 pair=(3,5) lam_t=0.95000 lam_s=0.96429 tsr_diff=0.002344 integral_mean=-0.000040 integral_std=0.002281 log_ratio=-0.0968 accept=0.9077 swapped=True
i=4 pair=(1,7) lam_t=0.97857 lam_s=0.99286 tsr_diff=0.002322 integral_mean=-0.000059 integral_std=0.002523 log_ratio=-0.1418 accept=0.8678 swapped=True
i=4 pair=(0,6) lam_t=1.00714 lam_s=1.02143 tsr_diff=0.002301 integral_mean=0.000117 integral_std=0.002240 log_ratio=0.0000 accept=1.0000 swapped=True
i=4 pair=(2,4) lam_t=1.03571 lam_s=1.05000 tsr_diff=0.002280 integral_mean=-0.000485 integral_std=0.002700 log_ratio=-1.1640 accept=0.3122 swapped=False
i=5 pair=(3,7) lam_t=0.96429 lam_s=0.97857 tsr_diff=0.003545 integral_mean=0.000259 integral_std=0.003786 log_ratio=0.0000 accept=1.0000 swapped=True
i=5 pair=(1,6) lam_t=0.99286 lam_s=1.00714 tsr_diff=0.003496 integral_mean=-0.000129 integral_std=0.003490 log_ratio=-0.3088 accept=0.7344 swapped=True
i=5 pair=(0,2) lam_t=1.02143 lam_s=1.03571 tsr_diff=0.003447 integral_mean=0.000183 integral_std=0.003208 log_ratio=0.0000 accept=1.0000 swapped=True
i=6 pair=(5,7) lam_t=0.95000 lam_s=0.96429 tsr_diff=0.004979 integral_mean=0.000033 integral_std=0.004948 log_ratio=0.0000 accept=1.0000 swapped=True
i=6 pair=(3,6) lam_t=0.97857 lam_s=0.99286 tsr_diff=0.004883 integral_mean=-0.000082 integral_std=0.005268 log_ratio=-0.1968 accept=0.8213 swapped=True
i=6 pair=(1,2) lam_t=1.00714 lam_s=1.02143 tsr_diff=0.004789 integral_mean=-0.000090 integral_std=0.004328 log_ratio=-0.2167 accept=0.8052 swapped=True
i=6 pair=(0,4) lam_t=1.03571 lam_s=1.05000 tsr_diff=0.004698 integral_mean=-0.000081 integral_std=0.004715 log_ratio=-0.1944 accept=0.8233 swapped=True
i=7 pair=(5,6) lam_t=0.96429 lam_s=0.97857 tsr_diff=0.006435 integral_mean=-0.000139 integral_std=0.006427 log_ratio=-0.3335 accept=0.7164 swapped=False
i=7 pair=(3,2) lam_t=0.99286 lam_s=1.00714 tsr_diff=0.006274 integral_mean=0.000059 integral_std=0.005709 log_ratio=0.0000 accept=1.0000 swapped=True
i=7 pair=(1,4) lam_t=1.02143 lam_s=1.03571 tsr_diff=0.006120 integral_mean=-0.000254 integral_std=0.006115 log_ratio=-0.6098 accept=0.5434 swapped=False
i=8 pair=(7,5) lam_t=0.95000 lam_s=0.96429 tsr_diff=0.008123 integral_mean=-0.000420 integral_std=0.008382 log_ratio=-1.0075 accept=0.3651 swapped=False
i=8 pair=(6,2) lam_t=0.97857 lam_s=0.99286 tsr_diff=0.007872 integral_mean=-0.000043 integral_std=0.007425 log_ratio=-0.1029 accept=0.9022 swapped=True
i=8 pair=(3,1) lam_t=1.00714 lam_s=1.02143 tsr_diff=0.007631 integral_mean=0.000266 integral_std=0.006887 log_ratio=0.0000 accept=1.0000 swapped=True
i=8 pair=(4,0) lam_t=1.03571 lam_s=1.05000 tsr_diff=0.007402 integral_mean=-0.000062 integral_std=0.007697 log_ratio=-0.1486 accept=0.8620 swapped=False
i=9 pair=(5,2) lam_t=0.96429 lam_s=0.97857 tsr_diff=0.009548 integral_mean=0.000351 integral_std=0.010864 log_ratio=0.0000 accept=1.0000 swapped=True
i=9 pair=(6,1) lam_t=0.99286 lam_s=1.00714 tsr_diff=0.009200 integral_mean=-0.000172 integral_std=0.007928 log_ratio=-0.4131 accept=0.6616 swapped=False
i=9 pair=(3,4) lam_t=1.02143 lam_s=1.03571 tsr_diff=0.008870 integral_mean=-0.000535 integral_std=0.008073 log_ratio=-1.2851 accept=0.2766 swapped=False
i=10 pair=(7,2) lam_t=0.95000 lam_s=0.96429 tsr_diff=0.011265 integral_mean=-0.000534 integral_std=0.014274 log_ratio=-1.2811 accept=0.2777 swapped=False
i=10 pair=(5,6) lam_t=0.97857 lam_s=0.99286 tsr_diff=0.010789 integral_mean=0.000594 integral_std=0.012246 log_ratio=0.0000 accept=1.0000 swapped=True
i=10 pair=(1,3) lam_t=1.00714 lam_s=1.02143 tsr_diff=0.010342 integral_mean=0.000578 integral_std=0.011787 log_ratio=0.0000 accept=1.0000 swapped=True
i=10 pair=(4,0) lam_t=1.03571 lam_s=1.05000 tsr_diff=0.009923 integral_mean=0.000261 integral_std=0.012918 log_ratio=0.0000 accept=1.0000 swapped=True
i=11 pair=(2,6) lam_t=0.96429 lam_s=0.97857 tsr_diff=0.012354 integral_mean=0.001201 integral_std=0.015135 log_ratio=0.0000 accept=1.0000 swapped=True
i=11 pair=(5,3) lam_t=0.99286 lam_s=1.00714 tsr_diff=0.011778 integral_mean=0.001934 integral_std=0.015486 log_ratio=0.0000 accept=1.0000 swapped=True
i=11 pair=(1,0) lam_t=1.02143 lam_s=1.03571 tsr_diff=0.011242 integral_mean=-0.000497 integral_std=0.011339 log_ratio=-1.1923 accept=0.3035 swapped=False
i=12 pair=(7,6) lam_t=0.95000 lam_s=0.96429 tsr_diff=0.013839 integral_mean=-0.000272 integral_std=0.020009 log_ratio=-0.6521 accept=0.5209 swapped=False
i=12 pair=(2,3) lam_t=0.97857 lam_s=0.99286 tsr_diff=0.013131 integral_mean=0.002962 integral_std=0.021940 log_ratio=0.0000 accept=1.0000 swapped=True
i=12 pair=(5,1) lam_t=1.00714 lam_s=1.02143 tsr_diff=0.012476 integral_mean=0.002805 integral_std=0.023222 log_ratio=0.0000 accept=1.0000 swapped=True
i=12 pair=(0,4) lam_t=1.03571 lam_s=1.05000 tsr_diff=0.011868 integral_mean=-0.000563 integral_std=0.022211 log_ratio=-1.3508 accept=0.2590 swapped=False
i=13 pair=(6,3) lam_t=0.96429 lam_s=0.97857 tsr_diff=0.014342 integral_mean=0.001262 integral_std=0.022682 log_ratio=0.0000 accept=1.0000 swapped=True
i=13 pair=(2,1) lam_t=0.99286 lam_s=1.00714 tsr_diff=0.013574 integral_mean=0.002376 integral_std=0.021974 log_ratio=0.0000 accept=1.0000 swapped=True
i=13 pair=(5,0) lam_t=1.02143 lam_s=1.03571 tsr_diff=0.012866 integral_mean=0.005678 integral_std=0.036428 log_ratio=0.0000 accept=1.0000 swapped=True
i=14 pair=(7,3) lam_t=0.95000 lam_s=0.96429 tsr_diff=0.015346 integral_mean=0.000395 integral_std=0.017312 log_ratio=0.0000 accept=1.0000 swapped=True
i=14 pair=(6,1) lam_t=0.97857 lam_s=0.99286 tsr_diff=0.014482 integral_mean=0.001922 integral_std=0.014987 log_ratio=0.0000 accept=1.0000 swapped=True
i=14 pair=(2,0) lam_t=1.00714 lam_s=1.02143 tsr_diff=0.013689 integral_mean=0.006464 integral_std=0.066328 log_ratio=0.0000 accept=1.0000 swapped=True
i=14 pair=(5,4) lam_t=1.03571 lam_s=1.05000 tsr_diff=0.012959 integral_mean=0.018497 integral_std=0.161633 log_ratio=0.0000 accept=1.0000 swapped=True
Best Sample: 3 log probability -0.203
Saved 1 samples to: logs/pointmaze-giant-navigate-v0/inference/plans/release_H400_T256_LimitsNormalizer_b1_condFalse/2026-07-20 17:56:22/6/0.png
Saved 1 samples to: logs/pointmaze-giant-navigate-v0/inference/plans/release_H400_T256_LimitsNormalizer_b1_condFalse/2026-07-20 17:56:22/6/rollout.png
i=0 pair=(0,1) lam_t=0.95000 lam_s=0.96429 tsr_diff=0.000000 integral_mean=0.000000 integral_std=0.000000 log_ratio=0.0000 accept=1.0000 swapped=True
i=0 pair=(2,3) lam_t=0.97857 lam_s=0.99286 tsr_diff=0.000000 integral_mean=0.000000 integral_std=0.000000 log_ratio=0.0000 accept=1.0000 swapped=True
i=0 pair=(4,5) lam_t=1.00714 lam_s=1.02143 tsr_diff=0.000000 integral_mean=0.000000 integral_std=0.000000 log_ratio=0.0000 accept=1.0000 swapped=True
i=0 pair=(6,7) lam_t=1.03571 lam_s=1.05000 tsr_diff=0.000000 integral_mean=0.000000 integral_std=0.000000 log_ratio=0.0000 accept=1.0000 swapped=True
i=1 pair=(0,3) lam_t=0.96429 lam_s=0.97857 tsr_diff=0.000153 integral_mean=0.000001 integral_std=0.000154 log_ratio=0.0000 accept=1.0000 swapped=True
i=1 pair=(2,5) lam_t=0.99286 lam_s=1.00714 tsr_diff=0.000152 integral_mean=-0.000002 integral_std=0.000149 log_ratio=-0.0051 accept=0.9949 swapped=True
i=1 pair=(4,7) lam_t=1.02143 lam_s=1.03571 tsr_diff=0.000152 integral_mean=-0.000002 integral_std=0.000157 log_ratio=-0.0039 accept=0.9961 swapped=True
i=2 pair=(1,3) lam_t=0.95000 lam_s=0.96429 tsr_diff=0.000605 integral_mean=-0.000055 integral_std=0.000677 log_ratio=-0.1317 accept=0.8766 swapped=True
i=2 pair=(0,5) lam_t=0.97857 lam_s=0.99286 tsr_diff=0.000604 integral_mean=-0.000001 integral_std=0.000630 log_ratio=-0.0020 accept=0.9980 swapped=True
i=2 pair=(2,7) lam_t=1.00714 lam_s=1.02143 tsr_diff=0.000603 integral_mean=0.000033 integral_std=0.000598 log_ratio=0.0000 accept=1.0000 swapped=True
i=2 pair=(4,6) lam_t=1.03571 lam_s=1.05000 tsr_diff=0.000601 integral_mean=0.000095 integral_std=0.000695 log_ratio=0.0000 accept=1.0000 swapped=True
i=3 pair=(1,5) lam_t=0.96429 lam_s=0.97857 tsr_diff=0.001341 integral_mean=-0.000011 integral_std=0.001302 log_ratio=-0.0266 accept=0.9738 swapped=True
i=3 pair=(0,7) lam_t=0.99286 lam_s=1.00714 tsr_diff=0.001333 integral_mean=0.000163 integral_std=0.001349 log_ratio=0.0000 accept=1.0000 swapped=True
i=3 pair=(2,6) lam_t=1.02143 lam_s=1.03571 tsr_diff=0.001326 integral_mean=0.000005 integral_std=0.001308 log_ratio=0.0000 accept=1.0000 swapped=True
i=4 pair=(3,5) lam_t=0.95000 lam_s=0.96429 tsr_diff=0.002344 integral_mean=0.000119 integral_std=0.002235 log_ratio=0.0000 accept=1.0000 swapped=True
i=4 pair=(1,7) lam_t=0.97857 lam_s=0.99286 tsr_diff=0.002322 integral_mean=-0.000052 integral_std=0.002146 log_ratio=-0.1252 accept=0.8823 swapped=True
i=4 pair=(0,6) lam_t=1.00714 lam_s=1.02143 tsr_diff=0.002301 integral_mean=0.000106 integral_std=0.002239 log_ratio=0.0000 accept=1.0000 swapped=True
i=4 pair=(2,4) lam_t=1.03571 lam_s=1.05000 tsr_diff=0.002280 integral_mean=-0.000002 integral_std=0.002220 log_ratio=-0.0042 accept=0.9958 swapped=True
i=5 pair=(3,7) lam_t=0.96429 lam_s=0.97857 tsr_diff=0.003545 integral_mean=0.000138 integral_std=0.003600 log_ratio=0.0000 accept=1.0000 swapped=True
i=5 pair=(1,6) lam_t=0.99286 lam_s=1.00714 tsr_diff=0.003496 integral_mean=0.000024 integral_std=0.003214 log_ratio=0.0000 accept=1.0000 swapped=True
i=5 pair=(0,4) lam_t=1.02143 lam_s=1.03571 tsr_diff=0.003447 integral_mean=0.000117 integral_std=0.003393 log_ratio=0.0000 accept=1.0000 swapped=True
i=6 pair=(5,7) lam_t=0.95000 lam_s=0.96429 tsr_diff=0.004979 integral_mean=-0.000025 integral_std=0.004791 log_ratio=-0.0601 accept=0.9416 swapped=True
i=6 pair=(3,6) lam_t=0.97857 lam_s=0.99286 tsr_diff=0.004883 integral_mean=0.000238 integral_std=0.004500 log_ratio=0.0000 accept=1.0000 swapped=True
i=6 pair=(1,4) lam_t=1.00714 lam_s=1.02143 tsr_diff=0.004789 integral_mean=-0.000127 integral_std=0.004293 log_ratio=-0.3058 accept=0.7365 swapped=True
i=6 pair=(0,2) lam_t=1.03571 lam_s=1.05000 tsr_diff=0.004698 integral_mean=0.000042 integral_std=0.004327 log_ratio=0.0000 accept=1.0000 swapped=True
i=7 pair=(5,6) lam_t=0.96429 lam_s=0.97857 tsr_diff=0.006435 integral_mean=0.000192 integral_std=0.005297 log_ratio=0.0000 accept=1.0000 swapped=True
i=7 pair=(3,4) lam_t=0.99286 lam_s=1.00714 tsr_diff=0.006274 integral_mean=0.000073 integral_std=0.006249 log_ratio=0.0000 accept=1.0000 swapped=True
i=7 pair=(1,2) lam_t=1.02143 lam_s=1.03571 tsr_diff=0.006120 integral_mean=-0.000117 integral_std=0.005584 log_ratio=-0.2805 accept=0.7554 swapped=True
i=8 pair=(7,6) lam_t=0.95000 lam_s=0.96429 tsr_diff=0.008123 integral_mean=-0.000371 integral_std=0.007936 log_ratio=-0.8900 accept=0.4107 swapped=True
i=8 pair=(5,4) lam_t=0.97857 lam_s=0.99286 tsr_diff=0.007872 integral_mean=0.000026 integral_std=0.007373 log_ratio=0.0000 accept=1.0000 swapped=True
i=8 pair=(3,2) lam_t=1.00714 lam_s=1.02143 tsr_diff=0.007631 integral_mean=0.000151 integral_std=0.006732 log_ratio=0.0000 accept=1.0000 swapped=True
i=8 pair=(1,0) lam_t=1.03571 lam_s=1.05000 tsr_diff=0.007402 integral_mean=-0.000263 integral_std=0.008099 log_ratio=-0.6301 accept=0.5325 swapped=False
i=9 pair=(7,4) lam_t=0.96429 lam_s=0.97857 tsr_diff=0.009548 integral_mean=0.000332 integral_std=0.008691 log_ratio=0.0000 accept=1.0000 swapped=True
i=9 pair=(5,2) lam_t=0.99286 lam_s=1.00714 tsr_diff=0.009200 integral_mean=0.000097 integral_std=0.006902 log_ratio=0.0000 accept=1.0000 swapped=True
i=9 pair=(3,1) lam_t=1.02143 lam_s=1.03571 tsr_diff=0.008870 integral_mean=0.000180 integral_std=0.009675 log_ratio=0.0000 accept=1.0000 swapped=True
i=10 pair=(6,4) lam_t=0.95000 lam_s=0.96429 tsr_diff=0.011265 integral_mean=0.000430 integral_std=0.012267 log_ratio=0.0000 accept=1.0000 swapped=True
i=10 pair=(7,2) lam_t=0.97857 lam_s=0.99286 tsr_diff=0.010789 integral_mean=0.000879 integral_std=0.010780 log_ratio=0.0000 accept=1.0000 swapped=True
i=10 pair=(5,1) lam_t=1.00714 lam_s=1.02143 tsr_diff=0.010342 integral_mean=-0.000164 integral_std=0.011046 log_ratio=-0.3924 accept=0.6754 swapped=False
i=10 pair=(3,0) lam_t=1.03571 lam_s=1.05000 tsr_diff=0.009923 integral_mean=0.000122 integral_std=0.009746 log_ratio=0.0000 accept=1.0000 swapped=True
i=11 pair=(6,2) lam_t=0.96429 lam_s=0.97857 tsr_diff=0.012354 integral_mean=0.000953 integral_std=0.010511 log_ratio=0.0000 accept=1.0000 swapped=True
i=11 pair=(7,5) lam_t=0.99286 lam_s=1.00714 tsr_diff=0.011778 integral_mean=0.001011 integral_std=0.012590 log_ratio=0.0000 accept=1.0000 swapped=True
i=11 pair=(1,0) lam_t=1.02143 lam_s=1.03571 tsr_diff=0.011242 integral_mean=-0.000512 integral_std=0.015328 log_ratio=-1.2277 accept=0.2930 swapped=True
i=12 pair=(4,2) lam_t=0.95000 lam_s=0.96429 tsr_diff=0.013839 integral_mean=0.000574 integral_std=0.015551 log_ratio=0.0000 accept=1.0000 swapped=True
i=12 pair=(6,5) lam_t=0.97857 lam_s=0.99286 tsr_diff=0.013131 integral_mean=0.000953 integral_std=0.012084 log_ratio=0.0000 accept=1.0000 swapped=True
i=12 pair=(7,0) lam_t=1.00714 lam_s=1.02143 tsr_diff=0.012476 integral_mean=0.001108 integral_std=0.016612 log_ratio=0.0000 accept=1.0000 swapped=True
i=12 pair=(1,3) lam_t=1.03571 lam_s=1.05000 tsr_diff=0.011868 integral_mean=-0.001181 integral_std=0.019105 log_ratio=-2.8339 accept=0.0588 swapped=False
i=13 pair=(4,5) lam_t=0.96429 lam_s=0.97857 tsr_diff=0.014342 integral_mean=0.000914 integral_std=0.022205 log_ratio=0.0000 accept=1.0000 swapped=True
i=13 pair=(6,0) lam_t=0.99286 lam_s=1.00714 tsr_diff=0.013574 integral_mean=-0.000099 integral_std=0.019081 log_ratio=-0.2370 accept=0.7890 swapped=True
i=13 pair=(7,1) lam_t=1.02143 lam_s=1.03571 tsr_diff=0.012866 integral_mean=0.000109 integral_std=0.020057 log_ratio=0.0000 accept=1.0000 swapped=True
i=14 pair=(2,5) lam_t=0.95000 lam_s=0.96429 tsr_diff=0.015346 integral_mean=0.000582 integral_std=0.012631 log_ratio=0.0000 accept=1.0000 swapped=True
i=14 pair=(4,0) lam_t=0.97857 lam_s=0.99286 tsr_diff=0.014482 integral_mean=-0.001183 integral_std=0.047369 log_ratio=-2.8387 accept=0.0585 swapped=False
i=14 pair=(6,1) lam_t=1.00714 lam_s=1.02143 tsr_diff=0.013689 integral_mean=0.001925 integral_std=0.040012 log_ratio=0.0000 accept=1.0000 swapped=True
i=14 pair=(7,3) lam_t=1.03571 lam_s=1.05000 tsr_diff=0.012959 integral_mean=-0.029410 integral_std=0.166745 log_ratio=-70.5831 accept=0.0000 swapped=False
Best Sample: 2 log probability 0.000
Saved 1 samples to: logs/pointmaze-giant-navigate-v0/inference/plans/release_H400_T256_LimitsNormalizer_b1_condFalse/2026-07-20 17:56:22/7/0.png
Saved 1 samples to: logs/pointmaze-giant-navigate-v0/inference/plans/release_H400_T256_LimitsNormalizer_b1_condFalse/2026-07-20 17:56:22/7/rollout.png
i=0 pair=(0,1) lam_t=0.95000 lam_s=0.96429 tsr_diff=0.000000 integral_mean=0.000000 integral_std=0.000000 log_ratio=0.0000 accept=1.0000 swapped=True
i=0 pair=(2,3) lam_t=0.97857 lam_s=0.99286 tsr_diff=0.000000 integral_mean=0.000000 integral_std=0.000000 log_ratio=0.0000 accept=1.0000 swapped=True
i=0 pair=(4,5) lam_t=1.00714 lam_s=1.02143 tsr_diff=0.000000 integral_mean=0.000000 integral_std=0.000000 log_ratio=0.0000 accept=1.0000 swapped=True
i=0 pair=(6,7) lam_t=1.03571 lam_s=1.05000 tsr_diff=0.000000 integral_mean=0.000000 integral_std=0.000000 log_ratio=0.0000 accept=1.0000 swapped=True
i=1 pair=(0,3) lam_t=0.96429 lam_s=0.97857 tsr_diff=0.000153 integral_mean=-0.000021 integral_std=0.000177 log_ratio=-0.0503 accept=0.9510 swapped=True
i=1 pair=(2,5) lam_t=0.99286 lam_s=1.00714 tsr_diff=0.000152 integral_mean=0.000005 integral_std=0.000147 log_ratio=0.0000 accept=1.0000 swapped=True
i=1 pair=(4,7) lam_t=1.02143 lam_s=1.03571 tsr_diff=0.000152 integral_mean=-0.000004 integral_std=0.000152 log_ratio=-0.0091 accept=0.9910 swapped=True
i=2 pair=(1,3) lam_t=0.95000 lam_s=0.96429 tsr_diff=0.000605 integral_mean=-0.000139 integral_std=0.000749 log_ratio=-0.3344 accept=0.7158 swapped=True
i=2 pair=(0,5) lam_t=0.97857 lam_s=0.99286 tsr_diff=0.000604 integral_mean=0.000013 integral_std=0.000617 log_ratio=0.0000 accept=1.0000 swapped=True
i=2 pair=(2,7) lam_t=1.00714 lam_s=1.02143 tsr_diff=0.000603 integral_mean=-0.000004 integral_std=0.000620 log_ratio=-0.0104 accept=0.9897 swapped=False
i=2 pair=(4,6) lam_t=1.03571 lam_s=1.05000 tsr_diff=0.000601 integral_mean=0.000008 integral_std=0.000605 log_ratio=0.0000 accept=1.0000 swapped=True
i=3 pair=(1,5) lam_t=0.96429 lam_s=0.97857 tsr_diff=0.001341 integral_mean=-0.000024 integral_std=0.001334 log_ratio=-0.0584 accept=0.9432 swapped=True
i=3 pair=(0,2) lam_t=0.99286 lam_s=1.00714 tsr_diff=0.001333 integral_mean=-0.000103 integral_std=0.001411 log_ratio=-0.2463 accept=0.7817 swapped=True
i=3 pair=(7,6) lam_t=1.02143 lam_s=1.03571 tsr_diff=0.001326 integral_mean=0.000006 integral_std=0.001231 log_ratio=0.0000 accept=1.0000 swapped=True
i=4 pair=(3,5) lam_t=0.95000 lam_s=0.96429 tsr_diff=0.002344 integral_mean=0.000108 integral_std=0.002271 log_ratio=0.0000 accept=1.0000 swapped=True
i=4 pair=(1,2) lam_t=0.97857 lam_s=0.99286 tsr_diff=0.002322 integral_mean=0.000034 integral_std=0.002251 log_ratio=0.0000 accept=1.0000 swapped=True
i=4 pair=(0,6) lam_t=1.00714 lam_s=1.02143 tsr_diff=0.002301 integral_mean=-0.000065 integral_std=0.002107 log_ratio=-0.1562 accept=0.8554 swapped=False
i=4 pair=(7,4) lam_t=1.03571 lam_s=1.05000 tsr_diff=0.002280 integral_mean=0.000026 integral_std=0.002291 log_ratio=0.0000 accept=1.0000 swapped=True
i=5 pair=(3,2) lam_t=0.96429 lam_s=0.97857 tsr_diff=0.003545 integral_mean=0.000146 integral_std=0.003293 log_ratio=0.0000 accept=1.0000 swapped=True
i=5 pair=(1,0) lam_t=0.99286 lam_s=1.00714 tsr_diff=0.003496 integral_mean=0.000100 integral_std=0.003383 log_ratio=0.0000 accept=1.0000 swapped=True
i=5 pair=(6,4) lam_t=1.02143 lam_s=1.03571 tsr_diff=0.003447 integral_mean=0.000050 integral_std=0.003250 log_ratio=0.0000 accept=1.0000 swapped=True
i=6 pair=(5,2) lam_t=0.95000 lam_s=0.96429 tsr_diff=0.004979 integral_mean=0.000008 integral_std=0.004758 log_ratio=0.0000 accept=1.0000 swapped=True
i=6 pair=(3,0) lam_t=0.97857 lam_s=0.99286 tsr_diff=0.004883 integral_mean=0.000041 integral_std=0.004772 log_ratio=0.0000 accept=1.0000 swapped=True
i=6 pair=(1,4) lam_t=1.00714 lam_s=1.02143 tsr_diff=0.004789 integral_mean=0.000101 integral_std=0.004586 log_ratio=0.0000 accept=1.0000 swapped=True
i=6 pair=(6,7) lam_t=1.03571 lam_s=1.05000 tsr_diff=0.004698 integral_mean=-0.000958 integral_std=0.005919 log_ratio=-2.2989 accept=0.1004 swapped=False
i=7 pair=(5,0) lam_t=0.96429 lam_s=0.97857 tsr_diff=0.006435 integral_mean=0.000051 integral_std=0.006407 log_ratio=0.0000 accept=1.0000 swapped=True
i=7 pair=(3,4) lam_t=0.99286 lam_s=1.00714 tsr_diff=0.006274 integral_mean=0.000036 integral_std=0.005360 log_ratio=0.0000 accept=1.0000 swapped=True
i=7 pair=(1,6) lam_t=1.02143 lam_s=1.03571 tsr_diff=0.006120 integral_mean=0.000186 integral_std=0.006452 log_ratio=0.0000 accept=1.0000 swapped=True
i=8 pair=(2,0) lam_t=0.95000 lam_s=0.96429 tsr_diff=0.008123 integral_mean=0.000014 integral_std=0.008175 log_ratio=0.0000 accept=1.0000 swapped=True
i=8 pair=(5,4) lam_t=0.97857 lam_s=0.99286 tsr_diff=0.007872 integral_mean=0.000204 integral_std=0.007311 log_ratio=0.0000 accept=1.0000 swapped=True
i=8 pair=(3,6) lam_t=1.00714 lam_s=1.02143 tsr_diff=0.007631 integral_mean=-0.000287 integral_std=0.007312 log_ratio=-0.6888 accept=0.5022 swapped=False
i=8 pair=(1,7) lam_t=1.03571 lam_s=1.05000 tsr_diff=0.007402 integral_mean=0.000014 integral_std=0.008134 log_ratio=0.0000 accept=1.0000 swapped=True
i=9 pair=(2,4) lam_t=0.96429 lam_s=0.97857 tsr_diff=0.009548 integral_mean=0.000234 integral_std=0.010003 log_ratio=0.0000 accept=1.0000 swapped=True
i=9 pair=(5,3) lam_t=0.99286 lam_s=1.00714 tsr_diff=0.009200 integral_mean=0.000252 integral_std=0.008034 log_ratio=0.0000 accept=1.0000 swapped=True
i=9 pair=(6,7) lam_t=1.02143 lam_s=1.03571 tsr_diff=0.008870 integral_mean=-0.000682 integral_std=0.009077 log_ratio=-1.6362 accept=0.1947 swapped=True
i=10 pair=(0,4) lam_t=0.95000 lam_s=0.96429 tsr_diff=0.011265 integral_mean=-0.000232 integral_std=0.010804 log_ratio=-0.5567 accept=0.5731 swapped=True
i=10 pair=(2,3) lam_t=0.97857 lam_s=0.99286 tsr_diff=0.010789 integral_mean=0.000100 integral_std=0.009055 log_ratio=0.0000 accept=1.0000 swapped=True
i=10 pair=(5,7) lam_t=1.00714 lam_s=1.02143 tsr_diff=0.010342 integral_mean=-0.003264 integral_std=0.016089 log_ratio=-7.8343 accept=0.0004 swapped=False
i=10 pair=(6,1) lam_t=1.03571 lam_s=1.05000 tsr_diff=0.009923 integral_mean=-0.000930 integral_std=0.014384 log_ratio=-2.2318 accept=0.1073 swapped=True
i=11 pair=(0,3) lam_t=0.96429 lam_s=0.97857 tsr_diff=0.012354 integral_mean=0.000460 integral_std=0.012191 log_ratio=0.0000 accept=1.0000 swapped=True
i=11 pair=(2,5) lam_t=0.99286 lam_s=1.00714 tsr_diff=0.011778 integral_mean=0.000294 integral_std=0.010650 log_ratio=0.0000 accept=1.0000 swapped=True
i=11 pair=(7,1) lam_t=1.02143 lam_s=1.03571 tsr_diff=0.011242 integral_mean=0.000409 integral_std=0.017426 log_ratio=0.0000 accept=1.0000 swapped=True
i=12 pair=(4,3) lam_t=0.95000 lam_s=0.96429 tsr_diff=0.013839 integral_mean=0.000999 integral_std=0.021293 log_ratio=0.0000 accept=1.0000 swapped=True
i=12 pair=(0,5) lam_t=0.97857 lam_s=0.99286 tsr_diff=0.013131 integral_mean=0.000116 integral_std=0.013313 log_ratio=0.0000 accept=1.0000 swapped=True
i=12 pair=(2,1) lam_t=1.00714 lam_s=1.02143 tsr_diff=0.012476 integral_mean=-0.000670 integral_std=0.015551 log_ratio=-1.6070 accept=0.2005 swapped=False
i=12 pair=(7,6) lam_t=1.03571 lam_s=1.05000 tsr_diff=0.011868 integral_mean=0.000396 integral_std=0.014663 log_ratio=0.0000 accept=1.0000 swapped=True
i=13 pair=(4,5) lam_t=0.96429 lam_s=0.97857 tsr_diff=0.014342 integral_mean=0.001003 integral_std=0.022322 log_ratio=0.0000 accept=1.0000 swapped=True
i=13 pair=(0,2) lam_t=0.99286 lam_s=1.00714 tsr_diff=0.013574 integral_mean=0.000709 integral_std=0.019935 log_ratio=0.0000 accept=1.0000 swapped=True
i=13 pair=(1,6) lam_t=1.02143 lam_s=1.03571 tsr_diff=0.012866 integral_mean=0.003491 integral_std=0.031354 log_ratio=0.0000 accept=1.0000 swapped=True
i=14 pair=(3,5) lam_t=0.95000 lam_s=0.96429 tsr_diff=0.015346 integral_mean=0.001380 integral_std=0.015739 log_ratio=0.0000 accept=1.0000 swapped=True
i=14 pair=(4,2) lam_t=0.97857 lam_s=0.99286 tsr_diff=0.014482 integral_mean=0.003075 integral_std=0.039673 log_ratio=0.0000 accept=1.0000 swapped=True
i=14 pair=(0,6) lam_t=1.00714 lam_s=1.02143 tsr_diff=0.013689 integral_mean=0.000214 integral_std=0.007702 log_ratio=0.0000 accept=1.0000 swapped=True
i=14 pair=(1,7) lam_t=1.03571 lam_s=1.05000 tsr_diff=0.012959 integral_mean=0.004513 integral_std=0.064412 log_ratio=0.0000 accept=1.0000 swapped=True
Best Sample: 3 log probability -0.242
Saved 1 samples to: logs/pointmaze-giant-navigate-v0/inference/plans/release_H400_T256_LimitsNormalizer_b1_condFalse/2026-07-20 17:56:22/8/0.png
Saved 1 samples to: logs/pointmaze-giant-navigate-v0/inference/plans/release_H400_T256_LimitsNormalizer_b1_condFalse/2026-07-20 17:56:22/8/rollout.png
i=0 pair=(0,1) lam_t=0.95000 lam_s=0.96429 tsr_diff=0.000000 integral_mean=0.000000 integral_std=0.000000 log_ratio=0.0000 accept=1.0000 swapped=True
i=0 pair=(2,3) lam_t=0.97857 lam_s=0.99286 tsr_diff=0.000000 integral_mean=0.000000 integral_std=0.000000 log_ratio=0.0000 accept=1.0000 swapped=True
i=0 pair=(4,5) lam_t=1.00714 lam_s=1.02143 tsr_diff=0.000000 integral_mean=0.000000 integral_std=0.000000 log_ratio=0.0000 accept=1.0000 swapped=True
i=0 pair=(6,7) lam_t=1.03571 lam_s=1.05000 tsr_diff=0.000000 integral_mean=0.000000 integral_std=0.000000 log_ratio=0.0000 accept=1.0000 swapped=True
i=1 pair=(0,3) lam_t=0.96429 lam_s=0.97857 tsr_diff=0.000153 integral_mean=-0.000001 integral_std=0.000155 log_ratio=-0.0032 accept=0.9968 swapped=True
i=1 pair=(2,5) lam_t=0.99286 lam_s=1.00714 tsr_diff=0.000152 integral_mean=-0.000005 integral_std=0.000160 log_ratio=-0.0121 accept=0.9880 swapped=True
i=1 pair=(4,7) lam_t=1.02143 lam_s=1.03571 tsr_diff=0.000152 integral_mean=-0.000002 integral_std=0.000150 log_ratio=-0.0053 accept=0.9947 swapped=True
i=2 pair=(1,3) lam_t=0.95000 lam_s=0.96429 tsr_diff=0.000605 integral_mean=-0.000016 integral_std=0.000585 log_ratio=-0.0384 accept=0.9623 swapped=True
i=2 pair=(0,5) lam_t=0.97857 lam_s=0.99286 tsr_diff=0.000604 integral_mean=0.000021 integral_std=0.000594 log_ratio=0.0000 accept=1.0000 swapped=True
i=2 pair=(2,7) lam_t=1.00714 lam_s=1.02143 tsr_diff=0.000603 integral_mean=-0.000037 integral_std=0.000605 log_ratio=-0.0895 accept=0.9144 swapped=True
i=2 pair=(4,6) lam_t=1.03571 lam_s=1.05000 tsr_diff=0.000601 integral_mean=0.000019 integral_std=0.000570 log_ratio=0.0000 accept=1.0000 swapped=True
i=3 pair=(1,5) lam_t=0.96429 lam_s=0.97857 tsr_diff=0.001341 integral_mean=0.000071 integral_std=0.001379 log_ratio=0.0000 accept=1.0000 swapped=True
i=3 pair=(0,7) lam_t=0.99286 lam_s=1.00714 tsr_diff=0.001333 integral_mean=0.000007 integral_std=0.001319 log_ratio=0.0000 accept=1.0000 swapped=True
i=3 pair=(2,6) lam_t=1.02143 lam_s=1.03571 tsr_diff=0.001326 integral_mean=-0.000063 integral_std=0.001288 log_ratio=-0.1513 accept=0.8596 swapped=True
i=4 pair=(3,5) lam_t=0.95000 lam_s=0.96429 tsr_diff=0.002344 integral_mean=0.000027 integral_std=0.002113 log_ratio=0.0000 accept=1.0000 swapped=True
i=4 pair=(1,7) lam_t=0.97857 lam_s=0.99286 tsr_diff=0.002322 integral_mean=0.000060 integral_std=0.002197 log_ratio=0.0000 accept=1.0000 swapped=True
i=4 pair=(0,6) lam_t=1.00714 lam_s=1.02143 tsr_diff=0.002301 integral_mean=-0.000125 integral_std=0.002364 log_ratio=-0.3009 accept=0.7402 swapped=True
i=4 pair=(2,4) lam_t=1.03571 lam_s=1.05000 tsr_diff=0.002280 integral_mean=-0.000002 integral_std=0.002216 log_ratio=-0.0054 accept=0.9946 swapped=True
i=5 pair=(3,7) lam_t=0.96429 lam_s=0.97857 tsr_diff=0.003545 integral_mean=-0.000063 integral_std=0.003079 log_ratio=-0.1518 accept=0.8592 swapped=True
i=5 pair=(1,6) lam_t=0.99286 lam_s=1.00714 tsr_diff=0.003496 integral_mean=-0.000148 integral_std=0.003467 log_ratio=-0.3547 accept=0.7014 swapped=True
i=5 pair=(0,4) lam_t=1.02143 lam_s=1.03571 tsr_diff=0.003447 integral_mean=-0.000345 integral_std=0.003750 log_ratio=-0.8285 accept=0.4367 swapped=True
i=6 pair=(5,7) lam_t=0.95000 lam_s=0.96429 tsr_diff=0.004979 integral_mean=0.000937 integral_std=0.005978 log_ratio=0.0000 accept=1.0000 swapped=True
i=6 pair=(3,6) lam_t=0.97857 lam_s=0.99286 tsr_diff=0.004883 integral_mean=-0.000591 integral_std=0.005312 log_ratio=-1.4190 accept=0.2419 swapped=False
i=6 pair=(1,4) lam_t=1.00714 lam_s=1.02143 tsr_diff=0.004789 integral_mean=-0.000183 integral_std=0.004619 log_ratio=-0.4396 accept=0.6443 swapped=True
i=6 pair=(0,2) lam_t=1.03571 lam_s=1.05000 tsr_diff=0.004698 integral_mean=0.000072 integral_std=0.004223 log_ratio=0.0000 accept=1.0000 swapped=True
i=7 pair=(5,3) lam_t=0.96429 lam_s=0.97857 tsr_diff=0.006435 integral_mean=0.000725 integral_std=0.006262 log_ratio=0.0000 accept=1.0000 swapped=True
i=7 pair=(6,4) lam_t=0.99286 lam_s=1.00714 tsr_diff=0.006274 integral_mean=0.000355 integral_std=0.006247 log_ratio=0.0000 accept=1.0000 swapped=True
i=7 pair=(1,2) lam_t=1.02143 lam_s=1.03571 tsr_diff=0.006120 integral_mean=-0.000030 integral_std=0.005614 log_ratio=-0.0713 accept=0.9312 swapped=True
i=8 pair=(7,3) lam_t=0.95000 lam_s=0.96429 tsr_diff=0.008123 integral_mean=0.000173 integral_std=0.006652 log_ratio=0.0000 accept=1.0000 swapped=True
i=8 pair=(5,4) lam_t=0.97857 lam_s=0.99286 tsr_diff=0.007872 integral_mean=0.000119 integral_std=0.008097 log_ratio=0.0000 accept=1.0000 swapped=True
i=8 pair=(6,2) lam_t=1.00714 lam_s=1.02143 tsr_diff=0.007631 integral_mean=0.000457 integral_std=0.007512 log_ratio=0.0000 accept=1.0000 swapped=True
i=8 pair=(1,0) lam_t=1.03571 lam_s=1.05000 tsr_diff=0.007402 integral_mean=0.000303 integral_std=0.007835 log_ratio=0.0000 accept=1.0000 swapped=True
i=9 pair=(7,4) lam_t=0.96429 lam_s=0.97857 tsr_diff=0.009548 integral_mean=-0.000260 integral_std=0.010889 log_ratio=-0.6240 accept=0.5358 swapped=True
i=9 pair=(5,2) lam_t=0.99286 lam_s=1.00714 tsr_diff=0.009200 integral_mean=0.000514 integral_std=0.009764 log_ratio=0.0000 accept=1.0000 swapped=True
i=9 pair=(6,0) lam_t=1.02143 lam_s=1.03571 tsr_diff=0.008870 integral_mean=0.001022 integral_std=0.009034 log_ratio=0.0000 accept=1.0000 swapped=True
i=10 pair=(3,4) lam_t=0.95000 lam_s=0.96429 tsr_diff=0.011265 integral_mean=-0.001134 integral_std=0.014042 log_ratio=-2.7228 accept=0.0657 swapped=False
i=10 pair=(7,2) lam_t=0.97857 lam_s=0.99286 tsr_diff=0.010789 integral_mean=0.000541 integral_std=0.010876 log_ratio=0.0000 accept=1.0000 swapped=True
i=10 pair=(5,0) lam_t=1.00714 lam_s=1.02143 tsr_diff=0.010342 integral_mean=0.000523 integral_std=0.011130 log_ratio=0.0000 accept=1.0000 swapped=True
i=10 pair=(6,1) lam_t=1.03571 lam_s=1.05000 tsr_diff=0.009923 integral_mean=0.001346 integral_std=0.015228 log_ratio=0.0000 accept=1.0000 swapped=True
i=11 pair=(4,2) lam_t=0.96429 lam_s=0.97857 tsr_diff=0.012354 integral_mean=0.000721 integral_std=0.013920 log_ratio=0.0000 accept=1.0000 swapped=True
i=11 pair=(7,0) lam_t=0.99286 lam_s=1.00714 tsr_diff=0.011778 integral_mean=0.000244 integral_std=0.009042 log_ratio=0.0000 accept=1.0000 swapped=True
i=11 pair=(5,1) lam_t=1.02143 lam_s=1.03571 tsr_diff=0.011242 integral_mean=0.000037 integral_std=0.020520 log_ratio=0.0000 accept=1.0000 swapped=True
i=12 pair=(3,2) lam_t=0.95000 lam_s=0.96429 tsr_diff=0.013839 integral_mean=0.000680 integral_std=0.015209 log_ratio=0.0000 accept=1.0000 swapped=True
i=12 pair=(4,0) lam_t=0.97857 lam_s=0.99286 tsr_diff=0.013131 integral_mean=0.000525 integral_std=0.013509 log_ratio=0.0000 accept=1.0000 swapped=True
i=12 pair=(7,1) lam_t=1.00714 lam_s=1.02143 tsr_diff=0.012476 integral_mean=-0.000517 integral_std=0.019420 log_ratio=-1.2417 accept=0.2889 swapped=False
i=12 pair=(5,6) lam_t=1.03571 lam_s=1.05000 tsr_diff=0.011868 integral_mean=-0.004692 integral_std=0.025443 log_ratio=-11.2602 accept=0.0000 swapped=False
i=13 pair=(3,0) lam_t=0.96429 lam_s=0.97857 tsr_diff=0.014342 integral_mean=0.000427 integral_std=0.007917 log_ratio=0.0000 accept=1.0000 swapped=True
i=13 pair=(4,7) lam_t=0.99286 lam_s=1.00714 tsr_diff=0.013574 integral_mean=0.000696 integral_std=0.016085 log_ratio=0.0000 accept=1.0000 swapped=True
i=13 pair=(1,5) lam_t=1.02143 lam_s=1.03571 tsr_diff=0.012866 integral_mean=-0.002915 integral_std=0.042891 log_ratio=-6.9960 accept=0.0009 swapped=False
i=14 pair=(2,0) lam_t=0.95000 lam_s=0.96429 tsr_diff=0.015346 integral_mean=-0.001454 integral_std=0.028751 log_ratio=-3.4887 accept=0.0305 swapped=False
i=14 pair=(3,7) lam_t=0.97857 lam_s=0.99286 tsr_diff=0.014482 integral_mean=0.000398 integral_std=0.008148 log_ratio=0.0000 accept=1.0000 swapped=True
i=14 pair=(4,1) lam_t=1.00714 lam_s=1.02143 tsr_diff=0.013689 integral_mean=0.001304 integral_std=0.082046 log_ratio=0.0000 accept=1.0000 swapped=True
i=14 pair=(5,6) lam_t=1.03571 lam_s=1.05000 tsr_diff=0.012959 integral_mean=0.015060 integral_std=0.118526 log_ratio=0.0000 accept=1.0000 swapped=True
Best Sample: 0 log probability 0.000
Saved 1 samples to: logs/pointmaze-giant-navigate-v0/inference/plans/release_H400_T256_LimitsNormalizer_b1_condFalse/2026-07-20 17:56:22/9/0.png
Saved 1 samples to: logs/pointmaze-giant-navigate-v0/inference/plans/release_H400_T256_LimitsNormalizer_b1_condFalse/2026-07-20 17:56:22/9/rollout.png
i=0 pair=(0,1) lam_t=0.95000 lam_s=0.96429 tsr_diff=0.000000 integral_mean=0.000000 integral_std=0.000000 log_ratio=0.0000 accept=1.0000 swapped=True
i=0 pair=(2,3) lam_t=0.97857 lam_s=0.99286 tsr_diff=0.000000 integral_mean=0.000000 integral_std=0.000000 log_ratio=0.0000 accept=1.0000 swapped=True
i=0 pair=(4,5) lam_t=1.00714 lam_s=1.02143 tsr_diff=0.000000 integral_mean=0.000000 integral_std=0.000000 log_ratio=0.0000 accept=1.0000 swapped=True
i=0 pair=(6,7) lam_t=1.03571 lam_s=1.05000 tsr_diff=0.000000 integral_mean=0.000000 integral_std=0.000000 log_ratio=0.0000 accept=1.0000 swapped=True
i=1 pair=(0,3) lam_t=0.96429 lam_s=0.97857 tsr_diff=0.000153 integral_mean=-0.000001 integral_std=0.000148 log_ratio=-0.0014 accept=0.9986 swapped=True
i=1 pair=(2,5) lam_t=0.99286 lam_s=1.00714 tsr_diff=0.000152 integral_mean=-0.000045 integral_std=0.000216 log_ratio=-0.1089 accept=0.8968 swapped=True
i=1 pair=(4,7) lam_t=1.02143 lam_s=1.03571 tsr_diff=0.000152 integral_mean=0.000002 integral_std=0.000149 log_ratio=0.0000 accept=1.0000 swapped=True
i=2 pair=(1,3) lam_t=0.95000 lam_s=0.96429 tsr_diff=0.000605 integral_mean=0.000050 integral_std=0.000677 log_ratio=0.0000 accept=1.0000 swapped=True
i=2 pair=(0,5) lam_t=0.97857 lam_s=0.99286 tsr_diff=0.000604 integral_mean=-0.000018 integral_std=0.000605 log_ratio=-0.0427 accept=0.9582 swapped=True
i=2 pair=(2,7) lam_t=1.00714 lam_s=1.02143 tsr_diff=0.000603 integral_mean=-0.000077 integral_std=0.000700 log_ratio=-0.1839 accept=0.8320 swapped=True
i=2 pair=(4,6) lam_t=1.03571 lam_s=1.05000 tsr_diff=0.000601 integral_mean=-0.000017 integral_std=0.000588 log_ratio=-0.0403 accept=0.9605 swapped=True
i=3 pair=(1,5) lam_t=0.96429 lam_s=0.97857 tsr_diff=0.001341 integral_mean=0.000033 integral_std=0.001311 log_ratio=0.0000 accept=1.0000 swapped=True
i=3 pair=(0,7) lam_t=0.99286 lam_s=1.00714 tsr_diff=0.001333 integral_mean=-0.000036 integral_std=0.001285 log_ratio=-0.0862 accept=0.9174 swapped=False
i=3 pair=(2,6) lam_t=1.02143 lam_s=1.03571 tsr_diff=0.001326 integral_mean=0.000185 integral_std=0.001598 log_ratio=0.0000 accept=1.0000 swapped=True
i=4 pair=(3,5) lam_t=0.95000 lam_s=0.96429 tsr_diff=0.002344 integral_mean=0.000102 integral_std=0.002171 log_ratio=0.0000 accept=1.0000 swapped=True
i=4 pair=(1,0) lam_t=0.97857 lam_s=0.99286 tsr_diff=0.002322 integral_mean=-0.000023 integral_std=0.002222 log_ratio=-0.0547 accept=0.9468 swapped=True
i=4 pair=(7,6) lam_t=1.00714 lam_s=1.02143 tsr_diff=0.002301 integral_mean=0.000084 integral_std=0.002249 log_ratio=0.0000 accept=1.0000 swapped=True
i=4 pair=(2,4) lam_t=1.03571 lam_s=1.05000 tsr_diff=0.002280 integral_mean=0.000143 integral_std=0.002301 log_ratio=0.0000 accept=1.0000 swapped=True
i=5 pair=(3,0) lam_t=0.96429 lam_s=0.97857 tsr_diff=0.003545 integral_mean=-0.000113 integral_std=0.003298 log_ratio=-0.2723 accept=0.7616 swapped=True
i=5 pair=(1,6) lam_t=0.99286 lam_s=1.00714 tsr_diff=0.003496 integral_mean=0.000178 integral_std=0.003643 log_ratio=0.0000 accept=1.0000 swapped=True
i=5 pair=(7,4) lam_t=1.02143 lam_s=1.03571 tsr_diff=0.003447 integral_mean=0.000016 integral_std=0.003258 log_ratio=0.0000 accept=1.0000 swapped=True
i=6 pair=(5,0) lam_t=0.95000 lam_s=0.96429 tsr_diff=0.004979 integral_mean=-0.001171 integral_std=0.006134 log_ratio=-2.8093 accept=0.0602 swapped=False
i=6 pair=(3,6) lam_t=0.97857 lam_s=0.99286 tsr_diff=0.004883 integral_mean=0.000702 integral_std=0.005992 log_ratio=0.0000 accept=1.0000 swapped=True
i=6 pair=(1,4) lam_t=1.00714 lam_s=1.02143 tsr_diff=0.004789 integral_mean=0.000091 integral_std=0.004449 log_ratio=0.0000 accept=1.0000 swapped=True
i=6 pair=(7,2) lam_t=1.03571 lam_s=1.05000 tsr_diff=0.004698 integral_mean=-0.000151 integral_std=0.004701 log_ratio=-0.3613 accept=0.6968 swapped=True
i=7 pair=(0,6) lam_t=0.96429 lam_s=0.97857 tsr_diff=0.006435 integral_mean=0.000941 integral_std=0.007691 log_ratio=0.0000 accept=1.0000 swapped=True
i=7 pair=(3,4) lam_t=0.99286 lam_s=1.00714 tsr_diff=0.006274 integral_mean=0.000550 integral_std=0.006451 log_ratio=0.0000 accept=1.0000 swapped=True
i=7 pair=(1,2) lam_t=1.02143 lam_s=1.03571 tsr_diff=0.006120 integral_mean=-0.000084 integral_std=0.006498 log_ratio=-0.2012 accept=0.8177 swapped=True
i=8 pair=(5,6) lam_t=0.95000 lam_s=0.96429 tsr_diff=0.008123 integral_mean=-0.000188 integral_std=0.007630 log_ratio=-0.4522 accept=0.6362 swapped=False
i=8 pair=(0,4) lam_t=0.97857 lam_s=0.99286 tsr_diff=0.007872 integral_mean=0.000861 integral_std=0.008592 log_ratio=0.0000 accept=1.0000 swapped=True
i=8 pair=(3,2) lam_t=1.00714 lam_s=1.02143 tsr_diff=0.007631 integral_mean=-0.000136 integral_std=0.008552 log_ratio=-0.3258 accept=0.7220 swapped=False
i=8 pair=(1,7) lam_t=1.03571 lam_s=1.05000 tsr_diff=0.007402 integral_mean=0.000485 integral_std=0.007767 log_ratio=0.0000 accept=1.0000 swapped=True
i=9 pair=(6,4) lam_t=0.96429 lam_s=0.97857 tsr_diff=0.009548 integral_mean=0.000246 integral_std=0.011107 log_ratio=0.0000 accept=1.0000 swapped=True
i=9 pair=(0,3) lam_t=0.99286 lam_s=1.00714 tsr_diff=0.009200 integral_mean=0.000519 integral_std=0.009160 log_ratio=0.0000 accept=1.0000 swapped=True
i=9 pair=(2,7) lam_t=1.02143 lam_s=1.03571 tsr_diff=0.008870 integral_mean=0.000750 integral_std=0.010106 log_ratio=0.0000 accept=1.0000 swapped=True
i=10 pair=(5,4) lam_t=0.95000 lam_s=0.96429 tsr_diff=0.011265 integral_mean=0.000014 integral_std=0.012526 log_ratio=0.0000 accept=1.0000 swapped=True
i=10 pair=(6,3) lam_t=0.97857 lam_s=0.99286 tsr_diff=0.010789 integral_mean=0.000454 integral_std=0.013530 log_ratio=0.0000 accept=1.0000 swapped=True
i=10 pair=(0,7) lam_t=1.00714 lam_s=1.02143 tsr_diff=0.010342 integral_mean=0.000326 integral_std=0.010643 log_ratio=0.0000 accept=1.0000 swapped=True
i=10 pair=(2,1) lam_t=1.03571 lam_s=1.05000 tsr_diff=0.009923 integral_mean=-0.001097 integral_std=0.012717 log_ratio=-2.6317 accept=0.0720 swapped=False
i=11 pair=(5,3) lam_t=0.96429 lam_s=0.97857 tsr_diff=0.012354 integral_mean=0.000494 integral_std=0.016730 log_ratio=0.0000 accept=1.0000 swapped=True
i=11 pair=(6,7) lam_t=0.99286 lam_s=1.00714 tsr_diff=0.011778 integral_mean=0.000647 integral_std=0.016573 log_ratio=0.0000 accept=1.0000 swapped=True
i=11 pair=(0,2) lam_t=1.02143 lam_s=1.03571 tsr_diff=0.011242 integral_mean=-0.004382 integral_std=0.020455 log_ratio=-10.5168 accept=0.0000 swapped=False
i=12 pair=(4,3) lam_t=0.95000 lam_s=0.96429 tsr_diff=0.013839 integral_mean=0.000052 integral_std=0.016194 log_ratio=0.0000 accept=1.0000 swapped=True
i=12 pair=(5,7) lam_t=0.97857 lam_s=0.99286 tsr_diff=0.013131 integral_mean=-0.000284 integral_std=0.019885 log_ratio=-0.6810 accept=0.5061 swapped=False
i=12 pair=(6,0) lam_t=1.00714 lam_s=1.02143 tsr_diff=0.012476 integral_mean=0.001097 integral_std=0.015352 log_ratio=0.0000 accept=1.0000 swapped=True
i=12 pair=(2,1) lam_t=1.03571 lam_s=1.05000 tsr_diff=0.011868 integral_mean=-0.000969 integral_std=0.024970 log_ratio=-2.3260 accept=0.0977 swapped=False
i=13 pair=(4,5) lam_t=0.96429 lam_s=0.97857 tsr_diff=0.014342 integral_mean=0.000471 integral_std=0.020884 log_ratio=0.0000 accept=1.0000 swapped=True
i=13 pair=(7,0) lam_t=0.99286 lam_s=1.00714 tsr_diff=0.013574 integral_mean=0.000477 integral_std=0.022417 log_ratio=0.0000 accept=1.0000 swapped=True
i=13 pair=(6,2) lam_t=1.02143 lam_s=1.03571 tsr_diff=0.012866 integral_mean=-0.001023 integral_std=0.021803 log_ratio=-2.4544 accept=0.0859 swapped=False
i=14 pair=(3,5) lam_t=0.95000 lam_s=0.96429 tsr_diff=0.015346 integral_mean=0.000249 integral_std=0.049437 log_ratio=0.0000 accept=1.0000 swapped=True
i=14 pair=(4,0) lam_t=0.97857 lam_s=0.99286 tsr_diff=0.014482 integral_mean=-0.002084 integral_std=0.060694 log_ratio=-5.0024 accept=0.0067 swapped=False
i=14 pair=(7,6) lam_t=1.00714 lam_s=1.02143 tsr_diff=0.013689 integral_mean=-0.001580 integral_std=0.046935 log_ratio=-3.7925 accept=0.0225 swapped=False
i=14 pair=(2,1) lam_t=1.03571 lam_s=1.05000 tsr_diff=0.012959 integral_mean=0.003240 integral_std=0.082119 log_ratio=0.0000 accept=1.0000 swapped=True
Best Sample: 5 log probability -0.001
Saved 1 samples to: logs/pointmaze-giant-navigate-v0/inference/plans/release_H400_T256_LimitsNormalizer_b1_condFalse/2026-07-20 17:56:22/10/0.png
Saved 1 samples to: logs/pointmaze-giant-navigate-v0/inference/plans/release_H400_T256_LimitsNormalizer_b1_condFalse/2026-07-20 17:56:22/10/rollout.png
i=0 pair=(0,1) lam_t=0.95000 lam_s=0.96429 tsr_diff=0.000000 integral_mean=0.000000 integral_std=0.000000 log_ratio=0.0000 accept=1.0000 swapped=True
i=0 pair=(2,3) lam_t=0.97857 lam_s=0.99286 tsr_diff=0.000000 integral_mean=0.000000 integral_std=0.000000 log_ratio=0.0000 accept=1.0000 swapped=True
i=0 pair=(4,5) lam_t=1.00714 lam_s=1.02143 tsr_diff=0.000000 integral_mean=0.000000 integral_std=0.000000 log_ratio=0.0000 accept=1.0000 swapped=True
i=0 pair=(6,7) lam_t=1.03571 lam_s=1.05000 tsr_diff=0.000000 integral_mean=0.000000 integral_std=0.000000 log_ratio=0.0000 accept=1.0000 swapped=True
i=1 pair=(0,3) lam_t=0.96429 lam_s=0.97857 tsr_diff=0.000153 integral_mean=-0.000005 integral_std=0.000161 log_ratio=-0.0110 accept=0.9890 swapped=True
i=1 pair=(2,5) lam_t=0.99286 lam_s=1.00714 tsr_diff=0.000152 integral_mean=-0.000007 integral_std=0.000185 log_ratio=-0.0174 accept=0.9828 swapped=True
i=1 pair=(4,7) lam_t=1.02143 lam_s=1.03571 tsr_diff=0.000152 integral_mean=0.000012 integral_std=0.000158 log_ratio=0.0000 accept=1.0000 swapped=True
i=2 pair=(1,3) lam_t=0.95000 lam_s=0.96429 tsr_diff=0.000605 integral_mean=-0.000025 integral_std=0.000590 log_ratio=-0.0605 accept=0.9413 swapped=True
i=2 pair=(0,5) lam_t=0.97857 lam_s=0.99286 tsr_diff=0.000604 integral_mean=-0.000151 integral_std=0.000913 log_ratio=-0.3622 accept=0.6962 swapped=True
i=2 pair=(2,7) lam_t=1.00714 lam_s=1.02143 tsr_diff=0.000603 integral_mean=0.000012 integral_std=0.000568 log_ratio=0.0000 accept=1.0000 swapped=True
i=2 pair=(4,6) lam_t=1.03571 lam_s=1.05000 tsr_diff=0.000601 integral_mean=-0.000080 integral_std=0.000760 log_ratio=-0.1924 accept=0.8250 swapped=True
i=3 pair=(1,5) lam_t=0.96429 lam_s=0.97857 tsr_diff=0.001341 integral_mean=-0.000123 integral_std=0.001449 log_ratio=-0.2947 accept=0.7447 swapped=True
i=3 pair=(0,7) lam_t=0.99286 lam_s=1.00714 tsr_diff=0.001333 integral_mean=0.000018 integral_std=0.001257 log_ratio=0.0000 accept=1.0000 swapped=True
i=3 pair=(2,6) lam_t=1.02143 lam_s=1.03571 tsr_diff=0.001326 integral_mean=0.000104 integral_std=0.001693 log_ratio=0.0000 accept=1.0000 swapped=True
i=4 pair=(3,5) lam_t=0.95000 lam_s=0.96429 tsr_diff=0.002344 integral_mean=0.000045 integral_std=0.002389 log_ratio=0.0000 accept=1.0000 swapped=True
i=4 pair=(1,7) lam_t=0.97857 lam_s=0.99286 tsr_diff=0.002322 integral_mean=0.000128 integral_std=0.002450 log_ratio=0.0000 accept=1.0000 swapped=True
i=4 pair=(0,6) lam_t=1.00714 lam_s=1.02143 tsr_diff=0.002301 integral_mean=0.000087 integral_std=0.002383 log_ratio=0.0000 accept=1.0000 swapped=True
i=4 pair=(2,4) lam_t=1.03571 lam_s=1.05000 tsr_diff=0.002280 integral_mean=0.000155 integral_std=0.002249 log_ratio=0.0000 accept=1.0000 swapped=True
i=5 pair=(3,7) lam_t=0.96429 lam_s=0.97857 tsr_diff=0.003545 integral_mean=0.000142 integral_std=0.003974 log_ratio=0.0000 accept=1.0000 swapped=True
i=5 pair=(1,6) lam_t=0.99286 lam_s=1.00714 tsr_diff=0.003496 integral_mean=0.001494 integral_std=0.005619 log_ratio=0.0000 accept=1.0000 swapped=True
i=5 pair=(0,4) lam_t=1.02143 lam_s=1.03571 tsr_diff=0.003447 integral_mean=0.000039 integral_std=0.003645 log_ratio=0.0000 accept=1.0000 swapped=True
i=6 pair=(5,7) lam_t=0.95000 lam_s=0.96429 tsr_diff=0.004979 integral_mean=0.000096 integral_std=0.004927 log_ratio=0.0000 accept=1.0000 swapped=True
i=6 pair=(3,6) lam_t=0.97857 lam_s=0.99286 tsr_diff=0.004883 integral_mean=0.000437 integral_std=0.005043 log_ratio=0.0000 accept=1.0000 swapped=True
i=6 pair=(1,4) lam_t=1.00714 lam_s=1.02143 tsr_diff=0.004789 integral_mean=0.000762 integral_std=0.005825 log_ratio=0.0000 accept=1.0000 swapped=True
i=6 pair=(0,2) lam_t=1.03571 lam_s=1.05000 tsr_diff=0.004698 integral_mean=0.000113 integral_std=0.004673 log_ratio=0.0000 accept=1.0000 swapped=True
i=7 pair=(5,6) lam_t=0.96429 lam_s=0.97857 tsr_diff=0.006435 integral_mean=0.000228 integral_std=0.005964 log_ratio=0.0000 accept=1.0000 swapped=True
i=7 pair=(3,4) lam_t=0.99286 lam_s=1.00714 tsr_diff=0.006274 integral_mean=0.000367 integral_std=0.006454 log_ratio=0.0000 accept=1.0000 swapped=True
i=7 pair=(1,2) lam_t=1.02143 lam_s=1.03571 tsr_diff=0.006120 integral_mean=0.000891 integral_std=0.008391 log_ratio=0.0000 accept=1.0000 swapped=True
i=8 pair=(7,6) lam_t=0.95000 lam_s=0.96429 tsr_diff=0.008123 integral_mean=0.000312 integral_std=0.007338 log_ratio=0.0000 accept=1.0000 swapped=True
i=8 pair=(5,4) lam_t=0.97857 lam_s=0.99286 tsr_diff=0.007872 integral_mean=-0.000192 integral_std=0.008316 log_ratio=-0.4600 accept=0.6313 swapped=True
i=8 pair=(3,2) lam_t=1.00714 lam_s=1.02143 tsr_diff=0.007631 integral_mean=-0.000515 integral_std=0.009360 log_ratio=-1.2352 accept=0.2908 swapped=True
i=8 pair=(1,0) lam_t=1.03571 lam_s=1.05000 tsr_diff=0.007402 integral_mean=0.000448 integral_std=0.009599 log_ratio=0.0000 accept=1.0000 swapped=True
i=9 pair=(7,4) lam_t=0.96429 lam_s=0.97857 tsr_diff=0.009548 integral_mean=-0.000067 integral_std=0.008830 log_ratio=-0.1605 accept=0.8517 swapped=True
i=9 pair=(5,2) lam_t=0.99286 lam_s=1.00714 tsr_diff=0.009200 integral_mean=-0.002417 integral_std=0.016393 log_ratio=-5.8004 accept=0.0030 swapped=False
i=9 pair=(3,0) lam_t=1.02143 lam_s=1.03571 tsr_diff=0.008870 integral_mean=-0.000209 integral_std=0.010886 log_ratio=-0.5018 accept=0.6054 swapped=True
i=10 pair=(6,4) lam_t=0.95000 lam_s=0.96429 tsr_diff=0.011265 integral_mean=-0.000231 integral_std=0.011113 log_ratio=-0.5544 accept=0.5744 swapped=False
i=10 pair=(7,5) lam_t=0.97857 lam_s=0.99286 tsr_diff=0.010789 integral_mean=-0.000648 integral_std=0.011856 log_ratio=-1.5557 accept=0.2110 swapped=True
i=10 pair=(2,0) lam_t=1.00714 lam_s=1.02143 tsr_diff=0.010342 integral_mean=0.002190 integral_std=0.016554 log_ratio=0.0000 accept=1.0000 swapped=True
i=10 pair=(3,1) lam_t=1.03571 lam_s=1.05000 tsr_diff=0.009923 integral_mean=-0.000221 integral_std=0.012885 log_ratio=-0.5303 accept=0.5884 swapped=False
i=11 pair=(4,5) lam_t=0.96429 lam_s=0.97857 tsr_diff=0.012354 integral_mean=0.000063 integral_std=0.010800 log_ratio=0.0000 accept=1.0000 swapped=True
i=11 pair=(7,0) lam_t=0.99286 lam_s=1.00714 tsr_diff=0.011778 integral_mean=-0.001286 integral_std=0.024625 log_ratio=-3.0863 accept=0.0457 swapped=False
i=11 pair=(2,3) lam_t=1.02143 lam_s=1.03571 tsr_diff=0.011242 integral_mean=0.001574 integral_std=0.018018 log_ratio=0.0000 accept=1.0000 swapped=True
i=12 pair=(6,5) lam_t=0.95000 lam_s=0.96429 tsr_diff=0.013839 integral_mean=-0.000680 integral_std=0.018348 log_ratio=-1.6315 accept=0.1956 swapped=False
i=12 pair=(4,7) lam_t=0.97857 lam_s=0.99286 tsr_diff=0.013131 integral_mean=0.000541 integral_std=0.015581 log_ratio=0.0000 accept=1.0000 swapped=True
i=12 pair=(0,3) lam_t=1.00714 lam_s=1.02143 tsr_diff=0.012476 integral_mean=0.002056 integral_std=0.034547 log_ratio=0.0000 accept=1.0000 swapped=True
i=12 pair=(2,1) lam_t=1.03571 lam_s=1.05000 tsr_diff=0.011868 integral_mean=-0.001453 integral_std=0.027584 log_ratio=-3.4882 accept=0.0306 swapped=False
i=13 pair=(5,7) lam_t=0.96429 lam_s=0.97857 tsr_diff=0.014342 integral_mean=0.000952 integral_std=0.027907 log_ratio=0.0000 accept=1.0000 swapped=True
i=13 pair=(4,3) lam_t=0.99286 lam_s=1.00714 tsr_diff=0.013574 integral_mean=0.000697 integral_std=0.033883 log_ratio=0.0000 accept=1.0000 swapped=True
i=13 pair=(0,2) lam_t=1.02143 lam_s=1.03571 tsr_diff=0.012866 integral_mean=0.002717 integral_std=0.043709 log_ratio=0.0000 accept=1.0000 swapped=True
i=14 pair=(6,7) lam_t=0.95000 lam_s=0.96429 tsr_diff=0.015346 integral_mean=-0.004074 integral_std=0.056052 log_ratio=-9.7765 accept=0.0001 swapped=False
i=14 pair=(5,3) lam_t=0.97857 lam_s=0.99286 tsr_diff=0.014482 integral_mean=0.012259 integral_std=0.094003 log_ratio=0.0000 accept=1.0000 swapped=True
i=14 pair=(4,2) lam_t=1.00714 lam_s=1.02143 tsr_diff=0.013689 integral_mean=-0.000657 integral_std=0.075534 log_ratio=-1.5774 accept=0.2065 swapped=False
i=14 pair=(0,1) lam_t=1.03571 lam_s=1.05000 tsr_diff=0.012959 integral_mean=-0.006805 integral_std=0.154311 log_ratio=-16.3312 accept=0.0000 swapped=False
Best Sample: 3 log probability -22.333
Saved 1 samples to: logs/pointmaze-giant-navigate-v0/inference/plans/release_H400_T256_LimitsNormalizer_b1_condFalse/2026-07-20 17:56:22/11/0.png
Saved 1 samples to: logs/pointmaze-giant-navigate-v0/inference/plans/release_H400_T256_LimitsNormalizer_b1_condFalse/2026-07-20 17:56:22/11/rollout.png
i=0 pair=(0,1) lam_t=0.95000 lam_s=0.96429 tsr_diff=0.000000 integral_mean=0.000000 integral_std=0.000000 log_ratio=0.0000 accept=1.0000 swapped=True
i=0 pair=(2,3) lam_t=0.97857 lam_s=0.99286 tsr_diff=0.000000 integral_mean=0.000000 integral_std=0.000000 log_ratio=0.0000 accept=1.0000 swapped=True
i=0 pair=(4,5) lam_t=1.00714 lam_s=1.02143 tsr_diff=0.000000 integral_mean=0.000000 integral_std=0.000000 log_ratio=0.0000 accept=1.0000 swapped=True
i=0 pair=(6,7) lam_t=1.03571 lam_s=1.05000 tsr_diff=0.000000 integral_mean=0.000000 integral_std=0.000000 log_ratio=0.0000 accept=1.0000 swapped=True
i=1 pair=(0,3) lam_t=0.96429 lam_s=0.97857 tsr_diff=0.000153 integral_mean=-0.000003 integral_std=0.000149 log_ratio=-0.0062 accept=0.9938 swapped=True
i=1 pair=(2,5) lam_t=0.99286 lam_s=1.00714 tsr_diff=0.000152 integral_mean=-0.000001 integral_std=0.000147 log_ratio=-0.0028 accept=0.9972 swapped=True
i=1 pair=(4,7) lam_t=1.02143 lam_s=1.03571 tsr_diff=0.000152 integral_mean=-0.000004 integral_std=0.000159 log_ratio=-0.0105 accept=0.9895 swapped=True
i=2 pair=(1,3) lam_t=0.95000 lam_s=0.96429 tsr_diff=0.000605 integral_mean=-0.000017 integral_std=0.000613 log_ratio=-0.0411 accept=0.9598 swapped=True
i=2 pair=(0,5) lam_t=0.97857 lam_s=0.99286 tsr_diff=0.000604 integral_mean=0.000037 integral_std=0.000610 log_ratio=0.0000 accept=1.0000 swapped=True
i=2 pair=(2,7) lam_t=1.00714 lam_s=1.02143 tsr_diff=0.000603 integral_mean=-0.000019 integral_std=0.000629 log_ratio=-0.0457 accept=0.9553 swapped=True
i=2 pair=(4,6) lam_t=1.03571 lam_s=1.05000 tsr_diff=0.000601 integral_mean=-0.000014 integral_std=0.000570 log_ratio=-0.0347 accept=0.9659 swapped=True
i=3 pair=(1,5) lam_t=0.96429 lam_s=0.97857 tsr_diff=0.001341 integral_mean=-0.000042 integral_std=0.001331 log_ratio=-0.0998 accept=0.9050 swapped=True
i=3 pair=(0,7) lam_t=0.99286 lam_s=1.00714 tsr_diff=0.001333 integral_mean=0.000047 integral_std=0.001374 log_ratio=0.0000 accept=1.0000 swapped=True
i=3 pair=(2,6) lam_t=1.02143 lam_s=1.03571 tsr_diff=0.001326 integral_mean=0.000002 integral_std=0.001246 log_ratio=0.0000 accept=1.0000 swapped=True
i=4 pair=(3,5) lam_t=0.95000 lam_s=0.96429 tsr_diff=0.002344 integral_mean=-0.000089 integral_std=0.002160 log_ratio=-0.2144 accept=0.8070 swapped=True
i=4 pair=(1,7) lam_t=0.97857 lam_s=0.99286 tsr_diff=0.002322 integral_mean=-0.000025 integral_std=0.002177 log_ratio=-0.0599 accept=0.9419 swapped=True
i=4 pair=(0,6) lam_t=1.00714 lam_s=1.02143 tsr_diff=0.002301 integral_mean=0.000038 integral_std=0.002103 log_ratio=0.0000 accept=1.0000 swapped=True
i=4 pair=(2,4) lam_t=1.03571 lam_s=1.05000 tsr_diff=0.002280 integral_mean=-0.000008 integral_std=0.002181 log_ratio=-0.0182 accept=0.9819 swapped=True
i=5 pair=(3,7) lam_t=0.96429 lam_s=0.97857 tsr_diff=0.003545 integral_mean=-0.000120 integral_std=0.003494 log_ratio=-0.2887 accept=0.7492 swapped=True
i=5 pair=(1,6) lam_t=0.99286 lam_s=1.00714 tsr_diff=0.003496 integral_mean=0.000034 integral_std=0.003240 log_ratio=0.0000 accept=1.0000 swapped=True
i=5 pair=(0,4) lam_t=1.02143 lam_s=1.03571 tsr_diff=0.003447 integral_mean=0.000091 integral_std=0.003167 log_ratio=0.0000 accept=1.0000 swapped=True
i=6 pair=(5,7) lam_t=0.95000 lam_s=0.96429 tsr_diff=0.004979 integral_mean=0.000012 integral_std=0.004580 log_ratio=0.0000 accept=1.0000 swapped=True
i=6 pair=(3,6) lam_t=0.97857 lam_s=0.99286 tsr_diff=0.004883 integral_mean=-0.000029 integral_std=0.004387 log_ratio=-0.0700 accept=0.9324 swapped=True
i=6 pair=(1,4) lam_t=1.00714 lam_s=1.02143 tsr_diff=0.004789 integral_mean=-0.000051 integral_std=0.004477 log_ratio=-0.1212 accept=0.8858 swapped=True
i=6 pair=(0,2) lam_t=1.03571 lam_s=1.05000 tsr_diff=0.004698 integral_mean=0.000037 integral_std=0.004299 log_ratio=0.0000 accept=1.0000 swapped=True
i=7 pair=(5,6) lam_t=0.96429 lam_s=0.97857 tsr_diff=0.006435 integral_mean=0.000244 integral_std=0.005759 log_ratio=0.0000 accept=1.0000 swapped=True
i=7 pair=(3,4) lam_t=0.99286 lam_s=1.00714 tsr_diff=0.006274 integral_mean=0.000313 integral_std=0.005521 log_ratio=0.0000 accept=1.0000 swapped=True
i=7 pair=(1,2) lam_t=1.02143 lam_s=1.03571 tsr_diff=0.006120 integral_mean=-0.000013 integral_std=0.005884 log_ratio=-0.0316 accept=0.9689 swapped=True
i=8 pair=(7,6) lam_t=0.95000 lam_s=0.96429 tsr_diff=0.008123 integral_mean=-0.000053 integral_std=0.007987 log_ratio=-0.1269 accept=0.8808 swapped=True
i=8 pair=(5,4) lam_t=0.97857 lam_s=0.99286 tsr_diff=0.007872 integral_mean=0.000534 integral_std=0.007196 log_ratio=0.0000 accept=1.0000 swapped=True
i=8 pair=(3,2) lam_t=1.00714 lam_s=1.02143 tsr_diff=0.007631 integral_mean=0.000368 integral_std=0.006875 log_ratio=0.0000 accept=1.0000 swapped=True
i=8 pair=(1,0) lam_t=1.03571 lam_s=1.05000 tsr_diff=0.007402 integral_mean=-0.000060 integral_std=0.006982 log_ratio=-0.1433 accept=0.8665 swapped=True
i=9 pair=(7,4) lam_t=0.96429 lam_s=0.97857 tsr_diff=0.009548 integral_mean=0.000126 integral_std=0.009006 log_ratio=0.0000 accept=1.0000 swapped=True
i=9 pair=(5,2) lam_t=0.99286 lam_s=1.00714 tsr_diff=0.009200 integral_mean=0.000180 integral_std=0.007771 log_ratio=0.0000 accept=1.0000 swapped=True
i=9 pair=(3,0) lam_t=1.02143 lam_s=1.03571 tsr_diff=0.008870 integral_mean=-0.000090 integral_std=0.008439 log_ratio=-0.2157 accept=0.8060 swapped=True
i=10 pair=(6,4) lam_t=0.95000 lam_s=0.96429 tsr_diff=0.011265 integral_mean=-0.000104 integral_std=0.011079 log_ratio=-0.2506 accept=0.7783 swapped=True
i=10 pair=(7,2) lam_t=0.97857 lam_s=0.99286 tsr_diff=0.010789 integral_mean=0.000231 integral_std=0.010326 log_ratio=0.0000 accept=1.0000 swapped=True
i=10 pair=(5,0) lam_t=1.00714 lam_s=1.02143 tsr_diff=0.010342 integral_mean=0.000673 integral_std=0.011313 log_ratio=0.0000 accept=1.0000 swapped=True
i=10 pair=(3,1) lam_t=1.03571 lam_s=1.05000 tsr_diff=0.009923 integral_mean=0.000076 integral_std=0.011666 log_ratio=0.0000 accept=1.0000 swapped=True
i=11 pair=(6,2) lam_t=0.96429 lam_s=0.97857 tsr_diff=0.012354 integral_mean=0.000222 integral_std=0.008825 log_ratio=0.0000 accept=1.0000 swapped=True
i=11 pair=(7,0) lam_t=0.99286 lam_s=1.00714 tsr_diff=0.011778 integral_mean=-0.001174 integral_std=0.015666 log_ratio=-2.8183 accept=0.0597 swapped=False
i=11 pair=(5,1) lam_t=1.02143 lam_s=1.03571 tsr_diff=0.011242 integral_mean=0.000043 integral_std=0.013983 log_ratio=0.0000 accept=1.0000 swapped=True
i=12 pair=(4,2) lam_t=0.95000 lam_s=0.96429 tsr_diff=0.013839 integral_mean=0.001167 integral_std=0.018370 log_ratio=0.0000 accept=1.0000 swapped=True
i=12 pair=(6,7) lam_t=0.97857 lam_s=0.99286 tsr_diff=0.013131 integral_mean=0.000651 integral_std=0.014415 log_ratio=0.0000 accept=1.0000 swapped=True
i=12 pair=(0,1) lam_t=1.00714 lam_s=1.02143 tsr_diff=0.012476 integral_mean=0.000270 integral_std=0.018356 log_ratio=0.0000 accept=1.0000 swapped=True
i=12 pair=(5,3) lam_t=1.03571 lam_s=1.05000 tsr_diff=0.011868 integral_mean=-0.000160 integral_std=0.011101 log_ratio=-0.3848 accept=0.6806 swapped=False
i=13 pair=(4,7) lam_t=0.96429 lam_s=0.97857 tsr_diff=0.014342 integral_mean=0.001367 integral_std=0.022337 log_ratio=0.0000 accept=1.0000 swapped=True
i=13 pair=(6,1) lam_t=0.99286 lam_s=1.00714 tsr_diff=0.013574 integral_mean=-0.001155 integral_std=0.023178 log_ratio=-2.7720 accept=0.0625 swapped=False
i=13 pair=(0,5) lam_t=1.02143 lam_s=1.03571 tsr_diff=0.012866 integral_mean=0.000916 integral_std=0.017110 log_ratio=0.0000 accept=1.0000 swapped=True
i=14 pair=(2,7) lam_t=0.95000 lam_s=0.96429 tsr_diff=0.015346 integral_mean=0.004859 integral_std=0.026916 log_ratio=0.0000 accept=1.0000 swapped=True
i=14 pair=(4,6) lam_t=0.97857 lam_s=0.99286 tsr_diff=0.014482 integral_mean=0.001932 integral_std=0.034849 log_ratio=0.0000 accept=1.0000 swapped=True
i=14 pair=(1,5) lam_t=1.00714 lam_s=1.02143 tsr_diff=0.013689 integral_mean=0.003140 integral_std=0.039745 log_ratio=0.0000 accept=1.0000 swapped=True
i=14 pair=(0,3) lam_t=1.03571 lam_s=1.05000 tsr_diff=0.012959 integral_mean=0.000726 integral_std=0.056622 log_ratio=0.0000 accept=1.0000 swapped=True
Best Sample: 6 log probability -0.000
Saved 1 samples to: logs/pointmaze-giant-navigate-v0/inference/plans/release_H400_T256_LimitsNormalizer_b1_condFalse/2026-07-20 17:56:22/12/0.png
Saved 1 samples to: logs/pointmaze-giant-navigate-v0/inference/plans/release_H400_T256_LimitsNormalizer_b1_condFalse/2026-07-20 17:56:22/12/rollout.png
i=0 pair=(0,1) lam_t=0.95000 lam_s=0.96429 tsr_diff=0.000000 integral_mean=0.000000 integral_std=0.000000 log_ratio=0.0000 accept=1.0000 swapped=True
i=0 pair=(2,3) lam_t=0.97857 lam_s=0.99286 tsr_diff=0.000000 integral_mean=0.000000 integral_std=0.000000 log_ratio=0.0000 accept=1.0000 swapped=True
i=0 pair=(4,5) lam_t=1.00714 lam_s=1.02143 tsr_diff=0.000000 integral_mean=0.000000 integral_std=0.000000 log_ratio=0.0000 accept=1.0000 swapped=True
i=0 pair=(6,7) lam_t=1.03571 lam_s=1.05000 tsr_diff=0.000000 integral_mean=0.000000 integral_std=0.000000 log_ratio=0.0000 accept=1.0000 swapped=True
i=1 pair=(0,3) lam_t=0.96429 lam_s=0.97857 tsr_diff=0.000153 integral_mean=-0.000002 integral_std=0.000148 log_ratio=-0.0060 accept=0.9940 swapped=True
i=1 pair=(2,5) lam_t=0.99286 lam_s=1.00714 tsr_diff=0.000152 integral_mean=0.000003 integral_std=0.000149 log_ratio=0.0000 accept=1.0000 swapped=True
i=1 pair=(4,7) lam_t=1.02143 lam_s=1.03571 tsr_diff=0.000152 integral_mean=0.000003 integral_std=0.000151 log_ratio=0.0000 accept=1.0000 swapped=True
i=2 pair=(1,3) lam_t=0.95000 lam_s=0.96429 tsr_diff=0.000605 integral_mean=-0.000000 integral_std=0.000590 log_ratio=-0.0002 accept=0.9998 swapped=True
i=2 pair=(0,5) lam_t=0.97857 lam_s=0.99286 tsr_diff=0.000604 integral_mean=0.000012 integral_std=0.000607 log_ratio=0.0000 accept=1.0000 swapped=True
i=2 pair=(2,7) lam_t=1.00714 lam_s=1.02143 tsr_diff=0.000603 integral_mean=0.000011 integral_std=0.000587 log_ratio=0.0000 accept=1.0000 swapped=True
i=2 pair=(4,6) lam_t=1.03571 lam_s=1.05000 tsr_diff=0.000601 integral_mean=-0.000003 integral_std=0.000625 log_ratio=-0.0068 accept=0.9932 swapped=True
i=3 pair=(1,5) lam_t=0.96429 lam_s=0.97857 tsr_diff=0.001341 integral_mean=0.000040 integral_std=0.001283 log_ratio=0.0000 accept=1.0000 swapped=True
i=3 pair=(0,7) lam_t=0.99286 lam_s=1.00714 tsr_diff=0.001333 integral_mean=0.000046 integral_std=0.001527 log_ratio=0.0000 accept=1.0000 swapped=True
i=3 pair=(2,6) lam_t=1.02143 lam_s=1.03571 tsr_diff=0.001326 integral_mean=-0.000006 integral_std=0.001287 log_ratio=-0.0140 accept=0.9861 swapped=True
i=4 pair=(3,5) lam_t=0.95000 lam_s=0.96429 tsr_diff=0.002344 integral_mean=0.000292 integral_std=0.002561 log_ratio=0.0000 accept=1.0000 swapped=True
i=4 pair=(1,7) lam_t=0.97857 lam_s=0.99286 tsr_diff=0.002322 integral_mean=-0.000138 integral_std=0.002183 log_ratio=-0.3308 accept=0.7183 swapped=True
i=4 pair=(0,6) lam_t=1.00714 lam_s=1.02143 tsr_diff=0.002301 integral_mean=0.000048 integral_std=0.002316 log_ratio=0.0000 accept=1.0000 swapped=True
i=4 pair=(2,4) lam_t=1.03571 lam_s=1.05000 tsr_diff=0.002280 integral_mean=-0.000002 integral_std=0.002045 log_ratio=-0.0038 accept=0.9962 swapped=True
i=5 pair=(3,7) lam_t=0.96429 lam_s=0.97857 tsr_diff=0.003545 integral_mean=0.000141 integral_std=0.003559 log_ratio=0.0000 accept=1.0000 swapped=True
i=5 pair=(1,6) lam_t=0.99286 lam_s=1.00714 tsr_diff=0.003496 integral_mean=-0.000189 integral_std=0.003263 log_ratio=-0.4548 accept=0.6346 swapped=True
i=5 pair=(0,4) lam_t=1.02143 lam_s=1.03571 tsr_diff=0.003447 integral_mean=0.000343 integral_std=0.003496 log_ratio=0.0000 accept=1.0000 swapped=True
i=6 pair=(5,7) lam_t=0.95000 lam_s=0.96429 tsr_diff=0.004979 integral_mean=0.000141 integral_std=0.004701 log_ratio=0.0000 accept=1.0000 swapped=True
i=6 pair=(3,6) lam_t=0.97857 lam_s=0.99286 tsr_diff=0.004883 integral_mean=-0.000045 integral_std=0.004834 log_ratio=-0.1072 accept=0.8984 swapped=True
i=6 pair=(1,4) lam_t=1.00714 lam_s=1.02143 tsr_diff=0.004789 integral_mean=-0.000010 integral_std=0.004141 log_ratio=-0.0230 accept=0.9773 swapped=True
i=6 pair=(0,2) lam_t=1.03571 lam_s=1.05000 tsr_diff=0.004698 integral_mean=0.000128 integral_std=0.004297 log_ratio=0.0000 accept=1.0000 swapped=True
i=7 pair=(5,6) lam_t=0.96429 lam_s=0.97857 tsr_diff=0.006435 integral_mean=0.000262 integral_std=0.006601 log_ratio=0.0000 accept=1.0000 swapped=True
i=7 pair=(3,4) lam_t=0.99286 lam_s=1.00714 tsr_diff=0.006274 integral_mean=0.000020 integral_std=0.006049 log_ratio=0.0000 accept=1.0000 swapped=True
i=7 pair=(1,2) lam_t=1.02143 lam_s=1.03571 tsr_diff=0.006120 integral_mean=0.000021 integral_std=0.005252 log_ratio=0.0000 accept=1.0000 swapped=True
i=8 pair=(7,6) lam_t=0.95000 lam_s=0.96429 tsr_diff=0.008123 integral_mean=-0.000371 integral_std=0.007534 log_ratio=-0.8893 accept=0.4109 swapped=True
i=8 pair=(5,4) lam_t=0.97857 lam_s=0.99286 tsr_diff=0.007872 integral_mean=0.000224 integral_std=0.007291 log_ratio=0.0000 accept=1.0000 swapped=True
i=8 pair=(3,2) lam_t=1.00714 lam_s=1.02143 tsr_diff=0.007631 integral_mean=0.000383 integral_std=0.007064 log_ratio=0.0000 accept=1.0000 swapped=True
i=8 pair=(1,0) lam_t=1.03571 lam_s=1.05000 tsr_diff=0.007402 integral_mean=-0.000051 integral_std=0.006686 log_ratio=-0.1230 accept=0.8842 swapped=True
i=9 pair=(7,4) lam_t=0.96429 lam_s=0.97857 tsr_diff=0.009548 integral_mean=0.000082 integral_std=0.007669 log_ratio=0.0000 accept=1.0000 swapped=True
i=9 pair=(5,2) lam_t=0.99286 lam_s=1.00714 tsr_diff=0.009200 integral_mean=0.000539 integral_std=0.007864 log_ratio=0.0000 accept=1.0000 swapped=True
i=9 pair=(3,0) lam_t=1.02143 lam_s=1.03571 tsr_diff=0.008870 integral_mean=-0.000079 integral_std=0.009248 log_ratio=-0.1888 accept=0.8280 swapped=False
i=10 pair=(6,4) lam_t=0.95000 lam_s=0.96429 tsr_diff=0.011265 integral_mean=0.000179 integral_std=0.010354 log_ratio=0.0000 accept=1.0000 swapped=True
i=10 pair=(7,2) lam_t=0.97857 lam_s=0.99286 tsr_diff=0.010789 integral_mean=0.000330 integral_std=0.008586 log_ratio=0.0000 accept=1.0000 swapped=True
i=10 pair=(5,3) lam_t=1.00714 lam_s=1.02143 tsr_diff=0.010342 integral_mean=-0.000003 integral_std=0.010227 log_ratio=-0.0081 accept=0.9919 swapped=True
i=10 pair=(0,1) lam_t=1.03571 lam_s=1.05000 tsr_diff=0.009923 integral_mean=0.000171 integral_std=0.010081 log_ratio=0.0000 accept=1.0000 swapped=True
i=11 pair=(6,2) lam_t=0.96429 lam_s=0.97857 tsr_diff=0.012354 integral_mean=0.000989 integral_std=0.011656 log_ratio=0.0000 accept=1.0000 swapped=True
i=11 pair=(7,3) lam_t=0.99286 lam_s=1.00714 tsr_diff=0.011778 integral_mean=0.000599 integral_std=0.013156 log_ratio=0.0000 accept=1.0000 swapped=True
i=11 pair=(5,1) lam_t=1.02143 lam_s=1.03571 tsr_diff=0.011242 integral_mean=0.000575 integral_std=0.012228 log_ratio=0.0000 accept=1.0000 swapped=True
i=12 pair=(4,2) lam_t=0.95000 lam_s=0.96429 tsr_diff=0.013839 integral_mean=0.000218 integral_std=0.008966 log_ratio=0.0000 accept=1.0000 swapped=True
i=12 pair=(6,3) lam_t=0.97857 lam_s=0.99286 tsr_diff=0.013131 integral_mean=0.001341 integral_std=0.015607 log_ratio=0.0000 accept=1.0000 swapped=True
i=12 pair=(7,1) lam_t=1.00714 lam_s=1.02143 tsr_diff=0.012476 integral_mean=0.000311 integral_std=0.007595 log_ratio=0.0000 accept=1.0000 swapped=True
i=12 pair=(5,0) lam_t=1.03571 lam_s=1.05000 tsr_diff=0.011868 integral_mean=0.000324 integral_std=0.010850 log_ratio=0.0000 accept=1.0000 swapped=True
i=13 pair=(4,3) lam_t=0.96429 lam_s=0.97857 tsr_diff=0.014342 integral_mean=0.001650 integral_std=0.016795 log_ratio=0.0000 accept=1.0000 swapped=True
i=13 pair=(6,1) lam_t=0.99286 lam_s=1.00714 tsr_diff=0.013574 integral_mean=0.003299 integral_std=0.021602 log_ratio=0.0000 accept=1.0000 swapped=True
i=13 pair=(7,0) lam_t=1.02143 lam_s=1.03571 tsr_diff=0.012866 integral_mean=-0.000237 integral_std=0.022006 log_ratio=-0.5697 accept=0.5657 swapped=True
i=14 pair=(2,3) lam_t=0.95000 lam_s=0.96429 tsr_diff=0.015346 integral_mean=0.005277 integral_std=0.021201 log_ratio=0.0000 accept=1.0000 swapped=True
i=14 pair=(4,1) lam_t=0.97857 lam_s=0.99286 tsr_diff=0.014482 integral_mean=0.000488 integral_std=0.009361 log_ratio=0.0000 accept=1.0000 swapped=True
i=14 pair=(6,0) lam_t=1.00714 lam_s=1.02143 tsr_diff=0.013689 integral_mean=0.008226 integral_std=0.061823 log_ratio=0.0000 accept=1.0000 swapped=True
i=14 pair=(7,5) lam_t=1.03571 lam_s=1.05000 tsr_diff=0.012959 integral_mean=-0.001804 integral_std=0.033884 log_ratio=-4.3286 accept=0.0132 swapped=False
Best Sample: 2 log probability 0.000
Saved 1 samples to: logs/pointmaze-giant-navigate-v0/inference/plans/release_H400_T256_LimitsNormalizer_b1_condFalse/2026-07-20 17:56:22/13/0.png
Saved 1 samples to: logs/pointmaze-giant-navigate-v0/inference/plans/release_H400_T256_LimitsNormalizer_b1_condFalse/2026-07-20 17:56:22/13/rollout.png
i=0 pair=(0,1) lam_t=0.95000 lam_s=0.96429 tsr_diff=0.000000 integral_mean=0.000000 integral_std=0.000000 log_ratio=0.0000 accept=1.0000 swapped=True
i=0 pair=(2,3) lam_t=0.97857 lam_s=0.99286 tsr_diff=0.000000 integral_mean=0.000000 integral_std=0.000000 log_ratio=0.0000 accept=1.0000 swapped=True
i=0 pair=(4,5) lam_t=1.00714 lam_s=1.02143 tsr_diff=0.000000 integral_mean=0.000000 integral_std=0.000000 log_ratio=0.0000 accept=1.0000 swapped=True
i=0 pair=(6,7) lam_t=1.03571 lam_s=1.05000 tsr_diff=0.000000 integral_mean=0.000000 integral_std=0.000000 log_ratio=0.0000 accept=1.0000 swapped=True
i=1 pair=(0,3) lam_t=0.96429 lam_s=0.97857 tsr_diff=0.000153 integral_mean=0.000001 integral_std=0.000148 log_ratio=0.0000 accept=1.0000 swapped=True
i=1 pair=(2,5) lam_t=0.99286 lam_s=1.00714 tsr_diff=0.000152 integral_mean=0.000000 integral_std=0.000145 log_ratio=0.0000 accept=1.0000 swapped=True
i=1 pair=(4,7) lam_t=1.02143 lam_s=1.03571 tsr_diff=0.000152 integral_mean=-0.000007 integral_std=0.000205 log_ratio=-0.0159 accept=0.9843 swapped=True
i=2 pair=(1,3) lam_t=0.95000 lam_s=0.96429 tsr_diff=0.000605 integral_mean=-0.000028 integral_std=0.000630 log_ratio=-0.0671 accept=0.9351 swapped=False
i=2 pair=(0,5) lam_t=0.97857 lam_s=0.99286 tsr_diff=0.000604 integral_mean=0.000007 integral_std=0.000591 log_ratio=0.0000 accept=1.0000 swapped=True
i=2 pair=(2,7) lam_t=1.00714 lam_s=1.02143 tsr_diff=0.000603 integral_mean=-0.000022 integral_std=0.000614 log_ratio=-0.0535 accept=0.9479 swapped=True
i=2 pair=(4,6) lam_t=1.03571 lam_s=1.05000 tsr_diff=0.000601 integral_mean=-0.000002 integral_std=0.000638 log_ratio=-0.0046 accept=0.9954 swapped=True
i=3 pair=(3,5) lam_t=0.96429 lam_s=0.97857 tsr_diff=0.001341 integral_mean=0.000009 integral_std=0.001273 log_ratio=0.0000 accept=1.0000 swapped=True
i=3 pair=(0,7) lam_t=0.99286 lam_s=1.00714 tsr_diff=0.001333 integral_mean=-0.000008 integral_std=0.001302 log_ratio=-0.0186 accept=0.9816 swapped=True
i=3 pair=(2,6) lam_t=1.02143 lam_s=1.03571 tsr_diff=0.001326 integral_mean=0.000091 integral_std=0.001363 log_ratio=0.0000 accept=1.0000 swapped=True
i=4 pair=(1,5) lam_t=0.95000 lam_s=0.96429 tsr_diff=0.002344 integral_mean=0.000307 integral_std=0.002655 log_ratio=0.0000 accept=1.0000 swapped=True
i=4 pair=(3,7) lam_t=0.97857 lam_s=0.99286 tsr_diff=0.002322 integral_mean=0.000192 integral_std=0.002443 log_ratio=0.0000 accept=1.0000 swapped=True
i=4 pair=(0,6) lam_t=1.00714 lam_s=1.02143 tsr_diff=0.002301 integral_mean=-0.000062 integral_std=0.002132 log_ratio=-0.1490 accept=0.8615 swapped=True
i=4 pair=(2,4) lam_t=1.03571 lam_s=1.05000 tsr_diff=0.002280 integral_mean=0.004102 integral_std=0.009094 log_ratio=0.0000 accept=1.0000 swapped=True
i=5 pair=(1,7) lam_t=0.96429 lam_s=0.97857 tsr_diff=0.003545 integral_mean=0.000476 integral_std=0.004019 log_ratio=0.0000 accept=1.0000 swapped=True
i=5 pair=(3,6) lam_t=0.99286 lam_s=1.00714 tsr_diff=0.003496 integral_mean=0.000001 integral_std=0.003404 log_ratio=0.0000 accept=1.0000 swapped=True
i=5 pair=(0,4) lam_t=1.02143 lam_s=1.03571 tsr_diff=0.003447 integral_mean=-0.000071 integral_std=0.003440 log_ratio=-0.1702 accept=0.8435 swapped=True
i=6 pair=(5,7) lam_t=0.95000 lam_s=0.96429 tsr_diff=0.004979 integral_mean=0.000103 integral_std=0.004489 log_ratio=0.0000 accept=1.0000 swapped=True
i=6 pair=(1,6) lam_t=0.97857 lam_s=0.99286 tsr_diff=0.004883 integral_mean=0.000199 integral_std=0.004942 log_ratio=0.0000 accept=1.0000 swapped=True
i=6 pair=(3,4) lam_t=1.00714 lam_s=1.02143 tsr_diff=0.004789 integral_mean=-0.000267 integral_std=0.004771 log_ratio=-0.6403 accept=0.5271 swapped=True
i=6 pair=(0,2) lam_t=1.03571 lam_s=1.05000 tsr_diff=0.004698 integral_mean=-0.001175 integral_std=0.005508 log_ratio=-2.8194 accept=0.0596 swapped=False
i=7 pair=(5,6) lam_t=0.96429 lam_s=0.97857 tsr_diff=0.006435 integral_mean=-0.000041 integral_std=0.005740 log_ratio=-0.0978 accept=0.9069 swapped=True
i=7 pair=(1,4) lam_t=0.99286 lam_s=1.00714 tsr_diff=0.006274 integral_mean=-0.000123 integral_std=0.006650 log_ratio=-0.2959 accept=0.7438 swapped=True
i=7 pair=(3,0) lam_t=1.02143 lam_s=1.03571 tsr_diff=0.006120 integral_mean=-0.000011 integral_std=0.005152 log_ratio=-0.0261 accept=0.9742 swapped=True
i=8 pair=(7,6) lam_t=0.95000 lam_s=0.96429 tsr_diff=0.008123 integral_mean=-0.000130 integral_std=0.007951 log_ratio=-0.3128 accept=0.7314 swapped=True
i=8 pair=(5,4) lam_t=0.97857 lam_s=0.99286 tsr_diff=0.007872 integral_mean=-0.000280 integral_std=0.008505 log_ratio=-0.6712 accept=0.5111 swapped=False
i=8 pair=(1,0) lam_t=1.00714 lam_s=1.02143 tsr_diff=0.007631 integral_mean=0.000161 integral_std=0.008674 log_ratio=0.0000 accept=1.0000 swapped=True
i=8 pair=(3,2) lam_t=1.03571 lam_s=1.05000 tsr_diff=0.007402 integral_mean=-0.000761 integral_std=0.007438 log_ratio=-1.8253 accept=0.1612 swapped=True
i=9 pair=(7,5) lam_t=0.96429 lam_s=0.97857 tsr_diff=0.009548 integral_mean=-0.000045 integral_std=0.007753 log_ratio=-0.1091 accept=0.8967 swapped=True
i=9 pair=(4,0) lam_t=0.99286 lam_s=1.00714 tsr_diff=0.009200 integral_mean=0.000588 integral_std=0.010778 log_ratio=0.0000 accept=1.0000 swapped=True
i=9 pair=(1,2) lam_t=1.02143 lam_s=1.03571 tsr_diff=0.008870 integral_mean=-0.000786 integral_std=0.010112 log_ratio=-1.8858 accept=0.1517 swapped=False
i=10 pair=(6,5) lam_t=0.95000 lam_s=0.96429 tsr_diff=0.011265 integral_mean=0.000391 integral_std=0.011588 log_ratio=0.0000 accept=1.0000 swapped=True
i=10 pair=(7,0) lam_t=0.97857 lam_s=0.99286 tsr_diff=0.010789 integral_mean=-0.000014 integral_std=0.007794 log_ratio=-0.0326 accept=0.9679 swapped=True
i=10 pair=(4,1) lam_t=1.00714 lam_s=1.02143 tsr_diff=0.010342 integral_mean=0.000322 integral_std=0.014420 log_ratio=0.0000 accept=1.0000 swapped=True
i=10 pair=(2,3) lam_t=1.03571 lam_s=1.05000 tsr_diff=0.009923 integral_mean=0.000794 integral_std=0.011085 log_ratio=0.0000 accept=1.0000 swapped=True
i=11 pair=(6,0) lam_t=0.96429 lam_s=0.97857 tsr_diff=0.012354 integral_mean=0.000812 integral_std=0.012858 log_ratio=0.0000 accept=1.0000 swapped=True
i=11 pair=(7,1) lam_t=0.99286 lam_s=1.00714 tsr_diff=0.011778 integral_mean=-0.001242 integral_std=0.014451 log_ratio=-2.9814 accept=0.0507 swapped=False
i=11 pair=(4,3) lam_t=1.02143 lam_s=1.03571 tsr_diff=0.011242 integral_mean=0.002379 integral_std=0.019630 log_ratio=0.0000 accept=1.0000 swapped=True
i=12 pair=(5,0) lam_t=0.95000 lam_s=0.96429 tsr_diff=0.013839 integral_mean=0.000004 integral_std=0.008614 log_ratio=0.0000 accept=1.0000 swapped=True
i=12 pair=(6,7) lam_t=0.97857 lam_s=0.99286 tsr_diff=0.013131 integral_mean=0.001422 integral_std=0.014296 log_ratio=0.0000 accept=1.0000 swapped=True
i=12 pair=(1,3) lam_t=1.00714 lam_s=1.02143 tsr_diff=0.012476 integral_mean=0.001522 integral_std=0.018270 log_ratio=0.0000 accept=1.0000 swapped=True
i=12 pair=(4,2) lam_t=1.03571 lam_s=1.05000 tsr_diff=0.011868 integral_mean=0.002553 integral_std=0.026927 log_ratio=0.0000 accept=1.0000 swapped=True
i=13 pair=(5,7) lam_t=0.96429 lam_s=0.97857 tsr_diff=0.014342 integral_mean=0.000185 integral_std=0.008006 log_ratio=0.0000 accept=1.0000 swapped=True
i=13 pair=(6,3) lam_t=0.99286 lam_s=1.00714 tsr_diff=0.013574 integral_mean=0.002123 integral_std=0.027384 log_ratio=0.0000 accept=1.0000 swapped=True
i=13 pair=(1,2) lam_t=1.02143 lam_s=1.03571 tsr_diff=0.012866 integral_mean=-0.000839 integral_std=0.027239 log_ratio=-2.0133 accept=0.1335 swapped=False
i=14 pair=(0,7) lam_t=0.95000 lam_s=0.96429 tsr_diff=0.015346 integral_mean=0.001135 integral_std=0.012597 log_ratio=0.0000 accept=1.0000 swapped=True
i=14 pair=(5,3) lam_t=0.97857 lam_s=0.99286 tsr_diff=0.014482 integral_mean=0.001866 integral_std=0.033437 log_ratio=0.0000 accept=1.0000 swapped=True
i=14 pair=(6,1) lam_t=1.00714 lam_s=1.02143 tsr_diff=0.013689 integral_mean=0.005816 integral_std=0.059824 log_ratio=0.0000 accept=1.0000 swapped=True
i=14 pair=(2,4) lam_t=1.03571 lam_s=1.05000 tsr_diff=0.012959 integral_mean=-0.023375 integral_std=0.193431 log_ratio=-56.1007 accept=0.0000 swapped=False
Best Sample: 0 log probability 0.000
Saved 1 samples to: logs/pointmaze-giant-navigate-v0/inference/plans/release_H400_T256_LimitsNormalizer_b1_condFalse/2026-07-20 17:56:22/14/0.png
Saved 1 samples to: logs/pointmaze-giant-navigate-v0/inference/plans/release_H400_T256_LimitsNormalizer_b1_condFalse/2026-07-20 17:56:22/14/rollout.png
i=0 pair=(0,1) lam_t=0.95000 lam_s=0.96429 tsr_diff=0.000000 integral_mean=0.000000 integral_std=0.000000 log_ratio=0.0000 accept=1.0000 swapped=True
i=0 pair=(2,3) lam_t=0.97857 lam_s=0.99286 tsr_diff=0.000000 integral_mean=0.000000 integral_std=0.000000 log_ratio=0.0000 accept=1.0000 swapped=True
i=0 pair=(4,5) lam_t=1.00714 lam_s=1.02143 tsr_diff=0.000000 integral_mean=0.000000 integral_std=0.000000 log_ratio=0.0000 accept=1.0000 swapped=True
i=0 pair=(6,7) lam_t=1.03571 lam_s=1.05000 tsr_diff=0.000000 integral_mean=0.000000 integral_std=0.000000 log_ratio=0.0000 accept=1.0000 swapped=True
i=1 pair=(0,3) lam_t=0.96429 lam_s=0.97857 tsr_diff=0.000153 integral_mean=-0.000007 integral_std=0.000147 log_ratio=-0.0171 accept=0.9830 swapped=True
i=1 pair=(2,5) lam_t=0.99286 lam_s=1.00714 tsr_diff=0.000152 integral_mean=-0.000004 integral_std=0.000160 log_ratio=-0.0096 accept=0.9904 swapped=True
i=1 pair=(4,7) lam_t=1.02143 lam_s=1.03571 tsr_diff=0.000152 integral_mean=-0.000082 integral_std=0.000253 log_ratio=-0.1963 accept=0.8217 swapped=True
i=2 pair=(1,3) lam_t=0.95000 lam_s=0.96429 tsr_diff=0.000605 integral_mean=-0.000010 integral_std=0.000594 log_ratio=-0.0242 accept=0.9761 swapped=True
i=2 pair=(0,5) lam_t=0.97857 lam_s=0.99286 tsr_diff=0.000604 integral_mean=0.000049 integral_std=0.000671 log_ratio=0.0000 accept=1.0000 swapped=True
i=2 pair=(2,7) lam_t=1.00714 lam_s=1.02143 tsr_diff=0.000603 integral_mean=-0.000069 integral_std=0.000683 log_ratio=-0.1655 accept=0.8475 swapped=False
i=2 pair=(4,6) lam_t=1.03571 lam_s=1.05000 tsr_diff=0.000601 integral_mean=0.000021 integral_std=0.000567 log_ratio=0.0000 accept=1.0000 swapped=True
i=3 pair=(1,5) lam_t=0.96429 lam_s=0.97857 tsr_diff=0.001341 integral_mean=-0.000009 integral_std=0.001342 log_ratio=-0.0217 accept=0.9785 swapped=True
i=3 pair=(0,2) lam_t=0.99286 lam_s=1.00714 tsr_diff=0.001333 integral_mean=0.000025 integral_std=0.001372 log_ratio=0.0000 accept=1.0000 swapped=True
i=3 pair=(7,6) lam_t=1.02143 lam_s=1.03571 tsr_diff=0.001326 integral_mean=0.000015 integral_std=0.001284 log_ratio=0.0000 accept=1.0000 swapped=True
i=4 pair=(3,5) lam_t=0.95000 lam_s=0.96429 tsr_diff=0.002344 integral_mean=0.000020 integral_std=0.002367 log_ratio=0.0000 accept=1.0000 swapped=True
i=4 pair=(1,2) lam_t=0.97857 lam_s=0.99286 tsr_diff=0.002322 integral_mean=-0.000014 integral_std=0.002187 log_ratio=-0.0342 accept=0.9664 swapped=True
i=4 pair=(0,6) lam_t=1.00714 lam_s=1.02143 tsr_diff=0.002301 integral_mean=0.000024 integral_std=0.002174 log_ratio=0.0000 accept=1.0000 swapped=True
i=4 pair=(7,4) lam_t=1.03571 lam_s=1.05000 tsr_diff=0.002280 integral_mean=-0.000008 integral_std=0.002062 log_ratio=-0.0184 accept=0.9818 swapped=True
i=5 pair=(3,2) lam_t=0.96429 lam_s=0.97857 tsr_diff=0.003545 integral_mean=0.000145 integral_std=0.003494 log_ratio=0.0000 accept=1.0000 swapped=True
i=5 pair=(1,6) lam_t=0.99286 lam_s=1.00714 tsr_diff=0.003496 integral_mean=0.000128 integral_std=0.003365 log_ratio=0.0000 accept=1.0000 swapped=True
i=5 pair=(0,4) lam_t=1.02143 lam_s=1.03571 tsr_diff=0.003447 integral_mean=0.000044 integral_std=0.003246 log_ratio=0.0000 accept=1.0000 swapped=True
i=6 pair=(5,2) lam_t=0.95000 lam_s=0.96429 tsr_diff=0.004979 integral_mean=0.000113 integral_std=0.004521 log_ratio=0.0000 accept=1.0000 swapped=True
i=6 pair=(3,6) lam_t=0.97857 lam_s=0.99286 tsr_diff=0.004883 integral_mean=0.000290 integral_std=0.005039 log_ratio=0.0000 accept=1.0000 swapped=True
i=6 pair=(1,4) lam_t=1.00714 lam_s=1.02143 tsr_diff=0.004789 integral_mean=0.000084 integral_std=0.004570 log_ratio=0.0000 accept=1.0000 swapped=True
i=6 pair=(0,7) lam_t=1.03571 lam_s=1.05000 tsr_diff=0.004698 integral_mean=-0.000050 integral_std=0.004648 log_ratio=-0.1188 accept=0.8880 swapped=True
i=7 pair=(5,6) lam_t=0.96429 lam_s=0.97857 tsr_diff=0.006435 integral_mean=0.000111 integral_std=0.006258 log_ratio=0.0000 accept=1.0000 swapped=True
i=7 pair=(3,4) lam_t=0.99286 lam_s=1.00714 tsr_diff=0.006274 integral_mean=0.000454 integral_std=0.006365 log_ratio=0.0000 accept=1.0000 swapped=True
i=7 pair=(1,7) lam_t=1.02143 lam_s=1.03571 tsr_diff=0.006120 integral_mean=0.000165 integral_std=0.006046 log_ratio=0.0000 accept=1.0000 swapped=True
i=8 pair=(2,6) lam_t=0.95000 lam_s=0.96429 tsr_diff=0.008123 integral_mean=-0.000037 integral_std=0.007787 log_ratio=-0.0887 accept=0.9151 swapped=True
i=8 pair=(5,4) lam_t=0.97857 lam_s=0.99286 tsr_diff=0.007872 integral_mean=0.000234 integral_std=0.007638 log_ratio=0.0000 accept=1.0000 swapped=True
i=8 pair=(3,7) lam_t=1.00714 lam_s=1.02143 tsr_diff=0.007631 integral_mean=0.000427 integral_std=0.008808 log_ratio=0.0000 accept=1.0000 swapped=True
i=8 pair=(1,0) lam_t=1.03571 lam_s=1.05000 tsr_diff=0.007402 integral_mean=0.000061 integral_std=0.007097 log_ratio=0.0000 accept=1.0000 swapped=True
i=9 pair=(2,4) lam_t=0.96429 lam_s=0.97857 tsr_diff=0.009548 integral_mean=-0.000144 integral_std=0.009091 log_ratio=-0.3458 accept=0.7077 swapped=False
i=9 pair=(5,7) lam_t=0.99286 lam_s=1.00714 tsr_diff=0.009200 integral_mean=0.000176 integral_std=0.008424 log_ratio=0.0000 accept=1.0000 swapped=True
i=9 pair=(3,0) lam_t=1.02143 lam_s=1.03571 tsr_diff=0.008870 integral_mean=0.000945 integral_std=0.012383 log_ratio=0.0000 accept=1.0000 swapped=True
i=10 pair=(6,2) lam_t=0.95000 lam_s=0.96429 tsr_diff=0.011265 integral_mean=0.000330 integral_std=0.010886 log_ratio=0.0000 accept=1.0000 swapped=True
i=10 pair=(4,7) lam_t=0.97857 lam_s=0.99286 tsr_diff=0.010789 integral_mean=-0.000283 integral_std=0.009179 log_ratio=-0.6781 accept=0.5076 swapped=False
i=10 pair=(5,0) lam_t=1.00714 lam_s=1.02143 tsr_diff=0.010342 integral_mean=-0.000041 integral_std=0.010183 log_ratio=-0.0982 accept=0.9065 swapped=True
i=10 pair=(3,1) lam_t=1.03571 lam_s=1.05000 tsr_diff=0.009923 integral_mean=0.001093 integral_std=0.019441 log_ratio=0.0000 accept=1.0000 swapped=True
i=11 pair=(6,4) lam_t=0.96429 lam_s=0.97857 tsr_diff=0.012354 integral_mean=-0.000021 integral_std=0.008056 log_ratio=-0.0493 accept=0.9519 swapped=True
i=11 pair=(7,0) lam_t=0.99286 lam_s=1.00714 tsr_diff=0.011778 integral_mean=0.000495 integral_std=0.016591 log_ratio=0.0000 accept=1.0000 swapped=True
i=11 pair=(5,1) lam_t=1.02143 lam_s=1.03571 tsr_diff=0.011242 integral_mean=0.000018 integral_std=0.009323 log_ratio=0.0000 accept=1.0000 swapped=True
i=12 pair=(2,4) lam_t=0.95000 lam_s=0.96429 tsr_diff=0.013839 integral_mean=0.000495 integral_std=0.016035 log_ratio=0.0000 accept=1.0000 swapped=True
i=12 pair=(6,0) lam_t=0.97857 lam_s=0.99286 tsr_diff=0.013131 integral_mean=-0.001383 integral_std=0.019127 log_ratio=-3.3191 accept=0.0362 swapped=False
i=12 pair=(7,1) lam_t=1.00714 lam_s=1.02143 tsr_diff=0.012476 integral_mean=-0.000199 integral_std=0.020070 log_ratio=-0.4772 accept=0.6205 swapped=False
i=12 pair=(5,3) lam_t=1.03571 lam_s=1.05000 tsr_diff=0.011868 integral_mean=-0.002794 integral_std=0.029863 log_ratio=-6.7067 accept=0.0012 swapped=False
i=13 pair=(2,6) lam_t=0.96429 lam_s=0.97857 tsr_diff=0.014342 integral_mean=0.000374 integral_std=0.018202 log_ratio=0.0000 accept=1.0000 swapped=True
i=13 pair=(0,7) lam_t=0.99286 lam_s=1.00714 tsr_diff=0.013574 integral_mean=0.000946 integral_std=0.030630 log_ratio=0.0000 accept=1.0000 swapped=True
i=13 pair=(1,5) lam_t=1.02143 lam_s=1.03571 tsr_diff=0.012866 integral_mean=0.001278 integral_std=0.023242 log_ratio=0.0000 accept=1.0000 swapped=True
i=14 pair=(4,6) lam_t=0.95000 lam_s=0.96429 tsr_diff=0.015346 integral_mean=0.001283 integral_std=0.011158 log_ratio=0.0000 accept=1.0000 swapped=True
i=14 pair=(2,7) lam_t=0.97857 lam_s=0.99286 tsr_diff=0.014482 integral_mean=-0.002438 integral_std=0.102872 log_ratio=-5.8504 accept=0.0029 swapped=False
i=14 pair=(0,5) lam_t=1.00714 lam_s=1.02143 tsr_diff=0.013689 integral_mean=0.003015 integral_std=0.044776 log_ratio=0.0000 accept=1.0000 swapped=True
i=14 pair=(1,3) lam_t=1.03571 lam_s=1.05000 tsr_diff=0.012959 integral_mean=-0.005183 integral_std=0.095418 log_ratio=-12.4399 accept=0.0000 swapped=False
Best Sample: 4 log probability 0.000
Saved 1 samples to: logs/pointmaze-giant-navigate-v0/inference/plans/release_H400_T256_LimitsNormalizer_b1_condFalse/2026-07-20 17:56:22/15/0.png
Saved 1 samples to: logs/pointmaze-giant-navigate-v0/inference/plans/release_H400_T256_LimitsNormalizer_b1_condFalse/2026-07-20 17:56:22/15/rollout.png
i=0 pair=(0,1) lam_t=0.95000 lam_s=0.96429 tsr_diff=0.000000 integral_mean=0.000000 integral_std=0.000000 log_ratio=0.0000 accept=1.0000 swapped=True
i=0 pair=(2,3) lam_t=0.97857 lam_s=0.99286 tsr_diff=0.000000 integral_mean=0.000000 integral_std=0.000000 log_ratio=0.0000 accept=1.0000 swapped=True
i=0 pair=(4,5) lam_t=1.00714 lam_s=1.02143 tsr_diff=0.000000 integral_mean=0.000000 integral_std=0.000000 log_ratio=0.0000 accept=1.0000 swapped=True
i=0 pair=(6,7) lam_t=1.03571 lam_s=1.05000 tsr_diff=0.000000 integral_mean=0.000000 integral_std=0.000000 log_ratio=0.0000 accept=1.0000 swapped=True
i=1 pair=(0,3) lam_t=0.96429 lam_s=0.97857 tsr_diff=0.000153 integral_mean=0.000000 integral_std=0.000171 log_ratio=0.0000 accept=1.0000 swapped=True
i=1 pair=(2,5) lam_t=0.99286 lam_s=1.00714 tsr_diff=0.000152 integral_mean=-0.000001 integral_std=0.000142 log_ratio=-0.0028 accept=0.9972 swapped=True
i=1 pair=(4,7) lam_t=1.02143 lam_s=1.03571 tsr_diff=0.000152 integral_mean=0.000000 integral_std=0.000145 log_ratio=0.0000 accept=1.0000 swapped=True
i=2 pair=(1,3) lam_t=0.95000 lam_s=0.96429 tsr_diff=0.000605 integral_mean=-0.000025 integral_std=0.000597 log_ratio=-0.0612 accept=0.9407 swapped=True
i=2 pair=(0,5) lam_t=0.97857 lam_s=0.99286 tsr_diff=0.000604 integral_mean=-0.000012 integral_std=0.000606 log_ratio=-0.0289 accept=0.9715 swapped=True
i=2 pair=(2,7) lam_t=1.00714 lam_s=1.02143 tsr_diff=0.000603 integral_mean=-0.000051 integral_std=0.000680 log_ratio=-0.1232 accept=0.8841 swapped=True
i=2 pair=(4,6) lam_t=1.03571 lam_s=1.05000 tsr_diff=0.000601 integral_mean=0.000097 integral_std=0.000734 log_ratio=0.0000 accept=1.0000 swapped=True
i=3 pair=(1,5) lam_t=0.96429 lam_s=0.97857 tsr_diff=0.001341 integral_mean=-0.000018 integral_std=0.001337 log_ratio=-0.0437 accept=0.9573 swapped=True
i=3 pair=(0,7) lam_t=0.99286 lam_s=1.00714 tsr_diff=0.001333 integral_mean=-0.000027 integral_std=0.001365 log_ratio=-0.0658 accept=0.9363 swapped=True
i=3 pair=(2,6) lam_t=1.02143 lam_s=1.03571 tsr_diff=0.001326 integral_mean=0.000013 integral_std=0.001460 log_ratio=0.0000 accept=1.0000 swapped=True
i=4 pair=(3,5) lam_t=0.95000 lam_s=0.96429 tsr_diff=0.002344 integral_mean=-0.000114 integral_std=0.002481 log_ratio=-0.2736 accept=0.7607 swapped=False
i=4 pair=(1,7) lam_t=0.97857 lam_s=0.99286 tsr_diff=0.002322 integral_mean=-0.000009 integral_std=0.002277 log_ratio=-0.0227 accept=0.9775 swapped=True
i=4 pair=(0,6) lam_t=1.00714 lam_s=1.02143 tsr_diff=0.002301 integral_mean=-0.000088 integral_std=0.002411 log_ratio=-0.2122 accept=0.8088 swapped=True
i=4 pair=(2,4) lam_t=1.03571 lam_s=1.05000 tsr_diff=0.002280 integral_mean=0.000012 integral_std=0.002330 log_ratio=0.0000 accept=1.0000 swapped=True
i=5 pair=(5,7) lam_t=0.96429 lam_s=0.97857 tsr_diff=0.003545 integral_mean=0.000513 integral_std=0.004099 log_ratio=0.0000 accept=1.0000 swapped=True
i=5 pair=(1,6) lam_t=0.99286 lam_s=1.00714 tsr_diff=0.003496 integral_mean=-0.000278 integral_std=0.003324 log_ratio=-0.6665 accept=0.5135 swapped=False
i=5 pair=(0,4) lam_t=1.02143 lam_s=1.03571 tsr_diff=0.003447 integral_mean=-0.000004 integral_std=0.003313 log_ratio=-0.0098 accept=0.9903 swapped=True
i=6 pair=(3,7) lam_t=0.95000 lam_s=0.96429 tsr_diff=0.004979 integral_mean=0.000790 integral_std=0.005709 log_ratio=0.0000 accept=1.0000 swapped=True
i=6 pair=(5,1) lam_t=0.97857 lam_s=0.99286 tsr_diff=0.004883 integral_mean=0.000328 integral_std=0.005024 log_ratio=0.0000 accept=1.0000 swapped=True
i=6 pair=(6,4) lam_t=1.00714 lam_s=1.02143 tsr_diff=0.004789 integral_mean=0.000056 integral_std=0.004826 log_ratio=0.0000 accept=1.0000 swapped=True
i=6 pair=(0,2) lam_t=1.03571 lam_s=1.05000 tsr_diff=0.004698 integral_mean=0.000138 integral_std=0.004488 log_ratio=0.0000 accept=1.0000 swapped=True
i=7 pair=(3,1) lam_t=0.96429 lam_s=0.97857 tsr_diff=0.006435 integral_mean=0.001007 integral_std=0.007545 log_ratio=0.0000 accept=1.0000 swapped=True
i=7 pair=(5,4) lam_t=0.99286 lam_s=1.00714 tsr_diff=0.006274 integral_mean=-0.000049 integral_std=0.006131 log_ratio=-0.1178 accept=0.8888 swapped=True
i=7 pair=(6,2) lam_t=1.02143 lam_s=1.03571 tsr_diff=0.006120 integral_mean=0.000008 integral_std=0.005867 log_ratio=0.0000 accept=1.0000 swapped=True
i=8 pair=(7,1) lam_t=0.95000 lam_s=0.96429 tsr_diff=0.008123 integral_mean=0.000075 integral_std=0.007172 log_ratio=0.0000 accept=1.0000 swapped=True
i=8 pair=(3,4) lam_t=0.97857 lam_s=0.99286 tsr_diff=0.007872 integral_mean=0.001228 integral_std=0.010950 log_ratio=0.0000 accept=1.0000 swapped=True
i=8 pair=(5,2) lam_t=1.00714 lam_s=1.02143 tsr_diff=0.007631 integral_mean=0.000307 integral_std=0.007549 log_ratio=0.0000 accept=1.0000 swapped=True
i=8 pair=(6,0) lam_t=1.03571 lam_s=1.05000 tsr_diff=0.007402 integral_mean=-0.000177 integral_std=0.007947 log_ratio=-0.4256 accept=0.6534 swapped=False
i=9 pair=(7,4) lam_t=0.96429 lam_s=0.97857 tsr_diff=0.009548 integral_mean=-0.000923 integral_std=0.009448 log_ratio=-2.2140 accept=0.1093 swapped=False
i=9 pair=(3,2) lam_t=0.99286 lam_s=1.00714 tsr_diff=0.009200 integral_mean=0.001700 integral_std=0.011207 log_ratio=0.0000 accept=1.0000 swapped=True
i=9 pair=(5,6) lam_t=1.02143 lam_s=1.03571 tsr_diff=0.008870 integral_mean=0.000095 integral_std=0.009915 log_ratio=0.0000 accept=1.0000 swapped=True
i=10 pair=(1,7) lam_t=0.95000 lam_s=0.96429 tsr_diff=0.011265 integral_mean=-0.000557 integral_std=0.010152 log_ratio=-1.3370 accept=0.2626 swapped=False
i=10 pair=(4,2) lam_t=0.97857 lam_s=0.99286 tsr_diff=0.010789 integral_mean=0.000997 integral_std=0.013094 log_ratio=0.0000 accept=1.0000 swapped=True
i=10 pair=(3,6) lam_t=1.00714 lam_s=1.02143 tsr_diff=0.010342 integral_mean=0.001713 integral_std=0.011874 log_ratio=0.0000 accept=1.0000 swapped=True
i=10 pair=(5,0) lam_t=1.03571 lam_s=1.05000 tsr_diff=0.009923 integral_mean=0.000692 integral_std=0.012337 log_ratio=0.0000 accept=1.0000 swapped=True
i=11 pair=(7,2) lam_t=0.96429 lam_s=0.97857 tsr_diff=0.012354 integral_mean=-0.000308 integral_std=0.014131 log_ratio=-0.7386 accept=0.4778 swapped=False
i=11 pair=(4,6) lam_t=0.99286 lam_s=1.00714 tsr_diff=0.011778 integral_mean=0.004714 integral_std=0.024599 log_ratio=0.0000 accept=1.0000 swapped=True
i=11 pair=(3,0) lam_t=1.02143 lam_s=1.03571 tsr_diff=0.011242 integral_mean=0.001511 integral_std=0.018149 log_ratio=0.0000 accept=1.0000 swapped=True
i=12 pair=(1,7) lam_t=0.95000 lam_s=0.96429 tsr_diff=0.013839 integral_mean=-0.000389 integral_std=0.013841 log_ratio=-0.9327 accept=0.3935 swapped=True
i=12 pair=(2,6) lam_t=0.97857 lam_s=0.99286 tsr_diff=0.013131 integral_mean=0.000737 integral_std=0.018016 log_ratio=0.0000 accept=1.0000 swapped=True
i=12 pair=(4,0) lam_t=1.00714 lam_s=1.02143 tsr_diff=0.012476 integral_mean=0.002724 integral_std=0.021325 log_ratio=0.0000 accept=1.0000 swapped=True
i=12 pair=(3,5) lam_t=1.03571 lam_s=1.05000 tsr_diff=0.011868 integral_mean=0.000514 integral_std=0.029281 log_ratio=0.0000 accept=1.0000 swapped=True
i=13 pair=(1,6) lam_t=0.96429 lam_s=0.97857 tsr_diff=0.014342 integral_mean=0.000207 integral_std=0.020087 log_ratio=0.0000 accept=1.0000 swapped=True
i=13 pair=(2,0) lam_t=0.99286 lam_s=1.00714 tsr_diff=0.013574 integral_mean=-0.000919 integral_std=0.025054 log_ratio=-2.2057 accept=0.1102 swapped=False
i=13 pair=(4,5) lam_t=1.02143 lam_s=1.03571 tsr_diff=0.012866 integral_mean=0.001573 integral_std=0.034658 log_ratio=0.0000 accept=1.0000 swapped=True
i=14 pair=(7,6) lam_t=0.95000 lam_s=0.96429 tsr_diff=0.015346 integral_mean=0.004221 integral_std=0.047631 log_ratio=0.0000 accept=1.0000 swapped=True
i=14 pair=(1,2) lam_t=0.97857 lam_s=0.99286 tsr_diff=0.014482 integral_mean=-0.000260 integral_std=0.034586 log_ratio=-0.6245 accept=0.5356 swapped=False
i=14 pair=(0,5) lam_t=1.00714 lam_s=1.02143 tsr_diff=0.013689 integral_mean=-0.009377 integral_std=0.080392 log_ratio=-22.5040 accept=0.0000 swapped=False
i=14 pair=(4,3) lam_t=1.03571 lam_s=1.05000 tsr_diff=0.012959 integral_mean=-0.013869 integral_std=0.176690 log_ratio=-33.2865 accept=0.0000 swapped=False
Best Sample: 7 log probability 0.000
Saved 1 samples to: logs/pointmaze-giant-navigate-v0/inference/plans/release_H400_T256_LimitsNormalizer_b1_condFalse/2026-07-20 17:56:22/16/0.png
Saved 1 samples to: logs/pointmaze-giant-navigate-v0/inference/plans/release_H400_T256_LimitsNormalizer_b1_condFalse/2026-07-20 17:56:22/16/rollout.png
i=0 pair=(0,1) lam_t=0.95000 lam_s=0.96429 tsr_diff=0.000000 integral_mean=0.000000 integral_std=0.000000 log_ratio=0.0000 accept=1.0000 swapped=True
i=0 pair=(2,3) lam_t=0.97857 lam_s=0.99286 tsr_diff=0.000000 integral_mean=0.000000 integral_std=0.000000 log_ratio=0.0000 accept=1.0000 swapped=True
i=0 pair=(4,5) lam_t=1.00714 lam_s=1.02143 tsr_diff=0.000000 integral_mean=0.000000 integral_std=0.000000 log_ratio=0.0000 accept=1.0000 swapped=True
i=0 pair=(6,7) lam_t=1.03571 lam_s=1.05000 tsr_diff=0.000000 integral_mean=0.000000 integral_std=0.000000 log_ratio=0.0000 accept=1.0000 swapped=True
i=1 pair=(0,3) lam_t=0.96429 lam_s=0.97857 tsr_diff=0.000153 integral_mean=0.000000 integral_std=0.000148 log_ratio=0.0000 accept=1.0000 swapped=True
i=1 pair=(2,5) lam_t=0.99286 lam_s=1.00714 tsr_diff=0.000152 integral_mean=0.000007 integral_std=0.000159 log_ratio=0.0000 accept=1.0000 swapped=True
i=1 pair=(4,7) lam_t=1.02143 lam_s=1.03571 tsr_diff=0.000152 integral_mean=0.000002 integral_std=0.000152 log_ratio=0.0000 accept=1.0000 swapped=True
i=2 pair=(1,3) lam_t=0.95000 lam_s=0.96429 tsr_diff=0.000605 integral_mean=0.000033 integral_std=0.000600 log_ratio=0.0000 accept=1.0000 swapped=True
i=2 pair=(0,5) lam_t=0.97857 lam_s=0.99286 tsr_diff=0.000604 integral_mean=-0.000010 integral_std=0.000605 log_ratio=-0.0240 accept=0.9763 swapped=True
i=2 pair=(2,7) lam_t=1.00714 lam_s=1.02143 tsr_diff=0.000603 integral_mean=-0.000037 integral_std=0.000644 log_ratio=-0.0883 accept=0.9155 swapped=False
i=2 pair=(4,6) lam_t=1.03571 lam_s=1.05000 tsr_diff=0.000601 integral_mean=0.000011 integral_std=0.000587 log_ratio=0.0000 accept=1.0000 swapped=True
i=3 pair=(1,5) lam_t=0.96429 lam_s=0.97857 tsr_diff=0.001341 integral_mean=0.000056 integral_std=0.001430 log_ratio=0.0000 accept=1.0000 swapped=True
i=3 pair=(0,2) lam_t=0.99286 lam_s=1.00714 tsr_diff=0.001333 integral_mean=0.000026 integral_std=0.001289 log_ratio=0.0000 accept=1.0000 swapped=True
i=3 pair=(7,6) lam_t=1.02143 lam_s=1.03571 tsr_diff=0.001326 integral_mean=0.000188 integral_std=0.001596 log_ratio=0.0000 accept=1.0000 swapped=True
i=4 pair=(3,5) lam_t=0.95000 lam_s=0.96429 tsr_diff=0.002344 integral_mean=0.000015 integral_std=0.002356 log_ratio=0.0000 accept=1.0000 swapped=True
i=4 pair=(1,2) lam_t=0.97857 lam_s=0.99286 tsr_diff=0.002322 integral_mean=-0.000014 integral_std=0.002174 log_ratio=-0.0345 accept=0.9661 swapped=True
i=4 pair=(0,6) lam_t=1.00714 lam_s=1.02143 tsr_diff=0.002301 integral_mean=0.000058 integral_std=0.002060 log_ratio=0.0000 accept=1.0000 swapped=True
i=4 pair=(7,4) lam_t=1.03571 lam_s=1.05000 tsr_diff=0.002280 integral_mean=0.000141 integral_std=0.002310 log_ratio=0.0000 accept=1.0000 swapped=True
i=5 pair=(3,2) lam_t=0.96429 lam_s=0.97857 tsr_diff=0.003545 integral_mean=0.000085 integral_std=0.003202 log_ratio=0.0000 accept=1.0000 swapped=True
i=5 pair=(1,6) lam_t=0.99286 lam_s=1.00714 tsr_diff=0.003496 integral_mean=0.000101 integral_std=0.003073 log_ratio=0.0000 accept=1.0000 swapped=True
i=5 pair=(0,4) lam_t=1.02143 lam_s=1.03571 tsr_diff=0.003447 integral_mean=-0.000025 integral_std=0.003112 log_ratio=-0.0599 accept=0.9418 swapped=True
i=6 pair=(5,2) lam_t=0.95000 lam_s=0.96429 tsr_diff=0.004979 integral_mean=-0.000017 integral_std=0.004863 log_ratio=-0.0420 accept=0.9589 swapped=True
i=6 pair=(3,6) lam_t=0.97857 lam_s=0.99286 tsr_diff=0.004883 integral_mean=-0.000082 integral_std=0.004275 log_ratio=-0.1969 accept=0.8213 swapped=True
i=6 pair=(1,4) lam_t=1.00714 lam_s=1.02143 tsr_diff=0.004789 integral_mean=-0.000109 integral_std=0.004267 log_ratio=-0.2619 accept=0.7696 swapped=False
i=6 pair=(0,7) lam_t=1.03571 lam_s=1.05000 tsr_diff=0.004698 integral_mean=-0.000080 integral_std=0.004775 log_ratio=-0.1928 accept=0.8247 swapped=True
i=7 pair=(5,6) lam_t=0.96429 lam_s=0.97857 tsr_diff=0.006435 integral_mean=0.000078 integral_std=0.006492 log_ratio=0.0000 accept=1.0000 swapped=True
i=7 pair=(3,1) lam_t=0.99286 lam_s=1.00714 tsr_diff=0.006274 integral_mean=0.000089 integral_std=0.005324 log_ratio=0.0000 accept=1.0000 swapped=True
i=7 pair=(4,7) lam_t=1.02143 lam_s=1.03571 tsr_diff=0.006120 integral_mean=-0.000443 integral_std=0.005928 log_ratio=-1.0629 accept=0.3454 swapped=False
i=8 pair=(2,6) lam_t=0.95000 lam_s=0.96429 tsr_diff=0.008123 integral_mean=0.000036 integral_std=0.006737 log_ratio=0.0000 accept=1.0000 swapped=True
i=8 pair=(5,1) lam_t=0.97857 lam_s=0.99286 tsr_diff=0.007872 integral_mean=0.000117 integral_std=0.007804 log_ratio=0.0000 accept=1.0000 swapped=True
i=8 pair=(3,4) lam_t=1.00714 lam_s=1.02143 tsr_diff=0.007631 integral_mean=-0.000044 integral_std=0.005902 log_ratio=-0.1046 accept=0.9007 swapped=False
i=8 pair=(7,0) lam_t=1.03571 lam_s=1.05000 tsr_diff=0.007402 integral_mean=0.000555 integral_std=0.007978 log_ratio=0.0000 accept=1.0000 swapped=True
i=9 pair=(2,1) lam_t=0.96429 lam_s=0.97857 tsr_diff=0.009548 integral_mean=-0.000237 integral_std=0.008949 log_ratio=-0.5678 accept=0.5668 swapped=True
i=9 pair=(5,3) lam_t=0.99286 lam_s=1.00714 tsr_diff=0.009200 integral_mean=0.000312 integral_std=0.009857 log_ratio=0.0000 accept=1.0000 swapped=True
i=9 pair=(4,0) lam_t=1.02143 lam_s=1.03571 tsr_diff=0.008870 integral_mean=-0.000390 integral_std=0.006896 log_ratio=-0.9364 accept=0.3920 swapped=True
i=10 pair=(6,1) lam_t=0.95000 lam_s=0.96429 tsr_diff=0.011265 integral_mean=-0.000333 integral_std=0.010789 log_ratio=-0.8001 accept=0.4493 swapped=False
i=10 pair=(2,3) lam_t=0.97857 lam_s=0.99286 tsr_diff=0.010789 integral_mean=0.000001 integral_std=0.008488 log_ratio=0.0000 accept=1.0000 swapped=True
i=10 pair=(5,0) lam_t=1.00714 lam_s=1.02143 tsr_diff=0.010342 integral_mean=0.000342 integral_std=0.012834 log_ratio=0.0000 accept=1.0000 swapped=True
i=10 pair=(4,7) lam_t=1.03571 lam_s=1.05000 tsr_diff=0.009923 integral_mean=-0.000368 integral_std=0.011764 log_ratio=-0.8822 accept=0.4139 swapped=False
i=11 pair=(1,3) lam_t=0.96429 lam_s=0.97857 tsr_diff=0.012354 integral_mean=0.000486 integral_std=0.012990 log_ratio=0.0000 accept=1.0000 swapped=True
i=11 pair=(2,0) lam_t=0.99286 lam_s=1.00714 tsr_diff=0.011778 integral_mean=-0.000109 integral_std=0.008311 log_ratio=-0.2615 accept=0.7699 swapped=True
i=11 pair=(5,4) lam_t=1.02143 lam_s=1.03571 tsr_diff=0.011242 integral_mean=-0.000027 integral_std=0.016110 log_ratio=-0.0645 accept=0.9375 swapped=True
i=12 pair=(6,3) lam_t=0.95000 lam_s=0.96429 tsr_diff=0.013839 integral_mean=-0.000221 integral_std=0.008851 log_ratio=-0.5306 accept=0.5883 swapped=True
i=12 pair=(1,0) lam_t=0.97857 lam_s=0.99286 tsr_diff=0.013131 integral_mean=0.000563 integral_std=0.014592 log_ratio=0.0000 accept=1.0000 swapped=True
i=12 pair=(2,4) lam_t=1.00714 lam_s=1.02143 tsr_diff=0.012476 integral_mean=-0.000804 integral_std=0.011919 log_ratio=-1.9307 accept=0.1450 swapped=False
i=12 pair=(5,7) lam_t=1.03571 lam_s=1.05000 tsr_diff=0.011868 integral_mean=0.000049 integral_std=0.018085 log_ratio=0.0000 accept=1.0000 swapped=True
i=13 pair=(6,0) lam_t=0.96429 lam_s=0.97857 tsr_diff=0.014342 integral_mean=0.000130 integral_std=0.007937 log_ratio=0.0000 accept=1.0000 swapped=True
i=13 pair=(1,2) lam_t=0.99286 lam_s=1.00714 tsr_diff=0.013574 integral_mean=0.001109 integral_std=0.017372 log_ratio=0.0000 accept=1.0000 swapped=True
i=13 pair=(4,7) lam_t=1.02143 lam_s=1.03571 tsr_diff=0.012866 integral_mean=-0.000393 integral_std=0.029444 log_ratio=-0.9439 accept=0.3891 swapped=False
i=14 pair=(3,0) lam_t=0.95000 lam_s=0.96429 tsr_diff=0.015346 integral_mean=0.002212 integral_std=0.013493 log_ratio=0.0000 accept=1.0000 swapped=True
i=14 pair=(6,2) lam_t=0.97857 lam_s=0.99286 tsr_diff=0.014482 integral_mean=0.000597 integral_std=0.009827 log_ratio=0.0000 accept=1.0000 swapped=True
i=14 pair=(1,4) lam_t=1.00714 lam_s=1.02143 tsr_diff=0.013689 integral_mean=-0.004195 integral_std=0.060329 log_ratio=-10.0691 accept=0.0000 swapped=False
i=14 pair=(7,5) lam_t=1.03571 lam_s=1.05000 tsr_diff=0.012959 integral_mean=0.010000 integral_std=0.118115 log_ratio=0.0000 accept=1.0000 swapped=True
Best Sample: 0 log probability 0.000
Saved 1 samples to: logs/pointmaze-giant-navigate-v0/inference/plans/release_H400_T256_LimitsNormalizer_b1_condFalse/2026-07-20 17:56:22/17/0.png
Saved 1 samples to: logs/pointmaze-giant-navigate-v0/inference/plans/release_H400_T256_LimitsNormalizer_b1_condFalse/2026-07-20 17:56:22/17/rollout.png
i=0 pair=(0,1) lam_t=0.95000 lam_s=0.96429 tsr_diff=0.000000 integral_mean=0.000000 integral_std=0.000000 log_ratio=0.0000 accept=1.0000 swapped=True
i=0 pair=(2,3) lam_t=0.97857 lam_s=0.99286 tsr_diff=0.000000 integral_mean=0.000000 integral_std=0.000000 log_ratio=0.0000 accept=1.0000 swapped=True
i=0 pair=(4,5) lam_t=1.00714 lam_s=1.02143 tsr_diff=0.000000 integral_mean=0.000000 integral_std=0.000000 log_ratio=0.0000 accept=1.0000 swapped=True
i=0 pair=(6,7) lam_t=1.03571 lam_s=1.05000 tsr_diff=0.000000 integral_mean=0.000000 integral_std=0.000000 log_ratio=0.0000 accept=1.0000 swapped=True
i=1 pair=(0,3) lam_t=0.96429 lam_s=0.97857 tsr_diff=0.000153 integral_mean=-0.000001 integral_std=0.000152 log_ratio=-0.0013 accept=0.9987 swapped=True
i=1 pair=(2,5) lam_t=0.99286 lam_s=1.00714 tsr_diff=0.000152 integral_mean=0.000002 integral_std=0.000154 log_ratio=0.0000 accept=1.0000 swapped=True
i=1 pair=(4,7) lam_t=1.02143 lam_s=1.03571 tsr_diff=0.000152 integral_mean=-0.000126 integral_std=0.000313 log_ratio=-0.3018 accept=0.7395 swapped=True
i=2 pair=(1,3) lam_t=0.95000 lam_s=0.96429 tsr_diff=0.000605 integral_mean=0.000008 integral_std=0.000609 log_ratio=0.0000 accept=1.0000 swapped=True
i=2 pair=(0,5) lam_t=0.97857 lam_s=0.99286 tsr_diff=0.000604 integral_mean=-0.000030 integral_std=0.000634 log_ratio=-0.0713 accept=0.9312 swapped=True
i=2 pair=(2,7) lam_t=1.00714 lam_s=1.02143 tsr_diff=0.000603 integral_mean=-0.000058 integral_std=0.000635 log_ratio=-0.1388 accept=0.8704 swapped=True
i=2 pair=(4,6) lam_t=1.03571 lam_s=1.05000 tsr_diff=0.000601 integral_mean=-0.000046 integral_std=0.000646 log_ratio=-0.1115 accept=0.8945 swapped=True
i=3 pair=(1,5) lam_t=0.96429 lam_s=0.97857 tsr_diff=0.001341 integral_mean=0.000020 integral_std=0.001314 log_ratio=0.0000 accept=1.0000 swapped=True
i=3 pair=(0,7) lam_t=0.99286 lam_s=1.00714 tsr_diff=0.001333 integral_mean=0.000005 integral_std=0.001317 log_ratio=0.0000 accept=1.0000 swapped=True
i=3 pair=(2,6) lam_t=1.02143 lam_s=1.03571 tsr_diff=0.001326 integral_mean=0.000022 integral_std=0.001353 log_ratio=0.0000 accept=1.0000 swapped=True
i=4 pair=(3,5) lam_t=0.95000 lam_s=0.96429 tsr_diff=0.002344 integral_mean=0.000009 integral_std=0.002390 log_ratio=0.0000 accept=1.0000 swapped=True
i=4 pair=(1,7) lam_t=0.97857 lam_s=0.99286 tsr_diff=0.002322 integral_mean=0.000076 integral_std=0.002279 log_ratio=0.0000 accept=1.0000 swapped=True
i=4 pair=(0,6) lam_t=1.00714 lam_s=1.02143 tsr_diff=0.002301 integral_mean=-0.000072 integral_std=0.002147 log_ratio=-0.1718 accept=0.8421 swapped=True
i=4 pair=(2,4) lam_t=1.03571 lam_s=1.05000 tsr_diff=0.002280 integral_mean=-0.000484 integral_std=0.003649 log_ratio=-1.1622 accept=0.3128 swapped=False
i=5 pair=(3,7) lam_t=0.96429 lam_s=0.97857 tsr_diff=0.003545 integral_mean=0.000089 integral_std=0.003530 log_ratio=0.0000 accept=1.0000 swapped=True
i=5 pair=(1,6) lam_t=0.99286 lam_s=1.00714 tsr_diff=0.003496 integral_mean=0.000069 integral_std=0.003328 log_ratio=0.0000 accept=1.0000 swapped=True
i=5 pair=(0,2) lam_t=1.02143 lam_s=1.03571 tsr_diff=0.003447 integral_mean=-0.000065 integral_std=0.003247 log_ratio=-0.1550 accept=0.8564 swapped=False
i=6 pair=(5,7) lam_t=0.95000 lam_s=0.96429 tsr_diff=0.004979 integral_mean=0.000043 integral_std=0.004783 log_ratio=0.0000 accept=1.0000 swapped=True
i=6 pair=(3,6) lam_t=0.97857 lam_s=0.99286 tsr_diff=0.004883 integral_mean=0.000127 integral_std=0.004482 log_ratio=0.0000 accept=1.0000 swapped=True
i=6 pair=(1,0) lam_t=1.00714 lam_s=1.02143 tsr_diff=0.004789 integral_mean=0.000139 integral_std=0.004439 log_ratio=0.0000 accept=1.0000 swapped=True
i=6 pair=(2,4) lam_t=1.03571 lam_s=1.05000 tsr_diff=0.004698 integral_mean=-0.000136 integral_std=0.004613 log_ratio=-0.3254 accept=0.7223 swapped=True
i=7 pair=(5,6) lam_t=0.96429 lam_s=0.97857 tsr_diff=0.006435 integral_mean=0.000052 integral_std=0.005900 log_ratio=0.0000 accept=1.0000 swapped=True
i=7 pair=(3,0) lam_t=0.99286 lam_s=1.00714 tsr_diff=0.006274 integral_mean=0.000030 integral_std=0.005788 log_ratio=0.0000 accept=1.0000 swapped=True
i=7 pair=(1,4) lam_t=1.02143 lam_s=1.03571 tsr_diff=0.006120 integral_mean=-0.000014 integral_std=0.005574 log_ratio=-0.0342 accept=0.9664 swapped=True
i=8 pair=(7,6) lam_t=0.95000 lam_s=0.96429 tsr_diff=0.008123 integral_mean=0.000080 integral_std=0.008191 log_ratio=0.0000 accept=1.0000 swapped=True
i=8 pair=(5,0) lam_t=0.97857 lam_s=0.99286 tsr_diff=0.007872 integral_mean=0.000162 integral_std=0.007135 log_ratio=0.0000 accept=1.0000 swapped=True
i=8 pair=(3,4) lam_t=1.00714 lam_s=1.02143 tsr_diff=0.007631 integral_mean=0.000046 integral_std=0.007457 log_ratio=0.0000 accept=1.0000 swapped=True
i=8 pair=(1,2) lam_t=1.03571 lam_s=1.05000 tsr_diff=0.007402 integral_mean=0.000318 integral_std=0.007295 log_ratio=0.0000 accept=1.0000 swapped=True
i=9 pair=(7,0) lam_t=0.96429 lam_s=0.97857 tsr_diff=0.009548 integral_mean=0.000510 integral_std=0.008667 log_ratio=0.0000 accept=1.0000 swapped=True
i=9 pair=(5,4) lam_t=0.99286 lam_s=1.00714 tsr_diff=0.009200 integral_mean=0.000333 integral_std=0.008937 log_ratio=0.0000 accept=1.0000 swapped=True
i=9 pair=(3,2) lam_t=1.02143 lam_s=1.03571 tsr_diff=0.008870 integral_mean=0.000497 integral_std=0.010143 log_ratio=0.0000 accept=1.0000 swapped=True
i=10 pair=(6,0) lam_t=0.95000 lam_s=0.96429 tsr_diff=0.011265 integral_mean=0.000680 integral_std=0.010043 log_ratio=0.0000 accept=1.0000 swapped=True
i=10 pair=(7,4) lam_t=0.97857 lam_s=0.99286 tsr_diff=0.010789 integral_mean=0.000209 integral_std=0.011868 log_ratio=0.0000 accept=1.0000 swapped=True
i=10 pair=(5,2) lam_t=1.00714 lam_s=1.02143 tsr_diff=0.010342 integral_mean=0.000321 integral_std=0.011207 log_ratio=0.0000 accept=1.0000 swapped=True
i=10 pair=(3,1) lam_t=1.03571 lam_s=1.05000 tsr_diff=0.009923 integral_mean=-0.000047 integral_std=0.009726 log_ratio=-0.1126 accept=0.8935 swapped=True
i=11 pair=(6,4) lam_t=0.96429 lam_s=0.97857 tsr_diff=0.012354 integral_mean=0.000875 integral_std=0.015154 log_ratio=0.0000 accept=1.0000 swapped=True
i=11 pair=(7,2) lam_t=0.99286 lam_s=1.00714 tsr_diff=0.011778 integral_mean=0.002695 integral_std=0.016911 log_ratio=0.0000 accept=1.0000 swapped=True
i=11 pair=(5,1) lam_t=1.02143 lam_s=1.03571 tsr_diff=0.011242 integral_mean=-0.001193 integral_std=0.012246 log_ratio=-2.8635 accept=0.0571 swapped=True
i=12 pair=(0,4) lam_t=0.95000 lam_s=0.96429 tsr_diff=0.013839 integral_mean=0.000449 integral_std=0.018493 log_ratio=0.0000 accept=1.0000 swapped=True
i=12 pair=(6,2) lam_t=0.97857 lam_s=0.99286 tsr_diff=0.013131 integral_mean=0.001737 integral_std=0.019617 log_ratio=0.0000 accept=1.0000 swapped=True
i=12 pair=(7,1) lam_t=1.00714 lam_s=1.02143 tsr_diff=0.012476 integral_mean=0.001733 integral_std=0.024569 log_ratio=0.0000 accept=1.0000 swapped=True
i=12 pair=(5,3) lam_t=1.03571 lam_s=1.05000 tsr_diff=0.011868 integral_mean=-0.001170 integral_std=0.014220 log_ratio=-2.8082 accept=0.0603 swapped=False
i=13 pair=(0,2) lam_t=0.96429 lam_s=0.97857 tsr_diff=0.014342 integral_mean=0.000031 integral_std=0.021167 log_ratio=0.0000 accept=1.0000 swapped=True
i=13 pair=(6,1) lam_t=0.99286 lam_s=1.00714 tsr_diff=0.013574 integral_mean=-0.000246 integral_std=0.021788 log_ratio=-0.5913 accept=0.5536 swapped=False
i=13 pair=(7,5) lam_t=1.02143 lam_s=1.03571 tsr_diff=0.012866 integral_mean=0.007478 integral_std=0.048031 log_ratio=0.0000 accept=1.0000 swapped=True
i=14 pair=(4,2) lam_t=0.95000 lam_s=0.96429 tsr_diff=0.015346 integral_mean=0.000578 integral_std=0.044773 log_ratio=0.0000 accept=1.0000 swapped=True
i=14 pair=(0,6) lam_t=0.97857 lam_s=0.99286 tsr_diff=0.014482 integral_mean=-0.002723 integral_std=0.058455 log_ratio=-6.5345 accept=0.0015 swapped=False
i=14 pair=(1,5) lam_t=1.00714 lam_s=1.02143 tsr_diff=0.013689 integral_mean=0.004253 integral_std=0.059710 log_ratio=0.0000 accept=1.0000 swapped=True
i=14 pair=(7,3) lam_t=1.03571 lam_s=1.05000 tsr_diff=0.012959 integral_mean=-0.004230 integral_std=0.051901 log_ratio=-10.1509 accept=0.0000 swapped=False
Best Sample: 0 log probability -0.653
Saved 1 samples to: logs/pointmaze-giant-navigate-v0/inference/plans/release_H400_T256_LimitsNormalizer_b1_condFalse/2026-07-20 17:56:22/18/0.png
Saved 1 samples to: logs/pointmaze-giant-navigate-v0/inference/plans/release_H400_T256_LimitsNormalizer_b1_condFalse/2026-07-20 17:56:22/18/rollout.png
i=0 pair=(0,1) lam_t=0.95000 lam_s=0.96429 tsr_diff=0.000000 integral_mean=0.000000 integral_std=0.000000 log_ratio=0.0000 accept=1.0000 swapped=True
i=0 pair=(2,3) lam_t=0.97857 lam_s=0.99286 tsr_diff=0.000000 integral_mean=0.000000 integral_std=0.000000 log_ratio=0.0000 accept=1.0000 swapped=True
i=0 pair=(4,5) lam_t=1.00714 lam_s=1.02143 tsr_diff=0.000000 integral_mean=0.000000 integral_std=0.000000 log_ratio=0.0000 accept=1.0000 swapped=True
i=0 pair=(6,7) lam_t=1.03571 lam_s=1.05000 tsr_diff=0.000000 integral_mean=0.000000 integral_std=0.000000 log_ratio=0.0000 accept=1.0000 swapped=True
i=1 pair=(0,3) lam_t=0.96429 lam_s=0.97857 tsr_diff=0.000153 integral_mean=-0.000000 integral_std=0.000145 log_ratio=-0.0005 accept=0.9995 swapped=True
i=1 pair=(2,5) lam_t=0.99286 lam_s=1.00714 tsr_diff=0.000152 integral_mean=-0.000000 integral_std=0.000159 log_ratio=-0.0003 accept=0.9997 swapped=True
i=1 pair=(4,7) lam_t=1.02143 lam_s=1.03571 tsr_diff=0.000152 integral_mean=-0.000002 integral_std=0.000159 log_ratio=-0.0055 accept=0.9945 swapped=True
i=2 pair=(1,3) lam_t=0.95000 lam_s=0.96429 tsr_diff=0.000605 integral_mean=-0.000010 integral_std=0.000622 log_ratio=-0.0229 accept=0.9774 swapped=True
i=2 pair=(0,5) lam_t=0.97857 lam_s=0.99286 tsr_diff=0.000604 integral_mean=0.000002 integral_std=0.000619 log_ratio=0.0000 accept=1.0000 swapped=True
i=2 pair=(2,7) lam_t=1.00714 lam_s=1.02143 tsr_diff=0.000603 integral_mean=0.000007 integral_std=0.000624 log_ratio=0.0000 accept=1.0000 swapped=True
i=2 pair=(4,6) lam_t=1.03571 lam_s=1.05000 tsr_diff=0.000601 integral_mean=-0.000015 integral_std=0.000579 log_ratio=-0.0350 accept=0.9656 swapped=True
i=3 pair=(1,5) lam_t=0.96429 lam_s=0.97857 tsr_diff=0.001341 integral_mean=-0.000014 integral_std=0.001458 log_ratio=-0.0344 accept=0.9662 swapped=True
i=3 pair=(0,7) lam_t=0.99286 lam_s=1.00714 tsr_diff=0.001333 integral_mean=0.000035 integral_std=0.001346 log_ratio=0.0000 accept=1.0000 swapped=True
i=3 pair=(2,6) lam_t=1.02143 lam_s=1.03571 tsr_diff=0.001326 integral_mean=0.000415 integral_std=0.001808 log_ratio=0.0000 accept=1.0000 swapped=True
i=4 pair=(3,5) lam_t=0.95000 lam_s=0.96429 tsr_diff=0.002344 integral_mean=-0.000000 integral_std=0.002153 log_ratio=-0.0003 accept=0.9997 swapped=True
i=4 pair=(1,7) lam_t=0.97857 lam_s=0.99286 tsr_diff=0.002322 integral_mean=-0.000053 integral_std=0.002270 log_ratio=-0.1282 accept=0.8797 swapped=True
i=4 pair=(0,6) lam_t=1.00714 lam_s=1.02143 tsr_diff=0.002301 integral_mean=0.000041 integral_std=0.002085 log_ratio=0.0000 accept=1.0000 swapped=True
i=4 pair=(2,4) lam_t=1.03571 lam_s=1.05000 tsr_diff=0.002280 integral_mean=0.000323 integral_std=0.002438 log_ratio=0.0000 accept=1.0000 swapped=True
i=5 pair=(3,7) lam_t=0.96429 lam_s=0.97857 tsr_diff=0.003545 integral_mean=0.000043 integral_std=0.003373 log_ratio=0.0000 accept=1.0000 swapped=True
i=5 pair=(1,6) lam_t=0.99286 lam_s=1.00714 tsr_diff=0.003496 integral_mean=0.000151 integral_std=0.003397 log_ratio=0.0000 accept=1.0000 swapped=True
i=5 pair=(0,4) lam_t=1.02143 lam_s=1.03571 tsr_diff=0.003447 integral_mean=-0.000007 integral_std=0.003202 log_ratio=-0.0172 accept=0.9829 swapped=True
i=6 pair=(5,7) lam_t=0.95000 lam_s=0.96429 tsr_diff=0.004979 integral_mean=0.000018 integral_std=0.004275 log_ratio=0.0000 accept=1.0000 swapped=True
i=6 pair=(3,6) lam_t=0.97857 lam_s=0.99286 tsr_diff=0.004883 integral_mean=-0.000987 integral_std=0.005644 log_ratio=-2.3677 accept=0.0937 swapped=False
i=6 pair=(1,4) lam_t=1.00714 lam_s=1.02143 tsr_diff=0.004789 integral_mean=0.000127 integral_std=0.004587 log_ratio=0.0000 accept=1.0000 swapped=True
i=6 pair=(0,2) lam_t=1.03571 lam_s=1.05000 tsr_diff=0.004698 integral_mean=0.000194 integral_std=0.004319 log_ratio=0.0000 accept=1.0000 swapped=True
i=7 pair=(5,3) lam_t=0.96429 lam_s=0.97857 tsr_diff=0.006435 integral_mean=0.000080 integral_std=0.006126 log_ratio=0.0000 accept=1.0000 swapped=True
i=7 pair=(6,4) lam_t=0.99286 lam_s=1.00714 tsr_diff=0.006274 integral_mean=0.000311 integral_std=0.007147 log_ratio=0.0000 accept=1.0000 swapped=True
i=7 pair=(1,2) lam_t=1.02143 lam_s=1.03571 tsr_diff=0.006120 integral_mean=0.000255 integral_std=0.005726 log_ratio=0.0000 accept=1.0000 swapped=True
i=8 pair=(7,3) lam_t=0.95000 lam_s=0.96429 tsr_diff=0.008123 integral_mean=0.000116 integral_std=0.007050 log_ratio=0.0000 accept=1.0000 swapped=True
i=8 pair=(5,4) lam_t=0.97857 lam_s=0.99286 tsr_diff=0.007872 integral_mean=-0.000735 integral_std=0.007931 log_ratio=-1.7651 accept=0.1712 swapped=False
i=8 pair=(6,2) lam_t=1.00714 lam_s=1.02143 tsr_diff=0.007631 integral_mean=0.002497 integral_std=0.012387 log_ratio=0.0000 accept=1.0000 swapped=True
i=8 pair=(1,0) lam_t=1.03571 lam_s=1.05000 tsr_diff=0.007402 integral_mean=0.000192 integral_std=0.007521 log_ratio=0.0000 accept=1.0000 swapped=True
i=9 pair=(7,5) lam_t=0.96429 lam_s=0.97857 tsr_diff=0.009548 integral_mean=-0.000149 integral_std=0.008090 log_ratio=-0.3576 accept=0.6993 swapped=False
i=9 pair=(4,2) lam_t=0.99286 lam_s=1.00714 tsr_diff=0.009200 integral_mean=0.000542 integral_std=0.009305 log_ratio=0.0000 accept=1.0000 swapped=True
i=9 pair=(6,0) lam_t=1.02143 lam_s=1.03571 tsr_diff=0.008870 integral_mean=0.001284 integral_std=0.011005 log_ratio=0.0000 accept=1.0000 swapped=True
i=10 pair=(3,7) lam_t=0.95000 lam_s=0.96429 tsr_diff=0.011265 integral_mean=0.000406 integral_std=0.010863 log_ratio=0.0000 accept=1.0000 swapped=True
i=10 pair=(5,2) lam_t=0.97857 lam_s=0.99286 tsr_diff=0.010789 integral_mean=0.000376 integral_std=0.009007 log_ratio=0.0000 accept=1.0000 swapped=True
i=10 pair=(4,0) lam_t=1.00714 lam_s=1.02143 tsr_diff=0.010342 integral_mean=0.000409 integral_std=0.010911 log_ratio=0.0000 accept=1.0000 swapped=True
i=10 pair=(6,1) lam_t=1.03571 lam_s=1.05000 tsr_diff=0.009923 integral_mean=0.002156 integral_std=0.015745 log_ratio=0.0000 accept=1.0000 swapped=True
i=11 pair=(3,2) lam_t=0.96429 lam_s=0.97857 tsr_diff=0.012354 integral_mean=0.000564 integral_std=0.011767 log_ratio=0.0000 accept=1.0000 swapped=True
i=11 pair=(5,0) lam_t=0.99286 lam_s=1.00714 tsr_diff=0.011778 integral_mean=0.000345 integral_std=0.014990 log_ratio=0.0000 accept=1.0000 swapped=True
i=11 pair=(4,1) lam_t=1.02143 lam_s=1.03571 tsr_diff=0.011242 integral_mean=0.000826 integral_std=0.017668 log_ratio=0.0000 accept=1.0000 swapped=True
i=12 pair=(7,2) lam_t=0.95000 lam_s=0.96429 tsr_diff=0.013839 integral_mean=0.000256 integral_std=0.013611 log_ratio=0.0000 accept=1.0000 swapped=True
i=12 pair=(3,0) lam_t=0.97857 lam_s=0.99286 tsr_diff=0.013131 integral_mean=-0.001320 integral_std=0.017802 log_ratio=-3.1691 accept=0.0420 swapped=False
i=12 pair=(5,1) lam_t=1.00714 lam_s=1.02143 tsr_diff=0.012476 integral_mean=-0.001218 integral_std=0.023180 log_ratio=-2.9233 accept=0.0538 swapped=False
i=12 pair=(4,6) lam_t=1.03571 lam_s=1.05000 tsr_diff=0.011868 integral_mean=-0.003002 integral_std=0.037942 log_ratio=-7.2036 accept=0.0007 swapped=False
i=13 pair=(7,3) lam_t=0.96429 lam_s=0.97857 tsr_diff=0.014342 integral_mean=0.001135 integral_std=0.023435 log_ratio=0.0000 accept=1.0000 swapped=True
i=13 pair=(0,5) lam_t=0.99286 lam_s=1.00714 tsr_diff=0.013574 integral_mean=0.003843 integral_std=0.033058 log_ratio=0.0000 accept=1.0000 swapped=True
i=13 pair=(1,4) lam_t=1.02143 lam_s=1.03571 tsr_diff=0.012866 integral_mean=-0.004062 integral_std=0.021412 log_ratio=-9.7491 accept=0.0001 swapped=False
i=14 pair=(2,3) lam_t=0.95000 lam_s=0.96429 tsr_diff=0.015346 integral_mean=0.001646 integral_std=0.035426 log_ratio=0.0000 accept=1.0000 swapped=True
i=14 pair=(7,5) lam_t=0.97857 lam_s=0.99286 tsr_diff=0.014482 integral_mean=0.000487 integral_std=0.026181 log_ratio=0.0000 accept=1.0000 swapped=True
i=14 pair=(0,1) lam_t=1.00714 lam_s=1.02143 tsr_diff=0.013689 integral_mean=0.012751 integral_std=0.079586 log_ratio=0.0000 accept=1.0000 swapped=True
i=14 pair=(4,6) lam_t=1.03571 lam_s=1.05000 tsr_diff=0.012959 integral_mean=-0.032610 integral_std=0.165829 log_ratio=-78.2638 accept=0.0000 swapped=False
Best Sample: 2 log probability -0.078
Saved 1 samples to: logs/pointmaze-giant-navigate-v0/inference/plans/release_H400_T256_LimitsNormalizer_b1_condFalse/2026-07-20 17:56:22/19/0.png
Saved 1 samples to: logs/pointmaze-giant-navigate-v0/inference/plans/release_H400_T256_LimitsNormalizer_b1_condFalse/2026-07-20 17:56:22/19/rollout.png
i=0 pair=(0,1) lam_t=0.95000 lam_s=0.96429 tsr_diff=0.000000 integral_mean=0.000000 integral_std=0.000000 log_ratio=0.0000 accept=1.0000 swapped=True
i=0 pair=(2,3) lam_t=0.97857 lam_s=0.99286 tsr_diff=0.000000 integral_mean=0.000000 integral_std=0.000000 log_ratio=0.0000 accept=1.0000 swapped=True
i=0 pair=(4,5) lam_t=1.00714 lam_s=1.02143 tsr_diff=0.000000 integral_mean=0.000000 integral_std=0.000000 log_ratio=0.0000 accept=1.0000 swapped=True
i=0 pair=(6,7) lam_t=1.03571 lam_s=1.05000 tsr_diff=0.000000 integral_mean=0.000000 integral_std=0.000000 log_ratio=0.0000 accept=1.0000 swapped=True
i=1 pair=(0,3) lam_t=0.96429 lam_s=0.97857 tsr_diff=0.000153 integral_mean=0.000001 integral_std=0.000154 log_ratio=0.0000 accept=1.0000 swapped=True
i=1 pair=(2,5) lam_t=0.99286 lam_s=1.00714 tsr_diff=0.000152 integral_mean=0.000002 integral_std=0.000144 log_ratio=0.0000 accept=1.0000 swapped=True
i=1 pair=(4,7) lam_t=1.02143 lam_s=1.03571 tsr_diff=0.000152 integral_mean=0.000008 integral_std=0.000148 log_ratio=0.0000 accept=1.0000 swapped=True
i=2 pair=(1,3) lam_t=0.95000 lam_s=0.96429 tsr_diff=0.000605 integral_mean=0.000005 integral_std=0.000616 log_ratio=0.0000 accept=1.0000 swapped=True
i=2 pair=(0,5) lam_t=0.97857 lam_s=0.99286 tsr_diff=0.000604 integral_mean=0.000011 integral_std=0.000604 log_ratio=0.0000 accept=1.0000 swapped=True
i=2 pair=(2,7) lam_t=1.00714 lam_s=1.02143 tsr_diff=0.000603 integral_mean=0.000035 integral_std=0.000650 log_ratio=0.0000 accept=1.0000 swapped=True
i=2 pair=(4,6) lam_t=1.03571 lam_s=1.05000 tsr_diff=0.000601 integral_mean=-0.000022 integral_std=0.000577 log_ratio=-0.0524 accept=0.9489 swapped=True
i=3 pair=(1,5) lam_t=0.96429 lam_s=0.97857 tsr_diff=0.001341 integral_mean=-0.000698 integral_std=0.002485 log_ratio=-1.6752 accept=0.1873 swapped=False
i=3 pair=(0,7) lam_t=0.99286 lam_s=1.00714 tsr_diff=0.001333 integral_mean=-0.000052 integral_std=0.001250 log_ratio=-0.1243 accept=0.8831 swapped=True
i=3 pair=(2,6) lam_t=1.02143 lam_s=1.03571 tsr_diff=0.001326 integral_mean=0.000014 integral_std=0.001295 log_ratio=0.0000 accept=1.0000 swapped=True
i=4 pair=(3,1) lam_t=0.95000 lam_s=0.96429 tsr_diff=0.002344 integral_mean=0.000092 integral_std=0.002319 log_ratio=0.0000 accept=1.0000 swapped=True
i=4 pair=(5,7) lam_t=0.97857 lam_s=0.99286 tsr_diff=0.002322 integral_mean=0.000112 integral_std=0.003003 log_ratio=0.0000 accept=1.0000 swapped=True
i=4 pair=(0,6) lam_t=1.00714 lam_s=1.02143 tsr_diff=0.002301 integral_mean=0.000015 integral_std=0.002258 log_ratio=0.0000 accept=1.0000 swapped=True
i=4 pair=(2,4) lam_t=1.03571 lam_s=1.05000 tsr_diff=0.002280 integral_mean=0.000038 integral_std=0.002186 log_ratio=0.0000 accept=1.0000 swapped=True
i=5 pair=(3,7) lam_t=0.96429 lam_s=0.97857 tsr_diff=0.003545 integral_mean=-0.000071 integral_std=0.003425 log_ratio=-0.1712 accept=0.8427 swapped=False
i=5 pair=(5,6) lam_t=0.99286 lam_s=1.00714 tsr_diff=0.003496 integral_mean=0.000140 integral_std=0.003930 log_ratio=0.0000 accept=1.0000 swapped=True
i=5 pair=(0,4) lam_t=1.02143 lam_s=1.03571 tsr_diff=0.003447 integral_mean=0.000167 integral_std=0.003242 log_ratio=0.0000 accept=1.0000 swapped=True
i=6 pair=(1,3) lam_t=0.95000 lam_s=0.96429 tsr_diff=0.004979 integral_mean=-0.000091 integral_std=0.004674 log_ratio=-0.2180 accept=0.8041 swapped=True
i=6 pair=(7,6) lam_t=0.97857 lam_s=0.99286 tsr_diff=0.004883 integral_mean=0.000188 integral_std=0.004917 log_ratio=0.0000 accept=1.0000 swapped=True
i=6 pair=(5,4) lam_t=1.00714 lam_s=1.02143 tsr_diff=0.004789 integral_mean=0.000152 integral_std=0.005011 log_ratio=0.0000 accept=1.0000 swapped=True
i=6 pair=(0,2) lam_t=1.03571 lam_s=1.05000 tsr_diff=0.004698 integral_mean=-0.000426 integral_std=0.004597 log_ratio=-1.0213 accept=0.3601 swapped=False
i=7 pair=(1,6) lam_t=0.96429 lam_s=0.97857 tsr_diff=0.006435 integral_mean=-0.000130 integral_std=0.006401 log_ratio=-0.3129 accept=0.7313 swapped=True
i=7 pair=(7,4) lam_t=0.99286 lam_s=1.00714 tsr_diff=0.006274 integral_mean=0.000249 integral_std=0.006528 log_ratio=0.0000 accept=1.0000 swapped=True
i=7 pair=(5,0) lam_t=1.02143 lam_s=1.03571 tsr_diff=0.006120 integral_mean=0.000175 integral_std=0.005644 log_ratio=0.0000 accept=1.0000 swapped=True
i=8 pair=(3,6) lam_t=0.95000 lam_s=0.96429 tsr_diff=0.008123 integral_mean=-0.000256 integral_std=0.007491 log_ratio=-0.6133 accept=0.5416 swapped=True
i=8 pair=(1,4) lam_t=0.97857 lam_s=0.99286 tsr_diff=0.007872 integral_mean=0.000171 integral_std=0.007095 log_ratio=0.0000 accept=1.0000 swapped=True
i=8 pair=(7,0) lam_t=1.00714 lam_s=1.02143 tsr_diff=0.007631 integral_mean=0.000503 integral_std=0.007952 log_ratio=0.0000 accept=1.0000 swapped=True
i=8 pair=(5,2) lam_t=1.03571 lam_s=1.05000 tsr_diff=0.007402 integral_mean=-0.000212 integral_std=0.008331 log_ratio=-0.5078 accept=0.6018 swapped=True
i=9 pair=(3,4) lam_t=0.96429 lam_s=0.97857 tsr_diff=0.009548 integral_mean=0.000331 integral_std=0.008509 log_ratio=0.0000 accept=1.0000 swapped=True
i=9 pair=(1,0) lam_t=0.99286 lam_s=1.00714 tsr_diff=0.009200 integral_mean=-0.000018 integral_std=0.008348 log_ratio=-0.0439 accept=0.9571 swapped=True
i=9 pair=(7,2) lam_t=1.02143 lam_s=1.03571 tsr_diff=0.008870 integral_mean=-0.000229 integral_std=0.011215 log_ratio=-0.5490 accept=0.5775 swapped=True
i=10 pair=(6,4) lam_t=0.95000 lam_s=0.96429 tsr_diff=0.011265 integral_mean=0.000228 integral_std=0.011251 log_ratio=0.0000 accept=1.0000 swapped=True
i=10 pair=(3,0) lam_t=0.97857 lam_s=0.99286 tsr_diff=0.010789 integral_mean=0.000272 integral_std=0.010544 log_ratio=0.0000 accept=1.0000 swapped=True
i=10 pair=(1,2) lam_t=1.00714 lam_s=1.02143 tsr_diff=0.010342 integral_mean=-0.001096 integral_std=0.013161 log_ratio=-2.6294 accept=0.0721 swapped=False
i=10 pair=(7,5) lam_t=1.03571 lam_s=1.05000 tsr_diff=0.009923 integral_mean=0.000001 integral_std=0.013120 log_ratio=0.0000 accept=1.0000 swapped=True
i=11 pair=(6,0) lam_t=0.96429 lam_s=0.97857 tsr_diff=0.012354 integral_mean=-0.000037 integral_std=0.013520 log_ratio=-0.0881 accept=0.9157 swapped=True
i=11 pair=(3,1) lam_t=0.99286 lam_s=1.00714 tsr_diff=0.011778 integral_mean=0.002507 integral_std=0.023673 log_ratio=0.0000 accept=1.0000 swapped=True
i=11 pair=(2,5) lam_t=1.02143 lam_s=1.03571 tsr_diff=0.011242 integral_mean=0.000723 integral_std=0.016736 log_ratio=0.0000 accept=1.0000 swapped=True
i=12 pair=(4,0) lam_t=0.95000 lam_s=0.96429 tsr_diff=0.013839 integral_mean=0.000431 integral_std=0.019042 log_ratio=0.0000 accept=1.0000 swapped=True
i=12 pair=(6,1) lam_t=0.97857 lam_s=0.99286 tsr_diff=0.013131 integral_mean=0.000720 integral_std=0.020692 log_ratio=0.0000 accept=1.0000 swapped=True
i=12 pair=(3,5) lam_t=1.00714 lam_s=1.02143 tsr_diff=0.012476 integral_mean=0.000709 integral_std=0.019572 log_ratio=0.0000 accept=1.0000 swapped=True
i=12 pair=(2,7) lam_t=1.03571 lam_s=1.05000 tsr_diff=0.011868 integral_mean=-0.000861 integral_std=0.016785 log_ratio=-2.0669 accept=0.1266 swapped=True
i=13 pair=(4,1) lam_t=0.96429 lam_s=0.97857 tsr_diff=0.014342 integral_mean=0.001051 integral_std=0.020770 log_ratio=0.0000 accept=1.0000 swapped=True
i=13 pair=(6,5) lam_t=0.99286 lam_s=1.00714 tsr_diff=0.013574 integral_mean=-0.000616 integral_std=0.019994 log_ratio=-1.4787 accept=0.2279 swapped=True
i=13 pair=(3,7) lam_t=1.02143 lam_s=1.03571 tsr_diff=0.012866 integral_mean=-0.001191 integral_std=0.028204 log_ratio=-2.8574 accept=0.0574 swapped=False
i=14 pair=(0,1) lam_t=0.95000 lam_s=0.96429 tsr_diff=0.015346 integral_mean=0.002040 integral_std=0.036392 log_ratio=0.0000 accept=1.0000 swapped=True
i=14 pair=(4,5) lam_t=0.97857 lam_s=0.99286 tsr_diff=0.014482 integral_mean=0.002607 integral_std=0.044995 log_ratio=0.0000 accept=1.0000 swapped=True
i=14 pair=(6,3) lam_t=1.00714 lam_s=1.02143 tsr_diff=0.013689 integral_mean=-0.005834 integral_std=0.091278 log_ratio=-14.0021 accept=0.0000 swapped=False
i=14 pair=(7,2) lam_t=1.03571 lam_s=1.05000 tsr_diff=0.012959 integral_mean=0.013373 integral_std=0.186138 log_ratio=0.0000 accept=1.0000 swapped=True
Best Sample: 1 log probability -0.096
Saved 1 samples to: logs/pointmaze-giant-navigate-v0/inference/plans/release_H400_T256_LimitsNormalizer_b1_condFalse/2026-07-20 17:56:22/20/0.png
Saved 1 samples to: logs/pointmaze-giant-navigate-v0/inference/plans/release_H400_T256_LimitsNormalizer_b1_condFalse/2026-07-20 17:56:22/20/rollout.png
i=0 pair=(0,1) lam_t=0.95000 lam_s=0.96429 tsr_diff=0.000000 integral_mean=0.000000 integral_std=0.000000 log_ratio=0.0000 accept=1.0000 swapped=True
i=0 pair=(2,3) lam_t=0.97857 lam_s=0.99286 tsr_diff=0.000000 integral_mean=0.000000 integral_std=0.000000 log_ratio=0.0000 accept=1.0000 swapped=True
i=0 pair=(4,5) lam_t=1.00714 lam_s=1.02143 tsr_diff=0.000000 integral_mean=0.000000 integral_std=0.000000 log_ratio=0.0000 accept=1.0000 swapped=True
i=0 pair=(6,7) lam_t=1.03571 lam_s=1.05000 tsr_diff=0.000000 integral_mean=0.000000 integral_std=0.000000 log_ratio=0.0000 accept=1.0000 swapped=True
i=1 pair=(0,3) lam_t=0.96429 lam_s=0.97857 tsr_diff=0.000153 integral_mean=-0.000005 integral_std=0.000159 log_ratio=-0.0121 accept=0.9880 swapped=True
i=1 pair=(2,5) lam_t=0.99286 lam_s=1.00714 tsr_diff=0.000152 integral_mean=0.000003 integral_std=0.000152 log_ratio=0.0000 accept=1.0000 swapped=True
i=1 pair=(4,7) lam_t=1.02143 lam_s=1.03571 tsr_diff=0.000152 integral_mean=-0.000002 integral_std=0.000154 log_ratio=-0.0059 accept=0.9941 swapped=True
i=2 pair=(1,3) lam_t=0.95000 lam_s=0.96429 tsr_diff=0.000605 integral_mean=-0.000010 integral_std=0.000653 log_ratio=-0.0250 accept=0.9754 swapped=True
i=2 pair=(0,5) lam_t=0.97857 lam_s=0.99286 tsr_diff=0.000604 integral_mean=-0.000007 integral_std=0.000560 log_ratio=-0.0179 accept=0.9823 swapped=True
i=2 pair=(2,7) lam_t=1.00714 lam_s=1.02143 tsr_diff=0.000603 integral_mean=0.000013 integral_std=0.000600 log_ratio=0.0000 accept=1.0000 swapped=True
i=2 pair=(4,6) lam_t=1.03571 lam_s=1.05000 tsr_diff=0.000601 integral_mean=0.000027 integral_std=0.000557 log_ratio=0.0000 accept=1.0000 swapped=True
i=3 pair=(1,5) lam_t=0.96429 lam_s=0.97857 tsr_diff=0.001341 integral_mean=0.000005 integral_std=0.001328 log_ratio=0.0000 accept=1.0000 swapped=True
i=3 pair=(0,7) lam_t=0.99286 lam_s=1.00714 tsr_diff=0.001333 integral_mean=0.000030 integral_std=0.001282 log_ratio=0.0000 accept=1.0000 swapped=True
i=3 pair=(2,6) lam_t=1.02143 lam_s=1.03571 tsr_diff=0.001326 integral_mean=-0.000148 integral_std=0.001468 log_ratio=-0.3548 accept=0.7013 swapped=True
i=4 pair=(3,5) lam_t=0.95000 lam_s=0.96429 tsr_diff=0.002344 integral_mean=0.000074 integral_std=0.002232 log_ratio=0.0000 accept=1.0000 swapped=True
i=4 pair=(1,7) lam_t=0.97857 lam_s=0.99286 tsr_diff=0.002322 integral_mean=-0.000021 integral_std=0.002138 log_ratio=-0.0509 accept=0.9504 swapped=True
i=4 pair=(0,6) lam_t=1.00714 lam_s=1.02143 tsr_diff=0.002301 integral_mean=-0.000059 integral_std=0.002264 log_ratio=-0.1426 accept=0.8671 swapped=True
i=4 pair=(2,4) lam_t=1.03571 lam_s=1.05000 tsr_diff=0.002280 integral_mean=-0.000045 integral_std=0.002139 log_ratio=-0.1076 accept=0.8980 swapped=True
i=5 pair=(3,7) lam_t=0.96429 lam_s=0.97857 tsr_diff=0.003545 integral_mean=-0.001451 integral_std=0.006252 log_ratio=-3.4826 accept=0.0307 swapped=False
i=5 pair=(1,6) lam_t=0.99286 lam_s=1.00714 tsr_diff=0.003496 integral_mean=0.000066 integral_std=0.003342 log_ratio=0.0000 accept=1.0000 swapped=True
i=5 pair=(0,4) lam_t=1.02143 lam_s=1.03571 tsr_diff=0.003447 integral_mean=-0.000003 integral_std=0.003145 log_ratio=-0.0070 accept=0.9930 swapped=True
i=6 pair=(5,3) lam_t=0.95000 lam_s=0.96429 tsr_diff=0.004979 integral_mean=0.000052 integral_std=0.004607 log_ratio=0.0000 accept=1.0000 swapped=True
i=6 pair=(7,6) lam_t=0.97857 lam_s=0.99286 tsr_diff=0.004883 integral_mean=0.000766 integral_std=0.005658 log_ratio=0.0000 accept=1.0000 swapped=True
i=6 pair=(1,4) lam_t=1.00714 lam_s=1.02143 tsr_diff=0.004789 integral_mean=-0.000002 integral_std=0.004300 log_ratio=-0.0037 accept=0.9964 swapped=True
i=6 pair=(0,2) lam_t=1.03571 lam_s=1.05000 tsr_diff=0.004698 integral_mean=0.000035 integral_std=0.004000 log_ratio=0.0000 accept=1.0000 swapped=True
i=7 pair=(5,6) lam_t=0.96429 lam_s=0.97857 tsr_diff=0.006435 integral_mean=0.000353 integral_std=0.006476 log_ratio=0.0000 accept=1.0000 swapped=True
i=7 pair=(7,4) lam_t=0.99286 lam_s=1.00714 tsr_diff=0.006274 integral_mean=0.001114 integral_std=0.006953 log_ratio=0.0000 accept=1.0000 swapped=True
i=7 pair=(1,2) lam_t=1.02143 lam_s=1.03571 tsr_diff=0.006120 integral_mean=-0.000156 integral_std=0.005322 log_ratio=-0.3736 accept=0.6882 swapped=False
i=8 pair=(3,6) lam_t=0.95000 lam_s=0.96429 tsr_diff=0.008123 integral_mean=0.000124 integral_std=0.008132 log_ratio=0.0000 accept=1.0000 swapped=True
i=8 pair=(5,4) lam_t=0.97857 lam_s=0.99286 tsr_diff=0.007872 integral_mean=0.000373 integral_std=0.007747 log_ratio=0.0000 accept=1.0000 swapped=True
i=8 pair=(7,1) lam_t=1.00714 lam_s=1.02143 tsr_diff=0.007631 integral_mean=0.000114 integral_std=0.007605 log_ratio=0.0000 accept=1.0000 swapped=True
i=8 pair=(2,0) lam_t=1.03571 lam_s=1.05000 tsr_diff=0.007402 integral_mean=0.000754 integral_std=0.007942 log_ratio=0.0000 accept=1.0000 swapped=True
i=9 pair=(3,4) lam_t=0.96429 lam_s=0.97857 tsr_diff=0.009548 integral_mean=0.000050 integral_std=0.009452 log_ratio=0.0000 accept=1.0000 swapped=True
i=9 pair=(5,1) lam_t=0.99286 lam_s=1.00714 tsr_diff=0.009200 integral_mean=-0.000144 integral_std=0.009700 log_ratio=-0.3460 accept=0.7075 swapped=True
i=9 pair=(7,0) lam_t=1.02143 lam_s=1.03571 tsr_diff=0.008870 integral_mean=0.000171 integral_std=0.007914 log_ratio=0.0000 accept=1.0000 swapped=True
i=10 pair=(6,4) lam_t=0.95000 lam_s=0.96429 tsr_diff=0.011265 integral_mean=0.000461 integral_std=0.009556 log_ratio=0.0000 accept=1.0000 swapped=True
i=10 pair=(3,1) lam_t=0.97857 lam_s=0.99286 tsr_diff=0.010789 integral_mean=-0.000261 integral_std=0.013227 log_ratio=-0.6264 accept=0.5345 swapped=False
i=10 pair=(5,0) lam_t=1.00714 lam_s=1.02143 tsr_diff=0.010342 integral_mean=-0.000119 integral_std=0.009385 log_ratio=-0.2867 accept=0.7507 swapped=True
i=10 pair=(7,2) lam_t=1.03571 lam_s=1.05000 tsr_diff=0.009923 integral_mean=-0.000378 integral_std=0.011338 log_ratio=-0.9070 accept=0.4037 swapped=True
i=11 pair=(6,3) lam_t=0.96429 lam_s=0.97857 tsr_diff=0.012354 integral_mean=0.000124 integral_std=0.015274 log_ratio=0.0000 accept=1.0000 swapped=True
i=11 pair=(1,0) lam_t=0.99286 lam_s=1.00714 tsr_diff=0.011778 integral_mean=0.000542 integral_std=0.010879 log_ratio=0.0000 accept=1.0000 swapped=True
i=11 pair=(5,2) lam_t=1.02143 lam_s=1.03571 tsr_diff=0.011242 integral_mean=-0.000587 integral_std=0.013440 log_ratio=-1.4088 accept=0.2444 swapped=True
i=12 pair=(4,3) lam_t=0.95000 lam_s=0.96429 tsr_diff=0.013839 integral_mean=-0.000256 integral_std=0.016663 log_ratio=-0.6155 accept=0.5404 swapped=True
i=12 pair=(6,0) lam_t=0.97857 lam_s=0.99286 tsr_diff=0.013131 integral_mean=0.000059 integral_std=0.008850 log_ratio=0.0000 accept=1.0000 swapped=True
i=12 pair=(1,2) lam_t=1.00714 lam_s=1.02143 tsr_diff=0.012476 integral_mean=0.000139 integral_std=0.012288 log_ratio=0.0000 accept=1.0000 swapped=True
i=12 pair=(5,7) lam_t=1.03571 lam_s=1.05000 tsr_diff=0.011868 integral_mean=-0.000637 integral_std=0.014884 log_ratio=-1.5294 accept=0.2167 swapped=False
i=13 pair=(4,0) lam_t=0.96429 lam_s=0.97857 tsr_diff=0.014342 integral_mean=0.000065 integral_std=0.008420 log_ratio=0.0000 accept=1.0000 swapped=True
i=13 pair=(6,2) lam_t=0.99286 lam_s=1.00714 tsr_diff=0.013574 integral_mean=-0.000677 integral_std=0.017269 log_ratio=-1.6241 accept=0.1971 swapped=False
i=13 pair=(1,5) lam_t=1.02143 lam_s=1.03571 tsr_diff=0.012866 integral_mean=0.003254 integral_std=0.023222 log_ratio=0.0000 accept=1.0000 swapped=True
i=14 pair=(3,0) lam_t=0.95000 lam_s=0.96429 tsr_diff=0.015346 integral_mean=-0.000974 integral_std=0.020671 log_ratio=-2.3374 accept=0.0966 swapped=False
i=14 pair=(4,6) lam_t=0.97857 lam_s=0.99286 tsr_diff=0.014482 integral_mean=-0.003529 integral_std=0.036206 log_ratio=-8.4703 accept=0.0002 swapped=False
i=14 pair=(2,5) lam_t=1.00714 lam_s=1.02143 tsr_diff=0.013689 integral_mean=0.005489 integral_std=0.044228 log_ratio=0.0000 accept=1.0000 swapped=True
i=14 pair=(1,7) lam_t=1.03571 lam_s=1.05000 tsr_diff=0.012959 integral_mean=0.010922 integral_std=0.062762 log_ratio=0.0000 accept=1.0000 swapped=True
Best Sample: 0 log probability -0.167
Saved 1 samples to: logs/pointmaze-giant-navigate-v0/inference/plans/release_H400_T256_LimitsNormalizer_b1_condFalse/2026-07-20 17:56:22/21/0.png
Saved 1 samples to: logs/pointmaze-giant-navigate-v0/inference/plans/release_H400_T256_LimitsNormalizer_b1_condFalse/2026-07-20 17:56:22/21/rollout.png
i=0 pair=(0,1) lam_t=0.95000 lam_s=0.96429 tsr_diff=0.000000 integral_mean=0.000000 integral_std=0.000000 log_ratio=0.0000 accept=1.0000 swapped=True
i=0 pair=(2,3) lam_t=0.97857 lam_s=0.99286 tsr_diff=0.000000 integral_mean=0.000000 integral_std=0.000000 log_ratio=0.0000 accept=1.0000 swapped=True
i=0 pair=(4,5) lam_t=1.00714 lam_s=1.02143 tsr_diff=0.000000 integral_mean=0.000000 integral_std=0.000000 log_ratio=0.0000 accept=1.0000 swapped=True
i=0 pair=(6,7) lam_t=1.03571 lam_s=1.05000 tsr_diff=0.000000 integral_mean=0.000000 integral_std=0.000000 log_ratio=0.0000 accept=1.0000 swapped=True
i=1 pair=(0,3) lam_t=0.96429 lam_s=0.97857 tsr_diff=0.000153 integral_mean=0.000001 integral_std=0.000145 log_ratio=0.0000 accept=1.0000 swapped=True
i=1 pair=(2,5) lam_t=0.99286 lam_s=1.00714 tsr_diff=0.000152 integral_mean=-0.000027 integral_std=0.000184 log_ratio=-0.0658 accept=0.9363 swapped=True
i=1 pair=(4,7) lam_t=1.02143 lam_s=1.03571 tsr_diff=0.000152 integral_mean=-0.000004 integral_std=0.000150 log_ratio=-0.0103 accept=0.9898 swapped=True
i=2 pair=(1,3) lam_t=0.95000 lam_s=0.96429 tsr_diff=0.000605 integral_mean=0.000011 integral_std=0.000600 log_ratio=0.0000 accept=1.0000 swapped=True
i=2 pair=(0,5) lam_t=0.97857 lam_s=0.99286 tsr_diff=0.000604 integral_mean=-0.000011 integral_std=0.000630 log_ratio=-0.0270 accept=0.9733 swapped=True
i=2 pair=(2,7) lam_t=1.00714 lam_s=1.02143 tsr_diff=0.000603 integral_mean=-0.000041 integral_std=0.000629 log_ratio=-0.0986 accept=0.9061 swapped=True
i=2 pair=(4,6) lam_t=1.03571 lam_s=1.05000 tsr_diff=0.000601 integral_mean=0.000034 integral_std=0.000616 log_ratio=0.0000 accept=1.0000 swapped=True
i=3 pair=(1,5) lam_t=0.96429 lam_s=0.97857 tsr_diff=0.001341 integral_mean=-0.000026 integral_std=0.001364 log_ratio=-0.0620 accept=0.9399 swapped=True
i=3 pair=(0,7) lam_t=0.99286 lam_s=1.00714 tsr_diff=0.001333 integral_mean=-0.000042 integral_std=0.001289 log_ratio=-0.1015 accept=0.9035 swapped=True
i=3 pair=(2,6) lam_t=1.02143 lam_s=1.03571 tsr_diff=0.001326 integral_mean=-0.000018 integral_std=0.001254 log_ratio=-0.0437 accept=0.9572 swapped=True
i=4 pair=(3,5) lam_t=0.95000 lam_s=0.96429 tsr_diff=0.002344 integral_mean=0.000080 integral_std=0.002496 log_ratio=0.0000 accept=1.0000 swapped=True
i=4 pair=(1,7) lam_t=0.97857 lam_s=0.99286 tsr_diff=0.002322 integral_mean=0.000011 integral_std=0.002165 log_ratio=0.0000 accept=1.0000 swapped=True
i=4 pair=(0,6) lam_t=1.00714 lam_s=1.02143 tsr_diff=0.002301 integral_mean=0.000089 integral_std=0.002385 log_ratio=0.0000 accept=1.0000 swapped=True
i=4 pair=(2,4) lam_t=1.03571 lam_s=1.05000 tsr_diff=0.002280 integral_mean=-0.000036 integral_std=0.002295 log_ratio=-0.0863 accept=0.9173 swapped=True
i=5 pair=(3,7) lam_t=0.96429 lam_s=0.97857 tsr_diff=0.003545 integral_mean=0.000172 integral_std=0.003794 log_ratio=0.0000 accept=1.0000 swapped=True
i=5 pair=(1,6) lam_t=0.99286 lam_s=1.00714 tsr_diff=0.003496 integral_mean=-0.000073 integral_std=0.003345 log_ratio=-0.1743 accept=0.8401 swapped=True
i=5 pair=(0,4) lam_t=1.02143 lam_s=1.03571 tsr_diff=0.003447 integral_mean=0.000071 integral_std=0.003392 log_ratio=0.0000 accept=1.0000 swapped=True
i=6 pair=(5,7) lam_t=0.95000 lam_s=0.96429 tsr_diff=0.004979 integral_mean=-0.000193 integral_std=0.004620 log_ratio=-0.4636 accept=0.6290 swapped=False
i=6 pair=(3,6) lam_t=0.97857 lam_s=0.99286 tsr_diff=0.004883 integral_mean=0.000223 integral_std=0.004711 log_ratio=0.0000 accept=1.0000 swapped=True
i=6 pair=(1,4) lam_t=1.00714 lam_s=1.02143 tsr_diff=0.004789 integral_mean=0.000489 integral_std=0.004677 log_ratio=0.0000 accept=1.0000 swapped=True
i=6 pair=(0,2) lam_t=1.03571 lam_s=1.05000 tsr_diff=0.004698 integral_mean=0.000095 integral_std=0.004535 log_ratio=0.0000 accept=1.0000 swapped=True
i=7 pair=(7,6) lam_t=0.96429 lam_s=0.97857 tsr_diff=0.006435 integral_mean=-0.000028 integral_std=0.005745 log_ratio=-0.0664 accept=0.9358 swapped=True
i=7 pair=(3,4) lam_t=0.99286 lam_s=1.00714 tsr_diff=0.006274 integral_mean=0.000279 integral_std=0.006698 log_ratio=0.0000 accept=1.0000 swapped=True
i=7 pair=(1,2) lam_t=1.02143 lam_s=1.03571 tsr_diff=0.006120 integral_mean=0.000514 integral_std=0.005769 log_ratio=0.0000 accept=1.0000 swapped=True
i=8 pair=(5,6) lam_t=0.95000 lam_s=0.96429 tsr_diff=0.008123 integral_mean=-0.000181 integral_std=0.006941 log_ratio=-0.4336 accept=0.6482 swapped=True
i=8 pair=(7,4) lam_t=0.97857 lam_s=0.99286 tsr_diff=0.007872 integral_mean=0.000043 integral_std=0.007578 log_ratio=0.0000 accept=1.0000 swapped=True
i=8 pair=(3,2) lam_t=1.00714 lam_s=1.02143 tsr_diff=0.007631 integral_mean=0.000370 integral_std=0.007216 log_ratio=0.0000 accept=1.0000 swapped=True
i=8 pair=(1,0) lam_t=1.03571 lam_s=1.05000 tsr_diff=0.007402 integral_mean=0.000433 integral_std=0.008098 log_ratio=0.0000 accept=1.0000 swapped=True
i=9 pair=(5,4) lam_t=0.96429 lam_s=0.97857 tsr_diff=0.009548 integral_mean=0.000073 integral_std=0.009504 log_ratio=0.0000 accept=1.0000 swapped=True
i=9 pair=(7,2) lam_t=0.99286 lam_s=1.00714 tsr_diff=0.009200 integral_mean=0.000618 integral_std=0.009478 log_ratio=0.0000 accept=1.0000 swapped=True
i=9 pair=(3,0) lam_t=1.02143 lam_s=1.03571 tsr_diff=0.008870 integral_mean=-0.000257 integral_std=0.009068 log_ratio=-0.6171 accept=0.5395 swapped=True
i=10 pair=(6,4) lam_t=0.95000 lam_s=0.96429 tsr_diff=0.011265 integral_mean=-0.000387 integral_std=0.012912 log_ratio=-0.9290 accept=0.3949 swapped=True
i=10 pair=(5,2) lam_t=0.97857 lam_s=0.99286 tsr_diff=0.010789 integral_mean=0.000360 integral_std=0.009911 log_ratio=0.0000 accept=1.0000 swapped=True
i=10 pair=(7,0) lam_t=1.00714 lam_s=1.02143 tsr_diff=0.010342 integral_mean=-0.000359 integral_std=0.008506 log_ratio=-0.8623 accept=0.4222 swapped=False
i=10 pair=(3,1) lam_t=1.03571 lam_s=1.05000 tsr_diff=0.009923 integral_mean=-0.001526 integral_std=0.012531 log_ratio=-3.6634 accept=0.0256 swapped=False
i=11 pair=(6,2) lam_t=0.96429 lam_s=0.97857 tsr_diff=0.012354 integral_mean=0.000517 integral_std=0.011299 log_ratio=0.0000 accept=1.0000 swapped=True
i=11 pair=(5,7) lam_t=0.99286 lam_s=1.00714 tsr_diff=0.011778 integral_mean=-0.000520 integral_std=0.012171 log_ratio=-1.2485 accept=0.2869 swapped=False
i=11 pair=(0,3) lam_t=1.02143 lam_s=1.03571 tsr_diff=0.011242 integral_mean=0.000036 integral_std=0.013316 log_ratio=0.0000 accept=1.0000 swapped=True
i=12 pair=(4,2) lam_t=0.95000 lam_s=0.96429 tsr_diff=0.013839 integral_mean=0.001781 integral_std=0.025398 log_ratio=0.0000 accept=1.0000 swapped=True
i=12 pair=(6,5) lam_t=0.97857 lam_s=0.99286 tsr_diff=0.013131 integral_mean=-0.000079 integral_std=0.008305 log_ratio=-0.1891 accept=0.8277 swapped=True
i=12 pair=(7,3) lam_t=1.00714 lam_s=1.02143 tsr_diff=0.012476 integral_mean=-0.000470 integral_std=0.020386 log_ratio=-1.1275 accept=0.3239 swapped=False
i=12 pair=(0,1) lam_t=1.03571 lam_s=1.05000 tsr_diff=0.011868 integral_mean=-0.001966 integral_std=0.023252 log_ratio=-4.7188 accept=0.0089 swapped=False
i=13 pair=(4,5) lam_t=0.96429 lam_s=0.97857 tsr_diff=0.014342 integral_mean=0.003364 integral_std=0.056868 log_ratio=0.0000 accept=1.0000 swapped=True
i=13 pair=(6,7) lam_t=0.99286 lam_s=1.00714 tsr_diff=0.013574 integral_mean=-0.000644 integral_std=0.016764 log_ratio=-1.5459 accept=0.2131 swapped=False
i=13 pair=(3,0) lam_t=1.02143 lam_s=1.03571 tsr_diff=0.012866 integral_mean=0.000314 integral_std=0.023826 log_ratio=0.0000 accept=1.0000 swapped=True
i=14 pair=(2,5) lam_t=0.95000 lam_s=0.96429 tsr_diff=0.015346 integral_mean=0.000071 integral_std=0.027623 log_ratio=0.0000 accept=1.0000 swapped=True
i=14 pair=(4,6) lam_t=0.97857 lam_s=0.99286 tsr_diff=0.014482 integral_mean=0.003916 integral_std=0.052846 log_ratio=0.0000 accept=1.0000 swapped=True
i=14 pair=(7,0) lam_t=1.00714 lam_s=1.02143 tsr_diff=0.013689 integral_mean=-0.006159 integral_std=0.069688 log_ratio=-14.7820 accept=0.0000 swapped=False
i=14 pair=(3,1) lam_t=1.03571 lam_s=1.05000 tsr_diff=0.012959 integral_mean=-0.021071 integral_std=0.145879 log_ratio=-50.5702 accept=0.0000 swapped=False
Best Sample: 6 log probability -0.013
Saved 1 samples to: logs/pointmaze-giant-navigate-v0/inference/plans/release_H400_T256_LimitsNormalizer_b1_condFalse/2026-07-20 17:56:22/22/0.png
Saved 1 samples to: logs/pointmaze-giant-navigate-v0/inference/plans/release_H400_T256_LimitsNormalizer_b1_condFalse/2026-07-20 17:56:22/22/rollout.png
i=0 pair=(0,1) lam_t=0.95000 lam_s=0.96429 tsr_diff=0.000000 integral_mean=0.000000 integral_std=0.000000 log_ratio=0.0000 accept=1.0000 swapped=True
i=0 pair=(2,3) lam_t=0.97857 lam_s=0.99286 tsr_diff=0.000000 integral_mean=0.000000 integral_std=0.000000 log_ratio=0.0000 accept=1.0000 swapped=True
i=0 pair=(4,5) lam_t=1.00714 lam_s=1.02143 tsr_diff=0.000000 integral_mean=0.000000 integral_std=0.000000 log_ratio=0.0000 accept=1.0000 swapped=True
i=0 pair=(6,7) lam_t=1.03571 lam_s=1.05000 tsr_diff=0.000000 integral_mean=0.000000 integral_std=0.000000 log_ratio=0.0000 accept=1.0000 swapped=True
i=1 pair=(0,3) lam_t=0.96429 lam_s=0.97857 tsr_diff=0.000153 integral_mean=0.000005 integral_std=0.000151 log_ratio=0.0000 accept=1.0000 swapped=True
i=1 pair=(2,5) lam_t=0.99286 lam_s=1.00714 tsr_diff=0.000152 integral_mean=0.000002 integral_std=0.000161 log_ratio=0.0000 accept=1.0000 swapped=True
i=1 pair=(4,7) lam_t=1.02143 lam_s=1.03571 tsr_diff=0.000152 integral_mean=-0.000004 integral_std=0.000149 log_ratio=-0.0087 accept=0.9913 swapped=True
i=2 pair=(1,3) lam_t=0.95000 lam_s=0.96429 tsr_diff=0.000605 integral_mean=0.000004 integral_std=0.000571 log_ratio=0.0000 accept=1.0000 swapped=True
i=2 pair=(0,5) lam_t=0.97857 lam_s=0.99286 tsr_diff=0.000604 integral_mean=-0.000001 integral_std=0.000596 log_ratio=-0.0015 accept=0.9985 swapped=True
i=2 pair=(2,7) lam_t=1.00714 lam_s=1.02143 tsr_diff=0.000603 integral_mean=-0.000097 integral_std=0.000728 log_ratio=-0.2321 accept=0.7929 swapped=True
i=2 pair=(4,6) lam_t=1.03571 lam_s=1.05000 tsr_diff=0.000601 integral_mean=-0.000052 integral_std=0.000621 log_ratio=-0.1240 accept=0.8834 swapped=True
i=3 pair=(1,5) lam_t=0.96429 lam_s=0.97857 tsr_diff=0.001341 integral_mean=-0.000049 integral_std=0.001369 log_ratio=-0.1173 accept=0.8893 swapped=True
i=3 pair=(0,7) lam_t=0.99286 lam_s=1.00714 tsr_diff=0.001333 integral_mean=-0.000096 integral_std=0.001372 log_ratio=-0.2301 accept=0.7945 swapped=False
i=3 pair=(2,6) lam_t=1.02143 lam_s=1.03571 tsr_diff=0.001326 integral_mean=0.000013 integral_std=0.001315 log_ratio=0.0000 accept=1.0000 swapped=True
i=4 pair=(3,5) lam_t=0.95000 lam_s=0.96429 tsr_diff=0.002344 integral_mean=0.000163 integral_std=0.002246 log_ratio=0.0000 accept=1.0000 swapped=True
i=4 pair=(1,0) lam_t=0.97857 lam_s=0.99286 tsr_diff=0.002322 integral_mean=-0.000025 integral_std=0.002113 log_ratio=-0.0608 accept=0.9410 swapped=True
i=4 pair=(7,6) lam_t=1.00714 lam_s=1.02143 tsr_diff=0.002301 integral_mean=0.000063 integral_std=0.002344 log_ratio=0.0000 accept=1.0000 swapped=True
i=4 pair=(2,4) lam_t=1.03571 lam_s=1.05000 tsr_diff=0.002280 integral_mean=-0.000007 integral_std=0.002241 log_ratio=-0.0164 accept=0.9838 swapped=True
i=5 pair=(3,0) lam_t=0.96429 lam_s=0.97857 tsr_diff=0.003545 integral_mean=-0.000573 integral_std=0.004394 log_ratio=-1.3764 accept=0.2525 swapped=False
i=5 pair=(1,6) lam_t=0.99286 lam_s=1.00714 tsr_diff=0.003496 integral_mean=-0.000082 integral_std=0.002962 log_ratio=-0.1957 accept=0.8223 swapped=True
i=5 pair=(7,4) lam_t=1.02143 lam_s=1.03571 tsr_diff=0.003447 integral_mean=0.000214 integral_std=0.003683 log_ratio=0.0000 accept=1.0000 swapped=True
i=6 pair=(5,3) lam_t=0.95000 lam_s=0.96429 tsr_diff=0.004979 integral_mean=0.000320 integral_std=0.005412 log_ratio=0.0000 accept=1.0000 swapped=True
i=6 pair=(0,6) lam_t=0.97857 lam_s=0.99286 tsr_diff=0.004883 integral_mean=0.000511 integral_std=0.005060 log_ratio=0.0000 accept=1.0000 swapped=True
i=6 pair=(1,4) lam_t=1.00714 lam_s=1.02143 tsr_diff=0.004789 integral_mean=-0.000119 integral_std=0.004381 log_ratio=-0.2844 accept=0.7524 swapped=True
i=6 pair=(7,2) lam_t=1.03571 lam_s=1.05000 tsr_diff=0.004698 integral_mean=-0.000061 integral_std=0.004427 log_ratio=-0.1462 accept=0.8640 swapped=True
i=7 pair=(5,6) lam_t=0.96429 lam_s=0.97857 tsr_diff=0.006435 integral_mean=-0.000039 integral_std=0.005776 log_ratio=-0.0938 accept=0.9104 swapped=True
i=7 pair=(0,4) lam_t=0.99286 lam_s=1.00714 tsr_diff=0.006274 integral_mean=0.002396 integral_std=0.010148 log_ratio=0.0000 accept=1.0000 swapped=True
i=7 pair=(1,2) lam_t=1.02143 lam_s=1.03571 tsr_diff=0.006120 integral_mean=-0.000051 integral_std=0.005048 log_ratio=-0.1236 accept=0.8838 swapped=True
i=8 pair=(3,6) lam_t=0.95000 lam_s=0.96429 tsr_diff=0.008123 integral_mean=0.000205 integral_std=0.007870 log_ratio=0.0000 accept=1.0000 swapped=True
i=8 pair=(5,4) lam_t=0.97857 lam_s=0.99286 tsr_diff=0.007872 integral_mean=0.000119 integral_std=0.006834 log_ratio=0.0000 accept=1.0000 swapped=True
i=8 pair=(0,2) lam_t=1.00714 lam_s=1.02143 tsr_diff=0.007631 integral_mean=0.002661 integral_std=0.012938 log_ratio=0.0000 accept=1.0000 swapped=True
i=8 pair=(1,7) lam_t=1.03571 lam_s=1.05000 tsr_diff=0.007402 integral_mean=0.000055 integral_std=0.006856 log_ratio=0.0000 accept=1.0000 swapped=True
i=9 pair=(3,4) lam_t=0.96429 lam_s=0.97857 tsr_diff=0.009548 integral_mean=0.000133 integral_std=0.010901 log_ratio=0.0000 accept=1.0000 swapped=True
i=9 pair=(5,2) lam_t=0.99286 lam_s=1.00714 tsr_diff=0.009200 integral_mean=-0.000266 integral_std=0.009031 log_ratio=-0.6380 accept=0.5283 swapped=True
i=9 pair=(0,7) lam_t=1.02143 lam_s=1.03571 tsr_diff=0.008870 integral_mean=0.002257 integral_std=0.011736 log_ratio=0.0000 accept=1.0000 swapped=True
i=10 pair=(6,4) lam_t=0.95000 lam_s=0.96429 tsr_diff=0.011265 integral_mean=0.000410 integral_std=0.010059 log_ratio=0.0000 accept=1.0000 swapped=True
i=10 pair=(3,2) lam_t=0.97857 lam_s=0.99286 tsr_diff=0.010789 integral_mean=0.000704 integral_std=0.012567 log_ratio=0.0000 accept=1.0000 swapped=True
i=10 pair=(5,7) lam_t=1.00714 lam_s=1.02143 tsr_diff=0.010342 integral_mean=-0.000328 integral_std=0.010276 log_ratio=-0.7870 accept=0.4552 swapped=True
i=10 pair=(0,1) lam_t=1.03571 lam_s=1.05000 tsr_diff=0.009923 integral_mean=0.003287 integral_std=0.019653 log_ratio=0.0000 accept=1.0000 swapped=True
i=11 pair=(6,2) lam_t=0.96429 lam_s=0.97857 tsr_diff=0.012354 integral_mean=-0.000548 integral_std=0.010628 log_ratio=-1.3149 accept=0.2685 swapped=True
i=11 pair=(3,7) lam_t=0.99286 lam_s=1.00714 tsr_diff=0.011778 integral_mean=0.000599 integral_std=0.013293 log_ratio=0.0000 accept=1.0000 swapped=True
i=11 pair=(5,1) lam_t=1.02143 lam_s=1.03571 tsr_diff=0.011242 integral_mean=0.000083 integral_std=0.009767 log_ratio=0.0000 accept=1.0000 swapped=True
i=12 pair=(4,2) lam_t=0.95000 lam_s=0.96429 tsr_diff=0.013839 integral_mean=0.000698 integral_std=0.013949 log_ratio=0.0000 accept=1.0000 swapped=True
i=12 pair=(6,7) lam_t=0.97857 lam_s=0.99286 tsr_diff=0.013131 integral_mean=-0.000616 integral_std=0.015032 log_ratio=-1.4794 accept=0.2278 swapped=False
i=12 pair=(3,1) lam_t=1.00714 lam_s=1.02143 tsr_diff=0.012476 integral_mean=0.001670 integral_std=0.017586 log_ratio=0.0000 accept=1.0000 swapped=True
i=12 pair=(5,0) lam_t=1.03571 lam_s=1.05000 tsr_diff=0.011868 integral_mean=-0.006599 integral_std=0.023512 log_ratio=-15.8372 accept=0.0000 swapped=False
i=13 pair=(4,6) lam_t=0.96429 lam_s=0.97857 tsr_diff=0.014342 integral_mean=-0.000076 integral_std=0.016169 log_ratio=-0.1820 accept=0.8336 swapped=True
i=13 pair=(7,1) lam_t=0.99286 lam_s=1.00714 tsr_diff=0.013574 integral_mean=0.000807 integral_std=0.021708 log_ratio=0.0000 accept=1.0000 swapped=True
i=13 pair=(3,5) lam_t=1.02143 lam_s=1.03571 tsr_diff=0.012866 integral_mean=0.002684 integral_std=0.024718 log_ratio=0.0000 accept=1.0000 swapped=True
i=14 pair=(2,6) lam_t=0.95000 lam_s=0.96429 tsr_diff=0.015346 integral_mean=0.001785 integral_std=0.013377 log_ratio=0.0000 accept=1.0000 swapped=True
i=14 pair=(4,1) lam_t=0.97857 lam_s=0.99286 tsr_diff=0.014482 integral_mean=0.002605 integral_std=0.025186 log_ratio=0.0000 accept=1.0000 swapped=True
i=14 pair=(7,5) lam_t=1.00714 lam_s=1.02143 tsr_diff=0.013689 integral_mean=0.002529 integral_std=0.030099 log_ratio=0.0000 accept=1.0000 swapped=True
i=14 pair=(3,0) lam_t=1.03571 lam_s=1.05000 tsr_diff=0.012959 integral_mean=-0.007586 integral_std=0.109981 log_ratio=-18.2070 accept=0.0000 swapped=False
Best Sample: 1 log probability 0.000
Saved 1 samples to: logs/pointmaze-giant-navigate-v0/inference/plans/release_H400_T256_LimitsNormalizer_b1_condFalse/2026-07-20 17:56:22/23/0.png
Saved 1 samples to: logs/pointmaze-giant-navigate-v0/inference/plans/release_H400_T256_LimitsNormalizer_b1_condFalse/2026-07-20 17:56:22/23/rollout.png
i=0 pair=(0,1) lam_t=0.95000 lam_s=0.96429 tsr_diff=0.000000 integral_mean=0.000000 integral_std=0.000000 log_ratio=0.0000 accept=1.0000 swapped=True
i=0 pair=(2,3) lam_t=0.97857 lam_s=0.99286 tsr_diff=0.000000 integral_mean=0.000000 integral_std=0.000000 log_ratio=0.0000 accept=1.0000 swapped=True
i=0 pair=(4,5) lam_t=1.00714 lam_s=1.02143 tsr_diff=0.000000 integral_mean=0.000000 integral_std=0.000000 log_ratio=0.0000 accept=1.0000 swapped=True
i=0 pair=(6,7) lam_t=1.03571 lam_s=1.05000 tsr_diff=0.000000 integral_mean=0.000000 integral_std=0.000000 log_ratio=0.0000 accept=1.0000 swapped=True
i=1 pair=(0,3) lam_t=0.96429 lam_s=0.97857 tsr_diff=0.000153 integral_mean=0.000000 integral_std=0.000148 log_ratio=0.0000 accept=1.0000 swapped=True
i=1 pair=(2,5) lam_t=0.99286 lam_s=1.00714 tsr_diff=0.000152 integral_mean=-0.000001 integral_std=0.000146 log_ratio=-0.0026 accept=0.9974 swapped=True
i=1 pair=(4,7) lam_t=1.02143 lam_s=1.03571 tsr_diff=0.000152 integral_mean=-0.000006 integral_std=0.000145 log_ratio=-0.0134 accept=0.9867 swapped=True
i=2 pair=(1,3) lam_t=0.95000 lam_s=0.96429 tsr_diff=0.000605 integral_mean=0.000015 integral_std=0.000563 log_ratio=0.0000 accept=1.0000 swapped=True
i=2 pair=(0,5) lam_t=0.97857 lam_s=0.99286 tsr_diff=0.000604 integral_mean=0.000024 integral_std=0.000597 log_ratio=0.0000 accept=1.0000 swapped=True
i=2 pair=(2,7) lam_t=1.00714 lam_s=1.02143 tsr_diff=0.000603 integral_mean=0.000023 integral_std=0.000613 log_ratio=0.0000 accept=1.0000 swapped=True
i=2 pair=(4,6) lam_t=1.03571 lam_s=1.05000 tsr_diff=0.000601 integral_mean=0.000006 integral_std=0.000537 log_ratio=0.0000 accept=1.0000 swapped=True
i=3 pair=(1,5) lam_t=0.96429 lam_s=0.97857 tsr_diff=0.001341 integral_mean=0.000003 integral_std=0.001350 log_ratio=0.0000 accept=1.0000 swapped=True
i=3 pair=(0,7) lam_t=0.99286 lam_s=1.00714 tsr_diff=0.001333 integral_mean=-0.000014 integral_std=0.001282 log_ratio=-0.0345 accept=0.9661 swapped=True
i=3 pair=(2,6) lam_t=1.02143 lam_s=1.03571 tsr_diff=0.001326 integral_mean=0.000029 integral_std=0.001313 log_ratio=0.0000 accept=1.0000 swapped=True
i=4 pair=(3,5) lam_t=0.95000 lam_s=0.96429 tsr_diff=0.002344 integral_mean=0.000350 integral_std=0.002742 log_ratio=0.0000 accept=1.0000 swapped=True
i=4 pair=(1,7) lam_t=0.97857 lam_s=0.99286 tsr_diff=0.002322 integral_mean=0.000084 integral_std=0.002164 log_ratio=0.0000 accept=1.0000 swapped=True
i=4 pair=(0,6) lam_t=1.00714 lam_s=1.02143 tsr_diff=0.002301 integral_mean=-0.000005 integral_std=0.002174 log_ratio=-0.0110 accept=0.9891 swapped=True
i=4 pair=(2,4) lam_t=1.03571 lam_s=1.05000 tsr_diff=0.002280 integral_mean=0.000061 integral_std=0.002197 log_ratio=0.0000 accept=1.0000 swapped=True
i=5 pair=(3,7) lam_t=0.96429 lam_s=0.97857 tsr_diff=0.003545 integral_mean=0.000331 integral_std=0.003759 log_ratio=0.0000 accept=1.0000 swapped=True
i=5 pair=(1,6) lam_t=0.99286 lam_s=1.00714 tsr_diff=0.003496 integral_mean=0.000027 integral_std=0.003055 log_ratio=0.0000 accept=1.0000 swapped=True
i=5 pair=(0,4) lam_t=1.02143 lam_s=1.03571 tsr_diff=0.003447 integral_mean=0.000228 integral_std=0.003499 log_ratio=0.0000 accept=1.0000 swapped=True
i=6 pair=(5,7) lam_t=0.95000 lam_s=0.96429 tsr_diff=0.004979 integral_mean=0.000100 integral_std=0.004917 log_ratio=0.0000 accept=1.0000 swapped=True
i=6 pair=(3,6) lam_t=0.97857 lam_s=0.99286 tsr_diff=0.004883 integral_mean=0.000223 integral_std=0.004930 log_ratio=0.0000 accept=1.0000 swapped=True
i=6 pair=(1,4) lam_t=1.00714 lam_s=1.02143 tsr_diff=0.004789 integral_mean=-0.000026 integral_std=0.004288 log_ratio=-0.0631 accept=0.9388 swapped=True
i=6 pair=(0,2) lam_t=1.03571 lam_s=1.05000 tsr_diff=0.004698 integral_mean=0.000160 integral_std=0.004559 log_ratio=0.0000 accept=1.0000 swapped=True
i=7 pair=(5,6) lam_t=0.96429 lam_s=0.97857 tsr_diff=0.006435 integral_mean=0.000346 integral_std=0.006339 log_ratio=0.0000 accept=1.0000 swapped=True
i=7 pair=(3,4) lam_t=0.99286 lam_s=1.00714 tsr_diff=0.006274 integral_mean=0.000942 integral_std=0.006885 log_ratio=0.0000 accept=1.0000 swapped=True
i=7 pair=(1,2) lam_t=1.02143 lam_s=1.03571 tsr_diff=0.006120 integral_mean=-0.000075 integral_std=0.005589 log_ratio=-0.1790 accept=0.8361 swapped=True
i=8 pair=(7,6) lam_t=0.95000 lam_s=0.96429 tsr_diff=0.008123 integral_mean=-0.000115 integral_std=0.006726 log_ratio=-0.2772 accept=0.7579 swapped=True
i=8 pair=(5,4) lam_t=0.97857 lam_s=0.99286 tsr_diff=0.007872 integral_mean=0.000538 integral_std=0.006987 log_ratio=0.0000 accept=1.0000 swapped=True
i=8 pair=(3,2) lam_t=1.00714 lam_s=1.02143 tsr_diff=0.007631 integral_mean=0.002172 integral_std=0.011616 log_ratio=0.0000 accept=1.0000 swapped=True
i=8 pair=(1,0) lam_t=1.03571 lam_s=1.05000 tsr_diff=0.007402 integral_mean=0.000054 integral_std=0.007601 log_ratio=0.0000 accept=1.0000 swapped=True
i=9 pair=(7,4) lam_t=0.96429 lam_s=0.97857 tsr_diff=0.009548 integral_mean=-0.000308 integral_std=0.008523 log_ratio=-0.7398 accept=0.4772 swapped=True
i=9 pair=(5,2) lam_t=0.99286 lam_s=1.00714 tsr_diff=0.009200 integral_mean=0.000534 integral_std=0.008685 log_ratio=0.0000 accept=1.0000 swapped=True
i=9 pair=(3,0) lam_t=1.02143 lam_s=1.03571 tsr_diff=0.008870 integral_mean=0.001155 integral_std=0.010934 log_ratio=0.0000 accept=1.0000 swapped=True
i=10 pair=(6,4) lam_t=0.95000 lam_s=0.96429 tsr_diff=0.011265 integral_mean=-0.000371 integral_std=0.010360 log_ratio=-0.8910 accept=0.4102 swapped=False
i=10 pair=(7,2) lam_t=0.97857 lam_s=0.99286 tsr_diff=0.010789 integral_mean=-0.000019 integral_std=0.008055 log_ratio=-0.0455 accept=0.9555 swapped=True
i=10 pair=(5,0) lam_t=1.00714 lam_s=1.02143 tsr_diff=0.010342 integral_mean=0.000118 integral_std=0.012231 log_ratio=0.0000 accept=1.0000 swapped=True
i=10 pair=(3,1) lam_t=1.03571 lam_s=1.05000 tsr_diff=0.009923 integral_mean=0.000635 integral_std=0.013314 log_ratio=0.0000 accept=1.0000 swapped=True
i=11 pair=(4,2) lam_t=0.96429 lam_s=0.97857 tsr_diff=0.012354 integral_mean=0.000819 integral_std=0.013780 log_ratio=0.0000 accept=1.0000 swapped=True
i=11 pair=(7,0) lam_t=0.99286 lam_s=1.00714 tsr_diff=0.011778 integral_mean=-0.000658 integral_std=0.015573 log_ratio=-1.5797 accept=0.2060 swapped=False
i=11 pair=(5,1) lam_t=1.02143 lam_s=1.03571 tsr_diff=0.011242 integral_mean=-0.000208 integral_std=0.015682 log_ratio=-0.4994 accept=0.6069 swapped=True
i=12 pair=(6,2) lam_t=0.95000 lam_s=0.96429 tsr_diff=0.013839 integral_mean=0.000781 integral_std=0.016384 log_ratio=0.0000 accept=1.0000 swapped=True
i=12 pair=(4,7) lam_t=0.97857 lam_s=0.99286 tsr_diff=0.013131 integral_mean=0.000914 integral_std=0.015829 log_ratio=0.0000 accept=1.0000 swapped=True
i=12 pair=(0,1) lam_t=1.00714 lam_s=1.02143 tsr_diff=0.012476 integral_mean=0.000261 integral_std=0.026140 log_ratio=0.0000 accept=1.0000 swapped=True
i=12 pair=(5,3) lam_t=1.03571 lam_s=1.05000 tsr_diff=0.011868 integral_mean=-0.000414 integral_std=0.014038 log_ratio=-0.9926 accept=0.3706 swapped=False
i=13 pair=(6,7) lam_t=0.96429 lam_s=0.97857 tsr_diff=0.014342 integral_mean=0.000878 integral_std=0.019221 log_ratio=0.0000 accept=1.0000 swapped=True
i=13 pair=(4,1) lam_t=0.99286 lam_s=1.00714 tsr_diff=0.013574 integral_mean=-0.004637 integral_std=0.049913 log_ratio=-11.1295 accept=0.0000 swapped=False
i=13 pair=(0,5) lam_t=1.02143 lam_s=1.03571 tsr_diff=0.012866 integral_mean=0.000432 integral_std=0.024517 log_ratio=0.0000 accept=1.0000 swapped=True
i=14 pair=(2,7) lam_t=0.95000 lam_s=0.96429 tsr_diff=0.015346 integral_mean=0.001268 integral_std=0.011581 log_ratio=0.0000 accept=1.0000 swapped=True
i=14 pair=(6,4) lam_t=0.97857 lam_s=0.99286 tsr_diff=0.014482 integral_mean=0.000869 integral_std=0.045341 log_ratio=0.0000 accept=1.0000 swapped=True
i=14 pair=(1,5) lam_t=1.00714 lam_s=1.02143 tsr_diff=0.013689 integral_mean=0.008000 integral_std=0.057314 log_ratio=0.0000 accept=1.0000 swapped=True
i=14 pair=(0,3) lam_t=1.03571 lam_s=1.05000 tsr_diff=0.012959 integral_mean=-0.004207 integral_std=0.064307 log_ratio=-10.0975 accept=0.0000 swapped=False
Best Sample: 7 log probability 0.000
Saved 1 samples to: logs/pointmaze-giant-navigate-v0/inference/plans/release_H400_T256_LimitsNormalizer_b1_condFalse/2026-07-20 17:56:22/24/0.png
Saved 1 samples to: logs/pointmaze-giant-navigate-v0/inference/plans/release_H400_T256_LimitsNormalizer_b1_condFalse/2026-07-20 17:56:22/24/rollout.png
i=0 pair=(0,1) lam_t=0.95000 lam_s=0.96429 tsr_diff=0.000000 integral_mean=0.000000 integral_std=0.000000 log_ratio=0.0000 accept=1.0000 swapped=True
i=0 pair=(2,3) lam_t=0.97857 lam_s=0.99286 tsr_diff=0.000000 integral_mean=0.000000 integral_std=0.000000 log_ratio=0.0000 accept=1.0000 swapped=True
i=0 pair=(4,5) lam_t=1.00714 lam_s=1.02143 tsr_diff=0.000000 integral_mean=0.000000 integral_std=0.000000 log_ratio=0.0000 accept=1.0000 swapped=True
i=0 pair=(6,7) lam_t=1.03571 lam_s=1.05000 tsr_diff=0.000000 integral_mean=0.000000 integral_std=0.000000 log_ratio=0.0000 accept=1.0000 swapped=True
i=1 pair=(0,3) lam_t=0.96429 lam_s=0.97857 tsr_diff=0.000153 integral_mean=-0.000003 integral_std=0.000136 log_ratio=-0.0064 accept=0.9936 swapped=True
i=1 pair=(2,5) lam_t=0.99286 lam_s=1.00714 tsr_diff=0.000152 integral_mean=-0.000001 integral_std=0.000143 log_ratio=-0.0032 accept=0.9968 swapped=True
i=1 pair=(4,7) lam_t=1.02143 lam_s=1.03571 tsr_diff=0.000152 integral_mean=-0.000001 integral_std=0.000148 log_ratio=-0.0024 accept=0.9976 swapped=True
i=2 pair=(1,3) lam_t=0.95000 lam_s=0.96429 tsr_diff=0.000605 integral_mean=-0.000008 integral_std=0.000596 log_ratio=-0.0195 accept=0.9807 swapped=True
i=2 pair=(0,5) lam_t=0.97857 lam_s=0.99286 tsr_diff=0.000604 integral_mean=0.000019 integral_std=0.000685 log_ratio=0.0000 accept=1.0000 swapped=True
i=2 pair=(2,7) lam_t=1.00714 lam_s=1.02143 tsr_diff=0.000603 integral_mean=0.000032 integral_std=0.000624 log_ratio=0.0000 accept=1.0000 swapped=True
i=2 pair=(4,6) lam_t=1.03571 lam_s=1.05000 tsr_diff=0.000601 integral_mean=0.000010 integral_std=0.000585 log_ratio=0.0000 accept=1.0000 swapped=True
i=3 pair=(1,5) lam_t=0.96429 lam_s=0.97857 tsr_diff=0.001341 integral_mean=-0.000046 integral_std=0.001372 log_ratio=-0.1099 accept=0.8959 swapped=True
i=3 pair=(0,7) lam_t=0.99286 lam_s=1.00714 tsr_diff=0.001333 integral_mean=-0.000022 integral_std=0.001423 log_ratio=-0.0521 accept=0.9492 swapped=True
i=3 pair=(2,6) lam_t=1.02143 lam_s=1.03571 tsr_diff=0.001326 integral_mean=0.000052 integral_std=0.001470 log_ratio=0.0000 accept=1.0000 swapped=True
i=4 pair=(3,5) lam_t=0.95000 lam_s=0.96429 tsr_diff=0.002344 integral_mean=-0.000026 integral_std=0.002327 log_ratio=-0.0618 accept=0.9401 swapped=True
i=4 pair=(1,7) lam_t=0.97857 lam_s=0.99286 tsr_diff=0.002322 integral_mean=-0.000016 integral_std=0.002316 log_ratio=-0.0373 accept=0.9634 swapped=True
i=4 pair=(0,6) lam_t=1.00714 lam_s=1.02143 tsr_diff=0.002301 integral_mean=-0.000083 integral_std=0.002400 log_ratio=-0.1995 accept=0.8192 swapped=True
i=4 pair=(2,4) lam_t=1.03571 lam_s=1.05000 tsr_diff=0.002280 integral_mean=-0.000089 integral_std=0.002328 log_ratio=-0.2141 accept=0.8073 swapped=True
i=5 pair=(3,7) lam_t=0.96429 lam_s=0.97857 tsr_diff=0.003545 integral_mean=-0.000062 integral_std=0.003628 log_ratio=-0.1476 accept=0.8627 swapped=True
i=5 pair=(1,6) lam_t=0.99286 lam_s=1.00714 tsr_diff=0.003496 integral_mean=-0.000140 integral_std=0.003408 log_ratio=-0.3364 accept=0.7144 swapped=True
i=5 pair=(0,4) lam_t=1.02143 lam_s=1.03571 tsr_diff=0.003447 integral_mean=-0.000043 integral_std=0.003349 log_ratio=-0.1022 accept=0.9029 swapped=True
i=6 pair=(5,7) lam_t=0.95000 lam_s=0.96429 tsr_diff=0.004979 integral_mean=-0.000106 integral_std=0.004761 log_ratio=-0.2555 accept=0.7745 swapped=True
i=6 pair=(3,6) lam_t=0.97857 lam_s=0.99286 tsr_diff=0.004883 integral_mean=0.000014 integral_std=0.004723 log_ratio=0.0000 accept=1.0000 swapped=True
i=6 pair=(1,4) lam_t=1.00714 lam_s=1.02143 tsr_diff=0.004789 integral_mean=-0.000209 integral_std=0.004688 log_ratio=-0.5025 accept=0.6050 swapped=True
i=6 pair=(0,2) lam_t=1.03571 lam_s=1.05000 tsr_diff=0.004698 integral_mean=-0.000246 integral_std=0.004947 log_ratio=-0.5904 accept=0.5541 swapped=True
i=7 pair=(5,6) lam_t=0.96429 lam_s=0.97857 tsr_diff=0.006435 integral_mean=-0.000043 integral_std=0.006374 log_ratio=-0.1040 accept=0.9013 swapped=True
i=7 pair=(3,4) lam_t=0.99286 lam_s=1.00714 tsr_diff=0.006274 integral_mean=-0.000325 integral_std=0.006242 log_ratio=-0.7805 accept=0.4582 swapped=False
i=7 pair=(1,2) lam_t=1.02143 lam_s=1.03571 tsr_diff=0.006120 integral_mean=-0.000212 integral_std=0.005965 log_ratio=-0.5092 accept=0.6010 swapped=False
i=8 pair=(7,6) lam_t=0.95000 lam_s=0.96429 tsr_diff=0.008123 integral_mean=0.000240 integral_std=0.007520 log_ratio=0.0000 accept=1.0000 swapped=True
i=8 pair=(5,3) lam_t=0.97857 lam_s=0.99286 tsr_diff=0.007872 integral_mean=0.000451 integral_std=0.008885 log_ratio=0.0000 accept=1.0000 swapped=True
i=8 pair=(4,1) lam_t=1.00714 lam_s=1.02143 tsr_diff=0.007631 integral_mean=0.000620 integral_std=0.009180 log_ratio=0.0000 accept=1.0000 swapped=True
i=8 pair=(2,0) lam_t=1.03571 lam_s=1.05000 tsr_diff=0.007402 integral_mean=0.000944 integral_std=0.008475 log_ratio=0.0000 accept=1.0000 swapped=True
i=9 pair=(7,3) lam_t=0.96429 lam_s=0.97857 tsr_diff=0.009548 integral_mean=0.000436 integral_std=0.010736 log_ratio=0.0000 accept=1.0000 swapped=True
i=9 pair=(5,1) lam_t=0.99286 lam_s=1.00714 tsr_diff=0.009200 integral_mean=0.000061 integral_std=0.010902 log_ratio=0.0000 accept=1.0000 swapped=True
i=9 pair=(4,0) lam_t=1.02143 lam_s=1.03571 tsr_diff=0.008870 integral_mean=0.000512 integral_std=0.010695 log_ratio=0.0000 accept=1.0000 swapped=True
i=10 pair=(6,3) lam_t=0.95000 lam_s=0.96429 tsr_diff=0.011265 integral_mean=0.000338 integral_std=0.012665 log_ratio=0.0000 accept=1.0000 swapped=True
i=10 pair=(7,1) lam_t=0.97857 lam_s=0.99286 tsr_diff=0.010789 integral_mean=0.000595 integral_std=0.014176 log_ratio=0.0000 accept=1.0000 swapped=True
i=10 pair=(5,0) lam_t=1.00714 lam_s=1.02143 tsr_diff=0.010342 integral_mean=0.000600 integral_std=0.014357 log_ratio=0.0000 accept=1.0000 swapped=True
i=10 pair=(4,2) lam_t=1.03571 lam_s=1.05000 tsr_diff=0.009923 integral_mean=0.000059 integral_std=0.013545 log_ratio=0.0000 accept=1.0000 swapped=True
i=11 pair=(6,1) lam_t=0.96429 lam_s=0.97857 tsr_diff=0.012354 integral_mean=-0.000006 integral_std=0.015244 log_ratio=-0.0133 accept=0.9868 swapped=True
i=11 pair=(7,0) lam_t=0.99286 lam_s=1.00714 tsr_diff=0.011778 integral_mean=0.000149 integral_std=0.011347 log_ratio=0.0000 accept=1.0000 swapped=True
i=11 pair=(5,2) lam_t=1.02143 lam_s=1.03571 tsr_diff=0.011242 integral_mean=-0.000064 integral_std=0.019355 log_ratio=-0.1545 accept=0.8568 swapped=True
i=12 pair=(3,1) lam_t=0.95000 lam_s=0.96429 tsr_diff=0.013839 integral_mean=-0.000799 integral_std=0.011406 log_ratio=-1.9184 accept=0.1468 swapped=False
i=12 pair=(6,0) lam_t=0.97857 lam_s=0.99286 tsr_diff=0.013131 integral_mean=0.000880 integral_std=0.018283 log_ratio=0.0000 accept=1.0000 swapped=True
i=12 pair=(7,2) lam_t=1.00714 lam_s=1.02143 tsr_diff=0.012476 integral_mean=-0.001957 integral_std=0.025871 log_ratio=-4.6968 accept=0.0091 swapped=False
i=12 pair=(5,4) lam_t=1.03571 lam_s=1.05000 tsr_diff=0.011868 integral_mean=-0.000038 integral_std=0.025595 log_ratio=-0.0920 accept=0.9121 swapped=True
i=13 pair=(1,0) lam_t=0.96429 lam_s=0.97857 tsr_diff=0.014342 integral_mean=0.001855 integral_std=0.024323 log_ratio=0.0000 accept=1.0000 swapped=True
i=13 pair=(6,7) lam_t=0.99286 lam_s=1.00714 tsr_diff=0.013574 integral_mean=0.008665 integral_std=0.069261 log_ratio=0.0000 accept=1.0000 swapped=True
i=13 pair=(2,4) lam_t=1.02143 lam_s=1.03571 tsr_diff=0.012866 integral_mean=0.002142 integral_std=0.063501 log_ratio=0.0000 accept=1.0000 swapped=True
i=14 pair=(3,0) lam_t=0.95000 lam_s=0.96429 tsr_diff=0.015346 integral_mean=0.003969 integral_std=0.024363 log_ratio=0.0000 accept=1.0000 swapped=True
i=14 pair=(1,7) lam_t=0.97857 lam_s=0.99286 tsr_diff=0.014482 integral_mean=0.000981 integral_std=0.021385 log_ratio=0.0000 accept=1.0000 swapped=True
i=14 pair=(6,4) lam_t=1.00714 lam_s=1.02143 tsr_diff=0.013689 integral_mean=-0.003639 integral_std=0.069593 log_ratio=-8.7348 accept=0.0002 swapped=False
i=14 pair=(2,5) lam_t=1.03571 lam_s=1.05000 tsr_diff=0.012959 integral_mean=0.006949 integral_std=0.121884 log_ratio=0.0000 accept=1.0000 swapped=True
Best Sample: 3 log probability -0.001
Saved 1 samples to: logs/pointmaze-giant-navigate-v0/inference/plans/release_H400_T256_LimitsNormalizer_b1_condFalse/2026-07-20 17:56:22/25/0.png
Saved 1 samples to: logs/pointmaze-giant-navigate-v0/inference/plans/release_H400_T256_LimitsNormalizer_b1_condFalse/2026-07-20 17:56:22/25/rollout.png
i=0 pair=(0,1) lam_t=0.95000 lam_s=0.96429 tsr_diff=0.000000 integral_mean=0.000000 integral_std=0.000000 log_ratio=0.0000 accept=1.0000 swapped=True
i=0 pair=(2,3) lam_t=0.97857 lam_s=0.99286 tsr_diff=0.000000 integral_mean=0.000000 integral_std=0.000000 log_ratio=0.0000 accept=1.0000 swapped=True
i=0 pair=(4,5) lam_t=1.00714 lam_s=1.02143 tsr_diff=0.000000 integral_mean=0.000000 integral_std=0.000000 log_ratio=0.0000 accept=1.0000 swapped=True
i=0 pair=(6,7) lam_t=1.03571 lam_s=1.05000 tsr_diff=0.000000 integral_mean=0.000000 integral_std=0.000000 log_ratio=0.0000 accept=1.0000 swapped=True
i=1 pair=(0,3) lam_t=0.96429 lam_s=0.97857 tsr_diff=0.000153 integral_mean=-0.000005 integral_std=0.000150 log_ratio=-0.0131 accept=0.9870 swapped=True
i=1 pair=(2,5) lam_t=0.99286 lam_s=1.00714 tsr_diff=0.000152 integral_mean=0.000001 integral_std=0.000154 log_ratio=0.0000 accept=1.0000 swapped=True
i=1 pair=(4,7) lam_t=1.02143 lam_s=1.03571 tsr_diff=0.000152 integral_mean=0.000002 integral_std=0.000148 log_ratio=0.0000 accept=1.0000 swapped=True
i=2 pair=(1,3) lam_t=0.95000 lam_s=0.96429 tsr_diff=0.000605 integral_mean=-0.000014 integral_std=0.000595 log_ratio=-0.0333 accept=0.9672 swapped=True
i=2 pair=(0,5) lam_t=0.97857 lam_s=0.99286 tsr_diff=0.000604 integral_mean=0.000030 integral_std=0.000584 log_ratio=0.0000 accept=1.0000 swapped=True
i=2 pair=(2,7) lam_t=1.00714 lam_s=1.02143 tsr_diff=0.000603 integral_mean=-0.000003 integral_std=0.000573 log_ratio=-0.0065 accept=0.9935 swapped=True
i=2 pair=(4,6) lam_t=1.03571 lam_s=1.05000 tsr_diff=0.000601 integral_mean=0.000012 integral_std=0.000610 log_ratio=0.0000 accept=1.0000 swapped=True
i=3 pair=(1,5) lam_t=0.96429 lam_s=0.97857 tsr_diff=0.001341 integral_mean=-0.000033 integral_std=0.001292 log_ratio=-0.0789 accept=0.9242 swapped=True
i=3 pair=(0,7) lam_t=0.99286 lam_s=1.00714 tsr_diff=0.001333 integral_mean=-0.000094 integral_std=0.001459 log_ratio=-0.2266 accept=0.7972 swapped=False
i=3 pair=(2,6) lam_t=1.02143 lam_s=1.03571 tsr_diff=0.001326 integral_mean=-0.000037 integral_std=0.001288 log_ratio=-0.0891 accept=0.9148 swapped=True
i=4 pair=(3,5) lam_t=0.95000 lam_s=0.96429 tsr_diff=0.002344 integral_mean=-0.000002 integral_std=0.002225 log_ratio=-0.0043 accept=0.9957 swapped=True
i=4 pair=(1,0) lam_t=0.97857 lam_s=0.99286 tsr_diff=0.002322 integral_mean=-0.000040 integral_std=0.002209 log_ratio=-0.0965 accept=0.9080 swapped=True
i=4 pair=(7,6) lam_t=1.00714 lam_s=1.02143 tsr_diff=0.002301 integral_mean=0.000087 integral_std=0.002167 log_ratio=0.0000 accept=1.0000 swapped=True
i=4 pair=(2,4) lam_t=1.03571 lam_s=1.05000 tsr_diff=0.002280 integral_mean=-0.000008 integral_std=0.002377 log_ratio=-0.0203 accept=0.9799 swapped=True
i=5 pair=(3,0) lam_t=0.96429 lam_s=0.97857 tsr_diff=0.003545 integral_mean=-0.000164 integral_std=0.003303 log_ratio=-0.3926 accept=0.6753 swapped=False
i=5 pair=(1,6) lam_t=0.99286 lam_s=1.00714 tsr_diff=0.003496 integral_mean=0.000001 integral_std=0.003181 log_ratio=0.0000 accept=1.0000 swapped=True
i=5 pair=(7,4) lam_t=1.02143 lam_s=1.03571 tsr_diff=0.003447 integral_mean=0.000013 integral_std=0.003274 log_ratio=0.0000 accept=1.0000 swapped=True
i=6 pair=(5,3) lam_t=0.95000 lam_s=0.96429 tsr_diff=0.004979 integral_mean=-0.000115 integral_std=0.004387 log_ratio=-0.2766 accept=0.7583 swapped=False
i=6 pair=(0,6) lam_t=0.97857 lam_s=0.99286 tsr_diff=0.004883 integral_mean=0.000079 integral_std=0.004782 log_ratio=0.0000 accept=1.0000 swapped=True
i=6 pair=(1,4) lam_t=1.00714 lam_s=1.02143 tsr_diff=0.004789 integral_mean=0.000063 integral_std=0.004496 log_ratio=0.0000 accept=1.0000 swapped=True
i=6 pair=(7,2) lam_t=1.03571 lam_s=1.05000 tsr_diff=0.004698 integral_mean=0.000010 integral_std=0.004556 log_ratio=0.0000 accept=1.0000 swapped=True
i=7 pair=(3,6) lam_t=0.96429 lam_s=0.97857 tsr_diff=0.006435 integral_mean=-0.000042 integral_std=0.005408 log_ratio=-0.0996 accept=0.9052 swapped=True
i=7 pair=(0,4) lam_t=0.99286 lam_s=1.00714 tsr_diff=0.006274 integral_mean=0.000427 integral_std=0.006244 log_ratio=0.0000 accept=1.0000 swapped=True
i=7 pair=(1,2) lam_t=1.02143 lam_s=1.03571 tsr_diff=0.006120 integral_mean=-0.000153 integral_std=0.005870 log_ratio=-0.3668 accept=0.6929 swapped=False
i=8 pair=(5,6) lam_t=0.95000 lam_s=0.96429 tsr_diff=0.008123 integral_mean=-0.000204 integral_std=0.006690 log_ratio=-0.4900 accept=0.6126 swapped=True
i=8 pair=(3,4) lam_t=0.97857 lam_s=0.99286 tsr_diff=0.007872 integral_mean=0.000275 integral_std=0.007765 log_ratio=0.0000 accept=1.0000 swapped=True
i=8 pair=(0,1) lam_t=1.00714 lam_s=1.02143 tsr_diff=0.007631 integral_mean=0.000058 integral_std=0.007109 log_ratio=0.0000 accept=1.0000 swapped=True
i=8 pair=(2,7) lam_t=1.03571 lam_s=1.05000 tsr_diff=0.007402 integral_mean=0.000117 integral_std=0.007732 log_ratio=0.0000 accept=1.0000 swapped=True
i=9 pair=(5,4) lam_t=0.96429 lam_s=0.97857 tsr_diff=0.009548 integral_mean=0.000008 integral_std=0.009814 log_ratio=0.0000 accept=1.0000 swapped=True
i=9 pair=(3,1) lam_t=0.99286 lam_s=1.00714 tsr_diff=0.009200 integral_mean=0.000114 integral_std=0.007346 log_ratio=0.0000 accept=1.0000 swapped=True
i=9 pair=(0,7) lam_t=1.02143 lam_s=1.03571 tsr_diff=0.008870 integral_mean=-0.000108 integral_std=0.009826 log_ratio=-0.2601 accept=0.7710 swapped=True
i=10 pair=(6,4) lam_t=0.95000 lam_s=0.96429 tsr_diff=0.011265 integral_mean=-0.000025 integral_std=0.011531 log_ratio=-0.0611 accept=0.9408 swapped=True
i=10 pair=(5,1) lam_t=0.97857 lam_s=0.99286 tsr_diff=0.010789 integral_mean=-0.000083 integral_std=0.007939 log_ratio=-0.1994 accept=0.8192 swapped=True
i=10 pair=(3,7) lam_t=1.00714 lam_s=1.02143 tsr_diff=0.010342 integral_mean=-0.000007 integral_std=0.012639 log_ratio=-0.0171 accept=0.9830 swapped=True
i=10 pair=(0,2) lam_t=1.03571 lam_s=1.05000 tsr_diff=0.009923 integral_mean=-0.000291 integral_std=0.010054 log_ratio=-0.6984 accept=0.4974 swapped=True
i=11 pair=(6,1) lam_t=0.96429 lam_s=0.97857 tsr_diff=0.012354 integral_mean=0.000145 integral_std=0.008352 log_ratio=0.0000 accept=1.0000 swapped=True
i=11 pair=(5,7) lam_t=0.99286 lam_s=1.00714 tsr_diff=0.011778 integral_mean=-0.000448 integral_std=0.014483 log_ratio=-1.0744 accept=0.3415 swapped=False
i=11 pair=(3,2) lam_t=1.02143 lam_s=1.03571 tsr_diff=0.011242 integral_mean=-0.000151 integral_std=0.011014 log_ratio=-0.3627 accept=0.6958 swapped=True
i=12 pair=(4,1) lam_t=0.95000 lam_s=0.96429 tsr_diff=0.013839 integral_mean=-0.000017 integral_std=0.015138 log_ratio=-0.0404 accept=0.9604 swapped=True
i=12 pair=(6,5) lam_t=0.97857 lam_s=0.99286 tsr_diff=0.013131 integral_mean=0.000337 integral_std=0.008133 log_ratio=0.0000 accept=1.0000 swapped=True
i=12 pair=(7,2) lam_t=1.00714 lam_s=1.02143 tsr_diff=0.012476 integral_mean=0.000759 integral_std=0.018600 log_ratio=0.0000 accept=1.0000 swapped=True
i=12 pair=(3,0) lam_t=1.03571 lam_s=1.05000 tsr_diff=0.011868 integral_mean=0.000514 integral_std=0.016805 log_ratio=0.0000 accept=1.0000 swapped=True
i=13 pair=(4,5) lam_t=0.96429 lam_s=0.97857 tsr_diff=0.014342 integral_mean=0.001006 integral_std=0.017593 log_ratio=0.0000 accept=1.0000 swapped=True
i=13 pair=(6,2) lam_t=0.99286 lam_s=1.00714 tsr_diff=0.013574 integral_mean=-0.001230 integral_std=0.024717 log_ratio=-2.9514 accept=0.0523 swapped=False
i=13 pair=(7,0) lam_t=1.02143 lam_s=1.03571 tsr_diff=0.012866 integral_mean=0.003315 integral_std=0.022988 log_ratio=0.0000 accept=1.0000 swapped=True
i=14 pair=(1,5) lam_t=0.95000 lam_s=0.96429 tsr_diff=0.015346 integral_mean=0.001107 integral_std=0.011222 log_ratio=0.0000 accept=1.0000 swapped=True
i=14 pair=(4,6) lam_t=0.97857 lam_s=0.99286 tsr_diff=0.014482 integral_mean=0.001267 integral_std=0.023563 log_ratio=0.0000 accept=1.0000 swapped=True
i=14 pair=(2,0) lam_t=1.00714 lam_s=1.02143 tsr_diff=0.013689 integral_mean=0.006207 integral_std=0.057862 log_ratio=0.0000 accept=1.0000 swapped=True
i=14 pair=(7,3) lam_t=1.03571 lam_s=1.05000 tsr_diff=0.012959 integral_mean=0.000016 integral_std=0.048267 log_ratio=0.0000 accept=1.0000 swapped=True
Best Sample: 1 log probability 0.000
Saved 1 samples to: logs/pointmaze-giant-navigate-v0/inference/plans/release_H400_T256_LimitsNormalizer_b1_condFalse/2026-07-20 17:56:22/26/0.png
Saved 1 samples to: logs/pointmaze-giant-navigate-v0/inference/plans/release_H400_T256_LimitsNormalizer_b1_condFalse/2026-07-20 17:56:22/26/rollout.png
i=0 pair=(0,1) lam_t=0.95000 lam_s=0.96429 tsr_diff=0.000000 integral_mean=0.000000 integral_std=0.000000 log_ratio=0.0000 accept=1.0000 swapped=True
i=0 pair=(2,3) lam_t=0.97857 lam_s=0.99286 tsr_diff=0.000000 integral_mean=0.000000 integral_std=0.000000 log_ratio=0.0000 accept=1.0000 swapped=True
i=0 pair=(4,5) lam_t=1.00714 lam_s=1.02143 tsr_diff=0.000000 integral_mean=0.000000 integral_std=0.000000 log_ratio=0.0000 accept=1.0000 swapped=True
i=0 pair=(6,7) lam_t=1.03571 lam_s=1.05000 tsr_diff=0.000000 integral_mean=0.000000 integral_std=0.000000 log_ratio=0.0000 accept=1.0000 swapped=True
i=1 pair=(0,3) lam_t=0.96429 lam_s=0.97857 tsr_diff=0.000153 integral_mean=-0.000007 integral_std=0.000158 log_ratio=-0.0170 accept=0.9831 swapped=True
i=1 pair=(2,5) lam_t=0.99286 lam_s=1.00714 tsr_diff=0.000152 integral_mean=-0.000002 integral_std=0.000150 log_ratio=-0.0058 accept=0.9942 swapped=True
i=1 pair=(4,7) lam_t=1.02143 lam_s=1.03571 tsr_diff=0.000152 integral_mean=0.000002 integral_std=0.000165 log_ratio=0.0000 accept=1.0000 swapped=True
i=2 pair=(1,3) lam_t=0.95000 lam_s=0.96429 tsr_diff=0.000605 integral_mean=-0.000027 integral_std=0.000641 log_ratio=-0.0656 accept=0.9365 swapped=True
i=2 pair=(0,5) lam_t=0.97857 lam_s=0.99286 tsr_diff=0.000604 integral_mean=-0.000013 integral_std=0.000610 log_ratio=-0.0305 accept=0.9700 swapped=True
i=2 pair=(2,7) lam_t=1.00714 lam_s=1.02143 tsr_diff=0.000603 integral_mean=0.000004 integral_std=0.000575 log_ratio=0.0000 accept=1.0000 swapped=True
i=2 pair=(4,6) lam_t=1.03571 lam_s=1.05000 tsr_diff=0.000601 integral_mean=-0.000040 integral_std=0.000641 log_ratio=-0.0969 accept=0.9076 swapped=True
i=3 pair=(1,5) lam_t=0.96429 lam_s=0.97857 tsr_diff=0.001341 integral_mean=0.000190 integral_std=0.001587 log_ratio=0.0000 accept=1.0000 swapped=True
i=3 pair=(0,7) lam_t=0.99286 lam_s=1.00714 tsr_diff=0.001333 integral_mean=0.000002 integral_std=0.001277 log_ratio=0.0000 accept=1.0000 swapped=True
i=3 pair=(2,6) lam_t=1.02143 lam_s=1.03571 tsr_diff=0.001326 integral_mean=-0.000090 integral_std=0.001358 log_ratio=-0.2159 accept=0.8058 swapped=False
i=4 pair=(3,5) lam_t=0.95000 lam_s=0.96429 tsr_diff=0.002344 integral_mean=-0.000055 integral_std=0.002207 log_ratio=-0.1328 accept=0.8756 swapped=True
i=4 pair=(1,7) lam_t=0.97857 lam_s=0.99286 tsr_diff=0.002322 integral_mean=0.000331 integral_std=0.002371 log_ratio=0.0000 accept=1.0000 swapped=True
i=4 pair=(0,2) lam_t=1.00714 lam_s=1.02143 tsr_diff=0.002301 integral_mean=-0.000046 integral_std=0.002095 log_ratio=-0.1105 accept=0.8954 swapped=True
i=4 pair=(6,4) lam_t=1.03571 lam_s=1.05000 tsr_diff=0.002280 integral_mean=0.000153 integral_std=0.002314 log_ratio=0.0000 accept=1.0000 swapped=True
i=5 pair=(3,7) lam_t=0.96429 lam_s=0.97857 tsr_diff=0.003545 integral_mean=0.000070 integral_std=0.003251 log_ratio=0.0000 accept=1.0000 swapped=True
i=5 pair=(1,2) lam_t=0.99286 lam_s=1.00714 tsr_diff=0.003496 integral_mean=0.000293 integral_std=0.003493 log_ratio=0.0000 accept=1.0000 swapped=True
i=5 pair=(0,4) lam_t=1.02143 lam_s=1.03571 tsr_diff=0.003447 integral_mean=-0.000144 integral_std=0.003115 log_ratio=-0.3453 accept=0.7080 swapped=True
i=6 pair=(5,7) lam_t=0.95000 lam_s=0.96429 tsr_diff=0.004979 integral_mean=0.000290 integral_std=0.004646 log_ratio=0.0000 accept=1.0000 swapped=True
i=6 pair=(3,2) lam_t=0.97857 lam_s=0.99286 tsr_diff=0.004883 integral_mean=-0.000013 integral_std=0.003945 log_ratio=-0.0311 accept=0.9694 swapped=True
i=6 pair=(1,4) lam_t=1.00714 lam_s=1.02143 tsr_diff=0.004789 integral_mean=-0.000372 integral_std=0.005357 log_ratio=-0.8930 accept=0.4094 swapped=False
i=6 pair=(0,6) lam_t=1.03571 lam_s=1.05000 tsr_diff=0.004698 integral_mean=-0.000441 integral_std=0.004480 log_ratio=-1.0584 accept=0.3470 swapped=False
i=7 pair=(5,2) lam_t=0.96429 lam_s=0.97857 tsr_diff=0.006435 integral_mean=0.000183 integral_std=0.005711 log_ratio=0.0000 accept=1.0000 swapped=True
i=7 pair=(3,1) lam_t=0.99286 lam_s=1.00714 tsr_diff=0.006274 integral_mean=-0.000144 integral_std=0.006465 log_ratio=-0.3466 accept=0.7071 swapped=True
i=7 pair=(4,0) lam_t=1.02143 lam_s=1.03571 tsr_diff=0.006120 integral_mean=0.000439 integral_std=0.005695 log_ratio=0.0000 accept=1.0000 swapped=True
i=8 pair=(7,2) lam_t=0.95000 lam_s=0.96429 tsr_diff=0.008123 integral_mean=0.000031 integral_std=0.006225 log_ratio=0.0000 accept=1.0000 swapped=True
i=8 pair=(5,1) lam_t=0.97857 lam_s=0.99286 tsr_diff=0.007872 integral_mean=0.000263 integral_std=0.008275 log_ratio=0.0000 accept=1.0000 swapped=True
i=8 pair=(3,0) lam_t=1.00714 lam_s=1.02143 tsr_diff=0.007631 integral_mean=0.000052 integral_std=0.008386 log_ratio=0.0000 accept=1.0000 swapped=True
i=8 pair=(4,6) lam_t=1.03571 lam_s=1.05000 tsr_diff=0.007402 integral_mean=0.001231 integral_std=0.009923 log_ratio=0.0000 accept=1.0000 swapped=True
i=9 pair=(7,1) lam_t=0.96429 lam_s=0.97857 tsr_diff=0.009548 integral_mean=0.000146 integral_std=0.009782 log_ratio=0.0000 accept=1.0000 swapped=True
i=9 pair=(5,0) lam_t=0.99286 lam_s=1.00714 tsr_diff=0.009200 integral_mean=0.000068 integral_std=0.008786 log_ratio=0.0000 accept=1.0000 swapped=True
i=9 pair=(3,6) lam_t=1.02143 lam_s=1.03571 tsr_diff=0.008870 integral_mean=-0.000749 integral_std=0.010369 log_ratio=-1.7971 accept=0.1658 swapped=False
i=10 pair=(2,1) lam_t=0.95000 lam_s=0.96429 tsr_diff=0.011265 integral_mean=-0.000135 integral_std=0.012669 log_ratio=-0.3247 accept=0.7228 swapped=True
i=10 pair=(7,0) lam_t=0.97857 lam_s=0.99286 tsr_diff=0.010789 integral_mean=0.000120 integral_std=0.010443 log_ratio=0.0000 accept=1.0000 swapped=True
i=10 pair=(5,3) lam_t=1.00714 lam_s=1.02143 tsr_diff=0.010342 integral_mean=0.000507 integral_std=0.008786 log_ratio=0.0000 accept=1.0000 swapped=True
i=10 pair=(6,4) lam_t=1.03571 lam_s=1.05000 tsr_diff=0.009923 integral_mean=0.000146 integral_std=0.013777 log_ratio=0.0000 accept=1.0000 swapped=True
i=11 pair=(2,0) lam_t=0.96429 lam_s=0.97857 tsr_diff=0.012354 integral_mean=0.000275 integral_std=0.012246 log_ratio=0.0000 accept=1.0000 swapped=True
i=11 pair=(7,3) lam_t=0.99286 lam_s=1.00714 tsr_diff=0.011778 integral_mean=0.000111 integral_std=0.007909 log_ratio=0.0000 accept=1.0000 swapped=True
i=11 pair=(5,4) lam_t=1.02143 lam_s=1.03571 tsr_diff=0.011242 integral_mean=0.000167 integral_std=0.011468 log_ratio=0.0000 accept=1.0000 swapped=True
i=12 pair=(1,0) lam_t=0.95000 lam_s=0.96429 tsr_diff=0.013839 integral_mean=0.000737 integral_std=0.013286 log_ratio=0.0000 accept=1.0000 swapped=True
i=12 pair=(2,3) lam_t=0.97857 lam_s=0.99286 tsr_diff=0.013131 integral_mean=0.000543 integral_std=0.007967 log_ratio=0.0000 accept=1.0000 swapped=True
i=12 pair=(7,4) lam_t=1.00714 lam_s=1.02143 tsr_diff=0.012476 integral_mean=-0.002600 integral_std=0.016679 log_ratio=-6.2410 accept=0.0019 swapped=False
i=12 pair=(5,6) lam_t=1.03571 lam_s=1.05000 tsr_diff=0.011868 integral_mean=0.000735 integral_std=0.020300 log_ratio=0.0000 accept=1.0000 swapped=True
i=13 pair=(1,3) lam_t=0.96429 lam_s=0.97857 tsr_diff=0.014342 integral_mean=0.001137 integral_std=0.021418 log_ratio=0.0000 accept=1.0000 swapped=True
i=13 pair=(2,7) lam_t=0.99286 lam_s=1.00714 tsr_diff=0.013574 integral_mean=0.000648 integral_std=0.006216 log_ratio=0.0000 accept=1.0000 swapped=True
i=13 pair=(4,6) lam_t=1.02143 lam_s=1.03571 tsr_diff=0.012866 integral_mean=0.002212 integral_std=0.032863 log_ratio=0.0000 accept=1.0000 swapped=True
i=14 pair=(0,3) lam_t=0.95000 lam_s=0.96429 tsr_diff=0.015346 integral_mean=0.001347 integral_std=0.024570 log_ratio=0.0000 accept=1.0000 swapped=True
i=14 pair=(1,7) lam_t=0.97857 lam_s=0.99286 tsr_diff=0.014482 integral_mean=0.003478 integral_std=0.017986 log_ratio=0.0000 accept=1.0000 swapped=True
i=14 pair=(2,6) lam_t=1.00714 lam_s=1.02143 tsr_diff=0.013689 integral_mean=-0.002900 integral_std=0.051408 log_ratio=-6.9593 accept=0.0009 swapped=False
i=14 pair=(4,5) lam_t=1.03571 lam_s=1.05000 tsr_diff=0.012959 integral_mean=0.037566 integral_std=0.218056 log_ratio=0.0000 accept=1.0000 swapped=True
Best Sample: 3 log probability 0.000
Saved 1 samples to: logs/pointmaze-giant-navigate-v0/inference/plans/release_H400_T256_LimitsNormalizer_b1_condFalse/2026-07-20 17:56:22/27/0.png
Saved 1 samples to: logs/pointmaze-giant-navigate-v0/inference/plans/release_H400_T256_LimitsNormalizer_b1_condFalse/2026-07-20 17:56:22/27/rollout.png
i=0 pair=(0,1) lam_t=0.95000 lam_s=0.96429 tsr_diff=0.000000 integral_mean=0.000000 integral_std=0.000000 log_ratio=0.0000 accept=1.0000 swapped=True
i=0 pair=(2,3) lam_t=0.97857 lam_s=0.99286 tsr_diff=0.000000 integral_mean=0.000000 integral_std=0.000000 log_ratio=0.0000 accept=1.0000 swapped=True
i=0 pair=(4,5) lam_t=1.00714 lam_s=1.02143 tsr_diff=0.000000 integral_mean=0.000000 integral_std=0.000000 log_ratio=0.0000 accept=1.0000 swapped=True
i=0 pair=(6,7) lam_t=1.03571 lam_s=1.05000 tsr_diff=0.000000 integral_mean=0.000000 integral_std=0.000000 log_ratio=0.0000 accept=1.0000 swapped=True
i=1 pair=(0,3) lam_t=0.96429 lam_s=0.97857 tsr_diff=0.000153 integral_mean=0.000001 integral_std=0.000158 log_ratio=0.0000 accept=1.0000 swapped=True
i=1 pair=(2,5) lam_t=0.99286 lam_s=1.00714 tsr_diff=0.000152 integral_mean=0.000001 integral_std=0.000155 log_ratio=0.0000 accept=1.0000 swapped=True
i=1 pair=(4,7) lam_t=1.02143 lam_s=1.03571 tsr_diff=0.000152 integral_mean=-0.000000 integral_std=0.000148 log_ratio=-0.0001 accept=0.9999 swapped=True
i=2 pair=(1,3) lam_t=0.95000 lam_s=0.96429 tsr_diff=0.000605 integral_mean=-0.000003 integral_std=0.000599 log_ratio=-0.0061 accept=0.9939 swapped=True
i=2 pair=(0,5) lam_t=0.97857 lam_s=0.99286 tsr_diff=0.000604 integral_mean=0.000010 integral_std=0.000624 log_ratio=0.0000 accept=1.0000 swapped=True
i=2 pair=(2,7) lam_t=1.00714 lam_s=1.02143 tsr_diff=0.000603 integral_mean=-0.000021 integral_std=0.000646 log_ratio=-0.0501 accept=0.9512 swapped=True
i=2 pair=(4,6) lam_t=1.03571 lam_s=1.05000 tsr_diff=0.000601 integral_mean=-0.000021 integral_std=0.000652 log_ratio=-0.0502 accept=0.9510 swapped=True
i=3 pair=(1,5) lam_t=0.96429 lam_s=0.97857 tsr_diff=0.001341 integral_mean=-0.000007 integral_std=0.001341 log_ratio=-0.0171 accept=0.9831 swapped=True
i=3 pair=(0,7) lam_t=0.99286 lam_s=1.00714 tsr_diff=0.001333 integral_mean=-0.000014 integral_std=0.001284 log_ratio=-0.0344 accept=0.9662 swapped=True
i=3 pair=(2,6) lam_t=1.02143 lam_s=1.03571 tsr_diff=0.001326 integral_mean=-0.000009 integral_std=0.001335 log_ratio=-0.0210 accept=0.9792 swapped=True
i=4 pair=(3,5) lam_t=0.95000 lam_s=0.96429 tsr_diff=0.002344 integral_mean=0.000094 integral_std=0.002150 log_ratio=0.0000 accept=1.0000 swapped=True
i=4 pair=(1,7) lam_t=0.97857 lam_s=0.99286 tsr_diff=0.002322 integral_mean=-0.000065 integral_std=0.002325 log_ratio=-0.1553 accept=0.8562 swapped=True
i=4 pair=(0,6) lam_t=1.00714 lam_s=1.02143 tsr_diff=0.002301 integral_mean=-0.000014 integral_std=0.002273 log_ratio=-0.0335 accept=0.9671 swapped=True
i=4 pair=(2,4) lam_t=1.03571 lam_s=1.05000 tsr_diff=0.002280 integral_mean=-0.000004 integral_std=0.002230 log_ratio=-0.0102 accept=0.9898 swapped=True
i=5 pair=(3,7) lam_t=0.96429 lam_s=0.97857 tsr_diff=0.003545 integral_mean=-0.000056 integral_std=0.003468 log_ratio=-0.1341 accept=0.8745 swapped=True
i=5 pair=(1,6) lam_t=0.99286 lam_s=1.00714 tsr_diff=0.003496 integral_mean=0.000010 integral_std=0.003310 log_ratio=0.0000 accept=1.0000 swapped=True
i=5 pair=(0,4) lam_t=1.02143 lam_s=1.03571 tsr_diff=0.003447 integral_mean=-0.000336 integral_std=0.003568 log_ratio=-0.8071 accept=0.4462 swapped=True
i=6 pair=(5,7) lam_t=0.95000 lam_s=0.96429 tsr_diff=0.004979 integral_mean=-0.000391 integral_std=0.005046 log_ratio=-0.9373 accept=0.3917 swapped=True
i=6 pair=(3,6) lam_t=0.97857 lam_s=0.99286 tsr_diff=0.004883 integral_mean=0.000064 integral_std=0.004522 log_ratio=0.0000 accept=1.0000 swapped=True
i=6 pair=(1,4) lam_t=1.00714 lam_s=1.02143 tsr_diff=0.004789 integral_mean=-0.000402 integral_std=0.004936 log_ratio=-0.9645 accept=0.3812 swapped=True
i=6 pair=(0,2) lam_t=1.03571 lam_s=1.05000 tsr_diff=0.004698 integral_mean=0.000138 integral_std=0.004608 log_ratio=0.0000 accept=1.0000 swapped=True
i=7 pair=(5,6) lam_t=0.96429 lam_s=0.97857 tsr_diff=0.006435 integral_mean=0.000095 integral_std=0.006288 log_ratio=0.0000 accept=1.0000 swapped=True
i=7 pair=(3,4) lam_t=0.99286 lam_s=1.00714 tsr_diff=0.006274 integral_mean=-0.000717 integral_std=0.006776 log_ratio=-1.7206 accept=0.1790 swapped=True
i=7 pair=(1,2) lam_t=1.02143 lam_s=1.03571 tsr_diff=0.006120 integral_mean=-0.000343 integral_std=0.006088 log_ratio=-0.8221 accept=0.4395 swapped=False
i=8 pair=(7,6) lam_t=0.95000 lam_s=0.96429 tsr_diff=0.008123 integral_mean=0.000585 integral_std=0.008141 log_ratio=0.0000 accept=1.0000 swapped=True
i=8 pair=(5,4) lam_t=0.97857 lam_s=0.99286 tsr_diff=0.007872 integral_mean=-0.000530 integral_std=0.008767 log_ratio=-1.2712 accept=0.2805 swapped=False
i=8 pair=(3,1) lam_t=1.00714 lam_s=1.02143 tsr_diff=0.007631 integral_mean=-0.000161 integral_std=0.007412 log_ratio=-0.3874 accept=0.6788 swapped=True
i=8 pair=(2,0) lam_t=1.03571 lam_s=1.05000 tsr_diff=0.007402 integral_mean=0.000136 integral_std=0.007097 log_ratio=0.0000 accept=1.0000 swapped=True
i=9 pair=(7,5) lam_t=0.96429 lam_s=0.97857 tsr_diff=0.009548 integral_mean=0.000749 integral_std=0.010463 log_ratio=0.0000 accept=1.0000 swapped=True
i=9 pair=(4,1) lam_t=0.99286 lam_s=1.00714 tsr_diff=0.009200 integral_mean=0.000911 integral_std=0.011722 log_ratio=0.0000 accept=1.0000 swapped=True
i=9 pair=(3,0) lam_t=1.02143 lam_s=1.03571 tsr_diff=0.008870 integral_mean=-0.000079 integral_std=0.008263 log_ratio=-0.1905 accept=0.8266 swapped=True
i=10 pair=(6,5) lam_t=0.95000 lam_s=0.96429 tsr_diff=0.011265 integral_mean=-0.000338 integral_std=0.011949 log_ratio=-0.8101 accept=0.4448 swapped=True
i=10 pair=(7,1) lam_t=0.97857 lam_s=0.99286 tsr_diff=0.010789 integral_mean=0.001045 integral_std=0.013119 log_ratio=0.0000 accept=1.0000 swapped=True
i=10 pair=(4,0) lam_t=1.00714 lam_s=1.02143 tsr_diff=0.010342 integral_mean=0.000162 integral_std=0.012597 log_ratio=0.0000 accept=1.0000 swapped=True
i=10 pair=(3,2) lam_t=1.03571 lam_s=1.05000 tsr_diff=0.009923 integral_mean=-0.001635 integral_std=0.014016 log_ratio=-3.9242 accept=0.0198 swapped=False
i=11 pair=(6,1) lam_t=0.96429 lam_s=0.97857 tsr_diff=0.012354 integral_mean=0.000126 integral_std=0.014294 log_ratio=0.0000 accept=1.0000 swapped=True
i=11 pair=(7,0) lam_t=0.99286 lam_s=1.00714 tsr_diff=0.011778 integral_mean=0.000302 integral_std=0.015848 log_ratio=0.0000 accept=1.0000 swapped=True
i=11 pair=(4,3) lam_t=1.02143 lam_s=1.03571 tsr_diff=0.011242 integral_mean=0.001406 integral_std=0.019048 log_ratio=0.0000 accept=1.0000 swapped=True
i=12 pair=(5,1) lam_t=0.95000 lam_s=0.96429 tsr_diff=0.013839 integral_mean=0.000936 integral_std=0.018938 log_ratio=0.0000 accept=1.0000 swapped=True
i=12 pair=(6,0) lam_t=0.97857 lam_s=0.99286 tsr_diff=0.013131 integral_mean=0.000136 integral_std=0.018505 log_ratio=0.0000 accept=1.0000 swapped=True
i=12 pair=(7,3) lam_t=1.00714 lam_s=1.02143 tsr_diff=0.012476 integral_mean=0.000738 integral_std=0.015707 log_ratio=0.0000 accept=1.0000 swapped=True
i=12 pair=(4,2) lam_t=1.03571 lam_s=1.05000 tsr_diff=0.011868 integral_mean=-0.000550 integral_std=0.031935 log_ratio=-1.3192 accept=0.2674 swapped=False
i=13 pair=(5,0) lam_t=0.96429 lam_s=0.97857 tsr_diff=0.014342 integral_mean=0.000442 integral_std=0.028884 log_ratio=0.0000 accept=1.0000 swapped=True
i=13 pair=(6,3) lam_t=0.99286 lam_s=1.00714 tsr_diff=0.013574 integral_mean=0.000675 integral_std=0.015947 log_ratio=0.0000 accept=1.0000 swapped=True
i=13 pair=(7,4) lam_t=1.02143 lam_s=1.03571 tsr_diff=0.012866 integral_mean=0.000910 integral_std=0.041990 log_ratio=0.0000 accept=1.0000 swapped=True
i=14 pair=(1,0) lam_t=0.95000 lam_s=0.96429 tsr_diff=0.015346 integral_mean=-0.002040 integral_std=0.072509 log_ratio=-4.8957 accept=0.0075 swapped=False
i=14 pair=(5,3) lam_t=0.97857 lam_s=0.99286 tsr_diff=0.014482 integral_mean=0.000082 integral_std=0.010099 log_ratio=0.0000 accept=1.0000 swapped=True
i=14 pair=(6,4) lam_t=1.00714 lam_s=1.02143 tsr_diff=0.013689 integral_mean=-0.014926 integral_std=0.153191 log_ratio=-35.8228 accept=0.0000 swapped=False
i=14 pair=(7,2) lam_t=1.03571 lam_s=1.05000 tsr_diff=0.012959 integral_mean=0.010070 integral_std=0.142428 log_ratio=0.0000 accept=1.0000 swapped=True
Best Sample: 3 log probability -0.042
Saved 1 samples to: logs/pointmaze-giant-navigate-v0/inference/plans/release_H400_T256_LimitsNormalizer_b1_condFalse/2026-07-20 17:56:22/28/0.png
Saved 1 samples to: logs/pointmaze-giant-navigate-v0/inference/plans/release_H400_T256_LimitsNormalizer_b1_condFalse/2026-07-20 17:56:22/28/rollout.png
i=0 pair=(0,1) lam_t=0.95000 lam_s=0.96429 tsr_diff=0.000000 integral_mean=0.000000 integral_std=0.000000 log_ratio=0.0000 accept=1.0000 swapped=True
i=0 pair=(2,3) lam_t=0.97857 lam_s=0.99286 tsr_diff=0.000000 integral_mean=0.000000 integral_std=0.000000 log_ratio=0.0000 accept=1.0000 swapped=True
i=0 pair=(4,5) lam_t=1.00714 lam_s=1.02143 tsr_diff=0.000000 integral_mean=0.000000 integral_std=0.000000 log_ratio=0.0000 accept=1.0000 swapped=True
i=0 pair=(6,7) lam_t=1.03571 lam_s=1.05000 tsr_diff=0.000000 integral_mean=0.000000 integral_std=0.000000 log_ratio=0.0000 accept=1.0000 swapped=True
i=1 pair=(0,3) lam_t=0.96429 lam_s=0.97857 tsr_diff=0.000153 integral_mean=0.000002 integral_std=0.000142 log_ratio=0.0000 accept=1.0000 swapped=True
i=1 pair=(2,5) lam_t=0.99286 lam_s=1.00714 tsr_diff=0.000152 integral_mean=0.000001 integral_std=0.000149 log_ratio=0.0000 accept=1.0000 swapped=True
i=1 pair=(4,7) lam_t=1.02143 lam_s=1.03571 tsr_diff=0.000152 integral_mean=-0.000003 integral_std=0.000153 log_ratio=-0.0068 accept=0.9932 swapped=True
i=2 pair=(1,3) lam_t=0.95000 lam_s=0.96429 tsr_diff=0.000605 integral_mean=-0.000001 integral_std=0.000588 log_ratio=-0.0023 accept=0.9977 swapped=True
i=2 pair=(0,5) lam_t=0.97857 lam_s=0.99286 tsr_diff=0.000604 integral_mean=0.000001 integral_std=0.000568 log_ratio=0.0000 accept=1.0000 swapped=True
i=2 pair=(2,7) lam_t=1.00714 lam_s=1.02143 tsr_diff=0.000603 integral_mean=-0.000002 integral_std=0.000620 log_ratio=-0.0039 accept=0.9961 swapped=True
i=2 pair=(4,6) lam_t=1.03571 lam_s=1.05000 tsr_diff=0.000601 integral_mean=0.000029 integral_std=0.000607 log_ratio=0.0000 accept=1.0000 swapped=True
i=3 pair=(1,5) lam_t=0.96429 lam_s=0.97857 tsr_diff=0.001341 integral_mean=-0.000015 integral_std=0.001347 log_ratio=-0.0355 accept=0.9651 swapped=True
i=3 pair=(0,7) lam_t=0.99286 lam_s=1.00714 tsr_diff=0.001333 integral_mean=-0.000003 integral_std=0.001286 log_ratio=-0.0068 accept=0.9932 swapped=True
i=3 pair=(2,6) lam_t=1.02143 lam_s=1.03571 tsr_diff=0.001326 integral_mean=-0.000012 integral_std=0.001229 log_ratio=-0.0296 accept=0.9709 swapped=True
i=4 pair=(3,5) lam_t=0.95000 lam_s=0.96429 tsr_diff=0.002344 integral_mean=0.000056 integral_std=0.002035 log_ratio=0.0000 accept=1.0000 swapped=True
i=4 pair=(1,7) lam_t=0.97857 lam_s=0.99286 tsr_diff=0.002322 integral_mean=0.000007 integral_std=0.002136 log_ratio=0.0000 accept=1.0000 swapped=True
i=4 pair=(0,6) lam_t=1.00714 lam_s=1.02143 tsr_diff=0.002301 integral_mean=0.000074 integral_std=0.002255 log_ratio=0.0000 accept=1.0000 swapped=True
i=4 pair=(2,4) lam_t=1.03571 lam_s=1.05000 tsr_diff=0.002280 integral_mean=-0.000059 integral_std=0.002179 log_ratio=-0.1413 accept=0.8683 swapped=True
i=5 pair=(3,7) lam_t=0.96429 lam_s=0.97857 tsr_diff=0.003545 integral_mean=-0.000020 integral_std=0.003303 log_ratio=-0.0478 accept=0.9534 swapped=False
i=5 pair=(1,6) lam_t=0.99286 lam_s=1.00714 tsr_diff=0.003496 integral_mean=-0.000114 integral_std=0.003315 log_ratio=-0.2737 accept=0.7605 swapped=True
i=5 pair=(0,4) lam_t=1.02143 lam_s=1.03571 tsr_diff=0.003447 integral_mean=-0.000347 integral_std=0.003937 log_ratio=-0.8332 accept=0.4346 swapped=True
i=6 pair=(5,3) lam_t=0.95000 lam_s=0.96429 tsr_diff=0.004979 integral_mean=-0.000121 integral_std=0.004455 log_ratio=-0.2895 accept=0.7486 swapped=True
i=6 pair=(7,6) lam_t=0.97857 lam_s=0.99286 tsr_diff=0.004883 integral_mean=-0.000020 integral_std=0.004886 log_ratio=-0.0478 accept=0.9533 swapped=True
i=6 pair=(1,4) lam_t=1.00714 lam_s=1.02143 tsr_diff=0.004789 integral_mean=-0.000129 integral_std=0.004602 log_ratio=-0.3106 accept=0.7330 swapped=False
i=6 pair=(0,2) lam_t=1.03571 lam_s=1.05000 tsr_diff=0.004698 integral_mean=-0.000015 integral_std=0.004637 log_ratio=-0.0367 accept=0.9640 swapped=True
i=7 pair=(5,6) lam_t=0.96429 lam_s=0.97857 tsr_diff=0.006435 integral_mean=-0.000047 integral_std=0.006223 log_ratio=-0.1140 accept=0.8923 swapped=True
i=7 pair=(7,1) lam_t=0.99286 lam_s=1.00714 tsr_diff=0.006274 integral_mean=0.000278 integral_std=0.005656 log_ratio=0.0000 accept=1.0000 swapped=True
i=7 pair=(4,2) lam_t=1.02143 lam_s=1.03571 tsr_diff=0.006120 integral_mean=0.000172 integral_std=0.005339 log_ratio=0.0000 accept=1.0000 swapped=True
i=8 pair=(3,6) lam_t=0.95000 lam_s=0.96429 tsr_diff=0.008123 integral_mean=-0.000398 integral_std=0.008279 log_ratio=-0.9555 accept=0.3846 swapped=True
i=8 pair=(5,1) lam_t=0.97857 lam_s=0.99286 tsr_diff=0.007872 integral_mean=0.000015 integral_std=0.006503 log_ratio=0.0000 accept=1.0000 swapped=True
i=8 pair=(7,2) lam_t=1.00714 lam_s=1.02143 tsr_diff=0.007631 integral_mean=0.000410 integral_std=0.007571 log_ratio=0.0000 accept=1.0000 swapped=True
i=8 pair=(4,0) lam_t=1.03571 lam_s=1.05000 tsr_diff=0.007402 integral_mean=-0.000263 integral_std=0.007765 log_ratio=-0.6302 accept=0.5325 swapped=False
i=9 pair=(3,1) lam_t=0.96429 lam_s=0.97857 tsr_diff=0.009548 integral_mean=0.000454 integral_std=0.007350 log_ratio=0.0000 accept=1.0000 swapped=True
i=9 pair=(5,2) lam_t=0.99286 lam_s=1.00714 tsr_diff=0.009200 integral_mean=0.000005 integral_std=0.008012 log_ratio=0.0000 accept=1.0000 swapped=True
i=9 pair=(7,4) lam_t=1.02143 lam_s=1.03571 tsr_diff=0.008870 integral_mean=0.002009 integral_std=0.012676 log_ratio=0.0000 accept=1.0000 swapped=True
i=10 pair=(6,1) lam_t=0.95000 lam_s=0.96429 tsr_diff=0.011265 integral_mean=0.000567 integral_std=0.011019 log_ratio=0.0000 accept=1.0000 swapped=True
i=10 pair=(3,2) lam_t=0.97857 lam_s=0.99286 tsr_diff=0.010789 integral_mean=0.000479 integral_std=0.010120 log_ratio=0.0000 accept=1.0000 swapped=True
i=10 pair=(5,4) lam_t=1.00714 lam_s=1.02143 tsr_diff=0.010342 integral_mean=-0.000106 integral_std=0.010201 log_ratio=-0.2553 accept=0.7747 swapped=True
i=10 pair=(7,0) lam_t=1.03571 lam_s=1.05000 tsr_diff=0.009923 integral_mean=0.000280 integral_std=0.010539 log_ratio=0.0000 accept=1.0000 swapped=True
i=11 pair=(6,2) lam_t=0.96429 lam_s=0.97857 tsr_diff=0.012354 integral_mean=0.001017 integral_std=0.015685 log_ratio=0.0000 accept=1.0000 swapped=True
i=11 pair=(3,4) lam_t=0.99286 lam_s=1.00714 tsr_diff=0.011778 integral_mean=0.000212 integral_std=0.012818 log_ratio=0.0000 accept=1.0000 swapped=True
i=11 pair=(5,0) lam_t=1.02143 lam_s=1.03571 tsr_diff=0.011242 integral_mean=-0.000556 integral_std=0.012014 log_ratio=-1.3332 accept=0.2636 swapped=False
i=12 pair=(1,2) lam_t=0.95000 lam_s=0.96429 tsr_diff=0.013839 integral_mean=0.000334 integral_std=0.013061 log_ratio=0.0000 accept=1.0000 swapped=True
i=12 pair=(6,4) lam_t=0.97857 lam_s=0.99286 tsr_diff=0.013131 integral_mean=0.001519 integral_std=0.020399 log_ratio=0.0000 accept=1.0000 swapped=True
i=12 pair=(3,5) lam_t=1.00714 lam_s=1.02143 tsr_diff=0.012476 integral_mean=0.000286 integral_std=0.007627 log_ratio=0.0000 accept=1.0000 swapped=True
i=12 pair=(0,7) lam_t=1.03571 lam_s=1.05000 tsr_diff=0.011868 integral_mean=0.001345 integral_std=0.020513 log_ratio=0.0000 accept=1.0000 swapped=True
i=13 pair=(1,4) lam_t=0.96429 lam_s=0.97857 tsr_diff=0.014342 integral_mean=-0.000048 integral_std=0.019775 log_ratio=-0.1149 accept=0.8914 swapped=True
i=13 pair=(6,5) lam_t=0.99286 lam_s=1.00714 tsr_diff=0.013574 integral_mean=0.001725 integral_std=0.016912 log_ratio=0.0000 accept=1.0000 swapped=True
i=13 pair=(3,7) lam_t=1.02143 lam_s=1.03571 tsr_diff=0.012866 integral_mean=-0.001264 integral_std=0.023001 log_ratio=-3.0326 accept=0.0482 swapped=False
i=14 pair=(2,4) lam_t=0.95000 lam_s=0.96429 tsr_diff=0.015346 integral_mean=0.000941 integral_std=0.038236 log_ratio=0.0000 accept=1.0000 swapped=True
i=14 pair=(1,5) lam_t=0.97857 lam_s=0.99286 tsr_diff=0.014482 integral_mean=-0.000114 integral_std=0.008023 log_ratio=-0.2730 accept=0.7611 swapped=True
i=14 pair=(6,3) lam_t=1.00714 lam_s=1.02143 tsr_diff=0.013689 integral_mean=0.006386 integral_std=0.034770 log_ratio=0.0000 accept=1.0000 swapped=True
i=14 pair=(7,0) lam_t=1.03571 lam_s=1.05000 tsr_diff=0.012959 integral_mean=-0.004126 integral_std=0.073951 log_ratio=-9.9033 accept=0.0001 swapped=False
Best Sample: 5 log probability 0.000
Saved 1 samples to: logs/pointmaze-giant-navigate-v0/inference/plans/release_H400_T256_LimitsNormalizer_b1_condFalse/2026-07-20 17:56:22/29/0.png
Saved 1 samples to: logs/pointmaze-giant-navigate-v0/inference/plans/release_H400_T256_LimitsNormalizer_b1_condFalse/2026-07-20 17:56:22/29/rollout.png
i=0 pair=(0,1) lam_t=0.95000 lam_s=0.96429 tsr_diff=0.000000 integral_mean=0.000000 integral_std=0.000000 log_ratio=0.0000 accept=1.0000 swapped=True
i=0 pair=(2,3) lam_t=0.97857 lam_s=0.99286 tsr_diff=0.000000 integral_mean=0.000000 integral_std=0.000000 log_ratio=0.0000 accept=1.0000 swapped=True
i=0 pair=(4,5) lam_t=1.00714 lam_s=1.02143 tsr_diff=0.000000 integral_mean=0.000000 integral_std=0.000000 log_ratio=0.0000 accept=1.0000 swapped=True
i=0 pair=(6,7) lam_t=1.03571 lam_s=1.05000 tsr_diff=0.000000 integral_mean=0.000000 integral_std=0.000000 log_ratio=0.0000 accept=1.0000 swapped=True
i=1 pair=(0,3) lam_t=0.96429 lam_s=0.97857 tsr_diff=0.000153 integral_mean=-0.000007 integral_std=0.000156 log_ratio=-0.0165 accept=0.9836 swapped=True
i=1 pair=(2,5) lam_t=0.99286 lam_s=1.00714 tsr_diff=0.000152 integral_mean=0.000000 integral_std=0.000155 log_ratio=0.0000 accept=1.0000 swapped=True
i=1 pair=(4,7) lam_t=1.02143 lam_s=1.03571 tsr_diff=0.000152 integral_mean=0.000004 integral_std=0.000159 log_ratio=0.0000 accept=1.0000 swapped=True
i=2 pair=(1,3) lam_t=0.95000 lam_s=0.96429 tsr_diff=0.000605 integral_mean=0.000002 integral_std=0.000595 log_ratio=0.0000 accept=1.0000 swapped=True
i=2 pair=(0,5) lam_t=0.97857 lam_s=0.99286 tsr_diff=0.000604 integral_mean=0.000008 integral_std=0.000606 log_ratio=0.0000 accept=1.0000 swapped=True
i=2 pair=(2,7) lam_t=1.00714 lam_s=1.02143 tsr_diff=0.000603 integral_mean=-0.000036 integral_std=0.000657 log_ratio=-0.0862 accept=0.9174 swapped=True
i=2 pair=(4,6) lam_t=1.03571 lam_s=1.05000 tsr_diff=0.000601 integral_mean=0.000021 integral_std=0.000612 log_ratio=0.0000 accept=1.0000 swapped=True
i=3 pair=(1,5) lam_t=0.96429 lam_s=0.97857 tsr_diff=0.001341 integral_mean=0.000048 integral_std=0.001318 log_ratio=0.0000 accept=1.0000 swapped=True
i=3 pair=(0,7) lam_t=0.99286 lam_s=1.00714 tsr_diff=0.001333 integral_mean=-0.000027 integral_std=0.001333 log_ratio=-0.0653 accept=0.9368 swapped=True
i=3 pair=(2,6) lam_t=1.02143 lam_s=1.03571 tsr_diff=0.001326 integral_mean=0.000053 integral_std=0.001386 log_ratio=0.0000 accept=1.0000 swapped=True
i=4 pair=(3,5) lam_t=0.95000 lam_s=0.96429 tsr_diff=0.002344 integral_mean=0.000117 integral_std=0.002183 log_ratio=0.0000 accept=1.0000 swapped=True
i=4 pair=(1,7) lam_t=0.97857 lam_s=0.99286 tsr_diff=0.002322 integral_mean=-0.000125 integral_std=0.002392 log_ratio=-0.2998 accept=0.7410 swapped=False
i=4 pair=(0,6) lam_t=1.00714 lam_s=1.02143 tsr_diff=0.002301 integral_mean=-0.000103 integral_std=0.002233 log_ratio=-0.2464 accept=0.7816 swapped=False
i=4 pair=(2,4) lam_t=1.03571 lam_s=1.05000 tsr_diff=0.002280 integral_mean=-0.000007 integral_std=0.002230 log_ratio=-0.0175 accept=0.9826 swapped=True
i=5 pair=(3,1) lam_t=0.96429 lam_s=0.97857 tsr_diff=0.003545 integral_mean=0.001016 integral_std=0.005143 log_ratio=0.0000 accept=1.0000 swapped=True
i=5 pair=(7,0) lam_t=0.99286 lam_s=1.00714 tsr_diff=0.003496 integral_mean=0.000111 integral_std=0.003365 log_ratio=0.0000 accept=1.0000 swapped=True
i=5 pair=(6,4) lam_t=1.02143 lam_s=1.03571 tsr_diff=0.003447 integral_mean=0.000164 integral_std=0.003413 log_ratio=0.0000 accept=1.0000 swapped=True
i=6 pair=(5,1) lam_t=0.95000 lam_s=0.96429 tsr_diff=0.004979 integral_mean=0.000118 integral_std=0.004834 log_ratio=0.0000 accept=1.0000 swapped=True
i=6 pair=(3,0) lam_t=0.97857 lam_s=0.99286 tsr_diff=0.004883 integral_mean=0.000623 integral_std=0.005252 log_ratio=0.0000 accept=1.0000 swapped=True
i=6 pair=(7,4) lam_t=1.00714 lam_s=1.02143 tsr_diff=0.004789 integral_mean=0.000126 integral_std=0.004669 log_ratio=0.0000 accept=1.0000 swapped=True
i=6 pair=(6,2) lam_t=1.03571 lam_s=1.05000 tsr_diff=0.004698 integral_mean=-0.000062 integral_std=0.004680 log_ratio=-0.1498 accept=0.8609 swapped=False
i=7 pair=(5,0) lam_t=0.96429 lam_s=0.97857 tsr_diff=0.006435 integral_mean=0.000275 integral_std=0.005479 log_ratio=0.0000 accept=1.0000 swapped=True
i=7 pair=(3,4) lam_t=0.99286 lam_s=1.00714 tsr_diff=0.006274 integral_mean=-0.000052 integral_std=0.006727 log_ratio=-0.1246 accept=0.8829 swapped=True
i=7 pair=(7,6) lam_t=1.02143 lam_s=1.03571 tsr_diff=0.006120 integral_mean=-0.000027 integral_std=0.005667 log_ratio=-0.0644 accept=0.9376 swapped=True
i=8 pair=(1,0) lam_t=0.95000 lam_s=0.96429 tsr_diff=0.008123 integral_mean=0.001242 integral_std=0.008964 log_ratio=0.0000 accept=1.0000 swapped=True
i=8 pair=(5,4) lam_t=0.97857 lam_s=0.99286 tsr_diff=0.007872 integral_mean=-0.000852 integral_std=0.010062 log_ratio=-2.0459 accept=0.1293 swapped=False
i=8 pair=(3,6) lam_t=1.00714 lam_s=1.02143 tsr_diff=0.007631 integral_mean=0.000362 integral_std=0.008216 log_ratio=0.0000 accept=1.0000 swapped=True
i=8 pair=(7,2) lam_t=1.03571 lam_s=1.05000 tsr_diff=0.007402 integral_mean=-0.000337 integral_std=0.007714 log_ratio=-0.8078 accept=0.4459 swapped=False
i=9 pair=(1,5) lam_t=0.96429 lam_s=0.97857 tsr_diff=0.009548 integral_mean=0.001275 integral_std=0.010307 log_ratio=0.0000 accept=1.0000 swapped=True
i=9 pair=(4,6) lam_t=0.99286 lam_s=1.00714 tsr_diff=0.009200 integral_mean=0.000634 integral_std=0.011111 log_ratio=0.0000 accept=1.0000 swapped=True
i=9 pair=(3,7) lam_t=1.02143 lam_s=1.03571 tsr_diff=0.008870 integral_mean=0.001820 integral_std=0.013523 log_ratio=0.0000 accept=1.0000 swapped=True
i=10 pair=(0,5) lam_t=0.95000 lam_s=0.96429 tsr_diff=0.011265 integral_mean=-0.000565 integral_std=0.008755 log_ratio=-1.3567 accept=0.2575 swapped=True
i=10 pair=(1,6) lam_t=0.97857 lam_s=0.99286 tsr_diff=0.010789 integral_mean=0.000697 integral_std=0.011305 log_ratio=0.0000 accept=1.0000 swapped=True
i=10 pair=(4,7) lam_t=1.00714 lam_s=1.02143 tsr_diff=0.010342 integral_mean=0.003267 integral_std=0.020004 log_ratio=0.0000 accept=1.0000 swapped=True
i=10 pair=(3,2) lam_t=1.03571 lam_s=1.05000 tsr_diff=0.009923 integral_mean=0.001791 integral_std=0.019620 log_ratio=0.0000 accept=1.0000 swapped=True
i=11 pair=(0,6) lam_t=0.96429 lam_s=0.97857 tsr_diff=0.012354 integral_mean=-0.000501 integral_std=0.013484 log_ratio=-1.2019 accept=0.3006 swapped=False
i=11 pair=(1,7) lam_t=0.99286 lam_s=1.00714 tsr_diff=0.011778 integral_mean=-0.001253 integral_std=0.016306 log_ratio=-3.0072 accept=0.0494 swapped=False
i=11 pair=(4,2) lam_t=1.02143 lam_s=1.03571 tsr_diff=0.011242 integral_mean=0.002388 integral_std=0.022337 log_ratio=0.0000 accept=1.0000 swapped=True
i=12 pair=(5,0) lam_t=0.95000 lam_s=0.96429 tsr_diff=0.013839 integral_mean=0.000824 integral_std=0.011388 log_ratio=0.0000 accept=1.0000 swapped=True
i=12 pair=(6,1) lam_t=0.97857 lam_s=0.99286 tsr_diff=0.013131 integral_mean=-0.000288 integral_std=0.017749 log_ratio=-0.6910 accept=0.5011 swapped=False
i=12 pair=(7,2) lam_t=1.00714 lam_s=1.02143 tsr_diff=0.012476 integral_mean=0.000763 integral_std=0.031317 log_ratio=0.0000 accept=1.0000 swapped=True
i=12 pair=(4,3) lam_t=1.03571 lam_s=1.05000 tsr_diff=0.011868 integral_mean=0.005230 integral_std=0.037220 log_ratio=0.0000 accept=1.0000 swapped=True
i=13 pair=(5,6) lam_t=0.96429 lam_s=0.97857 tsr_diff=0.014342 integral_mean=0.000014 integral_std=0.028089 log_ratio=0.0000 accept=1.0000 swapped=True
i=13 pair=(1,2) lam_t=0.99286 lam_s=1.00714 tsr_diff=0.013574 integral_mean=-0.001588 integral_std=0.037532 log_ratio=-3.8109 accept=0.0221 swapped=False
i=13 pair=(7,3) lam_t=1.02143 lam_s=1.03571 tsr_diff=0.012866 integral_mean=-0.001906 integral_std=0.058237 log_ratio=-4.5740 accept=0.0103 swapped=False
i=14 pair=(0,6) lam_t=0.95000 lam_s=0.96429 tsr_diff=0.015346 integral_mean=-0.002820 integral_std=0.050310 log_ratio=-6.7685 accept=0.0011 swapped=False
i=14 pair=(5,1) lam_t=0.97857 lam_s=0.99286 tsr_diff=0.014482 integral_mean=-0.001593 integral_std=0.052162 log_ratio=-3.8226 accept=0.0219 swapped=False
i=14 pair=(2,7) lam_t=1.00714 lam_s=1.02143 tsr_diff=0.013689 integral_mean=-0.012669 integral_std=0.103217 log_ratio=-30.4047 accept=0.0000 swapped=False
i=14 pair=(3,4) lam_t=1.03571 lam_s=1.05000 tsr_diff=0.012959 integral_mean=0.009614 integral_std=0.132107 log_ratio=0.0000 accept=1.0000 swapped=True
Best Sample: 0 log probability 0.000
Saved 1 samples to: logs/pointmaze-giant-navigate-v0/inference/plans/release_H400_T256_LimitsNormalizer_b1_condFalse/2026-07-20 17:56:22/30/0.png
Saved 1 samples to: logs/pointmaze-giant-navigate-v0/inference/plans/release_H400_T256_LimitsNormalizer_b1_condFalse/2026-07-20 17:56:22/30/rollout.png
i=0 pair=(0,1) lam_t=0.95000 lam_s=0.96429 tsr_diff=0.000000 integral_mean=0.000000 integral_std=0.000000 log_ratio=0.0000 accept=1.0000 swapped=True
i=0 pair=(2,3) lam_t=0.97857 lam_s=0.99286 tsr_diff=0.000000 integral_mean=0.000000 integral_std=0.000000 log_ratio=0.0000 accept=1.0000 swapped=True
i=0 pair=(4,5) lam_t=1.00714 lam_s=1.02143 tsr_diff=0.000000 integral_mean=0.000000 integral_std=0.000000 log_ratio=0.0000 accept=1.0000 swapped=True
i=0 pair=(6,7) lam_t=1.03571 lam_s=1.05000 tsr_diff=0.000000 integral_mean=0.000000 integral_std=0.000000 log_ratio=0.0000 accept=1.0000 swapped=True
i=1 pair=(0,3) lam_t=0.96429 lam_s=0.97857 tsr_diff=0.000153 integral_mean=-0.000001 integral_std=0.000153 log_ratio=-0.0023 accept=0.9977 swapped=True
i=1 pair=(2,5) lam_t=0.99286 lam_s=1.00714 tsr_diff=0.000152 integral_mean=-0.000000 integral_std=0.000162 log_ratio=-0.0010 accept=0.9990 swapped=True
i=1 pair=(4,7) lam_t=1.02143 lam_s=1.03571 tsr_diff=0.000152 integral_mean=-0.000006 integral_std=0.000148 log_ratio=-0.0135 accept=0.9866 swapped=True
i=2 pair=(1,3) lam_t=0.95000 lam_s=0.96429 tsr_diff=0.000605 integral_mean=-0.000035 integral_std=0.000652 log_ratio=-0.0846 accept=0.9189 swapped=True
i=2 pair=(0,5) lam_t=0.97857 lam_s=0.99286 tsr_diff=0.000604 integral_mean=0.000002 integral_std=0.000608 log_ratio=0.0000 accept=1.0000 swapped=True
i=2 pair=(2,7) lam_t=1.00714 lam_s=1.02143 tsr_diff=0.000603 integral_mean=-0.000000 integral_std=0.000596 log_ratio=-0.0010 accept=0.9990 swapped=True
i=2 pair=(4,6) lam_t=1.03571 lam_s=1.05000 tsr_diff=0.000601 integral_mean=-0.000031 integral_std=0.000607 log_ratio=-0.0745 accept=0.9282 swapped=False
i=3 pair=(1,5) lam_t=0.96429 lam_s=0.97857 tsr_diff=0.001341 integral_mean=0.000043 integral_std=0.001306 log_ratio=0.0000 accept=1.0000 swapped=True
i=3 pair=(0,7) lam_t=0.99286 lam_s=1.00714 tsr_diff=0.001333 integral_mean=0.000002 integral_std=0.001344 log_ratio=0.0000 accept=1.0000 swapped=True
i=3 pair=(2,4) lam_t=1.02143 lam_s=1.03571 tsr_diff=0.001326 integral_mean=0.000049 integral_std=0.001266 log_ratio=0.0000 accept=1.0000 swapped=True
i=4 pair=(3,5) lam_t=0.95000 lam_s=0.96429 tsr_diff=0.002344 integral_mean=-0.000008 integral_std=0.002211 log_ratio=-0.0199 accept=0.9803 swapped=True
i=4 pair=(1,7) lam_t=0.97857 lam_s=0.99286 tsr_diff=0.002322 integral_mean=-0.000282 integral_std=0.002755 log_ratio=-0.6779 accept=0.5077 swapped=False
i=4 pair=(0,4) lam_t=1.00714 lam_s=1.02143 tsr_diff=0.002301 integral_mean=-0.000059 integral_std=0.002335 log_ratio=-0.1415 accept=0.8680 swapped=True
i=4 pair=(2,6) lam_t=1.03571 lam_s=1.05000 tsr_diff=0.002280 integral_mean=-0.000094 integral_std=0.002252 log_ratio=-0.2263 accept=0.7975 swapped=False
i=5 pair=(3,1) lam_t=0.96429 lam_s=0.97857 tsr_diff=0.003545 integral_mean=0.000043 integral_std=0.003214 log_ratio=0.0000 accept=1.0000 swapped=True
i=5 pair=(7,4) lam_t=0.99286 lam_s=1.00714 tsr_diff=0.003496 integral_mean=-0.000078 integral_std=0.005155 log_ratio=-0.1873 accept=0.8292 swapped=True
i=5 pair=(0,2) lam_t=1.02143 lam_s=1.03571 tsr_diff=0.003447 integral_mean=0.000281 integral_std=0.003286 log_ratio=0.0000 accept=1.0000 swapped=True
i=6 pair=(5,1) lam_t=0.95000 lam_s=0.96429 tsr_diff=0.004979 integral_mean=-0.000071 integral_std=0.004680 log_ratio=-0.1693 accept=0.8442 swapped=True
i=6 pair=(3,4) lam_t=0.97857 lam_s=0.99286 tsr_diff=0.004883 integral_mean=-0.000929 integral_std=0.006464 log_ratio=-2.2305 accept=0.1075 swapped=False
i=6 pair=(7,2) lam_t=1.00714 lam_s=1.02143 tsr_diff=0.004789 integral_mean=0.000610 integral_std=0.005204 log_ratio=0.0000 accept=1.0000 swapped=True
i=6 pair=(0,6) lam_t=1.03571 lam_s=1.05000 tsr_diff=0.004698 integral_mean=0.000147 integral_std=0.004377 log_ratio=0.0000 accept=1.0000 swapped=True
i=7 pair=(5,3) lam_t=0.96429 lam_s=0.97857 tsr_diff=0.006435 integral_mean=-0.000132 integral_std=0.006067 log_ratio=-0.3170 accept=0.7283 swapped=True
i=7 pair=(4,2) lam_t=0.99286 lam_s=1.00714 tsr_diff=0.006274 integral_mean=-0.001052 integral_std=0.010735 log_ratio=-2.5244 accept=0.0801 swapped=False
i=7 pair=(7,6) lam_t=1.02143 lam_s=1.03571 tsr_diff=0.006120 integral_mean=0.000377 integral_std=0.005617 log_ratio=0.0000 accept=1.0000 swapped=True
i=8 pair=(1,3) lam_t=0.95000 lam_s=0.96429 tsr_diff=0.008123 integral_mean=0.000055 integral_std=0.006640 log_ratio=0.0000 accept=1.0000 swapped=True
i=8 pair=(5,4) lam_t=0.97857 lam_s=0.99286 tsr_diff=0.007872 integral_mean=-0.000317 integral_std=0.008231 log_ratio=-0.7616 accept=0.4669 swapped=True
i=8 pair=(2,6) lam_t=1.00714 lam_s=1.02143 tsr_diff=0.007631 integral_mean=0.000766 integral_std=0.009555 log_ratio=0.0000 accept=1.0000 swapped=True
i=8 pair=(7,0) lam_t=1.03571 lam_s=1.05000 tsr_diff=0.007402 integral_mean=-0.000284 integral_std=0.009293 log_ratio=-0.6825 accept=0.5053 swapped=True
i=9 pair=(1,4) lam_t=0.96429 lam_s=0.97857 tsr_diff=0.009548 integral_mean=-0.000818 integral_std=0.011429 log_ratio=-1.9622 accept=0.1406 swapped=False
i=9 pair=(5,6) lam_t=0.99286 lam_s=1.00714 tsr_diff=0.009200 integral_mean=-0.000085 integral_std=0.010681 log_ratio=-0.2052 accept=0.8145 swapped=True
i=9 pair=(2,0) lam_t=1.02143 lam_s=1.03571 tsr_diff=0.008870 integral_mean=-0.000751 integral_std=0.011707 log_ratio=-1.8015 accept=0.1650 swapped=False
i=10 pair=(3,1) lam_t=0.95000 lam_s=0.96429 tsr_diff=0.011265 integral_mean=0.000224 integral_std=0.008907 log_ratio=0.0000 accept=1.0000 swapped=True
i=10 pair=(4,6) lam_t=0.97857 lam_s=0.99286 tsr_diff=0.010789 integral_mean=0.000530 integral_std=0.022368 log_ratio=0.0000 accept=1.0000 swapped=True
i=10 pair=(5,2) lam_t=1.00714 lam_s=1.02143 tsr_diff=0.010342 integral_mean=-0.000002 integral_std=0.012224 log_ratio=-0.0048 accept=0.9952 swapped=True
i=10 pair=(0,7) lam_t=1.03571 lam_s=1.05000 tsr_diff=0.009923 integral_mean=0.000773 integral_std=0.014808 log_ratio=0.0000 accept=1.0000 swapped=True
i=11 pair=(3,6) lam_t=0.96429 lam_s=0.97857 tsr_diff=0.012354 integral_mean=-0.001080 integral_std=0.018494 log_ratio=-2.5929 accept=0.0748 swapped=False
i=11 pair=(4,2) lam_t=0.99286 lam_s=1.00714 tsr_diff=0.011778 integral_mean=0.000862 integral_std=0.017547 log_ratio=0.0000 accept=1.0000 swapped=True
i=11 pair=(5,7) lam_t=1.02143 lam_s=1.03571 tsr_diff=0.011242 integral_mean=0.000101 integral_std=0.015805 log_ratio=0.0000 accept=1.0000 swapped=True
i=12 pair=(1,3) lam_t=0.95000 lam_s=0.96429 tsr_diff=0.013839 integral_mean=-0.000518 integral_std=0.011885 log_ratio=-1.2439 accept=0.2883 swapped=False
i=12 pair=(6,2) lam_t=0.97857 lam_s=0.99286 tsr_diff=0.013131 integral_mean=-0.000691 integral_std=0.017325 log_ratio=-1.6579 accept=0.1905 swapped=True
i=12 pair=(4,7) lam_t=1.00714 lam_s=1.02143 tsr_diff=0.012476 integral_mean=0.001629 integral_std=0.024217 log_ratio=0.0000 accept=1.0000 swapped=True
i=12 pair=(5,0) lam_t=1.03571 lam_s=1.05000 tsr_diff=0.011868 integral_mean=-0.002260 integral_std=0.032222 log_ratio=-5.4230 accept=0.0044 swapped=False
i=13 pair=(3,2) lam_t=0.96429 lam_s=0.97857 tsr_diff=0.014342 integral_mean=-0.000186 integral_std=0.024322 log_ratio=-0.4471 accept=0.6395 swapped=True
i=13 pair=(6,7) lam_t=0.99286 lam_s=1.00714 tsr_diff=0.013574 integral_mean=-0.001737 integral_std=0.029746 log_ratio=-4.1680 accept=0.0155 swapped=False
i=13 pair=(4,5) lam_t=1.02143 lam_s=1.03571 tsr_diff=0.012866 integral_mean=0.001695 integral_std=0.032465 log_ratio=0.0000 accept=1.0000 swapped=True
i=14 pair=(1,2) lam_t=0.95000 lam_s=0.96429 tsr_diff=0.015346 integral_mean=-0.001379 integral_std=0.032030 log_ratio=-3.3085 accept=0.0366 swapped=False
i=14 pair=(3,6) lam_t=0.97857 lam_s=0.99286 tsr_diff=0.014482 integral_mean=0.035983 integral_std=0.154387 log_ratio=0.0000 accept=1.0000 swapped=True
i=14 pair=(7,5) lam_t=1.00714 lam_s=1.02143 tsr_diff=0.013689 integral_mean=0.003617 integral_std=0.076589 log_ratio=0.0000 accept=1.0000 swapped=True
i=14 pair=(4,0) lam_t=1.03571 lam_s=1.05000 tsr_diff=0.012959 integral_mean=0.000593 integral_std=0.066285 log_ratio=0.0000 accept=1.0000 swapped=True
Best Sample: 1 log probability -0.054
Saved 1 samples to: logs/pointmaze-giant-navigate-v0/inference/plans/release_H400_T256_LimitsNormalizer_b1_condFalse/2026-07-20 17:56:22/31/0.png
Saved 1 samples to: logs/pointmaze-giant-navigate-v0/inference/plans/release_H400_T256_LimitsNormalizer_b1_condFalse/2026-07-20 17:56:22/31/rollout.png
i=0 pair=(0,1) lam_t=0.95000 lam_s=0.96429 tsr_diff=0.000000 integral_mean=0.000000 integral_std=0.000000 log_ratio=0.0000 accept=1.0000 swapped=True
i=0 pair=(2,3) lam_t=0.97857 lam_s=0.99286 tsr_diff=0.000000 integral_mean=0.000000 integral_std=0.000000 log_ratio=0.0000 accept=1.0000 swapped=True
i=0 pair=(4,5) lam_t=1.00714 lam_s=1.02143 tsr_diff=0.000000 integral_mean=0.000000 integral_std=0.000000 log_ratio=0.0000 accept=1.0000 swapped=True
i=0 pair=(6,7) lam_t=1.03571 lam_s=1.05000 tsr_diff=0.000000 integral_mean=0.000000 integral_std=0.000000 log_ratio=0.0000 accept=1.0000 swapped=True
i=1 pair=(0,3) lam_t=0.96429 lam_s=0.97857 tsr_diff=0.000153 integral_mean=0.000003 integral_std=0.000154 log_ratio=0.0000 accept=1.0000 swapped=True
i=1 pair=(2,5) lam_t=0.99286 lam_s=1.00714 tsr_diff=0.000152 integral_mean=0.000001 integral_std=0.000148 log_ratio=0.0000 accept=1.0000 swapped=True
i=1 pair=(4,7) lam_t=1.02143 lam_s=1.03571 tsr_diff=0.000152 integral_mean=0.000002 integral_std=0.000155 log_ratio=0.0000 accept=1.0000 swapped=True
i=2 pair=(1,3) lam_t=0.95000 lam_s=0.96429 tsr_diff=0.000605 integral_mean=-0.000007 integral_std=0.000594 log_ratio=-0.0172 accept=0.9829 swapped=True
i=2 pair=(0,5) lam_t=0.97857 lam_s=0.99286 tsr_diff=0.000604 integral_mean=0.000010 integral_std=0.000591 log_ratio=0.0000 accept=1.0000 swapped=True
i=2 pair=(2,7) lam_t=1.00714 lam_s=1.02143 tsr_diff=0.000603 integral_mean=-0.000033 integral_std=0.000593 log_ratio=-0.0791 accept=0.9239 swapped=True
i=2 pair=(4,6) lam_t=1.03571 lam_s=1.05000 tsr_diff=0.000601 integral_mean=-0.000000 integral_std=0.000613 log_ratio=-0.0004 accept=0.9996 swapped=True
i=3 pair=(1,5) lam_t=0.96429 lam_s=0.97857 tsr_diff=0.001341 integral_mean=0.000317 integral_std=0.001976 log_ratio=0.0000 accept=1.0000 swapped=True
i=3 pair=(0,7) lam_t=0.99286 lam_s=1.00714 tsr_diff=0.001333 integral_mean=-0.000476 integral_std=0.002048 log_ratio=-1.1424 accept=0.3191 swapped=False
i=3 pair=(2,6) lam_t=1.02143 lam_s=1.03571 tsr_diff=0.001326 integral_mean=-0.000020 integral_std=0.001309 log_ratio=-0.0485 accept=0.9527 swapped=True
i=4 pair=(3,5) lam_t=0.95000 lam_s=0.96429 tsr_diff=0.002344 integral_mean=-0.001194 integral_std=0.004986 log_ratio=-2.8658 accept=0.0569 swapped=False
i=4 pair=(1,0) lam_t=0.97857 lam_s=0.99286 tsr_diff=0.002322 integral_mean=0.000238 integral_std=0.002673 log_ratio=0.0000 accept=1.0000 swapped=True
i=4 pair=(7,6) lam_t=1.00714 lam_s=1.02143 tsr_diff=0.002301 integral_mean=0.000290 integral_std=0.002510 log_ratio=0.0000 accept=1.0000 swapped=True
i=4 pair=(2,4) lam_t=1.03571 lam_s=1.05000 tsr_diff=0.002280 integral_mean=-0.000438 integral_std=0.002735 log_ratio=-1.0508 accept=0.3497 swapped=False
i=5 pair=(5,0) lam_t=0.96429 lam_s=0.97857 tsr_diff=0.003545 integral_mean=0.000671 integral_std=0.004200 log_ratio=0.0000 accept=1.0000 swapped=True
i=5 pair=(1,6) lam_t=0.99286 lam_s=1.00714 tsr_diff=0.003496 integral_mean=0.001779 integral_std=0.006151 log_ratio=0.0000 accept=1.0000 swapped=True
i=5 pair=(7,2) lam_t=1.02143 lam_s=1.03571 tsr_diff=0.003447 integral_mean=0.000219 integral_std=0.003548 log_ratio=0.0000 accept=1.0000 swapped=True
i=6 pair=(3,0) lam_t=0.95000 lam_s=0.96429 tsr_diff=0.004979 integral_mean=0.000105 integral_std=0.004904 log_ratio=0.0000 accept=1.0000 swapped=True
i=6 pair=(5,6) lam_t=0.97857 lam_s=0.99286 tsr_diff=0.004883 integral_mean=0.000182 integral_std=0.004868 log_ratio=0.0000 accept=1.0000 swapped=True
i=6 pair=(1,2) lam_t=1.00714 lam_s=1.02143 tsr_diff=0.004789 integral_mean=0.001010 integral_std=0.005810 log_ratio=0.0000 accept=1.0000 swapped=True
i=6 pair=(7,4) lam_t=1.03571 lam_s=1.05000 tsr_diff=0.004698 integral_mean=0.000209 integral_std=0.004949 log_ratio=0.0000 accept=1.0000 swapped=True
i=7 pair=(3,6) lam_t=0.96429 lam_s=0.97857 tsr_diff=0.006435 integral_mean=0.000404 integral_std=0.006752 log_ratio=0.0000 accept=1.0000 swapped=True
i=7 pair=(5,2) lam_t=0.99286 lam_s=1.00714 tsr_diff=0.006274 integral_mean=0.000146 integral_std=0.006004 log_ratio=0.0000 accept=1.0000 swapped=True
i=7 pair=(1,4) lam_t=1.02143 lam_s=1.03571 tsr_diff=0.006120 integral_mean=0.001548 integral_std=0.008570 log_ratio=0.0000 accept=1.0000 swapped=True
i=8 pair=(0,6) lam_t=0.95000 lam_s=0.96429 tsr_diff=0.008123 integral_mean=0.000821 integral_std=0.009079 log_ratio=0.0000 accept=1.0000 swapped=True
i=8 pair=(3,2) lam_t=0.97857 lam_s=0.99286 tsr_diff=0.007872 integral_mean=0.000205 integral_std=0.007021 log_ratio=0.0000 accept=1.0000 swapped=True
i=8 pair=(5,4) lam_t=1.00714 lam_s=1.02143 tsr_diff=0.007631 integral_mean=0.000150 integral_std=0.007363 log_ratio=0.0000 accept=1.0000 swapped=True
i=8 pair=(1,7) lam_t=1.03571 lam_s=1.05000 tsr_diff=0.007402 integral_mean=0.000474 integral_std=0.009863 log_ratio=0.0000 accept=1.0000 swapped=True
i=9 pair=(0,2) lam_t=0.96429 lam_s=0.97857 tsr_diff=0.009548 integral_mean=0.000976 integral_std=0.013325 log_ratio=0.0000 accept=1.0000 swapped=True
i=9 pair=(3,4) lam_t=0.99286 lam_s=1.00714 tsr_diff=0.009200 integral_mean=0.000356 integral_std=0.009046 log_ratio=0.0000 accept=1.0000 swapped=True
i=9 pair=(5,7) lam_t=1.02143 lam_s=1.03571 tsr_diff=0.008870 integral_mean=-0.000776 integral_std=0.010752 log_ratio=-1.8618 accept=0.1554 swapped=False
i=10 pair=(6,2) lam_t=0.95000 lam_s=0.96429 tsr_diff=0.011265 integral_mean=0.000230 integral_std=0.012107 log_ratio=0.0000 accept=1.0000 swapped=True
i=10 pair=(0,4) lam_t=0.97857 lam_s=0.99286 tsr_diff=0.010789 integral_mean=0.000783 integral_std=0.010917 log_ratio=0.0000 accept=1.0000 swapped=True
i=10 pair=(3,5) lam_t=1.00714 lam_s=1.02143 tsr_diff=0.010342 integral_mean=0.000452 integral_std=0.009722 log_ratio=0.0000 accept=1.0000 swapped=True
i=10 pair=(7,1) lam_t=1.03571 lam_s=1.05000 tsr_diff=0.009923 integral_mean=-0.001088 integral_std=0.015790 log_ratio=-2.6106 accept=0.0735 swapped=False
i=11 pair=(6,4) lam_t=0.96429 lam_s=0.97857 tsr_diff=0.012354 integral_mean=-0.000265 integral_std=0.014057 log_ratio=-0.6353 accept=0.5298 swapped=False
i=11 pair=(0,5) lam_t=0.99286 lam_s=1.00714 tsr_diff=0.011778 integral_mean=0.001714 integral_std=0.015921 log_ratio=0.0000 accept=1.0000 swapped=True
i=11 pair=(3,7) lam_t=1.02143 lam_s=1.03571 tsr_diff=0.011242 integral_mean=-0.001006 integral_std=0.013648 log_ratio=-2.4145 accept=0.0894 swapped=False
i=12 pair=(2,6) lam_t=0.95000 lam_s=0.96429 tsr_diff=0.013839 integral_mean=0.000656 integral_std=0.020294 log_ratio=0.0000 accept=1.0000 swapped=True
i=12 pair=(4,5) lam_t=0.97857 lam_s=0.99286 tsr_diff=0.013131 integral_mean=-0.000033 integral_std=0.019873 log_ratio=-0.0791 accept=0.9239 swapped=True
i=12 pair=(0,3) lam_t=1.00714 lam_s=1.02143 tsr_diff=0.012476 integral_mean=0.001946 integral_std=0.020046 log_ratio=0.0000 accept=1.0000 swapped=True
i=12 pair=(7,1) lam_t=1.03571 lam_s=1.05000 tsr_diff=0.011868 integral_mean=-0.001186 integral_std=0.029175 log_ratio=-2.8452 accept=0.0581 swapped=False
i=13 pair=(2,5) lam_t=0.96429 lam_s=0.97857 tsr_diff=0.014342 integral_mean=0.001479 integral_std=0.028895 log_ratio=0.0000 accept=1.0000 swapped=True
i=13 pair=(4,3) lam_t=0.99286 lam_s=1.00714 tsr_diff=0.013574 integral_mean=0.000330 integral_std=0.016855 log_ratio=0.0000 accept=1.0000 swapped=True
i=13 pair=(0,7) lam_t=1.02143 lam_s=1.03571 tsr_diff=0.012866 integral_mean=0.005270 integral_std=0.060844 log_ratio=0.0000 accept=1.0000 swapped=True
i=14 pair=(6,5) lam_t=0.95000 lam_s=0.96429 tsr_diff=0.015346 integral_mean=0.000289 integral_std=0.060296 log_ratio=0.0000 accept=1.0000 swapped=True
i=14 pair=(2,3) lam_t=0.97857 lam_s=0.99286 tsr_diff=0.014482 integral_mean=0.011164 integral_std=0.055983 log_ratio=0.0000 accept=1.0000 swapped=True
i=14 pair=(4,7) lam_t=1.00714 lam_s=1.02143 tsr_diff=0.013689 integral_mean=-0.004187 integral_std=0.063244 log_ratio=-10.0496 accept=0.0000 swapped=False
i=14 pair=(0,1) lam_t=1.03571 lam_s=1.05000 tsr_diff=0.012959 integral_mean=0.015965 integral_std=0.193530 log_ratio=0.0000 accept=1.0000 swapped=True
Best Sample: 3 log probability -0.637
Saved 1 samples to: logs/pointmaze-giant-navigate-v0/inference/plans/release_H400_T256_LimitsNormalizer_b1_condFalse/2026-07-20 17:56:22/32/0.png
Saved 1 samples to: logs/pointmaze-giant-navigate-v0/inference/plans/release_H400_T256_LimitsNormalizer_b1_condFalse/2026-07-20 17:56:22/32/rollout.png
i=0 pair=(0,1) lam_t=0.95000 lam_s=0.96429 tsr_diff=0.000000 integral_mean=0.000000 integral_std=0.000000 log_ratio=0.0000 accept=1.0000 swapped=True
i=0 pair=(2,3) lam_t=0.97857 lam_s=0.99286 tsr_diff=0.000000 integral_mean=0.000000 integral_std=0.000000 log_ratio=0.0000 accept=1.0000 swapped=True
i=0 pair=(4,5) lam_t=1.00714 lam_s=1.02143 tsr_diff=0.000000 integral_mean=0.000000 integral_std=0.000000 log_ratio=0.0000 accept=1.0000 swapped=True
i=0 pair=(6,7) lam_t=1.03571 lam_s=1.05000 tsr_diff=0.000000 integral_mean=0.000000 integral_std=0.000000 log_ratio=0.0000 accept=1.0000 swapped=True
i=1 pair=(0,3) lam_t=0.96429 lam_s=0.97857 tsr_diff=0.000153 integral_mean=0.000038 integral_std=0.000195 log_ratio=0.0000 accept=1.0000 swapped=True
i=1 pair=(2,5) lam_t=0.99286 lam_s=1.00714 tsr_diff=0.000152 integral_mean=-0.000015 integral_std=0.000164 log_ratio=-0.0349 accept=0.9657 swapped=True
i=1 pair=(4,7) lam_t=1.02143 lam_s=1.03571 tsr_diff=0.000152 integral_mean=0.000004 integral_std=0.000161 log_ratio=0.0000 accept=1.0000 swapped=True
i=2 pair=(1,3) lam_t=0.95000 lam_s=0.96429 tsr_diff=0.000605 integral_mean=-0.000008 integral_std=0.000605 log_ratio=-0.0203 accept=0.9799 swapped=True
i=2 pair=(0,5) lam_t=0.97857 lam_s=0.99286 tsr_diff=0.000604 integral_mean=0.000050 integral_std=0.000640 log_ratio=0.0000 accept=1.0000 swapped=True
i=2 pair=(2,7) lam_t=1.00714 lam_s=1.02143 tsr_diff=0.000603 integral_mean=-0.000025 integral_std=0.000655 log_ratio=-0.0605 accept=0.9413 swapped=True
i=2 pair=(4,6) lam_t=1.03571 lam_s=1.05000 tsr_diff=0.000601 integral_mean=-0.000012 integral_std=0.000617 log_ratio=-0.0291 accept=0.9714 swapped=False
i=3 pair=(1,5) lam_t=0.96429 lam_s=0.97857 tsr_diff=0.001341 integral_mean=0.000025 integral_std=0.001335 log_ratio=0.0000 accept=1.0000 swapped=True
i=3 pair=(0,7) lam_t=0.99286 lam_s=1.00714 tsr_diff=0.001333 integral_mean=-0.000006 integral_std=0.001384 log_ratio=-0.0141 accept=0.9860 swapped=True
i=3 pair=(2,4) lam_t=1.02143 lam_s=1.03571 tsr_diff=0.001326 integral_mean=0.000009 integral_std=0.001292 log_ratio=0.0000 accept=1.0000 swapped=True
i=4 pair=(3,5) lam_t=0.95000 lam_s=0.96429 tsr_diff=0.002344 integral_mean=0.000054 integral_std=0.002186 log_ratio=0.0000 accept=1.0000 swapped=True
i=4 pair=(1,7) lam_t=0.97857 lam_s=0.99286 tsr_diff=0.002322 integral_mean=-0.000013 integral_std=0.002214 log_ratio=-0.0310 accept=0.9695 swapped=True
i=4 pair=(0,4) lam_t=1.00714 lam_s=1.02143 tsr_diff=0.002301 integral_mean=0.000056 integral_std=0.002209 log_ratio=0.0000 accept=1.0000 swapped=True
i=4 pair=(2,6) lam_t=1.03571 lam_s=1.05000 tsr_diff=0.002280 integral_mean=-0.000033 integral_std=0.002276 log_ratio=-0.0781 accept=0.9249 swapped=True
i=5 pair=(3,7) lam_t=0.96429 lam_s=0.97857 tsr_diff=0.003545 integral_mean=0.000031 integral_std=0.003332 log_ratio=0.0000 accept=1.0000 swapped=True
i=5 pair=(1,4) lam_t=0.99286 lam_s=1.00714 tsr_diff=0.003496 integral_mean=-0.000009 integral_std=0.003217 log_ratio=-0.0215 accept=0.9787 swapped=True
i=5 pair=(0,6) lam_t=1.02143 lam_s=1.03571 tsr_diff=0.003447 integral_mean=-0.000136 integral_std=0.003390 log_ratio=-0.3266 accept=0.7214 swapped=True
i=6 pair=(5,7) lam_t=0.95000 lam_s=0.96429 tsr_diff=0.004979 integral_mean=-0.000147 integral_std=0.004762 log_ratio=-0.3533 accept=0.7023 swapped=True
i=6 pair=(3,4) lam_t=0.97857 lam_s=0.99286 tsr_diff=0.004883 integral_mean=0.000032 integral_std=0.004268 log_ratio=0.0000 accept=1.0000 swapped=True
i=6 pair=(1,6) lam_t=1.00714 lam_s=1.02143 tsr_diff=0.004789 integral_mean=0.000027 integral_std=0.004875 log_ratio=0.0000 accept=1.0000 swapped=True
i=6 pair=(0,2) lam_t=1.03571 lam_s=1.05000 tsr_diff=0.004698 integral_mean=0.000021 integral_std=0.004219 log_ratio=0.0000 accept=1.0000 swapped=True
i=7 pair=(5,4) lam_t=0.96429 lam_s=0.97857 tsr_diff=0.006435 integral_mean=-0.000037 integral_std=0.005910 log_ratio=-0.0885 accept=0.9153 swapped=True
i=7 pair=(3,6) lam_t=0.99286 lam_s=1.00714 tsr_diff=0.006274 integral_mean=-0.000086 integral_std=0.006005 log_ratio=-0.2054 accept=0.8143 swapped=True
i=7 pair=(1,2) lam_t=1.02143 lam_s=1.03571 tsr_diff=0.006120 integral_mean=0.000209 integral_std=0.005570 log_ratio=0.0000 accept=1.0000 swapped=True
i=8 pair=(7,4) lam_t=0.95000 lam_s=0.96429 tsr_diff=0.008123 integral_mean=0.000176 integral_std=0.007602 log_ratio=0.0000 accept=1.0000 swapped=True
i=8 pair=(5,6) lam_t=0.97857 lam_s=0.99286 tsr_diff=0.007872 integral_mean=-0.000082 integral_std=0.008328 log_ratio=-0.1980 accept=0.8204 swapped=True
i=8 pair=(3,2) lam_t=1.00714 lam_s=1.02143 tsr_diff=0.007631 integral_mean=0.000150 integral_std=0.006602 log_ratio=0.0000 accept=1.0000 swapped=True
i=8 pair=(1,0) lam_t=1.03571 lam_s=1.05000 tsr_diff=0.007402 integral_mean=-0.000280 integral_std=0.006964 log_ratio=-0.6726 accept=0.5104 swapped=False
i=9 pair=(7,6) lam_t=0.96429 lam_s=0.97857 tsr_diff=0.009548 integral_mean=-0.000172 integral_std=0.010265 log_ratio=-0.4140 accept=0.6610 swapped=True
i=9 pair=(5,2) lam_t=0.99286 lam_s=1.00714 tsr_diff=0.009200 integral_mean=0.000362 integral_std=0.009054 log_ratio=0.0000 accept=1.0000 swapped=True
i=9 pair=(3,1) lam_t=1.02143 lam_s=1.03571 tsr_diff=0.008870 integral_mean=0.000159 integral_std=0.007484 log_ratio=0.0000 accept=1.0000 swapped=True
i=10 pair=(4,6) lam_t=0.95000 lam_s=0.96429 tsr_diff=0.011265 integral_mean=0.000044 integral_std=0.011939 log_ratio=0.0000 accept=1.0000 swapped=True
i=10 pair=(7,2) lam_t=0.97857 lam_s=0.99286 tsr_diff=0.010789 integral_mean=0.000219 integral_std=0.010207 log_ratio=0.0000 accept=1.0000 swapped=True
i=10 pair=(5,1) lam_t=1.00714 lam_s=1.02143 tsr_diff=0.010342 integral_mean=0.000317 integral_std=0.010585 log_ratio=0.0000 accept=1.0000 swapped=True
i=10 pair=(3,0) lam_t=1.03571 lam_s=1.05000 tsr_diff=0.009923 integral_mean=-0.000094 integral_std=0.010437 log_ratio=-0.2246 accept=0.7988 swapped=True
i=11 pair=(4,2) lam_t=0.96429 lam_s=0.97857 tsr_diff=0.012354 integral_mean=0.000220 integral_std=0.012691 log_ratio=0.0000 accept=1.0000 swapped=True
i=11 pair=(7,1) lam_t=0.99286 lam_s=1.00714 tsr_diff=0.011778 integral_mean=-0.000060 integral_std=0.008609 log_ratio=-0.1443 accept=0.8656 swapped=True
i=11 pair=(5,0) lam_t=1.02143 lam_s=1.03571 tsr_diff=0.011242 integral_mean=-0.000097 integral_std=0.013261 log_ratio=-0.2328 accept=0.7923 swapped=True
i=12 pair=(6,2) lam_t=0.95000 lam_s=0.96429 tsr_diff=0.013839 integral_mean=0.000640 integral_std=0.019165 log_ratio=0.0000 accept=1.0000 swapped=True
i=12 pair=(4,1) lam_t=0.97857 lam_s=0.99286 tsr_diff=0.013131 integral_mean=0.000816 integral_std=0.015829 log_ratio=0.0000 accept=1.0000 swapped=True
i=12 pair=(7,0) lam_t=1.00714 lam_s=1.02143 tsr_diff=0.012476 integral_mean=-0.001598 integral_std=0.014060 log_ratio=-3.8347 accept=0.0216 swapped=False
i=12 pair=(5,3) lam_t=1.03571 lam_s=1.05000 tsr_diff=0.011868 integral_mean=0.001223 integral_std=0.017215 log_ratio=0.0000 accept=1.0000 swapped=True
i=13 pair=(6,1) lam_t=0.96429 lam_s=0.97857 tsr_diff=0.014342 integral_mean=0.001956 integral_std=0.023719 log_ratio=0.0000 accept=1.0000 swapped=True
i=13 pair=(4,7) lam_t=0.99286 lam_s=1.00714 tsr_diff=0.013574 integral_mean=0.001191 integral_std=0.018667 log_ratio=0.0000 accept=1.0000 swapped=True
i=13 pair=(0,3) lam_t=1.02143 lam_s=1.03571 tsr_diff=0.012866 integral_mean=0.001767 integral_std=0.023472 log_ratio=0.0000 accept=1.0000 swapped=True
i=14 pair=(2,1) lam_t=0.95000 lam_s=0.96429 tsr_diff=0.015346 integral_mean=0.001471 integral_std=0.038997 log_ratio=0.0000 accept=1.0000 swapped=True
i=14 pair=(6,7) lam_t=0.97857 lam_s=0.99286 tsr_diff=0.014482 integral_mean=0.003499 integral_std=0.025884 log_ratio=0.0000 accept=1.0000 swapped=True
i=14 pair=(4,3) lam_t=1.00714 lam_s=1.02143 tsr_diff=0.013689 integral_mean=-0.001983 integral_std=0.031891 log_ratio=-4.7597 accept=0.0086 swapped=False
i=14 pair=(0,5) lam_t=1.03571 lam_s=1.05000 tsr_diff=0.012959 integral_mean=-0.017893 integral_std=0.171791 log_ratio=-42.9433 accept=0.0000 swapped=False
Best Sample: 1 log probability 0.000
Saved 1 samples to: logs/pointmaze-giant-navigate-v0/inference/plans/release_H400_T256_LimitsNormalizer_b1_condFalse/2026-07-20 17:56:22/33/0.png
Saved 1 samples to: logs/pointmaze-giant-navigate-v0/inference/plans/release_H400_T256_LimitsNormalizer_b1_condFalse/2026-07-20 17:56:22/33/rollout.png
i=0 pair=(0,1) lam_t=0.95000 lam_s=0.96429 tsr_diff=0.000000 integral_mean=0.000000 integral_std=0.000000 log_ratio=0.0000 accept=1.0000 swapped=True
i=0 pair=(2,3) lam_t=0.97857 lam_s=0.99286 tsr_diff=0.000000 integral_mean=0.000000 integral_std=0.000000 log_ratio=0.0000 accept=1.0000 swapped=True
i=0 pair=(4,5) lam_t=1.00714 lam_s=1.02143 tsr_diff=0.000000 integral_mean=0.000000 integral_std=0.000000 log_ratio=0.0000 accept=1.0000 swapped=True
i=0 pair=(6,7) lam_t=1.03571 lam_s=1.05000 tsr_diff=0.000000 integral_mean=0.000000 integral_std=0.000000 log_ratio=0.0000 accept=1.0000 swapped=True
i=1 pair=(0,3) lam_t=0.96429 lam_s=0.97857 tsr_diff=0.000153 integral_mean=0.000002 integral_std=0.000146 log_ratio=0.0000 accept=1.0000 swapped=True
i=1 pair=(2,5) lam_t=0.99286 lam_s=1.00714 tsr_diff=0.000152 integral_mean=-0.000002 integral_std=0.000146 log_ratio=-0.0050 accept=0.9950 swapped=True
i=1 pair=(4,7) lam_t=1.02143 lam_s=1.03571 tsr_diff=0.000152 integral_mean=-0.000001 integral_std=0.000155 log_ratio=-0.0035 accept=0.9965 swapped=True
i=2 pair=(1,3) lam_t=0.95000 lam_s=0.96429 tsr_diff=0.000605 integral_mean=-0.000014 integral_std=0.000588 log_ratio=-0.0347 accept=0.9659 swapped=True
i=2 pair=(0,5) lam_t=0.97857 lam_s=0.99286 tsr_diff=0.000604 integral_mean=-0.000009 integral_std=0.000571 log_ratio=-0.0215 accept=0.9787 swapped=True
i=2 pair=(2,7) lam_t=1.00714 lam_s=1.02143 tsr_diff=0.000603 integral_mean=-0.000005 integral_std=0.000560 log_ratio=-0.0116 accept=0.9885 swapped=True
i=2 pair=(4,6) lam_t=1.03571 lam_s=1.05000 tsr_diff=0.000601 integral_mean=-0.000043 integral_std=0.000617 log_ratio=-0.1034 accept=0.9018 swapped=True
i=3 pair=(1,5) lam_t=0.96429 lam_s=0.97857 tsr_diff=0.001341 integral_mean=-0.000032 integral_std=0.001335 log_ratio=-0.0763 accept=0.9265 swapped=True
i=3 pair=(0,7) lam_t=0.99286 lam_s=1.00714 tsr_diff=0.001333 integral_mean=-0.000012 integral_std=0.001363 log_ratio=-0.0290 accept=0.9714 swapped=True
i=3 pair=(2,6) lam_t=1.02143 lam_s=1.03571 tsr_diff=0.001326 integral_mean=0.000010 integral_std=0.001350 log_ratio=0.0000 accept=1.0000 swapped=True
i=4 pair=(3,5) lam_t=0.95000 lam_s=0.96429 tsr_diff=0.002344 integral_mean=0.000033 integral_std=0.002312 log_ratio=0.0000 accept=1.0000 swapped=True
i=4 pair=(1,7) lam_t=0.97857 lam_s=0.99286 tsr_diff=0.002322 integral_mean=-0.000129 integral_std=0.002346 log_ratio=-0.3104 accept=0.7332 swapped=True
i=4 pair=(0,6) lam_t=1.00714 lam_s=1.02143 tsr_diff=0.002301 integral_mean=-0.000042 integral_std=0.002239 log_ratio=-0.0999 accept=0.9049 swapped=False
i=4 pair=(2,4) lam_t=1.03571 lam_s=1.05000 tsr_diff=0.002280 integral_mean=0.000039 integral_std=0.002139 log_ratio=0.0000 accept=1.0000 swapped=True
i=5 pair=(3,7) lam_t=0.96429 lam_s=0.97857 tsr_diff=0.003545 integral_mean=0.000032 integral_std=0.003249 log_ratio=0.0000 accept=1.0000 swapped=True
i=5 pair=(1,0) lam_t=0.99286 lam_s=1.00714 tsr_diff=0.003496 integral_mean=-0.000182 integral_std=0.003278 log_ratio=-0.4361 accept=0.6466 swapped=True
i=5 pair=(6,4) lam_t=1.02143 lam_s=1.03571 tsr_diff=0.003447 integral_mean=-0.000112 integral_std=0.003690 log_ratio=-0.2678 accept=0.7651 swapped=False
i=6 pair=(5,7) lam_t=0.95000 lam_s=0.96429 tsr_diff=0.004979 integral_mean=0.000014 integral_std=0.004304 log_ratio=0.0000 accept=1.0000 swapped=True
i=6 pair=(3,0) lam_t=0.97857 lam_s=0.99286 tsr_diff=0.004883 integral_mean=-0.000100 integral_std=0.004516 log_ratio=-0.2397 accept=0.7869 swapped=True
i=6 pair=(1,6) lam_t=1.00714 lam_s=1.02143 tsr_diff=0.004789 integral_mean=-0.000103 integral_std=0.004644 log_ratio=-0.2466 accept=0.7814 swapped=True
i=6 pair=(4,2) lam_t=1.03571 lam_s=1.05000 tsr_diff=0.004698 integral_mean=0.000023 integral_std=0.004419 log_ratio=0.0000 accept=1.0000 swapped=True
i=7 pair=(5,0) lam_t=0.96429 lam_s=0.97857 tsr_diff=0.006435 integral_mean=-0.000014 integral_std=0.005964 log_ratio=-0.0324 accept=0.9681 swapped=True
i=7 pair=(3,6) lam_t=0.99286 lam_s=1.00714 tsr_diff=0.006274 integral_mean=-0.000225 integral_std=0.006236 log_ratio=-0.5394 accept=0.5831 swapped=True
i=7 pair=(1,2) lam_t=1.02143 lam_s=1.03571 tsr_diff=0.006120 integral_mean=-0.000088 integral_std=0.005241 log_ratio=-0.2117 accept=0.8092 swapped=True
i=8 pair=(7,0) lam_t=0.95000 lam_s=0.96429 tsr_diff=0.008123 integral_mean=-0.000256 integral_std=0.007355 log_ratio=-0.6154 accept=0.5404 swapped=True
i=8 pair=(5,6) lam_t=0.97857 lam_s=0.99286 tsr_diff=0.007872 integral_mean=0.000026 integral_std=0.008009 log_ratio=0.0000 accept=1.0000 swapped=True
i=8 pair=(3,2) lam_t=1.00714 lam_s=1.02143 tsr_diff=0.007631 integral_mean=-0.000008 integral_std=0.006139 log_ratio=-0.0182 accept=0.9820 swapped=True
i=8 pair=(1,4) lam_t=1.03571 lam_s=1.05000 tsr_diff=0.007402 integral_mean=-0.000099 integral_std=0.006744 log_ratio=-0.2373 accept=0.7887 swapped=True
i=9 pair=(7,6) lam_t=0.96429 lam_s=0.97857 tsr_diff=0.009548 integral_mean=-0.000166 integral_std=0.009228 log_ratio=-0.3989 accept=0.6711 swapped=True
i=9 pair=(5,2) lam_t=0.99286 lam_s=1.00714 tsr_diff=0.009200 integral_mean=0.000244 integral_std=0.007455 log_ratio=0.0000 accept=1.0000 swapped=True
i=9 pair=(3,4) lam_t=1.02143 lam_s=1.03571 tsr_diff=0.008870 integral_mean=-0.000463 integral_std=0.008771 log_ratio=-1.1100 accept=0.3295 swapped=False
i=10 pair=(0,6) lam_t=0.95000 lam_s=0.96429 tsr_diff=0.011265 integral_mean=-0.000287 integral_std=0.013050 log_ratio=-0.6897 accept=0.5017 swapped=True
i=10 pair=(7,2) lam_t=0.97857 lam_s=0.99286 tsr_diff=0.010789 integral_mean=0.000066 integral_std=0.009312 log_ratio=0.0000 accept=1.0000 swapped=True
i=10 pair=(5,3) lam_t=1.00714 lam_s=1.02143 tsr_diff=0.010342 integral_mean=0.000293 integral_std=0.007692 log_ratio=0.0000 accept=1.0000 swapped=True
i=10 pair=(4,1) lam_t=1.03571 lam_s=1.05000 tsr_diff=0.009923 integral_mean=0.000517 integral_std=0.009720 log_ratio=0.0000 accept=1.0000 swapped=True
i=11 pair=(0,2) lam_t=0.96429 lam_s=0.97857 tsr_diff=0.012354 integral_mean=0.001151 integral_std=0.011656 log_ratio=0.0000 accept=1.0000 swapped=True
i=11 pair=(7,3) lam_t=0.99286 lam_s=1.00714 tsr_diff=0.011778 integral_mean=0.000015 integral_std=0.011271 log_ratio=0.0000 accept=1.0000 swapped=True
i=11 pair=(5,1) lam_t=1.02143 lam_s=1.03571 tsr_diff=0.011242 integral_mean=0.000178 integral_std=0.007784 log_ratio=0.0000 accept=1.0000 swapped=True
i=12 pair=(6,2) lam_t=0.95000 lam_s=0.96429 tsr_diff=0.013839 integral_mean=0.001518 integral_std=0.021190 log_ratio=0.0000 accept=1.0000 swapped=True
i=12 pair=(0,3) lam_t=0.97857 lam_s=0.99286 tsr_diff=0.013131 integral_mean=0.005479 integral_std=0.035214 log_ratio=0.0000 accept=1.0000 swapped=True
i=12 pair=(7,1) lam_t=1.00714 lam_s=1.02143 tsr_diff=0.012476 integral_mean=0.000616 integral_std=0.012116 log_ratio=0.0000 accept=1.0000 swapped=True
i=12 pair=(5,4) lam_t=1.03571 lam_s=1.05000 tsr_diff=0.011868 integral_mean=-0.000522 integral_std=0.013446 log_ratio=-1.2539 accept=0.2854 swapped=False
i=13 pair=(6,3) lam_t=0.96429 lam_s=0.97857 tsr_diff=0.014342 integral_mean=0.002199 integral_std=0.026906 log_ratio=0.0000 accept=1.0000 swapped=True
i=13 pair=(0,1) lam_t=0.99286 lam_s=1.00714 tsr_diff=0.013574 integral_mean=0.002290 integral_std=0.018650 log_ratio=0.0000 accept=1.0000 swapped=True
i=13 pair=(7,5) lam_t=1.02143 lam_s=1.03571 tsr_diff=0.012866 integral_mean=0.000308 integral_std=0.013780 log_ratio=0.0000 accept=1.0000 swapped=True
i=14 pair=(2,3) lam_t=0.95000 lam_s=0.96429 tsr_diff=0.015346 integral_mean=0.000991 integral_std=0.012326 log_ratio=0.0000 accept=1.0000 swapped=True
i=14 pair=(6,1) lam_t=0.97857 lam_s=0.99286 tsr_diff=0.014482 integral_mean=0.005889 integral_std=0.061851 log_ratio=0.0000 accept=1.0000 swapped=True
i=14 pair=(0,5) lam_t=1.00714 lam_s=1.02143 tsr_diff=0.013689 integral_mean=0.008419 integral_std=0.051716 log_ratio=0.0000 accept=1.0000 swapped=True
i=14 pair=(7,4) lam_t=1.03571 lam_s=1.05000 tsr_diff=0.012959 integral_mean=-0.009472 integral_std=0.079555 log_ratio=-22.7333 accept=0.0000 swapped=False
Best Sample: 1 log probability -0.012
Saved 1 samples to: logs/pointmaze-giant-navigate-v0/inference/plans/release_H400_T256_LimitsNormalizer_b1_condFalse/2026-07-20 17:56:22/34/0.png
Saved 1 samples to: logs/pointmaze-giant-navigate-v0/inference/plans/release_H400_T256_LimitsNormalizer_b1_condFalse/2026-07-20 17:56:22/34/rollout.png
i=0 pair=(0,1) lam_t=0.95000 lam_s=0.96429 tsr_diff=0.000000 integral_mean=0.000000 integral_std=0.000000 log_ratio=0.0000 accept=1.0000 swapped=True
i=0 pair=(2,3) lam_t=0.97857 lam_s=0.99286 tsr_diff=0.000000 integral_mean=0.000000 integral_std=0.000000 log_ratio=0.0000 accept=1.0000 swapped=True
i=0 pair=(4,5) lam_t=1.00714 lam_s=1.02143 tsr_diff=0.000000 integral_mean=0.000000 integral_std=0.000000 log_ratio=0.0000 accept=1.0000 swapped=True
i=0 pair=(6,7) lam_t=1.03571 lam_s=1.05000 tsr_diff=0.000000 integral_mean=0.000000 integral_std=0.000000 log_ratio=0.0000 accept=1.0000 swapped=True
i=1 pair=(0,3) lam_t=0.96429 lam_s=0.97857 tsr_diff=0.000153 integral_mean=-0.000002 integral_std=0.000153 log_ratio=-0.0048 accept=0.9952 swapped=True
i=1 pair=(2,5) lam_t=0.99286 lam_s=1.00714 tsr_diff=0.000152 integral_mean=-0.000001 integral_std=0.000157 log_ratio=-0.0022 accept=0.9978 swapped=True
i=1 pair=(4,7) lam_t=1.02143 lam_s=1.03571 tsr_diff=0.000152 integral_mean=-0.000001 integral_std=0.000144 log_ratio=-0.0026 accept=0.9974 swapped=True
i=2 pair=(1,3) lam_t=0.95000 lam_s=0.96429 tsr_diff=0.000605 integral_mean=0.000028 integral_std=0.000634 log_ratio=0.0000 accept=1.0000 swapped=True
i=2 pair=(0,5) lam_t=0.97857 lam_s=0.99286 tsr_diff=0.000604 integral_mean=-0.000048 integral_std=0.000652 log_ratio=-0.1159 accept=0.8905 swapped=True
i=2 pair=(2,7) lam_t=1.00714 lam_s=1.02143 tsr_diff=0.000603 integral_mean=0.000017 integral_std=0.000578 log_ratio=0.0000 accept=1.0000 swapped=True
i=2 pair=(4,6) lam_t=1.03571 lam_s=1.05000 tsr_diff=0.000601 integral_mean=-0.000014 integral_std=0.000650 log_ratio=-0.0334 accept=0.9671 swapped=True
i=3 pair=(1,5) lam_t=0.96429 lam_s=0.97857 tsr_diff=0.001341 integral_mean=-0.000064 integral_std=0.001358 log_ratio=-0.1542 accept=0.8571 swapped=True
i=3 pair=(0,7) lam_t=0.99286 lam_s=1.00714 tsr_diff=0.001333 integral_mean=-0.000150 integral_std=0.001452 log_ratio=-0.3612 accept=0.6969 swapped=True
i=3 pair=(2,6) lam_t=1.02143 lam_s=1.03571 tsr_diff=0.001326 integral_mean=-0.000011 integral_std=0.001251 log_ratio=-0.0258 accept=0.9746 swapped=True
i=4 pair=(3,5) lam_t=0.95000 lam_s=0.96429 tsr_diff=0.002344 integral_mean=-0.000015 integral_std=0.002265 log_ratio=-0.0358 accept=0.9648 swapped=True
i=4 pair=(1,7) lam_t=0.97857 lam_s=0.99286 tsr_diff=0.002322 integral_mean=-0.000075 integral_std=0.002106 log_ratio=-0.1797 accept=0.8355 swapped=True
i=4 pair=(0,6) lam_t=1.00714 lam_s=1.02143 tsr_diff=0.002301 integral_mean=0.000010 integral_std=0.002101 log_ratio=0.0000 accept=1.0000 swapped=True
i=4 pair=(2,4) lam_t=1.03571 lam_s=1.05000 tsr_diff=0.002280 integral_mean=0.000224 integral_std=0.002527 log_ratio=0.0000 accept=1.0000 swapped=True
i=5 pair=(3,7) lam_t=0.96429 lam_s=0.97857 tsr_diff=0.003545 integral_mean=-0.000016 integral_std=0.003509 log_ratio=-0.0396 accept=0.9612 swapped=True
i=5 pair=(1,6) lam_t=0.99286 lam_s=1.00714 tsr_diff=0.003496 integral_mean=-0.000279 integral_std=0.003251 log_ratio=-0.6699 accept=0.5118 swapped=False
i=5 pair=(0,4) lam_t=1.02143 lam_s=1.03571 tsr_diff=0.003447 integral_mean=-0.000185 integral_std=0.003369 log_ratio=-0.4436 accept=0.6417 swapped=True
i=6 pair=(5,7) lam_t=0.95000 lam_s=0.96429 tsr_diff=0.004979 integral_mean=0.000247 integral_std=0.004970 log_ratio=0.0000 accept=1.0000 swapped=True
i=6 pair=(3,1) lam_t=0.97857 lam_s=0.99286 tsr_diff=0.004883 integral_mean=-0.000012 integral_std=0.004462 log_ratio=-0.0280 accept=0.9724 swapped=True
i=6 pair=(6,4) lam_t=1.00714 lam_s=1.02143 tsr_diff=0.004789 integral_mean=0.000100 integral_std=0.004892 log_ratio=0.0000 accept=1.0000 swapped=True
i=6 pair=(0,2) lam_t=1.03571 lam_s=1.05000 tsr_diff=0.004698 integral_mean=-0.000133 integral_std=0.003987 log_ratio=-0.3201 accept=0.7261 swapped=False
i=7 pair=(5,1) lam_t=0.96429 lam_s=0.97857 tsr_diff=0.006435 integral_mean=0.000293 integral_std=0.006456 log_ratio=0.0000 accept=1.0000 swapped=True
i=7 pair=(3,4) lam_t=0.99286 lam_s=1.00714 tsr_diff=0.006274 integral_mean=-0.000109 integral_std=0.005799 log_ratio=-0.2620 accept=0.7695 swapped=True
i=7 pair=(6,0) lam_t=1.02143 lam_s=1.03571 tsr_diff=0.006120 integral_mean=0.000355 integral_std=0.005373 log_ratio=0.0000 accept=1.0000 swapped=True
i=8 pair=(7,1) lam_t=0.95000 lam_s=0.96429 tsr_diff=0.008123 integral_mean=0.000124 integral_std=0.006508 log_ratio=0.0000 accept=1.0000 swapped=True
i=8 pair=(5,4) lam_t=0.97857 lam_s=0.99286 tsr_diff=0.007872 integral_mean=0.000025 integral_std=0.007951 log_ratio=0.0000 accept=1.0000 swapped=True
i=8 pair=(3,0) lam_t=1.00714 lam_s=1.02143 tsr_diff=0.007631 integral_mean=0.000192 integral_std=0.007691 log_ratio=0.0000 accept=1.0000 swapped=True
i=8 pair=(6,2) lam_t=1.03571 lam_s=1.05000 tsr_diff=0.007402 integral_mean=-0.000072 integral_std=0.006543 log_ratio=-0.1734 accept=0.8408 swapped=True
i=9 pair=(7,4) lam_t=0.96429 lam_s=0.97857 tsr_diff=0.009548 integral_mean=-0.000420 integral_std=0.009454 log_ratio=-1.0071 accept=0.3653 swapped=False
i=9 pair=(5,0) lam_t=0.99286 lam_s=1.00714 tsr_diff=0.009200 integral_mean=0.000537 integral_std=0.009511 log_ratio=0.0000 accept=1.0000 swapped=True
i=9 pair=(3,2) lam_t=1.02143 lam_s=1.03571 tsr_diff=0.008870 integral_mean=-0.000103 integral_std=0.009496 log_ratio=-0.2462 accept=0.7818 swapped=True
i=10 pair=(1,7) lam_t=0.95000 lam_s=0.96429 tsr_diff=0.011265 integral_mean=0.000102 integral_std=0.007857 log_ratio=0.0000 accept=1.0000 swapped=True
i=10 pair=(4,0) lam_t=0.97857 lam_s=0.99286 tsr_diff=0.010789 integral_mean=0.000629 integral_std=0.010516 log_ratio=0.0000 accept=1.0000 swapped=True
i=10 pair=(5,2) lam_t=1.00714 lam_s=1.02143 tsr_diff=0.010342 integral_mean=-0.000017 integral_std=0.012322 log_ratio=-0.0407 accept=0.9601 swapped=True
i=10 pair=(3,6) lam_t=1.03571 lam_s=1.05000 tsr_diff=0.009923 integral_mean=0.000162 integral_std=0.010759 log_ratio=0.0000 accept=1.0000 swapped=True
i=11 pair=(1,0) lam_t=0.96429 lam_s=0.97857 tsr_diff=0.012354 integral_mean=0.000005 integral_std=0.008149 log_ratio=0.0000 accept=1.0000 swapped=True
i=11 pair=(4,2) lam_t=0.99286 lam_s=1.00714 tsr_diff=0.011778 integral_mean=0.000246 integral_std=0.014065 log_ratio=0.0000 accept=1.0000 swapped=True
i=11 pair=(5,6) lam_t=1.02143 lam_s=1.03571 tsr_diff=0.011242 integral_mean=0.000256 integral_std=0.014193 log_ratio=0.0000 accept=1.0000 swapped=True
i=12 pair=(7,0) lam_t=0.95000 lam_s=0.96429 tsr_diff=0.013839 integral_mean=0.000120 integral_std=0.009255 log_ratio=0.0000 accept=1.0000 swapped=True
i=12 pair=(1,2) lam_t=0.97857 lam_s=0.99286 tsr_diff=0.013131 integral_mean=-0.000368 integral_std=0.009721 log_ratio=-0.8825 accept=0.4138 swapped=True
i=12 pair=(4,6) lam_t=1.00714 lam_s=1.02143 tsr_diff=0.012476 integral_mean=0.000556 integral_std=0.014914 log_ratio=0.0000 accept=1.0000 swapped=True
i=12 pair=(5,3) lam_t=1.03571 lam_s=1.05000 tsr_diff=0.011868 integral_mean=-0.000418 integral_std=0.015661 log_ratio=-1.0020 accept=0.3671 swapped=False
i=13 pair=(7,2) lam_t=0.96429 lam_s=0.97857 tsr_diff=0.014342 integral_mean=-0.000326 integral_std=0.010478 log_ratio=-0.7815 accept=0.4577 swapped=False
i=13 pair=(1,6) lam_t=0.99286 lam_s=1.00714 tsr_diff=0.013574 integral_mean=-0.000145 integral_std=0.016209 log_ratio=-0.3472 accept=0.7067 swapped=False
i=13 pair=(4,5) lam_t=1.02143 lam_s=1.03571 tsr_diff=0.012866 integral_mean=0.000165 integral_std=0.017559 log_ratio=0.0000 accept=1.0000 swapped=True
i=14 pair=(0,7) lam_t=0.95000 lam_s=0.96429 tsr_diff=0.015346 integral_mean=0.000941 integral_std=0.012349 log_ratio=0.0000 accept=1.0000 swapped=True
i=14 pair=(2,1) lam_t=0.97857 lam_s=0.99286 tsr_diff=0.014482 integral_mean=0.001082 integral_std=0.013179 log_ratio=0.0000 accept=1.0000 swapped=True
i=14 pair=(6,5) lam_t=1.00714 lam_s=1.02143 tsr_diff=0.013689 integral_mean=0.004003 integral_std=0.046686 log_ratio=0.0000 accept=1.0000 swapped=True
i=14 pair=(4,3) lam_t=1.03571 lam_s=1.05000 tsr_diff=0.012959 integral_mean=-0.001893 integral_std=0.051177 log_ratio=-4.5438 accept=0.0106 swapped=False
Best Sample: 0 log probability -0.000
Saved 1 samples to: logs/pointmaze-giant-navigate-v0/inference/plans/release_H400_T256_LimitsNormalizer_b1_condFalse/2026-07-20 17:56:22/35/0.png
Saved 1 samples to: logs/pointmaze-giant-navigate-v0/inference/plans/release_H400_T256_LimitsNormalizer_b1_condFalse/2026-07-20 17:56:22/35/rollout.png
i=0 pair=(0,1) lam_t=0.95000 lam_s=0.96429 tsr_diff=0.000000 integral_mean=0.000000 integral_std=0.000000 log_ratio=0.0000 accept=1.0000 swapped=True
i=0 pair=(2,3) lam_t=0.97857 lam_s=0.99286 tsr_diff=0.000000 integral_mean=0.000000 integral_std=0.000000 log_ratio=0.0000 accept=1.0000 swapped=True
i=0 pair=(4,5) lam_t=1.00714 lam_s=1.02143 tsr_diff=0.000000 integral_mean=0.000000 integral_std=0.000000 log_ratio=0.0000 accept=1.0000 swapped=True
i=0 pair=(6,7) lam_t=1.03571 lam_s=1.05000 tsr_diff=0.000000 integral_mean=0.000000 integral_std=0.000000 log_ratio=0.0000 accept=1.0000 swapped=True
i=1 pair=(0,3) lam_t=0.96429 lam_s=0.97857 tsr_diff=0.000153 integral_mean=-0.000007 integral_std=0.000152 log_ratio=-0.0157 accept=0.9844 swapped=True
i=1 pair=(2,5) lam_t=0.99286 lam_s=1.00714 tsr_diff=0.000152 integral_mean=0.000000 integral_std=0.000153 log_ratio=0.0000 accept=1.0000 swapped=True
i=1 pair=(4,7) lam_t=1.02143 lam_s=1.03571 tsr_diff=0.000152 integral_mean=-0.000001 integral_std=0.000147 log_ratio=-0.0025 accept=0.9975 swapped=True
i=2 pair=(1,3) lam_t=0.95000 lam_s=0.96429 tsr_diff=0.000605 integral_mean=0.000017 integral_std=0.000632 log_ratio=0.0000 accept=1.0000 swapped=True
i=2 pair=(0,5) lam_t=0.97857 lam_s=0.99286 tsr_diff=0.000604 integral_mean=-0.000021 integral_std=0.000604 log_ratio=-0.0498 accept=0.9515 swapped=True
i=2 pair=(2,7) lam_t=1.00714 lam_s=1.02143 tsr_diff=0.000603 integral_mean=0.000016 integral_std=0.000596 log_ratio=0.0000 accept=1.0000 swapped=True
i=2 pair=(4,6) lam_t=1.03571 lam_s=1.05000 tsr_diff=0.000601 integral_mean=0.000003 integral_std=0.000634 log_ratio=0.0000 accept=1.0000 swapped=True
i=3 pair=(1,5) lam_t=0.96429 lam_s=0.97857 tsr_diff=0.001341 integral_mean=-0.000028 integral_std=0.001307 log_ratio=-0.0661 accept=0.9360 swapped=True
i=3 pair=(0,7) lam_t=0.99286 lam_s=1.00714 tsr_diff=0.001333 integral_mean=-0.000040 integral_std=0.001255 log_ratio=-0.0959 accept=0.9085 swapped=True
i=3 pair=(2,6) lam_t=1.02143 lam_s=1.03571 tsr_diff=0.001326 integral_mean=-0.000013 integral_std=0.001235 log_ratio=-0.0317 accept=0.9688 swapped=True
i=4 pair=(3,5) lam_t=0.95000 lam_s=0.96429 tsr_diff=0.002344 integral_mean=-0.000068 integral_std=0.002254 log_ratio=-0.1641 accept=0.8487 swapped=True
i=4 pair=(1,7) lam_t=0.97857 lam_s=0.99286 tsr_diff=0.002322 integral_mean=-0.000274 integral_std=0.002690 log_ratio=-0.6570 accept=0.5184 swapped=True
i=4 pair=(0,6) lam_t=1.00714 lam_s=1.02143 tsr_diff=0.002301 integral_mean=-0.000060 integral_std=0.002174 log_ratio=-0.1448 accept=0.8652 swapped=True
i=4 pair=(2,4) lam_t=1.03571 lam_s=1.05000 tsr_diff=0.002280 integral_mean=-0.000023 integral_std=0.002146 log_ratio=-0.0543 accept=0.9472 swapped=True
i=5 pair=(3,7) lam_t=0.96429 lam_s=0.97857 tsr_diff=0.003545 integral_mean=-0.000275 integral_std=0.003752 log_ratio=-0.6599 accept=0.5169 swapped=True
i=5 pair=(1,6) lam_t=0.99286 lam_s=1.00714 tsr_diff=0.003496 integral_mean=-0.000017 integral_std=0.003437 log_ratio=-0.0400 accept=0.9608 swapped=False
i=5 pair=(0,4) lam_t=1.02143 lam_s=1.03571 tsr_diff=0.003447 integral_mean=-0.000012 integral_std=0.003159 log_ratio=-0.0283 accept=0.9721 swapped=True
i=6 pair=(5,7) lam_t=0.95000 lam_s=0.96429 tsr_diff=0.004979 integral_mean=-0.000278 integral_std=0.005405 log_ratio=-0.6667 accept=0.5134 swapped=True
i=6 pair=(3,1) lam_t=0.97857 lam_s=0.99286 tsr_diff=0.004883 integral_mean=-0.000024 integral_std=0.004519 log_ratio=-0.0565 accept=0.9451 swapped=True
i=6 pair=(6,4) lam_t=1.00714 lam_s=1.02143 tsr_diff=0.004789 integral_mean=0.000096 integral_std=0.004879 log_ratio=0.0000 accept=1.0000 swapped=True
i=6 pair=(0,2) lam_t=1.03571 lam_s=1.05000 tsr_diff=0.004698 integral_mean=0.000122 integral_std=0.004259 log_ratio=0.0000 accept=1.0000 swapped=True
i=7 pair=(5,1) lam_t=0.96429 lam_s=0.97857 tsr_diff=0.006435 integral_mean=0.000217 integral_std=0.005818 log_ratio=0.0000 accept=1.0000 swapped=True
i=7 pair=(3,4) lam_t=0.99286 lam_s=1.00714 tsr_diff=0.006274 integral_mean=-0.000015 integral_std=0.005370 log_ratio=-0.0352 accept=0.9654 swapped=True
i=7 pair=(6,2) lam_t=1.02143 lam_s=1.03571 tsr_diff=0.006120 integral_mean=0.000242 integral_std=0.006008 log_ratio=0.0000 accept=1.0000 swapped=True
i=8 pair=(7,1) lam_t=0.95000 lam_s=0.96429 tsr_diff=0.008123 integral_mean=0.000491 integral_std=0.008853 log_ratio=0.0000 accept=1.0000 swapped=True
i=8 pair=(5,4) lam_t=0.97857 lam_s=0.99286 tsr_diff=0.007872 integral_mean=-0.000134 integral_std=0.007022 log_ratio=-0.3225 accept=0.7243 swapped=True
i=8 pair=(3,2) lam_t=1.00714 lam_s=1.02143 tsr_diff=0.007631 integral_mean=0.000027 integral_std=0.006285 log_ratio=0.0000 accept=1.0000 swapped=True
i=8 pair=(6,0) lam_t=1.03571 lam_s=1.05000 tsr_diff=0.007402 integral_mean=0.000200 integral_std=0.007140 log_ratio=0.0000 accept=1.0000 swapped=True
i=9 pair=(7,4) lam_t=0.96429 lam_s=0.97857 tsr_diff=0.009548 integral_mean=0.000720 integral_std=0.011244 log_ratio=0.0000 accept=1.0000 swapped=True
i=9 pair=(5,2) lam_t=0.99286 lam_s=1.00714 tsr_diff=0.009200 integral_mean=0.000581 integral_std=0.008381 log_ratio=0.0000 accept=1.0000 swapped=True
i=9 pair=(3,0) lam_t=1.02143 lam_s=1.03571 tsr_diff=0.008870 integral_mean=-0.000122 integral_std=0.006869 log_ratio=-0.2939 accept=0.7453 swapped=True
i=10 pair=(1,4) lam_t=0.95000 lam_s=0.96429 tsr_diff=0.011265 integral_mean=-0.000030 integral_std=0.008225 log_ratio=-0.0715 accept=0.9310 swapped=True
i=10 pair=(7,2) lam_t=0.97857 lam_s=0.99286 tsr_diff=0.010789 integral_mean=0.000920 integral_std=0.013301 log_ratio=0.0000 accept=1.0000 swapped=True
i=10 pair=(5,0) lam_t=1.00714 lam_s=1.02143 tsr_diff=0.010342 integral_mean=0.000659 integral_std=0.009647 log_ratio=0.0000 accept=1.0000 swapped=True
i=10 pair=(3,6) lam_t=1.03571 lam_s=1.05000 tsr_diff=0.009923 integral_mean=-0.001372 integral_std=0.013413 log_ratio=-3.2938 accept=0.0371 swapped=False
i=11 pair=(1,2) lam_t=0.96429 lam_s=0.97857 tsr_diff=0.012354 integral_mean=-0.000097 integral_std=0.008302 log_ratio=-0.2321 accept=0.7929 swapped=True
i=11 pair=(7,0) lam_t=0.99286 lam_s=1.00714 tsr_diff=0.011778 integral_mean=0.000980 integral_std=0.016059 log_ratio=0.0000 accept=1.0000 swapped=True
i=11 pair=(5,3) lam_t=1.02143 lam_s=1.03571 tsr_diff=0.011242 integral_mean=0.000953 integral_std=0.011080 log_ratio=0.0000 accept=1.0000 swapped=True
i=12 pair=(4,2) lam_t=0.95000 lam_s=0.96429 tsr_diff=0.013839 integral_mean=0.000199 integral_std=0.008696 log_ratio=0.0000 accept=1.0000 swapped=True
i=12 pair=(1,0) lam_t=0.97857 lam_s=0.99286 tsr_diff=0.013131 integral_mean=0.000045 integral_std=0.007240 log_ratio=0.0000 accept=1.0000 swapped=True
i=12 pair=(7,3) lam_t=1.00714 lam_s=1.02143 tsr_diff=0.012476 integral_mean=0.002029 integral_std=0.021009 log_ratio=0.0000 accept=1.0000 swapped=True
i=12 pair=(5,6) lam_t=1.03571 lam_s=1.05000 tsr_diff=0.011868 integral_mean=-0.000618 integral_std=0.018950 log_ratio=-1.4835 accept=0.2268 swapped=False
i=13 pair=(4,0) lam_t=0.96429 lam_s=0.97857 tsr_diff=0.014342 integral_mean=0.000280 integral_std=0.007939 log_ratio=0.0000 accept=1.0000 swapped=True
i=13 pair=(1,3) lam_t=0.99286 lam_s=1.00714 tsr_diff=0.013574 integral_mean=-0.000083 integral_std=0.006278 log_ratio=-0.1993 accept=0.8193 swapped=True
i=13 pair=(7,5) lam_t=1.02143 lam_s=1.03571 tsr_diff=0.012866 integral_mean=0.000698 integral_std=0.052986 log_ratio=0.0000 accept=1.0000 swapped=True
i=14 pair=(2,0) lam_t=0.95000 lam_s=0.96429 tsr_diff=0.015346 integral_mean=0.000910 integral_std=0.012174 log_ratio=0.0000 accept=1.0000 swapped=True
i=14 pair=(4,3) lam_t=0.97857 lam_s=0.99286 tsr_diff=0.014482 integral_mean=0.000332 integral_std=0.007663 log_ratio=0.0000 accept=1.0000 swapped=True
i=14 pair=(1,5) lam_t=1.00714 lam_s=1.02143 tsr_diff=0.013689 integral_mean=-0.040789 integral_std=0.203491 log_ratio=-97.8924 accept=0.0000 swapped=False
i=14 pair=(7,6) lam_t=1.03571 lam_s=1.05000 tsr_diff=0.012959 integral_mean=0.006591 integral_std=0.143719 log_ratio=0.0000 accept=1.0000 swapped=True
Best Sample: 0 log probability 0.000
Saved 1 samples to: logs/pointmaze-giant-navigate-v0/inference/plans/release_H400_T256_LimitsNormalizer_b1_condFalse/2026-07-20 17:56:22/36/0.png
Saved 1 samples to: logs/pointmaze-giant-navigate-v0/inference/plans/release_H400_T256_LimitsNormalizer_b1_condFalse/2026-07-20 17:56:22/36/rollout.png
i=0 pair=(0,1) lam_t=0.95000 lam_s=0.96429 tsr_diff=0.000000 integral_mean=0.000000 integral_std=0.000000 log_ratio=0.0000 accept=1.0000 swapped=True
i=0 pair=(2,3) lam_t=0.97857 lam_s=0.99286 tsr_diff=0.000000 integral_mean=0.000000 integral_std=0.000000 log_ratio=0.0000 accept=1.0000 swapped=True
i=0 pair=(4,5) lam_t=1.00714 lam_s=1.02143 tsr_diff=0.000000 integral_mean=0.000000 integral_std=0.000000 log_ratio=0.0000 accept=1.0000 swapped=True
i=0 pair=(6,7) lam_t=1.03571 lam_s=1.05000 tsr_diff=0.000000 integral_mean=0.000000 integral_std=0.000000 log_ratio=0.0000 accept=1.0000 swapped=True
i=1 pair=(0,3) lam_t=0.96429 lam_s=0.97857 tsr_diff=0.000153 integral_mean=0.000002 integral_std=0.000154 log_ratio=0.0000 accept=1.0000 swapped=True
i=1 pair=(2,5) lam_t=0.99286 lam_s=1.00714 tsr_diff=0.000152 integral_mean=0.000003 integral_std=0.000145 log_ratio=0.0000 accept=1.0000 swapped=True
i=1 pair=(4,7) lam_t=1.02143 lam_s=1.03571 tsr_diff=0.000152 integral_mean=0.000008 integral_std=0.000149 log_ratio=0.0000 accept=1.0000 swapped=True
i=2 pair=(1,3) lam_t=0.95000 lam_s=0.96429 tsr_diff=0.000605 integral_mean=-0.000005 integral_std=0.000613 log_ratio=-0.0129 accept=0.9871 swapped=True
i=2 pair=(0,5) lam_t=0.97857 lam_s=0.99286 tsr_diff=0.000604 integral_mean=0.000015 integral_std=0.000565 log_ratio=0.0000 accept=1.0000 swapped=True
i=2 pair=(2,7) lam_t=1.00714 lam_s=1.02143 tsr_diff=0.000603 integral_mean=-0.000023 integral_std=0.000576 log_ratio=-0.0562 accept=0.9454 swapped=True
i=2 pair=(4,6) lam_t=1.03571 lam_s=1.05000 tsr_diff=0.000601 integral_mean=-0.000045 integral_std=0.000644 log_ratio=-0.1070 accept=0.8985 swapped=True
i=3 pair=(1,5) lam_t=0.96429 lam_s=0.97857 tsr_diff=0.001341 integral_mean=0.000041 integral_std=0.001329 log_ratio=0.0000 accept=1.0000 swapped=True
i=3 pair=(0,7) lam_t=0.99286 lam_s=1.00714 tsr_diff=0.001333 integral_mean=-0.000026 integral_std=0.001322 log_ratio=-0.0631 accept=0.9389 swapped=True
i=3 pair=(2,6) lam_t=1.02143 lam_s=1.03571 tsr_diff=0.001326 integral_mean=0.000055 integral_std=0.001378 log_ratio=0.0000 accept=1.0000 swapped=True
i=4 pair=(3,5) lam_t=0.95000 lam_s=0.96429 tsr_diff=0.002344 integral_mean=-0.000003 integral_std=0.002198 log_ratio=-0.0071 accept=0.9929 swapped=True
i=4 pair=(1,7) lam_t=0.97857 lam_s=0.99286 tsr_diff=0.002322 integral_mean=0.000009 integral_std=0.002154 log_ratio=0.0000 accept=1.0000 swapped=True
i=4 pair=(0,6) lam_t=1.00714 lam_s=1.02143 tsr_diff=0.002301 integral_mean=-0.000037 integral_std=0.002273 log_ratio=-0.0897 accept=0.9142 swapped=True
i=4 pair=(2,4) lam_t=1.03571 lam_s=1.05000 tsr_diff=0.002280 integral_mean=-0.000053 integral_std=0.002199 log_ratio=-0.1266 accept=0.8811 swapped=False
i=5 pair=(3,7) lam_t=0.96429 lam_s=0.97857 tsr_diff=0.003545 integral_mean=0.000015 integral_std=0.003129 log_ratio=0.0000 accept=1.0000 swapped=True
i=5 pair=(1,6) lam_t=0.99286 lam_s=1.00714 tsr_diff=0.003496 integral_mean=0.000078 integral_std=0.003379 log_ratio=0.0000 accept=1.0000 swapped=True
i=5 pair=(0,2) lam_t=1.02143 lam_s=1.03571 tsr_diff=0.003447 integral_mean=-0.000068 integral_std=0.003182 log_ratio=-0.1637 accept=0.8490 swapped=True
i=6 pair=(5,7) lam_t=0.95000 lam_s=0.96429 tsr_diff=0.004979 integral_mean=0.000154 integral_std=0.004845 log_ratio=0.0000 accept=1.0000 swapped=True
i=6 pair=(3,6) lam_t=0.97857 lam_s=0.99286 tsr_diff=0.004883 integral_mean=-0.000152 integral_std=0.004870 log_ratio=-0.3652 accept=0.6941 swapped=True
i=6 pair=(1,2) lam_t=1.00714 lam_s=1.02143 tsr_diff=0.004789 integral_mean=0.000013 integral_std=0.004368 log_ratio=0.0000 accept=1.0000 swapped=True
i=6 pair=(0,4) lam_t=1.03571 lam_s=1.05000 tsr_diff=0.004698 integral_mean=-0.000155 integral_std=0.004163 log_ratio=-0.3716 accept=0.6896 swapped=True
i=7 pair=(5,6) lam_t=0.96429 lam_s=0.97857 tsr_diff=0.006435 integral_mean=0.000244 integral_std=0.007012 log_ratio=0.0000 accept=1.0000 swapped=True
i=7 pair=(3,2) lam_t=0.99286 lam_s=1.00714 tsr_diff=0.006274 integral_mean=-0.000191 integral_std=0.005207 log_ratio=-0.4575 accept=0.6328 swapped=True
i=7 pair=(1,4) lam_t=1.02143 lam_s=1.03571 tsr_diff=0.006120 integral_mean=-0.000026 integral_std=0.005224 log_ratio=-0.0632 accept=0.9387 swapped=True
i=8 pair=(7,6) lam_t=0.95000 lam_s=0.96429 tsr_diff=0.008123 integral_mean=-0.000275 integral_std=0.007818 log_ratio=-0.6588 accept=0.5175 swapped=False
i=8 pair=(5,2) lam_t=0.97857 lam_s=0.99286 tsr_diff=0.007872 integral_mean=0.000792 integral_std=0.008021 log_ratio=0.0000 accept=1.0000 swapped=True
i=8 pair=(3,4) lam_t=1.00714 lam_s=1.02143 tsr_diff=0.007631 integral_mean=-0.000137 integral_std=0.007082 log_ratio=-0.3292 accept=0.7195 swapped=False
i=8 pair=(1,0) lam_t=1.03571 lam_s=1.05000 tsr_diff=0.007402 integral_mean=0.000329 integral_std=0.006438 log_ratio=0.0000 accept=1.0000 swapped=True
i=9 pair=(6,2) lam_t=0.96429 lam_s=0.97857 tsr_diff=0.009548 integral_mean=0.000500 integral_std=0.008849 log_ratio=0.0000 accept=1.0000 swapped=True
i=9 pair=(5,3) lam_t=0.99286 lam_s=1.00714 tsr_diff=0.009200 integral_mean=0.000377 integral_std=0.008914 log_ratio=0.0000 accept=1.0000 swapped=True
i=9 pair=(4,0) lam_t=1.02143 lam_s=1.03571 tsr_diff=0.008870 integral_mean=0.000474 integral_std=0.008004 log_ratio=0.0000 accept=1.0000 swapped=True
i=10 pair=(7,2) lam_t=0.95000 lam_s=0.96429 tsr_diff=0.011265 integral_mean=0.000541 integral_std=0.008971 log_ratio=0.0000 accept=1.0000 swapped=True
i=10 pair=(6,3) lam_t=0.97857 lam_s=0.99286 tsr_diff=0.010789 integral_mean=-0.000110 integral_std=0.010790 log_ratio=-0.2638 accept=0.7682 swapped=True
i=10 pair=(5,0) lam_t=1.00714 lam_s=1.02143 tsr_diff=0.010342 integral_mean=0.000617 integral_std=0.011649 log_ratio=0.0000 accept=1.0000 swapped=True
i=10 pair=(4,1) lam_t=1.03571 lam_s=1.05000 tsr_diff=0.009923 integral_mean=0.001229 integral_std=0.011102 log_ratio=0.0000 accept=1.0000 swapped=True
i=11 pair=(7,3) lam_t=0.96429 lam_s=0.97857 tsr_diff=0.012354 integral_mean=0.000749 integral_std=0.009743 log_ratio=0.0000 accept=1.0000 swapped=True
i=11 pair=(6,0) lam_t=0.99286 lam_s=1.00714 tsr_diff=0.011778 integral_mean=0.000135 integral_std=0.011868 log_ratio=0.0000 accept=1.0000 swapped=True
i=11 pair=(5,1) lam_t=1.02143 lam_s=1.03571 tsr_diff=0.011242 integral_mean=0.000923 integral_std=0.013700 log_ratio=0.0000 accept=1.0000 swapped=True
i=12 pair=(2,3) lam_t=0.95000 lam_s=0.96429 tsr_diff=0.013839 integral_mean=0.000262 integral_std=0.009367 log_ratio=0.0000 accept=1.0000 swapped=True
i=12 pair=(7,0) lam_t=0.97857 lam_s=0.99286 tsr_diff=0.013131 integral_mean=0.000892 integral_std=0.019052 log_ratio=0.0000 accept=1.0000 swapped=True
i=12 pair=(6,1) lam_t=1.00714 lam_s=1.02143 tsr_diff=0.012476 integral_mean=0.000652 integral_std=0.015419 log_ratio=0.0000 accept=1.0000 swapped=True
i=12 pair=(5,4) lam_t=1.03571 lam_s=1.05000 tsr_diff=0.011868 integral_mean=-0.000023 integral_std=0.018646 log_ratio=-0.0559 accept=0.9456 swapped=True
i=13 pair=(2,0) lam_t=0.96429 lam_s=0.97857 tsr_diff=0.014342 integral_mean=0.001170 integral_std=0.022086 log_ratio=0.0000 accept=1.0000 swapped=True
i=13 pair=(7,1) lam_t=0.99286 lam_s=1.00714 tsr_diff=0.013574 integral_mean=0.000875 integral_std=0.011824 log_ratio=0.0000 accept=1.0000 swapped=True
i=13 pair=(6,4) lam_t=1.02143 lam_s=1.03571 tsr_diff=0.012866 integral_mean=0.001883 integral_std=0.020298 log_ratio=0.0000 accept=1.0000 swapped=True
i=14 pair=(3,0) lam_t=0.95000 lam_s=0.96429 tsr_diff=0.015346 integral_mean=0.002373 integral_std=0.034010 log_ratio=0.0000 accept=1.0000 swapped=True
i=14 pair=(2,1) lam_t=0.97857 lam_s=0.99286 tsr_diff=0.014482 integral_mean=0.000639 integral_std=0.011221 log_ratio=0.0000 accept=1.0000 swapped=True
i=14 pair=(7,4) lam_t=1.00714 lam_s=1.02143 tsr_diff=0.013689 integral_mean=0.000101 integral_std=0.043965 log_ratio=0.0000 accept=1.0000 swapped=True
i=14 pair=(6,5) lam_t=1.03571 lam_s=1.05000 tsr_diff=0.012959 integral_mean=-0.013437 integral_std=0.093827 log_ratio=-32.2486 accept=0.0000 swapped=False
Best Sample: 1 log probability 0.000
Saved 1 samples to: logs/pointmaze-giant-navigate-v0/inference/plans/release_H400_T256_LimitsNormalizer_b1_condFalse/2026-07-20 17:56:22/37/0.png
Saved 1 samples to: logs/pointmaze-giant-navigate-v0/inference/plans/release_H400_T256_LimitsNormalizer_b1_condFalse/2026-07-20 17:56:22/37/rollout.png
i=0 pair=(0,1) lam_t=0.95000 lam_s=0.96429 tsr_diff=0.000000 integral_mean=0.000000 integral_std=0.000000 log_ratio=0.0000 accept=1.0000 swapped=True
i=0 pair=(2,3) lam_t=0.97857 lam_s=0.99286 tsr_diff=0.000000 integral_mean=0.000000 integral_std=0.000000 log_ratio=0.0000 accept=1.0000 swapped=True
i=0 pair=(4,5) lam_t=1.00714 lam_s=1.02143 tsr_diff=0.000000 integral_mean=0.000000 integral_std=0.000000 log_ratio=0.0000 accept=1.0000 swapped=True
i=0 pair=(6,7) lam_t=1.03571 lam_s=1.05000 tsr_diff=0.000000 integral_mean=0.000000 integral_std=0.000000 log_ratio=0.0000 accept=1.0000 swapped=True
i=1 pair=(0,3) lam_t=0.96429 lam_s=0.97857 tsr_diff=0.000153 integral_mean=0.000001 integral_std=0.000152 log_ratio=0.0000 accept=1.0000 swapped=True
i=1 pair=(2,5) lam_t=0.99286 lam_s=1.00714 tsr_diff=0.000152 integral_mean=0.000009 integral_std=0.000156 log_ratio=0.0000 accept=1.0000 swapped=True
i=1 pair=(4,7) lam_t=1.02143 lam_s=1.03571 tsr_diff=0.000152 integral_mean=0.000003 integral_std=0.000163 log_ratio=0.0000 accept=1.0000 swapped=True
i=2 pair=(1,3) lam_t=0.95000 lam_s=0.96429 tsr_diff=0.000605 integral_mean=-0.000026 integral_std=0.000648 log_ratio=-0.0615 accept=0.9403 swapped=True
i=2 pair=(0,5) lam_t=0.97857 lam_s=0.99286 tsr_diff=0.000604 integral_mean=-0.000003 integral_std=0.000586 log_ratio=-0.0082 accept=0.9919 swapped=True
i=2 pair=(2,7) lam_t=1.00714 lam_s=1.02143 tsr_diff=0.000603 integral_mean=0.000039 integral_std=0.000622 log_ratio=0.0000 accept=1.0000 swapped=True
i=2 pair=(4,6) lam_t=1.03571 lam_s=1.05000 tsr_diff=0.000601 integral_mean=0.000003 integral_std=0.000583 log_ratio=0.0000 accept=1.0000 swapped=True
i=3 pair=(1,5) lam_t=0.96429 lam_s=0.97857 tsr_diff=0.001341 integral_mean=-0.000045 integral_std=0.001392 log_ratio=-0.1079 accept=0.8977 swapped=True
i=3 pair=(0,7) lam_t=0.99286 lam_s=1.00714 tsr_diff=0.001333 integral_mean=0.000058 integral_std=0.001316 log_ratio=0.0000 accept=1.0000 swapped=True
i=3 pair=(2,6) lam_t=1.02143 lam_s=1.03571 tsr_diff=0.001326 integral_mean=-0.000089 integral_std=0.001315 log_ratio=-0.2126 accept=0.8084 swapped=False
i=4 pair=(3,5) lam_t=0.95000 lam_s=0.96429 tsr_diff=0.002344 integral_mean=0.000040 integral_std=0.002259 log_ratio=0.0000 accept=1.0000 swapped=True
i=4 pair=(1,7) lam_t=0.97857 lam_s=0.99286 tsr_diff=0.002322 integral_mean=0.000208 integral_std=0.002353 log_ratio=0.0000 accept=1.0000 swapped=True
i=4 pair=(0,2) lam_t=1.00714 lam_s=1.02143 tsr_diff=0.002301 integral_mean=-0.000176 integral_std=0.002405 log_ratio=-0.4231 accept=0.6550 swapped=True
i=4 pair=(6,4) lam_t=1.03571 lam_s=1.05000 tsr_diff=0.002280 integral_mean=-0.000056 integral_std=0.002299 log_ratio=-0.1337 accept=0.8748 swapped=True
i=5 pair=(3,7) lam_t=0.96429 lam_s=0.97857 tsr_diff=0.003545 integral_mean=-0.000044 integral_std=0.003501 log_ratio=-0.1066 accept=0.8988 swapped=True
i=5 pair=(1,2) lam_t=0.99286 lam_s=1.00714 tsr_diff=0.003496 integral_mean=-0.000060 integral_std=0.003321 log_ratio=-0.1437 accept=0.8661 swapped=True
i=5 pair=(0,4) lam_t=1.02143 lam_s=1.03571 tsr_diff=0.003447 integral_mean=0.000120 integral_std=0.003293 log_ratio=0.0000 accept=1.0000 swapped=True
i=6 pair=(5,7) lam_t=0.95000 lam_s=0.96429 tsr_diff=0.004979 integral_mean=0.000324 integral_std=0.005206 log_ratio=0.0000 accept=1.0000 swapped=True
i=6 pair=(3,2) lam_t=0.97857 lam_s=0.99286 tsr_diff=0.004883 integral_mean=0.000049 integral_std=0.004807 log_ratio=0.0000 accept=1.0000 swapped=True
i=6 pair=(1,4) lam_t=1.00714 lam_s=1.02143 tsr_diff=0.004789 integral_mean=-0.000163 integral_std=0.004355 log_ratio=-0.3920 accept=0.6757 swapped=False
i=6 pair=(0,6) lam_t=1.03571 lam_s=1.05000 tsr_diff=0.004698 integral_mean=0.000022 integral_std=0.004533 log_ratio=0.0000 accept=1.0000 swapped=True
i=7 pair=(5,2) lam_t=0.96429 lam_s=0.97857 tsr_diff=0.006435 integral_mean=0.000040 integral_std=0.006025 log_ratio=0.0000 accept=1.0000 swapped=True
i=7 pair=(3,1) lam_t=0.99286 lam_s=1.00714 tsr_diff=0.006274 integral_mean=0.000024 integral_std=0.005771 log_ratio=0.0000 accept=1.0000 swapped=True
i=7 pair=(4,6) lam_t=1.02143 lam_s=1.03571 tsr_diff=0.006120 integral_mean=0.000093 integral_std=0.006202 log_ratio=0.0000 accept=1.0000 swapped=True
i=8 pair=(7,2) lam_t=0.95000 lam_s=0.96429 tsr_diff=0.008123 integral_mean=0.000108 integral_std=0.009400 log_ratio=0.0000 accept=1.0000 swapped=True
i=8 pair=(5,1) lam_t=0.97857 lam_s=0.99286 tsr_diff=0.007872 integral_mean=0.000420 integral_std=0.007060 log_ratio=0.0000 accept=1.0000 swapped=True
i=8 pair=(3,6) lam_t=1.00714 lam_s=1.02143 tsr_diff=0.007631 integral_mean=0.000195 integral_std=0.007448 log_ratio=0.0000 accept=1.0000 swapped=True
i=8 pair=(4,0) lam_t=1.03571 lam_s=1.05000 tsr_diff=0.007402 integral_mean=0.000043 integral_std=0.006820 log_ratio=0.0000 accept=1.0000 swapped=True
i=9 pair=(7,1) lam_t=0.96429 lam_s=0.97857 tsr_diff=0.009548 integral_mean=0.000328 integral_std=0.009161 log_ratio=0.0000 accept=1.0000 swapped=True
i=9 pair=(5,6) lam_t=0.99286 lam_s=1.00714 tsr_diff=0.009200 integral_mean=0.000011 integral_std=0.010500 log_ratio=0.0000 accept=1.0000 swapped=True
i=9 pair=(3,0) lam_t=1.02143 lam_s=1.03571 tsr_diff=0.008870 integral_mean=0.000218 integral_std=0.009317 log_ratio=0.0000 accept=1.0000 swapped=True
i=10 pair=(2,1) lam_t=0.95000 lam_s=0.96429 tsr_diff=0.011265 integral_mean=0.001101 integral_std=0.012877 log_ratio=0.0000 accept=1.0000 swapped=True
i=10 pair=(7,6) lam_t=0.97857 lam_s=0.99286 tsr_diff=0.010789 integral_mean=0.000318 integral_std=0.011706 log_ratio=0.0000 accept=1.0000 swapped=True
i=10 pair=(5,0) lam_t=1.00714 lam_s=1.02143 tsr_diff=0.010342 integral_mean=0.000015 integral_std=0.011637 log_ratio=0.0000 accept=1.0000 swapped=True
i=10 pair=(3,4) lam_t=1.03571 lam_s=1.05000 tsr_diff=0.009923 integral_mean=-0.000381 integral_std=0.010958 log_ratio=-0.9134 accept=0.4011 swapped=True
i=11 pair=(2,6) lam_t=0.96429 lam_s=0.97857 tsr_diff=0.012354 integral_mean=0.002307 integral_std=0.017495 log_ratio=0.0000 accept=1.0000 swapped=True
i=11 pair=(7,0) lam_t=0.99286 lam_s=1.00714 tsr_diff=0.011778 integral_mean=-0.000023 integral_std=0.015340 log_ratio=-0.0560 accept=0.9455 swapped=True
i=11 pair=(5,4) lam_t=1.02143 lam_s=1.03571 tsr_diff=0.011242 integral_mean=-0.001314 integral_std=0.015922 log_ratio=-3.1532 accept=0.0427 swapped=False
i=12 pair=(1,6) lam_t=0.95000 lam_s=0.96429 tsr_diff=0.013839 integral_mean=0.001221 integral_std=0.020036 log_ratio=0.0000 accept=1.0000 swapped=True
i=12 pair=(2,0) lam_t=0.97857 lam_s=0.99286 tsr_diff=0.013131 integral_mean=0.002821 integral_std=0.028601 log_ratio=0.0000 accept=1.0000 swapped=True
i=12 pair=(7,5) lam_t=1.00714 lam_s=1.02143 tsr_diff=0.012476 integral_mean=0.000881 integral_std=0.019382 log_ratio=0.0000 accept=1.0000 swapped=True
i=12 pair=(4,3) lam_t=1.03571 lam_s=1.05000 tsr_diff=0.011868 integral_mean=0.000032 integral_std=0.020997 log_ratio=0.0000 accept=1.0000 swapped=True
i=13 pair=(1,0) lam_t=0.96429 lam_s=0.97857 tsr_diff=0.014342 integral_mean=0.000189 integral_std=0.022971 log_ratio=0.0000 accept=1.0000 swapped=True
i=13 pair=(2,5) lam_t=0.99286 lam_s=1.00714 tsr_diff=0.013574 integral_mean=0.004543 integral_std=0.032884 log_ratio=0.0000 accept=1.0000 swapped=True
i=13 pair=(7,3) lam_t=1.02143 lam_s=1.03571 tsr_diff=0.012866 integral_mean=-0.001023 integral_std=0.024813 log_ratio=-2.4547 accept=0.0859 swapped=False
i=14 pair=(6,0) lam_t=0.95000 lam_s=0.96429 tsr_diff=0.015346 integral_mean=0.000728 integral_std=0.049220 log_ratio=0.0000 accept=1.0000 swapped=True
i=14 pair=(1,5) lam_t=0.97857 lam_s=0.99286 tsr_diff=0.014482 integral_mean=0.001229 integral_std=0.019098 log_ratio=0.0000 accept=1.0000 swapped=True
i=14 pair=(2,7) lam_t=1.00714 lam_s=1.02143 tsr_diff=0.013689 integral_mean=0.006507 integral_std=0.143351 log_ratio=0.0000 accept=1.0000 swapped=True
i=14 pair=(3,4) lam_t=1.03571 lam_s=1.05000 tsr_diff=0.012959 integral_mean=0.003975 integral_std=0.077775 log_ratio=0.0000 accept=1.0000 swapped=True
Best Sample: 6 log probability -2.086
Saved 1 samples to: logs/pointmaze-giant-navigate-v0/inference/plans/release_H400_T256_LimitsNormalizer_b1_condFalse/2026-07-20 17:56:22/38/0.png
Saved 1 samples to: logs/pointmaze-giant-navigate-v0/inference/plans/release_H400_T256_LimitsNormalizer_b1_condFalse/2026-07-20 17:56:22/38/rollout.png
i=0 pair=(0,1) lam_t=0.95000 lam_s=0.96429 tsr_diff=0.000000 integral_mean=0.000000 integral_std=0.000000 log_ratio=0.0000 accept=1.0000 swapped=True
i=0 pair=(2,3) lam_t=0.97857 lam_s=0.99286 tsr_diff=0.000000 integral_mean=0.000000 integral_std=0.000000 log_ratio=0.0000 accept=1.0000 swapped=True
i=0 pair=(4,5) lam_t=1.00714 lam_s=1.02143 tsr_diff=0.000000 integral_mean=0.000000 integral_std=0.000000 log_ratio=0.0000 accept=1.0000 swapped=True
i=0 pair=(6,7) lam_t=1.03571 lam_s=1.05000 tsr_diff=0.000000 integral_mean=0.000000 integral_std=0.000000 log_ratio=0.0000 accept=1.0000 swapped=True
i=1 pair=(0,3) lam_t=0.96429 lam_s=0.97857 tsr_diff=0.000153 integral_mean=-0.000003 integral_std=0.000144 log_ratio=-0.0064 accept=0.9937 swapped=True
i=1 pair=(2,5) lam_t=0.99286 lam_s=1.00714 tsr_diff=0.000152 integral_mean=0.000000 integral_std=0.000151 log_ratio=0.0000 accept=1.0000 swapped=True
i=1 pair=(4,7) lam_t=1.02143 lam_s=1.03571 tsr_diff=0.000152 integral_mean=-0.000029 integral_std=0.000187 log_ratio=-0.0688 accept=0.9336 swapped=True
i=2 pair=(1,3) lam_t=0.95000 lam_s=0.96429 tsr_diff=0.000605 integral_mean=0.000006 integral_std=0.000603 log_ratio=0.0000 accept=1.0000 swapped=True
i=2 pair=(0,5) lam_t=0.97857 lam_s=0.99286 tsr_diff=0.000604 integral_mean=0.000011 integral_std=0.000602 log_ratio=0.0000 accept=1.0000 swapped=True
i=2 pair=(2,7) lam_t=1.00714 lam_s=1.02143 tsr_diff=0.000603 integral_mean=-0.000008 integral_std=0.000622 log_ratio=-0.0180 accept=0.9822 swapped=True
i=2 pair=(4,6) lam_t=1.03571 lam_s=1.05000 tsr_diff=0.000601 integral_mean=0.000030 integral_std=0.000637 log_ratio=0.0000 accept=1.0000 swapped=True
i=3 pair=(1,5) lam_t=0.96429 lam_s=0.97857 tsr_diff=0.001341 integral_mean=-0.000026 integral_std=0.001332 log_ratio=-0.0631 accept=0.9389 swapped=True
i=3 pair=(0,7) lam_t=0.99286 lam_s=1.00714 tsr_diff=0.001333 integral_mean=-0.000017 integral_std=0.001365 log_ratio=-0.0408 accept=0.9600 swapped=True
i=3 pair=(2,6) lam_t=1.02143 lam_s=1.03571 tsr_diff=0.001326 integral_mean=-0.000118 integral_std=0.001401 log_ratio=-0.2822 accept=0.7542 swapped=True
i=4 pair=(3,5) lam_t=0.95000 lam_s=0.96429 tsr_diff=0.002344 integral_mean=0.000455 integral_std=0.003070 log_ratio=0.0000 accept=1.0000 swapped=True
i=4 pair=(1,7) lam_t=0.97857 lam_s=0.99286 tsr_diff=0.002322 integral_mean=-0.000075 integral_std=0.002154 log_ratio=-0.1807 accept=0.8347 swapped=False
i=4 pair=(0,6) lam_t=1.00714 lam_s=1.02143 tsr_diff=0.002301 integral_mean=-0.000209 integral_std=0.002396 log_ratio=-0.5025 accept=0.6050 swapped=True
i=4 pair=(2,4) lam_t=1.03571 lam_s=1.05000 tsr_diff=0.002280 integral_mean=0.000080 integral_std=0.002421 log_ratio=0.0000 accept=1.0000 swapped=True
i=5 pair=(3,1) lam_t=0.96429 lam_s=0.97857 tsr_diff=0.003545 integral_mean=0.000468 integral_std=0.003924 log_ratio=0.0000 accept=1.0000 swapped=True
i=5 pair=(7,6) lam_t=0.99286 lam_s=1.00714 tsr_diff=0.003496 integral_mean=-0.000042 integral_std=0.003596 log_ratio=-0.1003 accept=0.9046 swapped=False
i=5 pair=(0,4) lam_t=1.02143 lam_s=1.03571 tsr_diff=0.003447 integral_mean=0.000072 integral_std=0.002985 log_ratio=0.0000 accept=1.0000 swapped=True
i=6 pair=(5,1) lam_t=0.95000 lam_s=0.96429 tsr_diff=0.004979 integral_mean=-0.000024 integral_std=0.004693 log_ratio=-0.0578 accept=0.9438 swapped=True
i=6 pair=(3,7) lam_t=0.97857 lam_s=0.99286 tsr_diff=0.004883 integral_mean=0.000047 integral_std=0.004704 log_ratio=0.0000 accept=1.0000 swapped=True
i=6 pair=(6,4) lam_t=1.00714 lam_s=1.02143 tsr_diff=0.004789 integral_mean=0.000176 integral_std=0.004349 log_ratio=0.0000 accept=1.0000 swapped=True
i=6 pair=(0,2) lam_t=1.03571 lam_s=1.05000 tsr_diff=0.004698 integral_mean=-0.000069 integral_std=0.004402 log_ratio=-0.1659 accept=0.8471 swapped=True
i=7 pair=(5,7) lam_t=0.96429 lam_s=0.97857 tsr_diff=0.006435 integral_mean=-0.000068 integral_std=0.005985 log_ratio=-0.1623 accept=0.8502 swapped=True
i=7 pair=(3,4) lam_t=0.99286 lam_s=1.00714 tsr_diff=0.006274 integral_mean=0.000213 integral_std=0.006062 log_ratio=0.0000 accept=1.0000 swapped=True
i=7 pair=(6,2) lam_t=1.02143 lam_s=1.03571 tsr_diff=0.006120 integral_mean=-0.000002 integral_std=0.006022 log_ratio=-0.0054 accept=0.9946 swapped=True
i=8 pair=(1,7) lam_t=0.95000 lam_s=0.96429 tsr_diff=0.008123 integral_mean=-0.000046 integral_std=0.008159 log_ratio=-0.1114 accept=0.8946 swapped=True
i=8 pair=(5,4) lam_t=0.97857 lam_s=0.99286 tsr_diff=0.007872 integral_mean=0.000142 integral_std=0.007759 log_ratio=0.0000 accept=1.0000 swapped=True
i=8 pair=(3,2) lam_t=1.00714 lam_s=1.02143 tsr_diff=0.007631 integral_mean=0.000357 integral_std=0.006458 log_ratio=0.0000 accept=1.0000 swapped=True
i=8 pair=(6,0) lam_t=1.03571 lam_s=1.05000 tsr_diff=0.007402 integral_mean=0.000091 integral_std=0.007541 log_ratio=0.0000 accept=1.0000 swapped=True
i=9 pair=(1,4) lam_t=0.96429 lam_s=0.97857 tsr_diff=0.009548 integral_mean=0.000639 integral_std=0.008815 log_ratio=0.0000 accept=1.0000 swapped=True
i=9 pair=(5,2) lam_t=0.99286 lam_s=1.00714 tsr_diff=0.009200 integral_mean=0.000169 integral_std=0.006928 log_ratio=0.0000 accept=1.0000 swapped=True
i=9 pair=(3,0) lam_t=1.02143 lam_s=1.03571 tsr_diff=0.008870 integral_mean=0.000390 integral_std=0.007420 log_ratio=0.0000 accept=1.0000 swapped=True
i=10 pair=(7,4) lam_t=0.95000 lam_s=0.96429 tsr_diff=0.011265 integral_mean=0.000483 integral_std=0.011898 log_ratio=0.0000 accept=1.0000 swapped=True
i=10 pair=(1,2) lam_t=0.97857 lam_s=0.99286 tsr_diff=0.010789 integral_mean=0.000478 integral_std=0.011605 log_ratio=0.0000 accept=1.0000 swapped=True
i=10 pair=(5,0) lam_t=1.00714 lam_s=1.02143 tsr_diff=0.010342 integral_mean=-0.000386 integral_std=0.007548 log_ratio=-0.9272 accept=0.3957 swapped=False
i=10 pair=(3,6) lam_t=1.03571 lam_s=1.05000 tsr_diff=0.009923 integral_mean=0.000652 integral_std=0.012247 log_ratio=0.0000 accept=1.0000 swapped=True
i=11 pair=(7,2) lam_t=0.96429 lam_s=0.97857 tsr_diff=0.012354 integral_mean=0.000992 integral_std=0.012388 log_ratio=0.0000 accept=1.0000 swapped=True
i=11 pair=(1,5) lam_t=0.99286 lam_s=1.00714 tsr_diff=0.011778 integral_mean=0.000911 integral_std=0.014682 log_ratio=0.0000 accept=1.0000 swapped=True
i=11 pair=(0,6) lam_t=1.02143 lam_s=1.03571 tsr_diff=0.011242 integral_mean=-0.000628 integral_std=0.013234 log_ratio=-1.5069 accept=0.2216 swapped=False
i=12 pair=(4,2) lam_t=0.95000 lam_s=0.96429 tsr_diff=0.013839 integral_mean=0.000655 integral_std=0.014110 log_ratio=0.0000 accept=1.0000 swapped=True
i=12 pair=(7,5) lam_t=0.97857 lam_s=0.99286 tsr_diff=0.013131 integral_mean=0.000878 integral_std=0.014196 log_ratio=0.0000 accept=1.0000 swapped=True
i=12 pair=(1,0) lam_t=1.00714 lam_s=1.02143 tsr_diff=0.012476 integral_mean=0.001317 integral_std=0.016312 log_ratio=0.0000 accept=1.0000 swapped=True
i=12 pair=(6,3) lam_t=1.03571 lam_s=1.05000 tsr_diff=0.011868 integral_mean=-0.000892 integral_std=0.021158 log_ratio=-2.1413 accept=0.1175 swapped=False
i=13 pair=(4,5) lam_t=0.96429 lam_s=0.97857 tsr_diff=0.014342 integral_mean=-0.000125 integral_std=0.016920 log_ratio=-0.3009 accept=0.7402 swapped=False
i=13 pair=(7,0) lam_t=0.99286 lam_s=1.00714 tsr_diff=0.013574 integral_mean=0.001399 integral_std=0.017018 log_ratio=0.0000 accept=1.0000 swapped=True
i=13 pair=(1,6) lam_t=1.02143 lam_s=1.03571 tsr_diff=0.012866 integral_mean=-0.000546 integral_std=0.025707 log_ratio=-1.3100 accept=0.2698 swapped=False
i=14 pair=(2,4) lam_t=0.95000 lam_s=0.96429 tsr_diff=0.015346 integral_mean=0.004461 integral_std=0.021139 log_ratio=0.0000 accept=1.0000 swapped=True
i=14 pair=(5,0) lam_t=0.97857 lam_s=0.99286 tsr_diff=0.014482 integral_mean=0.000823 integral_std=0.007935 log_ratio=0.0000 accept=1.0000 swapped=True
i=14 pair=(7,1) lam_t=1.00714 lam_s=1.02143 tsr_diff=0.013689 integral_mean=-0.000152 integral_std=0.064562 log_ratio=-0.3646 accept=0.6945 swapped=False
i=14 pair=(6,3) lam_t=1.03571 lam_s=1.05000 tsr_diff=0.012959 integral_mean=0.000856 integral_std=0.075137 log_ratio=0.0000 accept=1.0000 swapped=True
Best Sample: 2 log probability 0.000
Saved 1 samples to: logs/pointmaze-giant-navigate-v0/inference/plans/release_H400_T256_LimitsNormalizer_b1_condFalse/2026-07-20 17:56:22/39/0.png
Saved 1 samples to: logs/pointmaze-giant-navigate-v0/inference/plans/release_H400_T256_LimitsNormalizer_b1_condFalse/2026-07-20 17:56:22/39/rollout.png
i=0 pair=(0,1) lam_t=0.95000 lam_s=0.96429 tsr_diff=0.000000 integral_mean=0.000000 integral_std=0.000000 log_ratio=0.0000 accept=1.0000 swapped=True
i=0 pair=(2,3) lam_t=0.97857 lam_s=0.99286 tsr_diff=0.000000 integral_mean=0.000000 integral_std=0.000000 log_ratio=0.0000 accept=1.0000 swapped=True
i=0 pair=(4,5) lam_t=1.00714 lam_s=1.02143 tsr_diff=0.000000 integral_mean=0.000000 integral_std=0.000000 log_ratio=0.0000 accept=1.0000 swapped=True
i=0 pair=(6,7) lam_t=1.03571 lam_s=1.05000 tsr_diff=0.000000 integral_mean=0.000000 integral_std=0.000000 log_ratio=0.0000 accept=1.0000 swapped=True
i=1 pair=(0,3) lam_t=0.96429 lam_s=0.97857 tsr_diff=0.000153 integral_mean=0.000012 integral_std=0.000165 log_ratio=0.0000 accept=1.0000 swapped=True
i=1 pair=(2,5) lam_t=0.99286 lam_s=1.00714 tsr_diff=0.000152 integral_mean=0.000002 integral_std=0.000167 log_ratio=0.0000 accept=1.0000 swapped=True
i=1 pair=(4,7) lam_t=1.02143 lam_s=1.03571 tsr_diff=0.000152 integral_mean=0.000004 integral_std=0.000161 log_ratio=0.0000 accept=1.0000 swapped=True
i=2 pair=(1,3) lam_t=0.95000 lam_s=0.96429 tsr_diff=0.000605 integral_mean=0.000059 integral_std=0.000702 log_ratio=0.0000 accept=1.0000 swapped=True
i=2 pair=(0,5) lam_t=0.97857 lam_s=0.99286 tsr_diff=0.000604 integral_mean=-0.000061 integral_std=0.000660 log_ratio=-0.1459 accept=0.8642 swapped=True
i=2 pair=(2,7) lam_t=1.00714 lam_s=1.02143 tsr_diff=0.000603 integral_mean=-0.000012 integral_std=0.000608 log_ratio=-0.0300 accept=0.9705 swapped=True
i=2 pair=(4,6) lam_t=1.03571 lam_s=1.05000 tsr_diff=0.000601 integral_mean=0.000033 integral_std=0.000605 log_ratio=0.0000 accept=1.0000 swapped=True
i=3 pair=(1,5) lam_t=0.96429 lam_s=0.97857 tsr_diff=0.001341 integral_mean=0.000041 integral_std=0.001366 log_ratio=0.0000 accept=1.0000 swapped=True
i=3 pair=(0,7) lam_t=0.99286 lam_s=1.00714 tsr_diff=0.001333 integral_mean=0.000044 integral_std=0.001311 log_ratio=0.0000 accept=1.0000 swapped=True
i=3 pair=(2,6) lam_t=1.02143 lam_s=1.03571 tsr_diff=0.001326 integral_mean=0.000029 integral_std=0.001334 log_ratio=0.0000 accept=1.0000 swapped=True
i=4 pair=(3,5) lam_t=0.95000 lam_s=0.96429 tsr_diff=0.002344 integral_mean=-0.000034 integral_std=0.002220 log_ratio=-0.0806 accept=0.9226 swapped=True
i=4 pair=(1,7) lam_t=0.97857 lam_s=0.99286 tsr_diff=0.002322 integral_mean=0.000071 integral_std=0.002250 log_ratio=0.0000 accept=1.0000 swapped=True
i=4 pair=(0,6) lam_t=1.00714 lam_s=1.02143 tsr_diff=0.002301 integral_mean=0.000067 integral_std=0.002359 log_ratio=0.0000 accept=1.0000 swapped=True
i=4 pair=(2,4) lam_t=1.03571 lam_s=1.05000 tsr_diff=0.002280 integral_mean=-0.001243 integral_std=0.004381 log_ratio=-2.9832 accept=0.0506 swapped=False
i=5 pair=(3,7) lam_t=0.96429 lam_s=0.97857 tsr_diff=0.003545 integral_mean=-0.000115 integral_std=0.003477 log_ratio=-0.2754 accept=0.7592 swapped=True
i=5 pair=(1,6) lam_t=0.99286 lam_s=1.00714 tsr_diff=0.003496 integral_mean=0.000065 integral_std=0.003155 log_ratio=0.0000 accept=1.0000 swapped=True
i=5 pair=(0,2) lam_t=1.02143 lam_s=1.03571 tsr_diff=0.003447 integral_mean=0.000440 integral_std=0.004248 log_ratio=0.0000 accept=1.0000 swapped=True
i=6 pair=(5,7) lam_t=0.95000 lam_s=0.96429 tsr_diff=0.004979 integral_mean=0.000169 integral_std=0.005147 log_ratio=0.0000 accept=1.0000 swapped=True
i=6 pair=(3,6) lam_t=0.97857 lam_s=0.99286 tsr_diff=0.004883 integral_mean=0.000104 integral_std=0.004566 log_ratio=0.0000 accept=1.0000 swapped=True
i=6 pair=(1,2) lam_t=1.00714 lam_s=1.02143 tsr_diff=0.004789 integral_mean=0.000038 integral_std=0.004565 log_ratio=0.0000 accept=1.0000 swapped=True
i=6 pair=(0,4) lam_t=1.03571 lam_s=1.05000 tsr_diff=0.004698 integral_mean=-0.000337 integral_std=0.005650 log_ratio=-0.8076 accept=0.4459 swapped=True
i=7 pair=(5,6) lam_t=0.96429 lam_s=0.97857 tsr_diff=0.006435 integral_mean=0.000338 integral_std=0.006439 log_ratio=0.0000 accept=1.0000 swapped=True
i=7 pair=(3,2) lam_t=0.99286 lam_s=1.00714 tsr_diff=0.006274 integral_mean=0.000057 integral_std=0.006184 log_ratio=0.0000 accept=1.0000 swapped=True
i=7 pair=(1,4) lam_t=1.02143 lam_s=1.03571 tsr_diff=0.006120 integral_mean=-0.000465 integral_std=0.005849 log_ratio=-1.1153 accept=0.3278 swapped=True
i=8 pair=(7,6) lam_t=0.95000 lam_s=0.96429 tsr_diff=0.008123 integral_mean=-0.000073 integral_std=0.007716 log_ratio=-0.1758 accept=0.8388 swapped=True
i=8 pair=(5,2) lam_t=0.97857 lam_s=0.99286 tsr_diff=0.007872 integral_mean=0.000267 integral_std=0.007968 log_ratio=0.0000 accept=1.0000 swapped=True
i=8 pair=(3,4) lam_t=1.00714 lam_s=1.02143 tsr_diff=0.007631 integral_mean=-0.000255 integral_std=0.007968 log_ratio=-0.6120 accept=0.5423 swapped=True
i=8 pair=(1,0) lam_t=1.03571 lam_s=1.05000 tsr_diff=0.007402 integral_mean=-0.000329 integral_std=0.007685 log_ratio=-0.7890 accept=0.4543 swapped=False
i=9 pair=(7,2) lam_t=0.96429 lam_s=0.97857 tsr_diff=0.009548 integral_mean=-0.000520 integral_std=0.009606 log_ratio=-1.2484 accept=0.2870 swapped=False
i=9 pair=(5,4) lam_t=0.99286 lam_s=1.00714 tsr_diff=0.009200 integral_mean=-0.000096 integral_std=0.010333 log_ratio=-0.2299 accept=0.7946 swapped=True
i=9 pair=(3,1) lam_t=1.02143 lam_s=1.03571 tsr_diff=0.008870 integral_mean=0.000307 integral_std=0.008692 log_ratio=0.0000 accept=1.0000 swapped=True
i=10 pair=(6,7) lam_t=0.95000 lam_s=0.96429 tsr_diff=0.011265 integral_mean=0.000650 integral_std=0.011694 log_ratio=0.0000 accept=1.0000 swapped=True
i=10 pair=(2,4) lam_t=0.97857 lam_s=0.99286 tsr_diff=0.010789 integral_mean=0.000332 integral_std=0.014271 log_ratio=0.0000 accept=1.0000 swapped=True
i=10 pair=(5,1) lam_t=1.00714 lam_s=1.02143 tsr_diff=0.010342 integral_mean=-0.000015 integral_std=0.009518 log_ratio=-0.0359 accept=0.9647 swapped=True
i=10 pair=(3,0) lam_t=1.03571 lam_s=1.05000 tsr_diff=0.009923 integral_mean=0.000164 integral_std=0.011529 log_ratio=0.0000 accept=1.0000 swapped=True
i=11 pair=(6,4) lam_t=0.96429 lam_s=0.97857 tsr_diff=0.012354 integral_mean=-0.000371 integral_std=0.015004 log_ratio=-0.8903 accept=0.4105 swapped=False
i=11 pair=(2,1) lam_t=0.99286 lam_s=1.00714 tsr_diff=0.011778 integral_mean=0.001718 integral_std=0.014628 log_ratio=0.0000 accept=1.0000 swapped=True
i=11 pair=(5,0) lam_t=1.02143 lam_s=1.03571 tsr_diff=0.011242 integral_mean=0.000081 integral_std=0.013511 log_ratio=0.0000 accept=1.0000 swapped=True
i=12 pair=(7,6) lam_t=0.95000 lam_s=0.96429 tsr_diff=0.013839 integral_mean=-0.006811 integral_std=0.038516 log_ratio=-16.3458 accept=0.0000 swapped=False
i=12 pair=(4,1) lam_t=0.97857 lam_s=0.99286 tsr_diff=0.013131 integral_mean=0.000449 integral_std=0.017796 log_ratio=0.0000 accept=1.0000 swapped=True
i=12 pair=(2,0) lam_t=1.00714 lam_s=1.02143 tsr_diff=0.012476 integral_mean=0.010741 integral_std=0.058850 log_ratio=0.0000 accept=1.0000 swapped=True
i=12 pair=(5,3) lam_t=1.03571 lam_s=1.05000 tsr_diff=0.011868 integral_mean=-0.000749 integral_std=0.011664 log_ratio=-1.7965 accept=0.1659 swapped=False
i=13 pair=(6,1) lam_t=0.96429 lam_s=0.97857 tsr_diff=0.014342 integral_mean=0.008328 integral_std=0.040311 log_ratio=0.0000 accept=1.0000 swapped=True
i=13 pair=(4,0) lam_t=0.99286 lam_s=1.00714 tsr_diff=0.013574 integral_mean=0.001976 integral_std=0.015596 log_ratio=0.0000 accept=1.0000 swapped=True
i=13 pair=(2,5) lam_t=1.02143 lam_s=1.03571 tsr_diff=0.012866 integral_mean=0.005376 integral_std=0.049646 log_ratio=0.0000 accept=1.0000 swapped=True
i=14 pair=(7,1) lam_t=0.95000 lam_s=0.96429 tsr_diff=0.015346 integral_mean=-0.000254 integral_std=0.028928 log_ratio=-0.6103 accept=0.5432 swapped=True
i=14 pair=(6,0) lam_t=0.97857 lam_s=0.99286 tsr_diff=0.014482 integral_mean=0.024801 integral_std=0.143534 log_ratio=0.0000 accept=1.0000 swapped=True
i=14 pair=(4,5) lam_t=1.00714 lam_s=1.02143 tsr_diff=0.013689 integral_mean=0.003460 integral_std=0.051898 log_ratio=0.0000 accept=1.0000 swapped=True
i=14 pair=(2,3) lam_t=1.03571 lam_s=1.05000 tsr_diff=0.012959 integral_mean=-0.002303 integral_std=0.132550 log_ratio=-5.5277 accept=0.0040 swapped=False
Best Sample: 7 log probability 0.000
Saved 1 samples to: logs/pointmaze-giant-navigate-v0/inference/plans/release_H400_T256_LimitsNormalizer_b1_condFalse/2026-07-20 17:56:22/40/0.png
Saved 1 samples to: logs/pointmaze-giant-navigate-v0/inference/plans/release_H400_T256_LimitsNormalizer_b1_condFalse/2026-07-20 17:56:22/40/rollout.png
Success Rate: 92.5, Average Compute: 256.0
Exception ignored in: <function OffScreenViewer.__del__ at 0x15215929f370>
Traceback (most recent call last):
  File "/n/home00/zoewu/.conda/envs/maze/lib/python3.10/site-packages/gymnasium/envs/mujoco/mujoco_rendering.py", line 204, in __del__
    self.free()
  File "/n/home00/zoewu/.conda/envs/maze/lib/python3.10/site-packages/gymnasium/envs/mujoco/mujoco_rendering.py", line 201, in free
    self.opengl_context.free()
  File "/n/home00/zoewu/.conda/envs/maze/lib/python3.10/site-packages/mujoco/egl/__init__.py", line 133, in free
    EGL.eglDestroyContext(EGL_DISPLAY, self._context)
  File "/n/home00/zoewu/.conda/envs/maze/lib/python3.10/site-packages/OpenGL/error.py", line 230, in glCheckError
    raise self._errorClass(
OpenGL.raw.EGL._errors.EGLError: EGLError(
	err = EGL_NOT_INITIALIZED,
	baseOperation = eglDestroyContext,
	cArguments = (
		<OpenGL._opaque.EGLDisplay_pointer object at 0x1522374d8e40>,
		<OpenGL._opaque.EGLContext_pointer object at 0x1521646f7e40>,
	),
	result = 0
)
Exception ignored in: <function GLContext.__del__ at 0x152162f80ee0>
Traceback (most recent call last):
  File "/n/home00/zoewu/.conda/envs/maze/lib/python3.10/site-packages/mujoco/egl/__init__.py", line 138, in __del__
    self.free()
  File "/n/home00/zoewu/.conda/envs/maze/lib/python3.10/site-packages/mujoco/egl/__init__.py", line 133, in free
    EGL.eglDestroyContext(EGL_DISPLAY, self._context)
  File "/n/home00/zoewu/.conda/envs/maze/lib/python3.10/site-packages/OpenGL/error.py", line 230, in glCheckError
    raise self._errorClass(
OpenGL.raw.EGL._errors.EGLError: EGLError(
	err = EGL_NOT_INITIALIZED,
	baseOperation = eglDestroyContext,
	cArguments = (
		<OpenGL._opaque.EGLDisplay_pointer object at 0x1522374d8e40>,
		<OpenGL._opaque.EGLContext_pointer object at 0x1521646f7e40>,
	),
	result = 0
)
Exception ignored in: <function OffScreenViewer.__del__ at 0x15215929f370>
Traceback (most recent call last):
  File "/n/home00/zoewu/.conda/envs/maze/lib/python3.10/site-packages/gymnasium/envs/mujoco/mujoco_rendering.py", line 204, in __del__
    self.free()
  File "/n/home00/zoewu/.conda/envs/maze/lib/python3.10/site-packages/gymnasium/envs/mujoco/mujoco_rendering.py", line 201, in free
    self.opengl_context.free()
  File "/n/home00/zoewu/.conda/envs/maze/lib/python3.10/site-packages/mujoco/egl/__init__.py", line 133, in free
    EGL.eglDestroyContext(EGL_DISPLAY, self._context)
  File "/n/home00/zoewu/.conda/envs/maze/lib/python3.10/site-packages/OpenGL/error.py", line 230, in glCheckError
    raise self._errorClass(
OpenGL.raw.EGL._errors.EGLError: EGLError(
	err = EGL_NOT_INITIALIZED,
	baseOperation = eglDestroyContext,
	cArguments = (
		<OpenGL._opaque.EGLDisplay_pointer object at 0x1522374d8e40>,
		<OpenGL._opaque.EGLContext_pointer object at 0x1521590f5440>,
	),
	result = 0
)
Exception ignored in: <function GLContext.__del__ at 0x152162f80ee0>
Traceback (most recent call last):
  File "/n/home00/zoewu/.conda/envs/maze/lib/python3.10/site-packages/mujoco/egl/__init__.py", line 138, in __del__
    self.free()
  File "/n/home00/zoewu/.conda/envs/maze/lib/python3.10/site-packages/mujoco/egl/__init__.py", line 133, in free
    EGL.eglDestroyContext(EGL_DISPLAY, self._context)
  File "/n/home00/zoewu/.conda/envs/maze/lib/python3.10/site-packages/OpenGL/error.py", line 230, in glCheckError
    raise self._errorClass(
OpenGL.raw.EGL._errors.EGLError: EGLError(
	err = EGL_NOT_INITIALIZED,
	baseOperation = eglDestroyContext,
	cArguments = (
		<OpenGL._opaque.EGLDisplay_pointer object at 0x1522374d8e40>,
		<OpenGL._opaque.EGLContext_pointer object at 0x1521590f5440>,
	),
	result = 0
)
