/n/home00/zoewu/STEER/pointmaze/diffuser/utils/training.py:161: FutureWarning: You are using `torch.load` with `weights_only=False` (the current default value), which uses the default pickle module implicitly. It is possible to construct malicious pickle data which will execute arbitrary code during unpickling (See https://github.com/pytorch/pytorch/blob/main/SECURITY.md#untrusted-models for more details). In a future release, the default value for `weights_only` will be flipped to `True`. This limits the functions that could be executed during unpickling. Arbitrary objects will no longer be allowed to be loaded via this mode unless they are explicitly allowlisted by the user via `torch.serialization.add_safe_globals`. We recommend you start setting `weights_only=True` for any use case where you don't have full control of the loaded file. Please open an issue on GitHub for any issues related to this experimental feature.
  data = torch.load(loadpath, map_location='cpu')
[ utils/setup ] Reading config: config.pointmaze:pointmaze_giant_navigate_v0
[ utils/setup ] Using overrides | config: config.pointmaze | dataset: pointmaze_giant_navigate_v0
[ utils/setup ] Lazy fstring | diffusion_loadpath : f:diffusion/H{horizon}_T{n_diffusion_steps} --> diffusion/H400_T256
[ utils/setup ] Setting exp_name to: plans/release_H400_T256_LimitsNormalizer_b1_condFalse
[ utils/setup ] Saved args to logs/pointmaze-giant-navigate-v0/plans/release_H400_T256_LimitsNormalizer_b1_condFalse/0/args.json
[ utils/serialization ] Loaded config from logs/pointmaze-giant-navigate-v0/diffusion/H400_T256/dataset_config.pkl

[utils/config ] Config: <class 'diffuser.datasets.sequence.GoalDataset'>
    env: pointmaze-giant-navigate-v0
    horizon: 400
    max_path_length: 40000
    normalizer: LimitsNormalizer
    preprocess_fns: []
    termination_penalty: None
    use_padding: False

[ utils/serialization ] Loaded config from logs/pointmaze-giant-navigate-v0/diffusion/H400_T256/render_config.pkl

[utils/config ] Config: <class 'diffuser.utils.rendering.PointMazeRenderer'>
    env: pointmaze-giant-navigate-v0

[ utils/serialization ] Loaded config from logs/pointmaze-giant-navigate-v0/diffusion/H400_T256/model_config.pkl

[utils/config ] Config: <class 'diffuser.models.temporal.TemporalUnet'>
    cond_dim: 2
    dim_mults: (1, 4, 8)
    horizon: 424
    transition_dim: 4

[ utils/serialization ] Loaded config from logs/pointmaze-giant-navigate-v0/diffusion/H400_T256/diffusion_config.pkl

[utils/config ] Config: <class 'diffuser.models.diffusion.GaussianDiffusion'>
    action_dim: 2
    action_weight: 1
    clip_denoised: True
    horizon: 400
    loss_discount: 1
    loss_type: l2
    loss_weights: None
    n_timesteps: 256
    observation_dim: 2
    predict_epsilon: False

[ utils/serialization ] Loaded config from logs/pointmaze-giant-navigate-v0/diffusion/H400_T256/trainer_config.pkl

[utils/config ] Config: <class 'diffuser.utils.training.Trainer'>
    bucket: None
    ema_decay: 0.995
    gradient_accumulate_every: 2
    label_freq: 40000
    n_reference: 50
    n_samples: 10
    results_folder: logs/pointmaze-giant-navigate-v0/diffusion/H400_T256
    sample_freq: 1000
    save_freq: 1000
    save_parallel: False
    train_batch_size: 32
    train_lr: 0.0002

[ datasets/buffer ] Finalized replay buffer | 1500 episodes
[ datasets/buffer ] Fields:
    observations: (1500, 40000, 2)
    actions: (1500, 40000, 2)
    terminals: (1500, 40000, 1)
    next_observations: (1500, 40000, 2)
    normed_observations: (1500, 40000, 2)
    normed_actions: (1500, 40000, 2)
[ models/temporal ] Channel dimensions: [(4, 32), (32, 128), (128, 256)]
[(4, 32), (32, 128), (128, 256)]

[ utils/serialization ] Loading model epoch: 1200000

i=0 pair=(0,1) lam_t=1.00000 lam_s=1.04500 tsr_diff=0.000000 integral_mean=0.000000 integral_std=0.000000 log_ratio=0.0000 accept=1.0000 swapped=True
i=0 pair=(2,3) lam_t=1.04950 lam_s=1.05000 tsr_diff=0.000000 integral_mean=0.000000 integral_std=0.000000 log_ratio=0.0000 accept=1.0000 swapped=True
i=0 pair=(1,0) lam_t=1.00000 lam_s=1.04500 tsr_diff=0.000000 integral_mean=0.000000 integral_std=0.000000 log_ratio=0.0000 accept=1.0000 swapped=True
i=0 pair=(3,2) lam_t=1.04950 lam_s=1.05000 tsr_diff=0.000000 integral_mean=0.000000 integral_std=0.000000 log_ratio=0.0000 accept=1.0000 swapped=True
i=1 pair=(1,2) lam_t=1.04500 lam_s=1.04950 tsr_diff=0.000048 integral_mean=0.000001 integral_std=0.000091 log_ratio=0.0000 accept=1.0000 swapped=True
i=1 pair=(2,1) lam_t=1.04500 lam_s=1.04950 tsr_diff=0.000048 integral_mean=-0.000000 integral_std=0.000098 log_ratio=-0.0002 accept=0.9998 swapped=True
i=2 pair=(0,1) lam_t=1.00000 lam_s=1.04500 tsr_diff=0.001897 integral_mean=0.000133 integral_std=0.004017 log_ratio=0.0000 accept=1.0000 swapped=True
i=2 pair=(2,3) lam_t=1.04950 lam_s=1.05000 tsr_diff=0.000021 integral_mean=-0.000000 integral_std=0.000043 log_ratio=-0.0001 accept=0.9999 swapped=True
i=2 pair=(1,0) lam_t=1.00000 lam_s=1.04500 tsr_diff=0.001897 integral_mean=0.000233 integral_std=0.004000 log_ratio=0.0000 accept=1.0000 swapped=True
i=2 pair=(3,2) lam_t=1.04950 lam_s=1.05000 tsr_diff=0.000021 integral_mean=0.000002 integral_std=0.000044 log_ratio=0.0000 accept=1.0000 swapped=True
i=3 pair=(1,2) lam_t=1.04500 lam_s=1.04950 tsr_diff=0.000416 integral_mean=0.000015 integral_std=0.000884 log_ratio=0.0000 accept=1.0000 swapped=True
i=3 pair=(2,1) lam_t=1.04500 lam_s=1.04950 tsr_diff=0.000416 integral_mean=-0.000017 integral_std=0.000881 log_ratio=-0.0401 accept=0.9607 swapped=True
i=4 pair=(0,1) lam_t=1.00000 lam_s=1.04500 tsr_diff=0.007228 integral_mean=-0.000139 integral_std=0.014802 log_ratio=-0.3332 accept=0.7166 swapped=True
i=4 pair=(2,3) lam_t=1.04950 lam_s=1.05000 tsr_diff=0.000080 integral_mean=-0.000002 integral_std=0.000162 log_ratio=-0.0051 accept=0.9949 swapped=True
i=4 pair=(1,0) lam_t=1.00000 lam_s=1.04500 tsr_diff=0.007228 integral_mean=-0.001206 integral_std=0.016289 log_ratio=-2.8938 accept=0.0554 swapped=False
i=4 pair=(3,2) lam_t=1.04950 lam_s=1.05000 tsr_diff=0.000080 integral_mean=-0.000005 integral_std=0.000164 log_ratio=-0.0111 accept=0.9889 swapped=True
i=5 pair=(0,2) lam_t=1.04500 lam_s=1.04950 tsr_diff=0.001076 integral_mean=0.000118 integral_std=0.002411 log_ratio=0.0000 accept=1.0000 swapped=True
i=5 pair=(2,0) lam_t=1.04500 lam_s=1.04950 tsr_diff=0.001076 integral_mean=-0.000088 integral_std=0.002271 log_ratio=-0.2107 accept=0.8101 swapped=True
i=6 pair=(1,0) lam_t=1.00000 lam_s=1.04500 tsr_diff=0.015004 integral_mean=-0.000234 integral_std=0.031416 log_ratio=-0.5616 accept=0.5703 swapped=False
i=6 pair=(2,3) lam_t=1.04950 lam_s=1.05000 tsr_diff=0.000164 integral_mean=0.000009 integral_std=0.000350 log_ratio=0.0000 accept=1.0000 swapped=True
i=6 pair=(1,0) lam_t=1.00000 lam_s=1.04500 tsr_diff=0.015004 integral_mean=0.000102 integral_std=0.031265 log_ratio=0.0000 accept=1.0000 swapped=True
i=6 pair=(3,2) lam_t=1.04950 lam_s=1.05000 tsr_diff=0.000164 integral_mean=-0.000003 integral_std=0.000356 log_ratio=-0.0084 accept=0.9917 swapped=True
i=7 pair=(1,2) lam_t=1.04500 lam_s=1.04950 tsr_diff=0.001897 integral_mean=-0.000028 integral_std=0.003961 log_ratio=-0.0682 accept=0.9341 swapped=True
i=7 pair=(2,1) lam_t=1.04500 lam_s=1.04950 tsr_diff=0.001897 integral_mean=0.000064 integral_std=0.004041 log_ratio=0.0000 accept=1.0000 swapped=True
i=8 pair=(0,1) lam_t=1.00000 lam_s=1.04500 tsr_diff=0.023831 integral_mean=-0.000303 integral_std=0.053768 log_ratio=-0.7276 accept=0.4831 swapped=True
i=8 pair=(2,3) lam_t=1.04950 lam_s=1.05000 tsr_diff=0.000257 integral_mean=0.000017 integral_std=0.000573 log_ratio=0.0000 accept=1.0000 swapped=True
i=8 pair=(1,0) lam_t=1.00000 lam_s=1.04500 tsr_diff=0.023831 integral_mean=0.000850 integral_std=0.055632 log_ratio=0.0000 accept=1.0000 swapped=True
i=8 pair=(3,2) lam_t=1.04950 lam_s=1.05000 tsr_diff=0.000257 integral_mean=-0.000002 integral_std=0.000570 log_ratio=-0.0056 accept=0.9944 swapped=True
i=9 pair=(1,2) lam_t=1.04500 lam_s=1.04950 tsr_diff=0.002729 integral_mean=0.000081 integral_std=0.006269 log_ratio=0.0000 accept=1.0000 swapped=True
i=9 pair=(2,1) lam_t=1.04500 lam_s=1.04950 tsr_diff=0.002729 integral_mean=-0.000091 integral_std=0.006154 log_ratio=-0.2189 accept=0.8034 swapped=True
i=10 pair=(0,1) lam_t=1.00000 lam_s=1.04500 tsr_diff=0.032198 integral_mean=-0.000042 integral_std=0.079175 log_ratio=-0.1010 accept=0.9039 swapped=True
i=10 pair=(2,3) lam_t=1.04950 lam_s=1.05000 tsr_diff=0.000344 integral_mean=-0.000003 integral_std=0.000802 log_ratio=-0.0082 accept=0.9918 swapped=True
i=10 pair=(1,0) lam_t=1.00000 lam_s=1.04500 tsr_diff=0.032198 integral_mean=-0.002129 integral_std=0.074871 log_ratio=-5.1090 accept=0.0060 swapped=False
i=10 pair=(3,2) lam_t=1.04950 lam_s=1.05000 tsr_diff=0.000344 integral_mean=0.000001 integral_std=0.000784 log_ratio=0.0000 accept=1.0000 swapped=True
i=11 pair=(0,2) lam_t=1.04500 lam_s=1.04950 tsr_diff=0.003437 integral_mean=0.000383 integral_std=0.009018 log_ratio=0.0000 accept=1.0000 swapped=True
i=11 pair=(2,0) lam_t=1.04500 lam_s=1.04950 tsr_diff=0.003437 integral_mean=-0.000477 integral_std=0.008881 log_ratio=-1.1449 accept=0.3183 swapped=False
i=12 pair=(1,2) lam_t=1.00000 lam_s=1.04500 tsr_diff=0.038747 integral_mean=0.001283 integral_std=0.108874 log_ratio=0.0000 accept=1.0000 swapped=True
i=12 pair=(0,3) lam_t=1.04950 lam_s=1.05000 tsr_diff=0.000410 integral_mean=0.000079 integral_std=0.001200 log_ratio=0.0000 accept=1.0000 swapped=True
i=12 pair=(2,1) lam_t=1.00000 lam_s=1.04500 tsr_diff=0.038747 integral_mean=0.006790 integral_std=0.149900 log_ratio=0.0000 accept=1.0000 swapped=True
i=12 pair=(3,0) lam_t=1.04950 lam_s=1.05000 tsr_diff=0.000410 integral_mean=-0.000049 integral_std=0.001303 log_ratio=-0.1183 accept=0.8885 swapped=True
i=13 pair=(2,0) lam_t=1.04500 lam_s=1.04950 tsr_diff=0.003916 integral_mean=-0.000021 integral_std=0.018495 log_ratio=-0.0515 accept=0.9498 swapped=True
i=13 pair=(0,2) lam_t=1.04500 lam_s=1.04950 tsr_diff=0.003916 integral_mean=0.000475 integral_std=0.019094 log_ratio=0.0000 accept=1.0000 swapped=True
i=14 pair=(1,2) lam_t=1.00000 lam_s=1.04500 tsr_diff=0.042457 integral_mean=-0.004919 integral_std=0.223992 log_ratio=-11.8054 accept=0.0000 swapped=False
i=14 pair=(0,3) lam_t=1.04950 lam_s=1.05000 tsr_diff=0.000448 integral_mean=-0.000006 integral_std=0.003190 log_ratio=-0.0137 accept=0.9864 swapped=True
i=14 pair=(1,2) lam_t=1.00000 lam_s=1.04500 tsr_diff=0.042457 integral_mean=-0.003233 integral_std=0.320699 log_ratio=-7.7581 accept=0.0004 swapped=False
i=14 pair=(3,0) lam_t=1.04950 lam_s=1.05000 tsr_diff=0.000448 integral_mean=-0.000202 integral_std=0.004449 log_ratio=-0.4843 accept=0.6161 swapped=True
Best Sample: 3 log probability 0.000
Saved 1 samples to: logs/pointmaze-giant-navigate-v0/inference/plans/release_H400_T256_LimitsNormalizer_b1_condFalse/2026-07-17 16:45:09/1/0.png
Saved 1 samples to: logs/pointmaze-giant-navigate-v0/inference/plans/release_H400_T256_LimitsNormalizer_b1_condFalse/2026-07-17 16:45:09/1/rollout.png
i=0 pair=(0,1) lam_t=1.00000 lam_s=1.04500 tsr_diff=0.000000 integral_mean=0.000000 integral_std=0.000000 log_ratio=0.0000 accept=1.0000 swapped=True
i=0 pair=(2,3) lam_t=1.04950 lam_s=1.05000 tsr_diff=0.000000 integral_mean=0.000000 integral_std=0.000000 log_ratio=0.0000 accept=1.0000 swapped=True
i=0 pair=(1,0) lam_t=1.00000 lam_s=1.04500 tsr_diff=0.000000 integral_mean=0.000000 integral_std=0.000000 log_ratio=0.0000 accept=1.0000 swapped=True
i=0 pair=(3,2) lam_t=1.04950 lam_s=1.05000 tsr_diff=0.000000 integral_mean=0.000000 integral_std=0.000000 log_ratio=0.0000 accept=1.0000 swapped=True
i=1 pair=(1,2) lam_t=1.04500 lam_s=1.04950 tsr_diff=0.000048 integral_mean=0.000001 integral_std=0.000096 log_ratio=0.0000 accept=1.0000 swapped=True
i=1 pair=(2,1) lam_t=1.04500 lam_s=1.04950 tsr_diff=0.000048 integral_mean=0.000001 integral_std=0.000100 log_ratio=0.0000 accept=1.0000 swapped=True
i=2 pair=(0,1) lam_t=1.00000 lam_s=1.04500 tsr_diff=0.001897 integral_mean=0.000047 integral_std=0.003767 log_ratio=0.0000 accept=1.0000 swapped=True
i=2 pair=(2,3) lam_t=1.04950 lam_s=1.05000 tsr_diff=0.000021 integral_mean=0.000001 integral_std=0.000045 log_ratio=0.0000 accept=1.0000 swapped=True
i=2 pair=(1,0) lam_t=1.00000 lam_s=1.04500 tsr_diff=0.001897 integral_mean=0.000024 integral_std=0.003952 log_ratio=0.0000 accept=1.0000 swapped=True
i=2 pair=(3,2) lam_t=1.04950 lam_s=1.05000 tsr_diff=0.000021 integral_mean=-0.000002 integral_std=0.000043 log_ratio=-0.0048 accept=0.9953 swapped=True
i=3 pair=(1,2) lam_t=1.04500 lam_s=1.04950 tsr_diff=0.000416 integral_mean=0.000007 integral_std=0.000842 log_ratio=0.0000 accept=1.0000 swapped=True
i=3 pair=(2,1) lam_t=1.04500 lam_s=1.04950 tsr_diff=0.000416 integral_mean=-0.000016 integral_std=0.000839 log_ratio=-0.0391 accept=0.9617 swapped=True
i=4 pair=(0,1) lam_t=1.00000 lam_s=1.04500 tsr_diff=0.007228 integral_mean=0.007261 integral_std=0.026634 log_ratio=0.0000 accept=1.0000 swapped=True
i=4 pair=(2,3) lam_t=1.04950 lam_s=1.05000 tsr_diff=0.000080 integral_mean=-0.000003 integral_std=0.000167 log_ratio=-0.0073 accept=0.9927 swapped=True
i=4 pair=(1,0) lam_t=1.00000 lam_s=1.04500 tsr_diff=0.007228 integral_mean=-0.002213 integral_std=0.020440 log_ratio=-5.3106 accept=0.0049 swapped=False
i=4 pair=(3,2) lam_t=1.04950 lam_s=1.05000 tsr_diff=0.000080 integral_mean=0.000006 integral_std=0.000157 log_ratio=0.0000 accept=1.0000 swapped=True
i=5 pair=(0,2) lam_t=1.04500 lam_s=1.04950 tsr_diff=0.001076 integral_mean=0.000341 integral_std=0.002533 log_ratio=0.0000 accept=1.0000 swapped=True
i=5 pair=(2,0) lam_t=1.04500 lam_s=1.04950 tsr_diff=0.001076 integral_mean=-0.000107 integral_std=0.002417 log_ratio=-0.2576 accept=0.7729 swapped=True
i=6 pair=(1,0) lam_t=1.00000 lam_s=1.04500 tsr_diff=0.015004 integral_mean=-0.000401 integral_std=0.034030 log_ratio=-0.9631 accept=0.3817 swapped=False
i=6 pair=(2,3) lam_t=1.04950 lam_s=1.05000 tsr_diff=0.000164 integral_mean=-0.000007 integral_std=0.000366 log_ratio=-0.0178 accept=0.9824 swapped=False
i=6 pair=(1,0) lam_t=1.00000 lam_s=1.04500 tsr_diff=0.015004 integral_mean=0.000344 integral_std=0.033233 log_ratio=0.0000 accept=1.0000 swapped=True
i=6 pair=(2,3) lam_t=1.04950 lam_s=1.05000 tsr_diff=0.000164 integral_mean=-0.000000 integral_std=0.000332 log_ratio=-0.0011 accept=0.9989 swapped=True
i=7 pair=(1,3) lam_t=1.04500 lam_s=1.04950 tsr_diff=0.001897 integral_mean=0.000062 integral_std=0.004183 log_ratio=0.0000 accept=1.0000 swapped=True
i=7 pair=(3,1) lam_t=1.04500 lam_s=1.04950 tsr_diff=0.001897 integral_mean=0.000010 integral_std=0.003976 log_ratio=0.0000 accept=1.0000 swapped=True
i=8 pair=(0,1) lam_t=1.00000 lam_s=1.04500 tsr_diff=0.023831 integral_mean=0.001886 integral_std=0.055837 log_ratio=0.0000 accept=1.0000 swapped=True
i=8 pair=(3,2) lam_t=1.04950 lam_s=1.05000 tsr_diff=0.000257 integral_mean=0.000006 integral_std=0.000545 log_ratio=0.0000 accept=1.0000 swapped=True
i=8 pair=(1,0) lam_t=1.00000 lam_s=1.04500 tsr_diff=0.023831 integral_mean=-0.000335 integral_std=0.056707 log_ratio=-0.8052 accept=0.4470 swapped=False
i=8 pair=(2,3) lam_t=1.04950 lam_s=1.05000 tsr_diff=0.000257 integral_mean=-0.000018 integral_std=0.000587 log_ratio=-0.0425 accept=0.9584 swapped=True
i=9 pair=(0,3) lam_t=1.04500 lam_s=1.04950 tsr_diff=0.002729 integral_mean=0.000062 integral_std=0.007381 log_ratio=0.0000 accept=1.0000 swapped=True
i=9 pair=(3,0) lam_t=1.04500 lam_s=1.04950 tsr_diff=0.002729 integral_mean=0.000066 integral_std=0.007043 log_ratio=0.0000 accept=1.0000 swapped=True
i=10 pair=(1,0) lam_t=1.00000 lam_s=1.04500 tsr_diff=0.032198 integral_mean=-0.006075 integral_std=0.104293 log_ratio=-14.5812 accept=0.0000 swapped=False
i=10 pair=(3,2) lam_t=1.04950 lam_s=1.05000 tsr_diff=0.000344 integral_mean=0.000027 integral_std=0.000768 log_ratio=0.0000 accept=1.0000 swapped=True
i=10 pair=(1,0) lam_t=1.00000 lam_s=1.04500 tsr_diff=0.032198 integral_mean=-0.006484 integral_std=0.092863 log_ratio=-15.5622 accept=0.0000 swapped=False
i=10 pair=(2,3) lam_t=1.04950 lam_s=1.05000 tsr_diff=0.000344 integral_mean=-0.000005 integral_std=0.000769 log_ratio=-0.0118 accept=0.9882 swapped=True
i=11 pair=(0,3) lam_t=1.04500 lam_s=1.04950 tsr_diff=0.003437 integral_mean=-0.000001 integral_std=0.011087 log_ratio=-0.0016 accept=0.9984 swapped=True
i=11 pair=(3,0) lam_t=1.04500 lam_s=1.04950 tsr_diff=0.003437 integral_mean=0.000015 integral_std=0.011453 log_ratio=0.0000 accept=1.0000 swapped=True
i=12 pair=(1,0) lam_t=1.00000 lam_s=1.04500 tsr_diff=0.038747 integral_mean=-0.001891 integral_std=0.183416 log_ratio=-4.5375 accept=0.0107 swapped=False
i=12 pair=(3,2) lam_t=1.04950 lam_s=1.05000 tsr_diff=0.000410 integral_mean=0.000006 integral_std=0.001154 log_ratio=0.0000 accept=1.0000 swapped=True
i=12 pair=(1,0) lam_t=1.00000 lam_s=1.04500 tsr_diff=0.038747 integral_mean=-0.013329 integral_std=0.272858 log_ratio=-31.9902 accept=0.0000 swapped=False
i=12 pair=(2,3) lam_t=1.04950 lam_s=1.05000 tsr_diff=0.000410 integral_mean=-0.000036 integral_std=0.001300 log_ratio=-0.0856 accept=0.9180 swapped=True
i=13 pair=(0,3) lam_t=1.04500 lam_s=1.04950 tsr_diff=0.003916 integral_mean=0.006651 integral_std=0.057219 log_ratio=0.0000 accept=1.0000 swapped=True
i=13 pair=(3,0) lam_t=1.04500 lam_s=1.04950 tsr_diff=0.003916 integral_mean=-0.003354 integral_std=0.053699 log_ratio=-8.0500 accept=0.0003 swapped=False
i=14 pair=(1,3) lam_t=1.00000 lam_s=1.04500 tsr_diff=0.042457 integral_mean=-0.020446 integral_std=0.441644 log_ratio=-49.0712 accept=0.0000 swapped=False
i=14 pair=(0,2) lam_t=1.04950 lam_s=1.05000 tsr_diff=0.000448 integral_mean=0.000476 integral_std=0.004959 log_ratio=0.0000 accept=1.0000 swapped=True
i=14 pair=(1,3) lam_t=1.00000 lam_s=1.04500 tsr_diff=0.042457 integral_mean=-0.022746 integral_std=0.497223 log_ratio=-54.5896 accept=0.0000 swapped=False
i=14 pair=(2,0) lam_t=1.04950 lam_s=1.05000 tsr_diff=0.000448 integral_mean=-0.000485 integral_std=0.005472 log_ratio=-1.1649 accept=0.3120 swapped=True
Best Sample: 2 log probability -0.099
Saved 1 samples to: logs/pointmaze-giant-navigate-v0/inference/plans/release_H400_T256_LimitsNormalizer_b1_condFalse/2026-07-17 16:45:09/2/0.png
Saved 1 samples to: logs/pointmaze-giant-navigate-v0/inference/plans/release_H400_T256_LimitsNormalizer_b1_condFalse/2026-07-17 16:45:09/2/rollout.png
i=0 pair=(0,1) lam_t=1.00000 lam_s=1.04500 tsr_diff=0.000000 integral_mean=0.000000 integral_std=0.000000 log_ratio=0.0000 accept=1.0000 swapped=True
i=0 pair=(2,3) lam_t=1.04950 lam_s=1.05000 tsr_diff=0.000000 integral_mean=0.000000 integral_std=0.000000 log_ratio=0.0000 accept=1.0000 swapped=True
i=0 pair=(1,0) lam_t=1.00000 lam_s=1.04500 tsr_diff=0.000000 integral_mean=0.000000 integral_std=0.000000 log_ratio=0.0000 accept=1.0000 swapped=True
i=0 pair=(3,2) lam_t=1.04950 lam_s=1.05000 tsr_diff=0.000000 integral_mean=0.000000 integral_std=0.000000 log_ratio=0.0000 accept=1.0000 swapped=True
i=1 pair=(1,2) lam_t=1.04500 lam_s=1.04950 tsr_diff=0.000048 integral_mean=-0.000003 integral_std=0.000094 log_ratio=-0.0078 accept=0.9923 swapped=True
i=1 pair=(2,1) lam_t=1.04500 lam_s=1.04950 tsr_diff=0.000048 integral_mean=-0.000000 integral_std=0.000100 log_ratio=-0.0010 accept=0.9990 swapped=True
i=2 pair=(0,1) lam_t=1.00000 lam_s=1.04500 tsr_diff=0.001897 integral_mean=0.000093 integral_std=0.004083 log_ratio=0.0000 accept=1.0000 swapped=True
i=2 pair=(2,3) lam_t=1.04950 lam_s=1.05000 tsr_diff=0.000021 integral_mean=0.000001 integral_std=0.000042 log_ratio=0.0000 accept=1.0000 swapped=True
i=2 pair=(1,0) lam_t=1.00000 lam_s=1.04500 tsr_diff=0.001897 integral_mean=-0.000221 integral_std=0.004008 log_ratio=-0.5294 accept=0.5890 swapped=True
i=2 pair=(3,2) lam_t=1.04950 lam_s=1.05000 tsr_diff=0.000021 integral_mean=-0.000002 integral_std=0.000044 log_ratio=-0.0039 accept=0.9961 swapped=True
i=3 pair=(1,2) lam_t=1.04500 lam_s=1.04950 tsr_diff=0.000416 integral_mean=-0.000045 integral_std=0.000848 log_ratio=-0.1088 accept=0.8969 swapped=True
i=3 pair=(2,1) lam_t=1.04500 lam_s=1.04950 tsr_diff=0.000416 integral_mean=0.000027 integral_std=0.000904 log_ratio=0.0000 accept=1.0000 swapped=True
i=4 pair=(0,1) lam_t=1.00000 lam_s=1.04500 tsr_diff=0.007228 integral_mean=0.000274 integral_std=0.014171 log_ratio=0.0000 accept=1.0000 swapped=True
i=4 pair=(2,3) lam_t=1.04950 lam_s=1.05000 tsr_diff=0.000080 integral_mean=0.000007 integral_std=0.000167 log_ratio=0.0000 accept=1.0000 swapped=True
i=4 pair=(1,0) lam_t=1.00000 lam_s=1.04500 tsr_diff=0.007228 integral_mean=-0.000401 integral_std=0.013790 log_ratio=-0.9620 accept=0.3821 swapped=False
i=4 pair=(3,2) lam_t=1.04950 lam_s=1.05000 tsr_diff=0.000080 integral_mean=0.000001 integral_std=0.000164 log_ratio=0.0000 accept=1.0000 swapped=True
i=5 pair=(0,2) lam_t=1.04500 lam_s=1.04950 tsr_diff=0.001076 integral_mean=0.000572 integral_std=0.003014 log_ratio=0.0000 accept=1.0000 swapped=True
i=5 pair=(2,0) lam_t=1.04500 lam_s=1.04950 tsr_diff=0.001076 integral_mean=-0.000334 integral_std=0.002565 log_ratio=-0.8026 accept=0.4482 swapped=False
i=6 pair=(1,2) lam_t=1.00000 lam_s=1.04500 tsr_diff=0.015004 integral_mean=-0.000193 integral_std=0.030962 log_ratio=-0.4623 accept=0.6298 swapped=True
i=6 pair=(0,3) lam_t=1.04950 lam_s=1.05000 tsr_diff=0.000164 integral_mean=0.000068 integral_std=0.000419 log_ratio=0.0000 accept=1.0000 swapped=True
i=6 pair=(2,1) lam_t=1.00000 lam_s=1.04500 tsr_diff=0.015004 integral_mean=0.000263 integral_std=0.031393 log_ratio=0.0000 accept=1.0000 swapped=True
i=6 pair=(3,0) lam_t=1.04950 lam_s=1.05000 tsr_diff=0.000164 integral_mean=-0.000031 integral_std=0.000394 log_ratio=-0.0742 accept=0.9285 swapped=True
i=7 pair=(2,0) lam_t=1.04500 lam_s=1.04950 tsr_diff=0.001897 integral_mean=-0.000509 integral_std=0.004769 log_ratio=-1.2205 accept=0.2951 swapped=False
i=7 pair=(2,0) lam_t=1.04500 lam_s=1.04950 tsr_diff=0.001897 integral_mean=-0.000304 integral_std=0.004752 log_ratio=-0.7298 accept=0.4820 swapped=False
i=8 pair=(1,2) lam_t=1.00000 lam_s=1.04500 tsr_diff=0.023831 integral_mean=-0.002664 integral_std=0.049113 log_ratio=-6.3936 accept=0.0017 swapped=False
i=8 pair=(0,3) lam_t=1.04950 lam_s=1.05000 tsr_diff=0.000257 integral_mean=0.000061 integral_std=0.000713 log_ratio=0.0000 accept=1.0000 swapped=True
i=8 pair=(1,2) lam_t=1.00000 lam_s=1.04500 tsr_diff=0.023831 integral_mean=-0.000177 integral_std=0.049284 log_ratio=-0.4259 accept=0.6532 swapped=True
i=8 pair=(3,0) lam_t=1.04950 lam_s=1.05000 tsr_diff=0.000257 integral_mean=-0.000066 integral_std=0.000697 log_ratio=-0.1578 accept=0.8540 swapped=True
i=9 pair=(1,0) lam_t=1.04500 lam_s=1.04950 tsr_diff=0.002729 integral_mean=-0.001021 integral_std=0.007406 log_ratio=-2.4513 accept=0.0862 swapped=False
i=9 pair=(1,0) lam_t=1.04500 lam_s=1.04950 tsr_diff=0.002729 integral_mean=-0.000745 integral_std=0.007363 log_ratio=-1.7884 accept=0.1672 swapped=False
i=10 pair=(2,1) lam_t=1.00000 lam_s=1.04500 tsr_diff=0.032198 integral_mean=0.000586 integral_std=0.073028 log_ratio=0.0000 accept=1.0000 swapped=True
i=10 pair=(0,3) lam_t=1.04950 lam_s=1.05000 tsr_diff=0.000344 integral_mean=0.000097 integral_std=0.001027 log_ratio=0.0000 accept=1.0000 swapped=True
i=10 pair=(1,2) lam_t=1.00000 lam_s=1.04500 tsr_diff=0.032198 integral_mean=-0.002174 integral_std=0.067516 log_ratio=-5.2179 accept=0.0054 swapped=False
i=10 pair=(3,0) lam_t=1.04950 lam_s=1.05000 tsr_diff=0.000344 integral_mean=-0.000080 integral_std=0.001014 log_ratio=-0.1914 accept=0.8258 swapped=True
i=11 pair=(2,0) lam_t=1.04500 lam_s=1.04950 tsr_diff=0.003437 integral_mean=-0.001158 integral_std=0.013826 log_ratio=-2.7780 accept=0.0622 swapped=False
i=11 pair=(2,0) lam_t=1.04500 lam_s=1.04950 tsr_diff=0.003437 integral_mean=-0.001034 integral_std=0.011521 log_ratio=-2.4823 accept=0.0835 swapped=False
i=12 pair=(1,2) lam_t=1.00000 lam_s=1.04500 tsr_diff=0.038747 integral_mean=-0.001640 integral_std=0.098732 log_ratio=-3.9360 accept=0.0195 swapped=False
i=12 pair=(0,3) lam_t=1.04950 lam_s=1.05000 tsr_diff=0.000410 integral_mean=0.000202 integral_std=0.001792 log_ratio=0.0000 accept=1.0000 swapped=True
i=12 pair=(1,2) lam_t=1.00000 lam_s=1.04500 tsr_diff=0.038747 integral_mean=0.002424 integral_std=0.096827 log_ratio=0.0000 accept=1.0000 swapped=True
i=12 pair=(3,0) lam_t=1.04950 lam_s=1.05000 tsr_diff=0.000410 integral_mean=-0.000102 integral_std=0.001630 log_ratio=-0.2440 accept=0.7835 swapped=True
i=13 pair=(1,0) lam_t=1.04500 lam_s=1.04950 tsr_diff=0.003916 integral_mean=-0.002958 integral_std=0.034401 log_ratio=-7.0985 accept=0.0008 swapped=False
i=13 pair=(1,0) lam_t=1.04500 lam_s=1.04950 tsr_diff=0.003916 integral_mean=-0.001892 integral_std=0.028245 log_ratio=-4.5417 accept=0.0107 swapped=False
i=14 pair=(2,1) lam_t=1.00000 lam_s=1.04500 tsr_diff=0.042457 integral_mean=0.006651 integral_std=0.345283 log_ratio=0.0000 accept=1.0000 swapped=True
i=14 pair=(0,3) lam_t=1.04950 lam_s=1.05000 tsr_diff=0.000448 integral_mean=0.000920 integral_std=0.007637 log_ratio=0.0000 accept=1.0000 swapped=True
i=14 pair=(1,2) lam_t=1.00000 lam_s=1.04500 tsr_diff=0.042457 integral_mean=0.002485 integral_std=0.178281 log_ratio=0.0000 accept=1.0000 swapped=True
i=14 pair=(3,0) lam_t=1.04950 lam_s=1.05000 tsr_diff=0.000448 integral_mean=-0.000398 integral_std=0.005164 log_ratio=-0.9541 accept=0.3851 swapped=False
Best Sample: 1 log probability -0.018
Saved 1 samples to: logs/pointmaze-giant-navigate-v0/inference/plans/release_H400_T256_LimitsNormalizer_b1_condFalse/2026-07-17 16:45:09/3/0.png
Saved 1 samples to: logs/pointmaze-giant-navigate-v0/inference/plans/release_H400_T256_LimitsNormalizer_b1_condFalse/2026-07-17 16:45:09/3/rollout.png
i=0 pair=(0,1) lam_t=1.00000 lam_s=1.04500 tsr_diff=0.000000 integral_mean=0.000000 integral_std=0.000000 log_ratio=0.0000 accept=1.0000 swapped=True
i=0 pair=(2,3) lam_t=1.04950 lam_s=1.05000 tsr_diff=0.000000 integral_mean=0.000000 integral_std=0.000000 log_ratio=0.0000 accept=1.0000 swapped=True
i=0 pair=(1,0) lam_t=1.00000 lam_s=1.04500 tsr_diff=0.000000 integral_mean=0.000000 integral_std=0.000000 log_ratio=0.0000 accept=1.0000 swapped=True
i=0 pair=(3,2) lam_t=1.04950 lam_s=1.05000 tsr_diff=0.000000 integral_mean=0.000000 integral_std=0.000000 log_ratio=0.0000 accept=1.0000 swapped=True
i=1 pair=(1,2) lam_t=1.04500 lam_s=1.04950 tsr_diff=0.000048 integral_mean=-0.000001 integral_std=0.000098 log_ratio=-0.0028 accept=0.9972 swapped=True
i=1 pair=(2,1) lam_t=1.04500 lam_s=1.04950 tsr_diff=0.000048 integral_mean=-0.000000 integral_std=0.000101 log_ratio=-0.0003 accept=0.9997 swapped=True
i=2 pair=(0,1) lam_t=1.00000 lam_s=1.04500 tsr_diff=0.001897 integral_mean=0.000074 integral_std=0.003768 log_ratio=0.0000 accept=1.0000 swapped=True
i=2 pair=(2,3) lam_t=1.04950 lam_s=1.05000 tsr_diff=0.000021 integral_mean=-0.000001 integral_std=0.000044 log_ratio=-0.0027 accept=0.9973 swapped=True
i=2 pair=(1,0) lam_t=1.00000 lam_s=1.04500 tsr_diff=0.001897 integral_mean=0.000037 integral_std=0.003723 log_ratio=0.0000 accept=1.0000 swapped=True
i=2 pair=(3,2) lam_t=1.04950 lam_s=1.05000 tsr_diff=0.000021 integral_mean=0.000000 integral_std=0.000043 log_ratio=0.0000 accept=1.0000 swapped=True
i=3 pair=(1,2) lam_t=1.04500 lam_s=1.04950 tsr_diff=0.000416 integral_mean=-0.000076 integral_std=0.000967 log_ratio=-0.1829 accept=0.8328 swapped=True
i=3 pair=(2,1) lam_t=1.04500 lam_s=1.04950 tsr_diff=0.000416 integral_mean=0.000025 integral_std=0.000906 log_ratio=0.0000 accept=1.0000 swapped=True
i=4 pair=(0,1) lam_t=1.00000 lam_s=1.04500 tsr_diff=0.007228 integral_mean=0.002146 integral_std=0.017330 log_ratio=0.0000 accept=1.0000 swapped=True
i=4 pair=(2,3) lam_t=1.04950 lam_s=1.05000 tsr_diff=0.000080 integral_mean=0.000009 integral_std=0.000167 log_ratio=0.0000 accept=1.0000 swapped=True
i=4 pair=(1,0) lam_t=1.00000 lam_s=1.04500 tsr_diff=0.007228 integral_mean=-0.000912 integral_std=0.016128 log_ratio=-2.1892 accept=0.1120 swapped=True
i=4 pair=(3,2) lam_t=1.04950 lam_s=1.05000 tsr_diff=0.000080 integral_mean=-0.000001 integral_std=0.000167 log_ratio=-0.0014 accept=0.9986 swapped=True
i=5 pair=(1,2) lam_t=1.04500 lam_s=1.04950 tsr_diff=0.001076 integral_mean=-0.000037 integral_std=0.002373 log_ratio=-0.0879 accept=0.9159 swapped=True
i=5 pair=(2,1) lam_t=1.04500 lam_s=1.04950 tsr_diff=0.001076 integral_mean=0.000009 integral_std=0.002292 log_ratio=0.0000 accept=1.0000 swapped=True
i=6 pair=(0,1) lam_t=1.00000 lam_s=1.04500 tsr_diff=0.015004 integral_mean=0.002151 integral_std=0.034601 log_ratio=0.0000 accept=1.0000 swapped=True
i=6 pair=(2,3) lam_t=1.04950 lam_s=1.05000 tsr_diff=0.000164 integral_mean=-0.000005 integral_std=0.000361 log_ratio=-0.0109 accept=0.9891 swapped=True
i=6 pair=(1,0) lam_t=1.00000 lam_s=1.04500 tsr_diff=0.015004 integral_mean=-0.002344 integral_std=0.036411 log_ratio=-5.6248 accept=0.0036 swapped=False
i=6 pair=(3,2) lam_t=1.04950 lam_s=1.05000 tsr_diff=0.000164 integral_mean=0.000013 integral_std=0.000359 log_ratio=0.0000 accept=1.0000 swapped=True
i=7 pair=(0,2) lam_t=1.04500 lam_s=1.04950 tsr_diff=0.001897 integral_mean=0.000813 integral_std=0.005197 log_ratio=0.0000 accept=1.0000 swapped=True
i=7 pair=(2,0) lam_t=1.04500 lam_s=1.04950 tsr_diff=0.001897 integral_mean=-0.000514 integral_std=0.004782 log_ratio=-1.2347 accept=0.2909 swapped=False
i=8 pair=(1,2) lam_t=1.00000 lam_s=1.04500 tsr_diff=0.023831 integral_mean=-0.000982 integral_std=0.052551 log_ratio=-2.3568 accept=0.0947 swapped=False
i=8 pair=(0,3) lam_t=1.04950 lam_s=1.05000 tsr_diff=0.000257 integral_mean=0.000061 integral_std=0.000638 log_ratio=0.0000 accept=1.0000 swapped=True
i=8 pair=(1,2) lam_t=1.00000 lam_s=1.04500 tsr_diff=0.023831 integral_mean=-0.000909 integral_std=0.054122 log_ratio=-2.1828 accept=0.1127 swapped=True
i=8 pair=(3,0) lam_t=1.04950 lam_s=1.05000 tsr_diff=0.000257 integral_mean=-0.000066 integral_std=0.000631 log_ratio=-0.1576 accept=0.8542 swapped=True
i=9 pair=(1,0) lam_t=1.04500 lam_s=1.04950 tsr_diff=0.002729 integral_mean=-0.000807 integral_std=0.007662 log_ratio=-1.9362 accept=0.1443 swapped=True
i=9 pair=(0,1) lam_t=1.04500 lam_s=1.04950 tsr_diff=0.002729 integral_mean=0.000642 integral_std=0.007160 log_ratio=0.0000 accept=1.0000 swapped=True
i=10 pair=(2,1) lam_t=1.00000 lam_s=1.04500 tsr_diff=0.032198 integral_mean=-0.000388 integral_std=0.077226 log_ratio=-0.9317 accept=0.3939 swapped=False
i=10 pair=(0,3) lam_t=1.04950 lam_s=1.05000 tsr_diff=0.000344 integral_mean=0.000094 integral_std=0.000960 log_ratio=0.0000 accept=1.0000 swapped=True
i=10 pair=(2,1) lam_t=1.00000 lam_s=1.04500 tsr_diff=0.032198 integral_mean=0.000540 integral_std=0.079307 log_ratio=0.0000 accept=1.0000 swapped=True
i=10 pair=(3,0) lam_t=1.04950 lam_s=1.05000 tsr_diff=0.000344 integral_mean=-0.000113 integral_std=0.000921 log_ratio=-0.2717 accept=0.7621 swapped=True
i=11 pair=(2,0) lam_t=1.04500 lam_s=1.04950 tsr_diff=0.003437 integral_mean=-0.000602 integral_std=0.011748 log_ratio=-1.4448 accept=0.2358 swapped=False
i=11 pair=(2,0) lam_t=1.04500 lam_s=1.04950 tsr_diff=0.003437 integral_mean=-0.000327 integral_std=0.010652 log_ratio=-0.7836 accept=0.4567 swapped=True
i=12 pair=(1,0) lam_t=1.00000 lam_s=1.04500 tsr_diff=0.038747 integral_mean=-0.011327 integral_std=0.134135 log_ratio=-27.1845 accept=0.0000 swapped=False
i=12 pair=(2,3) lam_t=1.04950 lam_s=1.05000 tsr_diff=0.000410 integral_mean=0.000048 integral_std=0.001607 log_ratio=0.0000 accept=1.0000 swapped=True
i=12 pair=(1,0) lam_t=1.00000 lam_s=1.04500 tsr_diff=0.038747 integral_mean=-0.006807 integral_std=0.116111 log_ratio=-16.3370 accept=0.0000 swapped=False
i=12 pair=(3,2) lam_t=1.04950 lam_s=1.05000 tsr_diff=0.000410 integral_mean=-0.000046 integral_std=0.001279 log_ratio=-0.1108 accept=0.8951 swapped=True
i=13 pair=(0,2) lam_t=1.04500 lam_s=1.04950 tsr_diff=0.003916 integral_mean=0.000456 integral_std=0.020975 log_ratio=0.0000 accept=1.0000 swapped=True
i=13 pair=(2,0) lam_t=1.04500 lam_s=1.04950 tsr_diff=0.003916 integral_mean=-0.003640 integral_std=0.040128 log_ratio=-8.7349 accept=0.0002 swapped=False
i=14 pair=(1,2) lam_t=1.00000 lam_s=1.04500 tsr_diff=0.042457 integral_mean=-0.033514 integral_std=0.326181 log_ratio=-80.4326 accept=0.0000 swapped=False
i=14 pair=(0,3) lam_t=1.04950 lam_s=1.05000 tsr_diff=0.000448 integral_mean=0.000988 integral_std=0.008155 log_ratio=0.0000 accept=1.0000 swapped=True
i=14 pair=(1,2) lam_t=1.00000 lam_s=1.04500 tsr_diff=0.042457 integral_mean=-0.099175 integral_std=0.833664 log_ratio=-238.0200 accept=0.0000 swapped=False
i=14 pair=(3,0) lam_t=1.04950 lam_s=1.05000 tsr_diff=0.000448 integral_mean=-0.000541 integral_std=0.005325 log_ratio=-1.2978 accept=0.2731 swapped=False
Best Sample: 1 log probability -0.006
Saved 1 samples to: logs/pointmaze-giant-navigate-v0/inference/plans/release_H400_T256_LimitsNormalizer_b1_condFalse/2026-07-17 16:45:09/4/0.png
Saved 1 samples to: logs/pointmaze-giant-navigate-v0/inference/plans/release_H400_T256_LimitsNormalizer_b1_condFalse/2026-07-17 16:45:09/4/rollout.png
i=0 pair=(0,1) lam_t=1.00000 lam_s=1.04500 tsr_diff=0.000000 integral_mean=0.000000 integral_std=0.000000 log_ratio=0.0000 accept=1.0000 swapped=True
i=0 pair=(2,3) lam_t=1.04950 lam_s=1.05000 tsr_diff=0.000000 integral_mean=0.000000 integral_std=0.000000 log_ratio=0.0000 accept=1.0000 swapped=True
i=0 pair=(1,0) lam_t=1.00000 lam_s=1.04500 tsr_diff=0.000000 integral_mean=0.000000 integral_std=0.000000 log_ratio=0.0000 accept=1.0000 swapped=True
i=0 pair=(3,2) lam_t=1.04950 lam_s=1.05000 tsr_diff=0.000000 integral_mean=0.000000 integral_std=0.000000 log_ratio=0.0000 accept=1.0000 swapped=True
i=1 pair=(1,2) lam_t=1.04500 lam_s=1.04950 tsr_diff=0.000048 integral_mean=0.000003 integral_std=0.000103 log_ratio=0.0000 accept=1.0000 swapped=True
i=1 pair=(2,1) lam_t=1.04500 lam_s=1.04950 tsr_diff=0.000048 integral_mean=-0.000002 integral_std=0.000099 log_ratio=-0.0038 accept=0.9962 swapped=True
i=2 pair=(0,1) lam_t=1.00000 lam_s=1.04500 tsr_diff=0.001897 integral_mean=-0.000021 integral_std=0.003829 log_ratio=-0.0508 accept=0.9504 swapped=True
i=2 pair=(2,3) lam_t=1.04950 lam_s=1.05000 tsr_diff=0.000021 integral_mean=0.000001 integral_std=0.000045 log_ratio=0.0000 accept=1.0000 swapped=True
i=2 pair=(1,0) lam_t=1.00000 lam_s=1.04500 tsr_diff=0.001897 integral_mean=-0.000046 integral_std=0.003762 log_ratio=-0.1107 accept=0.8952 swapped=True
i=2 pair=(3,2) lam_t=1.04950 lam_s=1.05000 tsr_diff=0.000021 integral_mean=-0.000001 integral_std=0.000041 log_ratio=-0.0015 accept=0.9985 swapped=True
i=3 pair=(1,2) lam_t=1.04500 lam_s=1.04950 tsr_diff=0.000416 integral_mean=-0.000005 integral_std=0.000892 log_ratio=-0.0114 accept=0.9887 swapped=True
i=3 pair=(2,1) lam_t=1.04500 lam_s=1.04950 tsr_diff=0.000416 integral_mean=0.000002 integral_std=0.000812 log_ratio=0.0000 accept=1.0000 swapped=True
i=4 pair=(0,1) lam_t=1.00000 lam_s=1.04500 tsr_diff=0.007228 integral_mean=0.001061 integral_std=0.016029 log_ratio=0.0000 accept=1.0000 swapped=True
i=4 pair=(2,3) lam_t=1.04950 lam_s=1.05000 tsr_diff=0.000080 integral_mean=-0.000003 integral_std=0.000164 log_ratio=-0.0083 accept=0.9917 swapped=True
i=4 pair=(1,0) lam_t=1.00000 lam_s=1.04500 tsr_diff=0.007228 integral_mean=-0.000409 integral_std=0.015090 log_ratio=-0.9806 accept=0.3751 swapped=True
i=4 pair=(3,2) lam_t=1.04950 lam_s=1.05000 tsr_diff=0.000080 integral_mean=0.000007 integral_std=0.000173 log_ratio=0.0000 accept=1.0000 swapped=True
i=5 pair=(1,2) lam_t=1.04500 lam_s=1.04950 tsr_diff=0.001076 integral_mean=-0.000023 integral_std=0.002275 log_ratio=-0.0560 accept=0.9456 swapped=True
i=5 pair=(2,1) lam_t=1.04500 lam_s=1.04950 tsr_diff=0.001076 integral_mean=0.000010 integral_std=0.002282 log_ratio=0.0000 accept=1.0000 swapped=True
i=6 pair=(0,1) lam_t=1.00000 lam_s=1.04500 tsr_diff=0.015004 integral_mean=-0.000298 integral_std=0.033052 log_ratio=-0.7140 accept=0.4897 swapped=True
i=6 pair=(2,3) lam_t=1.04950 lam_s=1.05000 tsr_diff=0.000164 integral_mean=-0.000016 integral_std=0.000350 log_ratio=-0.0394 accept=0.9613 swapped=True
i=6 pair=(1,0) lam_t=1.00000 lam_s=1.04500 tsr_diff=0.015004 integral_mean=0.000356 integral_std=0.031414 log_ratio=0.0000 accept=1.0000 swapped=True
i=6 pair=(3,2) lam_t=1.04950 lam_s=1.05000 tsr_diff=0.000164 integral_mean=0.000025 integral_std=0.000370 log_ratio=0.0000 accept=1.0000 swapped=True
i=7 pair=(1,2) lam_t=1.04500 lam_s=1.04950 tsr_diff=0.001897 integral_mean=-0.000055 integral_std=0.004081 log_ratio=-0.1311 accept=0.8771 swapped=True
i=7 pair=(2,1) lam_t=1.04500 lam_s=1.04950 tsr_diff=0.001897 integral_mean=0.000081 integral_std=0.004194 log_ratio=0.0000 accept=1.0000 swapped=True
i=8 pair=(0,1) lam_t=1.00000 lam_s=1.04500 tsr_diff=0.023831 integral_mean=-0.002272 integral_std=0.052225 log_ratio=-5.4519 accept=0.0043 swapped=False
i=8 pair=(2,3) lam_t=1.04950 lam_s=1.05000 tsr_diff=0.000257 integral_mean=0.000006 integral_std=0.000597 log_ratio=0.0000 accept=1.0000 swapped=True
i=8 pair=(0,1) lam_t=1.00000 lam_s=1.04500 tsr_diff=0.023831 integral_mean=-0.000924 integral_std=0.054734 log_ratio=-2.2182 accept=0.1088 swapped=False
i=8 pair=(3,2) lam_t=1.04950 lam_s=1.05000 tsr_diff=0.000257 integral_mean=-0.000039 integral_std=0.000650 log_ratio=-0.0925 accept=0.9116 swapped=True
i=9 pair=(1,2) lam_t=1.04500 lam_s=1.04950 tsr_diff=0.002729 integral_mean=-0.000078 integral_std=0.006707 log_ratio=-0.1876 accept=0.8290 swapped=True
i=9 pair=(2,1) lam_t=1.04500 lam_s=1.04950 tsr_diff=0.002729 integral_mean=0.000114 integral_std=0.006500 log_ratio=0.0000 accept=1.0000 swapped=True
i=10 pair=(0,1) lam_t=1.00000 lam_s=1.04500 tsr_diff=0.032198 integral_mean=-0.001518 integral_std=0.074460 log_ratio=-3.6441 accept=0.0261 swapped=False
i=10 pair=(2,3) lam_t=1.04950 lam_s=1.05000 tsr_diff=0.000344 integral_mean=0.000011 integral_std=0.000865 log_ratio=0.0000 accept=1.0000 swapped=True
i=10 pair=(0,1) lam_t=1.00000 lam_s=1.04500 tsr_diff=0.032198 integral_mean=-0.002690 integral_std=0.074992 log_ratio=-6.4552 accept=0.0016 swapped=False
i=10 pair=(3,2) lam_t=1.04950 lam_s=1.05000 tsr_diff=0.000344 integral_mean=0.000013 integral_std=0.000854 log_ratio=0.0000 accept=1.0000 swapped=True
i=11 pair=(1,2) lam_t=1.04500 lam_s=1.04950 tsr_diff=0.003437 integral_mean=0.000082 integral_std=0.008852 log_ratio=0.0000 accept=1.0000 swapped=True
i=11 pair=(2,1) lam_t=1.04500 lam_s=1.04950 tsr_diff=0.003437 integral_mean=-0.000047 integral_std=0.008310 log_ratio=-0.1123 accept=0.8938 swapped=True
i=12 pair=(0,1) lam_t=1.00000 lam_s=1.04500 tsr_diff=0.038747 integral_mean=-0.005959 integral_std=0.111644 log_ratio=-14.3024 accept=0.0000 swapped=False
i=12 pair=(2,3) lam_t=1.04950 lam_s=1.05000 tsr_diff=0.000410 integral_mean=0.000027 integral_std=0.001128 log_ratio=0.0000 accept=1.0000 swapped=True
i=12 pair=(0,1) lam_t=1.00000 lam_s=1.04500 tsr_diff=0.038747 integral_mean=-0.006999 integral_std=0.113402 log_ratio=-16.7980 accept=0.0000 swapped=False
i=12 pair=(3,2) lam_t=1.04950 lam_s=1.05000 tsr_diff=0.000410 integral_mean=0.000011 integral_std=0.001057 log_ratio=0.0000 accept=1.0000 swapped=True
i=13 pair=(1,2) lam_t=1.04500 lam_s=1.04950 tsr_diff=0.003916 integral_mean=0.000483 integral_std=0.015337 log_ratio=0.0000 accept=1.0000 swapped=True
i=13 pair=(2,1) lam_t=1.04500 lam_s=1.04950 tsr_diff=0.003916 integral_mean=-0.001362 integral_std=0.028707 log_ratio=-3.2688 accept=0.0381 swapped=False
i=14 pair=(0,2) lam_t=1.00000 lam_s=1.04500 tsr_diff=0.042457 integral_mean=-0.019318 integral_std=0.295051 log_ratio=-46.3626 accept=0.0000 swapped=False
i=14 pair=(1,3) lam_t=1.04950 lam_s=1.05000 tsr_diff=0.000448 integral_mean=0.001724 integral_std=0.012164 log_ratio=0.0000 accept=1.0000 swapped=True
i=14 pair=(0,2) lam_t=1.00000 lam_s=1.04500 tsr_diff=0.042457 integral_mean=-0.027236 integral_std=0.365406 log_ratio=-65.3653 accept=0.0000 swapped=False
i=14 pair=(3,1) lam_t=1.04950 lam_s=1.05000 tsr_diff=0.000448 integral_mean=-0.001697 integral_std=0.010979 log_ratio=-4.0733 accept=0.0170 swapped=False
Best Sample: 0 log probability -0.242
Saved 1 samples to: logs/pointmaze-giant-navigate-v0/inference/plans/release_H400_T256_LimitsNormalizer_b1_condFalse/2026-07-17 16:45:09/5/0.png
Saved 1 samples to: logs/pointmaze-giant-navigate-v0/inference/plans/release_H400_T256_LimitsNormalizer_b1_condFalse/2026-07-17 16:45:09/5/rollout.png
i=0 pair=(0,1) lam_t=1.00000 lam_s=1.04500 tsr_diff=0.000000 integral_mean=0.000000 integral_std=0.000000 log_ratio=0.0000 accept=1.0000 swapped=True
i=0 pair=(2,3) lam_t=1.04950 lam_s=1.05000 tsr_diff=0.000000 integral_mean=0.000000 integral_std=0.000000 log_ratio=0.0000 accept=1.0000 swapped=True
i=0 pair=(1,0) lam_t=1.00000 lam_s=1.04500 tsr_diff=0.000000 integral_mean=0.000000 integral_std=0.000000 log_ratio=0.0000 accept=1.0000 swapped=True
i=0 pair=(3,2) lam_t=1.04950 lam_s=1.05000 tsr_diff=0.000000 integral_mean=0.000000 integral_std=0.000000 log_ratio=0.0000 accept=1.0000 swapped=True
i=1 pair=(1,2) lam_t=1.04500 lam_s=1.04950 tsr_diff=0.000048 integral_mean=-0.000002 integral_std=0.000094 log_ratio=-0.0059 accept=0.9942 swapped=True
i=1 pair=(2,1) lam_t=1.04500 lam_s=1.04950 tsr_diff=0.000048 integral_mean=-0.000005 integral_std=0.000097 log_ratio=-0.0124 accept=0.9877 swapped=True
i=2 pair=(0,1) lam_t=1.00000 lam_s=1.04500 tsr_diff=0.001897 integral_mean=0.000067 integral_std=0.003771 log_ratio=0.0000 accept=1.0000 swapped=True
i=2 pair=(2,3) lam_t=1.04950 lam_s=1.05000 tsr_diff=0.000021 integral_mean=-0.000001 integral_std=0.000044 log_ratio=-0.0024 accept=0.9976 swapped=True
i=2 pair=(1,0) lam_t=1.00000 lam_s=1.04500 tsr_diff=0.001897 integral_mean=0.000047 integral_std=0.003615 log_ratio=0.0000 accept=1.0000 swapped=True
i=2 pair=(3,2) lam_t=1.04950 lam_s=1.05000 tsr_diff=0.000021 integral_mean=0.000000 integral_std=0.000042 log_ratio=0.0000 accept=1.0000 swapped=True
i=3 pair=(1,2) lam_t=1.04500 lam_s=1.04950 tsr_diff=0.000416 integral_mean=-0.000054 integral_std=0.000918 log_ratio=-0.1290 accept=0.8789 swapped=True
i=3 pair=(2,1) lam_t=1.04500 lam_s=1.04950 tsr_diff=0.000416 integral_mean=0.000004 integral_std=0.000842 log_ratio=0.0000 accept=1.0000 swapped=True
i=4 pair=(0,1) lam_t=1.00000 lam_s=1.04500 tsr_diff=0.007228 integral_mean=-0.001810 integral_std=0.019291 log_ratio=-4.3438 accept=0.0130 swapped=False
i=4 pair=(2,3) lam_t=1.04950 lam_s=1.05000 tsr_diff=0.000080 integral_mean=-0.000004 integral_std=0.000170 log_ratio=-0.0108 accept=0.9893 swapped=True
i=4 pair=(0,1) lam_t=1.00000 lam_s=1.04500 tsr_diff=0.007228 integral_mean=-0.001281 integral_std=0.016845 log_ratio=-3.0738 accept=0.0462 swapped=False
i=4 pair=(3,2) lam_t=1.04950 lam_s=1.05000 tsr_diff=0.000080 integral_mean=0.000005 integral_std=0.000163 log_ratio=0.0000 accept=1.0000 swapped=True
i=5 pair=(1,2) lam_t=1.04500 lam_s=1.04950 tsr_diff=0.001076 integral_mean=0.000160 integral_std=0.002455 log_ratio=0.0000 accept=1.0000 swapped=True
i=5 pair=(2,1) lam_t=1.04500 lam_s=1.04950 tsr_diff=0.001076 integral_mean=-0.000095 integral_std=0.002160 log_ratio=-0.2270 accept=0.7969 swapped=True
i=6 pair=(0,1) lam_t=1.00000 lam_s=1.04500 tsr_diff=0.015004 integral_mean=0.003547 integral_std=0.038251 log_ratio=0.0000 accept=1.0000 swapped=True
i=6 pair=(2,3) lam_t=1.04950 lam_s=1.05000 tsr_diff=0.000164 integral_mean=-0.000001 integral_std=0.000326 log_ratio=-0.0019 accept=0.9981 swapped=True
i=6 pair=(1,0) lam_t=1.00000 lam_s=1.04500 tsr_diff=0.015004 integral_mean=-0.003963 integral_std=0.038073 log_ratio=-9.5115 accept=0.0001 swapped=False
i=6 pair=(3,2) lam_t=1.04950 lam_s=1.05000 tsr_diff=0.000164 integral_mean=0.000005 integral_std=0.000337 log_ratio=0.0000 accept=1.0000 swapped=True
i=7 pair=(0,2) lam_t=1.04500 lam_s=1.04950 tsr_diff=0.001897 integral_mean=0.000497 integral_std=0.005026 log_ratio=0.0000 accept=1.0000 swapped=True
i=7 pair=(2,0) lam_t=1.04500 lam_s=1.04950 tsr_diff=0.001897 integral_mean=-0.000645 integral_std=0.005081 log_ratio=-1.5482 accept=0.2126 swapped=True
i=8 pair=(1,0) lam_t=1.00000 lam_s=1.04500 tsr_diff=0.023831 integral_mean=-0.008036 integral_std=0.068808 log_ratio=-19.2863 accept=0.0000 swapped=False
i=8 pair=(2,3) lam_t=1.04950 lam_s=1.05000 tsr_diff=0.000257 integral_mean=-0.000003 integral_std=0.000527 log_ratio=-0.0069 accept=0.9931 swapped=True
i=8 pair=(1,0) lam_t=1.00000 lam_s=1.04500 tsr_diff=0.023831 integral_mean=-0.005726 integral_std=0.064788 log_ratio=-13.7413 accept=0.0000 swapped=False
i=8 pair=(3,2) lam_t=1.04950 lam_s=1.05000 tsr_diff=0.000257 integral_mean=0.000021 integral_std=0.000534 log_ratio=0.0000 accept=1.0000 swapped=True
i=9 pair=(0,2) lam_t=1.04500 lam_s=1.04950 tsr_diff=0.002729 integral_mean=0.000737 integral_std=0.007884 log_ratio=0.0000 accept=1.0000 swapped=True
i=9 pair=(2,0) lam_t=1.04500 lam_s=1.04950 tsr_diff=0.002729 integral_mean=-0.000300 integral_std=0.007438 log_ratio=-0.7200 accept=0.4867 swapped=False
i=10 pair=(1,2) lam_t=1.00000 lam_s=1.04500 tsr_diff=0.032198 integral_mean=-0.000407 integral_std=0.076686 log_ratio=-0.9768 accept=0.3765 swapped=False
i=10 pair=(0,3) lam_t=1.04950 lam_s=1.05000 tsr_diff=0.000344 integral_mean=0.000098 integral_std=0.001246 log_ratio=0.0000 accept=1.0000 swapped=True
i=10 pair=(1,2) lam_t=1.00000 lam_s=1.04500 tsr_diff=0.032198 integral_mean=0.000368 integral_std=0.074321 log_ratio=0.0000 accept=1.0000 swapped=True
i=10 pair=(3,0) lam_t=1.04950 lam_s=1.05000 tsr_diff=0.000344 integral_mean=-0.000083 integral_std=0.001018 log_ratio=-0.1992 accept=0.8194 swapped=True
i=11 pair=(1,0) lam_t=1.04500 lam_s=1.04950 tsr_diff=0.003437 integral_mean=-0.001038 integral_std=0.012278 log_ratio=-2.4918 accept=0.0828 swapped=True
i=11 pair=(0,1) lam_t=1.04500 lam_s=1.04950 tsr_diff=0.003437 integral_mean=0.004690 integral_std=0.023538 log_ratio=0.0000 accept=1.0000 swapped=True
i=12 pair=(2,1) lam_t=1.00000 lam_s=1.04500 tsr_diff=0.038747 integral_mean=0.002452 integral_std=0.107053 log_ratio=0.0000 accept=1.0000 swapped=True
i=12 pair=(0,3) lam_t=1.04950 lam_s=1.05000 tsr_diff=0.000410 integral_mean=0.000501 integral_std=0.002900 log_ratio=0.0000 accept=1.0000 swapped=True
i=12 pair=(1,2) lam_t=1.00000 lam_s=1.04500 tsr_diff=0.038747 integral_mean=0.000399 integral_std=0.090879 log_ratio=0.0000 accept=1.0000 swapped=True
i=12 pair=(3,0) lam_t=1.04950 lam_s=1.05000 tsr_diff=0.000410 integral_mean=-0.000202 integral_std=0.001826 log_ratio=-0.4855 accept=0.6154 swapped=True
i=13 pair=(1,0) lam_t=1.04500 lam_s=1.04950 tsr_diff=0.003916 integral_mean=-0.003960 integral_std=0.029705 log_ratio=-9.5049 accept=0.0001 swapped=False
i=13 pair=(1,0) lam_t=1.04500 lam_s=1.04950 tsr_diff=0.003916 integral_mean=-0.003824 integral_std=0.033569 log_ratio=-9.1768 accept=0.0001 swapped=False
i=14 pair=(2,1) lam_t=1.00000 lam_s=1.04500 tsr_diff=0.042457 integral_mean=0.016405 integral_std=0.369031 log_ratio=0.0000 accept=1.0000 swapped=True
i=14 pair=(0,3) lam_t=1.04950 lam_s=1.05000 tsr_diff=0.000448 integral_mean=0.002176 integral_std=0.014127 log_ratio=0.0000 accept=1.0000 swapped=True
i=14 pair=(1,2) lam_t=1.00000 lam_s=1.04500 tsr_diff=0.042457 integral_mean=0.003598 integral_std=0.249420 log_ratio=0.0000 accept=1.0000 swapped=True
i=14 pair=(3,0) lam_t=1.04950 lam_s=1.05000 tsr_diff=0.000448 integral_mean=-0.001755 integral_std=0.015334 log_ratio=-4.2112 accept=0.0148 swapped=False
Best Sample: 1 log probability -3.792
Saved 1 samples to: logs/pointmaze-giant-navigate-v0/inference/plans/release_H400_T256_LimitsNormalizer_b1_condFalse/2026-07-17 16:45:09/6/0.png
Saved 1 samples to: logs/pointmaze-giant-navigate-v0/inference/plans/release_H400_T256_LimitsNormalizer_b1_condFalse/2026-07-17 16:45:09/6/rollout.png
i=0 pair=(0,1) lam_t=1.00000 lam_s=1.04500 tsr_diff=0.000000 integral_mean=0.000000 integral_std=0.000000 log_ratio=0.0000 accept=1.0000 swapped=True
i=0 pair=(2,3) lam_t=1.04950 lam_s=1.05000 tsr_diff=0.000000 integral_mean=0.000000 integral_std=0.000000 log_ratio=0.0000 accept=1.0000 swapped=True
i=0 pair=(1,0) lam_t=1.00000 lam_s=1.04500 tsr_diff=0.000000 integral_mean=0.000000 integral_std=0.000000 log_ratio=0.0000 accept=1.0000 swapped=True
i=0 pair=(3,2) lam_t=1.04950 lam_s=1.05000 tsr_diff=0.000000 integral_mean=0.000000 integral_std=0.000000 log_ratio=0.0000 accept=1.0000 swapped=True
i=1 pair=(1,2) lam_t=1.04500 lam_s=1.04950 tsr_diff=0.000048 integral_mean=0.000002 integral_std=0.000098 log_ratio=0.0000 accept=1.0000 swapped=True
i=1 pair=(2,1) lam_t=1.04500 lam_s=1.04950 tsr_diff=0.000048 integral_mean=-0.000000 integral_std=0.000096 log_ratio=-0.0008 accept=0.9992 swapped=True
i=2 pair=(0,1) lam_t=1.00000 lam_s=1.04500 tsr_diff=0.001897 integral_mean=-0.000125 integral_std=0.003965 log_ratio=-0.3008 accept=0.7402 swapped=False
i=2 pair=(2,3) lam_t=1.04950 lam_s=1.05000 tsr_diff=0.000021 integral_mean=-0.000001 integral_std=0.000044 log_ratio=-0.0024 accept=0.9976 swapped=True
i=2 pair=(0,1) lam_t=1.00000 lam_s=1.04500 tsr_diff=0.001897 integral_mean=-0.000129 integral_std=0.003893 log_ratio=-0.3090 accept=0.7342 swapped=True
i=2 pair=(3,2) lam_t=1.04950 lam_s=1.05000 tsr_diff=0.000021 integral_mean=-0.000001 integral_std=0.000041 log_ratio=-0.0021 accept=0.9979 swapped=True
i=3 pair=(0,2) lam_t=1.04500 lam_s=1.04950 tsr_diff=0.000416 integral_mean=-0.000178 integral_std=0.001045 log_ratio=-0.4261 accept=0.6531 swapped=True
i=3 pair=(2,0) lam_t=1.04500 lam_s=1.04950 tsr_diff=0.000416 integral_mean=0.000045 integral_std=0.000985 log_ratio=0.0000 accept=1.0000 swapped=True
i=4 pair=(1,0) lam_t=1.00000 lam_s=1.04500 tsr_diff=0.007228 integral_mean=-0.004979 integral_std=0.021797 log_ratio=-11.9503 accept=0.0000 swapped=False
i=4 pair=(2,3) lam_t=1.04950 lam_s=1.05000 tsr_diff=0.000080 integral_mean=0.000018 integral_std=0.000188 log_ratio=0.0000 accept=1.0000 swapped=True
i=4 pair=(1,0) lam_t=1.00000 lam_s=1.04500 tsr_diff=0.007228 integral_mean=-0.002267 integral_std=0.017482 log_ratio=-5.4402 accept=0.0043 swapped=False
i=4 pair=(3,2) lam_t=1.04950 lam_s=1.05000 tsr_diff=0.000080 integral_mean=0.000008 integral_std=0.000180 log_ratio=0.0000 accept=1.0000 swapped=True
i=5 pair=(0,2) lam_t=1.04500 lam_s=1.04950 tsr_diff=0.001076 integral_mean=0.000185 integral_std=0.002576 log_ratio=0.0000 accept=1.0000 swapped=True
i=5 pair=(2,0) lam_t=1.04500 lam_s=1.04950 tsr_diff=0.001076 integral_mean=-0.000180 integral_std=0.002279 log_ratio=-0.4311 accept=0.6498 swapped=True
i=6 pair=(1,0) lam_t=1.00000 lam_s=1.04500 tsr_diff=0.015004 integral_mean=-0.004400 integral_std=0.035744 log_ratio=-10.5609 accept=0.0000 swapped=False
i=6 pair=(2,3) lam_t=1.04950 lam_s=1.05000 tsr_diff=0.000164 integral_mean=-0.000015 integral_std=0.000335 log_ratio=-0.0355 accept=0.9652 swapped=False
i=6 pair=(1,0) lam_t=1.00000 lam_s=1.04500 tsr_diff=0.015004 integral_mean=-0.003433 integral_std=0.035074 log_ratio=-8.2389 accept=0.0003 swapped=False
i=6 pair=(2,3) lam_t=1.04950 lam_s=1.05000 tsr_diff=0.000164 integral_mean=-0.000016 integral_std=0.000354 log_ratio=-0.0373 accept=0.9634 swapped=True
i=7 pair=(0,3) lam_t=1.04500 lam_s=1.04950 tsr_diff=0.001897 integral_mean=0.000343 integral_std=0.004730 log_ratio=0.0000 accept=1.0000 swapped=True
i=7 pair=(3,0) lam_t=1.04500 lam_s=1.04950 tsr_diff=0.001897 integral_mean=-0.000186 integral_std=0.004542 log_ratio=-0.4467 accept=0.6397 swapped=True
i=8 pair=(1,0) lam_t=1.00000 lam_s=1.04500 tsr_diff=0.023831 integral_mean=-0.003849 integral_std=0.059569 log_ratio=-9.2386 accept=0.0001 swapped=False
i=8 pair=(3,2) lam_t=1.04950 lam_s=1.05000 tsr_diff=0.000257 integral_mean=0.000029 integral_std=0.000595 log_ratio=0.0000 accept=1.0000 swapped=True
i=8 pair=(1,0) lam_t=1.00000 lam_s=1.04500 tsr_diff=0.023831 integral_mean=-0.001860 integral_std=0.056149 log_ratio=-4.4644 accept=0.0115 swapped=False
i=8 pair=(2,3) lam_t=1.04950 lam_s=1.05000 tsr_diff=0.000257 integral_mean=-0.000017 integral_std=0.000589 log_ratio=-0.0417 accept=0.9592 swapped=True
i=9 pair=(0,3) lam_t=1.04500 lam_s=1.04950 tsr_diff=0.002729 integral_mean=0.000021 integral_std=0.007463 log_ratio=0.0000 accept=1.0000 swapped=True
i=9 pair=(3,0) lam_t=1.04500 lam_s=1.04950 tsr_diff=0.002729 integral_mean=-0.000140 integral_std=0.007849 log_ratio=-0.3357 accept=0.7148 swapped=True
i=10 pair=(1,0) lam_t=1.00000 lam_s=1.04500 tsr_diff=0.032198 integral_mean=-0.005908 integral_std=0.097555 log_ratio=-14.1791 accept=0.0000 swapped=False
i=10 pair=(3,2) lam_t=1.04950 lam_s=1.05000 tsr_diff=0.000344 integral_mean=0.000036 integral_std=0.000928 log_ratio=0.0000 accept=1.0000 swapped=True
i=10 pair=(1,0) lam_t=1.00000 lam_s=1.04500 tsr_diff=0.032198 integral_mean=-0.001860 integral_std=0.085193 log_ratio=-4.4629 accept=0.0115 swapped=False
i=10 pair=(2,3) lam_t=1.04950 lam_s=1.05000 tsr_diff=0.000344 integral_mean=-0.000016 integral_std=0.000924 log_ratio=-0.0381 accept=0.9626 swapped=True
i=11 pair=(0,3) lam_t=1.04500 lam_s=1.04950 tsr_diff=0.003437 integral_mean=0.000544 integral_std=0.011443 log_ratio=0.0000 accept=1.0000 swapped=True
i=11 pair=(3,0) lam_t=1.04500 lam_s=1.04950 tsr_diff=0.003437 integral_mean=-0.000717 integral_std=0.011573 log_ratio=-1.7203 accept=0.1790 swapped=False
i=12 pair=(1,3) lam_t=1.00000 lam_s=1.04500 tsr_diff=0.038747 integral_mean=-0.003539 integral_std=0.104025 log_ratio=-8.4945 accept=0.0002 swapped=False
i=12 pair=(0,2) lam_t=1.04950 lam_s=1.05000 tsr_diff=0.000410 integral_mean=0.000128 integral_std=0.001322 log_ratio=0.0000 accept=1.0000 swapped=True
i=12 pair=(1,3) lam_t=1.00000 lam_s=1.04500 tsr_diff=0.038747 integral_mean=-0.002120 integral_std=0.100947 log_ratio=-5.0869 accept=0.0062 swapped=False
i=12 pair=(2,0) lam_t=1.04950 lam_s=1.05000 tsr_diff=0.000410 integral_mean=-0.000068 integral_std=0.001071 log_ratio=-0.1632 accept=0.8494 swapped=True
i=13 pair=(3,0) lam_t=1.04500 lam_s=1.04950 tsr_diff=0.003916 integral_mean=-0.000277 integral_std=0.019872 log_ratio=-0.6655 accept=0.5140 swapped=False
i=13 pair=(3,0) lam_t=1.04500 lam_s=1.04950 tsr_diff=0.003916 integral_mean=0.000393 integral_std=0.023015 log_ratio=0.0000 accept=1.0000 swapped=True
i=14 pair=(1,0) lam_t=1.00000 lam_s=1.04500 tsr_diff=0.042457 integral_mean=-0.002082 integral_std=0.316858 log_ratio=-4.9956 accept=0.0068 swapped=False
i=14 pair=(3,2) lam_t=1.04950 lam_s=1.05000 tsr_diff=0.000448 integral_mean=0.000313 integral_std=0.004385 log_ratio=0.0000 accept=1.0000 swapped=True
i=14 pair=(1,0) lam_t=1.00000 lam_s=1.04500 tsr_diff=0.042457 integral_mean=-0.006536 integral_std=0.399021 log_ratio=-15.6873 accept=0.0000 swapped=False
i=14 pair=(2,3) lam_t=1.04950 lam_s=1.05000 tsr_diff=0.000448 integral_mean=-0.000313 integral_std=0.006328 log_ratio=-0.7506 accept=0.4721 swapped=False
Best Sample: 0 log probability -0.610
Saved 1 samples to: logs/pointmaze-giant-navigate-v0/inference/plans/release_H400_T256_LimitsNormalizer_b1_condFalse/2026-07-17 16:45:09/7/0.png
Saved 1 samples to: logs/pointmaze-giant-navigate-v0/inference/plans/release_H400_T256_LimitsNormalizer_b1_condFalse/2026-07-17 16:45:09/7/rollout.png
i=0 pair=(0,1) lam_t=1.00000 lam_s=1.04500 tsr_diff=0.000000 integral_mean=0.000000 integral_std=0.000000 log_ratio=0.0000 accept=1.0000 swapped=True
i=0 pair=(2,3) lam_t=1.04950 lam_s=1.05000 tsr_diff=0.000000 integral_mean=0.000000 integral_std=0.000000 log_ratio=0.0000 accept=1.0000 swapped=True
i=0 pair=(1,0) lam_t=1.00000 lam_s=1.04500 tsr_diff=0.000000 integral_mean=0.000000 integral_std=0.000000 log_ratio=0.0000 accept=1.0000 swapped=True
i=0 pair=(3,2) lam_t=1.04950 lam_s=1.05000 tsr_diff=0.000000 integral_mean=0.000000 integral_std=0.000000 log_ratio=0.0000 accept=1.0000 swapped=True
i=1 pair=(1,2) lam_t=1.04500 lam_s=1.04950 tsr_diff=0.000048 integral_mean=-0.000001 integral_std=0.000102 log_ratio=-0.0025 accept=0.9975 swapped=True
i=1 pair=(2,1) lam_t=1.04500 lam_s=1.04950 tsr_diff=0.000048 integral_mean=-0.000002 integral_std=0.000092 log_ratio=-0.0036 accept=0.9964 swapped=True
i=2 pair=(0,1) lam_t=1.00000 lam_s=1.04500 tsr_diff=0.001897 integral_mean=-0.000016 integral_std=0.003750 log_ratio=-0.0379 accept=0.9629 swapped=True
i=2 pair=(2,3) lam_t=1.04950 lam_s=1.05000 tsr_diff=0.000021 integral_mean=-0.000003 integral_std=0.000043 log_ratio=-0.0061 accept=0.9939 swapped=True
i=2 pair=(1,0) lam_t=1.00000 lam_s=1.04500 tsr_diff=0.001897 integral_mean=-0.000409 integral_std=0.004382 log_ratio=-0.9806 accept=0.3751 swapped=False
i=2 pair=(3,2) lam_t=1.04950 lam_s=1.05000 tsr_diff=0.000021 integral_mean=0.000001 integral_std=0.000045 log_ratio=0.0000 accept=1.0000 swapped=True
i=3 pair=(0,2) lam_t=1.04500 lam_s=1.04950 tsr_diff=0.000416 integral_mean=0.000108 integral_std=0.000956 log_ratio=0.0000 accept=1.0000 swapped=True
i=3 pair=(2,0) lam_t=1.04500 lam_s=1.04950 tsr_diff=0.000416 integral_mean=-0.000025 integral_std=0.000889 log_ratio=-0.0609 accept=0.9409 swapped=True
i=4 pair=(1,0) lam_t=1.00000 lam_s=1.04500 tsr_diff=0.007228 integral_mean=-0.000786 integral_std=0.015285 log_ratio=-1.8856 accept=0.1517 swapped=False
i=4 pair=(2,3) lam_t=1.04950 lam_s=1.05000 tsr_diff=0.000080 integral_mean=-0.000002 integral_std=0.000189 log_ratio=-0.0048 accept=0.9952 swapped=True
i=4 pair=(1,0) lam_t=1.00000 lam_s=1.04500 tsr_diff=0.007228 integral_mean=0.000375 integral_std=0.015224 log_ratio=0.0000 accept=1.0000 swapped=True
i=4 pair=(3,2) lam_t=1.04950 lam_s=1.05000 tsr_diff=0.000080 integral_mean=-0.000005 integral_std=0.000187 log_ratio=-0.0127 accept=0.9874 swapped=True
i=5 pair=(1,2) lam_t=1.04500 lam_s=1.04950 tsr_diff=0.001076 integral_mean=-0.000035 integral_std=0.002399 log_ratio=-0.0843 accept=0.9191 swapped=True
i=5 pair=(2,1) lam_t=1.04500 lam_s=1.04950 tsr_diff=0.001076 integral_mean=-0.000052 integral_std=0.002475 log_ratio=-0.1239 accept=0.8835 swapped=True
i=6 pair=(0,1) lam_t=1.00000 lam_s=1.04500 tsr_diff=0.015004 integral_mean=-0.002002 integral_std=0.033918 log_ratio=-4.8052 accept=0.0082 swapped=False
i=6 pair=(2,3) lam_t=1.04950 lam_s=1.05000 tsr_diff=0.000164 integral_mean=-0.000004 integral_std=0.000336 log_ratio=-0.0096 accept=0.9905 swapped=True
i=6 pair=(0,1) lam_t=1.00000 lam_s=1.04500 tsr_diff=0.015004 integral_mean=0.000014 integral_std=0.032103 log_ratio=0.0000 accept=1.0000 swapped=True
i=6 pair=(3,2) lam_t=1.04950 lam_s=1.05000 tsr_diff=0.000164 integral_mean=-0.000001 integral_std=0.000346 log_ratio=-0.0024 accept=0.9976 swapped=True
i=7 pair=(0,2) lam_t=1.04500 lam_s=1.04950 tsr_diff=0.001897 integral_mean=0.000007 integral_std=0.003946 log_ratio=0.0000 accept=1.0000 swapped=True
i=7 pair=(2,0) lam_t=1.04500 lam_s=1.04950 tsr_diff=0.001897 integral_mean=-0.000054 integral_std=0.003823 log_ratio=-0.1295 accept=0.8785 swapped=True
i=8 pair=(1,0) lam_t=1.00000 lam_s=1.04500 tsr_diff=0.023831 integral_mean=0.001672 integral_std=0.056824 log_ratio=0.0000 accept=1.0000 swapped=True
i=8 pair=(2,3) lam_t=1.04950 lam_s=1.05000 tsr_diff=0.000257 integral_mean=-0.000018 integral_std=0.000564 log_ratio=-0.0430 accept=0.9579 swapped=True
i=8 pair=(0,1) lam_t=1.00000 lam_s=1.04500 tsr_diff=0.023831 integral_mean=-0.001411 integral_std=0.052402 log_ratio=-3.3867 accept=0.0338 swapped=False
i=8 pair=(3,2) lam_t=1.04950 lam_s=1.05000 tsr_diff=0.000257 integral_mean=0.000007 integral_std=0.000556 log_ratio=0.0000 accept=1.0000 swapped=True
i=9 pair=(1,2) lam_t=1.04500 lam_s=1.04950 tsr_diff=0.002729 integral_mean=0.000116 integral_std=0.006968 log_ratio=0.0000 accept=1.0000 swapped=True
i=9 pair=(2,1) lam_t=1.04500 lam_s=1.04950 tsr_diff=0.002729 integral_mean=-0.000187 integral_std=0.006685 log_ratio=-0.4499 accept=0.6377 swapped=True
i=10 pair=(0,1) lam_t=1.00000 lam_s=1.04500 tsr_diff=0.032198 integral_mean=-0.003549 integral_std=0.086373 log_ratio=-8.5177 accept=0.0002 swapped=False
i=10 pair=(2,3) lam_t=1.04950 lam_s=1.05000 tsr_diff=0.000344 integral_mean=-0.000033 integral_std=0.000794 log_ratio=-0.0792 accept=0.9238 swapped=True
i=10 pair=(0,1) lam_t=1.00000 lam_s=1.04500 tsr_diff=0.032198 integral_mean=-0.002763 integral_std=0.085516 log_ratio=-6.6311 accept=0.0013 swapped=False
i=10 pair=(3,2) lam_t=1.04950 lam_s=1.05000 tsr_diff=0.000344 integral_mean=0.000050 integral_std=0.000847 log_ratio=0.0000 accept=1.0000 swapped=True
i=11 pair=(1,2) lam_t=1.04500 lam_s=1.04950 tsr_diff=0.003437 integral_mean=0.000091 integral_std=0.009901 log_ratio=0.0000 accept=1.0000 swapped=True
i=11 pair=(2,1) lam_t=1.04500 lam_s=1.04950 tsr_diff=0.003437 integral_mean=-0.000099 integral_std=0.010676 log_ratio=-0.2367 accept=0.7892 swapped=False
i=12 pair=(0,2) lam_t=1.00000 lam_s=1.04500 tsr_diff=0.038747 integral_mean=-0.003209 integral_std=0.102319 log_ratio=-7.7011 accept=0.0005 swapped=False
i=12 pair=(1,3) lam_t=1.04950 lam_s=1.05000 tsr_diff=0.000410 integral_mean=0.000111 integral_std=0.001709 log_ratio=0.0000 accept=1.0000 swapped=True
i=12 pair=(0,2) lam_t=1.00000 lam_s=1.04500 tsr_diff=0.038747 integral_mean=-0.000455 integral_std=0.106127 log_ratio=-1.0931 accept=0.3352 swapped=True
i=12 pair=(3,1) lam_t=1.04950 lam_s=1.05000 tsr_diff=0.000410 integral_mean=-0.000054 integral_std=0.001440 log_ratio=-0.1306 accept=0.8775 swapped=True
i=13 pair=(0,1) lam_t=1.04500 lam_s=1.04950 tsr_diff=0.003916 integral_mean=-0.001857 integral_std=0.022278 log_ratio=-4.4563 accept=0.0116 swapped=False
i=13 pair=(0,1) lam_t=1.04500 lam_s=1.04950 tsr_diff=0.003916 integral_mean=-0.002361 integral_std=0.028976 log_ratio=-5.6662 accept=0.0035 swapped=False
i=14 pair=(2,0) lam_t=1.00000 lam_s=1.04500 tsr_diff=0.042457 integral_mean=0.012655 integral_std=0.373075 log_ratio=0.0000 accept=1.0000 swapped=True
i=14 pair=(1,3) lam_t=1.04950 lam_s=1.05000 tsr_diff=0.000448 integral_mean=0.000554 integral_std=0.006764 log_ratio=0.0000 accept=1.0000 swapped=True
i=14 pair=(0,2) lam_t=1.00000 lam_s=1.04500 tsr_diff=0.042457 integral_mean=0.013385 integral_std=0.207495 log_ratio=0.0000 accept=1.0000 swapped=True
i=14 pair=(3,1) lam_t=1.04950 lam_s=1.05000 tsr_diff=0.000448 integral_mean=-0.001087 integral_std=0.007307 log_ratio=-2.6093 accept=0.0736 swapped=False
Best Sample: 0 log probability -3.931
Saved 1 samples to: logs/pointmaze-giant-navigate-v0/inference/plans/release_H400_T256_LimitsNormalizer_b1_condFalse/2026-07-17 16:45:09/8/0.png
Saved 1 samples to: logs/pointmaze-giant-navigate-v0/inference/plans/release_H400_T256_LimitsNormalizer_b1_condFalse/2026-07-17 16:45:09/8/rollout.png
i=0 pair=(0,1) lam_t=1.00000 lam_s=1.04500 tsr_diff=0.000000 integral_mean=0.000000 integral_std=0.000000 log_ratio=0.0000 accept=1.0000 swapped=True
i=0 pair=(2,3) lam_t=1.04950 lam_s=1.05000 tsr_diff=0.000000 integral_mean=0.000000 integral_std=0.000000 log_ratio=0.0000 accept=1.0000 swapped=True
i=0 pair=(1,0) lam_t=1.00000 lam_s=1.04500 tsr_diff=0.000000 integral_mean=0.000000 integral_std=0.000000 log_ratio=0.0000 accept=1.0000 swapped=True
i=0 pair=(3,2) lam_t=1.04950 lam_s=1.05000 tsr_diff=0.000000 integral_mean=0.000000 integral_std=0.000000 log_ratio=0.0000 accept=1.0000 swapped=True
i=1 pair=(1,2) lam_t=1.04500 lam_s=1.04950 tsr_diff=0.000048 integral_mean=0.000000 integral_std=0.000095 log_ratio=0.0000 accept=1.0000 swapped=True
i=1 pair=(2,1) lam_t=1.04500 lam_s=1.04950 tsr_diff=0.000048 integral_mean=0.000001 integral_std=0.000100 log_ratio=0.0000 accept=1.0000 swapped=True
i=2 pair=(0,1) lam_t=1.00000 lam_s=1.04500 tsr_diff=0.001897 integral_mean=0.000013 integral_std=0.003921 log_ratio=0.0000 accept=1.0000 swapped=True
i=2 pair=(2,3) lam_t=1.04950 lam_s=1.05000 tsr_diff=0.000021 integral_mean=-0.000000 integral_std=0.000043 log_ratio=-0.0009 accept=0.9991 swapped=True
i=2 pair=(1,0) lam_t=1.00000 lam_s=1.04500 tsr_diff=0.001897 integral_mean=-0.000097 integral_std=0.003916 log_ratio=-0.2340 accept=0.7914 swapped=True
i=2 pair=(3,2) lam_t=1.04950 lam_s=1.05000 tsr_diff=0.000021 integral_mean=-0.000000 integral_std=0.000044 log_ratio=-0.0005 accept=0.9995 swapped=True
i=3 pair=(1,2) lam_t=1.04500 lam_s=1.04950 tsr_diff=0.000416 integral_mean=-0.000022 integral_std=0.000895 log_ratio=-0.0517 accept=0.9496 swapped=True
i=3 pair=(2,1) lam_t=1.04500 lam_s=1.04950 tsr_diff=0.000416 integral_mean=0.000021 integral_std=0.000856 log_ratio=0.0000 accept=1.0000 swapped=True
i=4 pair=(0,1) lam_t=1.00000 lam_s=1.04500 tsr_diff=0.007228 integral_mean=0.001539 integral_std=0.016126 log_ratio=0.0000 accept=1.0000 swapped=True
i=4 pair=(2,3) lam_t=1.04950 lam_s=1.05000 tsr_diff=0.000080 integral_mean=0.000004 integral_std=0.000164 log_ratio=0.0000 accept=1.0000 swapped=True
i=4 pair=(1,0) lam_t=1.00000 lam_s=1.04500 tsr_diff=0.007228 integral_mean=-0.001026 integral_std=0.014857 log_ratio=-2.4621 accept=0.0853 swapped=False
i=4 pair=(3,2) lam_t=1.04950 lam_s=1.05000 tsr_diff=0.000080 integral_mean=0.000001 integral_std=0.000162 log_ratio=0.0000 accept=1.0000 swapped=True
i=5 pair=(0,2) lam_t=1.04500 lam_s=1.04950 tsr_diff=0.001076 integral_mean=-0.000008 integral_std=0.002232 log_ratio=-0.0183 accept=0.9819 swapped=True
i=5 pair=(2,0) lam_t=1.04500 lam_s=1.04950 tsr_diff=0.001076 integral_mean=0.000006 integral_std=0.002237 log_ratio=0.0000 accept=1.0000 swapped=True
i=6 pair=(1,0) lam_t=1.00000 lam_s=1.04500 tsr_diff=0.015004 integral_mean=-0.000852 integral_std=0.030470 log_ratio=-2.0443 accept=0.1295 swapped=False
i=6 pair=(2,3) lam_t=1.04950 lam_s=1.05000 tsr_diff=0.000164 integral_mean=-0.000003 integral_std=0.000325 log_ratio=-0.0082 accept=0.9918 swapped=True
i=6 pair=(1,0) lam_t=1.00000 lam_s=1.04500 tsr_diff=0.015004 integral_mean=-0.000869 integral_std=0.031930 log_ratio=-2.0848 accept=0.1243 swapped=True
i=6 pair=(3,2) lam_t=1.04950 lam_s=1.05000 tsr_diff=0.000164 integral_mean=-0.000000 integral_std=0.000337 log_ratio=-0.0011 accept=0.9989 swapped=True
i=7 pair=(1,2) lam_t=1.04500 lam_s=1.04950 tsr_diff=0.001897 integral_mean=-0.000129 integral_std=0.004084 log_ratio=-0.3101 accept=0.7333 swapped=True
i=7 pair=(2,1) lam_t=1.04500 lam_s=1.04950 tsr_diff=0.001897 integral_mean=0.000010 integral_std=0.004165 log_ratio=0.0000 accept=1.0000 swapped=True
i=8 pair=(0,1) lam_t=1.00000 lam_s=1.04500 tsr_diff=0.023831 integral_mean=-0.001376 integral_std=0.053036 log_ratio=-3.3021 accept=0.0368 swapped=False
i=8 pair=(2,3) lam_t=1.04950 lam_s=1.05000 tsr_diff=0.000257 integral_mean=-0.000004 integral_std=0.000528 log_ratio=-0.0105 accept=0.9896 swapped=True
i=8 pair=(0,1) lam_t=1.00000 lam_s=1.04500 tsr_diff=0.023831 integral_mean=-0.000794 integral_std=0.051288 log_ratio=-1.9056 accept=0.1487 swapped=False
i=8 pair=(3,2) lam_t=1.04950 lam_s=1.05000 tsr_diff=0.000257 integral_mean=-0.000008 integral_std=0.000551 log_ratio=-0.0189 accept=0.9813 swapped=False
i=9 pair=(1,3) lam_t=1.04500 lam_s=1.04950 tsr_diff=0.002729 integral_mean=0.000046 integral_std=0.006603 log_ratio=0.0000 accept=1.0000 swapped=True
i=9 pair=(3,1) lam_t=1.04500 lam_s=1.04950 tsr_diff=0.002729 integral_mean=-0.000209 integral_std=0.006623 log_ratio=-0.5010 accept=0.6059 swapped=True
i=10 pair=(0,1) lam_t=1.00000 lam_s=1.04500 tsr_diff=0.032198 integral_mean=-0.001173 integral_std=0.089693 log_ratio=-2.8147 accept=0.0599 swapped=False
i=10 pair=(3,2) lam_t=1.04950 lam_s=1.05000 tsr_diff=0.000344 integral_mean=-0.000013 integral_std=0.000736 log_ratio=-0.0301 accept=0.9703 swapped=True
i=10 pair=(0,1) lam_t=1.00000 lam_s=1.04500 tsr_diff=0.032198 integral_mean=-0.000116 integral_std=0.078679 log_ratio=-0.2774 accept=0.7578 swapped=True
i=10 pair=(2,3) lam_t=1.04950 lam_s=1.05000 tsr_diff=0.000344 integral_mean=-0.000016 integral_std=0.000757 log_ratio=-0.0386 accept=0.9621 swapped=True
i=11 pair=(0,3) lam_t=1.04500 lam_s=1.04950 tsr_diff=0.003437 integral_mean=-0.000018 integral_std=0.009157 log_ratio=-0.0439 accept=0.9570 swapped=True
i=11 pair=(3,0) lam_t=1.04500 lam_s=1.04950 tsr_diff=0.003437 integral_mean=-0.000059 integral_std=0.008710 log_ratio=-0.1425 accept=0.8671 swapped=True
i=12 pair=(1,0) lam_t=1.00000 lam_s=1.04500 tsr_diff=0.038747 integral_mean=-0.002024 integral_std=0.097321 log_ratio=-4.8565 accept=0.0078 swapped=False
i=12 pair=(3,2) lam_t=1.04950 lam_s=1.05000 tsr_diff=0.000410 integral_mean=-0.000020 integral_std=0.001002 log_ratio=-0.0475 accept=0.9536 swapped=True
i=12 pair=(1,0) lam_t=1.00000 lam_s=1.04500 tsr_diff=0.038747 integral_mean=0.001005 integral_std=0.106658 log_ratio=0.0000 accept=1.0000 swapped=True
i=12 pair=(2,3) lam_t=1.04950 lam_s=1.05000 tsr_diff=0.000410 integral_mean=-0.000007 integral_std=0.000976 log_ratio=-0.0162 accept=0.9840 swapped=True
i=13 pair=(1,3) lam_t=1.04500 lam_s=1.04950 tsr_diff=0.003916 integral_mean=-0.000175 integral_std=0.017406 log_ratio=-0.4205 accept=0.6567 swapped=False
i=13 pair=(1,3) lam_t=1.04500 lam_s=1.04950 tsr_diff=0.003916 integral_mean=-0.000824 integral_std=0.018014 log_ratio=-1.9768 accept=0.1385 swapped=True
i=14 pair=(0,3) lam_t=1.00000 lam_s=1.04500 tsr_diff=0.042457 integral_mean=-0.008856 integral_std=0.549673 log_ratio=-21.2538 accept=0.0000 swapped=False
i=14 pair=(1,2) lam_t=1.04950 lam_s=1.05000 tsr_diff=0.000448 integral_mean=-0.000240 integral_std=0.003918 log_ratio=-0.5751 accept=0.5627 swapped=False
i=14 pair=(0,3) lam_t=1.00000 lam_s=1.04500 tsr_diff=0.042457 integral_mean=-0.015303 integral_std=0.436699 log_ratio=-36.7281 accept=0.0000 swapped=False
i=14 pair=(1,2) lam_t=1.04950 lam_s=1.05000 tsr_diff=0.000448 integral_mean=-0.000143 integral_std=0.002942 log_ratio=-0.3436 accept=0.7092 swapped=False
Best Sample: 1 log probability 0.000
Saved 1 samples to: logs/pointmaze-giant-navigate-v0/inference/plans/release_H400_T256_LimitsNormalizer_b1_condFalse/2026-07-17 16:45:09/9/0.png
Saved 1 samples to: logs/pointmaze-giant-navigate-v0/inference/plans/release_H400_T256_LimitsNormalizer_b1_condFalse/2026-07-17 16:45:09/9/rollout.png
i=0 pair=(0,1) lam_t=1.00000 lam_s=1.04500 tsr_diff=0.000000 integral_mean=0.000000 integral_std=0.000000 log_ratio=0.0000 accept=1.0000 swapped=True
i=0 pair=(2,3) lam_t=1.04950 lam_s=1.05000 tsr_diff=0.000000 integral_mean=0.000000 integral_std=0.000000 log_ratio=0.0000 accept=1.0000 swapped=True
i=0 pair=(1,0) lam_t=1.00000 lam_s=1.04500 tsr_diff=0.000000 integral_mean=0.000000 integral_std=0.000000 log_ratio=0.0000 accept=1.0000 swapped=True
i=0 pair=(3,2) lam_t=1.04950 lam_s=1.05000 tsr_diff=0.000000 integral_mean=0.000000 integral_std=0.000000 log_ratio=0.0000 accept=1.0000 swapped=True
i=1 pair=(1,2) lam_t=1.04500 lam_s=1.04950 tsr_diff=0.000048 integral_mean=-0.000000 integral_std=0.000095 log_ratio=-0.0008 accept=0.9992 swapped=True
i=1 pair=(2,1) lam_t=1.04500 lam_s=1.04950 tsr_diff=0.000048 integral_mean=0.000005 integral_std=0.000097 log_ratio=0.0000 accept=1.0000 swapped=True
i=2 pair=(0,1) lam_t=1.00000 lam_s=1.04500 tsr_diff=0.001897 integral_mean=0.000105 integral_std=0.004136 log_ratio=0.0000 accept=1.0000 swapped=True
i=2 pair=(2,3) lam_t=1.04950 lam_s=1.05000 tsr_diff=0.000021 integral_mean=0.000001 integral_std=0.000044 log_ratio=0.0000 accept=1.0000 swapped=True
i=2 pair=(1,0) lam_t=1.00000 lam_s=1.04500 tsr_diff=0.001897 integral_mean=0.000235 integral_std=0.004203 log_ratio=0.0000 accept=1.0000 swapped=True
i=2 pair=(3,2) lam_t=1.04950 lam_s=1.05000 tsr_diff=0.000021 integral_mean=-0.000001 integral_std=0.000043 log_ratio=-0.0021 accept=0.9979 swapped=True
i=3 pair=(1,2) lam_t=1.04500 lam_s=1.04950 tsr_diff=0.000416 integral_mean=0.000184 integral_std=0.001109 log_ratio=0.0000 accept=1.0000 swapped=True
i=3 pair=(2,1) lam_t=1.04500 lam_s=1.04950 tsr_diff=0.000416 integral_mean=-0.000088 integral_std=0.000924 log_ratio=-0.2104 accept=0.8103 swapped=True
i=4 pair=(0,1) lam_t=1.00000 lam_s=1.04500 tsr_diff=0.007228 integral_mean=-0.000252 integral_std=0.015285 log_ratio=-0.6043 accept=0.5465 swapped=True
i=4 pair=(2,3) lam_t=1.04950 lam_s=1.05000 tsr_diff=0.000080 integral_mean=-0.000000 integral_std=0.000171 log_ratio=-0.0011 accept=0.9989 swapped=True
i=4 pair=(1,0) lam_t=1.00000 lam_s=1.04500 tsr_diff=0.007228 integral_mean=0.000710 integral_std=0.015470 log_ratio=0.0000 accept=1.0000 swapped=True
i=4 pair=(3,2) lam_t=1.04950 lam_s=1.05000 tsr_diff=0.000080 integral_mean=-0.000002 integral_std=0.000166 log_ratio=-0.0043 accept=0.9957 swapped=True
i=5 pair=(1,2) lam_t=1.04500 lam_s=1.04950 tsr_diff=0.001076 integral_mean=0.000070 integral_std=0.002276 log_ratio=0.0000 accept=1.0000 swapped=True
i=5 pair=(2,1) lam_t=1.04500 lam_s=1.04950 tsr_diff=0.001076 integral_mean=-0.000075 integral_std=0.002263 log_ratio=-0.1800 accept=0.8353 swapped=True
i=6 pair=(0,1) lam_t=1.00000 lam_s=1.04500 tsr_diff=0.015004 integral_mean=-0.001453 integral_std=0.030759 log_ratio=-3.4869 accept=0.0306 swapped=False
i=6 pair=(2,3) lam_t=1.04950 lam_s=1.05000 tsr_diff=0.000164 integral_mean=0.000010 integral_std=0.000359 log_ratio=0.0000 accept=1.0000 swapped=True
i=6 pair=(0,1) lam_t=1.00000 lam_s=1.04500 tsr_diff=0.015004 integral_mean=-0.000575 integral_std=0.029985 log_ratio=-1.3811 accept=0.2513 swapped=False
i=6 pair=(3,2) lam_t=1.04950 lam_s=1.05000 tsr_diff=0.000164 integral_mean=-0.000021 integral_std=0.000372 log_ratio=-0.0501 accept=0.9512 swapped=True
i=7 pair=(1,2) lam_t=1.04500 lam_s=1.04950 tsr_diff=0.001897 integral_mean=0.000013 integral_std=0.004096 log_ratio=0.0000 accept=1.0000 swapped=True
i=7 pair=(2,1) lam_t=1.04500 lam_s=1.04950 tsr_diff=0.001897 integral_mean=0.000019 integral_std=0.004246 log_ratio=0.0000 accept=1.0000 swapped=True
i=8 pair=(0,1) lam_t=1.00000 lam_s=1.04500 tsr_diff=0.023831 integral_mean=-0.001274 integral_std=0.049537 log_ratio=-3.0582 accept=0.0470 swapped=False
i=8 pair=(2,3) lam_t=1.04950 lam_s=1.05000 tsr_diff=0.000257 integral_mean=0.000028 integral_std=0.000631 log_ratio=0.0000 accept=1.0000 swapped=True
i=8 pair=(0,1) lam_t=1.00000 lam_s=1.04500 tsr_diff=0.023831 integral_mean=-0.000866 integral_std=0.051682 log_ratio=-2.0790 accept=0.1251 swapped=False
i=8 pair=(3,2) lam_t=1.04950 lam_s=1.05000 tsr_diff=0.000257 integral_mean=-0.000039 integral_std=0.000624 log_ratio=-0.0946 accept=0.9098 swapped=True
i=9 pair=(1,2) lam_t=1.04500 lam_s=1.04950 tsr_diff=0.002729 integral_mean=-0.000315 integral_std=0.006502 log_ratio=-0.7556 accept=0.4697 swapped=True
i=9 pair=(2,1) lam_t=1.04500 lam_s=1.04950 tsr_diff=0.002729 integral_mean=0.000348 integral_std=0.006829 log_ratio=0.0000 accept=1.0000 swapped=True
i=10 pair=(0,1) lam_t=1.00000 lam_s=1.04500 tsr_diff=0.032198 integral_mean=-0.003169 integral_std=0.074345 log_ratio=-7.6051 accept=0.0005 swapped=False
i=10 pair=(2,3) lam_t=1.04950 lam_s=1.05000 tsr_diff=0.000344 integral_mean=0.000038 integral_std=0.001035 log_ratio=0.0000 accept=1.0000 swapped=True
i=10 pair=(0,1) lam_t=1.00000 lam_s=1.04500 tsr_diff=0.032198 integral_mean=-0.002659 integral_std=0.068293 log_ratio=-6.3806 accept=0.0017 swapped=False
i=10 pair=(3,2) lam_t=1.04950 lam_s=1.05000 tsr_diff=0.000344 integral_mean=-0.000053 integral_std=0.000988 log_ratio=-0.1260 accept=0.8816 swapped=True
i=11 pair=(1,2) lam_t=1.04500 lam_s=1.04950 tsr_diff=0.003437 integral_mean=-0.000806 integral_std=0.010648 log_ratio=-1.9338 accept=0.1446 swapped=False
i=11 pair=(1,2) lam_t=1.04500 lam_s=1.04950 tsr_diff=0.003437 integral_mean=-0.000495 integral_std=0.009713 log_ratio=-1.1879 accept=0.3049 swapped=False
i=12 pair=(0,1) lam_t=1.00000 lam_s=1.04500 tsr_diff=0.038747 integral_mean=-0.003054 integral_std=0.083444 log_ratio=-7.3307 accept=0.0007 swapped=False
i=12 pair=(2,3) lam_t=1.04950 lam_s=1.05000 tsr_diff=0.000410 integral_mean=0.000175 integral_std=0.001962 log_ratio=0.0000 accept=1.0000 swapped=True
i=12 pair=(0,1) lam_t=1.00000 lam_s=1.04500 tsr_diff=0.038747 integral_mean=-0.005695 integral_std=0.090090 log_ratio=-13.6670 accept=0.0000 swapped=False
i=12 pair=(3,2) lam_t=1.04950 lam_s=1.05000 tsr_diff=0.000410 integral_mean=-0.000121 integral_std=0.001671 log_ratio=-0.2893 accept=0.7488 swapped=True
i=13 pair=(1,2) lam_t=1.04500 lam_s=1.04950 tsr_diff=0.003916 integral_mean=-0.002407 integral_std=0.024040 log_ratio=-5.7772 accept=0.0031 swapped=False
i=13 pair=(1,2) lam_t=1.04500 lam_s=1.04950 tsr_diff=0.003916 integral_mean=-0.001166 integral_std=0.018861 log_ratio=-2.7991 accept=0.0609 swapped=False
i=14 pair=(0,1) lam_t=1.00000 lam_s=1.04500 tsr_diff=0.042457 integral_mean=-0.016671 integral_std=0.196804 log_ratio=-40.0114 accept=0.0000 swapped=False
i=14 pair=(2,3) lam_t=1.04950 lam_s=1.05000 tsr_diff=0.000448 integral_mean=0.000299 integral_std=0.008931 log_ratio=0.0000 accept=1.0000 swapped=True
i=14 pair=(0,1) lam_t=1.00000 lam_s=1.04500 tsr_diff=0.042457 integral_mean=-0.001106 integral_std=0.124840 log_ratio=-2.6550 accept=0.0703 swapped=False
i=14 pair=(3,2) lam_t=1.04950 lam_s=1.05000 tsr_diff=0.000448 integral_mean=-0.000785 integral_std=0.005970 log_ratio=-1.8845 accept=0.1519 swapped=False
Best Sample: 0 log probability -0.840
Saved 1 samples to: logs/pointmaze-giant-navigate-v0/inference/plans/release_H400_T256_LimitsNormalizer_b1_condFalse/2026-07-17 16:45:09/10/0.png
Saved 1 samples to: logs/pointmaze-giant-navigate-v0/inference/plans/release_H400_T256_LimitsNormalizer_b1_condFalse/2026-07-17 16:45:09/10/rollout.png
i=0 pair=(0,1) lam_t=1.00000 lam_s=1.04500 tsr_diff=0.000000 integral_mean=0.000000 integral_std=0.000000 log_ratio=0.0000 accept=1.0000 swapped=True
i=0 pair=(2,3) lam_t=1.04950 lam_s=1.05000 tsr_diff=0.000000 integral_mean=0.000000 integral_std=0.000000 log_ratio=0.0000 accept=1.0000 swapped=True
i=0 pair=(1,0) lam_t=1.00000 lam_s=1.04500 tsr_diff=0.000000 integral_mean=0.000000 integral_std=0.000000 log_ratio=0.0000 accept=1.0000 swapped=True
i=0 pair=(3,2) lam_t=1.04950 lam_s=1.05000 tsr_diff=0.000000 integral_mean=0.000000 integral_std=0.000000 log_ratio=0.0000 accept=1.0000 swapped=True
i=1 pair=(1,2) lam_t=1.04500 lam_s=1.04950 tsr_diff=0.000048 integral_mean=-0.000001 integral_std=0.000097 log_ratio=-0.0016 accept=0.9984 swapped=True
i=1 pair=(2,1) lam_t=1.04500 lam_s=1.04950 tsr_diff=0.000048 integral_mean=-0.000001 integral_std=0.000093 log_ratio=-0.0031 accept=0.9969 swapped=True
i=2 pair=(0,1) lam_t=1.00000 lam_s=1.04500 tsr_diff=0.001897 integral_mean=0.000062 integral_std=0.003887 log_ratio=0.0000 accept=1.0000 swapped=True
i=2 pair=(2,3) lam_t=1.04950 lam_s=1.05000 tsr_diff=0.000021 integral_mean=-0.000002 integral_std=0.000044 log_ratio=-0.0045 accept=0.9955 swapped=True
i=2 pair=(1,0) lam_t=1.00000 lam_s=1.04500 tsr_diff=0.001897 integral_mean=-0.000093 integral_std=0.004051 log_ratio=-0.2225 accept=0.8005 swapped=False
i=2 pair=(3,2) lam_t=1.04950 lam_s=1.05000 tsr_diff=0.000021 integral_mean=-0.000000 integral_std=0.000044 log_ratio=-0.0002 accept=0.9998 swapped=True
i=3 pair=(0,2) lam_t=1.04500 lam_s=1.04950 tsr_diff=0.000416 integral_mean=-0.000036 integral_std=0.000901 log_ratio=-0.0859 accept=0.9177 swapped=True
i=3 pair=(2,0) lam_t=1.04500 lam_s=1.04950 tsr_diff=0.000416 integral_mean=0.000055 integral_std=0.000954 log_ratio=0.0000 accept=1.0000 swapped=True
i=4 pair=(1,0) lam_t=1.00000 lam_s=1.04500 tsr_diff=0.007228 integral_mean=-0.000148 integral_std=0.015680 log_ratio=-0.3547 accept=0.7014 swapped=False
i=4 pair=(2,3) lam_t=1.04950 lam_s=1.05000 tsr_diff=0.000080 integral_mean=0.000008 integral_std=0.000182 log_ratio=0.0000 accept=1.0000 swapped=True
i=4 pair=(1,0) lam_t=1.00000 lam_s=1.04500 tsr_diff=0.007228 integral_mean=-0.001294 integral_std=0.015801 log_ratio=-3.1052 accept=0.0448 swapped=False
i=4 pair=(3,2) lam_t=1.04950 lam_s=1.05000 tsr_diff=0.000080 integral_mean=-0.000005 integral_std=0.000166 log_ratio=-0.0112 accept=0.9888 swapped=True
i=5 pair=(0,2) lam_t=1.04500 lam_s=1.04950 tsr_diff=0.001076 integral_mean=0.000090 integral_std=0.002237 log_ratio=0.0000 accept=1.0000 swapped=True
i=5 pair=(2,0) lam_t=1.04500 lam_s=1.04950 tsr_diff=0.001076 integral_mean=-0.000072 integral_std=0.002267 log_ratio=-0.1736 accept=0.8406 swapped=True
i=6 pair=(1,0) lam_t=1.00000 lam_s=1.04500 tsr_diff=0.015004 integral_mean=-0.002169 integral_std=0.035373 log_ratio=-5.2045 accept=0.0055 swapped=False
i=6 pair=(2,3) lam_t=1.04950 lam_s=1.05000 tsr_diff=0.000164 integral_mean=0.000010 integral_std=0.000342 log_ratio=0.0000 accept=1.0000 swapped=True
i=6 pair=(1,0) lam_t=1.00000 lam_s=1.04500 tsr_diff=0.015004 integral_mean=-0.002172 integral_std=0.033523 log_ratio=-5.2129 accept=0.0054 swapped=False
i=6 pair=(3,2) lam_t=1.04950 lam_s=1.05000 tsr_diff=0.000164 integral_mean=-0.000018 integral_std=0.000361 log_ratio=-0.0438 accept=0.9571 swapped=True
i=7 pair=(0,2) lam_t=1.04500 lam_s=1.04950 tsr_diff=0.001897 integral_mean=0.000111 integral_std=0.004277 log_ratio=0.0000 accept=1.0000 swapped=True
i=7 pair=(2,0) lam_t=1.04500 lam_s=1.04950 tsr_diff=0.001897 integral_mean=-0.000097 integral_std=0.004138 log_ratio=-0.2316 accept=0.7932 swapped=True
i=8 pair=(1,0) lam_t=1.00000 lam_s=1.04500 tsr_diff=0.023831 integral_mean=-0.003912 integral_std=0.058264 log_ratio=-9.3897 accept=0.0001 swapped=False
i=8 pair=(2,3) lam_t=1.04950 lam_s=1.05000 tsr_diff=0.000257 integral_mean=0.000016 integral_std=0.000564 log_ratio=0.0000 accept=1.0000 swapped=True
i=8 pair=(1,0) lam_t=1.00000 lam_s=1.04500 tsr_diff=0.023831 integral_mean=-0.003101 integral_std=0.059372 log_ratio=-7.4419 accept=0.0006 swapped=False
i=8 pair=(3,2) lam_t=1.04950 lam_s=1.05000 tsr_diff=0.000257 integral_mean=-0.000022 integral_std=0.000576 log_ratio=-0.0538 accept=0.9476 swapped=True
i=9 pair=(0,2) lam_t=1.04500 lam_s=1.04950 tsr_diff=0.002729 integral_mean=-0.000039 integral_std=0.006571 log_ratio=-0.0945 accept=0.9098 swapped=True
i=9 pair=(2,0) lam_t=1.04500 lam_s=1.04950 tsr_diff=0.002729 integral_mean=-0.000070 integral_std=0.006392 log_ratio=-0.1687 accept=0.8447 swapped=False
i=10 pair=(1,2) lam_t=1.00000 lam_s=1.04500 tsr_diff=0.032198 integral_mean=-0.000833 integral_std=0.076945 log_ratio=-1.9985 accept=0.1355 swapped=False
i=10 pair=(0,3) lam_t=1.04950 lam_s=1.05000 tsr_diff=0.000344 integral_mean=0.000051 integral_std=0.001036 log_ratio=0.0000 accept=1.0000 swapped=True
i=10 pair=(1,2) lam_t=1.00000 lam_s=1.04500 tsr_diff=0.032198 integral_mean=-0.003033 integral_std=0.077311 log_ratio=-7.2804 accept=0.0007 swapped=False
i=10 pair=(3,0) lam_t=1.04950 lam_s=1.05000 tsr_diff=0.000344 integral_mean=-0.000054 integral_std=0.000993 log_ratio=-0.1295 accept=0.8785 swapped=True
i=11 pair=(2,0) lam_t=1.04500 lam_s=1.04950 tsr_diff=0.003437 integral_mean=-0.000320 integral_std=0.009968 log_ratio=-0.7689 accept=0.4635 swapped=False
i=11 pair=(2,0) lam_t=1.04500 lam_s=1.04950 tsr_diff=0.003437 integral_mean=-0.000135 integral_std=0.008856 log_ratio=-0.3242 accept=0.7231 swapped=True
i=12 pair=(1,0) lam_t=1.00000 lam_s=1.04500 tsr_diff=0.038747 integral_mean=-0.010543 integral_std=0.159308 log_ratio=-25.3020 accept=0.0000 swapped=False
i=12 pair=(2,3) lam_t=1.04950 lam_s=1.05000 tsr_diff=0.000410 integral_mean=0.000031 integral_std=0.001314 log_ratio=0.0000 accept=1.0000 swapped=True
i=12 pair=(1,0) lam_t=1.00000 lam_s=1.04500 tsr_diff=0.038747 integral_mean=-0.011821 integral_std=0.154523 log_ratio=-28.3715 accept=0.0000 swapped=False
i=12 pair=(3,2) lam_t=1.04950 lam_s=1.05000 tsr_diff=0.000410 integral_mean=-0.000022 integral_std=0.001267 log_ratio=-0.0529 accept=0.9485 swapped=True
i=13 pair=(0,2) lam_t=1.04500 lam_s=1.04950 tsr_diff=0.003916 integral_mean=0.000457 integral_std=0.016293 log_ratio=0.0000 accept=1.0000 swapped=True
i=13 pair=(2,0) lam_t=1.04500 lam_s=1.04950 tsr_diff=0.003916 integral_mean=-0.000037 integral_std=0.019612 log_ratio=-0.0876 accept=0.9161 swapped=True
i=14 pair=(1,0) lam_t=1.00000 lam_s=1.04500 tsr_diff=0.042457 integral_mean=-0.044635 integral_std=0.660179 log_ratio=-107.1247 accept=0.0000 swapped=False
i=14 pair=(2,3) lam_t=1.04950 lam_s=1.05000 tsr_diff=0.000448 integral_mean=0.000318 integral_std=0.004156 log_ratio=0.0000 accept=1.0000 swapped=True
i=14 pair=(1,0) lam_t=1.00000 lam_s=1.04500 tsr_diff=0.042457 integral_mean=0.000408 integral_std=0.458606 log_ratio=0.0000 accept=1.0000 swapped=True
i=14 pair=(3,2) lam_t=1.04950 lam_s=1.05000 tsr_diff=0.000448 integral_mean=-0.000228 integral_std=0.004668 log_ratio=-0.5463 accept=0.5791 swapped=False
Best Sample: 1 log probability 0.000
Saved 1 samples to: logs/pointmaze-giant-navigate-v0/inference/plans/release_H400_T256_LimitsNormalizer_b1_condFalse/2026-07-17 16:45:09/11/0.png
Saved 1 samples to: logs/pointmaze-giant-navigate-v0/inference/plans/release_H400_T256_LimitsNormalizer_b1_condFalse/2026-07-17 16:45:09/11/rollout.png
i=0 pair=(0,1) lam_t=1.00000 lam_s=1.04500 tsr_diff=0.000000 integral_mean=0.000000 integral_std=0.000000 log_ratio=0.0000 accept=1.0000 swapped=True
i=0 pair=(2,3) lam_t=1.04950 lam_s=1.05000 tsr_diff=0.000000 integral_mean=0.000000 integral_std=0.000000 log_ratio=0.0000 accept=1.0000 swapped=True
i=0 pair=(1,0) lam_t=1.00000 lam_s=1.04500 tsr_diff=0.000000 integral_mean=0.000000 integral_std=0.000000 log_ratio=0.0000 accept=1.0000 swapped=True
i=0 pair=(3,2) lam_t=1.04950 lam_s=1.05000 tsr_diff=0.000000 integral_mean=0.000000 integral_std=0.000000 log_ratio=0.0000 accept=1.0000 swapped=True
i=1 pair=(1,2) lam_t=1.04500 lam_s=1.04950 tsr_diff=0.000048 integral_mean=-0.000003 integral_std=0.000091 log_ratio=-0.0076 accept=0.9924 swapped=True
i=1 pair=(2,1) lam_t=1.04500 lam_s=1.04950 tsr_diff=0.000048 integral_mean=0.000000 integral_std=0.000097 log_ratio=0.0000 accept=1.0000 swapped=True
i=2 pair=(0,1) lam_t=1.00000 lam_s=1.04500 tsr_diff=0.001897 integral_mean=0.000242 integral_std=0.004055 log_ratio=0.0000 accept=1.0000 swapped=True
i=2 pair=(2,3) lam_t=1.04950 lam_s=1.05000 tsr_diff=0.000021 integral_mean=-0.000009 integral_std=0.000055 log_ratio=-0.0208 accept=0.9794 swapped=True
i=2 pair=(1,0) lam_t=1.00000 lam_s=1.04500 tsr_diff=0.001897 integral_mean=0.000176 integral_std=0.003888 log_ratio=0.0000 accept=1.0000 swapped=True
i=2 pair=(3,2) lam_t=1.04950 lam_s=1.05000 tsr_diff=0.000021 integral_mean=0.000001 integral_std=0.000043 log_ratio=0.0000 accept=1.0000 swapped=True
i=3 pair=(1,2) lam_t=1.04500 lam_s=1.04950 tsr_diff=0.000416 integral_mean=0.000055 integral_std=0.000866 log_ratio=0.0000 accept=1.0000 swapped=True
i=3 pair=(2,1) lam_t=1.04500 lam_s=1.04950 tsr_diff=0.000416 integral_mean=-0.000002 integral_std=0.000849 log_ratio=-0.0052 accept=0.9948 swapped=True
i=4 pair=(0,1) lam_t=1.00000 lam_s=1.04500 tsr_diff=0.007228 integral_mean=0.000148 integral_std=0.014594 log_ratio=0.0000 accept=1.0000 swapped=True
i=4 pair=(2,3) lam_t=1.04950 lam_s=1.05000 tsr_diff=0.000080 integral_mean=-0.000018 integral_std=0.000178 log_ratio=-0.0431 accept=0.9578 swapped=True
i=4 pair=(1,0) lam_t=1.00000 lam_s=1.04500 tsr_diff=0.007228 integral_mean=0.000624 integral_std=0.014798 log_ratio=0.0000 accept=1.0000 swapped=True
i=4 pair=(3,2) lam_t=1.04950 lam_s=1.05000 tsr_diff=0.000080 integral_mean=0.000013 integral_std=0.000167 log_ratio=0.0000 accept=1.0000 swapped=True
i=5 pair=(1,2) lam_t=1.04500 lam_s=1.04950 tsr_diff=0.001076 integral_mean=0.000076 integral_std=0.002294 log_ratio=0.0000 accept=1.0000 swapped=True
i=5 pair=(2,1) lam_t=1.04500 lam_s=1.04950 tsr_diff=0.001076 integral_mean=-0.000050 integral_std=0.002184 log_ratio=-0.1196 accept=0.8873 swapped=False
i=6 pair=(0,2) lam_t=1.00000 lam_s=1.04500 tsr_diff=0.015004 integral_mean=0.001184 integral_std=0.028933 log_ratio=0.0000 accept=1.0000 swapped=True
i=6 pair=(1,3) lam_t=1.04950 lam_s=1.05000 tsr_diff=0.000164 integral_mean=-0.000010 integral_std=0.000367 log_ratio=-0.0242 accept=0.9761 swapped=True
i=6 pair=(2,0) lam_t=1.00000 lam_s=1.04500 tsr_diff=0.015004 integral_mean=0.000001 integral_std=0.029283 log_ratio=0.0000 accept=1.0000 swapped=True
i=6 pair=(3,1) lam_t=1.04950 lam_s=1.05000 tsr_diff=0.000164 integral_mean=0.000000 integral_std=0.000351 log_ratio=0.0000 accept=1.0000 swapped=True
i=7 pair=(2,1) lam_t=1.04500 lam_s=1.04950 tsr_diff=0.001897 integral_mean=-0.000211 integral_std=0.004069 log_ratio=-0.5065 accept=0.6026 swapped=True
i=7 pair=(1,2) lam_t=1.04500 lam_s=1.04950 tsr_diff=0.001897 integral_mean=0.000020 integral_std=0.003909 log_ratio=0.0000 accept=1.0000 swapped=True
i=8 pair=(0,2) lam_t=1.00000 lam_s=1.04500 tsr_diff=0.023831 integral_mean=0.000760 integral_std=0.048730 log_ratio=0.0000 accept=1.0000 swapped=True
i=8 pair=(1,3) lam_t=1.04950 lam_s=1.05000 tsr_diff=0.000257 integral_mean=-0.000392 integral_std=0.001629 log_ratio=-0.9400 accept=0.3906 swapped=True
i=8 pair=(2,0) lam_t=1.00000 lam_s=1.04500 tsr_diff=0.023831 integral_mean=0.000440 integral_std=0.047234 log_ratio=0.0000 accept=1.0000 swapped=True
i=8 pair=(3,1) lam_t=1.04950 lam_s=1.05000 tsr_diff=0.000257 integral_mean=0.000284 integral_std=0.001181 log_ratio=0.0000 accept=1.0000 swapped=True
i=9 pair=(2,1) lam_t=1.04500 lam_s=1.04950 tsr_diff=0.002729 integral_mean=-0.000036 integral_std=0.006186 log_ratio=-0.0861 accept=0.9175 swapped=True
i=9 pair=(1,2) lam_t=1.04500 lam_s=1.04950 tsr_diff=0.002729 integral_mean=-0.000262 integral_std=0.005768 log_ratio=-0.6297 accept=0.5328 swapped=False
i=10 pair=(0,1) lam_t=1.00000 lam_s=1.04500 tsr_diff=0.032198 integral_mean=0.001852 integral_std=0.073867 log_ratio=0.0000 accept=1.0000 swapped=True
i=10 pair=(2,3) lam_t=1.04950 lam_s=1.05000 tsr_diff=0.000344 integral_mean=-0.000300 integral_std=0.001326 log_ratio=-0.7198 accept=0.4869 swapped=False
i=10 pair=(1,0) lam_t=1.00000 lam_s=1.04500 tsr_diff=0.032198 integral_mean=-0.000992 integral_std=0.077209 log_ratio=-2.3799 accept=0.0926 swapped=False
i=10 pair=(2,3) lam_t=1.04950 lam_s=1.05000 tsr_diff=0.000344 integral_mean=-0.000229 integral_std=0.001171 log_ratio=-0.5506 accept=0.5766 swapped=False
i=11 pair=(0,2) lam_t=1.04500 lam_s=1.04950 tsr_diff=0.003437 integral_mean=0.000214 integral_std=0.007550 log_ratio=0.0000 accept=1.0000 swapped=True
i=11 pair=(2,0) lam_t=1.04500 lam_s=1.04950 tsr_diff=0.003437 integral_mean=-0.000115 integral_std=0.007106 log_ratio=-0.2757 accept=0.7591 swapped=True
i=12 pair=(1,0) lam_t=1.00000 lam_s=1.04500 tsr_diff=0.038747 integral_mean=-0.000217 integral_std=0.106356 log_ratio=-0.5208 accept=0.5941 swapped=True
i=12 pair=(2,3) lam_t=1.04950 lam_s=1.05000 tsr_diff=0.000410 integral_mean=-0.000483 integral_std=0.003031 log_ratio=-1.1582 accept=0.3140 swapped=True
i=12 pair=(0,1) lam_t=1.00000 lam_s=1.04500 tsr_diff=0.038747 integral_mean=-0.000630 integral_std=0.108239 log_ratio=-1.5113 accept=0.2206 swapped=False
i=12 pair=(3,2) lam_t=1.04950 lam_s=1.05000 tsr_diff=0.000410 integral_mean=0.000235 integral_std=0.001691 log_ratio=0.0000 accept=1.0000 swapped=True
i=13 pair=(1,2) lam_t=1.04500 lam_s=1.04950 tsr_diff=0.003916 integral_mean=-0.000402 integral_std=0.013899 log_ratio=-0.9642 accept=0.3813 swapped=True
i=13 pair=(2,1) lam_t=1.04500 lam_s=1.04950 tsr_diff=0.003916 integral_mean=-0.000091 integral_std=0.013952 log_ratio=-0.2194 accept=0.8030 swapped=True
i=14 pair=(0,1) lam_t=1.00000 lam_s=1.04500 tsr_diff=0.042457 integral_mean=-0.006163 integral_std=0.216797 log_ratio=-14.7912 accept=0.0000 swapped=False
i=14 pair=(2,3) lam_t=1.04950 lam_s=1.05000 tsr_diff=0.000448 integral_mean=-0.001024 integral_std=0.005984 log_ratio=-2.4573 accept=0.0857 swapped=False
i=14 pair=(0,1) lam_t=1.00000 lam_s=1.04500 tsr_diff=0.042457 integral_mean=0.003508 integral_std=0.214847 log_ratio=0.0000 accept=1.0000 swapped=True
i=14 pair=(2,3) lam_t=1.04950 lam_s=1.05000 tsr_diff=0.000448 integral_mean=-0.001414 integral_std=0.007690 log_ratio=-3.3936 accept=0.0336 swapped=False
Best Sample: 2 log probability -0.004
Saved 1 samples to: logs/pointmaze-giant-navigate-v0/inference/plans/release_H400_T256_LimitsNormalizer_b1_condFalse/2026-07-17 16:45:09/12/0.png
Saved 1 samples to: logs/pointmaze-giant-navigate-v0/inference/plans/release_H400_T256_LimitsNormalizer_b1_condFalse/2026-07-17 16:45:09/12/rollout.png
i=0 pair=(0,1) lam_t=1.00000 lam_s=1.04500 tsr_diff=0.000000 integral_mean=0.000000 integral_std=0.000000 log_ratio=0.0000 accept=1.0000 swapped=True
i=0 pair=(2,3) lam_t=1.04950 lam_s=1.05000 tsr_diff=0.000000 integral_mean=0.000000 integral_std=0.000000 log_ratio=0.0000 accept=1.0000 swapped=True
i=0 pair=(1,0) lam_t=1.00000 lam_s=1.04500 tsr_diff=0.000000 integral_mean=0.000000 integral_std=0.000000 log_ratio=0.0000 accept=1.0000 swapped=True
i=0 pair=(3,2) lam_t=1.04950 lam_s=1.05000 tsr_diff=0.000000 integral_mean=0.000000 integral_std=0.000000 log_ratio=0.0000 accept=1.0000 swapped=True
i=1 pair=(1,2) lam_t=1.04500 lam_s=1.04950 tsr_diff=0.000048 integral_mean=-0.000002 integral_std=0.000093 log_ratio=-0.0045 accept=0.9955 swapped=True
i=1 pair=(2,1) lam_t=1.04500 lam_s=1.04950 tsr_diff=0.000048 integral_mean=-0.000002 integral_std=0.000096 log_ratio=-0.0049 accept=0.9951 swapped=True
i=2 pair=(0,1) lam_t=1.00000 lam_s=1.04500 tsr_diff=0.001897 integral_mean=0.000071 integral_std=0.003792 log_ratio=0.0000 accept=1.0000 swapped=True
i=2 pair=(2,3) lam_t=1.04950 lam_s=1.05000 tsr_diff=0.000021 integral_mean=-0.000001 integral_std=0.000041 log_ratio=-0.0014 accept=0.9986 swapped=True
i=2 pair=(1,0) lam_t=1.00000 lam_s=1.04500 tsr_diff=0.001897 integral_mean=0.000097 integral_std=0.004210 log_ratio=0.0000 accept=1.0000 swapped=True
i=2 pair=(3,2) lam_t=1.04950 lam_s=1.05000 tsr_diff=0.000021 integral_mean=-0.000003 integral_std=0.000043 log_ratio=-0.0081 accept=0.9920 swapped=True
i=3 pair=(1,2) lam_t=1.04500 lam_s=1.04950 tsr_diff=0.000416 integral_mean=0.000028 integral_std=0.000899 log_ratio=0.0000 accept=1.0000 swapped=True
i=3 pair=(2,1) lam_t=1.04500 lam_s=1.04950 tsr_diff=0.000416 integral_mean=-0.000011 integral_std=0.000820 log_ratio=-0.0271 accept=0.9732 swapped=True
i=4 pair=(0,1) lam_t=1.00000 lam_s=1.04500 tsr_diff=0.007228 integral_mean=0.000101 integral_std=0.015184 log_ratio=0.0000 accept=1.0000 swapped=True
i=4 pair=(2,3) lam_t=1.04950 lam_s=1.05000 tsr_diff=0.000080 integral_mean=-0.000001 integral_std=0.000174 log_ratio=-0.0022 accept=0.9978 swapped=True
i=4 pair=(1,0) lam_t=1.00000 lam_s=1.04500 tsr_diff=0.007228 integral_mean=0.000239 integral_std=0.014841 log_ratio=0.0000 accept=1.0000 swapped=True
i=4 pair=(3,2) lam_t=1.04950 lam_s=1.05000 tsr_diff=0.000080 integral_mean=-0.000001 integral_std=0.000177 log_ratio=-0.0023 accept=0.9977 swapped=True
i=5 pair=(1,2) lam_t=1.04500 lam_s=1.04950 tsr_diff=0.001076 integral_mean=0.000076 integral_std=0.002210 log_ratio=0.0000 accept=1.0000 swapped=True
i=5 pair=(2,1) lam_t=1.04500 lam_s=1.04950 tsr_diff=0.001076 integral_mean=-0.000134 integral_std=0.002283 log_ratio=-0.3209 accept=0.7255 swapped=True
i=6 pair=(0,1) lam_t=1.00000 lam_s=1.04500 tsr_diff=0.015004 integral_mean=-0.000575 integral_std=0.032487 log_ratio=-1.3794 accept=0.2517 swapped=False
i=6 pair=(2,3) lam_t=1.04950 lam_s=1.05000 tsr_diff=0.000164 integral_mean=0.000003 integral_std=0.000359 log_ratio=0.0000 accept=1.0000 swapped=True
i=6 pair=(0,1) lam_t=1.00000 lam_s=1.04500 tsr_diff=0.015004 integral_mean=-0.000626 integral_std=0.033216 log_ratio=-1.5025 accept=0.2226 swapped=False
i=6 pair=(3,2) lam_t=1.04950 lam_s=1.05000 tsr_diff=0.000164 integral_mean=0.000015 integral_std=0.000352 log_ratio=0.0000 accept=1.0000 swapped=True
i=7 pair=(1,2) lam_t=1.04500 lam_s=1.04950 tsr_diff=0.001897 integral_mean=0.000231 integral_std=0.004372 log_ratio=0.0000 accept=1.0000 swapped=True
i=7 pair=(2,1) lam_t=1.04500 lam_s=1.04950 tsr_diff=0.001897 integral_mean=-0.000150 integral_std=0.004221 log_ratio=-0.3589 accept=0.6984 swapped=True
i=8 pair=(0,1) lam_t=1.00000 lam_s=1.04500 tsr_diff=0.023831 integral_mean=-0.000793 integral_std=0.052066 log_ratio=-1.9027 accept=0.1492 swapped=False
i=8 pair=(2,3) lam_t=1.04950 lam_s=1.05000 tsr_diff=0.000257 integral_mean=-0.000014 integral_std=0.000600 log_ratio=-0.0343 accept=0.9663 swapped=True
i=8 pair=(0,1) lam_t=1.00000 lam_s=1.04500 tsr_diff=0.023831 integral_mean=-0.000196 integral_std=0.051508 log_ratio=-0.4696 accept=0.6253 swapped=True
i=8 pair=(3,2) lam_t=1.04950 lam_s=1.05000 tsr_diff=0.000257 integral_mean=0.000015 integral_std=0.000627 log_ratio=0.0000 accept=1.0000 swapped=True
i=9 pair=(0,2) lam_t=1.04500 lam_s=1.04950 tsr_diff=0.002729 integral_mean=0.000139 integral_std=0.006258 log_ratio=0.0000 accept=1.0000 swapped=True
i=9 pair=(2,0) lam_t=1.04500 lam_s=1.04950 tsr_diff=0.002729 integral_mean=-0.000269 integral_std=0.006198 log_ratio=-0.6456 accept=0.5244 swapped=True
i=10 pair=(1,0) lam_t=1.00000 lam_s=1.04500 tsr_diff=0.032198 integral_mean=0.005324 integral_std=0.098501 log_ratio=0.0000 accept=1.0000 swapped=True
i=10 pair=(2,3) lam_t=1.04950 lam_s=1.05000 tsr_diff=0.000344 integral_mean=-0.000054 integral_std=0.001044 log_ratio=-0.1303 accept=0.8778 swapped=False
i=10 pair=(0,1) lam_t=1.00000 lam_s=1.04500 tsr_diff=0.032198 integral_mean=-0.002531 integral_std=0.079360 log_ratio=-6.0755 accept=0.0023 swapped=False
i=10 pair=(2,3) lam_t=1.04950 lam_s=1.05000 tsr_diff=0.000344 integral_mean=-0.000013 integral_std=0.000982 log_ratio=-0.0318 accept=0.9687 swapped=True
i=11 pair=(1,3) lam_t=1.04500 lam_s=1.04950 tsr_diff=0.003437 integral_mean=0.001149 integral_std=0.012971 log_ratio=0.0000 accept=1.0000 swapped=True
i=11 pair=(3,1) lam_t=1.04500 lam_s=1.04950 tsr_diff=0.003437 integral_mean=-0.000256 integral_std=0.012075 log_ratio=-0.6135 accept=0.5415 swapped=True
i=12 pair=(0,1) lam_t=1.00000 lam_s=1.04500 tsr_diff=0.038747 integral_mean=-0.014925 integral_std=0.137623 log_ratio=-35.8205 accept=0.0000 swapped=False
i=12 pair=(3,2) lam_t=1.04950 lam_s=1.05000 tsr_diff=0.000410 integral_mean=0.000038 integral_std=0.001730 log_ratio=0.0000 accept=1.0000 swapped=True
i=12 pair=(0,1) lam_t=1.00000 lam_s=1.04500 tsr_diff=0.038747 integral_mean=-0.012013 integral_std=0.130321 log_ratio=-28.8307 accept=0.0000 swapped=False
i=12 pair=(2,3) lam_t=1.04950 lam_s=1.05000 tsr_diff=0.000410 integral_mean=-0.000027 integral_std=0.001571 log_ratio=-0.0642 accept=0.9378 swapped=False
i=13 pair=(1,2) lam_t=1.04500 lam_s=1.04950 tsr_diff=0.003916 integral_mean=0.004103 integral_std=0.031076 log_ratio=0.0000 accept=1.0000 swapped=True
i=13 pair=(2,1) lam_t=1.04500 lam_s=1.04950 tsr_diff=0.003916 integral_mean=-0.001584 integral_std=0.019383 log_ratio=-3.8013 accept=0.0223 swapped=False
i=14 pair=(0,2) lam_t=1.00000 lam_s=1.04500 tsr_diff=0.042457 integral_mean=-0.005458 integral_std=0.248946 log_ratio=-13.0987 accept=0.0000 swapped=False
i=14 pair=(1,3) lam_t=1.04950 lam_s=1.05000 tsr_diff=0.000448 integral_mean=0.000712 integral_std=0.009687 log_ratio=0.0000 accept=1.0000 swapped=True
i=14 pair=(0,2) lam_t=1.00000 lam_s=1.04500 tsr_diff=0.042457 integral_mean=-0.005962 integral_std=0.222783 log_ratio=-14.3081 accept=0.0000 swapped=False
i=14 pair=(3,1) lam_t=1.04950 lam_s=1.05000 tsr_diff=0.000448 integral_mean=-0.000010 integral_std=0.010096 log_ratio=-0.0248 accept=0.9755 swapped=True
Best Sample: 0 log probability -4.392
Saved 1 samples to: logs/pointmaze-giant-navigate-v0/inference/plans/release_H400_T256_LimitsNormalizer_b1_condFalse/2026-07-17 16:45:09/13/0.png
Saved 1 samples to: logs/pointmaze-giant-navigate-v0/inference/plans/release_H400_T256_LimitsNormalizer_b1_condFalse/2026-07-17 16:45:09/13/rollout.png
i=0 pair=(0,1) lam_t=1.00000 lam_s=1.04500 tsr_diff=0.000000 integral_mean=0.000000 integral_std=0.000000 log_ratio=0.0000 accept=1.0000 swapped=True
i=0 pair=(2,3) lam_t=1.04950 lam_s=1.05000 tsr_diff=0.000000 integral_mean=0.000000 integral_std=0.000000 log_ratio=0.0000 accept=1.0000 swapped=True
i=0 pair=(1,0) lam_t=1.00000 lam_s=1.04500 tsr_diff=0.000000 integral_mean=0.000000 integral_std=0.000000 log_ratio=0.0000 accept=1.0000 swapped=True
i=0 pair=(3,2) lam_t=1.04950 lam_s=1.05000 tsr_diff=0.000000 integral_mean=0.000000 integral_std=0.000000 log_ratio=0.0000 accept=1.0000 swapped=True
i=1 pair=(1,2) lam_t=1.04500 lam_s=1.04950 tsr_diff=0.000048 integral_mean=-0.000000 integral_std=0.000099 log_ratio=-0.0009 accept=0.9991 swapped=True
i=1 pair=(2,1) lam_t=1.04500 lam_s=1.04950 tsr_diff=0.000048 integral_mean=-0.000001 integral_std=0.000100 log_ratio=-0.0017 accept=0.9983 swapped=True
i=2 pair=(0,1) lam_t=1.00000 lam_s=1.04500 tsr_diff=0.001897 integral_mean=0.000073 integral_std=0.004068 log_ratio=0.0000 accept=1.0000 swapped=True
i=2 pair=(2,3) lam_t=1.04950 lam_s=1.05000 tsr_diff=0.000021 integral_mean=-0.000002 integral_std=0.000041 log_ratio=-0.0057 accept=0.9943 swapped=True
i=2 pair=(1,0) lam_t=1.00000 lam_s=1.04500 tsr_diff=0.001897 integral_mean=0.000059 integral_std=0.003703 log_ratio=0.0000 accept=1.0000 swapped=True
i=2 pair=(3,2) lam_t=1.04950 lam_s=1.05000 tsr_diff=0.000021 integral_mean=-0.000001 integral_std=0.000042 log_ratio=-0.0022 accept=0.9978 swapped=True
i=3 pair=(1,2) lam_t=1.04500 lam_s=1.04950 tsr_diff=0.000416 integral_mean=-0.000006 integral_std=0.000870 log_ratio=-0.0137 accept=0.9864 swapped=True
i=3 pair=(2,1) lam_t=1.04500 lam_s=1.04950 tsr_diff=0.000416 integral_mean=0.000017 integral_std=0.000906 log_ratio=0.0000 accept=1.0000 swapped=True
i=4 pair=(0,1) lam_t=1.00000 lam_s=1.04500 tsr_diff=0.007228 integral_mean=-0.000075 integral_std=0.015323 log_ratio=-0.1797 accept=0.8355 swapped=False
i=4 pair=(2,3) lam_t=1.04950 lam_s=1.05000 tsr_diff=0.000080 integral_mean=-0.000007 integral_std=0.000182 log_ratio=-0.0161 accept=0.9840 swapped=True
i=4 pair=(0,1) lam_t=1.00000 lam_s=1.04500 tsr_diff=0.007228 integral_mean=-0.000214 integral_std=0.014228 log_ratio=-0.5125 accept=0.5990 swapped=False
i=4 pair=(3,2) lam_t=1.04950 lam_s=1.05000 tsr_diff=0.000080 integral_mean=0.000006 integral_std=0.000170 log_ratio=0.0000 accept=1.0000 swapped=True
i=5 pair=(1,2) lam_t=1.04500 lam_s=1.04950 tsr_diff=0.001076 integral_mean=0.000774 integral_std=0.003379 log_ratio=0.0000 accept=1.0000 swapped=True
i=5 pair=(2,1) lam_t=1.04500 lam_s=1.04950 tsr_diff=0.001076 integral_mean=-0.000393 integral_std=0.002619 log_ratio=-0.9442 accept=0.3890 swapped=False
i=6 pair=(0,2) lam_t=1.00000 lam_s=1.04500 tsr_diff=0.015004 integral_mean=0.002011 integral_std=0.032266 log_ratio=0.0000 accept=1.0000 swapped=True
i=6 pair=(1,3) lam_t=1.04950 lam_s=1.05000 tsr_diff=0.000164 integral_mean=0.000034 integral_std=0.000364 log_ratio=0.0000 accept=1.0000 swapped=True
i=6 pair=(2,0) lam_t=1.00000 lam_s=1.04500 tsr_diff=0.015004 integral_mean=-0.002472 integral_std=0.033127 log_ratio=-5.9319 accept=0.0027 swapped=False
i=6 pair=(3,1) lam_t=1.04950 lam_s=1.05000 tsr_diff=0.000164 integral_mean=-0.000020 integral_std=0.000348 log_ratio=-0.0483 accept=0.9528 swapped=True
i=7 pair=(0,1) lam_t=1.04500 lam_s=1.04950 tsr_diff=0.001897 integral_mean=0.000028 integral_std=0.004484 log_ratio=0.0000 accept=1.0000 swapped=True
i=7 pair=(1,0) lam_t=1.04500 lam_s=1.04950 tsr_diff=0.001897 integral_mean=0.000024 integral_std=0.004169 log_ratio=0.0000 accept=1.0000 swapped=True
i=8 pair=(2,0) lam_t=1.00000 lam_s=1.04500 tsr_diff=0.023831 integral_mean=-0.001999 integral_std=0.054494 log_ratio=-4.7977 accept=0.0082 swapped=False
i=8 pair=(1,3) lam_t=1.04950 lam_s=1.05000 tsr_diff=0.000257 integral_mean=0.000015 integral_std=0.000577 log_ratio=0.0000 accept=1.0000 swapped=True
i=8 pair=(2,0) lam_t=1.00000 lam_s=1.04500 tsr_diff=0.023831 integral_mean=-0.001725 integral_std=0.054897 log_ratio=-4.1395 accept=0.0159 swapped=False
i=8 pair=(3,1) lam_t=1.04950 lam_s=1.05000 tsr_diff=0.000257 integral_mean=-0.000037 integral_std=0.000571 log_ratio=-0.0892 accept=0.9147 swapped=True
i=9 pair=(0,1) lam_t=1.04500 lam_s=1.04950 tsr_diff=0.002729 integral_mean=-0.000589 integral_std=0.007408 log_ratio=-1.4130 accept=0.2434 swapped=False
i=9 pair=(0,1) lam_t=1.04500 lam_s=1.04950 tsr_diff=0.002729 integral_mean=0.000016 integral_std=0.007599 log_ratio=0.0000 accept=1.0000 swapped=True
i=10 pair=(2,1) lam_t=1.00000 lam_s=1.04500 tsr_diff=0.032198 integral_mean=-0.010277 integral_std=0.099640 log_ratio=-24.6641 accept=0.0000 swapped=False
i=10 pair=(0,3) lam_t=1.04950 lam_s=1.05000 tsr_diff=0.000344 integral_mean=0.000053 integral_std=0.000918 log_ratio=0.0000 accept=1.0000 swapped=True
i=10 pair=(2,1) lam_t=1.00000 lam_s=1.04500 tsr_diff=0.032198 integral_mean=-0.008994 integral_std=0.105458 log_ratio=-21.5862 accept=0.0000 swapped=False
i=10 pair=(3,0) lam_t=1.04950 lam_s=1.05000 tsr_diff=0.000344 integral_mean=-0.000061 integral_std=0.000875 log_ratio=-0.1474 accept=0.8630 swapped=True
i=11 pair=(1,0) lam_t=1.04500 lam_s=1.04950 tsr_diff=0.003437 integral_mean=0.000325 integral_std=0.013355 log_ratio=0.0000 accept=1.0000 swapped=True
i=11 pair=(0,1) lam_t=1.04500 lam_s=1.04950 tsr_diff=0.003437 integral_mean=-0.000074 integral_std=0.010242 log_ratio=-0.1765 accept=0.8382 swapped=True
i=12 pair=(2,1) lam_t=1.00000 lam_s=1.04500 tsr_diff=0.038747 integral_mean=-0.002729 integral_std=0.164035 log_ratio=-6.5498 accept=0.0014 swapped=False
i=12 pair=(0,3) lam_t=1.04950 lam_s=1.05000 tsr_diff=0.000410 integral_mean=0.000010 integral_std=0.001603 log_ratio=0.0000 accept=1.0000 swapped=True
i=12 pair=(2,1) lam_t=1.00000 lam_s=1.04500 tsr_diff=0.038747 integral_mean=-0.008113 integral_std=0.133666 log_ratio=-19.4715 accept=0.0000 swapped=False
i=12 pair=(3,0) lam_t=1.04950 lam_s=1.05000 tsr_diff=0.000410 integral_mean=0.000031 integral_std=0.001325 log_ratio=0.0000 accept=1.0000 swapped=True
i=13 pair=(1,0) lam_t=1.04500 lam_s=1.04950 tsr_diff=0.003916 integral_mean=0.002119 integral_std=0.030159 log_ratio=0.0000 accept=1.0000 swapped=True
i=13 pair=(0,1) lam_t=1.04500 lam_s=1.04950 tsr_diff=0.003916 integral_mean=-0.001173 integral_std=0.017375 log_ratio=-2.8154 accept=0.0599 swapped=False
i=14 pair=(2,0) lam_t=1.00000 lam_s=1.04500 tsr_diff=0.042457 integral_mean=-0.008768 integral_std=0.510516 log_ratio=-21.0423 accept=0.0000 swapped=False
i=14 pair=(1,3) lam_t=1.04950 lam_s=1.05000 tsr_diff=0.000448 integral_mean=-0.000353 integral_std=0.004959 log_ratio=-0.8466 accept=0.4289 swapped=False
i=14 pair=(2,0) lam_t=1.00000 lam_s=1.04500 tsr_diff=0.042457 integral_mean=-0.024154 integral_std=0.516461 log_ratio=-57.9707 accept=0.0000 swapped=False
i=14 pair=(1,3) lam_t=1.04950 lam_s=1.05000 tsr_diff=0.000448 integral_mean=0.000204 integral_std=0.005769 log_ratio=0.0000 accept=1.0000 swapped=True
Best Sample: 2 log probability -15.107
Saved 1 samples to: logs/pointmaze-giant-navigate-v0/inference/plans/release_H400_T256_LimitsNormalizer_b1_condFalse/2026-07-17 16:45:09/14/0.png
Saved 1 samples to: logs/pointmaze-giant-navigate-v0/inference/plans/release_H400_T256_LimitsNormalizer_b1_condFalse/2026-07-17 16:45:09/14/rollout.png
i=0 pair=(0,1) lam_t=1.00000 lam_s=1.04500 tsr_diff=0.000000 integral_mean=0.000000 integral_std=0.000000 log_ratio=0.0000 accept=1.0000 swapped=True
i=0 pair=(2,3) lam_t=1.04950 lam_s=1.05000 tsr_diff=0.000000 integral_mean=0.000000 integral_std=0.000000 log_ratio=0.0000 accept=1.0000 swapped=True
i=0 pair=(1,0) lam_t=1.00000 lam_s=1.04500 tsr_diff=0.000000 integral_mean=0.000000 integral_std=0.000000 log_ratio=0.0000 accept=1.0000 swapped=True
i=0 pair=(3,2) lam_t=1.04950 lam_s=1.05000 tsr_diff=0.000000 integral_mean=0.000000 integral_std=0.000000 log_ratio=0.0000 accept=1.0000 swapped=True
i=1 pair=(1,2) lam_t=1.04500 lam_s=1.04950 tsr_diff=0.000048 integral_mean=-0.000000 integral_std=0.000097 log_ratio=-0.0004 accept=0.9996 swapped=True
i=1 pair=(2,1) lam_t=1.04500 lam_s=1.04950 tsr_diff=0.000048 integral_mean=0.000004 integral_std=0.000097 log_ratio=0.0000 accept=1.0000 swapped=True
i=2 pair=(0,1) lam_t=1.00000 lam_s=1.04500 tsr_diff=0.001897 integral_mean=-0.000124 integral_std=0.003929 log_ratio=-0.2976 accept=0.7426 swapped=True
i=2 pair=(2,3) lam_t=1.04950 lam_s=1.05000 tsr_diff=0.000021 integral_mean=-0.000001 integral_std=0.000045 log_ratio=-0.0018 accept=0.9982 swapped=True
i=2 pair=(1,0) lam_t=1.00000 lam_s=1.04500 tsr_diff=0.001897 integral_mean=0.000085 integral_std=0.004118 log_ratio=0.0000 accept=1.0000 swapped=True
i=2 pair=(3,2) lam_t=1.04950 lam_s=1.05000 tsr_diff=0.000021 integral_mean=0.000000 integral_std=0.000043 log_ratio=0.0000 accept=1.0000 swapped=True
i=3 pair=(1,2) lam_t=1.04500 lam_s=1.04950 tsr_diff=0.000416 integral_mean=0.000038 integral_std=0.000922 log_ratio=0.0000 accept=1.0000 swapped=True
i=3 pair=(2,1) lam_t=1.04500 lam_s=1.04950 tsr_diff=0.000416 integral_mean=-0.000003 integral_std=0.000886 log_ratio=-0.0068 accept=0.9932 swapped=True
i=4 pair=(0,1) lam_t=1.00000 lam_s=1.04500 tsr_diff=0.007228 integral_mean=-0.000386 integral_std=0.015007 log_ratio=-0.9259 accept=0.3962 swapped=True
i=4 pair=(2,3) lam_t=1.04950 lam_s=1.05000 tsr_diff=0.000080 integral_mean=-0.000009 integral_std=0.000178 log_ratio=-0.0227 accept=0.9775 swapped=True
i=4 pair=(1,0) lam_t=1.00000 lam_s=1.04500 tsr_diff=0.007228 integral_mean=0.000470 integral_std=0.015621 log_ratio=0.0000 accept=1.0000 swapped=True
i=4 pair=(3,2) lam_t=1.04950 lam_s=1.05000 tsr_diff=0.000080 integral_mean=0.000003 integral_std=0.000164 log_ratio=0.0000 accept=1.0000 swapped=True
i=5 pair=(1,2) lam_t=1.04500 lam_s=1.04950 tsr_diff=0.001076 integral_mean=0.000660 integral_std=0.003627 log_ratio=0.0000 accept=1.0000 swapped=True
i=5 pair=(2,1) lam_t=1.04500 lam_s=1.04950 tsr_diff=0.001076 integral_mean=-0.000179 integral_std=0.002637 log_ratio=-0.4304 accept=0.6503 swapped=True
i=6 pair=(0,1) lam_t=1.00000 lam_s=1.04500 tsr_diff=0.015004 integral_mean=-0.005840 integral_std=0.042024 log_ratio=-14.0161 accept=0.0000 swapped=False
i=6 pair=(2,3) lam_t=1.04950 lam_s=1.05000 tsr_diff=0.000164 integral_mean=-0.000006 integral_std=0.000361 log_ratio=-0.0146 accept=0.9855 swapped=True
i=6 pair=(0,1) lam_t=1.00000 lam_s=1.04500 tsr_diff=0.015004 integral_mean=-0.002856 integral_std=0.036072 log_ratio=-6.8548 accept=0.0011 swapped=False
i=6 pair=(3,2) lam_t=1.04950 lam_s=1.05000 tsr_diff=0.000164 integral_mean=0.000007 integral_std=0.000366 log_ratio=0.0000 accept=1.0000 swapped=True
i=7 pair=(1,2) lam_t=1.04500 lam_s=1.04950 tsr_diff=0.001897 integral_mean=0.000529 integral_std=0.004808 log_ratio=0.0000 accept=1.0000 swapped=True
i=7 pair=(2,1) lam_t=1.04500 lam_s=1.04950 tsr_diff=0.001897 integral_mean=-0.000374 integral_std=0.004234 log_ratio=-0.8981 accept=0.4073 swapped=False
i=8 pair=(0,2) lam_t=1.00000 lam_s=1.04500 tsr_diff=0.023831 integral_mean=0.001208 integral_std=0.057741 log_ratio=0.0000 accept=1.0000 swapped=True
i=8 pair=(1,3) lam_t=1.04950 lam_s=1.05000 tsr_diff=0.000257 integral_mean=0.000056 integral_std=0.000642 log_ratio=0.0000 accept=1.0000 swapped=True
i=8 pair=(2,0) lam_t=1.00000 lam_s=1.04500 tsr_diff=0.023831 integral_mean=-0.000119 integral_std=0.055987 log_ratio=-0.2854 accept=0.7517 swapped=False
i=8 pair=(3,1) lam_t=1.04950 lam_s=1.05000 tsr_diff=0.000257 integral_mean=-0.000055 integral_std=0.000597 log_ratio=-0.1329 accept=0.8756 swapped=True
i=9 pair=(0,1) lam_t=1.04500 lam_s=1.04950 tsr_diff=0.002729 integral_mean=-0.000870 integral_std=0.008101 log_ratio=-2.0872 accept=0.1240 swapped=True
i=9 pair=(1,0) lam_t=1.04500 lam_s=1.04950 tsr_diff=0.002729 integral_mean=0.000535 integral_std=0.007051 log_ratio=0.0000 accept=1.0000 swapped=True
i=10 pair=(2,0) lam_t=1.00000 lam_s=1.04500 tsr_diff=0.032198 integral_mean=-0.001154 integral_std=0.083662 log_ratio=-2.7691 accept=0.0627 swapped=False
i=10 pair=(1,3) lam_t=1.04950 lam_s=1.05000 tsr_diff=0.000344 integral_mean=0.000077 integral_std=0.000836 log_ratio=0.0000 accept=1.0000 swapped=True
i=10 pair=(2,0) lam_t=1.00000 lam_s=1.04500 tsr_diff=0.032198 integral_mean=-0.000573 integral_std=0.078053 log_ratio=-1.3761 accept=0.2526 swapped=True
i=10 pair=(3,1) lam_t=1.04950 lam_s=1.05000 tsr_diff=0.000344 integral_mean=-0.000039 integral_std=0.000845 log_ratio=-0.0947 accept=0.9096 swapped=True
i=11 pair=(2,1) lam_t=1.04500 lam_s=1.04950 tsr_diff=0.003437 integral_mean=-0.000930 integral_std=0.008968 log_ratio=-2.2326 accept=0.1072 swapped=False
i=11 pair=(2,1) lam_t=1.04500 lam_s=1.04950 tsr_diff=0.003437 integral_mean=-0.000733 integral_std=0.008998 log_ratio=-1.7591 accept=0.1722 swapped=False
i=12 pair=(0,2) lam_t=1.00000 lam_s=1.04500 tsr_diff=0.038747 integral_mean=0.001366 integral_std=0.130560 log_ratio=0.0000 accept=1.0000 swapped=True
i=12 pair=(1,3) lam_t=1.04950 lam_s=1.05000 tsr_diff=0.000410 integral_mean=0.000085 integral_std=0.001347 log_ratio=0.0000 accept=1.0000 swapped=True
i=12 pair=(2,0) lam_t=1.00000 lam_s=1.04500 tsr_diff=0.038747 integral_mean=0.000193 integral_std=0.117774 log_ratio=0.0000 accept=1.0000 swapped=True
i=12 pair=(3,1) lam_t=1.04950 lam_s=1.05000 tsr_diff=0.000410 integral_mean=-0.000091 integral_std=0.001764 log_ratio=-0.2178 accept=0.8043 swapped=True
i=13 pair=(2,1) lam_t=1.04500 lam_s=1.04950 tsr_diff=0.003916 integral_mean=-0.002011 integral_std=0.017848 log_ratio=-4.8275 accept=0.0080 swapped=False
i=13 pair=(2,1) lam_t=1.04500 lam_s=1.04950 tsr_diff=0.003916 integral_mean=-0.002174 integral_std=0.023130 log_ratio=-5.2184 accept=0.0054 swapped=False
i=14 pair=(0,2) lam_t=1.00000 lam_s=1.04500 tsr_diff=0.042457 integral_mean=0.007425 integral_std=0.313789 log_ratio=0.0000 accept=1.0000 swapped=True
i=14 pair=(1,3) lam_t=1.04950 lam_s=1.05000 tsr_diff=0.000448 integral_mean=0.001428 integral_std=0.010313 log_ratio=0.0000 accept=1.0000 swapped=True
i=14 pair=(2,0) lam_t=1.00000 lam_s=1.04500 tsr_diff=0.042457 integral_mean=-0.002086 integral_std=0.276170 log_ratio=-5.0072 accept=0.0067 swapped=False
i=14 pair=(3,1) lam_t=1.04950 lam_s=1.05000 tsr_diff=0.000448 integral_mean=0.000112 integral_std=0.003792 log_ratio=0.0000 accept=1.0000 swapped=True
Best Sample: 2 log probability -0.268
Saved 1 samples to: logs/pointmaze-giant-navigate-v0/inference/plans/release_H400_T256_LimitsNormalizer_b1_condFalse/2026-07-17 16:45:09/15/0.png
Saved 1 samples to: logs/pointmaze-giant-navigate-v0/inference/plans/release_H400_T256_LimitsNormalizer_b1_condFalse/2026-07-17 16:45:09/15/rollout.png
i=0 pair=(0,1) lam_t=1.00000 lam_s=1.04500 tsr_diff=0.000000 integral_mean=0.000000 integral_std=0.000000 log_ratio=0.0000 accept=1.0000 swapped=True
i=0 pair=(2,3) lam_t=1.04950 lam_s=1.05000 tsr_diff=0.000000 integral_mean=0.000000 integral_std=0.000000 log_ratio=0.0000 accept=1.0000 swapped=True
i=0 pair=(1,0) lam_t=1.00000 lam_s=1.04500 tsr_diff=0.000000 integral_mean=0.000000 integral_std=0.000000 log_ratio=0.0000 accept=1.0000 swapped=True
i=0 pair=(3,2) lam_t=1.04950 lam_s=1.05000 tsr_diff=0.000000 integral_mean=0.000000 integral_std=0.000000 log_ratio=0.0000 accept=1.0000 swapped=True
i=1 pair=(1,2) lam_t=1.04500 lam_s=1.04950 tsr_diff=0.000048 integral_mean=-0.000001 integral_std=0.000098 log_ratio=-0.0014 accept=0.9986 swapped=True
i=1 pair=(2,1) lam_t=1.04500 lam_s=1.04950 tsr_diff=0.000048 integral_mean=-0.000003 integral_std=0.000095 log_ratio=-0.0067 accept=0.9934 swapped=True
i=2 pair=(0,1) lam_t=1.00000 lam_s=1.04500 tsr_diff=0.001897 integral_mean=0.000187 integral_std=0.004408 log_ratio=0.0000 accept=1.0000 swapped=True
i=2 pair=(2,3) lam_t=1.04950 lam_s=1.05000 tsr_diff=0.000021 integral_mean=0.000001 integral_std=0.000043 log_ratio=0.0000 accept=1.0000 swapped=True
i=2 pair=(1,0) lam_t=1.00000 lam_s=1.04500 tsr_diff=0.001897 integral_mean=-0.000026 integral_std=0.003970 log_ratio=-0.0629 accept=0.9390 swapped=True
i=2 pair=(3,2) lam_t=1.04950 lam_s=1.05000 tsr_diff=0.000021 integral_mean=-0.000000 integral_std=0.000041 log_ratio=-0.0009 accept=0.9991 swapped=True
i=3 pair=(1,2) lam_t=1.04500 lam_s=1.04950 tsr_diff=0.000416 integral_mean=-0.000031 integral_std=0.000907 log_ratio=-0.0747 accept=0.9281 swapped=False
i=3 pair=(1,2) lam_t=1.04500 lam_s=1.04950 tsr_diff=0.000416 integral_mean=-0.000022 integral_std=0.000887 log_ratio=-0.0536 accept=0.9478 swapped=True
i=4 pair=(0,2) lam_t=1.00000 lam_s=1.04500 tsr_diff=0.007228 integral_mean=0.000654 integral_std=0.015395 log_ratio=0.0000 accept=1.0000 swapped=True
i=4 pair=(1,3) lam_t=1.04950 lam_s=1.05000 tsr_diff=0.000080 integral_mean=-0.000002 integral_std=0.000166 log_ratio=-0.0039 accept=0.9961 swapped=True
i=4 pair=(2,0) lam_t=1.00000 lam_s=1.04500 tsr_diff=0.007228 integral_mean=-0.000550 integral_std=0.014709 log_ratio=-1.3200 accept=0.2671 swapped=False
i=4 pair=(3,1) lam_t=1.04950 lam_s=1.05000 tsr_diff=0.000080 integral_mean=-0.000006 integral_std=0.000164 log_ratio=-0.0155 accept=0.9846 swapped=True
i=5 pair=(0,1) lam_t=1.04500 lam_s=1.04950 tsr_diff=0.001076 integral_mean=-0.000002 integral_std=0.002313 log_ratio=-0.0044 accept=0.9956 swapped=True
i=5 pair=(1,0) lam_t=1.04500 lam_s=1.04950 tsr_diff=0.001076 integral_mean=0.000006 integral_std=0.002282 log_ratio=0.0000 accept=1.0000 swapped=True
i=6 pair=(2,0) lam_t=1.00000 lam_s=1.04500 tsr_diff=0.015004 integral_mean=-0.000847 integral_std=0.031196 log_ratio=-2.0333 accept=0.1309 swapped=False
i=6 pair=(1,3) lam_t=1.04950 lam_s=1.05000 tsr_diff=0.000164 integral_mean=-0.000018 integral_std=0.000359 log_ratio=-0.0438 accept=0.9572 swapped=True
i=6 pair=(2,0) lam_t=1.00000 lam_s=1.04500 tsr_diff=0.015004 integral_mean=-0.000166 integral_std=0.031659 log_ratio=-0.3985 accept=0.6713 swapped=True
i=6 pair=(3,1) lam_t=1.04950 lam_s=1.05000 tsr_diff=0.000164 integral_mean=0.000023 integral_std=0.000374 log_ratio=0.0000 accept=1.0000 swapped=True
i=7 pair=(2,1) lam_t=1.04500 lam_s=1.04950 tsr_diff=0.001897 integral_mean=0.000051 integral_std=0.004193 log_ratio=0.0000 accept=1.0000 swapped=True
i=7 pair=(1,2) lam_t=1.04500 lam_s=1.04950 tsr_diff=0.001897 integral_mean=-0.000083 integral_std=0.004012 log_ratio=-0.1998 accept=0.8189 swapped=True
i=8 pair=(0,2) lam_t=1.00000 lam_s=1.04500 tsr_diff=0.023831 integral_mean=0.001144 integral_std=0.054809 log_ratio=0.0000 accept=1.0000 swapped=True
i=8 pair=(1,3) lam_t=1.04950 lam_s=1.05000 tsr_diff=0.000257 integral_mean=-0.000034 integral_std=0.000610 log_ratio=-0.0812 accept=0.9220 swapped=True
i=8 pair=(2,0) lam_t=1.00000 lam_s=1.04500 tsr_diff=0.023831 integral_mean=-0.001033 integral_std=0.050637 log_ratio=-2.4794 accept=0.0838 swapped=False
i=8 pair=(3,1) lam_t=1.04950 lam_s=1.05000 tsr_diff=0.000257 integral_mean=0.000024 integral_std=0.000590 log_ratio=0.0000 accept=1.0000 swapped=True
i=9 pair=(0,1) lam_t=1.04500 lam_s=1.04950 tsr_diff=0.002729 integral_mean=0.000265 integral_std=0.007014 log_ratio=0.0000 accept=1.0000 swapped=True
i=9 pair=(1,0) lam_t=1.04500 lam_s=1.04950 tsr_diff=0.002729 integral_mean=-0.000267 integral_std=0.007303 log_ratio=-0.6418 accept=0.5264 swapped=True
i=10 pair=(2,0) lam_t=1.00000 lam_s=1.04500 tsr_diff=0.032198 integral_mean=-0.006450 integral_std=0.083759 log_ratio=-15.4803 accept=0.0000 swapped=False
i=10 pair=(1,3) lam_t=1.04950 lam_s=1.05000 tsr_diff=0.000344 integral_mean=-0.000054 integral_std=0.001001 log_ratio=-0.1301 accept=0.8780 swapped=True
i=10 pair=(2,0) lam_t=1.00000 lam_s=1.04500 tsr_diff=0.032198 integral_mean=-0.005650 integral_std=0.082823 log_ratio=-13.5605 accept=0.0000 swapped=False
i=10 pair=(3,1) lam_t=1.04950 lam_s=1.05000 tsr_diff=0.000344 integral_mean=0.000038 integral_std=0.000987 log_ratio=0.0000 accept=1.0000 swapped=True
i=11 pair=(0,1) lam_t=1.04500 lam_s=1.04950 tsr_diff=0.003437 integral_mean=0.000399 integral_std=0.010966 log_ratio=0.0000 accept=1.0000 swapped=True
i=11 pair=(1,0) lam_t=1.04500 lam_s=1.04950 tsr_diff=0.003437 integral_mean=-0.000860 integral_std=0.011914 log_ratio=-2.0648 accept=0.1268 swapped=False
i=12 pair=(2,1) lam_t=1.00000 lam_s=1.04500 tsr_diff=0.038747 integral_mean=-0.005921 integral_std=0.141261 log_ratio=-14.2107 accept=0.0000 swapped=False
i=12 pair=(0,3) lam_t=1.04950 lam_s=1.05000 tsr_diff=0.000410 integral_mean=-0.000131 integral_std=0.002367 log_ratio=-0.3145 accept=0.7302 swapped=True
i=12 pair=(2,1) lam_t=1.00000 lam_s=1.04500 tsr_diff=0.038747 integral_mean=0.000783 integral_std=0.126361 log_ratio=0.0000 accept=1.0000 swapped=True
i=12 pair=(3,0) lam_t=1.04950 lam_s=1.05000 tsr_diff=0.000410 integral_mean=-0.000028 integral_std=0.001455 log_ratio=-0.0667 accept=0.9355 swapped=True
i=13 pair=(2,0) lam_t=1.04500 lam_s=1.04950 tsr_diff=0.003916 integral_mean=-0.002057 integral_std=0.017404 log_ratio=-4.9366 accept=0.0072 swapped=False
i=13 pair=(2,0) lam_t=1.04500 lam_s=1.04950 tsr_diff=0.003916 integral_mean=-0.001319 integral_std=0.016658 log_ratio=-3.1653 accept=0.0422 swapped=False
i=14 pair=(1,2) lam_t=1.00000 lam_s=1.04500 tsr_diff=0.042457 integral_mean=-0.040981 integral_std=0.541184 log_ratio=-98.3551 accept=0.0000 swapped=False
i=14 pair=(0,3) lam_t=1.04950 lam_s=1.05000 tsr_diff=0.000448 integral_mean=0.000529 integral_std=0.007546 log_ratio=0.0000 accept=1.0000 swapped=True
i=14 pair=(1,2) lam_t=1.00000 lam_s=1.04500 tsr_diff=0.042457 integral_mean=-0.006850 integral_std=0.387483 log_ratio=-16.4398 accept=0.0000 swapped=False
i=14 pair=(3,0) lam_t=1.04950 lam_s=1.05000 tsr_diff=0.000448 integral_mean=0.000304 integral_std=0.008951 log_ratio=0.0000 accept=1.0000 swapped=True
Best Sample: 1 log probability -2.843
Saved 1 samples to: logs/pointmaze-giant-navigate-v0/inference/plans/release_H400_T256_LimitsNormalizer_b1_condFalse/2026-07-17 16:45:09/16/0.png
Saved 1 samples to: logs/pointmaze-giant-navigate-v0/inference/plans/release_H400_T256_LimitsNormalizer_b1_condFalse/2026-07-17 16:45:09/16/rollout.png
i=0 pair=(0,1) lam_t=1.00000 lam_s=1.04500 tsr_diff=0.000000 integral_mean=0.000000 integral_std=0.000000 log_ratio=0.0000 accept=1.0000 swapped=True
i=0 pair=(2,3) lam_t=1.04950 lam_s=1.05000 tsr_diff=0.000000 integral_mean=0.000000 integral_std=0.000000 log_ratio=0.0000 accept=1.0000 swapped=True
i=0 pair=(1,0) lam_t=1.00000 lam_s=1.04500 tsr_diff=0.000000 integral_mean=0.000000 integral_std=0.000000 log_ratio=0.0000 accept=1.0000 swapped=True
i=0 pair=(3,2) lam_t=1.04950 lam_s=1.05000 tsr_diff=0.000000 integral_mean=0.000000 integral_std=0.000000 log_ratio=0.0000 accept=1.0000 swapped=True
i=1 pair=(1,2) lam_t=1.04500 lam_s=1.04950 tsr_diff=0.000048 integral_mean=0.000000 integral_std=0.000096 log_ratio=0.0000 accept=1.0000 swapped=True
i=1 pair=(2,1) lam_t=1.04500 lam_s=1.04950 tsr_diff=0.000048 integral_mean=-0.000001 integral_std=0.000101 log_ratio=-0.0031 accept=0.9969 swapped=True
i=2 pair=(0,1) lam_t=1.00000 lam_s=1.04500 tsr_diff=0.001897 integral_mean=-0.000036 integral_std=0.003987 log_ratio=-0.0872 accept=0.9165 swapped=False
i=2 pair=(2,3) lam_t=1.04950 lam_s=1.05000 tsr_diff=0.000021 integral_mean=0.000002 integral_std=0.000043 log_ratio=0.0000 accept=1.0000 swapped=True
i=2 pair=(0,1) lam_t=1.00000 lam_s=1.04500 tsr_diff=0.001897 integral_mean=-0.000055 integral_std=0.003724 log_ratio=-0.1325 accept=0.8759 swapped=True
i=2 pair=(3,2) lam_t=1.04950 lam_s=1.05000 tsr_diff=0.000021 integral_mean=0.000000 integral_std=0.000043 log_ratio=0.0000 accept=1.0000 swapped=True
i=3 pair=(0,2) lam_t=1.04500 lam_s=1.04950 tsr_diff=0.000416 integral_mean=-0.000087 integral_std=0.000931 log_ratio=-0.2077 accept=0.8124 swapped=False
i=3 pair=(0,2) lam_t=1.04500 lam_s=1.04950 tsr_diff=0.000416 integral_mean=-0.000015 integral_std=0.000835 log_ratio=-0.0358 accept=0.9649 swapped=True
i=4 pair=(1,2) lam_t=1.00000 lam_s=1.04500 tsr_diff=0.007228 integral_mean=-0.000462 integral_std=0.015020 log_ratio=-1.1096 accept=0.3297 swapped=False
i=4 pair=(0,3) lam_t=1.04950 lam_s=1.05000 tsr_diff=0.000080 integral_mean=-0.000008 integral_std=0.000160 log_ratio=-0.0191 accept=0.9811 swapped=True
i=4 pair=(1,2) lam_t=1.00000 lam_s=1.04500 tsr_diff=0.007228 integral_mean=-0.000555 integral_std=0.016016 log_ratio=-1.3318 accept=0.2640 swapped=True
i=4 pair=(3,0) lam_t=1.04950 lam_s=1.05000 tsr_diff=0.000080 integral_mean=0.000018 integral_std=0.000179 log_ratio=0.0000 accept=1.0000 swapped=True
i=5 pair=(1,0) lam_t=1.04500 lam_s=1.04950 tsr_diff=0.001076 integral_mean=0.000112 integral_std=0.002255 log_ratio=0.0000 accept=1.0000 swapped=True
i=5 pair=(0,1) lam_t=1.04500 lam_s=1.04950 tsr_diff=0.001076 integral_mean=-0.000020 integral_std=0.002276 log_ratio=-0.0485 accept=0.9526 swapped=True
i=6 pair=(2,1) lam_t=1.00000 lam_s=1.04500 tsr_diff=0.015004 integral_mean=0.001358 integral_std=0.034927 log_ratio=0.0000 accept=1.0000 swapped=True
i=6 pair=(0,3) lam_t=1.04950 lam_s=1.05000 tsr_diff=0.000164 integral_mean=-0.000010 integral_std=0.000369 log_ratio=-0.0250 accept=0.9753 swapped=True
i=6 pair=(1,2) lam_t=1.00000 lam_s=1.04500 tsr_diff=0.015004 integral_mean=-0.001149 integral_std=0.034735 log_ratio=-2.7584 accept=0.0634 swapped=False
i=6 pair=(3,0) lam_t=1.04950 lam_s=1.05000 tsr_diff=0.000164 integral_mean=0.000016 integral_std=0.000372 log_ratio=0.0000 accept=1.0000 swapped=True
i=7 pair=(2,0) lam_t=1.04500 lam_s=1.04950 tsr_diff=0.001897 integral_mean=0.000112 integral_std=0.004388 log_ratio=0.0000 accept=1.0000 swapped=True
i=7 pair=(0,2) lam_t=1.04500 lam_s=1.04950 tsr_diff=0.001897 integral_mean=-0.000149 integral_std=0.004460 log_ratio=-0.3579 accept=0.6992 swapped=False
i=8 pair=(1,0) lam_t=1.00000 lam_s=1.04500 tsr_diff=0.023831 integral_mean=0.000805 integral_std=0.053356 log_ratio=0.0000 accept=1.0000 swapped=True
i=8 pair=(2,3) lam_t=1.04950 lam_s=1.05000 tsr_diff=0.000257 integral_mean=0.000009 integral_std=0.000625 log_ratio=0.0000 accept=1.0000 swapped=True
i=8 pair=(0,1) lam_t=1.00000 lam_s=1.04500 tsr_diff=0.023831 integral_mean=-0.000070 integral_std=0.053058 log_ratio=-0.1674 accept=0.8458 swapped=True
i=8 pair=(3,2) lam_t=1.04950 lam_s=1.05000 tsr_diff=0.000257 integral_mean=-0.000005 integral_std=0.000573 log_ratio=-0.0116 accept=0.9884 swapped=True
i=9 pair=(0,2) lam_t=1.04500 lam_s=1.04950 tsr_diff=0.002729 integral_mean=0.000088 integral_std=0.006830 log_ratio=0.0000 accept=1.0000 swapped=True
i=9 pair=(2,0) lam_t=1.04500 lam_s=1.04950 tsr_diff=0.002729 integral_mean=-0.000004 integral_std=0.006566 log_ratio=-0.0108 accept=0.9893 swapped=True
i=10 pair=(1,0) lam_t=1.00000 lam_s=1.04500 tsr_diff=0.032198 integral_mean=0.000688 integral_std=0.077656 log_ratio=0.0000 accept=1.0000 swapped=True
i=10 pair=(2,3) lam_t=1.04950 lam_s=1.05000 tsr_diff=0.000344 integral_mean=-0.000026 integral_std=0.000993 log_ratio=-0.0626 accept=0.9394 swapped=True
i=10 pair=(0,1) lam_t=1.00000 lam_s=1.04500 tsr_diff=0.032198 integral_mean=-0.001817 integral_std=0.080262 log_ratio=-4.3608 accept=0.0128 swapped=False
i=10 pair=(3,2) lam_t=1.04950 lam_s=1.05000 tsr_diff=0.000344 integral_mean=0.000001 integral_std=0.000962 log_ratio=0.0000 accept=1.0000 swapped=True
i=11 pair=(1,2) lam_t=1.04500 lam_s=1.04950 tsr_diff=0.003437 integral_mean=0.000147 integral_std=0.011154 log_ratio=0.0000 accept=1.0000 swapped=True
i=11 pair=(2,1) lam_t=1.04500 lam_s=1.04950 tsr_diff=0.003437 integral_mean=-0.000089 integral_std=0.011383 log_ratio=-0.2130 accept=0.8082 swapped=True
i=12 pair=(0,1) lam_t=1.00000 lam_s=1.04500 tsr_diff=0.038747 integral_mean=-0.018247 integral_std=0.186663 log_ratio=-43.7932 accept=0.0000 swapped=False
i=12 pair=(2,3) lam_t=1.04950 lam_s=1.05000 tsr_diff=0.000410 integral_mean=-0.000082 integral_std=0.001504 log_ratio=-0.1962 accept=0.8218 swapped=True
i=12 pair=(0,1) lam_t=1.00000 lam_s=1.04500 tsr_diff=0.038747 integral_mean=-0.011175 integral_std=0.127945 log_ratio=-26.8196 accept=0.0000 swapped=False
i=12 pair=(3,2) lam_t=1.04950 lam_s=1.05000 tsr_diff=0.000410 integral_mean=-0.000020 integral_std=0.001750 log_ratio=-0.0481 accept=0.9530 swapped=True
i=13 pair=(1,2) lam_t=1.04500 lam_s=1.04950 tsr_diff=0.003916 integral_mean=0.000271 integral_std=0.029678 log_ratio=0.0000 accept=1.0000 swapped=True
i=13 pair=(2,1) lam_t=1.04500 lam_s=1.04950 tsr_diff=0.003916 integral_mean=-0.000246 integral_std=0.021697 log_ratio=-0.5905 accept=0.5541 swapped=False
i=14 pair=(0,2) lam_t=1.00000 lam_s=1.04500 tsr_diff=0.042457 integral_mean=-0.046385 integral_std=0.639797 log_ratio=-111.3245 accept=0.0000 swapped=False
i=14 pair=(1,3) lam_t=1.04950 lam_s=1.05000 tsr_diff=0.000448 integral_mean=0.000456 integral_std=0.008922 log_ratio=0.0000 accept=1.0000 swapped=True
i=14 pair=(0,2) lam_t=1.00000 lam_s=1.04500 tsr_diff=0.042457 integral_mean=-0.017489 integral_std=0.313127 log_ratio=-41.9729 accept=0.0000 swapped=False
i=14 pair=(3,1) lam_t=1.04950 lam_s=1.05000 tsr_diff=0.000448 integral_mean=0.000707 integral_std=0.010522 log_ratio=0.0000 accept=1.0000 swapped=True
Best Sample: 0 log probability -0.249
Saved 1 samples to: logs/pointmaze-giant-navigate-v0/inference/plans/release_H400_T256_LimitsNormalizer_b1_condFalse/2026-07-17 16:45:09/17/0.png
Saved 1 samples to: logs/pointmaze-giant-navigate-v0/inference/plans/release_H400_T256_LimitsNormalizer_b1_condFalse/2026-07-17 16:45:09/17/rollout.png
i=0 pair=(0,1) lam_t=1.00000 lam_s=1.04500 tsr_diff=0.000000 integral_mean=0.000000 integral_std=0.000000 log_ratio=0.0000 accept=1.0000 swapped=True
i=0 pair=(2,3) lam_t=1.04950 lam_s=1.05000 tsr_diff=0.000000 integral_mean=0.000000 integral_std=0.000000 log_ratio=0.0000 accept=1.0000 swapped=True
i=0 pair=(1,0) lam_t=1.00000 lam_s=1.04500 tsr_diff=0.000000 integral_mean=0.000000 integral_std=0.000000 log_ratio=0.0000 accept=1.0000 swapped=True
i=0 pair=(3,2) lam_t=1.04950 lam_s=1.05000 tsr_diff=0.000000 integral_mean=0.000000 integral_std=0.000000 log_ratio=0.0000 accept=1.0000 swapped=True
i=1 pair=(1,2) lam_t=1.04500 lam_s=1.04950 tsr_diff=0.000048 integral_mean=0.000001 integral_std=0.000094 log_ratio=0.0000 accept=1.0000 swapped=True
i=1 pair=(2,1) lam_t=1.04500 lam_s=1.04950 tsr_diff=0.000048 integral_mean=-0.000003 integral_std=0.000096 log_ratio=-0.0067 accept=0.9933 swapped=True
i=2 pair=(0,1) lam_t=1.00000 lam_s=1.04500 tsr_diff=0.001897 integral_mean=0.000003 integral_std=0.004006 log_ratio=0.0000 accept=1.0000 swapped=True
i=2 pair=(2,3) lam_t=1.04950 lam_s=1.05000 tsr_diff=0.000021 integral_mean=0.000000 integral_std=0.000041 log_ratio=0.0000 accept=1.0000 swapped=True
i=2 pair=(1,0) lam_t=1.00000 lam_s=1.04500 tsr_diff=0.001897 integral_mean=-0.000188 integral_std=0.003801 log_ratio=-0.4516 accept=0.6366 swapped=True
i=2 pair=(3,2) lam_t=1.04950 lam_s=1.05000 tsr_diff=0.000021 integral_mean=0.000001 integral_std=0.000040 log_ratio=0.0000 accept=1.0000 swapped=True
i=3 pair=(1,2) lam_t=1.04500 lam_s=1.04950 tsr_diff=0.000416 integral_mean=0.000006 integral_std=0.000825 log_ratio=0.0000 accept=1.0000 swapped=True
i=3 pair=(2,1) lam_t=1.04500 lam_s=1.04950 tsr_diff=0.000416 integral_mean=0.000012 integral_std=0.000855 log_ratio=0.0000 accept=1.0000 swapped=True
i=4 pair=(0,1) lam_t=1.00000 lam_s=1.04500 tsr_diff=0.007228 integral_mean=0.000025 integral_std=0.015198 log_ratio=0.0000 accept=1.0000 swapped=True
i=4 pair=(2,3) lam_t=1.04950 lam_s=1.05000 tsr_diff=0.000080 integral_mean=-0.000003 integral_std=0.000174 log_ratio=-0.0074 accept=0.9926 swapped=True
i=4 pair=(1,0) lam_t=1.00000 lam_s=1.04500 tsr_diff=0.007228 integral_mean=-0.000044 integral_std=0.015239 log_ratio=-0.1059 accept=0.8995 swapped=True
i=4 pair=(3,2) lam_t=1.04950 lam_s=1.05000 tsr_diff=0.000080 integral_mean=0.000001 integral_std=0.000163 log_ratio=0.0000 accept=1.0000 swapped=True
i=5 pair=(1,2) lam_t=1.04500 lam_s=1.04950 tsr_diff=0.001076 integral_mean=0.000001 integral_std=0.002231 log_ratio=0.0000 accept=1.0000 swapped=True
i=5 pair=(2,1) lam_t=1.04500 lam_s=1.04950 tsr_diff=0.001076 integral_mean=-0.000000 integral_std=0.002211 log_ratio=-0.0006 accept=0.9994 swapped=True
i=6 pair=(0,1) lam_t=1.00000 lam_s=1.04500 tsr_diff=0.015004 integral_mean=0.000291 integral_std=0.032983 log_ratio=0.0000 accept=1.0000 swapped=True
i=6 pair=(2,3) lam_t=1.04950 lam_s=1.05000 tsr_diff=0.000164 integral_mean=-0.000006 integral_std=0.000349 log_ratio=-0.0149 accept=0.9852 swapped=True
i=6 pair=(1,0) lam_t=1.00000 lam_s=1.04500 tsr_diff=0.015004 integral_mean=-0.001204 integral_std=0.032098 log_ratio=-2.8890 accept=0.0556 swapped=False
i=6 pair=(3,2) lam_t=1.04950 lam_s=1.05000 tsr_diff=0.000164 integral_mean=-0.000003 integral_std=0.000349 log_ratio=-0.0081 accept=0.9920 swapped=True
i=7 pair=(0,2) lam_t=1.04500 lam_s=1.04950 tsr_diff=0.001897 integral_mean=-0.000047 integral_std=0.004456 log_ratio=-0.1132 accept=0.8930 swapped=True
i=7 pair=(2,0) lam_t=1.04500 lam_s=1.04950 tsr_diff=0.001897 integral_mean=0.000114 integral_std=0.004071 log_ratio=0.0000 accept=1.0000 swapped=True
i=8 pair=(1,0) lam_t=1.00000 lam_s=1.04500 tsr_diff=0.023831 integral_mean=-0.001677 integral_std=0.049806 log_ratio=-4.0257 accept=0.0179 swapped=False
i=8 pair=(2,3) lam_t=1.04950 lam_s=1.05000 tsr_diff=0.000257 integral_mean=0.000022 integral_std=0.000565 log_ratio=0.0000 accept=1.0000 swapped=True
i=8 pair=(1,0) lam_t=1.00000 lam_s=1.04500 tsr_diff=0.023831 integral_mean=-0.001599 integral_std=0.049237 log_ratio=-3.8387 accept=0.0215 swapped=False
i=8 pair=(3,2) lam_t=1.04950 lam_s=1.05000 tsr_diff=0.000257 integral_mean=-0.000003 integral_std=0.000572 log_ratio=-0.0064 accept=0.9936 swapped=True
i=9 pair=(0,2) lam_t=1.04500 lam_s=1.04950 tsr_diff=0.002729 integral_mean=-0.000047 integral_std=0.006552 log_ratio=-0.1134 accept=0.8928 swapped=True
i=9 pair=(2,0) lam_t=1.04500 lam_s=1.04950 tsr_diff=0.002729 integral_mean=-0.000114 integral_std=0.006145 log_ratio=-0.2739 accept=0.7604 swapped=True
i=10 pair=(1,0) lam_t=1.00000 lam_s=1.04500 tsr_diff=0.032198 integral_mean=-0.006464 integral_std=0.074843 log_ratio=-15.5140 accept=0.0000 swapped=False
i=10 pair=(2,3) lam_t=1.04950 lam_s=1.05000 tsr_diff=0.000344 integral_mean=0.000003 integral_std=0.000836 log_ratio=0.0000 accept=1.0000 swapped=True
i=10 pair=(1,0) lam_t=1.00000 lam_s=1.04500 tsr_diff=0.032198 integral_mean=-0.002262 integral_std=0.070826 log_ratio=-5.4300 accept=0.0044 swapped=False
i=10 pair=(3,2) lam_t=1.04950 lam_s=1.05000 tsr_diff=0.000344 integral_mean=0.000006 integral_std=0.000833 log_ratio=0.0000 accept=1.0000 swapped=True
i=11 pair=(0,2) lam_t=1.04500 lam_s=1.04950 tsr_diff=0.003437 integral_mean=0.000165 integral_std=0.009794 log_ratio=0.0000 accept=1.0000 swapped=True
i=11 pair=(2,0) lam_t=1.04500 lam_s=1.04950 tsr_diff=0.003437 integral_mean=-0.000079 integral_std=0.009171 log_ratio=-0.1890 accept=0.8278 swapped=True
i=12 pair=(1,0) lam_t=1.00000 lam_s=1.04500 tsr_diff=0.038747 integral_mean=-0.017077 integral_std=0.147054 log_ratio=-40.9839 accept=0.0000 swapped=False
i=12 pair=(2,3) lam_t=1.04950 lam_s=1.05000 tsr_diff=0.000410 integral_mean=0.000147 integral_std=0.001477 log_ratio=0.0000 accept=1.0000 swapped=True
i=12 pair=(1,0) lam_t=1.00000 lam_s=1.04500 tsr_diff=0.038747 integral_mean=-0.025938 integral_std=0.216148 log_ratio=-62.2516 accept=0.0000 swapped=False
i=12 pair=(3,2) lam_t=1.04950 lam_s=1.05000 tsr_diff=0.000410 integral_mean=-0.000036 integral_std=0.001269 log_ratio=-0.0857 accept=0.9179 swapped=True
i=13 pair=(0,2) lam_t=1.04500 lam_s=1.04950 tsr_diff=0.003916 integral_mean=0.001486 integral_std=0.026054 log_ratio=0.0000 accept=1.0000 swapped=True
i=13 pair=(2,0) lam_t=1.04500 lam_s=1.04950 tsr_diff=0.003916 integral_mean=-0.000547 integral_std=0.015502 log_ratio=-1.3118 accept=0.2693 swapped=False
i=14 pair=(1,2) lam_t=1.00000 lam_s=1.04500 tsr_diff=0.042457 integral_mean=-0.057973 integral_std=0.381660 log_ratio=-139.1355 accept=0.0000 swapped=False
i=14 pair=(0,3) lam_t=1.04950 lam_s=1.05000 tsr_diff=0.000448 integral_mean=0.000870 integral_std=0.007600 log_ratio=0.0000 accept=1.0000 swapped=True
i=14 pair=(1,2) lam_t=1.00000 lam_s=1.04500 tsr_diff=0.042457 integral_mean=-0.052939 integral_std=0.447531 log_ratio=-127.0536 accept=0.0000 swapped=False
i=14 pair=(3,0) lam_t=1.04950 lam_s=1.05000 tsr_diff=0.000448 integral_mean=-0.000400 integral_std=0.004593 log_ratio=-0.9605 accept=0.3827 swapped=False
Best Sample: 1 log probability 0.000
Saved 1 samples to: logs/pointmaze-giant-navigate-v0/inference/plans/release_H400_T256_LimitsNormalizer_b1_condFalse/2026-07-17 16:45:09/18/0.png
Saved 1 samples to: logs/pointmaze-giant-navigate-v0/inference/plans/release_H400_T256_LimitsNormalizer_b1_condFalse/2026-07-17 16:45:09/18/rollout.png
i=0 pair=(0,1) lam_t=1.00000 lam_s=1.04500 tsr_diff=0.000000 integral_mean=0.000000 integral_std=0.000000 log_ratio=0.0000 accept=1.0000 swapped=True
i=0 pair=(2,3) lam_t=1.04950 lam_s=1.05000 tsr_diff=0.000000 integral_mean=0.000000 integral_std=0.000000 log_ratio=0.0000 accept=1.0000 swapped=True
i=0 pair=(1,0) lam_t=1.00000 lam_s=1.04500 tsr_diff=0.000000 integral_mean=0.000000 integral_std=0.000000 log_ratio=0.0000 accept=1.0000 swapped=True
i=0 pair=(3,2) lam_t=1.04950 lam_s=1.05000 tsr_diff=0.000000 integral_mean=0.000000 integral_std=0.000000 log_ratio=0.0000 accept=1.0000 swapped=True
i=1 pair=(1,2) lam_t=1.04500 lam_s=1.04950 tsr_diff=0.000048 integral_mean=0.000000 integral_std=0.000103 log_ratio=0.0000 accept=1.0000 swapped=True
i=1 pair=(2,1) lam_t=1.04500 lam_s=1.04950 tsr_diff=0.000048 integral_mean=-0.000002 integral_std=0.000098 log_ratio=-0.0039 accept=0.9961 swapped=True
i=2 pair=(0,1) lam_t=1.00000 lam_s=1.04500 tsr_diff=0.001897 integral_mean=-0.000527 integral_std=0.004299 log_ratio=-1.2636 accept=0.2826 swapped=False
i=2 pair=(2,3) lam_t=1.04950 lam_s=1.05000 tsr_diff=0.000021 integral_mean=-0.000002 integral_std=0.000045 log_ratio=-0.0048 accept=0.9952 swapped=True
i=2 pair=(0,1) lam_t=1.00000 lam_s=1.04500 tsr_diff=0.001897 integral_mean=-0.000213 integral_std=0.003938 log_ratio=-0.5101 accept=0.6004 swapped=False
i=2 pair=(3,2) lam_t=1.04950 lam_s=1.05000 tsr_diff=0.000021 integral_mean=0.000002 integral_std=0.000043 log_ratio=0.0000 accept=1.0000 swapped=True
i=3 pair=(1,2) lam_t=1.04500 lam_s=1.04950 tsr_diff=0.000416 integral_mean=0.000014 integral_std=0.000894 log_ratio=0.0000 accept=1.0000 swapped=True
i=3 pair=(2,1) lam_t=1.04500 lam_s=1.04950 tsr_diff=0.000416 integral_mean=0.000005 integral_std=0.000867 log_ratio=0.0000 accept=1.0000 swapped=True
i=4 pair=(0,1) lam_t=1.00000 lam_s=1.04500 tsr_diff=0.007228 integral_mean=0.000671 integral_std=0.016094 log_ratio=0.0000 accept=1.0000 swapped=True
i=4 pair=(2,3) lam_t=1.04950 lam_s=1.05000 tsr_diff=0.000080 integral_mean=-0.000043 integral_std=0.000231 log_ratio=-0.1037 accept=0.9015 swapped=False
i=4 pair=(1,0) lam_t=1.00000 lam_s=1.04500 tsr_diff=0.007228 integral_mean=-0.000246 integral_std=0.015561 log_ratio=-0.5909 accept=0.5538 swapped=True
i=4 pair=(2,3) lam_t=1.04950 lam_s=1.05000 tsr_diff=0.000080 integral_mean=-0.000014 integral_std=0.000175 log_ratio=-0.0331 accept=0.9674 swapped=True
i=5 pair=(1,3) lam_t=1.04500 lam_s=1.04950 tsr_diff=0.001076 integral_mean=-0.000320 integral_std=0.002662 log_ratio=-0.7668 accept=0.4645 swapped=True
i=5 pair=(3,1) lam_t=1.04500 lam_s=1.04950 tsr_diff=0.001076 integral_mean=0.000211 integral_std=0.002426 log_ratio=0.0000 accept=1.0000 swapped=True
i=6 pair=(0,1) lam_t=1.00000 lam_s=1.04500 tsr_diff=0.015004 integral_mean=0.002268 integral_std=0.033437 log_ratio=0.0000 accept=1.0000 swapped=True
i=6 pair=(3,2) lam_t=1.04950 lam_s=1.05000 tsr_diff=0.000164 integral_mean=0.000010 integral_std=0.000356 log_ratio=0.0000 accept=1.0000 swapped=True
i=6 pair=(1,0) lam_t=1.00000 lam_s=1.04500 tsr_diff=0.015004 integral_mean=-0.002070 integral_std=0.033028 log_ratio=-4.9686 accept=0.0070 swapped=False
i=6 pair=(2,3) lam_t=1.04950 lam_s=1.05000 tsr_diff=0.000164 integral_mean=0.000002 integral_std=0.000360 log_ratio=0.0000 accept=1.0000 swapped=True
i=7 pair=(0,3) lam_t=1.04500 lam_s=1.04950 tsr_diff=0.001897 integral_mean=0.000008 integral_std=0.004335 log_ratio=0.0000 accept=1.0000 swapped=True
i=7 pair=(3,0) lam_t=1.04500 lam_s=1.04950 tsr_diff=0.001897 integral_mean=0.000121 integral_std=0.004354 log_ratio=0.0000 accept=1.0000 swapped=True
i=8 pair=(1,0) lam_t=1.00000 lam_s=1.04500 tsr_diff=0.023831 integral_mean=-0.001369 integral_std=0.058264 log_ratio=-3.2866 accept=0.0374 swapped=False
i=8 pair=(3,2) lam_t=1.04950 lam_s=1.05000 tsr_diff=0.000257 integral_mean=0.000004 integral_std=0.000563 log_ratio=0.0000 accept=1.0000 swapped=True
i=8 pair=(1,0) lam_t=1.00000 lam_s=1.04500 tsr_diff=0.023831 integral_mean=-0.001420 integral_std=0.053884 log_ratio=-3.4073 accept=0.0331 swapped=False
i=8 pair=(2,3) lam_t=1.04950 lam_s=1.05000 tsr_diff=0.000257 integral_mean=-0.000011 integral_std=0.000581 log_ratio=-0.0253 accept=0.9750 swapped=True
i=9 pair=(0,3) lam_t=1.04500 lam_s=1.04950 tsr_diff=0.002729 integral_mean=-0.000104 integral_std=0.006852 log_ratio=-0.2491 accept=0.7795 swapped=True
i=9 pair=(3,0) lam_t=1.04500 lam_s=1.04950 tsr_diff=0.002729 integral_mean=-0.000189 integral_std=0.006623 log_ratio=-0.4536 accept=0.6354 swapped=False
i=10 pair=(1,3) lam_t=1.00000 lam_s=1.04500 tsr_diff=0.032198 integral_mean=-0.004306 integral_std=0.087782 log_ratio=-10.3332 accept=0.0000 swapped=False
i=10 pair=(0,2) lam_t=1.04950 lam_s=1.05000 tsr_diff=0.000344 integral_mean=0.000107 integral_std=0.000933 log_ratio=0.0000 accept=1.0000 swapped=True
i=10 pair=(1,3) lam_t=1.00000 lam_s=1.04500 tsr_diff=0.032198 integral_mean=-0.006405 integral_std=0.088948 log_ratio=-15.3731 accept=0.0000 swapped=False
i=10 pair=(2,0) lam_t=1.04950 lam_s=1.05000 tsr_diff=0.000344 integral_mean=-0.000055 integral_std=0.000881 log_ratio=-0.1330 accept=0.8754 swapped=True
i=11 pair=(3,0) lam_t=1.04500 lam_s=1.04950 tsr_diff=0.003437 integral_mean=-0.000374 integral_std=0.011275 log_ratio=-0.8973 accept=0.4077 swapped=False
i=11 pair=(3,0) lam_t=1.04500 lam_s=1.04950 tsr_diff=0.003437 integral_mean=-0.000123 integral_std=0.009796 log_ratio=-0.2960 accept=0.7438 swapped=True
i=12 pair=(1,0) lam_t=1.00000 lam_s=1.04500 tsr_diff=0.038747 integral_mean=-0.014902 integral_std=0.160217 log_ratio=-35.7649 accept=0.0000 swapped=False
i=12 pair=(3,2) lam_t=1.04950 lam_s=1.05000 tsr_diff=0.000410 integral_mean=0.000046 integral_std=0.001185 log_ratio=0.0000 accept=1.0000 swapped=True
i=12 pair=(1,0) lam_t=1.00000 lam_s=1.04500 tsr_diff=0.038747 integral_mean=-0.006587 integral_std=0.142384 log_ratio=-15.8088 accept=0.0000 swapped=False
i=12 pair=(2,3) lam_t=1.04950 lam_s=1.05000 tsr_diff=0.000410 integral_mean=-0.000086 integral_std=0.001184 log_ratio=-0.2067 accept=0.8133 swapped=True
i=13 pair=(0,3) lam_t=1.04500 lam_s=1.04950 tsr_diff=0.003916 integral_mean=0.001213 integral_std=0.015264 log_ratio=0.0000 accept=1.0000 swapped=True
i=13 pair=(3,0) lam_t=1.04500 lam_s=1.04950 tsr_diff=0.003916 integral_mean=-0.000275 integral_std=0.016666 log_ratio=-0.6607 accept=0.5165 swapped=True
i=14 pair=(1,0) lam_t=1.00000 lam_s=1.04500 tsr_diff=0.042457 integral_mean=-0.043722 integral_std=0.520141 log_ratio=-104.9337 accept=0.0000 swapped=False
i=14 pair=(3,2) lam_t=1.04950 lam_s=1.05000 tsr_diff=0.000448 integral_mean=-0.000061 integral_std=0.002364 log_ratio=-0.1462 accept=0.8640 swapped=False
i=14 pair=(1,0) lam_t=1.00000 lam_s=1.04500 tsr_diff=0.042457 integral_mean=-0.011851 integral_std=0.377660 log_ratio=-28.4432 accept=0.0000 swapped=False
i=14 pair=(3,2) lam_t=1.04950 lam_s=1.05000 tsr_diff=0.000448 integral_mean=0.000034 integral_std=0.003436 log_ratio=0.0000 accept=1.0000 swapped=True
Best Sample: 2 log probability -0.379
Saved 1 samples to: logs/pointmaze-giant-navigate-v0/inference/plans/release_H400_T256_LimitsNormalizer_b1_condFalse/2026-07-17 16:45:09/19/0.png
Saved 1 samples to: logs/pointmaze-giant-navigate-v0/inference/plans/release_H400_T256_LimitsNormalizer_b1_condFalse/2026-07-17 16:45:09/19/rollout.png
i=0 pair=(0,1) lam_t=1.00000 lam_s=1.04500 tsr_diff=0.000000 integral_mean=0.000000 integral_std=0.000000 log_ratio=0.0000 accept=1.0000 swapped=True
i=0 pair=(2,3) lam_t=1.04950 lam_s=1.05000 tsr_diff=0.000000 integral_mean=0.000000 integral_std=0.000000 log_ratio=0.0000 accept=1.0000 swapped=True
i=0 pair=(1,0) lam_t=1.00000 lam_s=1.04500 tsr_diff=0.000000 integral_mean=0.000000 integral_std=0.000000 log_ratio=0.0000 accept=1.0000 swapped=True
i=0 pair=(3,2) lam_t=1.04950 lam_s=1.05000 tsr_diff=0.000000 integral_mean=0.000000 integral_std=0.000000 log_ratio=0.0000 accept=1.0000 swapped=True
i=1 pair=(1,2) lam_t=1.04500 lam_s=1.04950 tsr_diff=0.000048 integral_mean=0.000005 integral_std=0.000095 log_ratio=0.0000 accept=1.0000 swapped=True
i=1 pair=(2,1) lam_t=1.04500 lam_s=1.04950 tsr_diff=0.000048 integral_mean=-0.000002 integral_std=0.000097 log_ratio=-0.0045 accept=0.9955 swapped=True
i=2 pair=(0,1) lam_t=1.00000 lam_s=1.04500 tsr_diff=0.001897 integral_mean=-0.000150 integral_std=0.003809 log_ratio=-0.3611 accept=0.6969 swapped=True
i=2 pair=(2,3) lam_t=1.04950 lam_s=1.05000 tsr_diff=0.000021 integral_mean=-0.000001 integral_std=0.000046 log_ratio=-0.0023 accept=0.9977 swapped=True
i=2 pair=(1,0) lam_t=1.00000 lam_s=1.04500 tsr_diff=0.001897 integral_mean=0.000208 integral_std=0.003969 log_ratio=0.0000 accept=1.0000 swapped=True
i=2 pair=(3,2) lam_t=1.04950 lam_s=1.05000 tsr_diff=0.000021 integral_mean=0.000000 integral_std=0.000042 log_ratio=0.0000 accept=1.0000 swapped=True
i=3 pair=(1,2) lam_t=1.04500 lam_s=1.04950 tsr_diff=0.000416 integral_mean=0.000006 integral_std=0.000882 log_ratio=0.0000 accept=1.0000 swapped=True
i=3 pair=(2,1) lam_t=1.04500 lam_s=1.04950 tsr_diff=0.000416 integral_mean=0.000007 integral_std=0.000859 log_ratio=0.0000 accept=1.0000 swapped=True
i=4 pair=(0,1) lam_t=1.00000 lam_s=1.04500 tsr_diff=0.007228 integral_mean=0.000763 integral_std=0.016284 log_ratio=0.0000 accept=1.0000 swapped=True
i=4 pair=(2,3) lam_t=1.04950 lam_s=1.05000 tsr_diff=0.000080 integral_mean=0.000012 integral_std=0.000186 log_ratio=0.0000 accept=1.0000 swapped=True
i=4 pair=(1,0) lam_t=1.00000 lam_s=1.04500 tsr_diff=0.007228 integral_mean=-0.000561 integral_std=0.015869 log_ratio=-1.3475 accept=0.2599 swapped=False
i=4 pair=(3,2) lam_t=1.04950 lam_s=1.05000 tsr_diff=0.000080 integral_mean=-0.000001 integral_std=0.000169 log_ratio=-0.0027 accept=0.9973 swapped=True
i=5 pair=(0,2) lam_t=1.04500 lam_s=1.04950 tsr_diff=0.001076 integral_mean=0.000135 integral_std=0.002487 log_ratio=0.0000 accept=1.0000 swapped=True
i=5 pair=(2,0) lam_t=1.04500 lam_s=1.04950 tsr_diff=0.001076 integral_mean=-0.000093 integral_std=0.002506 log_ratio=-0.2224 accept=0.8006 swapped=True
i=6 pair=(1,0) lam_t=1.00000 lam_s=1.04500 tsr_diff=0.015004 integral_mean=-0.000689 integral_std=0.031610 log_ratio=-1.6530 accept=0.1915 swapped=False
i=6 pair=(2,3) lam_t=1.04950 lam_s=1.05000 tsr_diff=0.000164 integral_mean=0.000023 integral_std=0.000377 log_ratio=0.0000 accept=1.0000 swapped=True
i=6 pair=(1,0) lam_t=1.00000 lam_s=1.04500 tsr_diff=0.015004 integral_mean=-0.000575 integral_std=0.031592 log_ratio=-1.3805 accept=0.2514 swapped=False
i=6 pair=(3,2) lam_t=1.04950 lam_s=1.05000 tsr_diff=0.000164 integral_mean=-0.000021 integral_std=0.000379 log_ratio=-0.0512 accept=0.9501 swapped=True
i=7 pair=(0,2) lam_t=1.04500 lam_s=1.04950 tsr_diff=0.001897 integral_mean=-0.000171 integral_std=0.004672 log_ratio=-0.4107 accept=0.6632 swapped=True
i=7 pair=(2,0) lam_t=1.04500 lam_s=1.04950 tsr_diff=0.001897 integral_mean=0.000140 integral_std=0.004412 log_ratio=0.0000 accept=1.0000 swapped=True
i=8 pair=(1,0) lam_t=1.00000 lam_s=1.04500 tsr_diff=0.023831 integral_mean=0.000074 integral_std=0.056112 log_ratio=0.0000 accept=1.0000 swapped=True
i=8 pair=(2,3) lam_t=1.04950 lam_s=1.05000 tsr_diff=0.000257 integral_mean=0.000025 integral_std=0.000640 log_ratio=0.0000 accept=1.0000 swapped=True
i=8 pair=(0,1) lam_t=1.00000 lam_s=1.04500 tsr_diff=0.023831 integral_mean=-0.000106 integral_std=0.053810 log_ratio=-0.2549 accept=0.7750 swapped=True
i=8 pair=(3,2) lam_t=1.04950 lam_s=1.05000 tsr_diff=0.000257 integral_mean=-0.000070 integral_std=0.000687 log_ratio=-0.1680 accept=0.8453 swapped=True
i=9 pair=(0,2) lam_t=1.04500 lam_s=1.04950 tsr_diff=0.002729 integral_mean=-0.000703 integral_std=0.007916 log_ratio=-1.6861 accept=0.1852 swapped=True
i=9 pair=(2,0) lam_t=1.04500 lam_s=1.04950 tsr_diff=0.002729 integral_mean=0.000386 integral_std=0.007940 log_ratio=0.0000 accept=1.0000 swapped=True
i=10 pair=(1,0) lam_t=1.00000 lam_s=1.04500 tsr_diff=0.032198 integral_mean=-0.001448 integral_std=0.082005 log_ratio=-3.4758 accept=0.0309 swapped=False
i=10 pair=(2,3) lam_t=1.04950 lam_s=1.05000 tsr_diff=0.000344 integral_mean=-0.000014 integral_std=0.001044 log_ratio=-0.0337 accept=0.9669 swapped=True
i=10 pair=(1,0) lam_t=1.00000 lam_s=1.04500 tsr_diff=0.032198 integral_mean=-0.001127 integral_std=0.077639 log_ratio=-2.7040 accept=0.0669 swapped=False
i=10 pair=(3,2) lam_t=1.04950 lam_s=1.05000 tsr_diff=0.000344 integral_mean=-0.000002 integral_std=0.000986 log_ratio=-0.0054 accept=0.9946 swapped=True
i=11 pair=(0,2) lam_t=1.04500 lam_s=1.04950 tsr_diff=0.003437 integral_mean=0.000101 integral_std=0.013097 log_ratio=0.0000 accept=1.0000 swapped=True
i=11 pair=(2,0) lam_t=1.04500 lam_s=1.04950 tsr_diff=0.003437 integral_mean=0.000155 integral_std=0.013039 log_ratio=0.0000 accept=1.0000 swapped=True
i=12 pair=(1,0) lam_t=1.00000 lam_s=1.04500 tsr_diff=0.038747 integral_mean=-0.010951 integral_std=0.185911 log_ratio=-26.2812 accept=0.0000 swapped=False
i=12 pair=(2,3) lam_t=1.04950 lam_s=1.05000 tsr_diff=0.000410 integral_mean=-0.000029 integral_std=0.001728 log_ratio=-0.0692 accept=0.9332 swapped=True
i=12 pair=(1,0) lam_t=1.00000 lam_s=1.04500 tsr_diff=0.038747 integral_mean=-0.020749 integral_std=0.257355 log_ratio=-49.7987 accept=0.0000 swapped=False
i=12 pair=(3,2) lam_t=1.04950 lam_s=1.05000 tsr_diff=0.000410 integral_mean=-0.000031 integral_std=0.001484 log_ratio=-0.0753 accept=0.9274 swapped=True
i=13 pair=(0,2) lam_t=1.04500 lam_s=1.04950 tsr_diff=0.003916 integral_mean=0.003217 integral_std=0.040384 log_ratio=0.0000 accept=1.0000 swapped=True
i=13 pair=(2,0) lam_t=1.04500 lam_s=1.04950 tsr_diff=0.003916 integral_mean=0.000631 integral_std=0.031390 log_ratio=0.0000 accept=1.0000 swapped=True
i=14 pair=(1,0) lam_t=1.00000 lam_s=1.04500 tsr_diff=0.042457 integral_mean=-0.108790 integral_std=0.758709 log_ratio=-261.0950 accept=0.0000 swapped=False
i=14 pair=(2,3) lam_t=1.04950 lam_s=1.05000 tsr_diff=0.000448 integral_mean=0.000410 integral_std=0.004504 log_ratio=0.0000 accept=1.0000 swapped=True
i=14 pair=(1,0) lam_t=1.00000 lam_s=1.04500 tsr_diff=0.042457 integral_mean=-0.065003 integral_std=0.720792 log_ratio=-156.0082 accept=0.0000 swapped=False
i=14 pair=(3,2) lam_t=1.04950 lam_s=1.05000 tsr_diff=0.000448 integral_mean=-0.000348 integral_std=0.004632 log_ratio=-0.8352 accept=0.4338 swapped=False
Best Sample: 1 log probability -10.850
Saved 1 samples to: logs/pointmaze-giant-navigate-v0/inference/plans/release_H400_T256_LimitsNormalizer_b1_condFalse/2026-07-17 16:45:09/20/0.png
Saved 1 samples to: logs/pointmaze-giant-navigate-v0/inference/plans/release_H400_T256_LimitsNormalizer_b1_condFalse/2026-07-17 16:45:09/20/rollout.png
i=0 pair=(0,1) lam_t=1.00000 lam_s=1.04500 tsr_diff=0.000000 integral_mean=0.000000 integral_std=0.000000 log_ratio=0.0000 accept=1.0000 swapped=True
i=0 pair=(2,3) lam_t=1.04950 lam_s=1.05000 tsr_diff=0.000000 integral_mean=0.000000 integral_std=0.000000 log_ratio=0.0000 accept=1.0000 swapped=True
i=0 pair=(1,0) lam_t=1.00000 lam_s=1.04500 tsr_diff=0.000000 integral_mean=0.000000 integral_std=0.000000 log_ratio=0.0000 accept=1.0000 swapped=True
i=0 pair=(3,2) lam_t=1.04950 lam_s=1.05000 tsr_diff=0.000000 integral_mean=0.000000 integral_std=0.000000 log_ratio=0.0000 accept=1.0000 swapped=True
i=1 pair=(1,2) lam_t=1.04500 lam_s=1.04950 tsr_diff=0.000048 integral_mean=-0.000000 integral_std=0.000101 log_ratio=-0.0005 accept=0.9995 swapped=True
i=1 pair=(2,1) lam_t=1.04500 lam_s=1.04950 tsr_diff=0.000048 integral_mean=-0.000002 integral_std=0.000096 log_ratio=-0.0056 accept=0.9945 swapped=True
i=2 pair=(0,1) lam_t=1.00000 lam_s=1.04500 tsr_diff=0.001897 integral_mean=0.000181 integral_std=0.004111 log_ratio=0.0000 accept=1.0000 swapped=True
i=2 pair=(2,3) lam_t=1.04950 lam_s=1.05000 tsr_diff=0.000021 integral_mean=-0.000001 integral_std=0.000042 log_ratio=-0.0025 accept=0.9975 swapped=True
i=2 pair=(1,0) lam_t=1.00000 lam_s=1.04500 tsr_diff=0.001897 integral_mean=0.000082 integral_std=0.003779 log_ratio=0.0000 accept=1.0000 swapped=True
i=2 pair=(3,2) lam_t=1.04950 lam_s=1.05000 tsr_diff=0.000021 integral_mean=0.000000 integral_std=0.000043 log_ratio=0.0000 accept=1.0000 swapped=True
i=3 pair=(1,2) lam_t=1.04500 lam_s=1.04950 tsr_diff=0.000416 integral_mean=-0.000003 integral_std=0.000847 log_ratio=-0.0076 accept=0.9924 swapped=True
i=3 pair=(2,1) lam_t=1.04500 lam_s=1.04950 tsr_diff=0.000416 integral_mean=0.000001 integral_std=0.000855 log_ratio=0.0000 accept=1.0000 swapped=True
i=4 pair=(0,1) lam_t=1.00000 lam_s=1.04500 tsr_diff=0.007228 integral_mean=0.000564 integral_std=0.016165 log_ratio=0.0000 accept=1.0000 swapped=True
i=4 pair=(2,3) lam_t=1.04950 lam_s=1.05000 tsr_diff=0.000080 integral_mean=0.000015 integral_std=0.000196 log_ratio=0.0000 accept=1.0000 swapped=True
i=4 pair=(1,0) lam_t=1.00000 lam_s=1.04500 tsr_diff=0.007228 integral_mean=-0.000189 integral_std=0.015319 log_ratio=-0.4525 accept=0.6361 swapped=False
i=4 pair=(3,2) lam_t=1.04950 lam_s=1.05000 tsr_diff=0.000080 integral_mean=-0.000002 integral_std=0.000170 log_ratio=-0.0037 accept=0.9963 swapped=True
i=5 pair=(0,2) lam_t=1.04500 lam_s=1.04950 tsr_diff=0.001076 integral_mean=-0.000067 integral_std=0.002328 log_ratio=-0.1620 accept=0.8505 swapped=True
i=5 pair=(2,0) lam_t=1.04500 lam_s=1.04950 tsr_diff=0.001076 integral_mean=0.000066 integral_std=0.002296 log_ratio=0.0000 accept=1.0000 swapped=True
i=6 pair=(1,0) lam_t=1.00000 lam_s=1.04500 tsr_diff=0.015004 integral_mean=-0.000211 integral_std=0.030938 log_ratio=-0.5055 accept=0.6032 swapped=True
i=6 pair=(2,3) lam_t=1.04950 lam_s=1.05000 tsr_diff=0.000164 integral_mean=0.000007 integral_std=0.000331 log_ratio=0.0000 accept=1.0000 swapped=True
i=6 pair=(0,1) lam_t=1.00000 lam_s=1.04500 tsr_diff=0.015004 integral_mean=0.000572 integral_std=0.030997 log_ratio=0.0000 accept=1.0000 swapped=True
i=6 pair=(3,2) lam_t=1.04950 lam_s=1.05000 tsr_diff=0.000164 integral_mean=-0.000004 integral_std=0.000329 log_ratio=-0.0087 accept=0.9913 swapped=True
i=7 pair=(0,2) lam_t=1.04500 lam_s=1.04950 tsr_diff=0.001897 integral_mean=-0.000075 integral_std=0.004021 log_ratio=-0.1790 accept=0.8361 swapped=True
i=7 pair=(2,0) lam_t=1.04500 lam_s=1.04950 tsr_diff=0.001897 integral_mean=0.000026 integral_std=0.004031 log_ratio=0.0000 accept=1.0000 swapped=True
i=8 pair=(1,0) lam_t=1.00000 lam_s=1.04500 tsr_diff=0.023831 integral_mean=-0.002000 integral_std=0.049592 log_ratio=-4.7989 accept=0.0082 swapped=False
i=8 pair=(2,3) lam_t=1.04950 lam_s=1.05000 tsr_diff=0.000257 integral_mean=0.000023 integral_std=0.000569 log_ratio=0.0000 accept=1.0000 swapped=True
i=8 pair=(1,0) lam_t=1.00000 lam_s=1.04500 tsr_diff=0.023831 integral_mean=-0.001526 integral_std=0.052068 log_ratio=-3.6627 accept=0.0257 swapped=False
i=8 pair=(3,2) lam_t=1.04950 lam_s=1.05000 tsr_diff=0.000257 integral_mean=-0.000016 integral_std=0.000587 log_ratio=-0.0372 accept=0.9635 swapped=True
i=9 pair=(0,2) lam_t=1.04500 lam_s=1.04950 tsr_diff=0.002729 integral_mean=-0.000102 integral_std=0.007071 log_ratio=-0.2455 accept=0.7823 swapped=False
i=9 pair=(0,2) lam_t=1.04500 lam_s=1.04950 tsr_diff=0.002729 integral_mean=-0.000183 integral_std=0.006925 log_ratio=-0.4390 accept=0.6447 swapped=True
i=10 pair=(1,2) lam_t=1.00000 lam_s=1.04500 tsr_diff=0.032198 integral_mean=-0.011092 integral_std=0.091222 log_ratio=-26.6211 accept=0.0000 swapped=False
i=10 pair=(0,3) lam_t=1.04950 lam_s=1.05000 tsr_diff=0.000344 integral_mean=0.000020 integral_std=0.000859 log_ratio=0.0000 accept=1.0000 swapped=True
i=10 pair=(1,2) lam_t=1.00000 lam_s=1.04500 tsr_diff=0.032198 integral_mean=-0.006178 integral_std=0.084296 log_ratio=-14.8273 accept=0.0000 swapped=False
i=10 pair=(3,0) lam_t=1.04950 lam_s=1.05000 tsr_diff=0.000344 integral_mean=-0.000020 integral_std=0.000860 log_ratio=-0.0469 accept=0.9541 swapped=True
i=11 pair=(2,0) lam_t=1.04500 lam_s=1.04950 tsr_diff=0.003437 integral_mean=0.001160 integral_std=0.017421 log_ratio=0.0000 accept=1.0000 swapped=True
i=11 pair=(0,2) lam_t=1.04500 lam_s=1.04950 tsr_diff=0.003437 integral_mean=-0.000335 integral_std=0.012340 log_ratio=-0.8028 accept=0.4481 swapped=False
i=12 pair=(1,0) lam_t=1.00000 lam_s=1.04500 tsr_diff=0.038747 integral_mean=-0.008704 integral_std=0.122492 log_ratio=-20.8891 accept=0.0000 swapped=False
i=12 pair=(2,3) lam_t=1.04950 lam_s=1.05000 tsr_diff=0.000410 integral_mean=0.000197 integral_std=0.001851 log_ratio=0.0000 accept=1.0000 swapped=True
i=12 pair=(1,0) lam_t=1.00000 lam_s=1.04500 tsr_diff=0.038747 integral_mean=-0.006075 integral_std=0.116736 log_ratio=-14.5805 accept=0.0000 swapped=False
i=12 pair=(3,2) lam_t=1.04950 lam_s=1.05000 tsr_diff=0.000410 integral_mean=-0.000173 integral_std=0.001589 log_ratio=-0.4162 accept=0.6595 swapped=False
i=13 pair=(0,3) lam_t=1.04500 lam_s=1.04950 tsr_diff=0.003916 integral_mean=0.001023 integral_std=0.017753 log_ratio=0.0000 accept=1.0000 swapped=True
i=13 pair=(3,0) lam_t=1.04500 lam_s=1.04950 tsr_diff=0.003916 integral_mean=-0.000391 integral_std=0.014720 log_ratio=-0.9381 accept=0.3914 swapped=True
i=14 pair=(1,0) lam_t=1.00000 lam_s=1.04500 tsr_diff=0.042457 integral_mean=-0.027229 integral_std=0.301311 log_ratio=-65.3488 accept=0.0000 swapped=False
i=14 pair=(3,2) lam_t=1.04950 lam_s=1.05000 tsr_diff=0.000448 integral_mean=-0.000444 integral_std=0.005652 log_ratio=-1.0646 accept=0.3449 swapped=True
i=14 pair=(1,0) lam_t=1.00000 lam_s=1.04500 tsr_diff=0.042457 integral_mean=-0.007022 integral_std=0.224703 log_ratio=-16.8524 accept=0.0000 swapped=False
i=14 pair=(2,3) lam_t=1.04950 lam_s=1.05000 tsr_diff=0.000448 integral_mean=0.003427 integral_std=0.023504 log_ratio=0.0000 accept=1.0000 swapped=True
Best Sample: 1 log probability -0.864
Saved 1 samples to: logs/pointmaze-giant-navigate-v0/inference/plans/release_H400_T256_LimitsNormalizer_b1_condFalse/2026-07-17 16:45:09/21/0.png
Saved 1 samples to: logs/pointmaze-giant-navigate-v0/inference/plans/release_H400_T256_LimitsNormalizer_b1_condFalse/2026-07-17 16:45:09/21/rollout.png
i=0 pair=(0,1) lam_t=1.00000 lam_s=1.04500 tsr_diff=0.000000 integral_mean=0.000000 integral_std=0.000000 log_ratio=0.0000 accept=1.0000 swapped=True
i=0 pair=(2,3) lam_t=1.04950 lam_s=1.05000 tsr_diff=0.000000 integral_mean=0.000000 integral_std=0.000000 log_ratio=0.0000 accept=1.0000 swapped=True
i=0 pair=(1,0) lam_t=1.00000 lam_s=1.04500 tsr_diff=0.000000 integral_mean=0.000000 integral_std=0.000000 log_ratio=0.0000 accept=1.0000 swapped=True
i=0 pair=(3,2) lam_t=1.04950 lam_s=1.05000 tsr_diff=0.000000 integral_mean=0.000000 integral_std=0.000000 log_ratio=0.0000 accept=1.0000 swapped=True
i=1 pair=(1,2) lam_t=1.04500 lam_s=1.04950 tsr_diff=0.000048 integral_mean=0.000000 integral_std=0.000094 log_ratio=0.0000 accept=1.0000 swapped=True
i=1 pair=(2,1) lam_t=1.04500 lam_s=1.04950 tsr_diff=0.000048 integral_mean=0.000002 integral_std=0.000102 log_ratio=0.0000 accept=1.0000 swapped=True
i=2 pair=(0,1) lam_t=1.00000 lam_s=1.04500 tsr_diff=0.001897 integral_mean=0.000325 integral_std=0.004450 log_ratio=0.0000 accept=1.0000 swapped=True
i=2 pair=(2,3) lam_t=1.04950 lam_s=1.05000 tsr_diff=0.000021 integral_mean=0.000001 integral_std=0.000044 log_ratio=0.0000 accept=1.0000 swapped=True
i=2 pair=(1,0) lam_t=1.00000 lam_s=1.04500 tsr_diff=0.001897 integral_mean=0.000099 integral_std=0.003966 log_ratio=0.0000 accept=1.0000 swapped=True
i=2 pair=(3,2) lam_t=1.04950 lam_s=1.05000 tsr_diff=0.000021 integral_mean=-0.000001 integral_std=0.000043 log_ratio=-0.0023 accept=0.9977 swapped=True
i=3 pair=(1,2) lam_t=1.04500 lam_s=1.04950 tsr_diff=0.000416 integral_mean=0.000016 integral_std=0.000889 log_ratio=0.0000 accept=1.0000 swapped=True
i=3 pair=(2,1) lam_t=1.04500 lam_s=1.04950 tsr_diff=0.000416 integral_mean=0.000016 integral_std=0.000854 log_ratio=0.0000 accept=1.0000 swapped=True
i=4 pair=(0,1) lam_t=1.00000 lam_s=1.04500 tsr_diff=0.007228 integral_mean=0.000026 integral_std=0.014485 log_ratio=0.0000 accept=1.0000 swapped=True
i=4 pair=(2,3) lam_t=1.04950 lam_s=1.05000 tsr_diff=0.000080 integral_mean=-0.000003 integral_std=0.000170 log_ratio=-0.0074 accept=0.9927 swapped=True
i=4 pair=(1,0) lam_t=1.00000 lam_s=1.04500 tsr_diff=0.007228 integral_mean=0.000573 integral_std=0.014911 log_ratio=0.0000 accept=1.0000 swapped=True
i=4 pair=(3,2) lam_t=1.04950 lam_s=1.05000 tsr_diff=0.000080 integral_mean=0.000000 integral_std=0.000166 log_ratio=0.0000 accept=1.0000 swapped=True
i=5 pair=(1,2) lam_t=1.04500 lam_s=1.04950 tsr_diff=0.001076 integral_mean=0.000076 integral_std=0.002162 log_ratio=0.0000 accept=1.0000 swapped=True
i=5 pair=(2,1) lam_t=1.04500 lam_s=1.04950 tsr_diff=0.001076 integral_mean=-0.000048 integral_std=0.002178 log_ratio=-0.1155 accept=0.8909 swapped=False
i=6 pair=(0,2) lam_t=1.00000 lam_s=1.04500 tsr_diff=0.015004 integral_mean=0.000371 integral_std=0.032392 log_ratio=0.0000 accept=1.0000 swapped=True
i=6 pair=(1,3) lam_t=1.04950 lam_s=1.05000 tsr_diff=0.000164 integral_mean=0.000000 integral_std=0.000335 log_ratio=0.0000 accept=1.0000 swapped=True
i=6 pair=(2,0) lam_t=1.00000 lam_s=1.04500 tsr_diff=0.015004 integral_mean=0.000528 integral_std=0.033181 log_ratio=0.0000 accept=1.0000 swapped=True
i=6 pair=(3,1) lam_t=1.04950 lam_s=1.05000 tsr_diff=0.000164 integral_mean=-0.000010 integral_std=0.000348 log_ratio=-0.0233 accept=0.9770 swapped=True
i=7 pair=(2,1) lam_t=1.04500 lam_s=1.04950 tsr_diff=0.001897 integral_mean=-0.000231 integral_std=0.004211 log_ratio=-0.5546 accept=0.5743 swapped=True
i=7 pair=(1,2) lam_t=1.04500 lam_s=1.04950 tsr_diff=0.001897 integral_mean=0.000054 integral_std=0.004134 log_ratio=0.0000 accept=1.0000 swapped=True
i=8 pair=(0,2) lam_t=1.00000 lam_s=1.04500 tsr_diff=0.023831 integral_mean=-0.001678 integral_std=0.054623 log_ratio=-4.0282 accept=0.0178 swapped=False
i=8 pair=(1,3) lam_t=1.04950 lam_s=1.05000 tsr_diff=0.000257 integral_mean=-0.000000 integral_std=0.000593 log_ratio=-0.0003 accept=0.9997 swapped=True
i=8 pair=(0,2) lam_t=1.00000 lam_s=1.04500 tsr_diff=0.023831 integral_mean=-0.000994 integral_std=0.049611 log_ratio=-2.3846 accept=0.0921 swapped=False
i=8 pair=(3,1) lam_t=1.04950 lam_s=1.05000 tsr_diff=0.000257 integral_mean=-0.000003 integral_std=0.000616 log_ratio=-0.0078 accept=0.9922 swapped=True
i=9 pair=(2,1) lam_t=1.04500 lam_s=1.04950 tsr_diff=0.002729 integral_mean=-0.000190 integral_std=0.006137 log_ratio=-0.4548 accept=0.6346 swapped=True
i=9 pair=(1,2) lam_t=1.04500 lam_s=1.04950 tsr_diff=0.002729 integral_mean=0.000185 integral_std=0.006232 log_ratio=0.0000 accept=1.0000 swapped=True
i=10 pair=(0,2) lam_t=1.00000 lam_s=1.04500 tsr_diff=0.032198 integral_mean=0.000282 integral_std=0.070019 log_ratio=0.0000 accept=1.0000 swapped=True
i=10 pair=(1,3) lam_t=1.04950 lam_s=1.05000 tsr_diff=0.000344 integral_mean=0.000019 integral_std=0.000999 log_ratio=0.0000 accept=1.0000 swapped=True
i=10 pair=(2,0) lam_t=1.00000 lam_s=1.04500 tsr_diff=0.032198 integral_mean=0.002529 integral_std=0.068885 log_ratio=0.0000 accept=1.0000 swapped=True
i=10 pair=(3,1) lam_t=1.04950 lam_s=1.05000 tsr_diff=0.000344 integral_mean=-0.000009 integral_std=0.000944 log_ratio=-0.0211 accept=0.9791 swapped=True
i=11 pair=(2,1) lam_t=1.04500 lam_s=1.04950 tsr_diff=0.003437 integral_mean=-0.000647 integral_std=0.010782 log_ratio=-1.5523 accept=0.2118 swapped=False
i=11 pair=(2,1) lam_t=1.04500 lam_s=1.04950 tsr_diff=0.003437 integral_mean=-0.000807 integral_std=0.010469 log_ratio=-1.9373 accept=0.1441 swapped=False
i=12 pair=(0,2) lam_t=1.00000 lam_s=1.04500 tsr_diff=0.038747 integral_mean=-0.002147 integral_std=0.100573 log_ratio=-5.1518 accept=0.0058 swapped=False
i=12 pair=(1,3) lam_t=1.04950 lam_s=1.05000 tsr_diff=0.000410 integral_mean=0.000105 integral_std=0.001801 log_ratio=0.0000 accept=1.0000 swapped=True
i=12 pair=(0,2) lam_t=1.00000 lam_s=1.04500 tsr_diff=0.038747 integral_mean=-0.001045 integral_std=0.101659 log_ratio=-2.5085 accept=0.0814 swapped=True
i=12 pair=(3,1) lam_t=1.04950 lam_s=1.05000 tsr_diff=0.000410 integral_mean=-0.000109 integral_std=0.001972 log_ratio=-0.2618 accept=0.7697 swapped=True
i=13 pair=(0,1) lam_t=1.04500 lam_s=1.04950 tsr_diff=0.003916 integral_mean=-0.003811 integral_std=0.032522 log_ratio=-9.1473 accept=0.0001 swapped=False
i=13 pair=(0,1) lam_t=1.04500 lam_s=1.04950 tsr_diff=0.003916 integral_mean=-0.002649 integral_std=0.025100 log_ratio=-6.3570 accept=0.0017 swapped=False
i=14 pair=(2,0) lam_t=1.00000 lam_s=1.04500 tsr_diff=0.042457 integral_mean=-0.004255 integral_std=0.352160 log_ratio=-10.2119 accept=0.0000 swapped=False
i=14 pair=(1,3) lam_t=1.04950 lam_s=1.05000 tsr_diff=0.000448 integral_mean=0.000395 integral_std=0.013213 log_ratio=0.0000 accept=1.0000 swapped=True
i=14 pair=(2,0) lam_t=1.00000 lam_s=1.04500 tsr_diff=0.042457 integral_mean=-0.000035 integral_std=0.247277 log_ratio=-0.0834 accept=0.9200 swapped=True
i=14 pair=(3,1) lam_t=1.04950 lam_s=1.05000 tsr_diff=0.000448 integral_mean=-0.000437 integral_std=0.005805 log_ratio=-1.0490 accept=0.3503 swapped=False
Best Sample: 0 log probability -0.159
Saved 1 samples to: logs/pointmaze-giant-navigate-v0/inference/plans/release_H400_T256_LimitsNormalizer_b1_condFalse/2026-07-17 16:45:09/22/0.png
Saved 1 samples to: logs/pointmaze-giant-navigate-v0/inference/plans/release_H400_T256_LimitsNormalizer_b1_condFalse/2026-07-17 16:45:09/22/rollout.png
i=0 pair=(0,1) lam_t=1.00000 lam_s=1.04500 tsr_diff=0.000000 integral_mean=0.000000 integral_std=0.000000 log_ratio=0.0000 accept=1.0000 swapped=True
i=0 pair=(2,3) lam_t=1.04950 lam_s=1.05000 tsr_diff=0.000000 integral_mean=0.000000 integral_std=0.000000 log_ratio=0.0000 accept=1.0000 swapped=True
i=0 pair=(1,0) lam_t=1.00000 lam_s=1.04500 tsr_diff=0.000000 integral_mean=0.000000 integral_std=0.000000 log_ratio=0.0000 accept=1.0000 swapped=True
i=0 pair=(3,2) lam_t=1.04950 lam_s=1.05000 tsr_diff=0.000000 integral_mean=0.000000 integral_std=0.000000 log_ratio=0.0000 accept=1.0000 swapped=True
i=1 pair=(1,2) lam_t=1.04500 lam_s=1.04950 tsr_diff=0.000048 integral_mean=-0.000002 integral_std=0.000092 log_ratio=-0.0044 accept=0.9956 swapped=True
i=1 pair=(2,1) lam_t=1.04500 lam_s=1.04950 tsr_diff=0.000048 integral_mean=0.000002 integral_std=0.000093 log_ratio=0.0000 accept=1.0000 swapped=True
i=2 pair=(0,1) lam_t=1.00000 lam_s=1.04500 tsr_diff=0.001897 integral_mean=0.000207 integral_std=0.004287 log_ratio=0.0000 accept=1.0000 swapped=True
i=2 pair=(2,3) lam_t=1.04950 lam_s=1.05000 tsr_diff=0.000021 integral_mean=-0.000001 integral_std=0.000041 log_ratio=-0.0022 accept=0.9978 swapped=True
i=2 pair=(1,0) lam_t=1.00000 lam_s=1.04500 tsr_diff=0.001897 integral_mean=-0.000100 integral_std=0.003907 log_ratio=-0.2393 accept=0.7871 swapped=True
i=2 pair=(3,2) lam_t=1.04950 lam_s=1.05000 tsr_diff=0.000021 integral_mean=0.000001 integral_std=0.000042 log_ratio=0.0000 accept=1.0000 swapped=True
i=3 pair=(1,2) lam_t=1.04500 lam_s=1.04950 tsr_diff=0.000416 integral_mean=-0.000018 integral_std=0.000868 log_ratio=-0.0423 accept=0.9586 swapped=True
i=3 pair=(2,1) lam_t=1.04500 lam_s=1.04950 tsr_diff=0.000416 integral_mean=-0.000006 integral_std=0.000843 log_ratio=-0.0140 accept=0.9861 swapped=True
i=4 pair=(0,1) lam_t=1.00000 lam_s=1.04500 tsr_diff=0.007228 integral_mean=0.000556 integral_std=0.015474 log_ratio=0.0000 accept=1.0000 swapped=True
i=4 pair=(2,3) lam_t=1.04950 lam_s=1.05000 tsr_diff=0.000080 integral_mean=0.000000 integral_std=0.000169 log_ratio=0.0000 accept=1.0000 swapped=True
i=4 pair=(1,0) lam_t=1.00000 lam_s=1.04500 tsr_diff=0.007228 integral_mean=-0.000559 integral_std=0.015030 log_ratio=-1.3406 accept=0.2617 swapped=False
i=4 pair=(3,2) lam_t=1.04950 lam_s=1.05000 tsr_diff=0.000080 integral_mean=0.000014 integral_std=0.000178 log_ratio=0.0000 accept=1.0000 swapped=True
i=5 pair=(0,2) lam_t=1.04500 lam_s=1.04950 tsr_diff=0.001076 integral_mean=0.000007 integral_std=0.002335 log_ratio=0.0000 accept=1.0000 swapped=True
i=5 pair=(2,0) lam_t=1.04500 lam_s=1.04950 tsr_diff=0.001076 integral_mean=0.000093 integral_std=0.002457 log_ratio=0.0000 accept=1.0000 swapped=True
i=6 pair=(1,0) lam_t=1.00000 lam_s=1.04500 tsr_diff=0.015004 integral_mean=0.001008 integral_std=0.034409 log_ratio=0.0000 accept=1.0000 swapped=True
i=6 pair=(2,3) lam_t=1.04950 lam_s=1.05000 tsr_diff=0.000164 integral_mean=0.000007 integral_std=0.000420 log_ratio=0.0000 accept=1.0000 swapped=True
i=6 pair=(0,1) lam_t=1.00000 lam_s=1.04500 tsr_diff=0.015004 integral_mean=-0.001498 integral_std=0.032654 log_ratio=-3.5940 accept=0.0275 swapped=False
i=6 pair=(3,2) lam_t=1.04950 lam_s=1.05000 tsr_diff=0.000164 integral_mean=-0.000007 integral_std=0.000391 log_ratio=-0.0157 accept=0.9844 swapped=True
i=7 pair=(1,2) lam_t=1.04500 lam_s=1.04950 tsr_diff=0.001897 integral_mean=0.000156 integral_std=0.004493 log_ratio=0.0000 accept=1.0000 swapped=True
i=7 pair=(2,1) lam_t=1.04500 lam_s=1.04950 tsr_diff=0.001897 integral_mean=-0.000493 integral_std=0.004685 log_ratio=-1.1836 accept=0.3062 swapped=False
i=8 pair=(0,2) lam_t=1.00000 lam_s=1.04500 tsr_diff=0.023831 integral_mean=0.002533 integral_std=0.057113 log_ratio=0.0000 accept=1.0000 swapped=True
i=8 pair=(1,3) lam_t=1.04950 lam_s=1.05000 tsr_diff=0.000257 integral_mean=0.000046 integral_std=0.000679 log_ratio=0.0000 accept=1.0000 swapped=True
i=8 pair=(2,0) lam_t=1.00000 lam_s=1.04500 tsr_diff=0.023831 integral_mean=-0.001868 integral_std=0.055598 log_ratio=-4.4821 accept=0.0113 swapped=False
i=8 pair=(3,1) lam_t=1.04950 lam_s=1.05000 tsr_diff=0.000257 integral_mean=-0.000026 integral_std=0.000616 log_ratio=-0.0617 accept=0.9402 swapped=True
i=9 pair=(0,1) lam_t=1.04500 lam_s=1.04950 tsr_diff=0.002729 integral_mean=0.000015 integral_std=0.007050 log_ratio=0.0000 accept=1.0000 swapped=True
i=9 pair=(1,0) lam_t=1.04500 lam_s=1.04950 tsr_diff=0.002729 integral_mean=0.000164 integral_std=0.006719 log_ratio=0.0000 accept=1.0000 swapped=True
i=10 pair=(2,0) lam_t=1.00000 lam_s=1.04500 tsr_diff=0.032198 integral_mean=-0.004514 integral_std=0.089769 log_ratio=-10.8343 accept=0.0000 swapped=False
i=10 pair=(1,3) lam_t=1.04950 lam_s=1.05000 tsr_diff=0.000344 integral_mean=0.000023 integral_std=0.000990 log_ratio=0.0000 accept=1.0000 swapped=True
i=10 pair=(2,0) lam_t=1.00000 lam_s=1.04500 tsr_diff=0.032198 integral_mean=-0.005916 integral_std=0.086630 log_ratio=-14.1986 accept=0.0000 swapped=False
i=10 pair=(3,1) lam_t=1.04950 lam_s=1.05000 tsr_diff=0.000344 integral_mean=0.000007 integral_std=0.001038 log_ratio=0.0000 accept=1.0000 swapped=True
i=11 pair=(0,1) lam_t=1.04500 lam_s=1.04950 tsr_diff=0.003437 integral_mean=0.000138 integral_std=0.012212 log_ratio=0.0000 accept=1.0000 swapped=True
i=11 pair=(1,0) lam_t=1.04500 lam_s=1.04950 tsr_diff=0.003437 integral_mean=-0.000031 integral_std=0.013066 log_ratio=-0.0743 accept=0.9284 swapped=False
i=12 pair=(2,1) lam_t=1.00000 lam_s=1.04500 tsr_diff=0.038747 integral_mean=-0.015459 integral_std=0.229019 log_ratio=-37.1015 accept=0.0000 swapped=False
i=12 pair=(0,3) lam_t=1.04950 lam_s=1.05000 tsr_diff=0.000410 integral_mean=0.000120 integral_std=0.002102 log_ratio=0.0000 accept=1.0000 swapped=True
i=12 pair=(2,1) lam_t=1.00000 lam_s=1.04500 tsr_diff=0.038747 integral_mean=-0.014925 integral_std=0.185102 log_ratio=-35.8201 accept=0.0000 swapped=False
i=12 pair=(3,0) lam_t=1.04950 lam_s=1.05000 tsr_diff=0.000410 integral_mean=-0.000047 integral_std=0.001818 log_ratio=-0.1128 accept=0.8933 swapped=True
i=13 pair=(1,0) lam_t=1.04500 lam_s=1.04950 tsr_diff=0.003916 integral_mean=0.001124 integral_std=0.037646 log_ratio=0.0000 accept=1.0000 swapped=True
i=13 pair=(0,1) lam_t=1.04500 lam_s=1.04950 tsr_diff=0.003916 integral_mean=-0.000531 integral_std=0.020499 log_ratio=-1.2741 accept=0.2797 swapped=False
i=14 pair=(2,0) lam_t=1.00000 lam_s=1.04500 tsr_diff=0.042457 integral_mean=-0.029238 integral_std=0.562110 log_ratio=-70.1708 accept=0.0000 swapped=False
i=14 pair=(1,3) lam_t=1.04950 lam_s=1.05000 tsr_diff=0.000448 integral_mean=0.000761 integral_std=0.013706 log_ratio=0.0000 accept=1.0000 swapped=True
i=14 pair=(2,0) lam_t=1.00000 lam_s=1.04500 tsr_diff=0.042457 integral_mean=0.003441 integral_std=0.293772 log_ratio=0.0000 accept=1.0000 swapped=True
i=14 pair=(3,1) lam_t=1.04950 lam_s=1.05000 tsr_diff=0.000448 integral_mean=-0.001650 integral_std=0.013464 log_ratio=-3.9600 accept=0.0191 swapped=False
Best Sample: 2 log probability -8.937
Saved 1 samples to: logs/pointmaze-giant-navigate-v0/inference/plans/release_H400_T256_LimitsNormalizer_b1_condFalse/2026-07-17 16:45:09/23/0.png
Saved 1 samples to: logs/pointmaze-giant-navigate-v0/inference/plans/release_H400_T256_LimitsNormalizer_b1_condFalse/2026-07-17 16:45:09/23/rollout.png
i=0 pair=(0,1) lam_t=1.00000 lam_s=1.04500 tsr_diff=0.000000 integral_mean=0.000000 integral_std=0.000000 log_ratio=0.0000 accept=1.0000 swapped=True
i=0 pair=(2,3) lam_t=1.04950 lam_s=1.05000 tsr_diff=0.000000 integral_mean=0.000000 integral_std=0.000000 log_ratio=0.0000 accept=1.0000 swapped=True
i=0 pair=(1,0) lam_t=1.00000 lam_s=1.04500 tsr_diff=0.000000 integral_mean=0.000000 integral_std=0.000000 log_ratio=0.0000 accept=1.0000 swapped=True
i=0 pair=(3,2) lam_t=1.04950 lam_s=1.05000 tsr_diff=0.000000 integral_mean=0.000000 integral_std=0.000000 log_ratio=0.0000 accept=1.0000 swapped=True
i=1 pair=(1,2) lam_t=1.04500 lam_s=1.04950 tsr_diff=0.000048 integral_mean=0.000001 integral_std=0.000096 log_ratio=0.0000 accept=1.0000 swapped=True
i=1 pair=(2,1) lam_t=1.04500 lam_s=1.04950 tsr_diff=0.000048 integral_mean=0.000001 integral_std=0.000096 log_ratio=0.0000 accept=1.0000 swapped=True
i=2 pair=(0,1) lam_t=1.00000 lam_s=1.04500 tsr_diff=0.001897 integral_mean=-0.000345 integral_std=0.004169 log_ratio=-0.8280 accept=0.4369 swapped=False
i=2 pair=(2,3) lam_t=1.04950 lam_s=1.05000 tsr_diff=0.000021 integral_mean=-0.000007 integral_std=0.000051 log_ratio=-0.0158 accept=0.9843 swapped=True
i=2 pair=(0,1) lam_t=1.00000 lam_s=1.04500 tsr_diff=0.001897 integral_mean=-0.000122 integral_std=0.003674 log_ratio=-0.2921 accept=0.7467 swapped=True
i=2 pair=(3,2) lam_t=1.04950 lam_s=1.05000 tsr_diff=0.000021 integral_mean=0.000001 integral_std=0.000045 log_ratio=0.0000 accept=1.0000 swapped=True
i=3 pair=(0,2) lam_t=1.04500 lam_s=1.04950 tsr_diff=0.000416 integral_mean=0.000054 integral_std=0.000933 log_ratio=0.0000 accept=1.0000 swapped=True
i=3 pair=(2,0) lam_t=1.04500 lam_s=1.04950 tsr_diff=0.000416 integral_mean=-0.000010 integral_std=0.000841 log_ratio=-0.0252 accept=0.9751 swapped=True
i=4 pair=(1,0) lam_t=1.00000 lam_s=1.04500 tsr_diff=0.007228 integral_mean=-0.000186 integral_std=0.015827 log_ratio=-0.4470 accept=0.6395 swapped=False
i=4 pair=(2,3) lam_t=1.04950 lam_s=1.05000 tsr_diff=0.000080 integral_mean=-0.000002 integral_std=0.000165 log_ratio=-0.0052 accept=0.9948 swapped=True
i=4 pair=(1,0) lam_t=1.00000 lam_s=1.04500 tsr_diff=0.007228 integral_mean=-0.000103 integral_std=0.014813 log_ratio=-0.2464 accept=0.7816 swapped=False
i=4 pair=(3,2) lam_t=1.04950 lam_s=1.05000 tsr_diff=0.000080 integral_mean=-0.000001 integral_std=0.000165 log_ratio=-0.0013 accept=0.9987 swapped=True
i=5 pair=(0,2) lam_t=1.04500 lam_s=1.04950 tsr_diff=0.001076 integral_mean=-0.000097 integral_std=0.002235 log_ratio=-0.2319 accept=0.7930 swapped=True
i=5 pair=(2,0) lam_t=1.04500 lam_s=1.04950 tsr_diff=0.001076 integral_mean=0.000091 integral_std=0.002219 log_ratio=0.0000 accept=1.0000 swapped=True
i=6 pair=(1,0) lam_t=1.00000 lam_s=1.04500 tsr_diff=0.015004 integral_mean=0.001340 integral_std=0.031697 log_ratio=0.0000 accept=1.0000 swapped=True
i=6 pair=(2,3) lam_t=1.04950 lam_s=1.05000 tsr_diff=0.000164 integral_mean=-0.000004 integral_std=0.000340 log_ratio=-0.0105 accept=0.9896 swapped=True
i=6 pair=(0,1) lam_t=1.00000 lam_s=1.04500 tsr_diff=0.015004 integral_mean=-0.006441 integral_std=0.040112 log_ratio=-15.4589 accept=0.0000 swapped=False
i=6 pair=(3,2) lam_t=1.04950 lam_s=1.05000 tsr_diff=0.000164 integral_mean=-0.000006 integral_std=0.000347 log_ratio=-0.0138 accept=0.9863 swapped=True
i=7 pair=(1,2) lam_t=1.04500 lam_s=1.04950 tsr_diff=0.001897 integral_mean=0.003745 integral_std=0.012664 log_ratio=0.0000 accept=1.0000 swapped=True
i=7 pair=(2,1) lam_t=1.04500 lam_s=1.04950 tsr_diff=0.001897 integral_mean=-0.001912 integral_std=0.007697 log_ratio=-4.5892 accept=0.0102 swapped=False
i=8 pair=(0,2) lam_t=1.00000 lam_s=1.04500 tsr_diff=0.023831 integral_mean=0.000531 integral_std=0.061005 log_ratio=0.0000 accept=1.0000 swapped=True
i=8 pair=(1,3) lam_t=1.04950 lam_s=1.05000 tsr_diff=0.000257 integral_mean=0.000203 integral_std=0.000992 log_ratio=0.0000 accept=1.0000 swapped=True
i=8 pair=(2,0) lam_t=1.00000 lam_s=1.04500 tsr_diff=0.023831 integral_mean=-0.000487 integral_std=0.060455 log_ratio=-1.1697 accept=0.3104 swapped=False
i=8 pair=(3,1) lam_t=1.04950 lam_s=1.05000 tsr_diff=0.000257 integral_mean=-0.000125 integral_std=0.000792 log_ratio=-0.3011 accept=0.7400 swapped=True
i=9 pair=(0,1) lam_t=1.04500 lam_s=1.04950 tsr_diff=0.002729 integral_mean=-0.001132 integral_std=0.008051 log_ratio=-2.7179 accept=0.0660 swapped=False
i=9 pair=(0,1) lam_t=1.04500 lam_s=1.04950 tsr_diff=0.002729 integral_mean=-0.001212 integral_std=0.008022 log_ratio=-2.9083 accept=0.0546 swapped=False
i=10 pair=(2,0) lam_t=1.00000 lam_s=1.04500 tsr_diff=0.032198 integral_mean=-0.001577 integral_std=0.082412 log_ratio=-3.7850 accept=0.0227 swapped=False
i=10 pair=(1,3) lam_t=1.04950 lam_s=1.05000 tsr_diff=0.000344 integral_mean=0.000168 integral_std=0.001396 log_ratio=0.0000 accept=1.0000 swapped=True
i=10 pair=(2,0) lam_t=1.00000 lam_s=1.04500 tsr_diff=0.032198 integral_mean=-0.000315 integral_std=0.079766 log_ratio=-0.7569 accept=0.4691 swapped=False
i=10 pair=(3,1) lam_t=1.04950 lam_s=1.05000 tsr_diff=0.000344 integral_mean=-0.000080 integral_std=0.001119 log_ratio=-0.1918 accept=0.8255 swapped=True
i=11 pair=(0,1) lam_t=1.04500 lam_s=1.04950 tsr_diff=0.003437 integral_mean=-0.001325 integral_std=0.011321 log_ratio=-3.1789 accept=0.0416 swapped=False
i=11 pair=(0,1) lam_t=1.04500 lam_s=1.04950 tsr_diff=0.003437 integral_mean=-0.000443 integral_std=0.010671 log_ratio=-1.0635 accept=0.3452 swapped=False
i=12 pair=(2,0) lam_t=1.00000 lam_s=1.04500 tsr_diff=0.038747 integral_mean=0.001585 integral_std=0.144590 log_ratio=0.0000 accept=1.0000 swapped=True
i=12 pair=(1,3) lam_t=1.04950 lam_s=1.05000 tsr_diff=0.000410 integral_mean=-0.000122 integral_std=0.001818 log_ratio=-0.2919 accept=0.7468 swapped=True
i=12 pair=(0,2) lam_t=1.00000 lam_s=1.04500 tsr_diff=0.038747 integral_mean=-0.000481 integral_std=0.132962 log_ratio=-1.1544 accept=0.3153 swapped=False
i=12 pair=(3,1) lam_t=1.04950 lam_s=1.05000 tsr_diff=0.000410 integral_mean=0.000121 integral_std=0.001670 log_ratio=0.0000 accept=1.0000 swapped=True
i=13 pair=(2,1) lam_t=1.04500 lam_s=1.04950 tsr_diff=0.003916 integral_mean=0.007667 integral_std=0.069429 log_ratio=0.0000 accept=1.0000 swapped=True
i=13 pair=(1,2) lam_t=1.04500 lam_s=1.04950 tsr_diff=0.003916 integral_mean=-0.003401 integral_std=0.024222 log_ratio=-8.1614 accept=0.0003 swapped=False
i=14 pair=(0,1) lam_t=1.00000 lam_s=1.04500 tsr_diff=0.042457 integral_mean=0.018205 integral_std=0.588520 log_ratio=0.0000 accept=1.0000 swapped=True
i=14 pair=(2,3) lam_t=1.04950 lam_s=1.05000 tsr_diff=0.000448 integral_mean=-0.000693 integral_std=0.012763 log_ratio=-1.6638 accept=0.1894 swapped=True
i=14 pair=(1,0) lam_t=1.00000 lam_s=1.04500 tsr_diff=0.042457 integral_mean=0.016731 integral_std=0.315131 log_ratio=0.0000 accept=1.0000 swapped=True
i=14 pair=(3,2) lam_t=1.04950 lam_s=1.05000 tsr_diff=0.000448 integral_mean=0.000986 integral_std=0.009191 log_ratio=0.0000 accept=1.0000 swapped=True
Best Sample: 1 log probability -7.826
Saved 1 samples to: logs/pointmaze-giant-navigate-v0/inference/plans/release_H400_T256_LimitsNormalizer_b1_condFalse/2026-07-17 16:45:09/24/0.png
Saved 1 samples to: logs/pointmaze-giant-navigate-v0/inference/plans/release_H400_T256_LimitsNormalizer_b1_condFalse/2026-07-17 16:45:09/24/rollout.png
i=0 pair=(0,1) lam_t=1.00000 lam_s=1.04500 tsr_diff=0.000000 integral_mean=0.000000 integral_std=0.000000 log_ratio=0.0000 accept=1.0000 swapped=True
i=0 pair=(2,3) lam_t=1.04950 lam_s=1.05000 tsr_diff=0.000000 integral_mean=0.000000 integral_std=0.000000 log_ratio=0.0000 accept=1.0000 swapped=True
i=0 pair=(1,0) lam_t=1.00000 lam_s=1.04500 tsr_diff=0.000000 integral_mean=0.000000 integral_std=0.000000 log_ratio=0.0000 accept=1.0000 swapped=True
i=0 pair=(3,2) lam_t=1.04950 lam_s=1.05000 tsr_diff=0.000000 integral_mean=0.000000 integral_std=0.000000 log_ratio=0.0000 accept=1.0000 swapped=True
i=1 pair=(1,2) lam_t=1.04500 lam_s=1.04950 tsr_diff=0.000048 integral_mean=0.000004 integral_std=0.000100 log_ratio=0.0000 accept=1.0000 swapped=True
i=1 pair=(2,1) lam_t=1.04500 lam_s=1.04950 tsr_diff=0.000048 integral_mean=0.000004 integral_std=0.000093 log_ratio=0.0000 accept=1.0000 swapped=True
i=2 pair=(0,1) lam_t=1.00000 lam_s=1.04500 tsr_diff=0.001897 integral_mean=0.000100 integral_std=0.003947 log_ratio=0.0000 accept=1.0000 swapped=True
i=2 pair=(2,3) lam_t=1.04950 lam_s=1.05000 tsr_diff=0.000021 integral_mean=0.000002 integral_std=0.000043 log_ratio=0.0000 accept=1.0000 swapped=True
i=2 pair=(1,0) lam_t=1.00000 lam_s=1.04500 tsr_diff=0.001897 integral_mean=-0.000249 integral_std=0.004033 log_ratio=-0.5982 accept=0.5498 swapped=True
i=2 pair=(3,2) lam_t=1.04950 lam_s=1.05000 tsr_diff=0.000021 integral_mean=-0.000001 integral_std=0.000040 log_ratio=-0.0022 accept=0.9978 swapped=True
i=3 pair=(1,2) lam_t=1.04500 lam_s=1.04950 tsr_diff=0.000416 integral_mean=-0.000034 integral_std=0.000891 log_ratio=-0.0818 accept=0.9214 swapped=True
i=3 pair=(2,1) lam_t=1.04500 lam_s=1.04950 tsr_diff=0.000416 integral_mean=-0.000000 integral_std=0.000821 log_ratio=-0.0009 accept=0.9991 swapped=True
i=4 pair=(0,1) lam_t=1.00000 lam_s=1.04500 tsr_diff=0.007228 integral_mean=0.000527 integral_std=0.014823 log_ratio=0.0000 accept=1.0000 swapped=True
i=4 pair=(2,3) lam_t=1.04950 lam_s=1.05000 tsr_diff=0.000080 integral_mean=0.000002 integral_std=0.000164 log_ratio=0.0000 accept=1.0000 swapped=True
i=4 pair=(1,0) lam_t=1.00000 lam_s=1.04500 tsr_diff=0.007228 integral_mean=-0.000074 integral_std=0.014865 log_ratio=-0.1765 accept=0.8382 swapped=True
i=4 pair=(3,2) lam_t=1.04950 lam_s=1.05000 tsr_diff=0.000080 integral_mean=-0.000002 integral_std=0.000156 log_ratio=-0.0049 accept=0.9951 swapped=True
i=5 pair=(1,2) lam_t=1.04500 lam_s=1.04950 tsr_diff=0.001076 integral_mean=0.000066 integral_std=0.002152 log_ratio=0.0000 accept=1.0000 swapped=True
i=5 pair=(2,1) lam_t=1.04500 lam_s=1.04950 tsr_diff=0.001076 integral_mean=-0.000016 integral_std=0.002222 log_ratio=-0.0395 accept=0.9613 swapped=True
i=6 pair=(0,1) lam_t=1.00000 lam_s=1.04500 tsr_diff=0.015004 integral_mean=-0.000571 integral_std=0.030352 log_ratio=-1.3708 accept=0.2539 swapped=False
i=6 pair=(2,3) lam_t=1.04950 lam_s=1.05000 tsr_diff=0.000164 integral_mean=-0.000026 integral_std=0.000408 log_ratio=-0.0632 accept=0.9387 swapped=True
i=6 pair=(0,1) lam_t=1.00000 lam_s=1.04500 tsr_diff=0.015004 integral_mean=-0.000324 integral_std=0.031540 log_ratio=-0.7788 accept=0.4590 swapped=True
i=6 pair=(3,2) lam_t=1.04950 lam_s=1.05000 tsr_diff=0.000164 integral_mean=0.000004 integral_std=0.000388 log_ratio=0.0000 accept=1.0000 swapped=True
i=7 pair=(0,2) lam_t=1.04500 lam_s=1.04950 tsr_diff=0.001897 integral_mean=-0.000169 integral_std=0.004187 log_ratio=-0.4060 accept=0.6663 swapped=False
i=7 pair=(0,2) lam_t=1.04500 lam_s=1.04950 tsr_diff=0.001897 integral_mean=-0.000075 integral_std=0.004227 log_ratio=-0.1809 accept=0.8346 swapped=True
i=8 pair=(1,2) lam_t=1.00000 lam_s=1.04500 tsr_diff=0.023831 integral_mean=-0.002898 integral_std=0.054601 log_ratio=-6.9558 accept=0.0010 swapped=False
i=8 pair=(0,3) lam_t=1.04950 lam_s=1.05000 tsr_diff=0.000257 integral_mean=-0.000092 integral_std=0.000664 log_ratio=-0.2207 accept=0.8020 swapped=True
i=8 pair=(1,2) lam_t=1.00000 lam_s=1.04500 tsr_diff=0.023831 integral_mean=-0.001720 integral_std=0.052344 log_ratio=-4.1269 accept=0.0161 swapped=False
i=8 pair=(3,0) lam_t=1.04950 lam_s=1.05000 tsr_diff=0.000257 integral_mean=0.000049 integral_std=0.000649 log_ratio=0.0000 accept=1.0000 swapped=True
i=9 pair=(2,0) lam_t=1.04500 lam_s=1.04950 tsr_diff=0.002729 integral_mean=-0.000141 integral_std=0.005890 log_ratio=-0.3381 accept=0.7131 swapped=True
i=9 pair=(0,2) lam_t=1.04500 lam_s=1.04950 tsr_diff=0.002729 integral_mean=-0.000175 integral_std=0.005976 log_ratio=-0.4205 accept=0.6567 swapped=True
i=10 pair=(1,2) lam_t=1.00000 lam_s=1.04500 tsr_diff=0.032198 integral_mean=-0.003989 integral_std=0.083761 log_ratio=-9.5730 accept=0.0001 swapped=False
i=10 pair=(0,3) lam_t=1.04950 lam_s=1.05000 tsr_diff=0.000344 integral_mean=-0.000089 integral_std=0.001041 log_ratio=-0.2134 accept=0.8079 swapped=True
i=10 pair=(1,2) lam_t=1.00000 lam_s=1.04500 tsr_diff=0.032198 integral_mean=-0.001899 integral_std=0.075593 log_ratio=-4.5575 accept=0.0105 swapped=False
i=10 pair=(3,0) lam_t=1.04950 lam_s=1.05000 tsr_diff=0.000344 integral_mean=0.000054 integral_std=0.000906 log_ratio=0.0000 accept=1.0000 swapped=True
i=11 pair=(2,0) lam_t=1.04500 lam_s=1.04950 tsr_diff=0.003437 integral_mean=0.000329 integral_std=0.008156 log_ratio=0.0000 accept=1.0000 swapped=True
i=11 pair=(0,2) lam_t=1.04500 lam_s=1.04950 tsr_diff=0.003437 integral_mean=-0.000133 integral_std=0.008480 log_ratio=-0.3195 accept=0.7265 swapped=True
i=12 pair=(1,2) lam_t=1.00000 lam_s=1.04500 tsr_diff=0.038747 integral_mean=-0.003334 integral_std=0.117147 log_ratio=-8.0016 accept=0.0003 swapped=False
i=12 pair=(0,3) lam_t=1.04950 lam_s=1.05000 tsr_diff=0.000410 integral_mean=-0.000124 integral_std=0.001656 log_ratio=-0.2986 accept=0.7419 swapped=True
i=12 pair=(1,2) lam_t=1.00000 lam_s=1.04500 tsr_diff=0.038747 integral_mean=-0.003630 integral_std=0.116085 log_ratio=-8.7125 accept=0.0002 swapped=False
i=12 pair=(3,0) lam_t=1.04950 lam_s=1.05000 tsr_diff=0.000410 integral_mean=0.000050 integral_std=0.001485 log_ratio=0.0000 accept=1.0000 swapped=True
i=13 pair=(2,0) lam_t=1.04500 lam_s=1.04950 tsr_diff=0.003916 integral_mean=0.000511 integral_std=0.013597 log_ratio=0.0000 accept=1.0000 swapped=True
i=13 pair=(0,2) lam_t=1.04500 lam_s=1.04950 tsr_diff=0.003916 integral_mean=-0.000412 integral_std=0.014956 log_ratio=-0.9888 accept=0.3720 swapped=False
i=14 pair=(1,0) lam_t=1.00000 lam_s=1.04500 tsr_diff=0.042457 integral_mean=0.000416 integral_std=0.211693 log_ratio=0.0000 accept=1.0000 swapped=True
i=14 pair=(2,3) lam_t=1.04950 lam_s=1.05000 tsr_diff=0.000448 integral_mean=-0.000902 integral_std=0.011748 log_ratio=-2.1643 accept=0.1148 swapped=True
i=14 pair=(0,1) lam_t=1.00000 lam_s=1.04500 tsr_diff=0.042457 integral_mean=0.001272 integral_std=0.270092 log_ratio=0.0000 accept=1.0000 swapped=True
i=14 pair=(3,2) lam_t=1.04950 lam_s=1.05000 tsr_diff=0.000448 integral_mean=0.001122 integral_std=0.017437 log_ratio=0.0000 accept=1.0000 swapped=True
Best Sample: 1 log probability -0.109
Saved 1 samples to: logs/pointmaze-giant-navigate-v0/inference/plans/release_H400_T256_LimitsNormalizer_b1_condFalse/2026-07-17 16:45:09/25/0.png
Saved 1 samples to: logs/pointmaze-giant-navigate-v0/inference/plans/release_H400_T256_LimitsNormalizer_b1_condFalse/2026-07-17 16:45:09/25/rollout.png
i=0 pair=(0,1) lam_t=1.00000 lam_s=1.04500 tsr_diff=0.000000 integral_mean=0.000000 integral_std=0.000000 log_ratio=0.0000 accept=1.0000 swapped=True
i=0 pair=(2,3) lam_t=1.04950 lam_s=1.05000 tsr_diff=0.000000 integral_mean=0.000000 integral_std=0.000000 log_ratio=0.0000 accept=1.0000 swapped=True
i=0 pair=(1,0) lam_t=1.00000 lam_s=1.04500 tsr_diff=0.000000 integral_mean=0.000000 integral_std=0.000000 log_ratio=0.0000 accept=1.0000 swapped=True
i=0 pair=(3,2) lam_t=1.04950 lam_s=1.05000 tsr_diff=0.000000 integral_mean=0.000000 integral_std=0.000000 log_ratio=0.0000 accept=1.0000 swapped=True
i=1 pair=(1,2) lam_t=1.04500 lam_s=1.04950 tsr_diff=0.000048 integral_mean=0.000002 integral_std=0.000097 log_ratio=0.0000 accept=1.0000 swapped=True
i=1 pair=(2,1) lam_t=1.04500 lam_s=1.04950 tsr_diff=0.000048 integral_mean=0.000004 integral_std=0.000095 log_ratio=0.0000 accept=1.0000 swapped=True
i=2 pair=(0,1) lam_t=1.00000 lam_s=1.04500 tsr_diff=0.001897 integral_mean=-0.000266 integral_std=0.004132 log_ratio=-0.6392 accept=0.5277 swapped=False
i=2 pair=(2,3) lam_t=1.04950 lam_s=1.05000 tsr_diff=0.000021 integral_mean=-0.000001 integral_std=0.000046 log_ratio=-0.0020 accept=0.9980 swapped=True
i=2 pair=(0,1) lam_t=1.00000 lam_s=1.04500 tsr_diff=0.001897 integral_mean=-0.000089 integral_std=0.004023 log_ratio=-0.2146 accept=0.8069 swapped=True
i=2 pair=(3,2) lam_t=1.04950 lam_s=1.05000 tsr_diff=0.000021 integral_mean=-0.000000 integral_std=0.000042 log_ratio=-0.0000 accept=1.0000 swapped=True
i=3 pair=(0,2) lam_t=1.04500 lam_s=1.04950 tsr_diff=0.000416 integral_mean=-0.000039 integral_std=0.000803 log_ratio=-0.0936 accept=0.9107 swapped=True
i=3 pair=(2,0) lam_t=1.04500 lam_s=1.04950 tsr_diff=0.000416 integral_mean=0.000009 integral_std=0.000846 log_ratio=0.0000 accept=1.0000 swapped=True
i=4 pair=(1,0) lam_t=1.00000 lam_s=1.04500 tsr_diff=0.007228 integral_mean=0.000030 integral_std=0.015313 log_ratio=0.0000 accept=1.0000 swapped=True
i=4 pair=(2,3) lam_t=1.04950 lam_s=1.05000 tsr_diff=0.000080 integral_mean=0.000013 integral_std=0.000169 log_ratio=0.0000 accept=1.0000 swapped=True
i=4 pair=(0,1) lam_t=1.00000 lam_s=1.04500 tsr_diff=0.007228 integral_mean=-0.000153 integral_std=0.015687 log_ratio=-0.3663 accept=0.6933 swapped=True
i=4 pair=(3,2) lam_t=1.04950 lam_s=1.05000 tsr_diff=0.000080 integral_mean=-0.000011 integral_std=0.000165 log_ratio=-0.0262 accept=0.9741 swapped=True
i=5 pair=(0,2) lam_t=1.04500 lam_s=1.04950 tsr_diff=0.001076 integral_mean=-0.000009 integral_std=0.002483 log_ratio=-0.0206 accept=0.9796 swapped=True
i=5 pair=(2,0) lam_t=1.04500 lam_s=1.04950 tsr_diff=0.001076 integral_mean=-0.000016 integral_std=0.002278 log_ratio=-0.0378 accept=0.9629 swapped=True
i=6 pair=(1,0) lam_t=1.00000 lam_s=1.04500 tsr_diff=0.015004 integral_mean=0.000197 integral_std=0.030427 log_ratio=0.0000 accept=1.0000 swapped=True
i=6 pair=(2,3) lam_t=1.04950 lam_s=1.05000 tsr_diff=0.000164 integral_mean=0.000006 integral_std=0.000333 log_ratio=0.0000 accept=1.0000 swapped=True
i=6 pair=(0,1) lam_t=1.00000 lam_s=1.04500 tsr_diff=0.015004 integral_mean=-0.000695 integral_std=0.031486 log_ratio=-1.6690 accept=0.1884 swapped=False
i=6 pair=(3,2) lam_t=1.04950 lam_s=1.05000 tsr_diff=0.000164 integral_mean=-0.000012 integral_std=0.000360 log_ratio=-0.0281 accept=0.9723 swapped=True
i=7 pair=(1,2) lam_t=1.04500 lam_s=1.04950 tsr_diff=0.001897 integral_mean=-0.000101 integral_std=0.004577 log_ratio=-0.2418 accept=0.7852 swapped=False
i=7 pair=(1,2) lam_t=1.04500 lam_s=1.04950 tsr_diff=0.001897 integral_mean=0.000042 integral_std=0.004326 log_ratio=0.0000 accept=1.0000 swapped=True
i=8 pair=(0,2) lam_t=1.00000 lam_s=1.04500 tsr_diff=0.023831 integral_mean=-0.001366 integral_std=0.050398 log_ratio=-3.2778 accept=0.0377 swapped=False
i=8 pair=(1,3) lam_t=1.04950 lam_s=1.05000 tsr_diff=0.000257 integral_mean=0.000041 integral_std=0.000585 log_ratio=0.0000 accept=1.0000 swapped=True
i=8 pair=(0,2) lam_t=1.00000 lam_s=1.04500 tsr_diff=0.023831 integral_mean=-0.002443 integral_std=0.052183 log_ratio=-5.8630 accept=0.0028 swapped=False
i=8 pair=(3,1) lam_t=1.04950 lam_s=1.05000 tsr_diff=0.000257 integral_mean=-0.000031 integral_std=0.000601 log_ratio=-0.0754 accept=0.9274 swapped=True
i=9 pair=(2,1) lam_t=1.04500 lam_s=1.04950 tsr_diff=0.002729 integral_mean=-0.000263 integral_std=0.007221 log_ratio=-0.6304 accept=0.5324 swapped=False
i=9 pair=(2,1) lam_t=1.04500 lam_s=1.04950 tsr_diff=0.002729 integral_mean=-0.000269 integral_std=0.006575 log_ratio=-0.6456 accept=0.5243 swapped=False
i=10 pair=(0,2) lam_t=1.00000 lam_s=1.04500 tsr_diff=0.032198 integral_mean=-0.000065 integral_std=0.070825 log_ratio=-0.1557 accept=0.8558 swapped=True
i=10 pair=(1,3) lam_t=1.04950 lam_s=1.05000 tsr_diff=0.000344 integral_mean=0.000040 integral_std=0.000838 log_ratio=0.0000 accept=1.0000 swapped=True
i=10 pair=(2,0) lam_t=1.00000 lam_s=1.04500 tsr_diff=0.032198 integral_mean=0.001309 integral_std=0.070717 log_ratio=0.0000 accept=1.0000 swapped=True
i=10 pair=(3,1) lam_t=1.04950 lam_s=1.05000 tsr_diff=0.000344 integral_mean=-0.000035 integral_std=0.000856 log_ratio=-0.0847 accept=0.9188 swapped=True
i=11 pair=(2,1) lam_t=1.04500 lam_s=1.04950 tsr_diff=0.003437 integral_mean=-0.000763 integral_std=0.010168 log_ratio=-1.8305 accept=0.1603 swapped=False
i=11 pair=(2,1) lam_t=1.04500 lam_s=1.04950 tsr_diff=0.003437 integral_mean=-0.000244 integral_std=0.008981 log_ratio=-0.5851 accept=0.5570 swapped=False
i=12 pair=(0,2) lam_t=1.00000 lam_s=1.04500 tsr_diff=0.038747 integral_mean=-0.001839 integral_std=0.098067 log_ratio=-4.4144 accept=0.0121 swapped=False
i=12 pair=(1,3) lam_t=1.04950 lam_s=1.05000 tsr_diff=0.000410 integral_mean=0.000132 integral_std=0.001416 log_ratio=0.0000 accept=1.0000 swapped=True
i=12 pair=(0,2) lam_t=1.00000 lam_s=1.04500 tsr_diff=0.038747 integral_mean=0.003289 integral_std=0.107563 log_ratio=0.0000 accept=1.0000 swapped=True
i=12 pair=(3,1) lam_t=1.04950 lam_s=1.05000 tsr_diff=0.000410 integral_mean=-0.000071 integral_std=0.001214 log_ratio=-0.1713 accept=0.8426 swapped=True
i=13 pair=(0,1) lam_t=1.04500 lam_s=1.04950 tsr_diff=0.003916 integral_mean=-0.001223 integral_std=0.021054 log_ratio=-2.9346 accept=0.0532 swapped=False
i=13 pair=(0,1) lam_t=1.04500 lam_s=1.04950 tsr_diff=0.003916 integral_mean=-0.000468 integral_std=0.017111 log_ratio=-1.1238 accept=0.3250 swapped=True
i=14 pair=(2,1) lam_t=1.00000 lam_s=1.04500 tsr_diff=0.042457 integral_mean=-0.023616 integral_std=0.567857 log_ratio=-56.6778 accept=0.0000 swapped=False
i=14 pair=(0,3) lam_t=1.04950 lam_s=1.05000 tsr_diff=0.000448 integral_mean=-0.000011 integral_std=0.002099 log_ratio=-0.0276 accept=0.9728 swapped=True
i=14 pair=(2,1) lam_t=1.00000 lam_s=1.04500 tsr_diff=0.042457 integral_mean=0.003109 integral_std=0.320278 log_ratio=0.0000 accept=1.0000 swapped=True
i=14 pair=(3,0) lam_t=1.04950 lam_s=1.05000 tsr_diff=0.000448 integral_mean=0.000016 integral_std=0.002148 log_ratio=0.0000 accept=1.0000 swapped=True
Best Sample: 0 log probability -4.430
Saved 1 samples to: logs/pointmaze-giant-navigate-v0/inference/plans/release_H400_T256_LimitsNormalizer_b1_condFalse/2026-07-17 16:45:09/26/0.png
Saved 1 samples to: logs/pointmaze-giant-navigate-v0/inference/plans/release_H400_T256_LimitsNormalizer_b1_condFalse/2026-07-17 16:45:09/26/rollout.png
i=0 pair=(0,1) lam_t=1.00000 lam_s=1.04500 tsr_diff=0.000000 integral_mean=0.000000 integral_std=0.000000 log_ratio=0.0000 accept=1.0000 swapped=True
i=0 pair=(2,3) lam_t=1.04950 lam_s=1.05000 tsr_diff=0.000000 integral_mean=0.000000 integral_std=0.000000 log_ratio=0.0000 accept=1.0000 swapped=True
i=0 pair=(1,0) lam_t=1.00000 lam_s=1.04500 tsr_diff=0.000000 integral_mean=0.000000 integral_std=0.000000 log_ratio=0.0000 accept=1.0000 swapped=True
i=0 pair=(3,2) lam_t=1.04950 lam_s=1.05000 tsr_diff=0.000000 integral_mean=0.000000 integral_std=0.000000 log_ratio=0.0000 accept=1.0000 swapped=True
i=1 pair=(1,2) lam_t=1.04500 lam_s=1.04950 tsr_diff=0.000048 integral_mean=0.000001 integral_std=0.000093 log_ratio=0.0000 accept=1.0000 swapped=True
i=1 pair=(2,1) lam_t=1.04500 lam_s=1.04950 tsr_diff=0.000048 integral_mean=0.000005 integral_std=0.000101 log_ratio=0.0000 accept=1.0000 swapped=True
i=2 pair=(0,1) lam_t=1.00000 lam_s=1.04500 tsr_diff=0.001897 integral_mean=-0.000051 integral_std=0.003643 log_ratio=-0.1218 accept=0.8853 swapped=False
i=2 pair=(2,3) lam_t=1.04950 lam_s=1.05000 tsr_diff=0.000021 integral_mean=-0.000000 integral_std=0.000043 log_ratio=-0.0006 accept=0.9994 swapped=True
i=2 pair=(0,1) lam_t=1.00000 lam_s=1.04500 tsr_diff=0.001897 integral_mean=0.000433 integral_std=0.004229 log_ratio=0.0000 accept=1.0000 swapped=True
i=2 pair=(3,2) lam_t=1.04950 lam_s=1.05000 tsr_diff=0.000021 integral_mean=0.000001 integral_std=0.000043 log_ratio=0.0000 accept=1.0000 swapped=True
i=3 pair=(0,2) lam_t=1.04500 lam_s=1.04950 tsr_diff=0.000416 integral_mean=0.000065 integral_std=0.000884 log_ratio=0.0000 accept=1.0000 swapped=True
i=3 pair=(2,0) lam_t=1.04500 lam_s=1.04950 tsr_diff=0.000416 integral_mean=-0.000008 integral_std=0.000896 log_ratio=-0.0185 accept=0.9817 swapped=True
i=4 pair=(1,0) lam_t=1.00000 lam_s=1.04500 tsr_diff=0.007228 integral_mean=-0.000014 integral_std=0.014522 log_ratio=-0.0344 accept=0.9662 swapped=True
i=4 pair=(2,3) lam_t=1.04950 lam_s=1.05000 tsr_diff=0.000080 integral_mean=0.000015 integral_std=0.000186 log_ratio=0.0000 accept=1.0000 swapped=True
i=4 pair=(0,1) lam_t=1.00000 lam_s=1.04500 tsr_diff=0.007228 integral_mean=0.000103 integral_std=0.014804 log_ratio=0.0000 accept=1.0000 swapped=True
i=4 pair=(3,2) lam_t=1.04950 lam_s=1.05000 tsr_diff=0.000080 integral_mean=-0.000011 integral_std=0.000170 log_ratio=-0.0264 accept=0.9740 swapped=True
i=5 pair=(0,2) lam_t=1.04500 lam_s=1.04950 tsr_diff=0.001076 integral_mean=-0.000173 integral_std=0.002356 log_ratio=-0.4163 accept=0.6595 swapped=True
i=5 pair=(2,0) lam_t=1.04500 lam_s=1.04950 tsr_diff=0.001076 integral_mean=0.000127 integral_std=0.002385 log_ratio=0.0000 accept=1.0000 swapped=True
i=6 pair=(1,0) lam_t=1.00000 lam_s=1.04500 tsr_diff=0.015004 integral_mean=-0.000785 integral_std=0.032281 log_ratio=-1.8829 accept=0.1521 swapped=False
i=6 pair=(2,3) lam_t=1.04950 lam_s=1.05000 tsr_diff=0.000164 integral_mean=0.000018 integral_std=0.000371 log_ratio=0.0000 accept=1.0000 swapped=True
i=6 pair=(1,0) lam_t=1.00000 lam_s=1.04500 tsr_diff=0.015004 integral_mean=-0.000584 integral_std=0.030493 log_ratio=-1.4017 accept=0.2462 swapped=False
i=6 pair=(3,2) lam_t=1.04950 lam_s=1.05000 tsr_diff=0.000164 integral_mean=-0.000021 integral_std=0.000364 log_ratio=-0.0511 accept=0.9502 swapped=True
i=7 pair=(0,2) lam_t=1.04500 lam_s=1.04950 tsr_diff=0.001897 integral_mean=-0.000120 integral_std=0.004507 log_ratio=-0.2878 accept=0.7499 swapped=True
i=7 pair=(2,0) lam_t=1.04500 lam_s=1.04950 tsr_diff=0.001897 integral_mean=0.000136 integral_std=0.004286 log_ratio=0.0000 accept=1.0000 swapped=True
i=8 pair=(1,0) lam_t=1.00000 lam_s=1.04500 tsr_diff=0.023831 integral_mean=-0.001264 integral_std=0.052218 log_ratio=-3.0336 accept=0.0481 swapped=False
i=8 pair=(2,3) lam_t=1.04950 lam_s=1.05000 tsr_diff=0.000257 integral_mean=0.000026 integral_std=0.000609 log_ratio=0.0000 accept=1.0000 swapped=True
i=8 pair=(1,0) lam_t=1.00000 lam_s=1.04500 tsr_diff=0.023831 integral_mean=-0.001730 integral_std=0.052370 log_ratio=-4.1523 accept=0.0157 swapped=False
i=8 pair=(3,2) lam_t=1.04950 lam_s=1.05000 tsr_diff=0.000257 integral_mean=-0.000012 integral_std=0.000581 log_ratio=-0.0279 accept=0.9724 swapped=True
i=9 pair=(0,2) lam_t=1.04500 lam_s=1.04950 tsr_diff=0.002729 integral_mean=0.000002 integral_std=0.006484 log_ratio=0.0000 accept=1.0000 swapped=True
i=9 pair=(2,0) lam_t=1.04500 lam_s=1.04950 tsr_diff=0.002729 integral_mean=0.000109 integral_std=0.006309 log_ratio=0.0000 accept=1.0000 swapped=True
i=10 pair=(1,0) lam_t=1.00000 lam_s=1.04500 tsr_diff=0.032198 integral_mean=-0.000605 integral_std=0.075666 log_ratio=-1.4520 accept=0.2341 swapped=False
i=10 pair=(2,3) lam_t=1.04950 lam_s=1.05000 tsr_diff=0.000344 integral_mean=0.000002 integral_std=0.000870 log_ratio=0.0000 accept=1.0000 swapped=True
i=10 pair=(1,0) lam_t=1.00000 lam_s=1.04500 tsr_diff=0.032198 integral_mean=-0.002237 integral_std=0.072694 log_ratio=-5.3678 accept=0.0047 swapped=False
i=10 pair=(3,2) lam_t=1.04950 lam_s=1.05000 tsr_diff=0.000344 integral_mean=0.000004 integral_std=0.000875 log_ratio=0.0000 accept=1.0000 swapped=True
i=11 pair=(0,2) lam_t=1.04500 lam_s=1.04950 tsr_diff=0.003437 integral_mean=-0.000103 integral_std=0.010076 log_ratio=-0.2466 accept=0.7815 swapped=True
i=11 pair=(2,0) lam_t=1.04500 lam_s=1.04950 tsr_diff=0.003437 integral_mean=0.000069 integral_std=0.010064 log_ratio=0.0000 accept=1.0000 swapped=True
i=12 pair=(1,0) lam_t=1.00000 lam_s=1.04500 tsr_diff=0.038747 integral_mean=-0.002764 integral_std=0.137149 log_ratio=-6.6326 accept=0.0013 swapped=False
i=12 pair=(2,3) lam_t=1.04950 lam_s=1.05000 tsr_diff=0.000410 integral_mean=0.000052 integral_std=0.001551 log_ratio=0.0000 accept=1.0000 swapped=True
i=12 pair=(1,0) lam_t=1.00000 lam_s=1.04500 tsr_diff=0.038747 integral_mean=-0.001418 integral_std=0.137098 log_ratio=-3.4023 accept=0.0333 swapped=False
i=12 pair=(3,2) lam_t=1.04950 lam_s=1.05000 tsr_diff=0.000410 integral_mean=-0.000186 integral_std=0.002417 log_ratio=-0.4476 accept=0.6392 swapped=True
i=13 pair=(0,2) lam_t=1.04500 lam_s=1.04950 tsr_diff=0.003916 integral_mean=-0.001775 integral_std=0.043405 log_ratio=-4.2593 accept=0.0141 swapped=False
i=13 pair=(0,2) lam_t=1.04500 lam_s=1.04950 tsr_diff=0.003916 integral_mean=-0.000173 integral_std=0.025678 log_ratio=-0.4146 accept=0.6606 swapped=True
i=14 pair=(1,2) lam_t=1.00000 lam_s=1.04500 tsr_diff=0.042457 integral_mean=-0.078764 integral_std=1.132488 log_ratio=-189.0327 accept=0.0000 swapped=False
i=14 pair=(0,3) lam_t=1.04950 lam_s=1.05000 tsr_diff=0.000448 integral_mean=0.000393 integral_std=0.005003 log_ratio=0.0000 accept=1.0000 swapped=True
i=14 pair=(1,2) lam_t=1.00000 lam_s=1.04500 tsr_diff=0.042457 integral_mean=-0.033030 integral_std=0.898045 log_ratio=-79.2711 accept=0.0000 swapped=False
i=14 pair=(3,0) lam_t=1.04950 lam_s=1.05000 tsr_diff=0.000448 integral_mean=-0.000775 integral_std=0.008156 log_ratio=-1.8605 accept=0.1556 swapped=True
Best Sample: 3 log probability -0.275
Saved 1 samples to: logs/pointmaze-giant-navigate-v0/inference/plans/release_H400_T256_LimitsNormalizer_b1_condFalse/2026-07-17 16:45:09/27/0.png
Saved 1 samples to: logs/pointmaze-giant-navigate-v0/inference/plans/release_H400_T256_LimitsNormalizer_b1_condFalse/2026-07-17 16:45:09/27/rollout.png
i=0 pair=(0,1) lam_t=1.00000 lam_s=1.04500 tsr_diff=0.000000 integral_mean=0.000000 integral_std=0.000000 log_ratio=0.0000 accept=1.0000 swapped=True
i=0 pair=(2,3) lam_t=1.04950 lam_s=1.05000 tsr_diff=0.000000 integral_mean=0.000000 integral_std=0.000000 log_ratio=0.0000 accept=1.0000 swapped=True
i=0 pair=(1,0) lam_t=1.00000 lam_s=1.04500 tsr_diff=0.000000 integral_mean=0.000000 integral_std=0.000000 log_ratio=0.0000 accept=1.0000 swapped=True
i=0 pair=(3,2) lam_t=1.04950 lam_s=1.05000 tsr_diff=0.000000 integral_mean=0.000000 integral_std=0.000000 log_ratio=0.0000 accept=1.0000 swapped=True
i=1 pair=(1,2) lam_t=1.04500 lam_s=1.04950 tsr_diff=0.000048 integral_mean=-0.000002 integral_std=0.000091 log_ratio=-0.0045 accept=0.9955 swapped=True
i=1 pair=(2,1) lam_t=1.04500 lam_s=1.04950 tsr_diff=0.000048 integral_mean=-0.000005 integral_std=0.000094 log_ratio=-0.0123 accept=0.9878 swapped=True
i=2 pair=(0,1) lam_t=1.00000 lam_s=1.04500 tsr_diff=0.001897 integral_mean=0.001511 integral_std=0.006213 log_ratio=0.0000 accept=1.0000 swapped=True
i=2 pair=(2,3) lam_t=1.04950 lam_s=1.05000 tsr_diff=0.000021 integral_mean=-0.000010 integral_std=0.000055 log_ratio=-0.0230 accept=0.9773 swapped=True
i=2 pair=(1,0) lam_t=1.00000 lam_s=1.04500 tsr_diff=0.001897 integral_mean=-0.000359 integral_std=0.004524 log_ratio=-0.8617 accept=0.4224 swapped=False
i=2 pair=(3,2) lam_t=1.04950 lam_s=1.05000 tsr_diff=0.000021 integral_mean=0.000004 integral_std=0.000048 log_ratio=0.0000 accept=1.0000 swapped=True
i=3 pair=(0,2) lam_t=1.04500 lam_s=1.04950 tsr_diff=0.000416 integral_mean=0.000090 integral_std=0.000952 log_ratio=0.0000 accept=1.0000 swapped=True
i=3 pair=(2,0) lam_t=1.04500 lam_s=1.04950 tsr_diff=0.000416 integral_mean=-0.000038 integral_std=0.000920 log_ratio=-0.0910 accept=0.9131 swapped=True
i=4 pair=(1,0) lam_t=1.00000 lam_s=1.04500 tsr_diff=0.007228 integral_mean=-0.000549 integral_std=0.016432 log_ratio=-1.3169 accept=0.2680 swapped=False
i=4 pair=(2,3) lam_t=1.04950 lam_s=1.05000 tsr_diff=0.000080 integral_mean=-0.000011 integral_std=0.000173 log_ratio=-0.0255 accept=0.9749 swapped=True
i=4 pair=(1,0) lam_t=1.00000 lam_s=1.04500 tsr_diff=0.007228 integral_mean=-0.000278 integral_std=0.015361 log_ratio=-0.6671 accept=0.5132 swapped=True
i=4 pair=(3,2) lam_t=1.04950 lam_s=1.05000 tsr_diff=0.000080 integral_mean=0.000004 integral_std=0.000181 log_ratio=0.0000 accept=1.0000 swapped=True
i=5 pair=(1,2) lam_t=1.04500 lam_s=1.04950 tsr_diff=0.001076 integral_mean=0.000023 integral_std=0.002405 log_ratio=0.0000 accept=1.0000 swapped=True
i=5 pair=(2,1) lam_t=1.04500 lam_s=1.04950 tsr_diff=0.001076 integral_mean=-0.000053 integral_std=0.002239 log_ratio=-0.1282 accept=0.8797 swapped=True
i=6 pair=(0,1) lam_t=1.00000 lam_s=1.04500 tsr_diff=0.015004 integral_mean=0.000362 integral_std=0.033993 log_ratio=0.0000 accept=1.0000 swapped=True
i=6 pair=(2,3) lam_t=1.04950 lam_s=1.05000 tsr_diff=0.000164 integral_mean=-0.000008 integral_std=0.000366 log_ratio=-0.0181 accept=0.9820 swapped=True
i=6 pair=(1,0) lam_t=1.00000 lam_s=1.04500 tsr_diff=0.015004 integral_mean=0.000053 integral_std=0.033115 log_ratio=0.0000 accept=1.0000 swapped=True
i=6 pair=(3,2) lam_t=1.04950 lam_s=1.05000 tsr_diff=0.000164 integral_mean=0.000019 integral_std=0.000365 log_ratio=0.0000 accept=1.0000 swapped=True
i=7 pair=(1,2) lam_t=1.04500 lam_s=1.04950 tsr_diff=0.001897 integral_mean=0.000031 integral_std=0.004127 log_ratio=0.0000 accept=1.0000 swapped=True
i=7 pair=(2,1) lam_t=1.04500 lam_s=1.04950 tsr_diff=0.001897 integral_mean=0.000066 integral_std=0.004105 log_ratio=0.0000 accept=1.0000 swapped=True
i=8 pair=(0,1) lam_t=1.00000 lam_s=1.04500 tsr_diff=0.023831 integral_mean=0.000381 integral_std=0.056892 log_ratio=0.0000 accept=1.0000 swapped=True
i=8 pair=(2,3) lam_t=1.04950 lam_s=1.05000 tsr_diff=0.000257 integral_mean=-0.000026 integral_std=0.000620 log_ratio=-0.0618 accept=0.9401 swapped=True
i=8 pair=(1,0) lam_t=1.00000 lam_s=1.04500 tsr_diff=0.023831 integral_mean=-0.001757 integral_std=0.058227 log_ratio=-4.2167 accept=0.0147 swapped=False
i=8 pair=(3,2) lam_t=1.04950 lam_s=1.05000 tsr_diff=0.000257 integral_mean=0.000018 integral_std=0.000612 log_ratio=0.0000 accept=1.0000 swapped=True
i=9 pair=(0,2) lam_t=1.04500 lam_s=1.04950 tsr_diff=0.002729 integral_mean=0.000101 integral_std=0.005707 log_ratio=0.0000 accept=1.0000 swapped=True
i=9 pair=(2,0) lam_t=1.04500 lam_s=1.04950 tsr_diff=0.002729 integral_mean=-0.000153 integral_std=0.005573 log_ratio=-0.3677 accept=0.6923 swapped=True
i=10 pair=(1,0) lam_t=1.00000 lam_s=1.04500 tsr_diff=0.032198 integral_mean=0.000041 integral_std=0.093987 log_ratio=0.0000 accept=1.0000 swapped=True
i=10 pair=(2,3) lam_t=1.04950 lam_s=1.05000 tsr_diff=0.000344 integral_mean=-0.000106 integral_std=0.001016 log_ratio=-0.2533 accept=0.7762 swapped=True
i=10 pair=(0,1) lam_t=1.00000 lam_s=1.04500 tsr_diff=0.032198 integral_mean=-0.000033 integral_std=0.090951 log_ratio=-0.0789 accept=0.9242 swapped=True
i=10 pair=(3,2) lam_t=1.04950 lam_s=1.05000 tsr_diff=0.000344 integral_mean=0.000066 integral_std=0.001051 log_ratio=0.0000 accept=1.0000 swapped=True
i=11 pair=(0,2) lam_t=1.04500 lam_s=1.04950 tsr_diff=0.003437 integral_mean=0.000351 integral_std=0.007917 log_ratio=0.0000 accept=1.0000 swapped=True
i=11 pair=(2,0) lam_t=1.04500 lam_s=1.04950 tsr_diff=0.003437 integral_mean=-0.000284 integral_std=0.007965 log_ratio=-0.6817 accept=0.5057 swapped=True
i=12 pair=(1,0) lam_t=1.00000 lam_s=1.04500 tsr_diff=0.038747 integral_mean=-0.004458 integral_std=0.141583 log_ratio=-10.6984 accept=0.0000 swapped=False
i=12 pair=(2,3) lam_t=1.04950 lam_s=1.05000 tsr_diff=0.000410 integral_mean=-0.000194 integral_std=0.001843 log_ratio=-0.4652 accept=0.6280 swapped=False
i=12 pair=(1,0) lam_t=1.00000 lam_s=1.04500 tsr_diff=0.038747 integral_mean=-0.009968 integral_std=0.154130 log_ratio=-23.9222 accept=0.0000 swapped=False
i=12 pair=(2,3) lam_t=1.04950 lam_s=1.05000 tsr_diff=0.000410 integral_mean=-0.000131 integral_std=0.001861 log_ratio=-0.3134 accept=0.7310 swapped=True
i=13 pair=(0,3) lam_t=1.04500 lam_s=1.04950 tsr_diff=0.003916 integral_mean=-0.003070 integral_std=0.032825 log_ratio=-7.3677 accept=0.0006 swapped=False
i=13 pair=(0,3) lam_t=1.04500 lam_s=1.04950 tsr_diff=0.003916 integral_mean=-0.002100 integral_std=0.025698 log_ratio=-5.0404 accept=0.0065 swapped=False
i=14 pair=(1,0) lam_t=1.00000 lam_s=1.04500 tsr_diff=0.042457 integral_mean=-0.011445 integral_std=0.353452 log_ratio=-27.4683 accept=0.0000 swapped=False
i=14 pair=(3,2) lam_t=1.04950 lam_s=1.05000 tsr_diff=0.000448 integral_mean=0.001459 integral_std=0.016487 log_ratio=0.0000 accept=1.0000 swapped=True
i=14 pair=(1,0) lam_t=1.00000 lam_s=1.04500 tsr_diff=0.042457 integral_mean=-0.004231 integral_std=0.300727 log_ratio=-10.1542 accept=0.0000 swapped=False
i=14 pair=(2,3) lam_t=1.04950 lam_s=1.05000 tsr_diff=0.000448 integral_mean=-0.001679 integral_std=0.013958 log_ratio=-4.0302 accept=0.0178 swapped=False
Best Sample: 2 log probability -0.087
Saved 1 samples to: logs/pointmaze-giant-navigate-v0/inference/plans/release_H400_T256_LimitsNormalizer_b1_condFalse/2026-07-17 16:45:09/28/0.png
Saved 1 samples to: logs/pointmaze-giant-navigate-v0/inference/plans/release_H400_T256_LimitsNormalizer_b1_condFalse/2026-07-17 16:45:09/28/rollout.png
i=0 pair=(0,1) lam_t=1.00000 lam_s=1.04500 tsr_diff=0.000000 integral_mean=0.000000 integral_std=0.000000 log_ratio=0.0000 accept=1.0000 swapped=True
i=0 pair=(2,3) lam_t=1.04950 lam_s=1.05000 tsr_diff=0.000000 integral_mean=0.000000 integral_std=0.000000 log_ratio=0.0000 accept=1.0000 swapped=True
i=0 pair=(1,0) lam_t=1.00000 lam_s=1.04500 tsr_diff=0.000000 integral_mean=0.000000 integral_std=0.000000 log_ratio=0.0000 accept=1.0000 swapped=True
i=0 pair=(3,2) lam_t=1.04950 lam_s=1.05000 tsr_diff=0.000000 integral_mean=0.000000 integral_std=0.000000 log_ratio=0.0000 accept=1.0000 swapped=True
i=1 pair=(1,2) lam_t=1.04500 lam_s=1.04950 tsr_diff=0.000048 integral_mean=-0.000000 integral_std=0.000091 log_ratio=-0.0012 accept=0.9988 swapped=True
i=1 pair=(2,1) lam_t=1.04500 lam_s=1.04950 tsr_diff=0.000048 integral_mean=-0.000002 integral_std=0.000097 log_ratio=-0.0048 accept=0.9952 swapped=True
i=2 pair=(0,1) lam_t=1.00000 lam_s=1.04500 tsr_diff=0.001897 integral_mean=-0.000015 integral_std=0.003677 log_ratio=-0.0370 accept=0.9637 swapped=True
i=2 pair=(2,3) lam_t=1.04950 lam_s=1.05000 tsr_diff=0.000021 integral_mean=-0.000003 integral_std=0.000043 log_ratio=-0.0066 accept=0.9934 swapped=True
i=2 pair=(1,0) lam_t=1.00000 lam_s=1.04500 tsr_diff=0.001897 integral_mean=-0.000015 integral_std=0.003900 log_ratio=-0.0350 accept=0.9656 swapped=True
i=2 pair=(3,2) lam_t=1.04950 lam_s=1.05000 tsr_diff=0.000021 integral_mean=-0.000001 integral_std=0.000043 log_ratio=-0.0017 accept=0.9983 swapped=True
i=3 pair=(1,2) lam_t=1.04500 lam_s=1.04950 tsr_diff=0.000416 integral_mean=0.000094 integral_std=0.000997 log_ratio=0.0000 accept=1.0000 swapped=True
i=3 pair=(2,1) lam_t=1.04500 lam_s=1.04950 tsr_diff=0.000416 integral_mean=-0.000039 integral_std=0.000887 log_ratio=-0.0934 accept=0.9108 swapped=True
i=4 pair=(0,1) lam_t=1.00000 lam_s=1.04500 tsr_diff=0.007228 integral_mean=-0.001343 integral_std=0.017682 log_ratio=-3.2228 accept=0.0398 swapped=False
i=4 pair=(2,3) lam_t=1.04950 lam_s=1.05000 tsr_diff=0.000080 integral_mean=-0.000004 integral_std=0.000164 log_ratio=-0.0108 accept=0.9893 swapped=True
i=4 pair=(0,1) lam_t=1.00000 lam_s=1.04500 tsr_diff=0.007228 integral_mean=-0.001067 integral_std=0.017920 log_ratio=-2.5602 accept=0.0773 swapped=False
i=4 pair=(3,2) lam_t=1.04950 lam_s=1.05000 tsr_diff=0.000080 integral_mean=0.000002 integral_std=0.000175 log_ratio=0.0000 accept=1.0000 swapped=True
i=5 pair=(1,2) lam_t=1.04500 lam_s=1.04950 tsr_diff=0.001076 integral_mean=0.000194 integral_std=0.002349 log_ratio=0.0000 accept=1.0000 swapped=True
i=5 pair=(2,1) lam_t=1.04500 lam_s=1.04950 tsr_diff=0.001076 integral_mean=-0.000074 integral_std=0.002414 log_ratio=-0.1777 accept=0.8372 swapped=True
i=6 pair=(0,1) lam_t=1.00000 lam_s=1.04500 tsr_diff=0.015004 integral_mean=0.001509 integral_std=0.036578 log_ratio=0.0000 accept=1.0000 swapped=True
i=6 pair=(2,3) lam_t=1.04950 lam_s=1.05000 tsr_diff=0.000164 integral_mean=-0.000004 integral_std=0.000372 log_ratio=-0.0100 accept=0.9901 swapped=True
i=6 pair=(1,0) lam_t=1.00000 lam_s=1.04500 tsr_diff=0.015004 integral_mean=-0.000709 integral_std=0.034924 log_ratio=-1.7019 accept=0.1823 swapped=False
i=6 pair=(3,2) lam_t=1.04950 lam_s=1.05000 tsr_diff=0.000164 integral_mean=0.000011 integral_std=0.000370 log_ratio=0.0000 accept=1.0000 swapped=True
i=7 pair=(0,2) lam_t=1.04500 lam_s=1.04950 tsr_diff=0.001897 integral_mean=0.000113 integral_std=0.004647 log_ratio=0.0000 accept=1.0000 swapped=True
i=7 pair=(2,0) lam_t=1.04500 lam_s=1.04950 tsr_diff=0.001897 integral_mean=-0.000116 integral_std=0.004725 log_ratio=-0.2793 accept=0.7564 swapped=False
i=8 pair=(1,2) lam_t=1.00000 lam_s=1.04500 tsr_diff=0.023831 integral_mean=-0.000574 integral_std=0.057196 log_ratio=-1.3784 accept=0.2520 swapped=False
i=8 pair=(0,3) lam_t=1.04950 lam_s=1.05000 tsr_diff=0.000257 integral_mean=0.000045 integral_std=0.000592 log_ratio=0.0000 accept=1.0000 swapped=True
i=8 pair=(1,2) lam_t=1.00000 lam_s=1.04500 tsr_diff=0.023831 integral_mean=-0.000891 integral_std=0.056279 log_ratio=-2.1388 accept=0.1178 swapped=False
i=8 pair=(3,0) lam_t=1.04950 lam_s=1.05000 tsr_diff=0.000257 integral_mean=-0.000054 integral_std=0.000586 log_ratio=-0.1300 accept=0.8781 swapped=True
i=9 pair=(2,0) lam_t=1.04500 lam_s=1.04950 tsr_diff=0.002729 integral_mean=-0.000532 integral_std=0.008053 log_ratio=-1.2771 accept=0.2788 swapped=False
i=9 pair=(2,0) lam_t=1.04500 lam_s=1.04950 tsr_diff=0.002729 integral_mean=-0.000634 integral_std=0.008885 log_ratio=-1.5214 accept=0.2184 swapped=True
i=10 pair=(1,0) lam_t=1.00000 lam_s=1.04500 tsr_diff=0.032198 integral_mean=-0.006442 integral_std=0.095942 log_ratio=-15.4619 accept=0.0000 swapped=False
i=10 pair=(2,3) lam_t=1.04950 lam_s=1.05000 tsr_diff=0.000344 integral_mean=-0.000008 integral_std=0.000972 log_ratio=-0.0185 accept=0.9817 swapped=True
i=10 pair=(1,0) lam_t=1.00000 lam_s=1.04500 tsr_diff=0.032198 integral_mean=-0.004811 integral_std=0.081126 log_ratio=-11.5456 accept=0.0000 swapped=False
i=10 pair=(3,2) lam_t=1.04950 lam_s=1.05000 tsr_diff=0.000344 integral_mean=0.000002 integral_std=0.001033 log_ratio=0.0000 accept=1.0000 swapped=True
i=11 pair=(0,2) lam_t=1.04500 lam_s=1.04950 tsr_diff=0.003437 integral_mean=0.000073 integral_std=0.012120 log_ratio=0.0000 accept=1.0000 swapped=True
i=11 pair=(2,0) lam_t=1.04500 lam_s=1.04950 tsr_diff=0.003437 integral_mean=0.000207 integral_std=0.011274 log_ratio=0.0000 accept=1.0000 swapped=True
i=12 pair=(1,0) lam_t=1.00000 lam_s=1.04500 tsr_diff=0.038747 integral_mean=-0.005605 integral_std=0.157891 log_ratio=-13.4517 accept=0.0000 swapped=False
i=12 pair=(2,3) lam_t=1.04950 lam_s=1.05000 tsr_diff=0.000410 integral_mean=0.000022 integral_std=0.001765 log_ratio=0.0000 accept=1.0000 swapped=True
i=12 pair=(1,0) lam_t=1.00000 lam_s=1.04500 tsr_diff=0.038747 integral_mean=-0.004581 integral_std=0.131078 log_ratio=-10.9942 accept=0.0000 swapped=False
i=12 pair=(3,2) lam_t=1.04950 lam_s=1.05000 tsr_diff=0.000410 integral_mean=0.000027 integral_std=0.001636 log_ratio=0.0000 accept=1.0000 swapped=True
i=13 pair=(0,2) lam_t=1.04500 lam_s=1.04950 tsr_diff=0.003916 integral_mean=-0.000776 integral_std=0.024455 log_ratio=-1.8618 accept=0.1554 swapped=False
i=13 pair=(0,2) lam_t=1.04500 lam_s=1.04950 tsr_diff=0.003916 integral_mean=-0.001309 integral_std=0.022257 log_ratio=-3.1411 accept=0.0432 swapped=False
i=14 pair=(1,0) lam_t=1.00000 lam_s=1.04500 tsr_diff=0.042457 integral_mean=-0.012107 integral_std=0.487948 log_ratio=-29.0566 accept=0.0000 swapped=False
i=14 pair=(2,3) lam_t=1.04950 lam_s=1.05000 tsr_diff=0.000448 integral_mean=0.000375 integral_std=0.006780 log_ratio=0.0000 accept=1.0000 swapped=True
i=14 pair=(1,0) lam_t=1.00000 lam_s=1.04500 tsr_diff=0.042457 integral_mean=-0.009902 integral_std=0.301110 log_ratio=-23.7637 accept=0.0000 swapped=False
i=14 pair=(3,2) lam_t=1.04950 lam_s=1.05000 tsr_diff=0.000448 integral_mean=0.000284 integral_std=0.007037 log_ratio=0.0000 accept=1.0000 swapped=True
Best Sample: 0 log probability -9.052
Saved 1 samples to: logs/pointmaze-giant-navigate-v0/inference/plans/release_H400_T256_LimitsNormalizer_b1_condFalse/2026-07-17 16:45:09/29/0.png
Saved 1 samples to: logs/pointmaze-giant-navigate-v0/inference/plans/release_H400_T256_LimitsNormalizer_b1_condFalse/2026-07-17 16:45:09/29/rollout.png
i=0 pair=(0,1) lam_t=1.00000 lam_s=1.04500 tsr_diff=0.000000 integral_mean=0.000000 integral_std=0.000000 log_ratio=0.0000 accept=1.0000 swapped=True
i=0 pair=(2,3) lam_t=1.04950 lam_s=1.05000 tsr_diff=0.000000 integral_mean=0.000000 integral_std=0.000000 log_ratio=0.0000 accept=1.0000 swapped=True
i=0 pair=(1,0) lam_t=1.00000 lam_s=1.04500 tsr_diff=0.000000 integral_mean=0.000000 integral_std=0.000000 log_ratio=0.0000 accept=1.0000 swapped=True
i=0 pair=(3,2) lam_t=1.04950 lam_s=1.05000 tsr_diff=0.000000 integral_mean=0.000000 integral_std=0.000000 log_ratio=0.0000 accept=1.0000 swapped=True
i=1 pair=(1,2) lam_t=1.04500 lam_s=1.04950 tsr_diff=0.000048 integral_mean=0.000000 integral_std=0.000097 log_ratio=0.0000 accept=1.0000 swapped=True
i=1 pair=(2,1) lam_t=1.04500 lam_s=1.04950 tsr_diff=0.000048 integral_mean=-0.000001 integral_std=0.000092 log_ratio=-0.0024 accept=0.9976 swapped=True
i=2 pair=(0,1) lam_t=1.00000 lam_s=1.04500 tsr_diff=0.001897 integral_mean=-0.000028 integral_std=0.003707 log_ratio=-0.0683 accept=0.9340 swapped=True
i=2 pair=(2,3) lam_t=1.04950 lam_s=1.05000 tsr_diff=0.000021 integral_mean=-0.000002 integral_std=0.000045 log_ratio=-0.0057 accept=0.9943 swapped=True
i=2 pair=(1,0) lam_t=1.00000 lam_s=1.04500 tsr_diff=0.001897 integral_mean=0.000085 integral_std=0.004054 log_ratio=0.0000 accept=1.0000 swapped=True
i=2 pair=(3,2) lam_t=1.04950 lam_s=1.05000 tsr_diff=0.000021 integral_mean=0.000000 integral_std=0.000043 log_ratio=0.0000 accept=1.0000 swapped=True
i=3 pair=(1,2) lam_t=1.04500 lam_s=1.04950 tsr_diff=0.000416 integral_mean=0.000040 integral_std=0.000847 log_ratio=0.0000 accept=1.0000 swapped=True
i=3 pair=(2,1) lam_t=1.04500 lam_s=1.04950 tsr_diff=0.000416 integral_mean=-0.000003 integral_std=0.000840 log_ratio=-0.0082 accept=0.9919 swapped=True
i=4 pair=(0,1) lam_t=1.00000 lam_s=1.04500 tsr_diff=0.007228 integral_mean=-0.000219 integral_std=0.015070 log_ratio=-0.5252 accept=0.5914 swapped=False
i=4 pair=(2,3) lam_t=1.04950 lam_s=1.05000 tsr_diff=0.000080 integral_mean=-0.000005 integral_std=0.000170 log_ratio=-0.0114 accept=0.9887 swapped=True
i=4 pair=(0,1) lam_t=1.00000 lam_s=1.04500 tsr_diff=0.007228 integral_mean=-0.000356 integral_std=0.015231 log_ratio=-0.8538 accept=0.4258 swapped=True
i=4 pair=(3,2) lam_t=1.04950 lam_s=1.05000 tsr_diff=0.000080 integral_mean=0.000005 integral_std=0.000171 log_ratio=0.0000 accept=1.0000 swapped=True
i=5 pair=(0,2) lam_t=1.04500 lam_s=1.04950 tsr_diff=0.001076 integral_mean=-0.000041 integral_std=0.002324 log_ratio=-0.0986 accept=0.9061 swapped=True
i=5 pair=(2,0) lam_t=1.04500 lam_s=1.04950 tsr_diff=0.001076 integral_mean=-0.000020 integral_std=0.002308 log_ratio=-0.0478 accept=0.9533 swapped=True
i=6 pair=(1,0) lam_t=1.00000 lam_s=1.04500 tsr_diff=0.015004 integral_mean=0.000360 integral_std=0.032282 log_ratio=0.0000 accept=1.0000 swapped=True
i=6 pair=(2,3) lam_t=1.04950 lam_s=1.05000 tsr_diff=0.000164 integral_mean=0.000002 integral_std=0.000361 log_ratio=0.0000 accept=1.0000 swapped=True
i=6 pair=(0,1) lam_t=1.00000 lam_s=1.04500 tsr_diff=0.015004 integral_mean=0.000439 integral_std=0.030812 log_ratio=0.0000 accept=1.0000 swapped=True
i=6 pair=(3,2) lam_t=1.04950 lam_s=1.05000 tsr_diff=0.000164 integral_mean=0.000012 integral_std=0.000356 log_ratio=0.0000 accept=1.0000 swapped=True
i=7 pair=(0,2) lam_t=1.04500 lam_s=1.04950 tsr_diff=0.001897 integral_mean=0.000014 integral_std=0.004031 log_ratio=0.0000 accept=1.0000 swapped=True
i=7 pair=(2,0) lam_t=1.04500 lam_s=1.04950 tsr_diff=0.001897 integral_mean=-0.000011 integral_std=0.004195 log_ratio=-0.0274 accept=0.9729 swapped=True
i=8 pair=(1,0) lam_t=1.00000 lam_s=1.04500 tsr_diff=0.023831 integral_mean=0.000246 integral_std=0.049743 log_ratio=0.0000 accept=1.0000 swapped=True
i=8 pair=(2,3) lam_t=1.04950 lam_s=1.05000 tsr_diff=0.000257 integral_mean=0.000096 integral_std=0.000802 log_ratio=0.0000 accept=1.0000 swapped=True
i=8 pair=(0,1) lam_t=1.00000 lam_s=1.04500 tsr_diff=0.023831 integral_mean=0.000869 integral_std=0.048404 log_ratio=0.0000 accept=1.0000 swapped=True
i=8 pair=(3,2) lam_t=1.04950 lam_s=1.05000 tsr_diff=0.000257 integral_mean=-0.000054 integral_std=0.000673 log_ratio=-0.1291 accept=0.8789 swapped=True
i=9 pair=(0,2) lam_t=1.04500 lam_s=1.04950 tsr_diff=0.002729 integral_mean=-0.000681 integral_std=0.007551 log_ratio=-1.6350 accept=0.1950 swapped=True
i=9 pair=(2,0) lam_t=1.04500 lam_s=1.04950 tsr_diff=0.002729 integral_mean=0.000744 integral_std=0.007645 log_ratio=0.0000 accept=1.0000 swapped=True
i=10 pair=(1,0) lam_t=1.00000 lam_s=1.04500 tsr_diff=0.032198 integral_mean=0.001636 integral_std=0.082835 log_ratio=0.0000 accept=1.0000 swapped=True
i=10 pair=(2,3) lam_t=1.04950 lam_s=1.05000 tsr_diff=0.000344 integral_mean=0.000095 integral_std=0.001093 log_ratio=0.0000 accept=1.0000 swapped=True
i=10 pair=(0,1) lam_t=1.00000 lam_s=1.04500 tsr_diff=0.032198 integral_mean=0.001669 integral_std=0.070313 log_ratio=0.0000 accept=1.0000 swapped=True
i=10 pair=(3,2) lam_t=1.04950 lam_s=1.05000 tsr_diff=0.000344 integral_mean=-0.000108 integral_std=0.001182 log_ratio=-0.2588 accept=0.7719 swapped=False
i=11 pair=(0,3) lam_t=1.04500 lam_s=1.04950 tsr_diff=0.003437 integral_mean=-0.000465 integral_std=0.009326 log_ratio=-1.1151 accept=0.3279 swapped=True
i=11 pair=(3,0) lam_t=1.04500 lam_s=1.04950 tsr_diff=0.003437 integral_mean=0.000458 integral_std=0.009380 log_ratio=0.0000 accept=1.0000 swapped=True
i=12 pair=(1,0) lam_t=1.00000 lam_s=1.04500 tsr_diff=0.038747 integral_mean=0.003801 integral_std=0.123076 log_ratio=0.0000 accept=1.0000 swapped=True
i=12 pair=(3,2) lam_t=1.04950 lam_s=1.05000 tsr_diff=0.000410 integral_mean=-0.000380 integral_std=0.002474 log_ratio=-0.9123 accept=0.4016 swapped=False
i=12 pair=(0,1) lam_t=1.00000 lam_s=1.04500 tsr_diff=0.038747 integral_mean=-0.002754 integral_std=0.094028 log_ratio=-6.6098 accept=0.0013 swapped=False
i=12 pair=(3,2) lam_t=1.04950 lam_s=1.05000 tsr_diff=0.000410 integral_mean=-0.000238 integral_std=0.002089 log_ratio=-0.5707 accept=0.5651 swapped=False
i=13 pair=(1,3) lam_t=1.04500 lam_s=1.04950 tsr_diff=0.003916 integral_mean=-0.000635 integral_std=0.018567 log_ratio=-1.5251 accept=0.2176 swapped=False
i=13 pair=(1,3) lam_t=1.04500 lam_s=1.04950 tsr_diff=0.003916 integral_mean=-0.001031 integral_std=0.019304 log_ratio=-2.4733 accept=0.0843 swapped=False
i=14 pair=(0,1) lam_t=1.00000 lam_s=1.04500 tsr_diff=0.042457 integral_mean=-0.023658 integral_std=0.282149 log_ratio=-56.7792 accept=0.0000 swapped=False
i=14 pair=(3,2) lam_t=1.04950 lam_s=1.05000 tsr_diff=0.000448 integral_mean=-0.000491 integral_std=0.008626 log_ratio=-1.1787 accept=0.3077 swapped=False
i=14 pair=(0,1) lam_t=1.00000 lam_s=1.04500 tsr_diff=0.042457 integral_mean=-0.001216 integral_std=0.408103 log_ratio=-2.9182 accept=0.0540 swapped=False
i=14 pair=(3,2) lam_t=1.04950 lam_s=1.05000 tsr_diff=0.000448 integral_mean=0.000376 integral_std=0.006527 log_ratio=0.0000 accept=1.0000 swapped=True
Best Sample: 0 log probability -0.217
Saved 1 samples to: logs/pointmaze-giant-navigate-v0/inference/plans/release_H400_T256_LimitsNormalizer_b1_condFalse/2026-07-17 16:45:09/30/0.png
Saved 1 samples to: logs/pointmaze-giant-navigate-v0/inference/plans/release_H400_T256_LimitsNormalizer_b1_condFalse/2026-07-17 16:45:09/30/rollout.png
i=0 pair=(0,1) lam_t=1.00000 lam_s=1.04500 tsr_diff=0.000000 integral_mean=0.000000 integral_std=0.000000 log_ratio=0.0000 accept=1.0000 swapped=True
i=0 pair=(2,3) lam_t=1.04950 lam_s=1.05000 tsr_diff=0.000000 integral_mean=0.000000 integral_std=0.000000 log_ratio=0.0000 accept=1.0000 swapped=True
i=0 pair=(1,0) lam_t=1.00000 lam_s=1.04500 tsr_diff=0.000000 integral_mean=0.000000 integral_std=0.000000 log_ratio=0.0000 accept=1.0000 swapped=True
i=0 pair=(3,2) lam_t=1.04950 lam_s=1.05000 tsr_diff=0.000000 integral_mean=0.000000 integral_std=0.000000 log_ratio=0.0000 accept=1.0000 swapped=True
i=1 pair=(1,2) lam_t=1.04500 lam_s=1.04950 tsr_diff=0.000048 integral_mean=0.000003 integral_std=0.000096 log_ratio=0.0000 accept=1.0000 swapped=True
i=1 pair=(2,1) lam_t=1.04500 lam_s=1.04950 tsr_diff=0.000048 integral_mean=0.000000 integral_std=0.000098 log_ratio=0.0000 accept=1.0000 swapped=True
i=2 pair=(0,1) lam_t=1.00000 lam_s=1.04500 tsr_diff=0.001897 integral_mean=0.000083 integral_std=0.004051 log_ratio=0.0000 accept=1.0000 swapped=True
i=2 pair=(2,3) lam_t=1.04950 lam_s=1.05000 tsr_diff=0.000021 integral_mean=0.000001 integral_std=0.000042 log_ratio=0.0000 accept=1.0000 swapped=True
i=2 pair=(1,0) lam_t=1.00000 lam_s=1.04500 tsr_diff=0.001897 integral_mean=-0.000223 integral_std=0.003833 log_ratio=-0.5353 accept=0.5855 swapped=True
i=2 pair=(3,2) lam_t=1.04950 lam_s=1.05000 tsr_diff=0.000021 integral_mean=-0.000007 integral_std=0.000052 log_ratio=-0.0172 accept=0.9830 swapped=True
i=3 pair=(1,2) lam_t=1.04500 lam_s=1.04950 tsr_diff=0.000416 integral_mean=-0.000082 integral_std=0.000931 log_ratio=-0.1974 accept=0.8208 swapped=True
i=3 pair=(2,1) lam_t=1.04500 lam_s=1.04950 tsr_diff=0.000416 integral_mean=0.000022 integral_std=0.000879 log_ratio=0.0000 accept=1.0000 swapped=True
i=4 pair=(0,1) lam_t=1.00000 lam_s=1.04500 tsr_diff=0.007228 integral_mean=-0.000291 integral_std=0.015112 log_ratio=-0.6984 accept=0.4974 swapped=True
i=4 pair=(2,3) lam_t=1.04950 lam_s=1.05000 tsr_diff=0.000080 integral_mean=0.000009 integral_std=0.000179 log_ratio=0.0000 accept=1.0000 swapped=True
i=4 pair=(1,0) lam_t=1.00000 lam_s=1.04500 tsr_diff=0.007228 integral_mean=-0.000086 integral_std=0.014673 log_ratio=-0.2065 accept=0.8135 swapped=True
i=4 pair=(3,2) lam_t=1.04950 lam_s=1.05000 tsr_diff=0.000080 integral_mean=-0.000009 integral_std=0.000170 log_ratio=-0.0207 accept=0.9795 swapped=True
i=5 pair=(1,2) lam_t=1.04500 lam_s=1.04950 tsr_diff=0.001076 integral_mean=-0.000074 integral_std=0.002449 log_ratio=-0.1785 accept=0.8365 swapped=True
i=5 pair=(2,1) lam_t=1.04500 lam_s=1.04950 tsr_diff=0.001076 integral_mean=0.000012 integral_std=0.002199 log_ratio=0.0000 accept=1.0000 swapped=True
i=6 pair=(0,1) lam_t=1.00000 lam_s=1.04500 tsr_diff=0.015004 integral_mean=-0.001119 integral_std=0.031734 log_ratio=-2.6851 accept=0.0682 swapped=False
i=6 pair=(2,3) lam_t=1.04950 lam_s=1.05000 tsr_diff=0.000164 integral_mean=-0.000002 integral_std=0.000379 log_ratio=-0.0054 accept=0.9946 swapped=True
i=6 pair=(0,1) lam_t=1.00000 lam_s=1.04500 tsr_diff=0.015004 integral_mean=-0.001586 integral_std=0.032135 log_ratio=-3.8069 accept=0.0222 swapped=False
i=6 pair=(3,2) lam_t=1.04950 lam_s=1.05000 tsr_diff=0.000164 integral_mean=0.000006 integral_std=0.000383 log_ratio=0.0000 accept=1.0000 swapped=True
i=7 pair=(1,2) lam_t=1.04500 lam_s=1.04950 tsr_diff=0.001897 integral_mean=0.000118 integral_std=0.004558 log_ratio=0.0000 accept=1.0000 swapped=True
i=7 pair=(2,1) lam_t=1.04500 lam_s=1.04950 tsr_diff=0.001897 integral_mean=-0.000225 integral_std=0.004378 log_ratio=-0.5410 accept=0.5822 swapped=True
i=8 pair=(0,1) lam_t=1.00000 lam_s=1.04500 tsr_diff=0.023831 integral_mean=-0.003161 integral_std=0.061425 log_ratio=-7.5868 accept=0.0005 swapped=False
i=8 pair=(2,3) lam_t=1.04950 lam_s=1.05000 tsr_diff=0.000257 integral_mean=-0.000041 integral_std=0.000656 log_ratio=-0.0983 accept=0.9063 swapped=True
i=8 pair=(0,1) lam_t=1.00000 lam_s=1.04500 tsr_diff=0.023831 integral_mean=-0.002564 integral_std=0.056237 log_ratio=-6.1537 accept=0.0021 swapped=False
i=8 pair=(3,2) lam_t=1.04950 lam_s=1.05000 tsr_diff=0.000257 integral_mean=0.000022 integral_std=0.000651 log_ratio=0.0000 accept=1.0000 swapped=True
i=9 pair=(1,2) lam_t=1.04500 lam_s=1.04950 tsr_diff=0.002729 integral_mean=0.000438 integral_std=0.007366 log_ratio=0.0000 accept=1.0000 swapped=True
i=9 pair=(2,1) lam_t=1.04500 lam_s=1.04950 tsr_diff=0.002729 integral_mean=-0.000383 integral_std=0.007170 log_ratio=-0.9190 accept=0.3989 swapped=False
i=10 pair=(0,2) lam_t=1.00000 lam_s=1.04500 tsr_diff=0.032198 integral_mean=-0.001925 integral_std=0.089948 log_ratio=-4.6198 accept=0.0099 swapped=False
i=10 pair=(1,3) lam_t=1.04950 lam_s=1.05000 tsr_diff=0.000344 integral_mean=-0.000002 integral_std=0.001043 log_ratio=-0.0038 accept=0.9962 swapped=True
i=10 pair=(0,2) lam_t=1.00000 lam_s=1.04500 tsr_diff=0.032198 integral_mean=-0.003527 integral_std=0.087020 log_ratio=-8.4644 accept=0.0002 swapped=False
i=10 pair=(3,1) lam_t=1.04950 lam_s=1.05000 tsr_diff=0.000344 integral_mean=-0.000013 integral_std=0.001053 log_ratio=-0.0313 accept=0.9692 swapped=True
i=11 pair=(2,1) lam_t=1.04500 lam_s=1.04950 tsr_diff=0.003437 integral_mean=-0.000486 integral_std=0.012069 log_ratio=-1.1672 accept=0.3112 swapped=False
i=11 pair=(2,1) lam_t=1.04500 lam_s=1.04950 tsr_diff=0.003437 integral_mean=-0.000429 integral_std=0.010686 log_ratio=-1.0290 accept=0.3574 swapped=False
i=12 pair=(0,2) lam_t=1.00000 lam_s=1.04500 tsr_diff=0.038747 integral_mean=0.001160 integral_std=0.126599 log_ratio=0.0000 accept=1.0000 swapped=True
i=12 pair=(1,3) lam_t=1.04950 lam_s=1.05000 tsr_diff=0.000410 integral_mean=-0.000016 integral_std=0.001829 log_ratio=-0.0393 accept=0.9615 swapped=True
i=12 pair=(2,0) lam_t=1.00000 lam_s=1.04500 tsr_diff=0.038747 integral_mean=0.001684 integral_std=0.116257 log_ratio=0.0000 accept=1.0000 swapped=True
i=12 pair=(3,1) lam_t=1.04950 lam_s=1.05000 tsr_diff=0.000410 integral_mean=0.000285 integral_std=0.003478 log_ratio=0.0000 accept=1.0000 swapped=True
i=13 pair=(2,1) lam_t=1.04500 lam_s=1.04950 tsr_diff=0.003916 integral_mean=-0.002693 integral_std=0.026597 log_ratio=-6.4630 accept=0.0016 swapped=False
i=13 pair=(2,1) lam_t=1.04500 lam_s=1.04950 tsr_diff=0.003916 integral_mean=-0.001095 integral_std=0.020529 log_ratio=-2.6286 accept=0.0722 swapped=False
i=14 pair=(0,2) lam_t=1.00000 lam_s=1.04500 tsr_diff=0.042457 integral_mean=0.005885 integral_std=0.402465 log_ratio=0.0000 accept=1.0000 swapped=True
i=14 pair=(1,3) lam_t=1.04950 lam_s=1.05000 tsr_diff=0.000448 integral_mean=-0.002673 integral_std=0.018325 log_ratio=-6.4155 accept=0.0016 swapped=False
i=14 pair=(2,0) lam_t=1.00000 lam_s=1.04500 tsr_diff=0.042457 integral_mean=0.016995 integral_std=0.347415 log_ratio=0.0000 accept=1.0000 swapped=True
i=14 pair=(1,3) lam_t=1.04950 lam_s=1.05000 tsr_diff=0.000448 integral_mean=-0.001001 integral_std=0.008598 log_ratio=-2.4020 accept=0.0905 swapped=False
Best Sample: 2 log probability -1.699
Saved 1 samples to: logs/pointmaze-giant-navigate-v0/inference/plans/release_H400_T256_LimitsNormalizer_b1_condFalse/2026-07-17 16:45:09/31/0.png
Saved 1 samples to: logs/pointmaze-giant-navigate-v0/inference/plans/release_H400_T256_LimitsNormalizer_b1_condFalse/2026-07-17 16:45:09/31/rollout.png
i=0 pair=(0,1) lam_t=1.00000 lam_s=1.04500 tsr_diff=0.000000 integral_mean=0.000000 integral_std=0.000000 log_ratio=0.0000 accept=1.0000 swapped=True
i=0 pair=(2,3) lam_t=1.04950 lam_s=1.05000 tsr_diff=0.000000 integral_mean=0.000000 integral_std=0.000000 log_ratio=0.0000 accept=1.0000 swapped=True
i=0 pair=(1,0) lam_t=1.00000 lam_s=1.04500 tsr_diff=0.000000 integral_mean=0.000000 integral_std=0.000000 log_ratio=0.0000 accept=1.0000 swapped=True
i=0 pair=(3,2) lam_t=1.04950 lam_s=1.05000 tsr_diff=0.000000 integral_mean=0.000000 integral_std=0.000000 log_ratio=0.0000 accept=1.0000 swapped=True
i=1 pair=(1,2) lam_t=1.04500 lam_s=1.04950 tsr_diff=0.000048 integral_mean=0.000002 integral_std=0.000096 log_ratio=0.0000 accept=1.0000 swapped=True
i=1 pair=(2,1) lam_t=1.04500 lam_s=1.04950 tsr_diff=0.000048 integral_mean=0.000005 integral_std=0.000100 log_ratio=0.0000 accept=1.0000 swapped=True
i=2 pair=(0,1) lam_t=1.00000 lam_s=1.04500 tsr_diff=0.001897 integral_mean=0.000083 integral_std=0.003937 log_ratio=0.0000 accept=1.0000 swapped=True
i=2 pair=(2,3) lam_t=1.04950 lam_s=1.05000 tsr_diff=0.000021 integral_mean=0.000001 integral_std=0.000044 log_ratio=0.0000 accept=1.0000 swapped=True
i=2 pair=(1,0) lam_t=1.00000 lam_s=1.04500 tsr_diff=0.001897 integral_mean=-0.000033 integral_std=0.003824 log_ratio=-0.0800 accept=0.9231 swapped=True
i=2 pair=(3,2) lam_t=1.04950 lam_s=1.05000 tsr_diff=0.000021 integral_mean=0.000000 integral_std=0.000045 log_ratio=0.0000 accept=1.0000 swapped=True
i=3 pair=(1,2) lam_t=1.04500 lam_s=1.04950 tsr_diff=0.000416 integral_mean=-0.000046 integral_std=0.000834 log_ratio=-0.1109 accept=0.8950 swapped=True
i=3 pair=(2,1) lam_t=1.04500 lam_s=1.04950 tsr_diff=0.000416 integral_mean=0.000049 integral_std=0.000831 log_ratio=0.0000 accept=1.0000 swapped=True
i=4 pair=(0,1) lam_t=1.00000 lam_s=1.04500 tsr_diff=0.007228 integral_mean=0.000751 integral_std=0.015736 log_ratio=0.0000 accept=1.0000 swapped=True
i=4 pair=(2,3) lam_t=1.04950 lam_s=1.05000 tsr_diff=0.000080 integral_mean=0.000002 integral_std=0.000171 log_ratio=0.0000 accept=1.0000 swapped=True
i=4 pair=(1,0) lam_t=1.00000 lam_s=1.04500 tsr_diff=0.007228 integral_mean=-0.000405 integral_std=0.014793 log_ratio=-0.9729 accept=0.3780 swapped=False
i=4 pair=(3,2) lam_t=1.04950 lam_s=1.05000 tsr_diff=0.000080 integral_mean=-0.000004 integral_std=0.000172 log_ratio=-0.0099 accept=0.9902 swapped=True
i=5 pair=(0,2) lam_t=1.04500 lam_s=1.04950 tsr_diff=0.001076 integral_mean=-0.000047 integral_std=0.002490 log_ratio=-0.1122 accept=0.8939 swapped=True
i=5 pair=(2,0) lam_t=1.04500 lam_s=1.04950 tsr_diff=0.001076 integral_mean=-0.000057 integral_std=0.002302 log_ratio=-0.1357 accept=0.8731 swapped=True
i=6 pair=(1,0) lam_t=1.00000 lam_s=1.04500 tsr_diff=0.015004 integral_mean=0.000590 integral_std=0.031818 log_ratio=0.0000 accept=1.0000 swapped=True
i=6 pair=(2,3) lam_t=1.04950 lam_s=1.05000 tsr_diff=0.000164 integral_mean=-0.000006 integral_std=0.000377 log_ratio=-0.0141 accept=0.9860 swapped=True
i=6 pair=(0,1) lam_t=1.00000 lam_s=1.04500 tsr_diff=0.015004 integral_mean=-0.000875 integral_std=0.030179 log_ratio=-2.0991 accept=0.1226 swapped=False
i=6 pair=(3,2) lam_t=1.04950 lam_s=1.05000 tsr_diff=0.000164 integral_mean=0.000007 integral_std=0.000371 log_ratio=0.0000 accept=1.0000 swapped=True
i=7 pair=(1,2) lam_t=1.04500 lam_s=1.04950 tsr_diff=0.001897 integral_mean=0.000019 integral_std=0.004749 log_ratio=0.0000 accept=1.0000 swapped=True
i=7 pair=(2,1) lam_t=1.04500 lam_s=1.04950 tsr_diff=0.001897 integral_mean=-0.000068 integral_std=0.004494 log_ratio=-0.1627 accept=0.8498 swapped=True
i=8 pair=(0,1) lam_t=1.00000 lam_s=1.04500 tsr_diff=0.023831 integral_mean=-0.001183 integral_std=0.051727 log_ratio=-2.8399 accept=0.0584 swapped=False
i=8 pair=(2,3) lam_t=1.04950 lam_s=1.05000 tsr_diff=0.000257 integral_mean=-0.000003 integral_std=0.000654 log_ratio=-0.0067 accept=0.9933 swapped=True
i=8 pair=(0,1) lam_t=1.00000 lam_s=1.04500 tsr_diff=0.023831 integral_mean=-0.002389 integral_std=0.052000 log_ratio=-5.7339 accept=0.0032 swapped=False
i=8 pair=(3,2) lam_t=1.04950 lam_s=1.05000 tsr_diff=0.000257 integral_mean=0.000007 integral_std=0.000687 log_ratio=0.0000 accept=1.0000 swapped=True
i=9 pair=(1,2) lam_t=1.04500 lam_s=1.04950 tsr_diff=0.002729 integral_mean=0.000110 integral_std=0.007657 log_ratio=0.0000 accept=1.0000 swapped=True
i=9 pair=(2,1) lam_t=1.04500 lam_s=1.04950 tsr_diff=0.002729 integral_mean=-0.000198 integral_std=0.007329 log_ratio=-0.4760 accept=0.6213 swapped=False
i=10 pair=(0,2) lam_t=1.00000 lam_s=1.04500 tsr_diff=0.032198 integral_mean=0.004572 integral_std=0.101934 log_ratio=0.0000 accept=1.0000 swapped=True
i=10 pair=(1,3) lam_t=1.04950 lam_s=1.05000 tsr_diff=0.000344 integral_mean=0.000039 integral_std=0.000854 log_ratio=0.0000 accept=1.0000 swapped=True
i=10 pair=(2,0) lam_t=1.00000 lam_s=1.04500 tsr_diff=0.032198 integral_mean=-0.001220 integral_std=0.095581 log_ratio=-2.9270 accept=0.0536 swapped=False
i=10 pair=(3,1) lam_t=1.04950 lam_s=1.05000 tsr_diff=0.000344 integral_mean=-0.000018 integral_std=0.000885 log_ratio=-0.0430 accept=0.9579 swapped=True
i=11 pair=(0,1) lam_t=1.04500 lam_s=1.04950 tsr_diff=0.003437 integral_mean=0.000132 integral_std=0.010415 log_ratio=0.0000 accept=1.0000 swapped=True
i=11 pair=(1,0) lam_t=1.04500 lam_s=1.04950 tsr_diff=0.003437 integral_mean=0.000252 integral_std=0.008669 log_ratio=0.0000 accept=1.0000 swapped=True
i=12 pair=(2,0) lam_t=1.00000 lam_s=1.04500 tsr_diff=0.038747 integral_mean=-0.028614 integral_std=0.269119 log_ratio=-68.6747 accept=0.0000 swapped=False
i=12 pair=(1,3) lam_t=1.04950 lam_s=1.05000 tsr_diff=0.000410 integral_mean=-0.000010 integral_std=0.001273 log_ratio=-0.0245 accept=0.9758 swapped=True
i=12 pair=(2,0) lam_t=1.00000 lam_s=1.04500 tsr_diff=0.038747 integral_mean=-0.025476 integral_std=0.192798 log_ratio=-61.1419 accept=0.0000 swapped=False
i=12 pair=(3,1) lam_t=1.04950 lam_s=1.05000 tsr_diff=0.000410 integral_mean=-0.000019 integral_std=0.001411 log_ratio=-0.0463 accept=0.9547 swapped=True
i=13 pair=(0,1) lam_t=1.04500 lam_s=1.04950 tsr_diff=0.003916 integral_mean=0.000720 integral_std=0.019682 log_ratio=0.0000 accept=1.0000 swapped=True
i=13 pair=(1,0) lam_t=1.04500 lam_s=1.04950 tsr_diff=0.003916 integral_mean=-0.000152 integral_std=0.019951 log_ratio=-0.3645 accept=0.6945 swapped=False
i=14 pair=(2,1) lam_t=1.00000 lam_s=1.04500 tsr_diff=0.042457 integral_mean=-0.041689 integral_std=0.604619 log_ratio=-100.0528 accept=0.0000 swapped=False
i=14 pair=(0,3) lam_t=1.04950 lam_s=1.05000 tsr_diff=0.000448 integral_mean=-0.001548 integral_std=0.020460 log_ratio=-3.7145 accept=0.0244 swapped=False
i=14 pair=(2,1) lam_t=1.00000 lam_s=1.04500 tsr_diff=0.042457 integral_mean=-0.059972 integral_std=0.622417 log_ratio=-143.9323 accept=0.0000 swapped=False
i=14 pair=(0,3) lam_t=1.04950 lam_s=1.05000 tsr_diff=0.000448 integral_mean=0.000565 integral_std=0.021079 log_ratio=0.0000 accept=1.0000 swapped=True
Best Sample: 2 log probability -4.242
Saved 1 samples to: logs/pointmaze-giant-navigate-v0/inference/plans/release_H400_T256_LimitsNormalizer_b1_condFalse/2026-07-17 16:45:09/32/0.png
Saved 1 samples to: logs/pointmaze-giant-navigate-v0/inference/plans/release_H400_T256_LimitsNormalizer_b1_condFalse/2026-07-17 16:45:09/32/rollout.png
i=0 pair=(0,1) lam_t=1.00000 lam_s=1.04500 tsr_diff=0.000000 integral_mean=0.000000 integral_std=0.000000 log_ratio=0.0000 accept=1.0000 swapped=True
i=0 pair=(2,3) lam_t=1.04950 lam_s=1.05000 tsr_diff=0.000000 integral_mean=0.000000 integral_std=0.000000 log_ratio=0.0000 accept=1.0000 swapped=True
i=0 pair=(1,0) lam_t=1.00000 lam_s=1.04500 tsr_diff=0.000000 integral_mean=0.000000 integral_std=0.000000 log_ratio=0.0000 accept=1.0000 swapped=True
i=0 pair=(3,2) lam_t=1.04950 lam_s=1.05000 tsr_diff=0.000000 integral_mean=0.000000 integral_std=0.000000 log_ratio=0.0000 accept=1.0000 swapped=True
i=1 pair=(1,2) lam_t=1.04500 lam_s=1.04950 tsr_diff=0.000048 integral_mean=-0.000001 integral_std=0.000094 log_ratio=-0.0018 accept=0.9982 swapped=True
i=1 pair=(2,1) lam_t=1.04500 lam_s=1.04950 tsr_diff=0.000048 integral_mean=0.000002 integral_std=0.000098 log_ratio=0.0000 accept=1.0000 swapped=True
i=2 pair=(0,1) lam_t=1.00000 lam_s=1.04500 tsr_diff=0.001897 integral_mean=0.000041 integral_std=0.004098 log_ratio=0.0000 accept=1.0000 swapped=True
i=2 pair=(2,3) lam_t=1.04950 lam_s=1.05000 tsr_diff=0.000021 integral_mean=-0.000001 integral_std=0.000043 log_ratio=-0.0013 accept=0.9987 swapped=True
i=2 pair=(1,0) lam_t=1.00000 lam_s=1.04500 tsr_diff=0.001897 integral_mean=0.000073 integral_std=0.003725 log_ratio=0.0000 accept=1.0000 swapped=True
i=2 pair=(3,2) lam_t=1.04950 lam_s=1.05000 tsr_diff=0.000021 integral_mean=-0.000000 integral_std=0.000043 log_ratio=-0.0003 accept=0.9997 swapped=True
i=3 pair=(1,2) lam_t=1.04500 lam_s=1.04950 tsr_diff=0.000416 integral_mean=0.000037 integral_std=0.000843 log_ratio=0.0000 accept=1.0000 swapped=True
i=3 pair=(2,1) lam_t=1.04500 lam_s=1.04950 tsr_diff=0.000416 integral_mean=0.000015 integral_std=0.000873 log_ratio=0.0000 accept=1.0000 swapped=True
i=4 pair=(0,1) lam_t=1.00000 lam_s=1.04500 tsr_diff=0.007228 integral_mean=0.000127 integral_std=0.015097 log_ratio=0.0000 accept=1.0000 swapped=True
i=4 pair=(2,3) lam_t=1.04950 lam_s=1.05000 tsr_diff=0.000080 integral_mean=0.000005 integral_std=0.000163 log_ratio=0.0000 accept=1.0000 swapped=True
i=4 pair=(1,0) lam_t=1.00000 lam_s=1.04500 tsr_diff=0.007228 integral_mean=0.000019 integral_std=0.014114 log_ratio=0.0000 accept=1.0000 swapped=True
i=4 pair=(3,2) lam_t=1.04950 lam_s=1.05000 tsr_diff=0.000080 integral_mean=-0.000001 integral_std=0.000160 log_ratio=-0.0014 accept=0.9986 swapped=True
i=5 pair=(1,2) lam_t=1.04500 lam_s=1.04950 tsr_diff=0.001076 integral_mean=-0.000009 integral_std=0.002228 log_ratio=-0.0206 accept=0.9796 swapped=True
i=5 pair=(2,1) lam_t=1.04500 lam_s=1.04950 tsr_diff=0.001076 integral_mean=0.000051 integral_std=0.002179 log_ratio=0.0000 accept=1.0000 swapped=True
i=6 pair=(0,1) lam_t=1.00000 lam_s=1.04500 tsr_diff=0.015004 integral_mean=0.002256 integral_std=0.036812 log_ratio=0.0000 accept=1.0000 swapped=True
i=6 pair=(2,3) lam_t=1.04950 lam_s=1.05000 tsr_diff=0.000164 integral_mean=0.000000 integral_std=0.000358 log_ratio=0.0000 accept=1.0000 swapped=True
i=6 pair=(1,0) lam_t=1.00000 lam_s=1.04500 tsr_diff=0.015004 integral_mean=-0.002054 integral_std=0.034623 log_ratio=-4.9307 accept=0.0072 swapped=False
i=6 pair=(3,2) lam_t=1.04950 lam_s=1.05000 tsr_diff=0.000164 integral_mean=-0.000018 integral_std=0.000346 log_ratio=-0.0427 accept=0.9582 swapped=True
i=7 pair=(0,2) lam_t=1.04500 lam_s=1.04950 tsr_diff=0.001897 integral_mean=0.000038 integral_std=0.004609 log_ratio=0.0000 accept=1.0000 swapped=True
i=7 pair=(2,0) lam_t=1.04500 lam_s=1.04950 tsr_diff=0.001897 integral_mean=0.000001 integral_std=0.004559 log_ratio=0.0000 accept=1.0000 swapped=True
i=8 pair=(1,0) lam_t=1.00000 lam_s=1.04500 tsr_diff=0.023831 integral_mean=-0.001734 integral_std=0.060795 log_ratio=-4.1623 accept=0.0156 swapped=False
i=8 pair=(2,3) lam_t=1.04950 lam_s=1.05000 tsr_diff=0.000257 integral_mean=0.000019 integral_std=0.000602 log_ratio=0.0000 accept=1.0000 swapped=True
i=8 pair=(1,0) lam_t=1.00000 lam_s=1.04500 tsr_diff=0.023831 integral_mean=-0.000061 integral_std=0.057821 log_ratio=-0.1471 accept=0.8632 swapped=False
i=8 pair=(3,2) lam_t=1.04950 lam_s=1.05000 tsr_diff=0.000257 integral_mean=-0.000002 integral_std=0.000595 log_ratio=-0.0039 accept=0.9961 swapped=True
i=9 pair=(0,2) lam_t=1.04500 lam_s=1.04950 tsr_diff=0.002729 integral_mean=0.000366 integral_std=0.007528 log_ratio=0.0000 accept=1.0000 swapped=True
i=9 pair=(2,0) lam_t=1.04500 lam_s=1.04950 tsr_diff=0.002729 integral_mean=-0.000360 integral_std=0.007293 log_ratio=-0.8635 accept=0.4217 swapped=True
i=10 pair=(1,0) lam_t=1.00000 lam_s=1.04500 tsr_diff=0.032198 integral_mean=-0.013722 integral_std=0.108748 log_ratio=-32.9338 accept=0.0000 swapped=False
i=10 pair=(2,3) lam_t=1.04950 lam_s=1.05000 tsr_diff=0.000344 integral_mean=0.000045 integral_std=0.000847 log_ratio=0.0000 accept=1.0000 swapped=True
i=10 pair=(1,0) lam_t=1.00000 lam_s=1.04500 tsr_diff=0.032198 integral_mean=-0.013275 integral_std=0.104289 log_ratio=-31.8609 accept=0.0000 swapped=False
i=10 pair=(3,2) lam_t=1.04950 lam_s=1.05000 tsr_diff=0.000344 integral_mean=-0.000048 integral_std=0.000858 log_ratio=-0.1146 accept=0.8917 swapped=True
i=11 pair=(0,2) lam_t=1.04500 lam_s=1.04950 tsr_diff=0.003437 integral_mean=0.001883 integral_std=0.014014 log_ratio=0.0000 accept=1.0000 swapped=True
i=11 pair=(2,0) lam_t=1.04500 lam_s=1.04950 tsr_diff=0.003437 integral_mean=-0.000892 integral_std=0.011320 log_ratio=-2.1396 accept=0.1177 swapped=False
i=12 pair=(1,2) lam_t=1.00000 lam_s=1.04500 tsr_diff=0.038747 integral_mean=-0.008290 integral_std=0.145828 log_ratio=-19.8963 accept=0.0000 swapped=False
i=12 pair=(0,3) lam_t=1.04950 lam_s=1.05000 tsr_diff=0.000410 integral_mean=0.000581 integral_std=0.003797 log_ratio=0.0000 accept=1.0000 swapped=True
i=12 pair=(1,2) lam_t=1.00000 lam_s=1.04500 tsr_diff=0.038747 integral_mean=-0.008052 integral_std=0.134821 log_ratio=-19.3256 accept=0.0000 swapped=False
i=12 pair=(3,0) lam_t=1.04950 lam_s=1.05000 tsr_diff=0.000410 integral_mean=-0.000481 integral_std=0.002262 log_ratio=-1.1546 accept=0.3152 swapped=False
i=13 pair=(2,3) lam_t=1.04500 lam_s=1.04950 tsr_diff=0.003916 integral_mean=0.001448 integral_std=0.018700 log_ratio=0.0000 accept=1.0000 swapped=True
i=13 pair=(3,2) lam_t=1.04500 lam_s=1.04950 tsr_diff=0.003916 integral_mean=-0.000696 integral_std=0.016130 log_ratio=-1.6710 accept=0.1881 swapped=False
i=14 pair=(1,3) lam_t=1.00000 lam_s=1.04500 tsr_diff=0.042457 integral_mean=-0.003871 integral_std=0.275092 log_ratio=-9.2899 accept=0.0001 swapped=False
i=14 pair=(2,0) lam_t=1.04950 lam_s=1.05000 tsr_diff=0.000448 integral_mean=-0.001167 integral_std=0.015752 log_ratio=-2.8012 accept=0.0607 swapped=False
i=14 pair=(1,3) lam_t=1.00000 lam_s=1.04500 tsr_diff=0.042457 integral_mean=0.001228 integral_std=0.243439 log_ratio=0.0000 accept=1.0000 swapped=True
i=14 pair=(2,0) lam_t=1.04950 lam_s=1.05000 tsr_diff=0.000448 integral_mean=-0.003215 integral_std=0.019385 log_ratio=-7.7154 accept=0.0004 swapped=False
Best Sample: 3 log probability -0.358
Saved 1 samples to: logs/pointmaze-giant-navigate-v0/inference/plans/release_H400_T256_LimitsNormalizer_b1_condFalse/2026-07-17 16:45:09/33/0.png
Saved 1 samples to: logs/pointmaze-giant-navigate-v0/inference/plans/release_H400_T256_LimitsNormalizer_b1_condFalse/2026-07-17 16:45:09/33/rollout.png
i=0 pair=(0,1) lam_t=1.00000 lam_s=1.04500 tsr_diff=0.000000 integral_mean=0.000000 integral_std=0.000000 log_ratio=0.0000 accept=1.0000 swapped=True
i=0 pair=(2,3) lam_t=1.04950 lam_s=1.05000 tsr_diff=0.000000 integral_mean=0.000000 integral_std=0.000000 log_ratio=0.0000 accept=1.0000 swapped=True
i=0 pair=(1,0) lam_t=1.00000 lam_s=1.04500 tsr_diff=0.000000 integral_mean=0.000000 integral_std=0.000000 log_ratio=0.0000 accept=1.0000 swapped=True
i=0 pair=(3,2) lam_t=1.04950 lam_s=1.05000 tsr_diff=0.000000 integral_mean=0.000000 integral_std=0.000000 log_ratio=0.0000 accept=1.0000 swapped=True
i=1 pair=(1,2) lam_t=1.04500 lam_s=1.04950 tsr_diff=0.000048 integral_mean=-0.000003 integral_std=0.000093 log_ratio=-0.0074 accept=0.9927 swapped=True
i=1 pair=(2,1) lam_t=1.04500 lam_s=1.04950 tsr_diff=0.000048 integral_mean=0.000002 integral_std=0.000102 log_ratio=0.0000 accept=1.0000 swapped=True
i=2 pair=(0,1) lam_t=1.00000 lam_s=1.04500 tsr_diff=0.001897 integral_mean=0.000281 integral_std=0.004316 log_ratio=0.0000 accept=1.0000 swapped=True
i=2 pair=(2,3) lam_t=1.04950 lam_s=1.05000 tsr_diff=0.000021 integral_mean=-0.000000 integral_std=0.000043 log_ratio=-0.0007 accept=0.9993 swapped=True
i=2 pair=(1,0) lam_t=1.00000 lam_s=1.04500 tsr_diff=0.001897 integral_mean=-0.000036 integral_std=0.003946 log_ratio=-0.0869 accept=0.9167 swapped=True
i=2 pair=(3,2) lam_t=1.04950 lam_s=1.05000 tsr_diff=0.000021 integral_mean=0.000001 integral_std=0.000044 log_ratio=0.0000 accept=1.0000 swapped=True
i=3 pair=(1,2) lam_t=1.04500 lam_s=1.04950 tsr_diff=0.000416 integral_mean=0.000024 integral_std=0.000800 log_ratio=0.0000 accept=1.0000 swapped=True
i=3 pair=(2,1) lam_t=1.04500 lam_s=1.04950 tsr_diff=0.000416 integral_mean=0.000003 integral_std=0.000835 log_ratio=0.0000 accept=1.0000 swapped=True
i=4 pair=(0,1) lam_t=1.00000 lam_s=1.04500 tsr_diff=0.007228 integral_mean=-0.000153 integral_std=0.014592 log_ratio=-0.3666 accept=0.6931 swapped=False
i=4 pair=(2,3) lam_t=1.04950 lam_s=1.05000 tsr_diff=0.000080 integral_mean=-0.000001 integral_std=0.000167 log_ratio=-0.0015 accept=0.9985 swapped=True
i=4 pair=(0,1) lam_t=1.00000 lam_s=1.04500 tsr_diff=0.007228 integral_mean=0.000365 integral_std=0.015038 log_ratio=0.0000 accept=1.0000 swapped=True
i=4 pair=(3,2) lam_t=1.04950 lam_s=1.05000 tsr_diff=0.000080 integral_mean=-0.000004 integral_std=0.000165 log_ratio=-0.0094 accept=0.9907 swapped=True
i=5 pair=(0,2) lam_t=1.04500 lam_s=1.04950 tsr_diff=0.001076 integral_mean=-0.000103 integral_std=0.002405 log_ratio=-0.2482 accept=0.7802 swapped=True
i=5 pair=(2,0) lam_t=1.04500 lam_s=1.04950 tsr_diff=0.001076 integral_mean=0.000110 integral_std=0.002444 log_ratio=0.0000 accept=1.0000 swapped=True
i=6 pair=(1,0) lam_t=1.00000 lam_s=1.04500 tsr_diff=0.015004 integral_mean=-0.000138 integral_std=0.032307 log_ratio=-0.3323 accept=0.7173 swapped=True
i=6 pair=(2,3) lam_t=1.04950 lam_s=1.05000 tsr_diff=0.000164 integral_mean=0.000014 integral_std=0.000370 log_ratio=0.0000 accept=1.0000 swapped=True
i=6 pair=(0,1) lam_t=1.00000 lam_s=1.04500 tsr_diff=0.015004 integral_mean=-0.000119 integral_std=0.034056 log_ratio=-0.2868 accept=0.7507 swapped=True
i=6 pair=(3,2) lam_t=1.04950 lam_s=1.05000 tsr_diff=0.000164 integral_mean=-0.000012 integral_std=0.000357 log_ratio=-0.0281 accept=0.9723 swapped=True
i=7 pair=(0,2) lam_t=1.04500 lam_s=1.04950 tsr_diff=0.001897 integral_mean=0.000046 integral_std=0.004179 log_ratio=0.0000 accept=1.0000 swapped=True
i=7 pair=(2,0) lam_t=1.04500 lam_s=1.04950 tsr_diff=0.001897 integral_mean=0.000011 integral_std=0.004259 log_ratio=0.0000 accept=1.0000 swapped=True
i=8 pair=(1,0) lam_t=1.00000 lam_s=1.04500 tsr_diff=0.023831 integral_mean=-0.001057 integral_std=0.056068 log_ratio=-2.5378 accept=0.0790 swapped=False
i=8 pair=(2,3) lam_t=1.04950 lam_s=1.05000 tsr_diff=0.000257 integral_mean=-0.000003 integral_std=0.000595 log_ratio=-0.0082 accept=0.9919 swapped=True
i=8 pair=(1,0) lam_t=1.00000 lam_s=1.04500 tsr_diff=0.023831 integral_mean=-0.001404 integral_std=0.056564 log_ratio=-3.3706 accept=0.0344 swapped=False
i=8 pair=(3,2) lam_t=1.04950 lam_s=1.05000 tsr_diff=0.000257 integral_mean=0.000027 integral_std=0.000613 log_ratio=0.0000 accept=1.0000 swapped=True
i=9 pair=(0,2) lam_t=1.04500 lam_s=1.04950 tsr_diff=0.002729 integral_mean=-0.000026 integral_std=0.006996 log_ratio=-0.0622 accept=0.9397 swapped=True
i=9 pair=(2,0) lam_t=1.04500 lam_s=1.04950 tsr_diff=0.002729 integral_mean=-0.000046 integral_std=0.006534 log_ratio=-0.1097 accept=0.8961 swapped=True
i=10 pair=(1,0) lam_t=1.00000 lam_s=1.04500 tsr_diff=0.032198 integral_mean=-0.005938 integral_std=0.086713 log_ratio=-14.2523 accept=0.0000 swapped=False
i=10 pair=(2,3) lam_t=1.04950 lam_s=1.05000 tsr_diff=0.000344 integral_mean=-0.000172 integral_std=0.001343 log_ratio=-0.4137 accept=0.6612 swapped=True
i=10 pair=(1,0) lam_t=1.00000 lam_s=1.04500 tsr_diff=0.032198 integral_mean=-0.008399 integral_std=0.091430 log_ratio=-20.1588 accept=0.0000 swapped=False
i=10 pair=(3,2) lam_t=1.04950 lam_s=1.05000 tsr_diff=0.000344 integral_mean=0.000114 integral_std=0.001051 log_ratio=0.0000 accept=1.0000 swapped=True
i=11 pair=(0,2) lam_t=1.04500 lam_s=1.04950 tsr_diff=0.003437 integral_mean=0.000327 integral_std=0.009962 log_ratio=0.0000 accept=1.0000 swapped=True
i=11 pair=(2,0) lam_t=1.04500 lam_s=1.04950 tsr_diff=0.003437 integral_mean=-0.000355 integral_std=0.009894 log_ratio=-0.8529 accept=0.4262 swapped=False
i=12 pair=(1,2) lam_t=1.00000 lam_s=1.04500 tsr_diff=0.038747 integral_mean=-0.005132 integral_std=0.126738 log_ratio=-12.3159 accept=0.0000 swapped=False
i=12 pair=(0,3) lam_t=1.04950 lam_s=1.05000 tsr_diff=0.000410 integral_mean=-0.000083 integral_std=0.001397 log_ratio=-0.1992 accept=0.8194 swapped=True
i=12 pair=(1,2) lam_t=1.00000 lam_s=1.04500 tsr_diff=0.038747 integral_mean=-0.001276 integral_std=0.108406 log_ratio=-3.0629 accept=0.0468 swapped=False
i=12 pair=(3,0) lam_t=1.04950 lam_s=1.05000 tsr_diff=0.000410 integral_mean=0.000019 integral_std=0.001487 log_ratio=0.0000 accept=1.0000 swapped=True
i=13 pair=(2,0) lam_t=1.04500 lam_s=1.04950 tsr_diff=0.003916 integral_mean=-0.000282 integral_std=0.019830 log_ratio=-0.6776 accept=0.5078 swapped=False
i=13 pair=(2,0) lam_t=1.04500 lam_s=1.04950 tsr_diff=0.003916 integral_mean=-0.001256 integral_std=0.019879 log_ratio=-3.0142 accept=0.0491 swapped=False
i=14 pair=(1,2) lam_t=1.00000 lam_s=1.04500 tsr_diff=0.042457 integral_mean=-0.010653 integral_std=0.388999 log_ratio=-25.5677 accept=0.0000 swapped=False
i=14 pair=(0,3) lam_t=1.04950 lam_s=1.05000 tsr_diff=0.000448 integral_mean=-0.000301 integral_std=0.005421 log_ratio=-0.7234 accept=0.4851 swapped=False
i=14 pair=(1,2) lam_t=1.00000 lam_s=1.04500 tsr_diff=0.042457 integral_mean=0.001417 integral_std=0.287618 log_ratio=0.0000 accept=1.0000 swapped=True
i=14 pair=(0,3) lam_t=1.04950 lam_s=1.05000 tsr_diff=0.000448 integral_mean=-0.000251 integral_std=0.004355 log_ratio=-0.6031 accept=0.5471 swapped=False
Best Sample: 3 log probability 0.000
Saved 1 samples to: logs/pointmaze-giant-navigate-v0/inference/plans/release_H400_T256_LimitsNormalizer_b1_condFalse/2026-07-17 16:45:09/34/0.png
Saved 1 samples to: logs/pointmaze-giant-navigate-v0/inference/plans/release_H400_T256_LimitsNormalizer_b1_condFalse/2026-07-17 16:45:09/34/rollout.png
i=0 pair=(0,1) lam_t=1.00000 lam_s=1.04500 tsr_diff=0.000000 integral_mean=0.000000 integral_std=0.000000 log_ratio=0.0000 accept=1.0000 swapped=True
i=0 pair=(2,3) lam_t=1.04950 lam_s=1.05000 tsr_diff=0.000000 integral_mean=0.000000 integral_std=0.000000 log_ratio=0.0000 accept=1.0000 swapped=True
i=0 pair=(1,0) lam_t=1.00000 lam_s=1.04500 tsr_diff=0.000000 integral_mean=0.000000 integral_std=0.000000 log_ratio=0.0000 accept=1.0000 swapped=True
i=0 pair=(3,2) lam_t=1.04950 lam_s=1.05000 tsr_diff=0.000000 integral_mean=0.000000 integral_std=0.000000 log_ratio=0.0000 accept=1.0000 swapped=True
i=1 pair=(1,2) lam_t=1.04500 lam_s=1.04950 tsr_diff=0.000048 integral_mean=0.000002 integral_std=0.000093 log_ratio=0.0000 accept=1.0000 swapped=True
i=1 pair=(2,1) lam_t=1.04500 lam_s=1.04950 tsr_diff=0.000048 integral_mean=-0.000002 integral_std=0.000099 log_ratio=-0.0042 accept=0.9958 swapped=True
i=2 pair=(0,1) lam_t=1.00000 lam_s=1.04500 tsr_diff=0.001897 integral_mean=0.000080 integral_std=0.003803 log_ratio=0.0000 accept=1.0000 swapped=True
i=2 pair=(2,3) lam_t=1.04950 lam_s=1.05000 tsr_diff=0.000021 integral_mean=0.000000 integral_std=0.000044 log_ratio=0.0000 accept=1.0000 swapped=True
i=2 pair=(1,0) lam_t=1.00000 lam_s=1.04500 tsr_diff=0.001897 integral_mean=-0.000068 integral_std=0.003857 log_ratio=-0.1635 accept=0.8492 swapped=True
i=2 pair=(3,2) lam_t=1.04950 lam_s=1.05000 tsr_diff=0.000021 integral_mean=0.000001 integral_std=0.000043 log_ratio=0.0000 accept=1.0000 swapped=True
i=3 pair=(1,2) lam_t=1.04500 lam_s=1.04950 tsr_diff=0.000416 integral_mean=-0.000005 integral_std=0.000835 log_ratio=-0.0128 accept=0.9873 swapped=True
i=3 pair=(2,1) lam_t=1.04500 lam_s=1.04950 tsr_diff=0.000416 integral_mean=-0.000023 integral_std=0.000857 log_ratio=-0.0552 accept=0.9463 swapped=True
i=4 pair=(0,1) lam_t=1.00000 lam_s=1.04500 tsr_diff=0.007228 integral_mean=0.000142 integral_std=0.015109 log_ratio=0.0000 accept=1.0000 swapped=True
i=4 pair=(2,3) lam_t=1.04950 lam_s=1.05000 tsr_diff=0.000080 integral_mean=0.000004 integral_std=0.000162 log_ratio=0.0000 accept=1.0000 swapped=True
i=4 pair=(1,0) lam_t=1.00000 lam_s=1.04500 tsr_diff=0.007228 integral_mean=0.000282 integral_std=0.015531 log_ratio=0.0000 accept=1.0000 swapped=True
i=4 pair=(3,2) lam_t=1.04950 lam_s=1.05000 tsr_diff=0.000080 integral_mean=-0.000000 integral_std=0.000170 log_ratio=-0.0001 accept=0.9999 swapped=True
i=5 pair=(1,2) lam_t=1.04500 lam_s=1.04950 tsr_diff=0.001076 integral_mean=0.000009 integral_std=0.002322 log_ratio=0.0000 accept=1.0000 swapped=True
i=5 pair=(2,1) lam_t=1.04500 lam_s=1.04950 tsr_diff=0.001076 integral_mean=-0.000012 integral_std=0.002274 log_ratio=-0.0298 accept=0.9707 swapped=True
i=6 pair=(0,1) lam_t=1.00000 lam_s=1.04500 tsr_diff=0.015004 integral_mean=-0.000359 integral_std=0.032575 log_ratio=-0.8625 accept=0.4221 swapped=True
i=6 pair=(2,3) lam_t=1.04950 lam_s=1.05000 tsr_diff=0.000164 integral_mean=0.000002 integral_std=0.000338 log_ratio=0.0000 accept=1.0000 swapped=True
i=6 pair=(1,0) lam_t=1.00000 lam_s=1.04500 tsr_diff=0.015004 integral_mean=-0.000712 integral_std=0.030514 log_ratio=-1.7081 accept=0.1812 swapped=True
i=6 pair=(3,2) lam_t=1.04950 lam_s=1.05000 tsr_diff=0.000164 integral_mean=-0.000008 integral_std=0.000339 log_ratio=-0.0185 accept=0.9817 swapped=True
i=7 pair=(1,2) lam_t=1.04500 lam_s=1.04950 tsr_diff=0.001897 integral_mean=-0.000075 integral_std=0.004121 log_ratio=-0.1796 accept=0.8356 swapped=False
i=7 pair=(1,2) lam_t=1.04500 lam_s=1.04950 tsr_diff=0.001897 integral_mean=0.000028 integral_std=0.004184 log_ratio=0.0000 accept=1.0000 swapped=True
i=8 pair=(0,2) lam_t=1.00000 lam_s=1.04500 tsr_diff=0.023831 integral_mean=0.001507 integral_std=0.057423 log_ratio=0.0000 accept=1.0000 swapped=True
i=8 pair=(1,3) lam_t=1.04950 lam_s=1.05000 tsr_diff=0.000257 integral_mean=-0.000005 integral_std=0.000588 log_ratio=-0.0118 accept=0.9883 swapped=True
i=8 pair=(2,0) lam_t=1.00000 lam_s=1.04500 tsr_diff=0.023831 integral_mean=-0.000567 integral_std=0.054034 log_ratio=-1.3609 accept=0.2564 swapped=True
i=8 pair=(3,1) lam_t=1.04950 lam_s=1.05000 tsr_diff=0.000257 integral_mean=0.000007 integral_std=0.000585 log_ratio=0.0000 accept=1.0000 swapped=True
i=9 pair=(2,1) lam_t=1.04500 lam_s=1.04950 tsr_diff=0.002729 integral_mean=0.000006 integral_std=0.006576 log_ratio=0.0000 accept=1.0000 swapped=True
i=9 pair=(1,2) lam_t=1.04500 lam_s=1.04950 tsr_diff=0.002729 integral_mean=0.000159 integral_std=0.006390 log_ratio=0.0000 accept=1.0000 swapped=True
i=10 pair=(0,2) lam_t=1.00000 lam_s=1.04500 tsr_diff=0.032198 integral_mean=0.003752 integral_std=0.083970 log_ratio=0.0000 accept=1.0000 swapped=True
i=10 pair=(1,3) lam_t=1.04950 lam_s=1.05000 tsr_diff=0.000344 integral_mean=-0.000031 integral_std=0.000901 log_ratio=-0.0742 accept=0.9284 swapped=True
i=10 pair=(2,0) lam_t=1.00000 lam_s=1.04500 tsr_diff=0.032198 integral_mean=-0.001518 integral_std=0.087738 log_ratio=-3.6435 accept=0.0262 swapped=False
i=10 pair=(3,1) lam_t=1.04950 lam_s=1.05000 tsr_diff=0.000344 integral_mean=0.000010 integral_std=0.000898 log_ratio=0.0000 accept=1.0000 swapped=True
i=11 pair=(0,1) lam_t=1.04500 lam_s=1.04950 tsr_diff=0.003437 integral_mean=0.000793 integral_std=0.011078 log_ratio=0.0000 accept=1.0000 swapped=True
i=11 pair=(1,0) lam_t=1.04500 lam_s=1.04950 tsr_diff=0.003437 integral_mean=-0.000417 integral_std=0.010080 log_ratio=-0.9997 accept=0.3680 swapped=True
i=12 pair=(2,0) lam_t=1.00000 lam_s=1.04500 tsr_diff=0.038747 integral_mean=0.001094 integral_std=0.163091 log_ratio=0.0000 accept=1.0000 swapped=True
i=12 pair=(1,3) lam_t=1.04950 lam_s=1.05000 tsr_diff=0.000410 integral_mean=0.000005 integral_std=0.001299 log_ratio=0.0000 accept=1.0000 swapped=True
i=12 pair=(0,2) lam_t=1.00000 lam_s=1.04500 tsr_diff=0.038747 integral_mean=-0.001487 integral_std=0.145071 log_ratio=-3.5681 accept=0.0282 swapped=False
i=12 pair=(3,1) lam_t=1.04950 lam_s=1.05000 tsr_diff=0.000410 integral_mean=-0.000034 integral_std=0.001314 log_ratio=-0.0818 accept=0.9214 swapped=True
i=13 pair=(2,1) lam_t=1.04500 lam_s=1.04950 tsr_diff=0.003916 integral_mean=0.000397 integral_std=0.018408 log_ratio=0.0000 accept=1.0000 swapped=True
i=13 pair=(1,2) lam_t=1.04500 lam_s=1.04950 tsr_diff=0.003916 integral_mean=-0.000247 integral_std=0.017163 log_ratio=-0.5933 accept=0.5525 swapped=False
i=14 pair=(0,1) lam_t=1.00000 lam_s=1.04500 tsr_diff=0.042457 integral_mean=0.005523 integral_std=0.479126 log_ratio=0.0000 accept=1.0000 swapped=True
i=14 pair=(2,3) lam_t=1.04950 lam_s=1.05000 tsr_diff=0.000448 integral_mean=0.000263 integral_std=0.002536 log_ratio=0.0000 accept=1.0000 swapped=True
i=14 pair=(1,0) lam_t=1.00000 lam_s=1.04500 tsr_diff=0.042457 integral_mean=0.010232 integral_std=0.281076 log_ratio=0.0000 accept=1.0000 swapped=True
i=14 pair=(3,2) lam_t=1.04950 lam_s=1.05000 tsr_diff=0.000448 integral_mean=-0.000121 integral_std=0.001458 log_ratio=-0.2900 accept=0.7483 swapped=True
Best Sample: 3 log probability -1.338
Saved 1 samples to: logs/pointmaze-giant-navigate-v0/inference/plans/release_H400_T256_LimitsNormalizer_b1_condFalse/2026-07-17 16:45:09/35/0.png
Saved 1 samples to: logs/pointmaze-giant-navigate-v0/inference/plans/release_H400_T256_LimitsNormalizer_b1_condFalse/2026-07-17 16:45:09/35/rollout.png
i=0 pair=(0,1) lam_t=1.00000 lam_s=1.04500 tsr_diff=0.000000 integral_mean=0.000000 integral_std=0.000000 log_ratio=0.0000 accept=1.0000 swapped=True
i=0 pair=(2,3) lam_t=1.04950 lam_s=1.05000 tsr_diff=0.000000 integral_mean=0.000000 integral_std=0.000000 log_ratio=0.0000 accept=1.0000 swapped=True
i=0 pair=(1,0) lam_t=1.00000 lam_s=1.04500 tsr_diff=0.000000 integral_mean=0.000000 integral_std=0.000000 log_ratio=0.0000 accept=1.0000 swapped=True
i=0 pair=(3,2) lam_t=1.04950 lam_s=1.05000 tsr_diff=0.000000 integral_mean=0.000000 integral_std=0.000000 log_ratio=0.0000 accept=1.0000 swapped=True
i=1 pair=(1,2) lam_t=1.04500 lam_s=1.04950 tsr_diff=0.000048 integral_mean=-0.000000 integral_std=0.000102 log_ratio=-0.0011 accept=0.9989 swapped=True
i=1 pair=(2,1) lam_t=1.04500 lam_s=1.04950 tsr_diff=0.000048 integral_mean=0.000001 integral_std=0.000103 log_ratio=0.0000 accept=1.0000 swapped=True
i=2 pair=(0,1) lam_t=1.00000 lam_s=1.04500 tsr_diff=0.001897 integral_mean=-0.000035 integral_std=0.003823 log_ratio=-0.0834 accept=0.9200 swapped=True
i=2 pair=(2,3) lam_t=1.04950 lam_s=1.05000 tsr_diff=0.000021 integral_mean=-0.000000 integral_std=0.000044 log_ratio=-0.0001 accept=0.9999 swapped=True
i=2 pair=(1,0) lam_t=1.00000 lam_s=1.04500 tsr_diff=0.001897 integral_mean=0.000154 integral_std=0.003874 log_ratio=0.0000 accept=1.0000 swapped=True
i=2 pair=(3,2) lam_t=1.04950 lam_s=1.05000 tsr_diff=0.000021 integral_mean=-0.000002 integral_std=0.000043 log_ratio=-0.0046 accept=0.9954 swapped=True
i=3 pair=(1,2) lam_t=1.04500 lam_s=1.04950 tsr_diff=0.000416 integral_mean=-0.000049 integral_std=0.000941 log_ratio=-0.1179 accept=0.8888 swapped=True
i=3 pair=(2,1) lam_t=1.04500 lam_s=1.04950 tsr_diff=0.000416 integral_mean=0.000025 integral_std=0.000839 log_ratio=0.0000 accept=1.0000 swapped=True
i=4 pair=(0,1) lam_t=1.00000 lam_s=1.04500 tsr_diff=0.007228 integral_mean=0.000438 integral_std=0.014364 log_ratio=0.0000 accept=1.0000 swapped=True
i=4 pair=(2,3) lam_t=1.04950 lam_s=1.05000 tsr_diff=0.000080 integral_mean=0.000001 integral_std=0.000162 log_ratio=0.0000 accept=1.0000 swapped=True
i=4 pair=(1,0) lam_t=1.00000 lam_s=1.04500 tsr_diff=0.007228 integral_mean=-0.000424 integral_std=0.014796 log_ratio=-1.0186 accept=0.3611 swapped=True
i=4 pair=(3,2) lam_t=1.04950 lam_s=1.05000 tsr_diff=0.000080 integral_mean=-0.000003 integral_std=0.000161 log_ratio=-0.0062 accept=0.9938 swapped=True
i=5 pair=(1,2) lam_t=1.04500 lam_s=1.04950 tsr_diff=0.001076 integral_mean=-0.000040 integral_std=0.002213 log_ratio=-0.0953 accept=0.9091 swapped=True
i=5 pair=(2,1) lam_t=1.04500 lam_s=1.04950 tsr_diff=0.001076 integral_mean=-0.000014 integral_std=0.002242 log_ratio=-0.0347 accept=0.9659 swapped=True
i=6 pair=(0,1) lam_t=1.00000 lam_s=1.04500 tsr_diff=0.015004 integral_mean=0.000090 integral_std=0.030584 log_ratio=0.0000 accept=1.0000 swapped=True
i=6 pair=(2,3) lam_t=1.04950 lam_s=1.05000 tsr_diff=0.000164 integral_mean=-0.000028 integral_std=0.000355 log_ratio=-0.0678 accept=0.9345 swapped=True
i=6 pair=(1,0) lam_t=1.00000 lam_s=1.04500 tsr_diff=0.015004 integral_mean=-0.000170 integral_std=0.029913 log_ratio=-0.4086 accept=0.6646 swapped=False
i=6 pair=(3,2) lam_t=1.04950 lam_s=1.05000 tsr_diff=0.000164 integral_mean=0.000021 integral_std=0.000355 log_ratio=0.0000 accept=1.0000 swapped=True
i=7 pair=(0,2) lam_t=1.04500 lam_s=1.04950 tsr_diff=0.001897 integral_mean=0.000088 integral_std=0.004303 log_ratio=0.0000 accept=1.0000 swapped=True
i=7 pair=(2,0) lam_t=1.04500 lam_s=1.04950 tsr_diff=0.001897 integral_mean=0.000061 integral_std=0.004200 log_ratio=0.0000 accept=1.0000 swapped=True
i=8 pair=(1,0) lam_t=1.00000 lam_s=1.04500 tsr_diff=0.023831 integral_mean=-0.000678 integral_std=0.052649 log_ratio=-1.6270 accept=0.1965 swapped=False
i=8 pair=(2,3) lam_t=1.04950 lam_s=1.05000 tsr_diff=0.000257 integral_mean=-0.000016 integral_std=0.000600 log_ratio=-0.0389 accept=0.9619 swapped=True
i=8 pair=(1,0) lam_t=1.00000 lam_s=1.04500 tsr_diff=0.023831 integral_mean=-0.002067 integral_std=0.053963 log_ratio=-4.9607 accept=0.0070 swapped=False
i=8 pair=(3,2) lam_t=1.04950 lam_s=1.05000 tsr_diff=0.000257 integral_mean=0.000012 integral_std=0.000615 log_ratio=0.0000 accept=1.0000 swapped=True
i=9 pair=(0,2) lam_t=1.04500 lam_s=1.04950 tsr_diff=0.002729 integral_mean=0.000063 integral_std=0.007020 log_ratio=0.0000 accept=1.0000 swapped=True
i=9 pair=(2,0) lam_t=1.04500 lam_s=1.04950 tsr_diff=0.002729 integral_mean=-0.000134 integral_std=0.006866 log_ratio=-0.3217 accept=0.7249 swapped=True
i=10 pair=(1,0) lam_t=1.00000 lam_s=1.04500 tsr_diff=0.032198 integral_mean=-0.006119 integral_std=0.077530 log_ratio=-14.6855 accept=0.0000 swapped=False
i=10 pair=(2,3) lam_t=1.04950 lam_s=1.05000 tsr_diff=0.000344 integral_mean=0.000030 integral_std=0.000887 log_ratio=0.0000 accept=1.0000 swapped=True
i=10 pair=(1,0) lam_t=1.00000 lam_s=1.04500 tsr_diff=0.032198 integral_mean=-0.003987 integral_std=0.073172 log_ratio=-9.5686 accept=0.0001 swapped=False
i=10 pair=(3,2) lam_t=1.04950 lam_s=1.05000 tsr_diff=0.000344 integral_mean=-0.000008 integral_std=0.000855 log_ratio=-0.0182 accept=0.9819 swapped=True
i=11 pair=(0,2) lam_t=1.04500 lam_s=1.04950 tsr_diff=0.003437 integral_mean=0.000681 integral_std=0.010410 log_ratio=0.0000 accept=1.0000 swapped=True
i=11 pair=(2,0) lam_t=1.04500 lam_s=1.04950 tsr_diff=0.003437 integral_mean=-0.000196 integral_std=0.010137 log_ratio=-0.4713 accept=0.6242 swapped=True
i=12 pair=(1,0) lam_t=1.00000 lam_s=1.04500 tsr_diff=0.038747 integral_mean=-0.010391 integral_std=0.134826 log_ratio=-24.9376 accept=0.0000 swapped=False
i=12 pair=(2,3) lam_t=1.04950 lam_s=1.05000 tsr_diff=0.000410 integral_mean=0.000007 integral_std=0.001349 log_ratio=0.0000 accept=1.0000 swapped=True
i=12 pair=(1,0) lam_t=1.00000 lam_s=1.04500 tsr_diff=0.038747 integral_mean=-0.007219 integral_std=0.111288 log_ratio=-17.3258 accept=0.0000 swapped=False
i=12 pair=(3,2) lam_t=1.04950 lam_s=1.05000 tsr_diff=0.000410 integral_mean=-0.000056 integral_std=0.001531 log_ratio=-0.1339 accept=0.8746 swapped=False
i=13 pair=(0,3) lam_t=1.04500 lam_s=1.04950 tsr_diff=0.003916 integral_mean=0.000403 integral_std=0.015659 log_ratio=0.0000 accept=1.0000 swapped=True
i=13 pair=(3,0) lam_t=1.04500 lam_s=1.04950 tsr_diff=0.003916 integral_mean=-0.000858 integral_std=0.018896 log_ratio=-2.0597 accept=0.1275 swapped=False
i=14 pair=(1,3) lam_t=1.00000 lam_s=1.04500 tsr_diff=0.042457 integral_mean=0.008936 integral_std=0.349936 log_ratio=0.0000 accept=1.0000 swapped=True
i=14 pair=(0,2) lam_t=1.04950 lam_s=1.05000 tsr_diff=0.000448 integral_mean=0.000424 integral_std=0.004992 log_ratio=0.0000 accept=1.0000 swapped=True
i=14 pair=(3,1) lam_t=1.00000 lam_s=1.04500 tsr_diff=0.042457 integral_mean=0.023777 integral_std=0.440257 log_ratio=0.0000 accept=1.0000 swapped=True
i=14 pair=(2,0) lam_t=1.04950 lam_s=1.05000 tsr_diff=0.000448 integral_mean=0.000247 integral_std=0.006728 log_ratio=0.0000 accept=1.0000 swapped=True
Best Sample: 1 log probability -0.466
Saved 1 samples to: logs/pointmaze-giant-navigate-v0/inference/plans/release_H400_T256_LimitsNormalizer_b1_condFalse/2026-07-17 16:45:09/36/0.png
Saved 1 samples to: logs/pointmaze-giant-navigate-v0/inference/plans/release_H400_T256_LimitsNormalizer_b1_condFalse/2026-07-17 16:45:09/36/rollout.png
i=0 pair=(0,1) lam_t=1.00000 lam_s=1.04500 tsr_diff=0.000000 integral_mean=0.000000 integral_std=0.000000 log_ratio=0.0000 accept=1.0000 swapped=True
i=0 pair=(2,3) lam_t=1.04950 lam_s=1.05000 tsr_diff=0.000000 integral_mean=0.000000 integral_std=0.000000 log_ratio=0.0000 accept=1.0000 swapped=True
i=0 pair=(1,0) lam_t=1.00000 lam_s=1.04500 tsr_diff=0.000000 integral_mean=0.000000 integral_std=0.000000 log_ratio=0.0000 accept=1.0000 swapped=True
i=0 pair=(3,2) lam_t=1.04950 lam_s=1.05000 tsr_diff=0.000000 integral_mean=0.000000 integral_std=0.000000 log_ratio=0.0000 accept=1.0000 swapped=True
i=1 pair=(1,2) lam_t=1.04500 lam_s=1.04950 tsr_diff=0.000048 integral_mean=-0.000001 integral_std=0.000093 log_ratio=-0.0020 accept=0.9980 swapped=True
i=1 pair=(2,1) lam_t=1.04500 lam_s=1.04950 tsr_diff=0.000048 integral_mean=-0.000002 integral_std=0.000097 log_ratio=-0.0054 accept=0.9946 swapped=True
i=2 pair=(0,1) lam_t=1.00000 lam_s=1.04500 tsr_diff=0.001897 integral_mean=-0.000209 integral_std=0.004114 log_ratio=-0.5013 accept=0.6057 swapped=False
i=2 pair=(2,3) lam_t=1.04950 lam_s=1.05000 tsr_diff=0.000021 integral_mean=-0.000001 integral_std=0.000045 log_ratio=-0.0029 accept=0.9971 swapped=True
i=2 pair=(0,1) lam_t=1.00000 lam_s=1.04500 tsr_diff=0.001897 integral_mean=-0.000103 integral_std=0.004032 log_ratio=-0.2463 accept=0.7817 swapped=True
i=2 pair=(3,2) lam_t=1.04950 lam_s=1.05000 tsr_diff=0.000021 integral_mean=0.000001 integral_std=0.000042 log_ratio=0.0000 accept=1.0000 swapped=True
i=3 pair=(0,2) lam_t=1.04500 lam_s=1.04950 tsr_diff=0.000416 integral_mean=0.000035 integral_std=0.000845 log_ratio=0.0000 accept=1.0000 swapped=True
i=3 pair=(2,0) lam_t=1.04500 lam_s=1.04950 tsr_diff=0.000416 integral_mean=-0.000002 integral_std=0.000867 log_ratio=-0.0039 accept=0.9961 swapped=True
i=4 pair=(1,0) lam_t=1.00000 lam_s=1.04500 tsr_diff=0.007228 integral_mean=0.000506 integral_std=0.015447 log_ratio=0.0000 accept=1.0000 swapped=True
i=4 pair=(2,3) lam_t=1.04950 lam_s=1.05000 tsr_diff=0.000080 integral_mean=-0.000001 integral_std=0.000158 log_ratio=-0.0019 accept=0.9981 swapped=True
i=4 pair=(0,1) lam_t=1.00000 lam_s=1.04500 tsr_diff=0.007228 integral_mean=-0.000028 integral_std=0.015506 log_ratio=-0.0666 accept=0.9356 swapped=True
i=4 pair=(3,2) lam_t=1.04950 lam_s=1.05000 tsr_diff=0.000080 integral_mean=-0.000005 integral_std=0.000158 log_ratio=-0.0130 accept=0.9871 swapped=True
i=5 pair=(0,2) lam_t=1.04500 lam_s=1.04950 tsr_diff=0.001076 integral_mean=0.000014 integral_std=0.002127 log_ratio=0.0000 accept=1.0000 swapped=True
i=5 pair=(2,0) lam_t=1.04500 lam_s=1.04950 tsr_diff=0.001076 integral_mean=0.000002 integral_std=0.002130 log_ratio=0.0000 accept=1.0000 swapped=True
i=6 pair=(1,0) lam_t=1.00000 lam_s=1.04500 tsr_diff=0.015004 integral_mean=-0.000444 integral_std=0.033250 log_ratio=-1.0659 accept=0.3444 swapped=False
i=6 pair=(2,3) lam_t=1.04950 lam_s=1.05000 tsr_diff=0.000164 integral_mean=-0.000002 integral_std=0.000340 log_ratio=-0.0052 accept=0.9948 swapped=True
i=6 pair=(1,0) lam_t=1.00000 lam_s=1.04500 tsr_diff=0.015004 integral_mean=0.000210 integral_std=0.032321 log_ratio=0.0000 accept=1.0000 swapped=True
i=6 pair=(3,2) lam_t=1.04950 lam_s=1.05000 tsr_diff=0.000164 integral_mean=-0.000004 integral_std=0.000333 log_ratio=-0.0100 accept=0.9901 swapped=True
i=7 pair=(1,2) lam_t=1.04500 lam_s=1.04950 tsr_diff=0.001897 integral_mean=-0.000030 integral_std=0.004299 log_ratio=-0.0728 accept=0.9298 swapped=True
i=7 pair=(2,1) lam_t=1.04500 lam_s=1.04950 tsr_diff=0.001897 integral_mean=0.000074 integral_std=0.004189 log_ratio=0.0000 accept=1.0000 swapped=True
i=8 pair=(0,1) lam_t=1.00000 lam_s=1.04500 tsr_diff=0.023831 integral_mean=-0.002624 integral_std=0.053797 log_ratio=-6.2978 accept=0.0018 swapped=False
i=8 pair=(2,3) lam_t=1.04950 lam_s=1.05000 tsr_diff=0.000257 integral_mean=0.000006 integral_std=0.000519 log_ratio=0.0000 accept=1.0000 swapped=True
i=8 pair=(0,1) lam_t=1.00000 lam_s=1.04500 tsr_diff=0.023831 integral_mean=0.000483 integral_std=0.056440 log_ratio=0.0000 accept=1.0000 swapped=True
i=8 pair=(3,2) lam_t=1.04950 lam_s=1.05000 tsr_diff=0.000257 integral_mean=0.000010 integral_std=0.000539 log_ratio=0.0000 accept=1.0000 swapped=True
i=9 pair=(0,2) lam_t=1.04500 lam_s=1.04950 tsr_diff=0.002729 integral_mean=-0.000002 integral_std=0.006153 log_ratio=-0.0050 accept=0.9950 swapped=True
i=9 pair=(2,0) lam_t=1.04500 lam_s=1.04950 tsr_diff=0.002729 integral_mean=0.000160 integral_std=0.005936 log_ratio=0.0000 accept=1.0000 swapped=True
i=10 pair=(1,0) lam_t=1.00000 lam_s=1.04500 tsr_diff=0.032198 integral_mean=0.001923 integral_std=0.090595 log_ratio=0.0000 accept=1.0000 swapped=True
i=10 pair=(2,3) lam_t=1.04950 lam_s=1.05000 tsr_diff=0.000344 integral_mean=-0.000030 integral_std=0.000730 log_ratio=-0.0713 accept=0.9312 swapped=True
i=10 pair=(0,1) lam_t=1.00000 lam_s=1.04500 tsr_diff=0.032198 integral_mean=-0.001516 integral_std=0.089654 log_ratio=-3.6391 accept=0.0263 swapped=False
i=10 pair=(3,2) lam_t=1.04950 lam_s=1.05000 tsr_diff=0.000344 integral_mean=0.000026 integral_std=0.000731 log_ratio=0.0000 accept=1.0000 swapped=True
i=11 pair=(1,2) lam_t=1.04500 lam_s=1.04950 tsr_diff=0.003437 integral_mean=0.000657 integral_std=0.010224 log_ratio=0.0000 accept=1.0000 swapped=True
i=11 pair=(2,1) lam_t=1.04500 lam_s=1.04950 tsr_diff=0.003437 integral_mean=-0.000399 integral_std=0.009435 log_ratio=-0.9570 accept=0.3841 swapped=False
i=12 pair=(0,2) lam_t=1.00000 lam_s=1.04500 tsr_diff=0.038747 integral_mean=0.007654 integral_std=0.116457 log_ratio=0.0000 accept=1.0000 swapped=True
i=12 pair=(1,3) lam_t=1.04950 lam_s=1.05000 tsr_diff=0.000410 integral_mean=0.000022 integral_std=0.001403 log_ratio=0.0000 accept=1.0000 swapped=True
i=12 pair=(2,0) lam_t=1.00000 lam_s=1.04500 tsr_diff=0.038747 integral_mean=-0.001221 integral_std=0.107446 log_ratio=-2.9313 accept=0.0533 swapped=False
i=12 pair=(3,1) lam_t=1.04950 lam_s=1.05000 tsr_diff=0.000410 integral_mean=-0.000072 integral_std=0.001466 log_ratio=-0.1732 accept=0.8409 swapped=True
i=13 pair=(0,1) lam_t=1.04500 lam_s=1.04950 tsr_diff=0.003916 integral_mean=-0.000418 integral_std=0.031332 log_ratio=-1.0031 accept=0.3667 swapped=True
i=13 pair=(1,0) lam_t=1.04500 lam_s=1.04950 tsr_diff=0.003916 integral_mean=0.000822 integral_std=0.029992 log_ratio=0.0000 accept=1.0000 swapped=True
i=14 pair=(2,0) lam_t=1.00000 lam_s=1.04500 tsr_diff=0.042457 integral_mean=-0.016714 integral_std=0.291934 log_ratio=-40.1147 accept=0.0000 swapped=False
i=14 pair=(1,3) lam_t=1.04950 lam_s=1.05000 tsr_diff=0.000448 integral_mean=0.000345 integral_std=0.004928 log_ratio=0.0000 accept=1.0000 swapped=True
i=14 pair=(2,0) lam_t=1.00000 lam_s=1.04500 tsr_diff=0.042457 integral_mean=-0.022605 integral_std=0.365357 log_ratio=-54.2524 accept=0.0000 swapped=False
i=14 pair=(3,1) lam_t=1.04950 lam_s=1.05000 tsr_diff=0.000448 integral_mean=-0.000340 integral_std=0.004530 log_ratio=-0.8171 accept=0.4417 swapped=True
Best Sample: 2 log probability -0.033
Saved 1 samples to: logs/pointmaze-giant-navigate-v0/inference/plans/release_H400_T256_LimitsNormalizer_b1_condFalse/2026-07-17 16:45:09/37/0.png
Saved 1 samples to: logs/pointmaze-giant-navigate-v0/inference/plans/release_H400_T256_LimitsNormalizer_b1_condFalse/2026-07-17 16:45:09/37/rollout.png
i=0 pair=(0,1) lam_t=1.00000 lam_s=1.04500 tsr_diff=0.000000 integral_mean=0.000000 integral_std=0.000000 log_ratio=0.0000 accept=1.0000 swapped=True
i=0 pair=(2,3) lam_t=1.04950 lam_s=1.05000 tsr_diff=0.000000 integral_mean=0.000000 integral_std=0.000000 log_ratio=0.0000 accept=1.0000 swapped=True
i=0 pair=(1,0) lam_t=1.00000 lam_s=1.04500 tsr_diff=0.000000 integral_mean=0.000000 integral_std=0.000000 log_ratio=0.0000 accept=1.0000 swapped=True
i=0 pair=(3,2) lam_t=1.04950 lam_s=1.05000 tsr_diff=0.000000 integral_mean=0.000000 integral_std=0.000000 log_ratio=0.0000 accept=1.0000 swapped=True
i=1 pair=(1,2) lam_t=1.04500 lam_s=1.04950 tsr_diff=0.000048 integral_mean=0.000002 integral_std=0.000097 log_ratio=0.0000 accept=1.0000 swapped=True
i=1 pair=(2,1) lam_t=1.04500 lam_s=1.04950 tsr_diff=0.000048 integral_mean=0.000000 integral_std=0.000095 log_ratio=0.0000 accept=1.0000 swapped=True
i=2 pair=(0,1) lam_t=1.00000 lam_s=1.04500 tsr_diff=0.001897 integral_mean=-0.000108 integral_std=0.004012 log_ratio=-0.2589 accept=0.7719 swapped=True
i=2 pair=(2,3) lam_t=1.04950 lam_s=1.05000 tsr_diff=0.000021 integral_mean=0.000001 integral_std=0.000041 log_ratio=0.0000 accept=1.0000 swapped=True
i=2 pair=(1,0) lam_t=1.00000 lam_s=1.04500 tsr_diff=0.001897 integral_mean=-0.000346 integral_std=0.004217 log_ratio=-0.8301 accept=0.4360 swapped=False
i=2 pair=(3,2) lam_t=1.04950 lam_s=1.05000 tsr_diff=0.000021 integral_mean=0.000000 integral_std=0.000044 log_ratio=0.0000 accept=1.0000 swapped=True
i=3 pair=(0,2) lam_t=1.04500 lam_s=1.04950 tsr_diff=0.000416 integral_mean=0.000141 integral_std=0.001010 log_ratio=0.0000 accept=1.0000 swapped=True
i=3 pair=(2,0) lam_t=1.04500 lam_s=1.04950 tsr_diff=0.000416 integral_mean=-0.000095 integral_std=0.000940 log_ratio=-0.2277 accept=0.7964 swapped=True
i=4 pair=(1,0) lam_t=1.00000 lam_s=1.04500 tsr_diff=0.007228 integral_mean=-0.001248 integral_std=0.016285 log_ratio=-2.9954 accept=0.0500 swapped=False
i=4 pair=(2,3) lam_t=1.04950 lam_s=1.05000 tsr_diff=0.000080 integral_mean=-0.000004 integral_std=0.000158 log_ratio=-0.0091 accept=0.9909 swapped=True
i=4 pair=(1,0) lam_t=1.00000 lam_s=1.04500 tsr_diff=0.007228 integral_mean=-0.000890 integral_std=0.016045 log_ratio=-2.1362 accept=0.1181 swapped=False
i=4 pair=(3,2) lam_t=1.04950 lam_s=1.05000 tsr_diff=0.000080 integral_mean=0.000030 integral_std=0.000209 log_ratio=0.0000 accept=1.0000 swapped=True
i=5 pair=(0,2) lam_t=1.04500 lam_s=1.04950 tsr_diff=0.001076 integral_mean=0.000173 integral_std=0.002364 log_ratio=0.0000 accept=1.0000 swapped=True
i=5 pair=(2,0) lam_t=1.04500 lam_s=1.04950 tsr_diff=0.001076 integral_mean=-0.000084 integral_std=0.002279 log_ratio=-0.2020 accept=0.8171 swapped=True
i=6 pair=(1,0) lam_t=1.00000 lam_s=1.04500 tsr_diff=0.015004 integral_mean=-0.000737 integral_std=0.032262 log_ratio=-1.7691 accept=0.1705 swapped=True
i=6 pair=(2,3) lam_t=1.04950 lam_s=1.05000 tsr_diff=0.000164 integral_mean=-0.000026 integral_std=0.000358 log_ratio=-0.0625 accept=0.9394 swapped=True
i=6 pair=(0,1) lam_t=1.00000 lam_s=1.04500 tsr_diff=0.015004 integral_mean=0.000113 integral_std=0.031450 log_ratio=0.0000 accept=1.0000 swapped=True
i=6 pair=(3,2) lam_t=1.04950 lam_s=1.05000 tsr_diff=0.000164 integral_mean=-0.000005 integral_std=0.000345 log_ratio=-0.0127 accept=0.9874 swapped=True
i=7 pair=(0,2) lam_t=1.04500 lam_s=1.04950 tsr_diff=0.001897 integral_mean=-0.000127 integral_std=0.004217 log_ratio=-0.3053 accept=0.7369 swapped=False
i=7 pair=(0,2) lam_t=1.04500 lam_s=1.04950 tsr_diff=0.001897 integral_mean=0.000056 integral_std=0.004133 log_ratio=0.0000 accept=1.0000 swapped=True
i=8 pair=(1,2) lam_t=1.00000 lam_s=1.04500 tsr_diff=0.023831 integral_mean=0.000131 integral_std=0.055967 log_ratio=0.0000 accept=1.0000 swapped=True
i=8 pair=(0,3) lam_t=1.04950 lam_s=1.05000 tsr_diff=0.000257 integral_mean=-0.000049 integral_std=0.000691 log_ratio=-0.1173 accept=0.8893 swapped=True
i=8 pair=(2,1) lam_t=1.00000 lam_s=1.04500 tsr_diff=0.023831 integral_mean=-0.000266 integral_std=0.056529 log_ratio=-0.6385 accept=0.5281 swapped=True
i=8 pair=(3,0) lam_t=1.04950 lam_s=1.05000 tsr_diff=0.000257 integral_mean=0.000062 integral_std=0.000679 log_ratio=0.0000 accept=1.0000 swapped=True
i=9 pair=(2,0) lam_t=1.04500 lam_s=1.04950 tsr_diff=0.002729 integral_mean=-0.000253 integral_std=0.007066 log_ratio=-0.6068 accept=0.5451 swapped=True
i=9 pair=(0,2) lam_t=1.04500 lam_s=1.04950 tsr_diff=0.002729 integral_mean=0.000308 integral_std=0.007082 log_ratio=0.0000 accept=1.0000 swapped=True
i=10 pair=(1,2) lam_t=1.00000 lam_s=1.04500 tsr_diff=0.032198 integral_mean=0.000643 integral_std=0.096048 log_ratio=0.0000 accept=1.0000 swapped=True
i=10 pair=(0,3) lam_t=1.04950 lam_s=1.05000 tsr_diff=0.000344 integral_mean=0.000004 integral_std=0.001051 log_ratio=0.0000 accept=1.0000 swapped=True
i=10 pair=(2,1) lam_t=1.00000 lam_s=1.04500 tsr_diff=0.032198 integral_mean=-0.000357 integral_std=0.088242 log_ratio=-0.8571 accept=0.4244 swapped=False
i=10 pair=(3,0) lam_t=1.04950 lam_s=1.05000 tsr_diff=0.000344 integral_mean=0.000008 integral_std=0.001010 log_ratio=0.0000 accept=1.0000 swapped=True
i=11 pair=(1,0) lam_t=1.04500 lam_s=1.04950 tsr_diff=0.003437 integral_mean=-0.000908 integral_std=0.011837 log_ratio=-2.1801 accept=0.1130 swapped=False
i=11 pair=(1,0) lam_t=1.04500 lam_s=1.04950 tsr_diff=0.003437 integral_mean=-0.000868 integral_std=0.011100 log_ratio=-2.0839 accept=0.1244 swapped=False
i=12 pair=(2,1) lam_t=1.00000 lam_s=1.04500 tsr_diff=0.038747 integral_mean=-0.000292 integral_std=0.161216 log_ratio=-0.7003 accept=0.4964 swapped=False
i=12 pair=(0,3) lam_t=1.04950 lam_s=1.05000 tsr_diff=0.000410 integral_mean=0.000131 integral_std=0.002085 log_ratio=0.0000 accept=1.0000 swapped=True
i=12 pair=(2,1) lam_t=1.00000 lam_s=1.04500 tsr_diff=0.038747 integral_mean=0.003305 integral_std=0.160920 log_ratio=0.0000 accept=1.0000 swapped=True
i=12 pair=(3,0) lam_t=1.04950 lam_s=1.05000 tsr_diff=0.000410 integral_mean=0.000076 integral_std=0.002033 log_ratio=0.0000 accept=1.0000 swapped=True
i=13 pair=(2,0) lam_t=1.04500 lam_s=1.04950 tsr_diff=0.003916 integral_mean=-0.002612 integral_std=0.026604 log_ratio=-6.2689 accept=0.0019 swapped=False
i=13 pair=(2,0) lam_t=1.04500 lam_s=1.04950 tsr_diff=0.003916 integral_mean=-0.002583 integral_std=0.034381 log_ratio=-6.1986 accept=0.0020 swapped=False
i=14 pair=(1,2) lam_t=1.00000 lam_s=1.04500 tsr_diff=0.042457 integral_mean=0.011710 integral_std=0.379374 log_ratio=0.0000 accept=1.0000 swapped=True
i=14 pair=(0,3) lam_t=1.04950 lam_s=1.05000 tsr_diff=0.000448 integral_mean=-0.000585 integral_std=0.024673 log_ratio=-1.4034 accept=0.2458 swapped=False
i=14 pair=(2,1) lam_t=1.00000 lam_s=1.04500 tsr_diff=0.042457 integral_mean=-0.017131 integral_std=0.380080 log_ratio=-41.1146 accept=0.0000 swapped=False
i=14 pair=(0,3) lam_t=1.04950 lam_s=1.05000 tsr_diff=0.000448 integral_mean=-0.000082 integral_std=0.013462 log_ratio=-0.1980 accept=0.8204 swapped=True
Best Sample: 2 log probability -0.591
Saved 1 samples to: logs/pointmaze-giant-navigate-v0/inference/plans/release_H400_T256_LimitsNormalizer_b1_condFalse/2026-07-17 16:45:09/38/0.png
Saved 1 samples to: logs/pointmaze-giant-navigate-v0/inference/plans/release_H400_T256_LimitsNormalizer_b1_condFalse/2026-07-17 16:45:09/38/rollout.png
i=0 pair=(0,1) lam_t=1.00000 lam_s=1.04500 tsr_diff=0.000000 integral_mean=0.000000 integral_std=0.000000 log_ratio=0.0000 accept=1.0000 swapped=True
i=0 pair=(2,3) lam_t=1.04950 lam_s=1.05000 tsr_diff=0.000000 integral_mean=0.000000 integral_std=0.000000 log_ratio=0.0000 accept=1.0000 swapped=True
i=0 pair=(1,0) lam_t=1.00000 lam_s=1.04500 tsr_diff=0.000000 integral_mean=0.000000 integral_std=0.000000 log_ratio=0.0000 accept=1.0000 swapped=True
i=0 pair=(3,2) lam_t=1.04950 lam_s=1.05000 tsr_diff=0.000000 integral_mean=0.000000 integral_std=0.000000 log_ratio=0.0000 accept=1.0000 swapped=True
i=1 pair=(1,2) lam_t=1.04500 lam_s=1.04950 tsr_diff=0.000048 integral_mean=0.000001 integral_std=0.000098 log_ratio=0.0000 accept=1.0000 swapped=True
i=1 pair=(2,1) lam_t=1.04500 lam_s=1.04950 tsr_diff=0.000048 integral_mean=0.000001 integral_std=0.000097 log_ratio=0.0000 accept=1.0000 swapped=True
i=2 pair=(0,1) lam_t=1.00000 lam_s=1.04500 tsr_diff=0.001897 integral_mean=0.000883 integral_std=0.004949 log_ratio=0.0000 accept=1.0000 swapped=True
i=2 pair=(2,3) lam_t=1.04950 lam_s=1.05000 tsr_diff=0.000021 integral_mean=0.000002 integral_std=0.000045 log_ratio=0.0000 accept=1.0000 swapped=True
i=2 pair=(1,0) lam_t=1.00000 lam_s=1.04500 tsr_diff=0.001897 integral_mean=-0.000174 integral_std=0.003949 log_ratio=-0.4187 accept=0.6579 swapped=True
i=2 pair=(3,2) lam_t=1.04950 lam_s=1.05000 tsr_diff=0.000021 integral_mean=-0.000001 integral_std=0.000043 log_ratio=-0.0019 accept=0.9981 swapped=True
i=3 pair=(1,2) lam_t=1.04500 lam_s=1.04950 tsr_diff=0.000416 integral_mean=-0.000044 integral_std=0.000907 log_ratio=-0.1064 accept=0.8990 swapped=True
i=3 pair=(2,1) lam_t=1.04500 lam_s=1.04950 tsr_diff=0.000416 integral_mean=0.000020 integral_std=0.000881 log_ratio=0.0000 accept=1.0000 swapped=True
i=4 pair=(0,1) lam_t=1.00000 lam_s=1.04500 tsr_diff=0.007228 integral_mean=0.002389 integral_std=0.018434 log_ratio=0.0000 accept=1.0000 swapped=True
i=4 pair=(2,3) lam_t=1.04950 lam_s=1.05000 tsr_diff=0.000080 integral_mean=0.000006 integral_std=0.000170 log_ratio=0.0000 accept=1.0000 swapped=True
i=4 pair=(1,0) lam_t=1.00000 lam_s=1.04500 tsr_diff=0.007228 integral_mean=-0.001248 integral_std=0.015276 log_ratio=-2.9956 accept=0.0500 swapped=False
i=4 pair=(3,2) lam_t=1.04950 lam_s=1.05000 tsr_diff=0.000080 integral_mean=0.000001 integral_std=0.000181 log_ratio=0.0000 accept=1.0000 swapped=True
i=5 pair=(0,2) lam_t=1.04500 lam_s=1.04950 tsr_diff=0.001076 integral_mean=0.000024 integral_std=0.002265 log_ratio=0.0000 accept=1.0000 swapped=True
i=5 pair=(2,0) lam_t=1.04500 lam_s=1.04950 tsr_diff=0.001076 integral_mean=-0.000033 integral_std=0.002240 log_ratio=-0.0800 accept=0.9231 swapped=False
i=6 pair=(1,2) lam_t=1.00000 lam_s=1.04500 tsr_diff=0.015004 integral_mean=-0.000866 integral_std=0.032650 log_ratio=-2.0776 accept=0.1252 swapped=True
i=6 pair=(0,3) lam_t=1.04950 lam_s=1.05000 tsr_diff=0.000164 integral_mean=-0.000003 integral_std=0.000361 log_ratio=-0.0066 accept=0.9934 swapped=True
i=6 pair=(2,1) lam_t=1.00000 lam_s=1.04500 tsr_diff=0.015004 integral_mean=-0.000388 integral_std=0.030973 log_ratio=-0.9311 accept=0.3941 swapped=False
i=6 pair=(3,0) lam_t=1.04950 lam_s=1.05000 tsr_diff=0.000164 integral_mean=0.000002 integral_std=0.000357 log_ratio=0.0000 accept=1.0000 swapped=True
i=7 pair=(1,0) lam_t=1.04500 lam_s=1.04950 tsr_diff=0.001897 integral_mean=-0.000002 integral_std=0.004313 log_ratio=-0.0051 accept=0.9949 swapped=True
i=7 pair=(0,1) lam_t=1.04500 lam_s=1.04950 tsr_diff=0.001897 integral_mean=0.000126 integral_std=0.004555 log_ratio=0.0000 accept=1.0000 swapped=True
i=8 pair=(2,1) lam_t=1.00000 lam_s=1.04500 tsr_diff=0.023831 integral_mean=-0.001070 integral_std=0.056578 log_ratio=-2.5681 accept=0.0767 swapped=False
i=8 pair=(0,3) lam_t=1.04950 lam_s=1.05000 tsr_diff=0.000257 integral_mean=-0.000005 integral_std=0.000603 log_ratio=-0.0127 accept=0.9874 swapped=True
i=8 pair=(2,1) lam_t=1.00000 lam_s=1.04500 tsr_diff=0.023831 integral_mean=-0.000658 integral_std=0.053327 log_ratio=-1.5791 accept=0.2062 swapped=False
i=8 pair=(3,0) lam_t=1.04950 lam_s=1.05000 tsr_diff=0.000257 integral_mean=0.000008 integral_std=0.000600 log_ratio=0.0000 accept=1.0000 swapped=True
i=9 pair=(1,0) lam_t=1.04500 lam_s=1.04950 tsr_diff=0.002729 integral_mean=-0.000230 integral_std=0.007195 log_ratio=-0.5515 accept=0.5761 swapped=False
i=9 pair=(1,0) lam_t=1.04500 lam_s=1.04950 tsr_diff=0.002729 integral_mean=-0.000027 integral_std=0.007054 log_ratio=-0.0639 accept=0.9381 swapped=True
i=10 pair=(2,0) lam_t=1.00000 lam_s=1.04500 tsr_diff=0.032198 integral_mean=-0.007042 integral_std=0.092285 log_ratio=-16.9019 accept=0.0000 swapped=False
i=10 pair=(1,3) lam_t=1.04950 lam_s=1.05000 tsr_diff=0.000344 integral_mean=0.000016 integral_std=0.000836 log_ratio=0.0000 accept=1.0000 swapped=True
i=10 pair=(2,0) lam_t=1.00000 lam_s=1.04500 tsr_diff=0.032198 integral_mean=-0.002809 integral_std=0.075841 log_ratio=-6.7413 accept=0.0012 swapped=False
i=10 pair=(3,1) lam_t=1.04950 lam_s=1.05000 tsr_diff=0.000344 integral_mean=-0.000018 integral_std=0.000791 log_ratio=-0.0429 accept=0.9580 swapped=True
i=11 pair=(0,1) lam_t=1.04500 lam_s=1.04950 tsr_diff=0.003437 integral_mean=0.000312 integral_std=0.011801 log_ratio=0.0000 accept=1.0000 swapped=True
i=11 pair=(1,0) lam_t=1.04500 lam_s=1.04950 tsr_diff=0.003437 integral_mean=-0.000839 integral_std=0.011557 log_ratio=-2.0128 accept=0.1336 swapped=False
i=12 pair=(2,1) lam_t=1.00000 lam_s=1.04500 tsr_diff=0.038747 integral_mean=0.006938 integral_std=0.139877 log_ratio=0.0000 accept=1.0000 swapped=True
i=12 pair=(0,3) lam_t=1.04950 lam_s=1.05000 tsr_diff=0.000410 integral_mean=0.000170 integral_std=0.001667 log_ratio=0.0000 accept=1.0000 swapped=True
i=12 pair=(1,2) lam_t=1.00000 lam_s=1.04500 tsr_diff=0.038747 integral_mean=-0.000029 integral_std=0.120138 log_ratio=-0.0687 accept=0.9336 swapped=True
i=12 pair=(3,0) lam_t=1.04950 lam_s=1.05000 tsr_diff=0.000410 integral_mean=-0.000142 integral_std=0.001659 log_ratio=-0.3405 accept=0.7114 swapped=False
i=13 pair=(1,3) lam_t=1.04500 lam_s=1.04950 tsr_diff=0.003916 integral_mean=0.000264 integral_std=0.013665 log_ratio=0.0000 accept=1.0000 swapped=True
i=13 pair=(3,1) lam_t=1.04500 lam_s=1.04950 tsr_diff=0.003916 integral_mean=-0.000759 integral_std=0.013104 log_ratio=-1.8221 accept=0.1617 swapped=False
i=14 pair=(2,3) lam_t=1.00000 lam_s=1.04500 tsr_diff=0.042457 integral_mean=0.006551 integral_std=0.335400 log_ratio=0.0000 accept=1.0000 swapped=True
i=14 pair=(1,0) lam_t=1.04950 lam_s=1.05000 tsr_diff=0.000448 integral_mean=-0.000263 integral_std=0.006056 log_ratio=-0.6307 accept=0.5322 swapped=True
i=14 pair=(3,2) lam_t=1.00000 lam_s=1.04500 tsr_diff=0.042457 integral_mean=0.003619 integral_std=0.214253 log_ratio=0.0000 accept=1.0000 swapped=True
i=14 pair=(0,1) lam_t=1.04950 lam_s=1.05000 tsr_diff=0.000448 integral_mean=0.000220 integral_std=0.005061 log_ratio=0.0000 accept=1.0000 swapped=True
Best Sample: 3 log probability -0.563
Saved 1 samples to: logs/pointmaze-giant-navigate-v0/inference/plans/release_H400_T256_LimitsNormalizer_b1_condFalse/2026-07-17 16:45:09/39/0.png
Saved 1 samples to: logs/pointmaze-giant-navigate-v0/inference/plans/release_H400_T256_LimitsNormalizer_b1_condFalse/2026-07-17 16:45:09/39/rollout.png
i=0 pair=(0,1) lam_t=1.00000 lam_s=1.04500 tsr_diff=0.000000 integral_mean=0.000000 integral_std=0.000000 log_ratio=0.0000 accept=1.0000 swapped=True
i=0 pair=(2,3) lam_t=1.04950 lam_s=1.05000 tsr_diff=0.000000 integral_mean=0.000000 integral_std=0.000000 log_ratio=0.0000 accept=1.0000 swapped=True
i=0 pair=(1,0) lam_t=1.00000 lam_s=1.04500 tsr_diff=0.000000 integral_mean=0.000000 integral_std=0.000000 log_ratio=0.0000 accept=1.0000 swapped=True
i=0 pair=(3,2) lam_t=1.04950 lam_s=1.05000 tsr_diff=0.000000 integral_mean=0.000000 integral_std=0.000000 log_ratio=0.0000 accept=1.0000 swapped=True
i=1 pair=(1,2) lam_t=1.04500 lam_s=1.04950 tsr_diff=0.000048 integral_mean=0.000004 integral_std=0.000094 log_ratio=0.0000 accept=1.0000 swapped=True
i=1 pair=(2,1) lam_t=1.04500 lam_s=1.04950 tsr_diff=0.000048 integral_mean=0.000002 integral_std=0.000100 log_ratio=0.0000 accept=1.0000 swapped=True
i=2 pair=(0,1) lam_t=1.00000 lam_s=1.04500 tsr_diff=0.001897 integral_mean=0.000086 integral_std=0.003823 log_ratio=0.0000 accept=1.0000 swapped=True
i=2 pair=(2,3) lam_t=1.04950 lam_s=1.05000 tsr_diff=0.000021 integral_mean=0.000001 integral_std=0.000042 log_ratio=0.0000 accept=1.0000 swapped=True
i=2 pair=(1,0) lam_t=1.00000 lam_s=1.04500 tsr_diff=0.001897 integral_mean=-0.000059 integral_std=0.003774 log_ratio=-0.1417 accept=0.8679 swapped=True
i=2 pair=(3,2) lam_t=1.04950 lam_s=1.05000 tsr_diff=0.000021 integral_mean=0.000000 integral_std=0.000040 log_ratio=0.0000 accept=1.0000 swapped=True
i=3 pair=(1,2) lam_t=1.04500 lam_s=1.04950 tsr_diff=0.000416 integral_mean=0.000002 integral_std=0.000796 log_ratio=0.0000 accept=1.0000 swapped=True
i=3 pair=(2,1) lam_t=1.04500 lam_s=1.04950 tsr_diff=0.000416 integral_mean=0.000000 integral_std=0.000923 log_ratio=0.0000 accept=1.0000 swapped=True
i=4 pair=(0,1) lam_t=1.00000 lam_s=1.04500 tsr_diff=0.007228 integral_mean=-0.000337 integral_std=0.015642 log_ratio=-0.8097 accept=0.4450 swapped=False
i=4 pair=(2,3) lam_t=1.04950 lam_s=1.05000 tsr_diff=0.000080 integral_mean=0.000002 integral_std=0.000167 log_ratio=0.0000 accept=1.0000 swapped=True
i=4 pair=(0,1) lam_t=1.00000 lam_s=1.04500 tsr_diff=0.007228 integral_mean=-0.000198 integral_std=0.013988 log_ratio=-0.4761 accept=0.6212 swapped=False
i=4 pair=(3,2) lam_t=1.04950 lam_s=1.05000 tsr_diff=0.000080 integral_mean=-0.000003 integral_std=0.000159 log_ratio=-0.0062 accept=0.9938 swapped=True
i=5 pair=(1,2) lam_t=1.04500 lam_s=1.04950 tsr_diff=0.001076 integral_mean=0.000036 integral_std=0.002201 log_ratio=0.0000 accept=1.0000 swapped=True
i=5 pair=(2,1) lam_t=1.04500 lam_s=1.04950 tsr_diff=0.001076 integral_mean=0.000036 integral_std=0.002259 log_ratio=0.0000 accept=1.0000 swapped=True
i=6 pair=(0,1) lam_t=1.00000 lam_s=1.04500 tsr_diff=0.015004 integral_mean=0.000570 integral_std=0.031502 log_ratio=0.0000 accept=1.0000 swapped=True
i=6 pair=(2,3) lam_t=1.04950 lam_s=1.05000 tsr_diff=0.000164 integral_mean=0.000007 integral_std=0.000331 log_ratio=0.0000 accept=1.0000 swapped=True
i=6 pair=(1,0) lam_t=1.00000 lam_s=1.04500 tsr_diff=0.015004 integral_mean=-0.000858 integral_std=0.031421 log_ratio=-2.0589 accept=0.1276 swapped=True
i=6 pair=(3,2) lam_t=1.04950 lam_s=1.05000 tsr_diff=0.000164 integral_mean=-0.000002 integral_std=0.000329 log_ratio=-0.0055 accept=0.9946 swapped=True
i=7 pair=(1,2) lam_t=1.04500 lam_s=1.04950 tsr_diff=0.001897 integral_mean=0.000161 integral_std=0.004099 log_ratio=0.0000 accept=1.0000 swapped=True
i=7 pair=(2,1) lam_t=1.04500 lam_s=1.04950 tsr_diff=0.001897 integral_mean=-0.000298 integral_std=0.004055 log_ratio=-0.7152 accept=0.4891 swapped=False
i=8 pair=(0,2) lam_t=1.00000 lam_s=1.04500 tsr_diff=0.023831 integral_mean=-0.000108 integral_std=0.048405 log_ratio=-0.2595 accept=0.7714 swapped=True
i=8 pair=(1,3) lam_t=1.04950 lam_s=1.05000 tsr_diff=0.000257 integral_mean=0.000035 integral_std=0.000626 log_ratio=0.0000 accept=1.0000 swapped=True
i=8 pair=(2,0) lam_t=1.00000 lam_s=1.04500 tsr_diff=0.023831 integral_mean=-0.001110 integral_std=0.049534 log_ratio=-2.6642 accept=0.0697 swapped=False
i=8 pair=(3,1) lam_t=1.04950 lam_s=1.05000 tsr_diff=0.000257 integral_mean=-0.000039 integral_std=0.000603 log_ratio=-0.0942 accept=0.9101 swapped=False
i=9 pair=(0,3) lam_t=1.04500 lam_s=1.04950 tsr_diff=0.002729 integral_mean=0.000030 integral_std=0.006209 log_ratio=0.0000 accept=1.0000 swapped=True
i=9 pair=(3,0) lam_t=1.04500 lam_s=1.04950 tsr_diff=0.002729 integral_mean=-0.000003 integral_std=0.005925 log_ratio=-0.0066 accept=0.9935 swapped=True
i=10 pair=(2,0) lam_t=1.00000 lam_s=1.04500 tsr_diff=0.032198 integral_mean=0.001670 integral_std=0.071235 log_ratio=0.0000 accept=1.0000 swapped=True
i=10 pair=(3,1) lam_t=1.04950 lam_s=1.05000 tsr_diff=0.000344 integral_mean=-0.000090 integral_std=0.000988 log_ratio=-0.2159 accept=0.8058 swapped=True
i=10 pair=(0,2) lam_t=1.00000 lam_s=1.04500 tsr_diff=0.032198 integral_mean=-0.000264 integral_std=0.070248 log_ratio=-0.6337 accept=0.5307 swapped=False
i=10 pair=(1,3) lam_t=1.04950 lam_s=1.05000 tsr_diff=0.000344 integral_mean=0.000074 integral_std=0.000884 log_ratio=0.0000 accept=1.0000 swapped=True
i=11 pair=(2,3) lam_t=1.04500 lam_s=1.04950 tsr_diff=0.003437 integral_mean=0.000327 integral_std=0.008536 log_ratio=0.0000 accept=1.0000 swapped=True
i=11 pair=(3,2) lam_t=1.04500 lam_s=1.04950 tsr_diff=0.003437 integral_mean=-0.000177 integral_std=0.008297 log_ratio=-0.4243 accept=0.6542 swapped=True
i=12 pair=(0,2) lam_t=1.00000 lam_s=1.04500 tsr_diff=0.038747 integral_mean=-0.000735 integral_std=0.097047 log_ratio=-1.7642 accept=0.1713 swapped=False
i=12 pair=(3,1) lam_t=1.04950 lam_s=1.05000 tsr_diff=0.000410 integral_mean=-0.000153 integral_std=0.001578 log_ratio=-0.3660 accept=0.6935 swapped=True
i=12 pair=(0,2) lam_t=1.00000 lam_s=1.04500 tsr_diff=0.038747 integral_mean=-0.002328 integral_std=0.098142 log_ratio=-5.5879 accept=0.0037 swapped=False
i=12 pair=(1,3) lam_t=1.04950 lam_s=1.05000 tsr_diff=0.000410 integral_mean=0.000105 integral_std=0.001651 log_ratio=0.0000 accept=1.0000 swapped=True
i=13 pair=(2,3) lam_t=1.04500 lam_s=1.04950 tsr_diff=0.003916 integral_mean=0.000127 integral_std=0.012694 log_ratio=0.0000 accept=1.0000 swapped=True
i=13 pair=(3,2) lam_t=1.04500 lam_s=1.04950 tsr_diff=0.003916 integral_mean=-0.000139 integral_std=0.013533 log_ratio=-0.3330 accept=0.7168 swapped=True
i=14 pair=(0,2) lam_t=1.00000 lam_s=1.04500 tsr_diff=0.042457 integral_mean=0.008495 integral_std=0.267425 log_ratio=0.0000 accept=1.0000 swapped=True
i=14 pair=(3,1) lam_t=1.04950 lam_s=1.05000 tsr_diff=0.000448 integral_mean=-0.000765 integral_std=0.007410 log_ratio=-1.8367 accept=0.1593 swapped=False
i=14 pair=(2,0) lam_t=1.00000 lam_s=1.04500 tsr_diff=0.042457 integral_mean=0.007030 integral_std=0.199995 log_ratio=0.0000 accept=1.0000 swapped=True
i=14 pair=(3,1) lam_t=1.04950 lam_s=1.05000 tsr_diff=0.000448 integral_mean=-0.000247 integral_std=0.002755 log_ratio=-0.5931 accept=0.5526 swapped=False
Best Sample: 3 log probability -0.168
Saved 1 samples to: logs/pointmaze-giant-navigate-v0/inference/plans/release_H400_T256_LimitsNormalizer_b1_condFalse/2026-07-17 16:45:09/40/0.png
Saved 1 samples to: logs/pointmaze-giant-navigate-v0/inference/plans/release_H400_T256_LimitsNormalizer_b1_condFalse/2026-07-17 16:45:09/40/rollout.png
Success Rate: 50.0, Average Compute: 128.0
Exception ignored in: <function OffScreenViewer.__del__ at 0x14a68159b370>
Traceback (most recent call last):
  File "/n/home00/zoewu/.conda/envs/maze/lib/python3.10/site-packages/gymnasium/envs/mujoco/mujoco_rendering.py", line 204, in __del__
    self.free()
  File "/n/home00/zoewu/.conda/envs/maze/lib/python3.10/site-packages/gymnasium/envs/mujoco/mujoco_rendering.py", line 201, in free
    self.opengl_context.free()
  File "/n/home00/zoewu/.conda/envs/maze/lib/python3.10/site-packages/mujoco/egl/__init__.py", line 133, in free
    EGL.eglDestroyContext(EGL_DISPLAY, self._context)
  File "/n/home00/zoewu/.conda/envs/maze/lib/python3.10/site-packages/OpenGL/error.py", line 230, in glCheckError
    raise self._errorClass(
OpenGL.raw.EGL._errors.EGLError: EGLError(
	err = EGL_NOT_INITIALIZED,
	baseOperation = eglDestroyContext,
	cArguments = (
		<OpenGL._opaque.EGLDisplay_pointer object at 0x14a75f7dcec0>,
		<OpenGL._opaque.EGLContext_pointer object at 0x14a68c9f3ec0>,
	),
	result = 0
)
Exception ignored in: <function GLContext.__del__ at 0x14a68b274ee0>
Traceback (most recent call last):
  File "/n/home00/zoewu/.conda/envs/maze/lib/python3.10/site-packages/mujoco/egl/__init__.py", line 138, in __del__
    self.free()
  File "/n/home00/zoewu/.conda/envs/maze/lib/python3.10/site-packages/mujoco/egl/__init__.py", line 133, in free
    EGL.eglDestroyContext(EGL_DISPLAY, self._context)
  File "/n/home00/zoewu/.conda/envs/maze/lib/python3.10/site-packages/OpenGL/error.py", line 230, in glCheckError
    raise self._errorClass(
OpenGL.raw.EGL._errors.EGLError: EGLError(
	err = EGL_NOT_INITIALIZED,
	baseOperation = eglDestroyContext,
	cArguments = (
		<OpenGL._opaque.EGLDisplay_pointer object at 0x14a75f7dcec0>,
		<OpenGL._opaque.EGLContext_pointer object at 0x14a68c9f3ec0>,
	),
	result = 0
)
Exception ignored in: <function OffScreenViewer.__del__ at 0x14a68159b370>
Traceback (most recent call last):
  File "/n/home00/zoewu/.conda/envs/maze/lib/python3.10/site-packages/gymnasium/envs/mujoco/mujoco_rendering.py", line 204, in __del__
    self.free()
  File "/n/home00/zoewu/.conda/envs/maze/lib/python3.10/site-packages/gymnasium/envs/mujoco/mujoco_rendering.py", line 201, in free
    self.opengl_context.free()
  File "/n/home00/zoewu/.conda/envs/maze/lib/python3.10/site-packages/mujoco/egl/__init__.py", line 133, in free
    EGL.eglDestroyContext(EGL_DISPLAY, self._context)
  File "/n/home00/zoewu/.conda/envs/maze/lib/python3.10/site-packages/OpenGL/error.py", line 230, in glCheckError
    raise self._errorClass(
OpenGL.raw.EGL._errors.EGLError: EGLError(
	err = EGL_NOT_INITIALIZED,
	baseOperation = eglDestroyContext,
	cArguments = (
		<OpenGL._opaque.EGLDisplay_pointer object at 0x14a75f7dcec0>,
		<OpenGL._opaque.EGLContext_pointer object at 0x14a6813f5440>,
	),
	result = 0
)
Exception ignored in: <function GLContext.__del__ at 0x14a68b274ee0>
Traceback (most recent call last):
  File "/n/home00/zoewu/.conda/envs/maze/lib/python3.10/site-packages/mujoco/egl/__init__.py", line 138, in __del__
    self.free()
  File "/n/home00/zoewu/.conda/envs/maze/lib/python3.10/site-packages/mujoco/egl/__init__.py", line 133, in free
    EGL.eglDestroyContext(EGL_DISPLAY, self._context)
  File "/n/home00/zoewu/.conda/envs/maze/lib/python3.10/site-packages/OpenGL/error.py", line 230, in glCheckError
    raise self._errorClass(
OpenGL.raw.EGL._errors.EGLError: EGLError(
	err = EGL_NOT_INITIALIZED,
	baseOperation = eglDestroyContext,
	cArguments = (
		<OpenGL._opaque.EGLDisplay_pointer object at 0x14a75f7dcec0>,
		<OpenGL._opaque.EGLContext_pointer object at 0x14a6813f5440>,
	),
	result = 0
)
