/n/home00/zoewu/STEER/pointmaze/diffuser/utils/training.py:161: FutureWarning: You are using `torch.load` with `weights_only=False` (the current default value), which uses the default pickle module implicitly. It is possible to construct malicious pickle data which will execute arbitrary code during unpickling (See https://github.com/pytorch/pytorch/blob/main/SECURITY.md#untrusted-models for more details). In a future release, the default value for `weights_only` will be flipped to `True`. This limits the functions that could be executed during unpickling. Arbitrary objects will no longer be allowed to be loaded via this mode unless they are explicitly allowlisted by the user via `torch.serialization.add_safe_globals`. We recommend you start setting `weights_only=True` for any use case where you don't have full control of the loaded file. Please open an issue on GitHub for any issues related to this experimental feature.
  data = torch.load(loadpath, map_location='cpu')
[ utils/setup ] Reading config: config.pointmaze:pointmaze_giant_navigate_v0
[ utils/setup ] Using overrides | config: config.pointmaze | dataset: pointmaze_giant_navigate_v0
[ utils/setup ] Lazy fstring | diffusion_loadpath : f:diffusion/H{horizon}_T{n_diffusion_steps} --> diffusion/H400_T256
[ utils/setup ] Setting exp_name to: plans/release_H400_T256_LimitsNormalizer_b1_condFalse
[ utils/setup ] Saved args to logs/pointmaze-giant-navigate-v0/plans/release_H400_T256_LimitsNormalizer_b1_condFalse/0/args.json
[ utils/serialization ] Loaded config from logs/pointmaze-giant-navigate-v0/diffusion/H400_T256/dataset_config.pkl

[utils/config ] Config: <class 'diffuser.datasets.sequence.GoalDataset'>
    env: pointmaze-giant-navigate-v0
    horizon: 400
    max_path_length: 40000
    normalizer: LimitsNormalizer
    preprocess_fns: []
    termination_penalty: None
    use_padding: False

[ utils/serialization ] Loaded config from logs/pointmaze-giant-navigate-v0/diffusion/H400_T256/render_config.pkl

[utils/config ] Config: <class 'diffuser.utils.rendering.PointMazeRenderer'>
    env: pointmaze-giant-navigate-v0

[ utils/serialization ] Loaded config from logs/pointmaze-giant-navigate-v0/diffusion/H400_T256/model_config.pkl

[utils/config ] Config: <class 'diffuser.models.temporal.TemporalUnet'>
    cond_dim: 2
    dim_mults: (1, 4, 8)
    horizon: 424
    transition_dim: 4

[ utils/serialization ] Loaded config from logs/pointmaze-giant-navigate-v0/diffusion/H400_T256/diffusion_config.pkl

[utils/config ] Config: <class 'diffuser.models.diffusion.GaussianDiffusion'>
    action_dim: 2
    action_weight: 1
    clip_denoised: True
    horizon: 400
    loss_discount: 1
    loss_type: l2
    loss_weights: None
    n_timesteps: 256
    observation_dim: 2
    predict_epsilon: False

[ utils/serialization ] Loaded config from logs/pointmaze-giant-navigate-v0/diffusion/H400_T256/trainer_config.pkl

[utils/config ] Config: <class 'diffuser.utils.training.Trainer'>
    bucket: None
    ema_decay: 0.995
    gradient_accumulate_every: 2
    label_freq: 40000
    n_reference: 50
    n_samples: 10
    results_folder: logs/pointmaze-giant-navigate-v0/diffusion/H400_T256
    sample_freq: 1000
    save_freq: 1000
    save_parallel: False
    train_batch_size: 32
    train_lr: 0.0002

[ datasets/buffer ] Finalized replay buffer | 1500 episodes
[ datasets/buffer ] Fields:
    observations: (1500, 40000, 2)
    actions: (1500, 40000, 2)
    terminals: (1500, 40000, 1)
    next_observations: (1500, 40000, 2)
    normed_observations: (1500, 40000, 2)
    normed_actions: (1500, 40000, 2)
[ models/temporal ] Channel dimensions: [(4, 32), (32, 128), (128, 256)]
[(4, 32), (32, 128), (128, 256)]

[ utils/serialization ] Loading model epoch: 1200000

i=0 pair=(0,1) lam_t=1.00000 lam_s=1.04500 tsr_diff=0.000000 integral_mean=0.000000 integral_std=0.000000 log_ratio=0.0000 accept=1.0000 swapped=True
i=0 pair=(2,3) lam_t=1.04950 lam_s=1.05000 tsr_diff=0.000000 integral_mean=0.000000 integral_std=0.000000 log_ratio=0.0000 accept=1.0000 swapped=True
i=0 pair=(1,0) lam_t=1.00000 lam_s=1.04500 tsr_diff=0.000000 integral_mean=0.000000 integral_std=0.000000 log_ratio=0.0000 accept=1.0000 swapped=True
i=0 pair=(3,2) lam_t=1.04950 lam_s=1.05000 tsr_diff=0.000000 integral_mean=0.000000 integral_std=0.000000 log_ratio=0.0000 accept=1.0000 swapped=True
i=1 pair=(1,2) lam_t=1.04500 lam_s=1.04950 tsr_diff=0.000048 integral_mean=0.000001 integral_std=0.000091 log_ratio=0.0000 accept=1.0000 swapped=True
i=1 pair=(2,1) lam_t=1.04500 lam_s=1.04950 tsr_diff=0.000048 integral_mean=-0.000001 integral_std=0.000098 log_ratio=-0.0014 accept=0.9986 swapped=True
i=2 pair=(0,1) lam_t=1.00000 lam_s=1.04500 tsr_diff=0.001897 integral_mean=0.000125 integral_std=0.003989 log_ratio=0.0000 accept=1.0000 swapped=True
i=2 pair=(2,3) lam_t=1.04950 lam_s=1.05000 tsr_diff=0.000021 integral_mean=-0.000004 integral_std=0.000045 log_ratio=-0.0084 accept=0.9916 swapped=True
i=2 pair=(1,0) lam_t=1.00000 lam_s=1.04500 tsr_diff=0.001897 integral_mean=0.000110 integral_std=0.003931 log_ratio=0.0000 accept=1.0000 swapped=True
i=2 pair=(3,2) lam_t=1.04950 lam_s=1.05000 tsr_diff=0.000021 integral_mean=0.000002 integral_std=0.000044 log_ratio=0.0000 accept=1.0000 swapped=True
i=3 pair=(1,2) lam_t=1.04500 lam_s=1.04950 tsr_diff=0.000416 integral_mean=0.000638 integral_std=0.001718 log_ratio=0.0000 accept=1.0000 swapped=True
i=3 pair=(2,1) lam_t=1.04500 lam_s=1.04950 tsr_diff=0.000416 integral_mean=-0.000231 integral_std=0.001145 log_ratio=-0.5546 accept=0.5743 swapped=True
i=4 pair=(0,1) lam_t=1.00000 lam_s=1.04500 tsr_diff=0.007228 integral_mean=-0.002899 integral_std=0.018820 log_ratio=-6.9584 accept=0.0010 swapped=False
i=4 pair=(2,3) lam_t=1.04950 lam_s=1.05000 tsr_diff=0.000080 integral_mean=-0.000034 integral_std=0.000207 log_ratio=-0.0810 accept=0.9222 swapped=True
i=4 pair=(0,1) lam_t=1.00000 lam_s=1.04500 tsr_diff=0.007228 integral_mean=-0.002636 integral_std=0.018631 log_ratio=-6.3257 accept=0.0018 swapped=False
i=4 pair=(3,2) lam_t=1.04950 lam_s=1.05000 tsr_diff=0.000080 integral_mean=0.000011 integral_std=0.000185 log_ratio=0.0000 accept=1.0000 swapped=True
i=5 pair=(1,2) lam_t=1.04500 lam_s=1.04950 tsr_diff=0.001076 integral_mean=0.000152 integral_std=0.002924 log_ratio=0.0000 accept=1.0000 swapped=True
i=5 pair=(2,1) lam_t=1.04500 lam_s=1.04950 tsr_diff=0.001076 integral_mean=-0.000199 integral_std=0.002755 log_ratio=-0.4769 accept=0.6207 swapped=True
i=6 pair=(0,1) lam_t=1.00000 lam_s=1.04500 tsr_diff=0.015004 integral_mean=-0.007921 integral_std=0.065624 log_ratio=-19.0108 accept=0.0000 swapped=False
i=6 pair=(2,3) lam_t=1.04950 lam_s=1.05000 tsr_diff=0.000164 integral_mean=0.000003 integral_std=0.000350 log_ratio=0.0000 accept=1.0000 swapped=True
i=6 pair=(0,1) lam_t=1.00000 lam_s=1.04500 tsr_diff=0.015004 integral_mean=-0.005298 integral_std=0.037197 log_ratio=-12.7145 accept=0.0000 swapped=False
i=6 pair=(3,2) lam_t=1.04950 lam_s=1.05000 tsr_diff=0.000164 integral_mean=-0.000006 integral_std=0.000372 log_ratio=-0.0140 accept=0.9861 swapped=True
i=7 pair=(1,2) lam_t=1.04500 lam_s=1.04950 tsr_diff=0.001897 integral_mean=0.000574 integral_std=0.004906 log_ratio=0.0000 accept=1.0000 swapped=True
i=7 pair=(2,1) lam_t=1.04500 lam_s=1.04950 tsr_diff=0.001897 integral_mean=-0.000522 integral_std=0.005303 log_ratio=-1.2525 accept=0.2858 swapped=False
i=8 pair=(0,2) lam_t=1.00000 lam_s=1.04500 tsr_diff=0.023831 integral_mean=0.002363 integral_std=0.056735 log_ratio=0.0000 accept=1.0000 swapped=True
i=8 pair=(1,3) lam_t=1.04950 lam_s=1.05000 tsr_diff=0.000257 integral_mean=0.000051 integral_std=0.000639 log_ratio=0.0000 accept=1.0000 swapped=True
i=8 pair=(2,0) lam_t=1.00000 lam_s=1.04500 tsr_diff=0.023831 integral_mean=-0.000988 integral_std=0.052654 log_ratio=-2.3720 accept=0.0933 swapped=False
i=8 pair=(3,1) lam_t=1.04950 lam_s=1.05000 tsr_diff=0.000257 integral_mean=-0.000046 integral_std=0.000668 log_ratio=-0.1098 accept=0.8961 swapped=True
i=9 pair=(0,1) lam_t=1.04500 lam_s=1.04950 tsr_diff=0.002729 integral_mean=-0.000473 integral_std=0.011295 log_ratio=-1.1349 accept=0.3215 swapped=False
i=9 pair=(0,1) lam_t=1.04500 lam_s=1.04950 tsr_diff=0.002729 integral_mean=-0.000014 integral_std=0.008220 log_ratio=-0.0326 accept=0.9679 swapped=True
i=10 pair=(2,1) lam_t=1.00000 lam_s=1.04500 tsr_diff=0.032198 integral_mean=-0.007223 integral_std=0.094219 log_ratio=-17.3357 accept=0.0000 swapped=False
i=10 pair=(0,3) lam_t=1.04950 lam_s=1.05000 tsr_diff=0.000344 integral_mean=0.000032 integral_std=0.000962 log_ratio=0.0000 accept=1.0000 swapped=True
i=10 pair=(2,1) lam_t=1.00000 lam_s=1.04500 tsr_diff=0.032198 integral_mean=-0.004433 integral_std=0.093476 log_ratio=-10.6388 accept=0.0000 swapped=False
i=10 pair=(3,0) lam_t=1.04950 lam_s=1.05000 tsr_diff=0.000344 integral_mean=-0.000037 integral_std=0.000891 log_ratio=-0.0885 accept=0.9153 swapped=True
i=11 pair=(1,0) lam_t=1.04500 lam_s=1.04950 tsr_diff=0.003437 integral_mean=0.001292 integral_std=0.021683 log_ratio=0.0000 accept=1.0000 swapped=True
i=11 pair=(0,1) lam_t=1.04500 lam_s=1.04950 tsr_diff=0.003437 integral_mean=-0.001631 integral_std=0.020457 log_ratio=-3.9142 accept=0.0200 swapped=False
i=12 pair=(2,0) lam_t=1.00000 lam_s=1.04500 tsr_diff=0.038747 integral_mean=-0.014145 integral_std=0.161989 log_ratio=-33.9477 accept=0.0000 swapped=False
i=12 pair=(1,3) lam_t=1.04950 lam_s=1.05000 tsr_diff=0.000410 integral_mean=0.000539 integral_std=0.002828 log_ratio=0.0000 accept=1.0000 swapped=True
i=12 pair=(2,0) lam_t=1.00000 lam_s=1.04500 tsr_diff=0.038747 integral_mean=-0.007931 integral_std=0.130394 log_ratio=-19.0346 accept=0.0000 swapped=False
i=12 pair=(3,1) lam_t=1.04950 lam_s=1.05000 tsr_diff=0.000410 integral_mean=-0.000345 integral_std=0.002375 log_ratio=-0.8273 accept=0.4372 swapped=True
i=13 pair=(0,1) lam_t=1.04500 lam_s=1.04950 tsr_diff=0.003916 integral_mean=-0.000010 integral_std=0.032919 log_ratio=-0.0240 accept=0.9763 swapped=True
i=13 pair=(1,0) lam_t=1.04500 lam_s=1.04950 tsr_diff=0.003916 integral_mean=0.001670 integral_std=0.026255 log_ratio=0.0000 accept=1.0000 swapped=True
i=14 pair=(2,0) lam_t=1.00000 lam_s=1.04500 tsr_diff=0.042457 integral_mean=-0.024410 integral_std=0.654865 log_ratio=-58.5829 accept=0.0000 swapped=False
i=14 pair=(1,3) lam_t=1.04950 lam_s=1.05000 tsr_diff=0.000448 integral_mean=0.000595 integral_std=0.005725 log_ratio=0.0000 accept=1.0000 swapped=True
i=14 pair=(2,0) lam_t=1.00000 lam_s=1.04500 tsr_diff=0.042457 integral_mean=-0.017841 integral_std=0.476912 log_ratio=-42.8175 accept=0.0000 swapped=False
i=14 pair=(3,1) lam_t=1.04950 lam_s=1.05000 tsr_diff=0.000448 integral_mean=-0.002356 integral_std=0.011033 log_ratio=-5.6553 accept=0.0035 swapped=False
Best Sample: 0 log probability -12.227
Saved 1 samples to: logs/pointmaze-giant-navigate-v0/inference/plans/release_H400_T256_LimitsNormalizer_b1_condFalse/2026-07-17 16:47:49/1/0.png
Saved 1 samples to: logs/pointmaze-giant-navigate-v0/inference/plans/release_H400_T256_LimitsNormalizer_b1_condFalse/2026-07-17 16:47:49/1/rollout.png
i=0 pair=(0,1) lam_t=1.00000 lam_s=1.04500 tsr_diff=0.000000 integral_mean=0.000000 integral_std=0.000000 log_ratio=0.0000 accept=1.0000 swapped=True
i=0 pair=(2,3) lam_t=1.04950 lam_s=1.05000 tsr_diff=0.000000 integral_mean=0.000000 integral_std=0.000000 log_ratio=0.0000 accept=1.0000 swapped=True
i=0 pair=(1,0) lam_t=1.00000 lam_s=1.04500 tsr_diff=0.000000 integral_mean=0.000000 integral_std=0.000000 log_ratio=0.0000 accept=1.0000 swapped=True
i=0 pair=(3,2) lam_t=1.04950 lam_s=1.05000 tsr_diff=0.000000 integral_mean=0.000000 integral_std=0.000000 log_ratio=0.0000 accept=1.0000 swapped=True
i=1 pair=(1,2) lam_t=1.04500 lam_s=1.04950 tsr_diff=0.000048 integral_mean=0.000001 integral_std=0.000096 log_ratio=0.0000 accept=1.0000 swapped=True
i=1 pair=(2,1) lam_t=1.04500 lam_s=1.04950 tsr_diff=0.000048 integral_mean=0.000002 integral_std=0.000101 log_ratio=0.0000 accept=1.0000 swapped=True
i=2 pair=(0,1) lam_t=1.00000 lam_s=1.04500 tsr_diff=0.001897 integral_mean=0.000084 integral_std=0.003747 log_ratio=0.0000 accept=1.0000 swapped=True
i=2 pair=(2,3) lam_t=1.04950 lam_s=1.05000 tsr_diff=0.000021 integral_mean=0.000001 integral_std=0.000045 log_ratio=0.0000 accept=1.0000 swapped=True
i=2 pair=(1,0) lam_t=1.00000 lam_s=1.04500 tsr_diff=0.001897 integral_mean=0.000025 integral_std=0.003913 log_ratio=0.0000 accept=1.0000 swapped=True
i=2 pair=(3,2) lam_t=1.04950 lam_s=1.05000 tsr_diff=0.000021 integral_mean=-0.000004 integral_std=0.000044 log_ratio=-0.0100 accept=0.9901 swapped=True
i=3 pair=(1,2) lam_t=1.04500 lam_s=1.04950 tsr_diff=0.000416 integral_mean=0.000003 integral_std=0.000844 log_ratio=0.0000 accept=1.0000 swapped=True
i=3 pair=(2,1) lam_t=1.04500 lam_s=1.04950 tsr_diff=0.000416 integral_mean=-0.000016 integral_std=0.000831 log_ratio=-0.0372 accept=0.9635 swapped=True
i=4 pair=(0,1) lam_t=1.00000 lam_s=1.04500 tsr_diff=0.007228 integral_mean=0.003994 integral_std=0.019890 log_ratio=0.0000 accept=1.0000 swapped=True
i=4 pair=(2,3) lam_t=1.04950 lam_s=1.05000 tsr_diff=0.000080 integral_mean=-0.000001 integral_std=0.000170 log_ratio=-0.0015 accept=0.9985 swapped=True
i=4 pair=(1,0) lam_t=1.00000 lam_s=1.04500 tsr_diff=0.007228 integral_mean=-0.001911 integral_std=0.016506 log_ratio=-4.5863 accept=0.0102 swapped=False
i=4 pair=(3,2) lam_t=1.04950 lam_s=1.05000 tsr_diff=0.000080 integral_mean=-0.000005 integral_std=0.000173 log_ratio=-0.0122 accept=0.9878 swapped=True
i=5 pair=(0,2) lam_t=1.04500 lam_s=1.04950 tsr_diff=0.001076 integral_mean=0.000457 integral_std=0.002991 log_ratio=0.0000 accept=1.0000 swapped=True
i=5 pair=(2,0) lam_t=1.04500 lam_s=1.04950 tsr_diff=0.001076 integral_mean=-0.000243 integral_std=0.002764 log_ratio=-0.5829 accept=0.5583 swapped=True
i=6 pair=(1,0) lam_t=1.00000 lam_s=1.04500 tsr_diff=0.015004 integral_mean=-0.018130 integral_std=0.176509 log_ratio=-43.5129 accept=0.0000 swapped=False
i=6 pair=(2,3) lam_t=1.04950 lam_s=1.05000 tsr_diff=0.000164 integral_mean=-0.000004 integral_std=0.000367 log_ratio=-0.0090 accept=0.9911 swapped=False
i=6 pair=(1,0) lam_t=1.00000 lam_s=1.04500 tsr_diff=0.015004 integral_mean=-0.008007 integral_std=0.093277 log_ratio=-19.2168 accept=0.0000 swapped=False
i=6 pair=(2,3) lam_t=1.04950 lam_s=1.05000 tsr_diff=0.000164 integral_mean=0.000004 integral_std=0.000358 log_ratio=0.0000 accept=1.0000 swapped=True
i=7 pair=(0,3) lam_t=1.04500 lam_s=1.04950 tsr_diff=0.001897 integral_mean=0.000565 integral_std=0.008539 log_ratio=0.0000 accept=1.0000 swapped=True
i=7 pair=(3,0) lam_t=1.04500 lam_s=1.04950 tsr_diff=0.001897 integral_mean=-0.000395 integral_std=0.005695 log_ratio=-0.9490 accept=0.3871 swapped=False
i=8 pair=(1,3) lam_t=1.00000 lam_s=1.04500 tsr_diff=0.023831 integral_mean=-0.001256 integral_std=0.055193 log_ratio=-3.0143 accept=0.0491 swapped=False
i=8 pair=(0,2) lam_t=1.04950 lam_s=1.05000 tsr_diff=0.000257 integral_mean=0.000045 integral_std=0.000936 log_ratio=0.0000 accept=1.0000 swapped=True
i=8 pair=(1,3) lam_t=1.00000 lam_s=1.04500 tsr_diff=0.023831 integral_mean=-0.000424 integral_std=0.056662 log_ratio=-1.0184 accept=0.3612 swapped=False
i=8 pair=(2,0) lam_t=1.04950 lam_s=1.05000 tsr_diff=0.000257 integral_mean=-0.000052 integral_std=0.000734 log_ratio=-0.1248 accept=0.8827 swapped=True
i=9 pair=(3,0) lam_t=1.04500 lam_s=1.04950 tsr_diff=0.002729 integral_mean=-0.000357 integral_std=0.008125 log_ratio=-0.8568 accept=0.4245 swapped=True
i=9 pair=(0,3) lam_t=1.04500 lam_s=1.04950 tsr_diff=0.002729 integral_mean=-0.000039 integral_std=0.007073 log_ratio=-0.0944 accept=0.9100 swapped=True
i=10 pair=(1,3) lam_t=1.00000 lam_s=1.04500 tsr_diff=0.032198 integral_mean=-0.001798 integral_std=0.083288 log_ratio=-4.3143 accept=0.0134 swapped=False
i=10 pair=(0,2) lam_t=1.04950 lam_s=1.05000 tsr_diff=0.000344 integral_mean=0.000011 integral_std=0.000806 log_ratio=0.0000 accept=1.0000 swapped=True
i=10 pair=(1,3) lam_t=1.00000 lam_s=1.04500 tsr_diff=0.032198 integral_mean=-0.000756 integral_std=0.085393 log_ratio=-1.8138 accept=0.1630 swapped=False
i=10 pair=(2,0) lam_t=1.04950 lam_s=1.05000 tsr_diff=0.000344 integral_mean=-0.000014 integral_std=0.000834 log_ratio=-0.0342 accept=0.9664 swapped=True
i=11 pair=(3,0) lam_t=1.04500 lam_s=1.04950 tsr_diff=0.003437 integral_mean=0.000019 integral_std=0.010427 log_ratio=0.0000 accept=1.0000 swapped=True
i=11 pair=(0,3) lam_t=1.04500 lam_s=1.04950 tsr_diff=0.003437 integral_mean=-0.000057 integral_std=0.009804 log_ratio=-0.1360 accept=0.8728 swapped=True
i=12 pair=(1,3) lam_t=1.00000 lam_s=1.04500 tsr_diff=0.038747 integral_mean=-0.013477 integral_std=0.205539 log_ratio=-32.3456 accept=0.0000 swapped=False
i=12 pair=(0,2) lam_t=1.04950 lam_s=1.05000 tsr_diff=0.000410 integral_mean=-0.000068 integral_std=0.001542 log_ratio=-0.1636 accept=0.8491 swapped=True
i=12 pair=(1,3) lam_t=1.00000 lam_s=1.04500 tsr_diff=0.038747 integral_mean=-0.008416 integral_std=0.149642 log_ratio=-20.1995 accept=0.0000 swapped=False
i=12 pair=(2,0) lam_t=1.04950 lam_s=1.05000 tsr_diff=0.000410 integral_mean=0.000059 integral_std=0.001236 log_ratio=0.0000 accept=1.0000 swapped=True
i=13 pair=(3,0) lam_t=1.04500 lam_s=1.04950 tsr_diff=0.003916 integral_mean=0.004575 integral_std=0.051721 log_ratio=0.0000 accept=1.0000 swapped=True
i=13 pair=(0,3) lam_t=1.04500 lam_s=1.04950 tsr_diff=0.003916 integral_mean=-0.004133 integral_std=0.039211 log_ratio=-9.9186 accept=0.0000 swapped=False
i=14 pair=(1,0) lam_t=1.00000 lam_s=1.04500 tsr_diff=0.042457 integral_mean=-0.009691 integral_std=0.501276 log_ratio=-23.2577 accept=0.0000 swapped=False
i=14 pair=(3,2) lam_t=1.04950 lam_s=1.05000 tsr_diff=0.000448 integral_mean=-0.000524 integral_std=0.007688 log_ratio=-1.2566 accept=0.2846 swapped=False
i=14 pair=(1,0) lam_t=1.00000 lam_s=1.04500 tsr_diff=0.042457 integral_mean=-0.024512 integral_std=0.451846 log_ratio=-58.8280 accept=0.0000 swapped=False
i=14 pair=(3,2) lam_t=1.04950 lam_s=1.05000 tsr_diff=0.000448 integral_mean=-0.000781 integral_std=0.006153 log_ratio=-1.8733 accept=0.1536 swapped=True
Best Sample: 0 log probability -11.403
Saved 1 samples to: logs/pointmaze-giant-navigate-v0/inference/plans/release_H400_T256_LimitsNormalizer_b1_condFalse/2026-07-17 16:47:49/2/0.png
Saved 1 samples to: logs/pointmaze-giant-navigate-v0/inference/plans/release_H400_T256_LimitsNormalizer_b1_condFalse/2026-07-17 16:47:49/2/rollout.png
i=0 pair=(0,1) lam_t=1.00000 lam_s=1.04500 tsr_diff=0.000000 integral_mean=0.000000 integral_std=0.000000 log_ratio=0.0000 accept=1.0000 swapped=True
i=0 pair=(2,3) lam_t=1.04950 lam_s=1.05000 tsr_diff=0.000000 integral_mean=0.000000 integral_std=0.000000 log_ratio=0.0000 accept=1.0000 swapped=True
i=0 pair=(1,0) lam_t=1.00000 lam_s=1.04500 tsr_diff=0.000000 integral_mean=0.000000 integral_std=0.000000 log_ratio=0.0000 accept=1.0000 swapped=True
i=0 pair=(3,2) lam_t=1.04950 lam_s=1.05000 tsr_diff=0.000000 integral_mean=0.000000 integral_std=0.000000 log_ratio=0.0000 accept=1.0000 swapped=True
i=1 pair=(1,2) lam_t=1.04500 lam_s=1.04950 tsr_diff=0.000048 integral_mean=-0.000003 integral_std=0.000094 log_ratio=-0.0078 accept=0.9923 swapped=True
i=1 pair=(2,1) lam_t=1.04500 lam_s=1.04950 tsr_diff=0.000048 integral_mean=-0.000000 integral_std=0.000098 log_ratio=-0.0002 accept=0.9998 swapped=True
i=2 pair=(0,1) lam_t=1.00000 lam_s=1.04500 tsr_diff=0.001897 integral_mean=-0.000156 integral_std=0.004013 log_ratio=-0.3741 accept=0.6879 swapped=True
i=2 pair=(2,3) lam_t=1.04950 lam_s=1.05000 tsr_diff=0.000021 integral_mean=0.000001 integral_std=0.000042 log_ratio=0.0000 accept=1.0000 swapped=True
i=2 pair=(1,0) lam_t=1.00000 lam_s=1.04500 tsr_diff=0.001897 integral_mean=-0.000087 integral_std=0.003900 log_ratio=-0.2094 accept=0.8110 swapped=True
i=2 pair=(3,2) lam_t=1.04950 lam_s=1.05000 tsr_diff=0.000021 integral_mean=-0.000000 integral_std=0.000043 log_ratio=-0.0001 accept=0.9999 swapped=True
i=3 pair=(1,2) lam_t=1.04500 lam_s=1.04950 tsr_diff=0.000416 integral_mean=-0.000023 integral_std=0.000835 log_ratio=-0.0560 accept=0.9456 swapped=True
i=3 pair=(2,1) lam_t=1.04500 lam_s=1.04950 tsr_diff=0.000416 integral_mean=0.000005 integral_std=0.000879 log_ratio=0.0000 accept=1.0000 swapped=True
i=4 pair=(0,1) lam_t=1.00000 lam_s=1.04500 tsr_diff=0.007228 integral_mean=0.000348 integral_std=0.014174 log_ratio=0.0000 accept=1.0000 swapped=True
i=4 pair=(2,3) lam_t=1.04950 lam_s=1.05000 tsr_diff=0.000080 integral_mean=0.000003 integral_std=0.000164 log_ratio=0.0000 accept=1.0000 swapped=True
i=4 pair=(1,0) lam_t=1.00000 lam_s=1.04500 tsr_diff=0.007228 integral_mean=-0.000608 integral_std=0.013798 log_ratio=-1.4581 accept=0.2327 swapped=False
i=4 pair=(3,2) lam_t=1.04950 lam_s=1.05000 tsr_diff=0.000080 integral_mean=-0.000004 integral_std=0.000186 log_ratio=-0.0108 accept=0.9893 swapped=True
i=5 pair=(0,2) lam_t=1.04500 lam_s=1.04950 tsr_diff=0.001076 integral_mean=-0.000164 integral_std=0.002141 log_ratio=-0.3927 accept=0.6752 swapped=True
i=5 pair=(2,0) lam_t=1.04500 lam_s=1.04950 tsr_diff=0.001076 integral_mean=0.000094 integral_std=0.002103 log_ratio=0.0000 accept=1.0000 swapped=True
i=6 pair=(1,0) lam_t=1.00000 lam_s=1.04500 tsr_diff=0.015004 integral_mean=-0.000664 integral_std=0.029621 log_ratio=-1.5927 accept=0.2034 swapped=True
i=6 pair=(2,3) lam_t=1.04950 lam_s=1.05000 tsr_diff=0.000164 integral_mean=-0.000004 integral_std=0.000372 log_ratio=-0.0103 accept=0.9897 swapped=False
i=6 pair=(0,1) lam_t=1.00000 lam_s=1.04500 tsr_diff=0.015004 integral_mean=-0.000037 integral_std=0.029108 log_ratio=-0.0893 accept=0.9145 swapped=True
i=6 pair=(2,3) lam_t=1.04950 lam_s=1.05000 tsr_diff=0.000164 integral_mean=-0.000013 integral_std=0.000380 log_ratio=-0.0311 accept=0.9693 swapped=True
i=7 pair=(0,3) lam_t=1.04500 lam_s=1.04950 tsr_diff=0.001897 integral_mean=-0.000323 integral_std=0.004712 log_ratio=-0.7746 accept=0.4609 swapped=False
i=7 pair=(0,3) lam_t=1.04500 lam_s=1.04950 tsr_diff=0.001897 integral_mean=-0.000501 integral_std=0.004794 log_ratio=-1.2016 accept=0.3007 swapped=False
i=8 pair=(1,0) lam_t=1.00000 lam_s=1.04500 tsr_diff=0.023831 integral_mean=-0.000805 integral_std=0.048209 log_ratio=-1.9314 accept=0.1449 swapped=False
i=8 pair=(3,2) lam_t=1.04950 lam_s=1.05000 tsr_diff=0.000257 integral_mean=0.000072 integral_std=0.000717 log_ratio=0.0000 accept=1.0000 swapped=True
i=8 pair=(1,0) lam_t=1.00000 lam_s=1.04500 tsr_diff=0.023831 integral_mean=-0.000741 integral_std=0.048634 log_ratio=-1.7783 accept=0.1689 swapped=False
i=8 pair=(2,3) lam_t=1.04950 lam_s=1.05000 tsr_diff=0.000257 integral_mean=-0.000062 integral_std=0.000661 log_ratio=-0.1498 accept=0.8609 swapped=True
i=9 pair=(0,3) lam_t=1.04500 lam_s=1.04950 tsr_diff=0.002729 integral_mean=-0.000785 integral_std=0.007695 log_ratio=-1.8832 accept=0.1521 swapped=False
i=9 pair=(0,3) lam_t=1.04500 lam_s=1.04950 tsr_diff=0.002729 integral_mean=-0.000648 integral_std=0.007417 log_ratio=-1.5541 accept=0.2114 swapped=False
i=10 pair=(1,0) lam_t=1.00000 lam_s=1.04500 tsr_diff=0.032198 integral_mean=-0.003105 integral_std=0.073686 log_ratio=-7.4530 accept=0.0006 swapped=False
i=10 pair=(3,2) lam_t=1.04950 lam_s=1.05000 tsr_diff=0.000344 integral_mean=0.000106 integral_std=0.001060 log_ratio=0.0000 accept=1.0000 swapped=True
i=10 pair=(1,0) lam_t=1.00000 lam_s=1.04500 tsr_diff=0.032198 integral_mean=-0.002509 integral_std=0.071080 log_ratio=-6.0210 accept=0.0024 swapped=False
i=10 pair=(2,3) lam_t=1.04950 lam_s=1.05000 tsr_diff=0.000344 integral_mean=-0.000063 integral_std=0.000988 log_ratio=-0.1521 accept=0.8589 swapped=True
i=11 pair=(0,3) lam_t=1.04500 lam_s=1.04950 tsr_diff=0.003437 integral_mean=-0.001569 integral_std=0.014553 log_ratio=-3.7659 accept=0.0231 swapped=False
i=11 pair=(0,3) lam_t=1.04500 lam_s=1.04950 tsr_diff=0.003437 integral_mean=-0.000968 integral_std=0.011703 log_ratio=-2.3233 accept=0.0980 swapped=False
i=12 pair=(1,0) lam_t=1.00000 lam_s=1.04500 tsr_diff=0.038747 integral_mean=-0.003708 integral_std=0.099915 log_ratio=-8.8998 accept=0.0001 swapped=False
i=12 pair=(3,2) lam_t=1.04950 lam_s=1.05000 tsr_diff=0.000410 integral_mean=0.000262 integral_std=0.001930 log_ratio=0.0000 accept=1.0000 swapped=True
i=12 pair=(1,0) lam_t=1.00000 lam_s=1.04500 tsr_diff=0.038747 integral_mean=0.000463 integral_std=0.100471 log_ratio=0.0000 accept=1.0000 swapped=True
i=12 pair=(2,3) lam_t=1.04950 lam_s=1.05000 tsr_diff=0.000410 integral_mean=-0.000212 integral_std=0.001784 log_ratio=-0.5082 accept=0.6016 swapped=True
i=13 pair=(1,3) lam_t=1.04500 lam_s=1.04950 tsr_diff=0.003916 integral_mean=-0.002506 integral_std=0.025264 log_ratio=-6.0146 accept=0.0024 swapped=False
i=13 pair=(1,3) lam_t=1.04500 lam_s=1.04950 tsr_diff=0.003916 integral_mean=-0.002875 integral_std=0.033221 log_ratio=-6.8998 accept=0.0010 swapped=False
i=14 pair=(0,1) lam_t=1.00000 lam_s=1.04500 tsr_diff=0.042457 integral_mean=0.009269 integral_std=0.399575 log_ratio=0.0000 accept=1.0000 swapped=True
i=14 pair=(3,2) lam_t=1.04950 lam_s=1.05000 tsr_diff=0.000448 integral_mean=0.001040 integral_std=0.006530 log_ratio=0.0000 accept=1.0000 swapped=True
i=14 pair=(1,0) lam_t=1.00000 lam_s=1.04500 tsr_diff=0.042457 integral_mean=0.006830 integral_std=0.157000 log_ratio=0.0000 accept=1.0000 swapped=True
i=14 pair=(2,3) lam_t=1.04950 lam_s=1.05000 tsr_diff=0.000448 integral_mean=-0.000543 integral_std=0.007207 log_ratio=-1.3024 accept=0.2719 swapped=False
Best Sample: 1 log probability -0.833
Saved 1 samples to: logs/pointmaze-giant-navigate-v0/inference/plans/release_H400_T256_LimitsNormalizer_b1_condFalse/2026-07-17 16:47:49/3/0.png
Saved 1 samples to: logs/pointmaze-giant-navigate-v0/inference/plans/release_H400_T256_LimitsNormalizer_b1_condFalse/2026-07-17 16:47:49/3/rollout.png
i=0 pair=(0,1) lam_t=1.00000 lam_s=1.04500 tsr_diff=0.000000 integral_mean=0.000000 integral_std=0.000000 log_ratio=0.0000 accept=1.0000 swapped=True
i=0 pair=(2,3) lam_t=1.04950 lam_s=1.05000 tsr_diff=0.000000 integral_mean=0.000000 integral_std=0.000000 log_ratio=0.0000 accept=1.0000 swapped=True
i=0 pair=(1,0) lam_t=1.00000 lam_s=1.04500 tsr_diff=0.000000 integral_mean=0.000000 integral_std=0.000000 log_ratio=0.0000 accept=1.0000 swapped=True
i=0 pair=(3,2) lam_t=1.04950 lam_s=1.05000 tsr_diff=0.000000 integral_mean=0.000000 integral_std=0.000000 log_ratio=0.0000 accept=1.0000 swapped=True
i=1 pair=(1,2) lam_t=1.04500 lam_s=1.04950 tsr_diff=0.000048 integral_mean=-0.000001 integral_std=0.000098 log_ratio=-0.0028 accept=0.9972 swapped=True
i=1 pair=(2,1) lam_t=1.04500 lam_s=1.04950 tsr_diff=0.000048 integral_mean=0.000000 integral_std=0.000100 log_ratio=0.0000 accept=1.0000 swapped=True
i=2 pair=(0,1) lam_t=1.00000 lam_s=1.04500 tsr_diff=0.001897 integral_mean=0.000053 integral_std=0.003754 log_ratio=0.0000 accept=1.0000 swapped=True
i=2 pair=(2,3) lam_t=1.04950 lam_s=1.05000 tsr_diff=0.000021 integral_mean=-0.000001 integral_std=0.000044 log_ratio=-0.0015 accept=0.9986 swapped=True
i=2 pair=(1,0) lam_t=1.00000 lam_s=1.04500 tsr_diff=0.001897 integral_mean=-0.000274 integral_std=0.003953 log_ratio=-0.6576 accept=0.5181 swapped=True
i=2 pair=(3,2) lam_t=1.04950 lam_s=1.05000 tsr_diff=0.000021 integral_mean=-0.000001 integral_std=0.000044 log_ratio=-0.0022 accept=0.9978 swapped=True
i=3 pair=(1,2) lam_t=1.04500 lam_s=1.04950 tsr_diff=0.000416 integral_mean=-0.000001 integral_std=0.000864 log_ratio=-0.0032 accept=0.9968 swapped=True
i=3 pair=(2,1) lam_t=1.04500 lam_s=1.04950 tsr_diff=0.000416 integral_mean=0.000003 integral_std=0.000862 log_ratio=0.0000 accept=1.0000 swapped=True
i=4 pair=(0,1) lam_t=1.00000 lam_s=1.04500 tsr_diff=0.007228 integral_mean=0.000902 integral_std=0.016131 log_ratio=0.0000 accept=1.0000 swapped=True
i=4 pair=(2,3) lam_t=1.04950 lam_s=1.05000 tsr_diff=0.000080 integral_mean=0.000005 integral_std=0.000158 log_ratio=0.0000 accept=1.0000 swapped=True
i=4 pair=(1,0) lam_t=1.00000 lam_s=1.04500 tsr_diff=0.007228 integral_mean=-0.000007 integral_std=0.015622 log_ratio=-0.0165 accept=0.9836 swapped=True
i=4 pair=(3,2) lam_t=1.04950 lam_s=1.05000 tsr_diff=0.000080 integral_mean=0.000001 integral_std=0.000159 log_ratio=0.0000 accept=1.0000 swapped=True
i=5 pair=(1,2) lam_t=1.04500 lam_s=1.04950 tsr_diff=0.001076 integral_mean=0.000002 integral_std=0.002254 log_ratio=0.0000 accept=1.0000 swapped=True
i=5 pair=(2,1) lam_t=1.04500 lam_s=1.04950 tsr_diff=0.001076 integral_mean=-0.000035 integral_std=0.002205 log_ratio=-0.0842 accept=0.9192 swapped=True
i=6 pair=(0,1) lam_t=1.00000 lam_s=1.04500 tsr_diff=0.015004 integral_mean=0.004747 integral_std=0.037982 log_ratio=0.0000 accept=1.0000 swapped=True
i=6 pair=(2,3) lam_t=1.04950 lam_s=1.05000 tsr_diff=0.000164 integral_mean=-0.000009 integral_std=0.000329 log_ratio=-0.0221 accept=0.9781 swapped=True
i=6 pair=(1,0) lam_t=1.00000 lam_s=1.04500 tsr_diff=0.015004 integral_mean=-0.002466 integral_std=0.035091 log_ratio=-5.9181 accept=0.0027 swapped=False
i=6 pair=(3,2) lam_t=1.04950 lam_s=1.05000 tsr_diff=0.000164 integral_mean=0.000017 integral_std=0.000329 log_ratio=0.0000 accept=1.0000 swapped=True
i=7 pair=(0,2) lam_t=1.04500 lam_s=1.04950 tsr_diff=0.001897 integral_mean=0.000487 integral_std=0.004369 log_ratio=0.0000 accept=1.0000 swapped=True
i=7 pair=(2,0) lam_t=1.04500 lam_s=1.04950 tsr_diff=0.001897 integral_mean=-0.000209 integral_std=0.004252 log_ratio=-0.5015 accept=0.6056 swapped=False
i=8 pair=(1,2) lam_t=1.00000 lam_s=1.04500 tsr_diff=0.023831 integral_mean=0.000353 integral_std=0.048834 log_ratio=0.0000 accept=1.0000 swapped=True
i=8 pair=(0,3) lam_t=1.04950 lam_s=1.05000 tsr_diff=0.000257 integral_mean=0.000032 integral_std=0.000641 log_ratio=0.0000 accept=1.0000 swapped=True
i=8 pair=(2,1) lam_t=1.00000 lam_s=1.04500 tsr_diff=0.023831 integral_mean=-0.000990 integral_std=0.049275 log_ratio=-2.3770 accept=0.0928 swapped=True
i=8 pair=(3,0) lam_t=1.04950 lam_s=1.05000 tsr_diff=0.000257 integral_mean=-0.000062 integral_std=0.000656 log_ratio=-0.1490 accept=0.8616 swapped=True
i=9 pair=(2,0) lam_t=1.04500 lam_s=1.04950 tsr_diff=0.002729 integral_mean=-0.000838 integral_std=0.007759 log_ratio=-2.0107 accept=0.1339 swapped=True
i=9 pair=(0,2) lam_t=1.04500 lam_s=1.04950 tsr_diff=0.002729 integral_mean=0.000852 integral_std=0.007646 log_ratio=0.0000 accept=1.0000 swapped=True
i=10 pair=(1,2) lam_t=1.00000 lam_s=1.04500 tsr_diff=0.032198 integral_mean=0.000343 integral_std=0.065524 log_ratio=0.0000 accept=1.0000 swapped=True
i=10 pair=(0,3) lam_t=1.04950 lam_s=1.05000 tsr_diff=0.000344 integral_mean=0.000108 integral_std=0.001109 log_ratio=0.0000 accept=1.0000 swapped=True
i=10 pair=(2,1) lam_t=1.00000 lam_s=1.04500 tsr_diff=0.032198 integral_mean=0.001112 integral_std=0.065613 log_ratio=0.0000 accept=1.0000 swapped=True
i=10 pair=(3,0) lam_t=1.04950 lam_s=1.05000 tsr_diff=0.000344 integral_mean=-0.000130 integral_std=0.001084 log_ratio=-0.3127 accept=0.7315 swapped=True
i=11 pair=(2,0) lam_t=1.04500 lam_s=1.04950 tsr_diff=0.003437 integral_mean=-0.001471 integral_std=0.013064 log_ratio=-3.5293 accept=0.0293 swapped=False
i=11 pair=(2,0) lam_t=1.04500 lam_s=1.04950 tsr_diff=0.003437 integral_mean=-0.001114 integral_std=0.011037 log_ratio=-2.6727 accept=0.0691 swapped=False
i=12 pair=(1,2) lam_t=1.00000 lam_s=1.04500 tsr_diff=0.038747 integral_mean=-0.001687 integral_std=0.079172 log_ratio=-4.0498 accept=0.0174 swapped=False
i=12 pair=(0,3) lam_t=1.04950 lam_s=1.05000 tsr_diff=0.000410 integral_mean=0.000152 integral_std=0.001913 log_ratio=0.0000 accept=1.0000 swapped=True
i=12 pair=(1,2) lam_t=1.00000 lam_s=1.04500 tsr_diff=0.038747 integral_mean=0.000108 integral_std=0.080369 log_ratio=0.0000 accept=1.0000 swapped=True
i=12 pair=(3,0) lam_t=1.04950 lam_s=1.05000 tsr_diff=0.000410 integral_mean=-0.000154 integral_std=0.001721 log_ratio=-0.3686 accept=0.6917 swapped=True
i=13 pair=(1,0) lam_t=1.04500 lam_s=1.04950 tsr_diff=0.003916 integral_mean=-0.003014 integral_std=0.027296 log_ratio=-7.2340 accept=0.0007 swapped=False
i=13 pair=(1,0) lam_t=1.04500 lam_s=1.04950 tsr_diff=0.003916 integral_mean=-0.002805 integral_std=0.024223 log_ratio=-6.7315 accept=0.0012 swapped=False
i=14 pair=(2,1) lam_t=1.00000 lam_s=1.04500 tsr_diff=0.042457 integral_mean=0.002303 integral_std=0.123136 log_ratio=0.0000 accept=1.0000 swapped=True
i=14 pair=(0,3) lam_t=1.04950 lam_s=1.05000 tsr_diff=0.000448 integral_mean=0.002568 integral_std=0.015968 log_ratio=0.0000 accept=1.0000 swapped=True
i=14 pair=(1,2) lam_t=1.00000 lam_s=1.04500 tsr_diff=0.042457 integral_mean=-0.002169 integral_std=0.106391 log_ratio=-5.2067 accept=0.0055 swapped=False
i=14 pair=(3,0) lam_t=1.04950 lam_s=1.05000 tsr_diff=0.000448 integral_mean=-0.000392 integral_std=0.004256 log_ratio=-0.9420 accept=0.3899 swapped=False
Best Sample: 2 log probability -0.401
Saved 1 samples to: logs/pointmaze-giant-navigate-v0/inference/plans/release_H400_T256_LimitsNormalizer_b1_condFalse/2026-07-17 16:47:49/4/0.png
Saved 1 samples to: logs/pointmaze-giant-navigate-v0/inference/plans/release_H400_T256_LimitsNormalizer_b1_condFalse/2026-07-17 16:47:49/4/rollout.png
i=0 pair=(0,1) lam_t=1.00000 lam_s=1.04500 tsr_diff=0.000000 integral_mean=0.000000 integral_std=0.000000 log_ratio=0.0000 accept=1.0000 swapped=True
i=0 pair=(2,3) lam_t=1.04950 lam_s=1.05000 tsr_diff=0.000000 integral_mean=0.000000 integral_std=0.000000 log_ratio=0.0000 accept=1.0000 swapped=True
i=0 pair=(1,0) lam_t=1.00000 lam_s=1.04500 tsr_diff=0.000000 integral_mean=0.000000 integral_std=0.000000 log_ratio=0.0000 accept=1.0000 swapped=True
i=0 pair=(3,2) lam_t=1.04950 lam_s=1.05000 tsr_diff=0.000000 integral_mean=0.000000 integral_std=0.000000 log_ratio=0.0000 accept=1.0000 swapped=True
i=1 pair=(1,2) lam_t=1.04500 lam_s=1.04950 tsr_diff=0.000048 integral_mean=0.000003 integral_std=0.000103 log_ratio=0.0000 accept=1.0000 swapped=True
i=1 pair=(2,1) lam_t=1.04500 lam_s=1.04950 tsr_diff=0.000048 integral_mean=-0.000002 integral_std=0.000100 log_ratio=-0.0046 accept=0.9954 swapped=True
i=2 pair=(0,1) lam_t=1.00000 lam_s=1.04500 tsr_diff=0.001897 integral_mean=0.001083 integral_std=0.005210 log_ratio=0.0000 accept=1.0000 swapped=True
i=2 pair=(2,3) lam_t=1.04950 lam_s=1.05000 tsr_diff=0.000021 integral_mean=0.000002 integral_std=0.000047 log_ratio=0.0000 accept=1.0000 swapped=True
i=2 pair=(1,0) lam_t=1.00000 lam_s=1.04500 tsr_diff=0.001897 integral_mean=-0.000252 integral_std=0.003997 log_ratio=-0.6041 accept=0.5466 swapped=True
i=2 pair=(3,2) lam_t=1.04950 lam_s=1.05000 tsr_diff=0.000021 integral_mean=-0.000002 integral_std=0.000042 log_ratio=-0.0044 accept=0.9956 swapped=True
i=3 pair=(1,2) lam_t=1.04500 lam_s=1.04950 tsr_diff=0.000416 integral_mean=0.000067 integral_std=0.001006 log_ratio=0.0000 accept=1.0000 swapped=True
i=3 pair=(2,1) lam_t=1.04500 lam_s=1.04950 tsr_diff=0.000416 integral_mean=-0.000036 integral_std=0.000839 log_ratio=-0.0852 accept=0.9183 swapped=True
i=4 pair=(0,1) lam_t=1.00000 lam_s=1.04500 tsr_diff=0.007228 integral_mean=-0.000371 integral_std=0.015847 log_ratio=-0.8895 accept=0.4109 swapped=True
i=4 pair=(2,3) lam_t=1.04950 lam_s=1.05000 tsr_diff=0.000080 integral_mean=-0.000015 integral_std=0.000179 log_ratio=-0.0368 accept=0.9638 swapped=True
i=4 pair=(1,0) lam_t=1.00000 lam_s=1.04500 tsr_diff=0.007228 integral_mean=0.000593 integral_std=0.015224 log_ratio=0.0000 accept=1.0000 swapped=True
i=4 pair=(3,2) lam_t=1.04950 lam_s=1.05000 tsr_diff=0.000080 integral_mean=0.000012 integral_std=0.000172 log_ratio=0.0000 accept=1.0000 swapped=True
i=5 pair=(1,2) lam_t=1.04500 lam_s=1.04950 tsr_diff=0.001076 integral_mean=0.000099 integral_std=0.002365 log_ratio=0.0000 accept=1.0000 swapped=True
i=5 pair=(2,1) lam_t=1.04500 lam_s=1.04950 tsr_diff=0.001076 integral_mean=-0.000088 integral_std=0.002409 log_ratio=-0.2116 accept=0.8093 swapped=True
i=6 pair=(0,1) lam_t=1.00000 lam_s=1.04500 tsr_diff=0.015004 integral_mean=-0.001018 integral_std=0.034369 log_ratio=-2.4434 accept=0.0869 swapped=False
i=6 pair=(2,3) lam_t=1.04950 lam_s=1.05000 tsr_diff=0.000164 integral_mean=-0.000002 integral_std=0.000327 log_ratio=-0.0055 accept=0.9945 swapped=True
i=6 pair=(0,1) lam_t=1.00000 lam_s=1.04500 tsr_diff=0.015004 integral_mean=-0.000480 integral_std=0.032729 log_ratio=-1.1528 accept=0.3158 swapped=True
i=6 pair=(3,2) lam_t=1.04950 lam_s=1.05000 tsr_diff=0.000164 integral_mean=0.000005 integral_std=0.000336 log_ratio=0.0000 accept=1.0000 swapped=True
i=7 pair=(0,2) lam_t=1.04500 lam_s=1.04950 tsr_diff=0.001897 integral_mean=-0.000011 integral_std=0.004153 log_ratio=-0.0254 accept=0.9750 swapped=True
i=7 pair=(2,0) lam_t=1.04500 lam_s=1.04950 tsr_diff=0.001897 integral_mean=-0.000002 integral_std=0.003982 log_ratio=-0.0044 accept=0.9956 swapped=True
i=8 pair=(1,0) lam_t=1.00000 lam_s=1.04500 tsr_diff=0.023831 integral_mean=0.002241 integral_std=0.054964 log_ratio=0.0000 accept=1.0000 swapped=True
i=8 pair=(2,3) lam_t=1.04950 lam_s=1.05000 tsr_diff=0.000257 integral_mean=0.000003 integral_std=0.000555 log_ratio=0.0000 accept=1.0000 swapped=True
i=8 pair=(0,1) lam_t=1.00000 lam_s=1.04500 tsr_diff=0.023831 integral_mean=-0.001864 integral_std=0.059606 log_ratio=-4.4730 accept=0.0114 swapped=False
i=8 pair=(3,2) lam_t=1.04950 lam_s=1.05000 tsr_diff=0.000257 integral_mean=-0.000011 integral_std=0.000565 log_ratio=-0.0265 accept=0.9739 swapped=True
i=9 pair=(1,2) lam_t=1.04500 lam_s=1.04950 tsr_diff=0.002729 integral_mean=0.000404 integral_std=0.006700 log_ratio=0.0000 accept=1.0000 swapped=True
i=9 pair=(2,1) lam_t=1.04500 lam_s=1.04950 tsr_diff=0.002729 integral_mean=-0.000289 integral_std=0.006850 log_ratio=-0.6931 accept=0.5000 swapped=True
i=10 pair=(0,1) lam_t=1.00000 lam_s=1.04500 tsr_diff=0.032198 integral_mean=-0.003410 integral_std=0.092832 log_ratio=-8.1828 accept=0.0003 swapped=False
i=10 pair=(2,3) lam_t=1.04950 lam_s=1.05000 tsr_diff=0.000344 integral_mean=0.000000 integral_std=0.000806 log_ratio=0.0000 accept=1.0000 swapped=True
i=10 pair=(0,1) lam_t=1.00000 lam_s=1.04500 tsr_diff=0.032198 integral_mean=-0.003231 integral_std=0.089995 log_ratio=-7.7550 accept=0.0004 swapped=False
i=10 pair=(3,2) lam_t=1.04950 lam_s=1.05000 tsr_diff=0.000344 integral_mean=0.000021 integral_std=0.000797 log_ratio=0.0000 accept=1.0000 swapped=True
i=11 pair=(1,2) lam_t=1.04500 lam_s=1.04950 tsr_diff=0.003437 integral_mean=0.001102 integral_std=0.010987 log_ratio=0.0000 accept=1.0000 swapped=True
i=11 pair=(2,1) lam_t=1.04500 lam_s=1.04950 tsr_diff=0.003437 integral_mean=-0.000665 integral_std=0.010256 log_ratio=-1.5966 accept=0.2026 swapped=False
i=12 pair=(0,2) lam_t=1.00000 lam_s=1.04500 tsr_diff=0.038747 integral_mean=0.001705 integral_std=0.129424 log_ratio=0.0000 accept=1.0000 swapped=True
i=12 pair=(1,3) lam_t=1.04950 lam_s=1.05000 tsr_diff=0.000410 integral_mean=0.000180 integral_std=0.001625 log_ratio=0.0000 accept=1.0000 swapped=True
i=12 pair=(2,0) lam_t=1.00000 lam_s=1.04500 tsr_diff=0.038747 integral_mean=-0.003022 integral_std=0.139432 log_ratio=-7.2531 accept=0.0007 swapped=False
i=12 pair=(3,1) lam_t=1.04950 lam_s=1.05000 tsr_diff=0.000410 integral_mean=-0.000114 integral_std=0.001310 log_ratio=-0.2733 accept=0.7609 swapped=True
i=13 pair=(0,1) lam_t=1.04500 lam_s=1.04950 tsr_diff=0.003916 integral_mean=-0.002822 integral_std=0.025204 log_ratio=-6.7733 accept=0.0011 swapped=False
i=13 pair=(0,1) lam_t=1.04500 lam_s=1.04950 tsr_diff=0.003916 integral_mean=-0.001577 integral_std=0.027485 log_ratio=-3.7851 accept=0.0227 swapped=False
i=14 pair=(2,0) lam_t=1.00000 lam_s=1.04500 tsr_diff=0.042457 integral_mean=0.010878 integral_std=0.586581 log_ratio=0.0000 accept=1.0000 swapped=True
i=14 pair=(1,3) lam_t=1.04950 lam_s=1.05000 tsr_diff=0.000448 integral_mean=0.001236 integral_std=0.011458 log_ratio=0.0000 accept=1.0000 swapped=True
i=14 pair=(0,2) lam_t=1.00000 lam_s=1.04500 tsr_diff=0.042457 integral_mean=0.020835 integral_std=0.346941 log_ratio=0.0000 accept=1.0000 swapped=True
i=14 pair=(3,1) lam_t=1.04950 lam_s=1.05000 tsr_diff=0.000448 integral_mean=-0.000766 integral_std=0.007799 log_ratio=-1.8376 accept=0.1592 swapped=True
Best Sample: 3 log probability -2.326
Saved 1 samples to: logs/pointmaze-giant-navigate-v0/inference/plans/release_H400_T256_LimitsNormalizer_b1_condFalse/2026-07-17 16:47:49/5/0.png
Saved 1 samples to: logs/pointmaze-giant-navigate-v0/inference/plans/release_H400_T256_LimitsNormalizer_b1_condFalse/2026-07-17 16:47:49/5/rollout.png
i=0 pair=(0,1) lam_t=1.00000 lam_s=1.04500 tsr_diff=0.000000 integral_mean=0.000000 integral_std=0.000000 log_ratio=0.0000 accept=1.0000 swapped=True
i=0 pair=(2,3) lam_t=1.04950 lam_s=1.05000 tsr_diff=0.000000 integral_mean=0.000000 integral_std=0.000000 log_ratio=0.0000 accept=1.0000 swapped=True
i=0 pair=(1,0) lam_t=1.00000 lam_s=1.04500 tsr_diff=0.000000 integral_mean=0.000000 integral_std=0.000000 log_ratio=0.0000 accept=1.0000 swapped=True
i=0 pair=(3,2) lam_t=1.04950 lam_s=1.05000 tsr_diff=0.000000 integral_mean=0.000000 integral_std=0.000000 log_ratio=0.0000 accept=1.0000 swapped=True
i=1 pair=(1,2) lam_t=1.04500 lam_s=1.04950 tsr_diff=0.000048 integral_mean=-0.000002 integral_std=0.000094 log_ratio=-0.0059 accept=0.9942 swapped=True
i=1 pair=(2,1) lam_t=1.04500 lam_s=1.04950 tsr_diff=0.000048 integral_mean=-0.000005 integral_std=0.000098 log_ratio=-0.0118 accept=0.9882 swapped=True
i=2 pair=(0,1) lam_t=1.00000 lam_s=1.04500 tsr_diff=0.001897 integral_mean=-0.000120 integral_std=0.004107 log_ratio=-0.2891 accept=0.7490 swapped=False
i=2 pair=(2,3) lam_t=1.04950 lam_s=1.05000 tsr_diff=0.000021 integral_mean=-0.000004 integral_std=0.000047 log_ratio=-0.0097 accept=0.9903 swapped=True
i=2 pair=(0,1) lam_t=1.00000 lam_s=1.04500 tsr_diff=0.001897 integral_mean=-0.000069 integral_std=0.003560 log_ratio=-0.1662 accept=0.8468 swapped=True
i=2 pair=(3,2) lam_t=1.04950 lam_s=1.05000 tsr_diff=0.000021 integral_mean=0.000001 integral_std=0.000044 log_ratio=0.0000 accept=1.0000 swapped=True
i=3 pair=(0,2) lam_t=1.04500 lam_s=1.04950 tsr_diff=0.000416 integral_mean=0.000217 integral_std=0.001208 log_ratio=0.0000 accept=1.0000 swapped=True
i=3 pair=(2,0) lam_t=1.04500 lam_s=1.04950 tsr_diff=0.000416 integral_mean=-0.000067 integral_std=0.000890 log_ratio=-0.1618 accept=0.8506 swapped=True
i=4 pair=(1,0) lam_t=1.00000 lam_s=1.04500 tsr_diff=0.007228 integral_mean=-0.001225 integral_std=0.015884 log_ratio=-2.9399 accept=0.0529 swapped=False
i=4 pair=(2,3) lam_t=1.04950 lam_s=1.05000 tsr_diff=0.000080 integral_mean=-0.000000 integral_std=0.000161 log_ratio=-0.0001 accept=0.9999 swapped=True
i=4 pair=(1,0) lam_t=1.00000 lam_s=1.04500 tsr_diff=0.007228 integral_mean=0.000131 integral_std=0.015427 log_ratio=0.0000 accept=1.0000 swapped=True
i=4 pair=(3,2) lam_t=1.04950 lam_s=1.05000 tsr_diff=0.000080 integral_mean=0.000007 integral_std=0.000165 log_ratio=0.0000 accept=1.0000 swapped=True
i=5 pair=(1,2) lam_t=1.04500 lam_s=1.04950 tsr_diff=0.001076 integral_mean=0.000104 integral_std=0.002296 log_ratio=0.0000 accept=1.0000 swapped=True
i=5 pair=(2,1) lam_t=1.04500 lam_s=1.04950 tsr_diff=0.001076 integral_mean=-0.000058 integral_std=0.002110 log_ratio=-0.1398 accept=0.8695 swapped=True
i=6 pair=(0,1) lam_t=1.00000 lam_s=1.04500 tsr_diff=0.015004 integral_mean=0.001066 integral_std=0.033423 log_ratio=0.0000 accept=1.0000 swapped=True
i=6 pair=(2,3) lam_t=1.04950 lam_s=1.05000 tsr_diff=0.000164 integral_mean=-0.000020 integral_std=0.000351 log_ratio=-0.0471 accept=0.9540 swapped=True
i=6 pair=(1,0) lam_t=1.00000 lam_s=1.04500 tsr_diff=0.015004 integral_mean=-0.001065 integral_std=0.031203 log_ratio=-2.5565 accept=0.0776 swapped=False
i=6 pair=(3,2) lam_t=1.04950 lam_s=1.05000 tsr_diff=0.000164 integral_mean=0.000014 integral_std=0.000355 log_ratio=0.0000 accept=1.0000 swapped=True
i=7 pair=(0,2) lam_t=1.04500 lam_s=1.04950 tsr_diff=0.001897 integral_mean=0.000075 integral_std=0.004321 log_ratio=0.0000 accept=1.0000 swapped=True
i=7 pair=(2,0) lam_t=1.04500 lam_s=1.04950 tsr_diff=0.001897 integral_mean=-0.000047 integral_std=0.004150 log_ratio=-0.1116 accept=0.8944 swapped=True
i=8 pair=(1,0) lam_t=1.00000 lam_s=1.04500 tsr_diff=0.023831 integral_mean=0.001202 integral_std=0.052025 log_ratio=0.0000 accept=1.0000 swapped=True
i=8 pair=(2,3) lam_t=1.04950 lam_s=1.05000 tsr_diff=0.000257 integral_mean=-0.000007 integral_std=0.000586 log_ratio=-0.0169 accept=0.9833 swapped=True
i=8 pair=(0,1) lam_t=1.00000 lam_s=1.04500 tsr_diff=0.023831 integral_mean=-0.000846 integral_std=0.053425 log_ratio=-2.0302 accept=0.1313 swapped=False
i=8 pair=(3,2) lam_t=1.04950 lam_s=1.05000 tsr_diff=0.000257 integral_mean=0.000024 integral_std=0.000579 log_ratio=0.0000 accept=1.0000 swapped=True
i=9 pair=(1,2) lam_t=1.04500 lam_s=1.04950 tsr_diff=0.002729 integral_mean=0.000070 integral_std=0.006590 log_ratio=0.0000 accept=1.0000 swapped=True
i=9 pair=(2,1) lam_t=1.04500 lam_s=1.04950 tsr_diff=0.002729 integral_mean=0.000112 integral_std=0.006265 log_ratio=0.0000 accept=1.0000 swapped=True
i=10 pair=(0,1) lam_t=1.00000 lam_s=1.04500 tsr_diff=0.032198 integral_mean=-0.000642 integral_std=0.076797 log_ratio=-1.5417 accept=0.2140 swapped=False
i=10 pair=(2,3) lam_t=1.04950 lam_s=1.05000 tsr_diff=0.000344 integral_mean=-0.000045 integral_std=0.001001 log_ratio=-0.1073 accept=0.8983 swapped=True
i=10 pair=(0,1) lam_t=1.00000 lam_s=1.04500 tsr_diff=0.032198 integral_mean=-0.000288 integral_std=0.080106 log_ratio=-0.6903 accept=0.5014 swapped=True
i=10 pair=(3,2) lam_t=1.04950 lam_s=1.05000 tsr_diff=0.000344 integral_mean=0.000031 integral_std=0.000895 log_ratio=0.0000 accept=1.0000 swapped=True
i=11 pair=(0,2) lam_t=1.04500 lam_s=1.04950 tsr_diff=0.003437 integral_mean=-0.000265 integral_std=0.010313 log_ratio=-0.6360 accept=0.5294 swapped=True
i=11 pair=(2,0) lam_t=1.04500 lam_s=1.04950 tsr_diff=0.003437 integral_mean=0.000304 integral_std=0.008466 log_ratio=0.0000 accept=1.0000 swapped=True
i=12 pair=(1,0) lam_t=1.00000 lam_s=1.04500 tsr_diff=0.038747 integral_mean=-0.008049 integral_std=0.191604 log_ratio=-19.3185 accept=0.0000 swapped=False
i=12 pair=(2,3) lam_t=1.04950 lam_s=1.05000 tsr_diff=0.000410 integral_mean=-0.000078 integral_std=0.002063 log_ratio=-0.1878 accept=0.8288 swapped=True
i=12 pair=(1,0) lam_t=1.00000 lam_s=1.04500 tsr_diff=0.038747 integral_mean=-0.010444 integral_std=0.157682 log_ratio=-25.0660 accept=0.0000 swapped=False
i=12 pair=(3,2) lam_t=1.04950 lam_s=1.05000 tsr_diff=0.000410 integral_mean=0.000146 integral_std=0.001637 log_ratio=0.0000 accept=1.0000 swapped=True
i=13 pair=(0,2) lam_t=1.04500 lam_s=1.04950 tsr_diff=0.003916 integral_mean=0.001288 integral_std=0.032278 log_ratio=0.0000 accept=1.0000 swapped=True
i=13 pair=(2,0) lam_t=1.04500 lam_s=1.04950 tsr_diff=0.003916 integral_mean=-0.000829 integral_std=0.018043 log_ratio=-1.9896 accept=0.1367 swapped=False
i=14 pair=(1,2) lam_t=1.00000 lam_s=1.04500 tsr_diff=0.042457 integral_mean=-0.018370 integral_std=0.745052 log_ratio=-44.0885 accept=0.0000 swapped=False
i=14 pair=(0,3) lam_t=1.04950 lam_s=1.05000 tsr_diff=0.000448 integral_mean=-0.000206 integral_std=0.012814 log_ratio=-0.4942 accept=0.6101 swapped=True
i=14 pair=(1,2) lam_t=1.00000 lam_s=1.04500 tsr_diff=0.042457 integral_mean=-0.002633 integral_std=0.347597 log_ratio=-6.3201 accept=0.0018 swapped=False
i=14 pair=(3,0) lam_t=1.04950 lam_s=1.05000 tsr_diff=0.000448 integral_mean=-0.000129 integral_std=0.007789 log_ratio=-0.3089 accept=0.7343 swapped=True
Best Sample: 1 log probability -28.779
Saved 1 samples to: logs/pointmaze-giant-navigate-v0/inference/plans/release_H400_T256_LimitsNormalizer_b1_condFalse/2026-07-17 16:47:49/6/0.png
Saved 1 samples to: logs/pointmaze-giant-navigate-v0/inference/plans/release_H400_T256_LimitsNormalizer_b1_condFalse/2026-07-17 16:47:49/6/rollout.png
i=0 pair=(0,1) lam_t=1.00000 lam_s=1.04500 tsr_diff=0.000000 integral_mean=0.000000 integral_std=0.000000 log_ratio=0.0000 accept=1.0000 swapped=True
i=0 pair=(2,3) lam_t=1.04950 lam_s=1.05000 tsr_diff=0.000000 integral_mean=0.000000 integral_std=0.000000 log_ratio=0.0000 accept=1.0000 swapped=True
i=0 pair=(1,0) lam_t=1.00000 lam_s=1.04500 tsr_diff=0.000000 integral_mean=0.000000 integral_std=0.000000 log_ratio=0.0000 accept=1.0000 swapped=True
i=0 pair=(3,2) lam_t=1.04950 lam_s=1.05000 tsr_diff=0.000000 integral_mean=0.000000 integral_std=0.000000 log_ratio=0.0000 accept=1.0000 swapped=True
i=1 pair=(1,2) lam_t=1.04500 lam_s=1.04950 tsr_diff=0.000048 integral_mean=0.000002 integral_std=0.000098 log_ratio=0.0000 accept=1.0000 swapped=True
i=1 pair=(2,1) lam_t=1.04500 lam_s=1.04950 tsr_diff=0.000048 integral_mean=-0.000000 integral_std=0.000096 log_ratio=-0.0003 accept=0.9997 swapped=True
i=2 pair=(0,1) lam_t=1.00000 lam_s=1.04500 tsr_diff=0.001897 integral_mean=-0.000058 integral_std=0.003955 log_ratio=-0.1400 accept=0.8694 swapped=False
i=2 pair=(2,3) lam_t=1.04950 lam_s=1.05000 tsr_diff=0.000021 integral_mean=-0.000001 integral_std=0.000044 log_ratio=-0.0012 accept=0.9988 swapped=True
i=2 pair=(0,1) lam_t=1.00000 lam_s=1.04500 tsr_diff=0.001897 integral_mean=0.000825 integral_std=0.004840 log_ratio=0.0000 accept=1.0000 swapped=True
i=2 pair=(3,2) lam_t=1.04950 lam_s=1.05000 tsr_diff=0.000021 integral_mean=-0.000002 integral_std=0.000042 log_ratio=-0.0037 accept=0.9963 swapped=True
i=3 pair=(0,2) lam_t=1.04500 lam_s=1.04950 tsr_diff=0.000416 integral_mean=0.000023 integral_std=0.001031 log_ratio=0.0000 accept=1.0000 swapped=True
i=3 pair=(2,0) lam_t=1.04500 lam_s=1.04950 tsr_diff=0.000416 integral_mean=-0.000018 integral_std=0.000928 log_ratio=-0.0431 accept=0.9578 swapped=True
i=4 pair=(1,0) lam_t=1.00000 lam_s=1.04500 tsr_diff=0.007228 integral_mean=-0.000264 integral_std=0.015633 log_ratio=-0.6330 accept=0.5310 swapped=True
i=4 pair=(2,3) lam_t=1.04950 lam_s=1.05000 tsr_diff=0.000080 integral_mean=-0.000023 integral_std=0.000199 log_ratio=-0.0544 accept=0.9470 swapped=True
i=4 pair=(0,1) lam_t=1.00000 lam_s=1.04500 tsr_diff=0.007228 integral_mean=0.000108 integral_std=0.015401 log_ratio=0.0000 accept=1.0000 swapped=True
i=4 pair=(3,2) lam_t=1.04950 lam_s=1.05000 tsr_diff=0.000080 integral_mean=0.000018 integral_std=0.000174 log_ratio=0.0000 accept=1.0000 swapped=True
i=5 pair=(0,2) lam_t=1.04500 lam_s=1.04950 tsr_diff=0.001076 integral_mean=0.000069 integral_std=0.002221 log_ratio=0.0000 accept=1.0000 swapped=True
i=5 pair=(2,0) lam_t=1.04500 lam_s=1.04950 tsr_diff=0.001076 integral_mean=0.000035 integral_std=0.002262 log_ratio=0.0000 accept=1.0000 swapped=True
i=6 pair=(1,0) lam_t=1.00000 lam_s=1.04500 tsr_diff=0.015004 integral_mean=0.000951 integral_std=0.033628 log_ratio=0.0000 accept=1.0000 swapped=True
i=6 pair=(2,3) lam_t=1.04950 lam_s=1.05000 tsr_diff=0.000164 integral_mean=-0.000069 integral_std=0.000478 log_ratio=-0.1657 accept=0.8473 swapped=False
i=6 pair=(0,1) lam_t=1.00000 lam_s=1.04500 tsr_diff=0.015004 integral_mean=0.000077 integral_std=0.033490 log_ratio=0.0000 accept=1.0000 swapped=True
i=6 pair=(2,3) lam_t=1.04950 lam_s=1.05000 tsr_diff=0.000164 integral_mean=-0.000045 integral_std=0.000434 log_ratio=-0.1084 accept=0.8972 swapped=True
i=7 pair=(0,3) lam_t=1.04500 lam_s=1.04950 tsr_diff=0.001897 integral_mean=-0.000345 integral_std=0.005089 log_ratio=-0.8291 accept=0.4364 swapped=False
i=7 pair=(0,3) lam_t=1.04500 lam_s=1.04950 tsr_diff=0.001897 integral_mean=-0.000351 integral_std=0.004737 log_ratio=-0.8423 accept=0.4307 swapped=True
i=8 pair=(1,3) lam_t=1.00000 lam_s=1.04500 tsr_diff=0.023831 integral_mean=-0.003954 integral_std=0.064674 log_ratio=-9.4887 accept=0.0001 swapped=False
i=8 pair=(0,2) lam_t=1.04950 lam_s=1.05000 tsr_diff=0.000257 integral_mean=-0.000005 integral_std=0.000621 log_ratio=-0.0132 accept=0.9869 swapped=True
i=8 pair=(1,3) lam_t=1.00000 lam_s=1.04500 tsr_diff=0.023831 integral_mean=-0.003444 integral_std=0.066255 log_ratio=-8.2644 accept=0.0003 swapped=False
i=8 pair=(2,0) lam_t=1.04950 lam_s=1.05000 tsr_diff=0.000257 integral_mean=0.000012 integral_std=0.000587 log_ratio=0.0000 accept=1.0000 swapped=True
i=9 pair=(3,0) lam_t=1.04500 lam_s=1.04950 tsr_diff=0.002729 integral_mean=0.000750 integral_std=0.008045 log_ratio=0.0000 accept=1.0000 swapped=True
i=9 pair=(0,3) lam_t=1.04500 lam_s=1.04950 tsr_diff=0.002729 integral_mean=-0.000619 integral_std=0.007963 log_ratio=-1.4849 accept=0.2265 swapped=False
i=10 pair=(1,0) lam_t=1.00000 lam_s=1.04500 tsr_diff=0.032198 integral_mean=-0.000873 integral_std=0.088567 log_ratio=-2.0964 accept=0.1229 swapped=False
i=10 pair=(3,2) lam_t=1.04950 lam_s=1.05000 tsr_diff=0.000344 integral_mean=0.000126 integral_std=0.001093 log_ratio=0.0000 accept=1.0000 swapped=True
i=10 pair=(1,0) lam_t=1.00000 lam_s=1.04500 tsr_diff=0.032198 integral_mean=0.001980 integral_std=0.087289 log_ratio=0.0000 accept=1.0000 swapped=True
i=10 pair=(2,3) lam_t=1.04950 lam_s=1.05000 tsr_diff=0.000344 integral_mean=-0.000122 integral_std=0.001048 log_ratio=-0.2936 accept=0.7455 swapped=True
i=11 pair=(1,3) lam_t=1.04500 lam_s=1.04950 tsr_diff=0.003437 integral_mean=-0.003819 integral_std=0.016661 log_ratio=-9.1665 accept=0.0001 swapped=False
i=11 pair=(1,3) lam_t=1.04500 lam_s=1.04950 tsr_diff=0.003437 integral_mean=-0.001366 integral_std=0.011726 log_ratio=-3.2779 accept=0.0377 swapped=False
i=12 pair=(0,1) lam_t=1.00000 lam_s=1.04500 tsr_diff=0.038747 integral_mean=0.006169 integral_std=0.200857 log_ratio=0.0000 accept=1.0000 swapped=True
i=12 pair=(3,2) lam_t=1.04950 lam_s=1.05000 tsr_diff=0.000410 integral_mean=0.000305 integral_std=0.002279 log_ratio=0.0000 accept=1.0000 swapped=True
i=12 pair=(1,0) lam_t=1.00000 lam_s=1.04500 tsr_diff=0.038747 integral_mean=-0.000137 integral_std=0.155047 log_ratio=-0.3295 accept=0.7193 swapped=True
i=12 pair=(2,3) lam_t=1.04950 lam_s=1.05000 tsr_diff=0.000410 integral_mean=-0.000154 integral_std=0.002069 log_ratio=-0.3706 accept=0.6903 swapped=True
i=13 pair=(1,3) lam_t=1.04500 lam_s=1.04950 tsr_diff=0.003916 integral_mean=-0.001144 integral_std=0.029479 log_ratio=-2.7447 accept=0.0643 swapped=False
i=13 pair=(1,3) lam_t=1.04500 lam_s=1.04950 tsr_diff=0.003916 integral_mean=-0.001138 integral_std=0.028862 log_ratio=-2.7315 accept=0.0651 swapped=False
i=14 pair=(0,1) lam_t=1.00000 lam_s=1.04500 tsr_diff=0.042457 integral_mean=-0.023107 integral_std=0.488887 log_ratio=-55.4563 accept=0.0000 swapped=False
i=14 pair=(3,2) lam_t=1.04950 lam_s=1.05000 tsr_diff=0.000448 integral_mean=0.000752 integral_std=0.007454 log_ratio=0.0000 accept=1.0000 swapped=True
i=14 pair=(0,1) lam_t=1.00000 lam_s=1.04500 tsr_diff=0.042457 integral_mean=-0.028796 integral_std=0.502875 log_ratio=-69.1112 accept=0.0000 swapped=False
i=14 pair=(2,3) lam_t=1.04950 lam_s=1.05000 tsr_diff=0.000448 integral_mean=-0.000045 integral_std=0.005753 log_ratio=-0.1083 accept=0.8974 swapped=True
Best Sample: 2 log probability -2.310
Saved 1 samples to: logs/pointmaze-giant-navigate-v0/inference/plans/release_H400_T256_LimitsNormalizer_b1_condFalse/2026-07-17 16:47:49/7/0.png
Saved 1 samples to: logs/pointmaze-giant-navigate-v0/inference/plans/release_H400_T256_LimitsNormalizer_b1_condFalse/2026-07-17 16:47:49/7/rollout.png
i=0 pair=(0,1) lam_t=1.00000 lam_s=1.04500 tsr_diff=0.000000 integral_mean=0.000000 integral_std=0.000000 log_ratio=0.0000 accept=1.0000 swapped=True
i=0 pair=(2,3) lam_t=1.04950 lam_s=1.05000 tsr_diff=0.000000 integral_mean=0.000000 integral_std=0.000000 log_ratio=0.0000 accept=1.0000 swapped=True
i=0 pair=(1,0) lam_t=1.00000 lam_s=1.04500 tsr_diff=0.000000 integral_mean=0.000000 integral_std=0.000000 log_ratio=0.0000 accept=1.0000 swapped=True
i=0 pair=(3,2) lam_t=1.04950 lam_s=1.05000 tsr_diff=0.000000 integral_mean=0.000000 integral_std=0.000000 log_ratio=0.0000 accept=1.0000 swapped=True
i=1 pair=(1,2) lam_t=1.04500 lam_s=1.04950 tsr_diff=0.000048 integral_mean=-0.000001 integral_std=0.000102 log_ratio=-0.0025 accept=0.9975 swapped=True
i=1 pair=(2,1) lam_t=1.04500 lam_s=1.04950 tsr_diff=0.000048 integral_mean=-0.000001 integral_std=0.000091 log_ratio=-0.0030 accept=0.9970 swapped=True
i=2 pair=(0,1) lam_t=1.00000 lam_s=1.04500 tsr_diff=0.001897 integral_mean=0.000025 integral_std=0.003745 log_ratio=0.0000 accept=1.0000 swapped=True
i=2 pair=(2,3) lam_t=1.04950 lam_s=1.05000 tsr_diff=0.000021 integral_mean=-0.000000 integral_std=0.000040 log_ratio=-0.0001 accept=0.9999 swapped=True
i=2 pair=(1,0) lam_t=1.00000 lam_s=1.04500 tsr_diff=0.001897 integral_mean=-0.000028 integral_std=0.003728 log_ratio=-0.0678 accept=0.9345 swapped=True
i=2 pair=(3,2) lam_t=1.04950 lam_s=1.05000 tsr_diff=0.000021 integral_mean=-0.000000 integral_std=0.000042 log_ratio=-0.0010 accept=0.9990 swapped=True
i=3 pair=(1,2) lam_t=1.04500 lam_s=1.04950 tsr_diff=0.000416 integral_mean=0.000025 integral_std=0.000821 log_ratio=0.0000 accept=1.0000 swapped=True
i=3 pair=(2,1) lam_t=1.04500 lam_s=1.04950 tsr_diff=0.000416 integral_mean=-0.000351 integral_std=0.001331 log_ratio=-0.8420 accept=0.4308 swapped=False
i=4 pair=(0,2) lam_t=1.00000 lam_s=1.04500 tsr_diff=0.007228 integral_mean=0.000189 integral_std=0.016210 log_ratio=0.0000 accept=1.0000 swapped=True
i=4 pair=(1,3) lam_t=1.04950 lam_s=1.05000 tsr_diff=0.000080 integral_mean=0.000030 integral_std=0.000208 log_ratio=0.0000 accept=1.0000 swapped=True
i=4 pair=(2,0) lam_t=1.00000 lam_s=1.04500 tsr_diff=0.007228 integral_mean=0.000260 integral_std=0.015213 log_ratio=0.0000 accept=1.0000 swapped=True
i=4 pair=(3,1) lam_t=1.04950 lam_s=1.05000 tsr_diff=0.000080 integral_mean=-0.000012 integral_std=0.000184 log_ratio=-0.0283 accept=0.9720 swapped=True
i=5 pair=(2,1) lam_t=1.04500 lam_s=1.04950 tsr_diff=0.001076 integral_mean=-0.000233 integral_std=0.002388 log_ratio=-0.5589 accept=0.5719 swapped=True
i=5 pair=(1,2) lam_t=1.04500 lam_s=1.04950 tsr_diff=0.001076 integral_mean=0.000141 integral_std=0.002482 log_ratio=0.0000 accept=1.0000 swapped=True
i=6 pair=(0,2) lam_t=1.00000 lam_s=1.04500 tsr_diff=0.015004 integral_mean=-0.001172 integral_std=0.032598 log_ratio=-2.8132 accept=0.0600 swapped=False
i=6 pair=(1,3) lam_t=1.04950 lam_s=1.05000 tsr_diff=0.000164 integral_mean=0.000007 integral_std=0.000354 log_ratio=0.0000 accept=1.0000 swapped=True
i=6 pair=(0,2) lam_t=1.00000 lam_s=1.04500 tsr_diff=0.015004 integral_mean=-0.000623 integral_std=0.033615 log_ratio=-1.4955 accept=0.2241 swapped=False
i=6 pair=(3,1) lam_t=1.04950 lam_s=1.05000 tsr_diff=0.000164 integral_mean=-0.000003 integral_std=0.000332 log_ratio=-0.0072 accept=0.9928 swapped=True
i=7 pair=(2,1) lam_t=1.04500 lam_s=1.04950 tsr_diff=0.001897 integral_mean=0.000161 integral_std=0.004377 log_ratio=0.0000 accept=1.0000 swapped=True
i=7 pair=(1,2) lam_t=1.04500 lam_s=1.04950 tsr_diff=0.001897 integral_mean=-0.000038 integral_std=0.004406 log_ratio=-0.0912 accept=0.9129 swapped=True
i=8 pair=(0,2) lam_t=1.00000 lam_s=1.04500 tsr_diff=0.023831 integral_mean=-0.003946 integral_std=0.061239 log_ratio=-9.4697 accept=0.0001 swapped=False
i=8 pair=(1,3) lam_t=1.04950 lam_s=1.05000 tsr_diff=0.000257 integral_mean=0.000015 integral_std=0.000602 log_ratio=0.0000 accept=1.0000 swapped=True
i=8 pair=(0,2) lam_t=1.00000 lam_s=1.04500 tsr_diff=0.023831 integral_mean=-0.005232 integral_std=0.059926 log_ratio=-12.5562 accept=0.0000 swapped=False
i=8 pair=(3,1) lam_t=1.04950 lam_s=1.05000 tsr_diff=0.000257 integral_mean=-0.000009 integral_std=0.000578 log_ratio=-0.0215 accept=0.9787 swapped=True
i=9 pair=(2,1) lam_t=1.04500 lam_s=1.04950 tsr_diff=0.002729 integral_mean=0.000717 integral_std=0.008477 log_ratio=0.0000 accept=1.0000 swapped=True
i=9 pair=(1,2) lam_t=1.04500 lam_s=1.04950 tsr_diff=0.002729 integral_mean=-0.000362 integral_std=0.007500 log_ratio=-0.8684 accept=0.4196 swapped=True
i=10 pair=(0,2) lam_t=1.00000 lam_s=1.04500 tsr_diff=0.032198 integral_mean=-0.008991 integral_std=0.097418 log_ratio=-21.5778 accept=0.0000 swapped=False
i=10 pair=(1,3) lam_t=1.04950 lam_s=1.05000 tsr_diff=0.000344 integral_mean=0.000034 integral_std=0.000801 log_ratio=0.0000 accept=1.0000 swapped=True
i=10 pair=(0,2) lam_t=1.00000 lam_s=1.04500 tsr_diff=0.032198 integral_mean=-0.009185 integral_std=0.095110 log_ratio=-22.0438 accept=0.0000 swapped=False
i=10 pair=(3,1) lam_t=1.04950 lam_s=1.05000 tsr_diff=0.000344 integral_mean=-0.000043 integral_std=0.000811 log_ratio=-0.1044 accept=0.9009 swapped=True
i=11 pair=(2,1) lam_t=1.04500 lam_s=1.04950 tsr_diff=0.003437 integral_mean=0.000755 integral_std=0.013197 log_ratio=0.0000 accept=1.0000 swapped=True
i=11 pair=(1,2) lam_t=1.04500 lam_s=1.04950 tsr_diff=0.003437 integral_mean=-0.000389 integral_std=0.011144 log_ratio=-0.9330 accept=0.3934 swapped=False
i=12 pair=(0,1) lam_t=1.00000 lam_s=1.04500 tsr_diff=0.038747 integral_mean=-0.008995 integral_std=0.136790 log_ratio=-21.5873 accept=0.0000 swapped=False
i=12 pair=(2,3) lam_t=1.04950 lam_s=1.05000 tsr_diff=0.000410 integral_mean=0.000153 integral_std=0.001557 log_ratio=0.0000 accept=1.0000 swapped=True
i=12 pair=(0,1) lam_t=1.00000 lam_s=1.04500 tsr_diff=0.038747 integral_mean=-0.004974 integral_std=0.115683 log_ratio=-11.9378 accept=0.0000 swapped=False
i=12 pair=(3,2) lam_t=1.04950 lam_s=1.05000 tsr_diff=0.000410 integral_mean=-0.000130 integral_std=0.001631 log_ratio=-0.3117 accept=0.7322 swapped=True
i=13 pair=(1,2) lam_t=1.04500 lam_s=1.04950 tsr_diff=0.003916 integral_mean=-0.002086 integral_std=0.020639 log_ratio=-5.0062 accept=0.0067 swapped=False
i=13 pair=(1,2) lam_t=1.04500 lam_s=1.04950 tsr_diff=0.003916 integral_mean=-0.000136 integral_std=0.030449 log_ratio=-0.3265 accept=0.7215 swapped=True
i=14 pair=(0,2) lam_t=1.00000 lam_s=1.04500 tsr_diff=0.042457 integral_mean=-0.144342 integral_std=0.909571 log_ratio=-346.4207 accept=0.0000 swapped=False
i=14 pair=(1,3) lam_t=1.04950 lam_s=1.05000 tsr_diff=0.000448 integral_mean=0.001165 integral_std=0.007437 log_ratio=0.0000 accept=1.0000 swapped=True
i=14 pair=(0,2) lam_t=1.00000 lam_s=1.04500 tsr_diff=0.042457 integral_mean=-0.058944 integral_std=0.498187 log_ratio=-141.4664 accept=0.0000 swapped=False
i=14 pair=(3,1) lam_t=1.04950 lam_s=1.05000 tsr_diff=0.000448 integral_mean=-0.001119 integral_std=0.006424 log_ratio=-2.6864 accept=0.0681 swapped=False
Best Sample: 3 log probability -9.975
Saved 1 samples to: logs/pointmaze-giant-navigate-v0/inference/plans/release_H400_T256_LimitsNormalizer_b1_condFalse/2026-07-17 16:47:49/8/0.png
Saved 1 samples to: logs/pointmaze-giant-navigate-v0/inference/plans/release_H400_T256_LimitsNormalizer_b1_condFalse/2026-07-17 16:47:49/8/rollout.png
i=0 pair=(0,1) lam_t=1.00000 lam_s=1.04500 tsr_diff=0.000000 integral_mean=0.000000 integral_std=0.000000 log_ratio=0.0000 accept=1.0000 swapped=True
i=0 pair=(2,3) lam_t=1.04950 lam_s=1.05000 tsr_diff=0.000000 integral_mean=0.000000 integral_std=0.000000 log_ratio=0.0000 accept=1.0000 swapped=True
i=0 pair=(1,0) lam_t=1.00000 lam_s=1.04500 tsr_diff=0.000000 integral_mean=0.000000 integral_std=0.000000 log_ratio=0.0000 accept=1.0000 swapped=True
i=0 pair=(3,2) lam_t=1.04950 lam_s=1.05000 tsr_diff=0.000000 integral_mean=0.000000 integral_std=0.000000 log_ratio=0.0000 accept=1.0000 swapped=True
i=1 pair=(1,2) lam_t=1.04500 lam_s=1.04950 tsr_diff=0.000048 integral_mean=0.000000 integral_std=0.000095 log_ratio=0.0000 accept=1.0000 swapped=True
i=1 pair=(2,1) lam_t=1.04500 lam_s=1.04950 tsr_diff=0.000048 integral_mean=0.000001 integral_std=0.000099 log_ratio=0.0000 accept=1.0000 swapped=True
i=2 pair=(0,1) lam_t=1.00000 lam_s=1.04500 tsr_diff=0.001897 integral_mean=-0.000035 integral_std=0.003937 log_ratio=-0.0831 accept=0.9203 swapped=True
i=2 pair=(2,3) lam_t=1.04950 lam_s=1.05000 tsr_diff=0.000021 integral_mean=0.000001 integral_std=0.000043 log_ratio=0.0000 accept=1.0000 swapped=True
i=2 pair=(1,0) lam_t=1.00000 lam_s=1.04500 tsr_diff=0.001897 integral_mean=0.000035 integral_std=0.003874 log_ratio=0.0000 accept=1.0000 swapped=True
i=2 pair=(3,2) lam_t=1.04950 lam_s=1.05000 tsr_diff=0.000021 integral_mean=-0.000001 integral_std=0.000044 log_ratio=-0.0034 accept=0.9966 swapped=True
i=3 pair=(1,2) lam_t=1.04500 lam_s=1.04950 tsr_diff=0.000416 integral_mean=-0.000008 integral_std=0.000865 log_ratio=-0.0187 accept=0.9815 swapped=True
i=3 pair=(2,1) lam_t=1.04500 lam_s=1.04950 tsr_diff=0.000416 integral_mean=0.000022 integral_std=0.000850 log_ratio=0.0000 accept=1.0000 swapped=True
i=4 pair=(0,1) lam_t=1.00000 lam_s=1.04500 tsr_diff=0.007228 integral_mean=-0.000026 integral_std=0.015437 log_ratio=-0.0633 accept=0.9386 swapped=False
i=4 pair=(2,3) lam_t=1.04950 lam_s=1.05000 tsr_diff=0.000080 integral_mean=0.000006 integral_std=0.000167 log_ratio=0.0000 accept=1.0000 swapped=True
i=4 pair=(0,1) lam_t=1.00000 lam_s=1.04500 tsr_diff=0.007228 integral_mean=0.000088 integral_std=0.014931 log_ratio=0.0000 accept=1.0000 swapped=True
i=4 pair=(3,2) lam_t=1.04950 lam_s=1.05000 tsr_diff=0.000080 integral_mean=-0.000004 integral_std=0.000165 log_ratio=-0.0104 accept=0.9896 swapped=True
i=5 pair=(0,2) lam_t=1.04500 lam_s=1.04950 tsr_diff=0.001076 integral_mean=-0.000107 integral_std=0.002283 log_ratio=-0.2565 accept=0.7738 swapped=True
i=5 pair=(2,0) lam_t=1.04500 lam_s=1.04950 tsr_diff=0.001076 integral_mean=0.000067 integral_std=0.002246 log_ratio=0.0000 accept=1.0000 swapped=True
i=6 pair=(1,0) lam_t=1.00000 lam_s=1.04500 tsr_diff=0.015004 integral_mean=0.000090 integral_std=0.030655 log_ratio=0.0000 accept=1.0000 swapped=True
i=6 pair=(2,3) lam_t=1.04950 lam_s=1.05000 tsr_diff=0.000164 integral_mean=0.000001 integral_std=0.000335 log_ratio=0.0000 accept=1.0000 swapped=True
i=6 pair=(0,1) lam_t=1.00000 lam_s=1.04500 tsr_diff=0.015004 integral_mean=0.000053 integral_std=0.031757 log_ratio=0.0000 accept=1.0000 swapped=True
i=6 pair=(3,2) lam_t=1.04950 lam_s=1.05000 tsr_diff=0.000164 integral_mean=-0.000001 integral_std=0.000349 log_ratio=-0.0026 accept=0.9974 swapped=True
i=7 pair=(0,2) lam_t=1.04500 lam_s=1.04950 tsr_diff=0.001897 integral_mean=-0.000067 integral_std=0.004292 log_ratio=-0.1619 accept=0.8505 swapped=True
i=7 pair=(2,0) lam_t=1.04500 lam_s=1.04950 tsr_diff=0.001897 integral_mean=0.000010 integral_std=0.004159 log_ratio=0.0000 accept=1.0000 swapped=True
i=8 pair=(1,0) lam_t=1.00000 lam_s=1.04500 tsr_diff=0.023831 integral_mean=0.004647 integral_std=0.059972 log_ratio=0.0000 accept=1.0000 swapped=True
i=8 pair=(2,3) lam_t=1.04950 lam_s=1.05000 tsr_diff=0.000257 integral_mean=0.000000 integral_std=0.000567 log_ratio=0.0000 accept=1.0000 swapped=True
i=8 pair=(0,1) lam_t=1.00000 lam_s=1.04500 tsr_diff=0.023831 integral_mean=-0.006027 integral_std=0.060287 log_ratio=-14.4656 accept=0.0000 swapped=False
i=8 pair=(3,2) lam_t=1.04950 lam_s=1.05000 tsr_diff=0.000257 integral_mean=-0.000020 integral_std=0.000607 log_ratio=-0.0471 accept=0.9540 swapped=False
i=9 pair=(1,3) lam_t=1.04500 lam_s=1.04950 tsr_diff=0.002729 integral_mean=0.000869 integral_std=0.007607 log_ratio=0.0000 accept=1.0000 swapped=True
i=9 pair=(3,1) lam_t=1.04500 lam_s=1.04950 tsr_diff=0.002729 integral_mean=-0.000722 integral_std=0.007313 log_ratio=-1.7329 accept=0.1768 swapped=False
i=10 pair=(0,3) lam_t=1.00000 lam_s=1.04500 tsr_diff=0.032198 integral_mean=0.000905 integral_std=0.083758 log_ratio=0.0000 accept=1.0000 swapped=True
i=10 pair=(1,2) lam_t=1.04950 lam_s=1.05000 tsr_diff=0.000344 integral_mean=0.000052 integral_std=0.000962 log_ratio=0.0000 accept=1.0000 swapped=True
i=10 pair=(3,0) lam_t=1.00000 lam_s=1.04500 tsr_diff=0.032198 integral_mean=0.001822 integral_std=0.086499 log_ratio=0.0000 accept=1.0000 swapped=True
i=10 pair=(2,1) lam_t=1.04950 lam_s=1.05000 tsr_diff=0.000344 integral_mean=0.000004 integral_std=0.000942 log_ratio=0.0000 accept=1.0000 swapped=True
i=11 pair=(3,1) lam_t=1.04500 lam_s=1.04950 tsr_diff=0.003437 integral_mean=-0.000431 integral_std=0.010446 log_ratio=-1.0344 accept=0.3554 swapped=True
i=11 pair=(1,3) lam_t=1.04500 lam_s=1.04950 tsr_diff=0.003437 integral_mean=0.000510 integral_std=0.009452 log_ratio=0.0000 accept=1.0000 swapped=True
i=12 pair=(0,3) lam_t=1.00000 lam_s=1.04500 tsr_diff=0.038747 integral_mean=0.006317 integral_std=0.141713 log_ratio=0.0000 accept=1.0000 swapped=True
i=12 pair=(1,2) lam_t=1.04950 lam_s=1.05000 tsr_diff=0.000410 integral_mean=-0.000207 integral_std=0.002339 log_ratio=-0.4962 accept=0.6089 swapped=True
i=12 pair=(3,0) lam_t=1.00000 lam_s=1.04500 tsr_diff=0.038747 integral_mean=-0.001829 integral_std=0.139288 log_ratio=-4.3908 accept=0.0124 swapped=False
i=12 pair=(2,1) lam_t=1.04950 lam_s=1.05000 tsr_diff=0.000410 integral_mean=0.000216 integral_std=0.001967 log_ratio=0.0000 accept=1.0000 swapped=True
i=13 pair=(0,1) lam_t=1.04500 lam_s=1.04950 tsr_diff=0.003916 integral_mean=0.000575 integral_std=0.020430 log_ratio=0.0000 accept=1.0000 swapped=True
i=13 pair=(1,0) lam_t=1.04500 lam_s=1.04950 tsr_diff=0.003916 integral_mean=-0.000890 integral_std=0.017768 log_ratio=-2.1368 accept=0.1180 swapped=True
i=14 pair=(3,0) lam_t=1.00000 lam_s=1.04500 tsr_diff=0.042457 integral_mean=-0.055768 integral_std=0.537407 log_ratio=-133.8421 accept=0.0000 swapped=False
i=14 pair=(1,2) lam_t=1.04950 lam_s=1.05000 tsr_diff=0.000448 integral_mean=-0.001179 integral_std=0.008227 log_ratio=-2.8284 accept=0.0591 swapped=False
i=14 pair=(3,0) lam_t=1.00000 lam_s=1.04500 tsr_diff=0.042457 integral_mean=-0.004002 integral_std=0.306745 log_ratio=-9.6048 accept=0.0001 swapped=False
i=14 pair=(1,2) lam_t=1.04950 lam_s=1.05000 tsr_diff=0.000448 integral_mean=-0.000550 integral_std=0.005154 log_ratio=-1.3194 accept=0.2673 swapped=False
Best Sample: 0 log probability -4.025
Saved 1 samples to: logs/pointmaze-giant-navigate-v0/inference/plans/release_H400_T256_LimitsNormalizer_b1_condFalse/2026-07-17 16:47:49/9/0.png
Saved 1 samples to: logs/pointmaze-giant-navigate-v0/inference/plans/release_H400_T256_LimitsNormalizer_b1_condFalse/2026-07-17 16:47:49/9/rollout.png
i=0 pair=(0,1) lam_t=1.00000 lam_s=1.04500 tsr_diff=0.000000 integral_mean=0.000000 integral_std=0.000000 log_ratio=0.0000 accept=1.0000 swapped=True
i=0 pair=(2,3) lam_t=1.04950 lam_s=1.05000 tsr_diff=0.000000 integral_mean=0.000000 integral_std=0.000000 log_ratio=0.0000 accept=1.0000 swapped=True
i=0 pair=(1,0) lam_t=1.00000 lam_s=1.04500 tsr_diff=0.000000 integral_mean=0.000000 integral_std=0.000000 log_ratio=0.0000 accept=1.0000 swapped=True
i=0 pair=(3,2) lam_t=1.04950 lam_s=1.05000 tsr_diff=0.000000 integral_mean=0.000000 integral_std=0.000000 log_ratio=0.0000 accept=1.0000 swapped=True
i=1 pair=(1,2) lam_t=1.04500 lam_s=1.04950 tsr_diff=0.000048 integral_mean=-0.000000 integral_std=0.000095 log_ratio=-0.0008 accept=0.9992 swapped=True
i=1 pair=(2,1) lam_t=1.04500 lam_s=1.04950 tsr_diff=0.000048 integral_mean=0.000003 integral_std=0.000094 log_ratio=0.0000 accept=1.0000 swapped=True
i=2 pair=(0,1) lam_t=1.00000 lam_s=1.04500 tsr_diff=0.001897 integral_mean=0.000120 integral_std=0.004091 log_ratio=0.0000 accept=1.0000 swapped=True
i=2 pair=(2,3) lam_t=1.04950 lam_s=1.05000 tsr_diff=0.000021 integral_mean=0.000002 integral_std=0.000042 log_ratio=0.0000 accept=1.0000 swapped=True
i=2 pair=(1,0) lam_t=1.00000 lam_s=1.04500 tsr_diff=0.001897 integral_mean=0.000123 integral_std=0.004063 log_ratio=0.0000 accept=1.0000 swapped=True
i=2 pair=(3,2) lam_t=1.04950 lam_s=1.05000 tsr_diff=0.000021 integral_mean=-0.000002 integral_std=0.000043 log_ratio=-0.0036 accept=0.9964 swapped=True
i=3 pair=(1,2) lam_t=1.04500 lam_s=1.04950 tsr_diff=0.000416 integral_mean=0.000028 integral_std=0.000896 log_ratio=0.0000 accept=1.0000 swapped=True
i=3 pair=(2,1) lam_t=1.04500 lam_s=1.04950 tsr_diff=0.000416 integral_mean=-0.000042 integral_std=0.000849 log_ratio=-0.1008 accept=0.9041 swapped=True
i=4 pair=(0,1) lam_t=1.00000 lam_s=1.04500 tsr_diff=0.007228 integral_mean=0.000076 integral_std=0.014934 log_ratio=0.0000 accept=1.0000 swapped=True
i=4 pair=(2,3) lam_t=1.04950 lam_s=1.05000 tsr_diff=0.000080 integral_mean=-0.000003 integral_std=0.000164 log_ratio=-0.0070 accept=0.9930 swapped=True
i=4 pair=(1,0) lam_t=1.00000 lam_s=1.04500 tsr_diff=0.007228 integral_mean=0.000078 integral_std=0.014663 log_ratio=0.0000 accept=1.0000 swapped=True
i=4 pair=(3,2) lam_t=1.04950 lam_s=1.05000 tsr_diff=0.000080 integral_mean=0.000001 integral_std=0.000161 log_ratio=0.0000 accept=1.0000 swapped=True
i=5 pair=(1,2) lam_t=1.04500 lam_s=1.04950 tsr_diff=0.001076 integral_mean=0.000094 integral_std=0.002264 log_ratio=0.0000 accept=1.0000 swapped=True
i=5 pair=(2,1) lam_t=1.04500 lam_s=1.04950 tsr_diff=0.001076 integral_mean=-0.000061 integral_std=0.002296 log_ratio=-0.1475 accept=0.8629 swapped=True
i=6 pair=(0,1) lam_t=1.00000 lam_s=1.04500 tsr_diff=0.015004 integral_mean=-0.001458 integral_std=0.031666 log_ratio=-3.4986 accept=0.0302 swapped=False
i=6 pair=(2,3) lam_t=1.04950 lam_s=1.05000 tsr_diff=0.000164 integral_mean=-0.000000 integral_std=0.000347 log_ratio=-0.0011 accept=0.9989 swapped=True
i=6 pair=(0,1) lam_t=1.00000 lam_s=1.04500 tsr_diff=0.015004 integral_mean=-0.000530 integral_std=0.030823 log_ratio=-1.2711 accept=0.2805 swapped=False
i=6 pair=(3,2) lam_t=1.04950 lam_s=1.05000 tsr_diff=0.000164 integral_mean=-0.000006 integral_std=0.000358 log_ratio=-0.0146 accept=0.9855 swapped=True
i=7 pair=(1,2) lam_t=1.04500 lam_s=1.04950 tsr_diff=0.001897 integral_mean=0.000118 integral_std=0.004075 log_ratio=0.0000 accept=1.0000 swapped=True
i=7 pair=(2,1) lam_t=1.04500 lam_s=1.04950 tsr_diff=0.001897 integral_mean=-0.000144 integral_std=0.004219 log_ratio=-0.3465 accept=0.7072 swapped=True
i=8 pair=(0,1) lam_t=1.00000 lam_s=1.04500 tsr_diff=0.023831 integral_mean=-0.000652 integral_std=0.052580 log_ratio=-1.5651 accept=0.2091 swapped=False
i=8 pair=(2,3) lam_t=1.04950 lam_s=1.05000 tsr_diff=0.000257 integral_mean=-0.000007 integral_std=0.000624 log_ratio=-0.0157 accept=0.9845 swapped=True
i=8 pair=(0,1) lam_t=1.00000 lam_s=1.04500 tsr_diff=0.023831 integral_mean=-0.001172 integral_std=0.056612 log_ratio=-2.8126 accept=0.0600 swapped=False
i=8 pair=(3,2) lam_t=1.04950 lam_s=1.05000 tsr_diff=0.000257 integral_mean=0.000007 integral_std=0.000614 log_ratio=0.0000 accept=1.0000 swapped=True
i=9 pair=(1,2) lam_t=1.04500 lam_s=1.04950 tsr_diff=0.002729 integral_mean=0.000161 integral_std=0.007141 log_ratio=0.0000 accept=1.0000 swapped=True
i=9 pair=(2,1) lam_t=1.04500 lam_s=1.04950 tsr_diff=0.002729 integral_mean=-0.000070 integral_std=0.006945 log_ratio=-0.1691 accept=0.8444 swapped=True
i=10 pair=(0,1) lam_t=1.00000 lam_s=1.04500 tsr_diff=0.032198 integral_mean=-0.004014 integral_std=0.087880 log_ratio=-9.6325 accept=0.0001 swapped=False
i=10 pair=(2,3) lam_t=1.04950 lam_s=1.05000 tsr_diff=0.000344 integral_mean=-0.000053 integral_std=0.000962 log_ratio=-0.1276 accept=0.8802 swapped=True
i=10 pair=(0,1) lam_t=1.00000 lam_s=1.04500 tsr_diff=0.032198 integral_mean=-0.009390 integral_std=0.098471 log_ratio=-22.5366 accept=0.0000 swapped=False
i=10 pair=(3,2) lam_t=1.04950 lam_s=1.05000 tsr_diff=0.000344 integral_mean=0.000044 integral_std=0.001058 log_ratio=0.0000 accept=1.0000 swapped=True
i=11 pair=(1,2) lam_t=1.04500 lam_s=1.04950 tsr_diff=0.003437 integral_mean=0.000427 integral_std=0.012383 log_ratio=0.0000 accept=1.0000 swapped=True
i=11 pair=(2,1) lam_t=1.04500 lam_s=1.04950 tsr_diff=0.003437 integral_mean=-0.000536 integral_std=0.012328 log_ratio=-1.2870 accept=0.2761 swapped=False
i=12 pair=(0,2) lam_t=1.00000 lam_s=1.04500 tsr_diff=0.038747 integral_mean=-0.009678 integral_std=0.124858 log_ratio=-23.2284 accept=0.0000 swapped=False
i=12 pair=(1,3) lam_t=1.04950 lam_s=1.05000 tsr_diff=0.000410 integral_mean=-0.000149 integral_std=0.001931 log_ratio=-0.3585 accept=0.6987 swapped=True
i=12 pair=(0,2) lam_t=1.00000 lam_s=1.04500 tsr_diff=0.038747 integral_mean=-0.009051 integral_std=0.118166 log_ratio=-21.7223 accept=0.0000 swapped=False
i=12 pair=(3,1) lam_t=1.04950 lam_s=1.05000 tsr_diff=0.000410 integral_mean=-0.000011 integral_std=0.001631 log_ratio=-0.0253 accept=0.9750 swapped=True
i=13 pair=(2,1) lam_t=1.04500 lam_s=1.04950 tsr_diff=0.003916 integral_mean=-0.001247 integral_std=0.028518 log_ratio=-2.9938 accept=0.0501 swapped=False
i=13 pair=(2,1) lam_t=1.04500 lam_s=1.04950 tsr_diff=0.003916 integral_mean=0.000076 integral_std=0.020273 log_ratio=0.0000 accept=1.0000 swapped=True
i=14 pair=(0,1) lam_t=1.00000 lam_s=1.04500 tsr_diff=0.042457 integral_mean=-0.078928 integral_std=0.724207 log_ratio=-189.4271 accept=0.0000 swapped=False
i=14 pair=(2,3) lam_t=1.04950 lam_s=1.05000 tsr_diff=0.000448 integral_mean=-0.000652 integral_std=0.008267 log_ratio=-1.5650 accept=0.2091 swapped=False
i=14 pair=(0,1) lam_t=1.00000 lam_s=1.04500 tsr_diff=0.042457 integral_mean=-0.074610 integral_std=0.788537 log_ratio=-179.0644 accept=0.0000 swapped=False
i=14 pair=(2,3) lam_t=1.04950 lam_s=1.05000 tsr_diff=0.000448 integral_mean=-0.002479 integral_std=0.019531 log_ratio=-5.9502 accept=0.0026 swapped=False
Best Sample: 0 log probability -0.113
Saved 1 samples to: logs/pointmaze-giant-navigate-v0/inference/plans/release_H400_T256_LimitsNormalizer_b1_condFalse/2026-07-17 16:47:49/10/0.png
Saved 1 samples to: logs/pointmaze-giant-navigate-v0/inference/plans/release_H400_T256_LimitsNormalizer_b1_condFalse/2026-07-17 16:47:49/10/rollout.png
i=0 pair=(0,1) lam_t=1.00000 lam_s=1.04500 tsr_diff=0.000000 integral_mean=0.000000 integral_std=0.000000 log_ratio=0.0000 accept=1.0000 swapped=True
i=0 pair=(2,3) lam_t=1.04950 lam_s=1.05000 tsr_diff=0.000000 integral_mean=0.000000 integral_std=0.000000 log_ratio=0.0000 accept=1.0000 swapped=True
i=0 pair=(1,0) lam_t=1.00000 lam_s=1.04500 tsr_diff=0.000000 integral_mean=0.000000 integral_std=0.000000 log_ratio=0.0000 accept=1.0000 swapped=True
i=0 pair=(3,2) lam_t=1.04950 lam_s=1.05000 tsr_diff=0.000000 integral_mean=0.000000 integral_std=0.000000 log_ratio=0.0000 accept=1.0000 swapped=True
i=1 pair=(1,2) lam_t=1.04500 lam_s=1.04950 tsr_diff=0.000048 integral_mean=-0.000001 integral_std=0.000097 log_ratio=-0.0016 accept=0.9984 swapped=True
i=1 pair=(2,1) lam_t=1.04500 lam_s=1.04950 tsr_diff=0.000048 integral_mean=-0.000001 integral_std=0.000093 log_ratio=-0.0036 accept=0.9964 swapped=True
i=2 pair=(0,1) lam_t=1.00000 lam_s=1.04500 tsr_diff=0.001897 integral_mean=-0.000038 integral_std=0.003953 log_ratio=-0.0908 accept=0.9132 swapped=True
i=2 pair=(2,3) lam_t=1.04950 lam_s=1.05000 tsr_diff=0.000021 integral_mean=-0.000001 integral_std=0.000041 log_ratio=-0.0023 accept=0.9977 swapped=True
i=2 pair=(1,0) lam_t=1.00000 lam_s=1.04500 tsr_diff=0.001897 integral_mean=-0.000078 integral_std=0.003999 log_ratio=-0.1880 accept=0.8286 swapped=False
i=2 pair=(3,2) lam_t=1.04950 lam_s=1.05000 tsr_diff=0.000021 integral_mean=-0.000000 integral_std=0.000043 log_ratio=-0.0007 accept=0.9993 swapped=True
i=3 pair=(0,2) lam_t=1.04500 lam_s=1.04950 tsr_diff=0.000416 integral_mean=-0.000024 integral_std=0.000854 log_ratio=-0.0565 accept=0.9450 swapped=True
i=3 pair=(2,0) lam_t=1.04500 lam_s=1.04950 tsr_diff=0.000416 integral_mean=0.000020 integral_std=0.000902 log_ratio=0.0000 accept=1.0000 swapped=True
i=4 pair=(1,0) lam_t=1.00000 lam_s=1.04500 tsr_diff=0.007228 integral_mean=0.000339 integral_std=0.015434 log_ratio=0.0000 accept=1.0000 swapped=True
i=4 pair=(2,3) lam_t=1.04950 lam_s=1.05000 tsr_diff=0.000080 integral_mean=0.000018 integral_std=0.000208 log_ratio=0.0000 accept=1.0000 swapped=True
i=4 pair=(0,1) lam_t=1.00000 lam_s=1.04500 tsr_diff=0.007228 integral_mean=0.000148 integral_std=0.014796 log_ratio=0.0000 accept=1.0000 swapped=True
i=4 pair=(3,2) lam_t=1.04950 lam_s=1.05000 tsr_diff=0.000080 integral_mean=-0.000002 integral_std=0.000167 log_ratio=-0.0046 accept=0.9954 swapped=True
i=5 pair=(0,2) lam_t=1.04500 lam_s=1.04950 tsr_diff=0.001076 integral_mean=-0.000040 integral_std=0.002261 log_ratio=-0.0951 accept=0.9093 swapped=True
i=5 pair=(2,0) lam_t=1.04500 lam_s=1.04950 tsr_diff=0.001076 integral_mean=0.000012 integral_std=0.002219 log_ratio=0.0000 accept=1.0000 swapped=True
i=6 pair=(1,0) lam_t=1.00000 lam_s=1.04500 tsr_diff=0.015004 integral_mean=-0.000554 integral_std=0.033259 log_ratio=-1.3308 accept=0.2643 swapped=False
i=6 pair=(2,3) lam_t=1.04950 lam_s=1.05000 tsr_diff=0.000164 integral_mean=0.000004 integral_std=0.000347 log_ratio=0.0000 accept=1.0000 swapped=True
i=6 pair=(1,0) lam_t=1.00000 lam_s=1.04500 tsr_diff=0.015004 integral_mean=-0.001195 integral_std=0.032504 log_ratio=-2.8678 accept=0.0568 swapped=False
i=6 pair=(3,2) lam_t=1.04950 lam_s=1.05000 tsr_diff=0.000164 integral_mean=-0.000014 integral_std=0.000352 log_ratio=-0.0338 accept=0.9667 swapped=True
i=7 pair=(0,2) lam_t=1.04500 lam_s=1.04950 tsr_diff=0.001897 integral_mean=-0.000024 integral_std=0.004388 log_ratio=-0.0572 accept=0.9444 swapped=True
i=7 pair=(2,0) lam_t=1.04500 lam_s=1.04950 tsr_diff=0.001897 integral_mean=-0.000012 integral_std=0.004300 log_ratio=-0.0279 accept=0.9725 swapped=True
i=8 pair=(1,0) lam_t=1.00000 lam_s=1.04500 tsr_diff=0.023831 integral_mean=-0.001204 integral_std=0.056111 log_ratio=-2.8885 accept=0.0557 swapped=False
i=8 pair=(2,3) lam_t=1.04950 lam_s=1.05000 tsr_diff=0.000257 integral_mean=0.000024 integral_std=0.000550 log_ratio=0.0000 accept=1.0000 swapped=True
i=8 pair=(1,0) lam_t=1.00000 lam_s=1.04500 tsr_diff=0.023831 integral_mean=-0.001851 integral_std=0.055131 log_ratio=-4.4422 accept=0.0118 swapped=False
i=8 pair=(3,2) lam_t=1.04950 lam_s=1.05000 tsr_diff=0.000257 integral_mean=-0.000027 integral_std=0.000556 log_ratio=-0.0660 accept=0.9362 swapped=True
i=9 pair=(0,2) lam_t=1.04500 lam_s=1.04950 tsr_diff=0.002729 integral_mean=-0.000168 integral_std=0.006879 log_ratio=-0.4036 accept=0.6679 swapped=False
i=9 pair=(0,2) lam_t=1.04500 lam_s=1.04950 tsr_diff=0.002729 integral_mean=-0.000132 integral_std=0.006837 log_ratio=-0.3165 accept=0.7287 swapped=False
i=10 pair=(1,0) lam_t=1.00000 lam_s=1.04500 tsr_diff=0.032198 integral_mean=-0.001650 integral_std=0.089174 log_ratio=-3.9603 accept=0.0191 swapped=False
i=10 pair=(2,3) lam_t=1.04950 lam_s=1.05000 tsr_diff=0.000344 integral_mean=0.000059 integral_std=0.001016 log_ratio=0.0000 accept=1.0000 swapped=True
i=10 pair=(1,0) lam_t=1.00000 lam_s=1.04500 tsr_diff=0.032198 integral_mean=-0.002117 integral_std=0.080496 log_ratio=-5.0819 accept=0.0062 swapped=False
i=10 pair=(3,2) lam_t=1.04950 lam_s=1.05000 tsr_diff=0.000344 integral_mean=-0.000037 integral_std=0.000782 log_ratio=-0.0893 accept=0.9146 swapped=True
i=11 pair=(0,2) lam_t=1.04500 lam_s=1.04950 tsr_diff=0.003437 integral_mean=-0.000534 integral_std=0.010894 log_ratio=-1.2821 accept=0.2775 swapped=False
i=11 pair=(0,2) lam_t=1.04500 lam_s=1.04950 tsr_diff=0.003437 integral_mean=-0.000442 integral_std=0.010859 log_ratio=-1.0620 accept=0.3458 swapped=True
i=12 pair=(1,2) lam_t=1.00000 lam_s=1.04500 tsr_diff=0.038747 integral_mean=-0.018452 integral_std=0.210738 log_ratio=-44.2860 accept=0.0000 swapped=False
i=12 pair=(0,3) lam_t=1.04950 lam_s=1.05000 tsr_diff=0.000410 integral_mean=0.000063 integral_std=0.001398 log_ratio=0.0000 accept=1.0000 swapped=True
i=12 pair=(1,2) lam_t=1.00000 lam_s=1.04500 tsr_diff=0.038747 integral_mean=-0.016008 integral_std=0.152116 log_ratio=-38.4201 accept=0.0000 swapped=False
i=12 pair=(3,0) lam_t=1.04950 lam_s=1.05000 tsr_diff=0.000410 integral_mean=-0.000127 integral_std=0.001433 log_ratio=-0.3040 accept=0.7379 swapped=False
i=13 pair=(2,3) lam_t=1.04500 lam_s=1.04950 tsr_diff=0.003916 integral_mean=0.002805 integral_std=0.024381 log_ratio=0.0000 accept=1.0000 swapped=True
i=13 pair=(3,2) lam_t=1.04500 lam_s=1.04950 tsr_diff=0.003916 integral_mean=-0.002216 integral_std=0.036220 log_ratio=-5.3195 accept=0.0049 swapped=False
i=14 pair=(1,3) lam_t=1.00000 lam_s=1.04500 tsr_diff=0.042457 integral_mean=-0.020127 integral_std=0.444654 log_ratio=-48.3059 accept=0.0000 swapped=False
i=14 pair=(2,0) lam_t=1.04950 lam_s=1.05000 tsr_diff=0.000448 integral_mean=0.000923 integral_std=0.008465 log_ratio=0.0000 accept=1.0000 swapped=True
i=14 pair=(1,3) lam_t=1.00000 lam_s=1.04500 tsr_diff=0.042457 integral_mean=-0.001162 integral_std=0.222617 log_ratio=-2.7889 accept=0.0615 swapped=False
i=14 pair=(0,2) lam_t=1.04950 lam_s=1.05000 tsr_diff=0.000448 integral_mean=-0.000706 integral_std=0.011455 log_ratio=-1.6945 accept=0.1837 swapped=False
Best Sample: 1 log probability -11.735
Saved 1 samples to: logs/pointmaze-giant-navigate-v0/inference/plans/release_H400_T256_LimitsNormalizer_b1_condFalse/2026-07-17 16:47:49/11/0.png
Saved 1 samples to: logs/pointmaze-giant-navigate-v0/inference/plans/release_H400_T256_LimitsNormalizer_b1_condFalse/2026-07-17 16:47:49/11/rollout.png
i=0 pair=(0,1) lam_t=1.00000 lam_s=1.04500 tsr_diff=0.000000 integral_mean=0.000000 integral_std=0.000000 log_ratio=0.0000 accept=1.0000 swapped=True
i=0 pair=(2,3) lam_t=1.04950 lam_s=1.05000 tsr_diff=0.000000 integral_mean=0.000000 integral_std=0.000000 log_ratio=0.0000 accept=1.0000 swapped=True
i=0 pair=(1,0) lam_t=1.00000 lam_s=1.04500 tsr_diff=0.000000 integral_mean=0.000000 integral_std=0.000000 log_ratio=0.0000 accept=1.0000 swapped=True
i=0 pair=(3,2) lam_t=1.04950 lam_s=1.05000 tsr_diff=0.000000 integral_mean=0.000000 integral_std=0.000000 log_ratio=0.0000 accept=1.0000 swapped=True
i=1 pair=(1,2) lam_t=1.04500 lam_s=1.04950 tsr_diff=0.000048 integral_mean=-0.000003 integral_std=0.000091 log_ratio=-0.0076 accept=0.9924 swapped=True
i=1 pair=(2,1) lam_t=1.04500 lam_s=1.04950 tsr_diff=0.000048 integral_mean=0.000000 integral_std=0.000097 log_ratio=0.0000 accept=1.0000 swapped=True
i=2 pair=(0,1) lam_t=1.00000 lam_s=1.04500 tsr_diff=0.001897 integral_mean=0.000176 integral_std=0.003944 log_ratio=0.0000 accept=1.0000 swapped=True
i=2 pair=(2,3) lam_t=1.04950 lam_s=1.05000 tsr_diff=0.000021 integral_mean=0.000035 integral_std=0.000091 log_ratio=0.0000 accept=1.0000 swapped=True
i=2 pair=(1,0) lam_t=1.00000 lam_s=1.04500 tsr_diff=0.001897 integral_mean=0.000124 integral_std=0.004002 log_ratio=0.0000 accept=1.0000 swapped=True
i=2 pair=(3,2) lam_t=1.04950 lam_s=1.05000 tsr_diff=0.000021 integral_mean=-0.000006 integral_std=0.000051 log_ratio=-0.0146 accept=0.9855 swapped=True
i=3 pair=(1,2) lam_t=1.04500 lam_s=1.04950 tsr_diff=0.000416 integral_mean=0.000028 integral_std=0.000912 log_ratio=0.0000 accept=1.0000 swapped=True
i=3 pair=(2,1) lam_t=1.04500 lam_s=1.04950 tsr_diff=0.000416 integral_mean=0.000001 integral_std=0.000886 log_ratio=0.0000 accept=1.0000 swapped=True
i=4 pair=(0,1) lam_t=1.00000 lam_s=1.04500 tsr_diff=0.007228 integral_mean=-0.000440 integral_std=0.014766 log_ratio=-1.0567 accept=0.3476 swapped=False
i=4 pair=(2,3) lam_t=1.04950 lam_s=1.05000 tsr_diff=0.000080 integral_mean=-0.000000 integral_std=0.000167 log_ratio=-0.0003 accept=0.9997 swapped=True
i=4 pair=(0,1) lam_t=1.00000 lam_s=1.04500 tsr_diff=0.007228 integral_mean=-0.000945 integral_std=0.014997 log_ratio=-2.2685 accept=0.1035 swapped=False
i=4 pair=(3,2) lam_t=1.04950 lam_s=1.05000 tsr_diff=0.000080 integral_mean=0.000007 integral_std=0.000163 log_ratio=0.0000 accept=1.0000 swapped=True
i=5 pair=(1,2) lam_t=1.04500 lam_s=1.04950 tsr_diff=0.001076 integral_mean=0.000115 integral_std=0.002323 log_ratio=0.0000 accept=1.0000 swapped=True
i=5 pair=(2,1) lam_t=1.04500 lam_s=1.04950 tsr_diff=0.001076 integral_mean=-0.000083 integral_std=0.002221 log_ratio=-0.1988 accept=0.8197 swapped=False
i=6 pair=(0,2) lam_t=1.00000 lam_s=1.04500 tsr_diff=0.015004 integral_mean=0.002155 integral_std=0.030220 log_ratio=0.0000 accept=1.0000 swapped=True
i=6 pair=(1,3) lam_t=1.04950 lam_s=1.05000 tsr_diff=0.000164 integral_mean=-0.000013 integral_std=0.000361 log_ratio=-0.0321 accept=0.9684 swapped=True
i=6 pair=(2,0) lam_t=1.00000 lam_s=1.04500 tsr_diff=0.015004 integral_mean=-0.000598 integral_std=0.029943 log_ratio=-1.4360 accept=0.2379 swapped=True
i=6 pair=(3,1) lam_t=1.04950 lam_s=1.05000 tsr_diff=0.000164 integral_mean=0.000002 integral_std=0.000346 log_ratio=0.0000 accept=1.0000 swapped=True
i=7 pair=(2,1) lam_t=1.04500 lam_s=1.04950 tsr_diff=0.001897 integral_mean=-0.000275 integral_std=0.004236 log_ratio=-0.6605 accept=0.5166 swapped=True
i=7 pair=(1,2) lam_t=1.04500 lam_s=1.04950 tsr_diff=0.001897 integral_mean=0.000087 integral_std=0.004075 log_ratio=0.0000 accept=1.0000 swapped=True
i=8 pair=(0,2) lam_t=1.00000 lam_s=1.04500 tsr_diff=0.023831 integral_mean=0.001847 integral_std=0.051692 log_ratio=0.0000 accept=1.0000 swapped=True
i=8 pair=(1,3) lam_t=1.04950 lam_s=1.05000 tsr_diff=0.000257 integral_mean=-0.000001 integral_std=0.000590 log_ratio=-0.0034 accept=0.9966 swapped=True
i=8 pair=(2,0) lam_t=1.00000 lam_s=1.04500 tsr_diff=0.023831 integral_mean=-0.000333 integral_std=0.050276 log_ratio=-0.7996 accept=0.4495 swapped=False
i=8 pair=(3,1) lam_t=1.04950 lam_s=1.05000 tsr_diff=0.000257 integral_mean=-0.000003 integral_std=0.000602 log_ratio=-0.0077 accept=0.9923 swapped=True
i=9 pair=(0,1) lam_t=1.04500 lam_s=1.04950 tsr_diff=0.002729 integral_mean=-0.000273 integral_std=0.006287 log_ratio=-0.6551 accept=0.5194 swapped=True
i=9 pair=(1,0) lam_t=1.04500 lam_s=1.04950 tsr_diff=0.002729 integral_mean=-0.000234 integral_std=0.006013 log_ratio=-0.5607 accept=0.5708 swapped=False
i=10 pair=(2,1) lam_t=1.00000 lam_s=1.04500 tsr_diff=0.032198 integral_mean=-0.000760 integral_std=0.076641 log_ratio=-1.8233 accept=0.1615 swapped=False
i=10 pair=(0,3) lam_t=1.04950 lam_s=1.05000 tsr_diff=0.000344 integral_mean=0.000039 integral_std=0.000808 log_ratio=0.0000 accept=1.0000 swapped=True
i=10 pair=(2,1) lam_t=1.00000 lam_s=1.04500 tsr_diff=0.032198 integral_mean=-0.002683 integral_std=0.079806 log_ratio=-6.4384 accept=0.0016 swapped=False
i=10 pair=(3,0) lam_t=1.04950 lam_s=1.05000 tsr_diff=0.000344 integral_mean=-0.000040 integral_std=0.000851 log_ratio=-0.0959 accept=0.9086 swapped=True
i=11 pair=(1,0) lam_t=1.04500 lam_s=1.04950 tsr_diff=0.003437 integral_mean=-0.000061 integral_std=0.010446 log_ratio=-0.1476 accept=0.8628 swapped=True
i=11 pair=(0,1) lam_t=1.04500 lam_s=1.04950 tsr_diff=0.003437 integral_mean=0.000213 integral_std=0.010818 log_ratio=0.0000 accept=1.0000 swapped=True
i=12 pair=(2,1) lam_t=1.00000 lam_s=1.04500 tsr_diff=0.038747 integral_mean=-0.007162 integral_std=0.119492 log_ratio=-17.1892 accept=0.0000 swapped=False
i=12 pair=(0,3) lam_t=1.04950 lam_s=1.05000 tsr_diff=0.000410 integral_mean=0.000113 integral_std=0.001316 log_ratio=0.0000 accept=1.0000 swapped=True
i=12 pair=(2,1) lam_t=1.00000 lam_s=1.04500 tsr_diff=0.038747 integral_mean=-0.003449 integral_std=0.118834 log_ratio=-8.2773 accept=0.0003 swapped=False
i=12 pair=(3,0) lam_t=1.04950 lam_s=1.05000 tsr_diff=0.000410 integral_mean=-0.000099 integral_std=0.001385 log_ratio=-0.2366 accept=0.7893 swapped=True
i=13 pair=(1,0) lam_t=1.04500 lam_s=1.04950 tsr_diff=0.003916 integral_mean=-0.001116 integral_std=0.023650 log_ratio=-2.6775 accept=0.0687 swapped=False
i=13 pair=(1,0) lam_t=1.04500 lam_s=1.04950 tsr_diff=0.003916 integral_mean=-0.000163 integral_std=0.017865 log_ratio=-0.3918 accept=0.6759 swapped=False
i=14 pair=(2,1) lam_t=1.00000 lam_s=1.04500 tsr_diff=0.042457 integral_mean=-0.060309 integral_std=0.545953 log_ratio=-144.7413 accept=0.0000 swapped=False
i=14 pair=(0,3) lam_t=1.04950 lam_s=1.05000 tsr_diff=0.000448 integral_mean=0.000351 integral_std=0.004527 log_ratio=0.0000 accept=1.0000 swapped=True
i=14 pair=(2,1) lam_t=1.00000 lam_s=1.04500 tsr_diff=0.042457 integral_mean=-0.016262 integral_std=0.274546 log_ratio=-39.0279 accept=0.0000 swapped=False
i=14 pair=(3,0) lam_t=1.04950 lam_s=1.05000 tsr_diff=0.000448 integral_mean=-0.000124 integral_std=0.002282 log_ratio=-0.2986 accept=0.7419 swapped=True
Best Sample: 2 log probability -0.076
Saved 1 samples to: logs/pointmaze-giant-navigate-v0/inference/plans/release_H400_T256_LimitsNormalizer_b1_condFalse/2026-07-17 16:47:49/12/0.png
Saved 1 samples to: logs/pointmaze-giant-navigate-v0/inference/plans/release_H400_T256_LimitsNormalizer_b1_condFalse/2026-07-17 16:47:49/12/rollout.png
i=0 pair=(0,1) lam_t=1.00000 lam_s=1.04500 tsr_diff=0.000000 integral_mean=0.000000 integral_std=0.000000 log_ratio=0.0000 accept=1.0000 swapped=True
i=0 pair=(2,3) lam_t=1.04950 lam_s=1.05000 tsr_diff=0.000000 integral_mean=0.000000 integral_std=0.000000 log_ratio=0.0000 accept=1.0000 swapped=True
i=0 pair=(1,0) lam_t=1.00000 lam_s=1.04500 tsr_diff=0.000000 integral_mean=0.000000 integral_std=0.000000 log_ratio=0.0000 accept=1.0000 swapped=True
i=0 pair=(3,2) lam_t=1.04950 lam_s=1.05000 tsr_diff=0.000000 integral_mean=0.000000 integral_std=0.000000 log_ratio=0.0000 accept=1.0000 swapped=True
i=1 pair=(1,2) lam_t=1.04500 lam_s=1.04950 tsr_diff=0.000048 integral_mean=-0.000002 integral_std=0.000093 log_ratio=-0.0045 accept=0.9955 swapped=True
i=1 pair=(2,1) lam_t=1.04500 lam_s=1.04950 tsr_diff=0.000048 integral_mean=-0.000003 integral_std=0.000096 log_ratio=-0.0062 accept=0.9938 swapped=True
i=2 pair=(0,1) lam_t=1.00000 lam_s=1.04500 tsr_diff=0.001897 integral_mean=0.000099 integral_std=0.003762 log_ratio=0.0000 accept=1.0000 swapped=True
i=2 pair=(2,3) lam_t=1.04950 lam_s=1.05000 tsr_diff=0.000021 integral_mean=-0.000000 integral_std=0.000041 log_ratio=-0.0010 accept=0.9990 swapped=True
i=2 pair=(1,0) lam_t=1.00000 lam_s=1.04500 tsr_diff=0.001897 integral_mean=0.000004 integral_std=0.003986 log_ratio=0.0000 accept=1.0000 swapped=True
i=2 pair=(3,2) lam_t=1.04950 lam_s=1.05000 tsr_diff=0.000021 integral_mean=-0.000001 integral_std=0.000042 log_ratio=-0.0023 accept=0.9977 swapped=True
i=3 pair=(1,2) lam_t=1.04500 lam_s=1.04950 tsr_diff=0.000416 integral_mean=0.000018 integral_std=0.000856 log_ratio=0.0000 accept=1.0000 swapped=True
i=3 pair=(2,1) lam_t=1.04500 lam_s=1.04950 tsr_diff=0.000416 integral_mean=-0.000014 integral_std=0.000781 log_ratio=-0.0340 accept=0.9666 swapped=True
i=4 pair=(0,1) lam_t=1.00000 lam_s=1.04500 tsr_diff=0.007228 integral_mean=-0.000794 integral_std=0.015742 log_ratio=-1.9056 accept=0.1487 swapped=False
i=4 pair=(2,3) lam_t=1.04950 lam_s=1.05000 tsr_diff=0.000080 integral_mean=-0.000011 integral_std=0.000163 log_ratio=-0.0256 accept=0.9747 swapped=True
i=4 pair=(0,1) lam_t=1.00000 lam_s=1.04500 tsr_diff=0.007228 integral_mean=-0.000587 integral_std=0.014879 log_ratio=-1.4079 accept=0.2447 swapped=True
i=4 pair=(3,2) lam_t=1.04950 lam_s=1.05000 tsr_diff=0.000080 integral_mean=0.000007 integral_std=0.000169 log_ratio=0.0000 accept=1.0000 swapped=True
i=5 pair=(0,2) lam_t=1.04500 lam_s=1.04950 tsr_diff=0.001076 integral_mean=0.000040 integral_std=0.002107 log_ratio=0.0000 accept=1.0000 swapped=True
i=5 pair=(2,0) lam_t=1.04500 lam_s=1.04950 tsr_diff=0.001076 integral_mean=-0.000083 integral_std=0.002197 log_ratio=-0.1997 accept=0.8190 swapped=True
i=6 pair=(1,0) lam_t=1.00000 lam_s=1.04500 tsr_diff=0.015004 integral_mean=0.000414 integral_std=0.030838 log_ratio=0.0000 accept=1.0000 swapped=True
i=6 pair=(2,3) lam_t=1.04950 lam_s=1.05000 tsr_diff=0.000164 integral_mean=-0.000000 integral_std=0.000342 log_ratio=-0.0008 accept=0.9992 swapped=True
i=6 pair=(0,1) lam_t=1.00000 lam_s=1.04500 tsr_diff=0.015004 integral_mean=-0.000831 integral_std=0.030805 log_ratio=-1.9955 accept=0.1359 swapped=False
i=6 pair=(3,2) lam_t=1.04950 lam_s=1.05000 tsr_diff=0.000164 integral_mean=0.000014 integral_std=0.000327 log_ratio=0.0000 accept=1.0000 swapped=True
i=7 pair=(1,2) lam_t=1.04500 lam_s=1.04950 tsr_diff=0.001897 integral_mean=0.000134 integral_std=0.003987 log_ratio=0.0000 accept=1.0000 swapped=True
i=7 pair=(2,1) lam_t=1.04500 lam_s=1.04950 tsr_diff=0.001897 integral_mean=-0.000144 integral_std=0.003830 log_ratio=-0.3466 accept=0.7071 swapped=True
i=8 pair=(0,1) lam_t=1.00000 lam_s=1.04500 tsr_diff=0.023831 integral_mean=-0.000402 integral_std=0.047033 log_ratio=-0.9641 accept=0.3813 swapped=True
i=8 pair=(2,3) lam_t=1.04950 lam_s=1.05000 tsr_diff=0.000257 integral_mean=-0.000034 integral_std=0.000581 log_ratio=-0.0811 accept=0.9221 swapped=True
i=8 pair=(1,0) lam_t=1.00000 lam_s=1.04500 tsr_diff=0.023831 integral_mean=-0.001243 integral_std=0.047250 log_ratio=-2.9835 accept=0.0506 swapped=False
i=8 pair=(3,2) lam_t=1.04950 lam_s=1.05000 tsr_diff=0.000257 integral_mean=0.000034 integral_std=0.000593 log_ratio=0.0000 accept=1.0000 swapped=True
i=9 pair=(0,2) lam_t=1.04500 lam_s=1.04950 tsr_diff=0.002729 integral_mean=0.000164 integral_std=0.005558 log_ratio=0.0000 accept=1.0000 swapped=True
i=9 pair=(2,0) lam_t=1.04500 lam_s=1.04950 tsr_diff=0.002729 integral_mean=-0.000182 integral_std=0.005381 log_ratio=-0.4370 accept=0.6460 swapped=True
i=10 pair=(1,0) lam_t=1.00000 lam_s=1.04500 tsr_diff=0.032198 integral_mean=-0.004117 integral_std=0.066385 log_ratio=-9.8805 accept=0.0001 swapped=False
i=10 pair=(2,3) lam_t=1.04950 lam_s=1.05000 tsr_diff=0.000344 integral_mean=-0.000069 integral_std=0.001041 log_ratio=-0.1649 accept=0.8480 swapped=False
i=10 pair=(1,0) lam_t=1.00000 lam_s=1.04500 tsr_diff=0.032198 integral_mean=-0.003920 integral_std=0.066417 log_ratio=-9.4071 accept=0.0001 swapped=False
i=10 pair=(2,3) lam_t=1.04950 lam_s=1.05000 tsr_diff=0.000344 integral_mean=-0.000044 integral_std=0.000987 log_ratio=-0.1048 accept=0.9005 swapped=True
i=11 pair=(0,3) lam_t=1.04500 lam_s=1.04950 tsr_diff=0.003437 integral_mean=-0.000572 integral_std=0.012945 log_ratio=-1.3733 accept=0.2533 swapped=False
i=11 pair=(0,3) lam_t=1.04500 lam_s=1.04950 tsr_diff=0.003437 integral_mean=-0.000424 integral_std=0.011893 log_ratio=-1.0179 accept=0.3613 swapped=True
i=12 pair=(1,3) lam_t=1.00000 lam_s=1.04500 tsr_diff=0.038747 integral_mean=-0.010456 integral_std=0.163013 log_ratio=-25.0951 accept=0.0000 swapped=False
i=12 pair=(0,2) lam_t=1.04950 lam_s=1.05000 tsr_diff=0.000410 integral_mean=0.000030 integral_std=0.000938 log_ratio=0.0000 accept=1.0000 swapped=True
i=12 pair=(1,3) lam_t=1.00000 lam_s=1.04500 tsr_diff=0.038747 integral_mean=-0.004833 integral_std=0.145065 log_ratio=-11.5985 accept=0.0000 swapped=False
i=12 pair=(2,0) lam_t=1.04950 lam_s=1.05000 tsr_diff=0.000410 integral_mean=-0.000035 integral_std=0.000893 log_ratio=-0.0840 accept=0.9195 swapped=False
i=13 pair=(3,2) lam_t=1.04500 lam_s=1.04950 tsr_diff=0.003916 integral_mean=0.003858 integral_std=0.029673 log_ratio=0.0000 accept=1.0000 swapped=True
i=13 pair=(2,3) lam_t=1.04500 lam_s=1.04950 tsr_diff=0.003916 integral_mean=-0.002314 integral_std=0.024432 log_ratio=-5.5530 accept=0.0039 swapped=False
i=14 pair=(1,2) lam_t=1.00000 lam_s=1.04500 tsr_diff=0.042457 integral_mean=0.000979 integral_std=0.110067 log_ratio=0.0000 accept=1.0000 swapped=True
i=14 pair=(3,0) lam_t=1.04950 lam_s=1.05000 tsr_diff=0.000448 integral_mean=0.000603 integral_std=0.006597 log_ratio=0.0000 accept=1.0000 swapped=True
i=14 pair=(2,1) lam_t=1.00000 lam_s=1.04500 tsr_diff=0.042457 integral_mean=0.003763 integral_std=0.095521 log_ratio=0.0000 accept=1.0000 swapped=True
i=14 pair=(0,3) lam_t=1.04950 lam_s=1.05000 tsr_diff=0.000448 integral_mean=-0.001099 integral_std=0.008734 log_ratio=-2.6375 accept=0.0715 swapped=False
Best Sample: 1 log probability -0.139
Saved 1 samples to: logs/pointmaze-giant-navigate-v0/inference/plans/release_H400_T256_LimitsNormalizer_b1_condFalse/2026-07-17 16:47:49/13/0.png
Saved 1 samples to: logs/pointmaze-giant-navigate-v0/inference/plans/release_H400_T256_LimitsNormalizer_b1_condFalse/2026-07-17 16:47:49/13/rollout.png
i=0 pair=(0,1) lam_t=1.00000 lam_s=1.04500 tsr_diff=0.000000 integral_mean=0.000000 integral_std=0.000000 log_ratio=0.0000 accept=1.0000 swapped=True
i=0 pair=(2,3) lam_t=1.04950 lam_s=1.05000 tsr_diff=0.000000 integral_mean=0.000000 integral_std=0.000000 log_ratio=0.0000 accept=1.0000 swapped=True
i=0 pair=(1,0) lam_t=1.00000 lam_s=1.04500 tsr_diff=0.000000 integral_mean=0.000000 integral_std=0.000000 log_ratio=0.0000 accept=1.0000 swapped=True
i=0 pair=(3,2) lam_t=1.04950 lam_s=1.05000 tsr_diff=0.000000 integral_mean=0.000000 integral_std=0.000000 log_ratio=0.0000 accept=1.0000 swapped=True
i=1 pair=(1,2) lam_t=1.04500 lam_s=1.04950 tsr_diff=0.000048 integral_mean=-0.000000 integral_std=0.000099 log_ratio=-0.0010 accept=0.9990 swapped=True
i=1 pair=(2,1) lam_t=1.04500 lam_s=1.04950 tsr_diff=0.000048 integral_mean=-0.000000 integral_std=0.000101 log_ratio=-0.0000 accept=1.0000 swapped=True
i=2 pair=(0,1) lam_t=1.00000 lam_s=1.04500 tsr_diff=0.001897 integral_mean=0.000052 integral_std=0.003938 log_ratio=0.0000 accept=1.0000 swapped=True
i=2 pair=(2,3) lam_t=1.04950 lam_s=1.05000 tsr_diff=0.000021 integral_mean=-0.000001 integral_std=0.000039 log_ratio=-0.0024 accept=0.9976 swapped=True
i=2 pair=(1,0) lam_t=1.00000 lam_s=1.04500 tsr_diff=0.001897 integral_mean=0.000074 integral_std=0.003726 log_ratio=0.0000 accept=1.0000 swapped=True
i=2 pair=(3,2) lam_t=1.04950 lam_s=1.05000 tsr_diff=0.000021 integral_mean=-0.000001 integral_std=0.000041 log_ratio=-0.0035 accept=0.9965 swapped=True
i=3 pair=(1,2) lam_t=1.04500 lam_s=1.04950 tsr_diff=0.000416 integral_mean=0.000045 integral_std=0.000929 log_ratio=0.0000 accept=1.0000 swapped=True
i=3 pair=(2,1) lam_t=1.04500 lam_s=1.04950 tsr_diff=0.000416 integral_mean=-0.000009 integral_std=0.000904 log_ratio=-0.0211 accept=0.9791 swapped=True
i=4 pair=(0,1) lam_t=1.00000 lam_s=1.04500 tsr_diff=0.007228 integral_mean=-0.000594 integral_std=0.016206 log_ratio=-1.4262 accept=0.2402 swapped=False
i=4 pair=(2,3) lam_t=1.04950 lam_s=1.05000 tsr_diff=0.000080 integral_mean=0.000002 integral_std=0.000169 log_ratio=0.0000 accept=1.0000 swapped=True
i=4 pair=(0,1) lam_t=1.00000 lam_s=1.04500 tsr_diff=0.007228 integral_mean=-0.000163 integral_std=0.014820 log_ratio=-0.3919 accept=0.6758 swapped=True
i=4 pair=(3,2) lam_t=1.04950 lam_s=1.05000 tsr_diff=0.000080 integral_mean=0.000003 integral_std=0.000167 log_ratio=0.0000 accept=1.0000 swapped=True
i=5 pair=(0,2) lam_t=1.04500 lam_s=1.04950 tsr_diff=0.001076 integral_mean=0.000030 integral_std=0.002176 log_ratio=0.0000 accept=1.0000 swapped=True
i=5 pair=(2,0) lam_t=1.04500 lam_s=1.04950 tsr_diff=0.001076 integral_mean=-0.000033 integral_std=0.002244 log_ratio=-0.0798 accept=0.9233 swapped=True
i=6 pair=(1,0) lam_t=1.00000 lam_s=1.04500 tsr_diff=0.015004 integral_mean=0.000628 integral_std=0.032446 log_ratio=0.0000 accept=1.0000 swapped=True
i=6 pair=(2,3) lam_t=1.04950 lam_s=1.05000 tsr_diff=0.000164 integral_mean=0.000001 integral_std=0.000336 log_ratio=0.0000 accept=1.0000 swapped=True
i=6 pair=(0,1) lam_t=1.00000 lam_s=1.04500 tsr_diff=0.015004 integral_mean=0.000187 integral_std=0.033008 log_ratio=0.0000 accept=1.0000 swapped=True
i=6 pair=(3,2) lam_t=1.04950 lam_s=1.05000 tsr_diff=0.000164 integral_mean=-0.000004 integral_std=0.000332 log_ratio=-0.0103 accept=0.9898 swapped=True
i=7 pair=(0,2) lam_t=1.04500 lam_s=1.04950 tsr_diff=0.001897 integral_mean=0.000151 integral_std=0.004114 log_ratio=0.0000 accept=1.0000 swapped=True
i=7 pair=(2,0) lam_t=1.04500 lam_s=1.04950 tsr_diff=0.001897 integral_mean=-0.000085 integral_std=0.004027 log_ratio=-0.2031 accept=0.8162 swapped=True
i=8 pair=(1,0) lam_t=1.00000 lam_s=1.04500 tsr_diff=0.023831 integral_mean=0.000734 integral_std=0.061262 log_ratio=0.0000 accept=1.0000 swapped=True
i=8 pair=(2,3) lam_t=1.04950 lam_s=1.05000 tsr_diff=0.000257 integral_mean=0.000022 integral_std=0.000553 log_ratio=0.0000 accept=1.0000 swapped=True
i=8 pair=(0,1) lam_t=1.00000 lam_s=1.04500 tsr_diff=0.023831 integral_mean=-0.001210 integral_std=0.058765 log_ratio=-2.9037 accept=0.0548 swapped=False
i=8 pair=(3,2) lam_t=1.04950 lam_s=1.05000 tsr_diff=0.000257 integral_mean=-0.000024 integral_std=0.000573 log_ratio=-0.0569 accept=0.9447 swapped=True
i=9 pair=(1,2) lam_t=1.04500 lam_s=1.04950 tsr_diff=0.002729 integral_mean=0.000016 integral_std=0.007121 log_ratio=0.0000 accept=1.0000 swapped=True
i=9 pair=(2,1) lam_t=1.04500 lam_s=1.04950 tsr_diff=0.002729 integral_mean=-0.000083 integral_std=0.006927 log_ratio=-0.1999 accept=0.8188 swapped=False
i=10 pair=(0,2) lam_t=1.00000 lam_s=1.04500 tsr_diff=0.032198 integral_mean=0.001787 integral_std=0.082300 log_ratio=0.0000 accept=1.0000 swapped=True
i=10 pair=(1,3) lam_t=1.04950 lam_s=1.05000 tsr_diff=0.000344 integral_mean=0.000059 integral_std=0.000898 log_ratio=0.0000 accept=1.0000 swapped=True
i=10 pair=(2,0) lam_t=1.00000 lam_s=1.04500 tsr_diff=0.032198 integral_mean=-0.004053 integral_std=0.082503 log_ratio=-9.7280 accept=0.0001 swapped=False
i=10 pair=(3,1) lam_t=1.04950 lam_s=1.05000 tsr_diff=0.000344 integral_mean=-0.000061 integral_std=0.000883 log_ratio=-0.1473 accept=0.8631 swapped=True
i=11 pair=(0,1) lam_t=1.04500 lam_s=1.04950 tsr_diff=0.003437 integral_mean=-0.000372 integral_std=0.012100 log_ratio=-0.8936 accept=0.4092 swapped=False
i=11 pair=(0,1) lam_t=1.04500 lam_s=1.04950 tsr_diff=0.003437 integral_mean=0.000124 integral_std=0.010923 log_ratio=0.0000 accept=1.0000 swapped=True
i=12 pair=(2,1) lam_t=1.00000 lam_s=1.04500 tsr_diff=0.038747 integral_mean=-0.004036 integral_std=0.178049 log_ratio=-9.6856 accept=0.0001 swapped=False
i=12 pair=(0,3) lam_t=1.04950 lam_s=1.05000 tsr_diff=0.000410 integral_mean=0.000040 integral_std=0.001393 log_ratio=0.0000 accept=1.0000 swapped=True
i=12 pair=(2,1) lam_t=1.00000 lam_s=1.04500 tsr_diff=0.038747 integral_mean=-0.004658 integral_std=0.156087 log_ratio=-11.1785 accept=0.0000 swapped=False
i=12 pair=(3,0) lam_t=1.04950 lam_s=1.05000 tsr_diff=0.000410 integral_mean=-0.000061 integral_std=0.001486 log_ratio=-0.1463 accept=0.8639 swapped=True
i=13 pair=(1,0) lam_t=1.04500 lam_s=1.04950 tsr_diff=0.003916 integral_mean=-0.000022 integral_std=0.033680 log_ratio=-0.0531 accept=0.9483 swapped=True
i=13 pair=(0,1) lam_t=1.04500 lam_s=1.04950 tsr_diff=0.003916 integral_mean=0.000804 integral_std=0.024931 log_ratio=0.0000 accept=1.0000 swapped=True
i=14 pair=(2,1) lam_t=1.00000 lam_s=1.04500 tsr_diff=0.042457 integral_mean=-0.083399 integral_std=0.771588 log_ratio=-200.1585 accept=0.0000 swapped=False
i=14 pair=(0,3) lam_t=1.04950 lam_s=1.05000 tsr_diff=0.000448 integral_mean=0.000883 integral_std=0.007256 log_ratio=0.0000 accept=1.0000 swapped=True
i=14 pair=(2,1) lam_t=1.00000 lam_s=1.04500 tsr_diff=0.042457 integral_mean=-0.025259 integral_std=0.481152 log_ratio=-60.6225 accept=0.0000 swapped=False
i=14 pair=(3,0) lam_t=1.04950 lam_s=1.05000 tsr_diff=0.000448 integral_mean=-0.001498 integral_std=0.011531 log_ratio=-3.5951 accept=0.0275 swapped=False
Best Sample: 2 log probability -0.314
Saved 1 samples to: logs/pointmaze-giant-navigate-v0/inference/plans/release_H400_T256_LimitsNormalizer_b1_condFalse/2026-07-17 16:47:49/14/0.png
Saved 1 samples to: logs/pointmaze-giant-navigate-v0/inference/plans/release_H400_T256_LimitsNormalizer_b1_condFalse/2026-07-17 16:47:49/14/rollout.png
i=0 pair=(0,1) lam_t=1.00000 lam_s=1.04500 tsr_diff=0.000000 integral_mean=0.000000 integral_std=0.000000 log_ratio=0.0000 accept=1.0000 swapped=True
i=0 pair=(2,3) lam_t=1.04950 lam_s=1.05000 tsr_diff=0.000000 integral_mean=0.000000 integral_std=0.000000 log_ratio=0.0000 accept=1.0000 swapped=True
i=0 pair=(1,0) lam_t=1.00000 lam_s=1.04500 tsr_diff=0.000000 integral_mean=0.000000 integral_std=0.000000 log_ratio=0.0000 accept=1.0000 swapped=True
i=0 pair=(3,2) lam_t=1.04950 lam_s=1.05000 tsr_diff=0.000000 integral_mean=0.000000 integral_std=0.000000 log_ratio=0.0000 accept=1.0000 swapped=True
i=1 pair=(1,2) lam_t=1.04500 lam_s=1.04950 tsr_diff=0.000048 integral_mean=-0.000000 integral_std=0.000097 log_ratio=-0.0004 accept=0.9996 swapped=True
i=1 pair=(2,1) lam_t=1.04500 lam_s=1.04950 tsr_diff=0.000048 integral_mean=0.000004 integral_std=0.000098 log_ratio=0.0000 accept=1.0000 swapped=True
i=2 pair=(0,1) lam_t=1.00000 lam_s=1.04500 tsr_diff=0.001897 integral_mean=-0.000103 integral_std=0.003897 log_ratio=-0.2473 accept=0.7809 swapped=True
i=2 pair=(2,3) lam_t=1.04950 lam_s=1.05000 tsr_diff=0.000021 integral_mean=-0.000001 integral_std=0.000045 log_ratio=-0.0016 accept=0.9984 swapped=True
i=2 pair=(1,0) lam_t=1.00000 lam_s=1.04500 tsr_diff=0.001897 integral_mean=0.000096 integral_std=0.003664 log_ratio=0.0000 accept=1.0000 swapped=True
i=2 pair=(3,2) lam_t=1.04950 lam_s=1.05000 tsr_diff=0.000021 integral_mean=-0.000000 integral_std=0.000041 log_ratio=-0.0005 accept=0.9995 swapped=True
i=3 pair=(1,2) lam_t=1.04500 lam_s=1.04950 tsr_diff=0.000416 integral_mean=0.000016 integral_std=0.000884 log_ratio=0.0000 accept=1.0000 swapped=True
i=3 pair=(2,1) lam_t=1.04500 lam_s=1.04950 tsr_diff=0.000416 integral_mean=-0.000017 integral_std=0.000886 log_ratio=-0.0418 accept=0.9590 swapped=True
i=4 pair=(0,1) lam_t=1.00000 lam_s=1.04500 tsr_diff=0.007228 integral_mean=-0.000436 integral_std=0.014477 log_ratio=-1.0461 accept=0.3513 swapped=True
i=4 pair=(2,3) lam_t=1.04950 lam_s=1.05000 tsr_diff=0.000080 integral_mean=-0.000003 integral_std=0.000168 log_ratio=-0.0082 accept=0.9919 swapped=True
i=4 pair=(1,0) lam_t=1.00000 lam_s=1.04500 tsr_diff=0.007228 integral_mean=-0.000140 integral_std=0.014443 log_ratio=-0.3362 accept=0.7145 swapped=True
i=4 pair=(3,2) lam_t=1.04950 lam_s=1.05000 tsr_diff=0.000080 integral_mean=-0.000001 integral_std=0.000156 log_ratio=-0.0016 accept=0.9984 swapped=True
i=5 pair=(1,2) lam_t=1.04500 lam_s=1.04950 tsr_diff=0.001076 integral_mean=0.000016 integral_std=0.002240 log_ratio=0.0000 accept=1.0000 swapped=True
i=5 pair=(2,1) lam_t=1.04500 lam_s=1.04950 tsr_diff=0.001076 integral_mean=0.000112 integral_std=0.002201 log_ratio=0.0000 accept=1.0000 swapped=True
i=6 pair=(0,1) lam_t=1.00000 lam_s=1.04500 tsr_diff=0.015004 integral_mean=0.000129 integral_std=0.030734 log_ratio=0.0000 accept=1.0000 swapped=True
i=6 pair=(2,3) lam_t=1.04950 lam_s=1.05000 tsr_diff=0.000164 integral_mean=0.000009 integral_std=0.000337 log_ratio=0.0000 accept=1.0000 swapped=True
i=6 pair=(1,0) lam_t=1.00000 lam_s=1.04500 tsr_diff=0.015004 integral_mean=0.000656 integral_std=0.031398 log_ratio=0.0000 accept=1.0000 swapped=True
i=6 pair=(3,2) lam_t=1.04950 lam_s=1.05000 tsr_diff=0.000164 integral_mean=-0.000008 integral_std=0.000343 log_ratio=-0.0187 accept=0.9815 swapped=False
i=7 pair=(1,3) lam_t=1.04500 lam_s=1.04950 tsr_diff=0.001897 integral_mean=0.000132 integral_std=0.004056 log_ratio=0.0000 accept=1.0000 swapped=True
i=7 pair=(3,1) lam_t=1.04500 lam_s=1.04950 tsr_diff=0.001897 integral_mean=-0.000100 integral_std=0.003960 log_ratio=-0.2394 accept=0.7871 swapped=True
i=8 pair=(0,1) lam_t=1.00000 lam_s=1.04500 tsr_diff=0.023831 integral_mean=-0.002042 integral_std=0.052799 log_ratio=-4.9016 accept=0.0074 swapped=False
i=8 pair=(3,2) lam_t=1.04950 lam_s=1.05000 tsr_diff=0.000257 integral_mean=0.000005 integral_std=0.000539 log_ratio=0.0000 accept=1.0000 swapped=True
i=8 pair=(0,1) lam_t=1.00000 lam_s=1.04500 tsr_diff=0.023831 integral_mean=-0.006565 integral_std=0.061323 log_ratio=-15.7568 accept=0.0000 swapped=False
i=8 pair=(2,3) lam_t=1.04950 lam_s=1.05000 tsr_diff=0.000257 integral_mean=0.000011 integral_std=0.000529 log_ratio=0.0000 accept=1.0000 swapped=True
i=9 pair=(1,3) lam_t=1.04500 lam_s=1.04950 tsr_diff=0.002729 integral_mean=0.000763 integral_std=0.006684 log_ratio=0.0000 accept=1.0000 swapped=True
i=9 pair=(3,1) lam_t=1.04500 lam_s=1.04950 tsr_diff=0.002729 integral_mean=-0.000542 integral_std=0.006486 log_ratio=-1.3006 accept=0.2724 swapped=False
i=10 pair=(0,3) lam_t=1.00000 lam_s=1.04500 tsr_diff=0.032198 integral_mean=0.002965 integral_std=0.065242 log_ratio=0.0000 accept=1.0000 swapped=True
i=10 pair=(1,2) lam_t=1.04950 lam_s=1.05000 tsr_diff=0.000344 integral_mean=0.000058 integral_std=0.000912 log_ratio=0.0000 accept=1.0000 swapped=True
i=10 pair=(3,0) lam_t=1.00000 lam_s=1.04500 tsr_diff=0.032198 integral_mean=-0.001326 integral_std=0.064165 log_ratio=-3.1822 accept=0.0415 swapped=False
i=10 pair=(2,1) lam_t=1.04950 lam_s=1.05000 tsr_diff=0.000344 integral_mean=-0.000062 integral_std=0.000892 log_ratio=-0.1489 accept=0.8616 swapped=True
i=11 pair=(0,1) lam_t=1.04500 lam_s=1.04950 tsr_diff=0.003437 integral_mean=-0.001115 integral_std=0.012411 log_ratio=-2.6751 accept=0.0689 swapped=False
i=11 pair=(0,1) lam_t=1.04500 lam_s=1.04950 tsr_diff=0.003437 integral_mean=-0.001862 integral_std=0.013886 log_ratio=-4.4685 accept=0.0115 swapped=False
i=12 pair=(3,0) lam_t=1.00000 lam_s=1.04500 tsr_diff=0.038747 integral_mean=-0.003768 integral_std=0.079043 log_ratio=-9.0424 accept=0.0001 swapped=False
i=12 pair=(1,2) lam_t=1.04950 lam_s=1.05000 tsr_diff=0.000410 integral_mean=0.000260 integral_std=0.001827 log_ratio=0.0000 accept=1.0000 swapped=True
i=12 pair=(3,0) lam_t=1.00000 lam_s=1.04500 tsr_diff=0.038747 integral_mean=0.000039 integral_std=0.079025 log_ratio=0.0000 accept=1.0000 swapped=True
i=12 pair=(2,1) lam_t=1.04950 lam_s=1.05000 tsr_diff=0.000410 integral_mean=-0.000146 integral_std=0.001564 log_ratio=-0.3513 accept=0.7037 swapped=True
i=13 pair=(3,1) lam_t=1.04500 lam_s=1.04950 tsr_diff=0.003916 integral_mean=-0.003789 integral_std=0.040195 log_ratio=-9.0926 accept=0.0001 swapped=False
i=13 pair=(3,1) lam_t=1.04500 lam_s=1.04950 tsr_diff=0.003916 integral_mean=-0.002112 integral_std=0.017849 log_ratio=-5.0694 accept=0.0063 swapped=False
i=14 pair=(0,3) lam_t=1.00000 lam_s=1.04500 tsr_diff=0.042457 integral_mean=0.002873 integral_std=0.109122 log_ratio=0.0000 accept=1.0000 swapped=True
i=14 pair=(1,2) lam_t=1.04950 lam_s=1.05000 tsr_diff=0.000448 integral_mean=0.001887 integral_std=0.020268 log_ratio=0.0000 accept=1.0000 swapped=True
i=14 pair=(3,0) lam_t=1.00000 lam_s=1.04500 tsr_diff=0.042457 integral_mean=0.000488 integral_std=0.094114 log_ratio=0.0000 accept=1.0000 swapped=True
i=14 pair=(2,1) lam_t=1.04950 lam_s=1.05000 tsr_diff=0.000448 integral_mean=-0.000840 integral_std=0.007927 log_ratio=-2.0156 accept=0.1332 swapped=True
Best Sample: 3 log probability 0.000
Saved 1 samples to: logs/pointmaze-giant-navigate-v0/inference/plans/release_H400_T256_LimitsNormalizer_b1_condFalse/2026-07-17 16:47:49/15/0.png
Saved 1 samples to: logs/pointmaze-giant-navigate-v0/inference/plans/release_H400_T256_LimitsNormalizer_b1_condFalse/2026-07-17 16:47:49/15/rollout.png
i=0 pair=(0,1) lam_t=1.00000 lam_s=1.04500 tsr_diff=0.000000 integral_mean=0.000000 integral_std=0.000000 log_ratio=0.0000 accept=1.0000 swapped=True
i=0 pair=(2,3) lam_t=1.04950 lam_s=1.05000 tsr_diff=0.000000 integral_mean=0.000000 integral_std=0.000000 log_ratio=0.0000 accept=1.0000 swapped=True
i=0 pair=(1,0) lam_t=1.00000 lam_s=1.04500 tsr_diff=0.000000 integral_mean=0.000000 integral_std=0.000000 log_ratio=0.0000 accept=1.0000 swapped=True
i=0 pair=(3,2) lam_t=1.04950 lam_s=1.05000 tsr_diff=0.000000 integral_mean=0.000000 integral_std=0.000000 log_ratio=0.0000 accept=1.0000 swapped=True
i=1 pair=(1,2) lam_t=1.04500 lam_s=1.04950 tsr_diff=0.000048 integral_mean=-0.000001 integral_std=0.000098 log_ratio=-0.0014 accept=0.9986 swapped=True
i=1 pair=(2,1) lam_t=1.04500 lam_s=1.04950 tsr_diff=0.000048 integral_mean=-0.000002 integral_std=0.000095 log_ratio=-0.0059 accept=0.9941 swapped=True
i=2 pair=(0,1) lam_t=1.00000 lam_s=1.04500 tsr_diff=0.001897 integral_mean=-0.000209 integral_std=0.004070 log_ratio=-0.5017 accept=0.6055 swapped=False
i=2 pair=(2,3) lam_t=1.04950 lam_s=1.05000 tsr_diff=0.000021 integral_mean=0.000001 integral_std=0.000042 log_ratio=0.0000 accept=1.0000 swapped=True
i=2 pair=(0,1) lam_t=1.00000 lam_s=1.04500 tsr_diff=0.001897 integral_mean=-0.000043 integral_std=0.003805 log_ratio=-0.1023 accept=0.9028 swapped=True
i=2 pair=(3,2) lam_t=1.04950 lam_s=1.05000 tsr_diff=0.000021 integral_mean=0.000022 integral_std=0.000069 log_ratio=0.0000 accept=1.0000 swapped=True
i=3 pair=(0,2) lam_t=1.04500 lam_s=1.04950 tsr_diff=0.000416 integral_mean=0.000144 integral_std=0.001025 log_ratio=0.0000 accept=1.0000 swapped=True
i=3 pair=(2,0) lam_t=1.04500 lam_s=1.04950 tsr_diff=0.000416 integral_mean=-0.000059 integral_std=0.000921 log_ratio=-0.1415 accept=0.8681 swapped=True
i=4 pair=(1,0) lam_t=1.00000 lam_s=1.04500 tsr_diff=0.007228 integral_mean=-0.001746 integral_std=0.017115 log_ratio=-4.1901 accept=0.0151 swapped=False
i=4 pair=(2,3) lam_t=1.04950 lam_s=1.05000 tsr_diff=0.000080 integral_mean=-0.000009 integral_std=0.000158 log_ratio=-0.0224 accept=0.9779 swapped=True
i=4 pair=(1,0) lam_t=1.00000 lam_s=1.04500 tsr_diff=0.007228 integral_mean=-0.000644 integral_std=0.016290 log_ratio=-1.5448 accept=0.2133 swapped=False
i=4 pair=(3,2) lam_t=1.04950 lam_s=1.05000 tsr_diff=0.000080 integral_mean=0.000002 integral_std=0.000148 log_ratio=0.0000 accept=1.0000 swapped=True
i=5 pair=(0,2) lam_t=1.04500 lam_s=1.04950 tsr_diff=0.001076 integral_mean=0.000093 integral_std=0.002171 log_ratio=0.0000 accept=1.0000 swapped=True
i=5 pair=(2,0) lam_t=1.04500 lam_s=1.04950 tsr_diff=0.001076 integral_mean=-0.000004 integral_std=0.002176 log_ratio=-0.0093 accept=0.9908 swapped=True
i=6 pair=(1,0) lam_t=1.00000 lam_s=1.04500 tsr_diff=0.015004 integral_mean=-0.001272 integral_std=0.031552 log_ratio=-3.0525 accept=0.0472 swapped=False
i=6 pair=(2,3) lam_t=1.04950 lam_s=1.05000 tsr_diff=0.000164 integral_mean=-0.000027 integral_std=0.000373 log_ratio=-0.0652 accept=0.9369 swapped=True
i=6 pair=(1,0) lam_t=1.00000 lam_s=1.04500 tsr_diff=0.015004 integral_mean=-0.001597 integral_std=0.030528 log_ratio=-3.8322 accept=0.0217 swapped=False
i=6 pair=(3,2) lam_t=1.04950 lam_s=1.05000 tsr_diff=0.000164 integral_mean=0.000021 integral_std=0.000361 log_ratio=0.0000 accept=1.0000 swapped=True
i=7 pair=(0,2) lam_t=1.04500 lam_s=1.04950 tsr_diff=0.001897 integral_mean=0.000226 integral_std=0.004220 log_ratio=0.0000 accept=1.0000 swapped=True
i=7 pair=(2,0) lam_t=1.04500 lam_s=1.04950 tsr_diff=0.001897 integral_mean=-0.000134 integral_std=0.004032 log_ratio=-0.3211 accept=0.7253 swapped=True
i=8 pair=(1,0) lam_t=1.00000 lam_s=1.04500 tsr_diff=0.023831 integral_mean=-0.002405 integral_std=0.052516 log_ratio=-5.7711 accept=0.0031 swapped=False
i=8 pair=(2,3) lam_t=1.04950 lam_s=1.05000 tsr_diff=0.000257 integral_mean=-0.000019 integral_std=0.000573 log_ratio=-0.0446 accept=0.9564 swapped=True
i=8 pair=(1,0) lam_t=1.00000 lam_s=1.04500 tsr_diff=0.023831 integral_mean=-0.001231 integral_std=0.051153 log_ratio=-2.9536 accept=0.0522 swapped=False
i=8 pair=(3,2) lam_t=1.04950 lam_s=1.05000 tsr_diff=0.000257 integral_mean=0.000030 integral_std=0.000544 log_ratio=0.0000 accept=1.0000 swapped=True
i=9 pair=(0,2) lam_t=1.04500 lam_s=1.04950 tsr_diff=0.002729 integral_mean=0.000166 integral_std=0.006079 log_ratio=0.0000 accept=1.0000 swapped=True
i=9 pair=(2,0) lam_t=1.04500 lam_s=1.04950 tsr_diff=0.002729 integral_mean=-0.000363 integral_std=0.006830 log_ratio=-0.8719 accept=0.4181 swapped=True
i=10 pair=(1,0) lam_t=1.00000 lam_s=1.04500 tsr_diff=0.032198 integral_mean=-0.004326 integral_std=0.080289 log_ratio=-10.3834 accept=0.0000 swapped=False
i=10 pair=(2,3) lam_t=1.04950 lam_s=1.05000 tsr_diff=0.000344 integral_mean=-0.000022 integral_std=0.000849 log_ratio=-0.0522 accept=0.9491 swapped=True
i=10 pair=(1,0) lam_t=1.00000 lam_s=1.04500 tsr_diff=0.032198 integral_mean=-0.000846 integral_std=0.074011 log_ratio=-2.0307 accept=0.1312 swapped=True
i=10 pair=(3,2) lam_t=1.04950 lam_s=1.05000 tsr_diff=0.000344 integral_mean=0.000018 integral_std=0.000787 log_ratio=0.0000 accept=1.0000 swapped=True
i=11 pair=(1,2) lam_t=1.04500 lam_s=1.04950 tsr_diff=0.003437 integral_mean=0.000047 integral_std=0.007089 log_ratio=0.0000 accept=1.0000 swapped=True
i=11 pair=(2,1) lam_t=1.04500 lam_s=1.04950 tsr_diff=0.003437 integral_mean=0.000045 integral_std=0.007484 log_ratio=0.0000 accept=1.0000 swapped=True
i=12 pair=(0,1) lam_t=1.00000 lam_s=1.04500 tsr_diff=0.038747 integral_mean=-0.000693 integral_std=0.116650 log_ratio=-1.6622 accept=0.1897 swapped=True
i=12 pair=(2,3) lam_t=1.04950 lam_s=1.05000 tsr_diff=0.000410 integral_mean=0.000004 integral_std=0.001142 log_ratio=0.0000 accept=1.0000 swapped=True
i=12 pair=(1,0) lam_t=1.00000 lam_s=1.04500 tsr_diff=0.038747 integral_mean=-0.001652 integral_std=0.097925 log_ratio=-3.9651 accept=0.0190 swapped=False
i=12 pair=(3,2) lam_t=1.04950 lam_s=1.05000 tsr_diff=0.000410 integral_mean=-0.000019 integral_std=0.001119 log_ratio=-0.0458 accept=0.9552 swapped=True
i=13 pair=(0,2) lam_t=1.04500 lam_s=1.04950 tsr_diff=0.003916 integral_mean=-0.000426 integral_std=0.014186 log_ratio=-1.0229 accept=0.3596 swapped=True
i=13 pair=(2,0) lam_t=1.04500 lam_s=1.04950 tsr_diff=0.003916 integral_mean=0.000347 integral_std=0.011755 log_ratio=0.0000 accept=1.0000 swapped=True
i=14 pair=(1,0) lam_t=1.00000 lam_s=1.04500 tsr_diff=0.042457 integral_mean=-0.007322 integral_std=0.329008 log_ratio=-17.5726 accept=0.0000 swapped=False
i=14 pair=(2,3) lam_t=1.04950 lam_s=1.05000 tsr_diff=0.000448 integral_mean=0.000098 integral_std=0.003339 log_ratio=0.0000 accept=1.0000 swapped=True
i=14 pair=(1,0) lam_t=1.00000 lam_s=1.04500 tsr_diff=0.042457 integral_mean=0.003422 integral_std=0.160782 log_ratio=0.0000 accept=1.0000 swapped=True
i=14 pair=(3,2) lam_t=1.04950 lam_s=1.05000 tsr_diff=0.000448 integral_mean=0.000097 integral_std=0.004328 log_ratio=0.0000 accept=1.0000 swapped=True
Best Sample: 1 log probability 0.000
Saved 1 samples to: logs/pointmaze-giant-navigate-v0/inference/plans/release_H400_T256_LimitsNormalizer_b1_condFalse/2026-07-17 16:47:49/16/0.png
Saved 1 samples to: logs/pointmaze-giant-navigate-v0/inference/plans/release_H400_T256_LimitsNormalizer_b1_condFalse/2026-07-17 16:47:49/16/rollout.png
i=0 pair=(0,1) lam_t=1.00000 lam_s=1.04500 tsr_diff=0.000000 integral_mean=0.000000 integral_std=0.000000 log_ratio=0.0000 accept=1.0000 swapped=True
i=0 pair=(2,3) lam_t=1.04950 lam_s=1.05000 tsr_diff=0.000000 integral_mean=0.000000 integral_std=0.000000 log_ratio=0.0000 accept=1.0000 swapped=True
i=0 pair=(1,0) lam_t=1.00000 lam_s=1.04500 tsr_diff=0.000000 integral_mean=0.000000 integral_std=0.000000 log_ratio=0.0000 accept=1.0000 swapped=True
i=0 pair=(3,2) lam_t=1.04950 lam_s=1.05000 tsr_diff=0.000000 integral_mean=0.000000 integral_std=0.000000 log_ratio=0.0000 accept=1.0000 swapped=True
i=1 pair=(1,2) lam_t=1.04500 lam_s=1.04950 tsr_diff=0.000048 integral_mean=0.000000 integral_std=0.000096 log_ratio=0.0000 accept=1.0000 swapped=True
i=1 pair=(2,1) lam_t=1.04500 lam_s=1.04950 tsr_diff=0.000048 integral_mean=-0.000002 integral_std=0.000099 log_ratio=-0.0047 accept=0.9953 swapped=True
i=2 pair=(0,1) lam_t=1.00000 lam_s=1.04500 tsr_diff=0.001897 integral_mean=-0.000040 integral_std=0.003980 log_ratio=-0.0950 accept=0.9094 swapped=False
i=2 pair=(2,3) lam_t=1.04950 lam_s=1.05000 tsr_diff=0.000021 integral_mean=0.000001 integral_std=0.000042 log_ratio=0.0000 accept=1.0000 swapped=True
i=2 pair=(0,1) lam_t=1.00000 lam_s=1.04500 tsr_diff=0.001897 integral_mean=0.000000 integral_std=0.003780 log_ratio=0.0000 accept=1.0000 swapped=True
i=2 pair=(3,2) lam_t=1.04950 lam_s=1.05000 tsr_diff=0.000021 integral_mean=0.000001 integral_std=0.000043 log_ratio=0.0000 accept=1.0000 swapped=True
i=3 pair=(0,2) lam_t=1.04500 lam_s=1.04950 tsr_diff=0.000416 integral_mean=0.000022 integral_std=0.000870 log_ratio=0.0000 accept=1.0000 swapped=True
i=3 pair=(2,0) lam_t=1.04500 lam_s=1.04950 tsr_diff=0.000416 integral_mean=-0.000044 integral_std=0.000810 log_ratio=-0.1065 accept=0.8990 swapped=True
i=4 pair=(1,0) lam_t=1.00000 lam_s=1.04500 tsr_diff=0.007228 integral_mean=0.000416 integral_std=0.014016 log_ratio=0.0000 accept=1.0000 swapped=True
i=4 pair=(2,3) lam_t=1.04950 lam_s=1.05000 tsr_diff=0.000080 integral_mean=-0.000025 integral_std=0.000187 log_ratio=-0.0601 accept=0.9416 swapped=False
i=4 pair=(0,1) lam_t=1.00000 lam_s=1.04500 tsr_diff=0.007228 integral_mean=-0.000132 integral_std=0.014102 log_ratio=-0.3163 accept=0.7289 swapped=True
i=4 pair=(2,3) lam_t=1.04950 lam_s=1.05000 tsr_diff=0.000080 integral_mean=-0.000001 integral_std=0.000173 log_ratio=-0.0017 accept=0.9983 swapped=True
i=5 pair=(0,3) lam_t=1.04500 lam_s=1.04950 tsr_diff=0.001076 integral_mean=-0.000453 integral_std=0.002819 log_ratio=-1.0866 accept=0.3374 swapped=False
i=5 pair=(0,3) lam_t=1.04500 lam_s=1.04950 tsr_diff=0.001076 integral_mean=-0.000454 integral_std=0.002911 log_ratio=-1.0906 accept=0.3360 swapped=False
i=6 pair=(1,0) lam_t=1.00000 lam_s=1.04500 tsr_diff=0.015004 integral_mean=-0.000717 integral_std=0.029046 log_ratio=-1.7211 accept=0.1789 swapped=False
i=6 pair=(3,2) lam_t=1.04950 lam_s=1.05000 tsr_diff=0.000164 integral_mean=0.000023 integral_std=0.000427 log_ratio=0.0000 accept=1.0000 swapped=True
i=6 pair=(1,0) lam_t=1.00000 lam_s=1.04500 tsr_diff=0.015004 integral_mean=-0.000180 integral_std=0.030072 log_ratio=-0.4326 accept=0.6488 swapped=False
i=6 pair=(2,3) lam_t=1.04950 lam_s=1.05000 tsr_diff=0.000164 integral_mean=-0.000015 integral_std=0.000394 log_ratio=-0.0352 accept=0.9654 swapped=True
i=7 pair=(0,3) lam_t=1.04500 lam_s=1.04950 tsr_diff=0.001897 integral_mean=-0.000500 integral_std=0.004763 log_ratio=-1.1996 accept=0.3013 swapped=True
i=7 pair=(3,0) lam_t=1.04500 lam_s=1.04950 tsr_diff=0.001897 integral_mean=0.000306 integral_std=0.004326 log_ratio=0.0000 accept=1.0000 swapped=True
i=8 pair=(1,0) lam_t=1.00000 lam_s=1.04500 tsr_diff=0.023831 integral_mean=0.000287 integral_std=0.048483 log_ratio=0.0000 accept=1.0000 swapped=True
i=8 pair=(3,2) lam_t=1.04950 lam_s=1.05000 tsr_diff=0.000257 integral_mean=0.000016 integral_std=0.000634 log_ratio=0.0000 accept=1.0000 swapped=True
i=8 pair=(0,1) lam_t=1.00000 lam_s=1.04500 tsr_diff=0.023831 integral_mean=0.000490 integral_std=0.047734 log_ratio=0.0000 accept=1.0000 swapped=True
i=8 pair=(2,3) lam_t=1.04950 lam_s=1.05000 tsr_diff=0.000257 integral_mean=-0.000011 integral_std=0.000581 log_ratio=-0.0266 accept=0.9738 swapped=True
i=9 pair=(0,3) lam_t=1.04500 lam_s=1.04950 tsr_diff=0.002729 integral_mean=-0.000600 integral_std=0.006691 log_ratio=-1.4394 accept=0.2371 swapped=True
i=9 pair=(3,0) lam_t=1.04500 lam_s=1.04950 tsr_diff=0.002729 integral_mean=0.000835 integral_std=0.007035 log_ratio=0.0000 accept=1.0000 swapped=True
i=10 pair=(1,0) lam_t=1.00000 lam_s=1.04500 tsr_diff=0.032198 integral_mean=-0.002921 integral_std=0.065992 log_ratio=-7.0115 accept=0.0009 swapped=False
i=10 pair=(3,2) lam_t=1.04950 lam_s=1.05000 tsr_diff=0.000344 integral_mean=0.000116 integral_std=0.001233 log_ratio=0.0000 accept=1.0000 swapped=True
i=10 pair=(1,0) lam_t=1.00000 lam_s=1.04500 tsr_diff=0.032198 integral_mean=-0.000957 integral_std=0.065327 log_ratio=-2.2973 accept=0.1005 swapped=False
i=10 pair=(2,3) lam_t=1.04950 lam_s=1.05000 tsr_diff=0.000344 integral_mean=-0.000020 integral_std=0.001007 log_ratio=-0.0472 accept=0.9539 swapped=True
i=11 pair=(0,3) lam_t=1.04500 lam_s=1.04950 tsr_diff=0.003437 integral_mean=-0.001205 integral_std=0.010291 log_ratio=-2.8921 accept=0.0555 swapped=False
i=11 pair=(0,3) lam_t=1.04500 lam_s=1.04950 tsr_diff=0.003437 integral_mean=-0.000877 integral_std=0.008845 log_ratio=-2.1058 accept=0.1218 swapped=False
i=12 pair=(1,0) lam_t=1.00000 lam_s=1.04500 tsr_diff=0.038747 integral_mean=0.001494 integral_std=0.076390 log_ratio=0.0000 accept=1.0000 swapped=True
i=12 pair=(3,2) lam_t=1.04950 lam_s=1.05000 tsr_diff=0.000410 integral_mean=0.000328 integral_std=0.004334 log_ratio=0.0000 accept=1.0000 swapped=True
i=12 pair=(0,1) lam_t=1.00000 lam_s=1.04500 tsr_diff=0.038747 integral_mean=0.001454 integral_std=0.074607 log_ratio=0.0000 accept=1.0000 swapped=True
i=12 pair=(2,3) lam_t=1.04950 lam_s=1.05000 tsr_diff=0.000410 integral_mean=-0.000334 integral_std=0.002766 log_ratio=-0.8010 accept=0.4489 swapped=True
i=13 pair=(0,3) lam_t=1.04500 lam_s=1.04950 tsr_diff=0.003916 integral_mean=-0.004982 integral_std=0.023782 log_ratio=-11.9557 accept=0.0000 swapped=False
i=13 pair=(0,3) lam_t=1.04500 lam_s=1.04950 tsr_diff=0.003916 integral_mean=-0.004102 integral_std=0.022204 log_ratio=-9.8458 accept=0.0001 swapped=False
i=14 pair=(1,0) lam_t=1.00000 lam_s=1.04500 tsr_diff=0.042457 integral_mean=0.001333 integral_std=0.093094 log_ratio=0.0000 accept=1.0000 swapped=True
i=14 pair=(3,2) lam_t=1.04950 lam_s=1.05000 tsr_diff=0.000448 integral_mean=0.000021 integral_std=0.009446 log_ratio=0.0000 accept=1.0000 swapped=True
i=14 pair=(0,1) lam_t=1.00000 lam_s=1.04500 tsr_diff=0.042457 integral_mean=0.001175 integral_std=0.092534 log_ratio=0.0000 accept=1.0000 swapped=True
i=14 pair=(2,3) lam_t=1.04950 lam_s=1.05000 tsr_diff=0.000448 integral_mean=0.000046 integral_std=0.006461 log_ratio=0.0000 accept=1.0000 swapped=True
Best Sample: 0 log probability -0.100
Saved 1 samples to: logs/pointmaze-giant-navigate-v0/inference/plans/release_H400_T256_LimitsNormalizer_b1_condFalse/2026-07-17 16:47:49/17/0.png
Saved 1 samples to: logs/pointmaze-giant-navigate-v0/inference/plans/release_H400_T256_LimitsNormalizer_b1_condFalse/2026-07-17 16:47:49/17/rollout.png
i=0 pair=(0,1) lam_t=1.00000 lam_s=1.04500 tsr_diff=0.000000 integral_mean=0.000000 integral_std=0.000000 log_ratio=0.0000 accept=1.0000 swapped=True
i=0 pair=(2,3) lam_t=1.04950 lam_s=1.05000 tsr_diff=0.000000 integral_mean=0.000000 integral_std=0.000000 log_ratio=0.0000 accept=1.0000 swapped=True
i=0 pair=(1,0) lam_t=1.00000 lam_s=1.04500 tsr_diff=0.000000 integral_mean=0.000000 integral_std=0.000000 log_ratio=0.0000 accept=1.0000 swapped=True
i=0 pair=(3,2) lam_t=1.04950 lam_s=1.05000 tsr_diff=0.000000 integral_mean=0.000000 integral_std=0.000000 log_ratio=0.0000 accept=1.0000 swapped=True
i=1 pair=(1,2) lam_t=1.04500 lam_s=1.04950 tsr_diff=0.000048 integral_mean=0.000001 integral_std=0.000094 log_ratio=0.0000 accept=1.0000 swapped=True
i=1 pair=(2,1) lam_t=1.04500 lam_s=1.04950 tsr_diff=0.000048 integral_mean=-0.000003 integral_std=0.000096 log_ratio=-0.0066 accept=0.9935 swapped=True
i=2 pair=(0,1) lam_t=1.00000 lam_s=1.04500 tsr_diff=0.001897 integral_mean=0.000118 integral_std=0.003701 log_ratio=0.0000 accept=1.0000 swapped=True
i=2 pair=(2,3) lam_t=1.04950 lam_s=1.05000 tsr_diff=0.000021 integral_mean=0.000000 integral_std=0.000041 log_ratio=0.0000 accept=1.0000 swapped=True
i=2 pair=(1,0) lam_t=1.00000 lam_s=1.04500 tsr_diff=0.001897 integral_mean=-0.000142 integral_std=0.003774 log_ratio=-0.3411 accept=0.7110 swapped=True
i=2 pair=(3,2) lam_t=1.04950 lam_s=1.05000 tsr_diff=0.000021 integral_mean=0.000001 integral_std=0.000041 log_ratio=0.0000 accept=1.0000 swapped=True
i=3 pair=(1,2) lam_t=1.04500 lam_s=1.04950 tsr_diff=0.000416 integral_mean=0.000006 integral_std=0.000818 log_ratio=0.0000 accept=1.0000 swapped=True
i=3 pair=(2,1) lam_t=1.04500 lam_s=1.04950 tsr_diff=0.000416 integral_mean=0.000018 integral_std=0.000847 log_ratio=0.0000 accept=1.0000 swapped=True
i=4 pair=(0,1) lam_t=1.00000 lam_s=1.04500 tsr_diff=0.007228 integral_mean=0.000297 integral_std=0.015477 log_ratio=0.0000 accept=1.0000 swapped=True
i=4 pair=(2,3) lam_t=1.04950 lam_s=1.05000 tsr_diff=0.000080 integral_mean=-0.000005 integral_std=0.000173 log_ratio=-0.0114 accept=0.9886 swapped=True
i=4 pair=(1,0) lam_t=1.00000 lam_s=1.04500 tsr_diff=0.007228 integral_mean=0.000039 integral_std=0.014668 log_ratio=0.0000 accept=1.0000 swapped=True
i=4 pair=(3,2) lam_t=1.04950 lam_s=1.05000 tsr_diff=0.000080 integral_mean=0.000000 integral_std=0.000167 log_ratio=0.0000 accept=1.0000 swapped=True
i=5 pair=(1,2) lam_t=1.04500 lam_s=1.04950 tsr_diff=0.001076 integral_mean=-0.000025 integral_std=0.002251 log_ratio=-0.0593 accept=0.9425 swapped=True
i=5 pair=(2,1) lam_t=1.04500 lam_s=1.04950 tsr_diff=0.001076 integral_mean=-0.000006 integral_std=0.002220 log_ratio=-0.0136 accept=0.9865 swapped=True
i=6 pair=(0,1) lam_t=1.00000 lam_s=1.04500 tsr_diff=0.015004 integral_mean=-0.001080 integral_std=0.032539 log_ratio=-2.5926 accept=0.0748 swapped=False
i=6 pair=(2,3) lam_t=1.04950 lam_s=1.05000 tsr_diff=0.000164 integral_mean=-0.000003 integral_std=0.000356 log_ratio=-0.0067 accept=0.9933 swapped=True
i=6 pair=(0,1) lam_t=1.00000 lam_s=1.04500 tsr_diff=0.015004 integral_mean=-0.000339 integral_std=0.032301 log_ratio=-0.8136 accept=0.4432 swapped=True
i=6 pair=(3,2) lam_t=1.04950 lam_s=1.05000 tsr_diff=0.000164 integral_mean=0.000001 integral_std=0.000354 log_ratio=0.0000 accept=1.0000 swapped=True
i=7 pair=(0,2) lam_t=1.04500 lam_s=1.04950 tsr_diff=0.001897 integral_mean=0.000107 integral_std=0.004227 log_ratio=0.0000 accept=1.0000 swapped=True
i=7 pair=(2,0) lam_t=1.04500 lam_s=1.04950 tsr_diff=0.001897 integral_mean=-0.000009 integral_std=0.004079 log_ratio=-0.0227 accept=0.9775 swapped=True
i=8 pair=(1,0) lam_t=1.00000 lam_s=1.04500 tsr_diff=0.023831 integral_mean=0.000644 integral_std=0.055145 log_ratio=0.0000 accept=1.0000 swapped=True
i=8 pair=(2,3) lam_t=1.04950 lam_s=1.05000 tsr_diff=0.000257 integral_mean=-0.000006 integral_std=0.000590 log_ratio=-0.0142 accept=0.9859 swapped=True
i=8 pair=(0,1) lam_t=1.00000 lam_s=1.04500 tsr_diff=0.023831 integral_mean=-0.000687 integral_std=0.052801 log_ratio=-1.6489 accept=0.1923 swapped=False
i=8 pair=(3,2) lam_t=1.04950 lam_s=1.05000 tsr_diff=0.000257 integral_mean=0.000016 integral_std=0.000587 log_ratio=0.0000 accept=1.0000 swapped=True
i=9 pair=(1,2) lam_t=1.04500 lam_s=1.04950 tsr_diff=0.002729 integral_mean=0.000565 integral_std=0.006706 log_ratio=0.0000 accept=1.0000 swapped=True
i=9 pair=(2,1) lam_t=1.04500 lam_s=1.04950 tsr_diff=0.002729 integral_mean=-0.000521 integral_std=0.006481 log_ratio=-1.2501 accept=0.2865 swapped=True
i=10 pair=(0,1) lam_t=1.00000 lam_s=1.04500 tsr_diff=0.032198 integral_mean=-0.003169 integral_std=0.091817 log_ratio=-7.6065 accept=0.0005 swapped=False
i=10 pair=(2,3) lam_t=1.04950 lam_s=1.05000 tsr_diff=0.000344 integral_mean=-0.000029 integral_std=0.000856 log_ratio=-0.0699 accept=0.9325 swapped=True
i=10 pair=(0,1) lam_t=1.00000 lam_s=1.04500 tsr_diff=0.032198 integral_mean=-0.004933 integral_std=0.081453 log_ratio=-11.8386 accept=0.0000 swapped=False
i=10 pair=(3,2) lam_t=1.04950 lam_s=1.05000 tsr_diff=0.000344 integral_mean=0.000038 integral_std=0.000890 log_ratio=0.0000 accept=1.0000 swapped=True
i=11 pair=(1,2) lam_t=1.04500 lam_s=1.04950 tsr_diff=0.003437 integral_mean=0.000970 integral_std=0.009706 log_ratio=0.0000 accept=1.0000 swapped=True
i=11 pair=(2,1) lam_t=1.04500 lam_s=1.04950 tsr_diff=0.003437 integral_mean=-0.000440 integral_std=0.009474 log_ratio=-1.0562 accept=0.3478 swapped=False
i=12 pair=(0,2) lam_t=1.00000 lam_s=1.04500 tsr_diff=0.038747 integral_mean=0.006929 integral_std=0.152210 log_ratio=0.0000 accept=1.0000 swapped=True
i=12 pair=(1,3) lam_t=1.04950 lam_s=1.05000 tsr_diff=0.000410 integral_mean=0.000085 integral_std=0.001271 log_ratio=0.0000 accept=1.0000 swapped=True
i=12 pair=(2,0) lam_t=1.00000 lam_s=1.04500 tsr_diff=0.038747 integral_mean=-0.008353 integral_std=0.130177 log_ratio=-20.0472 accept=0.0000 swapped=False
i=12 pair=(3,1) lam_t=1.04950 lam_s=1.05000 tsr_diff=0.000410 integral_mean=-0.000032 integral_std=0.001143 log_ratio=-0.0774 accept=0.9255 swapped=True
i=13 pair=(0,1) lam_t=1.04500 lam_s=1.04950 tsr_diff=0.003916 integral_mean=0.005309 integral_std=0.033429 log_ratio=0.0000 accept=1.0000 swapped=True
i=13 pair=(1,0) lam_t=1.04500 lam_s=1.04950 tsr_diff=0.003916 integral_mean=-0.002155 integral_std=0.019668 log_ratio=-5.1721 accept=0.0057 swapped=False
i=14 pair=(2,1) lam_t=1.00000 lam_s=1.04500 tsr_diff=0.042457 integral_mean=-0.011514 integral_std=0.363389 log_ratio=-27.6346 accept=0.0000 swapped=False
i=14 pair=(0,3) lam_t=1.04950 lam_s=1.05000 tsr_diff=0.000448 integral_mean=0.000765 integral_std=0.007709 log_ratio=0.0000 accept=1.0000 swapped=True
i=14 pair=(2,1) lam_t=1.00000 lam_s=1.04500 tsr_diff=0.042457 integral_mean=-0.002098 integral_std=0.343334 log_ratio=-5.0355 accept=0.0065 swapped=False
i=14 pair=(3,0) lam_t=1.04950 lam_s=1.05000 tsr_diff=0.000448 integral_mean=-0.001791 integral_std=0.011967 log_ratio=-4.2983 accept=0.0136 swapped=False
Best Sample: 3 log probability -2.006
Saved 1 samples to: logs/pointmaze-giant-navigate-v0/inference/plans/release_H400_T256_LimitsNormalizer_b1_condFalse/2026-07-17 16:47:49/18/0.png
Saved 1 samples to: logs/pointmaze-giant-navigate-v0/inference/plans/release_H400_T256_LimitsNormalizer_b1_condFalse/2026-07-17 16:47:49/18/rollout.png
i=0 pair=(0,1) lam_t=1.00000 lam_s=1.04500 tsr_diff=0.000000 integral_mean=0.000000 integral_std=0.000000 log_ratio=0.0000 accept=1.0000 swapped=True
i=0 pair=(2,3) lam_t=1.04950 lam_s=1.05000 tsr_diff=0.000000 integral_mean=0.000000 integral_std=0.000000 log_ratio=0.0000 accept=1.0000 swapped=True
i=0 pair=(1,0) lam_t=1.00000 lam_s=1.04500 tsr_diff=0.000000 integral_mean=0.000000 integral_std=0.000000 log_ratio=0.0000 accept=1.0000 swapped=True
i=0 pair=(3,2) lam_t=1.04950 lam_s=1.05000 tsr_diff=0.000000 integral_mean=0.000000 integral_std=0.000000 log_ratio=0.0000 accept=1.0000 swapped=True
i=1 pair=(1,2) lam_t=1.04500 lam_s=1.04950 tsr_diff=0.000048 integral_mean=0.000000 integral_std=0.000103 log_ratio=0.0000 accept=1.0000 swapped=True
i=1 pair=(2,1) lam_t=1.04500 lam_s=1.04950 tsr_diff=0.000048 integral_mean=0.000000 integral_std=0.000095 log_ratio=0.0000 accept=1.0000 swapped=True
i=2 pair=(0,1) lam_t=1.00000 lam_s=1.04500 tsr_diff=0.001897 integral_mean=-0.000023 integral_std=0.003697 log_ratio=-0.0563 accept=0.9453 swapped=True
i=2 pair=(2,3) lam_t=1.04950 lam_s=1.05000 tsr_diff=0.000021 integral_mean=-0.000001 integral_std=0.000042 log_ratio=-0.0015 accept=0.9985 swapped=True
i=2 pair=(1,0) lam_t=1.00000 lam_s=1.04500 tsr_diff=0.001897 integral_mean=0.000092 integral_std=0.003836 log_ratio=0.0000 accept=1.0000 swapped=True
i=2 pair=(3,2) lam_t=1.04950 lam_s=1.05000 tsr_diff=0.000021 integral_mean=0.000002 integral_std=0.000043 log_ratio=0.0000 accept=1.0000 swapped=True
i=3 pair=(1,2) lam_t=1.04500 lam_s=1.04950 tsr_diff=0.000416 integral_mean=-0.000031 integral_std=0.000986 log_ratio=-0.0732 accept=0.9294 swapped=True
i=3 pair=(2,1) lam_t=1.04500 lam_s=1.04950 tsr_diff=0.000416 integral_mean=0.000016 integral_std=0.000911 log_ratio=0.0000 accept=1.0000 swapped=True
i=4 pair=(0,1) lam_t=1.00000 lam_s=1.04500 tsr_diff=0.007228 integral_mean=0.000037 integral_std=0.015658 log_ratio=0.0000 accept=1.0000 swapped=True
i=4 pair=(2,3) lam_t=1.04950 lam_s=1.05000 tsr_diff=0.000080 integral_mean=0.000001 integral_std=0.000177 log_ratio=0.0000 accept=1.0000 swapped=True
i=4 pair=(1,0) lam_t=1.00000 lam_s=1.04500 tsr_diff=0.007228 integral_mean=0.000344 integral_std=0.015388 log_ratio=0.0000 accept=1.0000 swapped=True
i=4 pair=(3,2) lam_t=1.04950 lam_s=1.05000 tsr_diff=0.000080 integral_mean=-0.000001 integral_std=0.000170 log_ratio=-0.0026 accept=0.9974 swapped=True
i=5 pair=(1,2) lam_t=1.04500 lam_s=1.04950 tsr_diff=0.001076 integral_mean=-0.000038 integral_std=0.002359 log_ratio=-0.0908 accept=0.9132 swapped=True
i=5 pair=(2,1) lam_t=1.04500 lam_s=1.04950 tsr_diff=0.001076 integral_mean=0.000096 integral_std=0.002211 log_ratio=0.0000 accept=1.0000 swapped=True
i=6 pair=(0,1) lam_t=1.00000 lam_s=1.04500 tsr_diff=0.015004 integral_mean=0.000708 integral_std=0.030780 log_ratio=0.0000 accept=1.0000 swapped=True
i=6 pair=(2,3) lam_t=1.04950 lam_s=1.05000 tsr_diff=0.000164 integral_mean=0.000022 integral_std=0.000392 log_ratio=0.0000 accept=1.0000 swapped=True
i=6 pair=(1,0) lam_t=1.00000 lam_s=1.04500 tsr_diff=0.015004 integral_mean=-0.000952 integral_std=0.030777 log_ratio=-2.2844 accept=0.1018 swapped=False
i=6 pair=(3,2) lam_t=1.04950 lam_s=1.05000 tsr_diff=0.000164 integral_mean=-0.000025 integral_std=0.000380 log_ratio=-0.0606 accept=0.9412 swapped=True
i=7 pair=(0,2) lam_t=1.04500 lam_s=1.04950 tsr_diff=0.001897 integral_mean=-0.000239 integral_std=0.004487 log_ratio=-0.5728 accept=0.5640 swapped=False
i=7 pair=(0,2) lam_t=1.04500 lam_s=1.04950 tsr_diff=0.001897 integral_mean=-0.000177 integral_std=0.004563 log_ratio=-0.4247 accept=0.6539 swapped=True
i=8 pair=(1,2) lam_t=1.00000 lam_s=1.04500 tsr_diff=0.023831 integral_mean=-0.004002 integral_std=0.055562 log_ratio=-9.6037 accept=0.0001 swapped=False
i=8 pair=(0,3) lam_t=1.04950 lam_s=1.05000 tsr_diff=0.000257 integral_mean=-0.000045 integral_std=0.000621 log_ratio=-0.1074 accept=0.8982 swapped=False
i=8 pair=(1,2) lam_t=1.00000 lam_s=1.04500 tsr_diff=0.023831 integral_mean=-0.002793 integral_std=0.052862 log_ratio=-6.7044 accept=0.0012 swapped=False
i=8 pair=(0,3) lam_t=1.04950 lam_s=1.05000 tsr_diff=0.000257 integral_mean=-0.000045 integral_std=0.000601 log_ratio=-0.1070 accept=0.8985 swapped=True
i=9 pair=(2,3) lam_t=1.04500 lam_s=1.04950 tsr_diff=0.002729 integral_mean=-0.000292 integral_std=0.007433 log_ratio=-0.6999 accept=0.4966 swapped=False
i=9 pair=(2,3) lam_t=1.04500 lam_s=1.04950 tsr_diff=0.002729 integral_mean=-0.000273 integral_std=0.006648 log_ratio=-0.6562 accept=0.5188 swapped=False
i=10 pair=(1,2) lam_t=1.00000 lam_s=1.04500 tsr_diff=0.032198 integral_mean=-0.000381 integral_std=0.078239 log_ratio=-0.9144 accept=0.4008 swapped=False
i=10 pair=(3,0) lam_t=1.04950 lam_s=1.05000 tsr_diff=0.000344 integral_mean=-0.000010 integral_std=0.000829 log_ratio=-0.0233 accept=0.9770 swapped=True
i=10 pair=(1,2) lam_t=1.00000 lam_s=1.04500 tsr_diff=0.032198 integral_mean=-0.000114 integral_std=0.075560 log_ratio=-0.2728 accept=0.7612 swapped=True
i=10 pair=(0,3) lam_t=1.04950 lam_s=1.05000 tsr_diff=0.000344 integral_mean=-0.000000 integral_std=0.000832 log_ratio=-0.0007 accept=0.9993 swapped=True
i=11 pair=(1,3) lam_t=1.04500 lam_s=1.04950 tsr_diff=0.003437 integral_mean=-0.000226 integral_std=0.008199 log_ratio=-0.5418 accept=0.5817 swapped=False
i=11 pair=(1,3) lam_t=1.04500 lam_s=1.04950 tsr_diff=0.003437 integral_mean=-0.000172 integral_std=0.007696 log_ratio=-0.4127 accept=0.6619 swapped=True
i=12 pair=(2,3) lam_t=1.00000 lam_s=1.04500 tsr_diff=0.038747 integral_mean=-0.001843 integral_std=0.135975 log_ratio=-4.4243 accept=0.0120 swapped=False
i=12 pair=(1,0) lam_t=1.04950 lam_s=1.05000 tsr_diff=0.000410 integral_mean=-0.000093 integral_std=0.001483 log_ratio=-0.2240 accept=0.7993 swapped=True
i=12 pair=(2,3) lam_t=1.00000 lam_s=1.04500 tsr_diff=0.038747 integral_mean=-0.006525 integral_std=0.137414 log_ratio=-15.6605 accept=0.0000 swapped=False
i=12 pair=(0,1) lam_t=1.04950 lam_s=1.05000 tsr_diff=0.000410 integral_mean=0.000036 integral_std=0.001275 log_ratio=0.0000 accept=1.0000 swapped=True
i=13 pair=(3,1) lam_t=1.04500 lam_s=1.04950 tsr_diff=0.003916 integral_mean=0.000019 integral_std=0.011787 log_ratio=0.0000 accept=1.0000 swapped=True
i=13 pair=(1,3) lam_t=1.04500 lam_s=1.04950 tsr_diff=0.003916 integral_mean=-0.000534 integral_std=0.013668 log_ratio=-1.2820 accept=0.2775 swapped=True
i=14 pair=(2,3) lam_t=1.00000 lam_s=1.04500 tsr_diff=0.042457 integral_mean=0.007122 integral_std=0.317013 log_ratio=0.0000 accept=1.0000 swapped=True
i=14 pair=(1,0) lam_t=1.04950 lam_s=1.05000 tsr_diff=0.000448 integral_mean=-0.000607 integral_std=0.006223 log_ratio=-1.4561 accept=0.2331 swapped=False
i=14 pair=(3,2) lam_t=1.00000 lam_s=1.04500 tsr_diff=0.042457 integral_mean=0.005247 integral_std=0.322001 log_ratio=0.0000 accept=1.0000 swapped=True
i=14 pair=(1,0) lam_t=1.04950 lam_s=1.05000 tsr_diff=0.000448 integral_mean=-0.000273 integral_std=0.004773 log_ratio=-0.6547 accept=0.5196 swapped=False
Best Sample: 3 log probability -3.549
Saved 1 samples to: logs/pointmaze-giant-navigate-v0/inference/plans/release_H400_T256_LimitsNormalizer_b1_condFalse/2026-07-17 16:47:49/19/0.png
Saved 1 samples to: logs/pointmaze-giant-navigate-v0/inference/plans/release_H400_T256_LimitsNormalizer_b1_condFalse/2026-07-17 16:47:49/19/rollout.png
i=0 pair=(0,1) lam_t=1.00000 lam_s=1.04500 tsr_diff=0.000000 integral_mean=0.000000 integral_std=0.000000 log_ratio=0.0000 accept=1.0000 swapped=True
i=0 pair=(2,3) lam_t=1.04950 lam_s=1.05000 tsr_diff=0.000000 integral_mean=0.000000 integral_std=0.000000 log_ratio=0.0000 accept=1.0000 swapped=True
i=0 pair=(1,0) lam_t=1.00000 lam_s=1.04500 tsr_diff=0.000000 integral_mean=0.000000 integral_std=0.000000 log_ratio=0.0000 accept=1.0000 swapped=True
i=0 pair=(3,2) lam_t=1.04950 lam_s=1.05000 tsr_diff=0.000000 integral_mean=0.000000 integral_std=0.000000 log_ratio=0.0000 accept=1.0000 swapped=True
i=1 pair=(1,2) lam_t=1.04500 lam_s=1.04950 tsr_diff=0.000048 integral_mean=0.000005 integral_std=0.000095 log_ratio=0.0000 accept=1.0000 swapped=True
i=1 pair=(2,1) lam_t=1.04500 lam_s=1.04950 tsr_diff=0.000048 integral_mean=-0.000002 integral_std=0.000096 log_ratio=-0.0046 accept=0.9954 swapped=True
i=2 pair=(0,1) lam_t=1.00000 lam_s=1.04500 tsr_diff=0.001897 integral_mean=-0.000166 integral_std=0.003820 log_ratio=-0.3992 accept=0.6709 swapped=True
i=2 pair=(2,3) lam_t=1.04950 lam_s=1.05000 tsr_diff=0.000021 integral_mean=-0.000001 integral_std=0.000042 log_ratio=-0.0025 accept=0.9975 swapped=True
i=2 pair=(1,0) lam_t=1.00000 lam_s=1.04500 tsr_diff=0.001897 integral_mean=0.000041 integral_std=0.003913 log_ratio=0.0000 accept=1.0000 swapped=True
i=2 pair=(3,2) lam_t=1.04950 lam_s=1.05000 tsr_diff=0.000021 integral_mean=-0.000000 integral_std=0.000041 log_ratio=-0.0009 accept=0.9991 swapped=True
i=3 pair=(1,2) lam_t=1.04500 lam_s=1.04950 tsr_diff=0.000416 integral_mean=-0.000033 integral_std=0.000863 log_ratio=-0.0782 accept=0.9248 swapped=True
i=3 pair=(2,1) lam_t=1.04500 lam_s=1.04950 tsr_diff=0.000416 integral_mean=0.000004 integral_std=0.000856 log_ratio=0.0000 accept=1.0000 swapped=True
i=4 pair=(0,1) lam_t=1.00000 lam_s=1.04500 tsr_diff=0.007228 integral_mean=-0.000218 integral_std=0.015066 log_ratio=-0.5221 accept=0.5933 swapped=False
i=4 pair=(2,3) lam_t=1.04950 lam_s=1.05000 tsr_diff=0.000080 integral_mean=0.000002 integral_std=0.000172 log_ratio=0.0000 accept=1.0000 swapped=True
i=4 pair=(0,1) lam_t=1.00000 lam_s=1.04500 tsr_diff=0.007228 integral_mean=0.002277 integral_std=0.018442 log_ratio=0.0000 accept=1.0000 swapped=True
i=4 pair=(3,2) lam_t=1.04950 lam_s=1.05000 tsr_diff=0.000080 integral_mean=0.000008 integral_std=0.000170 log_ratio=0.0000 accept=1.0000 swapped=True
i=5 pair=(0,2) lam_t=1.04500 lam_s=1.04950 tsr_diff=0.001076 integral_mean=0.000445 integral_std=0.003107 log_ratio=0.0000 accept=1.0000 swapped=True
i=5 pair=(2,0) lam_t=1.04500 lam_s=1.04950 tsr_diff=0.001076 integral_mean=-0.000176 integral_std=0.002427 log_ratio=-0.4223 accept=0.6555 swapped=True
i=6 pair=(1,0) lam_t=1.00000 lam_s=1.04500 tsr_diff=0.015004 integral_mean=-0.001573 integral_std=0.036921 log_ratio=-3.7758 accept=0.0229 swapped=False
i=6 pair=(2,3) lam_t=1.04950 lam_s=1.05000 tsr_diff=0.000164 integral_mean=-0.000024 integral_std=0.000350 log_ratio=-0.0577 accept=0.9439 swapped=True
i=6 pair=(1,0) lam_t=1.00000 lam_s=1.04500 tsr_diff=0.015004 integral_mean=-0.000908 integral_std=0.034739 log_ratio=-2.1786 accept=0.1132 swapped=False
i=6 pair=(3,2) lam_t=1.04950 lam_s=1.05000 tsr_diff=0.000164 integral_mean=0.000011 integral_std=0.000359 log_ratio=0.0000 accept=1.0000 swapped=True
i=7 pair=(0,2) lam_t=1.04500 lam_s=1.04950 tsr_diff=0.001897 integral_mean=0.000061 integral_std=0.004049 log_ratio=0.0000 accept=1.0000 swapped=True
i=7 pair=(2,0) lam_t=1.04500 lam_s=1.04950 tsr_diff=0.001897 integral_mean=0.000047 integral_std=0.003933 log_ratio=0.0000 accept=1.0000 swapped=True
i=8 pair=(1,0) lam_t=1.00000 lam_s=1.04500 tsr_diff=0.023831 integral_mean=0.001984 integral_std=0.059381 log_ratio=0.0000 accept=1.0000 swapped=True
i=8 pair=(2,3) lam_t=1.04950 lam_s=1.05000 tsr_diff=0.000257 integral_mean=-0.000023 integral_std=0.000571 log_ratio=-0.0548 accept=0.9467 swapped=True
i=8 pair=(0,1) lam_t=1.00000 lam_s=1.04500 tsr_diff=0.023831 integral_mean=-0.002905 integral_std=0.063770 log_ratio=-6.9716 accept=0.0009 swapped=False
i=8 pair=(3,2) lam_t=1.04950 lam_s=1.05000 tsr_diff=0.000257 integral_mean=-0.000008 integral_std=0.000539 log_ratio=-0.0201 accept=0.9801 swapped=True
i=9 pair=(1,2) lam_t=1.04500 lam_s=1.04950 tsr_diff=0.002729 integral_mean=0.001150 integral_std=0.009314 log_ratio=0.0000 accept=1.0000 swapped=True
i=9 pair=(2,1) lam_t=1.04500 lam_s=1.04950 tsr_diff=0.002729 integral_mean=-0.000966 integral_std=0.008333 log_ratio=-2.3184 accept=0.0984 swapped=True
i=10 pair=(0,1) lam_t=1.00000 lam_s=1.04500 tsr_diff=0.032198 integral_mean=-0.010376 integral_std=0.104673 log_ratio=-24.9013 accept=0.0000 swapped=False
i=10 pair=(2,3) lam_t=1.04950 lam_s=1.05000 tsr_diff=0.000344 integral_mean=0.000000 integral_std=0.000790 log_ratio=0.0000 accept=1.0000 swapped=True
i=10 pair=(0,1) lam_t=1.00000 lam_s=1.04500 tsr_diff=0.032198 integral_mean=-0.004386 integral_std=0.103450 log_ratio=-10.5256 accept=0.0000 swapped=False
i=10 pair=(3,2) lam_t=1.04950 lam_s=1.05000 tsr_diff=0.000344 integral_mean=-0.000027 integral_std=0.000797 log_ratio=-0.0649 accept=0.9372 swapped=True
i=11 pair=(1,2) lam_t=1.04500 lam_s=1.04950 tsr_diff=0.003437 integral_mean=0.001199 integral_std=0.012404 log_ratio=0.0000 accept=1.0000 swapped=True
i=11 pair=(2,1) lam_t=1.04500 lam_s=1.04950 tsr_diff=0.003437 integral_mean=-0.000911 integral_std=0.011035 log_ratio=-2.1858 accept=0.1124 swapped=True
i=12 pair=(0,1) lam_t=1.00000 lam_s=1.04500 tsr_diff=0.038747 integral_mean=-0.022918 integral_std=0.234635 log_ratio=-55.0036 accept=0.0000 swapped=False
i=12 pair=(2,3) lam_t=1.04950 lam_s=1.05000 tsr_diff=0.000410 integral_mean=0.000044 integral_std=0.001098 log_ratio=0.0000 accept=1.0000 swapped=True
i=12 pair=(0,1) lam_t=1.00000 lam_s=1.04500 tsr_diff=0.038747 integral_mean=-0.031147 integral_std=0.244636 log_ratio=-74.7526 accept=0.0000 swapped=False
i=12 pair=(3,2) lam_t=1.04950 lam_s=1.05000 tsr_diff=0.000410 integral_mean=-0.000007 integral_std=0.001120 log_ratio=-0.0173 accept=0.9829 swapped=True
i=13 pair=(1,2) lam_t=1.04500 lam_s=1.04950 tsr_diff=0.003916 integral_mean=0.004705 integral_std=0.035326 log_ratio=0.0000 accept=1.0000 swapped=True
i=13 pair=(2,1) lam_t=1.04500 lam_s=1.04950 tsr_diff=0.003916 integral_mean=-0.003644 integral_std=0.023813 log_ratio=-8.7446 accept=0.0002 swapped=False
i=14 pair=(0,2) lam_t=1.00000 lam_s=1.04500 tsr_diff=0.042457 integral_mean=0.012061 integral_std=0.435488 log_ratio=0.0000 accept=1.0000 swapped=True
i=14 pair=(1,3) lam_t=1.04950 lam_s=1.05000 tsr_diff=0.000448 integral_mean=0.001503 integral_std=0.009797 log_ratio=0.0000 accept=1.0000 swapped=True
i=14 pair=(2,0) lam_t=1.00000 lam_s=1.04500 tsr_diff=0.042457 integral_mean=0.005693 integral_std=0.292314 log_ratio=0.0000 accept=1.0000 swapped=True
i=14 pair=(3,1) lam_t=1.04950 lam_s=1.05000 tsr_diff=0.000448 integral_mean=-0.001282 integral_std=0.012132 log_ratio=-3.0758 accept=0.0462 swapped=False
Best Sample: 3 log probability -1.363
Saved 1 samples to: logs/pointmaze-giant-navigate-v0/inference/plans/release_H400_T256_LimitsNormalizer_b1_condFalse/2026-07-17 16:47:49/20/0.png
Saved 1 samples to: logs/pointmaze-giant-navigate-v0/inference/plans/release_H400_T256_LimitsNormalizer_b1_condFalse/2026-07-17 16:47:49/20/rollout.png
i=0 pair=(0,1) lam_t=1.00000 lam_s=1.04500 tsr_diff=0.000000 integral_mean=0.000000 integral_std=0.000000 log_ratio=0.0000 accept=1.0000 swapped=True
i=0 pair=(2,3) lam_t=1.04950 lam_s=1.05000 tsr_diff=0.000000 integral_mean=0.000000 integral_std=0.000000 log_ratio=0.0000 accept=1.0000 swapped=True
i=0 pair=(1,0) lam_t=1.00000 lam_s=1.04500 tsr_diff=0.000000 integral_mean=0.000000 integral_std=0.000000 log_ratio=0.0000 accept=1.0000 swapped=True
i=0 pair=(3,2) lam_t=1.04950 lam_s=1.05000 tsr_diff=0.000000 integral_mean=0.000000 integral_std=0.000000 log_ratio=0.0000 accept=1.0000 swapped=True
i=1 pair=(1,2) lam_t=1.04500 lam_s=1.04950 tsr_diff=0.000048 integral_mean=-0.000000 integral_std=0.000101 log_ratio=-0.0005 accept=0.9995 swapped=True
i=1 pair=(2,1) lam_t=1.04500 lam_s=1.04950 tsr_diff=0.000048 integral_mean=-0.000001 integral_std=0.000096 log_ratio=-0.0036 accept=0.9965 swapped=True
i=2 pair=(0,1) lam_t=1.00000 lam_s=1.04500 tsr_diff=0.001897 integral_mean=0.000035 integral_std=0.003865 log_ratio=0.0000 accept=1.0000 swapped=True
i=2 pair=(2,3) lam_t=1.04950 lam_s=1.05000 tsr_diff=0.000021 integral_mean=-0.000000 integral_std=0.000043 log_ratio=-0.0008 accept=0.9992 swapped=True
i=2 pair=(1,0) lam_t=1.00000 lam_s=1.04500 tsr_diff=0.001897 integral_mean=0.000209 integral_std=0.003859 log_ratio=0.0000 accept=1.0000 swapped=True
i=2 pair=(3,2) lam_t=1.04950 lam_s=1.05000 tsr_diff=0.000021 integral_mean=0.000000 integral_std=0.000043 log_ratio=0.0000 accept=1.0000 swapped=True
i=3 pair=(1,2) lam_t=1.04500 lam_s=1.04950 tsr_diff=0.000416 integral_mean=-0.000015 integral_std=0.000896 log_ratio=-0.0362 accept=0.9644 swapped=True
i=3 pair=(2,1) lam_t=1.04500 lam_s=1.04950 tsr_diff=0.000416 integral_mean=0.000013 integral_std=0.000876 log_ratio=0.0000 accept=1.0000 swapped=True
i=4 pair=(0,1) lam_t=1.00000 lam_s=1.04500 tsr_diff=0.007228 integral_mean=0.000425 integral_std=0.015822 log_ratio=0.0000 accept=1.0000 swapped=True
i=4 pair=(2,3) lam_t=1.04950 lam_s=1.05000 tsr_diff=0.000080 integral_mean=0.000002 integral_std=0.000175 log_ratio=0.0000 accept=1.0000 swapped=True
i=4 pair=(1,0) lam_t=1.00000 lam_s=1.04500 tsr_diff=0.007228 integral_mean=-0.000011 integral_std=0.015153 log_ratio=-0.0271 accept=0.9733 swapped=True
i=4 pair=(3,2) lam_t=1.04950 lam_s=1.05000 tsr_diff=0.000080 integral_mean=-0.000002 integral_std=0.000168 log_ratio=-0.0060 accept=0.9940 swapped=True
i=5 pair=(1,2) lam_t=1.04500 lam_s=1.04950 tsr_diff=0.001076 integral_mean=0.000017 integral_std=0.002557 log_ratio=0.0000 accept=1.0000 swapped=True
i=5 pair=(2,1) lam_t=1.04500 lam_s=1.04950 tsr_diff=0.001076 integral_mean=-0.000009 integral_std=0.002413 log_ratio=-0.0212 accept=0.9790 swapped=True
i=6 pair=(0,1) lam_t=1.00000 lam_s=1.04500 tsr_diff=0.015004 integral_mean=-0.000747 integral_std=0.031189 log_ratio=-1.7925 accept=0.1665 swapped=True
i=6 pair=(2,3) lam_t=1.04950 lam_s=1.05000 tsr_diff=0.000164 integral_mean=0.000005 integral_std=0.000320 log_ratio=0.0000 accept=1.0000 swapped=True
i=6 pair=(1,0) lam_t=1.00000 lam_s=1.04500 tsr_diff=0.015004 integral_mean=0.001089 integral_std=0.033167 log_ratio=0.0000 accept=1.0000 swapped=True
i=6 pair=(3,2) lam_t=1.04950 lam_s=1.05000 tsr_diff=0.000164 integral_mean=-0.000003 integral_std=0.000321 log_ratio=-0.0083 accept=0.9917 swapped=True
i=7 pair=(1,2) lam_t=1.04500 lam_s=1.04950 tsr_diff=0.001897 integral_mean=0.000295 integral_std=0.004582 log_ratio=0.0000 accept=1.0000 swapped=True
i=7 pair=(2,1) lam_t=1.04500 lam_s=1.04950 tsr_diff=0.001897 integral_mean=-0.000060 integral_std=0.004378 log_ratio=-0.1440 accept=0.8659 swapped=True
i=8 pair=(0,1) lam_t=1.00000 lam_s=1.04500 tsr_diff=0.023831 integral_mean=0.000729 integral_std=0.052720 log_ratio=0.0000 accept=1.0000 swapped=True
i=8 pair=(2,3) lam_t=1.04950 lam_s=1.05000 tsr_diff=0.000257 integral_mean=0.000021 integral_std=0.000558 log_ratio=0.0000 accept=1.0000 swapped=True
i=8 pair=(1,0) lam_t=1.00000 lam_s=1.04500 tsr_diff=0.023831 integral_mean=-0.001179 integral_std=0.051253 log_ratio=-2.8303 accept=0.0590 swapped=False
i=8 pair=(3,2) lam_t=1.04950 lam_s=1.05000 tsr_diff=0.000257 integral_mean=-0.000008 integral_std=0.000566 log_ratio=-0.0189 accept=0.9813 swapped=True
i=9 pair=(0,2) lam_t=1.04500 lam_s=1.04950 tsr_diff=0.002729 integral_mean=-0.000048 integral_std=0.007376 log_ratio=-0.1148 accept=0.8915 swapped=False
i=9 pair=(0,2) lam_t=1.04500 lam_s=1.04950 tsr_diff=0.002729 integral_mean=-0.000008 integral_std=0.007562 log_ratio=-0.0183 accept=0.9819 swapped=True
i=10 pair=(1,2) lam_t=1.00000 lam_s=1.04500 tsr_diff=0.032198 integral_mean=-0.009044 integral_std=0.089537 log_ratio=-21.7063 accept=0.0000 swapped=False
i=10 pair=(0,3) lam_t=1.04950 lam_s=1.05000 tsr_diff=0.000344 integral_mean=0.000022 integral_std=0.000968 log_ratio=0.0000 accept=1.0000 swapped=True
i=10 pair=(1,2) lam_t=1.00000 lam_s=1.04500 tsr_diff=0.032198 integral_mean=-0.004645 integral_std=0.081974 log_ratio=-11.1475 accept=0.0000 swapped=False
i=10 pair=(3,0) lam_t=1.04950 lam_s=1.05000 tsr_diff=0.000344 integral_mean=-0.000023 integral_std=0.001011 log_ratio=-0.0551 accept=0.9464 swapped=True
i=11 pair=(2,0) lam_t=1.04500 lam_s=1.04950 tsr_diff=0.003437 integral_mean=0.000043 integral_std=0.011098 log_ratio=0.0000 accept=1.0000 swapped=True
i=11 pair=(0,2) lam_t=1.04500 lam_s=1.04950 tsr_diff=0.003437 integral_mean=-0.000250 integral_std=0.012098 log_ratio=-0.5996 accept=0.5490 swapped=True
i=12 pair=(1,2) lam_t=1.00000 lam_s=1.04500 tsr_diff=0.038747 integral_mean=-0.020204 integral_std=0.152091 log_ratio=-48.4900 accept=0.0000 swapped=False
i=12 pair=(0,3) lam_t=1.04950 lam_s=1.05000 tsr_diff=0.000410 integral_mean=0.000036 integral_std=0.001715 log_ratio=0.0000 accept=1.0000 swapped=True
i=12 pair=(1,2) lam_t=1.00000 lam_s=1.04500 tsr_diff=0.038747 integral_mean=-0.012501 integral_std=0.137239 log_ratio=-30.0015 accept=0.0000 swapped=False
i=12 pair=(3,0) lam_t=1.04950 lam_s=1.05000 tsr_diff=0.000410 integral_mean=-0.000027 integral_std=0.001688 log_ratio=-0.0649 accept=0.9371 swapped=True
i=13 pair=(2,0) lam_t=1.04500 lam_s=1.04950 tsr_diff=0.003916 integral_mean=0.001438 integral_std=0.028435 log_ratio=0.0000 accept=1.0000 swapped=True
i=13 pair=(0,2) lam_t=1.04500 lam_s=1.04950 tsr_diff=0.003916 integral_mean=-0.006739 integral_std=0.059891 log_ratio=-16.1735 accept=0.0000 swapped=False
i=14 pair=(1,0) lam_t=1.00000 lam_s=1.04500 tsr_diff=0.042457 integral_mean=-0.018421 integral_std=0.221106 log_ratio=-44.2095 accept=0.0000 swapped=False
i=14 pair=(2,3) lam_t=1.04950 lam_s=1.05000 tsr_diff=0.000448 integral_mean=0.000174 integral_std=0.002880 log_ratio=0.0000 accept=1.0000 swapped=True
i=14 pair=(1,0) lam_t=1.00000 lam_s=1.04500 tsr_diff=0.042457 integral_mean=-0.012346 integral_std=0.230086 log_ratio=-29.6316 accept=0.0000 swapped=False
i=14 pair=(3,2) lam_t=1.04950 lam_s=1.05000 tsr_diff=0.000448 integral_mean=-0.000120 integral_std=0.001305 log_ratio=-0.2875 accept=0.7502 swapped=True
Best Sample: 2 log probability -0.282
Saved 1 samples to: logs/pointmaze-giant-navigate-v0/inference/plans/release_H400_T256_LimitsNormalizer_b1_condFalse/2026-07-17 16:47:49/21/0.png
Saved 1 samples to: logs/pointmaze-giant-navigate-v0/inference/plans/release_H400_T256_LimitsNormalizer_b1_condFalse/2026-07-17 16:47:49/21/rollout.png
i=0 pair=(0,1) lam_t=1.00000 lam_s=1.04500 tsr_diff=0.000000 integral_mean=0.000000 integral_std=0.000000 log_ratio=0.0000 accept=1.0000 swapped=True
i=0 pair=(2,3) lam_t=1.04950 lam_s=1.05000 tsr_diff=0.000000 integral_mean=0.000000 integral_std=0.000000 log_ratio=0.0000 accept=1.0000 swapped=True
i=0 pair=(1,0) lam_t=1.00000 lam_s=1.04500 tsr_diff=0.000000 integral_mean=0.000000 integral_std=0.000000 log_ratio=0.0000 accept=1.0000 swapped=True
i=0 pair=(3,2) lam_t=1.04950 lam_s=1.05000 tsr_diff=0.000000 integral_mean=0.000000 integral_std=0.000000 log_ratio=0.0000 accept=1.0000 swapped=True
i=1 pair=(1,2) lam_t=1.04500 lam_s=1.04950 tsr_diff=0.000048 integral_mean=0.000000 integral_std=0.000094 log_ratio=0.0000 accept=1.0000 swapped=True
i=1 pair=(2,1) lam_t=1.04500 lam_s=1.04950 tsr_diff=0.000048 integral_mean=0.000003 integral_std=0.000101 log_ratio=0.0000 accept=1.0000 swapped=True
i=2 pair=(0,1) lam_t=1.00000 lam_s=1.04500 tsr_diff=0.001897 integral_mean=0.000004 integral_std=0.004132 log_ratio=0.0000 accept=1.0000 swapped=True
i=2 pair=(2,3) lam_t=1.04950 lam_s=1.05000 tsr_diff=0.000021 integral_mean=0.000001 integral_std=0.000045 log_ratio=0.0000 accept=1.0000 swapped=True
i=2 pair=(1,0) lam_t=1.00000 lam_s=1.04500 tsr_diff=0.001897 integral_mean=-0.000046 integral_std=0.003966 log_ratio=-0.1100 accept=0.8958 swapped=True
i=2 pair=(3,2) lam_t=1.04950 lam_s=1.05000 tsr_diff=0.000021 integral_mean=-0.000001 integral_std=0.000043 log_ratio=-0.0032 accept=0.9968 swapped=True
i=3 pair=(1,2) lam_t=1.04500 lam_s=1.04950 tsr_diff=0.000416 integral_mean=0.000002 integral_std=0.000885 log_ratio=0.0000 accept=1.0000 swapped=True
i=3 pair=(2,1) lam_t=1.04500 lam_s=1.04950 tsr_diff=0.000416 integral_mean=0.000023 integral_std=0.000860 log_ratio=0.0000 accept=1.0000 swapped=True
i=4 pair=(0,1) lam_t=1.00000 lam_s=1.04500 tsr_diff=0.007228 integral_mean=0.000064 integral_std=0.014403 log_ratio=0.0000 accept=1.0000 swapped=True
i=4 pair=(2,3) lam_t=1.04950 lam_s=1.05000 tsr_diff=0.000080 integral_mean=0.000000 integral_std=0.000163 log_ratio=0.0000 accept=1.0000 swapped=True
i=4 pair=(1,0) lam_t=1.00000 lam_s=1.04500 tsr_diff=0.007228 integral_mean=0.000419 integral_std=0.014777 log_ratio=0.0000 accept=1.0000 swapped=True
i=4 pair=(3,2) lam_t=1.04950 lam_s=1.05000 tsr_diff=0.000080 integral_mean=-0.000004 integral_std=0.000163 log_ratio=-0.0094 accept=0.9907 swapped=True
i=5 pair=(1,2) lam_t=1.04500 lam_s=1.04950 tsr_diff=0.001076 integral_mean=-0.000011 integral_std=0.002239 log_ratio=-0.0275 accept=0.9729 swapped=True
i=5 pair=(2,1) lam_t=1.04500 lam_s=1.04950 tsr_diff=0.001076 integral_mean=0.000005 integral_std=0.002272 log_ratio=0.0000 accept=1.0000 swapped=True
i=6 pair=(0,1) lam_t=1.00000 lam_s=1.04500 tsr_diff=0.015004 integral_mean=-0.000020 integral_std=0.033771 log_ratio=-0.0485 accept=0.9526 swapped=True
i=6 pair=(2,3) lam_t=1.04950 lam_s=1.05000 tsr_diff=0.000164 integral_mean=0.000015 integral_std=0.000338 log_ratio=0.0000 accept=1.0000 swapped=True
i=6 pair=(1,0) lam_t=1.00000 lam_s=1.04500 tsr_diff=0.015004 integral_mean=0.000425 integral_std=0.032992 log_ratio=0.0000 accept=1.0000 swapped=True
i=6 pair=(3,2) lam_t=1.04950 lam_s=1.05000 tsr_diff=0.000164 integral_mean=-0.000026 integral_std=0.000343 log_ratio=-0.0622 accept=0.9397 swapped=True
i=7 pair=(1,2) lam_t=1.04500 lam_s=1.04950 tsr_diff=0.001897 integral_mean=0.000046 integral_std=0.004402 log_ratio=0.0000 accept=1.0000 swapped=True
i=7 pair=(2,1) lam_t=1.04500 lam_s=1.04950 tsr_diff=0.001897 integral_mean=0.000054 integral_std=0.004263 log_ratio=0.0000 accept=1.0000 swapped=True
i=8 pair=(0,1) lam_t=1.00000 lam_s=1.04500 tsr_diff=0.023831 integral_mean=-0.000518 integral_std=0.053188 log_ratio=-1.2429 accept=0.2885 swapped=True
i=8 pair=(2,3) lam_t=1.04950 lam_s=1.05000 tsr_diff=0.000257 integral_mean=0.000032 integral_std=0.000562 log_ratio=0.0000 accept=1.0000 swapped=True
i=8 pair=(1,0) lam_t=1.00000 lam_s=1.04500 tsr_diff=0.023831 integral_mean=0.000484 integral_std=0.052100 log_ratio=0.0000 accept=1.0000 swapped=True
i=8 pair=(3,2) lam_t=1.04950 lam_s=1.05000 tsr_diff=0.000257 integral_mean=-0.000026 integral_std=0.000538 log_ratio=-0.0628 accept=0.9392 swapped=True
i=9 pair=(1,2) lam_t=1.04500 lam_s=1.04950 tsr_diff=0.002729 integral_mean=0.000076 integral_std=0.006303 log_ratio=0.0000 accept=1.0000 swapped=True
i=9 pair=(2,1) lam_t=1.04500 lam_s=1.04950 tsr_diff=0.002729 integral_mean=0.000001 integral_std=0.006235 log_ratio=0.0000 accept=1.0000 swapped=True
i=10 pair=(0,1) lam_t=1.00000 lam_s=1.04500 tsr_diff=0.032198 integral_mean=-0.002241 integral_std=0.081013 log_ratio=-5.3788 accept=0.0046 swapped=False
i=10 pair=(2,3) lam_t=1.04950 lam_s=1.05000 tsr_diff=0.000344 integral_mean=0.000014 integral_std=0.000721 log_ratio=0.0000 accept=1.0000 swapped=True
i=10 pair=(0,1) lam_t=1.00000 lam_s=1.04500 tsr_diff=0.032198 integral_mean=-0.003807 integral_std=0.078010 log_ratio=-9.1364 accept=0.0001 swapped=False
i=10 pair=(3,2) lam_t=1.04950 lam_s=1.05000 tsr_diff=0.000344 integral_mean=-0.000050 integral_std=0.000766 log_ratio=-0.1189 accept=0.8879 swapped=True
i=11 pair=(1,2) lam_t=1.04500 lam_s=1.04950 tsr_diff=0.003437 integral_mean=0.000044 integral_std=0.010381 log_ratio=0.0000 accept=1.0000 swapped=True
i=11 pair=(2,1) lam_t=1.04500 lam_s=1.04950 tsr_diff=0.003437 integral_mean=-0.000195 integral_std=0.010348 log_ratio=-0.4683 accept=0.6261 swapped=True
i=12 pair=(0,1) lam_t=1.00000 lam_s=1.04500 tsr_diff=0.038747 integral_mean=-0.010527 integral_std=0.135792 log_ratio=-25.2647 accept=0.0000 swapped=False
i=12 pair=(2,3) lam_t=1.04950 lam_s=1.05000 tsr_diff=0.000410 integral_mean=0.000059 integral_std=0.001018 log_ratio=0.0000 accept=1.0000 swapped=True
i=12 pair=(0,1) lam_t=1.00000 lam_s=1.04500 tsr_diff=0.038747 integral_mean=-0.007328 integral_std=0.124482 log_ratio=-17.5862 accept=0.0000 swapped=False
i=12 pair=(3,2) lam_t=1.04950 lam_s=1.05000 tsr_diff=0.000410 integral_mean=-0.000100 integral_std=0.001043 log_ratio=-0.2407 accept=0.7861 swapped=True
i=13 pair=(1,2) lam_t=1.04500 lam_s=1.04950 tsr_diff=0.003916 integral_mean=0.000476 integral_std=0.019705 log_ratio=0.0000 accept=1.0000 swapped=True
i=13 pair=(2,1) lam_t=1.04500 lam_s=1.04950 tsr_diff=0.003916 integral_mean=0.000128 integral_std=0.020149 log_ratio=0.0000 accept=1.0000 swapped=True
i=14 pair=(0,1) lam_t=1.00000 lam_s=1.04500 tsr_diff=0.042457 integral_mean=-0.041963 integral_std=0.456640 log_ratio=-100.7101 accept=0.0000 swapped=False
i=14 pair=(2,3) lam_t=1.04950 lam_s=1.05000 tsr_diff=0.000448 integral_mean=0.000147 integral_std=0.001727 log_ratio=0.0000 accept=1.0000 swapped=True
i=14 pair=(0,1) lam_t=1.00000 lam_s=1.04500 tsr_diff=0.042457 integral_mean=-0.016214 integral_std=0.408163 log_ratio=-38.9126 accept=0.0000 swapped=False
i=14 pair=(3,2) lam_t=1.04950 lam_s=1.05000 tsr_diff=0.000448 integral_mean=-0.000246 integral_std=0.002609 log_ratio=-0.5912 accept=0.5537 swapped=False
Best Sample: 3 log probability -0.692
Saved 1 samples to: logs/pointmaze-giant-navigate-v0/inference/plans/release_H400_T256_LimitsNormalizer_b1_condFalse/2026-07-17 16:47:49/22/0.png
Saved 1 samples to: logs/pointmaze-giant-navigate-v0/inference/plans/release_H400_T256_LimitsNormalizer_b1_condFalse/2026-07-17 16:47:49/22/rollout.png
i=0 pair=(0,1) lam_t=1.00000 lam_s=1.04500 tsr_diff=0.000000 integral_mean=0.000000 integral_std=0.000000 log_ratio=0.0000 accept=1.0000 swapped=True
i=0 pair=(2,3) lam_t=1.04950 lam_s=1.05000 tsr_diff=0.000000 integral_mean=0.000000 integral_std=0.000000 log_ratio=0.0000 accept=1.0000 swapped=True
i=0 pair=(1,0) lam_t=1.00000 lam_s=1.04500 tsr_diff=0.000000 integral_mean=0.000000 integral_std=0.000000 log_ratio=0.0000 accept=1.0000 swapped=True
i=0 pair=(3,2) lam_t=1.04950 lam_s=1.05000 tsr_diff=0.000000 integral_mean=0.000000 integral_std=0.000000 log_ratio=0.0000 accept=1.0000 swapped=True
i=1 pair=(1,2) lam_t=1.04500 lam_s=1.04950 tsr_diff=0.000048 integral_mean=-0.000002 integral_std=0.000092 log_ratio=-0.0044 accept=0.9957 swapped=True
i=1 pair=(2,1) lam_t=1.04500 lam_s=1.04950 tsr_diff=0.000048 integral_mean=0.000001 integral_std=0.000094 log_ratio=0.0000 accept=1.0000 swapped=True
i=2 pair=(0,1) lam_t=1.00000 lam_s=1.04500 tsr_diff=0.001897 integral_mean=-0.000035 integral_std=0.003906 log_ratio=-0.0832 accept=0.9201 swapped=False
i=2 pair=(2,3) lam_t=1.04950 lam_s=1.05000 tsr_diff=0.000021 integral_mean=-0.000001 integral_std=0.000041 log_ratio=-0.0022 accept=0.9978 swapped=True
i=2 pair=(0,1) lam_t=1.00000 lam_s=1.04500 tsr_diff=0.001897 integral_mean=0.000048 integral_std=0.003747 log_ratio=0.0000 accept=1.0000 swapped=True
i=2 pair=(3,2) lam_t=1.04950 lam_s=1.05000 tsr_diff=0.000021 integral_mean=0.000001 integral_std=0.000042 log_ratio=0.0000 accept=1.0000 swapped=True
i=3 pair=(0,2) lam_t=1.04500 lam_s=1.04950 tsr_diff=0.000416 integral_mean=-0.000010 integral_std=0.000901 log_ratio=-0.0240 accept=0.9762 swapped=True
i=3 pair=(2,0) lam_t=1.04500 lam_s=1.04950 tsr_diff=0.000416 integral_mean=-0.000014 integral_std=0.000858 log_ratio=-0.0343 accept=0.9663 swapped=True
i=4 pair=(1,0) lam_t=1.00000 lam_s=1.04500 tsr_diff=0.007228 integral_mean=0.000316 integral_std=0.016131 log_ratio=0.0000 accept=1.0000 swapped=True
i=4 pair=(2,3) lam_t=1.04950 lam_s=1.05000 tsr_diff=0.000080 integral_mean=-0.000003 integral_std=0.000167 log_ratio=-0.0080 accept=0.9920 swapped=True
i=4 pair=(0,1) lam_t=1.00000 lam_s=1.04500 tsr_diff=0.007228 integral_mean=-0.000672 integral_std=0.016366 log_ratio=-1.6137 accept=0.1991 swapped=False
i=4 pair=(3,2) lam_t=1.04950 lam_s=1.05000 tsr_diff=0.000080 integral_mean=0.000002 integral_std=0.000158 log_ratio=0.0000 accept=1.0000 swapped=True
i=5 pair=(1,2) lam_t=1.04500 lam_s=1.04950 tsr_diff=0.001076 integral_mean=0.000041 integral_std=0.002318 log_ratio=0.0000 accept=1.0000 swapped=True
i=5 pair=(2,1) lam_t=1.04500 lam_s=1.04950 tsr_diff=0.001076 integral_mean=-0.000001 integral_std=0.002408 log_ratio=-0.0018 accept=0.9982 swapped=True
i=6 pair=(0,1) lam_t=1.00000 lam_s=1.04500 tsr_diff=0.015004 integral_mean=-0.000651 integral_std=0.034581 log_ratio=-1.5617 accept=0.2098 swapped=False
i=6 pair=(2,3) lam_t=1.04950 lam_s=1.05000 tsr_diff=0.000164 integral_mean=-0.000000 integral_std=0.000356 log_ratio=-0.0007 accept=0.9993 swapped=True
i=6 pair=(0,1) lam_t=1.00000 lam_s=1.04500 tsr_diff=0.015004 integral_mean=-0.001055 integral_std=0.032426 log_ratio=-2.5332 accept=0.0794 swapped=False
i=6 pair=(3,2) lam_t=1.04950 lam_s=1.05000 tsr_diff=0.000164 integral_mean=-0.000008 integral_std=0.000356 log_ratio=-0.0193 accept=0.9809 swapped=True
i=7 pair=(1,2) lam_t=1.04500 lam_s=1.04950 tsr_diff=0.001897 integral_mean=0.000117 integral_std=0.004538 log_ratio=0.0000 accept=1.0000 swapped=True
i=7 pair=(2,1) lam_t=1.04500 lam_s=1.04950 tsr_diff=0.001897 integral_mean=-0.000247 integral_std=0.004509 log_ratio=-0.5935 accept=0.5524 swapped=True
i=8 pair=(0,1) lam_t=1.00000 lam_s=1.04500 tsr_diff=0.023831 integral_mean=-0.005503 integral_std=0.058274 log_ratio=-13.2072 accept=0.0000 swapped=False
i=8 pair=(2,3) lam_t=1.04950 lam_s=1.05000 tsr_diff=0.000257 integral_mean=-0.000001 integral_std=0.000557 log_ratio=-0.0032 accept=0.9968 swapped=True
i=8 pair=(0,1) lam_t=1.00000 lam_s=1.04500 tsr_diff=0.023831 integral_mean=-0.005736 integral_std=0.053265 log_ratio=-13.7670 accept=0.0000 swapped=False
i=8 pair=(3,2) lam_t=1.04950 lam_s=1.05000 tsr_diff=0.000257 integral_mean=-0.000004 integral_std=0.000552 log_ratio=-0.0103 accept=0.9897 swapped=True
i=9 pair=(1,2) lam_t=1.04500 lam_s=1.04950 tsr_diff=0.002729 integral_mean=0.000329 integral_std=0.006865 log_ratio=0.0000 accept=1.0000 swapped=True
i=9 pair=(2,1) lam_t=1.04500 lam_s=1.04950 tsr_diff=0.002729 integral_mean=-0.000287 integral_std=0.007246 log_ratio=-0.6895 accept=0.5018 swapped=True
i=10 pair=(0,1) lam_t=1.00000 lam_s=1.04500 tsr_diff=0.032198 integral_mean=-0.009548 integral_std=0.089759 log_ratio=-22.9160 accept=0.0000 swapped=False
i=10 pair=(2,3) lam_t=1.04950 lam_s=1.05000 tsr_diff=0.000344 integral_mean=0.000014 integral_std=0.000824 log_ratio=0.0000 accept=1.0000 swapped=True
i=10 pair=(0,1) lam_t=1.00000 lam_s=1.04500 tsr_diff=0.032198 integral_mean=-0.005433 integral_std=0.087121 log_ratio=-13.0393 accept=0.0000 swapped=False
i=10 pair=(3,2) lam_t=1.04950 lam_s=1.05000 tsr_diff=0.000344 integral_mean=0.000003 integral_std=0.000785 log_ratio=0.0000 accept=1.0000 swapped=True
i=11 pair=(1,2) lam_t=1.04500 lam_s=1.04950 tsr_diff=0.003437 integral_mean=0.000356 integral_std=0.009529 log_ratio=0.0000 accept=1.0000 swapped=True
i=11 pair=(2,1) lam_t=1.04500 lam_s=1.04950 tsr_diff=0.003437 integral_mean=-0.000370 integral_std=0.009870 log_ratio=-0.8873 accept=0.4118 swapped=False
i=12 pair=(0,2) lam_t=1.00000 lam_s=1.04500 tsr_diff=0.038747 integral_mean=-0.004282 integral_std=0.123961 log_ratio=-10.2763 accept=0.0000 swapped=False
i=12 pair=(1,3) lam_t=1.04950 lam_s=1.05000 tsr_diff=0.000410 integral_mean=0.000051 integral_std=0.001346 log_ratio=0.0000 accept=1.0000 swapped=True
i=12 pair=(0,2) lam_t=1.00000 lam_s=1.04500 tsr_diff=0.038747 integral_mean=-0.004099 integral_std=0.118871 log_ratio=-9.8388 accept=0.0001 swapped=False
i=12 pair=(3,1) lam_t=1.04950 lam_s=1.05000 tsr_diff=0.000410 integral_mean=-0.000101 integral_std=0.001255 log_ratio=-0.2413 accept=0.7856 swapped=False
i=13 pair=(2,3) lam_t=1.04500 lam_s=1.04950 tsr_diff=0.003916 integral_mean=0.000772 integral_std=0.012896 log_ratio=0.0000 accept=1.0000 swapped=True
i=13 pair=(3,2) lam_t=1.04500 lam_s=1.04950 tsr_diff=0.003916 integral_mean=-0.000410 integral_std=0.013130 log_ratio=-0.9851 accept=0.3734 swapped=False
i=14 pair=(0,3) lam_t=1.00000 lam_s=1.04500 tsr_diff=0.042457 integral_mean=0.003674 integral_std=0.248365 log_ratio=0.0000 accept=1.0000 swapped=True
i=14 pair=(2,1) lam_t=1.04950 lam_s=1.05000 tsr_diff=0.000448 integral_mean=-0.000350 integral_std=0.006148 log_ratio=-0.8400 accept=0.4317 swapped=True
i=14 pair=(3,0) lam_t=1.00000 lam_s=1.04500 tsr_diff=0.042457 integral_mean=0.003827 integral_std=0.244164 log_ratio=0.0000 accept=1.0000 swapped=True
i=14 pair=(1,2) lam_t=1.04950 lam_s=1.05000 tsr_diff=0.000448 integral_mean=0.000714 integral_std=0.005019 log_ratio=0.0000 accept=1.0000 swapped=True
Best Sample: 3 log probability 0.000
Saved 1 samples to: logs/pointmaze-giant-navigate-v0/inference/plans/release_H400_T256_LimitsNormalizer_b1_condFalse/2026-07-17 16:47:49/23/0.png
Saved 1 samples to: logs/pointmaze-giant-navigate-v0/inference/plans/release_H400_T256_LimitsNormalizer_b1_condFalse/2026-07-17 16:47:49/23/rollout.png
i=0 pair=(0,1) lam_t=1.00000 lam_s=1.04500 tsr_diff=0.000000 integral_mean=0.000000 integral_std=0.000000 log_ratio=0.0000 accept=1.0000 swapped=True
i=0 pair=(2,3) lam_t=1.04950 lam_s=1.05000 tsr_diff=0.000000 integral_mean=0.000000 integral_std=0.000000 log_ratio=0.0000 accept=1.0000 swapped=True
i=0 pair=(1,0) lam_t=1.00000 lam_s=1.04500 tsr_diff=0.000000 integral_mean=0.000000 integral_std=0.000000 log_ratio=0.0000 accept=1.0000 swapped=True
i=0 pair=(3,2) lam_t=1.04950 lam_s=1.05000 tsr_diff=0.000000 integral_mean=0.000000 integral_std=0.000000 log_ratio=0.0000 accept=1.0000 swapped=True
i=1 pair=(1,2) lam_t=1.04500 lam_s=1.04950 tsr_diff=0.000048 integral_mean=0.000001 integral_std=0.000096 log_ratio=0.0000 accept=1.0000 swapped=True
i=1 pair=(2,1) lam_t=1.04500 lam_s=1.04950 tsr_diff=0.000048 integral_mean=0.000001 integral_std=0.000096 log_ratio=0.0000 accept=1.0000 swapped=True
i=2 pair=(0,1) lam_t=1.00000 lam_s=1.04500 tsr_diff=0.001897 integral_mean=-0.000462 integral_std=0.004370 log_ratio=-1.1079 accept=0.3303 swapped=False
i=2 pair=(2,3) lam_t=1.04950 lam_s=1.05000 tsr_diff=0.000021 integral_mean=-0.000000 integral_std=0.000043 log_ratio=-0.0001 accept=0.9999 swapped=True
i=2 pair=(0,1) lam_t=1.00000 lam_s=1.04500 tsr_diff=0.001897 integral_mean=-0.000096 integral_std=0.003709 log_ratio=-0.2311 accept=0.7936 swapped=True
i=2 pair=(3,2) lam_t=1.04950 lam_s=1.05000 tsr_diff=0.000021 integral_mean=-0.000001 integral_std=0.000045 log_ratio=-0.0019 accept=0.9981 swapped=True
i=3 pair=(0,2) lam_t=1.04500 lam_s=1.04950 tsr_diff=0.000416 integral_mean=-0.000020 integral_std=0.000886 log_ratio=-0.0478 accept=0.9533 swapped=True
i=3 pair=(2,0) lam_t=1.04500 lam_s=1.04950 tsr_diff=0.000416 integral_mean=0.000009 integral_std=0.000837 log_ratio=0.0000 accept=1.0000 swapped=True
i=4 pair=(1,0) lam_t=1.00000 lam_s=1.04500 tsr_diff=0.007228 integral_mean=-0.000236 integral_std=0.015091 log_ratio=-0.5653 accept=0.5682 swapped=False
i=4 pair=(2,3) lam_t=1.04950 lam_s=1.05000 tsr_diff=0.000080 integral_mean=-0.000001 integral_std=0.000160 log_ratio=-0.0035 accept=0.9965 swapped=True
i=4 pair=(1,0) lam_t=1.00000 lam_s=1.04500 tsr_diff=0.007228 integral_mean=-0.000004 integral_std=0.014443 log_ratio=-0.0102 accept=0.9898 swapped=True
i=4 pair=(3,2) lam_t=1.04950 lam_s=1.05000 tsr_diff=0.000080 integral_mean=-0.000002 integral_std=0.000167 log_ratio=-0.0054 accept=0.9946 swapped=True
i=5 pair=(1,2) lam_t=1.04500 lam_s=1.04950 tsr_diff=0.001076 integral_mean=-0.000089 integral_std=0.002275 log_ratio=-0.2133 accept=0.8079 swapped=True
i=5 pair=(2,1) lam_t=1.04500 lam_s=1.04950 tsr_diff=0.001076 integral_mean=0.000073 integral_std=0.002285 log_ratio=0.0000 accept=1.0000 swapped=True
i=6 pair=(0,1) lam_t=1.00000 lam_s=1.04500 tsr_diff=0.015004 integral_mean=-0.001132 integral_std=0.031529 log_ratio=-2.7173 accept=0.0661 swapped=False
i=6 pair=(2,3) lam_t=1.04950 lam_s=1.05000 tsr_diff=0.000164 integral_mean=0.000000 integral_std=0.000349 log_ratio=0.0000 accept=1.0000 swapped=True
i=6 pair=(0,1) lam_t=1.00000 lam_s=1.04500 tsr_diff=0.015004 integral_mean=0.000009 integral_std=0.030459 log_ratio=0.0000 accept=1.0000 swapped=True
i=6 pair=(3,2) lam_t=1.04950 lam_s=1.05000 tsr_diff=0.000164 integral_mean=-0.000004 integral_std=0.000361 log_ratio=-0.0090 accept=0.9910 swapped=True
i=7 pair=(0,2) lam_t=1.04500 lam_s=1.04950 tsr_diff=0.001897 integral_mean=-0.000193 integral_std=0.004152 log_ratio=-0.4633 accept=0.6292 swapped=True
i=7 pair=(2,0) lam_t=1.04500 lam_s=1.04950 tsr_diff=0.001897 integral_mean=0.000128 integral_std=0.004161 log_ratio=0.0000 accept=1.0000 swapped=True
i=8 pair=(1,0) lam_t=1.00000 lam_s=1.04500 tsr_diff=0.023831 integral_mean=0.001871 integral_std=0.053640 log_ratio=0.0000 accept=1.0000 swapped=True
i=8 pair=(2,3) lam_t=1.04950 lam_s=1.05000 tsr_diff=0.000257 integral_mean=0.000004 integral_std=0.000618 log_ratio=0.0000 accept=1.0000 swapped=True
i=8 pair=(0,1) lam_t=1.00000 lam_s=1.04500 tsr_diff=0.023831 integral_mean=-0.001174 integral_std=0.051020 log_ratio=-2.8170 accept=0.0598 swapped=False
i=8 pair=(3,2) lam_t=1.04950 lam_s=1.05000 tsr_diff=0.000257 integral_mean=0.000007 integral_std=0.000616 log_ratio=0.0000 accept=1.0000 swapped=True
i=9 pair=(1,2) lam_t=1.04500 lam_s=1.04950 tsr_diff=0.002729 integral_mean=-0.000102 integral_std=0.006450 log_ratio=-0.2442 accept=0.7833 swapped=True
i=9 pair=(2,1) lam_t=1.04500 lam_s=1.04950 tsr_diff=0.002729 integral_mean=-0.000011 integral_std=0.006249 log_ratio=-0.0266 accept=0.9737 swapped=True
i=10 pair=(0,1) lam_t=1.00000 lam_s=1.04500 tsr_diff=0.032198 integral_mean=-0.004163 integral_std=0.076986 log_ratio=-9.9906 accept=0.0000 swapped=False
i=10 pair=(2,3) lam_t=1.04950 lam_s=1.05000 tsr_diff=0.000344 integral_mean=-0.000012 integral_std=0.000888 log_ratio=-0.0285 accept=0.9719 swapped=True
i=10 pair=(0,1) lam_t=1.00000 lam_s=1.04500 tsr_diff=0.032198 integral_mean=-0.002105 integral_std=0.075868 log_ratio=-5.0531 accept=0.0064 swapped=False
i=10 pair=(3,2) lam_t=1.04950 lam_s=1.05000 tsr_diff=0.000344 integral_mean=0.000021 integral_std=0.000861 log_ratio=0.0000 accept=1.0000 swapped=True
i=11 pair=(1,2) lam_t=1.04500 lam_s=1.04950 tsr_diff=0.003437 integral_mean=0.000183 integral_std=0.009597 log_ratio=0.0000 accept=1.0000 swapped=True
i=11 pair=(2,1) lam_t=1.04500 lam_s=1.04950 tsr_diff=0.003437 integral_mean=0.000333 integral_std=0.010321 log_ratio=0.0000 accept=1.0000 swapped=True
i=12 pair=(0,1) lam_t=1.00000 lam_s=1.04500 tsr_diff=0.038747 integral_mean=-0.008269 integral_std=0.123960 log_ratio=-19.8445 accept=0.0000 swapped=False
i=12 pair=(2,3) lam_t=1.04950 lam_s=1.05000 tsr_diff=0.000410 integral_mean=0.000030 integral_std=0.001358 log_ratio=0.0000 accept=1.0000 swapped=True
i=12 pair=(0,1) lam_t=1.00000 lam_s=1.04500 tsr_diff=0.038747 integral_mean=-0.006058 integral_std=0.128007 log_ratio=-14.5400 accept=0.0000 swapped=False
i=12 pair=(3,2) lam_t=1.04950 lam_s=1.05000 tsr_diff=0.000410 integral_mean=0.000038 integral_std=0.001344 log_ratio=0.0000 accept=1.0000 swapped=True
i=13 pair=(1,2) lam_t=1.04500 lam_s=1.04950 tsr_diff=0.003916 integral_mean=-0.000282 integral_std=0.020966 log_ratio=-0.6771 accept=0.5081 swapped=True
i=13 pair=(2,1) lam_t=1.04500 lam_s=1.04950 tsr_diff=0.003916 integral_mean=0.000032 integral_std=0.020230 log_ratio=0.0000 accept=1.0000 swapped=True
i=14 pair=(0,1) lam_t=1.00000 lam_s=1.04500 tsr_diff=0.042457 integral_mean=-0.036402 integral_std=0.384657 log_ratio=-87.3641 accept=0.0000 swapped=False
i=14 pair=(2,3) lam_t=1.04950 lam_s=1.05000 tsr_diff=0.000448 integral_mean=0.000570 integral_std=0.010348 log_ratio=0.0000 accept=1.0000 swapped=True
i=14 pair=(0,1) lam_t=1.00000 lam_s=1.04500 tsr_diff=0.042457 integral_mean=-0.035084 integral_std=0.396581 log_ratio=-84.2023 accept=0.0000 swapped=False
i=14 pair=(3,2) lam_t=1.04950 lam_s=1.05000 tsr_diff=0.000448 integral_mean=-0.000254 integral_std=0.007263 log_ratio=-0.6089 accept=0.5440 swapped=True
Best Sample: 0 log probability -1.064
Saved 1 samples to: logs/pointmaze-giant-navigate-v0/inference/plans/release_H400_T256_LimitsNormalizer_b1_condFalse/2026-07-17 16:47:49/24/0.png
Saved 1 samples to: logs/pointmaze-giant-navigate-v0/inference/plans/release_H400_T256_LimitsNormalizer_b1_condFalse/2026-07-17 16:47:49/24/rollout.png
i=0 pair=(0,1) lam_t=1.00000 lam_s=1.04500 tsr_diff=0.000000 integral_mean=0.000000 integral_std=0.000000 log_ratio=0.0000 accept=1.0000 swapped=True
i=0 pair=(2,3) lam_t=1.04950 lam_s=1.05000 tsr_diff=0.000000 integral_mean=0.000000 integral_std=0.000000 log_ratio=0.0000 accept=1.0000 swapped=True
i=0 pair=(1,0) lam_t=1.00000 lam_s=1.04500 tsr_diff=0.000000 integral_mean=0.000000 integral_std=0.000000 log_ratio=0.0000 accept=1.0000 swapped=True
i=0 pair=(3,2) lam_t=1.04950 lam_s=1.05000 tsr_diff=0.000000 integral_mean=0.000000 integral_std=0.000000 log_ratio=0.0000 accept=1.0000 swapped=True
i=1 pair=(1,2) lam_t=1.04500 lam_s=1.04950 tsr_diff=0.000048 integral_mean=0.000004 integral_std=0.000100 log_ratio=0.0000 accept=1.0000 swapped=True
i=1 pair=(2,1) lam_t=1.04500 lam_s=1.04950 tsr_diff=0.000048 integral_mean=0.000004 integral_std=0.000094 log_ratio=0.0000 accept=1.0000 swapped=True
i=2 pair=(0,1) lam_t=1.00000 lam_s=1.04500 tsr_diff=0.001897 integral_mean=0.000126 integral_std=0.003863 log_ratio=0.0000 accept=1.0000 swapped=True
i=2 pair=(2,3) lam_t=1.04950 lam_s=1.05000 tsr_diff=0.000021 integral_mean=0.000004 integral_std=0.000046 log_ratio=0.0000 accept=1.0000 swapped=True
i=2 pair=(1,0) lam_t=1.00000 lam_s=1.04500 tsr_diff=0.001897 integral_mean=0.000079 integral_std=0.004243 log_ratio=0.0000 accept=1.0000 swapped=True
i=2 pair=(3,2) lam_t=1.04950 lam_s=1.05000 tsr_diff=0.000021 integral_mean=-0.000001 integral_std=0.000040 log_ratio=-0.0025 accept=0.9975 swapped=True
i=3 pair=(1,2) lam_t=1.04500 lam_s=1.04950 tsr_diff=0.000416 integral_mean=0.000004 integral_std=0.000905 log_ratio=0.0000 accept=1.0000 swapped=True
i=3 pair=(2,1) lam_t=1.04500 lam_s=1.04950 tsr_diff=0.000416 integral_mean=-0.000013 integral_std=0.000819 log_ratio=-0.0321 accept=0.9684 swapped=True
i=4 pair=(0,1) lam_t=1.00000 lam_s=1.04500 tsr_diff=0.007228 integral_mean=0.000359 integral_std=0.014585 log_ratio=0.0000 accept=1.0000 swapped=True
i=4 pair=(2,3) lam_t=1.04950 lam_s=1.05000 tsr_diff=0.000080 integral_mean=0.000001 integral_std=0.000168 log_ratio=0.0000 accept=1.0000 swapped=True
i=4 pair=(1,0) lam_t=1.00000 lam_s=1.04500 tsr_diff=0.007228 integral_mean=-0.001013 integral_std=0.016015 log_ratio=-2.4300 accept=0.0880 swapped=False
i=4 pair=(3,2) lam_t=1.04950 lam_s=1.05000 tsr_diff=0.000080 integral_mean=0.000000 integral_std=0.000159 log_ratio=0.0000 accept=1.0000 swapped=True
i=5 pair=(0,2) lam_t=1.04500 lam_s=1.04950 tsr_diff=0.001076 integral_mean=0.000285 integral_std=0.002422 log_ratio=0.0000 accept=1.0000 swapped=True
i=5 pair=(2,0) lam_t=1.04500 lam_s=1.04950 tsr_diff=0.001076 integral_mean=-0.000135 integral_std=0.002324 log_ratio=-0.3248 accept=0.7227 swapped=True
i=6 pair=(1,0) lam_t=1.00000 lam_s=1.04500 tsr_diff=0.015004 integral_mean=-0.001083 integral_std=0.032127 log_ratio=-2.6004 accept=0.0742 swapped=False
i=6 pair=(2,3) lam_t=1.04950 lam_s=1.05000 tsr_diff=0.000164 integral_mean=0.000000 integral_std=0.000369 log_ratio=0.0000 accept=1.0000 swapped=True
i=6 pair=(1,0) lam_t=1.00000 lam_s=1.04500 tsr_diff=0.015004 integral_mean=-0.000757 integral_std=0.032343 log_ratio=-1.8168 accept=0.1625 swapped=False
i=6 pair=(3,2) lam_t=1.04950 lam_s=1.05000 tsr_diff=0.000164 integral_mean=-0.000009 integral_std=0.000366 log_ratio=-0.0208 accept=0.9794 swapped=True
i=7 pair=(0,2) lam_t=1.04500 lam_s=1.04950 tsr_diff=0.001897 integral_mean=-0.000069 integral_std=0.004222 log_ratio=-0.1660 accept=0.8471 swapped=True
i=7 pair=(2,0) lam_t=1.04500 lam_s=1.04950 tsr_diff=0.001897 integral_mean=-0.000036 integral_std=0.004048 log_ratio=-0.0853 accept=0.9182 swapped=True
i=8 pair=(1,0) lam_t=1.00000 lam_s=1.04500 tsr_diff=0.023831 integral_mean=-0.001520 integral_std=0.049177 log_ratio=-3.6478 accept=0.0260 swapped=False
i=8 pair=(2,3) lam_t=1.04950 lam_s=1.05000 tsr_diff=0.000257 integral_mean=-0.000015 integral_std=0.000596 log_ratio=-0.0357 accept=0.9649 swapped=True
i=8 pair=(1,0) lam_t=1.00000 lam_s=1.04500 tsr_diff=0.023831 integral_mean=-0.001453 integral_std=0.051514 log_ratio=-3.4879 accept=0.0306 swapped=False
i=8 pair=(3,2) lam_t=1.04950 lam_s=1.05000 tsr_diff=0.000257 integral_mean=0.000007 integral_std=0.000573 log_ratio=0.0000 accept=1.0000 swapped=True
i=9 pair=(0,2) lam_t=1.04500 lam_s=1.04950 tsr_diff=0.002729 integral_mean=0.000252 integral_std=0.005937 log_ratio=0.0000 accept=1.0000 swapped=True
i=9 pair=(2,0) lam_t=1.04500 lam_s=1.04950 tsr_diff=0.002729 integral_mean=0.000115 integral_std=0.005984 log_ratio=0.0000 accept=1.0000 swapped=True
i=10 pair=(1,0) lam_t=1.00000 lam_s=1.04500 tsr_diff=0.032198 integral_mean=0.000031 integral_std=0.074623 log_ratio=0.0000 accept=1.0000 swapped=True
i=10 pair=(2,3) lam_t=1.04950 lam_s=1.05000 tsr_diff=0.000344 integral_mean=0.000003 integral_std=0.000869 log_ratio=0.0000 accept=1.0000 swapped=True
i=10 pair=(0,1) lam_t=1.00000 lam_s=1.04500 tsr_diff=0.032198 integral_mean=0.001309 integral_std=0.078153 log_ratio=0.0000 accept=1.0000 swapped=True
i=10 pair=(3,2) lam_t=1.04950 lam_s=1.05000 tsr_diff=0.000344 integral_mean=-0.000004 integral_std=0.000803 log_ratio=-0.0107 accept=0.9893 swapped=True
i=11 pair=(0,2) lam_t=1.04500 lam_s=1.04950 tsr_diff=0.003437 integral_mean=-0.000114 integral_std=0.008276 log_ratio=-0.2728 accept=0.7612 swapped=True
i=11 pair=(2,0) lam_t=1.04500 lam_s=1.04950 tsr_diff=0.003437 integral_mean=-0.000074 integral_std=0.008534 log_ratio=-0.1778 accept=0.8371 swapped=True
i=12 pair=(1,0) lam_t=1.00000 lam_s=1.04500 tsr_diff=0.038747 integral_mean=-0.003721 integral_std=0.108513 log_ratio=-8.9298 accept=0.0001 swapped=False
i=12 pair=(2,3) lam_t=1.04950 lam_s=1.05000 tsr_diff=0.000410 integral_mean=-0.000048 integral_std=0.001301 log_ratio=-0.1147 accept=0.8916 swapped=True
i=12 pair=(1,0) lam_t=1.00000 lam_s=1.04500 tsr_diff=0.038747 integral_mean=-0.002476 integral_std=0.112755 log_ratio=-5.9412 accept=0.0026 swapped=False
i=12 pair=(3,2) lam_t=1.04950 lam_s=1.05000 tsr_diff=0.000410 integral_mean=-0.000025 integral_std=0.001221 log_ratio=-0.0596 accept=0.9421 swapped=True
i=13 pair=(0,2) lam_t=1.04500 lam_s=1.04950 tsr_diff=0.003916 integral_mean=-0.000355 integral_std=0.013769 log_ratio=-0.8509 accept=0.4271 swapped=True
i=13 pair=(2,0) lam_t=1.04500 lam_s=1.04950 tsr_diff=0.003916 integral_mean=0.000379 integral_std=0.014653 log_ratio=0.0000 accept=1.0000 swapped=True
i=14 pair=(1,0) lam_t=1.00000 lam_s=1.04500 tsr_diff=0.042457 integral_mean=0.001493 integral_std=0.247924 log_ratio=0.0000 accept=1.0000 swapped=True
i=14 pair=(2,3) lam_t=1.04950 lam_s=1.05000 tsr_diff=0.000448 integral_mean=-0.000049 integral_std=0.003121 log_ratio=-0.1181 accept=0.8886 swapped=True
i=14 pair=(0,1) lam_t=1.00000 lam_s=1.04500 tsr_diff=0.042457 integral_mean=-0.000870 integral_std=0.302532 log_ratio=-2.0890 accept=0.1238 swapped=False
i=14 pair=(3,2) lam_t=1.04950 lam_s=1.05000 tsr_diff=0.000448 integral_mean=0.000186 integral_std=0.003109 log_ratio=0.0000 accept=1.0000 swapped=True
Best Sample: 1 log probability -0.045
Saved 1 samples to: logs/pointmaze-giant-navigate-v0/inference/plans/release_H400_T256_LimitsNormalizer_b1_condFalse/2026-07-17 16:47:49/25/0.png
Saved 1 samples to: logs/pointmaze-giant-navigate-v0/inference/plans/release_H400_T256_LimitsNormalizer_b1_condFalse/2026-07-17 16:47:49/25/rollout.png
i=0 pair=(0,1) lam_t=1.00000 lam_s=1.04500 tsr_diff=0.000000 integral_mean=0.000000 integral_std=0.000000 log_ratio=0.0000 accept=1.0000 swapped=True
i=0 pair=(2,3) lam_t=1.04950 lam_s=1.05000 tsr_diff=0.000000 integral_mean=0.000000 integral_std=0.000000 log_ratio=0.0000 accept=1.0000 swapped=True
i=0 pair=(1,0) lam_t=1.00000 lam_s=1.04500 tsr_diff=0.000000 integral_mean=0.000000 integral_std=0.000000 log_ratio=0.0000 accept=1.0000 swapped=True
i=0 pair=(3,2) lam_t=1.04950 lam_s=1.05000 tsr_diff=0.000000 integral_mean=0.000000 integral_std=0.000000 log_ratio=0.0000 accept=1.0000 swapped=True
i=1 pair=(1,2) lam_t=1.04500 lam_s=1.04950 tsr_diff=0.000048 integral_mean=0.000002 integral_std=0.000097 log_ratio=0.0000 accept=1.0000 swapped=True
i=1 pair=(2,1) lam_t=1.04500 lam_s=1.04950 tsr_diff=0.000048 integral_mean=0.000002 integral_std=0.000095 log_ratio=0.0000 accept=1.0000 swapped=True
i=2 pair=(0,1) lam_t=1.00000 lam_s=1.04500 tsr_diff=0.001897 integral_mean=-0.000143 integral_std=0.003902 log_ratio=-0.3429 accept=0.7097 swapped=True
i=2 pair=(2,3) lam_t=1.04950 lam_s=1.05000 tsr_diff=0.000021 integral_mean=0.000000 integral_std=0.000045 log_ratio=0.0000 accept=1.0000 swapped=True
i=2 pair=(1,0) lam_t=1.00000 lam_s=1.04500 tsr_diff=0.001897 integral_mean=0.000061 integral_std=0.004035 log_ratio=0.0000 accept=1.0000 swapped=True
i=2 pair=(3,2) lam_t=1.04950 lam_s=1.05000 tsr_diff=0.000021 integral_mean=-0.000002 integral_std=0.000043 log_ratio=-0.0037 accept=0.9963 swapped=True
i=3 pair=(1,2) lam_t=1.04500 lam_s=1.04950 tsr_diff=0.000416 integral_mean=-0.000017 integral_std=0.000865 log_ratio=-0.0408 accept=0.9600 swapped=True
i=3 pair=(2,1) lam_t=1.04500 lam_s=1.04950 tsr_diff=0.000416 integral_mean=0.000005 integral_std=0.000895 log_ratio=0.0000 accept=1.0000 swapped=True
i=4 pair=(0,1) lam_t=1.00000 lam_s=1.04500 tsr_diff=0.007228 integral_mean=-0.000661 integral_std=0.016512 log_ratio=-1.5875 accept=0.2044 swapped=False
i=4 pair=(2,3) lam_t=1.04950 lam_s=1.05000 tsr_diff=0.000080 integral_mean=-0.000007 integral_std=0.000163 log_ratio=-0.0166 accept=0.9836 swapped=True
i=4 pair=(0,1) lam_t=1.00000 lam_s=1.04500 tsr_diff=0.007228 integral_mean=-0.000506 integral_std=0.016346 log_ratio=-1.2144 accept=0.2969 swapped=False
i=4 pair=(3,2) lam_t=1.04950 lam_s=1.05000 tsr_diff=0.000080 integral_mean=-0.000001 integral_std=0.000157 log_ratio=-0.0025 accept=0.9975 swapped=True
i=5 pair=(1,2) lam_t=1.04500 lam_s=1.04950 tsr_diff=0.001076 integral_mean=0.000098 integral_std=0.002279 log_ratio=0.0000 accept=1.0000 swapped=True
i=5 pair=(2,1) lam_t=1.04500 lam_s=1.04950 tsr_diff=0.001076 integral_mean=-0.000158 integral_std=0.002295 log_ratio=-0.3781 accept=0.6851 swapped=False
i=6 pair=(0,2) lam_t=1.00000 lam_s=1.04500 tsr_diff=0.015004 integral_mean=0.000343 integral_std=0.029148 log_ratio=0.0000 accept=1.0000 swapped=True
i=6 pair=(1,3) lam_t=1.04950 lam_s=1.05000 tsr_diff=0.000164 integral_mean=0.000004 integral_std=0.000353 log_ratio=0.0000 accept=1.0000 swapped=True
i=6 pair=(2,0) lam_t=1.00000 lam_s=1.04500 tsr_diff=0.015004 integral_mean=-0.000045 integral_std=0.029465 log_ratio=-0.1076 accept=0.8980 swapped=True
i=6 pair=(3,1) lam_t=1.04950 lam_s=1.05000 tsr_diff=0.000164 integral_mean=-0.000006 integral_std=0.000370 log_ratio=-0.0141 accept=0.9860 swapped=True
i=7 pair=(2,1) lam_t=1.04500 lam_s=1.04950 tsr_diff=0.001897 integral_mean=-0.000214 integral_std=0.004372 log_ratio=-0.5129 accept=0.5988 swapped=False
i=7 pair=(2,1) lam_t=1.04500 lam_s=1.04950 tsr_diff=0.001897 integral_mean=-0.000223 integral_std=0.004494 log_ratio=-0.5351 accept=0.5856 swapped=True
i=8 pair=(0,1) lam_t=1.00000 lam_s=1.04500 tsr_diff=0.023831 integral_mean=-0.008472 integral_std=0.065678 log_ratio=-20.3334 accept=0.0000 swapped=False
i=8 pair=(2,3) lam_t=1.04950 lam_s=1.05000 tsr_diff=0.000257 integral_mean=0.000004 integral_std=0.000508 log_ratio=0.0000 accept=1.0000 swapped=True
i=8 pair=(0,1) lam_t=1.00000 lam_s=1.04500 tsr_diff=0.023831 integral_mean=-0.007871 integral_std=0.060955 log_ratio=-18.8893 accept=0.0000 swapped=False
i=8 pair=(3,2) lam_t=1.04950 lam_s=1.05000 tsr_diff=0.000257 integral_mean=-0.000007 integral_std=0.000537 log_ratio=-0.0160 accept=0.9842 swapped=True
i=9 pair=(1,2) lam_t=1.04500 lam_s=1.04950 tsr_diff=0.002729 integral_mean=0.001123 integral_std=0.008581 log_ratio=0.0000 accept=1.0000 swapped=True
i=9 pair=(2,1) lam_t=1.04500 lam_s=1.04950 tsr_diff=0.002729 integral_mean=-0.000599 integral_std=0.007251 log_ratio=-1.4366 accept=0.2377 swapped=False
i=10 pair=(0,2) lam_t=1.00000 lam_s=1.04500 tsr_diff=0.032198 integral_mean=0.000620 integral_std=0.064957 log_ratio=0.0000 accept=1.0000 swapped=True
i=10 pair=(1,3) lam_t=1.04950 lam_s=1.05000 tsr_diff=0.000344 integral_mean=0.000093 integral_std=0.001064 log_ratio=0.0000 accept=1.0000 swapped=True
i=10 pair=(2,0) lam_t=1.00000 lam_s=1.04500 tsr_diff=0.032198 integral_mean=-0.000138 integral_std=0.066755 log_ratio=-0.3301 accept=0.7188 swapped=True
i=10 pair=(3,1) lam_t=1.04950 lam_s=1.05000 tsr_diff=0.000344 integral_mean=-0.000060 integral_std=0.001031 log_ratio=-0.1445 accept=0.8654 swapped=True
i=11 pair=(2,1) lam_t=1.04500 lam_s=1.04950 tsr_diff=0.003437 integral_mean=-0.001710 integral_std=0.015465 log_ratio=-4.1035 accept=0.0165 swapped=False
i=11 pair=(2,1) lam_t=1.04500 lam_s=1.04950 tsr_diff=0.003437 integral_mean=-0.001057 integral_std=0.012013 log_ratio=-2.5366 accept=0.0791 swapped=False
i=12 pair=(0,2) lam_t=1.00000 lam_s=1.04500 tsr_diff=0.038747 integral_mean=-0.004433 integral_std=0.075486 log_ratio=-10.6388 accept=0.0000 swapped=False
i=12 pair=(1,3) lam_t=1.04950 lam_s=1.05000 tsr_diff=0.000410 integral_mean=0.000220 integral_std=0.001900 log_ratio=0.0000 accept=1.0000 swapped=True
i=12 pair=(0,2) lam_t=1.00000 lam_s=1.04500 tsr_diff=0.038747 integral_mean=0.000609 integral_std=0.081244 log_ratio=0.0000 accept=1.0000 swapped=True
i=12 pair=(3,1) lam_t=1.04950 lam_s=1.05000 tsr_diff=0.000410 integral_mean=-0.000207 integral_std=0.001858 log_ratio=-0.4978 accept=0.6079 swapped=True
i=13 pair=(0,1) lam_t=1.04500 lam_s=1.04950 tsr_diff=0.003916 integral_mean=-0.004359 integral_std=0.027240 log_ratio=-10.4613 accept=0.0000 swapped=False
i=13 pair=(0,1) lam_t=1.04500 lam_s=1.04950 tsr_diff=0.003916 integral_mean=-0.001528 integral_std=0.022368 log_ratio=-3.6672 accept=0.0255 swapped=False
i=14 pair=(2,0) lam_t=1.00000 lam_s=1.04500 tsr_diff=0.042457 integral_mean=-0.001386 integral_std=0.107779 log_ratio=-3.3259 accept=0.0359 swapped=False
i=14 pair=(1,3) lam_t=1.04950 lam_s=1.05000 tsr_diff=0.000448 integral_mean=0.001482 integral_std=0.011978 log_ratio=0.0000 accept=1.0000 swapped=True
i=14 pair=(2,0) lam_t=1.00000 lam_s=1.04500 tsr_diff=0.042457 integral_mean=-0.003476 integral_std=0.108459 log_ratio=-8.3417 accept=0.0002 swapped=False
i=14 pair=(3,1) lam_t=1.04950 lam_s=1.05000 tsr_diff=0.000448 integral_mean=-0.001256 integral_std=0.009409 log_ratio=-3.0152 accept=0.0490 swapped=False
Best Sample: 3 log probability 0.000
Saved 1 samples to: logs/pointmaze-giant-navigate-v0/inference/plans/release_H400_T256_LimitsNormalizer_b1_condFalse/2026-07-17 16:47:49/26/0.png
Saved 1 samples to: logs/pointmaze-giant-navigate-v0/inference/plans/release_H400_T256_LimitsNormalizer_b1_condFalse/2026-07-17 16:47:49/26/rollout.png
i=0 pair=(0,1) lam_t=1.00000 lam_s=1.04500 tsr_diff=0.000000 integral_mean=0.000000 integral_std=0.000000 log_ratio=0.0000 accept=1.0000 swapped=True
i=0 pair=(2,3) lam_t=1.04950 lam_s=1.05000 tsr_diff=0.000000 integral_mean=0.000000 integral_std=0.000000 log_ratio=0.0000 accept=1.0000 swapped=True
i=0 pair=(1,0) lam_t=1.00000 lam_s=1.04500 tsr_diff=0.000000 integral_mean=0.000000 integral_std=0.000000 log_ratio=0.0000 accept=1.0000 swapped=True
i=0 pair=(3,2) lam_t=1.04950 lam_s=1.05000 tsr_diff=0.000000 integral_mean=0.000000 integral_std=0.000000 log_ratio=0.0000 accept=1.0000 swapped=True
i=1 pair=(1,2) lam_t=1.04500 lam_s=1.04950 tsr_diff=0.000048 integral_mean=0.000001 integral_std=0.000093 log_ratio=0.0000 accept=1.0000 swapped=True
i=1 pair=(2,1) lam_t=1.04500 lam_s=1.04950 tsr_diff=0.000048 integral_mean=0.000005 integral_std=0.000101 log_ratio=0.0000 accept=1.0000 swapped=True
i=2 pair=(0,1) lam_t=1.00000 lam_s=1.04500 tsr_diff=0.001897 integral_mean=-0.000050 integral_std=0.003640 log_ratio=-0.1200 accept=0.8869 swapped=False
i=2 pair=(2,3) lam_t=1.04950 lam_s=1.05000 tsr_diff=0.000021 integral_mean=-0.000000 integral_std=0.000043 log_ratio=-0.0012 accept=0.9988 swapped=True
i=2 pair=(0,1) lam_t=1.00000 lam_s=1.04500 tsr_diff=0.001897 integral_mean=-0.000020 integral_std=0.004078 log_ratio=-0.0470 accept=0.9541 swapped=True
i=2 pair=(3,2) lam_t=1.04950 lam_s=1.05000 tsr_diff=0.000021 integral_mean=0.000001 integral_std=0.000042 log_ratio=0.0000 accept=1.0000 swapped=True
i=3 pair=(0,2) lam_t=1.04500 lam_s=1.04950 tsr_diff=0.000416 integral_mean=0.000016 integral_std=0.000855 log_ratio=0.0000 accept=1.0000 swapped=True
i=3 pair=(2,0) lam_t=1.04500 lam_s=1.04950 tsr_diff=0.000416 integral_mean=0.000002 integral_std=0.000884 log_ratio=0.0000 accept=1.0000 swapped=True
i=4 pair=(1,0) lam_t=1.00000 lam_s=1.04500 tsr_diff=0.007228 integral_mean=0.002544 integral_std=0.018422 log_ratio=0.0000 accept=1.0000 swapped=True
i=4 pair=(2,3) lam_t=1.04950 lam_s=1.05000 tsr_diff=0.000080 integral_mean=-0.000000 integral_std=0.000163 log_ratio=-0.0007 accept=0.9993 swapped=True
i=4 pair=(0,1) lam_t=1.00000 lam_s=1.04500 tsr_diff=0.007228 integral_mean=-0.000884 integral_std=0.015985 log_ratio=-2.1214 accept=0.1199 swapped=False
i=4 pair=(3,2) lam_t=1.04950 lam_s=1.05000 tsr_diff=0.000080 integral_mean=-0.000004 integral_std=0.000160 log_ratio=-0.0090 accept=0.9910 swapped=True
i=5 pair=(1,2) lam_t=1.04500 lam_s=1.04950 tsr_diff=0.001076 integral_mean=0.000067 integral_std=0.002348 log_ratio=0.0000 accept=1.0000 swapped=True
i=5 pair=(2,1) lam_t=1.04500 lam_s=1.04950 tsr_diff=0.001076 integral_mean=-0.000059 integral_std=0.002320 log_ratio=-0.1420 accept=0.8676 swapped=True
i=6 pair=(0,1) lam_t=1.00000 lam_s=1.04500 tsr_diff=0.015004 integral_mean=-0.000929 integral_std=0.033795 log_ratio=-2.2293 accept=0.1076 swapped=False
i=6 pair=(2,3) lam_t=1.04950 lam_s=1.05000 tsr_diff=0.000164 integral_mean=-0.000005 integral_std=0.000337 log_ratio=-0.0122 accept=0.9879 swapped=True
i=6 pair=(0,1) lam_t=1.00000 lam_s=1.04500 tsr_diff=0.015004 integral_mean=-0.000317 integral_std=0.032513 log_ratio=-0.7616 accept=0.4669 swapped=False
i=6 pair=(3,2) lam_t=1.04950 lam_s=1.05000 tsr_diff=0.000164 integral_mean=-0.000008 integral_std=0.000339 log_ratio=-0.0197 accept=0.9805 swapped=True
i=7 pair=(1,2) lam_t=1.04500 lam_s=1.04950 tsr_diff=0.001897 integral_mean=0.000183 integral_std=0.004337 log_ratio=0.0000 accept=1.0000 swapped=True
i=7 pair=(2,1) lam_t=1.04500 lam_s=1.04950 tsr_diff=0.001897 integral_mean=-0.000135 integral_std=0.004301 log_ratio=-0.3243 accept=0.7230 swapped=False
i=8 pair=(0,2) lam_t=1.00000 lam_s=1.04500 tsr_diff=0.023831 integral_mean=0.001270 integral_std=0.051135 log_ratio=0.0000 accept=1.0000 swapped=True
i=8 pair=(1,3) lam_t=1.04950 lam_s=1.05000 tsr_diff=0.000257 integral_mean=0.000029 integral_std=0.000602 log_ratio=0.0000 accept=1.0000 swapped=True
i=8 pair=(2,0) lam_t=1.00000 lam_s=1.04500 tsr_diff=0.023831 integral_mean=-0.002274 integral_std=0.051790 log_ratio=-5.4585 accept=0.0043 swapped=False
i=8 pair=(3,1) lam_t=1.04950 lam_s=1.05000 tsr_diff=0.000257 integral_mean=-0.000020 integral_std=0.000587 log_ratio=-0.0483 accept=0.9529 swapped=True
i=9 pair=(0,1) lam_t=1.04500 lam_s=1.04950 tsr_diff=0.002729 integral_mean=-0.000175 integral_std=0.006859 log_ratio=-0.4190 accept=0.6577 swapped=True
i=9 pair=(1,0) lam_t=1.04500 lam_s=1.04950 tsr_diff=0.002729 integral_mean=0.000279 integral_std=0.007125 log_ratio=0.0000 accept=1.0000 swapped=True
i=10 pair=(2,0) lam_t=1.00000 lam_s=1.04500 tsr_diff=0.032198 integral_mean=-0.001381 integral_std=0.079388 log_ratio=-3.3146 accept=0.0363 swapped=False
i=10 pair=(1,3) lam_t=1.04950 lam_s=1.05000 tsr_diff=0.000344 integral_mean=0.000055 integral_std=0.001009 log_ratio=0.0000 accept=1.0000 swapped=True
i=10 pair=(2,0) lam_t=1.00000 lam_s=1.04500 tsr_diff=0.032198 integral_mean=-0.000334 integral_std=0.072995 log_ratio=-0.8016 accept=0.4486 swapped=True
i=10 pair=(3,1) lam_t=1.04950 lam_s=1.05000 tsr_diff=0.000344 integral_mean=-0.000089 integral_std=0.001004 log_ratio=-0.2142 accept=0.8072 swapped=True
i=11 pair=(2,1) lam_t=1.04500 lam_s=1.04950 tsr_diff=0.003437 integral_mean=-0.001110 integral_std=0.012481 log_ratio=-2.6649 accept=0.0696 swapped=False
i=11 pair=(2,1) lam_t=1.04500 lam_s=1.04950 tsr_diff=0.003437 integral_mean=-0.000983 integral_std=0.011132 log_ratio=-2.3580 accept=0.0946 swapped=False
i=12 pair=(0,2) lam_t=1.00000 lam_s=1.04500 tsr_diff=0.038747 integral_mean=0.001962 integral_std=0.135270 log_ratio=0.0000 accept=1.0000 swapped=True
i=12 pair=(1,3) lam_t=1.04950 lam_s=1.05000 tsr_diff=0.000410 integral_mean=0.000201 integral_std=0.001813 log_ratio=0.0000 accept=1.0000 swapped=True
i=12 pair=(2,0) lam_t=1.00000 lam_s=1.04500 tsr_diff=0.038747 integral_mean=-0.001246 integral_std=0.104325 log_ratio=-2.9910 accept=0.0502 swapped=False
i=12 pair=(3,1) lam_t=1.04950 lam_s=1.05000 tsr_diff=0.000410 integral_mean=-0.000080 integral_std=0.001636 log_ratio=-0.1931 accept=0.8244 swapped=True
i=13 pair=(0,1) lam_t=1.04500 lam_s=1.04950 tsr_diff=0.003916 integral_mean=-0.005183 integral_std=0.049606 log_ratio=-12.4391 accept=0.0000 swapped=False
i=13 pair=(0,1) lam_t=1.04500 lam_s=1.04950 tsr_diff=0.003916 integral_mean=-0.002955 integral_std=0.030419 log_ratio=-7.0920 accept=0.0008 swapped=False
i=14 pair=(2,0) lam_t=1.00000 lam_s=1.04500 tsr_diff=0.042457 integral_mean=-0.033053 integral_std=0.407909 log_ratio=-79.3261 accept=0.0000 swapped=False
i=14 pair=(1,3) lam_t=1.04950 lam_s=1.05000 tsr_diff=0.000448 integral_mean=0.000255 integral_std=0.004633 log_ratio=0.0000 accept=1.0000 swapped=True
i=14 pair=(2,0) lam_t=1.00000 lam_s=1.04500 tsr_diff=0.042457 integral_mean=-0.010760 integral_std=0.250154 log_ratio=-25.8241 accept=0.0000 swapped=False
i=14 pair=(3,1) lam_t=1.04950 lam_s=1.05000 tsr_diff=0.000448 integral_mean=-0.002946 integral_std=0.015693 log_ratio=-7.0707 accept=0.0008 swapped=False
Best Sample: 3 log probability -0.020
Saved 1 samples to: logs/pointmaze-giant-navigate-v0/inference/plans/release_H400_T256_LimitsNormalizer_b1_condFalse/2026-07-17 16:47:49/27/0.png
Saved 1 samples to: logs/pointmaze-giant-navigate-v0/inference/plans/release_H400_T256_LimitsNormalizer_b1_condFalse/2026-07-17 16:47:49/27/rollout.png
i=0 pair=(0,1) lam_t=1.00000 lam_s=1.04500 tsr_diff=0.000000 integral_mean=0.000000 integral_std=0.000000 log_ratio=0.0000 accept=1.0000 swapped=True
i=0 pair=(2,3) lam_t=1.04950 lam_s=1.05000 tsr_diff=0.000000 integral_mean=0.000000 integral_std=0.000000 log_ratio=0.0000 accept=1.0000 swapped=True
i=0 pair=(1,0) lam_t=1.00000 lam_s=1.04500 tsr_diff=0.000000 integral_mean=0.000000 integral_std=0.000000 log_ratio=0.0000 accept=1.0000 swapped=True
i=0 pair=(3,2) lam_t=1.04950 lam_s=1.05000 tsr_diff=0.000000 integral_mean=0.000000 integral_std=0.000000 log_ratio=0.0000 accept=1.0000 swapped=True
i=1 pair=(1,2) lam_t=1.04500 lam_s=1.04950 tsr_diff=0.000048 integral_mean=-0.000002 integral_std=0.000091 log_ratio=-0.0045 accept=0.9955 swapped=True
i=1 pair=(2,1) lam_t=1.04500 lam_s=1.04950 tsr_diff=0.000048 integral_mean=-0.000005 integral_std=0.000095 log_ratio=-0.0124 accept=0.9877 swapped=True
i=2 pair=(0,1) lam_t=1.00000 lam_s=1.04500 tsr_diff=0.001897 integral_mean=-0.000081 integral_std=0.003892 log_ratio=-0.1942 accept=0.8235 swapped=True
i=2 pair=(2,3) lam_t=1.04950 lam_s=1.05000 tsr_diff=0.000021 integral_mean=-0.000000 integral_std=0.000040 log_ratio=-0.0009 accept=0.9991 swapped=True
i=2 pair=(1,0) lam_t=1.00000 lam_s=1.04500 tsr_diff=0.001897 integral_mean=0.000013 integral_std=0.004012 log_ratio=0.0000 accept=1.0000 swapped=True
i=2 pair=(3,2) lam_t=1.04950 lam_s=1.05000 tsr_diff=0.000021 integral_mean=0.000007 integral_std=0.000052 log_ratio=0.0000 accept=1.0000 swapped=True
i=3 pair=(1,2) lam_t=1.04500 lam_s=1.04950 tsr_diff=0.000416 integral_mean=0.000007 integral_std=0.000842 log_ratio=0.0000 accept=1.0000 swapped=True
i=3 pair=(2,1) lam_t=1.04500 lam_s=1.04950 tsr_diff=0.000416 integral_mean=-0.000018 integral_std=0.000866 log_ratio=-0.0429 accept=0.9580 swapped=True
i=4 pair=(0,1) lam_t=1.00000 lam_s=1.04500 tsr_diff=0.007228 integral_mean=-0.000390 integral_std=0.016886 log_ratio=-0.9354 accept=0.3924 swapped=False
i=4 pair=(2,3) lam_t=1.04950 lam_s=1.05000 tsr_diff=0.000080 integral_mean=-0.000010 integral_std=0.000167 log_ratio=-0.0240 accept=0.9762 swapped=True
i=4 pair=(0,1) lam_t=1.00000 lam_s=1.04500 tsr_diff=0.007228 integral_mean=-0.002033 integral_std=0.018579 log_ratio=-4.8791 accept=0.0076 swapped=False
i=4 pair=(3,2) lam_t=1.04950 lam_s=1.05000 tsr_diff=0.000080 integral_mean=0.000006 integral_std=0.000177 log_ratio=0.0000 accept=1.0000 swapped=True
i=5 pair=(1,2) lam_t=1.04500 lam_s=1.04950 tsr_diff=0.001076 integral_mean=0.000103 integral_std=0.002424 log_ratio=0.0000 accept=1.0000 swapped=True
i=5 pair=(2,1) lam_t=1.04500 lam_s=1.04950 tsr_diff=0.001076 integral_mean=-0.000053 integral_std=0.002246 log_ratio=-0.1279 accept=0.8799 swapped=True
i=6 pair=(0,1) lam_t=1.00000 lam_s=1.04500 tsr_diff=0.015004 integral_mean=0.003014 integral_std=0.038779 log_ratio=0.0000 accept=1.0000 swapped=True
i=6 pair=(2,3) lam_t=1.04950 lam_s=1.05000 tsr_diff=0.000164 integral_mean=-0.000011 integral_std=0.000367 log_ratio=-0.0261 accept=0.9743 swapped=True
i=6 pair=(1,0) lam_t=1.00000 lam_s=1.04500 tsr_diff=0.015004 integral_mean=-0.001428 integral_std=0.036166 log_ratio=-3.4260 accept=0.0325 swapped=False
i=6 pair=(3,2) lam_t=1.04950 lam_s=1.05000 tsr_diff=0.000164 integral_mean=0.000012 integral_std=0.000341 log_ratio=0.0000 accept=1.0000 swapped=True
i=7 pair=(0,2) lam_t=1.04500 lam_s=1.04950 tsr_diff=0.001897 integral_mean=0.000280 integral_std=0.004161 log_ratio=0.0000 accept=1.0000 swapped=True
i=7 pair=(2,0) lam_t=1.04500 lam_s=1.04950 tsr_diff=0.001897 integral_mean=-0.000211 integral_std=0.004229 log_ratio=-0.5053 accept=0.6033 swapped=True
i=8 pair=(1,0) lam_t=1.00000 lam_s=1.04500 tsr_diff=0.023831 integral_mean=0.003511 integral_std=0.064800 log_ratio=0.0000 accept=1.0000 swapped=True
i=8 pair=(2,3) lam_t=1.04950 lam_s=1.05000 tsr_diff=0.000257 integral_mean=-0.000012 integral_std=0.000565 log_ratio=-0.0283 accept=0.9721 swapped=True
i=8 pair=(0,1) lam_t=1.00000 lam_s=1.04500 tsr_diff=0.023831 integral_mean=-0.002749 integral_std=0.061963 log_ratio=-6.5986 accept=0.0014 swapped=False
i=8 pair=(3,2) lam_t=1.04950 lam_s=1.05000 tsr_diff=0.000257 integral_mean=0.000016 integral_std=0.000561 log_ratio=0.0000 accept=1.0000 swapped=True
i=9 pair=(1,2) lam_t=1.04500 lam_s=1.04950 tsr_diff=0.002729 integral_mean=0.000515 integral_std=0.006920 log_ratio=0.0000 accept=1.0000 swapped=True
i=9 pair=(2,1) lam_t=1.04500 lam_s=1.04950 tsr_diff=0.002729 integral_mean=-0.000418 integral_std=0.006643 log_ratio=-1.0032 accept=0.3667 swapped=False
i=10 pair=(0,2) lam_t=1.00000 lam_s=1.04500 tsr_diff=0.032198 integral_mean=0.003478 integral_std=0.072277 log_ratio=0.0000 accept=1.0000 swapped=True
i=10 pair=(1,3) lam_t=1.04950 lam_s=1.05000 tsr_diff=0.000344 integral_mean=0.000103 integral_std=0.001092 log_ratio=0.0000 accept=1.0000 swapped=True
i=10 pair=(2,0) lam_t=1.00000 lam_s=1.04500 tsr_diff=0.032198 integral_mean=-0.001429 integral_std=0.069887 log_ratio=-3.4289 accept=0.0324 swapped=False
i=10 pair=(3,1) lam_t=1.04950 lam_s=1.05000 tsr_diff=0.000344 integral_mean=-0.000064 integral_std=0.001059 log_ratio=-0.1528 accept=0.8583 swapped=True
i=11 pair=(0,1) lam_t=1.04500 lam_s=1.04950 tsr_diff=0.003437 integral_mean=-0.000073 integral_std=0.013338 log_ratio=-0.1751 accept=0.8393 swapped=True
i=11 pair=(1,0) lam_t=1.04500 lam_s=1.04950 tsr_diff=0.003437 integral_mean=0.003805 integral_std=0.020333 log_ratio=0.0000 accept=1.0000 swapped=True
i=12 pair=(2,0) lam_t=1.00000 lam_s=1.04500 tsr_diff=0.038747 integral_mean=-0.010985 integral_std=0.105096 log_ratio=-26.3634 accept=0.0000 swapped=False
i=12 pair=(1,3) lam_t=1.04950 lam_s=1.05000 tsr_diff=0.000410 integral_mean=0.000332 integral_std=0.002273 log_ratio=0.0000 accept=1.0000 swapped=True
i=12 pair=(2,0) lam_t=1.00000 lam_s=1.04500 tsr_diff=0.038747 integral_mean=-0.020151 integral_std=0.126180 log_ratio=-48.3616 accept=0.0000 swapped=False
i=12 pair=(3,1) lam_t=1.04950 lam_s=1.05000 tsr_diff=0.000410 integral_mean=-0.000096 integral_std=0.001603 log_ratio=-0.2294 accept=0.7950 swapped=True
i=13 pair=(0,1) lam_t=1.04500 lam_s=1.04950 tsr_diff=0.003916 integral_mean=0.000335 integral_std=0.017793 log_ratio=0.0000 accept=1.0000 swapped=True
i=13 pair=(1,0) lam_t=1.04500 lam_s=1.04950 tsr_diff=0.003916 integral_mean=0.000087 integral_std=0.013348 log_ratio=0.0000 accept=1.0000 swapped=True
i=14 pair=(2,0) lam_t=1.00000 lam_s=1.04500 tsr_diff=0.042457 integral_mean=-0.002732 integral_std=0.107662 log_ratio=-6.5575 accept=0.0014 swapped=False
i=14 pair=(1,3) lam_t=1.04950 lam_s=1.05000 tsr_diff=0.000448 integral_mean=-0.000510 integral_std=0.004624 log_ratio=-1.2230 accept=0.2943 swapped=False
i=14 pair=(2,0) lam_t=1.00000 lam_s=1.04500 tsr_diff=0.042457 integral_mean=-0.001235 integral_std=0.097091 log_ratio=-2.9639 accept=0.0516 swapped=False
i=14 pair=(1,3) lam_t=1.04950 lam_s=1.05000 tsr_diff=0.000448 integral_mean=-0.000130 integral_std=0.003358 log_ratio=-0.3124 accept=0.7317 swapped=True
Best Sample: 2 log probability -0.280
Saved 1 samples to: logs/pointmaze-giant-navigate-v0/inference/plans/release_H400_T256_LimitsNormalizer_b1_condFalse/2026-07-17 16:47:49/28/0.png
Saved 1 samples to: logs/pointmaze-giant-navigate-v0/inference/plans/release_H400_T256_LimitsNormalizer_b1_condFalse/2026-07-17 16:47:49/28/rollout.png
i=0 pair=(0,1) lam_t=1.00000 lam_s=1.04500 tsr_diff=0.000000 integral_mean=0.000000 integral_std=0.000000 log_ratio=0.0000 accept=1.0000 swapped=True
i=0 pair=(2,3) lam_t=1.04950 lam_s=1.05000 tsr_diff=0.000000 integral_mean=0.000000 integral_std=0.000000 log_ratio=0.0000 accept=1.0000 swapped=True
i=0 pair=(1,0) lam_t=1.00000 lam_s=1.04500 tsr_diff=0.000000 integral_mean=0.000000 integral_std=0.000000 log_ratio=0.0000 accept=1.0000 swapped=True
i=0 pair=(3,2) lam_t=1.04950 lam_s=1.05000 tsr_diff=0.000000 integral_mean=0.000000 integral_std=0.000000 log_ratio=0.0000 accept=1.0000 swapped=True
i=1 pair=(1,2) lam_t=1.04500 lam_s=1.04950 tsr_diff=0.000048 integral_mean=-0.000001 integral_std=0.000091 log_ratio=-0.0012 accept=0.9988 swapped=True
i=1 pair=(2,1) lam_t=1.04500 lam_s=1.04950 tsr_diff=0.000048 integral_mean=-0.000003 integral_std=0.000098 log_ratio=-0.0063 accept=0.9937 swapped=True
i=2 pair=(0,1) lam_t=1.00000 lam_s=1.04500 tsr_diff=0.001897 integral_mean=-0.000622 integral_std=0.004270 log_ratio=-1.4930 accept=0.2247 swapped=True
i=2 pair=(2,3) lam_t=1.04950 lam_s=1.05000 tsr_diff=0.000021 integral_mean=0.000000 integral_std=0.000041 log_ratio=0.0000 accept=1.0000 swapped=True
i=2 pair=(1,0) lam_t=1.00000 lam_s=1.04500 tsr_diff=0.001897 integral_mean=-0.000054 integral_std=0.003891 log_ratio=-0.1300 accept=0.8781 swapped=True
i=2 pair=(3,2) lam_t=1.04950 lam_s=1.05000 tsr_diff=0.000021 integral_mean=-0.000003 integral_std=0.000046 log_ratio=-0.0082 accept=0.9918 swapped=True
i=3 pair=(1,2) lam_t=1.04500 lam_s=1.04950 tsr_diff=0.000416 integral_mean=0.000014 integral_std=0.000872 log_ratio=0.0000 accept=1.0000 swapped=True
i=3 pair=(2,1) lam_t=1.04500 lam_s=1.04950 tsr_diff=0.000416 integral_mean=-0.000032 integral_std=0.000847 log_ratio=-0.0776 accept=0.9254 swapped=True
i=4 pair=(0,1) lam_t=1.00000 lam_s=1.04500 tsr_diff=0.007228 integral_mean=-0.000313 integral_std=0.015087 log_ratio=-0.7513 accept=0.4717 swapped=False
i=4 pair=(2,3) lam_t=1.04950 lam_s=1.05000 tsr_diff=0.000080 integral_mean=-0.000008 integral_std=0.000164 log_ratio=-0.0193 accept=0.9809 swapped=True
i=4 pair=(0,1) lam_t=1.00000 lam_s=1.04500 tsr_diff=0.007228 integral_mean=-0.000388 integral_std=0.015658 log_ratio=-0.9307 accept=0.3943 swapped=True
i=4 pair=(3,2) lam_t=1.04950 lam_s=1.05000 tsr_diff=0.000080 integral_mean=0.000005 integral_std=0.000170 log_ratio=0.0000 accept=1.0000 swapped=True
i=5 pair=(0,2) lam_t=1.04500 lam_s=1.04950 tsr_diff=0.001076 integral_mean=0.000065 integral_std=0.002215 log_ratio=0.0000 accept=1.0000 swapped=True
i=5 pair=(2,0) lam_t=1.04500 lam_s=1.04950 tsr_diff=0.001076 integral_mean=-0.000068 integral_std=0.002263 log_ratio=-0.1630 accept=0.8496 swapped=True
i=6 pair=(1,0) lam_t=1.00000 lam_s=1.04500 tsr_diff=0.015004 integral_mean=0.000533 integral_std=0.032328 log_ratio=0.0000 accept=1.0000 swapped=True
i=6 pair=(2,3) lam_t=1.04950 lam_s=1.05000 tsr_diff=0.000164 integral_mean=-0.000013 integral_std=0.000357 log_ratio=-0.0310 accept=0.9695 swapped=True
i=6 pair=(0,1) lam_t=1.00000 lam_s=1.04500 tsr_diff=0.015004 integral_mean=-0.000763 integral_std=0.031757 log_ratio=-1.8323 accept=0.1600 swapped=False
i=6 pair=(3,2) lam_t=1.04950 lam_s=1.05000 tsr_diff=0.000164 integral_mean=0.000008 integral_std=0.000365 log_ratio=0.0000 accept=1.0000 swapped=True
i=7 pair=(1,2) lam_t=1.04500 lam_s=1.04950 tsr_diff=0.001897 integral_mean=-0.000036 integral_std=0.004237 log_ratio=-0.0869 accept=0.9168 swapped=True
i=7 pair=(2,1) lam_t=1.04500 lam_s=1.04950 tsr_diff=0.001897 integral_mean=0.000592 integral_std=0.005600 log_ratio=0.0000 accept=1.0000 swapped=True
i=8 pair=(0,1) lam_t=1.00000 lam_s=1.04500 tsr_diff=0.023831 integral_mean=0.000378 integral_std=0.052033 log_ratio=0.0000 accept=1.0000 swapped=True
i=8 pair=(2,3) lam_t=1.04950 lam_s=1.05000 tsr_diff=0.000257 integral_mean=0.000047 integral_std=0.000671 log_ratio=0.0000 accept=1.0000 swapped=True
i=8 pair=(1,0) lam_t=1.00000 lam_s=1.04500 tsr_diff=0.023831 integral_mean=-0.000066 integral_std=0.051805 log_ratio=-0.1583 accept=0.8536 swapped=True
i=8 pair=(3,2) lam_t=1.04950 lam_s=1.05000 tsr_diff=0.000257 integral_mean=-0.000021 integral_std=0.000646 log_ratio=-0.0494 accept=0.9518 swapped=True
i=9 pair=(1,2) lam_t=1.04500 lam_s=1.04950 tsr_diff=0.002729 integral_mean=-0.000336 integral_std=0.006614 log_ratio=-0.8069 accept=0.4462 swapped=False
i=9 pair=(1,2) lam_t=1.04500 lam_s=1.04950 tsr_diff=0.002729 integral_mean=-0.000237 integral_std=0.006344 log_ratio=-0.5679 accept=0.5667 swapped=True
i=10 pair=(0,2) lam_t=1.00000 lam_s=1.04500 tsr_diff=0.032198 integral_mean=-0.002529 integral_std=0.076693 log_ratio=-6.0687 accept=0.0023 swapped=False
i=10 pair=(1,3) lam_t=1.04950 lam_s=1.05000 tsr_diff=0.000344 integral_mean=-0.000085 integral_std=0.001049 log_ratio=-0.2041 accept=0.8154 swapped=True
i=10 pair=(0,2) lam_t=1.00000 lam_s=1.04500 tsr_diff=0.032198 integral_mean=-0.003135 integral_std=0.073468 log_ratio=-7.5242 accept=0.0005 swapped=False
i=10 pair=(3,1) lam_t=1.04950 lam_s=1.05000 tsr_diff=0.000344 integral_mean=0.000074 integral_std=0.000955 log_ratio=0.0000 accept=1.0000 swapped=True
i=11 pair=(2,1) lam_t=1.04500 lam_s=1.04950 tsr_diff=0.003437 integral_mean=0.000572 integral_std=0.009542 log_ratio=0.0000 accept=1.0000 swapped=True
i=11 pair=(1,2) lam_t=1.04500 lam_s=1.04950 tsr_diff=0.003437 integral_mean=-0.000245 integral_std=0.009134 log_ratio=-0.5875 accept=0.5557 swapped=True
i=12 pair=(0,2) lam_t=1.00000 lam_s=1.04500 tsr_diff=0.038747 integral_mean=-0.011432 integral_std=0.150528 log_ratio=-27.4361 accept=0.0000 swapped=False
i=12 pair=(1,3) lam_t=1.04950 lam_s=1.05000 tsr_diff=0.000410 integral_mean=-0.000209 integral_std=0.001970 log_ratio=-0.5024 accept=0.6051 swapped=True
i=12 pair=(0,2) lam_t=1.00000 lam_s=1.04500 tsr_diff=0.038747 integral_mean=-0.010167 integral_std=0.137677 log_ratio=-24.4008 accept=0.0000 swapped=False
i=12 pair=(3,1) lam_t=1.04950 lam_s=1.05000 tsr_diff=0.000410 integral_mean=0.000173 integral_std=0.002041 log_ratio=0.0000 accept=1.0000 swapped=True
i=13 pair=(2,1) lam_t=1.04500 lam_s=1.04950 tsr_diff=0.003916 integral_mean=0.000329 integral_std=0.016701 log_ratio=0.0000 accept=1.0000 swapped=True
i=13 pair=(1,2) lam_t=1.04500 lam_s=1.04950 tsr_diff=0.003916 integral_mean=-0.000404 integral_std=0.015512 log_ratio=-0.9701 accept=0.3790 swapped=False
i=14 pair=(0,1) lam_t=1.00000 lam_s=1.04500 tsr_diff=0.042457 integral_mean=0.007400 integral_std=0.261720 log_ratio=0.0000 accept=1.0000 swapped=True
i=14 pair=(2,3) lam_t=1.04950 lam_s=1.05000 tsr_diff=0.000448 integral_mean=-0.000343 integral_std=0.003950 log_ratio=-0.8228 accept=0.4392 swapped=False
i=14 pair=(1,0) lam_t=1.00000 lam_s=1.04500 tsr_diff=0.042457 integral_mean=0.007417 integral_std=0.255776 log_ratio=0.0000 accept=1.0000 swapped=True
i=14 pair=(2,3) lam_t=1.04950 lam_s=1.05000 tsr_diff=0.000448 integral_mean=-0.001126 integral_std=0.009834 log_ratio=-2.7029 accept=0.0670 swapped=False
Best Sample: 1 log probability -0.088
Saved 1 samples to: logs/pointmaze-giant-navigate-v0/inference/plans/release_H400_T256_LimitsNormalizer_b1_condFalse/2026-07-17 16:47:49/29/0.png
Saved 1 samples to: logs/pointmaze-giant-navigate-v0/inference/plans/release_H400_T256_LimitsNormalizer_b1_condFalse/2026-07-17 16:47:49/29/rollout.png
i=0 pair=(0,1) lam_t=1.00000 lam_s=1.04500 tsr_diff=0.000000 integral_mean=0.000000 integral_std=0.000000 log_ratio=0.0000 accept=1.0000 swapped=True
i=0 pair=(2,3) lam_t=1.04950 lam_s=1.05000 tsr_diff=0.000000 integral_mean=0.000000 integral_std=0.000000 log_ratio=0.0000 accept=1.0000 swapped=True
i=0 pair=(1,0) lam_t=1.00000 lam_s=1.04500 tsr_diff=0.000000 integral_mean=0.000000 integral_std=0.000000 log_ratio=0.0000 accept=1.0000 swapped=True
i=0 pair=(3,2) lam_t=1.04950 lam_s=1.05000 tsr_diff=0.000000 integral_mean=0.000000 integral_std=0.000000 log_ratio=0.0000 accept=1.0000 swapped=True
i=1 pair=(1,2) lam_t=1.04500 lam_s=1.04950 tsr_diff=0.000048 integral_mean=0.000000 integral_std=0.000097 log_ratio=0.0000 accept=1.0000 swapped=True
i=1 pair=(2,1) lam_t=1.04500 lam_s=1.04950 tsr_diff=0.000048 integral_mean=-0.000001 integral_std=0.000092 log_ratio=-0.0024 accept=0.9976 swapped=True
i=2 pair=(0,1) lam_t=1.00000 lam_s=1.04500 tsr_diff=0.001897 integral_mean=-0.000075 integral_std=0.003718 log_ratio=-0.1792 accept=0.8359 swapped=True
i=2 pair=(2,3) lam_t=1.04950 lam_s=1.05000 tsr_diff=0.000021 integral_mean=-0.000002 integral_std=0.000043 log_ratio=-0.0042 accept=0.9958 swapped=True
i=2 pair=(1,0) lam_t=1.00000 lam_s=1.04500 tsr_diff=0.001897 integral_mean=0.000080 integral_std=0.003962 log_ratio=0.0000 accept=1.0000 swapped=True
i=2 pair=(3,2) lam_t=1.04950 lam_s=1.05000 tsr_diff=0.000021 integral_mean=0.000000 integral_std=0.000042 log_ratio=0.0000 accept=1.0000 swapped=True
i=3 pair=(1,2) lam_t=1.04500 lam_s=1.04950 tsr_diff=0.000416 integral_mean=0.000085 integral_std=0.000882 log_ratio=0.0000 accept=1.0000 swapped=True
i=3 pair=(2,1) lam_t=1.04500 lam_s=1.04950 tsr_diff=0.000416 integral_mean=-0.000024 integral_std=0.000847 log_ratio=-0.0585 accept=0.9432 swapped=True
i=4 pair=(0,1) lam_t=1.00000 lam_s=1.04500 tsr_diff=0.007228 integral_mean=0.024186 integral_std=0.060526 log_ratio=0.0000 accept=1.0000 swapped=True
i=4 pair=(2,3) lam_t=1.04950 lam_s=1.05000 tsr_diff=0.000080 integral_mean=-0.000001 integral_std=0.000161 log_ratio=-0.0022 accept=0.9978 swapped=True
i=4 pair=(1,0) lam_t=1.00000 lam_s=1.04500 tsr_diff=0.007228 integral_mean=-0.009453 integral_std=0.029817 log_ratio=-22.6877 accept=0.0000 swapped=False
i=4 pair=(3,2) lam_t=1.04950 lam_s=1.05000 tsr_diff=0.000080 integral_mean=0.000003 integral_std=0.000165 log_ratio=0.0000 accept=1.0000 swapped=True
i=5 pair=(0,2) lam_t=1.04500 lam_s=1.04950 tsr_diff=0.001076 integral_mean=0.000907 integral_std=0.003724 log_ratio=0.0000 accept=1.0000 swapped=True
i=5 pair=(2,0) lam_t=1.04500 lam_s=1.04950 tsr_diff=0.001076 integral_mean=-0.000438 integral_std=0.002934 log_ratio=-1.0518 accept=0.3493 swapped=False
i=6 pair=(1,2) lam_t=1.00000 lam_s=1.04500 tsr_diff=0.015004 integral_mean=-0.000182 integral_std=0.034088 log_ratio=-0.4365 accept=0.6463 swapped=False
i=6 pair=(0,3) lam_t=1.04950 lam_s=1.05000 tsr_diff=0.000164 integral_mean=0.000156 integral_std=0.000743 log_ratio=0.0000 accept=1.0000 swapped=True
i=6 pair=(1,2) lam_t=1.00000 lam_s=1.04500 tsr_diff=0.015004 integral_mean=-0.000494 integral_std=0.032085 log_ratio=-1.1867 accept=0.3052 swapped=False
i=6 pair=(3,0) lam_t=1.04950 lam_s=1.05000 tsr_diff=0.000164 integral_mean=-0.000084 integral_std=0.000520 log_ratio=-0.2022 accept=0.8169 swapped=True
i=7 pair=(2,0) lam_t=1.04500 lam_s=1.04950 tsr_diff=0.001897 integral_mean=-0.001181 integral_std=0.006165 log_ratio=-2.8352 accept=0.0587 swapped=False
i=7 pair=(2,0) lam_t=1.04500 lam_s=1.04950 tsr_diff=0.001897 integral_mean=-0.000834 integral_std=0.005299 log_ratio=-2.0026 accept=0.1350 swapped=False
i=8 pair=(1,2) lam_t=1.00000 lam_s=1.04500 tsr_diff=0.023831 integral_mean=0.000505 integral_std=0.056693 log_ratio=0.0000 accept=1.0000 swapped=True
i=8 pair=(0,3) lam_t=1.04950 lam_s=1.05000 tsr_diff=0.000257 integral_mean=0.000063 integral_std=0.000754 log_ratio=0.0000 accept=1.0000 swapped=True
i=8 pair=(2,1) lam_t=1.00000 lam_s=1.04500 tsr_diff=0.023831 integral_mean=-0.000040 integral_std=0.053397 log_ratio=-0.0955 accept=0.9089 swapped=True
i=8 pair=(3,0) lam_t=1.04950 lam_s=1.05000 tsr_diff=0.000257 integral_mean=-0.000048 integral_std=0.000695 log_ratio=-0.1157 accept=0.8908 swapped=True
i=9 pair=(2,0) lam_t=1.04500 lam_s=1.04950 tsr_diff=0.002729 integral_mean=-0.000637 integral_std=0.006931 log_ratio=-1.5287 accept=0.2168 swapped=True
i=9 pair=(0,2) lam_t=1.04500 lam_s=1.04950 tsr_diff=0.002729 integral_mean=0.000382 integral_std=0.006733 log_ratio=0.0000 accept=1.0000 swapped=True
i=10 pair=(1,2) lam_t=1.00000 lam_s=1.04500 tsr_diff=0.032198 integral_mean=-0.000910 integral_std=0.091663 log_ratio=-2.1846 accept=0.1125 swapped=False
i=10 pair=(0,3) lam_t=1.04950 lam_s=1.05000 tsr_diff=0.000344 integral_mean=-0.000030 integral_std=0.001319 log_ratio=-0.0722 accept=0.9303 swapped=True
i=10 pair=(1,2) lam_t=1.00000 lam_s=1.04500 tsr_diff=0.032198 integral_mean=-0.000747 integral_std=0.089746 log_ratio=-1.7932 accept=0.1664 swapped=False
i=10 pair=(3,0) lam_t=1.04950 lam_s=1.05000 tsr_diff=0.000344 integral_mean=0.000018 integral_std=0.000979 log_ratio=0.0000 accept=1.0000 swapped=True
i=11 pair=(2,0) lam_t=1.04500 lam_s=1.04950 tsr_diff=0.003437 integral_mean=-0.001136 integral_std=0.012138 log_ratio=-2.7268 accept=0.0654 swapped=True
i=11 pair=(0,2) lam_t=1.04500 lam_s=1.04950 tsr_diff=0.003437 integral_mean=0.000657 integral_std=0.012281 log_ratio=0.0000 accept=1.0000 swapped=True
i=12 pair=(1,2) lam_t=1.00000 lam_s=1.04500 tsr_diff=0.038747 integral_mean=0.002114 integral_std=0.151857 log_ratio=0.0000 accept=1.0000 swapped=True
i=12 pair=(0,3) lam_t=1.04950 lam_s=1.05000 tsr_diff=0.000410 integral_mean=0.000147 integral_std=0.002214 log_ratio=0.0000 accept=1.0000 swapped=True
i=12 pair=(2,1) lam_t=1.00000 lam_s=1.04500 tsr_diff=0.038747 integral_mean=0.002309 integral_std=0.122198 log_ratio=0.0000 accept=1.0000 swapped=True
i=12 pair=(3,0) lam_t=1.04950 lam_s=1.05000 tsr_diff=0.000410 integral_mean=-0.000034 integral_std=0.001657 log_ratio=-0.0811 accept=0.9221 swapped=True
i=13 pair=(2,0) lam_t=1.04500 lam_s=1.04950 tsr_diff=0.003916 integral_mean=-0.000808 integral_std=0.021320 log_ratio=-1.9390 accept=0.1439 swapped=False
i=13 pair=(2,0) lam_t=1.04500 lam_s=1.04950 tsr_diff=0.003916 integral_mean=0.000087 integral_std=0.015133 log_ratio=0.0000 accept=1.0000 swapped=True
i=14 pair=(1,0) lam_t=1.00000 lam_s=1.04500 tsr_diff=0.042457 integral_mean=-0.140265 integral_std=0.811806 log_ratio=-336.6368 accept=0.0000 swapped=False
i=14 pair=(2,3) lam_t=1.04950 lam_s=1.05000 tsr_diff=0.000448 integral_mean=-0.000779 integral_std=0.006970 log_ratio=-1.8696 accept=0.1542 swapped=False
i=14 pair=(1,0) lam_t=1.00000 lam_s=1.04500 tsr_diff=0.042457 integral_mean=-0.054979 integral_std=0.509027 log_ratio=-131.9497 accept=0.0000 swapped=False
i=14 pair=(2,3) lam_t=1.04950 lam_s=1.05000 tsr_diff=0.000448 integral_mean=0.000119 integral_std=0.002316 log_ratio=0.0000 accept=1.0000 swapped=True
Best Sample: 2 log probability -8.577
Saved 1 samples to: logs/pointmaze-giant-navigate-v0/inference/plans/release_H400_T256_LimitsNormalizer_b1_condFalse/2026-07-17 16:47:49/30/0.png
Saved 1 samples to: logs/pointmaze-giant-navigate-v0/inference/plans/release_H400_T256_LimitsNormalizer_b1_condFalse/2026-07-17 16:47:49/30/rollout.png
i=0 pair=(0,1) lam_t=1.00000 lam_s=1.04500 tsr_diff=0.000000 integral_mean=0.000000 integral_std=0.000000 log_ratio=0.0000 accept=1.0000 swapped=True
i=0 pair=(2,3) lam_t=1.04950 lam_s=1.05000 tsr_diff=0.000000 integral_mean=0.000000 integral_std=0.000000 log_ratio=0.0000 accept=1.0000 swapped=True
i=0 pair=(1,0) lam_t=1.00000 lam_s=1.04500 tsr_diff=0.000000 integral_mean=0.000000 integral_std=0.000000 log_ratio=0.0000 accept=1.0000 swapped=True
i=0 pair=(3,2) lam_t=1.04950 lam_s=1.05000 tsr_diff=0.000000 integral_mean=0.000000 integral_std=0.000000 log_ratio=0.0000 accept=1.0000 swapped=True
i=1 pair=(1,2) lam_t=1.04500 lam_s=1.04950 tsr_diff=0.000048 integral_mean=0.000003 integral_std=0.000096 log_ratio=0.0000 accept=1.0000 swapped=True
i=1 pair=(2,1) lam_t=1.04500 lam_s=1.04950 tsr_diff=0.000048 integral_mean=-0.000001 integral_std=0.000097 log_ratio=-0.0016 accept=0.9984 swapped=True
i=2 pair=(0,1) lam_t=1.00000 lam_s=1.04500 tsr_diff=0.001897 integral_mean=0.000123 integral_std=0.004098 log_ratio=0.0000 accept=1.0000 swapped=True
i=2 pair=(2,3) lam_t=1.04950 lam_s=1.05000 tsr_diff=0.000021 integral_mean=0.000002 integral_std=0.000043 log_ratio=0.0000 accept=1.0000 swapped=True
i=2 pair=(1,0) lam_t=1.00000 lam_s=1.04500 tsr_diff=0.001897 integral_mean=-0.000112 integral_std=0.003739 log_ratio=-0.2688 accept=0.7643 swapped=True
i=2 pair=(3,2) lam_t=1.04950 lam_s=1.05000 tsr_diff=0.000021 integral_mean=0.000001 integral_std=0.000042 log_ratio=0.0000 accept=1.0000 swapped=True
i=3 pair=(1,2) lam_t=1.04500 lam_s=1.04950 tsr_diff=0.000416 integral_mean=-0.000013 integral_std=0.000812 log_ratio=-0.0317 accept=0.9688 swapped=True
i=3 pair=(2,1) lam_t=1.04500 lam_s=1.04950 tsr_diff=0.000416 integral_mean=-0.000015 integral_std=0.000858 log_ratio=-0.0354 accept=0.9652 swapped=True
i=4 pair=(0,1) lam_t=1.00000 lam_s=1.04500 tsr_diff=0.007228 integral_mean=-0.000140 integral_std=0.014439 log_ratio=-0.3352 accept=0.7152 swapped=True
i=4 pair=(2,3) lam_t=1.04950 lam_s=1.05000 tsr_diff=0.000080 integral_mean=-0.000003 integral_std=0.000174 log_ratio=-0.0074 accept=0.9926 swapped=True
i=4 pair=(1,0) lam_t=1.00000 lam_s=1.04500 tsr_diff=0.007228 integral_mean=-0.000297 integral_std=0.014064 log_ratio=-0.7124 accept=0.4905 swapped=True
i=4 pair=(3,2) lam_t=1.04950 lam_s=1.05000 tsr_diff=0.000080 integral_mean=-0.000001 integral_std=0.000170 log_ratio=-0.0019 accept=0.9981 swapped=True
i=5 pair=(1,2) lam_t=1.04500 lam_s=1.04950 tsr_diff=0.001076 integral_mean=-0.000054 integral_std=0.002352 log_ratio=-0.1290 accept=0.8790 swapped=True
i=5 pair=(2,1) lam_t=1.04500 lam_s=1.04950 tsr_diff=0.001076 integral_mean=0.000016 integral_std=0.002101 log_ratio=0.0000 accept=1.0000 swapped=True
i=6 pair=(0,1) lam_t=1.00000 lam_s=1.04500 tsr_diff=0.015004 integral_mean=-0.000090 integral_std=0.030321 log_ratio=-0.2156 accept=0.8061 swapped=True
i=6 pair=(2,3) lam_t=1.04950 lam_s=1.05000 tsr_diff=0.000164 integral_mean=-0.000011 integral_std=0.000361 log_ratio=-0.0264 accept=0.9740 swapped=True
i=6 pair=(1,0) lam_t=1.00000 lam_s=1.04500 tsr_diff=0.015004 integral_mean=0.000091 integral_std=0.029941 log_ratio=0.0000 accept=1.0000 swapped=True
i=6 pair=(3,2) lam_t=1.04950 lam_s=1.05000 tsr_diff=0.000164 integral_mean=0.000010 integral_std=0.000345 log_ratio=0.0000 accept=1.0000 swapped=True
i=7 pair=(1,2) lam_t=1.04500 lam_s=1.04950 tsr_diff=0.001897 integral_mean=-0.000032 integral_std=0.003964 log_ratio=-0.0766 accept=0.9263 swapped=True
i=7 pair=(2,1) lam_t=1.04500 lam_s=1.04950 tsr_diff=0.001897 integral_mean=-0.000045 integral_std=0.004111 log_ratio=-0.1068 accept=0.8987 swapped=True
i=8 pair=(0,1) lam_t=1.00000 lam_s=1.04500 tsr_diff=0.023831 integral_mean=0.001167 integral_std=0.051696 log_ratio=0.0000 accept=1.0000 swapped=True
i=8 pair=(2,3) lam_t=1.04950 lam_s=1.05000 tsr_diff=0.000257 integral_mean=-0.000011 integral_std=0.000533 log_ratio=-0.0270 accept=0.9733 swapped=True
i=8 pair=(1,0) lam_t=1.00000 lam_s=1.04500 tsr_diff=0.023831 integral_mean=-0.000183 integral_std=0.051125 log_ratio=-0.4395 accept=0.6443 swapped=True
i=8 pair=(3,2) lam_t=1.04950 lam_s=1.05000 tsr_diff=0.000257 integral_mean=0.000004 integral_std=0.000539 log_ratio=0.0000 accept=1.0000 swapped=True
i=9 pair=(1,2) lam_t=1.04500 lam_s=1.04950 tsr_diff=0.002729 integral_mean=0.000049 integral_std=0.006181 log_ratio=0.0000 accept=1.0000 swapped=True
i=9 pair=(2,1) lam_t=1.04500 lam_s=1.04950 tsr_diff=0.002729 integral_mean=-0.000172 integral_std=0.006192 log_ratio=-0.4139 accept=0.6611 swapped=False
i=10 pair=(0,2) lam_t=1.00000 lam_s=1.04500 tsr_diff=0.032198 integral_mean=0.002003 integral_std=0.074592 log_ratio=0.0000 accept=1.0000 swapped=True
i=10 pair=(1,3) lam_t=1.04950 lam_s=1.05000 tsr_diff=0.000344 integral_mean=0.000026 integral_std=0.000860 log_ratio=0.0000 accept=1.0000 swapped=True
i=10 pair=(2,0) lam_t=1.00000 lam_s=1.04500 tsr_diff=0.032198 integral_mean=-0.000183 integral_std=0.071959 log_ratio=-0.4395 accept=0.6444 swapped=True
i=10 pair=(3,1) lam_t=1.04950 lam_s=1.05000 tsr_diff=0.000344 integral_mean=-0.000013 integral_std=0.000786 log_ratio=-0.0307 accept=0.9697 swapped=True
i=11 pair=(2,1) lam_t=1.04500 lam_s=1.04950 tsr_diff=0.003437 integral_mean=-0.000379 integral_std=0.008869 log_ratio=-0.9099 accept=0.4025 swapped=False
i=11 pair=(2,1) lam_t=1.04500 lam_s=1.04950 tsr_diff=0.003437 integral_mean=-0.000360 integral_std=0.008780 log_ratio=-0.8652 accept=0.4210 swapped=False
i=12 pair=(0,2) lam_t=1.00000 lam_s=1.04500 tsr_diff=0.038747 integral_mean=0.002893 integral_std=0.107323 log_ratio=0.0000 accept=1.0000 swapped=True
i=12 pair=(1,3) lam_t=1.04950 lam_s=1.05000 tsr_diff=0.000410 integral_mean=0.000054 integral_std=0.001296 log_ratio=0.0000 accept=1.0000 swapped=True
i=12 pair=(2,0) lam_t=1.00000 lam_s=1.04500 tsr_diff=0.038747 integral_mean=0.000157 integral_std=0.088199 log_ratio=0.0000 accept=1.0000 swapped=True
i=12 pair=(3,1) lam_t=1.04950 lam_s=1.05000 tsr_diff=0.000410 integral_mean=-0.000049 integral_std=0.001192 log_ratio=-0.1173 accept=0.8894 swapped=True
i=13 pair=(2,1) lam_t=1.04500 lam_s=1.04950 tsr_diff=0.003916 integral_mean=-0.001274 integral_std=0.013792 log_ratio=-3.0575 accept=0.0470 swapped=False
i=13 pair=(2,1) lam_t=1.04500 lam_s=1.04950 tsr_diff=0.003916 integral_mean=-0.001190 integral_std=0.012482 log_ratio=-2.8562 accept=0.0575 swapped=False
i=14 pair=(0,2) lam_t=1.00000 lam_s=1.04500 tsr_diff=0.042457 integral_mean=0.010203 integral_std=0.242325 log_ratio=0.0000 accept=1.0000 swapped=True
i=14 pair=(1,3) lam_t=1.04950 lam_s=1.05000 tsr_diff=0.000448 integral_mean=0.000151 integral_std=0.002776 log_ratio=0.0000 accept=1.0000 swapped=True
i=14 pair=(2,0) lam_t=1.00000 lam_s=1.04500 tsr_diff=0.042457 integral_mean=0.006927 integral_std=0.194230 log_ratio=0.0000 accept=1.0000 swapped=True
i=14 pair=(3,1) lam_t=1.04950 lam_s=1.05000 tsr_diff=0.000448 integral_mean=0.000115 integral_std=0.004131 log_ratio=0.0000 accept=1.0000 swapped=True
Best Sample: 2 log probability -0.690
Saved 1 samples to: logs/pointmaze-giant-navigate-v0/inference/plans/release_H400_T256_LimitsNormalizer_b1_condFalse/2026-07-17 16:47:49/31/0.png
Saved 1 samples to: logs/pointmaze-giant-navigate-v0/inference/plans/release_H400_T256_LimitsNormalizer_b1_condFalse/2026-07-17 16:47:49/31/rollout.png
i=0 pair=(0,1) lam_t=1.00000 lam_s=1.04500 tsr_diff=0.000000 integral_mean=0.000000 integral_std=0.000000 log_ratio=0.0000 accept=1.0000 swapped=True
i=0 pair=(2,3) lam_t=1.04950 lam_s=1.05000 tsr_diff=0.000000 integral_mean=0.000000 integral_std=0.000000 log_ratio=0.0000 accept=1.0000 swapped=True
i=0 pair=(1,0) lam_t=1.00000 lam_s=1.04500 tsr_diff=0.000000 integral_mean=0.000000 integral_std=0.000000 log_ratio=0.0000 accept=1.0000 swapped=True
i=0 pair=(3,2) lam_t=1.04950 lam_s=1.05000 tsr_diff=0.000000 integral_mean=0.000000 integral_std=0.000000 log_ratio=0.0000 accept=1.0000 swapped=True
i=1 pair=(1,2) lam_t=1.04500 lam_s=1.04950 tsr_diff=0.000048 integral_mean=0.000002 integral_std=0.000096 log_ratio=0.0000 accept=1.0000 swapped=True
i=1 pair=(2,1) lam_t=1.04500 lam_s=1.04950 tsr_diff=0.000048 integral_mean=0.000005 integral_std=0.000101 log_ratio=0.0000 accept=1.0000 swapped=True
i=2 pair=(0,1) lam_t=1.00000 lam_s=1.04500 tsr_diff=0.001897 integral_mean=0.000136 integral_std=0.003889 log_ratio=0.0000 accept=1.0000 swapped=True
i=2 pair=(2,3) lam_t=1.04950 lam_s=1.05000 tsr_diff=0.000021 integral_mean=0.000001 integral_std=0.000044 log_ratio=0.0000 accept=1.0000 swapped=True
i=2 pair=(1,0) lam_t=1.00000 lam_s=1.04500 tsr_diff=0.001897 integral_mean=0.000150 integral_std=0.004040 log_ratio=0.0000 accept=1.0000 swapped=True
i=2 pair=(3,2) lam_t=1.04950 lam_s=1.05000 tsr_diff=0.000021 integral_mean=-0.000000 integral_std=0.000043 log_ratio=-0.0002 accept=0.9998 swapped=True
i=3 pair=(1,2) lam_t=1.04500 lam_s=1.04950 tsr_diff=0.000416 integral_mean=0.000002 integral_std=0.000838 log_ratio=0.0000 accept=1.0000 swapped=True
i=3 pair=(2,1) lam_t=1.04500 lam_s=1.04950 tsr_diff=0.000416 integral_mean=0.000013 integral_std=0.000817 log_ratio=0.0000 accept=1.0000 swapped=True
i=4 pair=(0,1) lam_t=1.00000 lam_s=1.04500 tsr_diff=0.007228 integral_mean=0.000116 integral_std=0.015096 log_ratio=0.0000 accept=1.0000 swapped=True
i=4 pair=(2,3) lam_t=1.04950 lam_s=1.05000 tsr_diff=0.000080 integral_mean=0.000003 integral_std=0.000164 log_ratio=0.0000 accept=1.0000 swapped=True
i=4 pair=(1,0) lam_t=1.00000 lam_s=1.04500 tsr_diff=0.007228 integral_mean=-0.000085 integral_std=0.014761 log_ratio=-0.2046 accept=0.8150 swapped=False
i=4 pair=(3,2) lam_t=1.04950 lam_s=1.05000 tsr_diff=0.000080 integral_mean=-0.000005 integral_std=0.000165 log_ratio=-0.0121 accept=0.9880 swapped=True
i=5 pair=(0,2) lam_t=1.04500 lam_s=1.04950 tsr_diff=0.001076 integral_mean=0.000016 integral_std=0.002227 log_ratio=0.0000 accept=1.0000 swapped=True
i=5 pair=(2,0) lam_t=1.04500 lam_s=1.04950 tsr_diff=0.001076 integral_mean=-0.000104 integral_std=0.002216 log_ratio=-0.2486 accept=0.7799 swapped=True
i=6 pair=(1,0) lam_t=1.00000 lam_s=1.04500 tsr_diff=0.015004 integral_mean=-0.000492 integral_std=0.033340 log_ratio=-1.1804 accept=0.3072 swapped=False
i=6 pair=(2,3) lam_t=1.04950 lam_s=1.05000 tsr_diff=0.000164 integral_mean=-0.000011 integral_std=0.000344 log_ratio=-0.0260 accept=0.9743 swapped=True
i=6 pair=(1,0) lam_t=1.00000 lam_s=1.04500 tsr_diff=0.015004 integral_mean=0.000756 integral_std=0.033132 log_ratio=0.0000 accept=1.0000 swapped=True
i=6 pair=(3,2) lam_t=1.04950 lam_s=1.05000 tsr_diff=0.000164 integral_mean=0.000010 integral_std=0.000336 log_ratio=0.0000 accept=1.0000 swapped=True
i=7 pair=(1,2) lam_t=1.04500 lam_s=1.04950 tsr_diff=0.001897 integral_mean=0.000356 integral_std=0.004757 log_ratio=0.0000 accept=1.0000 swapped=True
i=7 pair=(2,1) lam_t=1.04500 lam_s=1.04950 tsr_diff=0.001897 integral_mean=-0.000220 integral_std=0.004198 log_ratio=-0.5271 accept=0.5903 swapped=False
i=8 pair=(0,2) lam_t=1.00000 lam_s=1.04500 tsr_diff=0.023831 integral_mean=0.002094 integral_std=0.054230 log_ratio=0.0000 accept=1.0000 swapped=True
i=8 pair=(1,3) lam_t=1.04950 lam_s=1.05000 tsr_diff=0.000257 integral_mean=0.000178 integral_std=0.000797 log_ratio=0.0000 accept=1.0000 swapped=True
i=8 pair=(2,0) lam_t=1.00000 lam_s=1.04500 tsr_diff=0.023831 integral_mean=-0.000937 integral_std=0.051861 log_ratio=-2.2493 accept=0.1055 swapped=False
i=8 pair=(3,1) lam_t=1.04950 lam_s=1.05000 tsr_diff=0.000257 integral_mean=-0.000131 integral_std=0.000744 log_ratio=-0.3135 accept=0.7309 swapped=True
i=9 pair=(0,1) lam_t=1.04500 lam_s=1.04950 tsr_diff=0.002729 integral_mean=-0.001586 integral_std=0.009716 log_ratio=-3.8055 accept=0.0222 swapped=False
i=9 pair=(0,1) lam_t=1.04500 lam_s=1.04950 tsr_diff=0.002729 integral_mean=-0.001626 integral_std=0.010189 log_ratio=-3.9014 accept=0.0202 swapped=False
i=10 pair=(2,0) lam_t=1.00000 lam_s=1.04500 tsr_diff=0.032198 integral_mean=-0.006176 integral_std=0.083527 log_ratio=-14.8229 accept=0.0000 swapped=False
i=10 pair=(1,3) lam_t=1.04950 lam_s=1.05000 tsr_diff=0.000344 integral_mean=0.000246 integral_std=0.001204 log_ratio=0.0000 accept=1.0000 swapped=True
i=10 pair=(2,0) lam_t=1.00000 lam_s=1.04500 tsr_diff=0.032198 integral_mean=-0.003983 integral_std=0.085144 log_ratio=-9.5582 accept=0.0001 swapped=False
i=10 pair=(3,1) lam_t=1.04950 lam_s=1.05000 tsr_diff=0.000344 integral_mean=-0.000217 integral_std=0.001161 log_ratio=-0.5210 accept=0.5939 swapped=True
i=11 pair=(0,1) lam_t=1.04500 lam_s=1.04950 tsr_diff=0.003437 integral_mean=-0.000569 integral_std=0.016450 log_ratio=-1.3667 accept=0.2549 swapped=False
i=11 pair=(0,1) lam_t=1.04500 lam_s=1.04950 tsr_diff=0.003437 integral_mean=0.000338 integral_std=0.011837 log_ratio=0.0000 accept=1.0000 swapped=True
i=12 pair=(2,1) lam_t=1.00000 lam_s=1.04500 tsr_diff=0.038747 integral_mean=-0.011454 integral_std=0.125284 log_ratio=-27.4904 accept=0.0000 swapped=False
i=12 pair=(0,3) lam_t=1.04950 lam_s=1.05000 tsr_diff=0.000410 integral_mean=-0.000026 integral_std=0.001771 log_ratio=-0.0618 accept=0.9401 swapped=True
i=12 pair=(2,1) lam_t=1.00000 lam_s=1.04500 tsr_diff=0.038747 integral_mean=-0.006336 integral_std=0.107287 log_ratio=-15.2065 accept=0.0000 swapped=False
i=12 pair=(3,0) lam_t=1.04950 lam_s=1.05000 tsr_diff=0.000410 integral_mean=-0.000068 integral_std=0.001420 log_ratio=-0.1628 accept=0.8497 swapped=True
i=13 pair=(1,0) lam_t=1.04500 lam_s=1.04950 tsr_diff=0.003916 integral_mean=-0.005148 integral_std=0.048565 log_ratio=-12.3559 accept=0.0000 swapped=False
i=13 pair=(1,0) lam_t=1.04500 lam_s=1.04950 tsr_diff=0.003916 integral_mean=-0.007628 integral_std=0.043695 log_ratio=-18.3068 accept=0.0000 swapped=False
i=14 pair=(2,1) lam_t=1.00000 lam_s=1.04500 tsr_diff=0.042457 integral_mean=-0.015986 integral_std=0.382654 log_ratio=-38.3674 accept=0.0000 swapped=False
i=14 pair=(0,3) lam_t=1.04950 lam_s=1.05000 tsr_diff=0.000448 integral_mean=0.001000 integral_std=0.007356 log_ratio=0.0000 accept=1.0000 swapped=True
i=14 pair=(2,1) lam_t=1.00000 lam_s=1.04500 tsr_diff=0.042457 integral_mean=0.004226 integral_std=0.186285 log_ratio=0.0000 accept=1.0000 swapped=True
i=14 pair=(3,0) lam_t=1.04950 lam_s=1.05000 tsr_diff=0.000448 integral_mean=-0.000814 integral_std=0.007613 log_ratio=-1.9530 accept=0.1418 swapped=False
Best Sample: 2 log probability -0.071
Saved 1 samples to: logs/pointmaze-giant-navigate-v0/inference/plans/release_H400_T256_LimitsNormalizer_b1_condFalse/2026-07-17 16:47:49/32/0.png
Saved 1 samples to: logs/pointmaze-giant-navigate-v0/inference/plans/release_H400_T256_LimitsNormalizer_b1_condFalse/2026-07-17 16:47:49/32/rollout.png
i=0 pair=(0,1) lam_t=1.00000 lam_s=1.04500 tsr_diff=0.000000 integral_mean=0.000000 integral_std=0.000000 log_ratio=0.0000 accept=1.0000 swapped=True
i=0 pair=(2,3) lam_t=1.04950 lam_s=1.05000 tsr_diff=0.000000 integral_mean=0.000000 integral_std=0.000000 log_ratio=0.0000 accept=1.0000 swapped=True
i=0 pair=(1,0) lam_t=1.00000 lam_s=1.04500 tsr_diff=0.000000 integral_mean=0.000000 integral_std=0.000000 log_ratio=0.0000 accept=1.0000 swapped=True
i=0 pair=(3,2) lam_t=1.04950 lam_s=1.05000 tsr_diff=0.000000 integral_mean=0.000000 integral_std=0.000000 log_ratio=0.0000 accept=1.0000 swapped=True
i=1 pair=(1,2) lam_t=1.04500 lam_s=1.04950 tsr_diff=0.000048 integral_mean=-0.000001 integral_std=0.000094 log_ratio=-0.0018 accept=0.9982 swapped=True
i=1 pair=(2,1) lam_t=1.04500 lam_s=1.04950 tsr_diff=0.000048 integral_mean=0.000002 integral_std=0.000098 log_ratio=0.0000 accept=1.0000 swapped=True
i=2 pair=(0,1) lam_t=1.00000 lam_s=1.04500 tsr_diff=0.001897 integral_mean=0.000043 integral_std=0.004082 log_ratio=0.0000 accept=1.0000 swapped=True
i=2 pair=(2,3) lam_t=1.04950 lam_s=1.05000 tsr_diff=0.000021 integral_mean=-0.000001 integral_std=0.000042 log_ratio=-0.0018 accept=0.9982 swapped=True
i=2 pair=(1,0) lam_t=1.00000 lam_s=1.04500 tsr_diff=0.001897 integral_mean=0.000031 integral_std=0.003752 log_ratio=0.0000 accept=1.0000 swapped=True
i=2 pair=(3,2) lam_t=1.04950 lam_s=1.05000 tsr_diff=0.000021 integral_mean=0.000000 integral_std=0.000043 log_ratio=0.0000 accept=1.0000 swapped=True
i=3 pair=(1,2) lam_t=1.04500 lam_s=1.04950 tsr_diff=0.000416 integral_mean=-0.000033 integral_std=0.000872 log_ratio=-0.0788 accept=0.9243 swapped=False
i=3 pair=(1,2) lam_t=1.04500 lam_s=1.04950 tsr_diff=0.000416 integral_mean=-0.000021 integral_std=0.000864 log_ratio=-0.0507 accept=0.9506 swapped=True
i=4 pair=(0,2) lam_t=1.00000 lam_s=1.04500 tsr_diff=0.007228 integral_mean=0.000315 integral_std=0.015757 log_ratio=0.0000 accept=1.0000 swapped=True
i=4 pair=(1,3) lam_t=1.04950 lam_s=1.05000 tsr_diff=0.000080 integral_mean=0.000003 integral_std=0.000165 log_ratio=0.0000 accept=1.0000 swapped=True
i=4 pair=(2,0) lam_t=1.00000 lam_s=1.04500 tsr_diff=0.007228 integral_mean=0.001022 integral_std=0.015911 log_ratio=0.0000 accept=1.0000 swapped=True
i=4 pair=(3,1) lam_t=1.04950 lam_s=1.05000 tsr_diff=0.000080 integral_mean=-0.000003 integral_std=0.000154 log_ratio=-0.0062 accept=0.9938 swapped=True
i=5 pair=(2,1) lam_t=1.04500 lam_s=1.04950 tsr_diff=0.001076 integral_mean=0.000105 integral_std=0.002323 log_ratio=0.0000 accept=1.0000 swapped=True
i=5 pair=(1,2) lam_t=1.04500 lam_s=1.04950 tsr_diff=0.001076 integral_mean=-0.000087 integral_std=0.002179 log_ratio=-0.2093 accept=0.8112 swapped=True
i=6 pair=(0,2) lam_t=1.00000 lam_s=1.04500 tsr_diff=0.015004 integral_mean=-0.000723 integral_std=0.031178 log_ratio=-1.7362 accept=0.1762 swapped=False
i=6 pair=(1,3) lam_t=1.04950 lam_s=1.05000 tsr_diff=0.000164 integral_mean=-0.000003 integral_std=0.000351 log_ratio=-0.0079 accept=0.9921 swapped=True
i=6 pair=(0,2) lam_t=1.00000 lam_s=1.04500 tsr_diff=0.015004 integral_mean=-0.002252 integral_std=0.033111 log_ratio=-5.4053 accept=0.0045 swapped=False
i=6 pair=(3,1) lam_t=1.04950 lam_s=1.05000 tsr_diff=0.000164 integral_mean=-0.000002 integral_std=0.000316 log_ratio=-0.0058 accept=0.9942 swapped=True
i=7 pair=(2,1) lam_t=1.04500 lam_s=1.04950 tsr_diff=0.001897 integral_mean=0.000240 integral_std=0.004302 log_ratio=0.0000 accept=1.0000 swapped=True
i=7 pair=(1,2) lam_t=1.04500 lam_s=1.04950 tsr_diff=0.001897 integral_mean=-0.000277 integral_std=0.004403 log_ratio=-0.6647 accept=0.5144 swapped=True
i=8 pair=(0,2) lam_t=1.00000 lam_s=1.04500 tsr_diff=0.023831 integral_mean=-0.003172 integral_std=0.056796 log_ratio=-7.6125 accept=0.0005 swapped=False
i=8 pair=(1,3) lam_t=1.04950 lam_s=1.05000 tsr_diff=0.000257 integral_mean=0.000003 integral_std=0.000564 log_ratio=0.0000 accept=1.0000 swapped=True
i=8 pair=(0,2) lam_t=1.00000 lam_s=1.04500 tsr_diff=0.023831 integral_mean=-0.001999 integral_std=0.052573 log_ratio=-4.7965 accept=0.0083 swapped=False
i=8 pair=(3,1) lam_t=1.04950 lam_s=1.05000 tsr_diff=0.000257 integral_mean=0.000007 integral_std=0.000560 log_ratio=0.0000 accept=1.0000 swapped=True
i=9 pair=(2,1) lam_t=1.04500 lam_s=1.04950 tsr_diff=0.002729 integral_mean=0.000320 integral_std=0.006586 log_ratio=0.0000 accept=1.0000 swapped=True
i=9 pair=(1,2) lam_t=1.04500 lam_s=1.04950 tsr_diff=0.002729 integral_mean=-0.000386 integral_std=0.006552 log_ratio=-0.9274 accept=0.3956 swapped=True
i=10 pair=(0,2) lam_t=1.00000 lam_s=1.04500 tsr_diff=0.032198 integral_mean=-0.004706 integral_std=0.075805 log_ratio=-11.2944 accept=0.0000 swapped=False
i=10 pair=(1,3) lam_t=1.04950 lam_s=1.05000 tsr_diff=0.000344 integral_mean=0.000009 integral_std=0.000786 log_ratio=0.0000 accept=1.0000 swapped=True
i=10 pair=(0,2) lam_t=1.00000 lam_s=1.04500 tsr_diff=0.032198 integral_mean=-0.004286 integral_std=0.078869 log_ratio=-10.2868 accept=0.0000 swapped=False
i=10 pair=(3,1) lam_t=1.04950 lam_s=1.05000 tsr_diff=0.000344 integral_mean=-0.000014 integral_std=0.000771 log_ratio=-0.0347 accept=0.9659 swapped=True
i=11 pair=(2,1) lam_t=1.04500 lam_s=1.04950 tsr_diff=0.003437 integral_mean=0.001158 integral_std=0.011331 log_ratio=0.0000 accept=1.0000 swapped=True
i=11 pair=(1,2) lam_t=1.04500 lam_s=1.04950 tsr_diff=0.003437 integral_mean=-0.001024 integral_std=0.011915 log_ratio=-2.4580 accept=0.0856 swapped=False
i=12 pair=(0,1) lam_t=1.00000 lam_s=1.04500 tsr_diff=0.038747 integral_mean=0.005444 integral_std=0.109962 log_ratio=0.0000 accept=1.0000 swapped=True
i=12 pair=(2,3) lam_t=1.04950 lam_s=1.05000 tsr_diff=0.000410 integral_mean=0.000233 integral_std=0.001866 log_ratio=0.0000 accept=1.0000 swapped=True
i=12 pair=(1,0) lam_t=1.00000 lam_s=1.04500 tsr_diff=0.038747 integral_mean=-0.005604 integral_std=0.109334 log_ratio=-13.4504 accept=0.0000 swapped=False
i=12 pair=(3,2) lam_t=1.04950 lam_s=1.05000 tsr_diff=0.000410 integral_mean=-0.000069 integral_std=0.001461 log_ratio=-0.1667 accept=0.8464 swapped=True
i=13 pair=(0,2) lam_t=1.04500 lam_s=1.04950 tsr_diff=0.003916 integral_mean=-0.000419 integral_std=0.014330 log_ratio=-1.0061 accept=0.3656 swapped=True
i=13 pair=(2,0) lam_t=1.04500 lam_s=1.04950 tsr_diff=0.003916 integral_mean=0.000238 integral_std=0.013691 log_ratio=0.0000 accept=1.0000 swapped=True
i=14 pair=(1,0) lam_t=1.00000 lam_s=1.04500 tsr_diff=0.042457 integral_mean=-0.016772 integral_std=0.231451 log_ratio=-40.2524 accept=0.0000 swapped=False
i=14 pair=(2,3) lam_t=1.04950 lam_s=1.05000 tsr_diff=0.000448 integral_mean=0.000964 integral_std=0.007672 log_ratio=0.0000 accept=1.0000 swapped=True
i=14 pair=(1,0) lam_t=1.00000 lam_s=1.04500 tsr_diff=0.042457 integral_mean=-0.049561 integral_std=0.388890 log_ratio=-118.9471 accept=0.0000 swapped=False
i=14 pair=(3,2) lam_t=1.04950 lam_s=1.05000 tsr_diff=0.000448 integral_mean=-0.000074 integral_std=0.005760 log_ratio=-0.1780 accept=0.8369 swapped=True
Best Sample: 1 log probability -2.814
Saved 1 samples to: logs/pointmaze-giant-navigate-v0/inference/plans/release_H400_T256_LimitsNormalizer_b1_condFalse/2026-07-17 16:47:49/33/0.png
Saved 1 samples to: logs/pointmaze-giant-navigate-v0/inference/plans/release_H400_T256_LimitsNormalizer_b1_condFalse/2026-07-17 16:47:49/33/rollout.png
i=0 pair=(0,1) lam_t=1.00000 lam_s=1.04500 tsr_diff=0.000000 integral_mean=0.000000 integral_std=0.000000 log_ratio=0.0000 accept=1.0000 swapped=True
i=0 pair=(2,3) lam_t=1.04950 lam_s=1.05000 tsr_diff=0.000000 integral_mean=0.000000 integral_std=0.000000 log_ratio=0.0000 accept=1.0000 swapped=True
i=0 pair=(1,0) lam_t=1.00000 lam_s=1.04500 tsr_diff=0.000000 integral_mean=0.000000 integral_std=0.000000 log_ratio=0.0000 accept=1.0000 swapped=True
i=0 pair=(3,2) lam_t=1.04950 lam_s=1.05000 tsr_diff=0.000000 integral_mean=0.000000 integral_std=0.000000 log_ratio=0.0000 accept=1.0000 swapped=True
i=1 pair=(1,2) lam_t=1.04500 lam_s=1.04950 tsr_diff=0.000048 integral_mean=-0.000003 integral_std=0.000093 log_ratio=-0.0074 accept=0.9927 swapped=True
i=1 pair=(2,1) lam_t=1.04500 lam_s=1.04950 tsr_diff=0.000048 integral_mean=0.000002 integral_std=0.000101 log_ratio=0.0000 accept=1.0000 swapped=True
i=2 pair=(0,1) lam_t=1.00000 lam_s=1.04500 tsr_diff=0.001897 integral_mean=0.000009 integral_std=0.004002 log_ratio=0.0000 accept=1.0000 swapped=True
i=2 pair=(2,3) lam_t=1.04950 lam_s=1.05000 tsr_diff=0.000021 integral_mean=0.000002 integral_std=0.000044 log_ratio=0.0000 accept=1.0000 swapped=True
i=2 pair=(1,0) lam_t=1.00000 lam_s=1.04500 tsr_diff=0.001897 integral_mean=-0.000014 integral_std=0.003794 log_ratio=-0.0344 accept=0.9662 swapped=True
i=2 pair=(3,2) lam_t=1.04950 lam_s=1.05000 tsr_diff=0.000021 integral_mean=0.000000 integral_std=0.000044 log_ratio=0.0000 accept=1.0000 swapped=True
i=3 pair=(1,2) lam_t=1.04500 lam_s=1.04950 tsr_diff=0.000416 integral_mean=0.000023 integral_std=0.000798 log_ratio=0.0000 accept=1.0000 swapped=True
i=3 pair=(2,1) lam_t=1.04500 lam_s=1.04950 tsr_diff=0.000416 integral_mean=0.000003 integral_std=0.000825 log_ratio=0.0000 accept=1.0000 swapped=True
i=4 pair=(0,1) lam_t=1.00000 lam_s=1.04500 tsr_diff=0.007228 integral_mean=0.000718 integral_std=0.016128 log_ratio=0.0000 accept=1.0000 swapped=True
i=4 pair=(2,3) lam_t=1.04950 lam_s=1.05000 tsr_diff=0.000080 integral_mean=-0.000000 integral_std=0.000168 log_ratio=-0.0001 accept=0.9999 swapped=True
i=4 pair=(1,0) lam_t=1.00000 lam_s=1.04500 tsr_diff=0.007228 integral_mean=-0.000353 integral_std=0.014974 log_ratio=-0.8461 accept=0.4291 swapped=False
i=4 pair=(3,2) lam_t=1.04950 lam_s=1.05000 tsr_diff=0.000080 integral_mean=-0.000004 integral_std=0.000164 log_ratio=-0.0091 accept=0.9909 swapped=True
i=5 pair=(0,2) lam_t=1.04500 lam_s=1.04950 tsr_diff=0.001076 integral_mean=-0.000046 integral_std=0.002281 log_ratio=-0.1105 accept=0.8954 swapped=True
i=5 pair=(2,0) lam_t=1.04500 lam_s=1.04950 tsr_diff=0.001076 integral_mean=0.000006 integral_std=0.002282 log_ratio=0.0000 accept=1.0000 swapped=True
i=6 pair=(1,0) lam_t=1.00000 lam_s=1.04500 tsr_diff=0.015004 integral_mean=-0.000618 integral_std=0.031425 log_ratio=-1.4829 accept=0.2270 swapped=False
i=6 pair=(2,3) lam_t=1.04950 lam_s=1.05000 tsr_diff=0.000164 integral_mean=0.000006 integral_std=0.000355 log_ratio=0.0000 accept=1.0000 swapped=True
i=6 pair=(1,0) lam_t=1.00000 lam_s=1.04500 tsr_diff=0.015004 integral_mean=-0.000173 integral_std=0.033857 log_ratio=-0.4146 accept=0.6606 swapped=True
i=6 pair=(3,2) lam_t=1.04950 lam_s=1.05000 tsr_diff=0.000164 integral_mean=-0.000007 integral_std=0.000342 log_ratio=-0.0176 accept=0.9825 swapped=True
i=7 pair=(1,2) lam_t=1.04500 lam_s=1.04950 tsr_diff=0.001897 integral_mean=0.000140 integral_std=0.003893 log_ratio=0.0000 accept=1.0000 swapped=True
i=7 pair=(2,1) lam_t=1.04500 lam_s=1.04950 tsr_diff=0.001897 integral_mean=-0.000013 integral_std=0.003907 log_ratio=-0.0308 accept=0.9697 swapped=True
i=8 pair=(0,1) lam_t=1.00000 lam_s=1.04500 tsr_diff=0.023831 integral_mean=-0.000908 integral_std=0.055960 log_ratio=-2.1795 accept=0.1131 swapped=False
i=8 pair=(2,3) lam_t=1.04950 lam_s=1.05000 tsr_diff=0.000257 integral_mean=-0.000011 integral_std=0.000600 log_ratio=-0.0261 accept=0.9743 swapped=True
i=8 pair=(0,1) lam_t=1.00000 lam_s=1.04500 tsr_diff=0.023831 integral_mean=-0.000426 integral_std=0.054661 log_ratio=-1.0218 accept=0.3599 swapped=False
i=8 pair=(3,2) lam_t=1.04950 lam_s=1.05000 tsr_diff=0.000257 integral_mean=0.000001 integral_std=0.000568 log_ratio=0.0000 accept=1.0000 swapped=True
i=9 pair=(1,2) lam_t=1.04500 lam_s=1.04950 tsr_diff=0.002729 integral_mean=-0.000036 integral_std=0.006005 log_ratio=-0.0864 accept=0.9172 swapped=True
i=9 pair=(2,1) lam_t=1.04500 lam_s=1.04950 tsr_diff=0.002729 integral_mean=0.000053 integral_std=0.005789 log_ratio=0.0000 accept=1.0000 swapped=True
i=10 pair=(0,1) lam_t=1.00000 lam_s=1.04500 tsr_diff=0.032198 integral_mean=0.000383 integral_std=0.087675 log_ratio=0.0000 accept=1.0000 swapped=True
i=10 pair=(2,3) lam_t=1.04950 lam_s=1.05000 tsr_diff=0.000344 integral_mean=0.000012 integral_std=0.000834 log_ratio=0.0000 accept=1.0000 swapped=True
i=10 pair=(1,0) lam_t=1.00000 lam_s=1.04500 tsr_diff=0.032198 integral_mean=-0.001089 integral_std=0.086606 log_ratio=-2.6129 accept=0.0733 swapped=False
i=10 pair=(3,2) lam_t=1.04950 lam_s=1.05000 tsr_diff=0.000344 integral_mean=-0.000008 integral_std=0.000778 log_ratio=-0.0197 accept=0.9805 swapped=True
i=11 pair=(0,2) lam_t=1.04500 lam_s=1.04950 tsr_diff=0.003437 integral_mean=0.000129 integral_std=0.009265 log_ratio=0.0000 accept=1.0000 swapped=True
i=11 pair=(2,0) lam_t=1.04500 lam_s=1.04950 tsr_diff=0.003437 integral_mean=-0.000004 integral_std=0.009205 log_ratio=-0.0094 accept=0.9907 swapped=True
i=12 pair=(1,0) lam_t=1.00000 lam_s=1.04500 tsr_diff=0.038747 integral_mean=0.004795 integral_std=0.135227 log_ratio=0.0000 accept=1.0000 swapped=True
i=12 pair=(2,3) lam_t=1.04950 lam_s=1.05000 tsr_diff=0.000410 integral_mean=-0.000036 integral_std=0.001278 log_ratio=-0.0863 accept=0.9173 swapped=True
i=12 pair=(0,1) lam_t=1.00000 lam_s=1.04500 tsr_diff=0.038747 integral_mean=-0.000546 integral_std=0.124213 log_ratio=-1.3113 accept=0.2695 swapped=False
i=12 pair=(3,2) lam_t=1.04950 lam_s=1.05000 tsr_diff=0.000410 integral_mean=0.000083 integral_std=0.001266 log_ratio=0.0000 accept=1.0000 swapped=True
i=13 pair=(1,2) lam_t=1.04500 lam_s=1.04950 tsr_diff=0.003916 integral_mean=0.000305 integral_std=0.013135 log_ratio=0.0000 accept=1.0000 swapped=True
i=13 pair=(2,1) lam_t=1.04500 lam_s=1.04950 tsr_diff=0.003916 integral_mean=-0.000184 integral_std=0.012433 log_ratio=-0.4425 accept=0.6425 swapped=True
i=14 pair=(0,1) lam_t=1.00000 lam_s=1.04500 tsr_diff=0.042457 integral_mean=0.011981 integral_std=0.367814 log_ratio=0.0000 accept=1.0000 swapped=True
i=14 pair=(2,3) lam_t=1.04950 lam_s=1.05000 tsr_diff=0.000448 integral_mean=-0.000256 integral_std=0.003749 log_ratio=-0.6141 accept=0.5411 swapped=False
i=14 pair=(1,0) lam_t=1.00000 lam_s=1.04500 tsr_diff=0.042457 integral_mean=-0.003413 integral_std=0.251505 log_ratio=-8.1913 accept=0.0003 swapped=False
i=14 pair=(2,3) lam_t=1.04950 lam_s=1.05000 tsr_diff=0.000448 integral_mean=-0.000239 integral_std=0.004042 log_ratio=-0.5741 accept=0.5632 swapped=False
Best Sample: 1 log probability -0.073
Saved 1 samples to: logs/pointmaze-giant-navigate-v0/inference/plans/release_H400_T256_LimitsNormalizer_b1_condFalse/2026-07-17 16:47:49/34/0.png
Saved 1 samples to: logs/pointmaze-giant-navigate-v0/inference/plans/release_H400_T256_LimitsNormalizer_b1_condFalse/2026-07-17 16:47:49/34/rollout.png
i=0 pair=(0,1) lam_t=1.00000 lam_s=1.04500 tsr_diff=0.000000 integral_mean=0.000000 integral_std=0.000000 log_ratio=0.0000 accept=1.0000 swapped=True
i=0 pair=(2,3) lam_t=1.04950 lam_s=1.05000 tsr_diff=0.000000 integral_mean=0.000000 integral_std=0.000000 log_ratio=0.0000 accept=1.0000 swapped=True
i=0 pair=(1,0) lam_t=1.00000 lam_s=1.04500 tsr_diff=0.000000 integral_mean=0.000000 integral_std=0.000000 log_ratio=0.0000 accept=1.0000 swapped=True
i=0 pair=(3,2) lam_t=1.04950 lam_s=1.05000 tsr_diff=0.000000 integral_mean=0.000000 integral_std=0.000000 log_ratio=0.0000 accept=1.0000 swapped=True
i=1 pair=(1,2) lam_t=1.04500 lam_s=1.04950 tsr_diff=0.000048 integral_mean=0.000002 integral_std=0.000093 log_ratio=0.0000 accept=1.0000 swapped=True
i=1 pair=(2,1) lam_t=1.04500 lam_s=1.04950 tsr_diff=0.000048 integral_mean=-0.000002 integral_std=0.000100 log_ratio=-0.0044 accept=0.9956 swapped=True
i=2 pair=(0,1) lam_t=1.00000 lam_s=1.04500 tsr_diff=0.001897 integral_mean=0.000075 integral_std=0.003856 log_ratio=0.0000 accept=1.0000 swapped=True
i=2 pair=(2,3) lam_t=1.04950 lam_s=1.05000 tsr_diff=0.000021 integral_mean=0.000000 integral_std=0.000044 log_ratio=0.0000 accept=1.0000 swapped=True
i=2 pair=(1,0) lam_t=1.00000 lam_s=1.04500 tsr_diff=0.001897 integral_mean=-0.000494 integral_std=0.004208 log_ratio=-1.1844 accept=0.3059 swapped=True
i=2 pair=(3,2) lam_t=1.04950 lam_s=1.05000 tsr_diff=0.000021 integral_mean=0.000002 integral_std=0.000042 log_ratio=0.0000 accept=1.0000 swapped=True
i=3 pair=(1,2) lam_t=1.04500 lam_s=1.04950 tsr_diff=0.000416 integral_mean=-0.000069 integral_std=0.000918 log_ratio=-0.1649 accept=0.8479 swapped=False
i=3 pair=(1,2) lam_t=1.04500 lam_s=1.04950 tsr_diff=0.000416 integral_mean=-0.000032 integral_std=0.001154 log_ratio=-0.0766 accept=0.9262 swapped=True
i=4 pair=(0,2) lam_t=1.00000 lam_s=1.04500 tsr_diff=0.007228 integral_mean=-0.000734 integral_std=0.017101 log_ratio=-1.7626 accept=0.1716 swapped=False
i=4 pair=(1,3) lam_t=1.04950 lam_s=1.05000 tsr_diff=0.000080 integral_mean=0.000003 integral_std=0.000174 log_ratio=0.0000 accept=1.0000 swapped=True
i=4 pair=(0,2) lam_t=1.00000 lam_s=1.04500 tsr_diff=0.007228 integral_mean=-0.000467 integral_std=0.016281 log_ratio=-1.1204 accept=0.3261 swapped=True
i=4 pair=(3,1) lam_t=1.04950 lam_s=1.05000 tsr_diff=0.000080 integral_mean=-0.000004 integral_std=0.000181 log_ratio=-0.0094 accept=0.9906 swapped=True
i=5 pair=(0,1) lam_t=1.04500 lam_s=1.04950 tsr_diff=0.001076 integral_mean=-0.000232 integral_std=0.002591 log_ratio=-0.5577 accept=0.5725 swapped=False
i=5 pair=(0,1) lam_t=1.04500 lam_s=1.04950 tsr_diff=0.001076 integral_mean=-0.000194 integral_std=0.002459 log_ratio=-0.4654 accept=0.6279 swapped=True
i=6 pair=(2,1) lam_t=1.00000 lam_s=1.04500 tsr_diff=0.015004 integral_mean=-0.001143 integral_std=0.035075 log_ratio=-2.7439 accept=0.0643 swapped=False
i=6 pair=(0,3) lam_t=1.04950 lam_s=1.05000 tsr_diff=0.000164 integral_mean=0.000002 integral_std=0.000387 log_ratio=0.0000 accept=1.0000 swapped=True
i=6 pair=(2,1) lam_t=1.00000 lam_s=1.04500 tsr_diff=0.015004 integral_mean=0.000388 integral_std=0.033757 log_ratio=0.0000 accept=1.0000 swapped=True
i=6 pair=(3,0) lam_t=1.04950 lam_s=1.05000 tsr_diff=0.000164 integral_mean=-0.000004 integral_std=0.000364 log_ratio=-0.0099 accept=0.9902 swapped=True
i=7 pair=(2,0) lam_t=1.04500 lam_s=1.04950 tsr_diff=0.001897 integral_mean=-0.000085 integral_std=0.004240 log_ratio=-0.2042 accept=0.8153 swapped=False
i=7 pair=(2,0) lam_t=1.04500 lam_s=1.04950 tsr_diff=0.001897 integral_mean=-0.000258 integral_std=0.004310 log_ratio=-0.6199 accept=0.5380 swapped=True
i=8 pair=(1,0) lam_t=1.00000 lam_s=1.04500 tsr_diff=0.023831 integral_mean=-0.001718 integral_std=0.061743 log_ratio=-4.1236 accept=0.0162 swapped=False
i=8 pair=(2,3) lam_t=1.04950 lam_s=1.05000 tsr_diff=0.000257 integral_mean=0.000011 integral_std=0.000616 log_ratio=0.0000 accept=1.0000 swapped=True
i=8 pair=(1,0) lam_t=1.00000 lam_s=1.04500 tsr_diff=0.023831 integral_mean=0.000930 integral_std=0.057952 log_ratio=0.0000 accept=1.0000 swapped=True
i=8 pair=(3,2) lam_t=1.04950 lam_s=1.05000 tsr_diff=0.000257 integral_mean=0.000009 integral_std=0.000584 log_ratio=0.0000 accept=1.0000 swapped=True
i=9 pair=(1,2) lam_t=1.04500 lam_s=1.04950 tsr_diff=0.002729 integral_mean=0.000466 integral_std=0.006339 log_ratio=0.0000 accept=1.0000 swapped=True
i=9 pair=(2,1) lam_t=1.04500 lam_s=1.04950 tsr_diff=0.002729 integral_mean=-0.000463 integral_std=0.006667 log_ratio=-1.1103 accept=0.3295 swapped=True
i=10 pair=(0,1) lam_t=1.00000 lam_s=1.04500 tsr_diff=0.032198 integral_mean=0.000020 integral_std=0.100081 log_ratio=0.0000 accept=1.0000 swapped=True
i=10 pair=(2,3) lam_t=1.04950 lam_s=1.05000 tsr_diff=0.000344 integral_mean=-0.000077 integral_std=0.000933 log_ratio=-0.1856 accept=0.8306 swapped=False
i=10 pair=(1,0) lam_t=1.00000 lam_s=1.04500 tsr_diff=0.032198 integral_mean=-0.005864 integral_std=0.110772 log_ratio=-14.0725 accept=0.0000 swapped=False
i=10 pair=(2,3) lam_t=1.04950 lam_s=1.05000 tsr_diff=0.000344 integral_mean=-0.000051 integral_std=0.000877 log_ratio=-0.1229 accept=0.8843 swapped=True
i=11 pair=(0,3) lam_t=1.04500 lam_s=1.04950 tsr_diff=0.003437 integral_mean=0.001212 integral_std=0.014950 log_ratio=0.0000 accept=1.0000 swapped=True
i=11 pair=(3,0) lam_t=1.04500 lam_s=1.04950 tsr_diff=0.003437 integral_mean=-0.000615 integral_std=0.012280 log_ratio=-1.4764 accept=0.2285 swapped=False
i=12 pair=(1,3) lam_t=1.00000 lam_s=1.04500 tsr_diff=0.038747 integral_mean=0.008179 integral_std=0.157279 log_ratio=0.0000 accept=1.0000 swapped=True
i=12 pair=(0,2) lam_t=1.04950 lam_s=1.05000 tsr_diff=0.000410 integral_mean=0.000047 integral_std=0.001282 log_ratio=0.0000 accept=1.0000 swapped=True
i=12 pair=(3,1) lam_t=1.00000 lam_s=1.04500 tsr_diff=0.038747 integral_mean=-0.011578 integral_std=0.142636 log_ratio=-27.7864 accept=0.0000 swapped=False
i=12 pair=(2,0) lam_t=1.04950 lam_s=1.05000 tsr_diff=0.000410 integral_mean=-0.000002 integral_std=0.001147 log_ratio=-0.0052 accept=0.9948 swapped=True
i=13 pair=(1,0) lam_t=1.04500 lam_s=1.04950 tsr_diff=0.003916 integral_mean=0.001171 integral_std=0.021607 log_ratio=0.0000 accept=1.0000 swapped=True
i=13 pair=(0,1) lam_t=1.04500 lam_s=1.04950 tsr_diff=0.003916 integral_mean=-0.000657 integral_std=0.017439 log_ratio=-1.5775 accept=0.2065 swapped=False
i=14 pair=(3,0) lam_t=1.00000 lam_s=1.04500 tsr_diff=0.042457 integral_mean=-0.028803 integral_std=0.440810 log_ratio=-69.1280 accept=0.0000 swapped=False
i=14 pair=(1,2) lam_t=1.04950 lam_s=1.05000 tsr_diff=0.000448 integral_mean=0.000453 integral_std=0.006107 log_ratio=0.0000 accept=1.0000 swapped=True
i=14 pair=(3,0) lam_t=1.00000 lam_s=1.04500 tsr_diff=0.042457 integral_mean=-0.014458 integral_std=0.322888 log_ratio=-34.6999 accept=0.0000 swapped=False
i=14 pair=(2,1) lam_t=1.04950 lam_s=1.05000 tsr_diff=0.000448 integral_mean=-0.000401 integral_std=0.006526 log_ratio=-0.9620 accept=0.3821 swapped=True
Best Sample: 3 log probability -0.787
Saved 1 samples to: logs/pointmaze-giant-navigate-v0/inference/plans/release_H400_T256_LimitsNormalizer_b1_condFalse/2026-07-17 16:47:49/35/0.png
Saved 1 samples to: logs/pointmaze-giant-navigate-v0/inference/plans/release_H400_T256_LimitsNormalizer_b1_condFalse/2026-07-17 16:47:49/35/rollout.png
i=0 pair=(0,1) lam_t=1.00000 lam_s=1.04500 tsr_diff=0.000000 integral_mean=0.000000 integral_std=0.000000 log_ratio=0.0000 accept=1.0000 swapped=True
i=0 pair=(2,3) lam_t=1.04950 lam_s=1.05000 tsr_diff=0.000000 integral_mean=0.000000 integral_std=0.000000 log_ratio=0.0000 accept=1.0000 swapped=True
i=0 pair=(1,0) lam_t=1.00000 lam_s=1.04500 tsr_diff=0.000000 integral_mean=0.000000 integral_std=0.000000 log_ratio=0.0000 accept=1.0000 swapped=True
i=0 pair=(3,2) lam_t=1.04950 lam_s=1.05000 tsr_diff=0.000000 integral_mean=0.000000 integral_std=0.000000 log_ratio=0.0000 accept=1.0000 swapped=True
i=1 pair=(1,2) lam_t=1.04500 lam_s=1.04950 tsr_diff=0.000048 integral_mean=-0.000000 integral_std=0.000102 log_ratio=-0.0010 accept=0.9990 swapped=True
i=1 pair=(2,1) lam_t=1.04500 lam_s=1.04950 tsr_diff=0.000048 integral_mean=0.000001 integral_std=0.000104 log_ratio=0.0000 accept=1.0000 swapped=True
i=2 pair=(0,1) lam_t=1.00000 lam_s=1.04500 tsr_diff=0.001897 integral_mean=-0.000186 integral_std=0.003964 log_ratio=-0.4465 accept=0.6399 swapped=False
i=2 pair=(2,3) lam_t=1.04950 lam_s=1.05000 tsr_diff=0.000021 integral_mean=-0.000001 integral_std=0.000043 log_ratio=-0.0020 accept=0.9980 swapped=True
i=2 pair=(0,1) lam_t=1.00000 lam_s=1.04500 tsr_diff=0.001897 integral_mean=-0.000196 integral_std=0.003839 log_ratio=-0.4704 accept=0.6247 swapped=True
i=2 pair=(3,2) lam_t=1.04950 lam_s=1.05000 tsr_diff=0.000021 integral_mean=-0.000004 integral_std=0.000046 log_ratio=-0.0102 accept=0.9898 swapped=True
i=3 pair=(0,2) lam_t=1.04500 lam_s=1.04950 tsr_diff=0.000416 integral_mean=-0.000067 integral_std=0.000876 log_ratio=-0.1606 accept=0.8516 swapped=False
i=3 pair=(0,2) lam_t=1.04500 lam_s=1.04950 tsr_diff=0.000416 integral_mean=-0.000022 integral_std=0.000889 log_ratio=-0.0529 accept=0.9485 swapped=True
i=4 pair=(1,2) lam_t=1.00000 lam_s=1.04500 tsr_diff=0.007228 integral_mean=-0.000172 integral_std=0.014014 log_ratio=-0.4118 accept=0.6625 swapped=True
i=4 pair=(0,3) lam_t=1.04950 lam_s=1.05000 tsr_diff=0.000080 integral_mean=0.000007 integral_std=0.000168 log_ratio=0.0000 accept=1.0000 swapped=True
i=4 pair=(2,1) lam_t=1.00000 lam_s=1.04500 tsr_diff=0.007228 integral_mean=0.000134 integral_std=0.014919 log_ratio=0.0000 accept=1.0000 swapped=True
i=4 pair=(3,0) lam_t=1.04950 lam_s=1.05000 tsr_diff=0.000080 integral_mean=-0.000007 integral_std=0.000162 log_ratio=-0.0158 accept=0.9844 swapped=True
i=5 pair=(2,0) lam_t=1.04500 lam_s=1.04950 tsr_diff=0.001076 integral_mean=0.000028 integral_std=0.002336 log_ratio=0.0000 accept=1.0000 swapped=True
i=5 pair=(0,2) lam_t=1.04500 lam_s=1.04950 tsr_diff=0.001076 integral_mean=-0.000074 integral_std=0.002193 log_ratio=-0.1781 accept=0.8368 swapped=True
i=6 pair=(1,2) lam_t=1.00000 lam_s=1.04500 tsr_diff=0.015004 integral_mean=-0.000850 integral_std=0.032995 log_ratio=-2.0389 accept=0.1302 swapped=False
i=6 pair=(0,3) lam_t=1.04950 lam_s=1.05000 tsr_diff=0.000164 integral_mean=0.000004 integral_std=0.000319 log_ratio=0.0000 accept=1.0000 swapped=True
i=6 pair=(1,2) lam_t=1.00000 lam_s=1.04500 tsr_diff=0.015004 integral_mean=-0.000191 integral_std=0.032247 log_ratio=-0.4577 accept=0.6327 swapped=False
i=6 pair=(3,0) lam_t=1.04950 lam_s=1.05000 tsr_diff=0.000164 integral_mean=-0.000006 integral_std=0.000311 log_ratio=-0.0137 accept=0.9863 swapped=True
i=7 pair=(2,0) lam_t=1.04500 lam_s=1.04950 tsr_diff=0.001897 integral_mean=0.000018 integral_std=0.004074 log_ratio=0.0000 accept=1.0000 swapped=True
i=7 pair=(0,2) lam_t=1.04500 lam_s=1.04950 tsr_diff=0.001897 integral_mean=-0.000079 integral_std=0.004039 log_ratio=-0.1887 accept=0.8280 swapped=True
i=8 pair=(1,2) lam_t=1.00000 lam_s=1.04500 tsr_diff=0.023831 integral_mean=-0.000786 integral_std=0.056857 log_ratio=-1.8865 accept=0.1516 swapped=False
i=8 pair=(0,3) lam_t=1.04950 lam_s=1.05000 tsr_diff=0.000257 integral_mean=-0.000002 integral_std=0.000519 log_ratio=-0.0045 accept=0.9955 swapped=True
i=8 pair=(1,2) lam_t=1.00000 lam_s=1.04500 tsr_diff=0.023831 integral_mean=-0.000954 integral_std=0.055531 log_ratio=-2.2893 accept=0.1013 swapped=False
i=8 pair=(3,0) lam_t=1.04950 lam_s=1.05000 tsr_diff=0.000257 integral_mean=-0.000006 integral_std=0.000544 log_ratio=-0.0138 accept=0.9863 swapped=True
i=9 pair=(2,0) lam_t=1.04500 lam_s=1.04950 tsr_diff=0.002729 integral_mean=-0.000092 integral_std=0.006526 log_ratio=-0.2208 accept=0.8019 swapped=True
i=9 pair=(0,2) lam_t=1.04500 lam_s=1.04950 tsr_diff=0.002729 integral_mean=0.000110 integral_std=0.006369 log_ratio=0.0000 accept=1.0000 swapped=True
i=10 pair=(1,2) lam_t=1.00000 lam_s=1.04500 tsr_diff=0.032198 integral_mean=0.000737 integral_std=0.084371 log_ratio=0.0000 accept=1.0000 swapped=True
i=10 pair=(0,3) lam_t=1.04950 lam_s=1.05000 tsr_diff=0.000344 integral_mean=0.000036 integral_std=0.000696 log_ratio=0.0000 accept=1.0000 swapped=True
i=10 pair=(2,1) lam_t=1.00000 lam_s=1.04500 tsr_diff=0.032198 integral_mean=-0.003533 integral_std=0.083528 log_ratio=-8.4786 accept=0.0002 swapped=False
i=10 pair=(3,0) lam_t=1.04950 lam_s=1.05000 tsr_diff=0.000344 integral_mean=-0.000021 integral_std=0.000702 log_ratio=-0.0504 accept=0.9509 swapped=True
i=11 pair=(1,0) lam_t=1.04500 lam_s=1.04950 tsr_diff=0.003437 integral_mean=0.000090 integral_std=0.008193 log_ratio=0.0000 accept=1.0000 swapped=True
i=11 pair=(0,1) lam_t=1.04500 lam_s=1.04950 tsr_diff=0.003437 integral_mean=-0.000241 integral_std=0.008285 log_ratio=-0.5783 accept=0.5609 swapped=True
i=12 pair=(2,1) lam_t=1.00000 lam_s=1.04500 tsr_diff=0.038747 integral_mean=-0.002620 integral_std=0.131100 log_ratio=-6.2872 accept=0.0019 swapped=False
i=12 pair=(0,3) lam_t=1.04950 lam_s=1.05000 tsr_diff=0.000410 integral_mean=0.000024 integral_std=0.000877 log_ratio=0.0000 accept=1.0000 swapped=True
i=12 pair=(2,1) lam_t=1.00000 lam_s=1.04500 tsr_diff=0.038747 integral_mean=-0.007891 integral_std=0.146905 log_ratio=-18.9385 accept=0.0000 swapped=False
i=12 pair=(3,0) lam_t=1.04950 lam_s=1.05000 tsr_diff=0.000410 integral_mean=-0.000020 integral_std=0.000822 log_ratio=-0.0477 accept=0.9534 swapped=False
i=13 pair=(1,3) lam_t=1.04500 lam_s=1.04950 tsr_diff=0.003916 integral_mean=0.000864 integral_std=0.011918 log_ratio=0.0000 accept=1.0000 swapped=True
i=13 pair=(3,1) lam_t=1.04500 lam_s=1.04950 tsr_diff=0.003916 integral_mean=-0.001411 integral_std=0.013541 log_ratio=-3.3875 accept=0.0338 swapped=False
i=14 pair=(2,3) lam_t=1.00000 lam_s=1.04500 tsr_diff=0.042457 integral_mean=0.009769 integral_std=0.287416 log_ratio=0.0000 accept=1.0000 swapped=True
i=14 pair=(1,0) lam_t=1.04950 lam_s=1.05000 tsr_diff=0.000448 integral_mean=0.000206 integral_std=0.001933 log_ratio=0.0000 accept=1.0000 swapped=True
i=14 pair=(3,2) lam_t=1.00000 lam_s=1.04500 tsr_diff=0.042457 integral_mean=0.001701 integral_std=0.253111 log_ratio=0.0000 accept=1.0000 swapped=True
i=14 pair=(0,1) lam_t=1.04950 lam_s=1.05000 tsr_diff=0.000448 integral_mean=-0.000256 integral_std=0.002743 log_ratio=-0.6140 accept=0.5412 swapped=True
Best Sample: 3 log probability -0.013
Saved 1 samples to: logs/pointmaze-giant-navigate-v0/inference/plans/release_H400_T256_LimitsNormalizer_b1_condFalse/2026-07-17 16:47:49/36/0.png
Saved 1 samples to: logs/pointmaze-giant-navigate-v0/inference/plans/release_H400_T256_LimitsNormalizer_b1_condFalse/2026-07-17 16:47:49/36/rollout.png
i=0 pair=(0,1) lam_t=1.00000 lam_s=1.04500 tsr_diff=0.000000 integral_mean=0.000000 integral_std=0.000000 log_ratio=0.0000 accept=1.0000 swapped=True
i=0 pair=(2,3) lam_t=1.04950 lam_s=1.05000 tsr_diff=0.000000 integral_mean=0.000000 integral_std=0.000000 log_ratio=0.0000 accept=1.0000 swapped=True
i=0 pair=(1,0) lam_t=1.00000 lam_s=1.04500 tsr_diff=0.000000 integral_mean=0.000000 integral_std=0.000000 log_ratio=0.0000 accept=1.0000 swapped=True
i=0 pair=(3,2) lam_t=1.04950 lam_s=1.05000 tsr_diff=0.000000 integral_mean=0.000000 integral_std=0.000000 log_ratio=0.0000 accept=1.0000 swapped=True
i=1 pair=(1,2) lam_t=1.04500 lam_s=1.04950 tsr_diff=0.000048 integral_mean=-0.000001 integral_std=0.000093 log_ratio=-0.0019 accept=0.9981 swapped=True
i=1 pair=(2,1) lam_t=1.04500 lam_s=1.04950 tsr_diff=0.000048 integral_mean=-0.000002 integral_std=0.000097 log_ratio=-0.0048 accept=0.9952 swapped=True
i=2 pair=(0,1) lam_t=1.00000 lam_s=1.04500 tsr_diff=0.001897 integral_mean=-0.000160 integral_std=0.004139 log_ratio=-0.3834 accept=0.6815 swapped=True
i=2 pair=(2,3) lam_t=1.04950 lam_s=1.05000 tsr_diff=0.000021 integral_mean=0.000001 integral_std=0.000047 log_ratio=0.0000 accept=1.0000 swapped=True
i=2 pair=(1,0) lam_t=1.00000 lam_s=1.04500 tsr_diff=0.001897 integral_mean=0.000121 integral_std=0.003968 log_ratio=0.0000 accept=1.0000 swapped=True
i=2 pair=(3,2) lam_t=1.04950 lam_s=1.05000 tsr_diff=0.000021 integral_mean=0.000001 integral_std=0.000043 log_ratio=0.0000 accept=1.0000 swapped=True
i=3 pair=(1,2) lam_t=1.04500 lam_s=1.04950 tsr_diff=0.000416 integral_mean=0.000017 integral_std=0.000838 log_ratio=0.0000 accept=1.0000 swapped=True
i=3 pair=(2,1) lam_t=1.04500 lam_s=1.04950 tsr_diff=0.000416 integral_mean=-0.000040 integral_std=0.000859 log_ratio=-0.0953 accept=0.9091 swapped=False
i=4 pair=(0,2) lam_t=1.00000 lam_s=1.04500 tsr_diff=0.007228 integral_mean=0.000547 integral_std=0.014588 log_ratio=0.0000 accept=1.0000 swapped=True
i=4 pair=(1,3) lam_t=1.04950 lam_s=1.05000 tsr_diff=0.000080 integral_mean=0.000003 integral_std=0.000170 log_ratio=0.0000 accept=1.0000 swapped=True
i=4 pair=(2,0) lam_t=1.00000 lam_s=1.04500 tsr_diff=0.007228 integral_mean=-0.000029 integral_std=0.014900 log_ratio=-0.0700 accept=0.9324 swapped=True
i=4 pair=(3,1) lam_t=1.04950 lam_s=1.05000 tsr_diff=0.000080 integral_mean=-0.000007 integral_std=0.000174 log_ratio=-0.0169 accept=0.9833 swapped=True
i=5 pair=(2,1) lam_t=1.04500 lam_s=1.04950 tsr_diff=0.001076 integral_mean=-0.000167 integral_std=0.002310 log_ratio=-0.4007 accept=0.6699 swapped=False
i=5 pair=(2,1) lam_t=1.04500 lam_s=1.04950 tsr_diff=0.001076 integral_mean=-0.000049 integral_std=0.002302 log_ratio=-0.1171 accept=0.8895 swapped=True
i=6 pair=(0,1) lam_t=1.00000 lam_s=1.04500 tsr_diff=0.015004 integral_mean=0.000175 integral_std=0.031273 log_ratio=0.0000 accept=1.0000 swapped=True
i=6 pair=(2,3) lam_t=1.04950 lam_s=1.05000 tsr_diff=0.000164 integral_mean=-0.000007 integral_std=0.000363 log_ratio=-0.0163 accept=0.9838 swapped=True
i=6 pair=(1,0) lam_t=1.00000 lam_s=1.04500 tsr_diff=0.015004 integral_mean=-0.000145 integral_std=0.030912 log_ratio=-0.3491 accept=0.7053 swapped=False
i=6 pair=(3,2) lam_t=1.04950 lam_s=1.05000 tsr_diff=0.000164 integral_mean=-0.000001 integral_std=0.000358 log_ratio=-0.0029 accept=0.9971 swapped=True
i=7 pair=(0,2) lam_t=1.04500 lam_s=1.04950 tsr_diff=0.001897 integral_mean=-0.000055 integral_std=0.004304 log_ratio=-0.1313 accept=0.8770 swapped=True
i=7 pair=(2,0) lam_t=1.04500 lam_s=1.04950 tsr_diff=0.001897 integral_mean=0.000067 integral_std=0.004158 log_ratio=0.0000 accept=1.0000 swapped=True
i=8 pair=(1,0) lam_t=1.00000 lam_s=1.04500 tsr_diff=0.023831 integral_mean=0.003200 integral_std=0.054953 log_ratio=0.0000 accept=1.0000 swapped=True
i=8 pair=(2,3) lam_t=1.04950 lam_s=1.05000 tsr_diff=0.000257 integral_mean=-0.000010 integral_std=0.000624 log_ratio=-0.0237 accept=0.9765 swapped=True
i=8 pair=(0,1) lam_t=1.00000 lam_s=1.04500 tsr_diff=0.023831 integral_mean=-0.002939 integral_std=0.053538 log_ratio=-7.0527 accept=0.0009 swapped=False
i=8 pair=(3,2) lam_t=1.04950 lam_s=1.05000 tsr_diff=0.000257 integral_mean=0.000036 integral_std=0.000648 log_ratio=0.0000 accept=1.0000 swapped=True
i=9 pair=(1,2) lam_t=1.04500 lam_s=1.04950 tsr_diff=0.002729 integral_mean=0.000520 integral_std=0.006802 log_ratio=0.0000 accept=1.0000 swapped=True
i=9 pair=(2,1) lam_t=1.04500 lam_s=1.04950 tsr_diff=0.002729 integral_mean=-0.000303 integral_std=0.006388 log_ratio=-0.7270 accept=0.4833 swapped=True
i=10 pair=(0,1) lam_t=1.00000 lam_s=1.04500 tsr_diff=0.032198 integral_mean=-0.005176 integral_std=0.087069 log_ratio=-12.4220 accept=0.0000 swapped=False
i=10 pair=(2,3) lam_t=1.04950 lam_s=1.05000 tsr_diff=0.000344 integral_mean=-0.000063 integral_std=0.000885 log_ratio=-0.1514 accept=0.8595 swapped=True
i=10 pair=(0,1) lam_t=1.00000 lam_s=1.04500 tsr_diff=0.032198 integral_mean=-0.004011 integral_std=0.077775 log_ratio=-9.6271 accept=0.0001 swapped=False
i=10 pair=(3,2) lam_t=1.04950 lam_s=1.05000 tsr_diff=0.000344 integral_mean=0.000061 integral_std=0.000896 log_ratio=0.0000 accept=1.0000 swapped=True
i=11 pair=(1,2) lam_t=1.04500 lam_s=1.04950 tsr_diff=0.003437 integral_mean=0.000558 integral_std=0.008834 log_ratio=0.0000 accept=1.0000 swapped=True
i=11 pair=(2,1) lam_t=1.04500 lam_s=1.04950 tsr_diff=0.003437 integral_mean=-0.000554 integral_std=0.009221 log_ratio=-1.3296 accept=0.2646 swapped=False
i=12 pair=(0,2) lam_t=1.00000 lam_s=1.04500 tsr_diff=0.038747 integral_mean=0.006256 integral_std=0.093792 log_ratio=0.0000 accept=1.0000 swapped=True
i=12 pair=(1,3) lam_t=1.04950 lam_s=1.05000 tsr_diff=0.000410 integral_mean=-0.000064 integral_std=0.001865 log_ratio=-0.1526 accept=0.8585 swapped=True
i=12 pair=(2,0) lam_t=1.00000 lam_s=1.04500 tsr_diff=0.038747 integral_mean=-0.001451 integral_std=0.086903 log_ratio=-3.4822 accept=0.0307 swapped=False
i=12 pair=(3,1) lam_t=1.04950 lam_s=1.05000 tsr_diff=0.000410 integral_mean=0.000007 integral_std=0.001488 log_ratio=0.0000 accept=1.0000 swapped=True
i=13 pair=(0,1) lam_t=1.04500 lam_s=1.04950 tsr_diff=0.003916 integral_mean=-0.000507 integral_std=0.018768 log_ratio=-1.2179 accept=0.2958 swapped=True
i=13 pair=(1,0) lam_t=1.04500 lam_s=1.04950 tsr_diff=0.003916 integral_mean=0.000696 integral_std=0.018583 log_ratio=0.0000 accept=1.0000 swapped=True
i=14 pair=(2,0) lam_t=1.00000 lam_s=1.04500 tsr_diff=0.042457 integral_mean=-0.038549 integral_std=0.322014 log_ratio=-92.5188 accept=0.0000 swapped=False
i=14 pair=(1,3) lam_t=1.04950 lam_s=1.05000 tsr_diff=0.000448 integral_mean=0.000299 integral_std=0.007586 log_ratio=0.0000 accept=1.0000 swapped=True
i=14 pair=(2,0) lam_t=1.00000 lam_s=1.04500 tsr_diff=0.042457 integral_mean=-0.004941 integral_std=0.156561 log_ratio=-11.8588 accept=0.0000 swapped=False
i=14 pair=(3,1) lam_t=1.04950 lam_s=1.05000 tsr_diff=0.000448 integral_mean=-0.000505 integral_std=0.007661 log_ratio=-1.2110 accept=0.2979 swapped=False
Best Sample: 2 log probability -11.884
Saved 1 samples to: logs/pointmaze-giant-navigate-v0/inference/plans/release_H400_T256_LimitsNormalizer_b1_condFalse/2026-07-17 16:47:49/37/0.png
Saved 1 samples to: logs/pointmaze-giant-navigate-v0/inference/plans/release_H400_T256_LimitsNormalizer_b1_condFalse/2026-07-17 16:47:49/37/rollout.png
i=0 pair=(0,1) lam_t=1.00000 lam_s=1.04500 tsr_diff=0.000000 integral_mean=0.000000 integral_std=0.000000 log_ratio=0.0000 accept=1.0000 swapped=True
i=0 pair=(2,3) lam_t=1.04950 lam_s=1.05000 tsr_diff=0.000000 integral_mean=0.000000 integral_std=0.000000 log_ratio=0.0000 accept=1.0000 swapped=True
i=0 pair=(1,0) lam_t=1.00000 lam_s=1.04500 tsr_diff=0.000000 integral_mean=0.000000 integral_std=0.000000 log_ratio=0.0000 accept=1.0000 swapped=True
i=0 pair=(3,2) lam_t=1.04950 lam_s=1.05000 tsr_diff=0.000000 integral_mean=0.000000 integral_std=0.000000 log_ratio=0.0000 accept=1.0000 swapped=True
i=1 pair=(1,2) lam_t=1.04500 lam_s=1.04950 tsr_diff=0.000048 integral_mean=0.000002 integral_std=0.000097 log_ratio=0.0000 accept=1.0000 swapped=True
i=1 pair=(2,1) lam_t=1.04500 lam_s=1.04950 tsr_diff=0.000048 integral_mean=0.000000 integral_std=0.000095 log_ratio=0.0000 accept=1.0000 swapped=True
i=2 pair=(0,1) lam_t=1.00000 lam_s=1.04500 tsr_diff=0.001897 integral_mean=-0.000021 integral_std=0.003857 log_ratio=-0.0513 accept=0.9500 swapped=True
i=2 pair=(2,3) lam_t=1.04950 lam_s=1.05000 tsr_diff=0.000021 integral_mean=0.000001 integral_std=0.000042 log_ratio=0.0000 accept=1.0000 swapped=True
i=2 pair=(1,0) lam_t=1.00000 lam_s=1.04500 tsr_diff=0.001897 integral_mean=-0.000011 integral_std=0.003816 log_ratio=-0.0266 accept=0.9737 swapped=True
i=2 pair=(3,2) lam_t=1.04950 lam_s=1.05000 tsr_diff=0.000021 integral_mean=0.000000 integral_std=0.000044 log_ratio=0.0000 accept=1.0000 swapped=True
i=3 pair=(1,2) lam_t=1.04500 lam_s=1.04950 tsr_diff=0.000416 integral_mean=0.000194 integral_std=0.001039 log_ratio=0.0000 accept=1.0000 swapped=True
i=3 pair=(2,1) lam_t=1.04500 lam_s=1.04950 tsr_diff=0.000416 integral_mean=-0.000051 integral_std=0.000869 log_ratio=-0.1232 accept=0.8840 swapped=True
i=4 pair=(0,1) lam_t=1.00000 lam_s=1.04500 tsr_diff=0.007228 integral_mean=-0.000365 integral_std=0.015128 log_ratio=-0.8767 accept=0.4161 swapped=False
i=4 pair=(2,3) lam_t=1.04950 lam_s=1.05000 tsr_diff=0.000080 integral_mean=-0.000005 integral_std=0.000155 log_ratio=-0.0128 accept=0.9873 swapped=True
i=4 pair=(0,1) lam_t=1.00000 lam_s=1.04500 tsr_diff=0.007228 integral_mean=-0.000318 integral_std=0.015727 log_ratio=-0.7633 accept=0.4661 swapped=True
i=4 pair=(3,2) lam_t=1.04950 lam_s=1.05000 tsr_diff=0.000080 integral_mean=0.000001 integral_std=0.000160 log_ratio=0.0000 accept=1.0000 swapped=True
i=5 pair=(0,2) lam_t=1.04500 lam_s=1.04950 tsr_diff=0.001076 integral_mean=0.000054 integral_std=0.002119 log_ratio=0.0000 accept=1.0000 swapped=True
i=5 pair=(2,0) lam_t=1.04500 lam_s=1.04950 tsr_diff=0.001076 integral_mean=-0.000003 integral_std=0.002112 log_ratio=-0.0064 accept=0.9936 swapped=True
i=6 pair=(1,0) lam_t=1.00000 lam_s=1.04500 tsr_diff=0.015004 integral_mean=0.000700 integral_std=0.030316 log_ratio=0.0000 accept=1.0000 swapped=True
i=6 pair=(2,3) lam_t=1.04950 lam_s=1.05000 tsr_diff=0.000164 integral_mean=0.000007 integral_std=0.000309 log_ratio=0.0000 accept=1.0000 swapped=True
i=6 pair=(0,1) lam_t=1.00000 lam_s=1.04500 tsr_diff=0.015004 integral_mean=-0.000616 integral_std=0.030350 log_ratio=-1.4790 accept=0.2279 swapped=False
i=6 pair=(3,2) lam_t=1.04950 lam_s=1.05000 tsr_diff=0.000164 integral_mean=-0.000019 integral_std=0.000330 log_ratio=-0.0467 accept=0.9544 swapped=True
i=7 pair=(1,2) lam_t=1.04500 lam_s=1.04950 tsr_diff=0.001897 integral_mean=-0.000042 integral_std=0.004124 log_ratio=-0.1009 accept=0.9040 swapped=True
i=7 pair=(2,1) lam_t=1.04500 lam_s=1.04950 tsr_diff=0.001897 integral_mean=0.000004 integral_std=0.004023 log_ratio=0.0000 accept=1.0000 swapped=True
i=8 pair=(0,1) lam_t=1.00000 lam_s=1.04500 tsr_diff=0.023831 integral_mean=-0.001421 integral_std=0.049594 log_ratio=-3.4107 accept=0.0330 swapped=False
i=8 pair=(2,3) lam_t=1.04950 lam_s=1.05000 tsr_diff=0.000257 integral_mean=0.000018 integral_std=0.000503 log_ratio=0.0000 accept=1.0000 swapped=True
i=8 pair=(0,1) lam_t=1.00000 lam_s=1.04500 tsr_diff=0.023831 integral_mean=-0.000830 integral_std=0.047806 log_ratio=-1.9924 accept=0.1364 swapped=True
i=8 pair=(3,2) lam_t=1.04950 lam_s=1.05000 tsr_diff=0.000257 integral_mean=-0.000007 integral_std=0.000522 log_ratio=-0.0176 accept=0.9825 swapped=True
i=9 pair=(0,2) lam_t=1.04500 lam_s=1.04950 tsr_diff=0.002729 integral_mean=-0.000137 integral_std=0.005663 log_ratio=-0.3286 accept=0.7200 swapped=True
i=9 pair=(2,0) lam_t=1.04500 lam_s=1.04950 tsr_diff=0.002729 integral_mean=-0.000002 integral_std=0.005695 log_ratio=-0.0045 accept=0.9955 swapped=True
i=10 pair=(1,0) lam_t=1.00000 lam_s=1.04500 tsr_diff=0.032198 integral_mean=0.001047 integral_std=0.067610 log_ratio=0.0000 accept=1.0000 swapped=True
i=10 pair=(2,3) lam_t=1.04950 lam_s=1.05000 tsr_diff=0.000344 integral_mean=0.000009 integral_std=0.000692 log_ratio=0.0000 accept=1.0000 swapped=True
i=10 pair=(0,1) lam_t=1.00000 lam_s=1.04500 tsr_diff=0.032198 integral_mean=0.000669 integral_std=0.065471 log_ratio=0.0000 accept=1.0000 swapped=True
i=10 pair=(3,2) lam_t=1.04950 lam_s=1.05000 tsr_diff=0.000344 integral_mean=0.000001 integral_std=0.000706 log_ratio=0.0000 accept=1.0000 swapped=True
i=11 pair=(0,2) lam_t=1.04500 lam_s=1.04950 tsr_diff=0.003437 integral_mean=-0.000031 integral_std=0.007092 log_ratio=-0.0752 accept=0.9275 swapped=True
i=11 pair=(2,0) lam_t=1.04500 lam_s=1.04950 tsr_diff=0.003437 integral_mean=0.000146 integral_std=0.006977 log_ratio=0.0000 accept=1.0000 swapped=True
i=12 pair=(1,0) lam_t=1.00000 lam_s=1.04500 tsr_diff=0.038747 integral_mean=-0.000303 integral_std=0.086369 log_ratio=-0.7282 accept=0.4828 swapped=False
i=12 pair=(2,3) lam_t=1.04950 lam_s=1.05000 tsr_diff=0.000410 integral_mean=0.000028 integral_std=0.000858 log_ratio=0.0000 accept=1.0000 swapped=True
i=12 pair=(1,0) lam_t=1.00000 lam_s=1.04500 tsr_diff=0.038747 integral_mean=0.000813 integral_std=0.082847 log_ratio=0.0000 accept=1.0000 swapped=True
i=12 pair=(3,2) lam_t=1.04950 lam_s=1.05000 tsr_diff=0.000410 integral_mean=-0.000026 integral_std=0.000872 log_ratio=-0.0628 accept=0.9392 swapped=True
i=13 pair=(1,2) lam_t=1.04500 lam_s=1.04950 tsr_diff=0.003916 integral_mean=0.000302 integral_std=0.008951 log_ratio=0.0000 accept=1.0000 swapped=True
i=13 pair=(2,1) lam_t=1.04500 lam_s=1.04950 tsr_diff=0.003916 integral_mean=-0.000326 integral_std=0.009060 log_ratio=-0.7826 accept=0.4572 swapped=True
i=14 pair=(0,1) lam_t=1.00000 lam_s=1.04500 tsr_diff=0.042457 integral_mean=-0.015487 integral_std=0.152736 log_ratio=-37.1684 accept=0.0000 swapped=False
i=14 pair=(2,3) lam_t=1.04950 lam_s=1.05000 tsr_diff=0.000448 integral_mean=-0.000059 integral_std=0.001236 log_ratio=-0.1414 accept=0.8682 swapped=True
i=14 pair=(0,1) lam_t=1.00000 lam_s=1.04500 tsr_diff=0.042457 integral_mean=-0.002553 integral_std=0.110444 log_ratio=-6.1271 accept=0.0022 swapped=False
i=14 pair=(3,2) lam_t=1.04950 lam_s=1.05000 tsr_diff=0.000448 integral_mean=0.000012 integral_std=0.001002 log_ratio=0.0000 accept=1.0000 swapped=True
Best Sample: 3 log probability -0.187
Saved 1 samples to: logs/pointmaze-giant-navigate-v0/inference/plans/release_H400_T256_LimitsNormalizer_b1_condFalse/2026-07-17 16:47:49/38/0.png
Saved 1 samples to: logs/pointmaze-giant-navigate-v0/inference/plans/release_H400_T256_LimitsNormalizer_b1_condFalse/2026-07-17 16:47:49/38/rollout.png
i=0 pair=(0,1) lam_t=1.00000 lam_s=1.04500 tsr_diff=0.000000 integral_mean=0.000000 integral_std=0.000000 log_ratio=0.0000 accept=1.0000 swapped=True
i=0 pair=(2,3) lam_t=1.04950 lam_s=1.05000 tsr_diff=0.000000 integral_mean=0.000000 integral_std=0.000000 log_ratio=0.0000 accept=1.0000 swapped=True
i=0 pair=(1,0) lam_t=1.00000 lam_s=1.04500 tsr_diff=0.000000 integral_mean=0.000000 integral_std=0.000000 log_ratio=0.0000 accept=1.0000 swapped=True
i=0 pair=(3,2) lam_t=1.04950 lam_s=1.05000 tsr_diff=0.000000 integral_mean=0.000000 integral_std=0.000000 log_ratio=0.0000 accept=1.0000 swapped=True
i=1 pair=(1,2) lam_t=1.04500 lam_s=1.04950 tsr_diff=0.000048 integral_mean=0.000001 integral_std=0.000098 log_ratio=0.0000 accept=1.0000 swapped=True
i=1 pair=(2,1) lam_t=1.04500 lam_s=1.04950 tsr_diff=0.000048 integral_mean=0.000001 integral_std=0.000096 log_ratio=0.0000 accept=1.0000 swapped=True
i=2 pair=(0,1) lam_t=1.00000 lam_s=1.04500 tsr_diff=0.001897 integral_mean=0.000330 integral_std=0.004264 log_ratio=0.0000 accept=1.0000 swapped=True
i=2 pair=(2,3) lam_t=1.04950 lam_s=1.05000 tsr_diff=0.000021 integral_mean=0.000001 integral_std=0.000044 log_ratio=0.0000 accept=1.0000 swapped=True
i=2 pair=(1,0) lam_t=1.00000 lam_s=1.04500 tsr_diff=0.001897 integral_mean=-0.000032 integral_std=0.003915 log_ratio=-0.0765 accept=0.9263 swapped=True
i=2 pair=(3,2) lam_t=1.04950 lam_s=1.05000 tsr_diff=0.000021 integral_mean=-0.000001 integral_std=0.000043 log_ratio=-0.0026 accept=0.9974 swapped=True
i=3 pair=(1,2) lam_t=1.04500 lam_s=1.04950 tsr_diff=0.000416 integral_mean=-0.000012 integral_std=0.000916 log_ratio=-0.0279 accept=0.9725 swapped=True
i=3 pair=(2,1) lam_t=1.04500 lam_s=1.04950 tsr_diff=0.000416 integral_mean=0.000010 integral_std=0.000883 log_ratio=0.0000 accept=1.0000 swapped=True
i=4 pair=(0,1) lam_t=1.00000 lam_s=1.04500 tsr_diff=0.007228 integral_mean=0.000103 integral_std=0.015731 log_ratio=0.0000 accept=1.0000 swapped=True
i=4 pair=(2,3) lam_t=1.04950 lam_s=1.05000 tsr_diff=0.000080 integral_mean=0.000001 integral_std=0.000173 log_ratio=0.0000 accept=1.0000 swapped=True
i=4 pair=(1,0) lam_t=1.00000 lam_s=1.04500 tsr_diff=0.007228 integral_mean=-0.000378 integral_std=0.014491 log_ratio=-0.9068 accept=0.4038 swapped=False
i=4 pair=(3,2) lam_t=1.04950 lam_s=1.05000 tsr_diff=0.000080 integral_mean=0.000008 integral_std=0.000178 log_ratio=0.0000 accept=1.0000 swapped=True
i=5 pair=(0,2) lam_t=1.04500 lam_s=1.04950 tsr_diff=0.001076 integral_mean=-0.000040 integral_std=0.002153 log_ratio=-0.0954 accept=0.9091 swapped=True
i=5 pair=(2,0) lam_t=1.04500 lam_s=1.04950 tsr_diff=0.001076 integral_mean=-0.000001 integral_std=0.002212 log_ratio=-0.0015 accept=0.9985 swapped=True
i=6 pair=(1,0) lam_t=1.00000 lam_s=1.04500 tsr_diff=0.015004 integral_mean=-0.000695 integral_std=0.032278 log_ratio=-1.6671 accept=0.1888 swapped=True
i=6 pair=(2,3) lam_t=1.04950 lam_s=1.05000 tsr_diff=0.000164 integral_mean=-0.000014 integral_std=0.000372 log_ratio=-0.0340 accept=0.9666 swapped=True
i=6 pair=(0,1) lam_t=1.00000 lam_s=1.04500 tsr_diff=0.015004 integral_mean=-0.000026 integral_std=0.031898 log_ratio=-0.0614 accept=0.9404 swapped=True
i=6 pair=(3,2) lam_t=1.04950 lam_s=1.05000 tsr_diff=0.000164 integral_mean=0.000018 integral_std=0.000359 log_ratio=0.0000 accept=1.0000 swapped=True
i=7 pair=(0,2) lam_t=1.04500 lam_s=1.04950 tsr_diff=0.001897 integral_mean=-0.000124 integral_std=0.003908 log_ratio=-0.2970 accept=0.7431 swapped=True
i=7 pair=(2,0) lam_t=1.04500 lam_s=1.04950 tsr_diff=0.001897 integral_mean=0.000068 integral_std=0.003992 log_ratio=0.0000 accept=1.0000 swapped=True
i=8 pair=(1,0) lam_t=1.00000 lam_s=1.04500 tsr_diff=0.023831 integral_mean=0.001796 integral_std=0.054309 log_ratio=0.0000 accept=1.0000 swapped=True
i=8 pair=(2,3) lam_t=1.04950 lam_s=1.05000 tsr_diff=0.000257 integral_mean=-0.000031 integral_std=0.000620 log_ratio=-0.0734 accept=0.9292 swapped=True
i=8 pair=(0,1) lam_t=1.00000 lam_s=1.04500 tsr_diff=0.023831 integral_mean=-0.001476 integral_std=0.054142 log_ratio=-3.5422 accept=0.0289 swapped=False
i=8 pair=(3,2) lam_t=1.04950 lam_s=1.05000 tsr_diff=0.000257 integral_mean=0.000012 integral_std=0.000595 log_ratio=0.0000 accept=1.0000 swapped=True
i=9 pair=(1,2) lam_t=1.04500 lam_s=1.04950 tsr_diff=0.002729 integral_mean=-0.000406 integral_std=0.007158 log_ratio=-0.9737 accept=0.3777 swapped=False
i=9 pair=(1,2) lam_t=1.04500 lam_s=1.04950 tsr_diff=0.002729 integral_mean=-0.000277 integral_std=0.007195 log_ratio=-0.6641 accept=0.5148 swapped=True
i=10 pair=(0,2) lam_t=1.00000 lam_s=1.04500 tsr_diff=0.032198 integral_mean=-0.005693 integral_std=0.097992 log_ratio=-13.6642 accept=0.0000 swapped=False
i=10 pair=(1,3) lam_t=1.04950 lam_s=1.05000 tsr_diff=0.000344 integral_mean=-0.000045 integral_std=0.000967 log_ratio=-0.1077 accept=0.8979 swapped=True
i=10 pair=(0,2) lam_t=1.00000 lam_s=1.04500 tsr_diff=0.032198 integral_mean=-0.004749 integral_std=0.089585 log_ratio=-11.3966 accept=0.0000 swapped=False
i=10 pair=(3,1) lam_t=1.04950 lam_s=1.05000 tsr_diff=0.000344 integral_mean=0.000087 integral_std=0.001077 log_ratio=0.0000 accept=1.0000 swapped=True
i=11 pair=(2,1) lam_t=1.04500 lam_s=1.04950 tsr_diff=0.003437 integral_mean=0.000481 integral_std=0.011013 log_ratio=0.0000 accept=1.0000 swapped=True
i=11 pair=(1,2) lam_t=1.04500 lam_s=1.04950 tsr_diff=0.003437 integral_mean=-0.000780 integral_std=0.011979 log_ratio=-1.8719 accept=0.1538 swapped=False
i=12 pair=(0,1) lam_t=1.00000 lam_s=1.04500 tsr_diff=0.038747 integral_mean=-0.002520 integral_std=0.162143 log_ratio=-6.0473 accept=0.0024 swapped=False
i=12 pair=(2,3) lam_t=1.04950 lam_s=1.05000 tsr_diff=0.000410 integral_mean=0.000112 integral_std=0.001642 log_ratio=0.0000 accept=1.0000 swapped=True
i=12 pair=(0,1) lam_t=1.00000 lam_s=1.04500 tsr_diff=0.038747 integral_mean=-0.000268 integral_std=0.143850 log_ratio=-0.6428 accept=0.5258 swapped=False
i=12 pair=(3,2) lam_t=1.04950 lam_s=1.05000 tsr_diff=0.000410 integral_mean=-0.000043 integral_std=0.001486 log_ratio=-0.1027 accept=0.9024 swapped=False
i=13 pair=(1,3) lam_t=1.04500 lam_s=1.04950 tsr_diff=0.003916 integral_mean=-0.000822 integral_std=0.018843 log_ratio=-1.9729 accept=0.1391 swapped=False
i=13 pair=(1,3) lam_t=1.04500 lam_s=1.04950 tsr_diff=0.003916 integral_mean=0.000192 integral_std=0.015819 log_ratio=0.0000 accept=1.0000 swapped=True
i=14 pair=(0,3) lam_t=1.00000 lam_s=1.04500 tsr_diff=0.042457 integral_mean=-0.013668 integral_std=0.507375 log_ratio=-32.8022 accept=0.0000 swapped=False
i=14 pair=(1,2) lam_t=1.04950 lam_s=1.05000 tsr_diff=0.000448 integral_mean=-0.001049 integral_std=0.009996 log_ratio=-2.5188 accept=0.0806 swapped=False
i=14 pair=(0,3) lam_t=1.00000 lam_s=1.04500 tsr_diff=0.042457 integral_mean=-0.000040 integral_std=0.320901 log_ratio=-0.0968 accept=0.9077 swapped=True
i=14 pair=(1,2) lam_t=1.04950 lam_s=1.05000 tsr_diff=0.000448 integral_mean=-0.000686 integral_std=0.006046 log_ratio=-1.6470 accept=0.1926 swapped=False
Best Sample: 1 log probability -1.161
Saved 1 samples to: logs/pointmaze-giant-navigate-v0/inference/plans/release_H400_T256_LimitsNormalizer_b1_condFalse/2026-07-17 16:47:49/39/0.png
Saved 1 samples to: logs/pointmaze-giant-navigate-v0/inference/plans/release_H400_T256_LimitsNormalizer_b1_condFalse/2026-07-17 16:47:49/39/rollout.png
i=0 pair=(0,1) lam_t=1.00000 lam_s=1.04500 tsr_diff=0.000000 integral_mean=0.000000 integral_std=0.000000 log_ratio=0.0000 accept=1.0000 swapped=True
i=0 pair=(2,3) lam_t=1.04950 lam_s=1.05000 tsr_diff=0.000000 integral_mean=0.000000 integral_std=0.000000 log_ratio=0.0000 accept=1.0000 swapped=True
i=0 pair=(1,0) lam_t=1.00000 lam_s=1.04500 tsr_diff=0.000000 integral_mean=0.000000 integral_std=0.000000 log_ratio=0.0000 accept=1.0000 swapped=True
i=0 pair=(3,2) lam_t=1.04950 lam_s=1.05000 tsr_diff=0.000000 integral_mean=0.000000 integral_std=0.000000 log_ratio=0.0000 accept=1.0000 swapped=True
i=1 pair=(1,2) lam_t=1.04500 lam_s=1.04950 tsr_diff=0.000048 integral_mean=0.000004 integral_std=0.000094 log_ratio=0.0000 accept=1.0000 swapped=True
i=1 pair=(2,1) lam_t=1.04500 lam_s=1.04950 tsr_diff=0.000048 integral_mean=0.000002 integral_std=0.000100 log_ratio=0.0000 accept=1.0000 swapped=True
i=2 pair=(0,1) lam_t=1.00000 lam_s=1.04500 tsr_diff=0.001897 integral_mean=0.000068 integral_std=0.003827 log_ratio=0.0000 accept=1.0000 swapped=True
i=2 pair=(2,3) lam_t=1.04950 lam_s=1.05000 tsr_diff=0.000021 integral_mean=0.000002 integral_std=0.000043 log_ratio=0.0000 accept=1.0000 swapped=True
i=2 pair=(1,0) lam_t=1.00000 lam_s=1.04500 tsr_diff=0.001897 integral_mean=-0.000033 integral_std=0.003710 log_ratio=-0.0782 accept=0.9248 swapped=True
i=2 pair=(3,2) lam_t=1.04950 lam_s=1.05000 tsr_diff=0.000021 integral_mean=0.000000 integral_std=0.000040 log_ratio=0.0000 accept=1.0000 swapped=True
i=3 pair=(1,2) lam_t=1.04500 lam_s=1.04950 tsr_diff=0.000416 integral_mean=0.000018 integral_std=0.000824 log_ratio=0.0000 accept=1.0000 swapped=True
i=3 pair=(2,1) lam_t=1.04500 lam_s=1.04950 tsr_diff=0.000416 integral_mean=0.000005 integral_std=0.000909 log_ratio=0.0000 accept=1.0000 swapped=True
i=4 pair=(0,1) lam_t=1.00000 lam_s=1.04500 tsr_diff=0.007228 integral_mean=-0.000961 integral_std=0.016766 log_ratio=-2.3070 accept=0.0996 swapped=False
i=4 pair=(2,3) lam_t=1.04950 lam_s=1.05000 tsr_diff=0.000080 integral_mean=0.000002 integral_std=0.000167 log_ratio=0.0000 accept=1.0000 swapped=True
i=4 pair=(0,1) lam_t=1.00000 lam_s=1.04500 tsr_diff=0.007228 integral_mean=0.000077 integral_std=0.015035 log_ratio=0.0000 accept=1.0000 swapped=True
i=4 pair=(3,2) lam_t=1.04950 lam_s=1.05000 tsr_diff=0.000080 integral_mean=-0.000002 integral_std=0.000161 log_ratio=-0.0052 accept=0.9948 swapped=True
i=5 pair=(0,2) lam_t=1.04500 lam_s=1.04950 tsr_diff=0.001076 integral_mean=0.000539 integral_std=0.003192 log_ratio=0.0000 accept=1.0000 swapped=True
i=5 pair=(2,0) lam_t=1.04500 lam_s=1.04950 tsr_diff=0.001076 integral_mean=-0.000331 integral_std=0.002718 log_ratio=-0.7954 accept=0.4514 swapped=False
i=6 pair=(1,2) lam_t=1.00000 lam_s=1.04500 tsr_diff=0.015004 integral_mean=-0.000785 integral_std=0.031724 log_ratio=-1.8849 accept=0.1518 swapped=False
i=6 pair=(0,3) lam_t=1.04950 lam_s=1.05000 tsr_diff=0.000164 integral_mean=0.000133 integral_std=0.000655 log_ratio=0.0000 accept=1.0000 swapped=True
i=6 pair=(1,2) lam_t=1.00000 lam_s=1.04500 tsr_diff=0.015004 integral_mean=-0.000424 integral_std=0.031991 log_ratio=-1.0171 accept=0.3617 swapped=True
i=6 pair=(3,0) lam_t=1.04950 lam_s=1.05000 tsr_diff=0.000164 integral_mean=-0.000092 integral_std=0.000477 log_ratio=-0.2209 accept=0.8018 swapped=True
i=7 pair=(1,0) lam_t=1.04500 lam_s=1.04950 tsr_diff=0.001897 integral_mean=-0.001775 integral_std=0.007186 log_ratio=-4.2591 accept=0.0141 swapped=False
i=7 pair=(1,0) lam_t=1.04500 lam_s=1.04950 tsr_diff=0.001897 integral_mean=-0.001284 integral_std=0.006338 log_ratio=-3.0813 accept=0.0459 swapped=False
i=8 pair=(2,1) lam_t=1.00000 lam_s=1.04500 tsr_diff=0.023831 integral_mean=-0.001642 integral_std=0.054586 log_ratio=-3.9417 accept=0.0194 swapped=False
i=8 pair=(0,3) lam_t=1.04950 lam_s=1.05000 tsr_diff=0.000257 integral_mean=0.000142 integral_std=0.000822 log_ratio=0.0000 accept=1.0000 swapped=True
i=8 pair=(2,1) lam_t=1.00000 lam_s=1.04500 tsr_diff=0.023831 integral_mean=-0.001253 integral_std=0.056009 log_ratio=-3.0078 accept=0.0494 swapped=False
i=8 pair=(3,0) lam_t=1.04950 lam_s=1.05000 tsr_diff=0.000257 integral_mean=-0.000133 integral_std=0.000772 log_ratio=-0.3193 accept=0.7267 swapped=False
i=9 pair=(1,3) lam_t=1.04500 lam_s=1.04950 tsr_diff=0.002729 integral_mean=0.000086 integral_std=0.006897 log_ratio=0.0000 accept=1.0000 swapped=True
i=9 pair=(3,1) lam_t=1.04500 lam_s=1.04950 tsr_diff=0.002729 integral_mean=-0.000065 integral_std=0.006706 log_ratio=-0.1554 accept=0.8560 swapped=True
i=10 pair=(2,1) lam_t=1.00000 lam_s=1.04500 tsr_diff=0.032198 integral_mean=0.003335 integral_std=0.093682 log_ratio=0.0000 accept=1.0000 swapped=True
i=10 pair=(3,0) lam_t=1.04950 lam_s=1.05000 tsr_diff=0.000344 integral_mean=-0.000166 integral_std=0.001181 log_ratio=-0.3974 accept=0.6720 swapped=False
i=10 pair=(1,2) lam_t=1.00000 lam_s=1.04500 tsr_diff=0.032198 integral_mean=-0.002018 integral_std=0.092632 log_ratio=-4.8443 accept=0.0079 swapped=False
i=10 pair=(3,0) lam_t=1.04950 lam_s=1.05000 tsr_diff=0.000344 integral_mean=-0.000173 integral_std=0.001128 log_ratio=-0.4164 accept=0.6594 swapped=False
i=11 pair=(2,3) lam_t=1.04500 lam_s=1.04950 tsr_diff=0.003437 integral_mean=0.000465 integral_std=0.009051 log_ratio=0.0000 accept=1.0000 swapped=True
i=11 pair=(3,2) lam_t=1.04500 lam_s=1.04950 tsr_diff=0.003437 integral_mean=-0.000367 integral_std=0.009280 log_ratio=-0.8801 accept=0.4148 swapped=True
i=12 pair=(1,2) lam_t=1.00000 lam_s=1.04500 tsr_diff=0.038747 integral_mean=-0.001296 integral_std=0.176181 log_ratio=-3.1107 accept=0.0446 swapped=False
i=12 pair=(3,0) lam_t=1.04950 lam_s=1.05000 tsr_diff=0.000410 integral_mean=-0.000254 integral_std=0.001739 log_ratio=-0.6092 accept=0.5438 swapped=True
i=12 pair=(1,2) lam_t=1.00000 lam_s=1.04500 tsr_diff=0.038747 integral_mean=-0.003072 integral_std=0.167959 log_ratio=-7.3726 accept=0.0006 swapped=False
i=12 pair=(0,3) lam_t=1.04950 lam_s=1.05000 tsr_diff=0.000410 integral_mean=0.000142 integral_std=0.001439 log_ratio=0.0000 accept=1.0000 swapped=True
i=13 pair=(2,3) lam_t=1.04500 lam_s=1.04950 tsr_diff=0.003916 integral_mean=0.000350 integral_std=0.015750 log_ratio=0.0000 accept=1.0000 swapped=True
i=13 pair=(3,2) lam_t=1.04500 lam_s=1.04950 tsr_diff=0.003916 integral_mean=-0.000700 integral_std=0.014071 log_ratio=-1.6791 accept=0.1865 swapped=True
i=14 pair=(1,2) lam_t=1.00000 lam_s=1.04500 tsr_diff=0.042457 integral_mean=-0.039376 integral_std=0.729014 log_ratio=-94.5018 accept=0.0000 swapped=False
i=14 pair=(3,0) lam_t=1.04950 lam_s=1.05000 tsr_diff=0.000448 integral_mean=-0.001536 integral_std=0.009144 log_ratio=-3.6859 accept=0.0251 swapped=False
i=14 pair=(1,2) lam_t=1.00000 lam_s=1.04500 tsr_diff=0.042457 integral_mean=-0.008370 integral_std=0.519785 log_ratio=-20.0872 accept=0.0000 swapped=False
i=14 pair=(3,0) lam_t=1.04950 lam_s=1.05000 tsr_diff=0.000448 integral_mean=-0.001434 integral_std=0.008803 log_ratio=-3.4406 accept=0.0320 swapped=False
Best Sample: 3 log probability -0.098
Saved 1 samples to: logs/pointmaze-giant-navigate-v0/inference/plans/release_H400_T256_LimitsNormalizer_b1_condFalse/2026-07-17 16:47:49/40/0.png
Saved 1 samples to: logs/pointmaze-giant-navigate-v0/inference/plans/release_H400_T256_LimitsNormalizer_b1_condFalse/2026-07-17 16:47:49/40/rollout.png
Success Rate: 50.0, Average Compute: 128.0
Exception ignored in: <function OffScreenViewer.__del__ at 0x150cc7963370>
Traceback (most recent call last):
  File "/n/home00/zoewu/.conda/envs/maze/lib/python3.10/site-packages/gymnasium/envs/mujoco/mujoco_rendering.py", line 204, in __del__
    self.free()
  File "/n/home00/zoewu/.conda/envs/maze/lib/python3.10/site-packages/gymnasium/envs/mujoco/mujoco_rendering.py", line 201, in free
    self.opengl_context.free()
  File "/n/home00/zoewu/.conda/envs/maze/lib/python3.10/site-packages/mujoco/egl/__init__.py", line 133, in free
    EGL.eglDestroyContext(EGL_DISPLAY, self._context)
  File "/n/home00/zoewu/.conda/envs/maze/lib/python3.10/site-packages/OpenGL/error.py", line 230, in glCheckError
    raise self._errorClass(
OpenGL.raw.EGL._errors.EGLError: EGLError(
	err = EGL_NOT_INITIALIZED,
	baseOperation = eglDestroyContext,
	cArguments = (
		<OpenGL._opaque.EGLDisplay_pointer object at 0x150da5bc8ec0>,
		<OpenGL._opaque.EGLContext_pointer object at 0x150cd2dbfec0>,
	),
	result = 0
)
Exception ignored in: <function GLContext.__del__ at 0x150cd1640ee0>
Traceback (most recent call last):
  File "/n/home00/zoewu/.conda/envs/maze/lib/python3.10/site-packages/mujoco/egl/__init__.py", line 138, in __del__
    self.free()
  File "/n/home00/zoewu/.conda/envs/maze/lib/python3.10/site-packages/mujoco/egl/__init__.py", line 133, in free
    EGL.eglDestroyContext(EGL_DISPLAY, self._context)
  File "/n/home00/zoewu/.conda/envs/maze/lib/python3.10/site-packages/OpenGL/error.py", line 230, in glCheckError
    raise self._errorClass(
OpenGL.raw.EGL._errors.EGLError: EGLError(
	err = EGL_NOT_INITIALIZED,
	baseOperation = eglDestroyContext,
	cArguments = (
		<OpenGL._opaque.EGLDisplay_pointer object at 0x150da5bc8ec0>,
		<OpenGL._opaque.EGLContext_pointer object at 0x150cd2dbfec0>,
	),
	result = 0
)
Exception ignored in: <function OffScreenViewer.__del__ at 0x150cc7963370>
Traceback (most recent call last):
  File "/n/home00/zoewu/.conda/envs/maze/lib/python3.10/site-packages/gymnasium/envs/mujoco/mujoco_rendering.py", line 204, in __del__
    self.free()
  File "/n/home00/zoewu/.conda/envs/maze/lib/python3.10/site-packages/gymnasium/envs/mujoco/mujoco_rendering.py", line 201, in free
    self.opengl_context.free()
  File "/n/home00/zoewu/.conda/envs/maze/lib/python3.10/site-packages/mujoco/egl/__init__.py", line 133, in free
    EGL.eglDestroyContext(EGL_DISPLAY, self._context)
  File "/n/home00/zoewu/.conda/envs/maze/lib/python3.10/site-packages/OpenGL/error.py", line 230, in glCheckError
    raise self._errorClass(
OpenGL.raw.EGL._errors.EGLError: EGLError(
	err = EGL_NOT_INITIALIZED,
	baseOperation = eglDestroyContext,
	cArguments = (
		<OpenGL._opaque.EGLDisplay_pointer object at 0x150da5bc8ec0>,
		<OpenGL._opaque.EGLContext_pointer object at 0x150cc77bd440>,
	),
	result = 0
)
Exception ignored in: <function GLContext.__del__ at 0x150cd1640ee0>
Traceback (most recent call last):
  File "/n/home00/zoewu/.conda/envs/maze/lib/python3.10/site-packages/mujoco/egl/__init__.py", line 138, in __del__
    self.free()
  File "/n/home00/zoewu/.conda/envs/maze/lib/python3.10/site-packages/mujoco/egl/__init__.py", line 133, in free
    EGL.eglDestroyContext(EGL_DISPLAY, self._context)
  File "/n/home00/zoewu/.conda/envs/maze/lib/python3.10/site-packages/OpenGL/error.py", line 230, in glCheckError
    raise self._errorClass(
OpenGL.raw.EGL._errors.EGLError: EGLError(
	err = EGL_NOT_INITIALIZED,
	baseOperation = eglDestroyContext,
	cArguments = (
		<OpenGL._opaque.EGLDisplay_pointer object at 0x150da5bc8ec0>,
		<OpenGL._opaque.EGLContext_pointer object at 0x150cc77bd440>,
	),
	result = 0
)
